entry_name,source_accession,uniprot_accession,uniprot_status,surfy_class,class_conflict,verification_bucket,census_accession,resolved_on
1A01_HUMAN,P30443,P04439,merged,surface,no,disagrees,P04439,2026-08-06
1A02_HUMAN,P01892,P04439,merged,surface,no,disagrees,P04439,2026-08-06
1A03_HUMAN,P04439,P04439,active,surface,no,agrees,P04439,2026-08-06
1A11_HUMAN,P13746,P04439,merged,surface,no,disagrees,P04439,2026-08-06
1A23_HUMAN,P30447,P04439,merged,surface,no,disagrees,P04439,2026-08-06
1A24_HUMAN,P05534,P04439,merged,surface,no,disagrees,P04439,2026-08-06
1A25_HUMAN,P18462,P04439,merged,surface,no,disagrees,P04439,2026-08-06
1A26_HUMAN,P30450,P04439,merged,surface,no,disagrees,P04439,2026-08-06
1A29_HUMAN,P30512,P04439,merged,surface,no,disagrees,P04439,2026-08-06
1A30_HUMAN,P16188,P04439,merged,surface,no,disagrees,P04439,2026-08-06
1A31_HUMAN,P16189,P04439,merged,surface,no,disagrees,P04439,2026-08-06
1A32_HUMAN,P10314,P04439,merged,surface,no,disagrees,P04439,2026-08-06
1A33_HUMAN,P16190,P04439,merged,surface,no,disagrees,P04439,2026-08-06
1A34_HUMAN,P30453,P04439,merged,surface,no,disagrees,P04439,2026-08-06
1A36_HUMAN,P30455,P04439,merged,surface,no,disagrees,P04439,2026-08-06
1A43_HUMAN,P30456,P04439,merged,surface,no,disagrees,P04439,2026-08-06
1A66_HUMAN,P30457,P04439,merged,surface,no,disagrees,P04439,2026-08-06
1A68_HUMAN,P01891,P04439,merged,surface,no,disagrees,P04439,2026-08-06
1A69_HUMAN,P10316,P04439,merged,surface,no,disagrees,P04439,2026-08-06
1A74_HUMAN,P30459,P04439,merged,surface,no,disagrees,P04439,2026-08-06
1A80_HUMAN,Q09160,P04439,merged,surface,no,disagrees,P04439,2026-08-06
1B07_HUMAN,P01889,P01889,active,surface,no,agrees,P01889,2026-08-06
1B08_HUMAN,P30460,P01889,merged,surface,no,disagrees,P01889,2026-08-06
1B13_HUMAN,P30461,P01889,merged,surface,no,disagrees,P01889,2026-08-06
1B14_HUMAN,P30462,P01889,merged,surface,no,disagrees,P01889,2026-08-06
1B15_HUMAN,P30464,P01889,merged,surface,no,disagrees,P01889,2026-08-06
1B18_HUMAN,P30466,P01889,merged,surface,no,disagrees,P01889,2026-08-06
1B27_HUMAN,P03989,P01889,merged,surface,no,disagrees,P01889,2026-08-06
1B35_HUMAN,P30685,P01889,merged,surface,no,disagrees,P01889,2026-08-06
1B37_HUMAN,P18463,P01889,merged,surface,no,disagrees,P01889,2026-08-06
1B38_HUMAN,Q95365,P01889,merged,surface,no,disagrees,P01889,2026-08-06
1B39_HUMAN,P30475,P01889,merged,surface,no,disagrees,P01889,2026-08-06
1B40_HUMAN,Q04826,P01889,merged,surface,no,disagrees,P01889,2026-08-06
1B41_HUMAN,P30479,P01889,merged,surface,no,disagrees,P01889,2026-08-06
1B42_HUMAN,P30480,P01889,merged,surface,no,disagrees,P01889,2026-08-06
1B44_HUMAN,P30481,P01889,merged,surface,no,disagrees,P01889,2026-08-06
1B45_HUMAN,P30483,P01889,merged,surface,no,disagrees,P01889,2026-08-06
1B46_HUMAN,P30484,P01889,merged,surface,no,disagrees,P01889,2026-08-06
1B47_HUMAN,P30485,P01889,merged,surface,no,disagrees,P01889,2026-08-06
1B48_HUMAN,P30486,P01889,merged,surface,no,disagrees,P01889,2026-08-06
1B49_HUMAN,P30487,P01889,merged,surface,no,disagrees,P01889,2026-08-06
1B50_HUMAN,P30488,P01889,merged,surface,no,disagrees,P01889,2026-08-06
1B51_HUMAN,P18464,P01889,merged,surface,no,disagrees,P01889,2026-08-06
1B52_HUMAN,P30490,P01889,merged,surface,no,disagrees,P01889,2026-08-06
1B53_HUMAN,P30491,P01889,merged,surface,no,disagrees,P01889,2026-08-06
1B54_HUMAN,P30492,P01889,merged,surface,no,disagrees,P01889,2026-08-06
1B55_HUMAN,P30493,P01889,merged,surface,no,disagrees,P01889,2026-08-06
1B56_HUMAN,P30495,P01889,merged,surface,no,disagrees,P01889,2026-08-06
1B57_HUMAN,P18465,P01889,merged,surface,no,disagrees,P01889,2026-08-06
1B58_HUMAN,P10319,P01889,merged,surface,no,disagrees,P01889,2026-08-06
1B59_HUMAN,Q29940,P01889,merged,surface,no,disagrees,P01889,2026-08-06
1B67_HUMAN,Q29836,P01889,merged,surface,no,disagrees,P01889,2026-08-06
1B73_HUMAN,Q31612,P01889,merged,surface,no,disagrees,P01889,2026-08-06
1B78_HUMAN,P30498,P01889,merged,surface,no,disagrees,P01889,2026-08-06
1B81_HUMAN,Q31610,P01889,merged,surface,no,disagrees,P01889,2026-08-06
1B82_HUMAN,Q29718,P01889,merged,surface,no,disagrees,P01889,2026-08-06
1C01_HUMAN,P30499,P10321,merged,surface,no,disagrees,P10321,2026-08-06
1C02_HUMAN,P30501,P10321,merged,surface,no,disagrees,P10321,2026-08-06
1C03_HUMAN,P04222,P10321,merged,surface,no,disagrees,P10321,2026-08-06
1C04_HUMAN,P30504,P10321,merged,surface,no,disagrees,P10321,2026-08-06
1C05_HUMAN,Q9TNN7,P10321,merged,surface,no,disagrees,P10321,2026-08-06
1C06_HUMAN,Q29963,P10321,merged,surface,no,disagrees,P10321,2026-08-06
1C07_HUMAN,P10321,P10321,active,surface,no,agrees,P10321,2026-08-06
1C08_HUMAN,P30505,P10321,merged,surface,no,disagrees,P10321,2026-08-06
1C12_HUMAN,P30508,P10321,merged,surface,no,disagrees,P10321,2026-08-06
1C14_HUMAN,P30510,P10321,merged,surface,no,disagrees,P10321,2026-08-06
1C15_HUMAN,Q07000,P10321,merged,surface,no,disagrees,P10321,2026-08-06
1C16_HUMAN,Q29960,P10321,merged,surface,no,disagrees,P10321,2026-08-06
1C17_HUMAN,Q95604,P10321,merged,surface,no,disagrees,P10321,2026-08-06
1C18_HUMAN,Q29865,P10321,merged,surface,no,disagrees,P10321,2026-08-06
2B11_HUMAN,P04229,P01911,merged,surface,no,disagrees,P01911,2026-08-06
2B13_HUMAN,P01912,P01911,merged,surface,no,disagrees,P01911,2026-08-06
2B14_HUMAN,P13760,P01911,merged,surface,no,disagrees,P01911,2026-08-06
2B17_HUMAN,P13761,P01911,merged,surface,no,disagrees,P01911,2026-08-06
2B18_HUMAN,Q30134,P01911,merged,surface,no,disagrees,P01911,2026-08-06
2B19_HUMAN,Q9TQE0,P01911,merged,surface,no,disagrees,P01911,2026-08-06
2B1A_HUMAN,Q30167,P01911,merged,surface,no,disagrees,P01911,2026-08-06
2B1B_HUMAN,P20039,P01911,merged,surface,no,disagrees,P01911,2026-08-06
2B1C_HUMAN,Q95IE3,P01911,merged,surface,no,disagrees,P01911,2026-08-06
2B1D_HUMAN,Q5Y7A7,P01911,merged,surface,no,disagrees,P01911,2026-08-06
2B1E_HUMAN,Q9GIY3,P01911,merged,surface,no,disagrees,P01911,2026-08-06
2B1F_HUMAN,P01911,P01911,active,surface,no,agrees,P01911,2026-08-06
2B1G_HUMAN,Q29974,P01911,merged,surface,no,disagrees,P01911,2026-08-06
3BHS1_HUMAN,P14060,P14060,active,non_surface,no,agrees,P14060,2026-08-06
3BHS2_HUMAN,P26439,P26439,active,non_surface,no,agrees,P26439,2026-08-06
3BHS7_HUMAN,Q9H2F3,Q9H2F3,active,non_surface,no,agrees,Q9H2F3,2026-08-06
4F2_HUMAN,P08195,P08195,active,surface,no,agrees,P08195,2026-08-06
5HT1A_HUMAN,P08908,P08908,active,surface,no,agrees,P08908,2026-08-06
5HT1B_HUMAN,P28222,P28222,active,surface,no,agrees,P28222,2026-08-06
5HT1D_HUMAN,P28221,P28221,active,surface,no,agrees,P28221,2026-08-06
5HT1E_HUMAN,P28566,P28566,active,surface,no,agrees,P28566,2026-08-06
5HT1F_HUMAN,P30939,P30939,active,surface,no,agrees,P30939,2026-08-06
5HT2A_HUMAN,P28223,P28223,active,surface,no,agrees,P28223,2026-08-06
5HT2B_HUMAN,P41595,P41595,active,surface,no,agrees,P41595,2026-08-06
5HT2C_HUMAN,P28335,P28335,active,surface,no,agrees,P28335,2026-08-06
5HT3A_HUMAN,P46098,P46098,active,surface,no,agrees,P46098,2026-08-06
5HT3B_HUMAN,O95264,O95264,active,surface,no,agrees,O95264,2026-08-06
5HT3C_HUMAN,Q8WXA8,Q8WXA8,active,surface,no,agrees,Q8WXA8,2026-08-06
5HT3D_HUMAN,Q70Z44,Q70Z44,active,surface,no,agrees,Q70Z44,2026-08-06
5HT3E_HUMAN,A5X5Y0,A5X5Y0,active,surface,no,agrees,A5X5Y0,2026-08-06
5HT4R_HUMAN,Q13639,Q13639,active,surface,no,agrees,Q13639,2026-08-06
5HT5A_HUMAN,P47898,P47898,active,surface,no,agrees,P47898,2026-08-06
5HT6R_HUMAN,P50406,P50406,active,surface,no,agrees,P50406,2026-08-06
5HT7R_HUMAN,P34969,P34969,active,surface,no,agrees,P34969,2026-08-06
5NT3A_HUMAN,Q9H0P0,Q9H0P0,active,unclassified,no,agrees,Q9H0P0,2026-08-06
5NTD_HUMAN,P21589,P21589,active,surface,no,agrees,P21589,2026-08-06
68MP_HUMAN,P56378,P56378,active,non_surface,no,agrees,P56378,2026-08-06
7B2_HUMAN,P05408,P05408,active,unclassified,no,agrees,P05408,2026-08-06
A1AG1_HUMAN,P02763,P02763,active,unclassified,no,agrees,P02763,2026-08-06
A1AG2_HUMAN,P19652,P19652,active,unclassified,no,agrees,P19652,2026-08-06
A1ATR_HUMAN,P20848,P20848,active,unclassified,no,agrees,P20848,2026-08-06
A1AT_HUMAN,P01009,P01009,active,unclassified,no,agrees,P01009,2026-08-06
A1BG_HUMAN,P04217,P04217,active,unclassified,no,agrees,P04217,2026-08-06
A2AP_HUMAN,P08697,P08697,active,unclassified,no,agrees,P08697,2026-08-06
A2GL_HUMAN,P02750,P02750,active,unclassified,no,agrees,P02750,2026-08-06
A2MG_HUMAN,P01023,P01023,active,unclassified,no,agrees,P01023,2026-08-06
A2ML1_HUMAN,A8K2U0,A8K2U0,active,unclassified,no,agrees,A8K2U0,2026-08-06
A4GAT_HUMAN,Q9NPC4,Q9NPC4,active,non_surface,no,agrees,Q9NPC4,2026-08-06
A4GCT_HUMAN,Q9UNA3,Q9UNA3,active,non_surface,no,agrees,Q9UNA3,2026-08-06
A4_HUMAN,P05067,P05067,active,surface,no,agrees,P05067,2026-08-06
AA1R_HUMAN,P30542,P30542,active,surface,no,agrees,P30542,2026-08-06
AA2AR_HUMAN,P29274,P29274,active,surface,no,agrees,P29274,2026-08-06
AA2BR_HUMAN,P29275,P29275,active,surface,no,agrees,P29275,2026-08-06
AA3RB_HUMAN,Q6P2N6,P0DMS9,merged,non_surface,no,disagrees,P0DMS9,2026-08-06
AA3R_HUMAN,P33765,P33765,inactive,surface,no,agrees,P33765,2026-08-06
AAA1_HUMAN,Q9NS82,Q9NS82,active,surface,no,agrees,Q9NS82,2026-08-06
AAAD_HUMAN,P22760,P22760,active,non_surface,no,agrees,P22760,2026-08-06
AAAT_HUMAN,Q15758,Q15758,active,surface,no,agrees,Q15758,2026-08-06
AACS_HUMAN,Q86V21,Q86V21,active,non_surface,no,agrees,Q86V21,2026-08-06
AACT_HUMAN,P01011,P01011,active,unclassified,no,agrees,P01011,2026-08-06
AAGAB_HUMAN,Q6PD74,Q6PD74,active,unclassified,no,agrees,Q6PD74,2026-08-06
AATM_HUMAN,P00505,P00505,active,unclassified,no,agrees,P00505,2026-08-06
AB17A_HUMAN,Q96GS6,Q96GS6,active,unclassified,no,agrees,Q96GS6,2026-08-06
AB17B_HUMAN,Q5VST6,Q5VST6,active,unclassified,no,agrees,Q5VST6,2026-08-06
ABCA1_HUMAN,O95477,O95477,active,surface,no,agrees,O95477,2026-08-06
ABCA2_HUMAN,Q9BZC7,Q9BZC7,active,surface,no,agrees,Q9BZC7,2026-08-06
ABCA3_HUMAN,Q99758,Q99758,active,surface,no,agrees,Q99758,2026-08-06
ABCA4_HUMAN,P78363,P78363,active,surface,no,agrees,P78363,2026-08-06
ABCA5_HUMAN,Q8WWZ7,Q8WWZ7,active,surface,no,agrees,Q8WWZ7,2026-08-06
ABCA6_HUMAN,Q8N139,Q8N139,active,surface,no,agrees,Q8N139,2026-08-06
ABCA7_HUMAN,Q8IZY2,Q8IZY2,active,surface,no,agrees,Q8IZY2,2026-08-06
ABCA8_HUMAN,O94911,O94911,active,surface,no,agrees,O94911,2026-08-06
ABCA9_HUMAN,Q8IUA7,Q8IUA7,active,surface,no,agrees,Q8IUA7,2026-08-06
ABCAA_HUMAN,Q8WWZ4,Q8WWZ4,active,unclassified,no,agrees,Q8WWZ4,2026-08-06
ABCAC_HUMAN,Q86UK0,Q86UK0,active,surface,no,agrees,Q86UK0,2026-08-06
ABCAD_HUMAN,Q86UQ4,Q86UQ4,active,surface,no,agrees,Q86UQ4,2026-08-06
ABCB5_HUMAN,Q2M3G0,Q2M3G0,active,surface,no,agrees,Q2M3G0,2026-08-06
ABCB6_HUMAN,Q9NP58,Q9NP58,active,unclassified,no,agrees,Q9NP58,2026-08-06
ABCB7_HUMAN,O75027,O75027,active,non_surface,no,agrees,O75027,2026-08-06
ABCB8_HUMAN,Q9NUT2,Q9NUT2,active,non_surface,no,agrees,Q9NUT2,2026-08-06
ABCB9_HUMAN,Q9NP78,Q9NP78,active,surface,no,agrees,Q9NP78,2026-08-06
ABCBA_HUMAN,Q9NRK6,Q9NRK6,active,non_surface,no,agrees,Q9NRK6,2026-08-06
ABCBB_HUMAN,O95342,O95342,active,surface,no,agrees,O95342,2026-08-06
ABCC8_HUMAN,Q09428,Q09428,active,unclassified,no,agrees,Q09428,2026-08-06
ABCC9_HUMAN,O60706,O60706,active,surface,no,agrees,O60706,2026-08-06
ABCCB_HUMAN,Q96J66,Q96J66,active,surface,no,agrees,Q96J66,2026-08-06
ABCCD_HUMAN,Q9NSE7,Q9NSE7,inactive,non_surface,no,agrees,Q9NSE7,2026-08-06
ABCD1_HUMAN,P33897,P33897,active,non_surface,no,agrees,P33897,2026-08-06
ABCD2_HUMAN,Q9UBJ2,Q9UBJ2,active,non_surface,no,agrees,Q9UBJ2,2026-08-06
ABCD3_HUMAN,P28288,P28288,active,non_surface,no,agrees,P28288,2026-08-06
ABCD4_HUMAN,O14678,O14678,active,non_surface,no,agrees,O14678,2026-08-06
ABCG1_HUMAN,P45844,P45844,active,non_surface,no,agrees,P45844,2026-08-06
ABCG2_HUMAN,Q9UNQ0,Q9UNQ0,active,surface,no,agrees,Q9UNQ0,2026-08-06
ABCG4_HUMAN,Q9H172,Q9H172,active,surface,no,agrees,Q9H172,2026-08-06
ABCG5_HUMAN,Q9H222,Q9H222,active,surface,no,agrees,Q9H222,2026-08-06
ABCG8_HUMAN,Q9H221,Q9H221,active,unclassified,no,agrees,Q9H221,2026-08-06
ABD12_HUMAN,Q8N2K0,Q8N2K0,active,non_surface,no,agrees,Q8N2K0,2026-08-06
ABH15_HUMAN,Q6UXT9,Q6UXT9,active,unclassified,no,agrees,Q6UXT9,2026-08-06
ABHD1_HUMAN,Q96SE0,Q96SE0,active,non_surface,no,agrees,Q96SE0,2026-08-06
ABHD2_HUMAN,P08910,P08910,active,non_surface,no,agrees,P08910,2026-08-06
ABHD3_HUMAN,Q8WU67,Q8WU67,active,non_surface,no,agrees,Q8WU67,2026-08-06
ABHD6_HUMAN,Q9BV23,Q9BV23,active,non_surface,no,agrees,Q9BV23,2026-08-06
ABHDA_HUMAN,Q9NUJ1,Q9NUJ1,active,unclassified,no,agrees,Q9NUJ1,2026-08-06
ABHDD_HUMAN,Q7L211,Q7L211,active,non_surface,no,agrees,Q7L211,2026-08-06
ABHEA_HUMAN,Q9BUJ0,Q9BUJ0,active,non_surface,no,agrees,Q9BUJ0,2026-08-06
ABHGA_HUMAN,O95870,O95870,active,non_surface,no,agrees,O95870,2026-08-06
ABLM1_HUMAN,O14639,O14639,active,unclassified,no,agrees,O14639,2026-08-06
ACACB_HUMAN,O00763,O00763,active,unclassified,no,agrees,O00763,2026-08-06
ACAD9_HUMAN,Q9H845,Q9H845,active,unclassified,no,agrees,Q9H845,2026-08-06
ACADS_HUMAN,P16219,P16219,active,unclassified,no,agrees,P16219,2026-08-06
ACATN_HUMAN,O00400,O00400,active,surface,no,agrees,O00400,2026-08-06
ACBD5_HUMAN,Q5T8D3,Q5T8D3,active,non_surface,no,agrees,Q5T8D3,2026-08-06
ACD10_HUMAN,Q6JQN1,Q6JQN1,active,non_surface,no,agrees,Q6JQN1,2026-08-06
ACE2_HUMAN,Q9BYF1,Q9BYF1,active,surface,no,agrees,Q9BYF1,2026-08-06
ACER1_HUMAN,Q8TDN7,Q8TDN7,active,non_surface,no,agrees,Q8TDN7,2026-08-06
ACER2_HUMAN,Q5QJU3,Q5QJU3,active,non_surface,no,agrees,Q5QJU3,2026-08-06
ACER3_HUMAN,Q9NUN7,Q9NUN7,active,unclassified,no,agrees,Q9NUN7,2026-08-06
ACES_HUMAN,P22303,P22303,active,surface,no,agrees,P22303,2026-08-06
ACE_HUMAN,P12821,P12821,active,surface,no,agrees,P12821,2026-08-06
ACH10_HUMAN,Q9GZZ6,Q9GZZ6,active,surface,no,agrees,Q9GZZ6,2026-08-06
ACHA2_HUMAN,Q15822,Q15822,active,surface,no,agrees,Q15822,2026-08-06
ACHA3_HUMAN,P32297,P32297,active,surface,no,agrees,P32297,2026-08-06
ACHA4_HUMAN,P43681,P43681,active,surface,no,agrees,P43681,2026-08-06
ACHA5_HUMAN,P30532,P30532,active,surface,no,agrees,P30532,2026-08-06
ACHA6_HUMAN,Q15825,Q15825,active,surface,no,agrees,Q15825,2026-08-06
ACHA7_HUMAN,P36544,P36544,active,surface,no,agrees,P36544,2026-08-06
ACHA9_HUMAN,Q9UGM1,Q9UGM1,active,surface,no,agrees,Q9UGM1,2026-08-06
ACHA_HUMAN,P02708,P02708,active,surface,no,agrees,P02708,2026-08-06
ACHB2_HUMAN,P17787,P17787,active,surface,no,agrees,P17787,2026-08-06
ACHB3_HUMAN,Q05901,Q05901,active,surface,no,agrees,Q05901,2026-08-06
ACHB4_HUMAN,P30926,P30926,active,surface,no,agrees,P30926,2026-08-06
ACHB_HUMAN,P11230,P11230,active,surface,no,agrees,P11230,2026-08-06
ACHD_HUMAN,Q07001,Q07001,active,surface,no,agrees,Q07001,2026-08-06
ACHE_HUMAN,Q04844,Q04844,active,surface,no,agrees,Q04844,2026-08-06
ACHG_HUMAN,P07510,P07510,active,surface,no,agrees,P07510,2026-08-06
ACKR1_HUMAN,Q16570,Q16570,active,surface,no,agrees,Q16570,2026-08-06
ACKR2_HUMAN,O00590,O00590,active,surface,no,agrees,O00590,2026-08-06
ACKR3_HUMAN,P25106,P25106,active,surface,no,agrees,P25106,2026-08-06
ACKR4_HUMAN,Q9NPB9,Q9NPB9,active,surface,no,agrees,Q9NPB9,2026-08-06
ACL10_HUMAN,Q5JWF8,Q5JWF8,active,unclassified,no,agrees,Q5JWF8,2026-08-06
ACM1_HUMAN,P11229,P11229,active,surface,no,agrees,P11229,2026-08-06
ACM2_HUMAN,P08172,P08172,active,surface,no,agrees,P08172,2026-08-06
ACM3_HUMAN,P20309,P20309,active,surface,no,agrees,P20309,2026-08-06
ACM4_HUMAN,P08173,P08173,active,surface,no,agrees,P08173,2026-08-06
ACM5_HUMAN,P08912,P08912,active,surface,no,agrees,P08912,2026-08-06
ACMSD_HUMAN,Q8TDX5,Q8TDX5,active,non_surface,no,agrees,Q8TDX5,2026-08-06
ACOD_HUMAN,O00767,O00767,active,non_surface,no,agrees,O00767,2026-08-06
ACOT9_HUMAN,Q9Y305,Q9Y305,active,unclassified,no,agrees,Q9Y305,2026-08-06
ACPH_HUMAN,P13798,P13798,active,non_surface,no,agrees,P13798,2026-08-06
ACPM_HUMAN,O14561,O14561,active,unclassified,no,agrees,O14561,2026-08-06
ACRBP_HUMAN,Q8NEB7,Q8NEB7,active,unclassified,no,agrees,Q8NEB7,2026-08-06
ACRO_HUMAN,P10323,P10323,active,unclassified,no,agrees,P10323,2026-08-06
ACS2B_HUMAN,Q68CK6,Q68CK6,active,non_surface,no,agrees,Q68CK6,2026-08-06
ACSF2_HUMAN,Q96CM8,Q96CM8,active,unclassified,no,agrees,Q96CM8,2026-08-06
ACSL1_HUMAN,P33121,P33121,active,non_surface,no,agrees,P33121,2026-08-06
ACSL3_HUMAN,O95573,O95573,active,non_surface,no,agrees,O95573,2026-08-06
ACSL4_HUMAN,O60488,O60488,active,non_surface,no,agrees,O60488,2026-08-06
ACSL5_HUMAN,Q9ULC5,Q9ULC5,active,non_surface,no,agrees,Q9ULC5,2026-08-06
ACSL6_HUMAN,Q9UKU0,Q9UKU0,active,non_surface,no,agrees,Q9UKU0,2026-08-06
ACSM1_HUMAN,Q08AH1,Q08AH1,active,non_surface,no,agrees,Q08AH1,2026-08-06
ACSM3_HUMAN,Q53FZ2,Q53FZ2,active,unclassified,no,agrees,Q53FZ2,2026-08-06
ACTHR_HUMAN,Q01718,Q01718,active,surface,no,agrees,Q01718,2026-08-06
ACV1B_HUMAN,P36896,P36896,active,surface,no,agrees,P36896,2026-08-06
ACV1C_HUMAN,Q8NER5,Q8NER5,active,surface,no,agrees,Q8NER5,2026-08-06
ACVL1_HUMAN,P37023,P37023,active,surface,no,agrees,P37023,2026-08-06
ACVR1_HUMAN,Q04771,Q04771,active,surface,no,agrees,Q04771,2026-08-06
ADA10_HUMAN,O14672,O14672,active,surface,no,agrees,O14672,2026-08-06
ADA11_HUMAN,O75078,O75078,active,surface,no,agrees,O75078,2026-08-06
ADA12_HUMAN,O43184,O43184,active,surface,no,agrees,O43184,2026-08-06
ADA15_HUMAN,Q13444,Q13444,active,surface,no,agrees,Q13444,2026-08-06
ADA17_HUMAN,P78536,P78536,active,surface,no,agrees,P78536,2026-08-06
ADA18_HUMAN,Q9Y3Q7,Q9Y3Q7,active,surface,no,agrees,Q9Y3Q7,2026-08-06
ADA19_HUMAN,Q9H013,Q9H013,active,surface,no,agrees,Q9H013,2026-08-06
ADA1A_HUMAN,P35348,P35348,active,surface,no,agrees,P35348,2026-08-06
ADA1B_HUMAN,P35368,P35368,active,surface,no,agrees,P35368,2026-08-06
ADA1D_HUMAN,P25100,P25100,active,surface,no,agrees,P25100,2026-08-06
ADA20_HUMAN,O43506,O43506,active,surface,no,agrees,O43506,2026-08-06
ADA21_HUMAN,Q9UKJ8,Q9UKJ8,active,surface,no,agrees,Q9UKJ8,2026-08-06
ADA22_HUMAN,Q9P0K1,Q9P0K1,active,surface,no,agrees,Q9P0K1,2026-08-06
ADA23_HUMAN,O75077,O75077,active,surface,no,agrees,O75077,2026-08-06
ADA28_HUMAN,Q9UKQ2,Q9UKQ2,active,surface,no,agrees,Q9UKQ2,2026-08-06
ADA29_HUMAN,Q9UKF5,Q9UKF5,active,surface,no,agrees,Q9UKF5,2026-08-06
ADA2A_HUMAN,P08913,P08913,active,surface,no,agrees,P08913,2026-08-06
ADA2B_HUMAN,P18089,P18089,active,surface,no,agrees,P18089,2026-08-06
ADA2C_HUMAN,P18825,P18825,active,surface,no,agrees,P18825,2026-08-06
ADA30_HUMAN,Q9UKF2,Q9UKF2,active,surface,no,agrees,Q9UKF2,2026-08-06
ADA32_HUMAN,Q8TC27,Q8TC27,active,surface,no,agrees,Q8TC27,2026-08-06
ADA33_HUMAN,Q9BZ11,Q9BZ11,active,surface,no,agrees,Q9BZ11,2026-08-06
ADAM2_HUMAN,Q99965,Q99965,active,surface,no,agrees,Q99965,2026-08-06
ADAM7_HUMAN,Q9H2U9,Q9H2U9,active,surface,no,agrees,Q9H2U9,2026-08-06
ADAM8_HUMAN,P78325,P78325,active,surface,no,agrees,P78325,2026-08-06
ADAM9_HUMAN,Q13443,Q13443,active,surface,no,agrees,Q13443,2026-08-06
ADAP1_HUMAN,O75689,O75689,active,non_surface,no,agrees,O75689,2026-08-06
ADAS_HUMAN,O00116,O00116,active,unclassified,no,agrees,O00116,2026-08-06
ADCK1_HUMAN,Q86TW2,Q86TW2,active,unclassified,no,agrees,Q86TW2,2026-08-06
ADCK2_HUMAN,Q7Z695,Q7Z695,active,non_surface,no,agrees,Q7Z695,2026-08-06
ADCK4_HUMAN,Q96D53,Q96D53,active,non_surface,no,agrees,Q96D53,2026-08-06
ADCK5_HUMAN,Q3MIX3,Q3MIX3,active,non_surface,no,agrees,Q3MIX3,2026-08-06
ADCL2_HUMAN,Q6P093,Q6P093,active,unclassified,no,agrees,Q6P093,2026-08-06
ADCL4_HUMAN,Q5VUY2,Q5VUY2,active,non_surface,no,agrees,Q5VUY2,2026-08-06
ADCY1_HUMAN,Q08828,Q08828,active,unclassified,no,agrees,Q08828,2026-08-06
ADCY2_HUMAN,Q08462,Q08462,active,surface,no,agrees,Q08462,2026-08-06
ADCY3_HUMAN,O60266,O60266,active,surface,no,agrees,O60266,2026-08-06
ADCY4_HUMAN,Q8NFM4,Q8NFM4,active,unclassified,no,agrees,Q8NFM4,2026-08-06
ADCY5_HUMAN,O95622,O95622,active,surface,no,agrees,O95622,2026-08-06
ADCY6_HUMAN,O43306,O43306,active,surface,no,agrees,O43306,2026-08-06
ADCY7_HUMAN,P51828,P51828,active,surface,no,agrees,P51828,2026-08-06
ADCY8_HUMAN,P40145,P40145,active,unclassified,no,agrees,P40145,2026-08-06
ADCY9_HUMAN,O60503,O60503,active,surface,no,agrees,O60503,2026-08-06
ADCYA_HUMAN,Q96PN6,Q96PN6,active,non_surface,no,agrees,Q96PN6,2026-08-06
ADEC1_HUMAN,O15204,O15204,active,unclassified,no,agrees,O15204,2026-08-06
ADIG_HUMAN,Q0VDE8,Q0VDE8,active,non_surface,no,agrees,Q0VDE8,2026-08-06
ADIPL_HUMAN,Q5T7M4,Q5T7M4,active,unclassified,no,agrees,Q5T7M4,2026-08-06
ADIPO_HUMAN,Q15848,Q15848,active,unclassified,no,agrees,Q15848,2026-08-06
ADM2_HUMAN,Q7Z4H4,Q7Z4H4,active,unclassified,no,agrees,Q7Z4H4,2026-08-06
ADM5_HUMAN,C9JUS6,C9JUS6,active,unclassified,no,agrees,C9JUS6,2026-08-06
ADML_HUMAN,P35318,P35318,active,unclassified,no,agrees,P35318,2026-08-06
ADPGK_HUMAN,Q9BRR6,Q9BRR6,active,unclassified,no,agrees,Q9BRR6,2026-08-06
ADPRH_HUMAN,P54922,P54922,active,unclassified,no,agrees,P54922,2026-08-06
ADR1_HUMAN,Q96A54,Q96A54,active,non_surface,no,agrees,Q96A54,2026-08-06
ADR2_HUMAN,Q86V24,Q86V24,active,surface,no,agrees,Q86V24,2026-08-06
ADRB1_HUMAN,P08588,P08588,active,surface,no,agrees,P08588,2026-08-06
ADRB2_HUMAN,P07550,P07550,active,surface,no,agrees,P07550,2026-08-06
ADRB3_HUMAN,P13945,P13945,active,surface,no,agrees,P13945,2026-08-06
ADRM1_HUMAN,Q16186,Q16186,active,unclassified,no,agrees,Q16186,2026-08-06
ADT1_HUMAN,P12235,P12235,active,non_surface,no,agrees,P12235,2026-08-06
ADT2_HUMAN,P05141,P05141,active,non_surface,no,agrees,P05141,2026-08-06
ADT3_HUMAN,P12236,P12236,active,non_surface,no,agrees,P12236,2026-08-06
ADT4_HUMAN,Q9H0C2,Q9H0C2,active,non_surface,no,agrees,Q9H0C2,2026-08-06
ADTRP_HUMAN,Q96IZ2,Q96IZ2,active,non_surface,no,agrees,Q96IZ2,2026-08-06
AEBP1_HUMAN,Q8IUX7,Q8IUX7,active,unclassified,no,agrees,Q8IUX7,2026-08-06
AEGP_HUMAN,Q6UXC1,Q6UXC1,active,surface,no,agrees,Q6UXC1,2026-08-06
AFAM_HUMAN,P43652,P43652,active,unclassified,no,agrees,P43652,2026-08-06
AFG32_HUMAN,Q9Y4W6,Q9Y4W6,active,non_surface,no,agrees,Q9Y4W6,2026-08-06
AG10A_HUMAN,Q5BKT4,Q5BKT4,active,non_surface,no,agrees,Q5BKT4,2026-08-06
AG10B_HUMAN,Q5I7T1,Q5I7T1,active,non_surface,no,agrees,Q5I7T1,2026-08-06
AGAL_HUMAN,P06280,P06280,active,unclassified,no,agrees,P06280,2026-08-06
AGK_HUMAN,Q53H12,Q53H12,active,unclassified,no,agrees,Q53H12,2026-08-06
AGR2_HUMAN,O95994,O95994,active,unclassified,no,agrees,O95994,2026-08-06
AGR3_HUMAN,Q8TD06,Q8TD06,active,unclassified,no,agrees,Q8TD06,2026-08-06
AGRIN_HUMAN,O00468,O00468,active,unclassified,no,agrees,O00468,2026-08-06
AGRP_HUMAN,O00253,O00253,active,unclassified,no,agrees,O00253,2026-08-06
AGTR1_HUMAN,P30556,P30556,active,surface,no,agrees,P30556,2026-08-06
AGTR2_HUMAN,P50052,P50052,active,surface,no,agrees,P50052,2026-08-06
AIFM1_HUMAN,O95831,O95831,active,non_surface,no,agrees,O95831,2026-08-06
AIG1_HUMAN,Q9NVV5,Q9NVV5,active,non_surface,no,agrees,Q9NVV5,2026-08-06
AJAP1_HUMAN,Q9UKB5,Q9UKB5,active,surface,no,agrees,Q9UKB5,2026-08-06
AKAP1_HUMAN,Q92667,Q92667,active,non_surface,no,agrees,Q92667,2026-08-06
AL1B1_HUMAN,P30837,P30837,active,unclassified,no,agrees,P30837,2026-08-06
AL2CL_HUMAN,Q60I27,Q60I27,active,non_surface,no,agrees,Q60I27,2026-08-06
AL3A2_HUMAN,P51648,P51648,active,non_surface,no,agrees,P51648,2026-08-06
AL3B2_HUMAN,P48448,P48448,active,non_surface,no,agrees,P48448,2026-08-06
AL5AP_HUMAN,P20292,P20292,active,non_surface,no,agrees,P20292,2026-08-06
ALBU_HUMAN,P02768,P02768,active,unclassified,no,agrees,P02768,2026-08-06
ALDH2_HUMAN,P05091,P05091,active,unclassified,no,agrees,P05091,2026-08-06
ALG11_HUMAN,Q2TAA5,Q2TAA5,active,non_surface,no,agrees,Q2TAA5,2026-08-06
ALG12_HUMAN,Q9BV10,Q9BV10,active,non_surface,no,agrees,Q9BV10,2026-08-06
ALG14_HUMAN,Q96F25,Q96F25,active,non_surface,no,agrees,Q96F25,2026-08-06
ALG1_HUMAN,Q9BT22,Q9BT22,active,non_surface,no,agrees,Q9BT22,2026-08-06
ALG3_HUMAN,Q92685,Q92685,active,non_surface,no,agrees,Q92685,2026-08-06
ALG5_HUMAN,Q9Y673,Q9Y673,active,non_surface,no,agrees,Q9Y673,2026-08-06
ALG6_HUMAN,Q9Y672,Q9Y672,active,non_surface,no,agrees,Q9Y672,2026-08-06
ALG8_HUMAN,Q9BVK2,Q9BVK2,active,non_surface,no,agrees,Q9BVK2,2026-08-06
ALG9_HUMAN,Q9H6U8,Q9H6U8,active,unclassified,no,agrees,Q9H6U8,2026-08-06
ALKB1_HUMAN,Q13686,Q13686,active,unclassified,no,agrees,Q13686,2026-08-06
ALKB5_HUMAN,Q6P6C2,Q6P6C2,active,unclassified,no,agrees,Q6P6C2,2026-08-06
ALKB7_HUMAN,Q9BT30,Q9BT30,active,unclassified,no,agrees,Q9BT30,2026-08-06
ALKMO_HUMAN,Q6ZNB7,Q6ZNB7,active,non_surface,no,agrees,Q6ZNB7,2026-08-06
ALK_HUMAN,Q9UM73,Q9UM73,active,surface,no,agrees,Q9UM73,2026-08-06
ALS_HUMAN,P35858,P35858,active,unclassified,no,agrees,P35858,2026-08-06
AMACR_HUMAN,Q9UHK6,Q9UHK6,active,non_surface,no,agrees,Q9UHK6,2026-08-06
AMBN_HUMAN,Q9NP70,Q9NP70,active,unclassified,no,agrees,Q9NP70,2026-08-06
AMBP_HUMAN,P02760,P02760,active,unclassified,no,agrees,P02760,2026-08-06
AMD_HUMAN,P19021,P19021,active,surface,no,agrees,P19021,2026-08-06
AMELX_HUMAN,Q99217,Q99217,active,unclassified,no,agrees,Q99217,2026-08-06
AMELY_HUMAN,Q99218,Q99218,active,unclassified,no,agrees,Q99218,2026-08-06
AMFR_HUMAN,Q9UKV5,Q9UKV5,active,non_surface,no,agrees,Q9UKV5,2026-08-06
AMGO1_HUMAN,Q86WK6,Q86WK6,active,surface,no,agrees,Q86WK6,2026-08-06
AMGO2_HUMAN,Q86SJ2,Q86SJ2,active,surface,no,agrees,Q86SJ2,2026-08-06
AMGO3_HUMAN,Q86WK7,Q86WK7,active,surface,no,agrees,Q86WK7,2026-08-06
AMHR2_HUMAN,Q16671,Q16671,active,surface,no,agrees,Q16671,2026-08-06
AMNLS_HUMAN,Q9BXJ7,Q9BXJ7,active,surface,no,agrees,Q9BXJ7,2026-08-06
AMPD1_HUMAN,P23109,P23109,active,unclassified,no,agrees,P23109,2026-08-06
AMPE_HUMAN,Q07075,Q07075,active,surface,no,agrees,Q07075,2026-08-06
AMPN_HUMAN,P15144,P15144,active,surface,no,agrees,P15144,2026-08-06
AMPQ_HUMAN,Q6Q4G3,Q6Q4G3,active,unclassified,no,agrees,Q6Q4G3,2026-08-06
AMRP_HUMAN,P30533,P30533,active,unclassified,no,agrees,P30533,2026-08-06
AMTN_HUMAN,Q6UX39,Q6UX39,active,unclassified,no,agrees,Q6UX39,2026-08-06
AMY1_HUMAN,P04745,P04745,inactive,unclassified,no,agrees,P04745,2026-08-06
AMY2B_HUMAN,P19961,P19961,active,unclassified,no,agrees,P19961,2026-08-06
AMYP_HUMAN,P04746,P04746,active,unclassified,no,agrees,P04746,2026-08-06
ANAG_HUMAN,P54802,P54802,active,unclassified,no,agrees,P54802,2026-08-06
ANDR_HUMAN,P10275,P10275,active,non_surface,no,agrees,P10275,2026-08-06
ANFB_HUMAN,P16860,P16860,active,unclassified,no,agrees,P16860,2026-08-06
ANFC_HUMAN,P23582,P23582,active,unclassified,no,agrees,P23582,2026-08-06
ANF_HUMAN,P01160,P01160,active,unclassified,no,agrees,P01160,2026-08-06
ANGE1_HUMAN,Q9UNK9,Q9UNK9,active,unclassified,no,agrees,Q9UNK9,2026-08-06
ANGI_HUMAN,P03950,P03950,active,unclassified,no,agrees,P03950,2026-08-06
ANGL1_HUMAN,O95841,O95841,active,unclassified,no,agrees,O95841,2026-08-06
ANGL2_HUMAN,Q9UKU9,Q9UKU9,active,unclassified,no,agrees,Q9UKU9,2026-08-06
ANGL3_HUMAN,Q9Y5C1,Q9Y5C1,active,unclassified,no,agrees,Q9Y5C1,2026-08-06
ANGL4_HUMAN,Q9BY76,Q9BY76,active,unclassified,no,agrees,Q9BY76,2026-08-06
ANGL5_HUMAN,Q86XS5,Q86XS5,active,unclassified,no,agrees,Q86XS5,2026-08-06
ANGL6_HUMAN,Q8NI99,Q8NI99,active,unclassified,no,agrees,Q8NI99,2026-08-06
ANGL7_HUMAN,O43827,O43827,active,unclassified,no,agrees,O43827,2026-08-06
ANGP1_HUMAN,Q15389,Q15389,active,unclassified,no,agrees,Q15389,2026-08-06
ANGP2_HUMAN,O15123,O15123,active,unclassified,no,agrees,O15123,2026-08-06
ANGP4_HUMAN,Q9Y264,Q9Y264,active,unclassified,no,agrees,Q9Y264,2026-08-06
ANGT_HUMAN,P01019,P01019,active,unclassified,no,agrees,P01019,2026-08-06
ANKAR_HUMAN,Q7Z5J8,Q7Z5J8,active,non_surface,no,agrees,Q7Z5J8,2026-08-06
ANKH_HUMAN,Q9HCJ1,Q9HCJ1,active,surface,no,agrees,Q9HCJ1,2026-08-06
ANKL2_HUMAN,Q86XL3,Q86XL3,active,non_surface,no,agrees,Q86XL3,2026-08-06
ANO10_HUMAN,Q9NW15,Q9NW15,active,non_surface,no,agrees,Q9NW15,2026-08-06
ANO1_HUMAN,Q5XXA6,Q5XXA6,active,surface,no,agrees,Q5XXA6,2026-08-06
ANO2_HUMAN,Q9NQ90,Q9NQ90,active,surface,no,agrees,Q9NQ90,2026-08-06
ANO3_HUMAN,Q9BYT9,Q9BYT9,active,surface,no,agrees,Q9BYT9,2026-08-06
ANO4_HUMAN,Q32M45,Q32M45,active,unclassified,no,agrees,Q32M45,2026-08-06
ANO5_HUMAN,Q75V66,Q75V66,active,surface,no,agrees,Q75V66,2026-08-06
ANO6_HUMAN,Q4KMQ2,Q4KMQ2,active,surface,no,agrees,Q4KMQ2,2026-08-06
ANO7_HUMAN,Q6IWH7,Q6IWH7,active,surface,no,agrees,Q6IWH7,2026-08-06
ANO8_HUMAN,Q9HCE9,Q9HCE9,active,unclassified,no,agrees,Q9HCE9,2026-08-06
ANO9_HUMAN,A1A5B4,A1A5B4,active,surface,no,agrees,A1A5B4,2026-08-06
ANPRA_HUMAN,P16066,P16066,active,surface,no,agrees,P16066,2026-08-06
ANPRB_HUMAN,P20594,P20594,active,surface,no,agrees,P20594,2026-08-06
ANPRC_HUMAN,P17342,P17342,active,surface,no,agrees,P17342,2026-08-06
ANR22_HUMAN,Q5VYY1,Q5VYY1,active,unclassified,no,agrees,Q5VYY1,2026-08-06
ANR32_HUMAN,Q9BQI6,Q9BQI6,active,non_surface,no,agrees,Q9BQI6,2026-08-06
ANR46_HUMAN,Q86W74,Q86W74,active,non_surface,no,agrees,Q86W74,2026-08-06
ANR60_HUMAN,Q9BZ19,Q9BZ19,active,unclassified,no,agrees,Q9BZ19,2026-08-06
ANT3_HUMAN,P01008,P01008,active,unclassified,no,agrees,P01008,2026-08-06
ANTR1_HUMAN,Q9H6X2,Q9H6X2,active,surface,no,agrees,Q9H6X2,2026-08-06
ANTR2_HUMAN,P58335,P58335,active,surface,no,agrees,P58335,2026-08-06
ANTRL_HUMAN,A6NF34,A6NF34,active,surface,no,agrees,A6NF34,2026-08-06
AOAH_HUMAN,P28039,P28039,active,unclassified,no,agrees,P28039,2026-08-06
AOC1_HUMAN,P19801,P19801,active,unclassified,no,agrees,P19801,2026-08-06
AOC2_HUMAN,O75106,O75106,active,unclassified,no,agrees,O75106,2026-08-06
AOC3_HUMAN,Q16853,Q16853,active,surface,no,agrees,Q16853,2026-08-06
AOFA_HUMAN,P21397,P21397,active,non_surface,no,agrees,P21397,2026-08-06
AOFB_HUMAN,P27338,P27338,active,non_surface,no,agrees,P27338,2026-08-06
AP4AT_HUMAN,Q96N21,Q96N21,active,non_surface,no,agrees,Q96N21,2026-08-06
APC1_HUMAN,Q9H1A4,Q9H1A4,active,non_surface,no,agrees,Q9H1A4,2026-08-06
APCD1_HUMAN,Q8J025,Q8J025,active,surface,no,agrees,Q8J025,2026-08-06
APCDL_HUMAN,Q8NCL9,Q8NCL9,active,unclassified,no,agrees,Q8NCL9,2026-08-06
APEL_HUMAN,Q9ULZ1,Q9ULZ1,active,unclassified,no,agrees,Q9ULZ1,2026-08-06
APH1A_HUMAN,Q96BI3,Q96BI3,active,non_surface,no,agrees,Q96BI3,2026-08-06
APH1B_HUMAN,Q8WW43,Q8WW43,active,non_surface,no,agrees,Q8WW43,2026-08-06
APJ_HUMAN,P35414,P35414,active,surface,no,agrees,P35414,2026-08-06
APLD1_HUMAN,Q96LR9,Q96LR9,active,non_surface,no,agrees,Q96LR9,2026-08-06
APLP1_HUMAN,P51693,P51693,active,surface,no,agrees,P51693,2026-08-06
APLP2_HUMAN,Q06481,Q06481,active,surface,no,agrees,Q06481,2026-08-06
APMAP_HUMAN,Q9HDC9,Q9HDC9,active,unclassified,no,agrees,Q9HDC9,2026-08-06
APOA1_HUMAN,P02647,P02647,active,unclassified,no,agrees,P02647,2026-08-06
APOA2_HUMAN,P02652,P02652,active,unclassified,no,agrees,P02652,2026-08-06
APOA4_HUMAN,P06727,P06727,active,unclassified,no,agrees,P06727,2026-08-06
APOA5_HUMAN,Q6Q788,Q6Q788,active,unclassified,no,agrees,Q6Q788,2026-08-06
APOA_HUMAN,P08519,P08519,active,unclassified,no,agrees,P08519,2026-08-06
APOB_HUMAN,P04114,P04114,active,unclassified,no,agrees,P04114,2026-08-06
APOC1_HUMAN,P02654,P02654,active,unclassified,no,agrees,P02654,2026-08-06
APOC2_HUMAN,P02655,P02655,active,unclassified,no,agrees,P02655,2026-08-06
APOC3_HUMAN,P02656,P02656,active,unclassified,no,agrees,P02656,2026-08-06
APOC4_HUMAN,P55056,P55056,active,unclassified,no,agrees,P55056,2026-08-06
APOD_HUMAN,P05090,P05090,active,unclassified,no,agrees,P05090,2026-08-06
APOE_HUMAN,P02649,P02649,active,unclassified,no,agrees,P02649,2026-08-06
APOF_HUMAN,Q13790,Q13790,active,unclassified,no,agrees,Q13790,2026-08-06
APOH_HUMAN,P02749,P02749,active,unclassified,no,agrees,P02749,2026-08-06
APOL1_HUMAN,O14791,O14791,active,unclassified,no,agrees,O14791,2026-08-06
APOL2_HUMAN,Q9BQE5,Q9BQE5,active,non_surface,no,agrees,Q9BQE5,2026-08-06
APOL4_HUMAN,Q9BPW4,Q9BPW4,active,unclassified,no,agrees,Q9BPW4,2026-08-06
APOL6_HUMAN,Q9BWW8,Q9BWW8,active,non_surface,no,agrees,Q9BWW8,2026-08-06
APOO_HUMAN,Q9BUR5,Q9BUR5,active,non_surface,no,agrees,Q9BUR5,2026-08-06
APRG1_HUMAN,Q8IVJ8,Q8IVJ8,active,non_surface,no,agrees,Q8IVJ8,2026-08-06
APRIO_HUMAN,F7VJQ1,F7VJQ1,active,non_surface,no,agrees,F7VJQ1,2026-08-06
APRV1_HUMAN,Q53RT3,Q53RT3,active,non_surface,no,agrees,Q53RT3,2026-08-06
AQ12A_HUMAN,Q8IXF9,Q8IXF9,active,non_surface,no,agrees,Q8IXF9,2026-08-06
AQ12B_HUMAN,A6NM10,A6NM10,active,non_surface,no,agrees,A6NM10,2026-08-06
AQP10_HUMAN,Q96PS8,Q96PS8,active,surface,no,agrees,Q96PS8,2026-08-06
AQP11_HUMAN,Q8NBQ7,Q8NBQ7,active,unclassified,no,agrees,Q8NBQ7,2026-08-06
AQP1_HUMAN,P29972,P29972,active,surface,no,agrees,P29972,2026-08-06
AQP2_HUMAN,P41181,P41181,active,surface,no,agrees,P41181,2026-08-06
AQP3_HUMAN,Q92482,Q92482,active,unclassified,no,agrees,Q92482,2026-08-06
AQP4_HUMAN,P55087,P55087,active,surface,no,agrees,P55087,2026-08-06
AQP5_HUMAN,P55064,P55064,active,surface,no,agrees,P55064,2026-08-06
AQP6_HUMAN,Q13520,Q13520,active,unclassified,no,agrees,Q13520,2026-08-06
AQP73_HUMAN,A6NL99,A6NL99,inactive,non_surface,no,agrees,A6NL99,2026-08-06
AQP7_HUMAN,O14520,O14520,active,non_surface,no,agrees,O14520,2026-08-06
AQP8_HUMAN,O94778,O94778,active,surface,no,agrees,O94778,2026-08-06
AQP9_HUMAN,O43315,O43315,active,surface,no,agrees,O43315,2026-08-06
AR6P1_HUMAN,Q15041,Q15041,active,non_surface,no,agrees,Q15041,2026-08-06
AR6P6_HUMAN,Q8N6S5,Q8N6S5,active,non_surface,no,agrees,Q8N6S5,2026-08-06
ARAID_HUMAN,Q6UW56,Q6UW56,active,surface,no,agrees,Q6UW56,2026-08-06
AREG_HUMAN,P15514,P15514,active,surface,no,agrees,P15514,2026-08-06
ARHGA_HUMAN,O15013,O15013,active,non_surface,no,agrees,O15013,2026-08-06
ARHL1_HUMAN,Q8NDY3,Q8NDY3,active,unclassified,no,agrees,Q8NDY3,2026-08-06
ARHL2_HUMAN,Q9NX46,Q9NX46,active,unclassified,no,agrees,Q9NX46,2026-08-06
ARI2O_HUMAN,Q8N7S6,Q8N7S6,active,non_surface,no,agrees,Q8N7S6,2026-08-06
ARL10_HUMAN,Q8N8L6,Q8N8L6,active,non_surface,no,agrees,Q8N8L6,2026-08-06
ARM10_HUMAN,Q8N2F6,Q8N2F6,active,non_surface,no,agrees,Q8N2F6,2026-08-06
ARMC5_HUMAN,Q96C12,Q96C12,active,unclassified,no,agrees,Q96C12,2026-08-06
ARMX2_HUMAN,Q7L311,Q7L311,active,non_surface,no,agrees,Q7L311,2026-08-06
ARMX3_HUMAN,Q9UH62,Q9UH62,active,non_surface,no,agrees,Q9UH62,2026-08-06
ARMX4_HUMAN,Q5H9R4,Q5H9R4,active,non_surface,no,agrees,Q5H9R4,2026-08-06
ARMX6_HUMAN,Q7L4S7,Q7L4S7,active,non_surface,no,agrees,Q7L4S7,2026-08-06
ARP3C_HUMAN,Q9C0K3,Q9C0K3,active,unclassified,no,agrees,Q9C0K3,2026-08-06
ARSA_HUMAN,P15289,P15289,active,unclassified,no,agrees,P15289,2026-08-06
ARSB_HUMAN,P15848,P15848,active,unclassified,no,agrees,P15848,2026-08-06
ARSD_HUMAN,P51689,P51689,active,unclassified,no,agrees,P51689,2026-08-06
ARSE_HUMAN,P51690,P51690,active,unclassified,no,agrees,P51690,2026-08-06
ARSF_HUMAN,P54793,P54793,active,unclassified,no,agrees,P54793,2026-08-06
ARSG_HUMAN,Q96EG1,Q96EG1,active,unclassified,no,agrees,Q96EG1,2026-08-06
ARSH_HUMAN,Q5FYA8,Q5FYA8,active,non_surface,no,agrees,Q5FYA8,2026-08-06
ARSI_HUMAN,Q5FYB1,Q5FYB1,active,unclassified,no,agrees,Q5FYB1,2026-08-06
ARSJ_HUMAN,Q5FYB0,Q5FYB0,active,unclassified,no,agrees,Q5FYB0,2026-08-06
ARSK_HUMAN,Q6UWY0,Q6UWY0,active,unclassified,no,agrees,Q6UWY0,2026-08-06
ARTN_HUMAN,Q5T4W7,Q5T4W7,active,unclassified,no,agrees,Q5T4W7,2026-08-06
ARV1_HUMAN,Q9H2C2,Q9H2C2,active,non_surface,no,agrees,Q9H2C2,2026-08-06
ARY2_HUMAN,P11245,P11245,active,non_surface,no,agrees,P11245,2026-08-06
ASAH1_HUMAN,Q13510,Q13510,active,unclassified,no,agrees,Q13510,2026-08-06
ASAH2_HUMAN,Q9NR71,Q9NR71,active,unclassified,no,agrees,Q9NR71,2026-08-06
ASB11_HUMAN,Q8WXH4,Q8WXH4,active,non_surface,no,agrees,Q8WXH4,2026-08-06
ASB5_HUMAN,Q8WWX0,Q8WWX0,active,non_surface,no,agrees,Q8WWX0,2026-08-06
ASCL1_HUMAN,P50553,P50553,active,unclassified,no,agrees,P50553,2026-08-06
ASGR1_HUMAN,P07306,P07306,active,surface,no,agrees,P07306,2026-08-06
ASGR2_HUMAN,P07307,P07307,active,surface,no,agrees,P07307,2026-08-06
ASIC1_HUMAN,P78348,P78348,active,surface,no,agrees,P78348,2026-08-06
ASIC2_HUMAN,Q16515,Q16515,active,non_surface,no,agrees,Q16515,2026-08-06
ASIC3_HUMAN,Q9UHC3,Q9UHC3,active,unclassified,no,agrees,Q9UHC3,2026-08-06
ASIC4_HUMAN,Q96FT7,Q96FT7,active,surface,no,agrees,Q96FT7,2026-08-06
ASIC5_HUMAN,Q9NY37,Q9NY37,active,surface,no,agrees,Q9NY37,2026-08-06
ASIP_HUMAN,P42127,P42127,active,unclassified,no,agrees,P42127,2026-08-06
ASM3A_HUMAN,Q92484,Q92484,active,unclassified,no,agrees,Q92484,2026-08-06
ASM3B_HUMAN,Q92485,Q92485,active,unclassified,no,agrees,Q92485,2026-08-06
ASM_HUMAN,P17405,P17405,active,unclassified,no,agrees,P17405,2026-08-06
ASPG_HUMAN,P20933,P20933,active,unclassified,no,agrees,P20933,2026-08-06
ASPH1_HUMAN,Q5U4P2,Q5U4P2,active,non_surface,no,agrees,Q5U4P2,2026-08-06
ASPH2_HUMAN,Q6ICH7,Q6ICH7,active,non_surface,no,agrees,Q6ICH7,2026-08-06
ASPH_HUMAN,Q12797,Q12797,active,non_surface,no,agrees,Q12797,2026-08-06
ASPN_HUMAN,Q9BXN1,Q9BXN1,active,unclassified,no,agrees,Q9BXN1,2026-08-06
ASPX_HUMAN,P26436,P26436,active,unclassified,no,agrees,P26436,2026-08-06
ASTER_HUMAN,Q9Y284,Q9Y284,active,non_surface,no,agrees,Q9Y284,2026-08-06
ASTL_HUMAN,Q6HA08,Q6HA08,active,unclassified,no,agrees,Q6HA08,2026-08-06
ASTN1_HUMAN,O14525,O14525,active,surface,no,agrees,O14525,2026-08-06
ASTN2_HUMAN,O75129,O75129,active,surface,no,agrees,O75129,2026-08-06
ASZ1_HUMAN,Q8WWH4,Q8WWH4,active,non_surface,no,agrees,Q8WWH4,2026-08-06
AT10A_HUMAN,O60312,O60312,active,unclassified,no,agrees,O60312,2026-08-06
AT10B_HUMAN,O94823,O94823,active,non_surface,no,agrees,O94823,2026-08-06
AT10D_HUMAN,Q9P241,Q9P241,active,unclassified,no,agrees,Q9P241,2026-08-06
AT11A_HUMAN,P98196,P98196,active,non_surface,no,agrees,P98196,2026-08-06
AT11B_HUMAN,Q9Y2G3,Q9Y2G3,active,unclassified,no,agrees,Q9Y2G3,2026-08-06
AT11C_HUMAN,Q8NB49,Q8NB49,active,non_surface,no,agrees,Q8NB49,2026-08-06
AT12A_HUMAN,P54707,P54707,active,unclassified,no,agrees,P54707,2026-08-06
AT131_HUMAN,Q9HD20,Q9HD20,active,surface,no,agrees,Q9HD20,2026-08-06
AT132_HUMAN,Q9NQ11,Q9NQ11,active,surface,no,agrees,Q9NQ11,2026-08-06
AT133_HUMAN,Q9H7F0,Q9H7F0,active,surface,no,agrees,Q9H7F0,2026-08-06
AT134_HUMAN,Q4VNC1,Q4VNC1,active,unclassified,no,agrees,Q4VNC1,2026-08-06
AT135_HUMAN,Q4VNC0,Q4VNC0,active,surface,no,agrees,Q4VNC0,2026-08-06
AT1A1_HUMAN,P05023,P05023,active,surface,no,agrees,P05023,2026-08-06
AT1A2_HUMAN,P50993,P50993,active,surface,no,agrees,P50993,2026-08-06
AT1A3_HUMAN,P13637,P13637,active,surface,no,agrees,P13637,2026-08-06
AT1A4_HUMAN,Q13733,Q13733,active,surface,no,agrees,Q13733,2026-08-06
AT1B1_HUMAN,P05026,P05026,active,surface,no,agrees,P05026,2026-08-06
AT1B2_HUMAN,P14415,P14415,active,surface,no,agrees,P14415,2026-08-06
AT1B3_HUMAN,P54709,P54709,active,surface,no,agrees,P54709,2026-08-06
AT1B4_HUMAN,Q9UN42,Q9UN42,active,surface,no,agrees,Q9UN42,2026-08-06
AT2A1_HUMAN,O14983,O14983,active,non_surface,no,agrees,O14983,2026-08-06
AT2A2_HUMAN,P16615,P16615,active,unclassified,no,agrees,P16615,2026-08-06
AT2A3_HUMAN,Q93084,Q93084,active,unclassified,no,agrees,Q93084,2026-08-06
AT2B1_HUMAN,P20020,P20020,active,unclassified,no,agrees,P20020,2026-08-06
AT2B2_HUMAN,Q01814,Q01814,active,surface,no,agrees,Q01814,2026-08-06
AT2B3_HUMAN,Q16720,Q16720,active,surface,no,agrees,Q16720,2026-08-06
AT2B4_HUMAN,P23634,P23634,active,surface,no,agrees,P23634,2026-08-06
AT2C1_HUMAN,P98194,P98194,active,non_surface,no,agrees,P98194,2026-08-06
AT2C2_HUMAN,O75185,O75185,active,non_surface,no,agrees,O75185,2026-08-06
AT5F1_HUMAN,P24539,P24539,active,unclassified,no,agrees,P24539,2026-08-06
AT5G1_HUMAN,P05496,P05496,active,non_surface,no,agrees,P05496,2026-08-06
AT5G2_HUMAN,Q06055,Q06055,active,non_surface,no,agrees,Q06055,2026-08-06
AT5G3_HUMAN,P48201,P48201,active,non_surface,no,agrees,P48201,2026-08-06
AT8A1_HUMAN,Q9Y2Q0,Q9Y2Q0,active,unclassified,no,agrees,Q9Y2Q0,2026-08-06
AT8A2_HUMAN,Q9NTI2,Q9NTI2,active,non_surface,no,agrees,Q9NTI2,2026-08-06
AT8B1_HUMAN,O43520,O43520,active,unclassified,no,agrees,O43520,2026-08-06
AT8B2_HUMAN,P98198,P98198,active,unclassified,no,agrees,P98198,2026-08-06
AT8B3_HUMAN,O60423,O60423,active,non_surface,no,agrees,O60423,2026-08-06
AT8B4_HUMAN,Q8TF62,Q8TF62,active,unclassified,no,agrees,Q8TF62,2026-08-06
ATAD1_HUMAN,Q8NBU5,Q8NBU5,active,non_surface,no,agrees,Q8NBU5,2026-08-06
ATAD5_HUMAN,Q96QE3,Q96QE3,active,unclassified,no,agrees,Q96QE3,2026-08-06
ATCAY_HUMAN,Q86WG3,Q86WG3,active,non_surface,no,agrees,Q86WG3,2026-08-06
ATD3A_HUMAN,Q9NVI7,Q9NVI7,active,non_surface,no,agrees,Q9NVI7,2026-08-06
ATD3B_HUMAN,Q5T9A4,Q5T9A4,active,unclassified,no,agrees,Q5T9A4,2026-08-06
ATF6A_HUMAN,P18850,P18850,active,non_surface,no,agrees,P18850,2026-08-06
ATF6B_HUMAN,Q99941,Q99941,active,non_surface,no,agrees,Q99941,2026-08-06
ATG9A_HUMAN,Q7Z3C6,Q7Z3C6,active,surface,no,agrees,Q7Z3C6,2026-08-06
ATG9B_HUMAN,Q674R7,Q674R7,active,non_surface,no,agrees,Q674R7,2026-08-06
ATL1_HUMAN,Q8N6G6,Q8N6G6,active,unclassified,no,agrees,Q8N6G6,2026-08-06
ATL2_HUMAN,Q86TH1,Q86TH1,active,unclassified,no,agrees,Q86TH1,2026-08-06
ATL3_HUMAN,P82987,P82987,active,unclassified,no,agrees,P82987,2026-08-06
ATL4_HUMAN,Q6UY14,Q6UY14,active,unclassified,no,agrees,Q6UY14,2026-08-06
ATL5_HUMAN,Q6ZMM2,Q6ZMM2,active,unclassified,no,agrees,Q6ZMM2,2026-08-06
ATLA1_HUMAN,Q8WXF7,Q8WXF7,active,non_surface,no,agrees,Q8WXF7,2026-08-06
ATLA2_HUMAN,Q8NHH9,Q8NHH9,active,non_surface,no,agrees,Q8NHH9,2026-08-06
ATLA3_HUMAN,Q6DD88,Q6DD88,active,non_surface,no,agrees,Q6DD88,2026-08-06
ATMIN_HUMAN,O43313,O43313,active,unclassified,no,agrees,O43313,2026-08-06
ATNG_HUMAN,P54710,P54710,active,non_surface,no,agrees,P54710,2026-08-06
ATP4A_HUMAN,P20648,P20648,active,unclassified,no,agrees,P20648,2026-08-06
ATP4B_HUMAN,P51164,P51164,active,surface,no,agrees,P51164,2026-08-06
ATP5I_HUMAN,P56385,P56385,active,non_surface,no,agrees,P56385,2026-08-06
ATP6_HUMAN,P00846,P00846,active,non_surface,no,agrees,P00846,2026-08-06
ATP7A_HUMAN,Q04656,Q04656,active,unclassified,no,agrees,Q04656,2026-08-06
ATP7B_HUMAN,P35670,P35670,active,unclassified,no,agrees,P35670,2026-08-06
ATP8_HUMAN,P03928,P03928,active,non_surface,no,agrees,P03928,2026-08-06
ATP9A_HUMAN,O75110,O75110,active,non_surface,no,agrees,O75110,2026-08-06
ATP9B_HUMAN,O43861,O43861,active,non_surface,no,agrees,O43861,2026-08-06
ATPF1_HUMAN,Q5TC12,Q5TC12,active,unclassified,no,agrees,Q5TC12,2026-08-06
ATPK_HUMAN,P56134,P56134,active,non_surface,no,agrees,P56134,2026-08-06
ATRAP_HUMAN,Q6RW13,Q6RW13,active,non_surface,no,agrees,Q6RW13,2026-08-06
ATRN1_HUMAN,Q5VV63,Q5VV63,active,surface,no,agrees,Q5VV63,2026-08-06
ATRN_HUMAN,O75882,O75882,active,surface,no,agrees,O75882,2026-08-06
ATR_HUMAN,Q13535,Q13535,active,non_surface,no,agrees,Q13535,2026-08-06
ATS10_HUMAN,Q9H324,Q9H324,active,unclassified,no,agrees,Q9H324,2026-08-06
ATS12_HUMAN,P58397,P58397,active,unclassified,no,agrees,P58397,2026-08-06
ATS13_HUMAN,Q76LX8,Q76LX8,active,unclassified,no,agrees,Q76LX8,2026-08-06
ATS14_HUMAN,Q8WXS8,Q8WXS8,active,unclassified,no,agrees,Q8WXS8,2026-08-06
ATS15_HUMAN,Q8TE58,Q8TE58,active,unclassified,no,agrees,Q8TE58,2026-08-06
ATS16_HUMAN,Q8TE57,Q8TE57,active,unclassified,no,agrees,Q8TE57,2026-08-06
ATS17_HUMAN,Q8TE56,Q8TE56,active,unclassified,no,agrees,Q8TE56,2026-08-06
ATS18_HUMAN,Q8TE60,Q8TE60,active,unclassified,no,agrees,Q8TE60,2026-08-06
ATS19_HUMAN,Q8TE59,Q8TE59,active,unclassified,no,agrees,Q8TE59,2026-08-06
ATS1_HUMAN,Q9UHI8,Q9UHI8,active,unclassified,no,agrees,Q9UHI8,2026-08-06
ATS20_HUMAN,P59510,P59510,active,unclassified,no,agrees,P59510,2026-08-06
ATS2_HUMAN,O95450,O95450,active,unclassified,no,agrees,O95450,2026-08-06
ATS3_HUMAN,O15072,O15072,active,unclassified,no,agrees,O15072,2026-08-06
ATS4_HUMAN,O75173,O75173,active,unclassified,no,agrees,O75173,2026-08-06
ATS5_HUMAN,Q9UNA0,Q9UNA0,active,unclassified,no,agrees,Q9UNA0,2026-08-06
ATS6_HUMAN,Q9UKP5,Q9UKP5,active,unclassified,no,agrees,Q9UKP5,2026-08-06
ATS7_HUMAN,Q9UKP4,Q9UKP4,active,unclassified,no,agrees,Q9UKP4,2026-08-06
ATS8_HUMAN,Q9UP79,Q9UP79,active,unclassified,no,agrees,Q9UP79,2026-08-06
ATS9_HUMAN,Q9P2N4,Q9P2N4,active,unclassified,no,agrees,Q9P2N4,2026-08-06
ATX3_HUMAN,P54252,P54252,active,non_surface,no,agrees,P54252,2026-08-06
AUGN_HUMAN,Q9H1Z8,Q9H1Z8,active,unclassified,no,agrees,Q9H1Z8,2026-08-06
AUHM_HUMAN,Q13825,Q13825,active,unclassified,no,agrees,Q13825,2026-08-06
AUP1_HUMAN,Q9Y679,Q9Y679,active,non_surface,no,agrees,Q9Y679,2026-08-06
AVL9_HUMAN,Q8NBF6,Q8NBF6,active,non_surface,no,agrees,Q8NBF6,2026-08-06
AVR2A_HUMAN,P27037,P27037,active,surface,no,agrees,P27037,2026-08-06
AVR2B_HUMAN,Q13705,Q13705,active,surface,no,agrees,Q13705,2026-08-06
AWAT1_HUMAN,Q58HT5,Q58HT5,active,non_surface,no,agrees,Q58HT5,2026-08-06
AWAT2_HUMAN,Q6E213,Q6E213,active,non_surface,no,agrees,Q6E213,2026-08-06
AXIN2_HUMAN,Q9Y2T1,Q9Y2T1,active,unclassified,no,agrees,Q9Y2T1,2026-08-06
B2CL1_HUMAN,Q07817,Q07817,active,non_surface,no,agrees,Q07817,2026-08-06
B2CL2_HUMAN,Q92843,Q92843,active,non_surface,no,agrees,Q92843,2026-08-06
B2L10_HUMAN,Q9HD36,Q9HD36,active,non_surface,no,agrees,Q9HD36,2026-08-06
B2L13_HUMAN,Q9BXK5,Q9BXK5,active,non_surface,no,agrees,Q9BXK5,2026-08-06
B2MG_HUMAN,P61769,P61769,active,unclassified,no,agrees,P61769,2026-08-06
B3A2_HUMAN,P04920,P04920,active,non_surface,no,agrees,P04920,2026-08-06
B3A3_HUMAN,P48751,P48751,active,unclassified,no,agrees,P48751,2026-08-06
B3A4_HUMAN,Q96Q91,Q96Q91,active,unclassified,no,agrees,Q96Q91,2026-08-06
B3AT_HUMAN,P02730,P02730,active,surface,no,agrees,P02730,2026-08-06
B3GA1_HUMAN,Q9P2W7,Q9P2W7,active,non_surface,no,agrees,Q9P2W7,2026-08-06
B3GA2_HUMAN,Q9NPZ5,Q9NPZ5,active,non_surface,no,agrees,Q9NPZ5,2026-08-06
B3GA3_HUMAN,O94766,O94766,active,non_surface,no,agrees,O94766,2026-08-06
B3GL1_HUMAN,O75752,O75752,active,non_surface,no,agrees,O75752,2026-08-06
B3GL2_HUMAN,Q8NCR0,Q8NCR0,active,non_surface,no,agrees,Q8NCR0,2026-08-06
B3GLT_HUMAN,Q6Y288,Q6Y288,active,non_surface,no,agrees,Q6Y288,2026-08-06
B3GN2_HUMAN,Q9NY97,Q9NY97,active,non_surface,no,agrees,Q9NY97,2026-08-06
B3GN3_HUMAN,Q9Y2A9,Q9Y2A9,active,unclassified,no,agrees,Q9Y2A9,2026-08-06
B3GN4_HUMAN,Q9C0J1,Q9C0J1,active,non_surface,no,agrees,Q9C0J1,2026-08-06
B3GN5_HUMAN,Q9BYG0,Q9BYG0,active,non_surface,no,agrees,Q9BYG0,2026-08-06
B3GN6_HUMAN,Q6ZMB0,Q6ZMB0,active,non_surface,no,agrees,Q6ZMB0,2026-08-06
B3GN7_HUMAN,Q8NFL0,Q8NFL0,active,non_surface,no,agrees,Q8NFL0,2026-08-06
B3GN8_HUMAN,Q7Z7M8,Q7Z7M8,active,non_surface,no,agrees,Q7Z7M8,2026-08-06
B3GN9_HUMAN,Q6UX72,Q6UX72,active,non_surface,no,agrees,Q6UX72,2026-08-06
B3GT1_HUMAN,Q9Y5Z6,Q9Y5Z6,active,non_surface,no,agrees,Q9Y5Z6,2026-08-06
B3GT2_HUMAN,O43825,O43825,active,non_surface,no,agrees,O43825,2026-08-06
B3GT4_HUMAN,O96024,O96024,active,non_surface,no,agrees,O96024,2026-08-06
B3GT5_HUMAN,Q9Y2C3,Q9Y2C3,active,non_surface,no,agrees,Q9Y2C3,2026-08-06
B3GT6_HUMAN,Q96L58,Q96L58,active,non_surface,no,agrees,Q96L58,2026-08-06
B4GA1_HUMAN,O43505,O43505,active,non_surface,no,agrees,O43505,2026-08-06
B4GN1_HUMAN,Q00973,Q00973,active,non_surface,no,agrees,Q00973,2026-08-06
B4GN2_HUMAN,Q8NHY0,Q8NHY0,active,non_surface,no,agrees,Q8NHY0,2026-08-06
B4GN3_HUMAN,Q6L9W6,Q6L9W6,active,non_surface,no,agrees,Q6L9W6,2026-08-06
B4GN4_HUMAN,Q76KP1,Q76KP1,active,non_surface,no,agrees,Q76KP1,2026-08-06
B4GT1_HUMAN,P15291,P15291,active,non_surface,no,agrees,P15291,2026-08-06
B4GT2_HUMAN,O60909,O60909,active,non_surface,no,agrees,O60909,2026-08-06
B4GT3_HUMAN,O60512,O60512,active,non_surface,no,agrees,O60512,2026-08-06
B4GT4_HUMAN,O60513,O60513,active,non_surface,no,agrees,O60513,2026-08-06
B4GT5_HUMAN,O43286,O43286,active,non_surface,no,agrees,O43286,2026-08-06
B4GT6_HUMAN,Q9UBX8,Q9UBX8,active,non_surface,no,agrees,Q9UBX8,2026-08-06
B4GT7_HUMAN,Q9UBV7,Q9UBV7,active,non_surface,no,agrees,Q9UBV7,2026-08-06
B9D1_HUMAN,Q9UPM9,Q9UPM9,active,unclassified,no,agrees,Q9UPM9,2026-08-06
BACE1_HUMAN,P56817,P56817,active,surface,no,agrees,P56817,2026-08-06
BACE2_HUMAN,Q9Y5Z0,Q9Y5Z0,active,surface,no,agrees,Q9Y5Z0,2026-08-06
BAGE1_HUMAN,Q13072,Q13072,active,unclassified,no,agrees,Q13072,2026-08-06
BAGE2_HUMAN,Q86Y30,Q86Y30,active,unclassified,no,agrees,Q86Y30,2026-08-06
BAGE3_HUMAN,Q86Y29,Q86Y29,active,unclassified,no,agrees,Q86Y29,2026-08-06
BAGE4_HUMAN,Q86Y28,Q86Y28,active,unclassified,no,agrees,Q86Y28,2026-08-06
BAGE5_HUMAN,Q86Y27,Q86Y27,active,unclassified,no,agrees,Q86Y27,2026-08-06
BAI1_HUMAN,O14514,O14514,active,surface,no,agrees,O14514,2026-08-06
BAI2_HUMAN,O60241,O60241,active,surface,no,agrees,O60241,2026-08-06
BAI3_HUMAN,O60242,O60242,active,surface,no,agrees,O60242,2026-08-06
BAK_HUMAN,Q16611,Q16611,active,non_surface,no,agrees,Q16611,2026-08-06
BAMBI_HUMAN,Q13145,Q13145,active,surface,no,agrees,Q13145,2026-08-06
BAP29_HUMAN,Q9UHQ4,Q9UHQ4,active,non_surface,no,agrees,Q9UHQ4,2026-08-06
BAP31_HUMAN,P51572,P51572,active,non_surface,no,agrees,P51572,2026-08-06
BASI_HUMAN,P35613,P35613,active,surface,no,agrees,P35613,2026-08-06
BAT1_HUMAN,P82251,P82251,active,surface,no,agrees,P82251,2026-08-06
BATF3_HUMAN,Q9NR55,Q9NR55,active,unclassified,no,agrees,Q9NR55,2026-08-06
BAX_HUMAN,Q07812,Q07812,active,non_surface,no,agrees,Q07812,2026-08-06
BCAM_HUMAN,P50895,P50895,active,surface,no,agrees,P50895,2026-08-06
BCE1_HUMAN,O60756,O60756,active,non_surface,no,agrees,O60756,2026-08-06
BCL2_HUMAN,P10415,P10415,active,non_surface,no,agrees,P10415,2026-08-06
BCR_HUMAN,P11274,P11274,active,non_surface,no,agrees,P11274,2026-08-06
BCS1_HUMAN,Q9Y276,Q9Y276,active,non_surface,no,agrees,Q9Y276,2026-08-06
BDH2_HUMAN,Q9BUT1,Q9BUT1,active,unclassified,no,agrees,Q9BUT1,2026-08-06
BDNF_HUMAN,P23560,P23560,active,unclassified,no,agrees,P23560,2026-08-06
BDP1_HUMAN,A6H8Y1,A6H8Y1,active,non_surface,no,agrees,A6H8Y1,2026-08-06
BEAN1_HUMAN,Q3B7T3,Q3B7T3,active,unclassified,no,agrees,Q3B7T3,2026-08-06
BEST1_HUMAN,O76090,O76090,active,non_surface,no,agrees,O76090,2026-08-06
BEST2_HUMAN,Q8NFU1,Q8NFU1,active,surface,no,agrees,Q8NFU1,2026-08-06
BEST3_HUMAN,Q8N1M1,Q8N1M1,active,non_surface,no,agrees,Q8N1M1,2026-08-06
BEST4_HUMAN,Q8NFU0,Q8NFU0,active,surface,no,agrees,Q8NFU0,2026-08-06
BET1L_HUMAN,Q9NYM9,Q9NYM9,active,non_surface,no,agrees,Q9NYM9,2026-08-06
BET1_HUMAN,O15155,O15155,active,non_surface,no,agrees,O15155,2026-08-06
BETAT_HUMAN,Q6UXH0,Q6UXH0,active,unclassified,no,agrees,Q6UXH0,2026-08-06
BFAR_HUMAN,Q9NZS9,Q9NZS9,active,non_surface,no,agrees,Q9NZS9,2026-08-06
BGAL_HUMAN,P16278,P16278,active,unclassified,no,agrees,P16278,2026-08-06
BGAT_HUMAN,P16442,P16442,active,non_surface,no,agrees,P16442,2026-08-06
BGH3_HUMAN,Q15582,Q15582,active,unclassified,no,agrees,Q15582,2026-08-06
BGLR_HUMAN,P08236,P08236,active,unclassified,no,agrees,P08236,2026-08-06
BI1_HUMAN,P55061,P55061,active,non_surface,no,agrees,P55061,2026-08-06
BICR1_HUMAN,Q6ZP65,Q6ZP65,active,unclassified,no,agrees,Q6ZP65,2026-08-06
BIG3_HUMAN,Q5TH69,Q5TH69,active,non_surface,no,agrees,Q5TH69,2026-08-06
BIK_HUMAN,Q13323,Q13323,active,non_surface,no,agrees,Q13323,2026-08-06
BKRB1_HUMAN,P46663,P46663,active,surface,no,agrees,P46663,2026-08-06
BKRB2_HUMAN,P30411,P30411,active,surface,no,agrees,P30411,2026-08-06
BLCAP_HUMAN,P62952,P62952,active,non_surface,no,agrees,P62952,2026-08-06
BLVRB_HUMAN,P30043,P30043,active,unclassified,no,agrees,P30043,2026-08-06
BMP10_HUMAN,O95393,O95393,active,unclassified,no,agrees,O95393,2026-08-06
BMP15_HUMAN,O95972,O95972,active,unclassified,no,agrees,O95972,2026-08-06
BMP1_HUMAN,P13497,P13497,active,unclassified,no,agrees,P13497,2026-08-06
BMP2_HUMAN,P12643,P12643,active,unclassified,no,agrees,P12643,2026-08-06
BMP3B_HUMAN,P55107,P55107,active,unclassified,no,agrees,P55107,2026-08-06
BMP3_HUMAN,P12645,P12645,active,unclassified,no,agrees,P12645,2026-08-06
BMP4_HUMAN,P12644,P12644,active,unclassified,no,agrees,P12644,2026-08-06
BMP5_HUMAN,P22003,P22003,active,unclassified,no,agrees,P22003,2026-08-06
BMP6_HUMAN,P22004,P22004,active,unclassified,no,agrees,P22004,2026-08-06
BMP7_HUMAN,P18075,P18075,active,unclassified,no,agrees,P18075,2026-08-06
BMP8A_HUMAN,Q7Z5Y6,Q7Z5Y6,active,unclassified,no,agrees,Q7Z5Y6,2026-08-06
BMP8B_HUMAN,P34820,P34820,active,unclassified,no,agrees,P34820,2026-08-06
BMPER_HUMAN,Q8N8U9,Q8N8U9,active,unclassified,no,agrees,Q8N8U9,2026-08-06
BMPR2_HUMAN,Q13873,Q13873,active,surface,no,agrees,Q13873,2026-08-06
BMR1A_HUMAN,P36894,P36894,active,surface,no,agrees,P36894,2026-08-06
BMR1B_HUMAN,O00238,O00238,active,unclassified,no,agrees,O00238,2026-08-06
BNI3L_HUMAN,O60238,O60238,active,non_surface,no,agrees,O60238,2026-08-06
BNIP3_HUMAN,Q12983,Q12983,active,non_surface,no,agrees,Q12983,2026-08-06
BNIPL_HUMAN,Q7Z465,Q7Z465,active,non_surface,no,agrees,Q7Z465,2026-08-06
BOC_HUMAN,Q9BWV1,Q9BWV1,active,surface,no,agrees,Q9BWV1,2026-08-06
BOK_HUMAN,Q9UMX3,Q9UMX3,active,non_surface,no,agrees,Q9UMX3,2026-08-06
BOLA1_HUMAN,Q9Y3E2,Q9Y3E2,active,unclassified,no,agrees,Q9Y3E2,2026-08-06
BOLA3_HUMAN,Q53S33,Q53S33,active,unclassified,no,agrees,Q53S33,2026-08-06
BPHL_HUMAN,Q86WA6,Q86WA6,active,unclassified,no,agrees,Q86WA6,2026-08-06
BPIA1_HUMAN,Q9NP55,Q9NP55,active,unclassified,no,agrees,Q9NP55,2026-08-06
BPIA2_HUMAN,Q96DR5,Q96DR5,active,unclassified,no,agrees,Q96DR5,2026-08-06
BPIA3_HUMAN,Q9BQP9,Q9BQP9,active,unclassified,no,agrees,Q9BQP9,2026-08-06
BPIB1_HUMAN,Q8TDL5,Q8TDL5,active,unclassified,no,agrees,Q8TDL5,2026-08-06
BPIB2_HUMAN,Q8N4F0,Q8N4F0,active,unclassified,no,agrees,Q8N4F0,2026-08-06
BPIB3_HUMAN,P59826,P59826,active,unclassified,no,agrees,P59826,2026-08-06
BPIB4_HUMAN,P59827,P59827,active,unclassified,no,agrees,P59827,2026-08-06
BPIB6_HUMAN,Q8NFQ5,Q8NFQ5,active,unclassified,no,agrees,Q8NFQ5,2026-08-06
BPIFC_HUMAN,Q8NFQ6,Q8NFQ6,active,unclassified,no,agrees,Q8NFQ6,2026-08-06
BPI_HUMAN,P17213,P17213,active,unclassified,no,agrees,P17213,2026-08-06
BRCA1_HUMAN,P38398,P38398,active,non_surface,no,agrees,P38398,2026-08-06
BRI3B_HUMAN,Q8WY22,Q8WY22,active,non_surface,no,agrees,Q8WY22,2026-08-06
BRI3_HUMAN,O95415,O95415,active,non_surface,no,agrees,O95415,2026-08-06
BRID5_HUMAN,Q6PL45,Q6PL45,active,unclassified,no,agrees,Q6PL45,2026-08-06
BRNP1_HUMAN,O60477,O60477,active,unclassified,no,agrees,O60477,2026-08-06
BRNP2_HUMAN,Q9C0B6,Q9C0B6,active,unclassified,no,agrees,Q9C0B6,2026-08-06
BRNP3_HUMAN,Q76B58,Q76B58,active,unclassified,no,agrees,Q76B58,2026-08-06
BROMI_HUMAN,Q96NH3,Q96NH3,active,non_surface,no,agrees,Q96NH3,2026-08-06
BRS3_HUMAN,P32247,P32247,active,surface,no,agrees,P32247,2026-08-06
BRSK1_HUMAN,Q8TDC3,Q8TDC3,active,non_surface,no,agrees,Q8TDC3,2026-08-06
BRSK2_HUMAN,Q8IWQ3,Q8IWQ3,active,non_surface,no,agrees,Q8IWQ3,2026-08-06
BSCL2_HUMAN,Q96G97,Q96G97,active,unclassified,no,agrees,Q96G97,2026-08-06
BSND_HUMAN,Q8WZ55,Q8WZ55,active,non_surface,no,agrees,Q8WZ55,2026-08-06
BSPH1_HUMAN,Q075Z2,Q075Z2,active,unclassified,no,agrees,Q075Z2,2026-08-06
BSSP4_HUMAN,Q9GZN4,Q9GZN4,active,unclassified,no,agrees,Q9GZN4,2026-08-06
BST1_HUMAN,Q10588,Q10588,active,surface,no,agrees,Q10588,2026-08-06
BST2_HUMAN,Q10589,Q10589,active,surface,no,agrees,Q10589,2026-08-06
BT1A1_HUMAN,Q13410,Q13410,active,surface,no,agrees,Q13410,2026-08-06
BT2A1_HUMAN,Q7KYR7,Q7KYR7,active,surface,no,agrees,Q7KYR7,2026-08-06
BT2A2_HUMAN,Q8WVV5,Q8WVV5,active,surface,no,agrees,Q8WVV5,2026-08-06
BT2A3_HUMAN,Q96KV6,Q96KV6,active,surface,no,agrees,Q96KV6,2026-08-06
BT3A1_HUMAN,O00481,O00481,active,surface,no,agrees,O00481,2026-08-06
BT3A2_HUMAN,P78410,P78410,active,surface,no,agrees,P78410,2026-08-06
BT3A3_HUMAN,O00478,O00478,active,surface,no,agrees,O00478,2026-08-06
BTBD1_HUMAN,Q9H0C5,Q9H0C5,active,unclassified,no,agrees,Q9H0C5,2026-08-06
BTBDB_HUMAN,A6QL63,A6QL63,active,non_surface,no,agrees,A6QL63,2026-08-06
BTBDH_HUMAN,A6NE02,A6NE02,active,unclassified,no,agrees,A6NE02,2026-08-06
BTC_HUMAN,P35070,P35070,active,surface,no,agrees,P35070,2026-08-06
BTD_HUMAN,P43251,P43251,active,unclassified,no,agrees,P43251,2026-08-06
BTG2_HUMAN,P78543,P78543,active,unclassified,no,agrees,P78543,2026-08-06
BTG3_HUMAN,Q14201,Q14201,active,unclassified,no,agrees,Q14201,2026-08-06
BTLA_HUMAN,Q7Z6A9,Q7Z6A9,active,surface,no,agrees,Q7Z6A9,2026-08-06
BTNL2_HUMAN,Q9UIR0,Q9UIR0,active,non_surface,no,agrees,Q9UIR0,2026-08-06
BTNL3_HUMAN,Q6UXE8,Q6UXE8,active,surface,no,agrees,Q6UXE8,2026-08-06
BTNL8_HUMAN,Q6UX41,Q6UX41,active,unclassified,no,agrees,Q6UX41,2026-08-06
BTNL9_HUMAN,Q6UXG8,Q6UXG8,active,surface,no,agrees,Q6UXG8,2026-08-06
BTNLA_HUMAN,A8MVZ5,A8MVZ5,active,surface,no,agrees,A8MVZ5,2026-08-06
BY55_HUMAN,O95971,O95971,active,surface,no,agrees,O95971,2026-08-06
C11B1_HUMAN,P15538,P15538,active,unclassified,no,agrees,P15538,2026-08-06
C11B2_HUMAN,P19099,P19099,active,unclassified,no,agrees,P19099,2026-08-06
C144A_HUMAN,A2RUR9,A2RUR9,active,non_surface,no,agrees,A2RUR9,2026-08-06
C144C_HUMAN,Q8IYA2,Q8IYA2,active,non_surface,no,agrees,Q8IYA2,2026-08-06
C163A_HUMAN,Q86VB7,Q86VB7,active,surface,no,agrees,Q86VB7,2026-08-06
C163B_HUMAN,Q9NR16,Q9NR16,active,surface,no,agrees,Q9NR16,2026-08-06
C16L2_HUMAN,Q6UWJ8,Q6UWJ8,active,surface,no,agrees,Q6UWJ8,2026-08-06
C1GLC_HUMAN,Q96EU7,Q96EU7,active,non_surface,no,agrees,Q96EU7,2026-08-06
C1GLT_HUMAN,Q9NS00,Q9NS00,active,non_surface,no,agrees,Q9NS00,2026-08-06
C1QA_HUMAN,P02745,P02745,active,unclassified,no,agrees,P02745,2026-08-06
C1QB_HUMAN,P02746,P02746,active,unclassified,no,agrees,P02746,2026-08-06
C1QC_HUMAN,P02747,P02747,active,unclassified,no,agrees,P02747,2026-08-06
C1QL2_HUMAN,Q7Z5L3,Q7Z5L3,active,unclassified,no,agrees,Q7Z5L3,2026-08-06
C1QL3_HUMAN,Q5VWW1,Q5VWW1,active,unclassified,no,agrees,Q5VWW1,2026-08-06
C1QL4_HUMAN,Q86Z23,Q86Z23,active,unclassified,no,agrees,Q86Z23,2026-08-06
C1QR1_HUMAN,Q9NPY3,Q9NPY3,active,surface,no,agrees,Q9NPY3,2026-08-06
C1QRF_HUMAN,O75973,O75973,active,unclassified,no,agrees,O75973,2026-08-06
C1QT1_HUMAN,Q9BXJ1,Q9BXJ1,active,unclassified,no,agrees,Q9BXJ1,2026-08-06
C1QT2_HUMAN,Q9BXJ5,Q9BXJ5,active,unclassified,no,agrees,Q9BXJ5,2026-08-06
C1QT3_HUMAN,Q9BXJ4,Q9BXJ4,active,unclassified,no,agrees,Q9BXJ4,2026-08-06
C1QT4_HUMAN,Q9BXJ3,Q9BXJ3,active,unclassified,no,agrees,Q9BXJ3,2026-08-06
C1QT5_HUMAN,Q9BXJ0,Q9BXJ0,active,unclassified,no,agrees,Q9BXJ0,2026-08-06
C1QT6_HUMAN,Q9BXI9,Q9BXI9,active,unclassified,no,agrees,Q9BXI9,2026-08-06
C1QT7_HUMAN,Q9BXJ2,Q9BXJ2,active,unclassified,no,agrees,Q9BXJ2,2026-08-06
C1QT8_HUMAN,P60827,P60827,active,unclassified,no,agrees,P60827,2026-08-06
C1RL_HUMAN,Q9NZP8,Q9NZP8,active,unclassified,no,agrees,Q9NZP8,2026-08-06
C1R_HUMAN,P00736,P00736,active,unclassified,no,agrees,P00736,2026-08-06
C1S_HUMAN,P09871,P09871,active,unclassified,no,agrees,P09871,2026-08-06
C1T9A_HUMAN,P0C862,P0C862,active,unclassified,no,agrees,P0C862,2026-08-06
C1T9B_HUMAN,B2RNN3,B2RNN3,active,unclassified,no,agrees,B2RNN3,2026-08-06
C2C2L_HUMAN,O14523,O14523,active,non_surface,no,agrees,O14523,2026-08-06
C2C4B_HUMAN,A6NLJ0,A6NLJ0,active,unclassified,no,agrees,A6NLJ0,2026-08-06
C2TA_HUMAN,P33076,P33076,active,non_surface,no,agrees,P33076,2026-08-06
C3AR_HUMAN,Q16581,Q16581,active,surface,no,agrees,Q16581,2026-08-06
C4BPA_HUMAN,P04003,P04003,active,unclassified,no,agrees,P04003,2026-08-06
C4BPB_HUMAN,P20851,P20851,active,unclassified,no,agrees,P20851,2026-08-06
C560_HUMAN,Q99643,Q99643,active,non_surface,no,agrees,Q99643,2026-08-06
C56D1_HUMAN,Q8N8Q1,Q8N8Q1,active,non_surface,no,agrees,Q8N8Q1,2026-08-06
C56D2_HUMAN,O14569,O14569,active,non_surface,no,agrees,O14569,2026-08-06
C5AR1_HUMAN,P21730,P21730,active,surface,no,agrees,P21730,2026-08-06
C5AR2_HUMAN,Q9P296,Q9P296,active,surface,no,agrees,Q9P296,2026-08-06
C99L2_HUMAN,Q8TCZ2,Q8TCZ2,active,unclassified,no,agrees,Q8TCZ2,2026-08-06
CA043_HUMAN,Q9BWL3,Q9BWL3,active,non_surface,no,agrees,Q9BWL3,2026-08-06
CA054_HUMAN,Q8WWF1,Q8WWF1,active,unclassified,no,agrees,Q8WWF1,2026-08-06
CA101_HUMAN,Q5SY80,Q5SY80,active,surface,no,agrees,Q5SY80,2026-08-06
CA111_HUMAN,Q5T0L3,Q5T0L3,active,unclassified,no,agrees,Q5T0L3,2026-08-06
CA134_HUMAN,Q5TEV5,Q5TEV5,inactive,unclassified,no,agrees,Q5TEV5,2026-08-06
CA159_HUMAN,Q96HA4,Q96HA4,active,surface,no,agrees,Q96HA4,2026-08-06
CA162_HUMAN,Q8NEQ5,Q8NEQ5,active,unclassified,no,agrees,Q8NEQ5,2026-08-06
CA185_HUMAN,Q5T7R7,Q5T7R7,active,non_surface,no,agrees,Q5T7R7,2026-08-06
CA186_HUMAN,Q6ZWK4,Q6ZWK4,active,non_surface,no,agrees,Q6ZWK4,2026-08-06
CA198_HUMAN,Q9H425,Q9H425,active,unclassified,no,agrees,Q9H425,2026-08-06
CA210_HUMAN,Q8IVY1,Q8IVY1,active,unclassified,no,agrees,Q8IVY1,2026-08-06
CA233_HUMAN,F2Z333,F2Z333,active,surface,no,agrees,F2Z333,2026-08-06
CA234_HUMAN,H3BTG2,H3BTG2,active,unclassified,no,agrees,H3BTG2,2026-08-06
CA2D1_HUMAN,P54289,P54289,active,unclassified,no,agrees,P54289,2026-08-06
CA2D2_HUMAN,Q9NY47,Q9NY47,active,unclassified,no,agrees,Q9NY47,2026-08-06
CA2D3_HUMAN,Q8IZS8,Q8IZS8,active,unclassified,no,agrees,Q8IZS8,2026-08-06
CA2D4_HUMAN,Q7Z3S7,Q7Z3S7,active,unclassified,no,agrees,Q7Z3S7,2026-08-06
CAAP1_HUMAN,Q9H8G2,Q9H8G2,active,unclassified,no,agrees,Q9H8G2,2026-08-06
CAB45_HUMAN,Q9BRK5,Q9BRK5,active,unclassified,no,agrees,Q9BRK5,2026-08-06
CABL1_HUMAN,Q8TDN4,Q8TDN4,active,unclassified,no,agrees,Q8TDN4,2026-08-06
CABL2_HUMAN,Q9BTV7,Q9BTV7,active,non_surface,no,agrees,Q9BTV7,2026-08-06
CABP7_HUMAN,Q86V35,Q86V35,active,non_surface,no,agrees,Q86V35,2026-08-06
CABP8_HUMAN,Q9BXU9,Q9BXU9,active,non_surface,no,agrees,Q9BXU9,2026-08-06
CAC1A_HUMAN,O00555,O00555,active,unclassified,no,agrees,O00555,2026-08-06
CAC1B_HUMAN,Q00975,Q00975,active,unclassified,no,agrees,Q00975,2026-08-06
CAC1C_HUMAN,Q13936,Q13936,active,surface,no,agrees,Q13936,2026-08-06
CAC1D_HUMAN,Q01668,Q01668,active,unclassified,no,agrees,Q01668,2026-08-06
CAC1E_HUMAN,Q15878,Q15878,active,unclassified,no,agrees,Q15878,2026-08-06
CAC1F_HUMAN,O60840,O60840,active,unclassified,no,agrees,O60840,2026-08-06
CAC1G_HUMAN,O43497,O43497,active,surface,no,agrees,O43497,2026-08-06
CAC1H_HUMAN,O95180,O95180,active,unclassified,no,agrees,O95180,2026-08-06
CAC1I_HUMAN,Q9P0X4,Q9P0X4,active,surface,no,agrees,Q9P0X4,2026-08-06
CAC1S_HUMAN,Q13698,Q13698,active,unclassified,no,agrees,Q13698,2026-08-06
CAD10_HUMAN,Q9Y6N8,Q9Y6N8,active,surface,no,agrees,Q9Y6N8,2026-08-06
CAD11_HUMAN,P55287,P55287,active,surface,no,agrees,P55287,2026-08-06
CAD12_HUMAN,P55289,P55289,active,surface,no,agrees,P55289,2026-08-06
CAD13_HUMAN,P55290,P55290,active,surface,no,agrees,P55290,2026-08-06
CAD15_HUMAN,P55291,P55291,active,surface,no,agrees,P55291,2026-08-06
CAD16_HUMAN,O75309,O75309,active,surface,no,agrees,O75309,2026-08-06
CAD17_HUMAN,Q12864,Q12864,active,surface,no,agrees,Q12864,2026-08-06
CAD18_HUMAN,Q13634,Q13634,active,surface,no,agrees,Q13634,2026-08-06
CAD19_HUMAN,Q9H159,Q9H159,active,surface,no,agrees,Q9H159,2026-08-06
CAD20_HUMAN,Q9HBT6,Q9HBT6,active,surface,no,agrees,Q9HBT6,2026-08-06
CAD22_HUMAN,Q9UJ99,Q9UJ99,active,surface,no,agrees,Q9UJ99,2026-08-06
CAD23_HUMAN,Q9H251,Q9H251,active,surface,no,agrees,Q9H251,2026-08-06
CAD24_HUMAN,Q86UP0,Q86UP0,active,surface,no,agrees,Q86UP0,2026-08-06
CAD26_HUMAN,Q8IXH8,Q8IXH8,active,surface,no,agrees,Q8IXH8,2026-08-06
CADH1_HUMAN,P12830,P12830,active,surface,no,agrees,P12830,2026-08-06
CADH2_HUMAN,P19022,P19022,active,surface,no,agrees,P19022,2026-08-06
CADH3_HUMAN,P22223,P22223,active,surface,no,agrees,P22223,2026-08-06
CADH4_HUMAN,P55283,P55283,active,surface,no,agrees,P55283,2026-08-06
CADH5_HUMAN,P33151,P33151,active,surface,no,agrees,P33151,2026-08-06
CADH6_HUMAN,P55285,P55285,active,surface,no,agrees,P55285,2026-08-06
CADH7_HUMAN,Q9ULB5,Q9ULB5,active,surface,no,agrees,Q9ULB5,2026-08-06
CADH8_HUMAN,P55286,P55286,active,surface,no,agrees,P55286,2026-08-06
CADH9_HUMAN,Q9ULB4,Q9ULB4,active,surface,no,agrees,Q9ULB4,2026-08-06
CADM1_HUMAN,Q9BY67,Q9BY67,active,surface,no,agrees,Q9BY67,2026-08-06
CADM2_HUMAN,Q8N3J6,Q8N3J6,active,surface,no,agrees,Q8N3J6,2026-08-06
CADM3_HUMAN,Q8N126,Q8N126,active,surface,no,agrees,Q8N126,2026-08-06
CADM4_HUMAN,Q8NFZ8,Q8NFZ8,active,surface,no,agrees,Q8NFZ8,2026-08-06
CAH11_HUMAN,O75493,O75493,active,unclassified,no,agrees,O75493,2026-08-06
CAH12_HUMAN,O43570,O43570,active,surface,no,agrees,O43570,2026-08-06
CAH14_HUMAN,Q9ULX7,Q9ULX7,active,surface,no,agrees,Q9ULX7,2026-08-06
CAH4_HUMAN,P22748,P22748,active,surface,no,agrees,P22748,2026-08-06
CAH6_HUMAN,P23280,P23280,active,unclassified,no,agrees,P23280,2026-08-06
CAH9_HUMAN,Q16790,Q16790,active,unclassified,no,agrees,Q16790,2026-08-06
CAHD1_HUMAN,Q5VU97,Q5VU97,active,surface,no,agrees,Q5VU97,2026-08-06
CAHM1_HUMAN,Q8IU99,Q8IU99,active,unclassified,no,agrees,Q8IU99,2026-08-06
CAHM2_HUMAN,Q9HA72,Q9HA72,active,surface,no,agrees,Q9HA72,2026-08-06
CAHM3_HUMAN,Q86XJ0,Q86XJ0,active,non_surface,no,agrees,Q86XJ0,2026-08-06
CALCA_HUMAN,P06881,P06881,active,unclassified,no,agrees,P06881,2026-08-06
CALCB_HUMAN,P10092,P10092,active,unclassified,no,agrees,P10092,2026-08-06
CALCR_HUMAN,P30988,P30988,active,surface,no,agrees,P30988,2026-08-06
CALC_HUMAN,P01258,P01258,active,unclassified,no,agrees,P01258,2026-08-06
CALR3_HUMAN,Q96L12,Q96L12,active,unclassified,no,agrees,Q96L12,2026-08-06
CALRL_HUMAN,Q16602,Q16602,active,surface,no,agrees,Q16602,2026-08-06
CALR_HUMAN,P27797,P27797,active,unclassified,no,agrees,P27797,2026-08-06
CALU_HUMAN,O43852,O43852,active,unclassified,no,agrees,O43852,2026-08-06
CALX_HUMAN,P27824,P27824,active,non_surface,no,agrees,P27824,2026-08-06
CALY_HUMAN,Q9NYX4,Q9NYX4,active,surface,no,agrees,Q9NYX4,2026-08-06
CAMLG_HUMAN,P49069,P49069,active,non_surface,no,agrees,P49069,2026-08-06
CAMP_HUMAN,P49913,P49913,active,unclassified,no,agrees,P49913,2026-08-06
CANT1_HUMAN,Q8WVQ1,Q8WVQ1,active,non_surface,no,agrees,Q8WVQ1,2026-08-06
CAP7_HUMAN,P20160,P20160,active,unclassified,no,agrees,P20160,2026-08-06
CARD8_HUMAN,Q9Y2G2,Q9Y2G2,active,unclassified,no,agrees,Q9Y2G2,2026-08-06
CARM1_HUMAN,Q86X55,Q86X55,active,unclassified,no,agrees,Q86X55,2026-08-06
CART_HUMAN,Q16568,Q16568,active,unclassified,no,agrees,Q16568,2026-08-06
CASA1_HUMAN,P47710,P47710,active,unclassified,no,agrees,P47710,2026-08-06
CASB_HUMAN,P05814,P05814,active,unclassified,no,agrees,P05814,2026-08-06
CASC4_HUMAN,Q6P4E1,Q6P4E1,active,non_surface,no,agrees,Q6P4E1,2026-08-06
CASD1_HUMAN,Q96PB1,Q96PB1,active,surface,no,agrees,Q96PB1,2026-08-06
CASK_HUMAN,P07498,P07498,active,unclassified,no,agrees,P07498,2026-08-06
CASP_HUMAN,Q13948,Q13948,active,non_surface,no,agrees,Q13948,2026-08-06
CASQ1_HUMAN,P31415,P31415,active,unclassified,no,agrees,P31415,2026-08-06
CASQ2_HUMAN,O14958,O14958,active,unclassified,no,agrees,O14958,2026-08-06
CASR_HUMAN,P41180,P41180,active,surface,no,agrees,P41180,2026-08-06
CATB_HUMAN,P07858,P07858,active,unclassified,no,agrees,P07858,2026-08-06
CATC_HUMAN,P53634,P53634,active,unclassified,no,agrees,P53634,2026-08-06
CATD_HUMAN,P07339,P07339,active,unclassified,no,agrees,P07339,2026-08-06
CATE_HUMAN,P14091,P14091,active,unclassified,no,agrees,P14091,2026-08-06
CATF_HUMAN,Q9UBX1,Q9UBX1,active,unclassified,no,agrees,Q9UBX1,2026-08-06
CATG_HUMAN,P08311,P08311,active,unclassified,no,agrees,P08311,2026-08-06
CATH_HUMAN,P09668,P09668,active,unclassified,no,agrees,P09668,2026-08-06
CATK_HUMAN,P43235,P43235,active,unclassified,no,agrees,P43235,2026-08-06
CATL1_HUMAN,P07711,P07711,active,unclassified,no,agrees,P07711,2026-08-06
CATL2_HUMAN,O60911,O60911,active,unclassified,no,agrees,O60911,2026-08-06
CATO_HUMAN,P43234,P43234,active,unclassified,no,agrees,P43234,2026-08-06
CATS_HUMAN,P25774,P25774,active,unclassified,no,agrees,P25774,2026-08-06
CATW_HUMAN,P56202,P56202,active,unclassified,no,agrees,P56202,2026-08-06
CATZ_HUMAN,Q9UBR2,Q9UBR2,active,unclassified,no,agrees,Q9UBR2,2026-08-06
CAV1_HUMAN,Q03135,Q03135,active,unclassified,no,agrees,Q03135,2026-08-06
CAV2_HUMAN,P51636,P51636,active,unclassified,no,agrees,P51636,2026-08-06
CAV3_HUMAN,P56539,P56539,active,unclassified,no,agrees,P56539,2026-08-06
CB066_HUMAN,Q6UXQ4,Q6UXQ4,active,unclassified,no,agrees,Q6UXQ4,2026-08-06
CB069_HUMAN,Q8N8R5,Q8N8R5,active,unclassified,no,agrees,Q8N8R5,2026-08-06
CB074_HUMAN,A8MZ97,A8MZ97,active,non_surface,no,agrees,A8MZ97,2026-08-06
CB078_HUMAN,A6NCI8,A6NCI8,active,unclassified,no,agrees,A6NCI8,2026-08-06
CB082_HUMAN,Q6UX34,Q6UX34,active,unclassified,no,agrees,Q6UX34,2026-08-06
CBG_HUMAN,P08185,P08185,active,unclassified,no,agrees,P08185,2026-08-06
CBLN1_HUMAN,P23435,P23435,active,unclassified,no,agrees,P23435,2026-08-06
CBLN2_HUMAN,Q8IUK8,Q8IUK8,active,unclassified,no,agrees,Q8IUK8,2026-08-06
CBLN3_HUMAN,Q6UW01,Q6UW01,active,unclassified,no,agrees,Q6UW01,2026-08-06
CBLN4_HUMAN,Q9NTU7,Q9NTU7,active,unclassified,no,agrees,Q9NTU7,2026-08-06
CBPA1_HUMAN,P15085,P15085,active,unclassified,no,agrees,P15085,2026-08-06
CBPA2_HUMAN,P48052,P48052,active,unclassified,no,agrees,P48052,2026-08-06
CBPA3_HUMAN,P15088,P15088,active,unclassified,no,agrees,P15088,2026-08-06
CBPA4_HUMAN,Q9UI42,Q9UI42,active,unclassified,no,agrees,Q9UI42,2026-08-06
CBPA5_HUMAN,Q8WXQ8,Q8WXQ8,active,unclassified,no,agrees,Q8WXQ8,2026-08-06
CBPA6_HUMAN,Q8N4T0,Q8N4T0,active,unclassified,no,agrees,Q8N4T0,2026-08-06
CBPB1_HUMAN,P15086,P15086,active,unclassified,no,agrees,P15086,2026-08-06
CBPB2_HUMAN,Q96IY4,Q96IY4,active,unclassified,no,agrees,Q96IY4,2026-08-06
CBPD_HUMAN,O75976,O75976,active,surface,no,agrees,O75976,2026-08-06
CBPE_HUMAN,P16870,P16870,active,unclassified,no,agrees,P16870,2026-08-06
CBPM_HUMAN,P14384,P14384,active,surface,no,agrees,P14384,2026-08-06
CBPN_HUMAN,P15169,P15169,active,unclassified,no,agrees,P15169,2026-08-06
CBPO_HUMAN,Q8IVL8,Q8IVL8,active,unclassified,no,agrees,Q8IVL8,2026-08-06
CBPQ_HUMAN,Q9Y646,Q9Y646,active,unclassified,no,agrees,Q9Y646,2026-08-06
CBPZ_HUMAN,Q66K79,Q66K79,active,unclassified,no,agrees,Q66K79,2026-08-06
CC017_HUMAN,Q6NW34,Q6NW34,active,non_surface,no,agrees,Q6NW34,2026-08-06
CC018_HUMAN,Q9UK00,Q9UK00,active,unclassified,no,agrees,Q9UK00,2026-08-06
CC033_HUMAN,Q6P1S2,Q6P1S2,active,non_surface,no,agrees,Q6P1S2,2026-08-06
CC055_HUMAN,A1A4F0,A1A4F0,active,unclassified,no,agrees,A1A4F0,2026-08-06
CC080_HUMAN,F5H4A9,F5H4A9,active,surface,no,agrees,F5H4A9,2026-08-06
CC107_HUMAN,Q8WV48,Q8WV48,active,unclassified,no,agrees,Q8WV48,2026-08-06
CC108_HUMAN,Q6ZU64,Q6ZU64,active,non_surface,no,agrees,Q6ZU64,2026-08-06
CC126_HUMAN,Q96EE4,Q96EE4,active,unclassified,no,agrees,Q96EE4,2026-08-06
CC127_HUMAN,Q96BQ5,Q96BQ5,active,non_surface,no,agrees,Q96BQ5,2026-08-06
CC134_HUMAN,Q9H6E4,Q9H6E4,active,unclassified,no,agrees,Q9H6E4,2026-08-06
CC136_HUMAN,Q96JN2,Q96JN2,active,non_surface,no,agrees,Q96JN2,2026-08-06
CC14C_HUMAN,A4D256,A4D256,active,non_surface,no,agrees,A4D256,2026-08-06
CC167_HUMAN,Q9P0B6,Q9P0B6,active,non_surface,no,agrees,Q9P0B6,2026-08-06
CC171_HUMAN,Q6TFL3,Q6TFL3,active,non_surface,no,agrees,Q6TFL3,2026-08-06
CC180_HUMAN,Q9P1Z9,Q9P1Z9,active,non_surface,no,agrees,Q9P1Z9,2026-08-06
CC4L_HUMAN,Q8NHW4,Q8NHW4,active,unclassified,no,agrees,Q8NHW4,2026-08-06
CC50A_HUMAN,Q9NV96,Q9NV96,active,surface,no,agrees,Q9NV96,2026-08-06
CC50B_HUMAN,Q3MIR4,Q3MIR4,active,unclassified,no,agrees,Q3MIR4,2026-08-06
CC50C_HUMAN,A0ZSE6,A0ZSE6,active,surface,no,agrees,A0ZSE6,2026-08-06
CC85A_HUMAN,Q96PX6,Q96PX6,active,unclassified,no,agrees,Q96PX6,2026-08-06
CC90B_HUMAN,Q9GZT6,Q9GZT6,active,non_surface,no,agrees,Q9GZT6,2026-08-06
CCBE1_HUMAN,Q6UXH8,Q6UXH8,active,unclassified,no,agrees,Q6UXH8,2026-08-06
CCD47_HUMAN,Q96A33,Q96A33,active,non_surface,no,agrees,Q96A33,2026-08-06
CCD51_HUMAN,Q96ER9,Q96ER9,active,non_surface,no,agrees,Q96ER9,2026-08-06
CCD70_HUMAN,Q6NSX1,Q6NSX1,active,unclassified,no,agrees,Q6NSX1,2026-08-06
CCD80_HUMAN,Q76M96,Q76M96,active,unclassified,no,agrees,Q76M96,2026-08-06
CCDB1_HUMAN,O95273,O95273,active,unclassified,no,agrees,O95273,2026-08-06
CCDC3_HUMAN,Q9BQI4,Q9BQI4,active,unclassified,no,agrees,Q9BQI4,2026-08-06
CCER2_HUMAN,I3L3R5,I3L3R5,active,unclassified,no,agrees,I3L3R5,2026-08-06
CCG1_HUMAN,Q06432,Q06432,active,surface,no,agrees,Q06432,2026-08-06
CCG2_HUMAN,Q9Y698,Q9Y698,active,surface,no,agrees,Q9Y698,2026-08-06
CCG3_HUMAN,O60359,O60359,active,surface,no,agrees,O60359,2026-08-06
CCG4_HUMAN,Q9UBN1,Q9UBN1,active,surface,no,agrees,Q9UBN1,2026-08-06
CCG5_HUMAN,Q9UF02,Q9UF02,active,surface,no,agrees,Q9UF02,2026-08-06
CCG6_HUMAN,Q9BXT2,Q9BXT2,active,surface,no,agrees,Q9BXT2,2026-08-06
CCG7_HUMAN,P62955,P62955,active,surface,no,agrees,P62955,2026-08-06
CCG8_HUMAN,Q8WXS5,Q8WXS5,active,surface,no,agrees,Q8WXS5,2026-08-06
CCGL_HUMAN,Q8WXS4,Q8WXS4,active,surface,no,agrees,Q8WXS4,2026-08-06
CCHL_HUMAN,P53701,P53701,active,unclassified,no,agrees,P53701,2026-08-06
CCKAR_HUMAN,P32238,P32238,active,surface,no,agrees,P32238,2026-08-06
CCKN_HUMAN,P06307,P06307,active,unclassified,no,agrees,P06307,2026-08-06
CCL11_HUMAN,P51671,P51671,active,unclassified,no,agrees,P51671,2026-08-06
CCL13_HUMAN,Q99616,Q99616,active,unclassified,no,agrees,Q99616,2026-08-06
CCL14_HUMAN,Q16627,Q16627,active,unclassified,no,agrees,Q16627,2026-08-06
CCL15_HUMAN,Q16663,Q16663,active,unclassified,no,agrees,Q16663,2026-08-06
CCL16_HUMAN,O15467,O15467,active,unclassified,no,agrees,O15467,2026-08-06
CCL17_HUMAN,Q92583,Q92583,active,unclassified,no,agrees,Q92583,2026-08-06
CCL18_HUMAN,P55774,P55774,active,unclassified,no,agrees,P55774,2026-08-06
CCL19_HUMAN,Q99731,Q99731,active,unclassified,no,agrees,Q99731,2026-08-06
CCL1_HUMAN,P22362,P22362,active,unclassified,no,agrees,P22362,2026-08-06
CCL20_HUMAN,P78556,P78556,active,unclassified,no,agrees,P78556,2026-08-06
CCL21_HUMAN,O00585,O00585,active,unclassified,no,agrees,O00585,2026-08-06
CCL22_HUMAN,O00626,O00626,active,unclassified,no,agrees,O00626,2026-08-06
CCL23_HUMAN,P55773,P55773,active,unclassified,no,agrees,P55773,2026-08-06
CCL24_HUMAN,O00175,O00175,active,unclassified,no,agrees,O00175,2026-08-06
CCL25_HUMAN,O15444,O15444,active,unclassified,no,agrees,O15444,2026-08-06
CCL26_HUMAN,Q9Y258,Q9Y258,active,unclassified,no,agrees,Q9Y258,2026-08-06
CCL27_HUMAN,Q9Y4X3,Q9Y4X3,active,unclassified,no,agrees,Q9Y4X3,2026-08-06
CCL28_HUMAN,Q9NRJ3,Q9NRJ3,active,unclassified,no,agrees,Q9NRJ3,2026-08-06
CCL2_HUMAN,P13500,P13500,active,unclassified,no,agrees,P13500,2026-08-06
CCL3_HUMAN,P10147,P10147,active,unclassified,no,agrees,P10147,2026-08-06
CCL4_HUMAN,P13236,P13236,active,unclassified,no,agrees,P13236,2026-08-06
CCL5_HUMAN,P13501,P13501,active,unclassified,no,agrees,P13501,2026-08-06
CCL7_HUMAN,P80098,P80098,active,unclassified,no,agrees,P80098,2026-08-06
CCL8_HUMAN,P80075,P80075,active,unclassified,no,agrees,P80075,2026-08-06
CCNC_HUMAN,P24863,P24863,active,non_surface,no,agrees,P24863,2026-08-06
CCNF_HUMAN,P41002,P41002,active,non_surface,no,agrees,P41002,2026-08-06
CCNL1_HUMAN,Q9UK58,Q9UK58,active,unclassified,no,agrees,Q9UK58,2026-08-06
CCNL2_HUMAN,Q96S94,Q96S94,active,unclassified,no,agrees,Q96S94,2026-08-06
CCPG1_HUMAN,Q9ULG6,Q9ULG6,active,non_surface,no,agrees,Q9ULG6,2026-08-06
CCR10_HUMAN,P46092,P46092,active,surface,no,agrees,P46092,2026-08-06
CCR1_HUMAN,P32246,P32246,active,surface,no,agrees,P32246,2026-08-06
CCR2_HUMAN,P41597,P41597,active,surface,no,agrees,P41597,2026-08-06
CCR3_HUMAN,P51677,P51677,active,surface,no,agrees,P51677,2026-08-06
CCR4_HUMAN,P51679,P51679,active,surface,no,agrees,P51679,2026-08-06
CCR5_HUMAN,P51681,P51681,active,surface,no,agrees,P51681,2026-08-06
CCR6_HUMAN,P51684,P51684,active,surface,no,agrees,P51684,2026-08-06
CCR7_HUMAN,P32248,P32248,active,surface,no,agrees,P32248,2026-08-06
CCR8_HUMAN,P51685,P51685,active,surface,no,agrees,P51685,2026-08-06
CCR9_HUMAN,P51686,P51686,active,surface,no,agrees,P51686,2026-08-06
CCRL2_HUMAN,O00421,O00421,active,surface,no,agrees,O00421,2026-08-06
CD003_HUMAN,Q8WVX3,Q8WVX3,active,non_surface,no,agrees,Q8WVX3,2026-08-06
CD026_HUMAN,Q17RF5,Q17RF5,active,unclassified,no,agrees,Q17RF5,2026-08-06
CD029_HUMAN,Q0P651,Q0P651,active,unclassified,no,agrees,Q0P651,2026-08-06
CD032_HUMAN,Q8N8J7,Q8N8J7,active,non_surface,no,agrees,Q8N8J7,2026-08-06
CD048_HUMAN,Q5BLP8,Q5BLP8,active,unclassified,no,agrees,Q5BLP8,2026-08-06
CD109_HUMAN,Q6YHK3,Q6YHK3,active,surface,no,agrees,Q6YHK3,2026-08-06
CD14_HUMAN,P08571,P08571,active,surface,no,agrees,P08571,2026-08-06
CD151_HUMAN,P48509,P48509,active,surface,no,agrees,P48509,2026-08-06
CD15L_HUMAN,A8MXV6,A8MXV6,active,non_surface,no,agrees,A8MXV6,2026-08-06
CD166_HUMAN,Q13740,Q13740,active,surface,no,agrees,Q13740,2026-08-06
CD177_HUMAN,Q8N6Q3,Q8N6Q3,active,surface,no,agrees,Q8N6Q3,2026-08-06
CD180_HUMAN,Q99467,Q99467,active,surface,no,agrees,Q99467,2026-08-06
CD19_HUMAN,P15391,P15391,active,surface,no,agrees,P15391,2026-08-06
CD1A_HUMAN,P06126,P06126,active,surface,no,agrees,P06126,2026-08-06
CD1B_HUMAN,P29016,P29016,active,surface,no,agrees,P29016,2026-08-06
CD1C_HUMAN,P29017,P29017,active,surface,no,agrees,P29017,2026-08-06
CD1D_HUMAN,P15813,P15813,active,surface,no,agrees,P15813,2026-08-06
CD1E_HUMAN,P15812,P15812,active,surface,no,agrees,P15812,2026-08-06
CD209_HUMAN,Q9NNX6,Q9NNX6,active,non_surface,no,agrees,Q9NNX6,2026-08-06
CD20_HUMAN,P11836,P11836,active,surface,no,agrees,P11836,2026-08-06
CD226_HUMAN,Q15762,Q15762,active,surface,no,agrees,Q15762,2026-08-06
CD22_HUMAN,P20273,P20273,active,surface,no,agrees,P20273,2026-08-06
CD244_HUMAN,Q9BZW8,Q9BZW8,active,surface,no,agrees,Q9BZW8,2026-08-06
CD248_HUMAN,Q9HCU0,Q9HCU0,active,surface,no,agrees,Q9HCU0,2026-08-06
CD24_HUMAN,P25063,P25063,active,surface,no,agrees,P25063,2026-08-06
CD276_HUMAN,Q5ZPR3,Q5ZPR3,active,surface,no,agrees,Q5ZPR3,2026-08-06
CD27_HUMAN,P26842,P26842,active,surface,no,agrees,P26842,2026-08-06
CD28_HUMAN,P10747,P10747,active,surface,no,agrees,P10747,2026-08-06
CD2A2_HUMAN,Q8N726,Q8N726,active,non_surface,no,agrees,Q8N726,2026-08-06
CD2_HUMAN,P06729,P06729,active,surface,no,agrees,P06729,2026-08-06
CD302_HUMAN,Q8IX05,Q8IX05,active,surface,no,agrees,Q8IX05,2026-08-06
CD320_HUMAN,Q9NPF0,Q9NPF0,active,surface,no,agrees,Q9NPF0,2026-08-06
CD33_HUMAN,P20138,P20138,active,surface,no,agrees,P20138,2026-08-06
CD34_HUMAN,P28906,P28906,active,surface,no,agrees,P28906,2026-08-06
CD36_HUMAN,P16671,P16671,active,surface,no,agrees,P16671,2026-08-06
CD37_HUMAN,P11049,P11049,active,surface,no,agrees,P11049,2026-08-06
CD38_HUMAN,P28907,P28907,active,surface,no,agrees,P28907,2026-08-06
CD3D_HUMAN,P04234,P04234,active,surface,no,agrees,P04234,2026-08-06
CD3E_HUMAN,P07766,P07766,active,unclassified,no,agrees,P07766,2026-08-06
CD3G_HUMAN,P09693,P09693,active,surface,no,agrees,P09693,2026-08-06
CD3Z_HUMAN,P20963,P20963,active,non_surface,no,agrees,P20963,2026-08-06
CD40L_HUMAN,P29965,P29965,active,surface,no,agrees,P29965,2026-08-06
CD44_HUMAN,P16070,P16070,active,surface,no,agrees,P16070,2026-08-06
CD47_HUMAN,Q08722,Q08722,active,surface,no,agrees,Q08722,2026-08-06
CD48_HUMAN,P09326,P09326,active,surface,no,agrees,P09326,2026-08-06
CD4_HUMAN,P01730,P01730,active,surface,no,agrees,P01730,2026-08-06
CD52_HUMAN,P31358,P31358,active,surface,no,agrees,P31358,2026-08-06
CD53_HUMAN,P19397,P19397,active,surface,no,agrees,P19397,2026-08-06
CD59_HUMAN,P13987,P13987,active,surface,no,agrees,P13987,2026-08-06
CD5L_HUMAN,O43866,O43866,active,unclassified,no,agrees,O43866,2026-08-06
CD5_HUMAN,P06127,P06127,active,surface,no,agrees,P06127,2026-08-06
CD63_HUMAN,P08962,P08962,active,surface,no,agrees,P08962,2026-08-06
CD68_HUMAN,P34810,P34810,active,surface,no,agrees,P34810,2026-08-06
CD69_HUMAN,Q07108,Q07108,active,surface,no,agrees,Q07108,2026-08-06
CD6_HUMAN,P30203,P30203,active,surface,no,agrees,P30203,2026-08-06
CD70_HUMAN,P32970,P32970,active,surface,no,agrees,P32970,2026-08-06
CD72_HUMAN,P21854,P21854,active,non_surface,no,agrees,P21854,2026-08-06
CD79A_HUMAN,P11912,P11912,active,surface,no,agrees,P11912,2026-08-06
CD79B_HUMAN,P40259,P40259,active,surface,no,agrees,P40259,2026-08-06
CD7_HUMAN,P09564,P09564,active,surface,no,agrees,P09564,2026-08-06
CD80_HUMAN,P33681,P33681,active,surface,no,agrees,P33681,2026-08-06
CD81_HUMAN,P60033,P60033,active,unclassified,no,agrees,P60033,2026-08-06
CD82_HUMAN,P27701,P27701,active,surface,no,agrees,P27701,2026-08-06
CD83_HUMAN,Q01151,Q01151,active,surface,no,agrees,Q01151,2026-08-06
CD86_HUMAN,P42081,P42081,active,surface,no,agrees,P42081,2026-08-06
CD8A_HUMAN,P01732,P01732,active,surface,no,agrees,P01732,2026-08-06
CD8BL_HUMAN,A6NJW9,A6NJW9,active,surface,no,agrees,A6NJW9,2026-08-06
CD8B_HUMAN,P10966,P10966,active,surface,no,agrees,P10966,2026-08-06
CD97_HUMAN,P48960,P48960,active,surface,no,agrees,P48960,2026-08-06
CD99_HUMAN,P14209,P14209,active,unclassified,no,agrees,P14209,2026-08-06
CD9_HUMAN,P21926,P21926,active,surface,no,agrees,P21926,2026-08-06
CDAN1_HUMAN,Q8IWY9,Q8IWY9,active,non_surface,no,agrees,Q8IWY9,2026-08-06
CDC23_HUMAN,Q9UJX2,Q9UJX2,active,unclassified,no,agrees,Q9UJX2,2026-08-06
CDCP1_HUMAN,Q9H5V8,Q9H5V8,active,surface,no,agrees,Q9H5V8,2026-08-06
CDCP2_HUMAN,Q5VXM1,Q5VXM1,active,unclassified,no,agrees,Q5VXM1,2026-08-06
CDHR1_HUMAN,Q96JP9,Q96JP9,active,surface,no,agrees,Q96JP9,2026-08-06
CDHR2_HUMAN,Q9BYE9,Q9BYE9,active,surface,no,agrees,Q9BYE9,2026-08-06
CDHR3_HUMAN,Q6ZTQ4,Q6ZTQ4,active,surface,no,agrees,Q6ZTQ4,2026-08-06
CDHR4_HUMAN,A6H8M9,A6H8M9,active,surface,no,agrees,A6H8M9,2026-08-06
CDHR5_HUMAN,Q9HBB8,Q9HBB8,active,surface,no,agrees,Q9HBB8,2026-08-06
CDIPT_HUMAN,O14735,O14735,active,non_surface,no,agrees,O14735,2026-08-06
CDKA1_HUMAN,O14519,O14519,active,unclassified,no,agrees,O14519,2026-08-06
CDKAL_HUMAN,Q5VV42,Q5VV42,active,non_surface,no,agrees,Q5VV42,2026-08-06
CDNF_HUMAN,Q49AH0,Q49AH0,active,unclassified,no,agrees,Q49AH0,2026-08-06
CDON_HUMAN,Q4KMG0,Q4KMG0,active,surface,no,agrees,Q4KMG0,2026-08-06
CDS1_HUMAN,Q92903,Q92903,active,non_surface,no,agrees,Q92903,2026-08-06
CDS2_HUMAN,O95674,O95674,active,non_surface,no,agrees,O95674,2026-08-06
CDSN_HUMAN,Q15517,Q15517,active,unclassified,no,agrees,Q15517,2026-08-06
CDY1_HUMAN,Q9Y6F8,Q9Y6F8,active,non_surface,no,agrees,Q9Y6F8,2026-08-06
CDY2_HUMAN,Q9Y6F7,Q9Y6F7,active,non_surface,no,agrees,Q9Y6F7,2026-08-06
CDYL1_HUMAN,Q9Y232,Q9Y232,active,non_surface,no,agrees,Q9Y232,2026-08-06
CDYL2_HUMAN,Q8N8U2,Q8N8U2,active,non_surface,no,agrees,Q8N8U2,2026-08-06
CE028_HUMAN,Q0VDI3,Q0VDI3,active,non_surface,no,agrees,Q0VDI3,2026-08-06
CE042_HUMAN,Q9H799,Q9H799,active,non_surface,no,agrees,Q9H799,2026-08-06
CE046_HUMAN,Q6UWT4,Q6UWT4,active,unclassified,no,agrees,Q6UWT4,2026-08-06
CE055_HUMAN,Q8N2X6,Q8N2X6,active,unclassified,no,agrees,Q8N2X6,2026-08-06
CE060_HUMAN,A6NFR6,A6NFR6,active,non_surface,no,agrees,A6NFR6,2026-08-06
CE064_HUMAN,Q2M2E5,Q2M2E5,active,unclassified,no,agrees,Q2M2E5,2026-08-06
CEA16_HUMAN,Q2WEN9,Q2WEN9,active,unclassified,no,agrees,Q2WEN9,2026-08-06
CEA18_HUMAN,A8MTB9,A8MTB9,active,unclassified,no,agrees,A8MTB9,2026-08-06
CEA19_HUMAN,Q7Z692,Q7Z692,active,surface,no,agrees,Q7Z692,2026-08-06
CEA20_HUMAN,Q6UY09,Q6UY09,active,surface,no,agrees,Q6UY09,2026-08-06
CEA21_HUMAN,Q3KPI0,Q3KPI0,active,surface,no,agrees,Q3KPI0,2026-08-06
CEAM1_HUMAN,P13688,P13688,active,surface,no,agrees,P13688,2026-08-06
CEAM3_HUMAN,P40198,P40198,active,surface,no,agrees,P40198,2026-08-06
CEAM4_HUMAN,O75871,O75871,active,surface,no,agrees,O75871,2026-08-06
CEAM5_HUMAN,P06731,P06731,active,surface,no,agrees,P06731,2026-08-06
CEAM6_HUMAN,P40199,P40199,active,surface,no,agrees,P40199,2026-08-06
CEAM7_HUMAN,Q14002,Q14002,active,surface,no,agrees,Q14002,2026-08-06
CEAM8_HUMAN,P31997,P31997,active,surface,no,agrees,P31997,2026-08-06
CEAS1_HUMAN,Q8N7Q2,Q8N7Q2,active,unclassified,no,agrees,Q8N7Q2,2026-08-06
CEBPD_HUMAN,P49716,P49716,active,unclassified,no,agrees,P49716,2026-08-06
CECR1_HUMAN,Q9NZK5,Q9NZK5,active,unclassified,no,agrees,Q9NZK5,2026-08-06
CECR5_HUMAN,Q9BXW7,Q9BXW7,active,unclassified,no,agrees,Q9BXW7,2026-08-06
CECR6_HUMAN,Q9BXQ6,Q9BXQ6,active,unclassified,no,agrees,Q9BXQ6,2026-08-06
CECR9_HUMAN,P0C854,P0C854,active,unclassified,no,agrees,P0C854,2026-08-06
CEGT_HUMAN,Q16739,Q16739,active,non_surface,no,agrees,Q16739,2026-08-06
CEI_HUMAN,Q86SI9,Q86SI9,active,unclassified,no,agrees,Q86SI9,2026-08-06
CEL2A_HUMAN,P08217,P08217,active,unclassified,no,agrees,P08217,2026-08-06
CEL2B_HUMAN,P08218,P08218,active,unclassified,no,agrees,P08218,2026-08-06
CEL3A_HUMAN,P09093,P09093,active,unclassified,no,agrees,P09093,2026-08-06
CEL3B_HUMAN,P08861,P08861,active,unclassified,no,agrees,P08861,2026-08-06
CELA1_HUMAN,Q9UNI1,Q9UNI1,active,unclassified,no,agrees,Q9UNI1,2026-08-06
CELR1_HUMAN,Q9NYQ6,Q9NYQ6,active,surface,no,agrees,Q9NYQ6,2026-08-06
CELR2_HUMAN,Q9HCU4,Q9HCU4,active,surface,no,agrees,Q9HCU4,2026-08-06
CELR3_HUMAN,Q9NYQ7,Q9NYQ7,active,surface,no,agrees,Q9NYQ7,2026-08-06
CEL_HUMAN,P19835,P19835,active,unclassified,no,agrees,P19835,2026-08-06
CEMIP_HUMAN,Q8WUJ3,Q8WUJ3,active,unclassified,no,agrees,Q8WUJ3,2026-08-06
CEND_HUMAN,Q8N111,Q8N111,active,non_surface,no,agrees,Q8N111,2026-08-06
CENPV_HUMAN,Q7Z7K6,Q7Z7K6,active,unclassified,no,agrees,Q7Z7K6,2026-08-06
CENPW_HUMAN,Q5EE01,Q5EE01,active,unclassified,no,agrees,Q5EE01,2026-08-06
CEP57_HUMAN,Q86XR8,Q86XR8,active,unclassified,no,agrees,Q86XR8,2026-08-06
CEP89_HUMAN,Q96ST8,Q96ST8,active,unclassified,no,agrees,Q96ST8,2026-08-06
CEPT1_HUMAN,Q9Y6K0,Q9Y6K0,active,unclassified,no,agrees,Q9Y6K0,2026-08-06
CER1_HUMAN,O95813,O95813,active,unclassified,no,agrees,O95813,2026-08-06
CERS1_HUMAN,P27544,P27544,active,non_surface,no,agrees,P27544,2026-08-06
CERS2_HUMAN,Q96G23,Q96G23,active,non_surface,no,agrees,Q96G23,2026-08-06
CERS3_HUMAN,Q8IU89,Q8IU89,active,non_surface,no,agrees,Q8IU89,2026-08-06
CERS4_HUMAN,Q9HA82,Q9HA82,active,non_surface,no,agrees,Q9HA82,2026-08-06
CERS5_HUMAN,Q8N5B7,Q8N5B7,active,non_surface,no,agrees,Q8N5B7,2026-08-06
CERS6_HUMAN,Q6ZMG9,Q6ZMG9,active,non_surface,no,agrees,Q6ZMG9,2026-08-06
CERU_HUMAN,P00450,P00450,active,unclassified,no,agrees,P00450,2026-08-06
CES1P_HUMAN,Q9UKY3,Q9UKY3,active,unclassified,no,agrees,Q9UKY3,2026-08-06
CETP_HUMAN,P11597,P11597,active,unclassified,no,agrees,P11597,2026-08-06
CF001_HUMAN,Q86T20,Q86T20,active,unclassified,no,agrees,Q86T20,2026-08-06
CF010_HUMAN,Q5SRN2,Q5SRN2,active,non_surface,no,agrees,Q5SRN2,2026-08-06
CF015_HUMAN,Q6UXA7,Q6UXA7,active,unclassified,no,agrees,Q6UXA7,2026-08-06
CF047_HUMAN,O95873,O95873,active,non_surface,no,agrees,O95873,2026-08-06
CF050_HUMAN,Q9HD87,Q9HD87,active,non_surface,no,agrees,Q9HD87,2026-08-06
CF058_HUMAN,Q6P5S2,Q6P5S2,active,unclassified,no,agrees,Q6P5S2,2026-08-06
CF089_HUMAN,Q6UWU4,Q6UWU4,active,unclassified,no,agrees,Q6UWU4,2026-08-06
CF120_HUMAN,Q7Z4R8,Q7Z4R8,active,unclassified,no,agrees,Q7Z4R8,2026-08-06
CF136_HUMAN,Q5SQH8,Q5SQH8,active,non_surface,no,agrees,Q5SQH8,2026-08-06
CF176_HUMAN,A8K010,A8K010,active,non_surface,no,agrees,A8K010,2026-08-06
CFA45_HUMAN,Q9UL16,Q9UL16,active,unclassified,no,agrees,Q9UL16,2026-08-06
CFAB_HUMAN,P00751,P00751,active,unclassified,no,agrees,P00751,2026-08-06
CFAD_HUMAN,P00746,P00746,active,unclassified,no,agrees,P00746,2026-08-06
CFAH_HUMAN,P08603,P08603,active,unclassified,no,agrees,P08603,2026-08-06
CFAI_HUMAN,P05156,P05156,active,unclassified,no,agrees,P05156,2026-08-06
CFC1B_HUMAN,P0CG36,P0CG36,active,unclassified,no,agrees,P0CG36,2026-08-06
CFC1_HUMAN,P0CG37,P0CG37,active,surface,no,agrees,P0CG37,2026-08-06
CFTR_HUMAN,P13569,P13569,active,unclassified,no,agrees,P13569,2026-08-06
CG013_HUMAN,Q8NI28,Q8NI28,active,non_surface,no,agrees,Q8NI28,2026-08-06
CG034_HUMAN,Q96L11,Q96L11,active,unclassified,no,agrees,Q96L11,2026-08-06
CG066_HUMAN,A4D0T2,A4D0T2,inactive,non_surface,no,agrees,A4D0T2,2026-08-06
CG069_HUMAN,Q9H7B7,Q9H7B7,active,unclassified,no,agrees,Q9H7B7,2026-08-06
CG073_HUMAN,E0CX11,E0CX11,active,unclassified,no,agrees,E0CX11,2026-08-06
CGAT1_HUMAN,Q8TDX6,Q8TDX6,active,non_surface,no,agrees,Q8TDX6,2026-08-06
CGAT2_HUMAN,Q8N6G5,Q8N6G5,active,non_surface,no,agrees,Q8N6G5,2026-08-06
CGB1_HUMAN,A6NKQ9,A6NKQ9,active,unclassified,no,agrees,A6NKQ9,2026-08-06
CGB2_HUMAN,Q6NT52,Q6NT52,active,unclassified,no,agrees,Q6NT52,2026-08-06
CGHB_HUMAN,P01233,P01233,inactive,unclassified,no,agrees,P01233,2026-08-06
CGRE1_HUMAN,Q99674,Q99674,active,unclassified,no,agrees,Q99674,2026-08-06
CGRF1_HUMAN,Q99675,Q99675,active,non_surface,no,agrees,Q99675,2026-08-06
CGT_HUMAN,Q16880,Q16880,active,surface,no,agrees,Q16880,2026-08-06
CH033_HUMAN,Q9H7E9,Q9H7E9,active,unclassified,no,agrees,Q9H7E9,2026-08-06
CH049_HUMAN,Q96NF6,Q96NF6,inactive,non_surface,no,agrees,Q96NF6,2026-08-06
CH25H_HUMAN,O95992,O95992,active,non_surface,no,agrees,O95992,2026-08-06
CH3L1_HUMAN,P36222,P36222,active,unclassified,no,agrees,P36222,2026-08-06
CH3L2_HUMAN,Q15782,Q15782,active,unclassified,no,agrees,Q15782,2026-08-06
CHADL_HUMAN,Q6NUI6,Q6NUI6,active,unclassified,no,agrees,Q6NUI6,2026-08-06
CHAD_HUMAN,O15335,O15335,active,unclassified,no,agrees,O15335,2026-08-06
CHDC2_HUMAN,Q8N9S7,Q6ZTR5,merged,non_surface,no,disagrees,Q6ZTR5,2026-08-06
CHIA_HUMAN,Q9BZP6,Q9BZP6,active,unclassified,no,agrees,Q9BZP6,2026-08-06
CHIC1_HUMAN,Q5VXU3,Q5VXU3,active,non_surface,no,agrees,Q5VXU3,2026-08-06
CHIC2_HUMAN,Q9UKJ5,Q9UKJ5,active,non_surface,no,agrees,Q9UKJ5,2026-08-06
CHID1_HUMAN,Q9BWS9,Q9BWS9,active,unclassified,no,agrees,Q9BWS9,2026-08-06
CHIT1_HUMAN,Q13231,Q13231,active,unclassified,no,agrees,Q13231,2026-08-06
CHLE_HUMAN,P06276,P06276,active,unclassified,no,agrees,P06276,2026-08-06
CHODL_HUMAN,Q9H9P2,Q9H9P2,active,surface,no,agrees,Q9H9P2,2026-08-06
CHPF2_HUMAN,Q9P2E5,Q9P2E5,active,non_surface,no,agrees,Q9P2E5,2026-08-06
CHPT1_HUMAN,Q8WUD6,Q8WUD6,active,surface,no,agrees,Q8WUD6,2026-08-06
CHRD_HUMAN,Q9H2X0,Q9H2X0,active,unclassified,no,agrees,Q9H2X0,2026-08-06
CHSS1_HUMAN,Q86X52,Q86X52,active,non_surface,no,agrees,Q86X52,2026-08-06
CHSS2_HUMAN,Q8IZ52,Q8IZ52,active,non_surface,no,agrees,Q8IZ52,2026-08-06
CHSS3_HUMAN,Q70JA7,Q70JA7,active,non_surface,no,agrees,Q70JA7,2026-08-06
CHST1_HUMAN,O43916,O43916,active,non_surface,no,agrees,O43916,2026-08-06
CHST2_HUMAN,Q9Y4C5,Q9Y4C5,active,non_surface,no,agrees,Q9Y4C5,2026-08-06
CHST3_HUMAN,Q7LGC8,Q7LGC8,active,non_surface,no,agrees,Q7LGC8,2026-08-06
CHST4_HUMAN,Q8NCG5,Q8NCG5,active,non_surface,no,agrees,Q8NCG5,2026-08-06
CHST5_HUMAN,Q9GZS9,Q9GZS9,active,non_surface,no,agrees,Q9GZS9,2026-08-06
CHST6_HUMAN,Q9GZX3,Q9GZX3,active,non_surface,no,agrees,Q9GZX3,2026-08-06
CHST7_HUMAN,Q9NS84,Q9NS84,active,non_surface,no,agrees,Q9NS84,2026-08-06
CHST8_HUMAN,Q9H2A9,Q9H2A9,active,non_surface,no,agrees,Q9H2A9,2026-08-06
CHST9_HUMAN,Q7L1S5,Q7L1S5,active,unclassified,no,agrees,Q7L1S5,2026-08-06
CHSTA_HUMAN,O43529,O43529,active,non_surface,no,agrees,O43529,2026-08-06
CHSTB_HUMAN,Q9NPF2,Q9NPF2,active,non_surface,no,agrees,Q9NPF2,2026-08-06
CHSTC_HUMAN,Q9NRB3,Q9NRB3,active,non_surface,no,agrees,Q9NRB3,2026-08-06
CHSTD_HUMAN,Q8NET6,Q8NET6,active,non_surface,no,agrees,Q8NET6,2026-08-06
CHSTE_HUMAN,Q8NCH0,Q8NCH0,active,non_surface,no,agrees,Q8NCH0,2026-08-06
CHSTF_HUMAN,Q7LFX5,Q7LFX5,active,non_surface,no,agrees,Q7LFX5,2026-08-06
CI047_HUMAN,Q6ZRZ4,Q6ZRZ4,inactive,unclassified,no,agrees,Q6ZRZ4,2026-08-06
CI057_HUMAN,Q5W0N0,Q5W0N0,active,unclassified,no,agrees,Q5W0N0,2026-08-06
CI069_HUMAN,H0YL14,H0YL14,active,non_surface,no,agrees,H0YL14,2026-08-06
CI091_HUMAN,Q5VZI3,Q5VZI3,active,non_surface,no,agrees,Q5VZI3,2026-08-06
CI135_HUMAN,Q5VTT2,Q5VTT2,active,non_surface,no,agrees,Q5VTT2,2026-08-06
CILP1_HUMAN,O75339,O75339,active,unclassified,no,agrees,O75339,2026-08-06
CILP2_HUMAN,Q8IUL8,Q8IUL8,active,unclassified,no,agrees,Q8IUL8,2026-08-06
CIP2A_HUMAN,Q8TCG1,Q8TCG1,active,non_surface,no,agrees,Q8TCG1,2026-08-06
CISD1_HUMAN,Q9NZ45,Q9NZ45,active,non_surface,no,agrees,Q9NZ45,2026-08-06
CISD2_HUMAN,Q8N5K1,Q8N5K1,active,non_surface,no,agrees,Q8N5K1,2026-08-06
CISY_HUMAN,O75390,O75390,active,non_surface,no,agrees,O75390,2026-08-06
CJ025_HUMAN,Q5T742,Q5T742,active,unclassified,no,agrees,Q5T742,2026-08-06
CJ035_HUMAN,Q96D05,Q96D05,active,non_surface,no,agrees,Q96D05,2026-08-06
CJ076_HUMAN,Q5T2E6,Q5T2E6,active,non_surface,no,agrees,Q5T2E6,2026-08-06
CJ099_HUMAN,Q6UWK7,Q6UWK7,active,unclassified,no,agrees,Q6UWK7,2026-08-06
CJ105_HUMAN,Q8TEF2,Q8TEF2,active,non_surface,no,agrees,Q8TEF2,2026-08-06
CJ111_HUMAN,Q8N326,Q8N326,active,non_surface,no,agrees,Q8N326,2026-08-06
CJ128_HUMAN,Q5T292,Q5T292,active,non_surface,no,agrees,Q5T292,2026-08-06
CK024_HUMAN,Q96F05,Q96F05,active,surface,no,agrees,Q96F05,2026-08-06
CK044_HUMAN,Q8N8P7,Q8N8P7,inactive,unclassified,no,agrees,Q8N8P7,2026-08-06
CK045_HUMAN,Q8TAV5,Q8TAV5,active,unclassified,no,agrees,Q8TAV5,2026-08-06
CK080_HUMAN,Q8N6T0,Q8N6T0,active,unclassified,no,agrees,Q8N6T0,2026-08-06
CK087_HUMAN,Q6NUJ2,Q6NUJ2,active,surface,no,agrees,Q6NUJ2,2026-08-06
CK094_HUMAN,C9JXX5,C9JXX5,active,unclassified,no,agrees,C9JXX5,2026-08-06
CKAP4_HUMAN,Q07065,Q07065,active,non_surface,no,agrees,Q07065,2026-08-06
CKLF1_HUMAN,Q8IZ96,Q8IZ96,active,non_surface,no,agrees,Q8IZ96,2026-08-06
CKLF2_HUMAN,Q8TAZ6,Q8TAZ6,active,non_surface,no,agrees,Q8TAZ6,2026-08-06
CKLF3_HUMAN,Q96MX0,Q96MX0,active,non_surface,no,agrees,Q96MX0,2026-08-06
CKLF4_HUMAN,Q8IZR5,Q8IZR5,active,non_surface,no,agrees,Q8IZR5,2026-08-06
CKLF5_HUMAN,Q96DZ9,Q96DZ9,active,unclassified,no,agrees,Q96DZ9,2026-08-06
CKLF6_HUMAN,Q9NX76,Q9NX76,active,non_surface,no,agrees,Q9NX76,2026-08-06
CKLF7_HUMAN,Q96FZ5,Q96FZ5,active,non_surface,no,agrees,Q96FZ5,2026-08-06
CKLF8_HUMAN,Q8IZV2,Q8IZV2,active,non_surface,no,agrees,Q8IZV2,2026-08-06
CKLF_HUMAN,Q9UBR5,Q9UBR5,active,non_surface,no,agrees,Q9UBR5,2026-08-06
CL049_HUMAN,Q9H741,Q9H741,active,unclassified,no,agrees,Q9H741,2026-08-06
CL063_HUMAN,Q6ZTY8,Q96N23,merged,non_surface,no,disagrees,Q96N23,2026-08-06
CL067_HUMAN,Q96M19,Q96M19,active,non_surface,no,agrees,Q96M19,2026-08-06
CL073_HUMAN,Q69YU5,Q69YU5,active,unclassified,no,agrees,Q69YU5,2026-08-06
CL12A_HUMAN,Q5QGZ9,Q5QGZ9,active,surface,no,agrees,Q5QGZ9,2026-08-06
CL12B_HUMAN,Q2HXU8,Q2HXU8,active,surface,no,agrees,Q2HXU8,2026-08-06
CL17A_HUMAN,Q6ZS10,Q6ZS10,active,surface,no,agrees,Q6ZS10,2026-08-06
CL18A_HUMAN,A5D8T8,A5D8T8,active,unclassified,no,agrees,A5D8T8,2026-08-06
CL18B_HUMAN,Q6UXF7,Q6UXF7,active,unclassified,no,agrees,Q6UXF7,2026-08-06
CL18C_HUMAN,Q8NCF0,Q8NCF0,active,unclassified,no,agrees,Q8NCF0,2026-08-06
CL19A_HUMAN,Q6UXS0,Q6UXS0,active,unclassified,no,agrees,Q6UXS0,2026-08-06
CL3L1_HUMAN,P16619,P16619,active,unclassified,no,agrees,P16619,2026-08-06
CLC10_HUMAN,Q8IUN9,Q8IUN9,active,unclassified,no,agrees,Q8IUN9,2026-08-06
CLC11_HUMAN,Q9Y240,Q9Y240,active,unclassified,no,agrees,Q9Y240,2026-08-06
CLC14_HUMAN,Q86T13,Q86T13,active,surface,no,agrees,Q86T13,2026-08-06
CLC1A_HUMAN,Q8NC01,Q8NC01,active,surface,no,agrees,Q8NC01,2026-08-06
CLC1B_HUMAN,Q9P126,Q9P126,active,surface,no,agrees,Q9P126,2026-08-06
CLC2A_HUMAN,Q6UVW9,Q6UVW9,active,unclassified,no,agrees,Q6UVW9,2026-08-06
CLC2B_HUMAN,Q92478,Q92478,active,unclassified,no,agrees,Q92478,2026-08-06
CLC2D_HUMAN,Q9UHP7,Q9UHP7,active,surface,no,agrees,Q9UHP7,2026-08-06
CLC2L_HUMAN,P0C7M8,P0C7M8,active,non_surface,no,agrees,P0C7M8,2026-08-06
CLC3A_HUMAN,O75596,O75596,active,unclassified,no,agrees,O75596,2026-08-06
CLC4A_HUMAN,Q9UMR7,Q9UMR7,active,unclassified,no,agrees,Q9UMR7,2026-08-06
CLC4C_HUMAN,Q8WTT0,Q8WTT0,active,unclassified,no,agrees,Q8WTT0,2026-08-06
CLC4D_HUMAN,Q8WXI8,Q8WXI8,active,unclassified,no,agrees,Q8WXI8,2026-08-06
CLC4E_HUMAN,Q9ULY5,Q9ULY5,active,unclassified,no,agrees,Q9ULY5,2026-08-06
CLC4F_HUMAN,Q8N1N0,Q8N1N0,active,non_surface,no,agrees,Q8N1N0,2026-08-06
CLC4G_HUMAN,Q6UXB4,Q6UXB4,active,surface,no,agrees,Q6UXB4,2026-08-06
CLC4K_HUMAN,Q9UJ71,Q9UJ71,active,unclassified,no,agrees,Q9UJ71,2026-08-06
CLC4M_HUMAN,Q9H2X3,Q9H2X3,active,surface,no,agrees,Q9H2X3,2026-08-06
CLC5A_HUMAN,Q9NY25,Q9NY25,active,surface,no,agrees,Q9NY25,2026-08-06
CLC6A_HUMAN,Q6EIG7,Q6EIG7,active,unclassified,no,agrees,Q6EIG7,2026-08-06
CLC7A_HUMAN,Q9BXN2,Q9BXN2,active,surface,no,agrees,Q9BXN2,2026-08-06
CLC9A_HUMAN,Q6UXN8,Q6UXN8,active,surface,no,agrees,Q6UXN8,2026-08-06
CLCA1_HUMAN,A8K7I4,A8K7I4,active,unclassified,no,agrees,A8K7I4,2026-08-06
CLCA2_HUMAN,Q9UQC9,Q9UQC9,active,surface,no,agrees,Q9UQC9,2026-08-06
CLCA3_HUMAN,Q9Y6N3,Q9Y6N3,inactive,unclassified,no,agrees,Q9Y6N3,2026-08-06
CLCA4_HUMAN,Q14CN2,Q14CN2,active,surface,no,agrees,Q14CN2,2026-08-06
CLCC1_HUMAN,Q96S66,Q96S66,active,unclassified,no,agrees,Q96S66,2026-08-06
CLCF1_HUMAN,Q9UBD9,Q9UBD9,active,unclassified,no,agrees,Q9UBD9,2026-08-06
CLCKA_HUMAN,P51800,P51800,active,unclassified,no,agrees,P51800,2026-08-06
CLCKB_HUMAN,P51801,P51801,active,surface,no,agrees,P51801,2026-08-06
CLCL1_HUMAN,Q8IZS7,Q8IZS7,active,unclassified,no,agrees,Q8IZS7,2026-08-06
CLCN1_HUMAN,P35523,P35523,active,unclassified,no,agrees,P35523,2026-08-06
CLCN2_HUMAN,P51788,P51788,active,non_surface,no,agrees,P51788,2026-08-06
CLCN3_HUMAN,P51790,P51790,active,unclassified,no,agrees,P51790,2026-08-06
CLCN4_HUMAN,P51793,P51793,active,non_surface,no,agrees,P51793,2026-08-06
CLCN5_HUMAN,P51795,P51795,active,unclassified,no,agrees,P51795,2026-08-06
CLCN6_HUMAN,P51797,P51797,active,unclassified,no,agrees,P51797,2026-08-06
CLCN7_HUMAN,P51798,P51798,active,non_surface,no,agrees,P51798,2026-08-06
CLD10_HUMAN,P78369,P78369,active,surface,no,agrees,P78369,2026-08-06
CLD11_HUMAN,O75508,O75508,active,surface,no,agrees,O75508,2026-08-06
CLD12_HUMAN,P56749,P56749,active,surface,no,agrees,P56749,2026-08-06
CLD14_HUMAN,O95500,O95500,active,unclassified,no,agrees,O95500,2026-08-06
CLD15_HUMAN,P56746,P56746,active,surface,no,agrees,P56746,2026-08-06
CLD16_HUMAN,Q9Y5I7,Q9Y5I7,active,surface,no,agrees,Q9Y5I7,2026-08-06
CLD17_HUMAN,P56750,P56750,active,unclassified,no,agrees,P56750,2026-08-06
CLD18_HUMAN,P56856,P56856,active,surface,no,agrees,P56856,2026-08-06
CLD19_HUMAN,Q8N6F1,Q8N6F1,active,surface,no,agrees,Q8N6F1,2026-08-06
CLD1_HUMAN,O95832,O95832,active,surface,no,agrees,O95832,2026-08-06
CLD20_HUMAN,P56880,P56880,active,surface,no,agrees,P56880,2026-08-06
CLD22_HUMAN,Q8N7P3,Q8N7P3,active,surface,no,agrees,Q8N7P3,2026-08-06
CLD23_HUMAN,Q96B33,Q96B33,active,unclassified,no,agrees,Q96B33,2026-08-06
CLD24_HUMAN,A6NM45,A6NM45,active,surface,no,agrees,A6NM45,2026-08-06
CLD25_HUMAN,C9JDP6,C9JDP6,active,non_surface,no,agrees,C9JDP6,2026-08-06
CLD2_HUMAN,P57739,P57739,active,surface,no,agrees,P57739,2026-08-06
CLD3_HUMAN,O15551,O15551,active,surface,no,agrees,O15551,2026-08-06
CLD4_HUMAN,O14493,O14493,active,surface,no,agrees,O14493,2026-08-06
CLD5_HUMAN,O00501,O00501,active,unclassified,no,agrees,O00501,2026-08-06
CLD6_HUMAN,P56747,P56747,active,surface,no,agrees,P56747,2026-08-06
CLD7_HUMAN,O95471,O95471,active,surface,no,agrees,O95471,2026-08-06
CLD8_HUMAN,P56748,P56748,active,surface,no,agrees,P56748,2026-08-06
CLD9_HUMAN,O95484,O95484,active,surface,no,agrees,O95484,2026-08-06
CLDN1_HUMAN,Q9NY35,Q9NY35,active,surface,no,agrees,Q9NY35,2026-08-06
CLDN2_HUMAN,Q8NHS1,Q8NHS1,active,unclassified,no,agrees,Q8NHS1,2026-08-06
CLGN_HUMAN,O14967,O14967,active,non_surface,no,agrees,O14967,2026-08-06
CLM1_HUMAN,Q8TDQ1,Q8TDQ1,active,surface,no,agrees,Q8TDQ1,2026-08-06
CLM2_HUMAN,Q496F6,Q496F6,active,surface,no,agrees,Q496F6,2026-08-06
CLM4_HUMAN,Q6UXZ3,Q6UXZ3,active,surface,no,agrees,Q6UXZ3,2026-08-06
CLM6_HUMAN,Q08708,Q08708,active,surface,no,agrees,Q08708,2026-08-06
CLM7_HUMAN,A8K4G0,A8K4G0,active,unclassified,no,agrees,A8K4G0,2026-08-06
CLM8_HUMAN,Q9UGN4,Q9UGN4,active,surface,no,agrees,Q9UGN4,2026-08-06
CLM9_HUMAN,Q6UXG3,Q6UXG3,active,surface,no,agrees,Q6UXG3,2026-08-06
CLMN_HUMAN,Q96JQ2,Q96JQ2,active,non_surface,no,agrees,Q96JQ2,2026-08-06
CLMP_HUMAN,Q9H6B4,Q9H6B4,active,surface,no,agrees,Q9H6B4,2026-08-06
CLN3_HUMAN,Q13286,Q13286,active,surface,no,agrees,Q13286,2026-08-06
CLN5_HUMAN,O75503,O75503,active,unclassified,no,agrees,O75503,2026-08-06
CLN6_HUMAN,Q9NWW5,Q9NWW5,active,non_surface,no,agrees,Q9NWW5,2026-08-06
CLN8_HUMAN,Q9UBY8,Q9UBY8,active,non_surface,no,agrees,Q9UBY8,2026-08-06
CLP1L_HUMAN,Q96KA5,Q96KA5,active,non_surface,no,agrees,Q96KA5,2026-08-06
CLPT1_HUMAN,O96005,O96005,active,unclassified,no,agrees,O96005,2026-08-06
CLPX_HUMAN,O76031,O76031,active,unclassified,no,agrees,O76031,2026-08-06
CLRN1_HUMAN,P58418,P58418,active,surface,no,agrees,P58418,2026-08-06
CLRN2_HUMAN,A0PK11,A0PK11,active,surface,no,agrees,A0PK11,2026-08-06
CLRN3_HUMAN,Q8NCR9,Q8NCR9,active,unclassified,no,agrees,Q8NCR9,2026-08-06
CLTR1_HUMAN,Q9Y271,Q9Y271,active,surface,no,agrees,Q9Y271,2026-08-06
CLTR2_HUMAN,Q9NS75,Q9NS75,active,surface,no,agrees,Q9NS75,2026-08-06
CLUL1_HUMAN,Q15846,Q15846,active,unclassified,no,agrees,Q15846,2026-08-06
CLUS_HUMAN,P10909,P10909,active,unclassified,no,agrees,P10909,2026-08-06
CLU_HUMAN,O75153,O75153,active,non_surface,no,agrees,O75153,2026-08-06
CLYBL_HUMAN,Q8N0X4,Q8N0X4,active,unclassified,no,agrees,Q8N0X4,2026-08-06
CMA1_HUMAN,P23946,P23946,active,unclassified,no,agrees,P23946,2026-08-06
CMGA_HUMAN,P10645,P10645,active,unclassified,no,agrees,P10645,2026-08-06
CML1_HUMAN,Q99788,Q99788,active,surface,no,agrees,Q99788,2026-08-06
CMTD1_HUMAN,Q86VU5,Q86VU5,active,non_surface,no,agrees,Q86VU5,2026-08-06
CMTR2_HUMAN,Q8IYT2,Q8IYT2,active,non_surface,no,agrees,Q8IYT2,2026-08-06
CN037_HUMAN,Q86TY3,Q86TY3,active,surface,no,agrees,Q86TY3,2026-08-06
CN093_HUMAN,Q9H972,Q9H972,active,unclassified,no,agrees,Q9H972,2026-08-06
CN132_HUMAN,Q9NPU4,Q9NPU4,active,surface,no,agrees,Q9NPU4,2026-08-06
CN144_HUMAN,Q96I85,Q96I85,inactive,unclassified,no,agrees,Q96I85,2026-08-06
CN165_HUMAN,Q86U02,Q86U02,active,non_surface,no,agrees,Q86U02,2026-08-06
CNBD1_HUMAN,Q8NA66,Q8NA66,active,unclassified,no,agrees,Q8NA66,2026-08-06
CNDG2_HUMAN,Q86XI2,Q86XI2,active,non_surface,no,agrees,Q86XI2,2026-08-06
CNDP1_HUMAN,Q96KN2,Q96KN2,active,unclassified,no,agrees,Q96KN2,2026-08-06
CNEP1_HUMAN,O95476,O95476,active,unclassified,no,agrees,O95476,2026-08-06
CNG1O_HUMAN,Q8IZM0,Q8IZM0,active,non_surface,no,agrees,Q8IZM0,2026-08-06
CNGA1_HUMAN,P29973,P29973,active,non_surface,no,agrees,P29973,2026-08-06
CNGA2_HUMAN,Q16280,Q16280,active,non_surface,no,agrees,Q16280,2026-08-06
CNGA3_HUMAN,Q16281,Q16281,active,non_surface,no,agrees,Q16281,2026-08-06
CNGA4_HUMAN,Q8IV77,Q8IV77,active,non_surface,no,agrees,Q8IV77,2026-08-06
CNGB1_HUMAN,Q14028,Q14028,active,non_surface,no,agrees,Q14028,2026-08-06
CNGB3_HUMAN,Q9NQW8,Q9NQW8,active,non_surface,no,agrees,Q9NQW8,2026-08-06
CNIH1_HUMAN,O95406,O95406,active,non_surface,no,agrees,O95406,2026-08-06
CNIH2_HUMAN,Q6PI25,Q6PI25,active,non_surface,no,agrees,Q6PI25,2026-08-06
CNIH3_HUMAN,Q8TBE1,Q8TBE1,active,non_surface,no,agrees,Q8TBE1,2026-08-06
CNIH4_HUMAN,Q9P003,Q9P003,active,non_surface,no,agrees,Q9P003,2026-08-06
CNNM1_HUMAN,Q9NRU3,Q9NRU3,active,unclassified,no,agrees,Q9NRU3,2026-08-06
CNNM2_HUMAN,Q9H8M5,Q9H8M5,active,surface,no,agrees,Q9H8M5,2026-08-06
CNNM3_HUMAN,Q8NE01,Q8NE01,active,surface,no,agrees,Q8NE01,2026-08-06
CNNM4_HUMAN,Q6P4Q7,Q6P4Q7,active,surface,no,agrees,Q6P4Q7,2026-08-06
CNPD1_HUMAN,Q9BV87,Q9BV87,active,unclassified,no,agrees,Q9BV87,2026-08-06
CNPY2_HUMAN,Q9Y2B0,Q9Y2B0,active,unclassified,no,agrees,Q9Y2B0,2026-08-06
CNPY3_HUMAN,Q9BT09,Q9BT09,active,unclassified,no,agrees,Q9BT09,2026-08-06
CNPY4_HUMAN,Q8N129,Q8N129,active,unclassified,no,agrees,Q8N129,2026-08-06
CNR1_HUMAN,P21554,P21554,active,surface,no,agrees,P21554,2026-08-06
CNR2_HUMAN,P34972,P34972,active,surface,no,agrees,P34972,2026-08-06
CNST_HUMAN,Q6PJW8,Q6PJW8,active,non_surface,no,agrees,Q6PJW8,2026-08-06
CNT3B_HUMAN,Q96NU0,Q96NU0,active,surface,no,agrees,Q96NU0,2026-08-06
CNTFR_HUMAN,P26992,P26992,active,surface,no,agrees,P26992,2026-08-06
CNTN1_HUMAN,Q12860,Q12860,active,surface,no,agrees,Q12860,2026-08-06
CNTN2_HUMAN,Q02246,Q02246,active,surface,no,agrees,Q02246,2026-08-06
CNTN3_HUMAN,Q9P232,Q9P232,active,surface,no,agrees,Q9P232,2026-08-06
CNTN4_HUMAN,Q8IWV2,Q8IWV2,active,surface,no,agrees,Q8IWV2,2026-08-06
CNTN5_HUMAN,O94779,O94779,active,surface,no,agrees,O94779,2026-08-06
CNTN6_HUMAN,Q9UQ52,Q9UQ52,active,surface,no,agrees,Q9UQ52,2026-08-06
CNTP1_HUMAN,P78357,P78357,active,surface,no,agrees,P78357,2026-08-06
CNTP2_HUMAN,Q9UHC6,Q9UHC6,active,surface,no,agrees,Q9UHC6,2026-08-06
CNTP3_HUMAN,Q9BZ76,Q9BZ76,active,surface,no,agrees,Q9BZ76,2026-08-06
CNTP4_HUMAN,Q9C0A0,Q9C0A0,active,surface,no,agrees,Q9C0A0,2026-08-06
CNTP5_HUMAN,Q8WYK1,Q8WYK1,active,surface,no,agrees,Q8WYK1,2026-08-06
CO027_HUMAN,Q2M3C6,Q2M3C6,active,unclassified,no,agrees,Q2M3C6,2026-08-06
CO032_HUMAN,Q32M92,Q32M92,active,non_surface,no,agrees,Q32M92,2026-08-06
CO054_HUMAN,Q8N8G6,Q8N8G6,active,non_surface,no,agrees,Q8N8G6,2026-08-06
CO061_HUMAN,A6NNL5,A6NNL5,active,unclassified,no,agrees,A6NNL5,2026-08-06
CO1A1_HUMAN,P02452,P02452,active,unclassified,no,agrees,P02452,2026-08-06
CO1A2_HUMAN,P08123,P08123,active,unclassified,no,agrees,P08123,2026-08-06
CO2A1_HUMAN,P02458,P02458,active,unclassified,no,agrees,P02458,2026-08-06
CO2_HUMAN,P06681,P06681,active,unclassified,no,agrees,P06681,2026-08-06
CO3A1_HUMAN,P02461,P02461,active,unclassified,no,agrees,P02461,2026-08-06
CO3_HUMAN,P01024,P01024,active,unclassified,no,agrees,P01024,2026-08-06
CO4A1_HUMAN,P02462,P02462,active,unclassified,no,agrees,P02462,2026-08-06
CO4A2_HUMAN,P08572,P08572,active,unclassified,no,agrees,P08572,2026-08-06
CO4A3_HUMAN,Q01955,Q01955,active,unclassified,no,agrees,Q01955,2026-08-06
CO4A4_HUMAN,P53420,P53420,active,unclassified,no,agrees,P53420,2026-08-06
CO4A5_HUMAN,P29400,P29400,active,unclassified,no,agrees,P29400,2026-08-06
CO4A6_HUMAN,Q14031,Q14031,active,unclassified,no,agrees,Q14031,2026-08-06
CO4A_HUMAN,P0C0L4,P0C0L4,active,unclassified,no,agrees,P0C0L4,2026-08-06
CO4B_HUMAN,P0C0L5,P0C0L5,active,unclassified,no,agrees,P0C0L5,2026-08-06
CO5A1_HUMAN,P20908,P20908,active,unclassified,no,agrees,P20908,2026-08-06
CO5A2_HUMAN,P05997,P05997,active,unclassified,no,agrees,P05997,2026-08-06
CO5A3_HUMAN,P25940,P25940,active,unclassified,no,agrees,P25940,2026-08-06
CO5_HUMAN,P01031,P01031,active,unclassified,no,agrees,P01031,2026-08-06
CO6A1_HUMAN,P12109,P12109,active,unclassified,no,agrees,P12109,2026-08-06
CO6A2_HUMAN,P12110,P12110,active,unclassified,no,agrees,P12110,2026-08-06
CO6A3_HUMAN,P12111,P12111,active,unclassified,no,agrees,P12111,2026-08-06
CO6A5_HUMAN,A8TX70,A8TX70,active,unclassified,no,agrees,A8TX70,2026-08-06
CO6A6_HUMAN,A6NMZ7,A6NMZ7,active,unclassified,no,agrees,A6NMZ7,2026-08-06
CO6_HUMAN,P13671,P13671,active,unclassified,no,agrees,P13671,2026-08-06
CO7A1_HUMAN,Q02388,Q02388,active,unclassified,no,agrees,Q02388,2026-08-06
CO7_HUMAN,P10643,P10643,active,unclassified,no,agrees,P10643,2026-08-06
CO8A1_HUMAN,P27658,P27658,active,unclassified,no,agrees,P27658,2026-08-06
CO8A2_HUMAN,P25067,P25067,active,unclassified,no,agrees,P25067,2026-08-06
CO8A_HUMAN,P07357,P07357,active,unclassified,no,agrees,P07357,2026-08-06
CO8B_HUMAN,P07358,P07358,active,unclassified,no,agrees,P07358,2026-08-06
CO8G_HUMAN,P07360,P07360,active,unclassified,no,agrees,P07360,2026-08-06
CO9A1_HUMAN,P20849,P20849,active,unclassified,no,agrees,P20849,2026-08-06
CO9A2_HUMAN,Q14055,Q14055,active,unclassified,no,agrees,Q14055,2026-08-06
CO9A3_HUMAN,Q14050,Q14050,active,unclassified,no,agrees,Q14050,2026-08-06
CO9_HUMAN,P02748,P02748,active,unclassified,no,agrees,P02748,2026-08-06
COA1_HUMAN,Q9GZY4,Q9GZY4,active,non_surface,no,agrees,Q9GZY4,2026-08-06
COA3_HUMAN,Q9Y2R0,Q9Y2R0,active,non_surface,no,agrees,Q9Y2R0,2026-08-06
COAA1_HUMAN,Q03692,Q03692,active,unclassified,no,agrees,Q03692,2026-08-06
COASY_HUMAN,Q13057,Q13057,active,unclassified,no,agrees,Q13057,2026-08-06
COBA1_HUMAN,P12107,P12107,active,unclassified,no,agrees,P12107,2026-08-06
COBA2_HUMAN,P13942,P13942,active,unclassified,no,agrees,P13942,2026-08-06
COCA1_HUMAN,Q99715,Q99715,active,unclassified,no,agrees,Q99715,2026-08-06
COCH_HUMAN,O43405,O43405,active,unclassified,no,agrees,O43405,2026-08-06
CODA1_HUMAN,Q5TAT6,Q5TAT6,active,non_surface,no,agrees,Q5TAT6,2026-08-06
COEA1_HUMAN,Q05707,Q05707,active,unclassified,no,agrees,Q05707,2026-08-06
COFA1_HUMAN,P39059,P39059,active,unclassified,no,agrees,P39059,2026-08-06
COG3_HUMAN,Q96JB2,Q96JB2,active,unclassified,no,agrees,Q96JB2,2026-08-06
COG8_HUMAN,Q96MW5,Q96MW5,active,unclassified,no,agrees,Q96MW5,2026-08-06
COGA1_HUMAN,Q07092,Q07092,active,unclassified,no,agrees,Q07092,2026-08-06
COHA1_HUMAN,Q9UMD9,Q9UMD9,active,non_surface,no,agrees,Q9UMD9,2026-08-06
COIA1_HUMAN,P39060,P39060,active,unclassified,no,agrees,P39060,2026-08-06
COJA1_HUMAN,Q14993,Q14993,active,unclassified,no,agrees,Q14993,2026-08-06
COKA1_HUMAN,Q9P218,Q9P218,active,unclassified,no,agrees,Q9P218,2026-08-06
COL10_HUMAN,Q9Y6Z7,Q9Y6Z7,active,unclassified,no,agrees,Q9Y6Z7,2026-08-06
COL11_HUMAN,Q9BWP8,Q9BWP8,active,unclassified,no,agrees,Q9BWP8,2026-08-06
COL12_HUMAN,Q5KU26,Q5KU26,active,unclassified,no,agrees,Q5KU26,2026-08-06
COLA1_HUMAN,Q96P44,Q96P44,active,unclassified,no,agrees,Q96P44,2026-08-06
COLC1_HUMAN,Q6ZS62,Q6ZS62,active,non_surface,no,agrees,Q6ZS62,2026-08-06
COLI_HUMAN,P01189,P01189,active,unclassified,no,agrees,P01189,2026-08-06
COLL1_HUMAN,A2RUU4,A2RUU4,active,unclassified,no,agrees,A2RUU4,2026-08-06
COLL2_HUMAN,Q6UWE3,Q6UWE3,active,unclassified,no,agrees,Q6UWE3,2026-08-06
COLQ_HUMAN,Q9Y215,Q9Y215,active,unclassified,no,agrees,Q9Y215,2026-08-06
COL_HUMAN,P04118,P04118,active,unclassified,no,agrees,P04118,2026-08-06
COMA1_HUMAN,Q8NFW1,Q8NFW1,active,unclassified,no,agrees,Q8NFW1,2026-08-06
COMP_HUMAN,P49747,P49747,active,unclassified,no,agrees,P49747,2026-08-06
COMT_HUMAN,P21964,P21964,active,unclassified,no,agrees,P21964,2026-08-06
CONA1_HUMAN,Q86Y22,Q86Y22,active,non_surface,no,agrees,Q86Y22,2026-08-06
COOA1_HUMAN,Q17RW2,Q17RW2,active,unclassified,no,agrees,Q17RW2,2026-08-06
COPA1_HUMAN,Q9BXS0,Q9BXS0,active,non_surface,no,agrees,Q9BXS0,2026-08-06
COPD_HUMAN,P48444,P48444,active,unclassified,no,agrees,P48444,2026-08-06
COPT1_HUMAN,O15431,O15431,active,surface,no,agrees,O15431,2026-08-06
COPT2_HUMAN,O15432,O15432,active,non_surface,no,agrees,O15432,2026-08-06
COQ2_HUMAN,Q96H96,Q96H96,active,non_surface,no,agrees,Q96H96,2026-08-06
COQA1_HUMAN,Q96A83,Q96A83,active,unclassified,no,agrees,Q96A83,2026-08-06
CORA1_HUMAN,Q8IZC6,Q8IZC6,active,unclassified,no,agrees,Q8IZC6,2026-08-06
CORIN_HUMAN,Q9Y5Q5,Q9Y5Q5,active,surface,no,agrees,Q9Y5Q5,2026-08-06
CORT_HUMAN,O00230,O00230,active,unclassified,no,agrees,O00230,2026-08-06
COSA1_HUMAN,Q2UY09,Q2UY09,active,unclassified,no,agrees,Q2UY09,2026-08-06
COX10_HUMAN,Q12887,Q12887,active,non_surface,no,agrees,Q12887,2026-08-06
COX11_HUMAN,Q9Y6N1,Q9Y6N1,active,non_surface,no,agrees,Q9Y6N1,2026-08-06
COX14_HUMAN,Q96I36,Q96I36,active,non_surface,no,agrees,Q96I36,2026-08-06
COX15_HUMAN,Q7KZN9,Q7KZN9,active,non_surface,no,agrees,Q7KZN9,2026-08-06
COX16_HUMAN,Q9P0S2,Q9P0S2,active,unclassified,no,agrees,Q9P0S2,2026-08-06
COX18_HUMAN,Q8N8Q8,Q8N8Q8,active,non_surface,no,agrees,Q8N8Q8,2026-08-06
COX1_HUMAN,P00395,P00395,active,non_surface,no,agrees,P00395,2026-08-06
COX20_HUMAN,Q5RI15,Q5RI15,active,non_surface,no,agrees,Q5RI15,2026-08-06
COX2_HUMAN,P00403,P00403,active,non_surface,no,agrees,P00403,2026-08-06
COX3_HUMAN,P00414,P00414,active,non_surface,no,agrees,P00414,2026-08-06
COX41_HUMAN,P13073,P13073,active,non_surface,no,agrees,P13073,2026-08-06
COX42_HUMAN,Q96KJ9,Q96KJ9,active,non_surface,no,agrees,Q96KJ9,2026-08-06
COX5B_HUMAN,P10606,P10606,active,unclassified,no,agrees,P10606,2026-08-06
COX6C_HUMAN,P09669,P09669,active,non_surface,no,agrees,P09669,2026-08-06
COX7B_HUMAN,P24311,P24311,active,non_surface,no,agrees,P24311,2026-08-06
COX7C_HUMAN,P15954,P15954,active,non_surface,no,agrees,P15954,2026-08-06
COX7R_HUMAN,O14548,O14548,active,non_surface,no,agrees,O14548,2026-08-06
COX7S_HUMAN,O60397,O60397,active,non_surface,no,agrees,O60397,2026-08-06
COX8A_HUMAN,P10176,P10176,active,non_surface,no,agrees,P10176,2026-08-06
COX8C_HUMAN,Q7Z4L0,Q7Z4L0,active,non_surface,no,agrees,Q7Z4L0,2026-08-06
CP052_HUMAN,Q8NHV5,Q8NHV5,active,surface,no,agrees,Q8NHV5,2026-08-06
CP054_HUMAN,Q6UWD8,Q6UWD8,active,non_surface,no,agrees,Q6UWD8,2026-08-06
CP089_HUMAN,Q6UX73,Q6UX73,active,unclassified,no,agrees,Q6UX73,2026-08-06
CP092_HUMAN,Q96LL3,Q96LL3,active,non_surface,no,agrees,Q96LL3,2026-08-06
CP097_HUMAN,H3BN30,H3BN30,inactive,non_surface,no,agrees,H3BN30,2026-08-06
CP17A_HUMAN,P05093,P05093,active,unclassified,no,agrees,P05093,2026-08-06
CP19A_HUMAN,P11511,P11511,active,non_surface,no,agrees,P11511,2026-08-06
CP1A1_HUMAN,P04798,P04798,active,unclassified,no,agrees,P04798,2026-08-06
CP1A2_HUMAN,P05177,P05177,active,non_surface,no,agrees,P05177,2026-08-06
CP1B1_HUMAN,Q16678,Q16678,active,non_surface,no,agrees,Q16678,2026-08-06
CP20A_HUMAN,Q6UW02,Q6UW02,active,unclassified,no,agrees,Q6UW02,2026-08-06
CP21A_HUMAN,P08686,P08686,active,unclassified,no,agrees,P08686,2026-08-06
CP26A_HUMAN,O43174,O43174,active,unclassified,no,agrees,O43174,2026-08-06
CP26B_HUMAN,Q9NR63,Q9NR63,active,unclassified,no,agrees,Q9NR63,2026-08-06
CP26C_HUMAN,Q6V0L0,Q6V0L0,active,unclassified,no,agrees,Q6V0L0,2026-08-06
CP2A6_HUMAN,P11509,P11509,active,unclassified,no,agrees,P11509,2026-08-06
CP2A7_HUMAN,P20853,P20853,active,unclassified,no,agrees,P20853,2026-08-06
CP2AD_HUMAN,Q16696,Q16696,active,unclassified,no,agrees,Q16696,2026-08-06
CP2B6_HUMAN,P20813,P20813,active,unclassified,no,agrees,P20813,2026-08-06
CP2C8_HUMAN,P10632,P10632,active,unclassified,no,agrees,P10632,2026-08-06
CP2C9_HUMAN,P11712,P11712,active,unclassified,no,agrees,P11712,2026-08-06
CP2CI_HUMAN,P33260,P33260,active,unclassified,no,agrees,P33260,2026-08-06
CP2CJ_HUMAN,P33261,P33261,active,unclassified,no,agrees,P33261,2026-08-06
CP2D6_HUMAN,P10635,P10635,active,non_surface,no,agrees,P10635,2026-08-06
CP2E1_HUMAN,P05181,P05181,active,unclassified,no,agrees,P05181,2026-08-06
CP2F1_HUMAN,P24903,P24903,active,unclassified,no,agrees,P24903,2026-08-06
CP2J2_HUMAN,P51589,P51589,active,unclassified,no,agrees,P51589,2026-08-06
CP2R1_HUMAN,Q6VVX0,Q6VVX0,active,unclassified,no,agrees,Q6VVX0,2026-08-06
CP2S1_HUMAN,Q96SQ9,Q96SQ9,active,non_surface,no,agrees,Q96SQ9,2026-08-06
CP2U1_HUMAN,Q7Z449,Q7Z449,active,non_surface,no,agrees,Q7Z449,2026-08-06
CP2W1_HUMAN,Q8TAV3,Q8TAV3,active,unclassified,no,agrees,Q8TAV3,2026-08-06
CP343_HUMAN,Q9HB55,Q9HB55,active,non_surface,no,agrees,Q9HB55,2026-08-06
CP39A_HUMAN,Q9NYL5,Q9NYL5,active,non_surface,no,agrees,Q9NYL5,2026-08-06
CP3A4_HUMAN,P08684,P08684,active,non_surface,no,agrees,P08684,2026-08-06
CP3A5_HUMAN,P20815,P20815,active,non_surface,no,agrees,P20815,2026-08-06
CP3A7_HUMAN,P24462,P24462,active,non_surface,no,agrees,P24462,2026-08-06
CP46A_HUMAN,Q9Y6A2,Q9Y6A2,active,unclassified,no,agrees,Q9Y6A2,2026-08-06
CP4AB_HUMAN,Q02928,Q02928,active,non_surface,no,agrees,Q02928,2026-08-06
CP4AM_HUMAN,Q5TCH4,Q5TCH4,active,non_surface,no,agrees,Q5TCH4,2026-08-06
CP4B1_HUMAN,P13584,P13584,active,non_surface,no,agrees,P13584,2026-08-06
CP4F2_HUMAN,P78329,P78329,active,unclassified,no,agrees,P78329,2026-08-06
CP4F3_HUMAN,Q08477,Q08477,active,unclassified,no,agrees,Q08477,2026-08-06
CP4F8_HUMAN,P98187,P98187,active,non_surface,no,agrees,P98187,2026-08-06
CP4FB_HUMAN,Q9HBI6,Q9HBI6,active,unclassified,no,agrees,Q9HBI6,2026-08-06
CP4FC_HUMAN,Q9HCS2,Q9HCS2,active,unclassified,no,agrees,Q9HCS2,2026-08-06
CP4FN_HUMAN,Q6NT55,Q6NT55,active,non_surface,no,agrees,Q6NT55,2026-08-06
CP4V2_HUMAN,Q6ZWL3,Q6ZWL3,active,non_surface,no,agrees,Q6ZWL3,2026-08-06
CP4X1_HUMAN,Q8N118,Q8N118,active,non_surface,no,agrees,Q8N118,2026-08-06
CP4Z1_HUMAN,Q86W10,Q86W10,active,non_surface,no,agrees,Q86W10,2026-08-06
CP4Z2_HUMAN,Q8N1L4,Q8N1L4,active,non_surface,no,agrees,Q8N1L4,2026-08-06
CP51A_HUMAN,Q16850,Q16850,active,non_surface,no,agrees,Q16850,2026-08-06
CP7A1_HUMAN,P22680,P22680,active,non_surface,no,agrees,P22680,2026-08-06
CP7B1_HUMAN,O75881,O75881,active,non_surface,no,agrees,O75881,2026-08-06
CP8B1_HUMAN,Q9UNU6,Q9UNU6,active,non_surface,no,agrees,Q9UNU6,2026-08-06
CPED1_HUMAN,A4D0V7,A4D0V7,active,unclassified,no,agrees,A4D0V7,2026-08-06
CPMD8_HUMAN,Q8IZJ3,Q8IZJ3,active,unclassified,no,agrees,Q8IZJ3,2026-08-06
CPN2_HUMAN,P22792,P22792,active,unclassified,no,agrees,P22792,2026-08-06
CPT1A_HUMAN,P50416,P50416,active,non_surface,no,agrees,P50416,2026-08-06
CPT1B_HUMAN,Q92523,Q92523,active,non_surface,no,agrees,Q92523,2026-08-06
CPT1C_HUMAN,Q8TCG5,Q8TCG5,active,non_surface,no,agrees,Q8TCG5,2026-08-06
CPT2_HUMAN,P23786,P23786,active,unclassified,no,agrees,P23786,2026-08-06
CPVL_HUMAN,Q9H3G5,Q9H3G5,active,unclassified,no,agrees,Q9H3G5,2026-08-06
CPXM1_HUMAN,Q96SM3,Q96SM3,active,unclassified,no,agrees,Q96SM3,2026-08-06
CPXM2_HUMAN,Q8N436,Q8N436,active,unclassified,no,agrees,Q8N436,2026-08-06
CQ062_HUMAN,Q9BQA9,Q9BQA9,active,non_surface,no,agrees,Q9BQA9,2026-08-06
CQ067_HUMAN,Q0P5P2,Q0P5P2,active,unclassified,no,agrees,Q0P5P2,2026-08-06
CQ074_HUMAN,Q0P670,Q0P670,active,non_surface,no,agrees,Q0P670,2026-08-06
CQ077_HUMAN,Q96MU5,Q96MU5,active,unclassified,no,agrees,Q96MU5,2026-08-06
CQ078_HUMAN,Q8N4C9,Q8N4C9,active,unclassified,no,agrees,Q8N4C9,2026-08-06
CQ080_HUMAN,Q9BSJ5,Q9BSJ5,active,non_surface,no,agrees,Q9BSJ5,2026-08-06
CQ099_HUMAN,Q6UX52,Q6UX52,active,unclassified,no,agrees,Q6UX52,2026-08-06
CR012_HUMAN,Q96KH6,Q96KH6,inactive,non_surface,no,agrees,Q96KH6,2026-08-06
CR015_HUMAN,Q96N68,Q96N68,active,non_surface,no,agrees,Q96N68,2026-08-06
CR020_HUMAN,Q7Z4B0,Q7Z4B0,active,unclassified,no,agrees,Q7Z4B0,2026-08-06
CR1L_HUMAN,Q2VPA4,Q2VPA4,active,unclassified,no,agrees,Q2VPA4,2026-08-06
CR1_HUMAN,P17927,P17927,active,surface,no,agrees,P17927,2026-08-06
CR2_HUMAN,P20023,P20023,active,surface,no,agrees,P20023,2026-08-06
CR3L1_HUMAN,Q96BA8,Q96BA8,active,non_surface,no,agrees,Q96BA8,2026-08-06
CR3L2_HUMAN,Q70SY1,Q70SY1,active,non_surface,no,agrees,Q70SY1,2026-08-06
CR3L3_HUMAN,Q68CJ9,Q68CJ9,active,non_surface,no,agrees,Q68CJ9,2026-08-06
CR3L4_HUMAN,Q8TEY5,Q8TEY5,active,non_surface,no,agrees,Q8TEY5,2026-08-06
CRAC1_HUMAN,Q9NQ79,Q9NQ79,active,unclassified,no,agrees,Q9NQ79,2026-08-06
CRAS1_HUMAN,A6NIL9,A6NIL9,inactive,non_surface,no,agrees,A6NIL9,2026-08-06
CRCM1_HUMAN,Q96D31,Q96D31,active,unclassified,no,agrees,Q96D31,2026-08-06
CRDL1_HUMAN,Q9BU40,Q9BU40,active,unclassified,no,agrees,Q9BU40,2026-08-06
CRDL2_HUMAN,Q6WN34,Q6WN34,active,unclassified,no,agrees,Q6WN34,2026-08-06
CREB3_HUMAN,O43889,O43889,active,non_surface,no,agrees,O43889,2026-08-06
CREG1_HUMAN,O75629,O75629,active,unclassified,no,agrees,O75629,2026-08-06
CREG2_HUMAN,Q8IUH2,Q8IUH2,active,unclassified,no,agrees,Q8IUH2,2026-08-06
CREL1_HUMAN,Q96HD1,Q96HD1,active,unclassified,no,agrees,Q96HD1,2026-08-06
CREL2_HUMAN,Q6UXH1,Q6UXH1,active,unclassified,no,agrees,Q6UXH1,2026-08-06
CRFM7_HUMAN,Q494W8,Q494W8,active,non_surface,no,agrees,Q494W8,2026-08-06
CRFR1_HUMAN,P34998,P34998,active,surface,no,agrees,P34998,2026-08-06
CRFR2_HUMAN,Q13324,Q13324,active,surface,no,agrees,Q13324,2026-08-06
CRF_HUMAN,P06850,P06850,active,unclassified,no,agrees,P06850,2026-08-06
CRHBP_HUMAN,P24387,P24387,active,unclassified,no,agrees,P24387,2026-08-06
CRIM1_HUMAN,Q9NZV1,Q9NZV1,active,surface,no,agrees,Q9NZV1,2026-08-06
CRIS1_HUMAN,P54107,P54107,active,unclassified,no,agrees,P54107,2026-08-06
CRIS2_HUMAN,P16562,P16562,active,unclassified,no,agrees,P16562,2026-08-06
CRIS3_HUMAN,P54108,P54108,active,unclassified,no,agrees,P54108,2026-08-06
CRIT1_HUMAN,Q96LR1,Q96LR1,inactive,unclassified,no,agrees,Q96LR1,2026-08-06
CRLD1_HUMAN,Q9H336,Q9H336,active,unclassified,no,agrees,Q9H336,2026-08-06
CRLD2_HUMAN,Q9H0B8,Q9H0B8,active,unclassified,no,agrees,Q9H0B8,2026-08-06
CRLF1_HUMAN,O75462,O75462,active,unclassified,no,agrees,O75462,2026-08-06
CRLF2_HUMAN,Q9HC73,Q9HC73,active,surface,no,agrees,Q9HC73,2026-08-06
CRLS1_HUMAN,Q9UJA2,Q9UJA2,active,non_surface,no,agrees,Q9UJA2,2026-08-06
CRNS1_HUMAN,A5YM72,A5YM72,active,unclassified,no,agrees,A5YM72,2026-08-06
CROC4_HUMAN,Q13536,Q13536,active,non_surface,no,agrees,Q13536,2026-08-06
CRP_HUMAN,P02741,P02741,active,unclassified,no,agrees,P02741,2026-08-06
CRSPL_HUMAN,Q9H3Y0,Q9H3Y0,active,unclassified,no,agrees,Q9H3Y0,2026-08-06
CRTAM_HUMAN,O95727,O95727,active,surface,no,agrees,O95727,2026-08-06
CRTAP_HUMAN,O75718,O75718,active,unclassified,no,agrees,O75718,2026-08-06
CRUM1_HUMAN,P82279,P82279,active,surface,no,agrees,P82279,2026-08-06
CRUM2_HUMAN,Q5IJ48,Q5IJ48,active,surface,no,agrees,Q5IJ48,2026-08-06
CRUM3_HUMAN,Q9BUF7,Q9BUF7,active,surface,no,agrees,Q9BUF7,2026-08-06
CRY2_HUMAN,Q49AN0,Q49AN0,active,unclassified,no,agrees,Q49AN0,2026-08-06
CRYL1_HUMAN,Q9Y2S2,Q9Y2S2,active,unclassified,no,agrees,Q9Y2S2,2026-08-06
CS010_HUMAN,Q969H8,Q969H8,active,unclassified,no,agrees,Q969H8,2026-08-06
CS018_HUMAN,Q8NEA5,Q8NEA5,active,surface,no,agrees,Q8NEA5,2026-08-06
CS024_HUMAN,Q9BVV8,Q9BVV8,active,unclassified,no,agrees,Q9BVV8,2026-08-06
CS047_HUMAN,Q8N9M1,Q8N9M1,active,unclassified,no,agrees,Q8N9M1,2026-08-06
CSAG1_HUMAN,Q6PB30,Q6PB30,active,unclassified,no,agrees,Q6PB30,2026-08-06
CSC1_HUMAN,Q9P1W3,Q9P1W3,active,surface,no,agrees,Q9P1W3,2026-08-06
CSCL1_HUMAN,O94886,O94886,active,surface,no,agrees,O94886,2026-08-06
CSCL2_HUMAN,Q5T3F8,Q5T3F8,active,surface,no,agrees,Q5T3F8,2026-08-06
CSF1R_HUMAN,P07333,P07333,active,surface,no,agrees,P07333,2026-08-06
CSF1_HUMAN,P09603,P09603,active,surface,no,agrees,P09603,2026-08-06
CSF2R_HUMAN,P15509,P15509,active,surface,no,agrees,P15509,2026-08-06
CSF2_HUMAN,P04141,P04141,active,unclassified,no,agrees,P04141,2026-08-06
CSF3R_HUMAN,Q99062,Q99062,active,surface,no,agrees,Q99062,2026-08-06
CSF3_HUMAN,P09919,P09919,active,unclassified,no,agrees,P09919,2026-08-06
CSH1_HUMAN,P0DML2,P0DML2,active,unclassified,no,agrees,P0DML2,2026-08-06
CSH2_HUMAN,P0DML3,P0DML3,active,unclassified,no,agrees,P0DML3,2026-08-06
CSHL_HUMAN,Q14406,Q14406,active,unclassified,no,agrees,Q14406,2026-08-06
CSKP_HUMAN,O14936,O14936,active,non_surface,no,agrees,O14936,2026-08-06
CSMD1_HUMAN,Q96PZ7,Q96PZ7,active,surface,no,agrees,Q96PZ7,2026-08-06
CSMD2_HUMAN,Q7Z408,Q7Z408,active,surface,no,agrees,Q7Z408,2026-08-06
CSMD3_HUMAN,Q7Z407,Q7Z407,active,unclassified,no,agrees,Q7Z407,2026-08-06
CSMT1_HUMAN,Q4G0I0,Q4G0I0,active,non_surface,no,agrees,Q4G0I0,2026-08-06
CSN6_HUMAN,Q7L5N1,Q7L5N1,active,non_surface,no,agrees,Q7L5N1,2026-08-06
CSPG2_HUMAN,P13611,P13611,active,unclassified,no,agrees,P13611,2026-08-06
CSPG4_HUMAN,Q6UVK1,Q6UVK1,active,surface,no,agrees,Q6UVK1,2026-08-06
CSPG5_HUMAN,O95196,O95196,active,surface,no,agrees,O95196,2026-08-06
CSPP1_HUMAN,Q1MSJ5,Q1MSJ5,active,unclassified,no,agrees,Q1MSJ5,2026-08-06
CST11_HUMAN,Q9H112,Q9H112,active,unclassified,no,agrees,Q9H112,2026-08-06
CST1L_HUMAN,Q9H114,Q9H114,active,unclassified,no,agrees,Q9H114,2026-08-06
CST8_HUMAN,O60676,O60676,active,unclassified,no,agrees,O60676,2026-08-06
CST9L_HUMAN,Q9H4G1,Q9H4G1,active,unclassified,no,agrees,Q9H4G1,2026-08-06
CST9P_HUMAN,Q5W188,Q5W188,active,unclassified,no,agrees,Q5W188,2026-08-06
CST9_HUMAN,Q5W186,Q5W186,active,unclassified,no,agrees,Q5W186,2026-08-06
CSTN1_HUMAN,O94985,O94985,active,surface,no,agrees,O94985,2026-08-06
CSTN2_HUMAN,Q9H4D0,Q9H4D0,active,surface,no,agrees,Q9H4D0,2026-08-06
CSTN3_HUMAN,Q9BQT9,Q9BQT9,active,surface,no,agrees,Q9BQT9,2026-08-06
CT024_HUMAN,Q9BUV8,Q9BUV8,active,non_surface,no,agrees,Q9BUV8,2026-08-06
CT141_HUMAN,Q9NUB4,Q9NUB4,active,non_surface,no,agrees,Q9NUB4,2026-08-06
CT55_HUMAN,Q8WUE5,Q8WUE5,active,unclassified,no,agrees,Q8WUE5,2026-08-06
CTC1_HUMAN,Q2NKJ3,Q2NKJ3,active,non_surface,no,agrees,Q2NKJ3,2026-08-06
CTG1B_HUMAN,P78358,P78358,active,non_surface,no,agrees,P78358,2026-08-06
CTGE1_HUMAN,Q9HC47,Q9HC47,active,non_surface,no,agrees,Q9HC47,2026-08-06
CTGE2_HUMAN,Q96RT6,Q96RT6,active,non_surface,no,agrees,Q96RT6,2026-08-06
CTGE4_HUMAN,Q8IX94,Q8IX94,active,non_surface,no,agrees,Q8IX94,2026-08-06
CTGE5_HUMAN,O15320,Q96PC5,merged,non_surface,yes,disagrees,Q96PC5,2026-08-06
CTGE6_HUMAN,Q86UF2,Q86UF2,active,non_surface,no,agrees,Q86UF2,2026-08-06
CTGE8_HUMAN,P0CG41,P0CG41,active,non_surface,no,agrees,P0CG41,2026-08-06
CTGE9_HUMAN,A4FU28,A4FU28,active,non_surface,no,agrees,A4FU28,2026-08-06
CTGEF_HUMAN,A4D2H0,A4D2H0,active,non_surface,no,agrees,A4D2H0,2026-08-06
CTGF_HUMAN,P29279,P29279,active,unclassified,no,agrees,P29279,2026-08-06
CTHR1_HUMAN,Q96CG8,Q96CG8,active,unclassified,no,agrees,Q96CG8,2026-08-06
CTL1_HUMAN,Q8WWI5,Q8WWI5,active,surface,no,agrees,Q8WWI5,2026-08-06
CTL2_HUMAN,Q8IWA5,Q8IWA5,active,surface,no,agrees,Q8IWA5,2026-08-06
CTL3_HUMAN,Q8N4M1,Q8N4M1,active,surface,no,agrees,Q8N4M1,2026-08-06
CTL4_HUMAN,Q53GD3,Q53GD3,active,surface,no,agrees,Q53GD3,2026-08-06
CTL5_HUMAN,Q8NCS7,Q8NCS7,active,surface,no,agrees,Q8NCS7,2026-08-06
CTLA4_HUMAN,P16410,P16410,active,surface,no,agrees,P16410,2026-08-06
CTNL1_HUMAN,Q9UBT7,Q9UBT7,active,non_surface,no,agrees,Q9UBT7,2026-08-06
CTNS_HUMAN,O60931,O60931,active,surface,no,agrees,O60931,2026-08-06
CTR1_HUMAN,P30825,P30825,active,surface,no,agrees,P30825,2026-08-06
CTR2_HUMAN,P52569,P52569,active,surface,no,agrees,P52569,2026-08-06
CTR3_HUMAN,Q8WY07,Q8WY07,active,surface,no,agrees,Q8WY07,2026-08-06
CTR4_HUMAN,O43246,O43246,active,surface,no,agrees,O43246,2026-08-06
CTRB1_HUMAN,P17538,P17538,active,unclassified,no,agrees,P17538,2026-08-06
CTRB2_HUMAN,Q6GPI1,Q6GPI1,active,unclassified,no,agrees,Q6GPI1,2026-08-06
CTRC_HUMAN,Q99895,Q99895,active,unclassified,no,agrees,Q99895,2026-08-06
CTRL_HUMAN,P40313,P40313,active,unclassified,no,agrees,P40313,2026-08-06
CTSR1_HUMAN,Q8NEC5,Q8NEC5,active,non_surface,no,agrees,Q8NEC5,2026-08-06
CTSR2_HUMAN,Q96P56,Q96P56,active,non_surface,no,agrees,Q96P56,2026-08-06
CTSR3_HUMAN,Q86XQ3,Q86XQ3,active,non_surface,no,agrees,Q86XQ3,2026-08-06
CTSR4_HUMAN,Q7RTX7,Q7RTX7,active,non_surface,no,agrees,Q7RTX7,2026-08-06
CTSRB_HUMAN,Q9H7T0,Q9H7T0,active,non_surface,no,agrees,Q9H7T0,2026-08-06
CTSRD_HUMAN,Q86XM0,Q86XM0,active,surface,no,agrees,Q86XM0,2026-08-06
CTSRG_HUMAN,Q6ZRH7,Q6ZRH7,active,surface,no,agrees,Q6ZRH7,2026-08-06
CTXN1_HUMAN,P60606,P60606,active,non_surface,no,agrees,P60606,2026-08-06
CTXN2_HUMAN,P0C2S0,P0C2S0,active,non_surface,no,agrees,P0C2S0,2026-08-06
CTXN3_HUMAN,Q4LDR2,Q4LDR2,active,non_surface,no,agrees,Q4LDR2,2026-08-06
CU025_HUMAN,Q9Y426,Q9Y426,active,unclassified,no,agrees,Q9Y426,2026-08-06
CU062_HUMAN,Q9NYP8,Q9NYP8,active,unclassified,no,agrees,Q9NYP8,2026-08-06
CU104_HUMAN,Q9UJ94,Q9UJ94,inactive,unclassified,no,agrees,Q9UJ94,2026-08-06
CU136_HUMAN,Q6ZN03,Q6ZN03,active,unclassified,no,agrees,Q6ZN03,2026-08-06
CUBN_HUMAN,O60494,O60494,active,unclassified,no,agrees,O60494,2026-08-06
CUED2_HUMAN,Q9H467,Q9H467,active,unclassified,no,agrees,Q9H467,2026-08-06
CUTA_HUMAN,O60888,O60888,active,unclassified,no,agrees,O60888,2026-08-06
CUZD1_HUMAN,Q86UP6,Q86UP6,active,surface,no,agrees,Q86UP6,2026-08-06
CV015_HUMAN,Q8WYQ4,Q8WYQ4,active,unclassified,no,agrees,Q8WYQ4,2026-08-06
CV046_HUMAN,C9J442,C9J442,inactive,unclassified,no,agrees,C9J442,2026-08-06
CX024_HUMAN,Q8TB33,Q8TB33,active,unclassified,no,agrees,Q8TB33,2026-08-06
CX065_HUMAN,A6NEN9,A6NEN9,active,non_surface,no,agrees,A6NEN9,2026-08-06
CX066_HUMAN,Q5JRM2,Q5JRM2,active,unclassified,no,agrees,Q5JRM2,2026-08-06
CX3C1_HUMAN,P49238,P49238,active,surface,no,agrees,P49238,2026-08-06
CX6A1_HUMAN,P12074,P12074,active,non_surface,no,agrees,P12074,2026-08-06
CX6A2_HUMAN,Q02221,Q02221,active,non_surface,no,agrees,Q02221,2026-08-06
CX7A1_HUMAN,P24310,P24310,active,non_surface,no,agrees,P24310,2026-08-06
CX7A2_HUMAN,P14406,P14406,active,non_surface,no,agrees,P14406,2026-08-06
CX7B2_HUMAN,Q8TF08,Q8TF08,active,non_surface,no,agrees,Q8TF08,2026-08-06
CXA10_HUMAN,Q969M2,Q969M2,active,non_surface,no,agrees,Q969M2,2026-08-06
CXA1_HUMAN,P17302,P17302,active,surface,no,agrees,P17302,2026-08-06
CXA3_HUMAN,Q9Y6H8,Q9Y6H8,active,surface,no,agrees,Q9Y6H8,2026-08-06
CXA4_HUMAN,P35212,P35212,active,surface,no,agrees,P35212,2026-08-06
CXA5_HUMAN,P36382,P36382,active,unclassified,no,agrees,P36382,2026-08-06
CXA8_HUMAN,P48165,P48165,active,unclassified,no,agrees,P48165,2026-08-06
CXA9_HUMAN,P57773,P57773,active,non_surface,no,agrees,P57773,2026-08-06
CXAR_HUMAN,P78310,P78310,active,surface,no,agrees,P78310,2026-08-06
CXB1_HUMAN,P08034,P08034,active,surface,no,agrees,P08034,2026-08-06
CXB2_HUMAN,P29033,P29033,active,surface,no,agrees,P29033,2026-08-06
CXB3_HUMAN,O75712,O75712,active,surface,no,agrees,O75712,2026-08-06
CXB4_HUMAN,Q9NTQ9,Q9NTQ9,active,surface,no,agrees,Q9NTQ9,2026-08-06
CXB5_HUMAN,O95377,O95377,active,surface,no,agrees,O95377,2026-08-06
CXB6_HUMAN,O95452,O95452,active,surface,no,agrees,O95452,2026-08-06
CXB7_HUMAN,Q6PEY0,Q6PEY0,active,surface,no,agrees,Q6PEY0,2026-08-06
CXCL2_HUMAN,P19875,P19875,active,unclassified,no,agrees,P19875,2026-08-06
CXCL3_HUMAN,P19876,P19876,active,unclassified,no,agrees,P19876,2026-08-06
CXCL5_HUMAN,P42830,P42830,active,unclassified,no,agrees,P42830,2026-08-06
CXCL6_HUMAN,P80162,P80162,active,unclassified,no,agrees,P80162,2026-08-06
CXCL7_HUMAN,P02775,P02775,active,unclassified,no,agrees,P02775,2026-08-06
CXCL9_HUMAN,Q07325,Q07325,active,unclassified,no,agrees,Q07325,2026-08-06
CXCR1_HUMAN,P25024,P25024,active,surface,no,agrees,P25024,2026-08-06
CXCR2_HUMAN,P25025,P25025,active,surface,no,agrees,P25025,2026-08-06
CXCR3_HUMAN,P49682,P49682,active,surface,no,agrees,P49682,2026-08-06
CXCR4_HUMAN,P61073,P61073,active,surface,no,agrees,P61073,2026-08-06
CXCR5_HUMAN,P32302,P32302,active,surface,no,agrees,P32302,2026-08-06
CXCR6_HUMAN,O00574,O00574,active,surface,no,agrees,O00574,2026-08-06
CXD2_HUMAN,Q9UKL4,Q9UKL4,active,surface,no,agrees,Q9UKL4,2026-08-06
CXD3_HUMAN,Q8N144,Q8N144,active,unclassified,no,agrees,Q8N144,2026-08-06
CXD4_HUMAN,Q96KN9,Q96KN9,active,unclassified,no,agrees,Q96KN9,2026-08-06
CXE1_HUMAN,A6NN92,A6NN92,active,unclassified,no,agrees,A6NN92,2026-08-06
CXG1_HUMAN,P36383,P36383,active,non_surface,no,agrees,P36383,2026-08-06
CXG2_HUMAN,Q5T442,Q5T442,active,surface,no,agrees,Q5T442,2026-08-06
CXG3_HUMAN,Q8NFK1,Q8NFK1,active,surface,no,agrees,Q8NFK1,2026-08-06
CXL10_HUMAN,P02778,P02778,active,unclassified,no,agrees,P02778,2026-08-06
CXL11_HUMAN,O14625,O14625,active,unclassified,no,agrees,O14625,2026-08-06
CXL13_HUMAN,O43927,O43927,active,unclassified,no,agrees,O43927,2026-08-06
CXL14_HUMAN,O95715,O95715,active,unclassified,no,agrees,O95715,2026-08-06
CXL16_HUMAN,Q9H2A7,Q9H2A7,active,surface,no,agrees,Q9H2A7,2026-08-06
CY1_HUMAN,P08574,P08574,active,non_surface,no,agrees,P08574,2026-08-06
CY24A_HUMAN,P13498,P13498,active,non_surface,no,agrees,P13498,2026-08-06
CY24B_HUMAN,P04839,P04839,active,surface,no,agrees,P04839,2026-08-06
CY561_HUMAN,P49447,P49447,active,non_surface,no,agrees,P49447,2026-08-06
CYAC3_HUMAN,Q8NBI2,Q8NBI2,active,non_surface,no,agrees,Q8NBI2,2026-08-06
CYB5B_HUMAN,O43169,O43169,active,non_surface,no,agrees,O43169,2026-08-06
CYB5_HUMAN,P00167,P00167,active,non_surface,no,agrees,P00167,2026-08-06
CYBR1_HUMAN,Q53TN4,Q53TN4,active,non_surface,no,agrees,Q53TN4,2026-08-06
CYB_HUMAN,P00156,P00156,active,non_surface,no,agrees,P00156,2026-08-06
CYHR1_HUMAN,Q6ZMK1,Q6ZMK1,inactive,unclassified,no,agrees,Q6ZMK1,2026-08-06
CYR61_HUMAN,O00622,O00622,active,unclassified,no,agrees,O00622,2026-08-06
CYTC_HUMAN,P01034,P01034,active,unclassified,no,agrees,P01034,2026-08-06
CYTD_HUMAN,P28325,P28325,active,unclassified,no,agrees,P28325,2026-08-06
CYTF_HUMAN,O76096,O76096,active,unclassified,no,agrees,O76096,2026-08-06
CYTL1_HUMAN,Q9NRR1,Q9NRR1,active,unclassified,no,agrees,Q9NRR1,2026-08-06
CYTM_HUMAN,Q15828,Q15828,active,unclassified,no,agrees,Q15828,2026-08-06
CYTN_HUMAN,P01037,P01037,active,unclassified,no,agrees,P01037,2026-08-06
CYTS_HUMAN,P01036,P01036,active,unclassified,no,agrees,P01036,2026-08-06
CYTT_HUMAN,P09228,P09228,active,unclassified,no,agrees,P09228,2026-08-06
CYYR1_HUMAN,Q96J86,Q96J86,active,unclassified,no,agrees,Q96J86,2026-08-06
D103A_HUMAN,P81534,P81534,active,unclassified,no,agrees,P81534,2026-08-06
D104A_HUMAN,Q8WTQ1,Q8WTQ1,active,unclassified,no,agrees,Q8WTQ1,2026-08-06
D105A_HUMAN,Q8NG35,Q8NG35,active,unclassified,no,agrees,Q8NG35,2026-08-06
D106A_HUMAN,Q8N104,Q8N104,active,unclassified,no,agrees,Q8N104,2026-08-06
D107A_HUMAN,Q8IZN7,Q8IZN7,active,unclassified,no,agrees,Q8IZN7,2026-08-06
D108A_HUMAN,A8MXU0,A8MXU0,active,unclassified,no,agrees,A8MXU0,2026-08-06
D108B_HUMAN,Q8NET1,Q8NET1,active,unclassified,no,agrees,Q8NET1,2026-08-06
D19L1_HUMAN,Q2PZI1,Q2PZI1,active,non_surface,no,agrees,Q2PZI1,2026-08-06
D19L2_HUMAN,Q6NUT2,Q6NUT2,active,non_surface,no,agrees,Q6NUT2,2026-08-06
D19L3_HUMAN,Q6ZPD9,Q6ZPD9,active,unclassified,no,agrees,Q6ZPD9,2026-08-06
D19L4_HUMAN,Q7Z388,Q7Z388,active,unclassified,no,agrees,Q7Z388,2026-08-06
D19P1_HUMAN,Q6NXN4,Q6NXN4,active,non_surface,no,agrees,Q6NXN4,2026-08-06
D19P2_HUMAN,Q6ZN68,Q6ZN68,active,non_surface,no,agrees,Q6ZN68,2026-08-06
D2HDH_HUMAN,Q8N465,Q8N465,active,unclassified,no,agrees,Q8N465,2026-08-06
D42E1_HUMAN,Q8WUS8,Q8WUS8,active,non_surface,no,agrees,Q8WUS8,2026-08-06
D42E2_HUMAN,A6NKP2,A6NKP2,active,non_surface,no,agrees,A6NKP2,2026-08-06
DAAF5_HUMAN,Q86Y56,Q86Y56,active,unclassified,no,agrees,Q86Y56,2026-08-06
DAD1_HUMAN,P61803,P61803,active,non_surface,no,agrees,P61803,2026-08-06
DAF_HUMAN,P08174,P08174,active,surface,no,agrees,P08174,2026-08-06
DAG1_HUMAN,Q14118,Q14118,active,surface,no,agrees,Q14118,2026-08-06
DAND5_HUMAN,Q8N907,Q8N907,active,unclassified,no,agrees,Q8N907,2026-08-06
DB109_HUMAN,Q30KR1,Q30KR1,active,unclassified,no,agrees,Q30KR1,2026-08-06
DB110_HUMAN,Q30KQ9,Q30KQ9,active,unclassified,no,agrees,Q30KQ9,2026-08-06
DB113_HUMAN,Q30KQ7,Q30KQ7,active,unclassified,no,agrees,Q30KQ7,2026-08-06
DB114_HUMAN,Q30KQ6,Q30KQ6,active,unclassified,no,agrees,Q30KQ6,2026-08-06
DB115_HUMAN,Q30KQ5,Q30KQ5,active,unclassified,no,agrees,Q30KQ5,2026-08-06
DB116_HUMAN,Q30KQ4,Q30KQ4,active,unclassified,no,agrees,Q30KQ4,2026-08-06
DB118_HUMAN,Q96PH6,Q96PH6,active,unclassified,no,agrees,Q96PH6,2026-08-06
DB119_HUMAN,Q8N690,Q8N690,active,unclassified,no,agrees,Q8N690,2026-08-06
DB121_HUMAN,Q5J5C9,Q5J5C9,active,unclassified,no,agrees,Q5J5C9,2026-08-06
DB123_HUMAN,Q8N688,Q8N688,active,unclassified,no,agrees,Q8N688,2026-08-06
DB124_HUMAN,Q8NES8,Q8NES8,active,unclassified,no,agrees,Q8NES8,2026-08-06
DB125_HUMAN,Q8N687,Q8N687,active,unclassified,no,agrees,Q8N687,2026-08-06
DB126_HUMAN,Q9BYW3,Q9BYW3,active,unclassified,no,agrees,Q9BYW3,2026-08-06
DB127_HUMAN,Q9H1M4,Q9H1M4,active,unclassified,no,agrees,Q9H1M4,2026-08-06
DB128_HUMAN,Q7Z7B8,Q7Z7B8,active,unclassified,no,agrees,Q7Z7B8,2026-08-06
DB129_HUMAN,Q9H1M3,Q9H1M3,active,unclassified,no,agrees,Q9H1M3,2026-08-06
DB130_HUMAN,Q30KQ2,Q30KQ2,inactive,unclassified,no,agrees,Q30KQ2,2026-08-06
DB131_HUMAN,P59861,P59861,active,unclassified,no,agrees,P59861,2026-08-06
DB132_HUMAN,Q7Z7B7,Q7Z7B7,active,unclassified,no,agrees,Q7Z7B7,2026-08-06
DB133_HUMAN,Q30KQ1,Q30KQ1,active,unclassified,no,agrees,Q30KQ1,2026-08-06
DB134_HUMAN,Q4QY38,Q4QY38,active,unclassified,no,agrees,Q4QY38,2026-08-06
DB135_HUMAN,Q30KP9,Q30KP9,active,unclassified,no,agrees,Q30KP9,2026-08-06
DB136_HUMAN,Q30KP8,Q30KP8,active,unclassified,no,agrees,Q30KP8,2026-08-06
DCA17_HUMAN,Q5H9S7,Q5H9S7,active,non_surface,no,agrees,Q5H9S7,2026-08-06
DCAF5_HUMAN,Q96JK2,Q96JK2,active,unclassified,no,agrees,Q96JK2,2026-08-06
DCAKD_HUMAN,Q8WVC6,Q8WVC6,active,non_surface,no,agrees,Q8WVC6,2026-08-06
DCBD1_HUMAN,Q8N8Z6,Q8N8Z6,active,surface,no,agrees,Q8N8Z6,2026-08-06
DCBD2_HUMAN,Q96PD2,Q96PD2,active,surface,no,agrees,Q96PD2,2026-08-06
DCC_HUMAN,P43146,P43146,active,surface,no,agrees,P43146,2026-08-06
DCD_HUMAN,P81605,P81605,active,unclassified,no,agrees,P81605,2026-08-06
DCLK3_HUMAN,Q9C098,Q9C098,active,non_surface,no,agrees,Q9C098,2026-08-06
DCNL5_HUMAN,Q9BTE7,Q9BTE7,active,non_surface,no,agrees,Q9BTE7,2026-08-06
DCST1_HUMAN,Q5T197,Q5T197,active,unclassified,no,agrees,Q5T197,2026-08-06
DCST2_HUMAN,Q5T1A1,Q5T1A1,active,unclassified,no,agrees,Q5T1A1,2026-08-06
DCSTP_HUMAN,Q9H295,Q9H295,active,surface,no,agrees,Q9H295,2026-08-06
DDIAS_HUMAN,Q8IXT1,Q8IXT1,active,unclassified,no,agrees,Q8IXT1,2026-08-06
DDR1_HUMAN,Q08345,Q08345,active,surface,no,agrees,Q08345,2026-08-06
DDR2_HUMAN,Q16832,Q16832,active,surface,no,agrees,Q16832,2026-08-06
DDRGK_HUMAN,Q96HY6,Q96HY6,active,unclassified,no,agrees,Q96HY6,2026-08-06
DDX17_HUMAN,Q92841,Q92841,active,unclassified,no,agrees,Q92841,2026-08-06
DDX20_HUMAN,Q9UHI6,Q9UHI6,active,unclassified,no,agrees,Q9UHI6,2026-08-06
DDX28_HUMAN,Q9NUL7,Q9NUL7,active,unclassified,no,agrees,Q9NUL7,2026-08-06
DEAF1_HUMAN,O75398,O75398,active,unclassified,no,agrees,O75398,2026-08-06
DEF1_HUMAN,P59665,P59665,active,unclassified,no,agrees,P59665,2026-08-06
DEF3_HUMAN,P59666,P59666,active,unclassified,no,agrees,P59666,2026-08-06
DEF4_HUMAN,P12838,P12838,active,unclassified,no,agrees,P12838,2026-08-06
DEF5_HUMAN,Q01523,Q01523,active,unclassified,no,agrees,Q01523,2026-08-06
DEF6_HUMAN,Q01524,Q01524,active,unclassified,no,agrees,Q01524,2026-08-06
DEFB1_HUMAN,P60022,P60022,active,unclassified,no,agrees,P60022,2026-08-06
DEFM_HUMAN,Q9HBH1,Q9HBH1,active,unclassified,no,agrees,Q9HBH1,2026-08-06
DEGS1_HUMAN,O15121,O15121,active,non_surface,no,agrees,O15121,2026-08-06
DEGS2_HUMAN,Q6QHC5,Q6QHC5,active,non_surface,no,agrees,Q6QHC5,2026-08-06
DEN4C_HUMAN,Q5VZ89,Q5VZ89,active,non_surface,no,agrees,Q5VZ89,2026-08-06
DEN5B_HUMAN,Q6ZUT9,Q6ZUT9,active,non_surface,no,agrees,Q6ZUT9,2026-08-06
DEND3_HUMAN,A2RUS2,A2RUS2,active,non_surface,no,agrees,A2RUS2,2026-08-06
DEPP_HUMAN,Q9NTK1,Q9NTK1,active,unclassified,no,agrees,Q9NTK1,2026-08-06
DERL1_HUMAN,Q9BUN8,Q9BUN8,active,non_surface,no,agrees,Q9BUN8,2026-08-06
DERL2_HUMAN,Q9GZP9,Q9GZP9,active,non_surface,no,agrees,Q9GZP9,2026-08-06
DERL3_HUMAN,Q96Q80,Q96Q80,active,non_surface,no,agrees,Q96Q80,2026-08-06
DERM_HUMAN,Q07507,Q07507,active,unclassified,no,agrees,Q07507,2026-08-06
DEXI_HUMAN,O95424,O95424,active,non_surface,no,agrees,O95424,2026-08-06
DFB4A_HUMAN,O15263,O15263,active,unclassified,no,agrees,O15263,2026-08-06
DG2L6_HUMAN,Q6ZPD8,Q6ZPD8,active,non_surface,no,agrees,Q6ZPD8,2026-08-06
DG2L7_HUMAN,Q6IED9,Q6IED9,inactive,unclassified,no,agrees,Q6IED9,2026-08-06
DGAT1_HUMAN,O75907,O75907,active,non_surface,no,agrees,O75907,2026-08-06
DGAT2_HUMAN,Q96PD7,Q96PD7,active,non_surface,no,agrees,Q96PD7,2026-08-06
DGKE_HUMAN,P52429,P52429,active,non_surface,no,agrees,P52429,2026-08-06
DGLA_HUMAN,Q9Y4D2,Q9Y4D2,active,surface,no,agrees,Q9Y4D2,2026-08-06
DGLB_HUMAN,Q8NCG7,Q8NCG7,active,surface,no,agrees,Q8NCG7,2026-08-06
DHB11_HUMAN,Q8NBQ5,Q8NBQ5,active,unclassified,no,agrees,Q8NBQ5,2026-08-06
DHB12_HUMAN,Q53GQ0,Q53GQ0,active,non_surface,no,agrees,Q53GQ0,2026-08-06
DHB13_HUMAN,Q7Z5P4,Q7Z5P4,active,unclassified,no,agrees,Q7Z5P4,2026-08-06
DHB1_HUMAN,P14061,P14061,active,unclassified,no,agrees,P14061,2026-08-06
DHB2_HUMAN,P37059,P37059,active,non_surface,no,agrees,P37059,2026-08-06
DHB3_HUMAN,P37058,P37058,active,unclassified,no,agrees,P37058,2026-08-06
DHB4_HUMAN,P51659,P51659,active,unclassified,no,agrees,P51659,2026-08-06
DHB7_HUMAN,P56937,P56937,active,non_surface,no,agrees,P56937,2026-08-06
DHC24_HUMAN,Q15392,Q15392,active,non_surface,no,agrees,Q15392,2026-08-06
DHCR7_HUMAN,Q9UBM7,Q9UBM7,active,non_surface,no,agrees,Q9UBM7,2026-08-06
DHE3_HUMAN,P00367,P00367,active,unclassified,no,agrees,P00367,2026-08-06
DHH_HUMAN,O43323,O43323,active,unclassified,no,agrees,O43323,2026-08-06
DHI1L_HUMAN,Q7Z5J1,Q7Z5J1,active,unclassified,no,agrees,Q7Z5J1,2026-08-06
DHI1_HUMAN,P28845,P28845,active,non_surface,no,agrees,P28845,2026-08-06
DHI2_HUMAN,P80365,P80365,active,non_surface,no,agrees,P80365,2026-08-06
DHR11_HUMAN,Q6UWP2,Q6UWP2,active,unclassified,no,agrees,Q6UWP2,2026-08-06
DHR13_HUMAN,Q6UX07,Q6UX07,active,unclassified,no,agrees,Q6UX07,2026-08-06
DHRS3_HUMAN,O75911,O75911,active,non_surface,no,agrees,O75911,2026-08-06
DHRS4_HUMAN,Q9BTZ2,Q9BTZ2,active,unclassified,no,agrees,Q9BTZ2,2026-08-06
DHRS7_HUMAN,Q9Y394,Q9Y394,active,unclassified,no,agrees,Q9Y394,2026-08-06
DHRS9_HUMAN,Q9BPW9,Q9BPW9,active,unclassified,no,agrees,Q9BPW9,2026-08-06
DHRSX_HUMAN,Q8N5I4,Q8N5I4,active,unclassified,no,agrees,Q8N5I4,2026-08-06
DHSD_HUMAN,O14521,O14521,active,non_surface,no,agrees,O14521,2026-08-06
DHX29_HUMAN,Q7Z478,Q7Z478,active,unclassified,no,agrees,Q7Z478,2026-08-06
DHX36_HUMAN,Q9H2U1,Q9H2U1,active,non_surface,no,agrees,Q9H2U1,2026-08-06
DHX8_HUMAN,Q14562,Q14562,active,unclassified,no,agrees,Q14562,2026-08-06
DIA1R_HUMAN,Q9H7Y0,Q9H7Y0,active,unclassified,no,agrees,Q9H7Y0,2026-08-06
DIA1_HUMAN,Q8NDZ4,Q8NDZ4,active,unclassified,no,agrees,Q8NDZ4,2026-08-06
DIAC_HUMAN,Q01459,Q01459,active,unclassified,no,agrees,Q01459,2026-08-06
DIP2C_HUMAN,Q9Y2E4,Q9Y2E4,active,non_surface,no,agrees,Q9Y2E4,2026-08-06
DIRC2_HUMAN,Q96SL1,Q96SL1,active,surface,no,agrees,Q96SL1,2026-08-06
DISP1_HUMAN,Q96F81,Q96F81,active,surface,no,agrees,Q96F81,2026-08-06
DISP2_HUMAN,A7MBM2,A7MBM2,active,surface,no,agrees,A7MBM2,2026-08-06
DJB11_HUMAN,Q9UBS4,Q9UBS4,active,unclassified,no,agrees,Q9UBS4,2026-08-06
DJB12_HUMAN,Q9NXW2,Q9NXW2,active,non_surface,no,agrees,Q9NXW2,2026-08-06
DJB14_HUMAN,Q8TBM8,Q8TBM8,active,non_surface,no,agrees,Q8TBM8,2026-08-06
DJC10_HUMAN,Q8IXB1,Q8IXB1,active,unclassified,no,agrees,Q8IXB1,2026-08-06
DJC11_HUMAN,Q9NVH1,Q9NVH1,active,non_surface,no,agrees,Q9NVH1,2026-08-06
DJC13_HUMAN,O75165,O75165,active,non_surface,no,agrees,O75165,2026-08-06
DJC14_HUMAN,Q6Y2X3,Q6Y2X3,active,non_surface,no,agrees,Q6Y2X3,2026-08-06
DJC15_HUMAN,Q9Y5T4,Q9Y5T4,active,non_surface,no,agrees,Q9Y5T4,2026-08-06
DJC16_HUMAN,Q9Y2G8,Q9Y2G8,active,unclassified,no,agrees,Q9Y2G8,2026-08-06
DJC18_HUMAN,Q9H819,Q9H819,active,unclassified,no,agrees,Q9H819,2026-08-06
DJC22_HUMAN,Q8N4W6,Q8N4W6,active,non_surface,no,agrees,Q8N4W6,2026-08-06
DJC25_HUMAN,Q9H1X3,Q9H1X3,active,non_surface,no,agrees,Q9H1X3,2026-08-06
DJC30_HUMAN,Q96LL9,Q96LL9,active,non_surface,no,agrees,Q96LL9,2026-08-06
DKK1_HUMAN,O94907,O94907,active,unclassified,no,agrees,O94907,2026-08-06
DKK2_HUMAN,Q9UBU2,Q9UBU2,active,unclassified,no,agrees,Q9UBU2,2026-08-06
DKK3_HUMAN,Q9UBP4,Q9UBP4,active,unclassified,no,agrees,Q9UBP4,2026-08-06
DKK4_HUMAN,Q9UBT3,Q9UBT3,active,unclassified,no,agrees,Q9UBT3,2026-08-06
DKKL1_HUMAN,Q9UK85,Q9UK85,active,unclassified,no,agrees,Q9UK85,2026-08-06
DLK1_HUMAN,P80370,P80370,active,surface,no,agrees,P80370,2026-08-06
DLK2_HUMAN,Q6UY11,Q6UY11,active,surface,no,agrees,Q6UY11,2026-08-06
DLL1_HUMAN,O00548,O00548,active,surface,no,agrees,O00548,2026-08-06
DLL3_HUMAN,Q9NYJ7,Q9NYJ7,active,surface,no,agrees,Q9NYJ7,2026-08-06
DLL4_HUMAN,Q9NR61,Q9NR61,active,surface,no,agrees,Q9NR61,2026-08-06
DMA_HUMAN,P28067,P28067,active,surface,no,agrees,P28067,2026-08-06
DMBT1_HUMAN,Q9UGM3,Q9UGM3,active,unclassified,no,agrees,Q9UGM3,2026-08-06
DMB_HUMAN,P28068,P28068,active,surface,no,agrees,P28068,2026-08-06
DMKN_HUMAN,Q6E0U4,Q6E0U4,active,unclassified,no,agrees,Q6E0U4,2026-08-06
DMP1_HUMAN,Q13316,Q13316,active,unclassified,no,agrees,Q13316,2026-08-06
DMP4_HUMAN,Q8IXL6,Q8IXL6,active,unclassified,no,agrees,Q8IXL6,2026-08-06
DMPK_HUMAN,Q09013,Q09013,active,non_surface,no,agrees,Q09013,2026-08-06
DMTA2_HUMAN,Q96SC8,Q96SC8,active,unclassified,no,agrees,Q96SC8,2026-08-06
DMXL2_HUMAN,Q8TDJ6,Q8TDJ6,active,non_surface,no,agrees,Q8TDJ6,2026-08-06
DNAS1_HUMAN,P24855,P24855,active,unclassified,no,agrees,P24855,2026-08-06
DNER_HUMAN,Q8NFT8,Q8NFT8,active,surface,no,agrees,Q8NFT8,2026-08-06
DNJ5G_HUMAN,Q8N7S2,Q8N7S2,active,non_surface,no,agrees,Q8N7S2,2026-08-06
DNJB9_HUMAN,Q9UBS3,Q9UBS3,active,unclassified,no,agrees,Q9UBS3,2026-08-06
DNJC1_HUMAN,Q96KC8,Q96KC8,active,non_surface,no,agrees,Q96KC8,2026-08-06
DNJC3_HUMAN,Q13217,Q13217,active,unclassified,no,agrees,Q13217,2026-08-06
DNJC4_HUMAN,Q9NNZ3,Q9NNZ3,active,non_surface,no,agrees,Q9NNZ3,2026-08-06
DNS2A_HUMAN,O00115,O00115,active,unclassified,no,agrees,O00115,2026-08-06
DNS2B_HUMAN,Q8WZ79,Q8WZ79,active,unclassified,no,agrees,Q8WZ79,2026-08-06
DNSL1_HUMAN,P49184,P49184,active,unclassified,no,agrees,P49184,2026-08-06
DNSL2_HUMAN,Q92874,Q92874,active,unclassified,no,agrees,Q92874,2026-08-06
DNSL3_HUMAN,Q13609,Q13609,active,unclassified,no,agrees,Q13609,2026-08-06
DOA_HUMAN,P06340,P06340,active,surface,no,agrees,P06340,2026-08-06
DOB_HUMAN,P13765,P13765,active,surface,no,agrees,P13765,2026-08-06
DOC11_HUMAN,Q5JSL3,Q5JSL3,active,non_surface,no,agrees,Q5JSL3,2026-08-06
DOCK3_HUMAN,Q8IZD9,Q8IZD9,active,non_surface,no,agrees,Q8IZD9,2026-08-06
DOCK4_HUMAN,Q8N1I0,Q8N1I0,active,non_surface,no,agrees,Q8N1I0,2026-08-06
DOLK_HUMAN,Q9UPQ8,Q9UPQ8,active,non_surface,no,agrees,Q9UPQ8,2026-08-06
DOP1_HUMAN,Q5JWR5,Q5JWR5,active,non_surface,no,agrees,Q5JWR5,2026-08-06
DOP2_HUMAN,Q9Y3R5,Q9Y3R5,active,non_surface,no,agrees,Q9Y3R5,2026-08-06
DOPO_HUMAN,P09172,P09172,active,unclassified,no,agrees,P09172,2026-08-06
DOPP1_HUMAN,Q86YN1,Q86YN1,active,non_surface,no,agrees,Q86YN1,2026-08-06
DOS_HUMAN,Q8N350,Q8N350,active,non_surface,no,agrees,Q8N350,2026-08-06
DOXA1_HUMAN,Q1HG43,Q1HG43,active,surface,no,agrees,Q1HG43,2026-08-06
DOXA2_HUMAN,Q1HG44,Q1HG44,active,non_surface,no,agrees,Q1HG44,2026-08-06
DPA1_HUMAN,P20036,P20036,active,surface,no,agrees,P20036,2026-08-06
DPB1_HUMAN,P04440,P04440,active,surface,no,agrees,P04440,2026-08-06
DPCR1_HUMAN,Q3MIW9,Q3MIW9,active,surface,no,agrees,Q3MIW9,2026-08-06
DPEP1_HUMAN,P16444,P16444,active,surface,no,agrees,P16444,2026-08-06
DPEP2_HUMAN,Q9H4A9,Q9H4A9,active,surface,no,agrees,Q9H4A9,2026-08-06
DPEP3_HUMAN,Q9H4B8,Q9H4B8,active,surface,no,agrees,Q9H4B8,2026-08-06
DPH1_HUMAN,Q9BZG8,Q9BZG8,active,unclassified,no,agrees,Q9BZG8,2026-08-06
DPM2_HUMAN,O94777,O94777,active,non_surface,no,agrees,O94777,2026-08-06
DPM3_HUMAN,Q9P2X0,Q9P2X0,active,non_surface,no,agrees,Q9P2X0,2026-08-06
DPOE1_HUMAN,Q07864,Q07864,active,non_surface,no,agrees,Q07864,2026-08-06
DPOE2_HUMAN,P56282,P56282,active,unclassified,no,agrees,P56282,2026-08-06
DPP10_HUMAN,Q8N608,Q8N608,active,surface,no,agrees,Q8N608,2026-08-06
DPP2_HUMAN,Q9UHL4,Q9UHL4,active,unclassified,no,agrees,Q9UHL4,2026-08-06
DPP4_HUMAN,P27487,P27487,active,surface,no,agrees,P27487,2026-08-06
DPP6_HUMAN,P42658,P42658,active,surface,no,agrees,P42658,2026-08-06
DQA1_HUMAN,P01909,P01909,active,surface,no,agrees,P01909,2026-08-06
DQA2_HUMAN,P01906,P01906,active,surface,no,agrees,P01906,2026-08-06
DQB1_HUMAN,P01920,P01920,active,surface,no,agrees,P01920,2026-08-06
DQB2_HUMAN,P05538,P05538,active,surface,no,agrees,P05538,2026-08-06
DR4L2_HUMAN,Q6PKH6,Q6PKH6,active,unclassified,no,agrees,Q6PKH6,2026-08-06
DRAM1_HUMAN,Q8N682,Q8N682,active,non_surface,no,agrees,Q8N682,2026-08-06
DRAM2_HUMAN,Q6UX65,Q6UX65,active,non_surface,no,agrees,Q6UX65,2026-08-06
DRAXI_HUMAN,Q8NBI3,Q8NBI3,active,unclassified,no,agrees,Q8NBI3,2026-08-06
DRA_HUMAN,P01903,P01903,active,surface,no,agrees,P01903,2026-08-06
DRB3_HUMAN,P79483,P79483,active,surface,no,agrees,P79483,2026-08-06
DRB4_HUMAN,P13762,P13762,active,surface,no,agrees,P13762,2026-08-06
DRB5_HUMAN,Q30154,Q30154,active,surface,no,agrees,Q30154,2026-08-06
DRD1_HUMAN,P21728,P21728,active,surface,no,agrees,P21728,2026-08-06
DRD2_HUMAN,P14416,P14416,active,surface,no,agrees,P14416,2026-08-06
DRD3_HUMAN,P35462,P35462,active,surface,no,agrees,P35462,2026-08-06
DRD4_HUMAN,P21917,P21917,active,surface,no,agrees,P21917,2026-08-06
DRD5_HUMAN,P21918,P21918,active,surface,no,agrees,P21918,2026-08-06
DRS7B_HUMAN,Q6IAN0,Q6IAN0,active,non_surface,no,agrees,Q6IAN0,2026-08-06
DRS7C_HUMAN,A6NNS2,A6NNS2,active,unclassified,no,agrees,A6NNS2,2026-08-06
DS13A_HUMAN,Q6B8I1,Q6B8I1,active,non_surface,no,agrees,Q6B8I1,2026-08-06
DSA2D_HUMAN,C9JQL5,C9JQL5,active,unclassified,no,agrees,C9JQL5,2026-08-06
DSC10_HUMAN,P59022,P59022,active,unclassified,no,agrees,P59022,2026-08-06
DSC1_HUMAN,Q08554,Q08554,active,surface,no,agrees,Q08554,2026-08-06
DSC2_HUMAN,Q02487,Q02487,active,surface,no,agrees,Q02487,2026-08-06
DSC3_HUMAN,Q14574,Q14574,active,surface,no,agrees,Q14574,2026-08-06
DSCAM_HUMAN,O60469,O60469,active,surface,no,agrees,O60469,2026-08-06
DSCL1_HUMAN,Q8TD84,Q8TD84,active,surface,no,agrees,Q8TD84,2026-08-06
DSEL_HUMAN,Q8IZU8,Q8IZU8,active,unclassified,no,agrees,Q8IZU8,2026-08-06
DSE_HUMAN,Q9UL01,Q9UL01,active,unclassified,no,agrees,Q9UL01,2026-08-06
DSG1_HUMAN,Q02413,Q02413,active,surface,no,agrees,Q02413,2026-08-06
DSG2_HUMAN,Q14126,Q14126,active,surface,no,agrees,Q14126,2026-08-06
DSG3_HUMAN,P32926,P32926,active,surface,no,agrees,P32926,2026-08-06
DSG4_HUMAN,Q86SJ6,Q86SJ6,active,surface,no,agrees,Q86SJ6,2026-08-06
DSPP_HUMAN,Q9NZW4,Q9NZW4,active,unclassified,no,agrees,Q9NZW4,2026-08-06
DUOX1_HUMAN,Q9NRD9,Q9NRD9,active,surface,no,agrees,Q9NRD9,2026-08-06
DUOX2_HUMAN,Q9NRD8,Q9NRD8,active,surface,no,agrees,Q9NRD8,2026-08-06
DUS27_HUMAN,Q5VZP5,Q5VZP5,active,non_surface,no,agrees,Q5VZP5,2026-08-06
DYH14_HUMAN,Q0VDD8,Q0VDD8,active,unclassified,no,agrees,Q0VDD8,2026-08-06
DYH2_HUMAN,Q9P225,Q9P225,active,non_surface,no,agrees,Q9P225,2026-08-06
DYH9_HUMAN,Q9NYC9,Q9NYC9,active,non_surface,no,agrees,Q9NYC9,2026-08-06
DYM_HUMAN,Q7RTS9,Q7RTS9,active,non_surface,no,agrees,Q7RTS9,2026-08-06
DYNAP_HUMAN,Q8N1N2,Q8N1N2,active,surface,no,agrees,Q8N1N2,2026-08-06
DYSF_HUMAN,O75923,O75923,active,non_surface,no,agrees,O75923,2026-08-06
E2AK3_HUMAN,Q9NZJ5,Q9NZJ5,active,non_surface,no,agrees,Q9NZJ5,2026-08-06
E41L3_HUMAN,Q9Y2J2,Q9Y2J2,active,non_surface,no,agrees,Q9Y2J2,2026-08-06
EAA1_HUMAN,P43003,P43003,active,surface,no,agrees,P43003,2026-08-06
EAA2_HUMAN,P43004,P43004,active,surface,no,agrees,P43004,2026-08-06
EAA3_HUMAN,P43005,P43005,active,surface,no,agrees,P43005,2026-08-06
EAA4_HUMAN,P48664,P48664,active,surface,no,agrees,P48664,2026-08-06
EAA5_HUMAN,O00341,O00341,active,surface,no,agrees,O00341,2026-08-06
EBLN1_HUMAN,P0CF75,P0CF75,active,non_surface,no,agrees,P0CF75,2026-08-06
EBPL_HUMAN,Q9BY08,Q9BY08,active,non_surface,no,agrees,Q9BY08,2026-08-06
EBP_HUMAN,Q15125,Q15125,active,surface,no,agrees,Q15125,2026-08-06
ECE1_HUMAN,P42892,P42892,active,surface,no,agrees,P42892,2026-08-06
ECE2_HUMAN,O60344,O60344,inactive,non_surface,no,agrees,O60344,2026-08-06
ECEL1_HUMAN,O95672,O95672,active,unclassified,no,agrees,O95672,2026-08-06
ECHD3_HUMAN,Q96DC8,Q96DC8,active,unclassified,no,agrees,Q96DC8,2026-08-06
ECM1_HUMAN,Q16610,Q16610,active,unclassified,no,agrees,Q16610,2026-08-06
ECM2_HUMAN,O94769,O94769,active,unclassified,no,agrees,O94769,2026-08-06
ECP_HUMAN,P12724,P12724,active,unclassified,no,agrees,P12724,2026-08-06
ECSCR_HUMAN,Q19T08,Q19T08,active,surface,no,agrees,Q19T08,2026-08-06
EDAR_HUMAN,Q9UNE0,Q9UNE0,active,surface,no,agrees,Q9UNE0,2026-08-06
EDA_HUMAN,Q92838,Q92838,active,surface,no,agrees,Q92838,2026-08-06
EDEM1_HUMAN,Q92611,Q92611,active,non_surface,no,agrees,Q92611,2026-08-06
EDEM2_HUMAN,Q9BV94,Q9BV94,active,unclassified,no,agrees,Q9BV94,2026-08-06
EDEM3_HUMAN,Q9BZQ6,Q9BZQ6,active,unclassified,no,agrees,Q9BZQ6,2026-08-06
EDIL3_HUMAN,O43854,O43854,active,unclassified,no,agrees,O43854,2026-08-06
EDN1_HUMAN,P05305,P05305,active,unclassified,no,agrees,P05305,2026-08-06
EDN2_HUMAN,P20800,P20800,active,unclassified,no,agrees,P20800,2026-08-06
EDN3_HUMAN,P14138,P14138,active,unclassified,no,agrees,P14138,2026-08-06
EDNRA_HUMAN,P25101,P25101,active,surface,no,agrees,P25101,2026-08-06
EDNRB_HUMAN,P24530,P24530,active,surface,no,agrees,P24530,2026-08-06
EFC14_HUMAN,O75071,O75071,active,unclassified,no,agrees,O75071,2026-08-06
EFC1_HUMAN,P60507,P60507,active,surface,no,agrees,P60507,2026-08-06
EFC2_HUMAN,P60608,P60608,active,unclassified,no,agrees,P60608,2026-08-06
EFGM_HUMAN,Q96RP9,Q96RP9,active,unclassified,no,agrees,Q96RP9,2026-08-06
EFNA1_HUMAN,P20827,P20827,active,surface,no,agrees,P20827,2026-08-06
EFNA2_HUMAN,O43921,O43921,active,surface,no,agrees,O43921,2026-08-06
EFNA3_HUMAN,P52797,P52797,active,surface,no,agrees,P52797,2026-08-06
EFNA4_HUMAN,P52798,P52798,active,surface,no,agrees,P52798,2026-08-06
EFNA5_HUMAN,P52803,P52803,active,surface,no,agrees,P52803,2026-08-06
EFNB1_HUMAN,P98172,P98172,active,surface,no,agrees,P98172,2026-08-06
EFNB2_HUMAN,P52799,P52799,active,surface,no,agrees,P52799,2026-08-06
EFNB3_HUMAN,Q15768,Q15768,active,surface,no,agrees,Q15768,2026-08-06
EGFL6_HUMAN,Q8IUX8,Q8IUX8,active,unclassified,no,agrees,Q8IUX8,2026-08-06
EGFL7_HUMAN,Q9UHF1,Q9UHF1,active,unclassified,no,agrees,Q9UHF1,2026-08-06
EGFL8_HUMAN,Q99944,Q99944,active,unclassified,no,agrees,Q99944,2026-08-06
EGFLA_HUMAN,Q63HQ2,Q63HQ2,active,unclassified,no,agrees,Q63HQ2,2026-08-06
EGFR_HUMAN,P00533,P00533,active,surface,no,agrees,P00533,2026-08-06
EGF_HUMAN,P01133,P01133,active,surface,no,agrees,P01133,2026-08-06
EGLN_HUMAN,P17813,P17813,active,surface,no,agrees,P17813,2026-08-06
EHMT2_HUMAN,Q96KQ7,Q96KQ7,active,unclassified,no,agrees,Q96KQ7,2026-08-06
EI24_HUMAN,O14681,O14681,active,non_surface,no,agrees,O14681,2026-08-06
EID3_HUMAN,Q8N140,Q8N140,active,non_surface,no,agrees,Q8N140,2026-08-06
EKI1_HUMAN,Q9HBU6,Q9HBU6,active,unclassified,no,agrees,Q9HBU6,2026-08-06
ELAF_HUMAN,P19957,P19957,active,unclassified,no,agrees,P19957,2026-08-06
ELA_HUMAN,P0DMC3,P0DMC3,active,unclassified,no,agrees,P0DMC3,2026-08-06
ELFN1_HUMAN,P0C7U0,P0C7U0,active,surface,no,agrees,P0C7U0,2026-08-06
ELMD1_HUMAN,Q8N336,Q8N336,active,non_surface,no,agrees,Q8N336,2026-08-06
ELNE_HUMAN,P08246,P08246,active,unclassified,no,agrees,P08246,2026-08-06
ELN_HUMAN,P15502,P15502,active,unclassified,no,agrees,P15502,2026-08-06
ELOV1_HUMAN,Q9BW60,Q9BW60,active,non_surface,no,agrees,Q9BW60,2026-08-06
ELOV2_HUMAN,Q9NXB9,Q9NXB9,active,non_surface,no,agrees,Q9NXB9,2026-08-06
ELOV3_HUMAN,Q9HB03,Q9HB03,active,non_surface,no,agrees,Q9HB03,2026-08-06
ELOV4_HUMAN,Q9GZR5,Q9GZR5,active,non_surface,no,agrees,Q9GZR5,2026-08-06
ELOV5_HUMAN,Q9NYP7,Q9NYP7,active,non_surface,no,agrees,Q9NYP7,2026-08-06
ELOV6_HUMAN,Q9H5J4,Q9H5J4,active,non_surface,no,agrees,Q9H5J4,2026-08-06
ELOV7_HUMAN,A1L3X0,A1L3X0,active,non_surface,no,agrees,A1L3X0,2026-08-06
ELP4_HUMAN,Q96EB1,Q96EB1,active,unclassified,no,agrees,Q96EB1,2026-08-06
ELTD1_HUMAN,Q9HBW9,Q9HBW9,active,surface,no,agrees,Q9HBW9,2026-08-06
EMAL2_HUMAN,O95834,O95834,active,non_surface,no,agrees,O95834,2026-08-06
EMARD_HUMAN,Q5T6L9,Q5T6L9,active,non_surface,no,agrees,Q5T6L9,2026-08-06
EMB_HUMAN,Q6PCB8,Q6PCB8,active,surface,no,agrees,Q6PCB8,2026-08-06
EMC10_HUMAN,Q5UCC4,Q5UCC4,active,unclassified,no,agrees,Q5UCC4,2026-08-06
EMC1_HUMAN,Q8N766,Q8N766,active,unclassified,no,agrees,Q8N766,2026-08-06
EMC3_HUMAN,Q9P0I2,Q9P0I2,active,non_surface,no,agrees,Q9P0I2,2026-08-06
EMC4_HUMAN,Q5J8M3,Q5J8M3,active,non_surface,no,agrees,Q5J8M3,2026-08-06
EMC6_HUMAN,Q9BV81,Q9BV81,active,non_surface,no,agrees,Q9BV81,2026-08-06
EMC7_HUMAN,Q9NPA0,Q9NPA0,active,unclassified,no,agrees,Q9NPA0,2026-08-06
EMD_HUMAN,P50402,P50402,active,non_surface,no,agrees,P50402,2026-08-06
EMID1_HUMAN,Q96A84,Q96A84,active,unclassified,no,agrees,Q96A84,2026-08-06
EMIL1_HUMAN,Q9Y6C2,Q9Y6C2,active,unclassified,no,agrees,Q9Y6C2,2026-08-06
EMIL2_HUMAN,Q9BXX0,Q9BXX0,active,unclassified,no,agrees,Q9BXX0,2026-08-06
EMIL3_HUMAN,Q9NT22,Q9NT22,active,unclassified,no,agrees,Q9NT22,2026-08-06
EMP1_HUMAN,P54849,P54849,active,surface,no,agrees,P54849,2026-08-06
EMP2_HUMAN,P54851,P54851,active,surface,no,agrees,P54851,2026-08-06
EMP3_HUMAN,P54852,P54852,active,surface,no,agrees,P54852,2026-08-06
EMR1_HUMAN,Q14246,Q14246,active,surface,no,agrees,Q14246,2026-08-06
EMR2_HUMAN,Q9UHX3,Q9UHX3,active,surface,no,agrees,Q9UHX3,2026-08-06
EMR3_HUMAN,Q9BY15,Q9BY15,active,surface,no,agrees,Q9BY15,2026-08-06
EMR4_HUMAN,Q86SQ3,Q86SQ3,active,surface,no,agrees,Q86SQ3,2026-08-06
EMRE_HUMAN,Q9H4I9,Q9H4I9,active,non_surface,no,agrees,Q9H4I9,2026-08-06
EN113_HUMAN,Q902F9,Q902F9,active,surface,no,agrees,Q902F9,2026-08-06
ENAM_HUMAN,Q9NRM1,Q9NRM1,active,unclassified,no,agrees,Q9NRM1,2026-08-06
ENDD1_HUMAN,O94919,O94919,active,unclassified,no,agrees,O94919,2026-08-06
ENDOU_HUMAN,P21128,P21128,active,unclassified,no,agrees,P21128,2026-08-06
ENH1_HUMAN,Q9N2K0,Q9N2K0,active,surface,no,agrees,Q9N2K0,2026-08-06
ENH3_HUMAN,Q9N2J8,Q9N2J8,active,surface,no,agrees,Q9N2J8,2026-08-06
ENHO_HUMAN,Q6UWT2,Q6UWT2,active,unclassified,no,agrees,Q6UWT2,2026-08-06
ENK13_HUMAN,Q9NX77,Q9NX77,active,surface,no,agrees,Q9NX77,2026-08-06
ENK18_HUMAN,O42043,O42043,active,surface,no,agrees,O42043,2026-08-06
ENK19_HUMAN,O71037,O71037,active,surface,no,agrees,O71037,2026-08-06
ENK21_HUMAN,P61565,P61565,active,surface,no,agrees,P61565,2026-08-06
ENK24_HUMAN,P61566,P61566,active,surface,no,agrees,P61566,2026-08-06
ENK25_HUMAN,P61570,P61570,active,surface,no,agrees,P61570,2026-08-06
ENK6_HUMAN,Q69384,Q69384,active,surface,no,agrees,Q69384,2026-08-06
ENK7_HUMAN,P61567,P61567,active,surface,no,agrees,P61567,2026-08-06
ENK8_HUMAN,Q902F8,Q902F8,active,surface,no,agrees,Q902F8,2026-08-06
ENK9_HUMAN,Q9UKH3,Q9UKH3,active,surface,no,agrees,Q9UKH3,2026-08-06
ENPL_HUMAN,P14625,P14625,active,unclassified,no,agrees,P14625,2026-08-06
ENPP1_HUMAN,P22413,P22413,active,surface,no,agrees,P22413,2026-08-06
ENPP2_HUMAN,Q13822,Q13822,active,unclassified,no,agrees,Q13822,2026-08-06
ENPP3_HUMAN,O14638,O14638,active,unclassified,no,agrees,O14638,2026-08-06
ENPP4_HUMAN,Q9Y6X5,Q9Y6X5,active,surface,no,agrees,Q9Y6X5,2026-08-06
ENPP5_HUMAN,Q9UJA9,Q9UJA9,active,surface,no,agrees,Q9UJA9,2026-08-06
ENPP6_HUMAN,Q6UWR7,Q6UWR7,active,surface,no,agrees,Q6UWR7,2026-08-06
ENPP7_HUMAN,Q6UWV6,Q6UWV6,active,unclassified,no,agrees,Q6UWV6,2026-08-06
ENR1_HUMAN,Q14264,Q14264,active,unclassified,no,agrees,Q14264,2026-08-06
ENTK_HUMAN,P98073,P98073,active,surface,no,agrees,P98073,2026-08-06
ENTP1_HUMAN,P49961,P49961,active,surface,no,agrees,P49961,2026-08-06
ENTP2_HUMAN,Q9Y5L3,Q9Y5L3,active,non_surface,no,agrees,Q9Y5L3,2026-08-06
ENTP3_HUMAN,O75355,O75355,active,surface,no,agrees,O75355,2026-08-06
ENTP4_HUMAN,Q9Y227,Q9Y227,active,non_surface,no,agrees,Q9Y227,2026-08-06
ENTP5_HUMAN,O75356,O75356,active,unclassified,no,agrees,O75356,2026-08-06
ENTP6_HUMAN,O75354,O75354,active,non_surface,no,agrees,O75354,2026-08-06
ENTP7_HUMAN,Q9NQZ7,Q9NQZ7,active,non_surface,no,agrees,Q9NQZ7,2026-08-06
ENTP8_HUMAN,Q5MY95,Q5MY95,active,unclassified,no,agrees,Q5MY95,2026-08-06
ENVT1_HUMAN,P61550,P61550,active,surface,no,agrees,P61550,2026-08-06
EOGT_HUMAN,Q5NDL2,Q5NDL2,active,unclassified,no,agrees,Q5NDL2,2026-08-06
EP3A_HUMAN,Q14507,Q14507,active,unclassified,no,agrees,Q14507,2026-08-06
EP3B_HUMAN,P56851,P56851,active,unclassified,no,agrees,P56851,2026-08-06
EPCAM_HUMAN,P16422,P16422,active,surface,no,agrees,P16422,2026-08-06
EPCR_HUMAN,Q9UNN8,Q9UNN8,active,surface,no,agrees,Q9UNN8,2026-08-06
EPDR1_HUMAN,Q9UM22,Q9UM22,active,unclassified,no,agrees,Q9UM22,2026-08-06
EPGN_HUMAN,Q6UW88,Q6UW88,active,surface,no,agrees,Q6UW88,2026-08-06
EPHA1_HUMAN,P21709,P21709,active,surface,no,agrees,P21709,2026-08-06
EPHA2_HUMAN,P29317,P29317,active,surface,no,agrees,P29317,2026-08-06
EPHA3_HUMAN,P29320,P29320,active,surface,no,agrees,P29320,2026-08-06
EPHA4_HUMAN,P54764,P54764,active,surface,no,agrees,P54764,2026-08-06
EPHA5_HUMAN,P54756,P54756,active,surface,no,agrees,P54756,2026-08-06
EPHA6_HUMAN,Q9UF33,Q9UF33,active,surface,no,agrees,Q9UF33,2026-08-06
EPHA7_HUMAN,Q15375,Q15375,active,surface,no,agrees,Q15375,2026-08-06
EPHA8_HUMAN,P29322,P29322,active,surface,no,agrees,P29322,2026-08-06
EPHAA_HUMAN,Q5JZY3,Q5JZY3,active,surface,no,agrees,Q5JZY3,2026-08-06
EPHB1_HUMAN,P54762,P54762,active,surface,no,agrees,P54762,2026-08-06
EPHB2_HUMAN,P29323,P29323,active,surface,no,agrees,P29323,2026-08-06
EPHB3_HUMAN,P54753,P54753,active,surface,no,agrees,P54753,2026-08-06
EPHB4_HUMAN,P54760,P54760,active,surface,no,agrees,P54760,2026-08-06
EPHB6_HUMAN,O15197,O15197,active,surface,no,agrees,O15197,2026-08-06
EPHX3_HUMAN,Q9H6B9,Q9H6B9,active,unclassified,no,agrees,Q9H6B9,2026-08-06
EPHX4_HUMAN,Q8IUS5,Q8IUS5,active,non_surface,no,agrees,Q8IUS5,2026-08-06
EPOR_HUMAN,P19235,P19235,active,surface,no,agrees,P19235,2026-08-06
EPO_HUMAN,P01588,P01588,active,unclassified,no,agrees,P01588,2026-08-06
EPPI_HUMAN,O95925,O95925,active,unclassified,no,agrees,O95925,2026-08-06
EPS15_HUMAN,P42566,P42566,active,unclassified,no,agrees,P42566,2026-08-06
EPT1_HUMAN,Q9C0D9,Q9C0D9,active,non_surface,no,agrees,Q9C0D9,2026-08-06
EPYC_HUMAN,Q99645,Q99645,active,unclassified,no,agrees,Q99645,2026-08-06
EQTN_HUMAN,Q9NQ60,Q9NQ60,active,surface,no,agrees,Q9NQ60,2026-08-06
ERAP1_HUMAN,Q9NZ08,Q9NZ08,active,non_surface,no,agrees,Q9NZ08,2026-08-06
ERAP2_HUMAN,Q6P179,Q6P179,active,non_surface,no,agrees,Q6P179,2026-08-06
ERB1_HUMAN,P60509,P60509,active,surface,no,agrees,P60509,2026-08-06
ERBB2_HUMAN,P04626,P04626,active,surface,no,agrees,P04626,2026-08-06
ERBB3_HUMAN,P21860,P21860,active,surface,no,agrees,P21860,2026-08-06
ERBB4_HUMAN,Q15303,Q15303,active,surface,no,agrees,Q15303,2026-08-06
ERD21_HUMAN,P24390,P24390,active,non_surface,no,agrees,P24390,2026-08-06
ERD22_HUMAN,P33947,P33947,active,non_surface,no,agrees,P33947,2026-08-06
ERD23_HUMAN,O43731,O43731,active,non_surface,no,agrees,O43731,2026-08-06
EREG_HUMAN,O14944,O14944,active,surface,no,agrees,O14944,2026-08-06
ERFE_HUMAN,Q4G0M1,Q4G0M1,active,unclassified,no,agrees,Q4G0M1,2026-08-06
ERG1_HUMAN,Q14534,Q14534,active,non_surface,no,agrees,Q14534,2026-08-06
ERG24_HUMAN,O76062,O76062,active,unclassified,no,agrees,O76062,2026-08-06
ERG28_HUMAN,Q9UKR5,Q9UKR5,active,non_surface,no,agrees,Q9UKR5,2026-08-06
ERGI1_HUMAN,Q969X5,Q969X5,active,non_surface,no,agrees,Q969X5,2026-08-06
ERGI2_HUMAN,Q96RQ1,Q96RQ1,active,non_surface,no,agrees,Q96RQ1,2026-08-06
ERGI3_HUMAN,Q9Y282,Q9Y282,active,unclassified,no,agrees,Q9Y282,2026-08-06
ERLEC_HUMAN,Q96DZ1,Q96DZ1,active,unclassified,no,agrees,Q96DZ1,2026-08-06
ERLN1_HUMAN,O75477,O75477,active,non_surface,no,agrees,O75477,2026-08-06
ERLN2_HUMAN,O94905,O94905,active,non_surface,no,agrees,O94905,2026-08-06
ERMAP_HUMAN,Q96PL5,Q96PL5,active,surface,no,agrees,Q96PL5,2026-08-06
ERMP1_HUMAN,Q7Z2K6,Q7Z2K6,active,surface,no,agrees,Q7Z2K6,2026-08-06
ERN1_HUMAN,O75460,O75460,active,non_surface,no,agrees,O75460,2026-08-06
ERN2_HUMAN,Q76MJ5,Q76MJ5,active,non_surface,no,agrees,Q76MJ5,2026-08-06
ERO1A_HUMAN,Q96HE7,Q96HE7,active,unclassified,no,agrees,Q96HE7,2026-08-06
ERO1B_HUMAN,Q86YB8,Q86YB8,active,unclassified,no,agrees,Q86YB8,2026-08-06
ERP27_HUMAN,Q96DN0,Q96DN0,active,unclassified,no,agrees,Q96DN0,2026-08-06
ERP29_HUMAN,P30040,P30040,active,unclassified,no,agrees,P30040,2026-08-06
ERP44_HUMAN,Q9BS26,Q9BS26,active,unclassified,no,agrees,Q9BS26,2026-08-06
ERVV1_HUMAN,B6SEH8,B6SEH8,active,surface,no,agrees,B6SEH8,2026-08-06
ERVV2_HUMAN,B6SEH9,B6SEH9,active,surface,no,agrees,B6SEH9,2026-08-06
ES1_HUMAN,P30042,P30042,inactive,unclassified,no,agrees,P30042,2026-08-06
ESAM_HUMAN,Q96AP7,Q96AP7,active,surface,no,agrees,Q96AP7,2026-08-06
ESM1_HUMAN,Q9NQ30,Q9NQ30,active,unclassified,no,agrees,Q9NQ30,2026-08-06
ESPB1_HUMAN,Q96BH3,Q96BH3,active,unclassified,no,agrees,Q96BH3,2026-08-06
ESPL1_HUMAN,Q14674,Q14674,active,non_surface,no,agrees,Q14674,2026-08-06
ESRP1_HUMAN,Q6NXG1,Q6NXG1,active,unclassified,no,agrees,Q6NXG1,2026-08-06
EST1_HUMAN,P23141,P23141,active,unclassified,no,agrees,P23141,2026-08-06
EST2_HUMAN,O00748,O00748,active,unclassified,no,agrees,O00748,2026-08-06
EST3_HUMAN,Q6UWW8,Q6UWW8,active,unclassified,no,agrees,Q6UWW8,2026-08-06
EST4A_HUMAN,Q5XG92,Q5XG92,active,unclassified,no,agrees,Q5XG92,2026-08-06
EST5A_HUMAN,Q6NT32,Q6NT32,active,unclassified,no,agrees,Q6NT32,2026-08-06
ESYT1_HUMAN,Q9BSJ8,Q9BSJ8,active,non_surface,no,agrees,Q9BSJ8,2026-08-06
ESYT2_HUMAN,A0FGR8,A0FGR8,active,non_surface,no,agrees,A0FGR8,2026-08-06
ESYT3_HUMAN,A0FGR9,A0FGR9,active,surface,no,agrees,A0FGR9,2026-08-06
ETBR2_HUMAN,O60883,O60883,active,surface,no,agrees,O60883,2026-08-06
ETFD_HUMAN,Q16134,Q16134,active,non_surface,no,agrees,Q16134,2026-08-06
EVA1A_HUMAN,Q9H8M9,Q9H8M9,active,non_surface,no,agrees,Q9H8M9,2026-08-06
EVA1B_HUMAN,Q9NVM1,Q9NVM1,active,non_surface,no,agrees,Q9NVM1,2026-08-06
EVA1C_HUMAN,P58658,P58658,active,surface,no,agrees,P58658,2026-08-06
EVC_HUMAN,P57679,P57679,active,non_surface,no,agrees,P57679,2026-08-06
EVI2A_HUMAN,P22794,P22794,active,surface,no,agrees,P22794,2026-08-06
EVI2B_HUMAN,P34910,P34910,active,surface,no,agrees,P34910,2026-08-06
EXD2_HUMAN,Q9NVH0,Q9NVH0,active,non_surface,no,agrees,Q9NVH0,2026-08-06
EXOG_HUMAN,Q9Y2C4,Q9Y2C4,active,unclassified,no,agrees,Q9Y2C4,2026-08-06
EXT1_HUMAN,Q16394,Q16394,active,non_surface,no,agrees,Q16394,2026-08-06
EXT2_HUMAN,Q93063,Q93063,active,non_surface,no,agrees,Q93063,2026-08-06
EXTL1_HUMAN,Q92935,Q92935,active,non_surface,no,agrees,Q92935,2026-08-06
EXTL2_HUMAN,Q9UBQ6,Q9UBQ6,active,non_surface,no,agrees,Q9UBQ6,2026-08-06
EXTL3_HUMAN,O43909,O43909,active,non_surface,no,agrees,O43909,2026-08-06
EYS_HUMAN,Q5T1H1,Q5T1H1,active,unclassified,no,agrees,Q5T1H1,2026-08-06
F105A_HUMAN,Q9NUU6,Q9NUU6,active,non_surface,no,agrees,Q9NUU6,2026-08-06
F106B_HUMAN,A6NHU5,A6NHU5,inactive,unclassified,no,agrees,A6NHU5,2026-08-06
F106C_HUMAN,P0CH98,P0CH98,active,unclassified,no,agrees,P0CH98,2026-08-06
F118A_HUMAN,Q9NWS6,Q9NWS6,active,non_surface,no,agrees,Q9NWS6,2026-08-06
F131A_HUMAN,Q6UXB0,Q6UXB0,active,unclassified,no,agrees,Q6UXB0,2026-08-06
F134A_HUMAN,Q8NC44,Q8NC44,active,non_surface,no,agrees,Q8NC44,2026-08-06
F134B_HUMAN,Q9H6L5,Q9H6L5,active,non_surface,no,agrees,Q9H6L5,2026-08-06
F134C_HUMAN,Q86VR2,Q86VR2,active,non_surface,no,agrees,Q86VR2,2026-08-06
F13B_HUMAN,P05160,P05160,active,unclassified,no,agrees,P05160,2026-08-06
F150A_HUMAN,Q6UXT8,Q6UXT8,active,unclassified,no,agrees,Q6UXT8,2026-08-06
F150B_HUMAN,Q6UX46,Q6UX46,active,unclassified,no,agrees,Q6UX46,2026-08-06
F151A_HUMAN,Q8WW52,Q8WW52,active,non_surface,no,agrees,Q8WW52,2026-08-06
F155A_HUMAN,B1AL88,B1AL88,active,non_surface,no,agrees,B1AL88,2026-08-06
F155B_HUMAN,O75949,O75949,active,non_surface,no,agrees,O75949,2026-08-06
F159A_HUMAN,Q6UWV7,Q6UWV7,active,unclassified,no,agrees,Q6UWV7,2026-08-06
F159B_HUMAN,A6NKW6,A6NKW6,active,unclassified,no,agrees,A6NKW6,2026-08-06
F162A_HUMAN,Q96A26,Q96A26,active,unclassified,no,agrees,Q96A26,2026-08-06
F162B_HUMAN,Q5T6X4,Q5T6X4,active,non_surface,no,agrees,Q5T6X4,2026-08-06
F163A_HUMAN,Q96GL9,Q96GL9,active,non_surface,no,agrees,Q96GL9,2026-08-06
F163B_HUMAN,P0C2L3,P0C2L3,active,non_surface,no,agrees,P0C2L3,2026-08-06
F168B_HUMAN,A1KXE4,A1KXE4,active,non_surface,no,agrees,A1KXE4,2026-08-06
F1711_HUMAN,Q5VUB5,Q5VUB5,active,surface,no,agrees,Q5VUB5,2026-08-06
F1712_HUMAN,A8MVW0,A8MVW0,active,surface,no,agrees,A8MVW0,2026-08-06
F171B_HUMAN,Q6P995,Q6P995,active,surface,no,agrees,Q6P995,2026-08-06
F172A_HUMAN,Q8WUF8,Q8WUF8,active,unclassified,no,agrees,Q8WUF8,2026-08-06
F172B_HUMAN,A6NC97,A6NC97,active,non_surface,no,agrees,A6NC97,2026-08-06
F173A_HUMAN,Q9BQD7,Q9BQD7,active,non_surface,no,agrees,Q9BQD7,2026-08-06
F173B_HUMAN,Q6P4H8,Q6P4H8,active,non_surface,no,agrees,Q6P4H8,2026-08-06
F174A_HUMAN,Q8TBP5,Q8TBP5,active,surface,no,agrees,Q8TBP5,2026-08-06
F174B_HUMAN,Q3ZCQ3,Q3ZCQ3,active,surface,no,agrees,Q3ZCQ3,2026-08-06
F179B_HUMAN,Q9Y4F4,Q9Y4F4,active,unclassified,no,agrees,Q9Y4F4,2026-08-06
F180A_HUMAN,Q6UWF9,Q6UWF9,active,unclassified,no,agrees,Q6UWF9,2026-08-06
F180B_HUMAN,Q6P0A1,Q6P0A1,active,non_surface,no,agrees,Q6P0A1,2026-08-06
F187A_HUMAN,A6NFU0,A6NFU0,active,non_surface,no,agrees,A6NFU0,2026-08-06
F187B_HUMAN,Q17R55,Q17R55,active,surface,no,agrees,Q17R55,2026-08-06
F1891_HUMAN,O60320,O60320,active,unclassified,no,agrees,O60320,2026-08-06
F1892_HUMAN,Q15884,Q15884,active,unclassified,no,agrees,Q15884,2026-08-06
F189B_HUMAN,P81408,P81408,active,surface,no,agrees,P81408,2026-08-06
F198A_HUMAN,Q9UFP1,Q9UFP1,active,unclassified,no,agrees,Q9UFP1,2026-08-06
F198B_HUMAN,Q6UWH4,Q6UWH4,active,non_surface,no,agrees,Q6UWH4,2026-08-06
F19A1_HUMAN,Q7Z5A9,Q7Z5A9,active,unclassified,no,agrees,Q7Z5A9,2026-08-06
F19A2_HUMAN,Q8N3H0,Q8N3H0,active,unclassified,no,agrees,Q8N3H0,2026-08-06
F19A3_HUMAN,Q7Z5A8,Q7Z5A8,active,unclassified,no,agrees,Q7Z5A8,2026-08-06
F19A4_HUMAN,Q96LR4,Q96LR4,active,unclassified,no,agrees,Q96LR4,2026-08-06
F19A5_HUMAN,Q7Z5A7,Q7Z5A7,active,non_surface,no,agrees,Q7Z5A7,2026-08-06
F200A_HUMAN,Q8TCP9,Q8TCP9,active,non_surface,no,agrees,Q8TCP9,2026-08-06
F205A_HUMAN,Q6ZU69,Q6ZU69,active,non_surface,no,agrees,Q6ZU69,2026-08-06
F205C_HUMAN,A6NFA0,A6NFA0,active,non_surface,no,agrees,A6NFA0,2026-08-06
F209A_HUMAN,Q5JX71,Q5JX71,active,non_surface,no,agrees,Q5JX71,2026-08-06
F209B_HUMAN,Q5JX69,Q5JX69,active,non_surface,no,agrees,Q5JX69,2026-08-06
F210A_HUMAN,Q96ND0,Q96ND0,active,non_surface,no,agrees,Q96ND0,2026-08-06
F210B_HUMAN,Q96KR6,Q96KR6,active,non_surface,no,agrees,Q96KR6,2026-08-06
F213A_HUMAN,Q9BRX8,Q9BRX8,active,non_surface,no,agrees,Q9BRX8,2026-08-06
F220A_HUMAN,Q7Z4H9,Q7Z4H9,active,unclassified,no,agrees,Q7Z4H9,2026-08-06
F222C_HUMAN,Q6P4D5,Q6P4D5,active,non_surface,no,agrees,Q6P4D5,2026-08-06
F74A1_HUMAN,Q5RGS3,Q5RGS3,inactive,non_surface,no,agrees,Q5RGS3,2026-08-06
F74A3_HUMAN,Q4VXF1,Q4VXF1,inactive,non_surface,no,agrees,Q4VXF1,2026-08-06
F74A7_HUMAN,A6NL05,A6NL05,inactive,non_surface,no,agrees,A6NL05,2026-08-06
FA10_HUMAN,P00742,P00742,active,unclassified,no,agrees,P00742,2026-08-06
FA11_HUMAN,P03951,P03951,active,unclassified,no,agrees,P03951,2026-08-06
FA12_HUMAN,P00748,P00748,active,unclassified,no,agrees,P00748,2026-08-06
FA20A_HUMAN,Q96MK3,Q96MK3,active,unclassified,no,agrees,Q96MK3,2026-08-06
FA24A_HUMAN,A6NFZ4,A6NFZ4,active,unclassified,no,agrees,A6NFZ4,2026-08-06
FA24B_HUMAN,Q8N5W8,Q8N5W8,active,unclassified,no,agrees,Q8N5W8,2026-08-06
FA26D_HUMAN,Q5JW98,Q5JW98,active,unclassified,no,agrees,Q5JW98,2026-08-06
FA26E_HUMAN,Q8N5C1,Q8N5C1,active,surface,no,agrees,Q8N5C1,2026-08-06
FA26F_HUMAN,Q5R3K3,Q5R3K3,active,non_surface,no,agrees,Q5R3K3,2026-08-06
FA2H_HUMAN,Q7L5A8,Q7L5A8,active,non_surface,no,agrees,Q7L5A8,2026-08-06
FA46B_HUMAN,Q96A09,Q96A09,active,unclassified,no,agrees,Q96A09,2026-08-06
FA57A_HUMAN,Q8TBR7,Q8TBR7,active,unclassified,no,agrees,Q8TBR7,2026-08-06
FA57B_HUMAN,Q71RH2,Q71RH2,active,non_surface,no,agrees,Q71RH2,2026-08-06
FA5_HUMAN,P12259,P12259,active,unclassified,no,agrees,P12259,2026-08-06
FA69A_HUMAN,Q5T7M9,Q5T7M9,active,non_surface,no,agrees,Q5T7M9,2026-08-06
FA69B_HUMAN,Q5VUD6,Q5VUD6,active,non_surface,no,agrees,Q5VUD6,2026-08-06
FA69C_HUMAN,Q0P6D2,Q0P6D2,active,non_surface,no,agrees,Q0P6D2,2026-08-06
FA73A_HUMAN,Q8NAN2,Q8NAN2,active,non_surface,no,agrees,Q8NAN2,2026-08-06
FA73B_HUMAN,Q7L4E1,Q7L4E1,active,non_surface,no,agrees,Q7L4E1,2026-08-06
FA7_HUMAN,P08709,P08709,active,unclassified,no,agrees,P08709,2026-08-06
FA83H_HUMAN,Q6ZRV2,Q6ZRV2,active,non_surface,no,agrees,Q6ZRV2,2026-08-06
FA87A_HUMAN,P0C7U9,P0C7U9,active,non_surface,no,agrees,P0C7U9,2026-08-06
FA8A1_HUMAN,Q9UBU6,Q9UBU6,active,non_surface,no,agrees,Q9UBU6,2026-08-06
FA8_HUMAN,P00451,P00451,active,unclassified,no,agrees,P00451,2026-08-06
FA96A_HUMAN,Q9H5X1,Q9H5X1,active,unclassified,no,agrees,Q9H5X1,2026-08-06
FA98B_HUMAN,Q52LJ0,Q52LJ0,active,non_surface,no,agrees,Q52LJ0,2026-08-06
FA9_HUMAN,P00740,P00740,active,unclassified,no,agrees,P00740,2026-08-06
FAAH1_HUMAN,O00519,O00519,active,non_surface,no,agrees,O00519,2026-08-06
FAAH2_HUMAN,Q6GMR7,Q6GMR7,active,unclassified,no,agrees,Q6GMR7,2026-08-06
FACD2_HUMAN,Q9BXW9,Q9BXW9,active,non_surface,no,agrees,Q9BXW9,2026-08-06
FACE1_HUMAN,O75844,O75844,active,non_surface,no,agrees,O75844,2026-08-06
FACE2_HUMAN,Q9Y256,Q9Y256,active,non_surface,no,agrees,Q9Y256,2026-08-06
FACR1_HUMAN,Q8WVX9,Q8WVX9,active,non_surface,no,agrees,Q8WVX9,2026-08-06
FACR2_HUMAN,Q96K12,Q96K12,active,non_surface,no,agrees,Q96K12,2026-08-06
FADD_HUMAN,Q13158,Q13158,active,unclassified,no,agrees,Q13158,2026-08-06
FADS1_HUMAN,O60427,O60427,active,non_surface,no,agrees,O60427,2026-08-06
FADS2_HUMAN,O95864,O95864,active,non_surface,no,agrees,O95864,2026-08-06
FADS3_HUMAN,Q9Y5Q0,Q9Y5Q0,active,non_surface,no,agrees,Q9Y5Q0,2026-08-06
FADS6_HUMAN,Q8N9I5,Q8N9I5,active,non_surface,no,agrees,Q8N9I5,2026-08-06
FAF2_HUMAN,Q96CS3,Q96CS3,active,non_surface,no,agrees,Q96CS3,2026-08-06
FAH2A_HUMAN,Q96GK7,Q96GK7,active,unclassified,no,agrees,Q96GK7,2026-08-06
FAH2B_HUMAN,Q6P2I3,Q6P2I3,active,unclassified,no,agrees,Q6P2I3,2026-08-06
FAIM3_HUMAN,O60667,O60667,active,unclassified,no,agrees,O60667,2026-08-06
FAKD1_HUMAN,Q53R41,Q53R41,active,non_surface,no,agrees,Q53R41,2026-08-06
FAM3A_HUMAN,P98173,P98173,active,unclassified,no,agrees,P98173,2026-08-06
FAM3B_HUMAN,P58499,P58499,active,unclassified,no,agrees,P58499,2026-08-06
FAM3C_HUMAN,Q92520,Q92520,active,unclassified,no,agrees,Q92520,2026-08-06
FAM3D_HUMAN,Q96BQ1,Q96BQ1,active,unclassified,no,agrees,Q96BQ1,2026-08-06
FANCA_HUMAN,O15360,O15360,active,non_surface,no,agrees,O15360,2026-08-06
FAT1_HUMAN,Q14517,Q14517,active,surface,no,agrees,Q14517,2026-08-06
FAT2_HUMAN,Q9NYQ8,Q9NYQ8,active,surface,no,agrees,Q9NYQ8,2026-08-06
FAT3_HUMAN,Q8TDW7,Q8TDW7,active,surface,no,agrees,Q8TDW7,2026-08-06
FAT4_HUMAN,Q6V0I7,Q6V0I7,active,surface,no,agrees,Q6V0I7,2026-08-06
FATE1_HUMAN,Q969F0,Q969F0,active,non_surface,no,agrees,Q969F0,2026-08-06
FAXC_HUMAN,Q5TGI0,Q5TGI0,active,non_surface,no,agrees,Q5TGI0,2026-08-06
FBCD1_HUMAN,Q8N539,Q8N539,active,unclassified,no,agrees,Q8N539,2026-08-06
FBLI1_HUMAN,Q8WUP2,Q8WUP2,active,unclassified,no,agrees,Q8WUP2,2026-08-06
FBLN1_HUMAN,P23142,P23142,active,unclassified,no,agrees,P23142,2026-08-06
FBLN2_HUMAN,P98095,P98095,active,unclassified,no,agrees,P98095,2026-08-06
FBLN3_HUMAN,Q12805,Q12805,active,unclassified,no,agrees,Q12805,2026-08-06
FBLN4_HUMAN,O95967,O95967,active,unclassified,no,agrees,O95967,2026-08-06
FBLN5_HUMAN,Q9UBX5,Q9UBX5,active,unclassified,no,agrees,Q9UBX5,2026-08-06
FBLN7_HUMAN,Q53RD9,Q53RD9,active,unclassified,no,agrees,Q53RD9,2026-08-06
FBN1_HUMAN,P35555,P35555,active,unclassified,no,agrees,P35555,2026-08-06
FBN2_HUMAN,P35556,P35556,active,unclassified,no,agrees,P35556,2026-08-06
FBN3_HUMAN,Q75N90,Q75N90,active,unclassified,no,agrees,Q75N90,2026-08-06
FBW12_HUMAN,Q6X9E4,Q6X9E4,active,non_surface,no,agrees,Q6X9E4,2026-08-06
FBX18_HUMAN,Q8NFZ0,Q8NFZ0,active,non_surface,no,agrees,Q8NFZ0,2026-08-06
FBX8_HUMAN,Q9NRD0,Q9NRD0,active,non_surface,no,agrees,Q9NRD0,2026-08-06
FBXL4_HUMAN,Q9UKA2,Q9UKA2,active,unclassified,no,agrees,Q9UKA2,2026-08-06
FCAMR_HUMAN,Q8WWV6,Q8WWV6,active,surface,no,agrees,Q8WWV6,2026-08-06
FCAR_HUMAN,P24071,P24071,active,surface,no,agrees,P24071,2026-08-06
FCER2_HUMAN,P06734,P06734,active,unclassified,no,agrees,P06734,2026-08-06
FCERA_HUMAN,P12319,P12319,active,surface,no,agrees,P12319,2026-08-06
FCERB_HUMAN,Q01362,Q01362,active,unclassified,no,agrees,Q01362,2026-08-06
FCERG_HUMAN,P30273,P30273,active,non_surface,no,agrees,P30273,2026-08-06
FCG2A_HUMAN,P12318,P12318,active,surface,no,agrees,P12318,2026-08-06
FCG2B_HUMAN,P31994,P31994,active,surface,no,agrees,P31994,2026-08-06
FCG2C_HUMAN,P31995,P31995,active,surface,no,agrees,P31995,2026-08-06
FCG3A_HUMAN,P08637,P08637,active,surface,no,agrees,P08637,2026-08-06
FCG3B_HUMAN,O75015,O75015,active,surface,no,agrees,O75015,2026-08-06
FCGBP_HUMAN,Q9Y6R7,Q9Y6R7,active,unclassified,no,agrees,Q9Y6R7,2026-08-06
FCGR1_HUMAN,P12314,P12314,active,surface,no,agrees,P12314,2026-08-06
FCGRB_HUMAN,Q92637,Q92637,active,surface,no,agrees,Q92637,2026-08-06
FCGRC_HUMAN,A6NKC4,A6NKC4,inactive,surface,no,agrees,A6NKC4,2026-08-06
FCGRN_HUMAN,P55899,P55899,active,surface,no,agrees,P55899,2026-08-06
FCN1_HUMAN,O00602,O00602,active,unclassified,no,agrees,O00602,2026-08-06
FCN2_HUMAN,Q15485,Q15485,active,unclassified,no,agrees,Q15485,2026-08-06
FCN3_HUMAN,O75636,O75636,active,unclassified,no,agrees,O75636,2026-08-06
FCRL1_HUMAN,Q96LA6,Q96LA6,active,surface,no,agrees,Q96LA6,2026-08-06
FCRL2_HUMAN,Q96LA5,Q96LA5,active,surface,no,agrees,Q96LA5,2026-08-06
FCRL3_HUMAN,Q96P31,Q96P31,active,surface,no,agrees,Q96P31,2026-08-06
FCRL4_HUMAN,Q96PJ5,Q96PJ5,active,surface,no,agrees,Q96PJ5,2026-08-06
FCRL5_HUMAN,Q96RD9,Q96RD9,active,surface,no,agrees,Q96RD9,2026-08-06
FCRL6_HUMAN,Q6DN72,Q6DN72,active,surface,no,agrees,Q6DN72,2026-08-06
FCRLA_HUMAN,Q7L513,Q7L513,active,unclassified,no,agrees,Q7L513,2026-08-06
FCRLB_HUMAN,Q6BAA4,Q6BAA4,active,unclassified,no,agrees,Q6BAA4,2026-08-06
FDFT_HUMAN,P37268,P37268,active,non_surface,no,agrees,P37268,2026-08-06
FDSCP_HUMAN,Q8NFU4,Q8NFU4,active,unclassified,no,agrees,Q8NFU4,2026-08-06
FETA_HUMAN,P02771,P02771,active,unclassified,no,agrees,P02771,2026-08-06
FETUA_HUMAN,P02765,P02765,active,unclassified,no,agrees,P02765,2026-08-06
FETUB_HUMAN,Q9UGM5,Q9UGM5,active,unclassified,no,agrees,Q9UGM5,2026-08-06
FFAR1_HUMAN,O14842,O14842,active,surface,no,agrees,O14842,2026-08-06
FFAR2_HUMAN,O15552,O15552,active,surface,no,agrees,O15552,2026-08-06
FFAR3_HUMAN,O14843,O14843,active,surface,no,agrees,O14843,2026-08-06
FFAR4_HUMAN,Q5NUL3,Q5NUL3,active,surface,no,agrees,Q5NUL3,2026-08-06
FGF10_HUMAN,O15520,O15520,active,unclassified,no,agrees,O15520,2026-08-06
FGF17_HUMAN,O60258,O60258,active,unclassified,no,agrees,O60258,2026-08-06
FGF18_HUMAN,O76093,O76093,active,unclassified,no,agrees,O76093,2026-08-06
FGF19_HUMAN,O95750,O95750,active,unclassified,no,agrees,O95750,2026-08-06
FGF21_HUMAN,Q9NSA1,Q9NSA1,active,unclassified,no,agrees,Q9NSA1,2026-08-06
FGF22_HUMAN,Q9HCT0,Q9HCT0,active,unclassified,no,agrees,Q9HCT0,2026-08-06
FGF23_HUMAN,Q9GZV9,Q9GZV9,active,unclassified,no,agrees,Q9GZV9,2026-08-06
FGF3_HUMAN,P11487,P11487,active,unclassified,no,agrees,P11487,2026-08-06
FGF4_HUMAN,P08620,P08620,active,unclassified,no,agrees,P08620,2026-08-06
FGF5_HUMAN,P12034,P12034,active,unclassified,no,agrees,P12034,2026-08-06
FGF6_HUMAN,P10767,P10767,active,unclassified,no,agrees,P10767,2026-08-06
FGF7_HUMAN,P21781,P21781,active,unclassified,no,agrees,P21781,2026-08-06
FGF8_HUMAN,P55075,P55075,active,unclassified,no,agrees,P55075,2026-08-06
FGFP1_HUMAN,Q14512,Q14512,active,unclassified,no,agrees,Q14512,2026-08-06
FGFP2_HUMAN,Q9BYJ0,Q9BYJ0,active,unclassified,no,agrees,Q9BYJ0,2026-08-06
FGFP3_HUMAN,Q8TAT2,Q8TAT2,active,unclassified,no,agrees,Q8TAT2,2026-08-06
FGFR1_HUMAN,P11362,P11362,active,surface,no,agrees,P11362,2026-08-06
FGFR2_HUMAN,P21802,P21802,active,surface,no,agrees,P21802,2026-08-06
FGFR3_HUMAN,P22607,P22607,active,surface,no,agrees,P22607,2026-08-06
FGFR4_HUMAN,P22455,P22455,active,surface,no,agrees,P22455,2026-08-06
FGL1_HUMAN,Q08830,Q08830,active,unclassified,no,agrees,Q08830,2026-08-06
FGL2_HUMAN,Q14314,Q14314,active,unclassified,no,agrees,Q14314,2026-08-06
FGRL1_HUMAN,Q8N441,Q8N441,active,surface,no,agrees,Q8N441,2026-08-06
FHL19_HUMAN,P0C7X4,P0C7X4,active,non_surface,no,agrees,P0C7X4,2026-08-06
FHR1_HUMAN,Q03591,Q03591,active,unclassified,no,agrees,Q03591,2026-08-06
FHR2_HUMAN,P36980,P36980,active,unclassified,no,agrees,P36980,2026-08-06
FHR3_HUMAN,Q02985,Q02985,active,unclassified,no,agrees,Q02985,2026-08-06
FHR4_HUMAN,Q92496,Q92496,active,unclassified,no,agrees,Q92496,2026-08-06
FHR5_HUMAN,Q9BXR6,Q9BXR6,active,unclassified,no,agrees,Q9BXR6,2026-08-06
FIBA_HUMAN,P02671,P02671,active,unclassified,no,agrees,P02671,2026-08-06
FIBB_HUMAN,P02675,P02675,active,unclassified,no,agrees,P02675,2026-08-06
FIBG_HUMAN,P02679,P02679,active,unclassified,no,agrees,P02679,2026-08-06
FIBIN_HUMAN,Q8TAL6,Q8TAL6,active,unclassified,no,agrees,Q8TAL6,2026-08-06
FICD_HUMAN,Q9BVA6,Q9BVA6,active,non_surface,no,agrees,Q9BVA6,2026-08-06
FIG4_HUMAN,Q92562,Q92562,active,non_surface,no,agrees,Q92562,2026-08-06
FINC_HUMAN,P02751,P02751,active,unclassified,no,agrees,P02751,2026-08-06
FIS1_HUMAN,Q9Y3D6,Q9Y3D6,active,non_surface,no,agrees,Q9Y3D6,2026-08-06
FITM1_HUMAN,A5D6W6,A5D6W6,active,non_surface,no,agrees,A5D6W6,2026-08-06
FITM2_HUMAN,Q8N6M3,Q8N6M3,active,non_surface,no,agrees,Q8N6M3,2026-08-06
FJX1_HUMAN,Q86VR8,Q86VR8,active,unclassified,no,agrees,Q86VR8,2026-08-06
FKB10_HUMAN,Q96AY3,Q96AY3,active,unclassified,no,agrees,Q96AY3,2026-08-06
FKB11_HUMAN,Q9NYL4,Q9NYL4,active,unclassified,no,agrees,Q9NYL4,2026-08-06
FKB14_HUMAN,Q9NWM8,Q9NWM8,active,unclassified,no,agrees,Q9NWM8,2026-08-06
FKBP2_HUMAN,P26885,P26885,active,unclassified,no,agrees,P26885,2026-08-06
FKBP7_HUMAN,Q9Y680,Q9Y680,active,unclassified,no,agrees,Q9Y680,2026-08-06
FKBP8_HUMAN,Q14318,Q14318,active,non_surface,no,agrees,Q14318,2026-08-06
FKBP9_HUMAN,O95302,O95302,active,unclassified,no,agrees,O95302,2026-08-06
FKRP_HUMAN,Q9H9S5,Q9H9S5,active,surface,no,agrees,Q9H9S5,2026-08-06
FKTN_HUMAN,O75072,O75072,active,non_surface,no,agrees,O75072,2026-08-06
FLNA_HUMAN,P21333,P21333,active,unclassified,no,agrees,P21333,2026-08-06
FLOWR_HUMAN,Q9UGQ2,Q9UGQ2,active,non_surface,no,agrees,Q9UGQ2,2026-08-06
FLRT1_HUMAN,Q9NZU1,Q9NZU1,active,surface,no,agrees,Q9NZU1,2026-08-06
FLRT2_HUMAN,O43155,O43155,active,surface,no,agrees,O43155,2026-08-06
FLRT3_HUMAN,Q9NZU0,Q9NZU0,active,surface,no,agrees,Q9NZU0,2026-08-06
FLT3L_HUMAN,P49771,P49771,active,surface,no,agrees,P49771,2026-08-06
FLT3_HUMAN,P36888,P36888,active,surface,no,agrees,P36888,2026-08-06
FLVC1_HUMAN,Q9Y5Y0,Q9Y5Y0,active,surface,no,agrees,Q9Y5Y0,2026-08-06
FLVC2_HUMAN,Q9UPI3,Q9UPI3,active,surface,no,agrees,Q9UPI3,2026-08-06
FMO1_HUMAN,Q01740,Q01740,active,non_surface,no,agrees,Q01740,2026-08-06
FMO2_HUMAN,Q99518,Q99518,active,unclassified,no,agrees,Q99518,2026-08-06
FMO3_HUMAN,P31513,P31513,active,non_surface,no,agrees,P31513,2026-08-06
FMO4_HUMAN,P31512,P31512,active,non_surface,no,agrees,P31512,2026-08-06
FMO5_HUMAN,P49326,P49326,active,non_surface,no,agrees,P49326,2026-08-06
FMO6_HUMAN,O60774,O60774,active,non_surface,no,agrees,O60774,2026-08-06
FMOD_HUMAN,Q06828,Q06828,active,unclassified,no,agrees,Q06828,2026-08-06
FMR1N_HUMAN,Q8N0W7,Q8N0W7,active,non_surface,no,agrees,Q8N0W7,2026-08-06
FND3A_HUMAN,Q9Y2H6,Q9Y2H6,active,non_surface,no,agrees,Q9Y2H6,2026-08-06
FND3B_HUMAN,Q53EP0,Q53EP0,active,non_surface,no,agrees,Q53EP0,2026-08-06
FNDC1_HUMAN,Q4ZHG4,Q4ZHG4,active,unclassified,no,agrees,Q4ZHG4,2026-08-06
FNDC4_HUMAN,Q9H6D8,Q9H6D8,active,surface,no,agrees,Q9H6D8,2026-08-06
FNDC5_HUMAN,Q8NAU1,Q8NAU1,active,surface,no,agrees,Q8NAU1,2026-08-06
FNDC7_HUMAN,Q5VTL7,Q5VTL7,active,unclassified,no,agrees,Q5VTL7,2026-08-06
FNDC9_HUMAN,Q8TBE3,Q8TBE3,active,surface,no,agrees,Q8TBE3,2026-08-06
FOCAD_HUMAN,Q5VW36,Q5VW36,active,non_surface,no,agrees,Q5VW36,2026-08-06
FOLC_HUMAN,Q05932,Q05932,active,unclassified,no,agrees,Q05932,2026-08-06
FOLH1_HUMAN,Q04609,Q04609,active,surface,no,agrees,Q04609,2026-08-06
FOLR1_HUMAN,P15328,P15328,active,surface,no,agrees,P15328,2026-08-06
FOLR2_HUMAN,P14207,P14207,active,surface,no,agrees,P14207,2026-08-06
FOLR3_HUMAN,P41439,P41439,active,unclassified,no,agrees,P41439,2026-08-06
FONG_HUMAN,E5RQL4,E5RQL4,active,unclassified,no,agrees,E5RQL4,2026-08-06
FP100_HUMAN,Q0VG06,Q0VG06,active,unclassified,no,agrees,Q0VG06,2026-08-06
FPPS_HUMAN,P14324,P14324,active,non_surface,no,agrees,P14324,2026-08-06
FPR1_HUMAN,P21462,P21462,active,surface,no,agrees,P21462,2026-08-06
FPR2_HUMAN,P25090,P25090,active,surface,no,agrees,P25090,2026-08-06
FPR3_HUMAN,P25089,P25089,active,surface,no,agrees,P25089,2026-08-06
FPRP_HUMAN,Q9P2B2,Q9P2B2,active,surface,no,agrees,Q9P2B2,2026-08-06
FR1L4_HUMAN,A9Z1Z3,A9Z1Z3,inactive,non_surface,no,agrees,A9Z1Z3,2026-08-06
FR1L5_HUMAN,A0AVI2,A0AVI2,active,non_surface,no,agrees,A0AVI2,2026-08-06
FR1L6_HUMAN,Q2WGJ9,Q2WGJ9,active,non_surface,no,agrees,Q2WGJ9,2026-08-06
FRAS1_HUMAN,Q86XX4,Q86XX4,active,surface,no,agrees,Q86XX4,2026-08-06
FRDA_HUMAN,Q16595,Q16595,active,unclassified,no,agrees,Q16595,2026-08-06
FREM1_HUMAN,Q5H8C1,Q5H8C1,active,unclassified,no,agrees,Q5H8C1,2026-08-06
FREM2_HUMAN,Q5SZK8,Q5SZK8,active,surface,no,agrees,Q5SZK8,2026-08-06
FREM3_HUMAN,P0C091,P0C091,active,unclassified,no,agrees,P0C091,2026-08-06
FRMD3_HUMAN,A2A2Y4,A2A2Y4,active,non_surface,no,agrees,A2A2Y4,2026-08-06
FRMD5_HUMAN,Q7Z6J6,Q7Z6J6,active,non_surface,no,agrees,Q7Z6J6,2026-08-06
FRPD2_HUMAN,Q68DX3,Q68DX3,active,unclassified,no,agrees,Q68DX3,2026-08-06
FRRS1_HUMAN,Q6ZNA5,Q6ZNA5,active,surface,no,agrees,Q6ZNA5,2026-08-06
FRS1L_HUMAN,Q9P0K9,Q9P0K9,active,non_surface,no,agrees,Q9P0K9,2026-08-06
FRY_HUMAN,Q5TBA9,Q5TBA9,active,non_surface,no,agrees,Q5TBA9,2026-08-06
FS2P1_HUMAN,A8MWK0,A8MWK0,active,non_surface,no,agrees,A8MWK0,2026-08-06
FSHB_HUMAN,P01225,P01225,active,unclassified,no,agrees,P01225,2026-08-06
FSHR_HUMAN,P23945,P23945,active,surface,no,agrees,P23945,2026-08-06
FSTL1_HUMAN,Q12841,Q12841,active,unclassified,no,agrees,Q12841,2026-08-06
FSTL3_HUMAN,O95633,O95633,active,unclassified,no,agrees,O95633,2026-08-06
FSTL4_HUMAN,Q6MZW2,Q6MZW2,active,unclassified,no,agrees,Q6MZW2,2026-08-06
FSTL5_HUMAN,Q8N475,Q8N475,active,unclassified,no,agrees,Q8N475,2026-08-06
FST_HUMAN,P19883,P19883,active,unclassified,no,agrees,P19883,2026-08-06
FTCD_HUMAN,O95954,O95954,active,non_surface,no,agrees,O95954,2026-08-06
FTMT_HUMAN,Q8N4E7,Q8N4E7,active,unclassified,no,agrees,Q8N4E7,2026-08-06
FUCO2_HUMAN,Q9BTY2,Q9BTY2,active,unclassified,no,agrees,Q9BTY2,2026-08-06
FUCO_HUMAN,P04066,P04066,active,unclassified,no,agrees,P04066,2026-08-06
FUCT1_HUMAN,Q96A29,Q96A29,active,non_surface,no,agrees,Q96A29,2026-08-06
FUMH_HUMAN,P07954,P07954,active,unclassified,no,agrees,P07954,2026-08-06
FUND1_HUMAN,Q8IVP5,Q8IVP5,active,non_surface,no,agrees,Q8IVP5,2026-08-06
FURIN_HUMAN,P09958,P09958,active,surface,no,agrees,P09958,2026-08-06
FUT10_HUMAN,Q6P4F1,Q6P4F1,active,non_surface,no,agrees,Q6P4F1,2026-08-06
FUT11_HUMAN,Q495W5,Q495W5,active,non_surface,no,agrees,Q495W5,2026-08-06
FUT1_HUMAN,P19526,P19526,active,non_surface,no,agrees,P19526,2026-08-06
FUT2_HUMAN,Q10981,Q10981,active,non_surface,no,agrees,Q10981,2026-08-06
FUT3_HUMAN,P21217,P21217,active,non_surface,no,agrees,P21217,2026-08-06
FUT4_HUMAN,P22083,P22083,active,unclassified,no,agrees,P22083,2026-08-06
FUT5_HUMAN,Q11128,Q11128,active,non_surface,no,agrees,Q11128,2026-08-06
FUT6_HUMAN,P51993,P51993,active,non_surface,no,agrees,P51993,2026-08-06
FUT7_HUMAN,Q11130,Q11130,active,non_surface,no,agrees,Q11130,2026-08-06
FUT8_HUMAN,Q9BYC5,Q9BYC5,active,non_surface,no,agrees,Q9BYC5,2026-08-06
FUT9_HUMAN,Q9Y231,Q9Y231,active,non_surface,no,agrees,Q9Y231,2026-08-06
FXDC2_HUMAN,Q96IV6,Q96IV6,active,non_surface,no,agrees,Q96IV6,2026-08-06
FXRD1_HUMAN,Q96CU9,Q96CU9,active,non_surface,no,agrees,Q96CU9,2026-08-06
FXRD2_HUMAN,Q8IWF2,Q8IWF2,active,unclassified,no,agrees,Q8IWF2,2026-08-06
FXYD3_HUMAN,Q14802,Q14802,active,non_surface,no,agrees,Q14802,2026-08-06
FXYD4_HUMAN,P59646,P59646,active,non_surface,no,agrees,P59646,2026-08-06
FXYD5_HUMAN,Q96DB9,Q96DB9,active,non_surface,no,agrees,Q96DB9,2026-08-06
FXYD6_HUMAN,Q9H0Q3,Q9H0Q3,active,non_surface,no,agrees,Q9H0Q3,2026-08-06
FXYD7_HUMAN,P58549,P58549,active,non_surface,no,agrees,P58549,2026-08-06
FXYD8_HUMAN,P58550,P58550,active,non_surface,no,agrees,P58550,2026-08-06
FZD10_HUMAN,Q9ULW2,Q9ULW2,active,surface,no,agrees,Q9ULW2,2026-08-06
FZD1_HUMAN,Q9UP38,Q9UP38,active,surface,no,agrees,Q9UP38,2026-08-06
FZD2_HUMAN,Q14332,Q14332,active,surface,no,agrees,Q14332,2026-08-06
FZD3_HUMAN,Q9NPG1,Q9NPG1,active,surface,no,agrees,Q9NPG1,2026-08-06
FZD4_HUMAN,Q9ULV1,Q9ULV1,active,surface,no,agrees,Q9ULV1,2026-08-06
FZD5_HUMAN,Q13467,Q13467,active,surface,no,agrees,Q13467,2026-08-06
FZD6_HUMAN,O60353,O60353,active,surface,no,agrees,O60353,2026-08-06
FZD7_HUMAN,O75084,O75084,active,surface,no,agrees,O75084,2026-08-06
FZD8_HUMAN,Q9H461,Q9H461,active,surface,no,agrees,Q9H461,2026-08-06
FZD9_HUMAN,O00144,O00144,active,surface,no,agrees,O00144,2026-08-06
G0S2_HUMAN,P27469,P27469,active,non_surface,no,agrees,P27469,2026-08-06
G137A_HUMAN,Q96N19,Q96N19,active,surface,no,agrees,Q96N19,2026-08-06
G137B_HUMAN,O60478,O60478,active,surface,no,agrees,O60478,2026-08-06
G137C_HUMAN,Q8N3F9,Q8N3F9,active,surface,no,agrees,Q8N3F9,2026-08-06
G32P1_HUMAN,Q8NGA4,Q8NGA4,active,surface,no,agrees,Q8NGA4,2026-08-06
G3PT_HUMAN,O14556,O14556,active,unclassified,no,agrees,O14556,2026-08-06
G3ST1_HUMAN,Q99999,Q99999,active,non_surface,no,agrees,Q99999,2026-08-06
G3ST2_HUMAN,Q9H3Q3,Q9H3Q3,active,non_surface,no,agrees,Q9H3Q3,2026-08-06
G3ST3_HUMAN,Q96A11,Q96A11,active,non_surface,no,agrees,Q96A11,2026-08-06
G3ST4_HUMAN,Q96RP7,Q96RP7,active,non_surface,no,agrees,Q96RP7,2026-08-06
G45IP_HUMAN,Q8TAE8,Q8TAE8,active,unclassified,no,agrees,Q8TAE8,2026-08-06
G6B_HUMAN,O95866,O95866,active,surface,no,agrees,O95866,2026-08-06
G6PC2_HUMAN,Q9NQR9,Q9NQR9,active,non_surface,no,agrees,Q9NQR9,2026-08-06
G6PC3_HUMAN,Q9BUM1,Q9BUM1,active,non_surface,no,agrees,Q9BUM1,2026-08-06
G6PC_HUMAN,P35575,P35575,active,non_surface,no,agrees,P35575,2026-08-06
G6PE_HUMAN,O95479,O95479,active,unclassified,no,agrees,O95479,2026-08-06
G6PT1_HUMAN,O43826,O43826,active,surface,no,agrees,O43826,2026-08-06
GABR1_HUMAN,Q9UBS5,Q9UBS5,active,surface,no,agrees,Q9UBS5,2026-08-06
GABR2_HUMAN,O75899,O75899,active,surface,no,agrees,O75899,2026-08-06
GAFA1_HUMAN,Q96PS6,Q96PS6,active,non_surface,no,agrees,Q96PS6,2026-08-06
GALA_HUMAN,P22466,P22466,active,unclassified,no,agrees,P22466,2026-08-06
GALC_HUMAN,P54803,P54803,active,unclassified,no,agrees,P54803,2026-08-06
GALNS_HUMAN,P34059,P34059,active,unclassified,no,agrees,P34059,2026-08-06
GALP_HUMAN,Q9UBC7,Q9UBC7,active,unclassified,no,agrees,Q9UBC7,2026-08-06
GALR1_HUMAN,P47211,P47211,active,surface,no,agrees,P47211,2026-08-06
GALR2_HUMAN,O43603,O43603,active,surface,no,agrees,O43603,2026-08-06
GALR3_HUMAN,O60755,O60755,active,surface,no,agrees,O60755,2026-08-06
GALT1_HUMAN,Q10472,Q10472,active,non_surface,no,agrees,Q10472,2026-08-06
GALT2_HUMAN,Q10471,Q10471,active,non_surface,no,agrees,Q10471,2026-08-06
GALT3_HUMAN,Q14435,Q14435,active,non_surface,no,agrees,Q14435,2026-08-06
GALT4_HUMAN,Q8N4A0,Q8N4A0,active,non_surface,no,agrees,Q8N4A0,2026-08-06
GALT5_HUMAN,Q7Z7M9,Q7Z7M9,active,non_surface,no,agrees,Q7Z7M9,2026-08-06
GALT6_HUMAN,Q8NCL4,Q8NCL4,active,non_surface,no,agrees,Q8NCL4,2026-08-06
GALT7_HUMAN,Q86SF2,Q86SF2,active,non_surface,no,agrees,Q86SF2,2026-08-06
GALT8_HUMAN,Q9NY28,Q9NY28,active,non_surface,no,agrees,Q9NY28,2026-08-06
GALT9_HUMAN,Q9HCQ5,Q9HCQ5,active,non_surface,no,agrees,Q9HCQ5,2026-08-06
GANAB_HUMAN,Q14697,Q14697,active,unclassified,no,agrees,Q14697,2026-08-06
GAPT_HUMAN,Q8N292,Q8N292,active,non_surface,no,agrees,Q8N292,2026-08-06
GAREL_HUMAN,Q75VX8,Q75VX8,active,unclassified,no,agrees,Q75VX8,2026-08-06
GAS1_HUMAN,P54826,P54826,active,surface,no,agrees,P54826,2026-08-06
GAS6_HUMAN,Q14393,Q14393,active,unclassified,no,agrees,Q14393,2026-08-06
GASR_HUMAN,P32239,P32239,active,surface,no,agrees,P32239,2026-08-06
GAST_HUMAN,P01350,P01350,active,unclassified,no,agrees,P01350,2026-08-06
GBF1_HUMAN,Q92538,Q92538,active,non_surface,no,agrees,Q92538,2026-08-06
GBGT1_HUMAN,Q8N5D6,Q8N5D6,active,non_surface,no,agrees,Q8N5D6,2026-08-06
GBP1_HUMAN,P32455,P32455,active,non_surface,no,agrees,P32455,2026-08-06
GBP2_HUMAN,P32456,P32456,active,non_surface,no,agrees,P32456,2026-08-06
GBP3_HUMAN,Q9H0R5,Q9H0R5,active,non_surface,no,agrees,Q9H0R5,2026-08-06
GBP5_HUMAN,Q96PP8,Q96PP8,active,non_surface,no,agrees,Q96PP8,2026-08-06
GBP6_HUMAN,Q6ZN66,Q6ZN66,active,non_surface,no,agrees,Q6ZN66,2026-08-06
GBP7_HUMAN,Q8N8V2,Q8N8V2,active,non_surface,no,agrees,Q8N8V2,2026-08-06
GBRA1_HUMAN,P14867,P14867,active,surface,no,agrees,P14867,2026-08-06
GBRA2_HUMAN,P47869,P47869,active,surface,no,agrees,P47869,2026-08-06
GBRA3_HUMAN,P34903,P34903,active,surface,no,agrees,P34903,2026-08-06
GBRA4_HUMAN,P48169,P48169,active,surface,no,agrees,P48169,2026-08-06
GBRA5_HUMAN,P31644,P31644,active,surface,no,agrees,P31644,2026-08-06
GBRA6_HUMAN,Q16445,Q16445,active,surface,no,agrees,Q16445,2026-08-06
GBRB1_HUMAN,P18505,P18505,active,surface,no,agrees,P18505,2026-08-06
GBRB2_HUMAN,P47870,P47870,active,surface,no,agrees,P47870,2026-08-06
GBRB3_HUMAN,P28472,P28472,active,surface,no,agrees,P28472,2026-08-06
GBRD_HUMAN,O14764,O14764,active,surface,no,agrees,O14764,2026-08-06
GBRE_HUMAN,P78334,P78334,active,surface,no,agrees,P78334,2026-08-06
GBRG1_HUMAN,Q8N1C3,Q8N1C3,active,surface,no,agrees,Q8N1C3,2026-08-06
GBRG2_HUMAN,P18507,P18507,active,surface,no,agrees,P18507,2026-08-06
GBRG3_HUMAN,Q99928,Q99928,active,surface,no,agrees,Q99928,2026-08-06
GBRP_HUMAN,O00591,O00591,active,surface,no,agrees,O00591,2026-08-06
GBRR1_HUMAN,P24046,P24046,active,surface,no,agrees,P24046,2026-08-06
GBRR2_HUMAN,P28476,P28476,active,surface,no,agrees,P28476,2026-08-06
GBRR3_HUMAN,A8MPY1,A8MPY1,active,surface,no,agrees,A8MPY1,2026-08-06
GBRT_HUMAN,Q9UN88,Q9UN88,active,surface,no,agrees,Q9UN88,2026-08-06
GBX2_HUMAN,P52951,P52951,active,unclassified,no,agrees,P52951,2026-08-06
GC224_HUMAN,Q8WZA8,Q8WZA8,active,non_surface,no,agrees,Q8WZA8,2026-08-06
GCNT1_HUMAN,Q02742,Q02742,active,non_surface,no,agrees,Q02742,2026-08-06
GCNT3_HUMAN,O95395,O95395,active,non_surface,no,agrees,O95395,2026-08-06
GCNT4_HUMAN,Q9P109,Q9P109,active,non_surface,no,agrees,Q9P109,2026-08-06
GCNT6_HUMAN,Q5T4J0,Q5T4J0,inactive,non_surface,no,agrees,Q5T4J0,2026-08-06
GCNT7_HUMAN,Q6ZNI0,Q6ZNI0,active,non_surface,no,agrees,Q6ZNI0,2026-08-06
GCR_HUMAN,P04150,P04150,active,non_surface,no,agrees,P04150,2026-08-06
GCSH_HUMAN,P23434,P23434,active,unclassified,no,agrees,P23434,2026-08-06
GCST_HUMAN,P48728,P48728,active,unclassified,no,agrees,P48728,2026-08-06
GD1L1_HUMAN,Q96MZ0,Q96MZ0,active,non_surface,no,agrees,Q96MZ0,2026-08-06
GDAP1_HUMAN,Q8TB36,Q8TB36,active,non_surface,no,agrees,Q8TB36,2026-08-06
GDC_HUMAN,P16260,P16260,active,unclassified,no,agrees,P16260,2026-08-06
GDE1_HUMAN,Q9NZC3,Q9NZC3,active,non_surface,no,agrees,Q9NZC3,2026-08-06
GDF11_HUMAN,O95390,O95390,active,unclassified,no,agrees,O95390,2026-08-06
GDF15_HUMAN,Q99988,Q99988,active,unclassified,no,agrees,Q99988,2026-08-06
GDF1_HUMAN,P27539,P27539,active,unclassified,no,agrees,P27539,2026-08-06
GDF2_HUMAN,Q9UK05,Q9UK05,active,unclassified,no,agrees,Q9UK05,2026-08-06
GDF3_HUMAN,Q9NR23,Q9NR23,active,unclassified,no,agrees,Q9NR23,2026-08-06
GDF5_HUMAN,P43026,P43026,active,unclassified,no,agrees,P43026,2026-08-06
GDF6_HUMAN,Q6KF10,Q6KF10,active,unclassified,no,agrees,Q6KF10,2026-08-06
GDF7_HUMAN,Q7Z4P5,Q7Z4P5,active,unclassified,no,agrees,Q7Z4P5,2026-08-06
GDF8_HUMAN,O14793,O14793,active,unclassified,no,agrees,O14793,2026-08-06
GDF9_HUMAN,O60383,O60383,active,unclassified,no,agrees,O60383,2026-08-06
GDNF_HUMAN,P39905,P39905,active,unclassified,no,agrees,P39905,2026-08-06
GDN_HUMAN,P07093,P07093,active,unclassified,no,agrees,P07093,2026-08-06
GDPD1_HUMAN,Q8N9F7,Q8N9F7,active,non_surface,no,agrees,Q8N9F7,2026-08-06
GDPD2_HUMAN,Q9HCC8,Q9HCC8,active,surface,no,agrees,Q9HCC8,2026-08-06
GDPD3_HUMAN,Q7L5L3,Q7L5L3,active,non_surface,no,agrees,Q7L5L3,2026-08-06
GDPD4_HUMAN,Q6W3E5,Q6W3E5,active,unclassified,no,agrees,Q6W3E5,2026-08-06
GDPD5_HUMAN,Q8WTR4,Q8WTR4,active,surface,no,agrees,Q8WTR4,2026-08-06
GELS_HUMAN,P06396,P06396,active,unclassified,no,agrees,P06396,2026-08-06
GFOD1_HUMAN,Q9NXC2,Q9NXC2,active,unclassified,no,agrees,Q9NXC2,2026-08-06
GFOD2_HUMAN,Q3B7J2,Q3B7J2,active,unclassified,no,agrees,Q3B7J2,2026-08-06
GFRA1_HUMAN,P56159,P56159,active,surface,no,agrees,P56159,2026-08-06
GFRA2_HUMAN,O00451,O00451,active,surface,no,agrees,O00451,2026-08-06
GFRA3_HUMAN,O60609,O60609,active,surface,no,agrees,O60609,2026-08-06
GFRA4_HUMAN,Q9GZZ7,Q9GZZ7,active,surface,no,agrees,Q9GZZ7,2026-08-06
GFRAL_HUMAN,Q6UXV0,Q6UXV0,active,surface,no,agrees,Q6UXV0,2026-08-06
GFY_HUMAN,I3L273,I3L273,active,surface,no,agrees,I3L273,2026-08-06
GGA2_HUMAN,Q9UJY4,Q9UJY4,active,unclassified,no,agrees,Q9UJY4,2026-08-06
GGH_HUMAN,Q92820,Q92820,active,unclassified,no,agrees,Q92820,2026-08-06
GGT1_HUMAN,P19440,P19440,active,surface,no,agrees,P19440,2026-08-06
GGT2_HUMAN,P36268,P36268,active,unclassified,no,agrees,P36268,2026-08-06
GGT3_HUMAN,A6NGU5,A6NGU5,active,surface,no,agrees,A6NGU5,2026-08-06
GGT5_HUMAN,P36269,P36269,active,unclassified,no,agrees,P36269,2026-08-06
GGT6_HUMAN,Q6P531,Q6P531,active,non_surface,no,agrees,Q6P531,2026-08-06
GGT7_HUMAN,Q9UJ14,Q9UJ14,active,surface,no,agrees,Q9UJ14,2026-08-06
GGTA1_HUMAN,Q4G0N0,Q4G0N0,active,non_surface,no,agrees,Q4G0N0,2026-08-06
GHC1_HUMAN,Q9H936,Q9H936,active,non_surface,no,agrees,Q9H936,2026-08-06
GHC2_HUMAN,Q9H1K4,Q9H1K4,active,non_surface,no,agrees,Q9H1K4,2026-08-06
GHDC_HUMAN,Q8N2G8,Q8N2G8,active,unclassified,no,agrees,Q8N2G8,2026-08-06
GHITM_HUMAN,Q9H3K2,Q9H3K2,active,non_surface,no,agrees,Q9H3K2,2026-08-06
GHRHR_HUMAN,Q02643,Q02643,active,surface,no,agrees,Q02643,2026-08-06
GHRL_HUMAN,Q9UBU3,Q9UBU3,active,unclassified,no,agrees,Q9UBU3,2026-08-06
GHR_HUMAN,P10912,P10912,active,surface,no,agrees,P10912,2026-08-06
GHSR_HUMAN,Q92847,Q92847,active,surface,no,agrees,Q92847,2026-08-06
GI24_HUMAN,Q9H7M9,Q9H7M9,active,surface,no,agrees,Q9H7M9,2026-08-06
GILT_HUMAN,P13284,P13284,active,unclassified,no,agrees,P13284,2026-08-06
GIMA1_HUMAN,Q8WWP7,Q8WWP7,active,non_surface,no,agrees,Q8WWP7,2026-08-06
GIMA2_HUMAN,Q9UG22,Q9UG22,active,non_surface,no,agrees,Q9UG22,2026-08-06
GIMA4_HUMAN,Q9NUV9,Q9NUV9,active,non_surface,no,agrees,Q9NUV9,2026-08-06
GIMA5_HUMAN,Q96F15,Q96F15,active,non_surface,no,agrees,Q96F15,2026-08-06
GINM1_HUMAN,Q9NU53,Q9NU53,active,surface,no,agrees,Q9NU53,2026-08-06
GIPR_HUMAN,P48546,P48546,active,surface,no,agrees,P48546,2026-08-06
GIP_HUMAN,P09681,P09681,active,unclassified,no,agrees,P09681,2026-08-06
GKN1_HUMAN,Q9NS71,Q9NS71,active,unclassified,no,agrees,Q9NS71,2026-08-06
GKN2_HUMAN,Q86XP6,Q86XP6,active,unclassified,no,agrees,Q86XP6,2026-08-06
GKN3_HUMAN,P0CG01,P0CG01,active,unclassified,no,agrees,P0CG01,2026-08-06
GL1D1_HUMAN,Q96MS3,Q96MS3,active,unclassified,no,agrees,Q96MS3,2026-08-06
GL6D1_HUMAN,Q7Z4J2,Q7Z4J2,active,non_surface,no,agrees,Q7Z4J2,2026-08-06
GL8D1_HUMAN,Q68CQ7,Q68CQ7,active,non_surface,no,agrees,Q68CQ7,2026-08-06
GL8D2_HUMAN,Q9H1C3,Q9H1C3,active,non_surface,no,agrees,Q9H1C3,2026-08-06
GLB1L_HUMAN,Q6UWU2,Q6UWU2,active,unclassified,no,agrees,Q6UWU2,2026-08-06
GLBL2_HUMAN,Q8IW92,Q8IW92,active,unclassified,no,agrees,Q8IW92,2026-08-06
GLBL3_HUMAN,Q8NCI6,Q8NCI6,active,non_surface,no,agrees,Q8NCI6,2026-08-06
GLCE_HUMAN,O94923,O94923,active,non_surface,no,agrees,O94923,2026-08-06
GLCM1_HUMAN,Q8IVK1,Q8IVK1,active,unclassified,no,agrees,Q8IVK1,2026-08-06
GLCM_HUMAN,P04062,P04062,active,unclassified,no,agrees,P04062,2026-08-06
GLDN_HUMAN,Q6ZMI3,Q6ZMI3,active,surface,no,agrees,Q6ZMI3,2026-08-06
GLHA_HUMAN,P01215,P01215,active,unclassified,no,agrees,P01215,2026-08-06
GLIP1_HUMAN,P48060,P48060,active,surface,no,agrees,P48060,2026-08-06
GLIS3_HUMAN,Q8NEA6,Q8NEA6,active,unclassified,no,agrees,Q8NEA6,2026-08-06
GLP1R_HUMAN,P43220,P43220,active,surface,no,agrees,P43220,2026-08-06
GLP2R_HUMAN,O95838,O95838,active,surface,no,agrees,O95838,2026-08-06
GLPA_HUMAN,P02724,P02724,active,surface,no,agrees,P02724,2026-08-06
GLPB_HUMAN,P06028,P06028,active,unclassified,no,agrees,P06028,2026-08-06
GLPC_HUMAN,P04921,P04921,active,surface,no,agrees,P04921,2026-08-06
GLPE_HUMAN,P15421,P15421,active,non_surface,no,agrees,P15421,2026-08-06
GLPK2_HUMAN,Q14410,Q14410,active,non_surface,no,agrees,Q14410,2026-08-06
GLPK3_HUMAN,Q14409,Q14409,active,non_surface,no,agrees,Q14409,2026-08-06
GLPK_HUMAN,P32189,P32189,active,non_surface,no,agrees,P32189,2026-08-06
GLPT_HUMAN,P57057,P57057,active,surface,no,agrees,P57057,2026-08-06
GLRA1_HUMAN,P23415,P23415,active,surface,no,agrees,P23415,2026-08-06
GLRA2_HUMAN,P23416,P23416,active,surface,no,agrees,P23416,2026-08-06
GLRA3_HUMAN,O75311,O75311,active,surface,no,agrees,O75311,2026-08-06
GLRA4_HUMAN,Q5JXX5,Q5JXX5,inactive,surface,no,agrees,Q5JXX5,2026-08-06
GLRB_HUMAN,P48167,P48167,active,surface,no,agrees,P48167,2026-08-06
GLR_HUMAN,P47871,P47871,active,surface,no,agrees,P47871,2026-08-06
GLSK_HUMAN,O94925,O94925,active,unclassified,no,agrees,O94925,2026-08-06
GLT10_HUMAN,Q86SR1,Q86SR1,active,non_surface,no,agrees,Q86SR1,2026-08-06
GLT11_HUMAN,Q8NCW6,Q8NCW6,active,non_surface,no,agrees,Q8NCW6,2026-08-06
GLT12_HUMAN,Q8IXK2,Q8IXK2,active,non_surface,no,agrees,Q8IXK2,2026-08-06
GLT13_HUMAN,Q8IUC8,Q8IUC8,active,non_surface,no,agrees,Q8IUC8,2026-08-06
GLT14_HUMAN,Q96FL9,Q96FL9,active,non_surface,no,agrees,Q96FL9,2026-08-06
GLT15_HUMAN,Q8N3T1,Q8N3T1,active,non_surface,no,agrees,Q8N3T1,2026-08-06
GLT16_HUMAN,Q8N428,Q8N428,active,non_surface,no,agrees,Q8N428,2026-08-06
GLT18_HUMAN,Q6P9A2,Q6P9A2,active,non_surface,no,agrees,Q6P9A2,2026-08-06
GLTD2_HUMAN,A6NH11,A6NH11,active,unclassified,no,agrees,A6NH11,2026-08-06
GLTL3_HUMAN,Q6IS24,Q6IS24,active,non_surface,no,agrees,Q6IS24,2026-08-06
GLTL5_HUMAN,Q7Z4T8,Q7Z4T8,active,non_surface,no,agrees,Q7Z4T8,2026-08-06
GLTL6_HUMAN,Q49A17,Q49A17,active,non_surface,no,agrees,Q49A17,2026-08-06
GLU2B_HUMAN,P14314,P14314,active,unclassified,no,agrees,P14314,2026-08-06
GLUC_HUMAN,P01275,P01275,active,unclassified,no,agrees,P01275,2026-08-06
GML_HUMAN,Q99445,Q99445,active,surface,no,agrees,Q99445,2026-08-06
GNA13_HUMAN,Q14344,Q14344,active,unclassified,no,agrees,Q14344,2026-08-06
GNA14_HUMAN,O95837,O95837,active,non_surface,no,agrees,O95837,2026-08-06
GNAS3_HUMAN,O95467,O95467,active,unclassified,no,agrees,O95467,2026-08-06
GNAT1_HUMAN,P11488,P11488,active,non_surface,no,agrees,P11488,2026-08-06
GNAT2_HUMAN,P19087,P19087,active,non_surface,no,agrees,P19087,2026-08-06
GNLY_HUMAN,P22749,P22749,active,unclassified,no,agrees,P22749,2026-08-06
GNPTA_HUMAN,Q3T906,Q3T906,active,non_surface,no,agrees,Q3T906,2026-08-06
GNPTG_HUMAN,Q9UJJ9,Q9UJJ9,active,unclassified,no,agrees,Q9UJJ9,2026-08-06
GNRHR_HUMAN,P30968,P30968,active,surface,no,agrees,P30968,2026-08-06
GNRR2_HUMAN,Q96P88,Q96P88,active,surface,no,agrees,Q96P88,2026-08-06
GNS_HUMAN,P15586,P15586,active,unclassified,no,agrees,P15586,2026-08-06
GNT2A_HUMAN,Q8N0V5,Q8N0V5,active,non_surface,no,agrees,Q8N0V5,2026-08-06
GNT2B_HUMAN,Q06430,Q8N0V5,merged,non_surface,no,disagrees,Q8N0V5,2026-08-06
GNT2C_HUMAN,Q8NFS9,Q8N0V5,merged,non_surface,no,disagrees,Q8N0V5,2026-08-06
GOGA5_HUMAN,Q8TBA6,Q8TBA6,active,non_surface,no,agrees,Q8TBA6,2026-08-06
GOGB1_HUMAN,Q14789,Q14789,active,non_surface,no,agrees,Q14789,2026-08-06
GOLI4_HUMAN,O00461,O00461,active,non_surface,no,agrees,O00461,2026-08-06
GOLI_HUMAN,Q86XS8,Q86XS8,active,surface,no,agrees,Q86XS8,2026-08-06
GOLM1_HUMAN,Q8NBJ4,Q8NBJ4,active,unclassified,no,agrees,Q8NBJ4,2026-08-06
GON1_HUMAN,P01148,P01148,active,unclassified,no,agrees,P01148,2026-08-06
GON2_HUMAN,O43555,O43555,active,unclassified,no,agrees,O43555,2026-08-06
GORAB_HUMAN,Q5T7V8,Q5T7V8,active,unclassified,no,agrees,Q5T7V8,2026-08-06
GOSR1_HUMAN,O95249,O95249,active,non_surface,no,agrees,O95249,2026-08-06
GOSR2_HUMAN,O14653,O14653,active,non_surface,no,agrees,O14653,2026-08-06
GOT1A_HUMAN,Q6ZVE7,Q6ZVE7,active,non_surface,no,agrees,Q6ZVE7,2026-08-06
GOT1B_HUMAN,Q9Y3E0,Q9Y3E0,active,non_surface,no,agrees,Q9Y3E0,2026-08-06
GP101_HUMAN,Q96P66,Q96P66,active,surface,no,agrees,Q96P66,2026-08-06
GP107_HUMAN,Q5VW38,Q5VW38,active,surface,no,agrees,Q5VW38,2026-08-06
GP108_HUMAN,Q9NPR9,Q9NPR9,active,surface,no,agrees,Q9NPR9,2026-08-06
GP110_HUMAN,Q5T601,Q5T601,active,surface,no,agrees,Q5T601,2026-08-06
GP111_HUMAN,Q8IZF7,Q8IZF7,active,surface,no,agrees,Q8IZF7,2026-08-06
GP112_HUMAN,Q8IZF6,Q8IZF6,active,surface,no,agrees,Q8IZF6,2026-08-06
GP113_HUMAN,Q8IZF5,Q8IZF5,active,surface,no,agrees,Q8IZF5,2026-08-06
GP114_HUMAN,Q8IZF4,Q8IZF4,active,surface,no,agrees,Q8IZF4,2026-08-06
GP115_HUMAN,Q8IZF3,Q8IZF3,active,surface,no,agrees,Q8IZF3,2026-08-06
GP116_HUMAN,Q8IZF2,Q8IZF2,active,surface,no,agrees,Q8IZF2,2026-08-06
GP119_HUMAN,Q8TDV5,Q8TDV5,active,surface,no,agrees,Q8TDV5,2026-08-06
GP123_HUMAN,Q86SQ6,Q86SQ6,active,surface,no,agrees,Q86SQ6,2026-08-06
GP124_HUMAN,Q96PE1,Q96PE1,active,surface,no,agrees,Q96PE1,2026-08-06
GP125_HUMAN,Q8IWK6,Q8IWK6,active,surface,no,agrees,Q8IWK6,2026-08-06
GP126_HUMAN,Q86SQ4,Q86SQ4,active,surface,no,agrees,Q86SQ4,2026-08-06
GP128_HUMAN,Q96K78,Q96K78,active,surface,no,agrees,Q96K78,2026-08-06
GP132_HUMAN,Q9UNW8,Q9UNW8,active,surface,no,agrees,Q9UNW8,2026-08-06
GP133_HUMAN,Q6QNK2,Q6QNK2,active,surface,no,agrees,Q6QNK2,2026-08-06
GP135_HUMAN,Q8IZ08,Q8IZ08,active,non_surface,no,agrees,Q8IZ08,2026-08-06
GP139_HUMAN,Q6DWJ6,Q6DWJ6,active,surface,no,agrees,Q6DWJ6,2026-08-06
GP141_HUMAN,Q7Z602,Q7Z602,active,surface,no,agrees,Q7Z602,2026-08-06
GP142_HUMAN,Q7Z601,Q7Z601,active,surface,no,agrees,Q7Z601,2026-08-06
GP143_HUMAN,P51810,P51810,active,surface,no,agrees,P51810,2026-08-06
GP144_HUMAN,Q7Z7M1,Q7Z7M1,active,surface,no,agrees,Q7Z7M1,2026-08-06
GP146_HUMAN,Q96CH1,Q96CH1,active,surface,no,agrees,Q96CH1,2026-08-06
GP148_HUMAN,Q8TDV2,Q8TDV2,active,surface,no,agrees,Q8TDV2,2026-08-06
GP149_HUMAN,Q86SP6,Q86SP6,active,surface,no,agrees,Q86SP6,2026-08-06
GP150_HUMAN,Q8NGU9,Q8NGU9,active,surface,no,agrees,Q8NGU9,2026-08-06
GP151_HUMAN,Q8TDV0,Q8TDV0,active,surface,no,agrees,Q8TDV0,2026-08-06
GP152_HUMAN,Q8TDT2,Q8TDT2,active,surface,no,agrees,Q8TDT2,2026-08-06
GP153_HUMAN,Q6NV75,Q6NV75,active,surface,no,agrees,Q6NV75,2026-08-06
GP155_HUMAN,Q7Z3F1,Q7Z3F1,active,surface,no,agrees,Q7Z3F1,2026-08-06
GP156_HUMAN,Q8NFN8,Q8NFN8,active,surface,no,agrees,Q8NFN8,2026-08-06
GP157_HUMAN,Q5UAW9,Q5UAW9,active,surface,no,agrees,Q5UAW9,2026-08-06
GP158_HUMAN,Q5T848,Q5T848,active,surface,no,agrees,Q5T848,2026-08-06
GP160_HUMAN,Q9UJ42,Q9UJ42,active,surface,no,agrees,Q9UJ42,2026-08-06
GP161_HUMAN,Q8N6U8,Q8N6U8,active,surface,no,agrees,Q8N6U8,2026-08-06
GP162_HUMAN,Q16538,Q16538,active,surface,no,agrees,Q16538,2026-08-06
GP171_HUMAN,O14626,O14626,active,surface,no,agrees,O14626,2026-08-06
GP173_HUMAN,Q9NS66,Q9NS66,active,surface,no,agrees,Q9NS66,2026-08-06
GP174_HUMAN,Q9BXC1,Q9BXC1,active,surface,no,agrees,Q9BXC1,2026-08-06
GP176_HUMAN,Q14439,Q14439,active,surface,no,agrees,Q14439,2026-08-06
GP179_HUMAN,Q6PRD1,Q6PRD1,active,surface,no,agrees,Q6PRD1,2026-08-06
GP180_HUMAN,Q86V85,Q86V85,active,surface,no,agrees,Q86V85,2026-08-06
GP182_HUMAN,O15218,O15218,active,surface,no,agrees,O15218,2026-08-06
GP183_HUMAN,P32249,P32249,active,surface,no,agrees,P32249,2026-08-06
GP1BA_HUMAN,P07359,P07359,active,surface,no,agrees,P07359,2026-08-06
GP1BB_HUMAN,P13224,P13224,active,surface,no,agrees,P13224,2026-08-06
GP2_HUMAN,P55259,P55259,active,surface,no,agrees,P55259,2026-08-06
GPA33_HUMAN,Q99795,Q99795,active,surface,no,agrees,Q99795,2026-08-06
GPAA1_HUMAN,O43292,O43292,active,non_surface,no,agrees,O43292,2026-08-06
GPAT1_HUMAN,Q9HCL2,Q9HCL2,active,non_surface,no,agrees,Q9HCL2,2026-08-06
GPAT2_HUMAN,Q6NUI2,Q6NUI2,active,non_surface,no,agrees,Q6NUI2,2026-08-06
GPAT3_HUMAN,Q53EU6,Q53EU6,active,non_surface,no,agrees,Q53EU6,2026-08-06
GPAT4_HUMAN,Q86UL3,Q86UL3,active,non_surface,no,agrees,Q86UL3,2026-08-06
GPBAR_HUMAN,Q8TDU6,Q8TDU6,active,surface,no,agrees,Q8TDU6,2026-08-06
GPC1_HUMAN,P35052,P35052,active,surface,no,agrees,P35052,2026-08-06
GPC2_HUMAN,Q8N158,Q8N158,active,surface,no,agrees,Q8N158,2026-08-06
GPC3_HUMAN,P51654,P51654,active,surface,no,agrees,P51654,2026-08-06
GPC4_HUMAN,O75487,O75487,active,surface,no,agrees,O75487,2026-08-06
GPC5B_HUMAN,Q9NZH0,Q9NZH0,active,surface,no,agrees,Q9NZH0,2026-08-06
GPC5C_HUMAN,Q9NQ84,Q9NQ84,active,surface,no,agrees,Q9NQ84,2026-08-06
GPC5D_HUMAN,Q9NZD1,Q9NZD1,active,surface,no,agrees,Q9NZD1,2026-08-06
GPC5_HUMAN,P78333,P78333,active,surface,no,agrees,P78333,2026-08-06
GPC6A_HUMAN,Q5T6X5,Q5T6X5,active,surface,no,agrees,Q5T6X5,2026-08-06
GPC6_HUMAN,Q9Y625,Q9Y625,active,surface,no,agrees,Q9Y625,2026-08-06
GPDM_HUMAN,P43304,P43304,active,unclassified,no,agrees,P43304,2026-08-06
GPER1_HUMAN,Q99527,Q99527,active,surface,no,agrees,Q99527,2026-08-06
GPHA2_HUMAN,Q96T91,Q96T91,active,unclassified,no,agrees,Q96T91,2026-08-06
GPHB5_HUMAN,Q86YW7,Q86YW7,active,unclassified,no,agrees,Q86YW7,2026-08-06
GPHRA_HUMAN,B7ZAQ6,B7ZAQ6,active,non_surface,no,agrees,B7ZAQ6,2026-08-06
GPHRB_HUMAN,P0CG08,P0CG08,active,non_surface,no,agrees,P0CG08,2026-08-06
GPHRC_HUMAN,A6NKF9,P0CG08,merged,non_surface,no,disagrees,P0CG08,2026-08-06
GPI8_HUMAN,Q92643,Q92643,active,non_surface,no,agrees,Q92643,2026-08-06
GPIX_HUMAN,P14770,P14770,active,unclassified,no,agrees,P14770,2026-08-06
GPM6A_HUMAN,P51674,P51674,active,surface,no,agrees,P51674,2026-08-06
GPM6B_HUMAN,Q13491,Q13491,active,surface,no,agrees,Q13491,2026-08-06
GPNMB_HUMAN,Q14956,Q14956,active,surface,no,agrees,Q14956,2026-08-06
GPR12_HUMAN,P47775,P47775,active,surface,no,agrees,P47775,2026-08-06
GPR15_HUMAN,P49685,P49685,active,surface,no,agrees,P49685,2026-08-06
GPR17_HUMAN,Q13304,Q13304,active,surface,no,agrees,Q13304,2026-08-06
GPR18_HUMAN,Q14330,Q14330,active,surface,no,agrees,Q14330,2026-08-06
GPR19_HUMAN,Q15760,Q15760,active,surface,no,agrees,Q15760,2026-08-06
GPR1_HUMAN,P46091,P46091,active,surface,no,agrees,P46091,2026-08-06
GPR20_HUMAN,Q99678,Q99678,active,surface,no,agrees,Q99678,2026-08-06
GPR21_HUMAN,Q99679,Q99679,active,surface,no,agrees,Q99679,2026-08-06
GPR22_HUMAN,Q99680,Q99680,active,surface,no,agrees,Q99680,2026-08-06
GPR25_HUMAN,O00155,O00155,active,surface,no,agrees,O00155,2026-08-06
GPR26_HUMAN,Q8NDV2,Q8NDV2,active,surface,no,agrees,Q8NDV2,2026-08-06
GPR27_HUMAN,Q9NS67,Q9NS67,active,surface,no,agrees,Q9NS67,2026-08-06
GPR31_HUMAN,O00270,O00270,active,surface,no,agrees,O00270,2026-08-06
GPR32_HUMAN,O75388,O75388,active,surface,no,agrees,O75388,2026-08-06
GPR33_HUMAN,Q49SQ1,Q49SQ1,active,surface,no,agrees,Q49SQ1,2026-08-06
GPR34_HUMAN,Q9UPC5,Q9UPC5,active,surface,no,agrees,Q9UPC5,2026-08-06
GPR35_HUMAN,Q9HC97,Q9HC97,active,surface,no,agrees,Q9HC97,2026-08-06
GPR37_HUMAN,O15354,O15354,active,surface,no,agrees,O15354,2026-08-06
GPR39_HUMAN,O43194,O43194,active,surface,no,agrees,O43194,2026-08-06
GPR3_HUMAN,P46089,P46089,active,surface,no,agrees,P46089,2026-08-06
GPR42_HUMAN,O15529,O15529,active,surface,no,agrees,O15529,2026-08-06
GPR45_HUMAN,Q9Y5Y3,Q9Y5Y3,active,surface,no,agrees,Q9Y5Y3,2026-08-06
GPR4_HUMAN,P46093,P46093,active,surface,no,agrees,P46093,2026-08-06
GPR52_HUMAN,Q9Y2T5,Q9Y2T5,active,surface,no,agrees,Q9Y2T5,2026-08-06
GPR55_HUMAN,Q9Y2T6,Q9Y2T6,active,surface,no,agrees,Q9Y2T6,2026-08-06
GPR56_HUMAN,Q9Y653,Q9Y653,active,surface,no,agrees,Q9Y653,2026-08-06
GPR61_HUMAN,Q9BZJ8,Q9BZJ8,active,surface,no,agrees,Q9BZJ8,2026-08-06
GPR62_HUMAN,Q9BZJ7,Q9BZJ7,active,surface,no,agrees,Q9BZJ7,2026-08-06
GPR63_HUMAN,Q9BZJ6,Q9BZJ6,active,surface,no,agrees,Q9BZJ6,2026-08-06
GPR64_HUMAN,Q8IZP9,Q8IZP9,active,surface,no,agrees,Q8IZP9,2026-08-06
GPR6_HUMAN,P46095,P46095,active,surface,no,agrees,P46095,2026-08-06
GPR75_HUMAN,O95800,O95800,active,surface,no,agrees,O95800,2026-08-06
GPR78_HUMAN,Q96P69,Q96P69,active,surface,no,agrees,Q96P69,2026-08-06
GPR82_HUMAN,Q96P67,Q96P67,active,surface,no,agrees,Q96P67,2026-08-06
GPR83_HUMAN,Q9NYM4,Q9NYM4,active,surface,no,agrees,Q9NYM4,2026-08-06
GPR84_HUMAN,Q9NQS5,Q9NQS5,active,surface,no,agrees,Q9NQS5,2026-08-06
GPR85_HUMAN,P60893,P60893,active,surface,no,agrees,P60893,2026-08-06
GPR87_HUMAN,Q9BY21,Q9BY21,active,surface,no,agrees,Q9BY21,2026-08-06
GPR88_HUMAN,Q9GZN0,Q9GZN0,active,surface,no,agrees,Q9GZN0,2026-08-06
GPR97_HUMAN,Q86Y34,Q86Y34,active,surface,no,agrees,Q86Y34,2026-08-06
GPR98_HUMAN,Q8WXG9,Q8WXG9,active,surface,no,agrees,Q8WXG9,2026-08-06
GPRL1_HUMAN,Q6UWM5,Q6UWM5,active,unclassified,no,agrees,Q6UWM5,2026-08-06
GPT_HUMAN,Q9H3H5,Q9H3H5,active,non_surface,no,agrees,Q9H3H5,2026-08-06
GPVI_HUMAN,Q9HCN6,Q9HCN6,active,surface,no,agrees,Q9HCN6,2026-08-06
GPV_HUMAN,P40197,P40197,active,surface,no,agrees,P40197,2026-08-06
GPX1_HUMAN,P07203,P07203,active,unclassified,no,agrees,P07203,2026-08-06
GPX3_HUMAN,P22352,P22352,active,unclassified,no,agrees,P22352,2026-08-06
GPX4_HUMAN,P36969,P36969,active,unclassified,no,agrees,P36969,2026-08-06
GPX5_HUMAN,O75715,O75715,active,unclassified,no,agrees,O75715,2026-08-06
GPX6_HUMAN,P59796,P59796,active,unclassified,no,agrees,P59796,2026-08-06
GPX7_HUMAN,Q96SL4,Q96SL4,active,unclassified,no,agrees,Q96SL4,2026-08-06
GPX8_HUMAN,Q8TED1,Q8TED1,active,non_surface,no,agrees,Q8TED1,2026-08-06
GRAA_HUMAN,P12544,P12544,active,unclassified,no,agrees,P12544,2026-08-06
GRAB_HUMAN,P10144,P10144,active,unclassified,no,agrees,P10144,2026-08-06
GRAH_HUMAN,P20718,P20718,active,unclassified,no,agrees,P20718,2026-08-06
GRAK_HUMAN,P49863,P49863,active,unclassified,no,agrees,P49863,2026-08-06
GRAM2_HUMAN,Q8IUY3,Q8IUY3,active,non_surface,no,agrees,Q8IUY3,2026-08-06
GRAM3_HUMAN,Q96HH9,Q96HH9,active,non_surface,no,agrees,Q96HH9,2026-08-06
GRAM4_HUMAN,Q6IC98,Q6IC98,active,non_surface,no,agrees,Q6IC98,2026-08-06
GRAM_HUMAN,P51124,P51124,active,unclassified,no,agrees,P51124,2026-08-06
GREB1_HUMAN,Q4ZG55,Q4ZG55,active,non_surface,no,agrees,Q4ZG55,2026-08-06
GREM1_HUMAN,O60565,O60565,active,unclassified,no,agrees,O60565,2026-08-06
GREM2_HUMAN,Q9H772,Q9H772,active,unclassified,no,agrees,Q9H772,2026-08-06
GRIA1_HUMAN,P42261,P42261,active,surface,no,agrees,P42261,2026-08-06
GRIA2_HUMAN,P42262,P42262,active,surface,no,agrees,P42262,2026-08-06
GRIA3_HUMAN,P42263,P42263,active,surface,no,agrees,P42263,2026-08-06
GRIA4_HUMAN,P48058,P48058,active,surface,no,agrees,P48058,2026-08-06
GRID1_HUMAN,Q9ULK0,Q9ULK0,active,surface,no,agrees,Q9ULK0,2026-08-06
GRID2_HUMAN,O43424,O43424,active,surface,no,agrees,O43424,2026-08-06
GRIK1_HUMAN,P39086,P39086,active,surface,no,agrees,P39086,2026-08-06
GRIK2_HUMAN,Q13002,Q13002,active,surface,no,agrees,Q13002,2026-08-06
GRIK3_HUMAN,Q13003,Q13003,active,surface,no,agrees,Q13003,2026-08-06
GRIK4_HUMAN,Q16099,Q16099,active,surface,no,agrees,Q16099,2026-08-06
GRIK5_HUMAN,Q16478,Q16478,active,surface,no,agrees,Q16478,2026-08-06
GRM1A_HUMAN,Q96CP6,Q96CP6,active,non_surface,no,agrees,Q96CP6,2026-08-06
GRM1B_HUMAN,Q3KR37,Q3KR37,active,surface,no,agrees,Q3KR37,2026-08-06
GRM1C_HUMAN,Q8IYS0,Q8IYS0,active,unclassified,no,agrees,Q8IYS0,2026-08-06
GRM1_HUMAN,Q13255,Q13255,active,surface,no,agrees,Q13255,2026-08-06
GRM2_HUMAN,Q14416,Q14416,active,surface,no,agrees,Q14416,2026-08-06
GRM3_HUMAN,Q14832,Q14832,active,surface,no,agrees,Q14832,2026-08-06
GRM4_HUMAN,Q14833,Q14833,active,surface,no,agrees,Q14833,2026-08-06
GRM5_HUMAN,P41594,P41594,active,surface,no,agrees,P41594,2026-08-06
GRM6_HUMAN,O15303,O15303,active,surface,no,agrees,O15303,2026-08-06
GRM7_HUMAN,Q14831,Q14831,active,surface,no,agrees,Q14831,2026-08-06
GRM8_HUMAN,O00222,O00222,active,surface,no,agrees,O00222,2026-08-06
GRN_HUMAN,P28799,P28799,active,unclassified,no,agrees,P28799,2026-08-06
GROA_HUMAN,P09341,P09341,active,unclassified,no,agrees,P09341,2026-08-06
GRP78_HUMAN,P11021,P11021,active,unclassified,no,agrees,P11021,2026-08-06
GRPL2_HUMAN,Q4G1C9,Q4G1C9,active,non_surface,no,agrees,Q4G1C9,2026-08-06
GRPR_HUMAN,P30550,P30550,active,surface,no,agrees,P30550,2026-08-06
GRP_HUMAN,P07492,P07492,active,unclassified,no,agrees,P07492,2026-08-06
GSAS1_HUMAN,Q9NRJ2,Q9NRJ2,active,non_surface,no,agrees,Q9NRJ2,2026-08-06
GSG1L_HUMAN,Q6UXU4,Q6UXU4,active,surface,no,agrees,Q6UXU4,2026-08-06
GSG1M_HUMAN,A8MUP6,A8MUP6,active,surface,no,agrees,A8MUP6,2026-08-06
GSG1_HUMAN,Q2KHT4,Q2KHT4,active,surface,no,agrees,Q2KHT4,2026-08-06
GSLG1_HUMAN,Q92896,Q92896,active,unclassified,no,agrees,Q92896,2026-08-06
GT251_HUMAN,Q8NBJ5,Q8NBJ5,active,unclassified,no,agrees,Q8NBJ5,2026-08-06
GT252_HUMAN,Q8IYK4,Q8IYK4,active,unclassified,no,agrees,Q8IYK4,2026-08-06
GT253_HUMAN,Q5T4B2,Q5T4B2,active,unclassified,no,agrees,Q5T4B2,2026-08-06
GTR10_HUMAN,O95528,O95528,active,surface,no,agrees,O95528,2026-08-06
GTR11_HUMAN,Q9BYW1,Q9BYW1,active,surface,no,agrees,Q9BYW1,2026-08-06
GTR12_HUMAN,Q8TD20,Q8TD20,active,surface,no,agrees,Q8TD20,2026-08-06
GTR14_HUMAN,Q8TDB8,Q8TDB8,active,surface,no,agrees,Q8TDB8,2026-08-06
GTR1_HUMAN,P11166,P11166,active,surface,no,agrees,P11166,2026-08-06
GTR2_HUMAN,P11168,P11168,active,surface,no,agrees,P11168,2026-08-06
GTR3_HUMAN,P11169,P11169,active,surface,no,agrees,P11169,2026-08-06
GTR4_HUMAN,P14672,P14672,active,surface,no,agrees,P14672,2026-08-06
GTR5_HUMAN,P22732,P22732,active,surface,no,agrees,P22732,2026-08-06
GTR6_HUMAN,Q9UGQ3,Q9UGQ3,active,surface,no,agrees,Q9UGQ3,2026-08-06
GTR7_HUMAN,Q6PXP3,Q6PXP3,active,surface,no,agrees,Q6PXP3,2026-08-06
GTR8_HUMAN,Q9NY64,Q9NY64,active,surface,no,agrees,Q9NY64,2026-08-06
GTR9_HUMAN,Q9NRM0,Q9NRM0,active,surface,no,agrees,Q9NRM0,2026-08-06
GTSC1_HUMAN,Q86UQ5,Q86UQ5,active,non_surface,no,agrees,Q86UQ5,2026-08-06
GUC2A_HUMAN,Q02747,Q02747,active,unclassified,no,agrees,Q02747,2026-08-06
GUC2B_HUMAN,Q16661,Q16661,active,unclassified,no,agrees,Q16661,2026-08-06
GUC2C_HUMAN,P25092,P25092,active,surface,no,agrees,P25092,2026-08-06
GUC2D_HUMAN,Q02846,Q02846,active,unclassified,no,agrees,Q02846,2026-08-06
GUC2F_HUMAN,P51841,P51841,active,unclassified,no,agrees,P51841,2026-08-06
GVQW1_HUMAN,Q8N7I0,Q8N7I0,inactive,unclassified,no,agrees,Q8N7I0,2026-08-06
GXLT1_HUMAN,Q4G148,Q4G148,active,non_surface,no,agrees,Q4G148,2026-08-06
GXLT2_HUMAN,A0PJZ3,A0PJZ3,active,non_surface,no,agrees,A0PJZ3,2026-08-06
H17B6_HUMAN,O14756,O14756,active,unclassified,no,agrees,O14756,2026-08-06
H2AW_HUMAN,Q9P0M6,Q9P0M6,active,non_surface,no,agrees,Q9P0M6,2026-08-06
H2BWT_HUMAN,Q7Z2G1,Q7Z2G1,active,unclassified,no,agrees,Q7Z2G1,2026-08-06
H6ST1_HUMAN,O60243,O60243,active,non_surface,no,agrees,O60243,2026-08-06
H6ST2_HUMAN,Q96MM7,Q96MM7,active,non_surface,no,agrees,Q96MM7,2026-08-06
H6ST3_HUMAN,Q8IZP7,Q8IZP7,active,non_surface,no,agrees,Q8IZP7,2026-08-06
HABP2_HUMAN,Q14520,Q14520,active,unclassified,no,agrees,Q14520,2026-08-06
HABP4_HUMAN,Q5JVS0,Q5JVS0,active,unclassified,no,agrees,Q5JVS0,2026-08-06
HACD1_HUMAN,B0YJ81,B0YJ81,active,non_surface,no,agrees,B0YJ81,2026-08-06
HACD2_HUMAN,Q6Y1H2,Q6Y1H2,active,non_surface,no,agrees,Q6Y1H2,2026-08-06
HACD3_HUMAN,Q9P035,Q9P035,active,non_surface,no,agrees,Q9P035,2026-08-06
HACD4_HUMAN,Q5VWC8,Q5VWC8,active,non_surface,no,agrees,Q5VWC8,2026-08-06
HACL1_HUMAN,Q9UJ83,Q9UJ83,active,non_surface,no,agrees,Q9UJ83,2026-08-06
HAVR1_HUMAN,Q96D42,Q96D42,active,surface,no,agrees,Q96D42,2026-08-06
HAVR2_HUMAN,Q8TDQ0,Q8TDQ0,active,surface,no,agrees,Q8TDQ0,2026-08-06
HBEGF_HUMAN,Q99075,Q99075,active,surface,no,agrees,Q99075,2026-08-06
HCAR1_HUMAN,Q9BXC0,Q9BXC0,active,surface,no,agrees,Q9BXC0,2026-08-06
HCAR2_HUMAN,Q8TDS4,Q8TDS4,active,surface,no,agrees,Q8TDS4,2026-08-06
HCAR3_HUMAN,P49019,P49019,active,surface,no,agrees,P49019,2026-08-06
HCD2_HUMAN,Q99714,Q99714,active,unclassified,no,agrees,Q99714,2026-08-06
HCN1_HUMAN,O60741,O60741,active,non_surface,no,agrees,O60741,2026-08-06
HCN2_HUMAN,Q9UL51,Q9UL51,active,non_surface,no,agrees,Q9UL51,2026-08-06
HCN3_HUMAN,Q9P1Z3,Q9P1Z3,active,non_surface,no,agrees,Q9P1Z3,2026-08-06
HCN4_HUMAN,Q9Y3Q4,Q9Y3Q4,active,non_surface,no,agrees,Q9Y3Q4,2026-08-06
HCST_HUMAN,Q9UBK5,Q9UBK5,active,unclassified,no,agrees,Q9UBK5,2026-08-06
HDBP1_HUMAN,Q8IV16,Q8IV16,active,surface,no,agrees,Q8IV16,2026-08-06
HD_HUMAN,P42858,P42858,active,non_surface,no,agrees,P42858,2026-08-06
HECA2_HUMAN,A8MVW5,A8MVW5,active,surface,no,agrees,A8MVW5,2026-08-06
HECAM_HUMAN,Q14CZ8,Q14CZ8,active,surface,no,agrees,Q14CZ8,2026-08-06
HECD4_HUMAN,Q9Y4D8,Q9Y4D8,active,non_surface,no,agrees,Q9Y4D8,2026-08-06
HEG1_HUMAN,Q9ULI3,Q9ULI3,active,surface,no,agrees,Q9ULI3,2026-08-06
HEM0_HUMAN,P22557,P22557,active,unclassified,no,agrees,P22557,2026-08-06
HEM6_HUMAN,P36551,P36551,active,non_surface,no,agrees,P36551,2026-08-06
HEMH_HUMAN,P22830,P22830,active,unclassified,no,agrees,P22830,2026-08-06
HEMO_HUMAN,P02790,P02790,active,unclassified,no,agrees,P02790,2026-08-06
HEP2_HUMAN,P05546,P05546,active,unclassified,no,agrees,P05546,2026-08-06
HEPC_HUMAN,P81172,P81172,active,unclassified,no,agrees,P81172,2026-08-06
HEPH_HUMAN,Q9BQS7,Q9BQS7,active,surface,no,agrees,Q9BQS7,2026-08-06
HEPS_HUMAN,P05981,P05981,active,unclassified,no,agrees,P05981,2026-08-06
HERC4_HUMAN,Q5GLZ8,Q5GLZ8,active,non_surface,no,agrees,Q5GLZ8,2026-08-06
HERC5_HUMAN,Q9UII4,Q9UII4,active,non_surface,no,agrees,Q9UII4,2026-08-06
HERC6_HUMAN,Q8IVU3,Q8IVU3,active,non_surface,no,agrees,Q8IVU3,2026-08-06
HERP1_HUMAN,Q15011,Q15011,active,non_surface,no,agrees,Q15011,2026-08-06
HERP2_HUMAN,Q9BSE4,Q9BSE4,active,non_surface,no,agrees,Q9BSE4,2026-08-06
HEXA_HUMAN,P06865,P06865,active,unclassified,no,agrees,P06865,2026-08-06
HEXB_HUMAN,P07686,P07686,active,unclassified,no,agrees,P07686,2026-08-06
HFE_HUMAN,Q30201,Q30201,active,surface,no,agrees,Q30201,2026-08-06
HG2A_HUMAN,P04233,P04233,active,surface,no,agrees,P04233,2026-08-06
HGFA_HUMAN,Q04756,Q04756,active,unclassified,no,agrees,Q04756,2026-08-06
HGFL_HUMAN,P26927,P26927,active,unclassified,no,agrees,P26927,2026-08-06
HGF_HUMAN,P14210,P14210,active,unclassified,no,agrees,P14210,2026-08-06
HGNAT_HUMAN,Q68CP4,Q68CP4,active,unclassified,no,agrees,Q68CP4,2026-08-06
HHATL_HUMAN,Q9HCP6,Q9HCP6,active,non_surface,no,agrees,Q9HCP6,2026-08-06
HHAT_HUMAN,Q5VTY9,Q5VTY9,active,non_surface,no,agrees,Q5VTY9,2026-08-06
HHIP_HUMAN,Q96QV1,Q96QV1,active,unclassified,no,agrees,Q96QV1,2026-08-06
HHLA1_HUMAN,C9JL84,C9JL84,active,unclassified,no,agrees,C9JL84,2026-08-06
HHLA2_HUMAN,Q9UM44,Q9UM44,active,surface,no,agrees,Q9UM44,2026-08-06
HIAL1_HUMAN,Q5SR56,Q5SR56,active,unclassified,no,agrees,Q5SR56,2026-08-06
HIAL2_HUMAN,Q5VZR4,Q5VZR4,active,non_surface,no,agrees,Q5VZR4,2026-08-06
HIAT1_HUMAN,Q96MC6,Q96MC6,active,surface,no,agrees,Q96MC6,2026-08-06
HID1_HUMAN,Q8IV36,Q8IV36,active,non_surface,no,agrees,Q8IV36,2026-08-06
HIDE1_HUMAN,A8MVS5,A8MVS5,active,surface,no,agrees,A8MVS5,2026-08-06
HIG1A_HUMAN,Q9Y241,Q9Y241,active,non_surface,no,agrees,Q9Y241,2026-08-06
HIG1B_HUMAN,Q9P298,Q9P298,active,non_surface,no,agrees,Q9P298,2026-08-06
HIG1C_HUMAN,A8MV81,A8MV81,active,non_surface,no,agrees,A8MV81,2026-08-06
HIG2A_HUMAN,Q9BW72,Q9BW72,active,non_surface,no,agrees,Q9BW72,2026-08-06
HIG2B_HUMAN,Q4VC39,Q4VC39,active,non_surface,no,agrees,Q4VC39,2026-08-06
HINT2_HUMAN,Q9BX68,Q9BX68,active,unclassified,no,agrees,Q9BX68,2026-08-06
HIPL1_HUMAN,Q96JK4,Q96JK4,active,unclassified,no,agrees,Q96JK4,2026-08-06
HIPL2_HUMAN,Q6UWX4,Q6UWX4,active,unclassified,no,agrees,Q6UWX4,2026-08-06
HIS1_HUMAN,P15515,P15515,active,unclassified,no,agrees,P15515,2026-08-06
HIS3_HUMAN,P15516,P15516,active,unclassified,no,agrees,P15516,2026-08-06
HLAE_HUMAN,P13747,P13747,active,surface,no,agrees,P13747,2026-08-06
HLAF_HUMAN,P30511,P30511,active,surface,no,agrees,P30511,2026-08-06
HLAG_HUMAN,P17693,P17693,active,surface,no,agrees,P17693,2026-08-06
HLAH_HUMAN,P01893,P01893,active,surface,no,agrees,P01893,2026-08-06
HLPDA_HUMAN,Q9Y5L2,Q9Y5L2,active,non_surface,no,agrees,Q9Y5L2,2026-08-06
HM13_HUMAN,Q8TCT9,Q8TCT9,active,surface,no,agrees,Q8TCT9,2026-08-06
HMCN1_HUMAN,Q96RW7,Q96RW7,active,unclassified,no,agrees,Q96RW7,2026-08-06
HMCN2_HUMAN,Q8NDA2,Q8NDA2,active,unclassified,no,agrees,Q8NDA2,2026-08-06
HMDH_HUMAN,P04035,P04035,active,non_surface,no,agrees,P04035,2026-08-06
HMGCL_HUMAN,P35914,P35914,active,unclassified,no,agrees,P35914,2026-08-06
HMN11_HUMAN,S4R3Y5,S4R3Y5,active,unclassified,no,agrees,S4R3Y5,2026-08-06
HMN9_HUMAN,P0CJ76,P0CJ76,active,unclassified,no,agrees,P0CJ76,2026-08-06
HMOX1_HUMAN,P09601,P09601,active,non_surface,no,agrees,P09601,2026-08-06
HMOX2_HUMAN,P30519,P30519,active,non_surface,no,agrees,P30519,2026-08-06
HMR1_HUMAN,Q95460,Q95460,active,surface,no,agrees,Q95460,2026-08-06
HMSD_HUMAN,A8MTL9,A8MTL9,active,unclassified,no,agrees,A8MTL9,2026-08-06
HPHL1_HUMAN,Q6MZM0,Q6MZM0,active,surface,no,agrees,Q6MZM0,2026-08-06
HPLN1_HUMAN,P10915,P10915,active,unclassified,no,agrees,P10915,2026-08-06
HPLN2_HUMAN,Q9GZV7,Q9GZV7,active,unclassified,no,agrees,Q9GZV7,2026-08-06
HPLN3_HUMAN,Q96S86,Q96S86,active,unclassified,no,agrees,Q96S86,2026-08-06
HPLN4_HUMAN,Q86UW8,Q86UW8,active,unclassified,no,agrees,Q86UW8,2026-08-06
HPS3_HUMAN,Q969F9,Q969F9,active,non_surface,no,agrees,Q969F9,2026-08-06
HPSE2_HUMAN,Q8WWQ2,Q8WWQ2,active,unclassified,no,agrees,Q8WWQ2,2026-08-06
HPSE_HUMAN,Q9Y251,Q9Y251,active,unclassified,no,agrees,Q9Y251,2026-08-06
HPTR_HUMAN,P00739,P00739,active,unclassified,no,agrees,P00739,2026-08-06
HPT_HUMAN,P00738,P00738,active,unclassified,no,agrees,P00738,2026-08-06
HRCT1_HUMAN,Q6UXD1,Q6UXD1,active,non_surface,no,agrees,Q6UXD1,2026-08-06
HRG1_HUMAN,Q6P1K1,Q6P1K1,active,non_surface,no,agrees,Q6P1K1,2026-08-06
HRG_HUMAN,P04196,P04196,active,unclassified,no,agrees,P04196,2026-08-06
HRH1_HUMAN,P35367,P35367,active,surface,no,agrees,P35367,2026-08-06
HRH2_HUMAN,P25021,P25021,active,surface,no,agrees,P25021,2026-08-06
HRH3_HUMAN,Q9Y5N1,Q9Y5N1,active,surface,no,agrees,Q9Y5N1,2026-08-06
HRH4_HUMAN,Q9H3N8,Q9H3N8,active,surface,no,agrees,Q9H3N8,2026-08-06
HRK_HUMAN,O00198,O00198,active,non_surface,no,agrees,O00198,2026-08-06
HRSL1_HUMAN,Q9HDD0,Q9HDD0,active,non_surface,no,agrees,Q9HDD0,2026-08-06
HRSL2_HUMAN,Q9NWW9,Q9NWW9,active,non_surface,no,agrees,Q9NWW9,2026-08-06
HRSL3_HUMAN,P53816,P53816,active,non_surface,no,agrees,P53816,2026-08-06
HRSL4_HUMAN,Q9UL19,Q9UL19,active,non_surface,no,agrees,Q9UL19,2026-08-06
HS2ST_HUMAN,Q7LGA3,Q7LGA3,active,non_surface,no,agrees,Q7LGA3,2026-08-06
HS3S1_HUMAN,O14792,O14792,active,unclassified,no,agrees,O14792,2026-08-06
HS3S2_HUMAN,Q9Y278,Q9Y278,active,non_surface,no,agrees,Q9Y278,2026-08-06
HS3S4_HUMAN,Q9Y661,Q9Y661,active,non_surface,no,agrees,Q9Y661,2026-08-06
HS3S5_HUMAN,Q8IZT8,Q8IZT8,active,non_surface,no,agrees,Q8IZT8,2026-08-06
HS3S6_HUMAN,Q96QI5,Q96QI5,active,non_surface,no,agrees,Q96QI5,2026-08-06
HS3SA_HUMAN,Q9Y663,Q9Y663,active,non_surface,no,agrees,Q9Y663,2026-08-06
HS3SB_HUMAN,Q9Y662,Q9Y662,active,unclassified,no,agrees,Q9Y662,2026-08-06
HSP13_HUMAN,P48723,P48723,active,unclassified,no,agrees,P48723,2026-08-06
HTR5A_HUMAN,Q86XA9,Q86XA9,active,non_surface,no,agrees,Q86XA9,2026-08-06
HTRA1_HUMAN,Q92743,Q92743,active,unclassified,no,agrees,Q92743,2026-08-06
HTRA2_HUMAN,O43464,O43464,active,non_surface,no,agrees,O43464,2026-08-06
HTRA3_HUMAN,P83110,P83110,active,unclassified,no,agrees,P83110,2026-08-06
HTRA4_HUMAN,P83105,P83105,active,unclassified,no,agrees,P83105,2026-08-06
HUMMR_HUMAN,Q8TDB4,Q8TDB4,active,non_surface,no,agrees,Q8TDB4,2026-08-06
HUTI_HUMAN,Q96NU7,Q96NU7,active,non_surface,no,agrees,Q96NU7,2026-08-06
HUWE1_HUMAN,Q7Z6Z7,Q7Z6Z7,active,non_surface,no,agrees,Q7Z6Z7,2026-08-06
HV102_HUMAN,P01743,P01743,active,unclassified,no,agrees,P01743,2026-08-06
HV103_HUMAN,P23083,P23083,active,unclassified,no,agrees,P23083,2026-08-06
HV104_HUMAN,P01744,P23083,merged,unclassified,no,disagrees,P23083,2026-08-06
HV208_HUMAN,P04438,P01814,merged,unclassified,no,disagrees,P01814,2026-08-06
HV209_HUMAN,P06331,P06331,active,unclassified,no,agrees,P06331,2026-08-06
HV301_HUMAN,P01762,P01762,active,non_surface,no,agrees,P01762,2026-08-06
HV303_HUMAN,P01764,P01764,active,unclassified,yes,agrees,P01764,2026-08-06
HV304_HUMAN,P01765,P01764,merged,non_surface,yes,disagrees,P01764,2026-08-06
HV308_HUMAN,P01769,P01768,merged,non_surface,no,disagrees,P01768,2026-08-06
HVCN1_HUMAN,Q96D96,Q96D96,active,non_surface,no,agrees,Q96D96,2026-08-06
HYAL1_HUMAN,Q12794,Q12794,active,unclassified,no,agrees,Q12794,2026-08-06
HYAL2_HUMAN,Q12891,Q12891,active,surface,no,agrees,Q12891,2026-08-06
HYAL3_HUMAN,O43820,O43820,active,unclassified,no,agrees,O43820,2026-08-06
HYAL4_HUMAN,Q2M3T9,Q2M3T9,active,non_surface,no,agrees,Q2M3T9,2026-08-06
HYALP_HUMAN,P38567,P38567,active,surface,no,agrees,P38567,2026-08-06
HYAS1_HUMAN,Q92839,Q92839,active,unclassified,no,agrees,Q92839,2026-08-06
HYAS2_HUMAN,Q92819,Q92819,active,non_surface,no,agrees,Q92819,2026-08-06
HYAS3_HUMAN,O00219,O00219,active,unclassified,no,agrees,O00219,2026-08-06
HYOU1_HUMAN,Q9Y4L1,Q9Y4L1,active,unclassified,no,agrees,Q9Y4L1,2026-08-06
I10R1_HUMAN,Q13651,Q13651,active,surface,no,agrees,Q13651,2026-08-06
I10R2_HUMAN,Q08334,Q08334,active,surface,no,agrees,Q08334,2026-08-06
I11RA_HUMAN,Q14626,Q14626,active,surface,no,agrees,Q14626,2026-08-06
I12R1_HUMAN,P42701,P42701,active,surface,no,agrees,P42701,2026-08-06
I12R2_HUMAN,Q99665,Q99665,active,surface,no,agrees,Q99665,2026-08-06
I13R1_HUMAN,P78552,P78552,active,surface,no,agrees,P78552,2026-08-06
I13R2_HUMAN,Q14627,Q14627,active,surface,no,agrees,Q14627,2026-08-06
I15RA_HUMAN,Q13261,Q13261,active,surface,no,agrees,Q13261,2026-08-06
I17RA_HUMAN,Q96F46,Q96F46,active,surface,no,agrees,Q96F46,2026-08-06
I17RB_HUMAN,Q9NRM6,Q9NRM6,active,surface,no,agrees,Q9NRM6,2026-08-06
I17RC_HUMAN,Q8NAC3,Q8NAC3,active,surface,no,agrees,Q8NAC3,2026-08-06
I17RD_HUMAN,Q8NFM7,Q8NFM7,active,surface,no,agrees,Q8NFM7,2026-08-06
I17RE_HUMAN,Q8NFR9,Q8NFR9,active,surface,no,agrees,Q8NFR9,2026-08-06
I18BP_HUMAN,O95998,O95998,active,unclassified,no,agrees,O95998,2026-08-06
I18RA_HUMAN,O95256,O95256,active,surface,no,agrees,O95256,2026-08-06
I20RA_HUMAN,Q9UHF4,Q9UHF4,active,surface,no,agrees,Q9UHF4,2026-08-06
I20RB_HUMAN,Q6UXL0,Q6UXL0,active,surface,no,agrees,Q6UXL0,2026-08-06
I22R1_HUMAN,Q8N6P7,Q8N6P7,active,surface,no,agrees,Q8N6P7,2026-08-06
I22R2_HUMAN,Q969J5,Q969J5,active,unclassified,no,agrees,Q969J5,2026-08-06
I27L1_HUMAN,Q96BM0,Q96BM0,active,non_surface,no,agrees,Q96BM0,2026-08-06
I27L2_HUMAN,Q9H2X8,Q9H2X8,active,unclassified,no,agrees,Q9H2X8,2026-08-06
I27RA_HUMAN,Q6UWB1,Q6UWB1,active,surface,no,agrees,Q6UWB1,2026-08-06
I2BP2_HUMAN,Q7Z5L9,Q7Z5L9,active,unclassified,no,agrees,Q7Z5L9,2026-08-06
I5P1_HUMAN,Q14642,Q14642,active,unclassified,no,agrees,Q14642,2026-08-06
IAPP_HUMAN,P10997,P10997,active,unclassified,no,agrees,P10997,2026-08-06
IBP1_HUMAN,P08833,P08833,active,unclassified,no,agrees,P08833,2026-08-06
IBP2_HUMAN,P18065,P18065,active,unclassified,no,agrees,P18065,2026-08-06
IBP3_HUMAN,P17936,P17936,active,unclassified,no,agrees,P17936,2026-08-06
IBP4_HUMAN,P22692,P22692,active,unclassified,no,agrees,P22692,2026-08-06
IBP5_HUMAN,P24593,P24593,active,unclassified,no,agrees,P24593,2026-08-06
IBP6_HUMAN,P24592,P24592,active,unclassified,no,agrees,P24592,2026-08-06
IBP7_HUMAN,Q16270,Q16270,active,unclassified,no,agrees,Q16270,2026-08-06
IBPL1_HUMAN,Q8WX77,Q8WX77,active,unclassified,no,agrees,Q8WX77,2026-08-06
IC1_HUMAN,P05155,P05155,active,unclassified,no,agrees,P05155,2026-08-06
ICAM1_HUMAN,P05362,P05362,active,surface,no,agrees,P05362,2026-08-06
ICAM2_HUMAN,P13598,P13598,active,surface,no,agrees,P13598,2026-08-06
ICAM3_HUMAN,P32942,P32942,active,surface,no,agrees,P32942,2026-08-06
ICAM4_HUMAN,Q14773,Q14773,active,surface,no,agrees,Q14773,2026-08-06
ICAM5_HUMAN,Q9UMF0,Q9UMF0,active,surface,no,agrees,Q9UMF0,2026-08-06
ICMT_HUMAN,O60725,O60725,active,non_surface,no,agrees,O60725,2026-08-06
ICOSL_HUMAN,O75144,O75144,active,surface,no,agrees,O75144,2026-08-06
ICOS_HUMAN,Q9Y6W8,Q9Y6W8,active,surface,no,agrees,Q9Y6W8,2026-08-06
ID1_HUMAN,P41134,P41134,active,unclassified,no,agrees,P41134,2026-08-06
IDD_HUMAN,P98153,P98153,active,surface,no,agrees,P98153,2026-08-06
IDE_HUMAN,P14735,P14735,active,unclassified,no,agrees,P14735,2026-08-06
IDS_HUMAN,P22304,P22304,active,unclassified,no,agrees,P22304,2026-08-06
IDUA_HUMAN,P35475,P35475,active,unclassified,no,agrees,P35475,2026-08-06
IEX1_HUMAN,P46695,P46695,active,non_surface,no,agrees,P46695,2026-08-06
IFI27_HUMAN,P40305,P40305,active,non_surface,no,agrees,P40305,2026-08-06
IFI6_HUMAN,P09912,P09912,active,unclassified,no,agrees,P09912,2026-08-06
IFM10_HUMAN,A6NMD0,A6NMD0,active,non_surface,no,agrees,A6NMD0,2026-08-06
IFM1_HUMAN,P13164,P13164,active,non_surface,no,agrees,P13164,2026-08-06
IFM2_HUMAN,Q01629,Q01629,active,non_surface,no,agrees,Q01629,2026-08-06
IFM3_HUMAN,Q01628,Q01628,active,non_surface,no,agrees,Q01628,2026-08-06
IFM5_HUMAN,A6NNB3,A6NNB3,active,non_surface,no,agrees,A6NNB3,2026-08-06
IFN10_HUMAN,P01566,P01566,active,unclassified,no,agrees,P01566,2026-08-06
IFN14_HUMAN,P01570,P01570,active,unclassified,no,agrees,P01570,2026-08-06
IFN16_HUMAN,P05015,P05015,active,unclassified,no,agrees,P05015,2026-08-06
IFN17_HUMAN,P01571,P01571,active,unclassified,no,agrees,P01571,2026-08-06
IFN21_HUMAN,P01568,P01568,active,unclassified,no,agrees,P01568,2026-08-06
IFNA1_HUMAN,P01562,P01562,inactive,unclassified,no,agrees,P01562,2026-08-06
IFNA2_HUMAN,P01563,P01563,active,unclassified,no,agrees,P01563,2026-08-06
IFNA4_HUMAN,P05014,P05014,active,unclassified,no,agrees,P05014,2026-08-06
IFNA5_HUMAN,P01569,P01569,active,unclassified,no,agrees,P01569,2026-08-06
IFNA6_HUMAN,P05013,P05013,active,unclassified,no,agrees,P05013,2026-08-06
IFNA7_HUMAN,P01567,P01567,active,unclassified,no,agrees,P01567,2026-08-06
IFNA8_HUMAN,P32881,P32881,active,unclassified,no,agrees,P32881,2026-08-06
IFNB_HUMAN,P01574,P01574,active,unclassified,no,agrees,P01574,2026-08-06
IFNE_HUMAN,Q86WN2,Q86WN2,active,unclassified,no,agrees,Q86WN2,2026-08-06
IFNG_HUMAN,P01579,P01579,active,unclassified,no,agrees,P01579,2026-08-06
IFNK_HUMAN,Q9P0W0,Q9P0W0,active,unclassified,no,agrees,Q9P0W0,2026-08-06
IFNL1_HUMAN,Q8IU54,Q8IU54,active,unclassified,no,agrees,Q8IU54,2026-08-06
IFNL2_HUMAN,Q8IZJ0,Q8IZJ0,active,unclassified,no,agrees,Q8IZJ0,2026-08-06
IFNL3_HUMAN,Q8IZI9,Q8IZI9,active,unclassified,no,agrees,Q8IZI9,2026-08-06
IFNL4_HUMAN,K9M1U5,K9M1U5,active,unclassified,no,agrees,K9M1U5,2026-08-06
IFNW1_HUMAN,P05000,P05000,active,unclassified,no,agrees,P05000,2026-08-06
IFRD1_HUMAN,O00458,O00458,active,non_surface,no,agrees,O00458,2026-08-06
IF_HUMAN,P27352,P27352,active,unclassified,no,agrees,P27352,2026-08-06
IGDC3_HUMAN,Q8IVU1,Q8IVU1,active,surface,no,agrees,Q8IVU1,2026-08-06
IGDC4_HUMAN,Q8TDY8,Q8TDY8,active,surface,no,agrees,Q8TDY8,2026-08-06
IGF1R_HUMAN,P08069,P08069,active,surface,no,agrees,P08069,2026-08-06
IGF1_HUMAN,P05019,P05019,active,unclassified,no,agrees,P05019,2026-08-06
IGF2_HUMAN,P01344,P01344,active,unclassified,no,agrees,P01344,2026-08-06
IGFL1_HUMAN,Q6UW32,Q6UW32,active,unclassified,no,agrees,Q6UW32,2026-08-06
IGFL2_HUMAN,Q6UWQ7,Q6UWQ7,active,unclassified,no,agrees,Q6UWQ7,2026-08-06
IGFL3_HUMAN,Q6UXB1,Q6UXB1,active,unclassified,no,agrees,Q6UXB1,2026-08-06
IGFL4_HUMAN,Q6B9Z1,Q6B9Z1,active,unclassified,no,agrees,Q6B9Z1,2026-08-06
IGFR1_HUMAN,Q9H665,Q9H665,active,surface,no,agrees,Q9H665,2026-08-06
IGIP_HUMAN,A6NJ69,A6NJ69,active,unclassified,no,agrees,A6NJ69,2026-08-06
IGJ_HUMAN,P01591,P01591,active,unclassified,no,agrees,P01591,2026-08-06
IGLL1_HUMAN,P15814,P15814,active,unclassified,no,agrees,P15814,2026-08-06
IGLL5_HUMAN,B9A064,B9A064,active,unclassified,no,agrees,B9A064,2026-08-06
IGLO5_HUMAN,A6NGN9,A6NGN9,active,unclassified,no,agrees,A6NGN9,2026-08-06
IGS10_HUMAN,Q6WRI0,Q6WRI0,active,unclassified,no,agrees,Q6WRI0,2026-08-06
IGS11_HUMAN,Q5DX21,Q5DX21,active,surface,no,agrees,Q5DX21,2026-08-06
IGS21_HUMAN,Q96ID5,Q96ID5,active,unclassified,no,agrees,Q96ID5,2026-08-06
IGS23_HUMAN,A1L1A6,A1L1A6,active,unclassified,no,agrees,A1L1A6,2026-08-06
IGSF1_HUMAN,Q8N6C5,Q8N6C5,active,surface,no,agrees,Q8N6C5,2026-08-06
IGSF2_HUMAN,Q93033,Q93033,active,surface,no,agrees,Q93033,2026-08-06
IGSF3_HUMAN,O75054,O75054,active,surface,no,agrees,O75054,2026-08-06
IGSF5_HUMAN,Q9NSI5,Q9NSI5,active,surface,no,agrees,Q9NSI5,2026-08-06
IGSF6_HUMAN,O95976,O95976,active,surface,no,agrees,O95976,2026-08-06
IGSF8_HUMAN,Q969P0,Q969P0,active,surface,no,agrees,Q969P0,2026-08-06
IHH_HUMAN,Q14623,Q14623,active,unclassified,no,agrees,Q14623,2026-08-06
IKIP_HUMAN,Q70UQ0,Q70UQ0,active,non_surface,no,agrees,Q70UQ0,2026-08-06
IL10_HUMAN,P22301,P22301,active,unclassified,no,agrees,P22301,2026-08-06
IL11_HUMAN,P20809,P20809,active,unclassified,no,agrees,P20809,2026-08-06
IL12A_HUMAN,P29459,P29459,active,unclassified,no,agrees,P29459,2026-08-06
IL12B_HUMAN,P29460,P29460,active,unclassified,no,agrees,P29460,2026-08-06
IL13_HUMAN,P35225,P35225,active,unclassified,no,agrees,P35225,2026-08-06
IL15_HUMAN,P40933,P40933,active,unclassified,no,agrees,P40933,2026-08-06
IL17B_HUMAN,Q9UHF5,Q9UHF5,active,unclassified,no,agrees,Q9UHF5,2026-08-06
IL17C_HUMAN,Q9P0M4,Q9P0M4,active,unclassified,no,agrees,Q9P0M4,2026-08-06
IL17D_HUMAN,Q8TAD2,Q8TAD2,active,unclassified,no,agrees,Q8TAD2,2026-08-06
IL17F_HUMAN,Q96PD4,Q96PD4,active,unclassified,no,agrees,Q96PD4,2026-08-06
IL17_HUMAN,Q16552,Q16552,active,unclassified,no,agrees,Q16552,2026-08-06
IL18R_HUMAN,Q13478,Q13478,active,surface,no,agrees,Q13478,2026-08-06
IL19_HUMAN,Q9UHD0,Q9UHD0,active,unclassified,no,agrees,Q9UHD0,2026-08-06
IL1AP_HUMAN,Q9NPH3,Q9NPH3,active,surface,no,agrees,Q9NPH3,2026-08-06
IL1R1_HUMAN,P14778,P14778,active,surface,no,agrees,P14778,2026-08-06
IL1R2_HUMAN,P27930,P27930,active,surface,no,agrees,P27930,2026-08-06
IL1RA_HUMAN,P18510,P18510,active,unclassified,no,agrees,P18510,2026-08-06
IL20_HUMAN,Q9NYY1,Q9NYY1,active,unclassified,no,agrees,Q9NYY1,2026-08-06
IL21R_HUMAN,Q9HBE5,Q9HBE5,active,surface,no,agrees,Q9HBE5,2026-08-06
IL21_HUMAN,Q9HBE4,Q9HBE4,active,unclassified,no,agrees,Q9HBE4,2026-08-06
IL22_HUMAN,Q9GZX6,Q9GZX6,active,unclassified,no,agrees,Q9GZX6,2026-08-06
IL23A_HUMAN,Q9NPF7,Q9NPF7,active,unclassified,no,agrees,Q9NPF7,2026-08-06
IL23R_HUMAN,Q5VWK5,Q5VWK5,active,surface,no,agrees,Q5VWK5,2026-08-06
IL24_HUMAN,Q13007,Q13007,active,unclassified,no,agrees,Q13007,2026-08-06
IL25_HUMAN,Q9H293,Q9H293,active,unclassified,no,agrees,Q9H293,2026-08-06
IL26_HUMAN,Q9NPH9,Q9NPH9,active,unclassified,no,agrees,Q9NPH9,2026-08-06
IL27A_HUMAN,Q8NEV9,Q8NEV9,active,unclassified,no,agrees,Q8NEV9,2026-08-06
IL27B_HUMAN,Q14213,Q14213,active,unclassified,no,agrees,Q14213,2026-08-06
IL2RA_HUMAN,P01589,P01589,active,surface,no,agrees,P01589,2026-08-06
IL2RB_HUMAN,P14784,P14784,active,surface,no,agrees,P14784,2026-08-06
IL2RG_HUMAN,P31785,P31785,active,surface,no,agrees,P31785,2026-08-06
IL2_HUMAN,P60568,P60568,active,unclassified,no,agrees,P60568,2026-08-06
IL31R_HUMAN,Q8NI17,Q8NI17,active,surface,no,agrees,Q8NI17,2026-08-06
IL31_HUMAN,Q6EBC2,Q6EBC2,active,unclassified,no,agrees,Q6EBC2,2026-08-06
IL32_HUMAN,P24001,P24001,active,unclassified,no,agrees,P24001,2026-08-06
IL34_HUMAN,Q6ZMJ4,Q6ZMJ4,active,unclassified,no,agrees,Q6ZMJ4,2026-08-06
IL3RA_HUMAN,P26951,P26951,active,surface,no,agrees,P26951,2026-08-06
IL3RB_HUMAN,P32927,P32927,active,surface,no,agrees,P32927,2026-08-06
IL3_HUMAN,P08700,P08700,active,unclassified,no,agrees,P08700,2026-08-06
IL4RA_HUMAN,P24394,P24394,active,surface,no,agrees,P24394,2026-08-06
IL4_HUMAN,P05112,P05112,active,unclassified,no,agrees,P05112,2026-08-06
IL5RA_HUMAN,Q01344,Q01344,active,surface,no,agrees,Q01344,2026-08-06
IL5_HUMAN,P05113,P05113,active,unclassified,no,agrees,P05113,2026-08-06
IL6RA_HUMAN,P08887,P08887,active,surface,no,agrees,P08887,2026-08-06
IL6RB_HUMAN,P40189,P40189,active,surface,no,agrees,P40189,2026-08-06
IL6_HUMAN,P05231,P05231,active,unclassified,no,agrees,P05231,2026-08-06
IL7RA_HUMAN,P16871,P16871,active,surface,no,agrees,P16871,2026-08-06
IL7_HUMAN,P13232,P13232,active,unclassified,no,agrees,P13232,2026-08-06
IL8_HUMAN,P10145,P10145,active,unclassified,no,agrees,P10145,2026-08-06
IL9R_HUMAN,Q01113,Q01113,active,surface,no,agrees,Q01113,2026-08-06
IL9_HUMAN,P15248,P15248,active,unclassified,no,agrees,P15248,2026-08-06
ILDR1_HUMAN,Q86SU0,Q86SU0,active,surface,no,agrees,Q86SU0,2026-08-06
ILDR2_HUMAN,Q71H61,Q71H61,active,unclassified,no,agrees,Q71H61,2026-08-06
ILRL1_HUMAN,Q01638,Q01638,active,surface,no,agrees,Q01638,2026-08-06
ILRL2_HUMAN,Q9HB29,Q9HB29,active,surface,no,agrees,Q9HB29,2026-08-06
ILVBL_HUMAN,A1L0T0,A1L0T0,active,unclassified,no,agrees,A1L0T0,2026-08-06
IMPA3_HUMAN,Q9NX62,Q9NX62,active,non_surface,no,agrees,Q9NX62,2026-08-06
IMPG1_HUMAN,Q17R60,Q17R60,active,unclassified,no,agrees,Q17R60,2026-08-06
IMPG2_HUMAN,Q9BZV3,Q9BZV3,active,surface,no,agrees,Q9BZV3,2026-08-06
INAM1_HUMAN,C9JVW0,C9JVW0,active,non_surface,no,agrees,C9JVW0,2026-08-06
INAM2_HUMAN,P0DMQ5,P0DMQ5,active,non_surface,no,agrees,P0DMQ5,2026-08-06
INAR1_HUMAN,P17181,P17181,active,surface,no,agrees,P17181,2026-08-06
INAR2_HUMAN,P48551,P48551,active,surface,no,agrees,P48551,2026-08-06
INGR1_HUMAN,P15260,P15260,active,surface,no,agrees,P15260,2026-08-06
INGR2_HUMAN,P38484,P38484,active,surface,no,agrees,P38484,2026-08-06
INHA_HUMAN,P05111,P05111,active,unclassified,no,agrees,P05111,2026-08-06
INHBA_HUMAN,P08476,P08476,active,unclassified,no,agrees,P08476,2026-08-06
INHBB_HUMAN,P09529,P09529,active,unclassified,no,agrees,P09529,2026-08-06
INHBC_HUMAN,P55103,P55103,active,unclassified,no,agrees,P55103,2026-08-06
INHBE_HUMAN,P58166,P58166,active,unclassified,no,agrees,P58166,2026-08-06
INLR1_HUMAN,Q8IU57,Q8IU57,active,surface,no,agrees,Q8IU57,2026-08-06
INP5K_HUMAN,Q9BT40,Q9BT40,active,unclassified,no,agrees,Q9BT40,2026-08-06
INSI1_HUMAN,O15503,O15503,active,non_surface,no,agrees,O15503,2026-08-06
INSI2_HUMAN,Q9Y5U4,Q9Y5U4,active,non_surface,no,agrees,Q9Y5U4,2026-08-06
INSL3_HUMAN,P51460,P51460,active,unclassified,no,agrees,P51460,2026-08-06
INSL4_HUMAN,Q14641,Q14641,active,unclassified,no,agrees,Q14641,2026-08-06
INSL5_HUMAN,Q9Y5Q6,Q9Y5Q6,active,unclassified,no,agrees,Q9Y5Q6,2026-08-06
INSL6_HUMAN,Q9Y581,Q9Y581,active,unclassified,no,agrees,Q9Y581,2026-08-06
INSR2_HUMAN,F8WCM5,F8WCM5,active,unclassified,no,agrees,F8WCM5,2026-08-06
INSRR_HUMAN,P14616,P14616,active,surface,no,agrees,P14616,2026-08-06
INSR_HUMAN,P06213,P06213,active,surface,no,agrees,P06213,2026-08-06
INS_HUMAN,P01308,P01308,active,unclassified,no,agrees,P01308,2026-08-06
INT1_HUMAN,Q8N201,Q8N201,active,non_surface,no,agrees,Q8N201,2026-08-06
INT2_HUMAN,Q9H0H0,Q9H0H0,active,non_surface,no,agrees,Q9H0H0,2026-08-06
INT3_HUMAN,Q68E01,Q68E01,active,unclassified,no,agrees,Q68E01,2026-08-06
INT5_HUMAN,Q6P9B9,Q6P9B9,active,non_surface,no,agrees,Q6P9B9,2026-08-06
INT7_HUMAN,Q9NVH2,Q9NVH2,active,non_surface,no,agrees,Q9NVH2,2026-08-06
INVS_HUMAN,Q9Y283,Q9Y283,active,unclassified,no,agrees,Q9Y283,2026-08-06
IOD1_HUMAN,P49895,P49895,active,non_surface,no,agrees,P49895,2026-08-06
IOD2_HUMAN,Q92813,Q92813,active,non_surface,no,agrees,Q92813,2026-08-06
IOD3_HUMAN,P55073,P55073,active,non_surface,no,agrees,P55073,2026-08-06
IPIL1_HUMAN,Q6GPH6,Q6GPH6,active,non_surface,no,agrees,Q6GPH6,2026-08-06
IPIL2_HUMAN,Q3MIP1,Q3MIP1,active,non_surface,no,agrees,Q3MIP1,2026-08-06
IPO11_HUMAN,Q9UI26,Q9UI26,active,unclassified,no,agrees,Q9UI26,2026-08-06
IPO9_HUMAN,Q96P70,Q96P70,active,unclassified,no,agrees,Q96P70,2026-08-06
IPRI_HUMAN,Q8IWB1,Q8IWB1,active,unclassified,no,agrees,Q8IWB1,2026-08-06
IPSP_HUMAN,P05154,P05154,active,unclassified,no,agrees,P05154,2026-08-06
IQCF1_HUMAN,Q8N6M8,Q8N6M8,active,non_surface,no,agrees,Q8N6M8,2026-08-06
IQCF3_HUMAN,P0C7M6,P0C7M6,active,non_surface,no,agrees,P0C7M6,2026-08-06
IQCF5_HUMAN,A8MTL0,A8MTL0,active,non_surface,no,agrees,A8MTL0,2026-08-06
IQCF6_HUMAN,A8MYZ5,A8MYZ5,active,unclassified,no,agrees,A8MYZ5,2026-08-06
IQEC1_HUMAN,Q6DN90,Q6DN90,active,non_surface,no,agrees,Q6DN90,2026-08-06
IQEC2_HUMAN,Q5JU85,Q5JU85,active,non_surface,no,agrees,Q5JU85,2026-08-06
IQEC3_HUMAN,Q9UPP2,Q9UPP2,active,non_surface,no,agrees,Q9UPP2,2026-08-06
IR3IP_HUMAN,Q9Y5U9,Q9Y5U9,active,non_surface,no,agrees,Q9Y5U9,2026-08-06
IRPL1_HUMAN,Q9NZN1,Q9NZN1,active,surface,no,agrees,Q9NZN1,2026-08-06
IRPL2_HUMAN,Q9NP60,Q9NP60,active,surface,no,agrees,Q9NP60,2026-08-06
IRS4_HUMAN,O14654,O14654,active,unclassified,no,agrees,O14654,2026-08-06
ISK13_HUMAN,Q1W4C9,Q1W4C9,active,unclassified,no,agrees,Q1W4C9,2026-08-06
ISK14_HUMAN,Q6IE38,Q6IE38,active,unclassified,no,agrees,Q6IE38,2026-08-06
ISK1_HUMAN,P00995,P00995,active,unclassified,no,agrees,P00995,2026-08-06
ISK2_HUMAN,P20155,P20155,active,unclassified,no,agrees,P20155,2026-08-06
ISK4_HUMAN,O60575,O60575,active,unclassified,no,agrees,O60575,2026-08-06
ISK5_HUMAN,Q9NQ38,Q9NQ38,active,unclassified,no,agrees,Q9NQ38,2026-08-06
ISK6_HUMAN,Q6UWN8,Q6UWN8,active,unclassified,no,agrees,Q6UWN8,2026-08-06
ISK7_HUMAN,P58062,P58062,active,unclassified,no,agrees,P58062,2026-08-06
ISK8_HUMAN,P0C7L1,P0C7L1,active,unclassified,no,agrees,P0C7L1,2026-08-06
ISK9_HUMAN,Q5DT21,Q5DT21,active,unclassified,no,agrees,Q5DT21,2026-08-06
ISLR2_HUMAN,Q6UXK2,Q6UXK2,active,surface,no,agrees,Q6UXK2,2026-08-06
ISLR_HUMAN,O14498,O14498,active,unclassified,no,agrees,O14498,2026-08-06
ISM1_HUMAN,B1AKI9,B1AKI9,active,unclassified,no,agrees,B1AKI9,2026-08-06
ISM2_HUMAN,Q6H9L7,Q6H9L7,active,unclassified,no,agrees,Q6H9L7,2026-08-06
ITA10_HUMAN,O75578,O75578,active,surface,no,agrees,O75578,2026-08-06
ITA11_HUMAN,Q9UKX5,Q9UKX5,active,surface,no,agrees,Q9UKX5,2026-08-06
ITA1_HUMAN,P56199,P56199,active,surface,no,agrees,P56199,2026-08-06
ITA2B_HUMAN,P08514,P08514,active,surface,no,agrees,P08514,2026-08-06
ITA2_HUMAN,P17301,P17301,active,surface,no,agrees,P17301,2026-08-06
ITA3_HUMAN,P26006,P26006,active,surface,no,agrees,P26006,2026-08-06
ITA4_HUMAN,P13612,P13612,active,surface,no,agrees,P13612,2026-08-06
ITA5_HUMAN,P08648,P08648,active,surface,no,agrees,P08648,2026-08-06
ITA6_HUMAN,P23229,P23229,active,surface,no,agrees,P23229,2026-08-06
ITA7_HUMAN,Q13683,Q13683,active,surface,no,agrees,Q13683,2026-08-06
ITA8_HUMAN,P53708,P53708,active,surface,no,agrees,P53708,2026-08-06
ITA9_HUMAN,Q13797,Q13797,active,surface,no,agrees,Q13797,2026-08-06
ITAD_HUMAN,Q13349,Q13349,active,surface,no,agrees,Q13349,2026-08-06
ITAE_HUMAN,P38570,P38570,active,surface,no,agrees,P38570,2026-08-06
ITAL_HUMAN,P20701,P20701,active,surface,no,agrees,P20701,2026-08-06
ITAM_HUMAN,P11215,P11215,active,surface,no,agrees,P11215,2026-08-06
ITAV_HUMAN,P06756,P06756,active,surface,no,agrees,P06756,2026-08-06
ITAX_HUMAN,P20702,P20702,active,surface,no,agrees,P20702,2026-08-06
ITB1_HUMAN,P05556,P05556,active,surface,no,agrees,P05556,2026-08-06
ITB2_HUMAN,P05107,P05107,active,surface,no,agrees,P05107,2026-08-06
ITB3_HUMAN,P05106,P05106,active,surface,no,agrees,P05106,2026-08-06
ITB4_HUMAN,P16144,P16144,active,surface,no,agrees,P16144,2026-08-06
ITB5_HUMAN,P18084,P18084,active,surface,no,agrees,P18084,2026-08-06
ITB6_HUMAN,P18564,P18564,active,surface,no,agrees,P18564,2026-08-06
ITB7_HUMAN,P26010,P26010,active,surface,no,agrees,P26010,2026-08-06
ITB8_HUMAN,P26012,P26012,active,surface,no,agrees,P26012,2026-08-06
ITFG3_HUMAN,Q9H0X4,Q9H0X4,active,unclassified,no,agrees,Q9H0X4,2026-08-06
ITGBL_HUMAN,O95965,O95965,active,unclassified,no,agrees,O95965,2026-08-06
ITIH1_HUMAN,P19827,P19827,active,unclassified,no,agrees,P19827,2026-08-06
ITIH2_HUMAN,P19823,P19823,active,unclassified,no,agrees,P19823,2026-08-06
ITIH3_HUMAN,Q06033,Q06033,active,unclassified,no,agrees,Q06033,2026-08-06
ITIH4_HUMAN,Q14624,Q14624,active,unclassified,no,agrees,Q14624,2026-08-06
ITIH5_HUMAN,Q86UX2,Q86UX2,active,unclassified,no,agrees,Q86UX2,2026-08-06
ITIH6_HUMAN,Q6UXX5,Q6UXX5,active,unclassified,no,agrees,Q6UXX5,2026-08-06
ITLN1_HUMAN,Q8WWA0,Q8WWA0,active,surface,no,agrees,Q8WWA0,2026-08-06
ITLN2_HUMAN,Q8WWU7,Q8WWU7,active,unclassified,no,agrees,Q8WWU7,2026-08-06
ITM2A_HUMAN,O43736,O43736,active,non_surface,no,agrees,O43736,2026-08-06
ITM2B_HUMAN,Q9Y287,Q9Y287,active,surface,no,agrees,Q9Y287,2026-08-06
ITM2C_HUMAN,Q9NQX7,Q9NQX7,active,surface,no,agrees,Q9NQX7,2026-08-06
ITPR1_HUMAN,Q14643,Q14643,active,unclassified,no,agrees,Q14643,2026-08-06
ITPR2_HUMAN,Q14571,Q14571,active,non_surface,no,agrees,Q14571,2026-08-06
ITPR3_HUMAN,Q14573,Q14573,active,unclassified,no,agrees,Q14573,2026-08-06
IV1U1_HUMAN,A6NJS3,A6NJS3,inactive,unclassified,no,agrees,A6NJS3,2026-08-06
IV4F8_HUMAN,A6NJ16,A6NJ16,inactive,unclassified,no,agrees,A6NJ16,2026-08-06
IYD1_HUMAN,Q6PHW0,Q6PHW0,active,non_surface,no,agrees,Q6PHW0,2026-08-06
IZUM1_HUMAN,Q8IYV9,Q8IYV9,active,surface,no,agrees,Q8IYV9,2026-08-06
IZUM2_HUMAN,Q6UXV1,Q6UXV1,active,unclassified,no,agrees,Q6UXV1,2026-08-06
IZUM3_HUMAN,Q5VZ72,Q5VZ72,active,surface,no,agrees,Q5VZ72,2026-08-06
IZUM4_HUMAN,Q1ZYL8,Q1ZYL8,active,unclassified,no,agrees,Q1ZYL8,2026-08-06
JAG1_HUMAN,P78504,P78504,active,surface,no,agrees,P78504,2026-08-06
JAG2_HUMAN,Q9Y219,Q9Y219,active,surface,no,agrees,Q9Y219,2026-08-06
JAGN1_HUMAN,Q8N5M9,Q8N5M9,active,non_surface,no,agrees,Q8N5M9,2026-08-06
JAM1_HUMAN,Q9Y624,Q9Y624,active,surface,no,agrees,Q9Y624,2026-08-06
JAM2_HUMAN,P57087,P57087,active,surface,no,agrees,P57087,2026-08-06
JAM3_HUMAN,Q9BX67,Q9BX67,active,surface,no,agrees,Q9BX67,2026-08-06
JAML1_HUMAN,Q86YT9,Q86YT9,active,surface,no,agrees,Q86YT9,2026-08-06
JKAMP_HUMAN,Q9P055,Q9P055,active,unclassified,no,agrees,Q9P055,2026-08-06
JKIP3_HUMAN,Q5VZ66,Q5VZ66,active,non_surface,no,agrees,Q5VZ66,2026-08-06
JOS2_HUMAN,Q8TAC2,Q8TAC2,active,non_surface,no,agrees,Q8TAC2,2026-08-06
JPH1_HUMAN,Q9HDC5,Q9HDC5,active,non_surface,no,agrees,Q9HDC5,2026-08-06
JPH2_HUMAN,Q9BR39,Q9BR39,active,non_surface,no,agrees,Q9BR39,2026-08-06
JPH3_HUMAN,Q8WXH2,Q8WXH2,active,non_surface,no,agrees,Q8WXH2,2026-08-06
JPH4_HUMAN,Q96JJ6,Q96JJ6,active,non_surface,no,agrees,Q96JJ6,2026-08-06
JTB_HUMAN,O76095,O76095,active,unclassified,no,agrees,O76095,2026-08-06
JUNO_HUMAN,A6ND01,A6ND01,active,surface,no,agrees,A6ND01,2026-08-06
K0100_HUMAN,Q14667,Q14667,active,unclassified,no,agrees,Q14667,2026-08-06
K0195_HUMAN,Q12767,Q12767,active,unclassified,no,agrees,Q12767,2026-08-06
K0247_HUMAN,Q92537,Q92537,active,surface,no,agrees,Q92537,2026-08-06
K0319_HUMAN,Q5VV43,Q5VV43,active,surface,no,agrees,Q5VV43,2026-08-06
K1024_HUMAN,Q9UPX6,Q9UPX6,active,non_surface,no,agrees,Q9UPX6,2026-08-06
K102L_HUMAN,P59773,P59773,active,non_surface,no,agrees,P59773,2026-08-06
K1109_HUMAN,Q2LD37,Q2LD37,active,non_surface,no,agrees,Q2LD37,2026-08-06
K1161_HUMAN,Q6NSJ0,Q6NSJ0,active,unclassified,no,agrees,Q6NSJ0,2026-08-06
K1324_HUMAN,Q6UXG2,Q6UXG2,active,surface,no,agrees,Q6UXG2,2026-08-06
K132L_HUMAN,A8MWY0,A8MWY0,active,surface,no,agrees,A8MWY0,2026-08-06
K1467_HUMAN,A2RU67,A2RU67,active,non_surface,no,agrees,A2RU67,2026-08-06
K1549_HUMAN,Q9HCM3,Q9HCM3,active,unclassified,no,agrees,Q9HCM3,2026-08-06
K154L_HUMAN,Q6ZVL6,Q6ZVL6,active,surface,no,agrees,Q6ZVL6,2026-08-06
K1644_HUMAN,Q3SXP7,Q3SXP7,active,surface,no,agrees,Q3SXP7,2026-08-06
K2013_HUMAN,Q8IYS2,Q8IYS2,active,unclassified,no,agrees,Q8IYS2,2026-08-06
K2C72_HUMAN,Q14CN4,Q14CN4,active,unclassified,no,agrees,Q14CN4,2026-08-06
K319L_HUMAN,Q8IZA0,Q8IZA0,active,unclassified,no,agrees,Q8IZA0,2026-08-06
KAD4_HUMAN,P27144,P27144,active,unclassified,no,agrees,P27144,2026-08-06
KAIN_HUMAN,P29622,P29622,active,unclassified,no,agrees,P29622,2026-08-06
KALM_HUMAN,P23352,P23352,active,unclassified,no,agrees,P23352,2026-08-06
KASH5_HUMAN,Q8N6L0,Q8N6L0,active,non_surface,no,agrees,Q8N6L0,2026-08-06
KAZD1_HUMAN,Q96I82,Q96I82,active,unclassified,no,agrees,Q96I82,2026-08-06
KCA10_HUMAN,Q16322,Q16322,active,unclassified,no,agrees,Q16322,2026-08-06
KCC2A_HUMAN,Q9UQM7,Q9UQM7,active,non_surface,no,agrees,Q9UQM7,2026-08-06
KCC2B_HUMAN,Q13554,Q13554,active,non_surface,no,agrees,Q13554,2026-08-06
KCC2D_HUMAN,Q13557,Q13557,active,non_surface,no,agrees,Q13557,2026-08-06
KCC2G_HUMAN,Q13555,Q13555,active,non_surface,no,agrees,Q13555,2026-08-06
KCC4_HUMAN,Q16566,Q16566,active,unclassified,no,agrees,Q16566,2026-08-06
KCE1L_HUMAN,Q9UJ90,Q9UJ90,active,unclassified,no,agrees,Q9UJ90,2026-08-06
KCJ10_HUMAN,P78508,P78508,active,unclassified,no,agrees,P78508,2026-08-06
KCJ11_HUMAN,Q14654,Q14654,active,non_surface,no,agrees,Q14654,2026-08-06
KCJ12_HUMAN,Q14500,Q14500,active,surface,no,agrees,Q14500,2026-08-06
KCJ13_HUMAN,O60928,O60928,active,unclassified,no,agrees,O60928,2026-08-06
KCJ14_HUMAN,Q9UNX9,Q9UNX9,active,non_surface,no,agrees,Q9UNX9,2026-08-06
KCJ15_HUMAN,Q99712,Q99712,active,unclassified,no,agrees,Q99712,2026-08-06
KCJ16_HUMAN,Q9NPI9,Q9NPI9,active,non_surface,no,agrees,Q9NPI9,2026-08-06
KCJ18_HUMAN,B7U540,B7U540,active,unclassified,no,agrees,B7U540,2026-08-06
KCMA1_HUMAN,Q12791,Q12791,active,non_surface,no,agrees,Q12791,2026-08-06
KCMB1_HUMAN,Q16558,Q16558,active,surface,no,agrees,Q16558,2026-08-06
KCMB2_HUMAN,Q9Y691,Q9Y691,active,surface,no,agrees,Q9Y691,2026-08-06
KCMB3_HUMAN,Q9NPA1,Q9NPA1,active,surface,no,agrees,Q9NPA1,2026-08-06
KCMB4_HUMAN,Q86W47,Q86W47,active,surface,no,agrees,Q86W47,2026-08-06
KCNA1_HUMAN,Q09470,Q09470,active,unclassified,no,agrees,Q09470,2026-08-06
KCNA2_HUMAN,P16389,P16389,active,unclassified,no,agrees,P16389,2026-08-06
KCNA3_HUMAN,P22001,P22001,active,surface,no,agrees,P22001,2026-08-06
KCNA4_HUMAN,P22459,P22459,active,non_surface,no,agrees,P22459,2026-08-06
KCNA5_HUMAN,P22460,P22460,active,unclassified,no,agrees,P22460,2026-08-06
KCNA6_HUMAN,P17658,P17658,active,unclassified,no,agrees,P17658,2026-08-06
KCNA7_HUMAN,Q96RP8,Q96RP8,active,unclassified,no,agrees,Q96RP8,2026-08-06
KCNB1_HUMAN,Q14721,Q14721,active,non_surface,no,agrees,Q14721,2026-08-06
KCNB2_HUMAN,Q92953,Q92953,active,non_surface,no,agrees,Q92953,2026-08-06
KCNC1_HUMAN,P48547,P48547,active,unclassified,no,agrees,P48547,2026-08-06
KCNC2_HUMAN,Q96PR1,Q96PR1,active,unclassified,no,agrees,Q96PR1,2026-08-06
KCNC3_HUMAN,Q14003,Q14003,active,unclassified,no,agrees,Q14003,2026-08-06
KCNC4_HUMAN,Q03721,Q03721,active,unclassified,no,agrees,Q03721,2026-08-06
KCND1_HUMAN,Q9NSA2,Q9NSA2,active,unclassified,no,agrees,Q9NSA2,2026-08-06
KCND2_HUMAN,Q9NZV8,Q9NZV8,active,unclassified,no,agrees,Q9NZV8,2026-08-06
KCND3_HUMAN,Q9UK17,Q9UK17,active,unclassified,no,agrees,Q9UK17,2026-08-06
KCNE1_HUMAN,P15382,P15382,active,unclassified,no,agrees,P15382,2026-08-06
KCNE2_HUMAN,Q9Y6J6,Q9Y6J6,active,unclassified,no,agrees,Q9Y6J6,2026-08-06
KCNE3_HUMAN,Q9Y6H6,Q9Y6H6,active,unclassified,no,agrees,Q9Y6H6,2026-08-06
KCNE4_HUMAN,Q8WWG9,Q8WWG9,active,unclassified,no,agrees,Q8WWG9,2026-08-06
KCNF1_HUMAN,Q9H3M0,Q9H3M0,active,non_surface,no,agrees,Q9H3M0,2026-08-06
KCNG1_HUMAN,Q9UIX4,Q9UIX4,active,unclassified,no,agrees,Q9UIX4,2026-08-06
KCNG2_HUMAN,Q9UJ96,Q9UJ96,active,unclassified,no,agrees,Q9UJ96,2026-08-06
KCNG3_HUMAN,Q8TAE7,Q8TAE7,active,unclassified,no,agrees,Q8TAE7,2026-08-06
KCNG4_HUMAN,Q8TDN1,Q8TDN1,active,surface,no,agrees,Q8TDN1,2026-08-06
KCNH1_HUMAN,O95259,O95259,active,non_surface,no,agrees,O95259,2026-08-06
KCNH2_HUMAN,Q12809,Q12809,active,non_surface,no,agrees,Q12809,2026-08-06
KCNH3_HUMAN,Q9ULD8,Q9ULD8,active,non_surface,no,agrees,Q9ULD8,2026-08-06
KCNH4_HUMAN,Q9UQ05,Q9UQ05,active,non_surface,no,agrees,Q9UQ05,2026-08-06
KCNH5_HUMAN,Q8NCM2,Q8NCM2,active,unclassified,no,agrees,Q8NCM2,2026-08-06
KCNH6_HUMAN,Q9H252,Q9H252,active,non_surface,no,agrees,Q9H252,2026-08-06
KCNH7_HUMAN,Q9NS40,Q9NS40,active,non_surface,no,agrees,Q9NS40,2026-08-06
KCNH8_HUMAN,Q96L42,Q96L42,active,non_surface,no,agrees,Q96L42,2026-08-06
KCNJ1_HUMAN,P48048,P48048,active,non_surface,no,agrees,P48048,2026-08-06
KCNJ2_HUMAN,P63252,P63252,active,unclassified,no,agrees,P63252,2026-08-06
KCNJ3_HUMAN,P48549,P48549,active,surface,no,agrees,P48549,2026-08-06
KCNJ4_HUMAN,P48050,P48050,active,surface,no,agrees,P48050,2026-08-06
KCNJ5_HUMAN,P48544,P48544,active,unclassified,no,agrees,P48544,2026-08-06
KCNJ6_HUMAN,P48051,P48051,active,non_surface,no,agrees,P48051,2026-08-06
KCNJ8_HUMAN,Q15842,Q15842,active,non_surface,no,agrees,Q15842,2026-08-06
KCNJ9_HUMAN,Q92806,Q92806,active,non_surface,no,agrees,Q92806,2026-08-06
KCNK1_HUMAN,O00180,O00180,active,unclassified,no,agrees,O00180,2026-08-06
KCNK2_HUMAN,O95069,O95069,active,unclassified,no,agrees,O95069,2026-08-06
KCNK3_HUMAN,O14649,O14649,active,unclassified,no,agrees,O14649,2026-08-06
KCNK4_HUMAN,Q9NYG8,Q9NYG8,active,unclassified,no,agrees,Q9NYG8,2026-08-06
KCNK5_HUMAN,O95279,O95279,active,surface,no,agrees,O95279,2026-08-06
KCNK6_HUMAN,Q9Y257,Q9Y257,active,unclassified,no,agrees,Q9Y257,2026-08-06
KCNK7_HUMAN,Q9Y2U2,Q9Y2U2,active,unclassified,no,agrees,Q9Y2U2,2026-08-06
KCNK9_HUMAN,Q9NPC2,Q9NPC2,active,unclassified,no,agrees,Q9NPC2,2026-08-06
KCNKA_HUMAN,P57789,P57789,active,unclassified,no,agrees,P57789,2026-08-06
KCNKC_HUMAN,Q9HB15,Q9HB15,active,non_surface,no,agrees,Q9HB15,2026-08-06
KCNKD_HUMAN,Q9HB14,Q9HB14,active,non_surface,no,agrees,Q9HB14,2026-08-06
KCNKF_HUMAN,Q9H427,Q9H427,active,non_surface,no,agrees,Q9H427,2026-08-06
KCNKG_HUMAN,Q96T55,Q96T55,active,unclassified,no,agrees,Q96T55,2026-08-06
KCNKH_HUMAN,Q96T54,Q96T54,active,unclassified,no,agrees,Q96T54,2026-08-06
KCNKI_HUMAN,Q7Z418,Q7Z418,active,surface,no,agrees,Q7Z418,2026-08-06
KCNN1_HUMAN,Q92952,Q92952,active,non_surface,no,agrees,Q92952,2026-08-06
KCNN2_HUMAN,Q9H2S1,Q9H2S1,active,non_surface,no,agrees,Q9H2S1,2026-08-06
KCNN3_HUMAN,Q9UGI6,Q9UGI6,active,unclassified,no,agrees,Q9UGI6,2026-08-06
KCNN4_HUMAN,O15554,O15554,active,non_surface,no,agrees,O15554,2026-08-06
KCNQ1_HUMAN,P51787,P51787,active,non_surface,no,agrees,P51787,2026-08-06
KCNQ2_HUMAN,O43526,O43526,active,non_surface,no,agrees,O43526,2026-08-06
KCNQ3_HUMAN,O43525,O43525,active,non_surface,no,agrees,O43525,2026-08-06
KCNQ4_HUMAN,P56696,P56696,active,non_surface,no,agrees,P56696,2026-08-06
KCNQ5_HUMAN,Q9NR82,Q9NR82,active,non_surface,no,agrees,Q9NR82,2026-08-06
KCNS1_HUMAN,Q96KK3,Q96KK3,active,surface,no,agrees,Q96KK3,2026-08-06
KCNS2_HUMAN,Q9ULS6,Q9ULS6,active,non_surface,no,agrees,Q9ULS6,2026-08-06
KCNS3_HUMAN,Q9BQ31,Q9BQ31,active,non_surface,no,agrees,Q9BQ31,2026-08-06
KCNT1_HUMAN,Q5JUK3,Q5JUK3,active,non_surface,no,agrees,Q5JUK3,2026-08-06
KCNT2_HUMAN,Q6UVM3,Q6UVM3,active,non_surface,no,agrees,Q6UVM3,2026-08-06
KCNU1_HUMAN,A8MYU2,A8MYU2,active,non_surface,no,agrees,A8MYU2,2026-08-06
KCNV1_HUMAN,Q6PIU1,Q6PIU1,active,non_surface,no,agrees,Q6PIU1,2026-08-06
KCNV2_HUMAN,Q8TDN2,Q8TDN2,active,surface,no,agrees,Q8TDN2,2026-08-06
KCP3_HUMAN,Q53RY4,Q53RY4,active,unclassified,no,agrees,Q53RY4,2026-08-06
KCP_HUMAN,Q6ZWJ8,Q6ZWJ8,active,unclassified,no,agrees,Q6ZWJ8,2026-08-06
KCRS_HUMAN,P17540,P17540,active,non_surface,no,agrees,P17540,2026-08-06
KCRU_HUMAN,P12532,P12532,active,unclassified,no,agrees,P12532,2026-08-06
KCT2_HUMAN,Q8NC54,Q8NC54,active,surface,no,agrees,Q8NC54,2026-08-06
KCY_HUMAN,P30085,P30085,active,unclassified,no,agrees,P30085,2026-08-06
KDEL1_HUMAN,Q6UW63,Q6UW63,active,unclassified,no,agrees,Q6UW63,2026-08-06
KDEL2_HUMAN,Q7Z4H8,Q7Z4H8,active,unclassified,no,agrees,Q7Z4H8,2026-08-06
KDIS_HUMAN,Q9ULH0,Q9ULH0,active,non_surface,no,agrees,Q9ULH0,2026-08-06
KDM1A_HUMAN,O60341,O60341,active,unclassified,no,agrees,O60341,2026-08-06
KDM3B_HUMAN,Q7LBC6,Q7LBC6,active,unclassified,no,agrees,Q7LBC6,2026-08-06
KDM6A_HUMAN,O15550,O15550,active,unclassified,no,agrees,O15550,2026-08-06
KDM7A_HUMAN,Q6ZMT4,Q6ZMT4,active,unclassified,no,agrees,Q6ZMT4,2026-08-06
KDSR_HUMAN,Q06136,Q06136,active,non_surface,no,agrees,Q06136,2026-08-06
KELL_HUMAN,P23276,P23276,active,surface,no,agrees,P23276,2026-08-06
KERA_HUMAN,O60938,O60938,active,unclassified,no,agrees,O60938,2026-08-06
KHDC1_HUMAN,Q4VXA5,Q4VXA5,active,non_surface,no,agrees,Q4VXA5,2026-08-06
KHK_HUMAN,P50053,P50053,active,unclassified,no,agrees,P50053,2026-08-06
KI2L1_HUMAN,P43626,P43626,active,surface,no,agrees,P43626,2026-08-06
KI2L2_HUMAN,P43627,P43627,active,surface,no,agrees,P43627,2026-08-06
KI2L3_HUMAN,P43628,P43628,active,surface,no,agrees,P43628,2026-08-06
KI2L4_HUMAN,Q99706,Q99706,active,surface,no,agrees,Q99706,2026-08-06
KI2LA_HUMAN,Q8N109,Q8N109,active,surface,no,agrees,Q8N109,2026-08-06
KI2LB_HUMAN,Q8NHK3,Q8NHK3,active,surface,no,agrees,Q8NHK3,2026-08-06
KI2S1_HUMAN,Q14954,Q14954,active,surface,no,agrees,Q14954,2026-08-06
KI2S2_HUMAN,P43631,P43631,active,surface,no,agrees,P43631,2026-08-06
KI2S3_HUMAN,Q14952,Q14952,active,surface,no,agrees,Q14952,2026-08-06
KI2S4_HUMAN,P43632,P43632,active,surface,no,agrees,P43632,2026-08-06
KI2S5_HUMAN,Q14953,Q14953,active,surface,no,agrees,Q14953,2026-08-06
KI3L1_HUMAN,P43629,P43629,active,surface,no,agrees,P43629,2026-08-06
KI3L2_HUMAN,P43630,P43630,active,surface,no,agrees,P43630,2026-08-06
KI3L3_HUMAN,Q8N743,Q8N743,active,surface,no,agrees,Q8N743,2026-08-06
KI3P1_HUMAN,A8MWS1,A8MWS1,inactive,unclassified,no,agrees,A8MWS1,2026-08-06
KI3S1_HUMAN,Q14943,Q14943,active,surface,no,agrees,Q14943,2026-08-06
KI3X1_HUMAN,Q9H7L2,Q9H7L2,active,unclassified,no,agrees,Q9H7L2,2026-08-06
KIFC2_HUMAN,Q96AC6,Q96AC6,active,unclassified,no,agrees,Q96AC6,2026-08-06
KIRR1_HUMAN,Q96J84,Q96J84,active,surface,no,agrees,Q96J84,2026-08-06
KIRR2_HUMAN,Q6UWL6,Q6UWL6,active,surface,no,agrees,Q6UWL6,2026-08-06
KIRR3_HUMAN,Q8IZU9,Q8IZU9,active,surface,no,agrees,Q8IZU9,2026-08-06
KISHA_HUMAN,Q8TBQ9,Q8TBQ9,active,unclassified,no,agrees,Q8TBQ9,2026-08-06
KISHB_HUMAN,Q9NRX6,Q9NRX6,active,non_surface,no,agrees,Q9NRX6,2026-08-06
KISS1_HUMAN,Q15726,Q15726,active,unclassified,no,agrees,Q15726,2026-08-06
KISSR_HUMAN,Q969F8,Q969F8,active,surface,no,agrees,Q969F8,2026-08-06
KIT_HUMAN,P10721,P10721,active,surface,no,agrees,P10721,2026-08-06
KKLC1_HUMAN,Q5H943,Q5H943,active,non_surface,no,agrees,Q5H943,2026-08-06
KLD7A_HUMAN,Q5VTJ3,Q5VTJ3,active,non_surface,no,agrees,Q5VTJ3,2026-08-06
KLH11_HUMAN,Q9NVR0,Q9NVR0,active,unclassified,no,agrees,Q9NVR0,2026-08-06
KLH21_HUMAN,Q9UJP4,Q9UJP4,active,unclassified,no,agrees,Q9UJP4,2026-08-06
KLH31_HUMAN,Q9H511,Q9H511,active,non_surface,no,agrees,Q9H511,2026-08-06
KLK10_HUMAN,O43240,O43240,active,unclassified,no,agrees,O43240,2026-08-06
KLK11_HUMAN,Q9UBX7,Q9UBX7,active,unclassified,no,agrees,Q9UBX7,2026-08-06
KLK12_HUMAN,Q9UKR0,Q9UKR0,active,unclassified,no,agrees,Q9UKR0,2026-08-06
KLK13_HUMAN,Q9UKR3,Q9UKR3,active,unclassified,no,agrees,Q9UKR3,2026-08-06
KLK14_HUMAN,Q9P0G3,Q9P0G3,active,unclassified,no,agrees,Q9P0G3,2026-08-06
KLK15_HUMAN,Q9H2R5,Q9H2R5,active,unclassified,no,agrees,Q9H2R5,2026-08-06
KLK1_HUMAN,P06870,P06870,active,unclassified,no,agrees,P06870,2026-08-06
KLK2_HUMAN,P20151,P20151,active,unclassified,no,agrees,P20151,2026-08-06
KLK3_HUMAN,P07288,P07288,active,unclassified,no,agrees,P07288,2026-08-06
KLK4_HUMAN,Q9Y5K2,Q9Y5K2,active,unclassified,no,agrees,Q9Y5K2,2026-08-06
KLK5_HUMAN,Q9Y337,Q9Y337,active,unclassified,no,agrees,Q9Y337,2026-08-06
KLK6_HUMAN,Q92876,Q92876,active,unclassified,no,agrees,Q92876,2026-08-06
KLK7_HUMAN,P49862,P49862,active,unclassified,no,agrees,P49862,2026-08-06
KLK8_HUMAN,O60259,O60259,active,unclassified,no,agrees,O60259,2026-08-06
KLK9_HUMAN,Q9UKQ9,Q9UKQ9,active,unclassified,no,agrees,Q9UKQ9,2026-08-06
KLKB1_HUMAN,P03952,P03952,active,unclassified,no,agrees,P03952,2026-08-06
KLOTB_HUMAN,Q86Z14,Q86Z14,active,non_surface,no,agrees,Q86Z14,2026-08-06
KLOT_HUMAN,Q9UEF7,Q9UEF7,active,surface,no,agrees,Q9UEF7,2026-08-06
KLRB1_HUMAN,Q12918,Q12918,active,surface,no,agrees,Q12918,2026-08-06
KLRD1_HUMAN,Q13241,Q13241,active,unclassified,no,agrees,Q13241,2026-08-06
KLRF1_HUMAN,Q9NZS2,Q9NZS2,active,surface,no,agrees,Q9NZS2,2026-08-06
KLRF2_HUMAN,D3W0D1,D3W0D1,active,surface,no,agrees,D3W0D1,2026-08-06
KLRG1_HUMAN,Q96E93,Q96E93,active,surface,no,agrees,Q96E93,2026-08-06
KLRG2_HUMAN,A4D1S0,A4D1S0,active,non_surface,no,agrees,A4D1S0,2026-08-06
KMO_HUMAN,O15229,O15229,active,non_surface,no,agrees,O15229,2026-08-06
KNCN_HUMAN,A6PVL3,A6PVL3,active,non_surface,no,agrees,A6PVL3,2026-08-06
KNG1_HUMAN,P01042,P01042,active,unclassified,no,agrees,P01042,2026-08-06
KPCD1_HUMAN,Q15139,Q15139,active,unclassified,no,agrees,Q15139,2026-08-06
KPSH1_HUMAN,P11801,P11801,active,non_surface,no,agrees,P11801,2026-08-06
KPSH2_HUMAN,Q96QS6,Q96QS6,active,non_surface,no,agrees,Q96QS6,2026-08-06
KR101_HUMAN,P60331,P60331,active,unclassified,no,agrees,P60331,2026-08-06
KR105_HUMAN,P60370,P60370,active,unclassified,no,agrees,P60370,2026-08-06
KR161_HUMAN,A8MUX0,A8MUX0,active,unclassified,no,agrees,A8MUX0,2026-08-06
KR204_HUMAN,Q3LI62,Q3LI62,active,unclassified,no,agrees,Q3LI62,2026-08-06
KRA23_HUMAN,P0C7H8,P0C7H8,active,unclassified,no,agrees,P0C7H8,2026-08-06
KRA24_HUMAN,Q9BYR9,Q9BYR9,active,unclassified,no,agrees,Q9BYR9,2026-08-06
KRBA2_HUMAN,Q6ZNG9,Q6ZNG9,active,unclassified,no,agrees,Q6ZNG9,2026-08-06
KREM1_HUMAN,Q96MU8,Q96MU8,active,surface,no,agrees,Q96MU8,2026-08-06
KREM2_HUMAN,Q8NCW0,Q8NCW0,active,surface,no,agrees,Q8NCW0,2026-08-06
KTAP2_HUMAN,Q8N6L1,Q8N6L1,active,non_surface,no,agrees,Q8N6L1,2026-08-06
KTDAP_HUMAN,P60985,P60985,active,unclassified,no,agrees,P60985,2026-08-06
KTN1_HUMAN,Q86UP2,Q86UP2,active,unclassified,no,agrees,Q86UP2,2026-08-06
KV109_HUMAN,P01601,P01601,active,unclassified,no,agrees,P01601,2026-08-06
KV110_HUMAN,P01602,P01602,active,unclassified,no,agrees,P01602,2026-08-06
KV123_HUMAN,P04431,P01597,merged,unclassified,no,disagrees,P01597,2026-08-06
KV124_HUMAN,P04432,P04432,active,unclassified,no,agrees,P04432,2026-08-06
KV205_HUMAN,P06309,P01615,merged,unclassified,no,disagrees,P01615,2026-08-06
KV206_HUMAN,P06310,P06310,active,unclassified,no,agrees,P06310,2026-08-06
KV303_HUMAN,P01621,P01619,merged,unclassified,no,disagrees,P01619,2026-08-06
KV308_HUMAN,P04207,P01624,merged,unclassified,no,disagrees,P01624,2026-08-06
KV309_HUMAN,P04433,P04433,active,unclassified,no,agrees,P04433,2026-08-06
KV310_HUMAN,P04434,P04434,inactive,unclassified,no,agrees,P04434,2026-08-06
KV311_HUMAN,P06311,P01619,merged,unclassified,no,disagrees,P01619,2026-08-06
KV312_HUMAN,P18135,P01619,merged,unclassified,no,disagrees,P01619,2026-08-06
KV313_HUMAN,P18136,P01619,merged,unclassified,no,disagrees,P01619,2026-08-06
KV401_HUMAN,P06312,P06312,active,unclassified,no,agrees,P06312,2026-08-06
KV403_HUMAN,P06313,P06312,merged,unclassified,no,disagrees,P06312,2026-08-06
KV404_HUMAN,P06314,P06312,merged,unclassified,no,disagrees,P06312,2026-08-06
KV501_HUMAN,P06315,P06315,active,unclassified,no,agrees,P06315,2026-08-06
L1CAM_HUMAN,P32004,P32004,active,surface,no,agrees,P32004,2026-08-06
L37A1_HUMAN,A6NMS7,A6NMS7,active,surface,no,agrees,A6NMS7,2026-08-06
L37A2_HUMAN,A6NM11,A6NM11,active,surface,no,agrees,A6NM11,2026-08-06
L37A3_HUMAN,O60309,O60309,active,surface,no,agrees,O60309,2026-08-06
L3R2A_HUMAN,Q9Y6C7,Q9Y6C7,active,non_surface,no,agrees,Q9Y6C7,2026-08-06
LAAT1_HUMAN,Q6ZP29,Q6ZP29,active,surface,no,agrees,Q6ZP29,2026-08-06
LACE1_HUMAN,Q8WV93,Q8WV93,active,unclassified,no,agrees,Q8WV93,2026-08-06
LACRT_HUMAN,Q9GZZ8,Q9GZZ8,active,unclassified,no,agrees,Q9GZZ8,2026-08-06
LACTB_HUMAN,P83111,P83111,active,unclassified,no,agrees,P83111,2026-08-06
LAG3_HUMAN,P18627,P18627,active,surface,no,agrees,P18627,2026-08-06
LAIR1_HUMAN,Q6GTX8,Q6GTX8,active,surface,no,agrees,Q6GTX8,2026-08-06
LAIR2_HUMAN,Q6ISS4,Q6ISS4,active,unclassified,no,agrees,Q6ISS4,2026-08-06
LALBA_HUMAN,P00709,P00709,active,unclassified,no,agrees,P00709,2026-08-06
LAMA1_HUMAN,P25391,P25391,active,unclassified,no,agrees,P25391,2026-08-06
LAMA2_HUMAN,P24043,P24043,active,unclassified,no,agrees,P24043,2026-08-06
LAMA3_HUMAN,Q16787,Q16787,active,unclassified,no,agrees,Q16787,2026-08-06
LAMA4_HUMAN,Q16363,Q16363,active,unclassified,no,agrees,Q16363,2026-08-06
LAMA5_HUMAN,O15230,O15230,active,unclassified,no,agrees,O15230,2026-08-06
LAMB1_HUMAN,P07942,P07942,active,unclassified,no,agrees,P07942,2026-08-06
LAMB2_HUMAN,P55268,P55268,active,unclassified,no,agrees,P55268,2026-08-06
LAMB3_HUMAN,Q13751,Q13751,active,unclassified,no,agrees,Q13751,2026-08-06
LAMB4_HUMAN,A4D0S4,A4D0S4,active,unclassified,no,agrees,A4D0S4,2026-08-06
LAMC1_HUMAN,P11047,P11047,active,unclassified,no,agrees,P11047,2026-08-06
LAMC2_HUMAN,Q13753,Q13753,active,unclassified,no,agrees,Q13753,2026-08-06
LAMC3_HUMAN,Q9Y6N6,Q9Y6N6,active,unclassified,no,agrees,Q9Y6N6,2026-08-06
LAMP1_HUMAN,P11279,P11279,active,surface,no,agrees,P11279,2026-08-06
LAMP2_HUMAN,P13473,P13473,active,surface,no,agrees,P13473,2026-08-06
LAMP3_HUMAN,Q9UQV4,Q9UQV4,active,surface,no,agrees,Q9UQV4,2026-08-06
LAMP5_HUMAN,Q9UJQ1,Q9UJQ1,active,surface,no,agrees,Q9UJQ1,2026-08-06
LAP2B_HUMAN,P42167,P42167,active,non_surface,no,agrees,P42167,2026-08-06
LAP4A_HUMAN,Q15012,Q15012,active,non_surface,no,agrees,Q15012,2026-08-06
LAP4B_HUMAN,Q86VI4,Q86VI4,active,non_surface,no,agrees,Q86VI4,2026-08-06
LAPM5_HUMAN,Q13571,Q13571,active,unclassified,no,agrees,Q13571,2026-08-06
LARG2_HUMAN,Q8N3Y3,Q8N3Y3,active,non_surface,no,agrees,Q8N3Y3,2026-08-06
LARGE_HUMAN,O95461,O95461,active,non_surface,no,agrees,O95461,2026-08-06
LAS2_HUMAN,Q8IYD9,Q8IYD9,active,unclassified,no,agrees,Q8IYD9,2026-08-06
LAT1L_HUMAN,Q9GIP4,Q9GIP4,active,non_surface,no,agrees,Q9GIP4,2026-08-06
LAT1N_HUMAN,Q8MH63,Q8MH63,active,non_surface,no,agrees,Q8MH63,2026-08-06
LAT1_HUMAN,Q01650,Q01650,active,surface,no,agrees,Q01650,2026-08-06
LAT2_HUMAN,Q9UHI5,Q9UHI5,active,non_surface,no,agrees,Q9UHI5,2026-08-06
LAT3_HUMAN,O75387,O75387,active,surface,no,agrees,O75387,2026-08-06
LAT4_HUMAN,Q8N370,Q8N370,active,surface,no,agrees,Q8N370,2026-08-06
LATH_HUMAN,Q86YQ2,Q86YQ2,active,unclassified,no,agrees,Q86YQ2,2026-08-06
LAT_HUMAN,O43561,O43561,active,non_surface,no,agrees,O43561,2026-08-06
LAX1_HUMAN,Q8IWV1,Q8IWV1,active,non_surface,no,agrees,Q8IWV1,2026-08-06
LAYN_HUMAN,Q6UX15,Q6UX15,active,surface,no,agrees,Q6UX15,2026-08-06
LBN_HUMAN,Q86UK5,Q86UK5,active,surface,no,agrees,Q86UK5,2026-08-06
LBP_HUMAN,P18428,P18428,active,unclassified,no,agrees,P18428,2026-08-06
LBR_HUMAN,Q14739,Q14739,active,non_surface,no,agrees,Q14739,2026-08-06
LC1L1_HUMAN,Q5VSP4,Q5VSP4,active,unclassified,no,agrees,Q5VSP4,2026-08-06
LCAP_HUMAN,Q9UIQ6,Q9UIQ6,active,surface,no,agrees,Q9UIQ6,2026-08-06
LCAT_HUMAN,P04180,P04180,active,unclassified,no,agrees,P04180,2026-08-06
LCLT1_HUMAN,Q6UWP7,Q6UWP7,active,non_surface,no,agrees,Q6UWP7,2026-08-06
LCN10_HUMAN,Q6JVE6,Q6JVE6,active,unclassified,no,agrees,Q6JVE6,2026-08-06
LCN12_HUMAN,Q6JVE5,Q6JVE5,active,unclassified,no,agrees,Q6JVE5,2026-08-06
LCN15_HUMAN,Q6UWW0,Q6UWW0,active,unclassified,no,agrees,Q6UWW0,2026-08-06
LCN1_HUMAN,P31025,P31025,active,unclassified,no,agrees,P31025,2026-08-06
LCN6_HUMAN,P62502,P62502,active,unclassified,no,agrees,P62502,2026-08-06
LCN8_HUMAN,Q6JVE9,Q6JVE9,active,unclassified,no,agrees,Q6JVE9,2026-08-06
LCN9_HUMAN,Q8WX39,Q8WX39,active,unclassified,no,agrees,Q8WX39,2026-08-06
LCORL_HUMAN,Q8N3X6,Q8N3X6,active,unclassified,no,agrees,Q8N3X6,2026-08-06
LCTL_HUMAN,Q6UWM7,Q6UWM7,active,non_surface,no,agrees,Q6UWM7,2026-08-06
LDLR_HUMAN,P01130,P01130,active,surface,no,agrees,P01130,2026-08-06
LDOC1_HUMAN,O95751,O95751,active,unclassified,no,agrees,O95751,2026-08-06
LEAP2_HUMAN,Q969E1,Q969E1,active,unclassified,no,agrees,Q969E1,2026-08-06
LECT1_HUMAN,O75829,O75829,active,unclassified,no,agrees,O75829,2026-08-06
LECT2_HUMAN,O14960,O14960,active,unclassified,no,agrees,O14960,2026-08-06
LEMD1_HUMAN,Q68G75,Q68G75,active,non_surface,no,agrees,Q68G75,2026-08-06
LEMD2_HUMAN,Q8NC56,Q8NC56,active,unclassified,no,agrees,Q8NC56,2026-08-06
LEPR_HUMAN,P48357,P48357,active,surface,no,agrees,P48357,2026-08-06
LEP_HUMAN,P41159,P41159,active,unclassified,no,agrees,P41159,2026-08-06
LERL1_HUMAN,O95214,O95214,active,non_surface,no,agrees,O95214,2026-08-06
LETM1_HUMAN,O95202,O95202,active,non_surface,no,agrees,O95202,2026-08-06
LETM2_HUMAN,Q2VYF4,Q2VYF4,active,non_surface,no,agrees,Q2VYF4,2026-08-06
LEUK_HUMAN,P16150,P16150,active,surface,no,agrees,P16150,2026-08-06
LFA3_HUMAN,P19256,P19256,active,surface,no,agrees,P19256,2026-08-06
LFG1_HUMAN,Q7Z429,Q7Z429,active,non_surface,no,agrees,Q7Z429,2026-08-06
LFG2_HUMAN,Q9BWQ8,Q9BWQ8,active,surface,no,agrees,Q9BWQ8,2026-08-06
LFG3_HUMAN,Q969X1,Q969X1,active,unclassified,no,agrees,Q969X1,2026-08-06
LFG4_HUMAN,Q9HC24,Q9HC24,active,non_surface,no,agrees,Q9HC24,2026-08-06
LFNG_HUMAN,Q8NES3,Q8NES3,active,non_surface,no,agrees,Q8NES3,2026-08-06
LFTY1_HUMAN,O75610,O75610,active,unclassified,no,agrees,O75610,2026-08-06
LFTY2_HUMAN,O00292,O00292,active,unclassified,no,agrees,O00292,2026-08-06
LG3BP_HUMAN,Q08380,Q08380,active,unclassified,no,agrees,Q08380,2026-08-06
LGAT1_HUMAN,Q92604,Q92604,active,non_surface,no,agrees,Q92604,2026-08-06
LGI1_HUMAN,O95970,O95970,active,unclassified,no,agrees,O95970,2026-08-06
LGI2_HUMAN,Q8N0V4,Q8N0V4,active,unclassified,no,agrees,Q8N0V4,2026-08-06
LGI3_HUMAN,Q8N145,Q8N145,active,unclassified,no,agrees,Q8N145,2026-08-06
LGI4_HUMAN,Q8N135,Q8N135,active,unclassified,no,agrees,Q8N135,2026-08-06
LGMN_HUMAN,Q99538,Q99538,active,unclassified,no,agrees,Q99538,2026-08-06
LGR4_HUMAN,Q9BXB1,Q9BXB1,active,surface,no,agrees,Q9BXB1,2026-08-06
LGR5_HUMAN,O75473,O75473,active,surface,no,agrees,O75473,2026-08-06
LGR6_HUMAN,Q9HBX8,Q9HBX8,active,surface,no,agrees,Q9HBX8,2026-08-06
LHFP_HUMAN,Q9Y693,Q9Y693,active,unclassified,no,agrees,Q9Y693,2026-08-06
LHPL1_HUMAN,Q86WI0,Q86WI0,active,surface,no,agrees,Q86WI0,2026-08-06
LHPL2_HUMAN,Q6ZUX7,Q6ZUX7,active,unclassified,no,agrees,Q6ZUX7,2026-08-06
LHPL3_HUMAN,Q86UP9,Q86UP9,active,unclassified,no,agrees,Q86UP9,2026-08-06
LHPL4_HUMAN,Q7Z7J7,Q7Z7J7,active,surface,no,agrees,Q7Z7J7,2026-08-06
LICH_HUMAN,P38571,P38571,active,unclassified,no,agrees,P38571,2026-08-06
LIFR_HUMAN,P42702,P42702,active,surface,no,agrees,P42702,2026-08-06
LIF_HUMAN,P15018,P15018,active,unclassified,no,agrees,P15018,2026-08-06
LIGO1_HUMAN,Q96FE5,Q96FE5,active,surface,no,agrees,Q96FE5,2026-08-06
LIGO2_HUMAN,Q7L985,Q7L985,active,surface,no,agrees,Q7L985,2026-08-06
LIGO3_HUMAN,P0C6S8,P0C6S8,active,surface,no,agrees,P0C6S8,2026-08-06
LIGO4_HUMAN,Q6UY18,Q6UY18,active,surface,no,agrees,Q6UY18,2026-08-06
LIME1_HUMAN,Q9H400,Q9H400,active,non_surface,no,agrees,Q9H400,2026-08-06
LIPC_HUMAN,P11150,P11150,active,unclassified,no,agrees,P11150,2026-08-06
LIPE_HUMAN,Q9Y5X9,Q9Y5X9,active,unclassified,no,agrees,Q9Y5X9,2026-08-06
LIPG_HUMAN,P07098,P07098,active,unclassified,no,agrees,P07098,2026-08-06
LIPH_HUMAN,Q8WWY8,Q8WWY8,active,unclassified,no,agrees,Q8WWY8,2026-08-06
LIPI_HUMAN,Q6XZB0,Q6XZB0,active,unclassified,no,agrees,Q6XZB0,2026-08-06
LIPK_HUMAN,Q5VXJ0,Q5VXJ0,active,unclassified,no,agrees,Q5VXJ0,2026-08-06
LIPL_HUMAN,P06858,P06858,active,surface,no,agrees,P06858,2026-08-06
LIPM_HUMAN,Q5VYY2,Q5VYY2,active,unclassified,no,agrees,Q5VYY2,2026-08-06
LIPN_HUMAN,Q5VXI9,Q5VXI9,active,unclassified,no,agrees,Q5VXI9,2026-08-06
LIPP_HUMAN,P16233,P16233,active,unclassified,no,agrees,P16233,2026-08-06
LIPR1_HUMAN,P54315,P54315,active,unclassified,no,agrees,P54315,2026-08-06
LIPR2_HUMAN,P54317,P54317,active,unclassified,no,agrees,P54317,2026-08-06
LIPR3_HUMAN,Q17RR3,Q17RR3,active,unclassified,no,agrees,Q17RR3,2026-08-06
LIRA1_HUMAN,O75019,O75019,active,surface,no,agrees,O75019,2026-08-06
LIRA2_HUMAN,Q8N149,Q8N149,active,surface,no,agrees,Q8N149,2026-08-06
LIRA3_HUMAN,Q8N6C8,Q8N6C8,active,unclassified,no,agrees,Q8N6C8,2026-08-06
LIRA4_HUMAN,P59901,P59901,active,surface,no,agrees,P59901,2026-08-06
LIRA5_HUMAN,A6NI73,A6NI73,active,surface,no,agrees,A6NI73,2026-08-06
LIRA6_HUMAN,Q6PI73,Q6PI73,active,surface,no,agrees,Q6PI73,2026-08-06
LIRB1_HUMAN,Q8NHL6,Q8NHL6,active,surface,no,agrees,Q8NHL6,2026-08-06
LIRB2_HUMAN,Q8N423,Q8N423,active,surface,no,agrees,Q8N423,2026-08-06
LIRB3_HUMAN,O75022,O75022,active,surface,no,agrees,O75022,2026-08-06
LIRB4_HUMAN,Q8NHJ6,Q8NHJ6,active,unclassified,no,agrees,Q8NHJ6,2026-08-06
LIRB5_HUMAN,O75023,O75023,active,surface,no,agrees,O75023,2026-08-06
LMA1L_HUMAN,Q9HAT1,Q9HAT1,active,non_surface,no,agrees,Q9HAT1,2026-08-06
LMA2L_HUMAN,Q9H0V9,Q9H0V9,active,surface,no,agrees,Q9H0V9,2026-08-06
LMAN1_HUMAN,P49257,P49257,active,non_surface,no,agrees,P49257,2026-08-06
LMAN2_HUMAN,Q12907,Q12907,active,surface,no,agrees,Q12907,2026-08-06
LMBD1_HUMAN,Q9NUN5,Q9NUN5,active,surface,no,agrees,Q9NUN5,2026-08-06
LMBD2_HUMAN,Q68DH5,Q68DH5,active,surface,no,agrees,Q68DH5,2026-08-06
LMBR1_HUMAN,Q8WVP7,Q8WVP7,active,surface,no,agrees,Q8WVP7,2026-08-06
LMBRL_HUMAN,Q6UX01,Q6UX01,active,surface,no,agrees,Q6UX01,2026-08-06
LMF1_HUMAN,Q96S06,Q96S06,active,non_surface,no,agrees,Q96S06,2026-08-06
LMF2_HUMAN,Q9BU23,Q9BU23,active,unclassified,no,agrees,Q9BU23,2026-08-06
LMIP_HUMAN,P55344,P55344,active,surface,no,agrees,P55344,2026-08-06
LMLN_HUMAN,Q96KR4,Q96KR4,active,non_surface,no,agrees,Q96KR4,2026-08-06
LMO7_HUMAN,Q8WWI1,Q8WWI1,active,non_surface,no,agrees,Q8WWI1,2026-08-06
LMTK1_HUMAN,Q6ZMQ8,Q6ZMQ8,active,non_surface,no,agrees,Q6ZMQ8,2026-08-06
LMTK2_HUMAN,Q8IWU2,Q8IWU2,active,non_surface,no,agrees,Q8IWU2,2026-08-06
LMTK3_HUMAN,Q96Q04,Q96Q04,active,unclassified,no,agrees,Q96Q04,2026-08-06
LNP_HUMAN,Q9C0E8,Q9C0E8,active,non_surface,no,agrees,Q9C0E8,2026-08-06
LONF2_HUMAN,Q1L5Z9,Q1L5Z9,active,non_surface,no,agrees,Q1L5Z9,2026-08-06
LOXL1_HUMAN,Q08397,Q08397,active,unclassified,no,agrees,Q08397,2026-08-06
LOXL2_HUMAN,Q9Y4K0,Q9Y4K0,active,unclassified,no,agrees,Q9Y4K0,2026-08-06
LOXL3_HUMAN,P58215,P58215,active,unclassified,no,agrees,P58215,2026-08-06
LOXL4_HUMAN,Q96JB6,Q96JB6,active,unclassified,no,agrees,Q96JB6,2026-08-06
LPAL2_HUMAN,Q16609,Q16609,active,unclassified,no,agrees,Q16609,2026-08-06
LPAR1_HUMAN,Q92633,Q92633,active,surface,no,agrees,Q92633,2026-08-06
LPAR2_HUMAN,Q9HBW0,Q9HBW0,active,surface,no,agrees,Q9HBW0,2026-08-06
LPAR3_HUMAN,Q9UBY5,Q9UBY5,active,surface,no,agrees,Q9UBY5,2026-08-06
LPAR4_HUMAN,Q99677,Q99677,active,surface,no,agrees,Q99677,2026-08-06
LPAR5_HUMAN,Q9H1C0,Q9H1C0,active,surface,no,agrees,Q9H1C0,2026-08-06
LPAR6_HUMAN,P43657,P43657,active,surface,no,agrees,P43657,2026-08-06
LPCT4_HUMAN,Q643R3,Q643R3,active,non_surface,no,agrees,Q643R3,2026-08-06
LPD6B_HUMAN,Q8NI32,Q8NI32,active,surface,no,agrees,Q8NI32,2026-08-06
LPHN1_HUMAN,O94910,O94910,active,surface,no,agrees,O94910,2026-08-06
LPHN2_HUMAN,O95490,O95490,active,surface,no,agrees,O95490,2026-08-06
LPHN3_HUMAN,Q9HAR2,Q9HAR2,active,surface,no,agrees,Q9HAR2,2026-08-06
LPH_HUMAN,P09848,P09848,active,surface,no,agrees,P09848,2026-08-06
LPP1_HUMAN,O14494,O14494,active,surface,no,agrees,O14494,2026-08-06
LPP2_HUMAN,O43688,O43688,active,surface,no,agrees,O43688,2026-08-06
LPP3_HUMAN,O14495,O14495,active,surface,no,agrees,O14495,2026-08-06
LPPR1_HUMAN,Q8TBJ4,Q8TBJ4,active,surface,no,agrees,Q8TBJ4,2026-08-06
LPPR2_HUMAN,Q96GM1,Q96GM1,active,non_surface,no,agrees,Q96GM1,2026-08-06
LPPR3_HUMAN,Q6T4P5,Q6T4P5,active,non_surface,no,agrees,Q6T4P5,2026-08-06
LPPR4_HUMAN,Q7Z2D5,Q7Z2D5,active,surface,no,agrees,Q7Z2D5,2026-08-06
LPPR5_HUMAN,Q32ZL2,Q32ZL2,active,surface,no,agrees,Q32ZL2,2026-08-06
LR37B_HUMAN,Q96QE4,Q96QE4,active,surface,no,agrees,Q96QE4,2026-08-06
LR74A_HUMAN,Q0VAA2,Q0VAA2,active,non_surface,no,agrees,Q0VAA2,2026-08-06
LRAD1_HUMAN,Q5T700,Q5T700,active,non_surface,no,agrees,Q5T700,2026-08-06
LRAD2_HUMAN,Q5SZI1,Q5SZI1,active,unclassified,no,agrees,Q5SZI1,2026-08-06
LRAD3_HUMAN,Q86YD5,Q86YD5,active,surface,no,agrees,Q86YD5,2026-08-06
LRAD4_HUMAN,O15165,O15165,active,surface,no,agrees,O15165,2026-08-06
LRAT_HUMAN,O95237,O95237,active,non_surface,no,agrees,O95237,2026-08-06
LRBA_HUMAN,P50851,P50851,active,non_surface,no,agrees,P50851,2026-08-06
LRC14_HUMAN,Q15048,Q15048,active,unclassified,no,agrees,Q15048,2026-08-06
LRC15_HUMAN,Q8TF66,Q8TF66,active,surface,no,agrees,Q8TF66,2026-08-06
LRC17_HUMAN,Q8N6Y2,Q8N6Y2,active,unclassified,no,agrees,Q8N6Y2,2026-08-06
LRC19_HUMAN,Q9H756,Q9H756,active,surface,no,agrees,Q9H756,2026-08-06
LRC24_HUMAN,Q50LG9,Q50LG9,active,surface,no,agrees,Q50LG9,2026-08-06
LRC25_HUMAN,Q8N386,Q8N386,active,surface,no,agrees,Q8N386,2026-08-06
LRC26_HUMAN,Q2I0M4,Q2I0M4,active,unclassified,no,agrees,Q2I0M4,2026-08-06
LRC32_HUMAN,Q14392,Q14392,active,surface,no,agrees,Q14392,2026-08-06
LRC38_HUMAN,Q5VT99,Q5VT99,active,surface,no,agrees,Q5VT99,2026-08-06
LRC3B_HUMAN,Q96PB8,Q96PB8,active,surface,no,agrees,Q96PB8,2026-08-06
LRC4B_HUMAN,Q9NT99,Q9NT99,active,surface,no,agrees,Q9NT99,2026-08-06
LRC4C_HUMAN,Q9HCJ2,Q9HCJ2,active,surface,no,agrees,Q9HCJ2,2026-08-06
LRC52_HUMAN,Q8N7C0,Q8N7C0,active,surface,no,agrees,Q8N7C0,2026-08-06
LRC53_HUMAN,A6NM62,A6NM62,active,unclassified,no,agrees,A6NM62,2026-08-06
LRC55_HUMAN,Q6ZSA7,Q6ZSA7,active,unclassified,no,agrees,Q6ZSA7,2026-08-06
LRC59_HUMAN,Q96AG4,Q96AG4,active,non_surface,no,agrees,Q96AG4,2026-08-06
LRC63_HUMAN,Q05C16,Q05C16,active,non_surface,no,agrees,Q05C16,2026-08-06
LRC66_HUMAN,Q68CR7,Q68CR7,active,non_surface,no,agrees,Q68CR7,2026-08-06
LRC8A_HUMAN,Q8IWT6,Q8IWT6,active,unclassified,no,agrees,Q8IWT6,2026-08-06
LRC8B_HUMAN,Q6P9F7,Q6P9F7,active,unclassified,no,agrees,Q6P9F7,2026-08-06
LRC8C_HUMAN,Q8TDW0,Q8TDW0,active,unclassified,no,agrees,Q8TDW0,2026-08-06
LRC8D_HUMAN,Q7L1W4,Q7L1W4,active,non_surface,no,agrees,Q7L1W4,2026-08-06
LRC8E_HUMAN,Q6NSJ5,Q6NSJ5,active,unclassified,no,agrees,Q6NSJ5,2026-08-06
LRCH1_HUMAN,Q9Y2L9,Q9Y2L9,active,non_surface,no,agrees,Q9Y2L9,2026-08-06
LRCH3_HUMAN,Q96II8,Q96II8,active,unclassified,no,agrees,Q96II8,2026-08-06
LRCH4_HUMAN,O75427,O75427,active,non_surface,no,agrees,O75427,2026-08-06
LRCL1_HUMAN,A6NCL2,A6NCL2,active,unclassified,no,agrees,A6NCL2,2026-08-06
LRFN1_HUMAN,Q9P244,Q9P244,active,surface,no,agrees,Q9P244,2026-08-06
LRFN2_HUMAN,Q9ULH4,Q9ULH4,active,surface,no,agrees,Q9ULH4,2026-08-06
LRFN3_HUMAN,Q9BTN0,Q9BTN0,active,surface,no,agrees,Q9BTN0,2026-08-06
LRFN4_HUMAN,Q6PJG9,Q6PJG9,active,surface,no,agrees,Q6PJG9,2026-08-06
LRFN5_HUMAN,Q96NI6,Q96NI6,active,surface,no,agrees,Q96NI6,2026-08-06
LRIG1_HUMAN,Q96JA1,Q96JA1,active,surface,no,agrees,Q96JA1,2026-08-06
LRIG2_HUMAN,O94898,O94898,active,surface,no,agrees,O94898,2026-08-06
LRIG3_HUMAN,Q6UXM1,Q6UXM1,active,surface,no,agrees,Q6UXM1,2026-08-06
LRIT1_HUMAN,Q9P2V4,Q9P2V4,active,surface,no,agrees,Q9P2V4,2026-08-06
LRIT2_HUMAN,A6NDA9,A6NDA9,active,surface,no,agrees,A6NDA9,2026-08-06
LRIT3_HUMAN,Q3SXY7,Q3SXY7,active,surface,no,agrees,Q3SXY7,2026-08-06
LRMP_HUMAN,Q12912,Q12912,active,non_surface,no,agrees,Q12912,2026-08-06
LRN4L_HUMAN,Q8ND94,Q8ND94,active,surface,no,agrees,Q8ND94,2026-08-06
LRP10_HUMAN,Q7Z4F1,Q7Z4F1,active,surface,no,agrees,Q7Z4F1,2026-08-06
LRP11_HUMAN,Q86VZ4,Q86VZ4,active,surface,no,agrees,Q86VZ4,2026-08-06
LRP12_HUMAN,Q9Y561,Q9Y561,active,surface,no,agrees,Q9Y561,2026-08-06
LRP1B_HUMAN,Q9NZR2,Q9NZR2,active,surface,no,agrees,Q9NZR2,2026-08-06
LRP1_HUMAN,Q07954,Q07954,active,surface,no,agrees,Q07954,2026-08-06
LRP2_HUMAN,P98164,P98164,active,surface,no,agrees,P98164,2026-08-06
LRP3_HUMAN,O75074,O75074,active,surface,no,agrees,O75074,2026-08-06
LRP4_HUMAN,O75096,O75096,active,surface,no,agrees,O75096,2026-08-06
LRP5_HUMAN,O75197,O75197,active,surface,no,agrees,O75197,2026-08-06
LRP6_HUMAN,O75581,O75581,active,surface,no,agrees,O75581,2026-08-06
LRP8_HUMAN,Q14114,Q14114,active,surface,no,agrees,Q14114,2026-08-06
LRR3C_HUMAN,A6NJW4,A6NJW4,active,non_surface,no,agrees,A6NJW4,2026-08-06
LRR70_HUMAN,Q7Z2Q7,Q7Z2Q7,active,non_surface,no,agrees,Q7Z2Q7,2026-08-06
LRRC3_HUMAN,Q9BY71,Q9BY71,active,unclassified,no,agrees,Q9BY71,2026-08-06
LRRC4_HUMAN,Q9HBW1,Q9HBW1,active,surface,no,agrees,Q9HBW1,2026-08-06
LRRN1_HUMAN,Q6UXK5,Q6UXK5,active,surface,no,agrees,Q6UXK5,2026-08-06
LRRN2_HUMAN,O75325,O75325,active,surface,no,agrees,O75325,2026-08-06
LRRN3_HUMAN,Q9H3W5,Q9H3W5,active,surface,no,agrees,Q9H3W5,2026-08-06
LRRN4_HUMAN,Q8WUT4,Q8WUT4,active,surface,no,agrees,Q8WUT4,2026-08-06
LRRT1_HUMAN,Q86UE6,Q86UE6,active,non_surface,no,agrees,Q86UE6,2026-08-06
LRRT2_HUMAN,O43300,O43300,active,surface,no,agrees,O43300,2026-08-06
LRRT3_HUMAN,Q86VH5,Q86VH5,active,surface,no,agrees,Q86VH5,2026-08-06
LRRT4_HUMAN,Q86VH4,Q86VH4,active,surface,no,agrees,Q86VH4,2026-08-06
LRTM1_HUMAN,Q9HBL6,Q9HBL6,active,surface,no,agrees,Q9HBL6,2026-08-06
LRTM2_HUMAN,Q8N967,Q8N967,active,surface,no,agrees,Q8N967,2026-08-06
LSAMP_HUMAN,Q13449,Q13449,active,surface,no,agrees,Q13449,2026-08-06
LSHB_HUMAN,P01229,P01229,active,unclassified,no,agrees,P01229,2026-08-06
LSHR_HUMAN,P22888,P22888,active,surface,no,agrees,P22888,2026-08-06
LSME1_HUMAN,Q8N8F7,Q8N8F7,active,surface,no,agrees,Q8N8F7,2026-08-06
LSME2_HUMAN,Q8N112,Q8N112,active,non_surface,no,agrees,Q8N112,2026-08-06
LSR_HUMAN,Q86X29,Q86X29,active,unclassified,no,agrees,Q86X29,2026-08-06
LST1_HUMAN,O00453,O00453,active,non_surface,no,agrees,O00453,2026-08-06
LT4R1_HUMAN,Q15722,Q15722,active,surface,no,agrees,Q15722,2026-08-06
LT4R2_HUMAN,Q9NPC1,Q9NPC1,active,surface,no,agrees,Q9NPC1,2026-08-06
LTBP1_HUMAN,Q14766,Q14766,active,unclassified,no,agrees,Q14766,2026-08-06
LTBP2_HUMAN,Q14767,Q14767,active,unclassified,no,agrees,Q14767,2026-08-06
LTBP3_HUMAN,Q9NS15,Q9NS15,active,unclassified,no,agrees,Q9NS15,2026-08-06
LTBP4_HUMAN,Q8N2S1,Q8N2S1,active,unclassified,no,agrees,Q8N2S1,2026-08-06
LTC4S_HUMAN,Q16873,Q16873,active,non_surface,no,agrees,Q16873,2026-08-06
LTK_HUMAN,P29376,P29376,active,surface,no,agrees,P29376,2026-08-06
LTMD1_HUMAN,Q6P1Q0,Q6P1Q0,active,non_surface,no,agrees,Q6P1Q0,2026-08-06
LUM_HUMAN,P51884,P51884,active,unclassified,no,agrees,P51884,2026-08-06
LUZP2_HUMAN,Q86TE4,Q86TE4,active,unclassified,no,agrees,Q86TE4,2026-08-06
LV001_HUMAN,P04211,P04211,active,unclassified,no,agrees,P04211,2026-08-06
LV107_HUMAN,P06316,P01701,merged,unclassified,no,disagrees,P01701,2026-08-06
LV605_HUMAN,P06319,P01721,merged,unclassified,no,disagrees,P01721,2026-08-06
LY65B_HUMAN,Q8NDX9,Q8NDX9,active,unclassified,no,agrees,Q8NDX9,2026-08-06
LY65C_HUMAN,Q5SRR4,Q5SRR4,active,unclassified,no,agrees,Q5SRR4,2026-08-06
LY66C_HUMAN,O95867,O95867,active,surface,no,agrees,O95867,2026-08-06
LY66D_HUMAN,O95868,O95868,active,surface,no,agrees,O95868,2026-08-06
LY66F_HUMAN,Q5SQ64,Q5SQ64,active,surface,no,agrees,Q5SQ64,2026-08-06
LY6D_HUMAN,Q14210,Q14210,active,surface,no,agrees,Q14210,2026-08-06
LY6E_HUMAN,Q16553,Q16553,active,surface,no,agrees,Q16553,2026-08-06
LY6H_HUMAN,O94772,O94772,active,surface,no,agrees,O94772,2026-08-06
LY6K_HUMAN,Q17RY6,Q17RY6,active,surface,no,agrees,Q17RY6,2026-08-06
LY75_HUMAN,O60449,O60449,active,surface,no,agrees,O60449,2026-08-06
LY86_HUMAN,O95711,O95711,active,unclassified,no,agrees,O95711,2026-08-06
LY96_HUMAN,Q9Y6Y9,Q9Y6Y9,active,unclassified,no,agrees,Q9Y6Y9,2026-08-06
LY9_HUMAN,Q9HBG7,Q9HBG7,active,surface,no,agrees,Q9HBG7,2026-08-06
LYAG_HUMAN,P10253,P10253,active,unclassified,no,agrees,P10253,2026-08-06
LYAM1_HUMAN,P14151,P14151,active,surface,no,agrees,P14151,2026-08-06
LYAM2_HUMAN,P16581,P16581,active,surface,no,agrees,P16581,2026-08-06
LYAM3_HUMAN,P16109,P16109,active,surface,no,agrees,P16109,2026-08-06
LYG1_HUMAN,Q8N1E2,Q8N1E2,active,unclassified,no,agrees,Q8N1E2,2026-08-06
LYG2_HUMAN,Q86SG7,Q86SG7,active,unclassified,no,agrees,Q86SG7,2026-08-06
LYNX1_HUMAN,Q9BZG9,Q9BZG9,inactive,surface,no,agrees,Q9BZG9,2026-08-06
LYOX_HUMAN,P28300,P28300,active,unclassified,no,agrees,P28300,2026-08-06
LYPD1_HUMAN,Q8N2G4,Q8N2G4,active,surface,no,agrees,Q8N2G4,2026-08-06
LYPD2_HUMAN,Q6UXB3,Q6UXB3,active,surface,no,agrees,Q6UXB3,2026-08-06
LYPD3_HUMAN,O95274,O95274,active,surface,no,agrees,O95274,2026-08-06
LYPD4_HUMAN,Q6UWN0,Q6UWN0,active,surface,no,agrees,Q6UWN0,2026-08-06
LYPD5_HUMAN,Q6UWN5,Q6UWN5,active,surface,no,agrees,Q6UWN5,2026-08-06
LYPD6_HUMAN,Q86Y78,Q86Y78,active,unclassified,no,agrees,Q86Y78,2026-08-06
LYPD8_HUMAN,Q6UX82,Q6UX82,active,surface,no,agrees,Q6UX82,2026-08-06
LYRIC_HUMAN,Q86UE4,Q86UE4,active,non_surface,no,agrees,Q86UE4,2026-08-06
LYSC_HUMAN,P61626,P61626,active,unclassified,no,agrees,P61626,2026-08-06
LYSM3_HUMAN,Q7Z3D4,Q7Z3D4,active,surface,no,agrees,Q7Z3D4,2026-08-06
LYSM4_HUMAN,Q5XG99,Q5XG99,active,non_surface,no,agrees,Q5XG99,2026-08-06
LYVE1_HUMAN,Q9Y5Y7,Q9Y5Y7,active,surface,no,agrees,Q9Y5Y7,2026-08-06
LYZL1_HUMAN,Q6UWQ5,Q6UWQ5,active,unclassified,no,agrees,Q6UWQ5,2026-08-06
LYZL2_HUMAN,Q7Z4W2,Q7Z4W2,active,unclassified,no,agrees,Q7Z4W2,2026-08-06
LYZL4_HUMAN,Q96KX0,Q96KX0,active,unclassified,no,agrees,Q96KX0,2026-08-06
LYZL5_HUMAN,Q96QH8,Q96QH8,active,unclassified,no,agrees,Q96QH8,2026-08-06
LYZL6_HUMAN,O75951,O75951,active,unclassified,no,agrees,O75951,2026-08-06
M17L2_HUMAN,Q567V2,Q567V2,active,non_surface,no,agrees,Q567V2,2026-08-06
M3K4_HUMAN,Q9Y6R4,Q9Y6R4,active,unclassified,no,agrees,Q9Y6R4,2026-08-06
M3K9_HUMAN,P80192,P80192,active,unclassified,no,agrees,P80192,2026-08-06
M4A10_HUMAN,Q96PG2,Q96PG2,active,non_surface,no,agrees,Q96PG2,2026-08-06
M4A12_HUMAN,Q9NXJ0,Q9NXJ0,active,unclassified,no,agrees,Q9NXJ0,2026-08-06
M4A13_HUMAN,Q5J8X5,Q5J8X5,active,non_surface,no,agrees,Q5J8X5,2026-08-06
M4A14_HUMAN,Q96JA4,Q96JA4,active,non_surface,no,agrees,Q96JA4,2026-08-06
M4A15_HUMAN,Q8N5U1,Q8N5U1,active,surface,no,agrees,Q8N5U1,2026-08-06
M4A18_HUMAN,Q3C1V0,Q3C1V0,active,non_surface,no,agrees,Q3C1V0,2026-08-06
M4A4A_HUMAN,Q96JQ5,Q96JQ5,active,unclassified,no,agrees,Q96JQ5,2026-08-06
M4A4E_HUMAN,Q96PG1,Q96PG1,active,non_surface,no,agrees,Q96PG1,2026-08-06
M4A6A_HUMAN,Q9H2W1,Q9H2W1,active,surface,no,agrees,Q9H2W1,2026-08-06
M4A6E_HUMAN,Q96DS6,Q96DS6,active,non_surface,no,agrees,Q96DS6,2026-08-06
M4A8_HUMAN,Q9BY19,Q9BY19,active,non_surface,no,agrees,Q9BY19,2026-08-06
M4K2_HUMAN,Q12851,Q12851,active,non_surface,no,agrees,Q12851,2026-08-06
MA1A1_HUMAN,P33908,P33908,active,non_surface,no,agrees,P33908,2026-08-06
MA1A2_HUMAN,O60476,O60476,active,non_surface,no,agrees,O60476,2026-08-06
MA1B1_HUMAN,Q9UKM7,Q9UKM7,active,non_surface,no,agrees,Q9UKM7,2026-08-06
MA1C1_HUMAN,Q9NR34,Q9NR34,active,non_surface,no,agrees,Q9NR34,2026-08-06
MA2A1_HUMAN,Q16706,Q16706,active,non_surface,no,agrees,Q16706,2026-08-06
MA2A2_HUMAN,P49641,P49641,active,non_surface,no,agrees,P49641,2026-08-06
MA2B1_HUMAN,O00754,O00754,active,unclassified,no,agrees,O00754,2026-08-06
MA2B2_HUMAN,Q9Y2E5,Q9Y2E5,active,unclassified,no,agrees,Q9Y2E5,2026-08-06
MACOI_HUMAN,Q8N5G2,Q8N5G2,active,non_surface,no,agrees,Q8N5G2,2026-08-06
MADCA_HUMAN,Q13477,Q13477,active,unclassified,no,agrees,Q13477,2026-08-06
MADD_HUMAN,Q8WXG6,Q8WXG6,active,non_surface,no,agrees,Q8WXG6,2026-08-06
MADL2_HUMAN,A6NDP7,A6NDP7,active,surface,no,agrees,A6NDP7,2026-08-06
MAFIP_HUMAN,Q8WZ33,Q8WZ33,active,unclassified,no,agrees,Q8WZ33,2026-08-06
MAGD1_HUMAN,Q9Y5V3,Q9Y5V3,active,unclassified,no,agrees,Q9Y5V3,2026-08-06
MAGH1_HUMAN,Q9H213,Q9H213,active,non_surface,no,agrees,Q9H213,2026-08-06
MAGL2_HUMAN,Q9UJ55,Q9UJ55,active,unclassified,no,agrees,Q9UJ55,2026-08-06
MAGT1_HUMAN,Q9H0U3,Q9H0U3,active,unclassified,no,agrees,Q9H0U3,2026-08-06
MAG_HUMAN,P20916,P20916,active,surface,no,agrees,P20916,2026-08-06
MAL2_HUMAN,Q969L2,Q969L2,active,unclassified,no,agrees,Q969L2,2026-08-06
MALD1_HUMAN,Q9BSK0,Q9BSK0,active,non_surface,no,agrees,Q9BSK0,2026-08-06
MALD2_HUMAN,Q8N4S9,Q8N4S9,active,non_surface,no,agrees,Q8N4S9,2026-08-06
MALD3_HUMAN,Q96A59,Q96A59,active,non_surface,no,agrees,Q96A59,2026-08-06
MALL_HUMAN,Q13021,Q13021,active,non_surface,no,agrees,Q13021,2026-08-06
MALR1_HUMAN,Q5VYJ5,Q5VYJ5,active,surface,no,agrees,Q5VYJ5,2026-08-06
MAL_HUMAN,P21145,P21145,active,non_surface,no,agrees,P21145,2026-08-06
MAMC2_HUMAN,Q7Z304,Q7Z304,active,unclassified,no,agrees,Q7Z304,2026-08-06
MAN1_HUMAN,Q9Y2U8,Q9Y2U8,active,non_surface,no,agrees,Q9Y2U8,2026-08-06
MANBA_HUMAN,O00462,O00462,active,unclassified,no,agrees,O00462,2026-08-06
MANBL_HUMAN,Q9NQG1,Q9NQG1,active,non_surface,no,agrees,Q9NQG1,2026-08-06
MANEA_HUMAN,Q5SRI9,Q5SRI9,active,non_surface,no,agrees,Q5SRI9,2026-08-06
MANEL_HUMAN,Q5VSG8,Q5VSG8,active,non_surface,no,agrees,Q5VSG8,2026-08-06
MANF_HUMAN,P55145,P55145,active,unclassified,no,agrees,P55145,2026-08-06
MANS1_HUMAN,Q9H8J5,Q9H8J5,active,surface,no,agrees,Q9H8J5,2026-08-06
MANS4_HUMAN,A6NHS7,A6NHS7,active,surface,no,agrees,A6NHS7,2026-08-06
MAPK5_HUMAN,Q8IW41,Q8IW41,active,non_surface,no,agrees,Q8IW41,2026-08-06
MAR1_HUMAN,Q16655,Q16655,active,non_surface,no,agrees,Q16655,2026-08-06
MARC1_HUMAN,Q5VT66,Q5VT66,active,non_surface,no,agrees,Q5VT66,2026-08-06
MARC2_HUMAN,Q969Z3,Q969Z3,active,non_surface,no,agrees,Q969Z3,2026-08-06
MARCO_HUMAN,Q9UEW3,Q9UEW3,active,unclassified,no,agrees,Q9UEW3,2026-08-06
MARH1_HUMAN,Q8TCQ1,Q8TCQ1,active,non_surface,no,agrees,Q8TCQ1,2026-08-06
MARH2_HUMAN,Q9P0N8,Q9P0N8,active,non_surface,no,agrees,Q9P0N8,2026-08-06
MARH3_HUMAN,Q86UD3,Q86UD3,active,non_surface,no,agrees,Q86UD3,2026-08-06
MARH4_HUMAN,Q9P2E8,Q9P2E8,active,non_surface,no,agrees,Q9P2E8,2026-08-06
MARH5_HUMAN,Q9NX47,Q9NX47,active,non_surface,no,agrees,Q9NX47,2026-08-06
MARH6_HUMAN,O60337,O60337,active,unclassified,no,agrees,O60337,2026-08-06
MARH8_HUMAN,Q5T0T0,Q5T0T0,active,non_surface,no,agrees,Q5T0T0,2026-08-06
MARH9_HUMAN,Q86YJ5,Q86YJ5,active,non_surface,no,agrees,Q86YJ5,2026-08-06
MARHB_HUMAN,A6NNE9,A6NNE9,active,non_surface,no,agrees,A6NNE9,2026-08-06
MAS1L_HUMAN,P35410,P35410,active,surface,no,agrees,P35410,2026-08-06
MASP1_HUMAN,P48740,P48740,active,unclassified,no,agrees,P48740,2026-08-06
MASP2_HUMAN,O00187,O00187,active,unclassified,no,agrees,O00187,2026-08-06
MAST2_HUMAN,Q6P0Q8,Q6P0Q8,active,non_surface,no,agrees,Q6P0Q8,2026-08-06
MAS_HUMAN,P04201,P04201,active,surface,no,agrees,P04201,2026-08-06
MATN1_HUMAN,P21941,P21941,active,unclassified,no,agrees,P21941,2026-08-06
MATN2_HUMAN,O00339,O00339,active,unclassified,no,agrees,O00339,2026-08-06
MATN3_HUMAN,O15232,O15232,active,unclassified,no,agrees,O15232,2026-08-06
MATN4_HUMAN,O95460,O95460,active,unclassified,no,agrees,O95460,2026-08-06
MATR3_HUMAN,P43243,P43243,active,unclassified,no,agrees,P43243,2026-08-06
MAVS_HUMAN,Q7Z434,Q7Z434,active,non_surface,no,agrees,Q7Z434,2026-08-06
MAZ_HUMAN,P56270,P56270,active,unclassified,no,agrees,P56270,2026-08-06
MBL2_HUMAN,P11226,P11226,active,unclassified,no,agrees,P11226,2026-08-06
MBOA1_HUMAN,Q6ZNC8,Q6ZNC8,active,non_surface,no,agrees,Q6ZNC8,2026-08-06
MBOA2_HUMAN,Q6ZWT7,Q6ZWT7,active,non_surface,no,agrees,Q6ZWT7,2026-08-06
MBOA4_HUMAN,Q96T53,Q96T53,active,non_surface,no,agrees,Q96T53,2026-08-06
MBOA5_HUMAN,Q6P1A2,Q6P1A2,active,non_surface,no,agrees,Q6P1A2,2026-08-06
MBOA7_HUMAN,Q96N66,Q96N66,active,non_surface,no,agrees,Q96N66,2026-08-06
MBRL_HUMAN,Q4ZIN3,Q4ZIN3,active,non_surface,no,agrees,Q4ZIN3,2026-08-06
MBTP1_HUMAN,Q14703,Q14703,active,non_surface,no,agrees,Q14703,2026-08-06
MBTP2_HUMAN,O43462,O43462,active,non_surface,no,agrees,O43462,2026-08-06
MC3R_HUMAN,P41968,P41968,active,surface,no,agrees,P41968,2026-08-06
MC4R_HUMAN,P32245,P32245,active,surface,no,agrees,P32245,2026-08-06
MC5R_HUMAN,P33032,P33032,active,surface,no,agrees,P33032,2026-08-06
MCAT_HUMAN,O43772,O43772,active,non_surface,no,agrees,O43772,2026-08-06
MCCA_HUMAN,Q96RQ3,Q96RQ3,active,unclassified,no,agrees,Q96RQ3,2026-08-06
MCEE_HUMAN,Q96PE7,Q96PE7,active,unclassified,no,agrees,Q96PE7,2026-08-06
MCEM1_HUMAN,Q8IX19,Q8IX19,active,unclassified,no,agrees,Q8IX19,2026-08-06
MCFD2_HUMAN,Q8NI22,Q8NI22,active,unclassified,no,agrees,Q8NI22,2026-08-06
MCHR1_HUMAN,Q99705,Q99705,active,surface,no,agrees,Q99705,2026-08-06
MCHR2_HUMAN,Q969V1,Q969V1,active,surface,no,agrees,Q969V1,2026-08-06
MCH_HUMAN,P20382,P20382,active,unclassified,no,agrees,P20382,2026-08-06
MCL1_HUMAN,Q07820,Q07820,active,non_surface,no,agrees,Q07820,2026-08-06
MCLN1_HUMAN,Q9GZU1,Q9GZU1,active,surface,no,agrees,Q9GZU1,2026-08-06
MCLN2_HUMAN,Q8IZK6,Q8IZK6,active,non_surface,no,agrees,Q8IZK6,2026-08-06
MCLN3_HUMAN,Q8TDD5,Q8TDD5,active,unclassified,no,agrees,Q8TDD5,2026-08-06
MCP_HUMAN,P15529,P15529,active,surface,no,agrees,P15529,2026-08-06
MCTP1_HUMAN,Q6DN14,Q6DN14,active,non_surface,no,agrees,Q6DN14,2026-08-06
MCTP2_HUMAN,Q6DN12,Q6DN12,active,unclassified,no,agrees,Q6DN12,2026-08-06
MCUB_HUMAN,Q9NWR8,Q9NWR8,active,non_surface,no,agrees,Q9NWR8,2026-08-06
MCUR1_HUMAN,Q96AQ8,Q96AQ8,active,non_surface,no,agrees,Q96AQ8,2026-08-06
MCU_HUMAN,Q8NE86,Q8NE86,active,non_surface,no,agrees,Q8NE86,2026-08-06
MDGA1_HUMAN,Q8NFP4,Q8NFP4,active,surface,no,agrees,Q8NFP4,2026-08-06
MDGA2_HUMAN,Q7Z553,Q7Z553,active,surface,no,agrees,Q7Z553,2026-08-06
MDR1_HUMAN,P08183,P08183,active,surface,no,agrees,P08183,2026-08-06
MDR3_HUMAN,P21439,P21439,active,surface,no,agrees,P21439,2026-08-06
MED24_HUMAN,O75448,O75448,active,non_surface,no,agrees,O75448,2026-08-06
MEG10_HUMAN,Q96KG7,Q96KG7,active,surface,no,agrees,Q96KG7,2026-08-06
MEG11_HUMAN,A6BM72,A6BM72,active,surface,no,agrees,A6BM72,2026-08-06
MEGF6_HUMAN,O75095,O75095,active,unclassified,no,agrees,O75095,2026-08-06
MEGF8_HUMAN,Q7Z7M0,Q7Z7M0,active,surface,no,agrees,Q7Z7M0,2026-08-06
MEGF9_HUMAN,Q9H1U4,Q9H1U4,active,surface,no,agrees,Q9H1U4,2026-08-06
MEI4L_HUMAN,A8MW99,A8MW99,active,unclassified,no,agrees,A8MW99,2026-08-06
MENTO_HUMAN,O95772,O95772,active,non_surface,no,agrees,O95772,2026-08-06
MENT_HUMAN,Q9BUN1,Q9BUN1,active,unclassified,no,agrees,Q9BUN1,2026-08-06
MEP1A_HUMAN,Q16819,Q16819,active,surface,no,agrees,Q16819,2026-08-06
MEP1B_HUMAN,Q16820,Q16820,active,surface,no,agrees,Q16820,2026-08-06
MEPE_HUMAN,Q9NQ76,Q9NQ76,active,unclassified,no,agrees,Q9NQ76,2026-08-06
MER34_HUMAN,Q9H9K5,Q9H9K5,active,surface,no,agrees,Q9H9K5,2026-08-06
MERTK_HUMAN,Q12866,Q12866,active,surface,no,agrees,Q12866,2026-08-06
MESD_HUMAN,Q14696,Q14696,active,unclassified,no,agrees,Q14696,2026-08-06
MEST_HUMAN,Q5EB52,Q5EB52,active,non_surface,no,agrees,Q5EB52,2026-08-06
MET12_HUMAN,A8MUP2,A8MUP2,active,unclassified,no,agrees,A8MUP2,2026-08-06
MET17_HUMAN,Q9H7H0,Q9H7H0,active,unclassified,no,agrees,Q9H7H0,2026-08-06
MET24_HUMAN,Q5JXM2,Q5JXM2,active,unclassified,no,agrees,Q5JXM2,2026-08-06
MET7A_HUMAN,Q9H8H3,Q9H8H3,active,unclassified,no,agrees,Q9H8H3,2026-08-06
MET7B_HUMAN,Q6UX53,Q6UX53,active,unclassified,no,agrees,Q6UX53,2026-08-06
METL9_HUMAN,Q9H1A3,Q9H1A3,active,unclassified,no,agrees,Q9H1A3,2026-08-06
METRL_HUMAN,Q641Q3,Q641Q3,active,unclassified,no,agrees,Q641Q3,2026-08-06
METRN_HUMAN,Q9UJH8,Q9UJH8,active,unclassified,no,agrees,Q9UJH8,2026-08-06
MET_HUMAN,P08581,P08581,active,surface,no,agrees,P08581,2026-08-06
MEX3C_HUMAN,Q5U5Q3,Q5U5Q3,active,unclassified,no,agrees,Q5U5Q3,2026-08-06
MF2L2_HUMAN,Q86YR7,Q86YR7,active,non_surface,no,agrees,Q86YR7,2026-08-06
MFA3L_HUMAN,O75121,O75121,active,surface,no,agrees,O75121,2026-08-06
MFAP2_HUMAN,P55001,P55001,active,unclassified,no,agrees,P55001,2026-08-06
MFAP3_HUMAN,P55082,P55082,active,surface,no,agrees,P55082,2026-08-06
MFAP4_HUMAN,P55083,P55083,active,unclassified,no,agrees,P55083,2026-08-06
MFAP5_HUMAN,Q13361,Q13361,active,unclassified,no,agrees,Q13361,2026-08-06
MFF_HUMAN,Q9GZY8,Q9GZY8,active,non_surface,no,agrees,Q9GZY8,2026-08-06
MFGM_HUMAN,Q08431,Q08431,active,unclassified,no,agrees,Q08431,2026-08-06
MFHA1_HUMAN,Q9Y4C4,Q9Y4C4,active,unclassified,no,agrees,Q9Y4C4,2026-08-06
MFN1_HUMAN,Q8IWA4,Q8IWA4,active,non_surface,no,agrees,Q8IWA4,2026-08-06
MFN2_HUMAN,O95140,O95140,active,non_surface,no,agrees,O95140,2026-08-06
MFNG_HUMAN,O00587,O00587,active,non_surface,no,agrees,O00587,2026-08-06
MFRP_HUMAN,Q9BY79,Q9BY79,active,surface,no,agrees,Q9BY79,2026-08-06
MFS10_HUMAN,Q14728,Q14728,active,non_surface,no,agrees,Q14728,2026-08-06
MFS11_HUMAN,O43934,O43934,active,surface,no,agrees,O43934,2026-08-06
MFS12_HUMAN,Q6NUT3,Q6NUT3,active,surface,no,agrees,Q6NUT3,2026-08-06
MFS2B_HUMAN,A6NFX1,A6NFX1,active,surface,no,agrees,A6NFX1,2026-08-06
MFS6L_HUMAN,Q8IWD5,Q8IWD5,active,surface,no,agrees,Q8IWD5,2026-08-06
MFSD1_HUMAN,Q9H3U5,Q9H3U5,active,unclassified,no,agrees,Q9H3U5,2026-08-06
MFSD3_HUMAN,Q96ES6,Q96ES6,active,non_surface,no,agrees,Q96ES6,2026-08-06
MFSD4_HUMAN,Q8N468,Q8N468,active,surface,no,agrees,Q8N468,2026-08-06
MFSD5_HUMAN,Q6N075,Q6N075,active,surface,no,agrees,Q6N075,2026-08-06
MFSD6_HUMAN,Q6ZSS7,Q6ZSS7,active,surface,no,agrees,Q6ZSS7,2026-08-06
MFSD7_HUMAN,Q6UXD7,Q6UXD7,active,surface,no,agrees,Q6UXD7,2026-08-06
MFSD8_HUMAN,Q8NHS3,Q8NHS3,active,surface,no,agrees,Q8NHS3,2026-08-06
MFSD9_HUMAN,Q8NBP5,Q8NBP5,active,unclassified,no,agrees,Q8NBP5,2026-08-06
MGAL_HUMAN,Q2M2H8,Q2M2H8,active,unclassified,no,agrees,Q2M2H8,2026-08-06
MGAT1_HUMAN,P26572,P26572,active,non_surface,no,agrees,P26572,2026-08-06
MGAT2_HUMAN,Q10469,Q10469,active,non_surface,no,agrees,Q10469,2026-08-06
MGAT3_HUMAN,Q09327,Q09327,active,non_surface,no,agrees,Q09327,2026-08-06
MGA_HUMAN,O43451,O43451,active,unclassified,no,agrees,O43451,2026-08-06
MGME1_HUMAN,Q9BQP7,Q9BQP7,active,unclassified,no,agrees,Q9BQP7,2026-08-06
MGP_HUMAN,P08493,P08493,active,unclassified,no,agrees,P08493,2026-08-06
MGST1_HUMAN,P10620,P10620,active,non_surface,no,agrees,P10620,2026-08-06
MGST2_HUMAN,Q99735,Q99735,active,non_surface,no,agrees,Q99735,2026-08-06
MGST3_HUMAN,O14880,O14880,active,non_surface,no,agrees,O14880,2026-08-06
MGT4A_HUMAN,Q9UM21,Q9UM21,active,non_surface,no,agrees,Q9UM21,2026-08-06
MGT4B_HUMAN,Q9UQ53,Q9UQ53,active,non_surface,no,agrees,Q9UQ53,2026-08-06
MGT4C_HUMAN,Q9UBM8,Q9UBM8,active,non_surface,no,agrees,Q9UBM8,2026-08-06
MGT4D_HUMAN,A6NG13,A6NG13,active,unclassified,no,agrees,A6NG13,2026-08-06
MGT5A_HUMAN,Q09328,Q09328,active,non_surface,no,agrees,Q09328,2026-08-06
MGT5B_HUMAN,Q3V5L5,Q3V5L5,active,non_surface,no,agrees,Q3V5L5,2026-08-06
MIA2_HUMAN,Q96PC5,Q96PC5,active,unclassified,yes,agrees,Q96PC5,2026-08-06
MIA3_HUMAN,Q5JRA6,Q5JRA6,active,unclassified,no,agrees,Q5JRA6,2026-08-06
MIA_HUMAN,Q16674,Q16674,active,unclassified,no,agrees,Q16674,2026-08-06
MIC10_HUMAN,Q5TGZ0,Q5TGZ0,active,non_surface,no,agrees,Q5TGZ0,2026-08-06
MIC27_HUMAN,Q6UXV4,Q6UXV4,active,non_surface,no,agrees,Q6UXV4,2026-08-06
MIC60_HUMAN,Q16891,Q16891,active,non_surface,no,agrees,Q16891,2026-08-06
MICA_HUMAN,Q29983,Q29983,active,surface,no,agrees,Q29983,2026-08-06
MICB_HUMAN,Q29980,Q29980,active,surface,no,agrees,Q29980,2026-08-06
MICU1_HUMAN,Q9BPX6,Q9BPX6,active,unclassified,no,agrees,Q9BPX6,2026-08-06
MICU3_HUMAN,Q86XE3,Q86XE3,active,non_surface,no,agrees,Q86XE3,2026-08-06
MID49_HUMAN,Q96C03,Q96C03,active,non_surface,no,agrees,Q96C03,2026-08-06
MID51_HUMAN,Q9NQG6,Q9NQG6,active,non_surface,no,agrees,Q9NQG6,2026-08-06
MILR1_HUMAN,Q7Z6M3,Q7Z6M3,active,surface,no,agrees,Q7Z6M3,2026-08-06
MIME_HUMAN,P20774,P20774,active,unclassified,no,agrees,P20774,2026-08-06
MINP1_HUMAN,Q9UNW1,Q9UNW1,active,unclassified,no,agrees,Q9UNW1,2026-08-06
MIPEP_HUMAN,Q99797,Q99797,active,unclassified,no,agrees,Q99797,2026-08-06
MIP_HUMAN,P30301,P30301,active,surface,no,agrees,P30301,2026-08-06
MIRH1_HUMAN,Q75NE6,Q75NE6,active,non_surface,no,agrees,Q75NE6,2026-08-06
MIRO1_HUMAN,Q8IXI2,Q8IXI2,active,non_surface,no,agrees,Q8IXI2,2026-08-06
MIRO2_HUMAN,Q8IXI1,Q8IXI1,active,non_surface,no,agrees,Q8IXI1,2026-08-06
MIS_HUMAN,P03971,P03971,active,unclassified,no,agrees,P03971,2026-08-06
MK01_HUMAN,P28482,P28482,active,unclassified,no,agrees,P28482,2026-08-06
MKS3_HUMAN,Q5HYA8,Q5HYA8,active,surface,no,agrees,Q5HYA8,2026-08-06
MK_HUMAN,P21741,P21741,active,unclassified,no,agrees,P21741,2026-08-06
MLC1_HUMAN,Q15049,Q15049,active,unclassified,no,agrees,Q15049,2026-08-06
MLEC_HUMAN,Q14165,Q14165,active,non_surface,no,agrees,Q14165,2026-08-06
MLXPL_HUMAN,Q9NP71,Q9NP71,active,unclassified,no,agrees,Q9NP71,2026-08-06
MMEL1_HUMAN,Q495T6,Q495T6,active,surface,no,agrees,Q495T6,2026-08-06
MMGT1_HUMAN,Q8N4V1,Q8N4V1,active,non_surface,no,agrees,Q8N4V1,2026-08-06
MMP10_HUMAN,P09238,P09238,active,unclassified,no,agrees,P09238,2026-08-06
MMP11_HUMAN,P24347,P24347,active,unclassified,no,agrees,P24347,2026-08-06
MMP12_HUMAN,P39900,P39900,active,unclassified,no,agrees,P39900,2026-08-06
MMP13_HUMAN,P45452,P45452,active,unclassified,no,agrees,P45452,2026-08-06
MMP14_HUMAN,P50281,P50281,active,surface,no,agrees,P50281,2026-08-06
MMP15_HUMAN,P51511,P51511,active,unclassified,no,agrees,P51511,2026-08-06
MMP16_HUMAN,P51512,P51512,active,surface,no,agrees,P51512,2026-08-06
MMP17_HUMAN,Q9ULZ9,Q9ULZ9,active,surface,no,agrees,Q9ULZ9,2026-08-06
MMP19_HUMAN,Q99542,Q99542,active,unclassified,no,agrees,Q99542,2026-08-06
MMP1_HUMAN,P03956,P03956,active,unclassified,no,agrees,P03956,2026-08-06
MMP20_HUMAN,O60882,O60882,active,unclassified,no,agrees,O60882,2026-08-06
MMP21_HUMAN,Q8N119,Q8N119,active,unclassified,no,agrees,Q8N119,2026-08-06
MMP23_HUMAN,O75900,O75900,active,non_surface,no,agrees,O75900,2026-08-06
MMP24_HUMAN,Q9Y5R2,Q9Y5R2,active,unclassified,no,agrees,Q9Y5R2,2026-08-06
MMP25_HUMAN,Q9NPA2,Q9NPA2,active,surface,no,agrees,Q9NPA2,2026-08-06
MMP26_HUMAN,Q9NRE1,Q9NRE1,active,unclassified,no,agrees,Q9NRE1,2026-08-06
MMP27_HUMAN,Q9H306,Q9H306,active,unclassified,no,agrees,Q9H306,2026-08-06
MMP28_HUMAN,Q9H239,Q9H239,active,unclassified,no,agrees,Q9H239,2026-08-06
MMP2_HUMAN,P08253,P08253,active,unclassified,no,agrees,P08253,2026-08-06
MMP3_HUMAN,P08254,P08254,active,unclassified,no,agrees,P08254,2026-08-06
MMP7_HUMAN,P09237,P09237,active,unclassified,no,agrees,P09237,2026-08-06
MMP8_HUMAN,P22894,P22894,active,unclassified,no,agrees,P22894,2026-08-06
MMP9_HUMAN,P14780,P14780,active,unclassified,no,agrees,P14780,2026-08-06
MMRN1_HUMAN,Q13201,Q13201,active,unclassified,no,agrees,Q13201,2026-08-06
MMRN2_HUMAN,Q9H8L6,Q9H8L6,active,unclassified,no,agrees,Q9H8L6,2026-08-06
MMSA_HUMAN,Q02252,Q02252,active,unclassified,no,agrees,Q02252,2026-08-06
MO2R1_HUMAN,Q8TD46,Q8TD46,active,surface,no,agrees,Q8TD46,2026-08-06
MO2R2_HUMAN,Q6Q8B3,Q6Q8B3,active,surface,no,agrees,Q6Q8B3,2026-08-06
MOGS_HUMAN,Q13724,Q13724,active,non_surface,no,agrees,Q13724,2026-08-06
MOGT1_HUMAN,Q96PD6,Q96PD6,active,non_surface,no,agrees,Q96PD6,2026-08-06
MOGT2_HUMAN,Q3SYC2,Q3SYC2,active,non_surface,no,agrees,Q3SYC2,2026-08-06
MOGT3_HUMAN,Q86VF5,Q86VF5,active,non_surface,no,agrees,Q86VF5,2026-08-06
MOG_HUMAN,Q16653,Q16653,active,surface,no,agrees,Q16653,2026-08-06
MOT10_HUMAN,Q8TF71,Q8TF71,active,unclassified,no,agrees,Q8TF71,2026-08-06
MOT11_HUMAN,Q8NCK7,Q8NCK7,active,unclassified,no,agrees,Q8NCK7,2026-08-06
MOT12_HUMAN,Q6ZSM3,Q6ZSM3,active,surface,no,agrees,Q6ZSM3,2026-08-06
MOT13_HUMAN,Q7RTY0,Q7RTY0,active,non_surface,no,agrees,Q7RTY0,2026-08-06
MOT14_HUMAN,Q7RTX9,Q7RTX9,active,unclassified,no,agrees,Q7RTX9,2026-08-06
MOT1_HUMAN,P53985,P53985,active,surface,no,agrees,P53985,2026-08-06
MOT2_HUMAN,O60669,O60669,active,surface,no,agrees,O60669,2026-08-06
MOT3_HUMAN,O95907,O95907,active,surface,no,agrees,O95907,2026-08-06
MOT4_HUMAN,O15427,O15427,active,unclassified,no,agrees,O15427,2026-08-06
MOT5_HUMAN,O15374,O15374,active,surface,no,agrees,O15374,2026-08-06
MOT6_HUMAN,O15375,O15375,active,surface,no,agrees,O15375,2026-08-06
MOT7_HUMAN,O15403,O15403,active,surface,no,agrees,O15403,2026-08-06
MOT8_HUMAN,P36021,P36021,active,unclassified,no,agrees,P36021,2026-08-06
MOT9_HUMAN,Q7RTY1,Q7RTY1,active,unclassified,no,agrees,Q7RTY1,2026-08-06
MOTI_HUMAN,P12872,P12872,active,unclassified,no,agrees,P12872,2026-08-06
MOXD1_HUMAN,Q6UVY6,Q6UVY6,active,unclassified,no,agrees,Q6UVY6,2026-08-06
MOXD2_HUMAN,A6NHM9,A6NHM9,active,unclassified,no,agrees,A6NHM9,2026-08-06
MP17L_HUMAN,Q2QL34,Q2QL34,active,non_surface,no,agrees,Q2QL34,2026-08-06
MP2K2_HUMAN,P36507,P36507,active,unclassified,no,agrees,P36507,2026-08-06
MPC1L_HUMAN,P0DKB6,P0DKB6,active,non_surface,no,agrees,P0DKB6,2026-08-06
MPC1_HUMAN,Q9Y5U8,Q9Y5U8,active,non_surface,no,agrees,Q9Y5U8,2026-08-06
MPC2_HUMAN,O95563,O95563,active,non_surface,no,agrees,O95563,2026-08-06
MPCP_HUMAN,Q00325,Q00325,active,non_surface,no,agrees,Q00325,2026-08-06
MPEG1_HUMAN,Q2M385,Q2M385,active,surface,no,agrees,Q2M385,2026-08-06
MPPA_HUMAN,Q10713,Q10713,active,unclassified,no,agrees,Q10713,2026-08-06
MPPD1_HUMAN,O15442,O15442,active,unclassified,no,agrees,O15442,2026-08-06
MPPE1_HUMAN,Q53F39,Q53F39,active,non_surface,no,agrees,Q53F39,2026-08-06
MPRA_HUMAN,Q86WK9,Q86WK9,active,non_surface,no,agrees,Q86WK9,2026-08-06
MPRB_HUMAN,Q8TEZ7,Q8TEZ7,active,unclassified,no,agrees,Q8TEZ7,2026-08-06
MPRD_HUMAN,P20645,P20645,active,surface,no,agrees,P20645,2026-08-06
MPRG_HUMAN,Q9NXK6,Q9NXK6,active,unclassified,no,agrees,Q9NXK6,2026-08-06
MPRI_HUMAN,P11717,P11717,active,surface,no,agrees,P11717,2026-08-06
MPU1_HUMAN,O75352,O75352,active,non_surface,no,agrees,O75352,2026-08-06
MPV17_HUMAN,P39210,P39210,active,non_surface,no,agrees,P39210,2026-08-06
MPZL1_HUMAN,O95297,O95297,active,surface,no,agrees,O95297,2026-08-06
MPZL2_HUMAN,O60487,O60487,active,surface,no,agrees,O60487,2026-08-06
MPZL3_HUMAN,Q6UWV2,Q6UWV2,active,surface,no,agrees,Q6UWV2,2026-08-06
MRAP2_HUMAN,Q96G30,Q96G30,active,unclassified,no,agrees,Q96G30,2026-08-06
MRAP_HUMAN,Q8TCY5,Q8TCY5,active,non_surface,no,agrees,Q8TCY5,2026-08-06
MRC1_HUMAN,P22897,P22897,active,surface,no,agrees,P22897,2026-08-06
MRC2_HUMAN,Q9UBG0,Q9UBG0,active,surface,no,agrees,Q9UBG0,2026-08-06
MRFL_HUMAN,Q96LU7,Q96LU7,active,unclassified,no,agrees,Q96LU7,2026-08-06
MRF_HUMAN,Q9Y2G1,Q9Y2G1,active,unclassified,no,agrees,Q9Y2G1,2026-08-06
MRGRD_HUMAN,Q8TDS7,Q8TDS7,active,surface,no,agrees,Q8TDS7,2026-08-06
MRGRE_HUMAN,Q86SM8,Q86SM8,active,surface,no,agrees,Q86SM8,2026-08-06
MRGRF_HUMAN,Q96AM1,Q96AM1,active,surface,no,agrees,Q96AM1,2026-08-06
MRGRG_HUMAN,Q86SM5,Q86SM5,active,surface,no,agrees,Q86SM5,2026-08-06
MRGX1_HUMAN,Q96LB2,Q96LB2,active,surface,no,agrees,Q96LB2,2026-08-06
MRGX2_HUMAN,Q96LB1,Q96LB1,active,surface,no,agrees,Q96LB1,2026-08-06
MRGX3_HUMAN,Q96LB0,Q96LB0,active,surface,no,agrees,Q96LB0,2026-08-06
MRGX4_HUMAN,Q96LA9,Q96LA9,active,surface,no,agrees,Q96LA9,2026-08-06
MROH7_HUMAN,Q68CQ1,Q68CQ1,active,non_surface,no,agrees,Q68CQ1,2026-08-06
MRP1_HUMAN,P33527,P33527,active,surface,no,agrees,P33527,2026-08-06
MRP2_HUMAN,Q92887,Q92887,active,surface,no,agrees,Q92887,2026-08-06
MRP3_HUMAN,O15438,O15438,active,surface,no,agrees,O15438,2026-08-06
MRP4_HUMAN,O15439,O15439,active,surface,no,agrees,O15439,2026-08-06
MRP5_HUMAN,O15440,O15440,active,surface,no,agrees,O15440,2026-08-06
MRP6_HUMAN,O95255,O95255,active,unclassified,no,agrees,O95255,2026-08-06
MRP7_HUMAN,Q5T3U5,Q5T3U5,active,surface,no,agrees,Q5T3U5,2026-08-06
MRP9_HUMAN,Q96J65,Q96J65,active,surface,no,agrees,Q96J65,2026-08-06
MRS2_HUMAN,Q9HD23,Q9HD23,active,non_surface,no,agrees,Q9HD23,2026-08-06
MRVI1_HUMAN,Q9Y6F6,Q9Y6F6,active,surface,no,agrees,Q9Y6F6,2026-08-06
MS4A3_HUMAN,Q96HJ5,Q96HJ5,active,unclassified,no,agrees,Q96HJ5,2026-08-06
MS4A5_HUMAN,Q9H3V2,Q9H3V2,active,unclassified,no,agrees,Q9H3V2,2026-08-06
MS4A7_HUMAN,Q9GZW8,Q9GZW8,active,unclassified,no,agrees,Q9GZW8,2026-08-06
MSH3_HUMAN,P20585,P20585,active,unclassified,no,agrees,P20585,2026-08-06
MSHR_HUMAN,Q01726,Q01726,active,surface,no,agrees,Q01726,2026-08-06
MSLNL_HUMAN,Q96KJ4,Q96KJ4,active,surface,no,agrees,Q96KJ4,2026-08-06
MSLN_HUMAN,Q13421,Q13421,active,surface,no,agrees,Q13421,2026-08-06
MSMB_HUMAN,P08118,P08118,active,unclassified,no,agrees,P08118,2026-08-06
MSMO1_HUMAN,Q15800,Q15800,active,non_surface,no,agrees,Q15800,2026-08-06
MSMP_HUMAN,Q1L6U9,Q1L6U9,active,unclassified,no,agrees,Q1L6U9,2026-08-06
MSPD1_HUMAN,Q9UJG1,Q9UJG1,active,non_surface,no,agrees,Q9UJG1,2026-08-06
MSPD2_HUMAN,Q8NHP6,Q8NHP6,active,non_surface,no,agrees,Q8NHP6,2026-08-06
MSPD3_HUMAN,O75425,O75425,active,non_surface,no,agrees,O75425,2026-08-06
MSRA_HUMAN,Q9UJ68,Q9UJ68,active,unclassified,no,agrees,Q9UJ68,2026-08-06
MSRB2_HUMAN,Q9Y3D2,Q9Y3D2,active,unclassified,no,agrees,Q9Y3D2,2026-08-06
MSRB3_HUMAN,Q8IXL7,Q8IXL7,active,unclassified,no,agrees,Q8IXL7,2026-08-06
MSRE_HUMAN,P21757,P21757,active,surface,no,agrees,P21757,2026-08-06
MST1L_HUMAN,Q2TV78,Q2TV78,active,unclassified,no,agrees,Q2TV78,2026-08-06
MT1B_HUMAN,P07438,P07438,active,unclassified,no,agrees,P07438,2026-08-06
MT1DP_HUMAN,A1L3X4,A1L3X4,active,unclassified,no,agrees,A1L3X4,2026-08-06
MT1F_HUMAN,P04733,P04733,active,unclassified,no,agrees,P04733,2026-08-06
MT1G_HUMAN,P13640,P13640,active,unclassified,no,agrees,P13640,2026-08-06
MT1L_HUMAN,Q93083,Q93083,active,unclassified,no,agrees,Q93083,2026-08-06
MT1M_HUMAN,Q8N339,Q8N339,active,unclassified,no,agrees,Q8N339,2026-08-06
MT21A_HUMAN,Q8WXB1,Q8WXB1,active,non_surface,no,agrees,Q8WXB1,2026-08-06
MTDC_HUMAN,P13995,P13995,active,unclassified,no,agrees,P13995,2026-08-06
MTLR_HUMAN,O43193,O43193,active,surface,no,agrees,O43193,2026-08-06
MTMR1_HUMAN,Q13613,Q13613,active,non_surface,no,agrees,Q13613,2026-08-06
MTMRE_HUMAN,Q8NCE2,Q8NCE2,active,unclassified,no,agrees,Q8NCE2,2026-08-06
MTP_HUMAN,P55157,P55157,active,unclassified,no,agrees,P55157,2026-08-06
MTR1A_HUMAN,P48039,P48039,active,surface,no,agrees,P48039,2026-08-06
MTR1B_HUMAN,P49286,P49286,active,surface,no,agrees,P49286,2026-08-06
MTR1L_HUMAN,Q13585,Q13585,active,surface,no,agrees,Q13585,2026-08-06
MTU1_HUMAN,O75648,O75648,active,unclassified,no,agrees,O75648,2026-08-06
MTX1_HUMAN,Q13505,Q13505,active,non_surface,no,agrees,Q13505,2026-08-06
MTX2_HUMAN,O75431,O75431,active,unclassified,no,agrees,O75431,2026-08-06
MUC12_HUMAN,Q9UKN1,Q9UKN1,active,surface,no,agrees,Q9UKN1,2026-08-06
MUC13_HUMAN,Q9H3R2,Q9H3R2,active,surface,no,agrees,Q9H3R2,2026-08-06
MUC15_HUMAN,Q8N387,Q8N387,active,surface,no,agrees,Q8N387,2026-08-06
MUC16_HUMAN,Q8WXI7,Q8WXI7,active,surface,no,agrees,Q8WXI7,2026-08-06
MUC17_HUMAN,Q685J3,Q685J3,active,surface,no,agrees,Q685J3,2026-08-06
MUC18_HUMAN,P43121,P43121,active,surface,no,agrees,P43121,2026-08-06
MUC1_HUMAN,P15941,P15941,active,surface,no,agrees,P15941,2026-08-06
MUC20_HUMAN,Q8N307,Q8N307,active,unclassified,no,agrees,Q8N307,2026-08-06
MUC21_HUMAN,Q5SSG8,Q5SSG8,active,surface,no,agrees,Q5SSG8,2026-08-06
MUC22_HUMAN,E2RYF6,E2RYF6,active,surface,no,agrees,E2RYF6,2026-08-06
MUC24_HUMAN,Q04900,Q04900,active,surface,no,agrees,Q04900,2026-08-06
MUC2_HUMAN,Q02817,Q02817,active,unclassified,no,agrees,Q02817,2026-08-06
MUC3A_HUMAN,Q02505,Q02505,active,surface,no,agrees,Q02505,2026-08-06
MUC3B_HUMAN,Q9H195,Q9H195,active,surface,no,agrees,Q9H195,2026-08-06
MUC4_HUMAN,Q99102,Q99102,active,surface,no,agrees,Q99102,2026-08-06
MUC5A_HUMAN,P98088,P98088,active,unclassified,no,agrees,P98088,2026-08-06
MUC5B_HUMAN,Q9HC84,Q9HC84,active,unclassified,no,agrees,Q9HC84,2026-08-06
MUC6_HUMAN,Q6W4X9,Q6W4X9,active,unclassified,no,agrees,Q6W4X9,2026-08-06
MUC7_HUMAN,Q8TAX7,Q8TAX7,active,unclassified,no,agrees,Q8TAX7,2026-08-06
MUCEN_HUMAN,Q9ULC0,Q9ULC0,active,surface,no,agrees,Q9ULC0,2026-08-06
MUCL1_HUMAN,Q96DR8,Q96DR8,active,unclassified,no,agrees,Q96DR8,2026-08-06
MUL1_HUMAN,Q969V5,Q969V5,active,non_surface,no,agrees,Q969V5,2026-08-06
MUSK_HUMAN,O15146,O15146,active,surface,no,agrees,O15146,2026-08-06
MXRA5_HUMAN,Q9NR99,Q9NR99,active,unclassified,no,agrees,Q9NR99,2026-08-06
MXRA7_HUMAN,P84157,P84157,active,unclassified,no,agrees,P84157,2026-08-06
MXRA8_HUMAN,Q9BRK3,Q9BRK3,active,surface,no,agrees,Q9BRK3,2026-08-06
MYADM_HUMAN,Q96S97,Q96S97,active,surface,no,agrees,Q96S97,2026-08-06
MYCT1_HUMAN,Q8N699,Q8N699,active,non_surface,no,agrees,Q8N699,2026-08-06
MYCT_HUMAN,Q96QE2,Q96QE2,active,surface,no,agrees,Q96QE2,2026-08-06
MYEOV_HUMAN,Q96EZ4,Q96EZ4,active,non_surface,no,agrees,Q96EZ4,2026-08-06
MYL1_HUMAN,P05976,P05976,active,unclassified,no,agrees,P05976,2026-08-06
MYO5C_HUMAN,Q9NQX4,Q9NQX4,active,non_surface,no,agrees,Q9NQX4,2026-08-06
MYO9A_HUMAN,B2RTY4,B2RTY4,active,non_surface,no,agrees,B2RTY4,2026-08-06
MYOC_HUMAN,Q99972,Q99972,active,unclassified,no,agrees,Q99972,2026-08-06
MYOF_HUMAN,Q9NZM1,Q9NZM1,active,surface,no,agrees,Q9NZM1,2026-08-06
MYP0_HUMAN,P25189,P25189,active,surface,no,agrees,P25189,2026-08-06
MYPR_HUMAN,P60201,P60201,active,surface,no,agrees,P60201,2026-08-06
MYZAP_HUMAN,P0CAP1,P0CAP1,active,unclassified,no,agrees,P0CAP1,2026-08-06
MZB1_HUMAN,Q8WU39,Q8WU39,active,unclassified,no,agrees,Q8WU39,2026-08-06
MZT1_HUMAN,Q08AG7,Q08AG7,active,unclassified,no,agrees,Q08AG7,2026-08-06
N2DL1_HUMAN,Q9BZM6,Q9BZM6,active,surface,no,agrees,Q9BZM6,2026-08-06
N2DL2_HUMAN,Q9BZM5,Q9BZM5,active,surface,no,agrees,Q9BZM5,2026-08-06
N2DL3_HUMAN,Q9BZM4,Q9BZM4,active,surface,no,agrees,Q9BZM4,2026-08-06
N2DL4_HUMAN,Q8TD07,Q8TD07,active,surface,no,agrees,Q8TD07,2026-08-06
NAA25_HUMAN,Q14CX7,Q14CX7,active,non_surface,no,agrees,Q14CX7,2026-08-06
NAAA_HUMAN,Q02083,Q02083,active,unclassified,no,agrees,Q02083,2026-08-06
NAC1_HUMAN,P32418,P32418,active,surface,no,agrees,P32418,2026-08-06
NAC2_HUMAN,Q9UPR5,Q9UPR5,active,surface,no,agrees,Q9UPR5,2026-08-06
NAC3_HUMAN,P57103,P57103,active,surface,no,agrees,P57103,2026-08-06
NADC_HUMAN,Q15274,Q15274,active,unclassified,no,agrees,Q15274,2026-08-06
NADE_HUMAN,Q6IA69,Q6IA69,active,unclassified,no,agrees,Q6IA69,2026-08-06
NADL2_HUMAN,Q58DX5,Q58DX5,active,unclassified,no,agrees,Q58DX5,2026-08-06
NAGAB_HUMAN,P17050,P17050,active,unclassified,no,agrees,P17050,2026-08-06
NAGPA_HUMAN,Q9UK23,Q9UK23,active,surface,no,agrees,Q9UK23,2026-08-06
NAGS_HUMAN,Q8N159,Q8N159,active,unclassified,no,agrees,Q8N159,2026-08-06
NAGT1_HUMAN,Q5TF39,Q5TF39,active,surface,no,agrees,Q5TF39,2026-08-06
NALCN_HUMAN,Q8IZF0,Q8IZF0,active,surface,no,agrees,Q8IZF0,2026-08-06
NALD2_HUMAN,Q9Y3Q0,Q9Y3Q0,active,non_surface,no,agrees,Q9Y3Q0,2026-08-06
NALDL_HUMAN,Q9UQQ1,Q9UQQ1,active,surface,no,agrees,Q9UQQ1,2026-08-06
NALP1_HUMAN,Q9C000,Q9C000,active,non_surface,no,agrees,Q9C000,2026-08-06
NALP3_HUMAN,Q96P20,Q96P20,active,non_surface,no,agrees,Q96P20,2026-08-06
NALP5_HUMAN,P59047,P59047,active,unclassified,no,agrees,P59047,2026-08-06
NALP6_HUMAN,P59044,P59044,active,non_surface,no,agrees,P59044,2026-08-06
NALP9_HUMAN,Q7RTR0,Q7RTR0,active,non_surface,no,agrees,Q7RTR0,2026-08-06
NAPSA_HUMAN,O96009,O96009,active,unclassified,no,agrees,O96009,2026-08-06
NAR1_HUMAN,P52961,P52961,active,surface,no,agrees,P52961,2026-08-06
NAR3_HUMAN,Q13508,Q13508,active,surface,no,agrees,Q13508,2026-08-06
NAR4_HUMAN,Q93070,Q93070,active,surface,no,agrees,Q93070,2026-08-06
NAR5_HUMAN,Q96L15,Q96L15,active,unclassified,no,agrees,Q96L15,2026-08-06
NASP_HUMAN,P49321,P49321,active,unclassified,no,agrees,P49321,2026-08-06
NAT10_HUMAN,Q9H0A0,Q9H0A0,active,non_surface,no,agrees,Q9H0A0,2026-08-06
NAT14_HUMAN,Q8WUY8,Q8WUY8,active,non_surface,no,agrees,Q8WUY8,2026-08-06
NAT8B_HUMAN,Q9UHF3,Q9UHF3,active,non_surface,no,agrees,Q9UHF3,2026-08-06
NAT8L_HUMAN,Q8N9F0,Q8N9F0,active,non_surface,no,agrees,Q8N9F0,2026-08-06
NAT8_HUMAN,Q9UHE5,Q9UHE5,active,non_surface,no,agrees,Q9UHE5,2026-08-06
NB5R1_HUMAN,Q9UHQ9,Q9UHQ9,active,unclassified,no,agrees,Q9UHQ9,2026-08-06
NB5R3_HUMAN,P00387,P00387,active,non_surface,no,agrees,P00387,2026-08-06
NBEA_HUMAN,Q8NFP9,Q8NFP9,active,non_surface,no,agrees,Q8NFP9,2026-08-06
NBL1_HUMAN,P41271,P41271,active,unclassified,no,agrees,P41271,2026-08-06
NC301_HUMAN,Q8NCQ3,Q8NCQ3,active,non_surface,no,agrees,Q8NCQ3,2026-08-06
NCAM1_HUMAN,P13591,P13591,active,surface,no,agrees,P13591,2026-08-06
NCAM2_HUMAN,O15394,O15394,active,surface,no,agrees,O15394,2026-08-06
NCAN_HUMAN,O14594,O14594,active,unclassified,no,agrees,O14594,2026-08-06
NCAS2_HUMAN,Q69YL0,Q69YL0,active,unclassified,no,agrees,Q69YL0,2026-08-06
NCEH1_HUMAN,Q6PIU2,Q6PIU2,active,non_surface,no,agrees,Q6PIU2,2026-08-06
NCHL1_HUMAN,O00533,O00533,active,surface,no,agrees,O00533,2026-08-06
NCKP1_HUMAN,Q9Y2A7,Q9Y2A7,active,non_surface,no,agrees,Q9Y2A7,2026-08-06
NCKPL_HUMAN,P55160,P55160,active,non_surface,no,agrees,P55160,2026-08-06
NCKX1_HUMAN,O60721,O60721,active,unclassified,no,agrees,O60721,2026-08-06
NCKX2_HUMAN,Q9UI40,Q9UI40,active,surface,no,agrees,Q9UI40,2026-08-06
NCKX3_HUMAN,Q9HC58,Q9HC58,active,surface,no,agrees,Q9HC58,2026-08-06
NCKX4_HUMAN,Q8NFF2,Q8NFF2,active,surface,no,agrees,Q8NFF2,2026-08-06
NCKX5_HUMAN,Q71RS6,Q71RS6,active,surface,no,agrees,Q71RS6,2026-08-06
NCKX6_HUMAN,Q6J4K2,Q6J4K2,active,surface,no,agrees,Q6J4K2,2026-08-06
NCLN_HUMAN,Q969V3,Q969V3,active,unclassified,no,agrees,Q969V3,2026-08-06
NCMAP_HUMAN,Q5T1S8,Q5T1S8,active,surface,no,agrees,Q5T1S8,2026-08-06
NCPR_HUMAN,P16435,P16435,active,non_surface,no,agrees,P16435,2026-08-06
NCTR1_HUMAN,O76036,O76036,active,surface,no,agrees,O76036,2026-08-06
NCTR2_HUMAN,O95944,O95944,active,surface,no,agrees,O95944,2026-08-06
NCTR3_HUMAN,O14931,O14931,active,surface,no,agrees,O14931,2026-08-06
NCUG1_HUMAN,Q8WWB7,Q8WWB7,active,surface,no,agrees,Q8WWB7,2026-08-06
NDC1_HUMAN,Q9BTX1,Q9BTX1,active,non_surface,no,agrees,Q9BTX1,2026-08-06
NDK3_HUMAN,Q13232,Q13232,active,unclassified,no,agrees,Q13232,2026-08-06
NDK6_HUMAN,O75414,O75414,active,unclassified,no,agrees,O75414,2026-08-06
NDNF_HUMAN,Q8TB73,Q8TB73,active,unclassified,no,agrees,Q8TB73,2026-08-06
NDOR1_HUMAN,Q9UHB4,Q9UHB4,active,unclassified,no,agrees,Q9UHB4,2026-08-06
NDP_HUMAN,Q00604,Q00604,active,unclassified,no,agrees,Q00604,2026-08-06
NDST1_HUMAN,P52848,P52848,active,non_surface,no,agrees,P52848,2026-08-06
NDST2_HUMAN,P52849,P52849,active,non_surface,no,agrees,P52849,2026-08-06
NDST3_HUMAN,O95803,O95803,active,non_surface,no,agrees,O95803,2026-08-06
NDST4_HUMAN,Q9H3R1,Q9H3R1,active,non_surface,no,agrees,Q9H3R1,2026-08-06
NDUA1_HUMAN,O15239,O15239,active,non_surface,no,agrees,O15239,2026-08-06
NDUA3_HUMAN,O95167,O95167,active,non_surface,no,agrees,O95167,2026-08-06
NDUA4_HUMAN,O00483,O00483,active,non_surface,no,agrees,O00483,2026-08-06
NDUAA_HUMAN,O95299,O95299,active,unclassified,no,agrees,O95299,2026-08-06
NDUAD_HUMAN,Q9P0J0,Q9P0J0,active,non_surface,no,agrees,Q9P0J0,2026-08-06
NDUB1_HUMAN,O75438,O75438,active,non_surface,no,agrees,O75438,2026-08-06
NDUB2_HUMAN,O95178,O95178,active,non_surface,no,agrees,O95178,2026-08-06
NDUB3_HUMAN,O43676,O43676,active,non_surface,no,agrees,O43676,2026-08-06
NDUB4_HUMAN,O95168,O95168,active,non_surface,no,agrees,O95168,2026-08-06
NDUB5_HUMAN,O43674,O43674,active,non_surface,no,agrees,O43674,2026-08-06
NDUB6_HUMAN,O95139,O95139,active,non_surface,no,agrees,O95139,2026-08-06
NDUB8_HUMAN,O95169,O95169,active,non_surface,no,agrees,O95169,2026-08-06
NDUBB_HUMAN,Q9NX14,Q9NX14,active,non_surface,no,agrees,Q9NX14,2026-08-06
NDUC1_HUMAN,O43677,O43677,active,non_surface,no,agrees,O43677,2026-08-06
NDUC2_HUMAN,O95298,O95298,active,non_surface,no,agrees,O95298,2026-08-06
NDUCR_HUMAN,E9PQ53,E9PQ53,active,non_surface,no,agrees,E9PQ53,2026-08-06
NDUF7_HUMAN,Q7L592,Q7L592,active,unclassified,no,agrees,Q7L592,2026-08-06
NDUS2_HUMAN,O75306,O75306,active,unclassified,no,agrees,O75306,2026-08-06
NDUS4_HUMAN,O43181,O43181,active,unclassified,no,agrees,O43181,2026-08-06
NDUS8_HUMAN,O00217,O00217,active,unclassified,no,agrees,O00217,2026-08-06
NDUV2_HUMAN,P19404,P19404,active,unclassified,no,agrees,P19404,2026-08-06
NEC1_HUMAN,P29120,P29120,active,unclassified,no,agrees,P29120,2026-08-06
NEC2_HUMAN,P16519,P16519,active,unclassified,no,agrees,P16519,2026-08-06
NECA3_HUMAN,Q96P71,Q96P71,active,unclassified,no,agrees,Q96P71,2026-08-06
NECD_HUMAN,Q99608,Q99608,active,non_surface,no,agrees,Q99608,2026-08-06
NEGR1_HUMAN,Q7Z3B1,Q7Z3B1,active,surface,no,agrees,Q7Z3B1,2026-08-06
NELL1_HUMAN,Q92832,Q92832,active,unclassified,no,agrees,Q92832,2026-08-06
NELL2_HUMAN,Q99435,Q99435,active,unclassified,no,agrees,Q99435,2026-08-06
NENF_HUMAN,Q9UMX5,Q9UMX5,active,unclassified,no,agrees,Q9UMX5,2026-08-06
NEO1_HUMAN,Q92859,Q92859,active,surface,no,agrees,Q92859,2026-08-06
NEPR1_HUMAN,Q8N9A8,Q8N9A8,active,non_surface,no,agrees,Q8N9A8,2026-08-06
NEP_HUMAN,P08473,P08473,active,surface,no,agrees,P08473,2026-08-06
NET1_HUMAN,O95631,O95631,active,unclassified,no,agrees,O95631,2026-08-06
NET3_HUMAN,O00634,O00634,active,unclassified,no,agrees,O00634,2026-08-06
NET4_HUMAN,Q9HB63,Q9HB63,active,unclassified,no,agrees,Q9HB63,2026-08-06
NET5_HUMAN,Q8WTR8,Q8WTR8,active,unclassified,no,agrees,Q8WTR8,2026-08-06
NETO1_HUMAN,Q8TDF5,Q8TDF5,active,surface,no,agrees,Q8TDF5,2026-08-06
NETO2_HUMAN,Q8NC67,Q8NC67,active,surface,no,agrees,Q8NC67,2026-08-06
NETR_HUMAN,P56730,P56730,active,unclassified,no,agrees,P56730,2026-08-06
NEU1_HUMAN,P01178,P01178,active,unclassified,no,agrees,P01178,2026-08-06
NEU2_HUMAN,P01185,P01185,active,unclassified,no,agrees,P01185,2026-08-06
NEUFC_HUMAN,Q8WUJ1,Q8WUJ1,active,unclassified,no,agrees,Q8WUJ1,2026-08-06
NEUR1_HUMAN,Q99519,Q99519,active,unclassified,no,agrees,Q99519,2026-08-06
NEUS_HUMAN,Q99574,Q99574,active,unclassified,no,agrees,Q99574,2026-08-06
NEUT_HUMAN,P30990,P30990,active,unclassified,no,agrees,P30990,2026-08-06
NF2L1_HUMAN,Q14494,Q14494,active,unclassified,no,agrees,Q14494,2026-08-06
NF2L3_HUMAN,Q9Y4A8,Q9Y4A8,active,unclassified,no,agrees,Q9Y4A8,2026-08-06
NFAM1_HUMAN,Q8NET5,Q8NET5,active,surface,no,agrees,Q8NET5,2026-08-06
NFASC_HUMAN,O94856,O94856,active,surface,no,agrees,O94856,2026-08-06
NFIP1_HUMAN,Q9BT67,Q9BT67,active,non_surface,no,agrees,Q9BT67,2026-08-06
NFIP2_HUMAN,Q9NV92,Q9NV92,active,non_surface,no,agrees,Q9NV92,2026-08-06
NFS1_HUMAN,Q9Y697,Q9Y697,active,unclassified,no,agrees,Q9Y697,2026-08-06
NFXL1_HUMAN,Q6ZNB6,Q6ZNB6,active,non_surface,no,agrees,Q6ZNB6,2026-08-06
NGAL_HUMAN,P80188,P80188,active,unclassified,no,agrees,P80188,2026-08-06
NGF_HUMAN,P01138,P01138,active,unclassified,no,agrees,P01138,2026-08-06
NGLY1_HUMAN,Q96IV0,Q96IV0,active,unclassified,no,agrees,Q96IV0,2026-08-06
NGRN_HUMAN,Q9NPE2,Q9NPE2,active,unclassified,no,agrees,Q9NPE2,2026-08-06
NHLC3_HUMAN,Q5JS37,Q5JS37,active,unclassified,no,agrees,Q5JS37,2026-08-06
NICA_HUMAN,Q92542,Q92542,active,surface,no,agrees,Q92542,2026-08-06
NID1_HUMAN,P14543,P14543,active,unclassified,no,agrees,P14543,2026-08-06
NID2_HUMAN,Q14112,Q14112,active,unclassified,no,agrees,Q14112,2026-08-06
NIM1_HUMAN,Q8IY84,Q8IY84,active,non_surface,no,agrees,Q8IY84,2026-08-06
NINJ1_HUMAN,Q92982,Q92982,active,unclassified,no,agrees,Q92982,2026-08-06
NINJ2_HUMAN,Q9NZG7,Q9NZG7,active,non_surface,no,agrees,Q9NZG7,2026-08-06
NIPA1_HUMAN,Q7RTP0,Q7RTP0,active,non_surface,no,agrees,Q7RTP0,2026-08-06
NIPA2_HUMAN,Q8N8Q9,Q8N8Q9,active,non_surface,no,agrees,Q8N8Q9,2026-08-06
NIPA3_HUMAN,Q6NVV3,Q6NVV3,active,surface,no,agrees,Q6NVV3,2026-08-06
NIPA4_HUMAN,Q0D2K0,Q0D2K0,active,surface,no,agrees,Q0D2K0,2026-08-06
NIPS2_HUMAN,O75323,O75323,active,unclassified,no,agrees,O75323,2026-08-06
NIT1_HUMAN,Q86X76,Q86X76,active,unclassified,no,agrees,Q86X76,2026-08-06
NIT2_HUMAN,Q9NQR4,Q9NQR4,active,unclassified,no,agrees,Q9NQR4,2026-08-06
NK1R_HUMAN,P25103,P25103,active,surface,no,agrees,P25103,2026-08-06
NK2R_HUMAN,P21452,P21452,active,surface,no,agrees,P21452,2026-08-06
NK3R_HUMAN,P29371,P29371,active,surface,no,agrees,P29371,2026-08-06
NKAI1_HUMAN,Q4KMZ8,Q4KMZ8,active,surface,no,agrees,Q4KMZ8,2026-08-06
NKAI2_HUMAN,Q5VXU1,Q5VXU1,active,surface,no,agrees,Q5VXU1,2026-08-06
NKAI3_HUMAN,Q8N8D7,Q8N8D7,active,surface,no,agrees,Q8N8D7,2026-08-06
NKAI4_HUMAN,Q8IVV8,Q8IVV8,active,non_surface,no,agrees,Q8IVV8,2026-08-06
NKG2A_HUMAN,P26715,P26715,active,surface,no,agrees,P26715,2026-08-06
NKG2C_HUMAN,P26717,P26717,active,surface,no,agrees,P26717,2026-08-06
NKG2D_HUMAN,P26718,P26718,active,surface,no,agrees,P26718,2026-08-06
NKG2E_HUMAN,Q07444,Q07444,active,surface,no,agrees,Q07444,2026-08-06
NKG2F_HUMAN,O43908,O43908,active,unclassified,no,agrees,O43908,2026-08-06
NKG7_HUMAN,Q16617,Q16617,active,non_surface,no,agrees,Q16617,2026-08-06
NKPD1_HUMAN,Q17RQ9,Q17RQ9,active,non_surface,no,agrees,Q17RQ9,2026-08-06
NLGN1_HUMAN,Q8N2Q7,Q8N2Q7,active,surface,no,agrees,Q8N2Q7,2026-08-06
NLGN2_HUMAN,Q8NFZ4,Q8NFZ4,active,surface,no,agrees,Q8NFZ4,2026-08-06
NLGN3_HUMAN,Q9NZ94,Q9NZ94,active,surface,no,agrees,Q9NZ94,2026-08-06
NLGNX_HUMAN,Q8N0W4,Q8N0W4,active,surface,no,agrees,Q8N0W4,2026-08-06
NLGNY_HUMAN,Q8NFZ3,Q8NFZ3,active,surface,no,agrees,Q8NFZ3,2026-08-06
NLRC3_HUMAN,Q7RTR2,Q7RTR2,active,non_surface,no,agrees,Q7RTR2,2026-08-06
NLS1_HUMAN,Q8NA29,Q8NA29,active,surface,no,agrees,Q8NA29,2026-08-06
NMBR_HUMAN,P28336,P28336,active,surface,no,agrees,P28336,2026-08-06
NMB_HUMAN,P08949,P08949,active,unclassified,no,agrees,P08949,2026-08-06
NMD3A_HUMAN,Q8TCU5,Q8TCU5,active,surface,no,agrees,Q8TCU5,2026-08-06
NMD3B_HUMAN,O60391,O60391,active,surface,no,agrees,O60391,2026-08-06
NMDE1_HUMAN,Q12879,Q12879,active,surface,no,agrees,Q12879,2026-08-06
NMDE2_HUMAN,Q13224,Q13224,active,surface,no,agrees,Q13224,2026-08-06
NMDE3_HUMAN,Q14957,Q14957,active,surface,no,agrees,Q14957,2026-08-06
NMDE4_HUMAN,O15399,O15399,active,surface,no,agrees,O15399,2026-08-06
NMDZ1_HUMAN,Q05586,Q05586,active,surface,no,agrees,Q05586,2026-08-06
NMES1_HUMAN,Q9C002,Q9C002,active,non_surface,no,agrees,Q9C002,2026-08-06
NMNA3_HUMAN,Q96T66,Q96T66,active,unclassified,no,agrees,Q96T66,2026-08-06
NMS_HUMAN,Q5H8A3,Q5H8A3,active,unclassified,no,agrees,Q5H8A3,2026-08-06
NMUR1_HUMAN,Q9HB89,Q9HB89,active,surface,no,agrees,Q9HB89,2026-08-06
NMUR2_HUMAN,Q9GZQ4,Q9GZQ4,active,surface,no,agrees,Q9GZQ4,2026-08-06
NMU_HUMAN,P48645,P48645,active,unclassified,no,agrees,P48645,2026-08-06
NNAT_HUMAN,Q16517,Q16517,active,non_surface,no,agrees,Q16517,2026-08-06
NNRD_HUMAN,Q8IW45,Q8IW45,active,unclassified,no,agrees,Q8IW45,2026-08-06
NNRE_HUMAN,Q8NCW5,Q8NCW5,active,unclassified,no,agrees,Q8NCW5,2026-08-06
NNTM_HUMAN,Q13423,Q13423,active,non_surface,no,agrees,Q13423,2026-08-06
NOA1_HUMAN,Q8NC60,Q8NC60,active,unclassified,no,agrees,Q8NC60,2026-08-06
NOC2L_HUMAN,Q9Y3T9,Q9Y3T9,active,non_surface,no,agrees,Q9Y3T9,2026-08-06
NODAL_HUMAN,Q96S42,Q96S42,active,unclassified,no,agrees,Q96S42,2026-08-06
NOE1_HUMAN,Q99784,Q99784,active,unclassified,no,agrees,Q99784,2026-08-06
NOE2_HUMAN,O95897,O95897,active,unclassified,no,agrees,O95897,2026-08-06
NOE3_HUMAN,Q96PB7,Q96PB7,active,unclassified,no,agrees,Q96PB7,2026-08-06
NOGG_HUMAN,Q13253,Q13253,active,unclassified,no,agrees,Q13253,2026-08-06
NOMO1_HUMAN,Q15155,Q15155,active,non_surface,no,agrees,Q15155,2026-08-06
NOMO2_HUMAN,Q5JPE7,Q5JPE7,active,non_surface,no,agrees,Q5JPE7,2026-08-06
NOMO3_HUMAN,P69849,P69849,active,non_surface,no,agrees,P69849,2026-08-06
NOTC1_HUMAN,P46531,P46531,active,surface,no,agrees,P46531,2026-08-06
NOTC2_HUMAN,Q04721,Q04721,active,surface,no,agrees,Q04721,2026-08-06
NOTC3_HUMAN,Q9UM47,Q9UM47,active,surface,no,agrees,Q9UM47,2026-08-06
NOTC4_HUMAN,Q99466,Q99466,active,surface,no,agrees,Q99466,2026-08-06
NOTUM_HUMAN,Q6P988,Q6P988,active,unclassified,no,agrees,Q6P988,2026-08-06
NOV_HUMAN,P48745,P48745,active,unclassified,no,agrees,P48745,2026-08-06
NOX1_HUMAN,Q9Y5S8,Q9Y5S8,active,unclassified,no,agrees,Q9Y5S8,2026-08-06
NOX3_HUMAN,Q9HBY0,Q9HBY0,active,unclassified,no,agrees,Q9HBY0,2026-08-06
NOX4_HUMAN,Q9NPH5,Q9NPH5,active,surface,no,agrees,Q9NPH5,2026-08-06
NOX5_HUMAN,Q96PH1,Q96PH1,active,unclassified,no,agrees,Q96PH1,2026-08-06
NPAL2_HUMAN,Q9H841,Q9H841,active,surface,no,agrees,Q9H841,2026-08-06
NPAL3_HUMAN,Q6P499,Q6P499,active,surface,no,agrees,Q6P499,2026-08-06
NPB11_HUMAN,E5RHQ5,E5RHQ5,active,non_surface,no,agrees,E5RHQ5,2026-08-06
NPB15_HUMAN,A6NHN6,A6NHN6,active,unclassified,no,agrees,A6NHN6,2026-08-06
NPBW1_HUMAN,P48145,P48145,active,surface,no,agrees,P48145,2026-08-06
NPBW2_HUMAN,P48146,P48146,active,surface,no,agrees,P48146,2026-08-06
NPB_HUMAN,Q8NG41,Q8NG41,active,unclassified,no,agrees,Q8NG41,2026-08-06
NPC1_HUMAN,O15118,O15118,active,surface,no,agrees,O15118,2026-08-06
NPC2_HUMAN,P61916,P61916,active,unclassified,no,agrees,P61916,2026-08-06
NPCL1_HUMAN,Q9UHC9,Q9UHC9,active,surface,no,agrees,Q9UHC9,2026-08-06
NPDC1_HUMAN,Q9NQX5,Q9NQX5,active,unclassified,no,agrees,Q9NQX5,2026-08-06
NPFF1_HUMAN,Q9GZQ6,Q9GZQ6,active,surface,no,agrees,Q9GZQ6,2026-08-06
NPFF2_HUMAN,Q9Y5X5,Q9Y5X5,active,surface,no,agrees,Q9Y5X5,2026-08-06
NPFF_HUMAN,O15130,O15130,active,unclassified,no,agrees,O15130,2026-08-06
NPHN_HUMAN,O60500,O60500,active,surface,no,agrees,O60500,2026-08-06
NPIB3_HUMAN,Q92617,Q92617,active,non_surface,no,agrees,Q92617,2026-08-06
NPIB4_HUMAN,C9JG80,C9JG80,active,non_surface,no,agrees,C9JG80,2026-08-06
NPIB5_HUMAN,A8MRT5,A8MRT5,active,non_surface,no,agrees,A8MRT5,2026-08-06
NPIB7_HUMAN,O75200,O75200,active,unclassified,no,agrees,O75200,2026-08-06
NPIB8_HUMAN,E9PQR5,E9PQR5,active,non_surface,no,agrees,E9PQR5,2026-08-06
NPIL5_HUMAN,A6NJU9,A6NJU9,active,non_surface,no,agrees,A6NJU9,2026-08-06
NPM3_HUMAN,O75607,O75607,active,unclassified,no,agrees,O75607,2026-08-06
NPNT_HUMAN,Q6UXI9,Q6UXI9,active,unclassified,no,agrees,Q6UXI9,2026-08-06
NPS3A_HUMAN,Q9UFN0,Q9UFN0,active,unclassified,no,agrees,Q9UFN0,2026-08-06
NPSR1_HUMAN,Q6W5P4,Q6W5P4,active,surface,no,agrees,Q6W5P4,2026-08-06
NPS_HUMAN,P0C0P6,P0C0P6,active,unclassified,no,agrees,P0C0P6,2026-08-06
NPT1_HUMAN,Q14916,Q14916,active,surface,no,agrees,Q14916,2026-08-06
NPT2A_HUMAN,Q06495,Q06495,active,surface,no,agrees,Q06495,2026-08-06
NPT2B_HUMAN,O95436,O95436,active,surface,no,agrees,O95436,2026-08-06
NPT2C_HUMAN,Q8N130,Q8N130,active,surface,no,agrees,Q8N130,2026-08-06
NPT3_HUMAN,O00624,O00624,active,non_surface,no,agrees,O00624,2026-08-06
NPT4_HUMAN,O00476,O00476,active,unclassified,no,agrees,O00476,2026-08-06
NPTN_HUMAN,Q9Y639,Q9Y639,active,surface,no,agrees,Q9Y639,2026-08-06
NPTX1_HUMAN,Q15818,Q15818,active,unclassified,no,agrees,Q15818,2026-08-06
NPTX2_HUMAN,P47972,P47972,active,unclassified,no,agrees,P47972,2026-08-06
NPTXR_HUMAN,O95502,O95502,active,non_surface,no,agrees,O95502,2026-08-06
NPVF_HUMAN,Q9HCQ7,Q9HCQ7,active,unclassified,no,agrees,Q9HCQ7,2026-08-06
NPW_HUMAN,Q8N729,Q8N729,active,unclassified,no,agrees,Q8N729,2026-08-06
NPY1R_HUMAN,P25929,P25929,active,surface,no,agrees,P25929,2026-08-06
NPY2R_HUMAN,P49146,P49146,active,surface,no,agrees,P49146,2026-08-06
NPY4R_HUMAN,P50391,P50391,active,surface,no,agrees,P50391,2026-08-06
NPY5R_HUMAN,Q15761,Q15761,active,surface,no,agrees,Q15761,2026-08-06
NPY6R_HUMAN,Q99463,Q99463,active,surface,no,agrees,Q99463,2026-08-06
NPY_HUMAN,P01303,P01303,active,unclassified,no,agrees,P01303,2026-08-06
NR2E3_HUMAN,Q9Y5X4,Q9Y5X4,active,unclassified,no,agrees,Q9Y5X4,2026-08-06
NR3L1_HUMAN,Q68D85,Q68D85,active,surface,no,agrees,Q68D85,2026-08-06
NR4A1_HUMAN,P22736,P22736,active,non_surface,no,agrees,P22736,2026-08-06
NRAC_HUMAN,Q8N912,Q8N912,active,non_surface,no,agrees,Q8N912,2026-08-06
NRAM1_HUMAN,P49279,P49279,active,surface,no,agrees,P49279,2026-08-06
NRAM2_HUMAN,P49281,P49281,active,surface,no,agrees,P49281,2026-08-06
NRCAM_HUMAN,Q92823,Q92823,active,surface,no,agrees,Q92823,2026-08-06
NRDC_HUMAN,O43847,O43847,active,unclassified,no,agrees,O43847,2026-08-06
NRG1_HUMAN,Q02297,Q02297,active,surface,no,agrees,Q02297,2026-08-06
NRG2_HUMAN,O14511,O14511,active,surface,no,agrees,O14511,2026-08-06
NRG3_HUMAN,P56975,P56975,active,non_surface,no,agrees,P56975,2026-08-06
NRG4_HUMAN,Q8WWG1,Q8WWG1,active,surface,no,agrees,Q8WWG1,2026-08-06
NRM_HUMAN,Q8IXM6,Q8IXM6,active,non_surface,no,agrees,Q8IXM6,2026-08-06
NRN1L_HUMAN,Q496H8,Q496H8,active,surface,no,agrees,Q496H8,2026-08-06
NRN1_HUMAN,Q9NPD7,Q9NPD7,active,surface,no,agrees,Q9NPD7,2026-08-06
NRP1_HUMAN,O14786,O14786,active,surface,no,agrees,O14786,2026-08-06
NRP2_HUMAN,O60462,O60462,active,surface,no,agrees,O60462,2026-08-06
NRROS_HUMAN,Q86YC3,Q86YC3,active,surface,no,agrees,Q86YC3,2026-08-06
NRSN1_HUMAN,Q8IZ57,Q8IZ57,active,non_surface,no,agrees,Q8IZ57,2026-08-06
NRSN2_HUMAN,Q9GZP1,Q9GZP1,active,non_surface,no,agrees,Q9GZP1,2026-08-06
NRTN_HUMAN,Q99748,Q99748,active,unclassified,no,agrees,Q99748,2026-08-06
NRX1A_HUMAN,Q9ULB1,Q9ULB1,active,surface,no,agrees,Q9ULB1,2026-08-06
NRX1B_HUMAN,P58400,P58400,active,surface,no,agrees,P58400,2026-08-06
NRX2A_HUMAN,Q9P2S2,Q9P2S2,active,surface,no,agrees,Q9P2S2,2026-08-06
NRX2B_HUMAN,P58401,P58401,active,surface,no,agrees,P58401,2026-08-06
NRX3A_HUMAN,Q9Y4C0,Q9Y4C0,active,surface,no,agrees,Q9Y4C0,2026-08-06
NRX3B_HUMAN,Q9HDB5,Q9HDB5,active,surface,no,agrees,Q9HDB5,2026-08-06
NSDHL_HUMAN,Q15738,Q15738,active,non_surface,no,agrees,Q15738,2026-08-06
NSG1_HUMAN,P42857,P42857,active,non_surface,no,agrees,P42857,2026-08-06
NSG2_HUMAN,Q9Y328,Q9Y328,active,non_surface,no,agrees,Q9Y328,2026-08-06
NSMA2_HUMAN,Q9NY59,Q9NY59,active,unclassified,no,agrees,Q9NY59,2026-08-06
NSMA3_HUMAN,Q9NXE4,Q9NXE4,active,non_surface,no,agrees,Q9NXE4,2026-08-06
NSMA_HUMAN,O60906,O60906,active,non_surface,no,agrees,O60906,2026-08-06
NSN5B_HUMAN,Q3KNT7,Q3KNT7,active,unclassified,no,agrees,Q3KNT7,2026-08-06
NSUN5_HUMAN,Q96P11,Q96P11,active,unclassified,no,agrees,Q96P11,2026-08-06
NT5D3_HUMAN,Q86UY8,Q86UY8,active,unclassified,no,agrees,Q86UY8,2026-08-06
NTAL_HUMAN,Q9GZY6,Q9GZY6,active,non_surface,no,agrees,Q9GZY6,2026-08-06
NTCP2_HUMAN,Q12908,Q12908,active,surface,no,agrees,Q12908,2026-08-06
NTCP4_HUMAN,Q96EP9,Q96EP9,active,surface,no,agrees,Q96EP9,2026-08-06
NTCP5_HUMAN,Q5PT55,Q5PT55,active,surface,no,agrees,Q5PT55,2026-08-06
NTCP7_HUMAN,Q0GE19,Q0GE19,active,unclassified,no,agrees,Q0GE19,2026-08-06
NTCP_HUMAN,Q14973,Q14973,active,surface,no,agrees,Q14973,2026-08-06
NTF3_HUMAN,P20783,P20783,active,unclassified,no,agrees,P20783,2026-08-06
NTF4_HUMAN,P34130,P34130,active,unclassified,no,agrees,P34130,2026-08-06
NTNG1_HUMAN,Q9Y2I2,Q9Y2I2,active,surface,no,agrees,Q9Y2I2,2026-08-06
NTNG2_HUMAN,Q96CW9,Q96CW9,active,surface,no,agrees,Q96CW9,2026-08-06
NTR1_HUMAN,P30989,P30989,active,surface,no,agrees,P30989,2026-08-06
NTR2_HUMAN,O95665,O95665,active,surface,no,agrees,O95665,2026-08-06
NTRI_HUMAN,Q9P121,Q9P121,active,surface,no,agrees,Q9P121,2026-08-06
NTRK1_HUMAN,P04629,P04629,active,surface,no,agrees,P04629,2026-08-06
NTRK2_HUMAN,Q16620,Q16620,active,surface,no,agrees,Q16620,2026-08-06
NTRK3_HUMAN,Q16288,Q16288,active,surface,no,agrees,Q16288,2026-08-06
NU155_HUMAN,O75694,O75694,active,unclassified,no,agrees,O75694,2026-08-06
NU1M_HUMAN,P03886,P03886,active,non_surface,no,agrees,P03886,2026-08-06
NU205_HUMAN,Q92621,Q92621,active,non_surface,no,agrees,Q92621,2026-08-06
NU2M_HUMAN,P03891,P03891,active,non_surface,no,agrees,P03891,2026-08-06
NU3M_HUMAN,P03897,P03897,active,non_surface,no,agrees,P03897,2026-08-06
NU4LM_HUMAN,P03901,P03901,active,non_surface,no,agrees,P03901,2026-08-06
NU4M_HUMAN,P03905,P03905,active,non_surface,no,agrees,P03905,2026-08-06
NU5M_HUMAN,P03915,P03915,active,non_surface,no,agrees,P03915,2026-08-06
NU6M_HUMAN,P03923,P03923,active,non_surface,no,agrees,P03923,2026-08-06
NUA4L_HUMAN,Q9NRX3,Q9NRX3,active,non_surface,no,agrees,Q9NRX3,2026-08-06
NUBPL_HUMAN,Q8TB37,Q8TB37,active,unclassified,no,agrees,Q8TB37,2026-08-06
NUCB1_HUMAN,Q02818,Q02818,active,unclassified,no,agrees,Q02818,2026-08-06
NUCB2_HUMAN,P80303,P80303,active,unclassified,no,agrees,P80303,2026-08-06
NUCG_HUMAN,Q14249,Q14249,active,unclassified,no,agrees,Q14249,2026-08-06
NUD18_HUMAN,Q6ZVK8,Q6ZVK8,active,unclassified,no,agrees,Q6ZVK8,2026-08-06
NUD19_HUMAN,A8MXV4,A8MXV4,active,unclassified,no,agrees,A8MXV4,2026-08-06
NUDT9_HUMAN,Q9BW91,Q9BW91,active,unclassified,no,agrees,Q9BW91,2026-08-06
NUP93_HUMAN,Q8N1F7,Q8N1F7,active,non_surface,no,agrees,Q8N1F7,2026-08-06
NXPE1_HUMAN,Q8N323,Q8N323,active,unclassified,no,agrees,Q8N323,2026-08-06
NXPE2_HUMAN,Q96DL1,Q96DL1,active,non_surface,no,agrees,Q96DL1,2026-08-06
NXPE3_HUMAN,Q969Y0,Q969Y0,active,unclassified,no,agrees,Q969Y0,2026-08-06
NXPE4_HUMAN,Q6UWF7,Q6UWF7,active,unclassified,no,agrees,Q6UWF7,2026-08-06
NXPH1_HUMAN,P58417,P58417,active,unclassified,no,agrees,P58417,2026-08-06
NXPH2_HUMAN,O95156,O95156,active,unclassified,no,agrees,O95156,2026-08-06
NXPH3_HUMAN,O95157,O95157,active,unclassified,no,agrees,O95157,2026-08-06
NXPH4_HUMAN,O95158,O95158,active,unclassified,no,agrees,O95158,2026-08-06
NYNRI_HUMAN,Q9P2P1,Q9P2P1,active,non_surface,no,agrees,Q9P2P1,2026-08-06
NYX_HUMAN,Q9GZU5,Q9GZU5,active,unclassified,no,agrees,Q9GZU5,2026-08-06
O10A2_HUMAN,Q9H208,Q9H208,active,surface,no,agrees,Q9H208,2026-08-06
O10A3_HUMAN,P58181,P58181,active,surface,no,agrees,P58181,2026-08-06
O10A4_HUMAN,Q9H209,Q9H209,active,surface,no,agrees,Q9H209,2026-08-06
O10A5_HUMAN,Q9H207,Q9H207,active,surface,no,agrees,Q9H207,2026-08-06
O10A6_HUMAN,Q8NH74,Q8NH74,active,surface,no,agrees,Q8NH74,2026-08-06
O10A7_HUMAN,Q8NGE5,Q8NGE5,active,surface,no,agrees,Q8NGE5,2026-08-06
O10AC_HUMAN,Q8NH08,Q8NH08,active,surface,no,agrees,Q8NH08,2026-08-06
O10AD_HUMAN,Q8NGE0,Q8NGE0,active,surface,no,agrees,Q8NGE0,2026-08-06
O10AG_HUMAN,Q8NH19,Q8NH19,active,surface,no,agrees,Q8NH19,2026-08-06
O10C1_HUMAN,Q96KK4,Q96KK4,active,surface,no,agrees,Q96KK4,2026-08-06
O10D3_HUMAN,Q8NH80,Q8NH80,active,surface,no,agrees,Q8NH80,2026-08-06
O10D4_HUMAN,Q8NGN7,Q8NGN7,active,surface,no,agrees,Q8NGN7,2026-08-06
O10G2_HUMAN,Q8NGC3,Q8NGC3,active,surface,no,agrees,Q8NGC3,2026-08-06
O10G3_HUMAN,Q8NGC4,Q8NGC4,active,surface,no,agrees,Q8NGC4,2026-08-06
O10G4_HUMAN,Q8NGN3,Q8NGN3,active,surface,no,agrees,Q8NGN3,2026-08-06
O10G6_HUMAN,Q8NH81,Q8NH81,active,surface,no,agrees,Q8NH81,2026-08-06
O10G7_HUMAN,Q8NGN6,Q8NGN6,active,surface,no,agrees,Q8NGN6,2026-08-06
O10G8_HUMAN,Q8NGN5,Q8NGN5,active,surface,no,agrees,Q8NGN5,2026-08-06
O10G9_HUMAN,Q8NGN4,Q8NGN4,active,surface,no,agrees,Q8NGN4,2026-08-06
O10H1_HUMAN,Q9Y4A9,Q9Y4A9,active,surface,no,agrees,Q9Y4A9,2026-08-06
O10H2_HUMAN,O60403,O60403,active,surface,no,agrees,O60403,2026-08-06
O10H3_HUMAN,O60404,O60404,active,surface,no,agrees,O60404,2026-08-06
O10H4_HUMAN,Q8NGA5,Q8NGA5,active,surface,no,agrees,Q8NGA5,2026-08-06
O10H5_HUMAN,Q8NGA6,Q8NGA6,active,surface,no,agrees,Q8NGA6,2026-08-06
O10J1_HUMAN,P30954,P30954,active,surface,no,agrees,P30954,2026-08-06
O10J3_HUMAN,Q5JRS4,Q5JRS4,active,surface,no,agrees,Q5JRS4,2026-08-06
O10J4_HUMAN,P0C629,P0C629,active,surface,no,agrees,P0C629,2026-08-06
O10J5_HUMAN,Q8NHC4,Q8NHC4,active,surface,no,agrees,Q8NHC4,2026-08-06
O10J6_HUMAN,Q8NGY7,Q8NGY7,active,surface,no,agrees,Q8NGY7,2026-08-06
O10K1_HUMAN,Q8NGX5,Q8NGX5,active,surface,no,agrees,Q8NGX5,2026-08-06
O10K2_HUMAN,Q6IF99,Q6IF99,active,surface,no,agrees,Q6IF99,2026-08-06
O10P1_HUMAN,Q8NGE3,Q8NGE3,active,surface,no,agrees,Q8NGE3,2026-08-06
O10Q1_HUMAN,Q8NGQ4,Q8NGQ4,active,surface,no,agrees,Q8NGQ4,2026-08-06
O10R2_HUMAN,Q8NGX6,Q8NGX6,active,surface,no,agrees,Q8NGX6,2026-08-06
O10S1_HUMAN,Q8NGN2,Q8NGN2,active,surface,no,agrees,Q8NGN2,2026-08-06
O10T2_HUMAN,Q8NGX3,Q8NGX3,active,surface,no,agrees,Q8NGX3,2026-08-06
O10V1_HUMAN,Q8NGI7,Q8NGI7,active,surface,no,agrees,Q8NGI7,2026-08-06
O10W1_HUMAN,Q8NGF6,Q8NGF6,active,surface,no,agrees,Q8NGF6,2026-08-06
O10X1_HUMAN,Q8NGY0,Q8NGY0,active,surface,no,agrees,Q8NGY0,2026-08-06
O10Z1_HUMAN,Q8NGY1,Q8NGY1,active,surface,no,agrees,Q8NGY1,2026-08-06
O11A1_HUMAN,Q9GZK7,Q9GZK7,active,surface,no,agrees,Q9GZK7,2026-08-06
O11G2_HUMAN,Q8NGC1,Q8NGC1,active,surface,no,agrees,Q8NGC1,2026-08-06
O11H1_HUMAN,Q8NG94,Q8NG94,active,surface,no,agrees,Q8NG94,2026-08-06
O11H2_HUMAN,Q8NH07,Q8NH07,active,surface,no,agrees,Q8NH07,2026-08-06
O11H4_HUMAN,Q8NGC9,Q8NGC9,active,surface,no,agrees,Q8NGC9,2026-08-06
O11H6_HUMAN,Q8NGC7,Q8NGC7,active,surface,no,agrees,Q8NGC7,2026-08-06
O11H7_HUMAN,Q8NGC8,Q8NGC8,active,surface,no,agrees,Q8NGC8,2026-08-06
O11HC_HUMAN,B2RN74,B2RN74,active,surface,no,agrees,B2RN74,2026-08-06
O11L1_HUMAN,Q8NGX0,Q8NGX0,active,surface,no,agrees,Q8NGX0,2026-08-06
O12D2_HUMAN,P58182,P58182,active,surface,no,agrees,P58182,2026-08-06
O12D3_HUMAN,Q9UGF7,Q9UGF7,active,surface,no,agrees,Q9UGF7,2026-08-06
O13A1_HUMAN,Q8NGR1,Q8NGR1,active,surface,no,agrees,Q8NGR1,2026-08-06
O13C2_HUMAN,Q8NGS9,Q8NGS9,active,surface,no,agrees,Q8NGS9,2026-08-06
O13C3_HUMAN,Q8NGS6,Q8NGS6,active,surface,no,agrees,Q8NGS6,2026-08-06
O13C4_HUMAN,Q8NGS5,Q8NGS5,active,surface,no,agrees,Q8NGS5,2026-08-06
O13C5_HUMAN,Q8NGS8,Q8NGS8,active,surface,no,agrees,Q8NGS8,2026-08-06
O13C6_HUMAN,Q8NH95,Q8NH95,active,surface,no,agrees,Q8NH95,2026-08-06
O13C8_HUMAN,Q8NGS7,Q8NGS7,active,surface,no,agrees,Q8NGS7,2026-08-06
O13C9_HUMAN,Q8NGT0,Q8NGT0,active,surface,no,agrees,Q8NGT0,2026-08-06
O13D1_HUMAN,Q8NGV5,Q8NGV5,active,surface,no,agrees,Q8NGV5,2026-08-06
O13F1_HUMAN,Q8NGS4,Q8NGS4,active,surface,no,agrees,Q8NGS4,2026-08-06
O13G1_HUMAN,Q8NGZ3,Q8NGZ3,active,surface,no,agrees,Q8NGZ3,2026-08-06
O13H1_HUMAN,Q8NG92,Q8NG92,active,surface,no,agrees,Q8NG92,2026-08-06
O13J1_HUMAN,Q8NGT2,Q8NGT2,active,surface,no,agrees,Q8NGT2,2026-08-06
O14A2_HUMAN,Q96R54,Q96R54,active,surface,no,agrees,Q96R54,2026-08-06
O14AG_HUMAN,Q8NHC5,Q8NHC5,active,surface,no,agrees,Q8NHC5,2026-08-06
O14CZ_HUMAN,Q8NHC7,Q8NHC7,active,surface,no,agrees,Q8NHC7,2026-08-06
O14I1_HUMAN,A6ND48,A6ND48,active,surface,no,agrees,A6ND48,2026-08-06
O14J1_HUMAN,Q9UGF5,Q9UGF5,active,surface,no,agrees,Q9UGF5,2026-08-06
O14K1_HUMAN,Q8NGZ2,Q8NGZ2,active,surface,no,agrees,Q8NGZ2,2026-08-06
O14L1_HUMAN,Q8NHC6,Q8NHC6,active,surface,no,agrees,Q8NHC6,2026-08-06
O2A12_HUMAN,Q8NGT7,Q8NGT7,active,surface,no,agrees,Q8NGT7,2026-08-06
O2A14_HUMAN,Q96R47,Q96R47,active,surface,no,agrees,Q96R47,2026-08-06
O2A25_HUMAN,A4D2G3,A4D2G3,active,surface,no,agrees,A4D2G3,2026-08-06
O2AE1_HUMAN,Q8NHA4,Q8NHA4,active,surface,no,agrees,Q8NHA4,2026-08-06
O2AG1_HUMAN,Q9H205,Q9H205,active,surface,no,agrees,Q9H205,2026-08-06
O2AG2_HUMAN,A6NM03,A6NM03,active,surface,no,agrees,A6NM03,2026-08-06
O2AJ1_HUMAN,Q8NGZ0,Q8NGZ0,active,surface,no,agrees,Q8NGZ0,2026-08-06
O2AK2_HUMAN,Q8NG84,Q8NG84,active,surface,no,agrees,Q8NG84,2026-08-06
O2AP1_HUMAN,Q8NGE2,Q8NGE2,active,surface,no,agrees,Q8NGE2,2026-08-06
O2AT4_HUMAN,A6NND4,A6NND4,active,surface,no,agrees,A6NND4,2026-08-06
O2T10_HUMAN,Q8NGZ9,Q8NGZ9,active,surface,no,agrees,Q8NGZ9,2026-08-06
O2T11_HUMAN,Q8NH01,Q8NH01,active,surface,no,agrees,Q8NH01,2026-08-06
O2T12_HUMAN,Q8NG77,Q8NG77,active,surface,no,agrees,Q8NG77,2026-08-06
O2T27_HUMAN,Q8NH04,Q8NH04,active,surface,no,agrees,Q8NH04,2026-08-06
O2T29_HUMAN,Q8NH02,Q8NH02,active,surface,no,agrees,Q8NH02,2026-08-06
O2T33_HUMAN,Q8NG76,Q8NG76,active,surface,no,agrees,Q8NG76,2026-08-06
O2T34_HUMAN,Q8NGX1,Q8NGX1,active,surface,no,agrees,Q8NGX1,2026-08-06
O2T35_HUMAN,Q8NGX2,Q8NGX2,active,surface,no,agrees,Q8NGX2,2026-08-06
O4A15_HUMAN,Q8NGL6,Q8NGL6,active,surface,no,agrees,Q8NGL6,2026-08-06
O4A16_HUMAN,Q8NH70,Q8NH70,active,surface,no,agrees,Q8NH70,2026-08-06
O4A47_HUMAN,Q6IF82,Q6IF82,active,surface,no,agrees,Q6IF82,2026-08-06
O4C45_HUMAN,A6NMZ5,A6NMZ5,active,surface,no,agrees,A6NMZ5,2026-08-06
O4C46_HUMAN,A6NHA9,A6NHA9,active,surface,no,agrees,A6NHA9,2026-08-06
O4F15_HUMAN,Q8NGB8,Q8NGB8,active,surface,no,agrees,Q8NGB8,2026-08-06
O4F17_HUMAN,Q8NGA8,Q8NGA8,active,surface,no,agrees,Q8NGA8,2026-08-06
O4F21_HUMAN,O95013,O95013,active,surface,no,agrees,O95013,2026-08-06
O51A2_HUMAN,Q8NGJ7,Q8NGJ7,active,surface,no,agrees,Q8NGJ7,2026-08-06
O51A4_HUMAN,Q8NGJ6,Q8NGJ6,active,surface,no,agrees,Q8NGJ6,2026-08-06
O51A7_HUMAN,Q8NH64,Q8NH64,active,surface,no,agrees,Q8NH64,2026-08-06
O51B2_HUMAN,Q9Y5P1,Q9Y5P1,active,surface,no,agrees,Q9Y5P1,2026-08-06
O51B4_HUMAN,Q9Y5P0,Q9Y5P0,active,surface,no,agrees,Q9Y5P0,2026-08-06
O51B5_HUMAN,Q9H339,Q9H339,active,surface,no,agrees,Q9H339,2026-08-06
O51B6_HUMAN,Q9H340,Q9H340,active,surface,no,agrees,Q9H340,2026-08-06
O51D1_HUMAN,Q8NGF3,Q8NGF3,active,surface,no,agrees,Q8NGF3,2026-08-06
O51E1_HUMAN,Q8TCB6,Q8TCB6,active,surface,no,agrees,Q8TCB6,2026-08-06
O51E2_HUMAN,Q9H255,Q9H255,active,surface,no,agrees,Q9H255,2026-08-06
O51F1_HUMAN,A6NGY5,A6NGY5,active,surface,no,agrees,A6NGY5,2026-08-06
O51F2_HUMAN,Q8NH61,Q8NH61,active,surface,no,agrees,Q8NH61,2026-08-06
O51G1_HUMAN,Q8NGK1,Q8NGK1,active,surface,no,agrees,Q8NGK1,2026-08-06
O51G2_HUMAN,Q8NGK0,Q8NGK0,active,surface,no,agrees,Q8NGK0,2026-08-06
O51H1_HUMAN,Q8NH63,Q8NH63,active,surface,no,agrees,Q8NH63,2026-08-06
O51I1_HUMAN,Q9H343,Q9H343,active,surface,no,agrees,Q9H343,2026-08-06
O51I2_HUMAN,Q9H344,Q9H344,active,surface,no,agrees,Q9H344,2026-08-06
O51J1_HUMAN,Q9H342,Q9H342,active,surface,no,agrees,Q9H342,2026-08-06
O51L1_HUMAN,Q8NGJ5,Q8NGJ5,active,surface,no,agrees,Q8NGJ5,2026-08-06
O51M1_HUMAN,Q9H341,Q9H341,active,surface,no,agrees,Q9H341,2026-08-06
O51Q1_HUMAN,Q8NH59,Q8NH59,active,surface,no,agrees,Q8NH59,2026-08-06
O51S1_HUMAN,Q8NGJ8,Q8NGJ8,active,surface,no,agrees,Q8NGJ8,2026-08-06
O51T1_HUMAN,Q8NGJ9,Q8NGJ9,active,surface,no,agrees,Q8NGJ9,2026-08-06
O51V1_HUMAN,Q9H2C8,Q9H2C8,active,surface,no,agrees,Q9H2C8,2026-08-06
O52A1_HUMAN,Q9UKL2,Q9UKL2,active,surface,no,agrees,Q9UKL2,2026-08-06
O52A4_HUMAN,A6NMU1,A6NMU1,active,surface,no,agrees,A6NMU1,2026-08-06
O52A5_HUMAN,Q9H2C5,Q9H2C5,active,surface,no,agrees,Q9H2C5,2026-08-06
O52B2_HUMAN,Q96RD2,Q96RD2,active,surface,no,agrees,Q96RD2,2026-08-06
O52B4_HUMAN,Q8NGK2,Q8NGK2,active,surface,no,agrees,Q8NGK2,2026-08-06
O52B6_HUMAN,Q8NGF0,Q8NGF0,active,surface,no,agrees,Q8NGF0,2026-08-06
O52D1_HUMAN,Q9H346,Q9H346,active,surface,no,agrees,Q9H346,2026-08-06
O52E1_HUMAN,Q8NGJ3,Q8NGJ3,active,surface,no,agrees,Q8NGJ3,2026-08-06
O52E2_HUMAN,Q8NGJ4,Q8NGJ4,active,surface,no,agrees,Q8NGJ4,2026-08-06
O52E4_HUMAN,Q8NGH9,Q8NGH9,active,surface,no,agrees,Q8NGH9,2026-08-06
O52E5_HUMAN,Q8NH55,Q8NH55,active,surface,no,agrees,Q8NH55,2026-08-06
O52E6_HUMAN,Q96RD3,Q96RD3,active,surface,no,agrees,Q96RD3,2026-08-06
O52E8_HUMAN,Q6IFG1,Q6IFG1,active,surface,no,agrees,Q6IFG1,2026-08-06
O52H1_HUMAN,Q8NGJ2,Q8NGJ2,active,surface,no,agrees,Q8NGJ2,2026-08-06
O52I1_HUMAN,Q8NGK6,Q8NGK6,active,surface,no,agrees,Q8NGK6,2026-08-06
O52I2_HUMAN,Q8NH67,Q8NH67,active,surface,no,agrees,Q8NH67,2026-08-06
O52J3_HUMAN,Q8NH60,Q8NH60,active,surface,no,agrees,Q8NH60,2026-08-06
O52K1_HUMAN,Q8NGK4,Q8NGK4,active,surface,no,agrees,Q8NGK4,2026-08-06
O52K2_HUMAN,Q8NGK3,Q8NGK3,active,surface,no,agrees,Q8NGK3,2026-08-06
O52L1_HUMAN,Q8NGH7,Q8NGH7,active,surface,no,agrees,Q8NGH7,2026-08-06
O52L2_HUMAN,Q8NGH6,Q8NGH6,active,surface,no,agrees,Q8NGH6,2026-08-06
O52M1_HUMAN,Q8NGK5,Q8NGK5,active,surface,no,agrees,Q8NGK5,2026-08-06
O52N1_HUMAN,Q8NH53,Q8NH53,active,surface,no,agrees,Q8NH53,2026-08-06
O52N2_HUMAN,Q8NGI0,Q8NGI0,active,surface,no,agrees,Q8NGI0,2026-08-06
O52N4_HUMAN,Q8NGI2,Q8NGI2,active,surface,no,agrees,Q8NGI2,2026-08-06
O52N5_HUMAN,Q8NH56,Q8NH56,active,surface,no,agrees,Q8NH56,2026-08-06
O52P1_HUMAN,Q8NH57,Q8NH57,active,surface,no,agrees,Q8NH57,2026-08-06
O52R1_HUMAN,Q8NGF1,Q8NGF1,active,surface,no,agrees,Q8NGF1,2026-08-06
O52W1_HUMAN,Q6IF63,Q6IF63,active,surface,no,agrees,Q6IF63,2026-08-06
O52Z1_HUMAN,P0C646,P0C646,active,surface,no,agrees,P0C646,2026-08-06
O56A1_HUMAN,Q8NGH5,Q8NGH5,active,surface,no,agrees,Q8NGH5,2026-08-06
O56A3_HUMAN,Q8NH54,Q8NH54,active,surface,no,agrees,Q8NH54,2026-08-06
O56A4_HUMAN,Q8NGH8,Q8NGH8,active,surface,no,agrees,Q8NGH8,2026-08-06
O56A5_HUMAN,P0C7T3,P0C7T3,active,surface,no,agrees,P0C7T3,2026-08-06
O56B1_HUMAN,Q8NGI3,Q8NGI3,active,surface,no,agrees,Q8NGI3,2026-08-06
O56B2_HUMAN,Q8NGI1,Q8NGI1,active,surface,no,agrees,Q8NGI1,2026-08-06
O56B4_HUMAN,Q8NH76,Q8NH76,active,surface,no,agrees,Q8NH76,2026-08-06
O5AC1_HUMAN,P0C628,P0C628,active,surface,no,agrees,P0C628,2026-08-06
O5AC2_HUMAN,Q9NZP5,Q9NZP5,active,surface,no,agrees,Q9NZP5,2026-08-06
O5AK2_HUMAN,Q8NH90,Q8NH90,active,surface,no,agrees,Q8NH90,2026-08-06
O5AK3_HUMAN,Q8NH89,Q8NH89,active,surface,no,agrees,Q8NH89,2026-08-06
O5AL1_HUMAN,P0C617,P0C617,active,surface,no,agrees,P0C617,2026-08-06
O5AN1_HUMAN,Q8NGI8,Q8NGI8,active,surface,no,agrees,Q8NGI8,2026-08-06
O5AP2_HUMAN,Q8NGF4,Q8NGF4,active,surface,no,agrees,Q8NGF4,2026-08-06
O5AR1_HUMAN,Q8NGP9,Q8NGP9,active,surface,no,agrees,Q8NGP9,2026-08-06
O5AS1_HUMAN,Q8N127,Q8N127,active,surface,no,agrees,Q8N127,2026-08-06
O5AU1_HUMAN,Q8NGC0,Q8NGC0,active,surface,no,agrees,Q8NGC0,2026-08-06
O5H14_HUMAN,A6NHG9,A6NHG9,active,surface,no,agrees,A6NHG9,2026-08-06
O5H15_HUMAN,A6NDH6,A6NDH6,active,surface,no,agrees,A6NDH6,2026-08-06
O6C65_HUMAN,A6NJZ3,A6NJZ3,active,surface,no,agrees,A6NJZ3,2026-08-06
O6C68_HUMAN,A6NDL8,A6NDL8,active,surface,no,agrees,A6NDL8,2026-08-06
O6C70_HUMAN,A6NIJ9,A6NIJ9,active,surface,no,agrees,A6NIJ9,2026-08-06
O6C74_HUMAN,A6NCV1,A6NCV1,active,surface,no,agrees,A6NCV1,2026-08-06
O6C75_HUMAN,A6NL08,A6NL08,active,surface,no,agrees,A6NL08,2026-08-06
O6C76_HUMAN,A6NM76,A6NM76,active,surface,no,agrees,A6NM76,2026-08-06
O7E24_HUMAN,Q6IFN5,Q6IFN5,active,surface,no,agrees,Q6IFN5,2026-08-06
OAF_HUMAN,Q86UD1,Q86UD1,active,unclassified,no,agrees,Q86UD1,2026-08-06
OAT_HUMAN,P04181,P04181,active,unclassified,no,agrees,P04181,2026-08-06
OBP2A_HUMAN,Q9NY56,Q9NY56,active,unclassified,no,agrees,Q9NY56,2026-08-06
OBP2B_HUMAN,Q9NPH6,Q9NPH6,active,unclassified,no,agrees,Q9NPH6,2026-08-06
OBRG_HUMAN,O15243,O15243,active,non_surface,no,agrees,O15243,2026-08-06
OC90_HUMAN,Q02509,Q02509,active,unclassified,no,agrees,Q02509,2026-08-06
OCLN_HUMAN,Q16625,Q16625,active,unclassified,no,agrees,Q16625,2026-08-06
OCSTP_HUMAN,Q9BR26,Q9BR26,active,unclassified,no,agrees,Q9BR26,2026-08-06
ODAM_HUMAN,A1E959,A1E959,active,unclassified,no,agrees,A1E959,2026-08-06
ODBA_HUMAN,P12694,P12694,active,unclassified,no,agrees,P12694,2026-08-06
ODBB_HUMAN,P21953,P21953,active,unclassified,no,agrees,P21953,2026-08-06
ODFP1_HUMAN,Q14990,Q14990,active,unclassified,no,agrees,Q14990,2026-08-06
ODFP4_HUMAN,Q2M2E3,Q2M2E3,active,non_surface,no,agrees,Q2M2E3,2026-08-06
ODPA_HUMAN,P08559,P08559,active,unclassified,no,agrees,P08559,2026-08-06
ODR4_HUMAN,Q5SWX8,Q5SWX8,active,non_surface,no,agrees,Q5SWX8,2026-08-06
OFUT1_HUMAN,Q9H488,Q9H488,active,unclassified,no,agrees,Q9H488,2026-08-06
OFUT2_HUMAN,Q9Y2G5,Q9Y2G5,active,unclassified,no,agrees,Q9Y2G5,2026-08-06
OGFD3_HUMAN,Q6PK18,Q6PK18,active,non_surface,no,agrees,Q6PK18,2026-08-06
OGG1_HUMAN,O15527,O15527,active,unclassified,no,agrees,O15527,2026-08-06
OGR1_HUMAN,Q15743,Q15743,active,surface,no,agrees,Q15743,2026-08-06
OIT3_HUMAN,Q8WWZ8,Q8WWZ8,active,unclassified,no,agrees,Q8WWZ8,2026-08-06
OLFL1_HUMAN,Q6UWY5,Q6UWY5,active,unclassified,no,agrees,Q6UWY5,2026-08-06
OLFL3_HUMAN,Q9NRN5,Q9NRN5,active,unclassified,no,agrees,Q9NRN5,2026-08-06
OLFM4_HUMAN,Q6UX06,Q6UX06,active,unclassified,no,agrees,Q6UX06,2026-08-06
OLM2A_HUMAN,Q68BL7,Q68BL7,active,unclassified,no,agrees,Q68BL7,2026-08-06
OLM2B_HUMAN,Q68BL8,Q68BL8,active,unclassified,no,agrees,Q68BL8,2026-08-06
OLR1_HUMAN,P78380,P78380,active,surface,no,agrees,P78380,2026-08-06
OMA1_HUMAN,Q96E52,Q96E52,active,non_surface,no,agrees,Q96E52,2026-08-06
OMD_HUMAN,Q99983,Q99983,active,unclassified,no,agrees,Q99983,2026-08-06
OMGP_HUMAN,P23515,P23515,active,surface,no,agrees,P23515,2026-08-06
ONCM_HUMAN,P13725,P13725,active,unclassified,no,agrees,P13725,2026-08-06
OOSP1_HUMAN,A8MZH6,A8MZH6,active,unclassified,no,agrees,A8MZH6,2026-08-06
OOSP2_HUMAN,Q86WS3,Q86WS3,active,unclassified,no,agrees,Q86WS3,2026-08-06
OPA1_HUMAN,O60313,O60313,active,non_surface,no,agrees,O60313,2026-08-06
OPALI_HUMAN,Q96PE5,Q96PE5,active,surface,no,agrees,Q96PE5,2026-08-06
OPCM_HUMAN,Q14982,Q14982,active,surface,no,agrees,Q14982,2026-08-06
OPN3_HUMAN,Q9H1Y3,Q9H1Y3,active,surface,no,agrees,Q9H1Y3,2026-08-06
OPN4_HUMAN,Q9UHM6,Q9UHM6,active,surface,no,agrees,Q9UHM6,2026-08-06
OPN5_HUMAN,Q6U736,Q6U736,active,surface,no,agrees,Q6U736,2026-08-06
OPRD_HUMAN,P41143,P41143,active,surface,no,agrees,P41143,2026-08-06
OPRK_HUMAN,P41145,P41145,active,surface,no,agrees,P41145,2026-08-06
OPRM_HUMAN,P35372,P35372,active,surface,no,agrees,P35372,2026-08-06
OPRX_HUMAN,P41146,P41146,active,surface,no,agrees,P41146,2026-08-06
OPSB_HUMAN,P03999,P03999,active,surface,no,agrees,P03999,2026-08-06
OPSD_HUMAN,P08100,P08100,active,surface,no,agrees,P08100,2026-08-06
OPSG_HUMAN,P04001,P04001,active,surface,no,agrees,P04001,2026-08-06
OPSR_HUMAN,P04000,P04000,active,surface,no,agrees,P04000,2026-08-06
OPSX_HUMAN,O14718,O14718,active,surface,no,agrees,O14718,2026-08-06
OPT_HUMAN,Q9UBM4,Q9UBM4,active,unclassified,no,agrees,Q9UBM4,2026-08-06
OR1A1_HUMAN,Q9P1Q5,Q9P1Q5,active,surface,no,agrees,Q9P1Q5,2026-08-06
OR1A2_HUMAN,Q9Y585,Q9Y585,active,surface,no,agrees,Q9Y585,2026-08-06
OR1B1_HUMAN,Q8NGR6,Q8NGR6,active,surface,no,agrees,Q8NGR6,2026-08-06
OR1C1_HUMAN,Q15619,Q15619,active,surface,no,agrees,Q15619,2026-08-06
OR1D2_HUMAN,P34982,P34982,active,surface,no,agrees,P34982,2026-08-06
OR1D4_HUMAN,P47884,P47884,active,surface,no,agrees,P47884,2026-08-06
OR1D5_HUMAN,P58170,P58170,active,surface,no,agrees,P58170,2026-08-06
OR1E1_HUMAN,P30953,P30953,active,surface,no,agrees,P30953,2026-08-06
OR1E2_HUMAN,P47887,P47887,active,surface,no,agrees,P47887,2026-08-06
OR1E3_HUMAN,Q8WZA6,Q8WZA6,active,surface,no,agrees,Q8WZA6,2026-08-06
OR1F1_HUMAN,O43749,O43749,active,surface,no,agrees,O43749,2026-08-06
OR1F2_HUMAN,Q96R84,Q96R84,active,surface,no,agrees,Q96R84,2026-08-06
OR1FC_HUMAN,Q8NHA8,Q8NHA8,active,surface,no,agrees,Q8NHA8,2026-08-06
OR1G1_HUMAN,P47890,P47890,active,surface,no,agrees,P47890,2026-08-06
OR1I1_HUMAN,O60431,O60431,active,surface,no,agrees,O60431,2026-08-06
OR1J1_HUMAN,Q8NGS3,Q8NGS3,active,surface,no,agrees,Q8NGS3,2026-08-06
OR1J2_HUMAN,Q8NGS2,Q8NGS2,active,surface,no,agrees,Q8NGS2,2026-08-06
OR1J4_HUMAN,Q8NGS1,Q8NGS1,active,surface,no,agrees,Q8NGS1,2026-08-06
OR1K1_HUMAN,Q8NGR3,Q8NGR3,active,surface,no,agrees,Q8NGR3,2026-08-06
OR1L1_HUMAN,Q8NH94,Q8NH94,active,surface,no,agrees,Q8NH94,2026-08-06
OR1L3_HUMAN,Q8NH93,Q8NH93,active,surface,no,agrees,Q8NH93,2026-08-06
OR1L4_HUMAN,Q8NGR5,Q8NGR5,active,surface,no,agrees,Q8NGR5,2026-08-06
OR1L6_HUMAN,Q8NGR2,Q8NGR2,active,surface,no,agrees,Q8NGR2,2026-08-06
OR1L8_HUMAN,Q8NGR8,Q8NGR8,active,surface,no,agrees,Q8NGR8,2026-08-06
OR1M1_HUMAN,Q8NGA1,Q8NGA1,active,surface,no,agrees,Q8NGA1,2026-08-06
OR1N1_HUMAN,Q8NGS0,Q8NGS0,active,surface,no,agrees,Q8NGS0,2026-08-06
OR1N2_HUMAN,Q8NGR9,Q8NGR9,active,surface,no,agrees,Q8NGR9,2026-08-06
OR1P1_HUMAN,Q8NH06,Q8NH06,active,surface,no,agrees,Q8NH06,2026-08-06
OR1Q1_HUMAN,Q15612,Q15612,active,surface,no,agrees,Q15612,2026-08-06
OR1S1_HUMAN,Q8NH92,Q8NH92,active,surface,no,agrees,Q8NH92,2026-08-06
OR1S2_HUMAN,Q8NGQ3,Q8NGQ3,active,surface,no,agrees,Q8NGQ3,2026-08-06
OR2A1_HUMAN,Q8NGT9,Q8NGT9,active,surface,no,agrees,Q8NGT9,2026-08-06
OR2A2_HUMAN,Q6IF42,Q6IF42,active,surface,no,agrees,Q6IF42,2026-08-06
OR2A4_HUMAN,O95047,O95047,active,surface,no,agrees,O95047,2026-08-06
OR2A5_HUMAN,Q96R48,Q96R48,active,surface,no,agrees,Q96R48,2026-08-06
OR2A7_HUMAN,Q96R45,Q96R45,active,surface,no,agrees,Q96R45,2026-08-06
OR2B2_HUMAN,Q9GZK3,Q9GZK3,active,surface,no,agrees,Q9GZK3,2026-08-06
OR2B3_HUMAN,O76000,O76000,active,surface,no,agrees,O76000,2026-08-06
OR2B6_HUMAN,P58173,P58173,active,surface,no,agrees,P58173,2026-08-06
OR2B8_HUMAN,P59922,P59922,active,surface,no,agrees,P59922,2026-08-06
OR2BB_HUMAN,Q5JQS5,Q5JQS5,active,surface,no,agrees,Q5JQS5,2026-08-06
OR2C1_HUMAN,O95371,O95371,active,surface,no,agrees,O95371,2026-08-06
OR2C3_HUMAN,Q8N628,Q8N628,active,surface,no,agrees,Q8N628,2026-08-06
OR2D2_HUMAN,Q9H210,Q9H210,active,surface,no,agrees,Q9H210,2026-08-06
OR2D3_HUMAN,Q8NGH3,Q8NGH3,active,surface,no,agrees,Q8NGH3,2026-08-06
OR2F1_HUMAN,Q13607,Q13607,active,surface,no,agrees,Q13607,2026-08-06
OR2F2_HUMAN,O95006,O95006,active,surface,no,agrees,O95006,2026-08-06
OR2G2_HUMAN,Q8NGZ5,Q8NGZ5,active,surface,no,agrees,Q8NGZ5,2026-08-06
OR2G3_HUMAN,Q8NGZ4,Q8NGZ4,active,surface,no,agrees,Q8NGZ4,2026-08-06
OR2G6_HUMAN,Q5TZ20,Q5TZ20,active,surface,no,agrees,Q5TZ20,2026-08-06
OR2H1_HUMAN,Q9GZK4,Q9GZK4,active,surface,no,agrees,Q9GZK4,2026-08-06
OR2H2_HUMAN,O95918,O95918,active,surface,no,agrees,O95918,2026-08-06
OR2I1_HUMAN,Q8NGU4,Q8NGU4,active,surface,no,agrees,Q8NGU4,2026-08-06
OR2J1_HUMAN,Q9GZK6,Q9GZK6,active,surface,no,agrees,Q9GZK6,2026-08-06
OR2J2_HUMAN,O76002,O76002,active,surface,no,agrees,O76002,2026-08-06
OR2J3_HUMAN,O76001,O76001,active,surface,no,agrees,O76001,2026-08-06
OR2K2_HUMAN,Q8NGT1,Q8NGT1,active,surface,no,agrees,Q8NGT1,2026-08-06
OR2L2_HUMAN,Q8NH16,Q8NH16,active,surface,no,agrees,Q8NH16,2026-08-06
OR2L3_HUMAN,Q8NG85,Q8NG85,active,surface,no,agrees,Q8NG85,2026-08-06
OR2L5_HUMAN,Q8NG80,Q8NG80,active,surface,no,agrees,Q8NG80,2026-08-06
OR2L8_HUMAN,Q8NGY9,Q8NGY9,active,surface,no,agrees,Q8NGY9,2026-08-06
OR2LD_HUMAN,Q8N349,Q8N349,active,surface,no,agrees,Q8N349,2026-08-06
OR2M2_HUMAN,Q96R28,Q96R28,active,surface,no,agrees,Q96R28,2026-08-06
OR2M3_HUMAN,Q8NG83,Q8NG83,active,surface,no,agrees,Q8NG83,2026-08-06
OR2M4_HUMAN,Q96R27,Q96R27,active,surface,no,agrees,Q96R27,2026-08-06
OR2M5_HUMAN,A3KFT3,A3KFT3,active,surface,no,agrees,A3KFT3,2026-08-06
OR2M7_HUMAN,Q8NG81,Q8NG81,active,surface,no,agrees,Q8NG81,2026-08-06
OR2S1_HUMAN,Q9NQN1,Q9NQN1,active,surface,no,agrees,Q9NQN1,2026-08-06
OR2T1_HUMAN,O43869,O43869,active,surface,no,agrees,O43869,2026-08-06
OR2T2_HUMAN,Q6IF00,Q6IF00,active,surface,no,agrees,Q6IF00,2026-08-06
OR2T3_HUMAN,Q8NH03,Q8NH03,active,surface,no,agrees,Q8NH03,2026-08-06
OR2T4_HUMAN,Q8NH00,Q8NH00,active,surface,no,agrees,Q8NH00,2026-08-06
OR2T5_HUMAN,Q6IEZ7,Q6IEZ7,active,surface,no,agrees,Q6IEZ7,2026-08-06
OR2T6_HUMAN,Q8NHC8,Q8NHC8,active,surface,no,agrees,Q8NHC8,2026-08-06
OR2T7_HUMAN,P0C7T2,P0C7T2,active,surface,no,agrees,P0C7T2,2026-08-06
OR2T8_HUMAN,A6NH00,A6NH00,active,surface,no,agrees,A6NH00,2026-08-06
OR2V1_HUMAN,Q8NHB1,Q8NHB1,active,surface,no,agrees,Q8NHB1,2026-08-06
OR2V2_HUMAN,Q96R30,Q96R30,active,surface,no,agrees,Q96R30,2026-08-06
OR2W1_HUMAN,Q9Y3N9,Q9Y3N9,active,surface,no,agrees,Q9Y3N9,2026-08-06
OR2W3_HUMAN,Q7Z3T1,Q7Z3T1,active,surface,no,agrees,Q7Z3T1,2026-08-06
OR2W5_HUMAN,A6NFC9,A6NFC9,active,unclassified,no,agrees,A6NFC9,2026-08-06
OR2W6_HUMAN,Q8NHA6,Q8NHA6,active,surface,no,agrees,Q8NHA6,2026-08-06
OR2Y1_HUMAN,Q8NGV0,Q8NGV0,active,surface,no,agrees,Q8NGV0,2026-08-06
OR2Z1_HUMAN,Q8NG97,Q8NG97,active,surface,no,agrees,Q8NG97,2026-08-06
OR3A1_HUMAN,P47881,P47881,active,surface,no,agrees,P47881,2026-08-06
OR3A2_HUMAN,P47893,P47893,active,surface,no,agrees,P47893,2026-08-06
OR3A3_HUMAN,P47888,P47888,active,surface,no,agrees,P47888,2026-08-06
OR3A4_HUMAN,P47883,P47883,active,surface,no,agrees,P47883,2026-08-06
OR4A4_HUMAN,Q8NGN8,Q8NGN8,active,surface,no,agrees,Q8NGN8,2026-08-06
OR4A5_HUMAN,Q8NH83,Q8NH83,active,surface,no,agrees,Q8NH83,2026-08-06
OR4A8_HUMAN,P0C604,P0C604,active,surface,no,agrees,P0C604,2026-08-06
OR4B1_HUMAN,Q8NGF8,Q8NGF8,active,surface,no,agrees,Q8NGF8,2026-08-06
OR4C3_HUMAN,Q8NH37,Q8NH37,active,surface,no,agrees,Q8NH37,2026-08-06
OR4C5_HUMAN,Q8NGB2,Q8NGB2,active,surface,no,agrees,Q8NGB2,2026-08-06
OR4C6_HUMAN,Q8NH72,Q8NH72,active,surface,no,agrees,Q8NH72,2026-08-06
OR4CB_HUMAN,Q6IEV9,Q6IEV9,active,surface,no,agrees,Q6IEV9,2026-08-06
OR4CC_HUMAN,Q96R67,Q96R67,active,surface,no,agrees,Q96R67,2026-08-06
OR4CD_HUMAN,Q8NGP0,Q8NGP0,active,surface,no,agrees,Q8NGP0,2026-08-06
OR4CF_HUMAN,Q8NGM1,Q8NGM1,active,surface,no,agrees,Q8NGM1,2026-08-06
OR4CG_HUMAN,Q8NGL9,Q8NGL9,active,surface,no,agrees,Q8NGL9,2026-08-06
OR4D1_HUMAN,Q15615,Q15615,active,surface,no,agrees,Q15615,2026-08-06
OR4D2_HUMAN,P58180,P58180,active,surface,no,agrees,P58180,2026-08-06
OR4D5_HUMAN,Q8NGN0,Q8NGN0,active,surface,no,agrees,Q8NGN0,2026-08-06
OR4D6_HUMAN,Q8NGJ1,Q8NGJ1,active,surface,no,agrees,Q8NGJ1,2026-08-06
OR4D9_HUMAN,Q8NGE8,Q8NGE8,active,surface,no,agrees,Q8NGE8,2026-08-06
OR4DA_HUMAN,Q8NGI6,Q8NGI6,active,surface,no,agrees,Q8NGI6,2026-08-06
OR4DB_HUMAN,Q8NGI4,Q8NGI4,active,surface,no,agrees,Q8NGI4,2026-08-06
OR4E1_HUMAN,P0C645,P0C645,active,surface,no,agrees,P0C645,2026-08-06
OR4E2_HUMAN,Q8NGC2,Q8NGC2,active,surface,no,agrees,Q8NGC2,2026-08-06
OR4F3_HUMAN,Q6IEY1,Q6IEY1,active,surface,no,agrees,Q6IEY1,2026-08-06
OR4F4_HUMAN,Q96R69,Q96R69,active,surface,no,agrees,Q96R69,2026-08-06
OR4F5_HUMAN,Q8NH21,Q8NH21,active,surface,no,agrees,Q8NH21,2026-08-06
OR4F6_HUMAN,Q8NGB9,Q8NGB9,active,surface,no,agrees,Q8NGB9,2026-08-06
OR4K1_HUMAN,Q8NGD4,Q8NGD4,active,surface,no,agrees,Q8NGD4,2026-08-06
OR4K2_HUMAN,Q8NGD2,Q8NGD2,active,surface,no,agrees,Q8NGD2,2026-08-06
OR4K3_HUMAN,Q96R72,Q96R72,active,surface,no,agrees,Q96R72,2026-08-06
OR4K5_HUMAN,Q8NGD3,Q8NGD3,active,surface,no,agrees,Q8NGD3,2026-08-06
OR4KD_HUMAN,Q8NH42,Q8NH42,active,surface,no,agrees,Q8NH42,2026-08-06
OR4KE_HUMAN,Q8NGD5,Q8NGD5,active,surface,no,agrees,Q8NGD5,2026-08-06
OR4KF_HUMAN,Q8NH41,Q8NH41,active,surface,no,agrees,Q8NH41,2026-08-06
OR4KH_HUMAN,Q8NGC6,Q8NGC6,active,surface,no,agrees,Q8NGC6,2026-08-06
OR4L1_HUMAN,Q8NH43,Q8NH43,active,surface,no,agrees,Q8NH43,2026-08-06
OR4M1_HUMAN,Q8NGD0,Q8NGD0,active,surface,no,agrees,Q8NGD0,2026-08-06
OR4M2_HUMAN,Q8NGB6,Q8NGB6,active,surface,no,agrees,Q8NGB6,2026-08-06
OR4N2_HUMAN,Q8NGD1,Q8NGD1,active,surface,no,agrees,Q8NGD1,2026-08-06
OR4N4_HUMAN,Q8N0Y3,Q8N0Y3,active,surface,no,agrees,Q8N0Y3,2026-08-06
OR4N5_HUMAN,Q8IXE1,Q8IXE1,active,surface,no,agrees,Q8IXE1,2026-08-06
OR4P4_HUMAN,Q8NGL7,Q8NGL7,active,surface,no,agrees,Q8NGL7,2026-08-06
OR4Q2_HUMAN,P0C623,P0C623,active,surface,no,agrees,P0C623,2026-08-06
OR4Q3_HUMAN,Q8NH05,Q8NH05,active,surface,no,agrees,Q8NH05,2026-08-06
OR4S1_HUMAN,Q8NGB4,Q8NGB4,active,surface,no,agrees,Q8NGB4,2026-08-06
OR4S2_HUMAN,Q8NH73,Q8NH73,active,surface,no,agrees,Q8NH73,2026-08-06
OR4X1_HUMAN,Q8NH49,Q8NH49,active,surface,no,agrees,Q8NH49,2026-08-06
OR4X2_HUMAN,Q8NGF9,Q8NGF9,active,surface,no,agrees,Q8NGF9,2026-08-06
OR5A1_HUMAN,Q8NGJ0,Q8NGJ0,active,surface,no,agrees,Q8NGJ0,2026-08-06
OR5A2_HUMAN,Q8NGI9,Q8NGI9,active,surface,no,agrees,Q8NGI9,2026-08-06
OR5B2_HUMAN,Q96R09,Q96R09,active,surface,no,agrees,Q96R09,2026-08-06
OR5B3_HUMAN,Q8NH48,Q8NH48,active,surface,no,agrees,Q8NH48,2026-08-06
OR5BC_HUMAN,Q96R08,Q96R08,active,surface,no,agrees,Q96R08,2026-08-06
OR5BH_HUMAN,Q8NGF7,Q8NGF7,active,surface,no,agrees,Q8NGF7,2026-08-06
OR5BL_HUMAN,A6NL26,A6NL26,active,surface,no,agrees,A6NL26,2026-08-06
OR5C1_HUMAN,Q8NGR4,Q8NGR4,active,surface,no,agrees,Q8NGR4,2026-08-06
OR5DD_HUMAN,Q8NGL4,Q8NGL4,active,surface,no,agrees,Q8NGL4,2026-08-06
OR5DE_HUMAN,Q8NGL3,Q8NGL3,active,surface,no,agrees,Q8NGL3,2026-08-06
OR5DG_HUMAN,Q8NGK9,Q8NGK9,active,surface,no,agrees,Q8NGK9,2026-08-06
OR5DI_HUMAN,Q8NGL1,Q8NGL1,active,surface,no,agrees,Q8NGL1,2026-08-06
OR5F1_HUMAN,O95221,O95221,active,surface,no,agrees,O95221,2026-08-06
OR5G3_HUMAN,P0C626,P0C626,active,surface,no,agrees,P0C626,2026-08-06
OR5H1_HUMAN,A6NKK0,A6NKK0,active,surface,no,agrees,A6NKK0,2026-08-06
OR5H2_HUMAN,Q8NGV7,Q8NGV7,active,surface,no,agrees,Q8NGV7,2026-08-06
OR5H6_HUMAN,Q8NGV6,Q8NGV6,active,surface,no,agrees,Q8NGV6,2026-08-06
OR5I1_HUMAN,Q13606,Q13606,active,surface,no,agrees,Q13606,2026-08-06
OR5J2_HUMAN,Q8NH18,Q8NH18,active,surface,no,agrees,Q8NH18,2026-08-06
OR5K1_HUMAN,Q8NHB7,Q8NHB7,active,surface,no,agrees,Q8NHB7,2026-08-06
OR5K2_HUMAN,Q8NHB8,Q8NHB8,active,surface,no,agrees,Q8NHB8,2026-08-06
OR5K3_HUMAN,A6NET4,A6NET4,active,surface,no,agrees,A6NET4,2026-08-06
OR5K4_HUMAN,A6NMS3,A6NMS3,active,surface,no,agrees,A6NMS3,2026-08-06
OR5L1_HUMAN,Q8NGL2,Q8NGL2,active,surface,no,agrees,Q8NGL2,2026-08-06
OR5L2_HUMAN,Q8NGL0,Q8NGL0,active,surface,no,agrees,Q8NGL0,2026-08-06
OR5M1_HUMAN,Q8NGP8,Q8NGP8,active,surface,no,agrees,Q8NGP8,2026-08-06
OR5M3_HUMAN,Q8NGP4,Q8NGP4,active,surface,no,agrees,Q8NGP4,2026-08-06
OR5M8_HUMAN,Q8NGP6,Q8NGP6,active,surface,no,agrees,Q8NGP6,2026-08-06
OR5M9_HUMAN,Q8NGP3,Q8NGP3,active,surface,no,agrees,Q8NGP3,2026-08-06
OR5MA_HUMAN,Q6IEU7,Q6IEU7,active,surface,no,agrees,Q6IEU7,2026-08-06
OR5MB_HUMAN,Q96RB7,Q96RB7,active,surface,no,agrees,Q96RB7,2026-08-06
OR5P2_HUMAN,Q8WZ92,Q8WZ92,active,surface,no,agrees,Q8WZ92,2026-08-06
OR5P3_HUMAN,Q8WZ94,Q8WZ94,active,surface,no,agrees,Q8WZ94,2026-08-06
OR5R1_HUMAN,Q8NH85,Q8NH85,active,surface,no,agrees,Q8NH85,2026-08-06
OR5T1_HUMAN,Q8NG75,Q8NG75,active,surface,no,agrees,Q8NG75,2026-08-06
OR5T2_HUMAN,Q8NGG2,Q8NGG2,active,surface,no,agrees,Q8NGG2,2026-08-06
OR5T3_HUMAN,Q8NGG3,Q8NGG3,active,surface,no,agrees,Q8NGG3,2026-08-06
OR5V1_HUMAN,Q9UGF6,Q9UGF6,active,surface,no,agrees,Q9UGF6,2026-08-06
OR5W2_HUMAN,Q8NH69,Q8NH69,active,surface,no,agrees,Q8NH69,2026-08-06
OR6A2_HUMAN,O95222,O95222,active,surface,no,agrees,O95222,2026-08-06
OR6B1_HUMAN,O95007,O95007,active,surface,no,agrees,O95007,2026-08-06
OR6B2_HUMAN,Q6IFH4,Q6IFH4,active,surface,no,agrees,Q6IFH4,2026-08-06
OR6B3_HUMAN,Q8NGW1,Q8NGW1,active,surface,no,agrees,Q8NGW1,2026-08-06
OR6C1_HUMAN,Q96RD1,Q96RD1,active,surface,no,agrees,Q96RD1,2026-08-06
OR6C2_HUMAN,Q9NZP2,Q9NZP2,active,surface,no,agrees,Q9NZP2,2026-08-06
OR6C3_HUMAN,Q9NZP0,Q9NZP0,active,surface,no,agrees,Q9NZP0,2026-08-06
OR6C4_HUMAN,Q8NGE1,Q8NGE1,active,surface,no,agrees,Q8NGE1,2026-08-06
OR6C6_HUMAN,A6NF89,A6NF89,active,surface,no,agrees,A6NF89,2026-08-06
OR6F1_HUMAN,Q8NGZ6,Q8NGZ6,active,surface,no,agrees,Q8NGZ6,2026-08-06
OR6J1_HUMAN,Q8NGC5,Q8NGC5,active,surface,no,agrees,Q8NGC5,2026-08-06
OR6K2_HUMAN,Q8NGY2,Q8NGY2,active,surface,no,agrees,Q8NGY2,2026-08-06
OR6K3_HUMAN,Q8NGY3,Q8NGY3,active,surface,no,agrees,Q8NGY3,2026-08-06
OR6K6_HUMAN,Q8NGW6,Q8NGW6,active,surface,no,agrees,Q8NGW6,2026-08-06
OR6M1_HUMAN,Q8NGM8,Q8NGM8,active,surface,no,agrees,Q8NGM8,2026-08-06
OR6N1_HUMAN,Q8NGY5,Q8NGY5,active,surface,no,agrees,Q8NGY5,2026-08-06
OR6N2_HUMAN,Q8NGY6,Q8NGY6,active,surface,no,agrees,Q8NGY6,2026-08-06
OR6P1_HUMAN,Q8NGX9,Q8NGX9,active,surface,no,agrees,Q8NGX9,2026-08-06
OR6Q1_HUMAN,Q8NGQ2,Q8NGQ2,active,surface,no,agrees,Q8NGQ2,2026-08-06
OR6S1_HUMAN,Q8NH40,Q8NH40,active,surface,no,agrees,Q8NH40,2026-08-06
OR6T1_HUMAN,Q8NGN1,Q8NGN1,active,surface,no,agrees,Q8NGN1,2026-08-06
OR6V1_HUMAN,Q8N148,Q8N148,active,surface,no,agrees,Q8N148,2026-08-06
OR6X1_HUMAN,Q8NH79,Q8NH79,active,surface,no,agrees,Q8NH79,2026-08-06
OR6Y1_HUMAN,Q8NGX8,Q8NGX8,active,surface,no,agrees,Q8NGX8,2026-08-06
OR7A2_HUMAN,Q8NGA2,Q8NGA2,active,surface,no,agrees,Q8NGA2,2026-08-06
OR7A5_HUMAN,Q15622,Q15622,active,surface,no,agrees,Q15622,2026-08-06
OR7AA_HUMAN,O76100,O76100,active,surface,no,agrees,O76100,2026-08-06
OR7AH_HUMAN,O14581,O14581,active,surface,no,agrees,O14581,2026-08-06
OR7C1_HUMAN,O76099,O76099,active,surface,no,agrees,O76099,2026-08-06
OR7C2_HUMAN,O60412,O60412,active,surface,no,agrees,O60412,2026-08-06
OR7D2_HUMAN,Q96RA2,Q96RA2,active,surface,no,agrees,Q96RA2,2026-08-06
OR7D4_HUMAN,Q8NG98,Q8NG98,active,surface,no,agrees,Q8NG98,2026-08-06
OR7G1_HUMAN,Q8NGA0,Q8NGA0,active,surface,no,agrees,Q8NGA0,2026-08-06
OR7G2_HUMAN,Q8NG99,Q8NG99,active,surface,no,agrees,Q8NG99,2026-08-06
OR7G3_HUMAN,Q8NG95,Q8NG95,active,surface,no,agrees,Q8NG95,2026-08-06
OR8A1_HUMAN,Q8NGG7,Q8NGG7,active,surface,no,agrees,Q8NGG7,2026-08-06
OR8B2_HUMAN,Q96RD0,Q96RD0,active,surface,no,agrees,Q96RD0,2026-08-06
OR8B3_HUMAN,Q8NGG8,Q8NGG8,active,surface,no,agrees,Q8NGG8,2026-08-06
OR8B4_HUMAN,Q96RC9,Q96RC9,active,surface,no,agrees,Q96RC9,2026-08-06
OR8B8_HUMAN,Q15620,Q15620,active,surface,no,agrees,Q15620,2026-08-06
OR8BC_HUMAN,Q8NGG6,Q8NGG6,active,surface,no,agrees,Q8NGG6,2026-08-06
OR8D1_HUMAN,Q8WZ84,Q8WZ84,active,surface,no,agrees,Q8WZ84,2026-08-06
OR8D2_HUMAN,Q9GZM6,Q9GZM6,active,surface,no,agrees,Q9GZM6,2026-08-06
OR8D4_HUMAN,Q8NGM9,Q8NGM9,active,surface,no,agrees,Q8NGM9,2026-08-06
OR8G1_HUMAN,Q15617,Q15617,active,surface,no,agrees,Q15617,2026-08-06
OR8G2_HUMAN,Q15614,Q15614,inactive,surface,no,agrees,Q15614,2026-08-06
OR8G5_HUMAN,Q8NG78,Q8NG78,active,surface,no,agrees,Q8NG78,2026-08-06
OR8H1_HUMAN,Q8NGG4,Q8NGG4,active,surface,no,agrees,Q8NGG4,2026-08-06
OR8H2_HUMAN,Q8N162,Q8N162,active,surface,no,agrees,Q8N162,2026-08-06
OR8H3_HUMAN,Q8N146,Q8N146,active,surface,no,agrees,Q8N146,2026-08-06
OR8I2_HUMAN,Q8N0Y5,Q8N0Y5,active,surface,no,agrees,Q8N0Y5,2026-08-06
OR8J1_HUMAN,Q8NGP2,Q8NGP2,active,surface,no,agrees,Q8NGP2,2026-08-06
OR8J2_HUMAN,Q8NGG1,Q8NGG1,active,surface,no,agrees,Q8NGG1,2026-08-06
OR8J3_HUMAN,Q8NGG0,Q8NGG0,active,surface,no,agrees,Q8NGG0,2026-08-06
OR8K1_HUMAN,Q8NGG5,Q8NGG5,active,surface,no,agrees,Q8NGG5,2026-08-06
OR8K3_HUMAN,Q8NH51,Q8NH51,active,surface,no,agrees,Q8NH51,2026-08-06
OR8K5_HUMAN,Q8NH50,Q8NH50,active,surface,no,agrees,Q8NH50,2026-08-06
OR8S1_HUMAN,Q8NH09,Q8NH09,active,surface,no,agrees,Q8NH09,2026-08-06
OR8U1_HUMAN,Q8NH10,Q8NH10,active,surface,no,agrees,Q8NH10,2026-08-06
OR8U8_HUMAN,P0C7N1,P0C7N1,active,surface,no,agrees,P0C7N1,2026-08-06
OR8U9_HUMAN,P0C7N5,P0C7N5,active,surface,no,agrees,P0C7N5,2026-08-06
OR9A1_HUMAN,Q8NGU1,Q8NGU1,active,surface,no,agrees,Q8NGU1,2026-08-06
OR9A2_HUMAN,Q8NGT5,Q8NGT5,active,surface,no,agrees,Q8NGT5,2026-08-06
OR9A4_HUMAN,Q8NGU2,Q8NGU2,active,surface,no,agrees,Q8NGU2,2026-08-06
OR9G1_HUMAN,Q8NH87,Q8NH87,active,surface,no,agrees,Q8NH87,2026-08-06
OR9G4_HUMAN,Q8NGQ1,Q8NGQ1,active,surface,no,agrees,Q8NGQ1,2026-08-06
OR9G9_HUMAN,P0C7N8,P0C7N8,active,surface,no,agrees,P0C7N8,2026-08-06
OR9I1_HUMAN,Q8NGQ6,Q8NGQ6,active,surface,no,agrees,Q8NGQ6,2026-08-06
OR9K2_HUMAN,Q8NGE7,Q8NGE7,active,surface,no,agrees,Q8NGE7,2026-08-06
OR9Q1_HUMAN,Q8NGQ5,Q8NGQ5,active,surface,no,agrees,Q8NGQ5,2026-08-06
OR9Q2_HUMAN,Q8NGE9,Q8NGE9,active,surface,no,agrees,Q8NGE9,2026-08-06
ORAI2_HUMAN,Q96SN7,Q96SN7,active,non_surface,no,agrees,Q96SN7,2026-08-06
ORAI3_HUMAN,Q9BRQ5,Q9BRQ5,active,unclassified,no,agrees,Q9BRQ5,2026-08-06
OREX_HUMAN,O43612,O43612,active,unclassified,no,agrees,O43612,2026-08-06
ORML1_HUMAN,Q9P0S3,Q9P0S3,active,non_surface,no,agrees,Q9P0S3,2026-08-06
ORML2_HUMAN,Q53FV1,Q53FV1,active,non_surface,no,agrees,Q53FV1,2026-08-06
ORML3_HUMAN,Q8N138,Q8N138,active,non_surface,no,agrees,Q8N138,2026-08-06
ORNT2_HUMAN,Q9BXI2,Q9BXI2,active,non_surface,no,agrees,Q9BXI2,2026-08-06
OS9_HUMAN,Q13438,Q13438,active,unclassified,no,agrees,Q13438,2026-08-06
OSBL5_HUMAN,Q9H0X9,Q9H0X9,active,non_surface,no,agrees,Q9H0X9,2026-08-06
OSBL8_HUMAN,Q9BZF1,Q9BZF1,active,non_surface,no,agrees,Q9BZF1,2026-08-06
OSBL9_HUMAN,Q96SU4,Q96SU4,active,non_surface,no,agrees,Q96SU4,2026-08-06
OSCAR_HUMAN,Q8IYS5,Q8IYS5,active,unclassified,no,agrees,Q8IYS5,2026-08-06
OSMR_HUMAN,Q99650,Q99650,active,surface,no,agrees,Q99650,2026-08-06
OST48_HUMAN,P39656,P39656,active,non_surface,no,agrees,P39656,2026-08-06
OST4_HUMAN,P0C6T2,P0C6T2,active,non_surface,no,agrees,P0C6T2,2026-08-06
OSTA_HUMAN,Q86UW1,Q86UW1,active,surface,no,agrees,Q86UW1,2026-08-06
OSTB_HUMAN,Q86UW2,Q86UW2,active,surface,no,agrees,Q86UW2,2026-08-06
OSTCN_HUMAN,P02818,P02818,active,unclassified,no,agrees,P02818,2026-08-06
OSTC_HUMAN,Q9NRP0,Q9NRP0,active,non_surface,no,agrees,Q9NRP0,2026-08-06
OSTM1_HUMAN,Q86WC4,Q86WC4,active,surface,no,agrees,Q86WC4,2026-08-06
OSTN_HUMAN,P61366,P61366,active,unclassified,no,agrees,P61366,2026-08-06
OSTP_HUMAN,P10451,P10451,active,unclassified,no,agrees,P10451,2026-08-06
OTOAN_HUMAN,Q7RTW8,Q7RTW8,active,surface,no,agrees,Q7RTW8,2026-08-06
OTOF_HUMAN,Q9HC10,Q9HC10,active,non_surface,no,agrees,Q9HC10,2026-08-06
OTOGL_HUMAN,Q3ZCN5,Q3ZCN5,active,unclassified,no,agrees,Q3ZCN5,2026-08-06
OTOG_HUMAN,Q6ZRI0,Q6ZRI0,active,unclassified,no,agrees,Q6ZRI0,2026-08-06
OTOL1_HUMAN,A6NHN0,A6NHN0,active,unclassified,no,agrees,A6NHN0,2026-08-06
OTOP1_HUMAN,Q7RTM1,Q7RTM1,active,surface,no,agrees,Q7RTM1,2026-08-06
OTOP2_HUMAN,Q7RTS6,Q7RTS6,active,surface,no,agrees,Q7RTS6,2026-08-06
OTOP3_HUMAN,Q7RTS5,Q7RTS5,active,unclassified,no,agrees,Q7RTS5,2026-08-06
OTOR_HUMAN,Q9NRC9,Q9NRC9,active,unclassified,no,agrees,Q9NRC9,2026-08-06
OTOSP_HUMAN,Q8NHW6,Q8NHW6,active,unclassified,no,agrees,Q8NHW6,2026-08-06
OVCH1_HUMAN,Q7RTY7,Q7RTY7,active,unclassified,no,agrees,Q7RTY7,2026-08-06
OVCH2_HUMAN,Q7RTZ1,Q7RTZ1,active,unclassified,no,agrees,Q7RTZ1,2026-08-06
OVGP1_HUMAN,Q12889,Q12889,active,unclassified,no,agrees,Q12889,2026-08-06
OVOS1_HUMAN,Q6IE37,Q6IE37,active,unclassified,no,agrees,Q6IE37,2026-08-06
OX1R_HUMAN,O43613,O43613,active,surface,no,agrees,O43613,2026-08-06
OX26_HUMAN,P83859,P83859,active,unclassified,no,agrees,P83859,2026-08-06
OX2G_HUMAN,P41217,P41217,active,surface,no,agrees,P41217,2026-08-06
OX2R_HUMAN,O43614,O43614,active,surface,no,agrees,O43614,2026-08-06
OXA1L_HUMAN,Q15070,Q15070,active,non_surface,no,agrees,Q15070,2026-08-06
OXDA_HUMAN,P14920,P14920,active,unclassified,no,agrees,P14920,2026-08-06
OXDD_HUMAN,Q99489,Q99489,active,unclassified,no,agrees,Q99489,2026-08-06
OXER1_HUMAN,Q8TDS5,Q8TDS5,active,surface,no,agrees,Q8TDS5,2026-08-06
OXGR1_HUMAN,Q96P68,Q96P68,active,surface,no,agrees,Q96P68,2026-08-06
OXLA_HUMAN,Q96RQ9,Q96RQ9,active,unclassified,no,agrees,Q96RQ9,2026-08-06
OXND1_HUMAN,Q96HP4,Q96HP4,active,unclassified,no,agrees,Q96HP4,2026-08-06
OXYR_HUMAN,P30559,P30559,active,surface,no,agrees,P30559,2026-08-06
P121A_HUMAN,Q96HA1,Q96HA1,active,non_surface,no,agrees,Q96HA1,2026-08-06
P121C_HUMAN,A8CG34,A8CG34,active,non_surface,no,agrees,A8CG34,2026-08-06
P12LL_HUMAN,A6NNC1,A6NNC1,active,non_surface,no,agrees,A6NNC1,2026-08-06
P20D1_HUMAN,Q6GTS8,Q6GTS8,active,unclassified,no,agrees,Q6GTS8,2026-08-06
P210L_HUMAN,Q5VU65,Q5VU65,active,surface,no,agrees,Q5VU65,2026-08-06
P2RX1_HUMAN,P51575,P51575,active,surface,no,agrees,P51575,2026-08-06
P2RX2_HUMAN,Q9UBL9,Q9UBL9,active,surface,no,agrees,Q9UBL9,2026-08-06
P2RX3_HUMAN,P56373,P56373,active,surface,no,agrees,P56373,2026-08-06
P2RX4_HUMAN,Q99571,Q99571,active,surface,no,agrees,Q99571,2026-08-06
P2RX5_HUMAN,Q93086,Q93086,active,non_surface,no,agrees,Q93086,2026-08-06
P2RX6_HUMAN,O15547,O15547,active,surface,no,agrees,O15547,2026-08-06
P2RX7_HUMAN,Q99572,Q99572,active,surface,no,agrees,Q99572,2026-08-06
P2RY1_HUMAN,P47900,P47900,active,surface,no,agrees,P47900,2026-08-06
P2RY2_HUMAN,P41231,P41231,active,surface,no,agrees,P41231,2026-08-06
P2RY4_HUMAN,P51582,P51582,active,surface,no,agrees,P51582,2026-08-06
P2RY6_HUMAN,Q15077,Q15077,active,surface,no,agrees,Q15077,2026-08-06
P2RY8_HUMAN,Q86VZ1,Q86VZ1,active,surface,no,agrees,Q86VZ1,2026-08-06
P2Y10_HUMAN,O00398,O00398,active,surface,no,agrees,O00398,2026-08-06
P2Y11_HUMAN,Q96G91,Q96G91,active,surface,no,agrees,Q96G91,2026-08-06
P2Y12_HUMAN,Q9H244,Q9H244,active,surface,no,agrees,Q9H244,2026-08-06
P2Y13_HUMAN,Q9BPV8,Q9BPV8,active,surface,no,agrees,Q9BPV8,2026-08-06
P2Y14_HUMAN,Q15391,Q15391,active,surface,no,agrees,Q15391,2026-08-06
P3H1_HUMAN,Q32P28,Q32P28,active,unclassified,no,agrees,Q32P28,2026-08-06
P3H2_HUMAN,Q8IVL5,Q8IVL5,active,unclassified,no,agrees,Q8IVL5,2026-08-06
P3H3_HUMAN,Q8IVL6,Q8IVL6,active,unclassified,no,agrees,Q8IVL6,2026-08-06
P3IP1_HUMAN,Q96FE7,Q96FE7,active,surface,no,agrees,Q96FE7,2026-08-06
P3_HUMAN,P09131,P09131,active,surface,no,agrees,P09131,2026-08-06
P4HA1_HUMAN,P13674,P13674,active,unclassified,no,agrees,P13674,2026-08-06
P4HA2_HUMAN,O15460,O15460,active,unclassified,no,agrees,O15460,2026-08-06
P4HA3_HUMAN,Q7Z4N8,Q7Z4N8,active,unclassified,no,agrees,Q7Z4N8,2026-08-06
P4HTM_HUMAN,Q9NXG6,Q9NXG6,active,non_surface,no,agrees,Q9NXG6,2026-08-06
P4R3A_HUMAN,Q6IN85,Q6IN85,active,non_surface,no,agrees,Q6IN85,2026-08-06
P5CR1_HUMAN,P32322,P32322,active,unclassified,no,agrees,P32322,2026-08-06
P5CR2_HUMAN,Q96C36,Q96C36,active,unclassified,no,agrees,Q96C36,2026-08-06
P5I11_HUMAN,O14683,O14683,active,non_surface,no,agrees,O14683,2026-08-06
P5I13_HUMAN,Q8NBR0,Q8NBR0,active,surface,no,agrees,Q8NBR0,2026-08-06
PA21B_HUMAN,P04054,P04054,active,unclassified,no,agrees,P04054,2026-08-06
PA24E_HUMAN,Q3MJ16,Q3MJ16,active,non_surface,no,agrees,Q3MJ16,2026-08-06
PA2G3_HUMAN,Q9NZ20,Q9NZ20,active,unclassified,no,agrees,Q9NZ20,2026-08-06
PA2G5_HUMAN,P39877,P39877,active,unclassified,no,agrees,P39877,2026-08-06
PA2GA_HUMAN,P14555,P14555,active,unclassified,no,agrees,P14555,2026-08-06
PA2GC_HUMAN,Q5R387,Q5R387,active,unclassified,no,agrees,Q5R387,2026-08-06
PA2GD_HUMAN,Q9UNK4,Q9UNK4,active,unclassified,no,agrees,Q9UNK4,2026-08-06
PA2GE_HUMAN,Q9NZK7,Q9NZK7,active,unclassified,no,agrees,Q9NZK7,2026-08-06
PA2GF_HUMAN,Q9BZM2,Q9BZM2,active,unclassified,no,agrees,Q9BZM2,2026-08-06
PA2GX_HUMAN,O15496,O15496,active,unclassified,no,agrees,O15496,2026-08-06
PABP2_HUMAN,Q86U42,Q86U42,active,unclassified,no,agrees,Q86U42,2026-08-06
PACA_HUMAN,P18509,P18509,active,unclassified,no,agrees,P18509,2026-08-06
PACR_HUMAN,P41586,P41586,active,surface,no,agrees,P41586,2026-08-06
PADC1_HUMAN,Q9BSG0,Q9BSG0,active,unclassified,no,agrees,Q9BSG0,2026-08-06
PAEP_HUMAN,P09466,P09466,active,unclassified,no,agrees,P09466,2026-08-06
PAFA_HUMAN,Q13093,Q13093,active,unclassified,no,agrees,Q13093,2026-08-06
PAG15_HUMAN,Q8NCC3,Q8NCC3,active,unclassified,no,agrees,Q8NCC3,2026-08-06
PAHO_HUMAN,P01298,P01298,active,unclassified,no,agrees,P01298,2026-08-06
PAI1_HUMAN,P05121,P05121,active,unclassified,no,agrees,P05121,2026-08-06
PAI2_HUMAN,P05120,P05120,active,unclassified,no,agrees,P05120,2026-08-06
PAMR1_HUMAN,Q6UXH9,Q6UXH9,active,unclassified,no,agrees,Q6UXH9,2026-08-06
PANK1_HUMAN,Q8TE04,Q8TE04,active,non_surface,no,agrees,Q8TE04,2026-08-06
PANK2_HUMAN,Q9BZ23,Q9BZ23,active,non_surface,no,agrees,Q9BZ23,2026-08-06
PANX1_HUMAN,Q96RD7,Q96RD7,active,surface,no,agrees,Q96RD7,2026-08-06
PANX2_HUMAN,Q96RD6,Q96RD6,active,surface,no,agrees,Q96RD6,2026-08-06
PANX3_HUMAN,Q96QZ0,Q96QZ0,active,unclassified,no,agrees,Q96QZ0,2026-08-06
PAOX_HUMAN,Q6QHF9,Q6QHF9,active,non_surface,no,agrees,Q6QHF9,2026-08-06
PAPAS_HUMAN,Q5QFB9,Q5QFB9,active,non_surface,no,agrees,Q5QFB9,2026-08-06
PAPD1_HUMAN,Q9NVV4,Q9NVV4,active,non_surface,no,agrees,Q9NVV4,2026-08-06
PAPD7_HUMAN,Q5XG87,Q5XG87,active,non_surface,no,agrees,Q5XG87,2026-08-06
PAPL_HUMAN,Q6ZNF0,Q6ZNF0,active,unclassified,no,agrees,Q6ZNF0,2026-08-06
PAPOG_HUMAN,Q9BWT3,Q9BWT3,active,non_surface,no,agrees,Q9BWT3,2026-08-06
PAPP1_HUMAN,Q13219,Q13219,active,unclassified,no,agrees,Q13219,2026-08-06
PAPP2_HUMAN,Q9BXP8,Q9BXP8,active,unclassified,no,agrees,Q9BXP8,2026-08-06
PAQR3_HUMAN,Q6TCH7,Q6TCH7,active,unclassified,no,agrees,Q6TCH7,2026-08-06
PAQR4_HUMAN,Q8N4S7,Q8N4S7,active,non_surface,no,agrees,Q8N4S7,2026-08-06
PAQR6_HUMAN,Q6TCH4,Q6TCH4,active,non_surface,no,agrees,Q6TCH4,2026-08-06
PAQR9_HUMAN,Q6ZVX9,Q6ZVX9,active,unclassified,no,agrees,Q6ZVX9,2026-08-06
PAQRA_HUMAN,Q8IY49,Q8IY49,active,non_surface,no,agrees,Q8IY49,2026-08-06
PAQRB_HUMAN,Q15546,Q15546,active,unclassified,no,agrees,Q15546,2026-08-06
PAR16_HUMAN,Q8N5Y8,Q8N5Y8,active,non_surface,no,agrees,Q8N5Y8,2026-08-06
PAR1_HUMAN,P25116,P25116,active,surface,no,agrees,P25116,2026-08-06
PAR2_HUMAN,P55085,P55085,active,surface,no,agrees,P55085,2026-08-06
PAR3_HUMAN,O00254,O00254,active,surface,no,agrees,O00254,2026-08-06
PAR4_HUMAN,Q96RI0,Q96RI0,active,surface,no,agrees,Q96RI0,2026-08-06
PARL_HUMAN,Q9H300,Q9H300,active,non_surface,no,agrees,Q9H300,2026-08-06
PARM1_HUMAN,Q6UWI2,Q6UWI2,active,surface,no,agrees,Q6UWI2,2026-08-06
PARP3_HUMAN,Q9Y6F1,Q9Y6F1,active,non_surface,no,agrees,Q9Y6F1,2026-08-06
PARP9_HUMAN,Q8IXQ6,Q8IXQ6,active,unclassified,no,agrees,Q8IXQ6,2026-08-06
PATE1_HUMAN,Q8WXA2,Q8WXA2,active,unclassified,no,agrees,Q8WXA2,2026-08-06
PATE2_HUMAN,Q6UY27,Q6UY27,active,unclassified,no,agrees,Q6UY27,2026-08-06
PATE3_HUMAN,B3GLJ2,B3GLJ2,active,unclassified,no,agrees,B3GLJ2,2026-08-06
PATE4_HUMAN,P0C8F1,P0C8F1,active,unclassified,no,agrees,P0C8F1,2026-08-06
PBIP1_HUMAN,Q96AQ6,Q96AQ6,active,non_surface,no,agrees,Q96AQ6,2026-08-06
PBMU2_HUMAN,E2RYF7,E2RYF7,active,unclassified,no,agrees,E2RYF7,2026-08-06
PBOV1_HUMAN,Q9GZY1,Q9GZY1,active,non_surface,no,agrees,Q9GZY1,2026-08-06
PC11X_HUMAN,Q9BZA7,Q9BZA7,active,surface,no,agrees,Q9BZA7,2026-08-06
PC11Y_HUMAN,Q9BZA8,Q9BZA8,active,surface,no,agrees,Q9BZA8,2026-08-06
PCAT1_HUMAN,Q8NF37,Q8NF37,active,non_surface,no,agrees,Q8NF37,2026-08-06
PCAT2_HUMAN,Q7L5N7,Q7L5N7,active,non_surface,no,agrees,Q7L5N7,2026-08-06
PCCB_HUMAN,P05166,P05166,active,unclassified,no,agrees,P05166,2026-08-06
PCD10_HUMAN,Q9P2E7,Q9P2E7,active,surface,no,agrees,Q9P2E7,2026-08-06
PCD12_HUMAN,Q9NPG4,Q9NPG4,active,surface,no,agrees,Q9NPG4,2026-08-06
PCD15_HUMAN,Q96QU1,Q96QU1,active,surface,no,agrees,Q96QU1,2026-08-06
PCD16_HUMAN,Q96JQ0,Q96JQ0,active,surface,no,agrees,Q96JQ0,2026-08-06
PCD17_HUMAN,O14917,O14917,active,surface,no,agrees,O14917,2026-08-06
PCD18_HUMAN,Q9HCL0,Q9HCL0,active,surface,no,agrees,Q9HCL0,2026-08-06
PCD19_HUMAN,Q8TAB3,Q8TAB3,active,surface,no,agrees,Q8TAB3,2026-08-06
PCD20_HUMAN,Q8N6Y1,Q8N6Y1,active,surface,no,agrees,Q8N6Y1,2026-08-06
PCD23_HUMAN,Q6V1P9,Q6V1P9,active,surface,no,agrees,Q6V1P9,2026-08-06
PCDA1_HUMAN,Q9Y5I3,Q9Y5I3,active,surface,no,agrees,Q9Y5I3,2026-08-06
PCDA2_HUMAN,Q9Y5H9,Q9Y5H9,active,surface,no,agrees,Q9Y5H9,2026-08-06
PCDA3_HUMAN,Q9Y5H8,Q9Y5H8,active,surface,no,agrees,Q9Y5H8,2026-08-06
PCDA4_HUMAN,Q9UN74,Q9UN74,active,surface,no,agrees,Q9UN74,2026-08-06
PCDA5_HUMAN,Q9Y5H7,Q9Y5H7,active,surface,no,agrees,Q9Y5H7,2026-08-06
PCDA6_HUMAN,Q9UN73,Q9UN73,active,surface,no,agrees,Q9UN73,2026-08-06
PCDA7_HUMAN,Q9UN72,Q9UN72,active,surface,no,agrees,Q9UN72,2026-08-06
PCDA8_HUMAN,Q9Y5H6,Q9Y5H6,active,surface,no,agrees,Q9Y5H6,2026-08-06
PCDA9_HUMAN,Q9Y5H5,Q9Y5H5,active,surface,no,agrees,Q9Y5H5,2026-08-06
PCDAA_HUMAN,Q9Y5I2,Q9Y5I2,active,surface,no,agrees,Q9Y5I2,2026-08-06
PCDAB_HUMAN,Q9Y5I1,Q9Y5I1,active,surface,no,agrees,Q9Y5I1,2026-08-06
PCDAC_HUMAN,Q9UN75,Q9UN75,active,surface,no,agrees,Q9UN75,2026-08-06
PCDAD_HUMAN,Q9Y5I0,Q9Y5I0,active,surface,no,agrees,Q9Y5I0,2026-08-06
PCDB1_HUMAN,Q9Y5F3,Q9Y5F3,active,surface,no,agrees,Q9Y5F3,2026-08-06
PCDB2_HUMAN,Q9Y5E7,Q9Y5E7,active,surface,no,agrees,Q9Y5E7,2026-08-06
PCDB3_HUMAN,Q9Y5E6,Q9Y5E6,active,surface,no,agrees,Q9Y5E6,2026-08-06
PCDB4_HUMAN,Q9Y5E5,Q9Y5E5,active,surface,no,agrees,Q9Y5E5,2026-08-06
PCDB5_HUMAN,Q9Y5E4,Q9Y5E4,active,surface,no,agrees,Q9Y5E4,2026-08-06
PCDB6_HUMAN,Q9Y5E3,Q9Y5E3,active,surface,no,agrees,Q9Y5E3,2026-08-06
PCDB7_HUMAN,Q9Y5E2,Q9Y5E2,active,surface,no,agrees,Q9Y5E2,2026-08-06
PCDB8_HUMAN,Q9UN66,Q9UN66,active,surface,no,agrees,Q9UN66,2026-08-06
PCDB9_HUMAN,Q9Y5E1,Q9Y5E1,active,surface,no,agrees,Q9Y5E1,2026-08-06
PCDBA_HUMAN,Q9UN67,Q9UN67,active,surface,no,agrees,Q9UN67,2026-08-06
PCDBB_HUMAN,Q9Y5F2,Q9Y5F2,active,surface,no,agrees,Q9Y5F2,2026-08-06
PCDBC_HUMAN,Q9Y5F1,Q9Y5F1,active,surface,no,agrees,Q9Y5F1,2026-08-06
PCDBD_HUMAN,Q9Y5F0,Q9Y5F0,active,surface,no,agrees,Q9Y5F0,2026-08-06
PCDBE_HUMAN,Q9Y5E9,Q9Y5E9,active,surface,no,agrees,Q9Y5E9,2026-08-06
PCDBF_HUMAN,Q9Y5E8,Q9Y5E8,active,surface,no,agrees,Q9Y5E8,2026-08-06
PCDBG_HUMAN,Q9NRJ7,Q9NRJ7,active,surface,no,agrees,Q9NRJ7,2026-08-06
PCDBI_HUMAN,Q96TA0,Q96TA0,active,non_surface,no,agrees,Q96TA0,2026-08-06
PCDC1_HUMAN,Q9H158,Q9H158,active,surface,no,agrees,Q9H158,2026-08-06
PCDC2_HUMAN,Q9Y5I4,Q9Y5I4,active,surface,no,agrees,Q9Y5I4,2026-08-06
PCDG1_HUMAN,Q9Y5H4,Q9Y5H4,active,surface,no,agrees,Q9Y5H4,2026-08-06
PCDG2_HUMAN,Q9Y5H1,Q9Y5H1,active,surface,no,agrees,Q9Y5H1,2026-08-06
PCDG3_HUMAN,Q9Y5H0,Q9Y5H0,active,surface,no,agrees,Q9Y5H0,2026-08-06
PCDG4_HUMAN,Q9Y5G9,Q9Y5G9,active,surface,no,agrees,Q9Y5G9,2026-08-06
PCDG5_HUMAN,Q9Y5G8,Q9Y5G8,active,surface,no,agrees,Q9Y5G8,2026-08-06
PCDG6_HUMAN,Q9Y5G7,Q9Y5G7,active,surface,no,agrees,Q9Y5G7,2026-08-06
PCDG7_HUMAN,Q9Y5G6,Q9Y5G6,active,surface,no,agrees,Q9Y5G6,2026-08-06
PCDG8_HUMAN,Q9Y5G5,Q9Y5G5,active,surface,no,agrees,Q9Y5G5,2026-08-06
PCDG9_HUMAN,Q9Y5G4,Q9Y5G4,active,surface,no,agrees,Q9Y5G4,2026-08-06
PCDGA_HUMAN,Q9Y5H3,Q9Y5H3,active,surface,no,agrees,Q9Y5H3,2026-08-06
PCDGB_HUMAN,Q9Y5H2,Q9Y5H2,active,surface,no,agrees,Q9Y5H2,2026-08-06
PCDGC_HUMAN,O60330,O60330,active,surface,no,agrees,O60330,2026-08-06
PCDGD_HUMAN,Q9Y5G3,Q9Y5G3,active,surface,no,agrees,Q9Y5G3,2026-08-06
PCDGE_HUMAN,Q9Y5G2,Q9Y5G2,active,surface,no,agrees,Q9Y5G2,2026-08-06
PCDGF_HUMAN,Q9Y5G1,Q9Y5G1,active,surface,no,agrees,Q9Y5G1,2026-08-06
PCDGG_HUMAN,Q9UN71,Q9UN71,active,surface,no,agrees,Q9UN71,2026-08-06
PCDGH_HUMAN,Q9Y5G0,Q9Y5G0,active,surface,no,agrees,Q9Y5G0,2026-08-06
PCDGI_HUMAN,Q9Y5F9,Q9Y5F9,active,surface,no,agrees,Q9Y5F9,2026-08-06
PCDGJ_HUMAN,Q9Y5F8,Q9Y5F8,active,surface,no,agrees,Q9Y5F8,2026-08-06
PCDGK_HUMAN,Q9UN70,Q9UN70,active,surface,no,agrees,Q9UN70,2026-08-06
PCDGL_HUMAN,Q9Y5F7,Q9Y5F7,active,surface,no,agrees,Q9Y5F7,2026-08-06
PCDGM_HUMAN,Q9Y5F6,Q9Y5F6,active,surface,no,agrees,Q9Y5F6,2026-08-06
PCDH1_HUMAN,Q08174,Q08174,active,surface,no,agrees,Q08174,2026-08-06
PCDH7_HUMAN,O60245,O60245,active,surface,no,agrees,O60245,2026-08-06
PCDH8_HUMAN,O95206,O95206,active,surface,no,agrees,O95206,2026-08-06
PCDH9_HUMAN,Q9HC56,Q9HC56,active,surface,no,agrees,Q9HC56,2026-08-06
PCFT_HUMAN,Q96NT5,Q96NT5,active,surface,no,agrees,Q96NT5,2026-08-06
PCOC1_HUMAN,Q15113,Q15113,active,unclassified,no,agrees,Q15113,2026-08-06
PCOC2_HUMAN,Q9UKZ9,Q9UKZ9,active,unclassified,no,agrees,Q9UKZ9,2026-08-06
PCP_HUMAN,P42785,P42785,active,unclassified,no,agrees,P42785,2026-08-06
PCSK1_HUMAN,Q9UHG2,Q9UHG2,active,unclassified,no,agrees,Q9UHG2,2026-08-06
PCSK4_HUMAN,Q6UW60,Q6UW60,active,unclassified,no,agrees,Q6UW60,2026-08-06
PCSK5_HUMAN,Q92824,Q92824,active,surface,no,agrees,Q92824,2026-08-06
PCSK6_HUMAN,P29122,P29122,active,unclassified,no,agrees,P29122,2026-08-06
PCSK7_HUMAN,Q16549,Q16549,active,non_surface,no,agrees,Q16549,2026-08-06
PCSK9_HUMAN,Q8NBP7,Q8NBP7,active,unclassified,no,agrees,Q8NBP7,2026-08-06
PCX1_HUMAN,Q96RV3,Q96RV3,active,surface,no,agrees,Q96RV3,2026-08-06
PCX2_HUMAN,A6NKB5,A6NKB5,active,surface,no,agrees,A6NKB5,2026-08-06
PCX3_HUMAN,Q9H6A9,Q9H6A9,active,unclassified,no,agrees,Q9H6A9,2026-08-06
PCX4_HUMAN,Q63HM2,Q63HM2,active,unclassified,no,agrees,Q63HM2,2026-08-06
PCYOX_HUMAN,Q9UHG3,Q9UHG3,active,unclassified,no,agrees,Q9UHG3,2026-08-06
PCYXL_HUMAN,Q8NBM8,Q8NBM8,active,unclassified,no,agrees,Q8NBM8,2026-08-06
PD1L1_HUMAN,Q9NZQ7,Q9NZQ7,active,surface,no,agrees,Q9NZQ7,2026-08-06
PD1L2_HUMAN,Q9BQ51,Q9BQ51,active,surface,no,agrees,Q9BQ51,2026-08-06
PD2R2_HUMAN,Q9Y5Y4,Q9Y5Y4,active,surface,no,agrees,Q9Y5Y4,2026-08-06
PD2R_HUMAN,Q13258,Q13258,active,surface,no,agrees,Q13258,2026-08-06
PDCD1_HUMAN,Q15116,Q15116,active,surface,no,agrees,Q15116,2026-08-06
PDDC1_HUMAN,Q8NB37,Q8NB37,active,unclassified,no,agrees,Q8NB37,2026-08-06
PDE3A_HUMAN,Q14432,Q14432,active,non_surface,no,agrees,Q14432,2026-08-06
PDE3B_HUMAN,Q13370,Q13370,active,non_surface,no,agrees,Q13370,2026-08-06
PDE6A_HUMAN,P16499,P16499,active,non_surface,no,agrees,P16499,2026-08-06
PDE6B_HUMAN,P35913,P35913,active,non_surface,no,agrees,P35913,2026-08-06
PDE6C_HUMAN,P51160,P51160,active,non_surface,no,agrees,P51160,2026-08-06
PDGFA_HUMAN,P04085,P04085,active,unclassified,no,agrees,P04085,2026-08-06
PDGFB_HUMAN,P01127,P01127,active,unclassified,no,agrees,P01127,2026-08-06
PDGFC_HUMAN,Q9NRA1,Q9NRA1,active,unclassified,no,agrees,Q9NRA1,2026-08-06
PDGFD_HUMAN,Q9GZP0,Q9GZP0,active,unclassified,no,agrees,Q9GZP0,2026-08-06
PDIA1_HUMAN,P07237,P07237,active,unclassified,no,agrees,P07237,2026-08-06
PDIA2_HUMAN,Q13087,Q13087,active,unclassified,no,agrees,Q13087,2026-08-06
PDIA3_HUMAN,P30101,P30101,active,unclassified,no,agrees,P30101,2026-08-06
PDIA4_HUMAN,P13667,P13667,active,unclassified,no,agrees,P13667,2026-08-06
PDIA5_HUMAN,Q14554,Q14554,active,unclassified,no,agrees,Q14554,2026-08-06
PDIA6_HUMAN,Q15084,Q15084,active,unclassified,no,agrees,Q15084,2026-08-06
PDILT_HUMAN,Q8N807,Q8N807,active,unclassified,no,agrees,Q8N807,2026-08-06
PDK1_HUMAN,Q15118,Q15118,active,unclassified,no,agrees,Q15118,2026-08-06
PDPN_HUMAN,Q86YL7,Q86YL7,active,unclassified,no,agrees,Q86YL7,2026-08-06
PDXK_HUMAN,O00764,O00764,active,non_surface,no,agrees,O00764,2026-08-06
PDXL2_HUMAN,Q9NZ53,Q9NZ53,active,surface,no,agrees,Q9NZ53,2026-08-06
PDYN_HUMAN,P01213,P01213,active,unclassified,no,agrees,P01213,2026-08-06
PDZ1I_HUMAN,Q13113,Q13113,active,non_surface,no,agrees,Q13113,2026-08-06
PDZD8_HUMAN,Q8NEN9,Q8NEN9,active,unclassified,no,agrees,Q8NEN9,2026-08-06
PE2R1_HUMAN,P34995,P34995,active,surface,no,agrees,P34995,2026-08-06
PE2R2_HUMAN,P43116,P43116,active,surface,no,agrees,P43116,2026-08-06
PE2R3_HUMAN,P43115,P43115,active,surface,no,agrees,P43115,2026-08-06
PE2R4_HUMAN,P35408,P35408,active,surface,no,agrees,P35408,2026-08-06
PEAR1_HUMAN,Q5VY43,Q5VY43,active,surface,no,agrees,Q5VY43,2026-08-06
PEBP4_HUMAN,Q96S96,Q96S96,active,unclassified,no,agrees,Q96S96,2026-08-06
PECA1_HUMAN,P16284,P16284,active,surface,no,agrees,P16284,2026-08-06
PEDF_HUMAN,P36955,P36955,active,unclassified,no,agrees,P36955,2026-08-06
PEMT_HUMAN,Q9UBM1,Q9UBM1,active,non_surface,no,agrees,Q9UBM1,2026-08-06
PEN2_HUMAN,Q9NZ42,Q9NZ42,active,non_surface,no,agrees,Q9NZ42,2026-08-06
PENK_HUMAN,P01210,P01210,active,unclassified,no,agrees,P01210,2026-08-06
PEPA3_HUMAN,P0DJD8,P0DJD8,active,unclassified,no,agrees,P0DJD8,2026-08-06
PEPA4_HUMAN,P0DJD7,P0DJD7,active,unclassified,no,agrees,P0DJD7,2026-08-06
PEPA5_HUMAN,P0DJD9,P0DJD9,active,unclassified,no,agrees,P0DJD9,2026-08-06
PEPC_HUMAN,P20142,P20142,active,unclassified,no,agrees,P20142,2026-08-06
PERE_HUMAN,P11678,P11678,active,unclassified,no,agrees,P11678,2026-08-06
PERF_HUMAN,P14222,P14222,active,unclassified,no,agrees,P14222,2026-08-06
PERL_HUMAN,P22079,P22079,active,unclassified,no,agrees,P22079,2026-08-06
PERM_HUMAN,P05164,P05164,active,unclassified,no,agrees,P05164,2026-08-06
PERP_HUMAN,Q96FX8,Q96FX8,active,non_surface,no,agrees,Q96FX8,2026-08-06
PERT_HUMAN,P07202,P07202,active,surface,no,agrees,P07202,2026-08-06
PEX10_HUMAN,O60683,O60683,active,non_surface,no,agrees,O60683,2026-08-06
PEX12_HUMAN,O00623,O00623,active,non_surface,no,agrees,O00623,2026-08-06
PEX13_HUMAN,Q92968,Q92968,active,non_surface,no,agrees,Q92968,2026-08-06
PEX14_HUMAN,O75381,O75381,active,non_surface,no,agrees,O75381,2026-08-06
PEX16_HUMAN,Q9Y5Y5,Q9Y5Y5,active,non_surface,no,agrees,Q9Y5Y5,2026-08-06
PEX26_HUMAN,Q7Z412,Q7Z412,active,non_surface,no,agrees,Q7Z412,2026-08-06
PEX2_HUMAN,P28328,P28328,active,non_surface,no,agrees,P28328,2026-08-06
PEX3_HUMAN,P56589,P56589,active,non_surface,no,agrees,P56589,2026-08-06
PF2R_HUMAN,P43088,P43088,active,surface,no,agrees,P43088,2026-08-06
PF4V_HUMAN,P10720,P10720,active,unclassified,no,agrees,P10720,2026-08-06
PG12A_HUMAN,Q9BZM1,Q9BZM1,active,unclassified,no,agrees,Q9BZM1,2026-08-06
PG12B_HUMAN,Q9BX93,Q9BX93,active,unclassified,no,agrees,Q9BX93,2026-08-06
PG2IP_HUMAN,Q9H720,Q9H720,active,non_surface,no,agrees,Q9H720,2026-08-06
PGAM5_HUMAN,Q96HS1,Q96HS1,active,unclassified,no,agrees,Q96HS1,2026-08-06
PGAP1_HUMAN,Q75T13,Q75T13,active,surface,no,agrees,Q75T13,2026-08-06
PGAP2_HUMAN,Q9UHJ9,Q9UHJ9,active,unclassified,no,agrees,Q9UHJ9,2026-08-06
PGAP3_HUMAN,Q96FM1,Q96FM1,active,non_surface,no,agrees,Q96FM1,2026-08-06
PGBD4_HUMAN,Q96DM1,Q96DM1,active,non_surface,no,agrees,Q96DM1,2026-08-06
PGBD5_HUMAN,Q8N414,Q8N414,active,non_surface,no,agrees,Q8N414,2026-08-06
PGBM_HUMAN,P98160,P98160,active,unclassified,no,agrees,P98160,2026-08-06
PGCA_HUMAN,P16112,P16112,active,unclassified,no,agrees,P16112,2026-08-06
PGCB_HUMAN,Q96GW7,Q96GW7,active,surface,no,agrees,Q96GW7,2026-08-06
PGDH_HUMAN,P15428,P15428,active,unclassified,no,agrees,P15428,2026-08-06
PGES2_HUMAN,Q9H7Z7,Q9H7Z7,active,non_surface,no,agrees,Q9H7Z7,2026-08-06
PGFRA_HUMAN,P16234,P16234,active,surface,no,agrees,P16234,2026-08-06
PGFRB_HUMAN,P09619,P09619,active,surface,no,agrees,P09619,2026-08-06
PGFRL_HUMAN,Q15198,Q15198,active,unclassified,no,agrees,Q15198,2026-08-06
PGH1_HUMAN,P23219,P23219,active,unclassified,no,agrees,P23219,2026-08-06
PGH2_HUMAN,P35354,P35354,active,unclassified,no,agrees,P35354,2026-08-06
PGLT1_HUMAN,Q8NBL1,Q8NBL1,active,unclassified,no,agrees,Q8NBL1,2026-08-06
PGPS1_HUMAN,Q32NB8,Q32NB8,active,unclassified,no,agrees,Q32NB8,2026-08-06
PGRC1_HUMAN,O00264,O00264,active,non_surface,no,agrees,O00264,2026-08-06
PGRC2_HUMAN,O15173,O15173,active,non_surface,no,agrees,O15173,2026-08-06
PGRP1_HUMAN,O75594,O75594,active,unclassified,no,agrees,O75594,2026-08-06
PGRP2_HUMAN,Q96PD5,Q96PD5,active,unclassified,no,agrees,Q96PD5,2026-08-06
PGRP3_HUMAN,Q96LB9,Q96LB9,active,unclassified,no,agrees,Q96LB9,2026-08-06
PGRP4_HUMAN,Q96LB8,Q96LB8,active,unclassified,no,agrees,Q96LB8,2026-08-06
PGS1_HUMAN,P21810,P21810,active,unclassified,no,agrees,P21810,2026-08-06
PGS2_HUMAN,P07585,P07585,active,unclassified,no,agrees,P07585,2026-08-06
PHAG1_HUMAN,Q9NWQ8,Q9NWQ8,active,non_surface,no,agrees,Q9NWQ8,2026-08-06
PHB_HUMAN,P35232,P35232,active,unclassified,no,agrees,P35232,2026-08-06
PHEX_HUMAN,P78562,P78562,active,surface,no,agrees,P78562,2026-08-06
PHKG1_HUMAN,Q16816,Q16816,active,non_surface,no,agrees,Q16816,2026-08-06
PHKG2_HUMAN,P15735,P15735,active,non_surface,no,agrees,P15735,2026-08-06
PHLD_HUMAN,P80108,P80108,active,unclassified,no,agrees,P80108,2026-08-06
PHLP1_HUMAN,O60346,O60346,active,unclassified,no,agrees,O60346,2026-08-06
PHS2_HUMAN,Q9H0N5,Q9H0N5,active,unclassified,no,agrees,Q9H0N5,2026-08-06
PHTF1_HUMAN,Q9UMS5,Q9UMS5,active,unclassified,no,agrees,Q9UMS5,2026-08-06
PHTF2_HUMAN,Q8N3S3,Q8N3S3,active,unclassified,no,agrees,Q8N3S3,2026-08-06
PI15_HUMAN,O43692,O43692,active,unclassified,no,agrees,O43692,2026-08-06
PI16_HUMAN,Q6UXB8,Q6UXB8,active,surface,no,agrees,Q6UXB8,2026-08-06
PI2R_HUMAN,P43119,P43119,active,surface,no,agrees,P43119,2026-08-06
PI42B_HUMAN,P78356,P78356,active,unclassified,no,agrees,P78356,2026-08-06
PI4KA_HUMAN,P42356,P42356,active,non_surface,no,agrees,P42356,2026-08-06
PIANP_HUMAN,Q8IYJ0,Q8IYJ0,active,unclassified,no,agrees,Q8IYJ0,2026-08-06
PIEZ1_HUMAN,Q92508,Q92508,active,surface,no,agrees,Q92508,2026-08-06
PIEZ2_HUMAN,Q9H5I5,Q9H5I5,active,surface,no,agrees,Q9H5I5,2026-08-06
PIGA_HUMAN,P37287,P37287,active,non_surface,no,agrees,P37287,2026-08-06
PIGB_HUMAN,Q92521,Q92521,active,non_surface,no,agrees,Q92521,2026-08-06
PIGC_HUMAN,Q92535,Q92535,active,non_surface,no,agrees,Q92535,2026-08-06
PIGF_HUMAN,Q07326,Q07326,active,non_surface,no,agrees,Q07326,2026-08-06
PIGG_HUMAN,Q5H8A4,Q5H8A4,active,unclassified,no,agrees,Q5H8A4,2026-08-06
PIGH_HUMAN,Q14442,Q14442,active,non_surface,no,agrees,Q14442,2026-08-06
PIGL_HUMAN,Q9Y2B2,Q9Y2B2,active,non_surface,no,agrees,Q9Y2B2,2026-08-06
PIGM_HUMAN,Q9H3S5,Q9H3S5,active,non_surface,no,agrees,Q9H3S5,2026-08-06
PIGN_HUMAN,O95427,O95427,active,unclassified,no,agrees,O95427,2026-08-06
PIGO_HUMAN,Q8TEQ8,Q8TEQ8,active,surface,no,agrees,Q8TEQ8,2026-08-06
PIGP_HUMAN,P57054,P57054,active,unclassified,no,agrees,P57054,2026-08-06
PIGQ_HUMAN,Q9BRB3,Q9BRB3,active,non_surface,no,agrees,Q9BRB3,2026-08-06
PIGR_HUMAN,P01833,P01833,active,surface,no,agrees,P01833,2026-08-06
PIGS_HUMAN,Q96S52,Q96S52,active,non_surface,no,agrees,Q96S52,2026-08-06
PIGT_HUMAN,Q969N2,Q969N2,active,surface,no,agrees,Q969N2,2026-08-06
PIGU_HUMAN,Q9H490,Q9H490,active,non_surface,no,agrees,Q9H490,2026-08-06
PIGV_HUMAN,Q9NUD9,Q9NUD9,active,non_surface,no,agrees,Q9NUD9,2026-08-06
PIGW_HUMAN,Q7Z7B1,Q7Z7B1,active,unclassified,no,agrees,Q7Z7B1,2026-08-06
PIGX_HUMAN,Q8TBF5,Q8TBF5,active,unclassified,no,agrees,Q8TBF5,2026-08-06
PIGY_HUMAN,Q3MUY2,Q3MUY2,active,non_surface,no,agrees,Q3MUY2,2026-08-06
PIGZ_HUMAN,Q86VD9,Q86VD9,active,non_surface,no,agrees,Q86VD9,2026-08-06
PILRA_HUMAN,Q9UKJ1,Q9UKJ1,active,surface,no,agrees,Q9UKJ1,2026-08-06
PILRB_HUMAN,Q9UKJ0,Q9UKJ0,active,surface,no,agrees,Q9UKJ0,2026-08-06
PINK1_HUMAN,Q9BXM7,Q9BXM7,active,non_surface,no,agrees,Q9BXM7,2026-08-06
PINLY_HUMAN,A6NC86,A6NC86,active,unclassified,no,agrees,A6NC86,2026-08-06
PIP_HUMAN,P12273,P12273,active,unclassified,no,agrees,P12273,2026-08-06
PIRT_HUMAN,P0C851,P0C851,active,non_surface,no,agrees,P0C851,2026-08-06
PK1L1_HUMAN,Q8TDX9,Q8TDX9,active,surface,no,agrees,Q8TDX9,2026-08-06
PK1L2_HUMAN,Q7Z442,Q7Z442,active,surface,no,agrees,Q7Z442,2026-08-06
PK1L3_HUMAN,Q7Z443,Q7Z443,active,surface,no,agrees,Q7Z443,2026-08-06
PK2L1_HUMAN,Q9P0L9,Q9P0L9,active,surface,no,agrees,Q9P0L9,2026-08-06
PK2L2_HUMAN,Q9NZM6,Q9NZM6,active,unclassified,no,agrees,Q9NZM6,2026-08-06
PKD1_HUMAN,P98161,P98161,active,surface,no,agrees,P98161,2026-08-06
PKD2_HUMAN,Q13563,Q13563,active,surface,no,agrees,Q13563,2026-08-06
PKDCC_HUMAN,Q504Y2,Q504Y2,active,unclassified,no,agrees,Q504Y2,2026-08-06
PKDRE_HUMAN,Q9NTG1,Q9NTG1,active,surface,no,agrees,Q9NTG1,2026-08-06
PKHA4_HUMAN,Q9H4M7,Q9H4M7,active,unclassified,no,agrees,Q9H4M7,2026-08-06
PKHB2_HUMAN,Q96CS7,Q96CS7,active,non_surface,no,agrees,Q96CS7,2026-08-06
PKHD1_HUMAN,P08F94,P08F94,active,surface,no,agrees,P08F94,2026-08-06
PKHH2_HUMAN,Q8IVE3,Q8IVE3,active,non_surface,no,agrees,Q8IVE3,2026-08-06
PKHH3_HUMAN,Q7Z736,Q7Z736,active,unclassified,no,agrees,Q7Z736,2026-08-06
PKHL1_HUMAN,Q86WI1,Q86WI1,active,surface,no,agrees,Q86WI1,2026-08-06
PKR1_HUMAN,Q8TCW9,Q8TCW9,active,surface,no,agrees,Q8TCW9,2026-08-06
PKR2_HUMAN,Q8NFJ6,Q8NFJ6,active,surface,no,agrees,Q8NFJ6,2026-08-06
PLA1A_HUMAN,Q53H76,Q53H76,active,unclassified,no,agrees,Q53H76,2026-08-06
PLA2R_HUMAN,Q13018,Q13018,active,surface,no,agrees,Q13018,2026-08-06
PLAC1_HUMAN,Q9HBJ0,Q9HBJ0,active,unclassified,no,agrees,Q9HBJ0,2026-08-06
PLAC9_HUMAN,Q5JTB6,Q5JTB6,active,unclassified,no,agrees,Q5JTB6,2026-08-06
PLB1_HUMAN,Q6P1J6,Q6P1J6,active,surface,no,agrees,Q6P1J6,2026-08-06
PLBL1_HUMAN,Q6P4A8,Q6P4A8,active,unclassified,no,agrees,Q6P4A8,2026-08-06
PLBL2_HUMAN,Q8NHP8,Q8NHP8,active,unclassified,no,agrees,Q8NHP8,2026-08-06
PLCA_HUMAN,Q99943,Q99943,active,unclassified,no,agrees,Q99943,2026-08-06
PLCB_HUMAN,O15120,O15120,active,non_surface,no,agrees,O15120,2026-08-06
PLCC_HUMAN,Q9NRZ7,Q9NRZ7,active,non_surface,no,agrees,Q9NRZ7,2026-08-06
PLCD_HUMAN,Q9NRZ5,Q9NRZ5,active,non_surface,no,agrees,Q9NRZ5,2026-08-06
PLCE_HUMAN,Q9NUQ2,Q9NUQ2,active,non_surface,no,agrees,Q9NUQ2,2026-08-06
PLD3_HUMAN,Q8IV08,Q8IV08,active,unclassified,no,agrees,Q8IV08,2026-08-06
PLD4_HUMAN,Q96BZ4,Q96BZ4,active,unclassified,no,agrees,Q96BZ4,2026-08-06
PLD5_HUMAN,Q8N7P1,Q8N7P1,active,surface,no,agrees,Q8N7P1,2026-08-06
PLD6_HUMAN,Q8N2A8,Q8N2A8,active,non_surface,no,agrees,Q8N2A8,2026-08-06
PLDX1_HUMAN,Q8IUK5,Q8IUK5,active,surface,no,agrees,Q8IUK5,2026-08-06
PLET1_HUMAN,Q6UQ28,Q6UQ28,active,surface,no,agrees,Q6UQ28,2026-08-06
PLF4_HUMAN,P02776,P02776,active,unclassified,no,agrees,P02776,2026-08-06
PLGA_HUMAN,Q15195,Q15195,active,unclassified,no,agrees,Q15195,2026-08-06
PLGB_HUMAN,Q02325,Q02325,active,unclassified,no,agrees,Q02325,2026-08-06
PLGF_HUMAN,P49763,P49763,active,unclassified,no,agrees,P49763,2026-08-06
PLIN4_HUMAN,Q96Q06,Q96Q06,active,unclassified,no,agrees,Q96Q06,2026-08-06
PLLP_HUMAN,Q9Y342,Q9Y342,active,non_surface,no,agrees,Q9Y342,2026-08-06
PLMN_HUMAN,P00747,P00747,active,unclassified,no,agrees,P00747,2026-08-06
PLM_HUMAN,O00168,O00168,active,non_surface,no,agrees,O00168,2026-08-06
PLOD1_HUMAN,Q02809,Q02809,active,unclassified,no,agrees,Q02809,2026-08-06
PLOD2_HUMAN,O00469,O00469,active,unclassified,no,agrees,O00469,2026-08-06
PLOD3_HUMAN,O60568,O60568,active,unclassified,no,agrees,O60568,2026-08-06
PLP2_HUMAN,Q04941,Q04941,active,unclassified,no,agrees,Q04941,2026-08-06
PLPL2_HUMAN,Q96AD5,Q96AD5,active,non_surface,no,agrees,Q96AD5,2026-08-06
PLPL3_HUMAN,Q9NST1,Q9NST1,active,non_surface,no,agrees,Q9NST1,2026-08-06
PLPL4_HUMAN,P41247,P41247,active,unclassified,no,agrees,P41247,2026-08-06
PLPL6_HUMAN,Q8IY17,Q8IY17,active,unclassified,no,agrees,Q8IY17,2026-08-06
PLPL7_HUMAN,Q6ZV29,Q6ZV29,active,non_surface,no,agrees,Q6ZV29,2026-08-06
PLPL8_HUMAN,Q9NP80,Q9NP80,active,non_surface,no,agrees,Q9NP80,2026-08-06
PLPL9_HUMAN,O60733,O60733,active,non_surface,no,agrees,O60733,2026-08-06
PLRKT_HUMAN,Q9HBL7,Q9HBL7,active,non_surface,no,agrees,Q9HBL7,2026-08-06
PLS1_HUMAN,O15162,O15162,active,non_surface,no,agrees,O15162,2026-08-06
PLS2_HUMAN,Q9NRY7,Q9NRY7,active,non_surface,no,agrees,Q9NRY7,2026-08-06
PLS3_HUMAN,Q9NRY6,Q9NRY6,active,non_surface,no,agrees,Q9NRY6,2026-08-06
PLS4_HUMAN,Q9NRQ2,Q9NRQ2,active,non_surface,no,agrees,Q9NRQ2,2026-08-06
PLTP_HUMAN,P55058,P55058,active,unclassified,no,agrees,P55058,2026-08-06
PLVAP_HUMAN,Q9BX97,Q9BX97,active,surface,no,agrees,Q9BX97,2026-08-06
PLXA1_HUMAN,Q9UIW2,Q9UIW2,active,surface,no,agrees,Q9UIW2,2026-08-06
PLXA2_HUMAN,O75051,O75051,active,surface,no,agrees,O75051,2026-08-06
PLXA3_HUMAN,P51805,P51805,active,surface,no,agrees,P51805,2026-08-06
PLXA4_HUMAN,Q9HCM2,Q9HCM2,active,surface,no,agrees,Q9HCM2,2026-08-06
PLXB1_HUMAN,O43157,O43157,active,surface,no,agrees,O43157,2026-08-06
PLXB2_HUMAN,O15031,O15031,active,surface,no,agrees,O15031,2026-08-06
PLXB3_HUMAN,Q9ULL4,Q9ULL4,active,surface,no,agrees,Q9ULL4,2026-08-06
PLXC1_HUMAN,O60486,O60486,active,surface,no,agrees,O60486,2026-08-06
PLXD1_HUMAN,Q9Y4D7,Q9Y4D7,active,surface,no,agrees,Q9Y4D7,2026-08-06
PM34_HUMAN,O43808,O43808,active,non_surface,no,agrees,O43808,2026-08-06
PMEL_HUMAN,P40967,P40967,active,surface,no,agrees,P40967,2026-08-06
PMEPA_HUMAN,Q969W9,Q969W9,active,surface,no,agrees,Q969W9,2026-08-06
PMGT1_HUMAN,Q8WZA1,Q8WZA1,active,non_surface,no,agrees,Q8WZA1,2026-08-06
PMGT2_HUMAN,Q8NAT1,Q8NAT1,active,non_surface,no,agrees,Q8NAT1,2026-08-06
PMP22_HUMAN,Q01453,Q01453,active,unclassified,no,agrees,Q01453,2026-08-06
PNDC1_HUMAN,Q8NA58,Q8NA58,active,unclassified,no,agrees,Q8NA58,2026-08-06
PNKD_HUMAN,Q8N490,Q8N490,active,non_surface,no,agrees,Q8N490,2026-08-06
PNOC_HUMAN,Q13519,Q13519,active,unclassified,no,agrees,Q13519,2026-08-06
PO210_HUMAN,Q8TEM1,Q8TEM1,active,surface,no,agrees,Q8TEM1,2026-08-06
PODN_HUMAN,Q7Z5L7,Q7Z5L7,active,unclassified,no,agrees,Q7Z5L7,2026-08-06
PODO_HUMAN,Q9NP85,Q9NP85,active,unclassified,no,agrees,Q9NP85,2026-08-06
PODXL_HUMAN,O00592,O00592,active,surface,no,agrees,O00592,2026-08-06
POK7_HUMAN,P63135,P63135,active,unclassified,no,agrees,P63135,2026-08-06
POLS2_HUMAN,Q5K4E3,Q5K4E3,active,unclassified,no,agrees,Q5K4E3,2026-08-06
POMT1_HUMAN,Q9Y6A1,Q9Y6A1,active,unclassified,no,agrees,Q9Y6A1,2026-08-06
POMT2_HUMAN,Q9UKY4,Q9UKY4,active,unclassified,no,agrees,Q9UKY4,2026-08-06
PON1_HUMAN,P27169,P27169,active,unclassified,no,agrees,P27169,2026-08-06
PON2_HUMAN,Q15165,Q15165,active,unclassified,no,agrees,Q15165,2026-08-06
PON3_HUMAN,Q15166,Q15166,active,unclassified,no,agrees,Q15166,2026-08-06
PONL1_HUMAN,Q6PEZ8,Q6PEZ8,active,unclassified,no,agrees,Q6PEZ8,2026-08-06
POPD1_HUMAN,Q8NE79,Q8NE79,active,surface,no,agrees,Q8NE79,2026-08-06
POPD2_HUMAN,Q9HBU9,Q9HBU9,active,non_surface,no,agrees,Q9HBU9,2026-08-06
POPD3_HUMAN,Q9HBV1,Q9HBV1,active,non_surface,no,agrees,Q9HBV1,2026-08-06
PORCN_HUMAN,Q9H237,Q9H237,active,non_surface,no,agrees,Q9H237,2026-08-06
PORED_HUMAN,Q9H8P0,Q9H8P0,active,non_surface,no,agrees,Q9H8P0,2026-08-06
PORIM_HUMAN,Q8N131,Q8N131,active,surface,no,agrees,Q8N131,2026-08-06
POSTN_HUMAN,Q15063,Q15063,active,unclassified,no,agrees,Q15063,2026-08-06
POTEE_HUMAN,Q6S8J3,Q6S8J3,active,non_surface,no,agrees,Q6S8J3,2026-08-06
POTEF_HUMAN,A5A3E0,A5A3E0,active,non_surface,no,agrees,A5A3E0,2026-08-06
POTEG_HUMAN,Q6S5H5,Q6S5H5,active,non_surface,no,agrees,Q6S5H5,2026-08-06
POTEI_HUMAN,P0CG38,P0CG38,active,non_surface,no,agrees,P0CG38,2026-08-06
POTEJ_HUMAN,P0CG39,P0CG39,active,non_surface,no,agrees,P0CG39,2026-08-06
POTEM_HUMAN,A6NI47,A6NI47,active,non_surface,no,agrees,A6NI47,2026-08-06
PPA5_HUMAN,P13686,P13686,active,unclassified,no,agrees,P13686,2026-08-06
PPA6_HUMAN,Q9NPH0,Q9NPH0,active,unclassified,no,agrees,Q9NPH0,2026-08-06
PPAC2_HUMAN,Q8IY26,Q8IY26,active,non_surface,no,agrees,Q8IY26,2026-08-06
PPAC3_HUMAN,Q8NBV4,Q8NBV4,active,non_surface,no,agrees,Q8NBV4,2026-08-06
PPAL_HUMAN,P11117,P11117,active,surface,no,agrees,P11117,2026-08-06
PPAP_HUMAN,P15309,P15309,active,unclassified,no,agrees,P15309,2026-08-06
PPAT_HUMAN,Q9BZG2,Q9BZG2,active,surface,no,agrees,Q9BZG2,2026-08-06
PPB1_HUMAN,P05187,P05187,active,surface,no,agrees,P05187,2026-08-06
PPBI_HUMAN,P09923,P09923,active,surface,no,agrees,P09923,2026-08-06
PPBN_HUMAN,P10696,P10696,active,surface,no,agrees,P10696,2026-08-06
PPBT_HUMAN,P05186,P05186,active,surface,no,agrees,P05186,2026-08-06
PPC1A_HUMAN,Q5VZY2,Q5VZY2,active,non_surface,no,agrees,Q5VZY2,2026-08-06
PPC1B_HUMAN,Q8NEB5,Q8NEB5,active,non_surface,no,agrees,Q8NEB5,2026-08-06
PPGB_HUMAN,P10619,P10619,active,unclassified,no,agrees,P10619,2026-08-06
PPIB_HUMAN,P23284,P23284,active,unclassified,no,agrees,P23284,2026-08-06
PPIC_HUMAN,P45877,P45877,active,unclassified,no,agrees,P45877,2026-08-06
PPL13_HUMAN,Q8TCE9,Q8TCE9,active,non_surface,no,agrees,Q8TCE9,2026-08-06
PPLA_HUMAN,P26678,P26678,active,non_surface,no,agrees,P26678,2026-08-06
PPM1K_HUMAN,Q8N3J5,Q8N3J5,active,unclassified,no,agrees,Q8N3J5,2026-08-06
PPM1L_HUMAN,Q5SGD2,Q5SGD2,active,non_surface,no,agrees,Q5SGD2,2026-08-06
PPN_HUMAN,O95428,O95428,active,unclassified,no,agrees,O95428,2026-08-06
PPOX_HUMAN,P50336,P50336,active,unclassified,no,agrees,P50336,2026-08-06
PPR29_HUMAN,Q5R3F8,Q5R3F8,active,surface,no,agrees,Q5R3F8,2026-08-06
PPR3A_HUMAN,Q16821,Q16821,active,non_surface,no,agrees,Q16821,2026-08-06
PPR3F_HUMAN,Q6ZSY5,Q6ZSY5,active,non_surface,no,agrees,Q6ZSY5,2026-08-06
PPT1_HUMAN,P50897,P50897,active,unclassified,no,agrees,P50897,2026-08-06
PPT2_HUMAN,Q9UMR5,Q9UMR5,active,unclassified,no,agrees,Q9UMR5,2026-08-06
PPY2_HUMAN,Q9NRI7,Q9NRI7,active,unclassified,no,agrees,Q9NRI7,2026-08-06
PQLC1_HUMAN,Q8N2U9,Q8N2U9,active,non_surface,no,agrees,Q8N2U9,2026-08-06
PQLC3_HUMAN,Q8N755,Q8N755,active,non_surface,no,agrees,Q8N755,2026-08-06
PR15A_HUMAN,O75807,O75807,active,unclassified,no,agrees,O75807,2026-08-06
PRA22_HUMAN,A3QJZ6,A3QJZ6,active,unclassified,no,agrees,A3QJZ6,2026-08-06
PRAC2_HUMAN,D3DTV9,D3DTV9,active,unclassified,no,agrees,D3DTV9,2026-08-06
PRAF1_HUMAN,Q9UI14,Q9UI14,active,non_surface,no,agrees,Q9UI14,2026-08-06
PRAF2_HUMAN,O60831,O60831,active,non_surface,no,agrees,O60831,2026-08-06
PRAF3_HUMAN,O75915,O75915,active,non_surface,no,agrees,O75915,2026-08-06
PRAM3_HUMAN,Q5TYW8,Q5TYW8,inactive,unclassified,no,agrees,Q5TYW8,2026-08-06
PRAP1_HUMAN,Q96NZ9,Q96NZ9,active,unclassified,no,agrees,Q96NZ9,2026-08-06
PRB2_HUMAN,P02812,P02812,active,unclassified,no,agrees,P02812,2026-08-06
PRB3_HUMAN,Q04118,Q04118,active,unclassified,no,agrees,Q04118,2026-08-06
PRB4_HUMAN,P10163,P10163,active,unclassified,no,agrees,P10163,2026-08-06
PRCD_HUMAN,Q00LT1,Q00LT1,active,unclassified,no,agrees,Q00LT1,2026-08-06
PRD12_HUMAN,Q9H4Q4,Q9H4Q4,active,unclassified,no,agrees,Q9H4Q4,2026-08-06
PRDX4_HUMAN,Q13162,Q13162,active,unclassified,no,agrees,Q13162,2026-08-06
PREB_HUMAN,Q9HCU5,Q9HCU5,active,non_surface,no,agrees,Q9HCU5,2026-08-06
PRELP_HUMAN,P51888,P51888,active,unclassified,no,agrees,P51888,2026-08-06
PRG2_HUMAN,P13727,P13727,active,unclassified,no,agrees,P13727,2026-08-06
PRG3_HUMAN,Q9Y2Y8,Q9Y2Y8,active,unclassified,no,agrees,Q9Y2Y8,2026-08-06
PRG4_HUMAN,Q92954,Q92954,active,unclassified,no,agrees,Q92954,2026-08-06
PRGR_HUMAN,P06401,P06401,active,non_surface,no,agrees,P06401,2026-08-06
PRIMA_HUMAN,Q86XR5,Q86XR5,active,surface,no,agrees,Q86XR5,2026-08-06
PRIO_HUMAN,P04156,P04156,active,surface,no,agrees,P04156,2026-08-06
PRLHR_HUMAN,P49683,P49683,active,surface,no,agrees,P49683,2026-08-06
PRLR_HUMAN,P16471,P16471,active,surface,no,agrees,P16471,2026-08-06
PRL_HUMAN,P01236,P01236,active,unclassified,no,agrees,P01236,2026-08-06
PRND_HUMAN,Q9UKY0,Q9UKY0,active,surface,no,agrees,Q9UKY0,2026-08-06
PRNT_HUMAN,Q86SH4,Q86SH4,active,unclassified,no,agrees,Q86SH4,2026-08-06
PROC_HUMAN,P04070,P04070,active,unclassified,no,agrees,P04070,2026-08-06
PROK1_HUMAN,P58294,P58294,active,unclassified,no,agrees,P58294,2026-08-06
PROK2_HUMAN,Q9HC23,Q9HC23,active,unclassified,no,agrees,Q9HC23,2026-08-06
PROL1_HUMAN,Q99935,Q99935,active,unclassified,no,agrees,Q99935,2026-08-06
PROL4_HUMAN,Q16378,Q16378,active,unclassified,no,agrees,Q16378,2026-08-06
PROM1_HUMAN,O43490,O43490,active,surface,no,agrees,O43490,2026-08-06
PROM2_HUMAN,Q8N271,Q8N271,active,surface,no,agrees,Q8N271,2026-08-06
PROP_HUMAN,P27918,P27918,active,unclassified,no,agrees,P27918,2026-08-06
PROS_HUMAN,P07225,P07225,active,unclassified,no,agrees,P07225,2026-08-06
PROZ_HUMAN,P22891,P22891,active,unclassified,no,agrees,P22891,2026-08-06
PRP17_HUMAN,O60508,O60508,active,unclassified,no,agrees,O60508,2026-08-06
PRP1_HUMAN,P04280,P04280,active,unclassified,no,agrees,P04280,2026-08-06
PRP6_HUMAN,O94906,O94906,active,unclassified,no,agrees,O94906,2026-08-06
PRPC_HUMAN,P02810,P02810,active,unclassified,no,agrees,P02810,2026-08-06
PRPH2_HUMAN,P23942,P23942,active,surface,no,agrees,P23942,2026-08-06
PRR27_HUMAN,Q6MZM9,Q6MZM9,active,unclassified,no,agrees,Q6MZM9,2026-08-06
PRR7_HUMAN,Q8TB68,Q8TB68,active,non_surface,no,agrees,Q8TB68,2026-08-06
PRRP_HUMAN,P81277,P81277,active,unclassified,no,agrees,P81277,2026-08-06
PRRT1_HUMAN,Q99946,Q99946,active,non_surface,no,agrees,Q99946,2026-08-06
PRRT2_HUMAN,Q7Z6L0,Q7Z6L0,active,non_surface,no,agrees,Q7Z6L0,2026-08-06
PRRT3_HUMAN,Q5FWE3,Q5FWE3,active,surface,no,agrees,Q5FWE3,2026-08-06
PRRT4_HUMAN,C9JH25,C9JH25,active,unclassified,no,agrees,C9JH25,2026-08-06
PRS23_HUMAN,O95084,O95084,active,unclassified,no,agrees,O95084,2026-08-06
PRS27_HUMAN,Q9BQR3,Q9BQR3,active,unclassified,no,agrees,Q9BQR3,2026-08-06
PRS33_HUMAN,Q8NF86,Q8NF86,active,unclassified,no,agrees,Q8NF86,2026-08-06
PRS35_HUMAN,Q8N3Z0,Q8N3Z0,active,unclassified,no,agrees,Q8N3Z0,2026-08-06
PRS37_HUMAN,A4D1T9,A4D1T9,active,unclassified,no,agrees,A4D1T9,2026-08-06
PRS38_HUMAN,A1L453,A1L453,active,unclassified,no,agrees,A1L453,2026-08-06
PRS41_HUMAN,Q7RTY9,Q7RTY9,active,surface,no,agrees,Q7RTY9,2026-08-06
PRS42_HUMAN,Q7Z5A4,Q7Z5A4,active,unclassified,no,agrees,Q7Z5A4,2026-08-06
PRS44_HUMAN,E7EML9,E7EML9,inactive,unclassified,no,agrees,E7EML9,2026-08-06
PRS45_HUMAN,Q7RTY3,Q7RTY3,active,non_surface,no,agrees,Q7RTY3,2026-08-06
PRS47_HUMAN,A8MTI9,A8MTI9,active,unclassified,no,agrees,A8MTI9,2026-08-06
PRS48_HUMAN,Q7RTY5,Q7RTY5,active,unclassified,no,agrees,Q7RTY5,2026-08-06
PRS53_HUMAN,Q2L4Q9,Q2L4Q9,active,unclassified,no,agrees,Q2L4Q9,2026-08-06
PRS54_HUMAN,Q6PEW0,Q6PEW0,active,unclassified,no,agrees,Q6PEW0,2026-08-06
PRS55_HUMAN,Q6UWB4,Q6UWB4,active,non_surface,no,agrees,Q6UWB4,2026-08-06
PRS56_HUMAN,P0CW18,P0CW18,active,unclassified,no,agrees,P0CW18,2026-08-06
PRS57_HUMAN,Q6UWY2,Q6UWY2,active,unclassified,no,agrees,Q6UWY2,2026-08-06
PRS58_HUMAN,Q8IYP2,Q8IYP2,active,unclassified,no,agrees,Q8IYP2,2026-08-06
PRSS8_HUMAN,Q16651,Q16651,active,surface,no,agrees,Q16651,2026-08-06
PRTG_HUMAN,Q2VWP7,Q2VWP7,active,surface,no,agrees,Q2VWP7,2026-08-06
PRTN3_HUMAN,P24158,P24158,active,unclassified,no,agrees,P24158,2026-08-06
PRUN2_HUMAN,Q8WUY3,Q8WUY3,active,non_surface,no,agrees,Q8WUY3,2026-08-06
PS1C2_HUMAN,Q9UIG4,Q9UIG4,active,unclassified,no,agrees,Q9UIG4,2026-08-06
PSCA_HUMAN,O43653,O43653,active,surface,no,agrees,O43653,2026-08-06
PSD2_HUMAN,Q9BQI7,Q9BQI7,active,non_surface,no,agrees,Q9BQI7,2026-08-06
PSG11_HUMAN,Q9UQ72,Q9UQ72,active,unclassified,no,agrees,Q9UQ72,2026-08-06
PSG1_HUMAN,P11464,P11464,active,unclassified,no,agrees,P11464,2026-08-06
PSG2_HUMAN,P11465,P11465,active,unclassified,no,agrees,P11465,2026-08-06
PSG3_HUMAN,Q16557,Q16557,active,unclassified,no,agrees,Q16557,2026-08-06
PSG4_HUMAN,Q00888,Q00888,active,unclassified,no,agrees,Q00888,2026-08-06
PSG5_HUMAN,Q15238,Q15238,active,unclassified,no,agrees,Q15238,2026-08-06
PSG6_HUMAN,Q00889,Q00889,active,unclassified,no,agrees,Q00889,2026-08-06
PSG7_HUMAN,Q13046,Q13046,active,unclassified,no,agrees,Q13046,2026-08-06
PSG8_HUMAN,Q9UQ74,Q9UQ74,active,unclassified,no,agrees,Q9UQ74,2026-08-06
PSG9_HUMAN,Q00887,Q00887,active,unclassified,no,agrees,Q00887,2026-08-06
PSMD1_HUMAN,Q99460,Q99460,active,non_surface,no,agrees,Q99460,2026-08-06
PSMD2_HUMAN,Q13200,Q13200,active,non_surface,no,agrees,Q13200,2026-08-06
PSMD5_HUMAN,Q16401,Q16401,active,unclassified,no,agrees,Q16401,2026-08-06
PSN1_HUMAN,P49768,P49768,active,surface,no,agrees,P49768,2026-08-06
PSN2_HUMAN,P49810,P49810,active,surface,no,agrees,P49810,2026-08-06
PSPB_HUMAN,P07988,P07988,active,unclassified,no,agrees,P07988,2026-08-06
PSPC_HUMAN,P11686,P11686,active,non_surface,no,agrees,P11686,2026-08-06
PSPN_HUMAN,O60542,O60542,active,unclassified,no,agrees,O60542,2026-08-06
PSYR_HUMAN,Q8IYL9,Q8IYL9,active,surface,no,agrees,Q8IYL9,2026-08-06
PT100_HUMAN,P0DJ07,P0DJ07,active,non_surface,no,agrees,P0DJ07,2026-08-06
PT117_HUMAN,Q6UWS5,Q6UWS5,active,unclassified,no,agrees,Q6UWS5,2026-08-06
PTAFR_HUMAN,P25105,P25105,active,surface,no,agrees,P25105,2026-08-06
PTC1_HUMAN,Q13635,Q13635,active,surface,no,agrees,Q13635,2026-08-06
PTC2_HUMAN,Q9Y6C5,Q9Y6C5,active,unclassified,no,agrees,Q9Y6C5,2026-08-06
PTCA_HUMAN,Q14761,Q14761,active,non_surface,no,agrees,Q14761,2026-08-06
PTCD2_HUMAN,Q8WV60,Q8WV60,active,unclassified,no,agrees,Q8WV60,2026-08-06
PTCRA_HUMAN,Q6ISU1,Q6ISU1,active,surface,no,agrees,Q6ISU1,2026-08-06
PTGDS_HUMAN,P41222,P41222,active,unclassified,no,agrees,P41222,2026-08-06
PTGES_HUMAN,O14684,O14684,active,non_surface,no,agrees,O14684,2026-08-06
PTGIS_HUMAN,Q16647,Q16647,active,unclassified,no,agrees,Q16647,2026-08-06
PTH1R_HUMAN,Q03431,Q03431,active,surface,no,agrees,Q03431,2026-08-06
PTH2R_HUMAN,P49190,P49190,active,surface,no,agrees,P49190,2026-08-06
PTH2_HUMAN,Q9Y3E5,Q9Y3E5,active,non_surface,no,agrees,Q9Y3E5,2026-08-06
PTHD1_HUMAN,Q96NR3,Q96NR3,active,surface,no,agrees,Q96NR3,2026-08-06
PTHD2_HUMAN,Q9P2K9,Q9P2K9,active,surface,no,agrees,Q9P2K9,2026-08-06
PTHD3_HUMAN,Q3KNS1,Q3KNS1,active,surface,no,agrees,Q3KNS1,2026-08-06
PTHD4_HUMAN,Q6ZW05,Q6ZW05,active,surface,no,agrees,Q6ZW05,2026-08-06
PTHR_HUMAN,P12272,P12272,active,unclassified,no,agrees,P12272,2026-08-06
PTHY_HUMAN,P01270,P01270,active,unclassified,no,agrees,P01270,2026-08-06
PTK7_HUMAN,Q13308,Q13308,active,surface,no,agrees,Q13308,2026-08-06
PTN1_HUMAN,P18031,P18031,active,non_surface,no,agrees,P18031,2026-08-06
PTN2_HUMAN,P17706,P17706,active,non_surface,no,agrees,P17706,2026-08-06
PTN5_HUMAN,P54829,P54829,active,non_surface,no,agrees,P54829,2026-08-06
PTN_HUMAN,P21246,P21246,active,unclassified,no,agrees,P21246,2026-08-06
PTPM1_HUMAN,Q8WUK0,Q8WUK0,active,non_surface,no,agrees,Q8WUK0,2026-08-06
PTPR2_HUMAN,Q92932,Q92932,active,surface,no,agrees,Q92932,2026-08-06
PTPRA_HUMAN,P18433,P18433,active,surface,no,agrees,P18433,2026-08-06
PTPRB_HUMAN,P23467,P23467,active,surface,no,agrees,P23467,2026-08-06
PTPRC_HUMAN,P08575,P08575,active,surface,no,agrees,P08575,2026-08-06
PTPRD_HUMAN,P23468,P23468,active,surface,no,agrees,P23468,2026-08-06
PTPRE_HUMAN,P23469,P23469,active,unclassified,no,agrees,P23469,2026-08-06
PTPRF_HUMAN,P10586,P10586,active,surface,no,agrees,P10586,2026-08-06
PTPRG_HUMAN,P23470,P23470,active,surface,no,agrees,P23470,2026-08-06
PTPRH_HUMAN,Q9HD43,Q9HD43,active,surface,no,agrees,Q9HD43,2026-08-06
PTPRJ_HUMAN,Q12913,Q12913,active,surface,no,agrees,Q12913,2026-08-06
PTPRK_HUMAN,Q15262,Q15262,active,surface,no,agrees,Q15262,2026-08-06
PTPRM_HUMAN,P28827,P28827,active,surface,no,agrees,P28827,2026-08-06
PTPRN_HUMAN,Q16849,Q16849,active,surface,no,agrees,Q16849,2026-08-06
PTPRO_HUMAN,Q16827,Q16827,active,surface,no,agrees,Q16827,2026-08-06
PTPRQ_HUMAN,Q9UMZ3,Q9UMZ3,active,surface,no,agrees,Q9UMZ3,2026-08-06
PTPRR_HUMAN,Q15256,Q15256,active,surface,no,agrees,Q15256,2026-08-06
PTPRS_HUMAN,Q13332,Q13332,active,surface,no,agrees,Q13332,2026-08-06
PTPRT_HUMAN,O14522,O14522,active,surface,no,agrees,O14522,2026-08-06
PTPRU_HUMAN,Q92729,Q92729,active,surface,no,agrees,Q92729,2026-08-06
PTPRZ_HUMAN,P23471,P23471,active,surface,no,agrees,P23471,2026-08-06
PTSS1_HUMAN,P48651,P48651,active,non_surface,no,agrees,P48651,2026-08-06
PTSS2_HUMAN,Q9BVG9,Q9BVG9,active,non_surface,no,agrees,Q9BVG9,2026-08-06
PTTG_HUMAN,P53801,P53801,active,surface,no,agrees,P53801,2026-08-06
PTX3_HUMAN,P26022,P26022,active,unclassified,no,agrees,P26022,2026-08-06
PTX4_HUMAN,Q96A99,Q96A99,active,unclassified,no,agrees,Q96A99,2026-08-06
PVRIG_HUMAN,Q6DKI7,Q6DKI7,active,unclassified,no,agrees,Q6DKI7,2026-08-06
PVRL1_HUMAN,Q15223,Q15223,active,surface,no,agrees,Q15223,2026-08-06
PVRL2_HUMAN,Q92692,Q92692,active,surface,no,agrees,Q92692,2026-08-06
PVRL3_HUMAN,Q9NQS3,Q9NQS3,active,surface,no,agrees,Q9NQS3,2026-08-06
PVRL4_HUMAN,Q96NY8,Q96NY8,active,surface,no,agrees,Q96NY8,2026-08-06
PVR_HUMAN,P15151,P15151,active,surface,no,agrees,P15151,2026-08-06
PX11A_HUMAN,O75192,O75192,active,non_surface,no,agrees,O75192,2026-08-06
PX11B_HUMAN,O96011,O96011,active,non_surface,no,agrees,O96011,2026-08-06
PX11C_HUMAN,Q96HA9,Q96HA9,active,non_surface,no,agrees,Q96HA9,2026-08-06
PXDC2_HUMAN,Q6UX71,Q6UX71,active,surface,no,agrees,Q6UX71,2026-08-06
PXDNL_HUMAN,A1KZ92,A1KZ92,active,unclassified,no,agrees,A1KZ92,2026-08-06
PXDN_HUMAN,Q92626,Q92626,active,unclassified,no,agrees,Q92626,2026-08-06
PXMP2_HUMAN,Q9NR77,Q9NR77,active,non_surface,no,agrees,Q9NR77,2026-08-06
PXMP4_HUMAN,Q9Y6I8,Q9Y6I8,active,non_surface,no,agrees,Q9Y6I8,2026-08-06
PXYP1_HUMAN,Q8TE99,Q8TE99,active,non_surface,no,agrees,Q8TE99,2026-08-06
PYRD_HUMAN,Q02127,Q02127,active,non_surface,no,agrees,Q02127,2026-08-06
PYY2_HUMAN,Q9NRI6,Q9NRI6,active,unclassified,no,agrees,Q9NRI6,2026-08-06
PYY3_HUMAN,Q5JQD4,Q5JQD4,active,unclassified,no,agrees,Q5JQD4,2026-08-06
PYY_HUMAN,P10082,P10082,active,unclassified,no,agrees,P10082,2026-08-06
PZP_HUMAN,P20742,P20742,active,unclassified,no,agrees,P20742,2026-08-06
P_HUMAN,Q04671,Q04671,active,non_surface,no,agrees,Q04671,2026-08-06
QCR10_HUMAN,O14957,O14957,active,non_surface,no,agrees,O14957,2026-08-06
QCR8_HUMAN,O14949,O14949,active,non_surface,no,agrees,O14949,2026-08-06
QCR9_HUMAN,Q9UDW1,Q9UDW1,active,non_surface,no,agrees,Q9UDW1,2026-08-06
QPCTL_HUMAN,Q9NXS2,Q9NXS2,active,non_surface,no,agrees,Q9NXS2,2026-08-06
QPCT_HUMAN,Q16769,Q16769,active,unclassified,no,agrees,Q16769,2026-08-06
QRFPR_HUMAN,Q96P65,Q96P65,active,surface,no,agrees,Q96P65,2026-08-06
QSOX1_HUMAN,O00391,O00391,active,surface,no,agrees,O00391,2026-08-06
QSOX2_HUMAN,Q6ZRP7,Q6ZRP7,active,surface,no,agrees,Q6ZRP7,2026-08-06
R144A_HUMAN,P50876,P50876,active,non_surface,no,agrees,P50876,2026-08-06
R144B_HUMAN,Q7Z419,Q7Z419,active,non_surface,no,agrees,Q7Z419,2026-08-06
R4RL1_HUMAN,Q86UN2,Q86UN2,active,surface,no,agrees,Q86UN2,2026-08-06
R4RL2_HUMAN,Q86UN3,Q86UN3,active,surface,no,agrees,Q86UN3,2026-08-06
R9BP_HUMAN,Q6ZS82,Q6ZS82,active,non_surface,no,agrees,Q6ZS82,2026-08-06
RAB10_HUMAN,P61026,P61026,active,unclassified,no,agrees,P61026,2026-08-06
RAB26_HUMAN,Q9ULW5,Q9ULW5,active,unclassified,no,agrees,Q9ULW5,2026-08-06
RAB36_HUMAN,O95755,O95755,active,unclassified,no,agrees,O95755,2026-08-06
RAB7A_HUMAN,P51149,P51149,active,unclassified,no,agrees,P51149,2026-08-06
RAB9B_HUMAN,Q9NP90,Q9NP90,active,unclassified,no,agrees,Q9NP90,2026-08-06
RAGE_HUMAN,Q15109,Q15109,active,surface,no,agrees,Q15109,2026-08-06
RAI3_HUMAN,Q8NFJ5,Q8NFJ5,active,surface,no,agrees,Q8NFJ5,2026-08-06
RAMP1_HUMAN,O60894,O60894,active,unclassified,no,agrees,O60894,2026-08-06
RAMP2_HUMAN,O60895,O60895,active,surface,no,agrees,O60895,2026-08-06
RAMP3_HUMAN,O60896,O60896,active,surface,no,agrees,O60896,2026-08-06
RARR2_HUMAN,Q99969,Q99969,active,unclassified,no,agrees,Q99969,2026-08-06
RASA2_HUMAN,Q15283,Q15283,active,unclassified,no,agrees,Q15283,2026-08-06
RBG1L_HUMAN,Q5R372,Q5R372,active,non_surface,no,agrees,Q5R372,2026-08-06
RBGP1_HUMAN,Q9Y3P9,Q9Y3P9,active,non_surface,no,agrees,Q9Y3P9,2026-08-06
RBM28_HUMAN,Q9NW13,Q9NW13,active,unclassified,no,agrees,Q9NW13,2026-08-06
RCAS1_HUMAN,O00559,O00559,active,non_surface,no,agrees,O00559,2026-08-06
RCD1_HUMAN,Q92600,Q92600,active,unclassified,no,agrees,Q92600,2026-08-06
RCN1_HUMAN,Q15293,Q15293,active,unclassified,no,agrees,Q15293,2026-08-06
RCN2_HUMAN,Q14257,Q14257,active,unclassified,no,agrees,Q14257,2026-08-06
RCN3_HUMAN,Q96D15,Q96D15,active,unclassified,no,agrees,Q96D15,2026-08-06
RCOR1_HUMAN,Q9UKL0,Q9UKL0,active,unclassified,no,agrees,Q9UKL0,2026-08-06
RDH10_HUMAN,Q8IZV5,Q8IZV5,active,non_surface,no,agrees,Q8IZV5,2026-08-06
RDH11_HUMAN,Q8TC12,Q8TC12,active,non_surface,no,agrees,Q8TC12,2026-08-06
RDH12_HUMAN,Q96NR8,Q96NR8,active,unclassified,no,agrees,Q96NR8,2026-08-06
RDH13_HUMAN,Q8NBN7,Q8NBN7,active,unclassified,no,agrees,Q8NBN7,2026-08-06
RDH14_HUMAN,Q9HBH5,Q9HBH5,active,unclassified,no,agrees,Q9HBH5,2026-08-06
RDH16_HUMAN,O75452,O75452,active,non_surface,no,agrees,O75452,2026-08-06
RDH1_HUMAN,Q92781,Q92781,active,unclassified,no,agrees,Q92781,2026-08-06
RDHE2_HUMAN,Q8N3Y7,Q8N3Y7,active,non_surface,no,agrees,Q8N3Y7,2026-08-06
REC16_HUMAN,P61578,P61578,active,unclassified,no,agrees,P61578,2026-08-06
REC8_HUMAN,O95072,O95072,active,non_surface,no,agrees,O95072,2026-08-06
RECK8_HUMAN,P61575,P61575,active,non_surface,no,agrees,P61575,2026-08-06
RECK_HUMAN,O95980,O95980,active,surface,no,agrees,O95980,2026-08-06
REEP1_HUMAN,Q9H902,Q9H902,active,non_surface,no,agrees,Q9H902,2026-08-06
REEP2_HUMAN,Q9BRK0,Q9BRK0,active,non_surface,no,agrees,Q9BRK0,2026-08-06
REEP3_HUMAN,Q6NUK4,Q6NUK4,active,non_surface,no,agrees,Q6NUK4,2026-08-06
REEP4_HUMAN,Q9H6H4,Q9H6H4,active,non_surface,no,agrees,Q9H6H4,2026-08-06
REEP5_HUMAN,Q00765,Q00765,active,non_surface,no,agrees,Q00765,2026-08-06
REEP6_HUMAN,Q96HR9,Q96HR9,active,non_surface,no,agrees,Q96HR9,2026-08-06
REG1A_HUMAN,P05451,P05451,active,unclassified,no,agrees,P05451,2026-08-06
REG1B_HUMAN,P48304,P48304,active,unclassified,no,agrees,P48304,2026-08-06
REG3A_HUMAN,Q06141,Q06141,active,unclassified,no,agrees,Q06141,2026-08-06
REG3G_HUMAN,Q6UW15,Q6UW15,active,unclassified,no,agrees,Q6UW15,2026-08-06
REG4_HUMAN,Q9BYZ8,Q9BYZ8,active,unclassified,no,agrees,Q9BYZ8,2026-08-06
REL1_HUMAN,P04808,P04808,active,unclassified,no,agrees,P04808,2026-08-06
REL2_HUMAN,P04090,P04090,active,unclassified,no,agrees,P04090,2026-08-06
REL3_HUMAN,Q8WXF3,Q8WXF3,active,unclassified,no,agrees,Q8WXF3,2026-08-06
RELL1_HUMAN,Q8IUW5,Q8IUW5,active,surface,no,agrees,Q8IUW5,2026-08-06
RELL2_HUMAN,Q8NC24,Q8NC24,active,non_surface,no,agrees,Q8NC24,2026-08-06
RELN_HUMAN,P78509,P78509,active,unclassified,no,agrees,P78509,2026-08-06
RENI_HUMAN,P00797,P00797,active,unclassified,no,agrees,P00797,2026-08-06
RENR_HUMAN,O75787,O75787,active,unclassified,no,agrees,O75787,2026-08-06
REPS2_HUMAN,Q8NFH8,Q8NFH8,active,unclassified,no,agrees,Q8NFH8,2026-08-06
RER1_HUMAN,O15258,O15258,active,non_surface,no,agrees,O15258,2026-08-06
RES18_HUMAN,Q5W5W9,Q5W5W9,active,unclassified,no,agrees,Q5W5W9,2026-08-06
RET1G_HUMAN,Q6H3X3,Q6H3X3,active,surface,no,agrees,Q6H3X3,2026-08-06
RET1L_HUMAN,Q5VY80,Q5VY80,active,surface,no,agrees,Q5VY80,2026-08-06
RET3_HUMAN,P10745,P10745,active,unclassified,no,agrees,P10745,2026-08-06
RET4_HUMAN,P02753,P02753,active,unclassified,no,agrees,P02753,2026-08-06
RETNB_HUMAN,Q9BQ08,Q9BQ08,active,unclassified,no,agrees,Q9BQ08,2026-08-06
RETN_HUMAN,Q9HD89,Q9HD89,active,unclassified,no,agrees,Q9HD89,2026-08-06
RETST_HUMAN,Q6NUM9,Q6NUM9,active,unclassified,no,agrees,Q6NUM9,2026-08-06
RET_HUMAN,P07949,P07949,active,surface,no,agrees,P07949,2026-08-06
RF1ML_HUMAN,Q9UGC7,Q9UGC7,active,unclassified,no,agrees,Q9UGC7,2026-08-06
RFNG_HUMAN,Q9Y644,Q9Y644,active,non_surface,no,agrees,Q9Y644,2026-08-06
RFT1_HUMAN,Q96AA3,Q96AA3,active,unclassified,no,agrees,Q96AA3,2026-08-06
RGCC_HUMAN,Q9H4X1,Q9H4X1,active,unclassified,no,agrees,Q9H4X1,2026-08-06
RGDSR_HUMAN,Q8IZJ4,Q8IZJ4,active,unclassified,no,agrees,Q8IZJ4,2026-08-06
RGMA_HUMAN,Q96B86,Q96B86,active,surface,no,agrees,Q96B86,2026-08-06
RGMB_HUMAN,Q6NW40,Q6NW40,active,surface,no,agrees,Q6NW40,2026-08-06
RGMC_HUMAN,Q6ZVN8,Q6ZVN8,active,surface,no,agrees,Q6ZVN8,2026-08-06
RGPA1_HUMAN,Q6GYQ0,Q6GYQ0,active,non_surface,no,agrees,Q6GYQ0,2026-08-06
RGPA2_HUMAN,Q2PPJ7,Q2PPJ7,active,non_surface,no,agrees,Q2PPJ7,2026-08-06
RGPS1_HUMAN,Q5JS13,Q5JS13,active,non_surface,no,agrees,Q5JS13,2026-08-06
RGR_HUMAN,P47804,P47804,active,surface,no,agrees,P47804,2026-08-06
RGSL_HUMAN,A5PLK6,A5PLK6,active,non_surface,no,agrees,A5PLK6,2026-08-06
RHAG_HUMAN,Q02094,Q02094,active,surface,no,agrees,Q02094,2026-08-06
RHBD2_HUMAN,Q6NTF9,Q6NTF9,active,non_surface,no,agrees,Q6NTF9,2026-08-06
RHBD3_HUMAN,Q9Y3P4,Q9Y3P4,active,non_surface,no,agrees,Q9Y3P4,2026-08-06
RHBG_HUMAN,Q9H310,Q9H310,active,unclassified,no,agrees,Q9H310,2026-08-06
RHBL1_HUMAN,O75783,O75783,active,non_surface,no,agrees,O75783,2026-08-06
RHBL2_HUMAN,Q9NX52,Q9NX52,active,surface,no,agrees,Q9NX52,2026-08-06
RHBL3_HUMAN,P58872,P58872,active,non_surface,no,agrees,P58872,2026-08-06
RHBL4_HUMAN,Q8TEB9,Q8TEB9,active,non_surface,no,agrees,Q8TEB9,2026-08-06
RHCE_HUMAN,P18577,P18577,active,non_surface,no,agrees,P18577,2026-08-06
RHCG_HUMAN,Q9UBD6,Q9UBD6,active,surface,no,agrees,Q9UBD6,2026-08-06
RHDF1_HUMAN,Q96CC6,Q96CC6,active,non_surface,no,agrees,Q96CC6,2026-08-06
RHDF2_HUMAN,Q6PJF5,Q6PJF5,active,surface,no,agrees,Q6PJF5,2026-08-06
RHD_HUMAN,Q02161,Q02161,active,non_surface,no,agrees,Q02161,2026-08-06
RHG01_HUMAN,Q07960,Q07960,active,non_surface,no,agrees,Q07960,2026-08-06
RHG06_HUMAN,O43182,O43182,active,unclassified,no,agrees,O43182,2026-08-06
RHG26_HUMAN,Q9UNA1,Q9UNA1,active,non_surface,no,agrees,Q9UNA1,2026-08-06
RHG35_HUMAN,Q9NRY4,Q9NRY4,active,non_surface,no,agrees,Q9NRY4,2026-08-06
RHG36_HUMAN,Q6ZRI8,Q6ZRI8,active,unclassified,no,agrees,Q6ZRI8,2026-08-06
RIC1_HUMAN,Q4ADV7,Q4ADV7,active,non_surface,no,agrees,Q4ADV7,2026-08-06
RIC3_HUMAN,Q7Z5B4,Q7Z5B4,active,non_surface,no,agrees,Q7Z5B4,2026-08-06
RIPP1_HUMAN,Q0D2K3,Q0D2K3,active,unclassified,no,agrees,Q0D2K3,2026-08-06
RIR2B_HUMAN,Q7LG56,Q7LG56,active,non_surface,no,agrees,Q7LG56,2026-08-06
RIR2_HUMAN,P31350,P31350,active,non_surface,no,agrees,P31350,2026-08-06
RISC_HUMAN,Q9HB40,Q9HB40,active,unclassified,no,agrees,Q9HB40,2026-08-06
RL1D1_HUMAN,O76021,O76021,active,unclassified,no,agrees,O76021,2026-08-06
RL3R1_HUMAN,Q9NSD7,Q9NSD7,active,surface,no,agrees,Q9NSD7,2026-08-06
RL3R2_HUMAN,Q8TDU9,Q8TDU9,active,surface,no,agrees,Q8TDU9,2026-08-06
RLA2_HUMAN,P05387,P05387,active,unclassified,no,agrees,P05387,2026-08-06
RM02_HUMAN,Q5T653,Q5T653,active,unclassified,no,agrees,Q5T653,2026-08-06
RM14_HUMAN,Q6P1L8,Q6P1L8,active,unclassified,no,agrees,Q6P1L8,2026-08-06
RM18_HUMAN,Q9H0U6,Q9H0U6,active,unclassified,no,agrees,Q9H0U6,2026-08-06
RM19_HUMAN,P49406,P49406,active,unclassified,no,agrees,P49406,2026-08-06
RM21_HUMAN,Q7Z2W9,Q7Z2W9,active,unclassified,no,agrees,Q7Z2W9,2026-08-06
RM22_HUMAN,Q9NWU5,Q9NWU5,active,unclassified,no,agrees,Q9NWU5,2026-08-06
RM24_HUMAN,Q96A35,Q96A35,active,unclassified,no,agrees,Q96A35,2026-08-06
RM27_HUMAN,Q9P0M9,Q9P0M9,active,unclassified,no,agrees,Q9P0M9,2026-08-06
RM32_HUMAN,Q9BYC8,Q9BYC8,active,unclassified,no,agrees,Q9BYC8,2026-08-06
RM34_HUMAN,Q9BQ48,Q9BQ48,active,unclassified,no,agrees,Q9BQ48,2026-08-06
RM35_HUMAN,Q9NZE8,Q9NZE8,active,unclassified,no,agrees,Q9NZE8,2026-08-06
RM47_HUMAN,Q9HD33,Q9HD33,active,unclassified,no,agrees,Q9HD33,2026-08-06
RM52_HUMAN,Q86TS9,Q86TS9,active,unclassified,no,agrees,Q86TS9,2026-08-06
RMD2_HUMAN,Q96LZ7,Q96LZ7,active,non_surface,no,agrees,Q96LZ7,2026-08-06
RMD3_HUMAN,Q96TC7,Q96TC7,active,non_surface,no,agrees,Q96TC7,2026-08-06
RMND1_HUMAN,Q9NWS8,Q9NWS8,active,non_surface,no,agrees,Q9NWS8,2026-08-06
RN103_HUMAN,O00237,O00237,active,non_surface,no,agrees,O00237,2026-08-06
RN121_HUMAN,Q9H920,Q9H920,active,non_surface,no,agrees,Q9H920,2026-08-06
RN122_HUMAN,Q9H9V4,Q9H9V4,active,unclassified,no,agrees,Q9H9V4,2026-08-06
RN128_HUMAN,Q8TEB7,Q8TEB7,active,surface,no,agrees,Q8TEB7,2026-08-06
RN133_HUMAN,Q8WVZ7,Q8WVZ7,active,non_surface,no,agrees,Q8WVZ7,2026-08-06
RN139_HUMAN,Q8WU17,Q8WU17,active,non_surface,no,agrees,Q8WU17,2026-08-06
RN145_HUMAN,Q96MT1,Q96MT1,active,non_surface,no,agrees,Q96MT1,2026-08-06
RN148_HUMAN,Q8N7C7,Q8N7C7,active,non_surface,no,agrees,Q8N7C7,2026-08-06
RN149_HUMAN,Q8NC42,Q8NC42,active,surface,no,agrees,Q8NC42,2026-08-06
RN150_HUMAN,Q9ULK6,Q9ULK6,active,surface,no,agrees,Q9ULK6,2026-08-06
RN152_HUMAN,Q8N8N0,Q8N8N0,active,non_surface,no,agrees,Q8N8N0,2026-08-06
RN167_HUMAN,Q9H6Y7,Q9H6Y7,active,surface,no,agrees,Q9H6Y7,2026-08-06
RN170_HUMAN,Q96K19,Q96K19,active,non_surface,no,agrees,Q96K19,2026-08-06
RN175_HUMAN,Q8N4F7,Q8N4F7,active,non_surface,no,agrees,Q8N4F7,2026-08-06
RN180_HUMAN,Q86T96,Q86T96,active,non_surface,no,agrees,Q86T96,2026-08-06
RN182_HUMAN,Q8N6D2,Q8N6D2,active,unclassified,no,agrees,Q8N6D2,2026-08-06
RN183_HUMAN,Q96D59,Q96D59,active,non_surface,no,agrees,Q96D59,2026-08-06
RN185_HUMAN,Q96GF1,Q96GF1,active,non_surface,no,agrees,Q96GF1,2026-08-06
RN186_HUMAN,Q9NXI6,Q9NXI6,active,non_surface,no,agrees,Q9NXI6,2026-08-06
RN19A_HUMAN,Q9NV58,Q9NV58,active,unclassified,no,agrees,Q9NV58,2026-08-06
RN19B_HUMAN,Q6ZMZ0,Q6ZMZ0,active,non_surface,no,agrees,Q6ZMZ0,2026-08-06
RN213_HUMAN,Q63HN8,Q63HN8,active,non_surface,no,agrees,Q63HN8,2026-08-06
RN215_HUMAN,Q9Y6U7,Q9Y6U7,active,non_surface,no,agrees,Q9Y6U7,2026-08-06
RN217_HUMAN,Q8TC41,Q8TC41,active,non_surface,no,agrees,Q8TC41,2026-08-06
RN220_HUMAN,Q5VTB9,Q5VTB9,active,unclassified,no,agrees,Q5VTB9,2026-08-06
RN222_HUMAN,A6NCQ9,A6NCQ9,active,non_surface,no,agrees,A6NCQ9,2026-08-06
RN223_HUMAN,E7ERA6,E7ERA6,active,non_surface,no,agrees,E7ERA6,2026-08-06
RN225_HUMAN,M0QZC1,M0QZC1,active,non_surface,no,agrees,M0QZC1,2026-08-06
RNAS1_HUMAN,P07998,P07998,active,unclassified,no,agrees,P07998,2026-08-06
RNAS2_HUMAN,P10153,P10153,active,unclassified,no,agrees,P10153,2026-08-06
RNAS4_HUMAN,P34096,P34096,active,unclassified,no,agrees,P34096,2026-08-06
RNAS6_HUMAN,Q93091,Q93091,active,unclassified,no,agrees,Q93091,2026-08-06
RNAS7_HUMAN,Q9H1E1,Q9H1E1,active,unclassified,no,agrees,Q9H1E1,2026-08-06
RNAS8_HUMAN,Q8TDE3,Q8TDE3,active,unclassified,no,agrees,Q8TDE3,2026-08-06
RNAS9_HUMAN,P60153,P60153,active,unclassified,no,agrees,P60153,2026-08-06
RNF13_HUMAN,O43567,O43567,active,surface,no,agrees,O43567,2026-08-06
RNF24_HUMAN,Q9Y225,Q9Y225,active,non_surface,no,agrees,Q9Y225,2026-08-06
RNF26_HUMAN,Q9BY78,Q9BY78,active,unclassified,no,agrees,Q9BY78,2026-08-06
RNF34_HUMAN,Q969K3,Q969K3,active,unclassified,no,agrees,Q969K3,2026-08-06
RNF43_HUMAN,Q68DV7,Q68DV7,active,surface,no,agrees,Q68DV7,2026-08-06
RNF5_HUMAN,Q99942,Q99942,active,non_surface,no,agrees,Q99942,2026-08-06
RNFT1_HUMAN,Q5M7Z0,Q5M7Z0,active,surface,no,agrees,Q5M7Z0,2026-08-06
RNFT2_HUMAN,Q96EX2,Q96EX2,active,non_surface,no,agrees,Q96EX2,2026-08-06
RNH1_HUMAN,O60930,O60930,active,unclassified,no,agrees,O60930,2026-08-06
RNK_HUMAN,Q6P5S7,Q6P5S7,active,non_surface,no,agrees,Q6P5S7,2026-08-06
RNLS_HUMAN,Q5VYX0,Q5VYX0,active,unclassified,no,agrees,Q5VYX0,2026-08-06
RNS10_HUMAN,Q5GAN6,Q5GAN6,active,unclassified,no,agrees,Q5GAN6,2026-08-06
RNS11_HUMAN,Q8TAA1,Q8TAA1,active,unclassified,no,agrees,Q8TAA1,2026-08-06
RNS12_HUMAN,Q5GAN4,Q5GAN4,active,unclassified,no,agrees,Q5GAN4,2026-08-06
RNS13_HUMAN,Q5GAN3,Q5GAN3,active,unclassified,no,agrees,Q5GAN3,2026-08-06
RNT2_HUMAN,O00584,O00584,active,unclassified,no,agrees,O00584,2026-08-06
RNZ1_HUMAN,Q9H777,Q9H777,active,unclassified,no,agrees,Q9H777,2026-08-06
RNZ2_HUMAN,Q9BQ52,Q9BQ52,active,unclassified,no,agrees,Q9BQ52,2026-08-06
ROBO1_HUMAN,Q9Y6N7,Q9Y6N7,active,surface,no,agrees,Q9Y6N7,2026-08-06
ROBO2_HUMAN,Q9HCK4,Q9HCK4,active,surface,no,agrees,Q9HCK4,2026-08-06
ROBO3_HUMAN,Q96MS0,Q96MS0,active,surface,no,agrees,Q96MS0,2026-08-06
ROBO4_HUMAN,Q8WZ75,Q8WZ75,active,unclassified,no,agrees,Q8WZ75,2026-08-06
ROM1_HUMAN,Q03395,Q03395,active,non_surface,no,agrees,Q03395,2026-08-06
ROMO1_HUMAN,P60602,P60602,active,non_surface,no,agrees,P60602,2026-08-06
RON_HUMAN,Q04912,Q04912,active,surface,no,agrees,Q04912,2026-08-06
ROR1_HUMAN,Q01973,Q01973,active,surface,no,agrees,Q01973,2026-08-06
ROR2_HUMAN,Q01974,Q01974,active,surface,no,agrees,Q01974,2026-08-06
ROS1_HUMAN,P08922,P08922,active,surface,no,agrees,P08922,2026-08-06
RPA49_HUMAN,Q9GZS1,Q9GZS1,active,non_surface,no,agrees,Q9GZS1,2026-08-06
RPAP1_HUMAN,Q9BWH6,Q9BWH6,active,non_surface,no,agrees,Q9BWH6,2026-08-06
RPAP2_HUMAN,Q8IXW5,Q8IXW5,active,non_surface,no,agrees,Q8IXW5,2026-08-06
RPGF4_HUMAN,Q8WZA2,Q8WZA2,active,non_surface,no,agrees,Q8WZA2,2026-08-06
RPN1_HUMAN,P04843,P04843,active,surface,no,agrees,P04843,2026-08-06
RPN2_HUMAN,P04844,P04844,active,non_surface,no,agrees,P04844,2026-08-06
RPRML_HUMAN,Q8N4K4,Q8N4K4,active,surface,no,agrees,Q8N4K4,2026-08-06
RPRM_HUMAN,Q9NS64,Q9NS64,active,surface,no,agrees,Q9NS64,2026-08-06
RPTOR_HUMAN,Q8N122,Q8N122,active,non_surface,no,agrees,Q8N122,2026-08-06
RRBP1_HUMAN,Q9P2E9,Q9P2E9,active,non_surface,no,agrees,Q9P2E9,2026-08-06
RRNAD_HUMAN,Q96FB5,Q96FB5,active,non_surface,no,agrees,Q96FB5,2026-08-06
RRP12_HUMAN,Q5JTH9,Q5JTH9,active,non_surface,no,agrees,Q5JTH9,2026-08-06
RSAD2_HUMAN,Q8WXG1,Q8WXG1,active,non_surface,no,agrees,Q8WXG1,2026-08-06
RSF1_HUMAN,Q96T23,Q96T23,active,unclassified,no,agrees,Q96T23,2026-08-06
RSLBA_HUMAN,Q6T310,Q6T310,active,unclassified,no,agrees,Q6T310,2026-08-06
RSPO1_HUMAN,Q2MKA7,Q2MKA7,active,unclassified,no,agrees,Q2MKA7,2026-08-06
RSPO2_HUMAN,Q6UXX9,Q6UXX9,active,unclassified,no,agrees,Q6UXX9,2026-08-06
RSPO3_HUMAN,Q9BXY4,Q9BXY4,active,unclassified,no,agrees,Q9BXY4,2026-08-06
RSPO4_HUMAN,Q2I0M5,Q2I0M5,active,unclassified,no,agrees,Q2I0M5,2026-08-06
RSPRY_HUMAN,Q96DX4,Q96DX4,active,unclassified,no,agrees,Q96DX4,2026-08-06
RSRP1_HUMAN,Q9BUV0,Q9BUV0,active,unclassified,no,agrees,Q9BUV0,2026-08-06
RT14_HUMAN,O60783,O60783,active,unclassified,no,agrees,O60783,2026-08-06
RT22_HUMAN,P82650,P82650,active,unclassified,no,agrees,P82650,2026-08-06
RT24_HUMAN,Q96EL2,Q96EL2,active,unclassified,no,agrees,Q96EL2,2026-08-06
RT35_HUMAN,P82673,P82673,active,unclassified,no,agrees,P82673,2026-08-06
RTBDN_HUMAN,Q9BSG5,Q9BSG5,active,unclassified,no,agrees,Q9BSG5,2026-08-06
RTF1_HUMAN,Q92541,Q92541,active,unclassified,no,agrees,Q92541,2026-08-06
RTL1_HUMAN,A6NKG5,A6NKG5,active,non_surface,no,agrees,A6NKG5,2026-08-06
RTN1_HUMAN,Q16799,Q16799,active,non_surface,no,agrees,Q16799,2026-08-06
RTN2_HUMAN,O75298,O75298,active,non_surface,no,agrees,O75298,2026-08-06
RTN3_HUMAN,O95197,O95197,active,unclassified,no,agrees,O95197,2026-08-06
RTN4R_HUMAN,Q9BZR6,Q9BZR6,active,surface,no,agrees,Q9BZR6,2026-08-06
RTN4_HUMAN,Q9NQC3,Q9NQC3,active,unclassified,no,agrees,Q9NQC3,2026-08-06
RTP1_HUMAN,P59025,P59025,active,non_surface,no,agrees,P59025,2026-08-06
RTP2_HUMAN,Q5QGT7,Q5QGT7,active,non_surface,no,agrees,Q5QGT7,2026-08-06
RTP3_HUMAN,Q9BQQ7,Q9BQQ7,active,non_surface,no,agrees,Q9BQQ7,2026-08-06
RTP4_HUMAN,Q96DX8,Q96DX8,active,non_surface,no,agrees,Q96DX8,2026-08-06
RTP5_HUMAN,Q14D33,Q14D33,active,non_surface,no,agrees,Q14D33,2026-08-06
RUS1_HUMAN,Q96GQ5,Q96GQ5,active,non_surface,no,agrees,Q96GQ5,2026-08-06
RXFP1_HUMAN,Q9HBX9,Q9HBX9,active,surface,no,agrees,Q9HBX9,2026-08-06
RXFP2_HUMAN,Q8WXD0,Q8WXD0,active,surface,no,agrees,Q8WXD0,2026-08-06
RYK_HUMAN,P34925,P34925,active,surface,no,agrees,P34925,2026-08-06
RYR1_HUMAN,P21817,P21817,active,unclassified,no,agrees,P21817,2026-08-06
RYR2_HUMAN,Q92736,Q92736,active,non_surface,no,agrees,Q92736,2026-08-06
RYR3_HUMAN,Q15413,Q15413,active,non_surface,no,agrees,Q15413,2026-08-06
S10AA_HUMAN,P60903,P60903,active,non_surface,no,agrees,P60903,2026-08-06
S12A1_HUMAN,Q13621,Q13621,active,surface,no,agrees,Q13621,2026-08-06
S12A2_HUMAN,P55011,P55011,active,surface,no,agrees,P55011,2026-08-06
S12A3_HUMAN,P55017,P55017,active,surface,no,agrees,P55017,2026-08-06
S12A4_HUMAN,Q9UP95,Q9UP95,active,surface,no,agrees,Q9UP95,2026-08-06
S12A5_HUMAN,Q9H2X9,Q9H2X9,active,surface,no,agrees,Q9H2X9,2026-08-06
S12A6_HUMAN,Q9UHW9,Q9UHW9,active,surface,no,agrees,Q9UHW9,2026-08-06
S12A7_HUMAN,Q9Y666,Q9Y666,active,surface,no,agrees,Q9Y666,2026-08-06
S12A8_HUMAN,A0AV02,A0AV02,active,surface,no,agrees,A0AV02,2026-08-06
S12A9_HUMAN,Q9BXP2,Q9BXP2,active,surface,no,agrees,Q9BXP2,2026-08-06
S13A1_HUMAN,Q9BZW2,Q9BZW2,active,surface,no,agrees,Q9BZW2,2026-08-06
S13A2_HUMAN,Q13183,Q13183,active,surface,no,agrees,Q13183,2026-08-06
S13A3_HUMAN,Q8WWT9,Q8WWT9,active,surface,no,agrees,Q8WWT9,2026-08-06
S13A4_HUMAN,Q9UKG4,Q9UKG4,active,surface,no,agrees,Q9UKG4,2026-08-06
S13A5_HUMAN,Q86YT5,Q86YT5,active,unclassified,no,agrees,Q86YT5,2026-08-06
S15A1_HUMAN,P46059,P46059,active,surface,no,agrees,P46059,2026-08-06
S15A2_HUMAN,Q16348,Q16348,active,surface,no,agrees,Q16348,2026-08-06
S15A3_HUMAN,Q8IY34,Q8IY34,active,surface,no,agrees,Q8IY34,2026-08-06
S15A4_HUMAN,Q8N697,Q8N697,active,surface,no,agrees,Q8N697,2026-08-06
S15A5_HUMAN,A6NIM6,A6NIM6,active,surface,no,agrees,A6NIM6,2026-08-06
S17A4_HUMAN,Q9Y2C5,Q9Y2C5,active,unclassified,no,agrees,Q9Y2C5,2026-08-06
S17A5_HUMAN,Q9NRA2,Q9NRA2,active,surface,no,agrees,Q9NRA2,2026-08-06
S17A9_HUMAN,Q9BYT1,Q9BYT1,active,surface,no,agrees,Q9BYT1,2026-08-06
S18B1_HUMAN,Q6NT16,Q6NT16,active,unclassified,no,agrees,Q6NT16,2026-08-06
S19A1_HUMAN,P41440,P41440,active,surface,no,agrees,P41440,2026-08-06
S19A2_HUMAN,O60779,O60779,active,surface,no,agrees,O60779,2026-08-06
S19A3_HUMAN,Q9BZV2,Q9BZV2,active,surface,no,agrees,Q9BZV2,2026-08-06
S1PR1_HUMAN,P21453,P21453,active,surface,no,agrees,P21453,2026-08-06
S1PR2_HUMAN,O95136,O95136,active,surface,no,agrees,O95136,2026-08-06
S1PR3_HUMAN,Q99500,Q99500,active,surface,no,agrees,Q99500,2026-08-06
S1PR4_HUMAN,O95977,O95977,active,surface,no,agrees,O95977,2026-08-06
S1PR5_HUMAN,Q9H228,Q9H228,active,surface,no,agrees,Q9H228,2026-08-06
S20A1_HUMAN,Q8WUM9,Q8WUM9,active,unclassified,no,agrees,Q8WUM9,2026-08-06
S20A2_HUMAN,Q08357,Q08357,active,surface,no,agrees,Q08357,2026-08-06
S22A1_HUMAN,O15245,O15245,active,surface,no,agrees,O15245,2026-08-06
S22A2_HUMAN,O15244,O15244,active,surface,no,agrees,O15244,2026-08-06
S22A3_HUMAN,O75751,O75751,active,surface,no,agrees,O75751,2026-08-06
S22A4_HUMAN,Q9H015,Q9H015,active,surface,no,agrees,Q9H015,2026-08-06
S22A5_HUMAN,O76082,O76082,active,surface,no,agrees,O76082,2026-08-06
S22A6_HUMAN,Q4U2R8,Q4U2R8,active,surface,no,agrees,Q4U2R8,2026-08-06
S22A7_HUMAN,Q9Y694,Q9Y694,active,surface,no,agrees,Q9Y694,2026-08-06
S22A8_HUMAN,Q8TCC7,Q8TCC7,active,surface,no,agrees,Q8TCC7,2026-08-06
S22A9_HUMAN,Q8IVM8,Q8IVM8,active,surface,no,agrees,Q8IVM8,2026-08-06
S22AA_HUMAN,Q63ZE4,Q63ZE4,active,unclassified,no,agrees,Q63ZE4,2026-08-06
S22AB_HUMAN,Q9NSA0,Q9NSA0,active,surface,no,agrees,Q9NSA0,2026-08-06
S22AC_HUMAN,Q96S37,Q96S37,active,surface,no,agrees,Q96S37,2026-08-06
S22AD_HUMAN,Q9Y226,Q9Y226,active,surface,no,agrees,Q9Y226,2026-08-06
S22AE_HUMAN,Q9Y267,Q9Y267,active,surface,no,agrees,Q9Y267,2026-08-06
S22AF_HUMAN,Q8IZD6,Q8IZD6,active,surface,no,agrees,Q8IZD6,2026-08-06
S22AG_HUMAN,Q86VW1,Q86VW1,active,surface,no,agrees,Q86VW1,2026-08-06
S22AH_HUMAN,Q8WUG5,Q8WUG5,active,surface,no,agrees,Q8WUG5,2026-08-06
S22AI_HUMAN,Q96BI1,Q96BI1,active,non_surface,no,agrees,Q96BI1,2026-08-06
S22AK_HUMAN,A6NK97,A6NK97,active,surface,no,agrees,A6NK97,2026-08-06
S22AN_HUMAN,A1A5C7,A1A5C7,active,surface,no,agrees,A1A5C7,2026-08-06
S22AO_HUMAN,Q8N4F4,Q8N4F4,active,unclassified,no,agrees,Q8N4F4,2026-08-06
S22AP_HUMAN,Q6T423,Q6T423,active,surface,no,agrees,Q6T423,2026-08-06
S22AV_HUMAN,A6NKX4,A6NKX4,active,non_surface,no,agrees,A6NKX4,2026-08-06
S23A1_HUMAN,Q9UHI7,Q9UHI7,active,surface,no,agrees,Q9UHI7,2026-08-06
S23A2_HUMAN,Q9UGH3,Q9UGH3,active,surface,no,agrees,Q9UGH3,2026-08-06
S23A3_HUMAN,Q6PIS1,Q6PIS1,active,unclassified,no,agrees,Q6PIS1,2026-08-06
S2533_HUMAN,Q9BSK2,Q9BSK2,active,non_surface,no,agrees,Q9BSK2,2026-08-06
S2534_HUMAN,Q6PIV7,Q6PIV7,active,non_surface,no,agrees,Q6PIV7,2026-08-06
S2535_HUMAN,Q3KQZ1,Q3KQZ1,active,non_surface,no,agrees,Q3KQZ1,2026-08-06
S2539_HUMAN,Q9BZJ4,Q9BZJ4,active,non_surface,no,agrees,Q9BZJ4,2026-08-06
S2540_HUMAN,Q8TBP6,Q8TBP6,active,non_surface,no,agrees,Q8TBP6,2026-08-06
S2542_HUMAN,Q86VD7,Q86VD7,active,non_surface,no,agrees,Q86VD7,2026-08-06
S2543_HUMAN,Q8WUT9,Q8WUT9,active,non_surface,no,agrees,Q8WUT9,2026-08-06
S2544_HUMAN,Q96H78,Q96H78,active,non_surface,no,agrees,Q96H78,2026-08-06
S2545_HUMAN,Q8N413,Q8N413,active,non_surface,no,agrees,Q8N413,2026-08-06
S2546_HUMAN,Q96AG3,Q96AG3,active,non_surface,no,agrees,Q96AG3,2026-08-06
S2548_HUMAN,Q6ZT89,Q6ZT89,active,non_surface,no,agrees,Q6ZT89,2026-08-06
S2551_HUMAN,Q9H1U9,Q9H1U9,active,non_surface,no,agrees,Q9H1U9,2026-08-06
S2552_HUMAN,Q3SY17,Q3SY17,active,non_surface,no,agrees,Q3SY17,2026-08-06
S2610_HUMAN,Q8NG04,Q8NG04,active,non_surface,no,agrees,Q8NG04,2026-08-06
S2611_HUMAN,Q86WA9,Q86WA9,active,non_surface,no,agrees,Q86WA9,2026-08-06
S26A1_HUMAN,Q9H2B4,Q9H2B4,active,surface,no,agrees,Q9H2B4,2026-08-06
S26A2_HUMAN,P50443,P50443,active,surface,no,agrees,P50443,2026-08-06
S26A3_HUMAN,P40879,P40879,active,surface,no,agrees,P40879,2026-08-06
S26A4_HUMAN,O43511,O43511,active,surface,no,agrees,O43511,2026-08-06
S26A5_HUMAN,P58743,P58743,active,surface,no,agrees,P58743,2026-08-06
S26A6_HUMAN,Q9BXS9,Q9BXS9,active,surface,no,agrees,Q9BXS9,2026-08-06
S26A7_HUMAN,Q8TE54,Q8TE54,active,unclassified,no,agrees,Q8TE54,2026-08-06
S26A8_HUMAN,Q96RN1,Q96RN1,active,surface,no,agrees,Q96RN1,2026-08-06
S26A9_HUMAN,Q7LBE3,Q7LBE3,active,surface,no,agrees,Q7LBE3,2026-08-06
S27A1_HUMAN,Q6PCB7,Q6PCB7,active,non_surface,no,agrees,Q6PCB7,2026-08-06
S27A2_HUMAN,O14975,O14975,active,non_surface,no,agrees,O14975,2026-08-06
S27A3_HUMAN,Q5K4L6,Q5K4L6,active,non_surface,no,agrees,Q5K4L6,2026-08-06
S27A4_HUMAN,Q6P1M0,Q6P1M0,active,unclassified,no,agrees,Q6P1M0,2026-08-06
S27A5_HUMAN,Q9Y2P5,Q9Y2P5,active,non_surface,no,agrees,Q9Y2P5,2026-08-06
S27A6_HUMAN,Q9Y2P4,Q9Y2P4,active,non_surface,no,agrees,Q9Y2P4,2026-08-06
S28A1_HUMAN,O00337,O00337,active,surface,no,agrees,O00337,2026-08-06
S28A2_HUMAN,O43868,O43868,active,surface,no,agrees,O43868,2026-08-06
S28A3_HUMAN,Q9HAS3,Q9HAS3,active,surface,no,agrees,Q9HAS3,2026-08-06
S29A1_HUMAN,Q99808,Q99808,active,surface,no,agrees,Q99808,2026-08-06
S29A2_HUMAN,Q14542,Q14542,active,surface,no,agrees,Q14542,2026-08-06
S29A3_HUMAN,Q9BZD2,Q9BZD2,active,surface,no,agrees,Q9BZD2,2026-08-06
S29A4_HUMAN,Q7RTT9,Q7RTT9,active,surface,no,agrees,Q7RTT9,2026-08-06
S31A1_HUMAN,Q5TZJ5,Q5TZJ5,active,non_surface,no,agrees,Q5TZJ5,2026-08-06
S31A2_HUMAN,Q5RGS2,Q5TZJ5,merged,non_surface,no,disagrees,Q5TZJ5,2026-08-06
S31A3_HUMAN,Q5VYP0,Q5VYP0,active,non_surface,no,agrees,Q5VYP0,2026-08-06
S31A4_HUMAN,Q4VX67,Q8IWB4,merged,non_surface,no,disagrees,Q8IWB4,2026-08-06
S31A5_HUMAN,Q5VU36,Q5VU36,active,non_surface,no,agrees,Q5VU36,2026-08-06
S31A6_HUMAN,Q5VVP1,Q5VVP1,active,non_surface,no,agrees,Q5VVP1,2026-08-06
S31A7_HUMAN,Q8IWB4,Q8IWB4,active,non_surface,no,agrees,Q8IWB4,2026-08-06
S31C1_HUMAN,P0DKV0,P0DKV0,active,non_surface,no,agrees,P0DKV0,2026-08-06
S31C2_HUMAN,B4DYI2,B4DYI2,active,non_surface,no,agrees,B4DYI2,2026-08-06
S31D1_HUMAN,Q6ZQQ2,Q6ZQQ2,active,non_surface,no,agrees,Q6ZQQ2,2026-08-06
S31D3_HUMAN,P0C874,P0C874,active,non_surface,no,agrees,P0C874,2026-08-06
S31D4_HUMAN,Q6ZUB0,Q6ZUB0,active,non_surface,no,agrees,Q6ZUB0,2026-08-06
S31E1_HUMAN,Q6ZUB1,Q6ZUB1,active,non_surface,no,agrees,Q6ZUB1,2026-08-06
S352B_HUMAN,P0CK96,P0CK96,active,non_surface,no,agrees,P0CK96,2026-08-06
S35A1_HUMAN,P78382,P78382,active,non_surface,no,agrees,P78382,2026-08-06
S35A2_HUMAN,P78381,P78381,active,non_surface,no,agrees,P78381,2026-08-06
S35A3_HUMAN,Q9Y2D2,Q9Y2D2,active,non_surface,no,agrees,Q9Y2D2,2026-08-06
S35A4_HUMAN,Q96G79,Q96G79,active,non_surface,no,agrees,Q96G79,2026-08-06
S35A5_HUMAN,Q9BS91,Q9BS91,active,surface,no,agrees,Q9BS91,2026-08-06
S35B1_HUMAN,P78383,P78383,active,unclassified,no,agrees,P78383,2026-08-06
S35B2_HUMAN,Q8TB61,Q8TB61,active,non_surface,no,agrees,Q8TB61,2026-08-06
S35B3_HUMAN,Q9H1N7,Q9H1N7,active,non_surface,no,agrees,Q9H1N7,2026-08-06
S35B4_HUMAN,Q969S0,Q969S0,active,non_surface,no,agrees,Q969S0,2026-08-06
S35C2_HUMAN,Q9NQQ7,Q9NQQ7,active,non_surface,no,agrees,Q9NQQ7,2026-08-06
S35D1_HUMAN,Q9NTN3,Q9NTN3,active,non_surface,no,agrees,Q9NTN3,2026-08-06
S35D2_HUMAN,Q76EJ3,Q76EJ3,active,non_surface,no,agrees,Q76EJ3,2026-08-06
S35D3_HUMAN,Q5M8T2,Q5M8T2,active,non_surface,no,agrees,Q5M8T2,2026-08-06
S35E1_HUMAN,Q96K37,Q96K37,active,unclassified,no,agrees,Q96K37,2026-08-06
S35E2_HUMAN,P0CK97,P0CK97,active,non_surface,no,agrees,P0CK97,2026-08-06
S35E3_HUMAN,Q7Z769,Q7Z769,active,non_surface,no,agrees,Q7Z769,2026-08-06
S35E4_HUMAN,Q6ICL7,Q6ICL7,active,non_surface,no,agrees,Q6ICL7,2026-08-06
S35F1_HUMAN,Q5T1Q4,Q5T1Q4,active,non_surface,no,agrees,Q5T1Q4,2026-08-06
S35F2_HUMAN,Q8IXU6,Q8IXU6,active,non_surface,no,agrees,Q8IXU6,2026-08-06
S35F3_HUMAN,Q8IY50,Q8IY50,active,unclassified,no,agrees,Q8IY50,2026-08-06
S35F4_HUMAN,A4IF30,A4IF30,active,surface,no,agrees,A4IF30,2026-08-06
S35F5_HUMAN,Q8WV83,Q8WV83,active,non_surface,no,agrees,Q8WV83,2026-08-06
S35F6_HUMAN,Q8N357,Q8N357,active,non_surface,no,agrees,Q8N357,2026-08-06
S35G1_HUMAN,Q2M3R5,Q2M3R5,active,non_surface,no,agrees,Q2M3R5,2026-08-06
S35G2_HUMAN,Q8TBE7,Q8TBE7,active,unclassified,no,agrees,Q8TBE7,2026-08-06
S35G3_HUMAN,Q8N808,Q8N808,active,non_surface,no,agrees,Q8N808,2026-08-06
S35G4_HUMAN,P0C7Q5,P0C7Q5,active,non_surface,no,agrees,P0C7Q5,2026-08-06
S35G5_HUMAN,Q96KT7,Q96KT7,active,unclassified,no,agrees,Q96KT7,2026-08-06
S35G6_HUMAN,P0C7Q6,P0C7Q6,active,unclassified,no,agrees,P0C7Q6,2026-08-06
S36A1_HUMAN,Q7Z2H8,Q7Z2H8,active,surface,no,agrees,Q7Z2H8,2026-08-06
S36A2_HUMAN,Q495M3,Q495M3,active,surface,no,agrees,Q495M3,2026-08-06
S36A3_HUMAN,Q495N2,Q495N2,active,surface,no,agrees,Q495N2,2026-08-06
S36A4_HUMAN,Q6YBV0,Q6YBV0,active,surface,no,agrees,Q6YBV0,2026-08-06
S38A1_HUMAN,Q9H2H9,Q9H2H9,active,surface,no,agrees,Q9H2H9,2026-08-06
S38A2_HUMAN,Q96QD8,Q96QD8,active,surface,no,agrees,Q96QD8,2026-08-06
S38A3_HUMAN,Q99624,Q99624,active,unclassified,no,agrees,Q99624,2026-08-06
S38A4_HUMAN,Q969I6,Q969I6,active,surface,no,agrees,Q969I6,2026-08-06
S38A5_HUMAN,Q8WUX1,Q8WUX1,active,surface,no,agrees,Q8WUX1,2026-08-06
S38A6_HUMAN,Q8IZM9,Q8IZM9,active,unclassified,no,agrees,Q8IZM9,2026-08-06
S38A7_HUMAN,Q9NVC3,Q9NVC3,active,unclassified,no,agrees,Q9NVC3,2026-08-06
S38A8_HUMAN,A6NNN8,A6NNN8,active,surface,no,agrees,A6NNN8,2026-08-06
S38A9_HUMAN,Q8NBW4,Q8NBW4,active,surface,no,agrees,Q8NBW4,2026-08-06
S38AA_HUMAN,Q9HBR0,Q9HBR0,active,non_surface,no,agrees,Q9HBR0,2026-08-06
S38AB_HUMAN,Q08AI6,Q08AI6,active,surface,no,agrees,Q08AI6,2026-08-06
S39A1_HUMAN,Q9NY26,Q9NY26,active,unclassified,no,agrees,Q9NY26,2026-08-06
S39A2_HUMAN,Q9NP94,Q9NP94,active,surface,no,agrees,Q9NP94,2026-08-06
S39A3_HUMAN,Q9BRY0,Q9BRY0,active,non_surface,no,agrees,Q9BRY0,2026-08-06
S39A4_HUMAN,Q6P5W5,Q6P5W5,active,surface,no,agrees,Q6P5W5,2026-08-06
S39A5_HUMAN,Q6ZMH5,Q6ZMH5,active,surface,no,agrees,Q6ZMH5,2026-08-06
S39A6_HUMAN,Q13433,Q13433,active,surface,no,agrees,Q13433,2026-08-06
S39A7_HUMAN,Q92504,Q92504,active,unclassified,no,agrees,Q92504,2026-08-06
S39A8_HUMAN,Q9C0K1,Q9C0K1,active,surface,no,agrees,Q9C0K1,2026-08-06
S39A9_HUMAN,Q9NUM3,Q9NUM3,active,surface,no,agrees,Q9NUM3,2026-08-06
S39AA_HUMAN,Q9ULF5,Q9ULF5,active,surface,no,agrees,Q9ULF5,2026-08-06
S39AB_HUMAN,Q8N1S5,Q8N1S5,active,non_surface,no,agrees,Q8N1S5,2026-08-06
S39AC_HUMAN,Q504Y0,Q504Y0,active,surface,no,agrees,Q504Y0,2026-08-06
S39AD_HUMAN,Q96H72,Q96H72,active,non_surface,no,agrees,Q96H72,2026-08-06
S39AE_HUMAN,Q15043,Q15043,active,surface,no,agrees,Q15043,2026-08-06
S3TC1_HUMAN,Q8TE82,Q8TE82,active,non_surface,no,agrees,Q8TE82,2026-08-06
S40A1_HUMAN,Q9NP59,Q9NP59,active,surface,no,agrees,Q9NP59,2026-08-06
S41A1_HUMAN,Q8IVJ1,Q8IVJ1,active,surface,no,agrees,Q8IVJ1,2026-08-06
S41A2_HUMAN,Q96JW4,Q96JW4,active,surface,no,agrees,Q96JW4,2026-08-06
S41A3_HUMAN,Q96GZ6,Q96GZ6,active,surface,no,agrees,Q96GZ6,2026-08-06
S43A3_HUMAN,Q8NBI5,Q8NBI5,active,surface,no,agrees,Q8NBI5,2026-08-06
S45A1_HUMAN,Q9Y2W3,Q9Y2W3,active,unclassified,no,agrees,Q9Y2W3,2026-08-06
S45A2_HUMAN,Q9UMX9,Q9UMX9,active,surface,no,agrees,Q9UMX9,2026-08-06
S45A3_HUMAN,Q96JT2,Q96JT2,active,unclassified,no,agrees,Q96JT2,2026-08-06
S45A4_HUMAN,Q5BKX6,Q5BKX6,active,surface,no,agrees,Q5BKX6,2026-08-06
S46A3_HUMAN,Q7Z3Q1,Q7Z3Q1,active,surface,no,agrees,Q7Z3Q1,2026-08-06
S47A1_HUMAN,Q96FL8,Q96FL8,active,surface,no,agrees,Q96FL8,2026-08-06
S47A2_HUMAN,Q86VL8,Q86VL8,active,unclassified,no,agrees,Q86VL8,2026-08-06
S4A10_HUMAN,Q6U841,Q6U841,active,surface,no,agrees,Q6U841,2026-08-06
S4A11_HUMAN,Q8NBS3,Q8NBS3,active,unclassified,no,agrees,Q8NBS3,2026-08-06
S4A4_HUMAN,Q9Y6R1,Q9Y6R1,active,surface,no,agrees,Q9Y6R1,2026-08-06
S4A5_HUMAN,Q9BY07,Q9BY07,active,surface,no,agrees,Q9BY07,2026-08-06
S4A7_HUMAN,Q9Y6M7,Q9Y6M7,active,surface,no,agrees,Q9Y6M7,2026-08-06
S4A8_HUMAN,Q2Y0W8,Q2Y0W8,active,surface,no,agrees,Q2Y0W8,2026-08-06
S52A1_HUMAN,Q9NWF4,Q9NWF4,active,surface,no,agrees,Q9NWF4,2026-08-06
S52A2_HUMAN,Q9HAB3,Q9HAB3,active,surface,no,agrees,Q9HAB3,2026-08-06
S52A3_HUMAN,Q9NQ40,Q9NQ40,active,surface,no,agrees,Q9NQ40,2026-08-06
S5A1_HUMAN,P18405,P18405,active,non_surface,no,agrees,P18405,2026-08-06
S5A2_HUMAN,P31213,P31213,active,non_surface,no,agrees,P31213,2026-08-06
S61A1_HUMAN,P61619,P61619,active,non_surface,no,agrees,P61619,2026-08-06
S61A2_HUMAN,Q9H9S3,Q9H9S3,active,non_surface,no,agrees,Q9H9S3,2026-08-06
S6A11_HUMAN,P48066,P48066,active,surface,no,agrees,P48066,2026-08-06
S6A12_HUMAN,P48065,P48065,active,surface,no,agrees,P48065,2026-08-06
S6A13_HUMAN,Q9NSD5,Q9NSD5,active,surface,no,agrees,Q9NSD5,2026-08-06
S6A14_HUMAN,Q9UN76,Q9UN76,active,surface,no,agrees,Q9UN76,2026-08-06
S6A15_HUMAN,Q9H2J7,Q9H2J7,active,surface,no,agrees,Q9H2J7,2026-08-06
S6A16_HUMAN,Q9GZN6,Q9GZN6,active,surface,no,agrees,Q9GZN6,2026-08-06
S6A17_HUMAN,Q9H1V8,Q9H1V8,active,surface,no,agrees,Q9H1V8,2026-08-06
S6A18_HUMAN,Q96N87,Q96N87,active,surface,no,agrees,Q96N87,2026-08-06
S6A19_HUMAN,Q695T7,Q695T7,active,surface,no,agrees,Q695T7,2026-08-06
S6A20_HUMAN,Q9NP91,Q9NP91,active,surface,no,agrees,Q9NP91,2026-08-06
S7A13_HUMAN,Q8TCU3,Q8TCU3,active,unclassified,no,agrees,Q8TCU3,2026-08-06
S7A14_HUMAN,Q8TBB6,Q8TBB6,active,surface,no,agrees,Q8TBB6,2026-08-06
SAA1_HUMAN,P0DJI8,P0DJI8,active,unclassified,no,agrees,P0DJI8,2026-08-06
SAA2_HUMAN,P0DJI9,P0DJI9,active,unclassified,no,agrees,P0DJI9,2026-08-06
SAA4_HUMAN,P35542,P35542,active,unclassified,no,agrees,P35542,2026-08-06
SAC1_HUMAN,Q9NTJ5,Q9NTJ5,active,non_surface,no,agrees,Q9NTJ5,2026-08-06
SACA1_HUMAN,Q9HBV2,Q9HBV2,active,surface,no,agrees,Q9HBV2,2026-08-06
SACA3_HUMAN,Q8IXA5,Q8IXA5,active,non_surface,no,agrees,Q8IXA5,2026-08-06
SACA4_HUMAN,Q8TDM5,Q8TDM5,active,surface,no,agrees,Q8TDM5,2026-08-06
SAMC_HUMAN,Q70HW3,Q70HW3,active,non_surface,no,agrees,Q70HW3,2026-08-06
SAMD8_HUMAN,Q96LT4,Q96LT4,active,non_surface,no,agrees,Q96LT4,2026-08-06
SAMP_HUMAN,P02743,P02743,active,unclassified,no,agrees,P02743,2026-08-06
SAP30_HUMAN,O75446,O75446,active,unclassified,no,agrees,O75446,2026-08-06
SAP3_HUMAN,P17900,P17900,active,unclassified,no,agrees,P17900,2026-08-06
SAPL1_HUMAN,Q6NUJ1,Q6NUJ1,active,unclassified,no,agrees,Q6NUJ1,2026-08-06
SAP_HUMAN,P07602,P07602,active,unclassified,no,agrees,P07602,2026-08-06
SARAF_HUMAN,Q96BY9,Q96BY9,active,non_surface,no,agrees,Q96BY9,2026-08-06
SARCO_HUMAN,O00631,O00631,active,non_surface,no,agrees,O00631,2026-08-06
SARM1_HUMAN,Q6SZW1,Q6SZW1,active,unclassified,no,agrees,Q6SZW1,2026-08-06
SATT_HUMAN,P43007,P43007,active,surface,no,agrees,P43007,2026-08-06
SBSN_HUMAN,Q6UWP8,Q6UWP8,active,unclassified,no,agrees,Q6UWP8,2026-08-06
SBSPO_HUMAN,Q8IVN8,Q8IVN8,active,unclassified,no,agrees,Q8IVN8,2026-08-06
SC11A_HUMAN,P67812,P67812,active,non_surface,no,agrees,P67812,2026-08-06
SC11B_HUMAN,P0C7V7,P0C7V7,active,non_surface,no,agrees,P0C7V7,2026-08-06
SC11C_HUMAN,Q9BY50,Q9BY50,active,non_surface,no,agrees,Q9BY50,2026-08-06
SC22A_HUMAN,Q96IW7,Q96IW7,active,non_surface,no,agrees,Q96IW7,2026-08-06
SC22B_HUMAN,O75396,O75396,active,non_surface,no,agrees,O75396,2026-08-06
SC22C_HUMAN,Q9BRL7,Q9BRL7,active,non_surface,no,agrees,Q9BRL7,2026-08-06
SC24A_HUMAN,O95486,O95486,active,non_surface,no,agrees,O95486,2026-08-06
SC2B2_HUMAN,Q4G0G5,Q4G0G5,active,unclassified,no,agrees,Q4G0G5,2026-08-06
SC5A1_HUMAN,P13866,P13866,active,surface,no,agrees,P13866,2026-08-06
SC5A2_HUMAN,P31639,P31639,active,surface,no,agrees,P31639,2026-08-06
SC5A3_HUMAN,P53794,P53794,active,surface,no,agrees,P53794,2026-08-06
SC5A4_HUMAN,Q9NY91,Q9NY91,active,surface,no,agrees,Q9NY91,2026-08-06
SC5A5_HUMAN,Q92911,Q92911,active,surface,no,agrees,Q92911,2026-08-06
SC5A6_HUMAN,Q9Y289,Q9Y289,active,surface,no,agrees,Q9Y289,2026-08-06
SC5A7_HUMAN,Q9GZV3,Q9GZV3,active,surface,no,agrees,Q9GZV3,2026-08-06
SC5A8_HUMAN,Q8N695,Q8N695,active,surface,no,agrees,Q8N695,2026-08-06
SC5A9_HUMAN,Q2M3M2,Q2M3M2,active,surface,no,agrees,Q2M3M2,2026-08-06
SC5AA_HUMAN,A0PJK1,A0PJK1,active,surface,no,agrees,A0PJK1,2026-08-06
SC5AB_HUMAN,Q8WWX8,Q8WWX8,active,surface,no,agrees,Q8WWX8,2026-08-06
SC5AC_HUMAN,Q1EHB4,Q1EHB4,active,surface,no,agrees,Q1EHB4,2026-08-06
SC5D_HUMAN,O75845,O75845,active,non_surface,no,agrees,O75845,2026-08-06
SC61B_HUMAN,P60468,P60468,active,non_surface,no,agrees,P60468,2026-08-06
SC61G_HUMAN,P60059,P60059,active,non_surface,no,agrees,P60059,2026-08-06
SC65_HUMAN,Q92791,Q92791,active,unclassified,no,agrees,Q92791,2026-08-06
SC6A1_HUMAN,P30531,P30531,active,surface,no,agrees,P30531,2026-08-06
SC6A2_HUMAN,P23975,P23975,active,surface,no,agrees,P23975,2026-08-06
SC6A3_HUMAN,Q01959,Q01959,active,surface,no,agrees,Q01959,2026-08-06
SC6A4_HUMAN,P31645,P31645,active,surface,no,agrees,P31645,2026-08-06
SC6A5_HUMAN,Q9Y345,Q9Y345,active,surface,no,agrees,Q9Y345,2026-08-06
SC6A6_HUMAN,P31641,P31641,active,surface,no,agrees,P31641,2026-08-06
SC6A7_HUMAN,Q99884,Q99884,active,surface,no,agrees,Q99884,2026-08-06
SC6A8_HUMAN,P48029,P48029,active,surface,no,agrees,P48029,2026-08-06
SC6A9_HUMAN,P48067,P48067,active,surface,no,agrees,P48067,2026-08-06
SCAI_HUMAN,Q8N9R8,Q8N9R8,active,non_surface,no,agrees,Q8N9R8,2026-08-06
SCAM1_HUMAN,O15126,O15126,active,unclassified,no,agrees,O15126,2026-08-06
SCAM2_HUMAN,O15127,O15127,active,non_surface,no,agrees,O15127,2026-08-06
SCAM3_HUMAN,O14828,O14828,active,non_surface,no,agrees,O14828,2026-08-06
SCAM4_HUMAN,Q969E2,Q969E2,active,non_surface,no,agrees,Q969E2,2026-08-06
SCAM5_HUMAN,Q8TAC9,Q8TAC9,active,unclassified,no,agrees,Q8TAC9,2026-08-06
SCAP_HUMAN,Q12770,Q12770,active,surface,no,agrees,Q12770,2026-08-06
SCAR3_HUMAN,Q6AZY7,Q6AZY7,active,unclassified,no,agrees,Q6AZY7,2026-08-06
SCAR5_HUMAN,Q6ZMJ2,Q6ZMJ2,active,surface,no,agrees,Q6ZMJ2,2026-08-06
SCC4_HUMAN,Q9Y6X3,Q9Y6X3,active,unclassified,no,agrees,Q9Y6X3,2026-08-06
SCD5_HUMAN,Q86SK9,Q86SK9,active,non_surface,no,agrees,Q86SK9,2026-08-06
SCFD1_HUMAN,Q8WVM8,Q8WVM8,active,unclassified,no,agrees,Q8WVM8,2026-08-06
SCF_HUMAN,P21583,P21583,active,surface,no,agrees,P21583,2026-08-06
SCG1_HUMAN,P05060,P05060,active,unclassified,no,agrees,P05060,2026-08-06
SCG2_HUMAN,P13521,P13521,active,unclassified,no,agrees,P13521,2026-08-06
SCG3_HUMAN,Q8WXD2,Q8WXD2,active,unclassified,no,agrees,Q8WXD2,2026-08-06
SCIMP_HUMAN,Q6UWF3,Q6UWF3,active,non_surface,no,agrees,Q6UWF3,2026-08-06
SCMC1_HUMAN,Q6NUK1,Q6NUK1,active,non_surface,no,agrees,Q6NUK1,2026-08-06
SCMC2_HUMAN,Q6KCM7,Q6KCM7,active,non_surface,no,agrees,Q6KCM7,2026-08-06
SCMC3_HUMAN,Q9BV35,Q9BV35,active,non_surface,no,agrees,Q9BV35,2026-08-06
SCN1A_HUMAN,P35498,P35498,active,surface,no,agrees,P35498,2026-08-06
SCN1B_HUMAN,Q07699,Q07699,active,surface,no,agrees,Q07699,2026-08-06
SCN2A_HUMAN,Q99250,Q99250,active,surface,no,agrees,Q99250,2026-08-06
SCN2B_HUMAN,O60939,O60939,active,surface,no,agrees,O60939,2026-08-06
SCN3A_HUMAN,Q9NY46,Q9NY46,active,surface,no,agrees,Q9NY46,2026-08-06
SCN3B_HUMAN,Q9NY72,Q9NY72,active,surface,no,agrees,Q9NY72,2026-08-06
SCN4A_HUMAN,P35499,P35499,active,surface,no,agrees,P35499,2026-08-06
SCN4B_HUMAN,Q8IWT1,Q8IWT1,active,surface,no,agrees,Q8IWT1,2026-08-06
SCN5A_HUMAN,Q14524,Q14524,active,surface,no,agrees,Q14524,2026-08-06
SCN7A_HUMAN,Q01118,Q01118,active,surface,no,agrees,Q01118,2026-08-06
SCN8A_HUMAN,Q9UQD0,Q9UQD0,active,surface,no,agrees,Q9UQD0,2026-08-06
SCN9A_HUMAN,Q15858,Q15858,active,surface,no,agrees,Q15858,2026-08-06
SCNAA_HUMAN,Q9Y5Y9,Q9Y5Y9,active,surface,no,agrees,Q9Y5Y9,2026-08-06
SCNBA_HUMAN,Q9UI33,Q9UI33,active,surface,no,agrees,Q9UI33,2026-08-06
SCNNA_HUMAN,P37088,P37088,active,surface,no,agrees,P37088,2026-08-06
SCNNB_HUMAN,P51168,P51168,active,surface,no,agrees,P51168,2026-08-06
SCNND_HUMAN,P51172,P51172,active,surface,no,agrees,P51172,2026-08-06
SCNNG_HUMAN,P51170,P51170,active,surface,no,agrees,P51170,2026-08-06
SCO1_HUMAN,O75880,O75880,active,non_surface,no,agrees,O75880,2026-08-06
SCO2_HUMAN,O43819,O43819,active,non_surface,no,agrees,O43819,2026-08-06
SCOT1_HUMAN,P55809,P55809,active,unclassified,no,agrees,P55809,2026-08-06
SCOT2_HUMAN,Q9BYC2,Q9BYC2,active,unclassified,no,agrees,Q9BYC2,2026-08-06
SCPDL_HUMAN,Q8NBX0,Q8NBX0,active,non_surface,no,agrees,Q8NBX0,2026-08-06
SCRB1_HUMAN,Q8WTV0,Q8WTV0,active,surface,no,agrees,Q8WTV0,2026-08-06
SCRB2_HUMAN,Q14108,Q14108,active,surface,no,agrees,Q14108,2026-08-06
SCRG1_HUMAN,O75711,O75711,active,unclassified,no,agrees,O75711,2026-08-06
SCTM1_HUMAN,Q8WVN6,Q8WVN6,active,surface,no,agrees,Q8WVN6,2026-08-06
SCTR_HUMAN,P47872,P47872,active,surface,no,agrees,P47872,2026-08-06
SCUB1_HUMAN,Q8IWY4,Q8IWY4,active,unclassified,no,agrees,Q8IWY4,2026-08-06
SCUB2_HUMAN,Q9NQ36,Q9NQ36,active,unclassified,no,agrees,Q9NQ36,2026-08-06
SCUB3_HUMAN,Q8IX30,Q8IX30,active,unclassified,no,agrees,Q8IX30,2026-08-06
SDA1_HUMAN,Q9NVU7,Q9NVU7,active,non_surface,no,agrees,Q9NVU7,2026-08-06
SDC1_HUMAN,P18827,P18827,active,surface,no,agrees,P18827,2026-08-06
SDC2_HUMAN,P34741,P34741,active,surface,no,agrees,P34741,2026-08-06
SDC3_HUMAN,O75056,O75056,active,non_surface,no,agrees,O75056,2026-08-06
SDC4_HUMAN,P31431,P31431,active,unclassified,no,agrees,P31431,2026-08-06
SDCB1_HUMAN,O00560,O00560,active,non_surface,no,agrees,O00560,2026-08-06
SDF1_HUMAN,P48061,P48061,active,unclassified,no,agrees,P48061,2026-08-06
SDF2L_HUMAN,Q9HCN8,Q9HCN8,active,unclassified,no,agrees,Q9HCN8,2026-08-06
SDF2_HUMAN,Q99470,Q99470,active,unclassified,no,agrees,Q99470,2026-08-06
SDHB_HUMAN,P21912,P21912,active,unclassified,no,agrees,P21912,2026-08-06
SDHF2_HUMAN,Q9NX18,Q9NX18,active,unclassified,no,agrees,Q9NX18,2026-08-06
SDHF4_HUMAN,Q5VUM1,Q5VUM1,active,unclassified,no,agrees,Q5VUM1,2026-08-06
SDIM1_HUMAN,Q6ZPB5,Q6ZPB5,active,non_surface,no,agrees,Q6ZPB5,2026-08-06
SDK1_HUMAN,Q7Z5N4,Q7Z5N4,active,surface,no,agrees,Q7Z5N4,2026-08-06
SDK2_HUMAN,Q58EX2,Q58EX2,active,surface,no,agrees,Q58EX2,2026-08-06
SDS3_HUMAN,Q9H7L9,Q9H7L9,active,unclassified,no,agrees,Q9H7L9,2026-08-06
SE1L1_HUMAN,Q9UBV2,Q9UBV2,active,unclassified,no,agrees,Q9UBV2,2026-08-06
SE1L2_HUMAN,Q5TEA6,Q5TEA6,active,unclassified,no,agrees,Q5TEA6,2026-08-06
SE1L3_HUMAN,Q68CR1,Q68CR1,active,non_surface,no,agrees,Q68CR1,2026-08-06
SE6L1_HUMAN,Q9BYH1,Q9BYH1,active,non_surface,no,agrees,Q9BYH1,2026-08-06
SE6L2_HUMAN,Q6UXD5,Q6UXD5,active,surface,no,agrees,Q6UXD5,2026-08-06
SEC20_HUMAN,Q12981,Q12981,active,non_surface,no,agrees,Q12981,2026-08-06
SEC62_HUMAN,Q99442,Q99442,active,non_surface,no,agrees,Q99442,2026-08-06
SEC63_HUMAN,Q9UGP8,Q9UGP8,active,non_surface,no,agrees,Q9UGP8,2026-08-06
SECR_HUMAN,P09683,P09683,active,unclassified,no,agrees,P09683,2026-08-06
SELK_HUMAN,Q9Y6D0,Q9Y6D0,active,non_surface,no,agrees,Q9Y6D0,2026-08-06
SELM_HUMAN,Q8WWX9,Q8WWX9,active,unclassified,no,agrees,Q8WWX9,2026-08-06
SELN_HUMAN,Q9NZV5,Q9NZV5,active,unclassified,no,agrees,Q9NZV5,2026-08-06
SELO_HUMAN,Q9BVL4,Q9BVL4,active,unclassified,no,agrees,Q9BVL4,2026-08-06
SELPL_HUMAN,Q14242,Q14242,active,surface,no,agrees,Q14242,2026-08-06
SELS_HUMAN,Q9BQE4,Q9BQE4,active,non_surface,no,agrees,Q9BQE4,2026-08-06
SELT_HUMAN,P62341,P62341,active,unclassified,no,agrees,P62341,2026-08-06
SEM3A_HUMAN,Q14563,Q14563,active,unclassified,no,agrees,Q14563,2026-08-06
SEM3B_HUMAN,Q13214,Q13214,active,unclassified,no,agrees,Q13214,2026-08-06
SEM3C_HUMAN,Q99985,Q99985,active,unclassified,no,agrees,Q99985,2026-08-06
SEM3D_HUMAN,O95025,O95025,active,unclassified,no,agrees,O95025,2026-08-06
SEM3E_HUMAN,O15041,O15041,active,unclassified,no,agrees,O15041,2026-08-06
SEM3F_HUMAN,Q13275,Q13275,active,unclassified,no,agrees,Q13275,2026-08-06
SEM3G_HUMAN,Q9NS98,Q9NS98,active,unclassified,no,agrees,Q9NS98,2026-08-06
SEM4A_HUMAN,Q9H3S1,Q9H3S1,active,surface,no,agrees,Q9H3S1,2026-08-06
SEM4B_HUMAN,Q9NPR2,Q9NPR2,active,surface,no,agrees,Q9NPR2,2026-08-06
SEM4C_HUMAN,Q9C0C4,Q9C0C4,active,surface,no,agrees,Q9C0C4,2026-08-06
SEM4D_HUMAN,Q92854,Q92854,active,surface,no,agrees,Q92854,2026-08-06
SEM4F_HUMAN,O95754,O95754,active,surface,no,agrees,O95754,2026-08-06
SEM4G_HUMAN,Q9NTN9,Q9NTN9,active,surface,no,agrees,Q9NTN9,2026-08-06
SEM5A_HUMAN,Q13591,Q13591,active,surface,no,agrees,Q13591,2026-08-06
SEM5B_HUMAN,Q9P283,Q9P283,active,surface,no,agrees,Q9P283,2026-08-06
SEM6A_HUMAN,Q9H2E6,Q9H2E6,active,surface,no,agrees,Q9H2E6,2026-08-06
SEM6B_HUMAN,Q9H3T3,Q9H3T3,active,surface,no,agrees,Q9H3T3,2026-08-06
SEM6C_HUMAN,Q9H3T2,Q9H3T2,active,surface,no,agrees,Q9H3T2,2026-08-06
SEM6D_HUMAN,Q8NFY4,Q8NFY4,active,surface,no,agrees,Q8NFY4,2026-08-06
SEM7A_HUMAN,O75326,O75326,active,surface,no,agrees,O75326,2026-08-06
SEMG1_HUMAN,P04279,P04279,active,unclassified,no,agrees,P04279,2026-08-06
SEMG2_HUMAN,Q02383,Q02383,active,unclassified,no,agrees,Q02383,2026-08-06
SEP15_HUMAN,O60613,O60613,active,unclassified,no,agrees,O60613,2026-08-06
SEPP1_HUMAN,P49908,P49908,active,unclassified,no,agrees,P49908,2026-08-06
SEPR_HUMAN,Q12884,Q12884,active,surface,no,agrees,Q12884,2026-08-06
SERC1_HUMAN,Q9NRX5,Q9NRX5,active,surface,no,agrees,Q9NRX5,2026-08-06
SERC2_HUMAN,Q96SA4,Q96SA4,active,surface,no,agrees,Q96SA4,2026-08-06
SERC3_HUMAN,Q13530,Q13530,active,surface,no,agrees,Q13530,2026-08-06
SERC4_HUMAN,A6NH21,A6NH21,active,surface,no,agrees,A6NH21,2026-08-06
SERC5_HUMAN,Q86VE9,Q86VE9,active,surface,no,agrees,Q86VE9,2026-08-06
SERF1_HUMAN,O75920,O75920,active,non_surface,no,agrees,O75920,2026-08-06
SERP1_HUMAN,Q9Y6X1,Q9Y6X1,active,non_surface,no,agrees,Q9Y6X1,2026-08-06
SERP2_HUMAN,Q8N6R1,Q8N6R1,active,non_surface,no,agrees,Q8N6R1,2026-08-06
SERP3_HUMAN,A8MV23,A8MV23,active,unclassified,no,agrees,A8MV23,2026-08-06
SERPH_HUMAN,P50454,P50454,active,unclassified,no,agrees,P50454,2026-08-06
SETD8_HUMAN,Q9NQR1,Q9NQR1,active,unclassified,no,agrees,Q9NQR1,2026-08-06
SEZ6_HUMAN,Q53EL9,Q53EL9,active,surface,no,agrees,Q53EL9,2026-08-06
SF3B1_HUMAN,O75533,O75533,active,non_surface,no,agrees,O75533,2026-08-06
SFI1_HUMAN,A8K8P3,A8K8P3,active,non_surface,no,agrees,A8K8P3,2026-08-06
SFPA2_HUMAN,Q8IWL1,Q8IWL1,active,unclassified,no,agrees,Q8IWL1,2026-08-06
SFRP1_HUMAN,Q8N474,Q8N474,active,unclassified,no,agrees,Q8N474,2026-08-06
SFRP2_HUMAN,Q96HF1,Q96HF1,active,unclassified,no,agrees,Q96HF1,2026-08-06
SFRP3_HUMAN,Q92765,Q92765,active,unclassified,no,agrees,Q92765,2026-08-06
SFRP4_HUMAN,Q6FHJ7,Q6FHJ7,active,unclassified,no,agrees,Q6FHJ7,2026-08-06
SFRP5_HUMAN,Q5T4F7,Q5T4F7,active,unclassified,no,agrees,Q5T4F7,2026-08-06
SFT2A_HUMAN,Q8WV19,Q8WV19,active,non_surface,no,agrees,Q8WV19,2026-08-06
SFT2B_HUMAN,O95562,O95562,active,non_surface,no,agrees,O95562,2026-08-06
SFT2C_HUMAN,Q587I9,Q587I9,active,non_surface,no,agrees,Q587I9,2026-08-06
SFTA1_HUMAN,Q8IWL2,Q8IWL2,active,unclassified,no,agrees,Q8IWL2,2026-08-06
SFTA2_HUMAN,Q6UW10,Q6UW10,active,unclassified,no,agrees,Q6UW10,2026-08-06
SFTPD_HUMAN,P35247,P35247,active,unclassified,no,agrees,P35247,2026-08-06
SFXN1_HUMAN,Q9H9B4,Q9H9B4,active,non_surface,no,agrees,Q9H9B4,2026-08-06
SFXN2_HUMAN,Q96NB2,Q96NB2,active,non_surface,no,agrees,Q96NB2,2026-08-06
SFXN3_HUMAN,Q9BWM7,Q9BWM7,active,non_surface,no,agrees,Q9BWM7,2026-08-06
SFXN4_HUMAN,Q6P4A7,Q6P4A7,active,non_surface,no,agrees,Q6P4A7,2026-08-06
SFXN5_HUMAN,Q8TD22,Q8TD22,active,non_surface,no,agrees,Q8TD22,2026-08-06
SG11A_HUMAN,Q6PDA7,Q6PDA7,active,unclassified,no,agrees,Q6PDA7,2026-08-06
SG11B_HUMAN,Q08648,Q08648,active,unclassified,no,agrees,Q08648,2026-08-06
SG196_HUMAN,Q9H5K3,Q9H5K3,active,non_surface,no,agrees,Q9H5K3,2026-08-06
SG1C1_HUMAN,Q8TD33,Q8TD33,active,unclassified,no,agrees,Q8TD33,2026-08-06
SG1C2_HUMAN,P0DMR2,P0DMR2,active,unclassified,no,agrees,P0DMR2,2026-08-06
SG1D1_HUMAN,O95968,O95968,active,unclassified,no,agrees,O95968,2026-08-06
SG1D2_HUMAN,O95969,O95969,active,unclassified,no,agrees,O95969,2026-08-06
SG1D4_HUMAN,Q6XE38,Q6XE38,active,unclassified,no,agrees,Q6XE38,2026-08-06
SG2A1_HUMAN,O75556,O75556,active,unclassified,no,agrees,O75556,2026-08-06
SG2A2_HUMAN,Q13296,Q13296,active,unclassified,no,agrees,Q13296,2026-08-06
SG3A1_HUMAN,Q96QR1,Q96QR1,active,unclassified,no,agrees,Q96QR1,2026-08-06
SG3A2_HUMAN,Q96PL1,Q96PL1,active,unclassified,no,agrees,Q96PL1,2026-08-06
SGCA_HUMAN,Q16586,Q16586,active,surface,no,agrees,Q16586,2026-08-06
SGCB_HUMAN,Q16585,Q16585,active,surface,no,agrees,Q16585,2026-08-06
SGCD_HUMAN,Q92629,Q92629,active,surface,no,agrees,Q92629,2026-08-06
SGCE_HUMAN,O43556,O43556,active,surface,no,agrees,O43556,2026-08-06
SGCG_HUMAN,Q13326,Q13326,active,unclassified,no,agrees,Q13326,2026-08-06
SGCZ_HUMAN,Q96LD1,Q96LD1,active,surface,no,agrees,Q96LD1,2026-08-06
SGMR1_HUMAN,Q99720,Q99720,active,non_surface,no,agrees,Q99720,2026-08-06
SGPL1_HUMAN,O95470,O95470,active,non_surface,no,agrees,O95470,2026-08-06
SGPP1_HUMAN,Q9BX95,Q9BX95,active,non_surface,no,agrees,Q9BX95,2026-08-06
SGPP2_HUMAN,Q8IWX5,Q8IWX5,active,non_surface,no,agrees,Q8IWX5,2026-08-06
SH21B_HUMAN,O14796,O14796,active,non_surface,no,agrees,O14796,2026-08-06
SH3R3_HUMAN,Q8TEJ3,Q8TEJ3,active,unclassified,no,agrees,Q8TEJ3,2026-08-06
SHBG_HUMAN,P04278,P04278,active,unclassified,no,agrees,P04278,2026-08-06
SHC4_HUMAN,Q6S5L8,Q6S5L8,active,unclassified,no,agrees,Q6S5L8,2026-08-06
SHH_HUMAN,Q15465,Q15465,active,unclassified,no,agrees,Q15465,2026-08-06
SHPS1_HUMAN,P78324,P78324,active,surface,no,agrees,P78324,2026-08-06
SHSA2_HUMAN,Q6UWI4,Q6UWI4,active,non_surface,no,agrees,Q6UWI4,2026-08-06
SHSA3_HUMAN,A0PJX4,A0PJX4,active,non_surface,no,agrees,A0PJX4,2026-08-06
SHSA4_HUMAN,Q96DD7,Q96DD7,active,surface,no,agrees,Q96DD7,2026-08-06
SHSA5_HUMAN,Q8N114,Q8N114,active,non_surface,no,agrees,Q8N114,2026-08-06
SHSA6_HUMAN,Q6ZSJ9,Q6ZSJ9,active,surface,no,agrees,Q6ZSJ9,2026-08-06
SHSA7_HUMAN,A6NL88,A6NL88,active,surface,no,agrees,A6NL88,2026-08-06
SHSA8_HUMAN,B8ZZ34,B8ZZ34,active,surface,no,agrees,B8ZZ34,2026-08-06
SHSA9_HUMAN,B4DS77,B4DS77,active,surface,no,agrees,B4DS77,2026-08-06
SI11L_HUMAN,Q5T5W8,Q5T5W8,inactive,non_surface,no,agrees,Q5T5W8,2026-08-06
SIA10_HUMAN,Q9Y274,Q9Y274,active,non_surface,no,agrees,Q9Y274,2026-08-06
SIA4A_HUMAN,Q11201,Q11201,active,non_surface,no,agrees,Q11201,2026-08-06
SIA4B_HUMAN,Q16842,Q16842,active,non_surface,no,agrees,Q16842,2026-08-06
SIA4C_HUMAN,Q11206,Q11206,active,non_surface,no,agrees,Q11206,2026-08-06
SIA7A_HUMAN,Q9NSC7,Q9NSC7,active,non_surface,no,agrees,Q9NSC7,2026-08-06
SIA7B_HUMAN,Q9UJ37,Q9UJ37,active,non_surface,no,agrees,Q9UJ37,2026-08-06
SIA7C_HUMAN,Q8NDV1,Q8NDV1,active,non_surface,no,agrees,Q8NDV1,2026-08-06
SIA7D_HUMAN,Q9H4F1,Q9H4F1,active,non_surface,no,agrees,Q9H4F1,2026-08-06
SIA7E_HUMAN,Q9BVH7,Q9BVH7,active,non_surface,no,agrees,Q9BVH7,2026-08-06
SIA7F_HUMAN,Q969X2,Q969X2,active,non_surface,no,agrees,Q969X2,2026-08-06
SIA8A_HUMAN,Q92185,Q92185,active,non_surface,no,agrees,Q92185,2026-08-06
SIA8B_HUMAN,Q92186,Q92186,active,non_surface,no,agrees,Q92186,2026-08-06
SIA8C_HUMAN,O43173,O43173,active,non_surface,no,agrees,O43173,2026-08-06
SIA8D_HUMAN,Q92187,Q92187,active,non_surface,no,agrees,Q92187,2026-08-06
SIA8E_HUMAN,O15466,O15466,active,non_surface,no,agrees,O15466,2026-08-06
SIA8F_HUMAN,P61647,P61647,active,non_surface,no,agrees,P61647,2026-08-06
SIAE_HUMAN,Q9HAT2,Q9HAT2,active,unclassified,no,agrees,Q9HAT2,2026-08-06
SIAL_HUMAN,P21815,P21815,active,unclassified,no,agrees,P21815,2026-08-06
SIAT1_HUMAN,P15907,P15907,active,non_surface,no,agrees,P15907,2026-08-06
SIAT2_HUMAN,Q96JF0,Q96JF0,active,non_surface,no,agrees,Q96JF0,2026-08-06
SIAT6_HUMAN,Q11203,Q11203,active,non_surface,no,agrees,Q11203,2026-08-06
SIAT9_HUMAN,Q9UNP4,Q9UNP4,active,unclassified,no,agrees,Q9UNP4,2026-08-06
SIDT1_HUMAN,Q9NXL6,Q9NXL6,active,surface,no,agrees,Q9NXL6,2026-08-06
SIDT2_HUMAN,Q8NBJ9,Q8NBJ9,active,surface,no,agrees,Q8NBJ9,2026-08-06
SIG10_HUMAN,Q96LC7,Q96LC7,active,surface,no,agrees,Q96LC7,2026-08-06
SIG11_HUMAN,Q96RL6,Q96RL6,active,surface,no,agrees,Q96RL6,2026-08-06
SIG12_HUMAN,Q96PQ1,Q96PQ1,active,surface,no,agrees,Q96PQ1,2026-08-06
SIG14_HUMAN,Q08ET2,Q08ET2,active,surface,no,agrees,Q08ET2,2026-08-06
SIG15_HUMAN,Q6ZMC9,Q6ZMC9,active,surface,no,agrees,Q6ZMC9,2026-08-06
SIG16_HUMAN,A6NMB1,A6NMB1,active,surface,no,agrees,A6NMB1,2026-08-06
SIGIR_HUMAN,Q6IA17,Q6IA17,active,surface,no,agrees,Q6IA17,2026-08-06
SIGL1_HUMAN,Q8N7X8,Q8N7X8,active,surface,no,agrees,Q8N7X8,2026-08-06
SIGL5_HUMAN,O15389,O15389,active,surface,no,agrees,O15389,2026-08-06
SIGL6_HUMAN,O43699,O43699,active,surface,no,agrees,O43699,2026-08-06
SIGL7_HUMAN,Q9Y286,Q9Y286,active,surface,no,agrees,Q9Y286,2026-08-06
SIGL8_HUMAN,Q9NYZ4,Q9NYZ4,active,surface,no,agrees,Q9NYZ4,2026-08-06
SIGL9_HUMAN,Q9Y336,Q9Y336,active,surface,no,agrees,Q9Y336,2026-08-06
SIL1_HUMAN,Q9H173,Q9H173,active,unclassified,no,agrees,Q9H173,2026-08-06
SIM10_HUMAN,Q96HG1,Q96HG1,active,non_surface,no,agrees,Q96HG1,2026-08-06
SIM11_HUMAN,P58511,P58511,active,non_surface,no,agrees,P58511,2026-08-06
SIM12_HUMAN,Q96EX1,Q96EX1,active,non_surface,no,agrees,Q96EX1,2026-08-06
SIM13_HUMAN,P0DJ93,P0DJ93,active,non_surface,no,agrees,P0DJ93,2026-08-06
SIM14_HUMAN,Q96QK8,Q96QK8,active,non_surface,no,agrees,Q96QK8,2026-08-06
SIM15_HUMAN,Q7Z3B0,Q7Z3B0,active,non_surface,no,agrees,Q7Z3B0,2026-08-06
SIM16_HUMAN,A6NCI5,A6NCI5,active,non_surface,no,agrees,A6NCI5,2026-08-06
SIM17_HUMAN,P0DL12,P0DL12,active,non_surface,no,agrees,P0DL12,2026-08-06
SIM18_HUMAN,P0DKX4,P0DKX4,active,unclassified,no,agrees,P0DKX4,2026-08-06
SIM22_HUMAN,K7EJ46,K7EJ46,active,non_surface,no,agrees,K7EJ46,2026-08-06
SIM23_HUMAN,A6NLE4,A6NLE4,active,non_surface,no,agrees,A6NLE4,2026-08-06
SIM24_HUMAN,O75264,O75264,active,non_surface,no,agrees,O75264,2026-08-06
SIR4_HUMAN,Q9Y6E7,Q9Y6E7,active,unclassified,no,agrees,Q9Y6E7,2026-08-06
SIRB1_HUMAN,O00241,O00241,active,surface,no,agrees,O00241,2026-08-06
SIRB2_HUMAN,Q5JXA9,Q5JXA9,active,surface,no,agrees,Q5JXA9,2026-08-06
SIRBL_HUMAN,Q5TFQ8,Q5TFQ8,active,surface,no,agrees,Q5TFQ8,2026-08-06
SIRPD_HUMAN,Q9H106,Q9H106,active,unclassified,no,agrees,Q9H106,2026-08-06
SIRPG_HUMAN,Q9P1W8,Q9P1W8,active,surface,no,agrees,Q9P1W8,2026-08-06
SIT1_HUMAN,Q9Y3P8,Q9Y3P8,active,surface,no,agrees,Q9Y3P8,2026-08-06
SKIT1_HUMAN,A8MVG2,A8MVG2,inactive,non_surface,no,agrees,A8MVG2,2026-08-06
SL9A1_HUMAN,P19634,P19634,active,surface,no,agrees,P19634,2026-08-06
SL9A2_HUMAN,Q9UBY0,Q9UBY0,active,surface,no,agrees,Q9UBY0,2026-08-06
SL9A3_HUMAN,P48764,P48764,active,surface,no,agrees,P48764,2026-08-06
SL9A4_HUMAN,Q6AI14,Q6AI14,active,unclassified,no,agrees,Q6AI14,2026-08-06
SL9A5_HUMAN,Q14940,Q14940,active,unclassified,no,agrees,Q14940,2026-08-06
SL9A6_HUMAN,Q92581,Q92581,active,surface,no,agrees,Q92581,2026-08-06
SL9A7_HUMAN,Q96T83,Q96T83,active,surface,no,agrees,Q96T83,2026-08-06
SL9A8_HUMAN,Q9Y2E8,Q9Y2E8,active,non_surface,no,agrees,Q9Y2E8,2026-08-06
SL9A9_HUMAN,Q8IVB4,Q8IVB4,active,unclassified,no,agrees,Q8IVB4,2026-08-06
SL9B1_HUMAN,Q4ZJI4,Q4ZJI4,active,non_surface,no,agrees,Q4ZJI4,2026-08-06
SL9B2_HUMAN,Q86UD5,Q86UD5,active,non_surface,no,agrees,Q86UD5,2026-08-06
SL9C1_HUMAN,Q4G0N8,Q4G0N8,active,unclassified,no,agrees,Q4G0N8,2026-08-06
SL9C2_HUMAN,Q5TAH2,Q5TAH2,active,non_surface,no,agrees,Q5TAH2,2026-08-06
SL9P1_HUMAN,A6NJY1,A6NJY1,active,non_surface,no,agrees,A6NJY1,2026-08-06
SLAF1_HUMAN,Q13291,Q13291,active,surface,no,agrees,Q13291,2026-08-06
SLAF5_HUMAN,Q9UIB8,Q9UIB8,active,surface,no,agrees,Q9UIB8,2026-08-06
SLAF6_HUMAN,Q96DU3,Q96DU3,active,surface,no,agrees,Q96DU3,2026-08-06
SLAF7_HUMAN,Q9NQ25,Q9NQ25,active,surface,no,agrees,Q9NQ25,2026-08-06
SLAF8_HUMAN,Q9P0V8,Q9P0V8,active,surface,no,agrees,Q9P0V8,2026-08-06
SLAF9_HUMAN,Q96A28,Q96A28,active,surface,no,agrees,Q96A28,2026-08-06
SLC31_HUMAN,Q07837,Q07837,active,surface,no,agrees,Q07837,2026-08-06
SLIB_HUMAN,P01286,P01286,active,unclassified,no,agrees,P01286,2026-08-06
SLIK1_HUMAN,Q96PX8,Q96PX8,active,surface,no,agrees,Q96PX8,2026-08-06
SLIK2_HUMAN,Q9H156,Q9H156,active,surface,no,agrees,Q9H156,2026-08-06
SLIK3_HUMAN,O94933,O94933,active,surface,no,agrees,O94933,2026-08-06
SLIK4_HUMAN,Q8IW52,Q8IW52,active,surface,no,agrees,Q8IW52,2026-08-06
SLIK5_HUMAN,O94991,O94991,active,surface,no,agrees,O94991,2026-08-06
SLIK6_HUMAN,Q9H5Y7,Q9H5Y7,active,surface,no,agrees,Q9H5Y7,2026-08-06
SLIT1_HUMAN,O75093,O75093,active,unclassified,no,agrees,O75093,2026-08-06
SLIT2_HUMAN,O94813,O94813,active,unclassified,no,agrees,O94813,2026-08-06
SLIT3_HUMAN,O75094,O75094,active,unclassified,no,agrees,O75094,2026-08-06
SLMAP_HUMAN,Q14BN4,Q14BN4,active,non_surface,no,agrees,Q14BN4,2026-08-06
SLPI_HUMAN,P03973,P03973,active,unclassified,no,agrees,P03973,2026-08-06
SLTM_HUMAN,Q9NWH9,Q9NWH9,active,unclassified,no,agrees,Q9NWH9,2026-08-06
SLUR1_HUMAN,P55000,P55000,active,unclassified,no,agrees,P55000,2026-08-06
SMAGP_HUMAN,Q0VAQ4,Q0VAQ4,active,non_surface,no,agrees,Q0VAQ4,2026-08-06
SMCO2_HUMAN,A6NFE2,A6NFE2,active,non_surface,no,agrees,A6NFE2,2026-08-06
SMCO4_HUMAN,Q9NRQ5,Q9NRQ5,active,non_surface,no,agrees,Q9NRQ5,2026-08-06
SMDC1_HUMAN,Q9NPB0,Q9NPB0,active,unclassified,no,agrees,Q9NPB0,2026-08-06
SMG5_HUMAN,Q9UPR3,Q9UPR3,active,non_surface,no,agrees,Q9UPR3,2026-08-06
SMI19_HUMAN,Q96E16,Q96E16,active,non_surface,no,agrees,Q96E16,2026-08-06
SMI20_HUMAN,Q8N5G0,Q8N5G0,active,non_surface,no,agrees,Q8N5G0,2026-08-06
SMI21_HUMAN,Q3B7S5,Q3B7S5,active,non_surface,no,agrees,Q3B7S5,2026-08-06
SMIM1_HUMAN,B2RUZ4,B2RUZ4,active,non_surface,no,agrees,B2RUZ4,2026-08-06
SMIM2_HUMAN,Q9BVW6,Q9BVW6,active,non_surface,no,agrees,Q9BVW6,2026-08-06
SMIM3_HUMAN,Q9BZL3,Q9BZL3,active,non_surface,no,agrees,Q9BZL3,2026-08-06
SMIM4_HUMAN,Q8WVI0,Q8WVI0,active,non_surface,no,agrees,Q8WVI0,2026-08-06
SMIM5_HUMAN,Q71RC9,Q71RC9,active,non_surface,no,agrees,Q71RC9,2026-08-06
SMIM6_HUMAN,P0DI80,P0DI80,active,non_surface,no,agrees,P0DI80,2026-08-06
SMIM7_HUMAN,Q9BQ49,Q9BQ49,active,non_surface,no,agrees,Q9BQ49,2026-08-06
SMIM8_HUMAN,Q96KF7,Q96KF7,active,non_surface,no,agrees,Q96KF7,2026-08-06
SMIM9_HUMAN,A6NGZ8,A6NGZ8,active,unclassified,no,agrees,A6NGZ8,2026-08-06
SMLR1_HUMAN,H3BR10,H3BR10,active,non_surface,no,agrees,H3BR10,2026-08-06
SMOC1_HUMAN,Q9H4F8,Q9H4F8,active,unclassified,no,agrees,Q9H4F8,2026-08-06
SMOC2_HUMAN,Q9H3U7,Q9H3U7,active,unclassified,no,agrees,Q9H3U7,2026-08-06
SMOX_HUMAN,Q9NWM0,Q9NWM0,active,non_surface,no,agrees,Q9NWM0,2026-08-06
SMO_HUMAN,Q99835,Q99835,active,surface,no,agrees,Q99835,2026-08-06
SMR3A_HUMAN,Q99954,Q99954,active,unclassified,no,agrees,Q99954,2026-08-06
SMR3B_HUMAN,P02814,P02814,active,unclassified,no,agrees,P02814,2026-08-06
SMS1_HUMAN,Q86VZ5,Q86VZ5,active,non_surface,no,agrees,Q86VZ5,2026-08-06
SMS2_HUMAN,Q8NHU3,Q8NHU3,active,non_surface,no,agrees,Q8NHU3,2026-08-06
SMS_HUMAN,P61278,P61278,active,unclassified,no,agrees,P61278,2026-08-06
SMYD4_HUMAN,Q8IYR2,Q8IYR2,active,unclassified,no,agrees,Q8IYR2,2026-08-06
SN12L_HUMAN,Q6IEE8,Q6IEE8,active,non_surface,no,agrees,Q6IEE8,2026-08-06
SNED1_HUMAN,Q8TER0,Q8TER0,active,unclassified,no,agrees,Q8TER0,2026-08-06
SNG1_HUMAN,O43759,O43759,active,unclassified,no,agrees,O43759,2026-08-06
SNG2L_HUMAN,A8MWL6,A8MWL6,active,unclassified,no,agrees,A8MWL6,2026-08-06
SNG2_HUMAN,O43760,O43760,active,unclassified,no,agrees,O43760,2026-08-06
SNG3_HUMAN,O43761,O43761,active,unclassified,no,agrees,O43761,2026-08-06
SNG4_HUMAN,O95473,O95473,active,non_surface,no,agrees,O95473,2026-08-06
SNIT1_HUMAN,Q9HBX3,Q9HBX3,active,non_surface,no,agrees,Q9HBX3,2026-08-06
SNN_HUMAN,O75324,O75324,active,non_surface,no,agrees,O75324,2026-08-06
SNPH_HUMAN,O15079,O15079,active,non_surface,no,agrees,O15079,2026-08-06
SNTB1_HUMAN,Q13884,Q13884,active,unclassified,no,agrees,Q13884,2026-08-06
SNTB2_HUMAN,Q13425,Q13425,active,unclassified,no,agrees,Q13425,2026-08-06
SNX13_HUMAN,Q9Y5W8,Q9Y5W8,active,non_surface,no,agrees,Q9Y5W8,2026-08-06
SNX14_HUMAN,Q9Y5W7,Q9Y5W7,active,non_surface,no,agrees,Q9Y5W7,2026-08-06
SNX19_HUMAN,Q92543,Q92543,active,non_surface,no,agrees,Q92543,2026-08-06
SNX1_HUMAN,Q13596,Q13596,active,non_surface,no,agrees,Q13596,2026-08-06
SNX8_HUMAN,Q9Y5X2,Q9Y5X2,active,unclassified,no,agrees,Q9Y5X2,2026-08-06
SN_HUMAN,Q9BZZ2,Q9BZZ2,active,surface,no,agrees,Q9BZZ2,2026-08-06
SO1A2_HUMAN,P46721,P46721,active,surface,no,agrees,P46721,2026-08-06
SO1B1_HUMAN,Q9Y6L6,Q9Y6L6,active,surface,no,agrees,Q9Y6L6,2026-08-06
SO1B3_HUMAN,Q9NPD5,Q9NPD5,active,surface,no,agrees,Q9NPD5,2026-08-06
SO1B7_HUMAN,G3V0H7,G3V0H7,active,surface,no,agrees,G3V0H7,2026-08-06
SO1C1_HUMAN,Q9NYB5,Q9NYB5,active,surface,no,agrees,Q9NYB5,2026-08-06
SO2A1_HUMAN,Q92959,Q92959,active,surface,no,agrees,Q92959,2026-08-06
SO2B1_HUMAN,O94956,O94956,active,surface,no,agrees,O94956,2026-08-06
SO3A1_HUMAN,Q9UIG8,Q9UIG8,active,surface,no,agrees,Q9UIG8,2026-08-06
SO4A1_HUMAN,Q96BD0,Q96BD0,active,surface,no,agrees,Q96BD0,2026-08-06
SO4C1_HUMAN,Q6ZQN7,Q6ZQN7,active,surface,no,agrees,Q6ZQN7,2026-08-06
SO5A1_HUMAN,Q9H2Y9,Q9H2Y9,active,surface,no,agrees,Q9H2Y9,2026-08-06
SO6A1_HUMAN,Q86UG4,Q86UG4,active,surface,no,agrees,Q86UG4,2026-08-06
SOAT1_HUMAN,P35610,P35610,active,non_surface,no,agrees,P35610,2026-08-06
SOAT2_HUMAN,O75908,O75908,active,non_surface,no,agrees,O75908,2026-08-06
SOAT_HUMAN,Q3KNW5,Q3KNW5,active,surface,no,agrees,Q3KNW5,2026-08-06
SODE_HUMAN,P08294,P08294,active,unclassified,no,agrees,P08294,2026-08-06
SOGA3_HUMAN,Q5TF21,Q5TF21,active,unclassified,no,agrees,Q5TF21,2026-08-06
SOM2_HUMAN,P01242,P01242,active,unclassified,no,agrees,P01242,2026-08-06
SOMA_HUMAN,P01241,P01241,active,unclassified,no,agrees,P01241,2026-08-06
SORC1_HUMAN,Q8WY21,Q8WY21,active,surface,no,agrees,Q8WY21,2026-08-06
SORC2_HUMAN,Q96PQ0,Q96PQ0,active,surface,no,agrees,Q96PQ0,2026-08-06
SORC3_HUMAN,Q9UPU3,Q9UPU3,active,surface,no,agrees,Q9UPU3,2026-08-06
SORL_HUMAN,Q92673,Q92673,active,surface,no,agrees,Q92673,2026-08-06
SORT_HUMAN,Q99523,Q99523,active,surface,no,agrees,Q99523,2026-08-06
SOSD1_HUMAN,Q6X4U4,Q6X4U4,active,unclassified,no,agrees,Q6X4U4,2026-08-06
SOST_HUMAN,Q9BQB4,Q9BQB4,active,unclassified,no,agrees,Q9BQB4,2026-08-06
SPA11_HUMAN,Q86U17,Q86U17,active,unclassified,no,agrees,Q86U17,2026-08-06
SPA12_HUMAN,Q8IW75,Q8IW75,active,unclassified,no,agrees,Q8IW75,2026-08-06
SPA13_HUMAN,Q6UXR4,Q6UXR4,active,unclassified,no,agrees,Q6UXR4,2026-08-06
SPA9_HUMAN,Q86WD7,Q86WD7,active,unclassified,no,agrees,Q86WD7,2026-08-06
SPAC7_HUMAN,Q96KW9,Q96KW9,active,unclassified,no,agrees,Q96KW9,2026-08-06
SPAG4_HUMAN,Q9NPE6,Q9NPE6,active,non_surface,no,agrees,Q9NPE6,2026-08-06
SPAST_HUMAN,Q9UBP0,Q9UBP0,active,non_surface,no,agrees,Q9UBP0,2026-08-06
SPAT6_HUMAN,Q9NWH7,Q9NWH7,active,unclassified,no,agrees,Q9NWH7,2026-08-06
SPAT9_HUMAN,Q9BWV2,Q9BWV2,active,non_surface,no,agrees,Q9BWV2,2026-08-06
SPB11_HUMAN,Q96P15,Q96P15,active,non_surface,no,agrees,Q96P15,2026-08-06
SPB3_HUMAN,P29508,P29508,active,non_surface,no,agrees,P29508,2026-08-06
SPB4_HUMAN,P48594,P48594,active,unclassified,no,agrees,P48594,2026-08-06
SPB7_HUMAN,O75635,O75635,active,non_surface,no,agrees,O75635,2026-08-06
SPCS1_HUMAN,Q9Y6A9,Q9Y6A9,active,non_surface,no,agrees,Q9Y6A9,2026-08-06
SPCS2_HUMAN,Q15005,Q15005,active,non_surface,no,agrees,Q15005,2026-08-06
SPCS3_HUMAN,P61009,P61009,active,non_surface,no,agrees,P61009,2026-08-06
SPEM1_HUMAN,Q8N4L4,Q8N4L4,active,non_surface,no,agrees,Q8N4L4,2026-08-06
SPESP_HUMAN,Q6UW49,Q6UW49,active,unclassified,no,agrees,Q6UW49,2026-08-06
SPG7_HUMAN,Q9UQ90,Q9UQ90,active,non_surface,no,agrees,Q9UQ90,2026-08-06
SPHM_HUMAN,P51688,P51688,active,unclassified,no,agrees,P51688,2026-08-06
SPI2_HUMAN,O75830,O75830,active,unclassified,no,agrees,O75830,2026-08-06
SPIT1_HUMAN,O43278,O43278,active,unclassified,no,agrees,O43278,2026-08-06
SPIT2_HUMAN,O43291,O43291,active,surface,no,agrees,O43291,2026-08-06
SPIT3_HUMAN,P49223,P49223,active,unclassified,no,agrees,P49223,2026-08-06
SPIT4_HUMAN,Q6UDR6,Q6UDR6,active,unclassified,no,agrees,Q6UDR6,2026-08-06
SPN90_HUMAN,Q9NZQ3,Q9NZQ3,active,non_surface,no,agrees,Q9NZQ3,2026-08-06
SPNS1_HUMAN,Q9H2V7,Q9H2V7,active,non_surface,no,agrees,Q9H2V7,2026-08-06
SPNS2_HUMAN,Q8IVW8,Q8IVW8,active,surface,no,agrees,Q8IVW8,2026-08-06
SPNS3_HUMAN,Q6ZMD2,Q6ZMD2,active,surface,no,agrees,Q6ZMD2,2026-08-06
SPON1_HUMAN,Q9HCB6,Q9HCB6,active,unclassified,no,agrees,Q9HCB6,2026-08-06
SPON2_HUMAN,Q9BUD6,Q9BUD6,active,unclassified,no,agrees,Q9BUD6,2026-08-06
SPP24_HUMAN,Q13103,Q13103,active,unclassified,no,agrees,Q13103,2026-08-06
SPP2A_HUMAN,Q8TCT8,Q8TCT8,active,surface,no,agrees,Q8TCT8,2026-08-06
SPP2B_HUMAN,Q8TCT7,Q8TCT7,active,surface,no,agrees,Q8TCT7,2026-08-06
SPP2C_HUMAN,Q8IUH8,Q8IUH8,active,surface,no,agrees,Q8IUH8,2026-08-06
SPPL3_HUMAN,Q8TCT6,Q8TCT6,active,non_surface,no,agrees,Q8TCT6,2026-08-06
SPRC_HUMAN,P09486,P09486,active,unclassified,no,agrees,P09486,2026-08-06
SPRE1_HUMAN,Q7Z699,Q7Z699,active,non_surface,no,agrees,Q7Z699,2026-08-06
SPRE2_HUMAN,Q7Z698,Q7Z698,active,non_surface,no,agrees,Q7Z698,2026-08-06
SPRL1_HUMAN,Q14515,Q14515,active,unclassified,no,agrees,Q14515,2026-08-06
SPRN_HUMAN,Q5BIV9,Q5BIV9,active,surface,no,agrees,Q5BIV9,2026-08-06
SPT20_HUMAN,Q8TB22,Q8TB22,active,unclassified,no,agrees,Q8TB22,2026-08-06
SPTC1_HUMAN,O15269,O15269,active,non_surface,no,agrees,O15269,2026-08-06
SPTC2_HUMAN,O15270,O15270,active,non_surface,no,agrees,O15270,2026-08-06
SPTCS_HUMAN,Q96JI7,Q96JI7,active,non_surface,no,agrees,Q96JI7,2026-08-06
SPTSA_HUMAN,Q969W0,Q969W0,active,non_surface,no,agrees,Q969W0,2026-08-06
SPTSB_HUMAN,Q8NFR3,Q8NFR3,active,non_surface,no,agrees,Q8NFR3,2026-08-06
SPX2_HUMAN,Q8TED4,Q8TED4,active,surface,no,agrees,Q8TED4,2026-08-06
SPX3_HUMAN,Q8NCC5,Q8NCC5,active,surface,no,agrees,Q8NCC5,2026-08-06
SPXN_HUMAN,Q9BT56,Q9BT56,active,unclassified,no,agrees,Q9BT56,2026-08-06
SPY1_HUMAN,O43609,O43609,active,non_surface,no,agrees,O43609,2026-08-06
SPY2_HUMAN,O43597,O43597,active,non_surface,no,agrees,O43597,2026-08-06
SPY3_HUMAN,O43610,O43610,active,non_surface,no,agrees,O43610,2026-08-06
SPY4_HUMAN,Q9C004,Q9C004,active,non_surface,no,agrees,Q9C004,2026-08-06
SRB4D_HUMAN,Q8WTU2,Q8WTU2,active,unclassified,no,agrees,Q8WTU2,2026-08-06
SRBP1_HUMAN,P36956,P36956,active,non_surface,no,agrees,P36956,2026-08-06
SRBP2_HUMAN,Q12772,Q12772,active,non_surface,no,agrees,Q12772,2026-08-06
SRCA_HUMAN,Q86TD4,Q86TD4,active,unclassified,no,agrees,Q86TD4,2026-08-06
SRCH_HUMAN,P23327,P23327,active,unclassified,no,agrees,P23327,2026-08-06
SRCRL_HUMAN,A1L4H1,A1L4H1,active,unclassified,no,agrees,A1L4H1,2026-08-06
SRCRM_HUMAN,Q4G0T1,Q4G0T1,active,surface,no,agrees,Q4G0T1,2026-08-06
SREC2_HUMAN,Q96GP6,Q96GP6,active,surface,no,agrees,Q96GP6,2026-08-06
SREC_HUMAN,Q14162,Q14162,active,surface,no,agrees,Q14162,2026-08-06
SRGN_HUMAN,P10124,P10124,active,unclassified,no,agrees,P10124,2026-08-06
SRMS_HUMAN,Q9H3Y6,Q9H3Y6,active,unclassified,no,agrees,Q9H3Y6,2026-08-06
SRPRB_HUMAN,Q9Y5M8,Q9Y5M8,active,non_surface,no,agrees,Q9Y5M8,2026-08-06
SRPX2_HUMAN,O60687,O60687,active,unclassified,no,agrees,O60687,2026-08-06
SRPX_HUMAN,P78539,P78539,active,unclassified,no,agrees,P78539,2026-08-06
SRR1L_HUMAN,Q9UH36,Q9UH36,active,unclassified,no,agrees,Q9UH36,2026-08-06
SRTM1_HUMAN,A2A2V5,A2A2V5,active,unclassified,no,agrees,A2A2V5,2026-08-06
SSAS1_HUMAN,Q7Z2R9,Q7Z2R9,active,unclassified,no,agrees,Q7Z2R9,2026-08-06
SSMM1_HUMAN,Q8WWF3,Q8WWF3,active,non_surface,no,agrees,Q8WWF3,2026-08-06
SSPN_HUMAN,Q14714,Q14714,active,surface,no,agrees,Q14714,2026-08-06
SSPO_HUMAN,A2VEC9,A2VEC9,active,unclassified,no,agrees,A2VEC9,2026-08-06
SSR1_HUMAN,P30872,P30872,active,surface,no,agrees,P30872,2026-08-06
SSR2_HUMAN,P30874,P30874,active,surface,no,agrees,P30874,2026-08-06
SSR3_HUMAN,P32745,P32745,active,surface,no,agrees,P32745,2026-08-06
SSR4_HUMAN,P31391,P31391,active,surface,no,agrees,P31391,2026-08-06
SSR5_HUMAN,P35346,P35346,active,surface,no,agrees,P35346,2026-08-06
SSRA_HUMAN,P43307,P43307,active,surface,no,agrees,P43307,2026-08-06
SSRB_HUMAN,P43308,P43308,active,unclassified,no,agrees,P43308,2026-08-06
SSRD_HUMAN,P51571,P51571,active,non_surface,no,agrees,P51571,2026-08-06
SSRG_HUMAN,Q9UNL2,Q9UNL2,active,non_surface,no,agrees,Q9UNL2,2026-08-06
ST14_HUMAN,Q9Y5Y6,Q9Y5Y6,active,unclassified,no,agrees,Q9Y5Y6,2026-08-06
ST7L_HUMAN,Q8TDW4,Q8TDW4,active,non_surface,no,agrees,Q8TDW4,2026-08-06
ST7_HUMAN,Q9NRC1,Q9NRC1,active,non_surface,no,agrees,Q9NRC1,2026-08-06
STAB1_HUMAN,Q9NY15,Q9NY15,active,surface,no,agrees,Q9NY15,2026-08-06
STAB2_HUMAN,Q8WWQ8,Q8WWQ8,active,surface,no,agrees,Q8WWQ8,2026-08-06
STAR3_HUMAN,Q14849,Q14849,active,non_surface,no,agrees,Q14849,2026-08-06
STAR7_HUMAN,Q9NQZ5,Q9NQZ5,active,unclassified,no,agrees,Q9NQZ5,2026-08-06
STAT_HUMAN,P02808,P02808,active,unclassified,no,agrees,P02808,2026-08-06
STB5L_HUMAN,Q9Y2K9,Q9Y2K9,active,unclassified,no,agrees,Q9Y2K9,2026-08-06
STBD1_HUMAN,O95210,O95210,active,non_surface,no,agrees,O95210,2026-08-06
STC1_HUMAN,P52823,P52823,active,unclassified,no,agrees,P52823,2026-08-06
STC2_HUMAN,O76061,O76061,active,unclassified,no,agrees,O76061,2026-08-06
STEA1_HUMAN,Q9UHE8,Q9UHE8,active,non_surface,no,agrees,Q9UHE8,2026-08-06
STEA2_HUMAN,Q8NFT2,Q8NFT2,active,unclassified,no,agrees,Q8NFT2,2026-08-06
STEA3_HUMAN,Q658P3,Q658P3,active,unclassified,no,agrees,Q658P3,2026-08-06
STEA4_HUMAN,Q687X5,Q687X5,active,surface,no,agrees,Q687X5,2026-08-06
STEAL_HUMAN,Q6NZ63,Q6NZ63,active,non_surface,no,agrees,Q6NZ63,2026-08-06
STIM1_HUMAN,Q13586,Q13586,active,surface,no,agrees,Q13586,2026-08-06
STIM2_HUMAN,Q9P246,Q9P246,active,unclassified,no,agrees,Q9P246,2026-08-06
STING_HUMAN,Q86WV6,Q86WV6,active,non_surface,no,agrees,Q86WV6,2026-08-06
STK40_HUMAN,Q8N2I9,Q8N2I9,active,non_surface,no,agrees,Q8N2I9,2026-08-06
STML1_HUMAN,Q9UBI4,Q9UBI4,active,non_surface,no,agrees,Q9UBI4,2026-08-06
STML2_HUMAN,Q9UJZ1,Q9UJZ1,active,unclassified,no,agrees,Q9UJZ1,2026-08-06
STML3_HUMAN,Q8TAV4,Q8TAV4,active,non_surface,no,agrees,Q8TAV4,2026-08-06
STMN2_HUMAN,Q93045,Q93045,active,unclassified,no,agrees,Q93045,2026-08-06
STMN3_HUMAN,Q9NZ72,Q9NZ72,active,unclassified,no,agrees,Q9NZ72,2026-08-06
STMN4_HUMAN,Q9H169,Q9H169,active,unclassified,no,agrees,Q9H169,2026-08-06
STOM_HUMAN,P27105,P27105,active,unclassified,no,agrees,P27105,2026-08-06
STON2_HUMAN,Q8WXE9,Q8WXE9,active,non_surface,no,agrees,Q8WXE9,2026-08-06
STOX1_HUMAN,Q6ZVD7,Q6ZVD7,active,unclassified,no,agrees,Q6ZVD7,2026-08-06
STRA6_HUMAN,Q9BX79,Q9BX79,active,unclassified,no,agrees,Q9BX79,2026-08-06
STRCL_HUMAN,A6NGW2,A6NGW2,active,unclassified,no,agrees,A6NGW2,2026-08-06
STRC_HUMAN,Q7RTU9,Q7RTU9,active,unclassified,no,agrees,Q7RTU9,2026-08-06
STRN4_HUMAN,Q9NRL3,Q9NRL3,active,unclassified,no,agrees,Q9NRL3,2026-08-06
STS_HUMAN,P08842,P08842,active,surface,no,agrees,P08842,2026-08-06
STT3A_HUMAN,P46977,P46977,active,unclassified,no,agrees,P46977,2026-08-06
STT3B_HUMAN,Q8TCJ2,Q8TCJ2,active,surface,no,agrees,Q8TCJ2,2026-08-06
STUM_HUMAN,Q69YW2,Q69YW2,active,non_surface,no,agrees,Q69YW2,2026-08-06
STX10_HUMAN,O60499,O60499,active,non_surface,no,agrees,O60499,2026-08-06
STX12_HUMAN,Q86Y82,Q86Y82,active,non_surface,no,agrees,Q86Y82,2026-08-06
STX16_HUMAN,O14662,O14662,active,non_surface,no,agrees,O14662,2026-08-06
STX17_HUMAN,P56962,P56962,active,non_surface,no,agrees,P56962,2026-08-06
STX18_HUMAN,Q9P2W9,Q9P2W9,active,non_surface,no,agrees,Q9P2W9,2026-08-06
STX1A_HUMAN,Q16623,Q16623,active,non_surface,no,agrees,Q16623,2026-08-06
STX1B_HUMAN,P61266,P61266,active,non_surface,no,agrees,P61266,2026-08-06
STX2_HUMAN,P32856,P32856,active,non_surface,no,agrees,P32856,2026-08-06
STX3_HUMAN,Q13277,Q13277,active,non_surface,no,agrees,Q13277,2026-08-06
STX4_HUMAN,Q12846,Q12846,active,non_surface,no,agrees,Q12846,2026-08-06
STX5_HUMAN,Q13190,Q13190,active,non_surface,no,agrees,Q13190,2026-08-06
STX6_HUMAN,O43752,O43752,active,non_surface,no,agrees,O43752,2026-08-06
STX7_HUMAN,O15400,O15400,active,non_surface,no,agrees,O15400,2026-08-06
STX8_HUMAN,Q9UNK0,Q9UNK0,active,non_surface,no,agrees,Q9UNK0,2026-08-06
STYK1_HUMAN,Q6J9G0,Q6J9G0,active,non_surface,no,agrees,Q6J9G0,2026-08-06
SUCA_HUMAN,P53597,P53597,active,unclassified,no,agrees,P53597,2026-08-06
SUCO_HUMAN,Q9UBS9,Q9UBS9,active,surface,no,agrees,Q9UBS9,2026-08-06
SUCR1_HUMAN,Q9BXA5,Q9BXA5,active,surface,no,agrees,Q9BXA5,2026-08-06
SUIS_HUMAN,P14410,P14410,active,unclassified,no,agrees,P14410,2026-08-06
SULF1_HUMAN,Q8IWU6,Q8IWU6,active,unclassified,no,agrees,Q8IWU6,2026-08-06
SULF2_HUMAN,Q8IWU5,Q8IWU5,active,unclassified,no,agrees,Q8IWU5,2026-08-06
SUMF1_HUMAN,Q8NBK3,Q8NBK3,active,unclassified,no,agrees,Q8NBK3,2026-08-06
SUMF2_HUMAN,Q8NBJ7,Q8NBJ7,active,unclassified,no,agrees,Q8NBJ7,2026-08-06
SUN1_HUMAN,O94901,O94901,active,non_surface,no,agrees,O94901,2026-08-06
SUN2_HUMAN,Q9UH99,Q9UH99,active,non_surface,no,agrees,Q9UH99,2026-08-06
SUN3_HUMAN,Q8TAQ9,Q8TAQ9,active,non_surface,no,agrees,Q8TAQ9,2026-08-06
SUN5_HUMAN,Q8TC36,Q8TC36,active,non_surface,no,agrees,Q8TC36,2026-08-06
SUOX_HUMAN,P51687,P51687,active,unclassified,no,agrees,P51687,2026-08-06
SUPYN_HUMAN,M5A8F1,M5A8F1,active,unclassified,no,agrees,M5A8F1,2026-08-06
SURF1_HUMAN,Q15526,Q15526,active,non_surface,no,agrees,Q15526,2026-08-06
SURF4_HUMAN,O15260,O15260,active,non_surface,no,agrees,O15260,2026-08-06
SUSD1_HUMAN,Q6UWL2,Q6UWL2,active,surface,no,agrees,Q6UWL2,2026-08-06
SUSD2_HUMAN,Q9UGT4,Q9UGT4,active,surface,no,agrees,Q9UGT4,2026-08-06
SUSD3_HUMAN,Q96L08,Q96L08,active,surface,no,agrees,Q96L08,2026-08-06
SUSD4_HUMAN,Q5VX71,Q5VX71,active,surface,no,agrees,Q5VX71,2026-08-06
SUSD5_HUMAN,O60279,O60279,active,surface,no,agrees,O60279,2026-08-06
SV2A_HUMAN,Q7L0J3,Q7L0J3,active,surface,no,agrees,Q7L0J3,2026-08-06
SV2B_HUMAN,Q7L1I2,Q7L1I2,active,surface,no,agrees,Q7L1I2,2026-08-06
SV2C_HUMAN,Q496J9,Q496J9,active,surface,no,agrees,Q496J9,2026-08-06
SVEP1_HUMAN,Q4LDE5,Q4LDE5,active,unclassified,no,agrees,Q4LDE5,2026-08-06
SVOPL_HUMAN,Q8N434,Q8N434,active,surface,no,agrees,Q8N434,2026-08-06
SVOP_HUMAN,Q8N4V2,Q8N4V2,active,unclassified,no,agrees,Q8N4V2,2026-08-06
SWAHA_HUMAN,Q2M3V2,Q2M3V2,active,unclassified,no,agrees,Q2M3V2,2026-08-06
SWAP1_HUMAN,Q6NVH7,Q6NVH7,active,unclassified,no,agrees,Q6NVH7,2026-08-06
SWET1_HUMAN,Q9BRV3,Q9BRV3,active,non_surface,no,agrees,Q9BRV3,2026-08-06
SY14L_HUMAN,Q58G82,Q58G82,active,non_surface,no,agrees,Q58G82,2026-08-06
SYAP1_HUMAN,Q96A49,Q96A49,active,unclassified,no,agrees,Q96A49,2026-08-06
SYBU_HUMAN,Q9NX95,Q9NX95,active,non_surface,no,agrees,Q9NX95,2026-08-06
SYCN_HUMAN,Q0VAF6,Q0VAF6,active,unclassified,no,agrees,Q0VAF6,2026-08-06
SYCY1_HUMAN,Q9UQF0,Q9UQF0,active,surface,no,agrees,Q9UQF0,2026-08-06
SYCY2_HUMAN,P60508,P60508,active,surface,no,agrees,P60508,2026-08-06
SYG_HUMAN,P41250,P41250,active,unclassified,no,agrees,P41250,2026-08-06
SYHM_HUMAN,P49590,P49590,active,unclassified,no,agrees,P49590,2026-08-06
SYJ2B_HUMAN,P57105,P57105,active,non_surface,no,agrees,P57105,2026-08-06
SYN1L_HUMAN,A6NDD5,A6NDD5,active,unclassified,no,agrees,A6NDD5,2026-08-06
SYNE1_HUMAN,Q8NF91,Q8NF91,active,non_surface,no,agrees,Q8NF91,2026-08-06
SYNE2_HUMAN,Q8WXH0,Q8WXH0,active,non_surface,no,agrees,Q8WXH0,2026-08-06
SYNE3_HUMAN,Q6ZMZ3,Q6ZMZ3,active,non_surface,no,agrees,Q6ZMZ3,2026-08-06
SYNE4_HUMAN,Q8N205,Q8N205,active,non_surface,no,agrees,Q8N205,2026-08-06
SYNG1_HUMAN,Q9H7V2,Q9H7V2,active,non_surface,no,agrees,Q9H7V2,2026-08-06
SYNJ2_HUMAN,O15056,O15056,active,non_surface,no,agrees,O15056,2026-08-06
SYNPR_HUMAN,Q8TBG9,Q8TBG9,active,surface,no,agrees,Q8TBG9,2026-08-06
SYPH_HUMAN,P08247,P08247,active,surface,no,agrees,P08247,2026-08-06
SYPL1_HUMAN,Q16563,Q16563,active,surface,no,agrees,Q16563,2026-08-06
SYPL2_HUMAN,Q5VXT5,Q5VXT5,active,unclassified,no,agrees,Q5VXT5,2026-08-06
SYS1_HUMAN,Q8N2H4,Q8N2H4,active,non_surface,no,agrees,Q8N2H4,2026-08-06
SYT10_HUMAN,Q6XYQ8,Q6XYQ8,active,non_surface,no,agrees,Q6XYQ8,2026-08-06
SYT11_HUMAN,Q9BT88,Q9BT88,active,non_surface,no,agrees,Q9BT88,2026-08-06
SYT12_HUMAN,Q8IV01,Q8IV01,active,non_surface,no,agrees,Q8IV01,2026-08-06
SYT13_HUMAN,Q7L8C5,Q7L8C5,active,non_surface,no,agrees,Q7L8C5,2026-08-06
SYT14_HUMAN,Q8NB59,Q8NB59,active,non_surface,no,agrees,Q8NB59,2026-08-06
SYT15_HUMAN,Q9BQS2,Q9BQS2,active,non_surface,no,agrees,Q9BQS2,2026-08-06
SYT16_HUMAN,Q17RD7,Q17RD7,active,non_surface,no,agrees,Q17RD7,2026-08-06
SYT1_HUMAN,P21579,P21579,active,non_surface,no,agrees,P21579,2026-08-06
SYT2_HUMAN,Q8N9I0,Q8N9I0,active,non_surface,no,agrees,Q8N9I0,2026-08-06
SYT3_HUMAN,Q9BQG1,Q9BQG1,active,non_surface,no,agrees,Q9BQG1,2026-08-06
SYT4_HUMAN,Q9H2B2,Q9H2B2,active,non_surface,no,agrees,Q9H2B2,2026-08-06
SYT5_HUMAN,O00445,O00445,active,non_surface,no,agrees,O00445,2026-08-06
SYT6_HUMAN,Q5T7P8,Q5T7P8,active,non_surface,no,agrees,Q5T7P8,2026-08-06
SYT7_HUMAN,O43581,O43581,active,non_surface,no,agrees,O43581,2026-08-06
SYT8_HUMAN,Q8NBV8,Q8NBV8,active,non_surface,no,agrees,Q8NBV8,2026-08-06
SYT9_HUMAN,Q86SS6,Q86SS6,active,non_surface,no,agrees,Q86SS6,2026-08-06
SYVN1_HUMAN,Q86TM6,Q86TM6,active,non_surface,no,agrees,Q86TM6,2026-08-06
T106A_HUMAN,Q96A25,Q96A25,active,surface,no,agrees,Q96A25,2026-08-06
T106B_HUMAN,Q9NUM4,Q9NUM4,active,surface,no,agrees,Q9NUM4,2026-08-06
T106C_HUMAN,Q9BVX2,Q9BVX2,active,unclassified,no,agrees,Q9BVX2,2026-08-06
T120A_HUMAN,Q9BXJ8,Q9BXJ8,active,non_surface,no,agrees,Q9BXJ8,2026-08-06
T120B_HUMAN,A0PK00,A0PK00,active,non_surface,no,agrees,A0PK00,2026-08-06
T126A_HUMAN,Q9H061,Q9H061,active,non_surface,no,agrees,Q9H061,2026-08-06
T126B_HUMAN,Q8IUX1,Q8IUX1,active,non_surface,no,agrees,Q8IUX1,2026-08-06
T131L_HUMAN,A2VDJ0,A2VDJ0,active,surface,no,agrees,A2VDJ0,2026-08-06
T132A_HUMAN,Q24JP5,Q24JP5,active,surface,no,agrees,Q24JP5,2026-08-06
T132B_HUMAN,Q14DG7,Q14DG7,active,surface,no,agrees,Q14DG7,2026-08-06
T132C_HUMAN,Q8N3T6,Q8N3T6,active,surface,no,agrees,Q8N3T6,2026-08-06
T132D_HUMAN,Q14C87,Q14C87,active,surface,no,agrees,Q14C87,2026-08-06
T132E_HUMAN,Q6IEE7,Q6IEE7,active,surface,no,agrees,Q6IEE7,2026-08-06
T150A_HUMAN,Q86TG1,Q86TG1,active,surface,no,agrees,Q86TG1,2026-08-06
T150B_HUMAN,A6NC51,A6NC51,active,surface,no,agrees,A6NC51,2026-08-06
T150C_HUMAN,B9EJG8,B9EJG8,active,unclassified,no,agrees,B9EJG8,2026-08-06
T151A_HUMAN,Q8N4L1,Q8N4L1,active,non_surface,no,agrees,Q8N4L1,2026-08-06
T151B_HUMAN,Q8IW70,Q8IW70,active,non_surface,no,agrees,Q8IW70,2026-08-06
T161A_HUMAN,Q9NX61,Q9NX61,active,surface,no,agrees,Q9NX61,2026-08-06
T161B_HUMAN,Q8NDZ6,Q8NDZ6,active,non_surface,no,agrees,Q8NDZ6,2026-08-06
T170A_HUMAN,Q8WVE7,Q8WVE7,active,unclassified,no,agrees,Q8WVE7,2026-08-06
T170B_HUMAN,Q5T4T1,Q5T4T1,active,non_surface,no,agrees,Q5T4T1,2026-08-06
T176A_HUMAN,Q96HP8,Q96HP8,active,unclassified,no,agrees,Q96HP8,2026-08-06
T176B_HUMAN,Q3YBM2,Q3YBM2,active,non_surface,no,agrees,Q3YBM2,2026-08-06
T178A_HUMAN,Q8NBL3,Q8NBL3,active,surface,no,agrees,Q8NBL3,2026-08-06
T178B_HUMAN,H3BS89,H3BS89,active,surface,no,agrees,H3BS89,2026-08-06
T179A_HUMAN,Q6ZVK1,Q6ZVK1,active,unclassified,no,agrees,Q6ZVK1,2026-08-06
T179B_HUMAN,Q7Z7N9,Q7Z7N9,active,surface,no,agrees,Q7Z7N9,2026-08-06
T183A_HUMAN,Q8IXX5,Q8IXX5,active,non_surface,no,agrees,Q8IXX5,2026-08-06
T183B_HUMAN,Q1AE95,Q1AE95,active,non_surface,no,agrees,Q1AE95,2026-08-06
T184A_HUMAN,Q6ZMB5,Q6ZMB5,active,surface,no,agrees,Q6ZMB5,2026-08-06
T184B_HUMAN,Q9Y519,Q9Y519,active,unclassified,no,agrees,Q9Y519,2026-08-06
T184C_HUMAN,Q9NVA4,Q9NVA4,active,unclassified,no,agrees,Q9NVA4,2026-08-06
T185A_HUMAN,Q8NFB2,Q8NFB2,active,unclassified,no,agrees,Q8NFB2,2026-08-06
T185B_HUMAN,Q9H7F4,Q9H7F4,active,unclassified,no,agrees,Q9H7F4,2026-08-06
T191A_HUMAN,Q9H0A3,Q9H0A3,active,non_surface,no,agrees,Q9H0A3,2026-08-06
T191C_HUMAN,A6NGB0,A6NGB0,active,non_surface,no,agrees,A6NGB0,2026-08-06
T194A_HUMAN,O14524,O14524,active,surface,no,agrees,O14524,2026-08-06
T194B_HUMAN,A6NFY4,A6NFY4,active,non_surface,no,agrees,A6NFY4,2026-08-06
T200A_HUMAN,Q86VY9,Q86VY9,active,non_surface,no,agrees,Q86VY9,2026-08-06
T200B_HUMAN,Q69YZ2,Q69YZ2,active,non_surface,no,agrees,Q69YZ2,2026-08-06
T200C_HUMAN,A6NKL6,A6NKL6,active,unclassified,no,agrees,A6NKL6,2026-08-06
T229A_HUMAN,B2RXF0,B2RXF0,active,non_surface,no,agrees,B2RXF0,2026-08-06
T229B_HUMAN,Q8NBD8,Q8NBD8,active,non_surface,no,agrees,Q8NBD8,2026-08-06
T22D2_HUMAN,O75157,O75157,active,unclassified,no,agrees,O75157,2026-08-06
T255A_HUMAN,Q5JRV8,Q5JRV8,active,surface,no,agrees,Q5JRV8,2026-08-06
T255B_HUMAN,Q8WV15,Q8WV15,active,surface,no,agrees,Q8WV15,2026-08-06
T2R10_HUMAN,Q9NYW0,Q9NYW0,active,surface,no,agrees,Q9NYW0,2026-08-06
T2R13_HUMAN,Q9NYV9,Q9NYV9,active,unclassified,no,agrees,Q9NYV9,2026-08-06
T2R14_HUMAN,Q9NYV8,Q9NYV8,active,surface,no,agrees,Q9NYV8,2026-08-06
T2R16_HUMAN,Q9NYV7,Q9NYV7,active,surface,no,agrees,Q9NYV7,2026-08-06
T2R19_HUMAN,P59542,P59542,active,surface,no,agrees,P59542,2026-08-06
T2R20_HUMAN,P59543,P59543,active,surface,no,agrees,P59543,2026-08-06
T2R30_HUMAN,P59541,P59541,active,surface,no,agrees,P59541,2026-08-06
T2R31_HUMAN,P59538,P59538,active,unclassified,no,agrees,P59538,2026-08-06
T2R38_HUMAN,P59533,P59533,active,surface,no,agrees,P59533,2026-08-06
T2R39_HUMAN,P59534,P59534,active,surface,no,agrees,P59534,2026-08-06
T2R40_HUMAN,P59535,P59535,active,unclassified,no,agrees,P59535,2026-08-06
T2R41_HUMAN,P59536,P59536,active,unclassified,no,agrees,P59536,2026-08-06
T2R42_HUMAN,Q7RTR8,Q7RTR8,active,unclassified,no,agrees,Q7RTR8,2026-08-06
T2R43_HUMAN,P59537,P59537,active,unclassified,no,agrees,P59537,2026-08-06
T2R45_HUMAN,P59539,P59539,active,unclassified,no,agrees,P59539,2026-08-06
T2R46_HUMAN,P59540,P59540,active,surface,no,agrees,P59540,2026-08-06
T2R50_HUMAN,P59544,P59544,active,unclassified,no,agrees,P59544,2026-08-06
T2R60_HUMAN,P59551,P59551,active,non_surface,no,agrees,P59551,2026-08-06
T3JAM_HUMAN,Q9Y228,Q9Y228,active,non_surface,no,agrees,Q9Y228,2026-08-06
T4S18_HUMAN,Q96CE8,Q96CE8,active,surface,no,agrees,Q96CE8,2026-08-06
T4S19_HUMAN,Q96DZ7,Q96DZ7,active,unclassified,no,agrees,Q96DZ7,2026-08-06
T4S1_HUMAN,P30408,P30408,active,surface,no,agrees,P30408,2026-08-06
T4S20_HUMAN,Q53R12,Q53R12,active,surface,no,agrees,Q53R12,2026-08-06
T4S4_HUMAN,P48230,P48230,active,surface,no,agrees,P48230,2026-08-06
T4S5_HUMAN,O14894,O14894,active,surface,no,agrees,O14894,2026-08-06
T73AS_HUMAN,Q9UF72,Q9UF72,inactive,unclassified,no,agrees,Q9UF72,2026-08-06
TA2R1_HUMAN,Q9NYW7,Q9NYW7,active,surface,no,agrees,Q9NYW7,2026-08-06
TA2R3_HUMAN,Q9NYW6,Q9NYW6,active,surface,no,agrees,Q9NYW6,2026-08-06
TA2R4_HUMAN,Q9NYW5,Q9NYW5,active,surface,no,agrees,Q9NYW5,2026-08-06
TA2R5_HUMAN,Q9NYW4,Q9NYW4,active,unclassified,no,agrees,Q9NYW4,2026-08-06
TA2R7_HUMAN,Q9NYW3,Q9NYW3,active,surface,no,agrees,Q9NYW3,2026-08-06
TA2R8_HUMAN,Q9NYW2,Q9NYW2,active,surface,no,agrees,Q9NYW2,2026-08-06
TA2R9_HUMAN,Q9NYW1,Q9NYW1,active,surface,no,agrees,Q9NYW1,2026-08-06
TA2R_HUMAN,P21731,P21731,active,surface,no,agrees,P21731,2026-08-06
TA6P_HUMAN,Q9Y3F1,Q9Y3F1,active,unclassified,no,agrees,Q9Y3F1,2026-08-06
TAAR1_HUMAN,Q96RJ0,Q96RJ0,active,surface,no,agrees,Q96RJ0,2026-08-06
TAAR2_HUMAN,Q9P1P5,Q9P1P5,active,surface,no,agrees,Q9P1P5,2026-08-06
TAAR3_HUMAN,Q9P1P4,Q9P1P4,active,unclassified,no,agrees,Q9P1P4,2026-08-06
TAAR5_HUMAN,O14804,O14804,active,surface,no,agrees,O14804,2026-08-06
TAAR6_HUMAN,Q96RI8,Q96RI8,active,surface,no,agrees,Q96RI8,2026-08-06
TAAR8_HUMAN,Q969N4,Q969N4,active,surface,no,agrees,Q969N4,2026-08-06
TAAR9_HUMAN,Q96RI9,Q96RI9,active,surface,no,agrees,Q96RI9,2026-08-06
TACD2_HUMAN,P09758,P09758,active,surface,no,agrees,P09758,2026-08-06
TACO1_HUMAN,Q9BSH4,Q9BSH4,active,unclassified,no,agrees,Q9BSH4,2026-08-06
TACT_HUMAN,P40200,P40200,active,surface,no,agrees,P40200,2026-08-06
TAOK2_HUMAN,Q9UL54,Q9UL54,active,non_surface,no,agrees,Q9UL54,2026-08-06
TAP1_HUMAN,Q03518,Q03518,active,unclassified,no,agrees,Q03518,2026-08-06
TAP2_HUMAN,Q03519,Q03519,active,non_surface,no,agrees,Q03519,2026-08-06
TAPT1_HUMAN,Q6NXT6,Q6NXT6,active,non_surface,no,agrees,Q6NXT6,2026-08-06
TARM1_HUMAN,B6A8C7,B6A8C7,active,surface,no,agrees,B6A8C7,2026-08-06
TARSH_HUMAN,Q7Z7G0,Q7Z7G0,active,unclassified,no,agrees,Q7Z7G0,2026-08-06
TAZ_HUMAN,Q16635,Q16635,active,non_surface,no,agrees,Q16635,2026-08-06
TBC19_HUMAN,Q8N5T2,Q8N5T2,active,non_surface,no,agrees,Q8N5T2,2026-08-06
TBC20_HUMAN,Q96BZ9,Q96BZ9,active,non_surface,no,agrees,Q96BZ9,2026-08-06
TBCD5_HUMAN,Q92609,Q92609,active,non_surface,no,agrees,Q92609,2026-08-06
TBL2_HUMAN,Q9Y4P3,Q9Y4P3,active,unclassified,no,agrees,Q9Y4P3,2026-08-06
TBX10_HUMAN,O75333,O75333,active,unclassified,no,agrees,O75333,2026-08-06
TBX15_HUMAN,Q96SF7,Q96SF7,active,unclassified,no,agrees,Q96SF7,2026-08-06
TBX2_HUMAN,Q13207,Q13207,active,unclassified,no,agrees,Q13207,2026-08-06
TCA_HUMAN,P01848,P01848,active,non_surface,no,agrees,P01848,2026-08-06
TCO1_HUMAN,P20061,P20061,active,unclassified,no,agrees,P20061,2026-08-06
TCO2_HUMAN,P20062,P20062,active,unclassified,no,agrees,P20062,2026-08-06
TCOF_HUMAN,Q13428,Q13428,active,unclassified,no,agrees,Q13428,2026-08-06
TCP11_HUMAN,Q8WWU5,Q8WWU5,active,non_surface,no,agrees,Q8WWU5,2026-08-06
TCTA_HUMAN,P57738,P57738,active,non_surface,no,agrees,P57738,2026-08-06
TDGF1_HUMAN,P13385,P13385,active,surface,no,agrees,P13385,2026-08-06
TDGF3_HUMAN,P51864,P51864,active,non_surface,no,agrees,P51864,2026-08-06
TDRKH_HUMAN,Q9Y2W6,Q9Y2W6,active,non_surface,no,agrees,Q9Y2W6,2026-08-06
TECRL_HUMAN,Q5HYJ1,Q5HYJ1,active,non_surface,no,agrees,Q5HYJ1,2026-08-06
TECR_HUMAN,Q9NZ01,Q9NZ01,active,non_surface,no,agrees,Q9NZ01,2026-08-06
TECT1_HUMAN,Q2MV58,Q2MV58,active,unclassified,no,agrees,Q2MV58,2026-08-06
TECT2_HUMAN,Q96GX1,Q96GX1,active,surface,no,agrees,Q96GX1,2026-08-06
TECT3_HUMAN,Q6NUS6,Q6NUS6,active,surface,no,agrees,Q6NUS6,2026-08-06
TECTA_HUMAN,O75443,O75443,active,surface,no,agrees,O75443,2026-08-06
TECTB_HUMAN,Q96PL2,Q96PL2,active,surface,no,agrees,Q96PL2,2026-08-06
TEDM1_HUMAN,Q5T9Z0,Q5T9Z0,active,non_surface,no,agrees,Q5T9Z0,2026-08-06
TEFF1_HUMAN,Q8IYR6,Q8IYR6,active,surface,no,agrees,Q8IYR6,2026-08-06
TEFF2_HUMAN,Q9UIK5,Q9UIK5,active,surface,no,agrees,Q9UIK5,2026-08-06
TELO2_HUMAN,Q9Y4R8,Q9Y4R8,active,non_surface,no,agrees,Q9Y4R8,2026-08-06
TEN1_HUMAN,Q9UKZ4,Q9UKZ4,active,surface,no,agrees,Q9UKZ4,2026-08-06
TEN2_HUMAN,Q9NT68,Q9NT68,active,surface,no,agrees,Q9NT68,2026-08-06
TEN3_HUMAN,Q9P273,Q9P273,active,surface,no,agrees,Q9P273,2026-08-06
TEN4_HUMAN,Q6N022,Q6N022,active,surface,no,agrees,Q6N022,2026-08-06
TENA_HUMAN,P24821,P24821,active,unclassified,no,agrees,P24821,2026-08-06
TENN_HUMAN,Q9UQP3,Q9UQP3,active,unclassified,no,agrees,Q9UQP3,2026-08-06
TENR_HUMAN,Q92752,Q92752,active,unclassified,no,agrees,Q92752,2026-08-06
TENS4_HUMAN,Q8IZW8,Q8IZW8,active,unclassified,no,agrees,Q8IZW8,2026-08-06
TENX_HUMAN,P22105,P22105,active,unclassified,no,agrees,P22105,2026-08-06
TEPP_HUMAN,Q6URK8,Q6URK8,active,unclassified,no,agrees,Q6URK8,2026-08-06
TEST_HUMAN,Q9Y6M0,Q9Y6M0,active,surface,no,agrees,Q9Y6M0,2026-08-06
TETN_HUMAN,P05452,P05452,active,unclassified,no,agrees,P05452,2026-08-06
TEX10_HUMAN,Q9NXF1,Q9NXF1,active,non_surface,no,agrees,Q9NXF1,2026-08-06
TEX28_HUMAN,O15482,O15482,active,non_surface,no,agrees,O15482,2026-08-06
TEX29_HUMAN,Q8N6K0,Q8N6K0,active,unclassified,no,agrees,Q8N6K0,2026-08-06
TEX2_HUMAN,Q8IWB9,Q8IWB9,active,non_surface,no,agrees,Q8IWB9,2026-08-06
TEX38_HUMAN,Q6PEX7,Q6PEX7,active,non_surface,no,agrees,Q6PEX7,2026-08-06
TF3C3_HUMAN,Q9Y5Q9,Q9Y5Q9,active,non_surface,no,agrees,Q9Y5Q9,2026-08-06
TFAM_HUMAN,Q00059,Q00059,active,unclassified,no,agrees,Q00059,2026-08-06
TFB2M_HUMAN,Q9H5Q4,Q9H5Q4,active,unclassified,no,agrees,Q9H5Q4,2026-08-06
TFF1_HUMAN,P04155,P04155,active,unclassified,no,agrees,P04155,2026-08-06
TFF2_HUMAN,Q03403,Q03403,active,unclassified,no,agrees,Q03403,2026-08-06
TFF3_HUMAN,Q07654,Q07654,active,unclassified,no,agrees,Q07654,2026-08-06
TFPI1_HUMAN,P10646,P10646,active,surface,no,agrees,P10646,2026-08-06
TFPI2_HUMAN,P48307,P48307,active,unclassified,no,agrees,P48307,2026-08-06
TFR1_HUMAN,P02786,P02786,active,non_surface,no,agrees,P02786,2026-08-06
TFR2_HUMAN,Q9UP52,Q9UP52,active,unclassified,no,agrees,Q9UP52,2026-08-06
TF_HUMAN,P13726,P13726,active,surface,no,agrees,P13726,2026-08-06
TGBR3_HUMAN,Q03167,Q03167,active,surface,no,agrees,Q03167,2026-08-06
TGFA_HUMAN,P01135,P01135,active,surface,no,agrees,P01135,2026-08-06
TGFB1_HUMAN,P01137,P01137,active,unclassified,no,agrees,P01137,2026-08-06
TGFB2_HUMAN,P61812,P61812,active,unclassified,no,agrees,P61812,2026-08-06
TGFB3_HUMAN,P10600,P10600,active,unclassified,no,agrees,P10600,2026-08-06
TGFR1_HUMAN,P36897,P36897,active,surface,no,agrees,P36897,2026-08-06
TGFR2_HUMAN,P37173,P37173,active,surface,no,agrees,P37173,2026-08-06
TGON2_HUMAN,O43493,O43493,active,surface,no,agrees,O43493,2026-08-06
TGR3L_HUMAN,H3BV60,H3BV60,active,non_surface,no,agrees,H3BV60,2026-08-06
THAS_HUMAN,P24557,P24557,active,non_surface,no,agrees,P24557,2026-08-06
THBG_HUMAN,P05543,P05543,active,unclassified,no,agrees,P05543,2026-08-06
THEM6_HUMAN,Q8WUY1,Q8WUY1,active,unclassified,no,agrees,Q8WUY1,2026-08-06
THIK_HUMAN,P09110,P09110,active,non_surface,no,agrees,P09110,2026-08-06
THIL_HUMAN,P24752,P24752,active,unclassified,no,agrees,P24752,2026-08-06
THRB_HUMAN,P00734,P00734,active,unclassified,no,agrees,P00734,2026-08-06
THS7A_HUMAN,Q9UPZ6,Q9UPZ6,active,surface,no,agrees,Q9UPZ6,2026-08-06
THS7B_HUMAN,Q9C0I4,Q9C0I4,active,surface,no,agrees,Q9C0I4,2026-08-06
THSD1_HUMAN,Q9NS62,Q9NS62,active,surface,no,agrees,Q9NS62,2026-08-06
THSD4_HUMAN,Q6ZMP0,Q6ZMP0,active,unclassified,no,agrees,Q6ZMP0,2026-08-06
THY1_HUMAN,P04216,P04216,active,surface,no,agrees,P04216,2026-08-06
THYG_HUMAN,P01266,P01266,active,unclassified,no,agrees,P01266,2026-08-06
TI17B_HUMAN,O60830,O60830,active,non_surface,no,agrees,O60830,2026-08-06
TI23B_HUMAN,Q5SRD1,Q5SRD1,active,non_surface,no,agrees,Q5SRD1,2026-08-06
TICN1_HUMAN,Q08629,Q08629,active,unclassified,no,agrees,Q08629,2026-08-06
TICN2_HUMAN,Q92563,Q92563,active,unclassified,no,agrees,Q92563,2026-08-06
TICN3_HUMAN,Q9BQ16,Q9BQ16,active,unclassified,no,agrees,Q9BQ16,2026-08-06
TIDC1_HUMAN,Q9NPL8,Q9NPL8,active,unclassified,no,agrees,Q9NPL8,2026-08-06
TIE1_HUMAN,P35590,P35590,active,surface,no,agrees,P35590,2026-08-06
TIE2_HUMAN,Q02763,Q02763,active,surface,no,agrees,Q02763,2026-08-06
TIF1A_HUMAN,O15164,O15164,active,unclassified,no,agrees,O15164,2026-08-06
TIF1B_HUMAN,Q13263,Q13263,active,unclassified,no,agrees,Q13263,2026-08-06
TIG1_HUMAN,P49788,P49788,active,non_surface,no,agrees,P49788,2026-08-06
TIGIT_HUMAN,Q495A1,Q495A1,active,surface,no,agrees,Q495A1,2026-08-06
TIKI1_HUMAN,Q86V40,Q86V40,active,surface,no,agrees,Q86V40,2026-08-06
TIKI2_HUMAN,A6NFA1,A6NFA1,active,surface,no,agrees,A6NFA1,2026-08-06
TIM14_HUMAN,Q96DA6,Q96DA6,active,non_surface,no,agrees,Q96DA6,2026-08-06
TIM16_HUMAN,Q9Y3D7,Q9Y3D7,active,unclassified,no,agrees,Q9Y3D7,2026-08-06
TIM21_HUMAN,Q9BVV7,Q9BVV7,active,non_surface,no,agrees,Q9BVV7,2026-08-06
TIM22_HUMAN,Q9Y584,Q9Y584,active,non_surface,no,agrees,Q9Y584,2026-08-06
TIM23_HUMAN,O14925,O14925,active,non_surface,no,agrees,O14925,2026-08-06
TIM50_HUMAN,Q3ZCQ8,Q3ZCQ8,active,non_surface,no,agrees,Q3ZCQ8,2026-08-06
TIMD4_HUMAN,Q96H15,Q96H15,active,surface,no,agrees,Q96H15,2026-08-06
TIMP1_HUMAN,P01033,P01033,active,unclassified,no,agrees,P01033,2026-08-06
TIMP2_HUMAN,P16035,P16035,active,unclassified,no,agrees,P16035,2026-08-06
TIMP3_HUMAN,P35625,P35625,active,unclassified,no,agrees,P35625,2026-08-06
TIMP4_HUMAN,Q99727,Q99727,active,unclassified,no,agrees,Q99727,2026-08-06
TIM_HUMAN,Q9UNS1,Q9UNS1,active,unclassified,no,agrees,Q9UNS1,2026-08-06
TINAL_HUMAN,Q9GZM7,Q9GZM7,active,unclassified,no,agrees,Q9GZM7,2026-08-06
TINF2_HUMAN,Q9BSI4,Q9BSI4,active,unclassified,no,agrees,Q9BSI4,2026-08-06
TIP39_HUMAN,Q96A98,Q96A98,active,unclassified,no,agrees,Q96A98,2026-08-06
TIP_HUMAN,Q8TB96,Q8TB96,active,surface,no,agrees,Q8TB96,2026-08-06
TISR_HUMAN,Q9Y5M6,Q9Y5M6,inactive,non_surface,no,agrees,Q9Y5M6,2026-08-06
TKN1_HUMAN,P20366,P20366,active,unclassified,no,agrees,P20366,2026-08-06
TKN4_HUMAN,Q86UU9,Q86UU9,active,unclassified,no,agrees,Q86UU9,2026-08-06
TKNK_HUMAN,Q9UHF0,Q9UHF0,active,unclassified,no,agrees,Q9UHF0,2026-08-06
TLCD1_HUMAN,Q96CP7,Q96CP7,active,non_surface,no,agrees,Q96CP7,2026-08-06
TLCD2_HUMAN,A6NGC4,A6NGC4,active,unclassified,no,agrees,A6NGC4,2026-08-06
TLL1_HUMAN,O43897,O43897,active,unclassified,no,agrees,O43897,2026-08-06
TLL2_HUMAN,Q9Y6L7,Q9Y6L7,active,unclassified,no,agrees,Q9Y6L7,2026-08-06
TLR10_HUMAN,Q9BXR5,Q9BXR5,active,surface,no,agrees,Q9BXR5,2026-08-06
TLR1_HUMAN,Q15399,Q15399,active,surface,no,agrees,Q15399,2026-08-06
TLR2_HUMAN,O60603,O60603,active,surface,no,agrees,O60603,2026-08-06
TLR3_HUMAN,O15455,O15455,active,surface,no,agrees,O15455,2026-08-06
TLR4_HUMAN,O00206,O00206,active,surface,no,agrees,O00206,2026-08-06
TLR5_HUMAN,O60602,O60602,active,surface,no,agrees,O60602,2026-08-06
TLR6_HUMAN,Q9Y2C9,Q9Y2C9,active,surface,no,agrees,Q9Y2C9,2026-08-06
TLR7_HUMAN,Q9NYK1,Q9NYK1,active,surface,no,agrees,Q9NYK1,2026-08-06
TLR8_HUMAN,Q9NR97,Q9NR97,active,surface,no,agrees,Q9NR97,2026-08-06
TLR9_HUMAN,Q9NR96,Q9NR96,active,surface,no,agrees,Q9NR96,2026-08-06
TM100_HUMAN,Q9NV29,Q9NV29,active,non_surface,no,agrees,Q9NV29,2026-08-06
TM101_HUMAN,Q96IK0,Q96IK0,active,non_surface,no,agrees,Q96IK0,2026-08-06
TM102_HUMAN,Q8N9M5,Q8N9M5,active,non_surface,no,agrees,Q8N9M5,2026-08-06
TM104_HUMAN,Q8NE00,Q8NE00,active,surface,no,agrees,Q8NE00,2026-08-06
TM105_HUMAN,Q8N8V8,Q8N8V8,active,non_surface,no,agrees,Q8N8V8,2026-08-06
TM107_HUMAN,Q6UX40,Q6UX40,active,non_surface,no,agrees,Q6UX40,2026-08-06
TM108_HUMAN,Q6UXF1,Q6UXF1,active,surface,no,agrees,Q6UXF1,2026-08-06
TM109_HUMAN,Q9BVC6,Q9BVC6,active,non_surface,no,agrees,Q9BVC6,2026-08-06
TM110_HUMAN,Q86TL2,Q86TL2,active,surface,no,agrees,Q86TL2,2026-08-06
TM114_HUMAN,B3SHH9,B3SHH9,active,surface,no,agrees,B3SHH9,2026-08-06
TM115_HUMAN,Q12893,Q12893,active,non_surface,no,agrees,Q12893,2026-08-06
TM116_HUMAN,Q8NCL8,Q8NCL8,active,surface,no,agrees,Q8NCL8,2026-08-06
TM117_HUMAN,Q9H0C3,Q9H0C3,active,unclassified,no,agrees,Q9H0C3,2026-08-06
TM119_HUMAN,Q4V9L6,Q4V9L6,active,unclassified,no,agrees,Q4V9L6,2026-08-06
TM11A_HUMAN,Q6ZMR5,Q6ZMR5,active,unclassified,no,agrees,Q6ZMR5,2026-08-06
TM11B_HUMAN,Q86T26,Q86T26,active,surface,no,agrees,Q86T26,2026-08-06
TM11D_HUMAN,O60235,O60235,active,surface,no,agrees,O60235,2026-08-06
TM11E_HUMAN,Q9UL52,Q9UL52,active,surface,no,agrees,Q9UL52,2026-08-06
TM11F_HUMAN,Q6ZWK6,Q6ZWK6,active,non_surface,no,agrees,Q6ZWK6,2026-08-06
TM121_HUMAN,Q9BTD3,Q9BTD3,active,non_surface,no,agrees,Q9BTD3,2026-08-06
TM125_HUMAN,Q96AQ2,Q96AQ2,active,unclassified,no,agrees,Q96AQ2,2026-08-06
TM127_HUMAN,O75204,O75204,active,non_surface,no,agrees,O75204,2026-08-06
TM128_HUMAN,Q5BJH2,Q5BJH2,active,non_surface,no,agrees,Q5BJH2,2026-08-06
TM129_HUMAN,A0AVI4,A0AVI4,active,non_surface,no,agrees,A0AVI4,2026-08-06
TM130_HUMAN,Q8N3G9,Q8N3G9,active,non_surface,no,agrees,Q8N3G9,2026-08-06
TM131_HUMAN,Q92545,Q92545,active,unclassified,no,agrees,Q92545,2026-08-06
TM133_HUMAN,Q9H2Q1,Q9H2Q1,inactive,non_surface,no,agrees,Q9H2Q1,2026-08-06
TM134_HUMAN,Q9H6X4,Q9H6X4,active,non_surface,no,agrees,Q9H6X4,2026-08-06
TM135_HUMAN,Q86UB9,Q86UB9,active,non_surface,no,agrees,Q86UB9,2026-08-06
TM136_HUMAN,Q6ZRR5,Q6ZRR5,active,non_surface,no,agrees,Q6ZRR5,2026-08-06
TM138_HUMAN,Q9NPI0,Q9NPI0,active,non_surface,no,agrees,Q9NPI0,2026-08-06
TM139_HUMAN,Q8IV31,Q8IV31,active,non_surface,no,agrees,Q8IV31,2026-08-06
TM140_HUMAN,Q9NV12,Q9NV12,active,surface,no,agrees,Q9NV12,2026-08-06
TM141_HUMAN,Q96I45,Q96I45,active,non_surface,no,agrees,Q96I45,2026-08-06
TM143_HUMAN,Q96AN5,Q96AN5,active,non_surface,no,agrees,Q96AN5,2026-08-06
TM144_HUMAN,Q7Z5S9,Q7Z5S9,active,unclassified,no,agrees,Q7Z5S9,2026-08-06
TM145_HUMAN,Q8NBT3,Q8NBT3,active,surface,no,agrees,Q8NBT3,2026-08-06
TM147_HUMAN,Q9BVK8,Q9BVK8,active,non_surface,no,agrees,Q9BVK8,2026-08-06
TM14A_HUMAN,Q9Y6G1,Q9Y6G1,active,non_surface,no,agrees,Q9Y6G1,2026-08-06
TM14B_HUMAN,Q9NUH8,Q9NUH8,active,non_surface,no,agrees,Q9NUH8,2026-08-06
TM14C_HUMAN,Q9P0S9,Q9P0S9,active,non_surface,no,agrees,Q9P0S9,2026-08-06
TM14D_HUMAN,A8MWL7,A8MWL7,active,non_surface,no,agrees,A8MWL7,2026-08-06
TM14E_HUMAN,Q6UXP3,Q6UXP3,active,non_surface,no,agrees,Q6UXP3,2026-08-06
TM154_HUMAN,Q6P9G4,Q6P9G4,active,surface,no,agrees,Q6P9G4,2026-08-06
TM155_HUMAN,Q4W5P6,Q4W5P6,active,unclassified,no,agrees,Q4W5P6,2026-08-06
TM156_HUMAN,Q8N614,Q8N614,active,non_surface,no,agrees,Q8N614,2026-08-06
TM158_HUMAN,Q8WZ71,Q8WZ71,active,surface,no,agrees,Q8WZ71,2026-08-06
TM159_HUMAN,Q96B96,Q96B96,active,unclassified,no,agrees,Q96B96,2026-08-06
TM160_HUMAN,Q9NX00,Q9NX00,active,non_surface,no,agrees,Q9NX00,2026-08-06
TM163_HUMAN,Q8TC26,Q8TC26,active,non_surface,no,agrees,Q8TC26,2026-08-06
TM164_HUMAN,Q5U3C3,Q5U3C3,active,non_surface,no,agrees,Q5U3C3,2026-08-06
TM165_HUMAN,Q9HC07,Q9HC07,active,non_surface,no,agrees,Q9HC07,2026-08-06
TM168_HUMAN,Q9H0V1,Q9H0V1,active,unclassified,no,agrees,Q9H0V1,2026-08-06
TM169_HUMAN,Q96HH4,Q96HH4,active,non_surface,no,agrees,Q96HH4,2026-08-06
TM171_HUMAN,Q8WVE6,Q8WVE6,active,surface,no,agrees,Q8WVE6,2026-08-06
TM174_HUMAN,Q8WUU8,Q8WUU8,active,non_surface,no,agrees,Q8WUU8,2026-08-06
TM175_HUMAN,Q9BSA9,Q9BSA9,active,non_surface,no,agrees,Q9BSA9,2026-08-06
TM177_HUMAN,Q53S58,Q53S58,active,non_surface,no,agrees,Q53S58,2026-08-06
TM180_HUMAN,Q14CX5,Q14CX5,active,unclassified,no,agrees,Q14CX5,2026-08-06
TM181_HUMAN,Q9P2C4,Q9P2C4,active,unclassified,no,agrees,Q9P2C4,2026-08-06
TM182_HUMAN,Q6ZP80,Q6ZP80,active,surface,no,agrees,Q6ZP80,2026-08-06
TM186_HUMAN,Q96B77,Q96B77,active,non_surface,no,agrees,Q96B77,2026-08-06
TM187_HUMAN,Q14656,Q14656,active,non_surface,no,agrees,Q14656,2026-08-06
TM189_HUMAN,A5PLL7,A5PLL7,active,non_surface,no,agrees,A5PLL7,2026-08-06
TM190_HUMAN,Q8WZ59,Q8WZ59,active,unclassified,no,agrees,Q8WZ59,2026-08-06
TM192_HUMAN,Q8IY95,Q8IY95,active,non_surface,no,agrees,Q8IY95,2026-08-06
TM196_HUMAN,Q5HYL7,Q5HYL7,active,non_surface,no,agrees,Q5HYL7,2026-08-06
TM198_HUMAN,Q66K66,Q66K66,active,non_surface,no,agrees,Q66K66,2026-08-06
TM199_HUMAN,Q8N511,Q8N511,active,non_surface,no,agrees,Q8N511,2026-08-06
TM201_HUMAN,Q5SNT2,Q5SNT2,active,non_surface,no,agrees,Q5SNT2,2026-08-06
TM202_HUMAN,A6NGA9,A6NGA9,active,unclassified,no,agrees,A6NGA9,2026-08-06
TM203_HUMAN,Q969S6,Q969S6,active,non_surface,no,agrees,Q969S6,2026-08-06
TM204_HUMAN,Q9BSN7,Q9BSN7,active,surface,no,agrees,Q9BSN7,2026-08-06
TM205_HUMAN,Q6UW68,Q6UW68,active,non_surface,no,agrees,Q6UW68,2026-08-06
TM206_HUMAN,Q9H813,Q9H813,active,unclassified,no,agrees,Q9H813,2026-08-06
TM207_HUMAN,Q6UWW9,Q6UWW9,active,unclassified,no,agrees,Q6UWW9,2026-08-06
TM208_HUMAN,Q9BTX3,Q9BTX3,active,non_surface,no,agrees,Q9BTX3,2026-08-06
TM209_HUMAN,Q96SK2,Q96SK2,active,non_surface,no,agrees,Q96SK2,2026-08-06
TM210_HUMAN,A6NLX4,A6NLX4,active,non_surface,no,agrees,A6NLX4,2026-08-06
TM211_HUMAN,Q6ICI0,Q6ICI0,active,surface,no,agrees,Q6ICI0,2026-08-06
TM212_HUMAN,A6NML5,A6NML5,active,non_surface,no,agrees,A6NML5,2026-08-06
TM213_HUMAN,A2RRL7,A2RRL7,active,surface,no,agrees,A2RRL7,2026-08-06
TM214_HUMAN,Q6NUQ4,Q6NUQ4,active,non_surface,no,agrees,Q6NUQ4,2026-08-06
TM215_HUMAN,Q68D42,Q68D42,active,non_surface,no,agrees,Q68D42,2026-08-06
TM216_HUMAN,Q9P0N5,Q9P0N5,active,non_surface,no,agrees,Q9P0N5,2026-08-06
TM217_HUMAN,Q8N7C4,Q8N7C4,active,surface,no,agrees,Q8N7C4,2026-08-06
TM218_HUMAN,A2RU14,A2RU14,active,non_surface,no,agrees,A2RU14,2026-08-06
TM219_HUMAN,Q86XT9,Q86XT9,active,surface,no,agrees,Q86XT9,2026-08-06
TM220_HUMAN,Q6QAJ8,Q6QAJ8,active,non_surface,no,agrees,Q6QAJ8,2026-08-06
TM221_HUMAN,A6NGB7,A6NGB7,active,non_surface,no,agrees,A6NGB7,2026-08-06
TM222_HUMAN,Q9H0R3,Q9H0R3,active,non_surface,no,agrees,Q9H0R3,2026-08-06
TM223_HUMAN,A0PJW6,A0PJW6,active,non_surface,no,agrees,A0PJW6,2026-08-06
TM225_HUMAN,Q6GV28,Q6GV28,active,surface,no,agrees,Q6GV28,2026-08-06
TM230_HUMAN,Q96A57,Q96A57,active,non_surface,no,agrees,Q96A57,2026-08-06
TM231_HUMAN,Q9H6L2,Q9H6L2,active,surface,no,agrees,Q9H6L2,2026-08-06
TM232_HUMAN,C9JQI7,C9JQI7,active,non_surface,no,agrees,C9JQI7,2026-08-06
TM233_HUMAN,B4DJY2,B4DJY2,active,non_surface,no,agrees,B4DJY2,2026-08-06
TM234_HUMAN,Q8WY98,Q8WY98,active,unclassified,no,agrees,Q8WY98,2026-08-06
TM235_HUMAN,A6NFC5,A6NFC5,active,surface,no,agrees,A6NFC5,2026-08-06
TM236_HUMAN,Q5W0B7,Q5W0B7,active,unclassified,no,agrees,Q5W0B7,2026-08-06
TM237_HUMAN,Q96Q45,Q96Q45,active,unclassified,no,agrees,Q96Q45,2026-08-06
TM238_HUMAN,C9JI98,C9JI98,active,non_surface,no,agrees,C9JI98,2026-08-06
TM239_HUMAN,Q8WW34,Q8WW34,active,non_surface,no,agrees,Q8WW34,2026-08-06
TM240_HUMAN,Q5SV17,Q5SV17,active,unclassified,no,agrees,Q5SV17,2026-08-06
TM241_HUMAN,Q24JQ0,Q24JQ0,active,non_surface,no,agrees,Q24JQ0,2026-08-06
TM242_HUMAN,Q9NWH2,Q9NWH2,active,non_surface,no,agrees,Q9NWH2,2026-08-06
TM243_HUMAN,Q9BU79,Q9BU79,active,non_surface,no,agrees,Q9BU79,2026-08-06
TM244_HUMAN,Q5VVB8,Q5VVB8,active,non_surface,no,agrees,Q5VVB8,2026-08-06
TM245_HUMAN,Q9H330,Q9H330,active,surface,no,agrees,Q9H330,2026-08-06
TM246_HUMAN,Q9BRR3,Q9BRR3,active,non_surface,no,agrees,Q9BRR3,2026-08-06
TM247_HUMAN,A6NEH6,A6NEH6,active,non_surface,no,agrees,A6NEH6,2026-08-06
TM248_HUMAN,Q9NWD8,Q9NWD8,active,non_surface,no,agrees,Q9NWD8,2026-08-06
TM249_HUMAN,Q2WGJ8,Q2WGJ8,active,non_surface,no,agrees,Q2WGJ8,2026-08-06
TM251_HUMAN,Q8N6I4,Q8N6I4,active,non_surface,no,agrees,Q8N6I4,2026-08-06
TM252_HUMAN,Q8N6L7,Q8N6L7,active,non_surface,no,agrees,Q8N6L7,2026-08-06
TM253_HUMAN,P0C7T8,P0C7T8,active,unclassified,no,agrees,P0C7T8,2026-08-06
TM254_HUMAN,Q8TBM7,Q8TBM7,active,non_surface,no,agrees,Q8TBM7,2026-08-06
TM256_HUMAN,Q8N2U0,Q8N2U0,active,non_surface,no,agrees,Q8N2U0,2026-08-06
TM257_HUMAN,O96002,O96002,active,non_surface,no,agrees,O96002,2026-08-06
TM258_HUMAN,P61165,P61165,active,non_surface,no,agrees,P61165,2026-08-06
TM260_HUMAN,Q9NX78,Q9NX78,active,unclassified,no,agrees,Q9NX78,2026-08-06
TM261_HUMAN,Q96GE9,Q96GE9,active,non_surface,no,agrees,Q96GE9,2026-08-06
TM262_HUMAN,E9PQX1,E9PQX1,active,non_surface,no,agrees,E9PQX1,2026-08-06
TM2D1_HUMAN,Q9BX74,Q9BX74,active,unclassified,no,agrees,Q9BX74,2026-08-06
TM2D2_HUMAN,Q9BX73,Q9BX73,active,unclassified,no,agrees,Q9BX73,2026-08-06
TM2D3_HUMAN,Q9BRN9,Q9BRN9,active,unclassified,no,agrees,Q9BRN9,2026-08-06
TM38A_HUMAN,Q9H6F2,Q9H6F2,active,non_surface,no,agrees,Q9H6F2,2026-08-06
TM38B_HUMAN,Q9NVV0,Q9NVV0,active,non_surface,no,agrees,Q9NVV0,2026-08-06
TM39A_HUMAN,Q9NV64,Q9NV64,active,unclassified,no,agrees,Q9NV64,2026-08-06
TM39B_HUMAN,Q9GZU3,Q9GZU3,active,non_surface,no,agrees,Q9GZU3,2026-08-06
TM41A_HUMAN,Q96HV5,Q96HV5,active,unclassified,no,agrees,Q96HV5,2026-08-06
TM41B_HUMAN,Q5BJD5,Q5BJD5,active,non_surface,no,agrees,Q5BJD5,2026-08-06
TM45A_HUMAN,Q9NWC5,Q9NWC5,active,unclassified,no,agrees,Q9NWC5,2026-08-06
TM45B_HUMAN,Q96B21,Q96B21,active,non_surface,no,agrees,Q96B21,2026-08-06
TM50A_HUMAN,O95807,O95807,active,non_surface,no,agrees,O95807,2026-08-06
TM50B_HUMAN,P56557,P56557,active,non_surface,no,agrees,P56557,2026-08-06
TM52B_HUMAN,Q4KMG9,Q4KMG9,active,unclassified,no,agrees,Q4KMG9,2026-08-06
TM55A_HUMAN,Q8N4L2,Q8N4L2,active,non_surface,no,agrees,Q8N4L2,2026-08-06
TM55B_HUMAN,Q86T03,Q86T03,active,non_surface,no,agrees,Q86T03,2026-08-06
TM59L_HUMAN,Q9UK28,Q9UK28,active,non_surface,no,agrees,Q9UK28,2026-08-06
TM6S1_HUMAN,Q9BZW5,Q9BZW5,active,non_surface,no,agrees,Q9BZW5,2026-08-06
TM6S2_HUMAN,Q9BZW4,Q9BZW4,active,non_surface,no,agrees,Q9BZW4,2026-08-06
TM74B_HUMAN,Q9NUR3,Q9NUR3,active,non_surface,no,agrees,Q9NUR3,2026-08-06
TM7S3_HUMAN,Q9NS93,Q9NS93,active,surface,no,agrees,Q9NS93,2026-08-06
TM86A_HUMAN,Q8N2M4,Q8N2M4,active,non_surface,no,agrees,Q8N2M4,2026-08-06
TM86B_HUMAN,Q8N661,Q8N661,active,non_surface,no,agrees,Q8N661,2026-08-06
TM87A_HUMAN,Q8NBN3,Q8NBN3,active,surface,no,agrees,Q8NBN3,2026-08-06
TM87B_HUMAN,Q96K49,Q96K49,active,surface,no,agrees,Q96K49,2026-08-06
TM88B_HUMAN,A6NKF7,A6NKF7,active,non_surface,no,agrees,A6NKF7,2026-08-06
TM9S1_HUMAN,O15321,O15321,active,surface,no,agrees,O15321,2026-08-06
TM9S2_HUMAN,Q99805,Q99805,active,surface,no,agrees,Q99805,2026-08-06
TM9S3_HUMAN,Q9HD45,Q9HD45,active,surface,no,agrees,Q9HD45,2026-08-06
TM9S4_HUMAN,Q92544,Q92544,active,surface,no,agrees,Q92544,2026-08-06
TMC1_HUMAN,Q8TDI8,Q8TDI8,active,non_surface,no,agrees,Q8TDI8,2026-08-06
TMC2_HUMAN,Q8TDI7,Q8TDI7,active,unclassified,no,agrees,Q8TDI7,2026-08-06
TMC3_HUMAN,Q7Z5M5,Q7Z5M5,active,unclassified,no,agrees,Q7Z5M5,2026-08-06
TMC4_HUMAN,Q7Z404,Q7Z404,active,non_surface,no,agrees,Q7Z404,2026-08-06
TMC5A_HUMAN,Q8N6Q1,Q8N6Q1,active,non_surface,no,agrees,Q8N6Q1,2026-08-06
TMC5B_HUMAN,A8MYB1,A8MYB1,active,non_surface,no,agrees,A8MYB1,2026-08-06
TMC5_HUMAN,Q6UXY8,Q6UXY8,active,unclassified,no,agrees,Q6UXY8,2026-08-06
TMC6_HUMAN,Q7Z403,Q7Z403,active,non_surface,no,agrees,Q7Z403,2026-08-06
TMC7_HUMAN,Q7Z402,Q7Z402,active,surface,no,agrees,Q7Z402,2026-08-06
TMC8_HUMAN,Q8IU68,Q8IU68,active,non_surface,no,agrees,Q8IU68,2026-08-06
TMCC1_HUMAN,O94876,O94876,active,non_surface,no,agrees,O94876,2026-08-06
TMCC2_HUMAN,O75069,O75069,active,non_surface,no,agrees,O75069,2026-08-06
TMCC3_HUMAN,Q9ULS5,Q9ULS5,active,non_surface,no,agrees,Q9ULS5,2026-08-06
TMCO1_HUMAN,Q9UM00,Q9UM00,active,non_surface,no,agrees,Q9UM00,2026-08-06
TMCO2_HUMAN,Q7Z6W1,Q7Z6W1,active,non_surface,no,agrees,Q7Z6W1,2026-08-06
TMCO3_HUMAN,Q6UWJ1,Q6UWJ1,active,surface,no,agrees,Q6UWJ1,2026-08-06
TMCO4_HUMAN,Q5TGY1,Q5TGY1,active,non_surface,no,agrees,Q5TGY1,2026-08-06
TMCO6_HUMAN,Q96DC7,Q96DC7,active,non_surface,no,agrees,Q96DC7,2026-08-06
TMED1_HUMAN,Q13445,Q13445,active,unclassified,no,agrees,Q13445,2026-08-06
TMED2_HUMAN,Q15363,Q15363,active,non_surface,no,agrees,Q15363,2026-08-06
TMED3_HUMAN,Q9Y3Q3,Q9Y3Q3,active,non_surface,no,agrees,Q9Y3Q3,2026-08-06
TMED4_HUMAN,Q7Z7H5,Q7Z7H5,active,non_surface,no,agrees,Q7Z7H5,2026-08-06
TMED5_HUMAN,Q9Y3A6,Q9Y3A6,active,non_surface,no,agrees,Q9Y3A6,2026-08-06
TMED6_HUMAN,Q8WW62,Q8WW62,active,non_surface,no,agrees,Q8WW62,2026-08-06
TMED7_HUMAN,Q9Y3B3,Q9Y3B3,active,surface,no,agrees,Q9Y3B3,2026-08-06
TMED9_HUMAN,Q9BVK6,Q9BVK6,active,unclassified,no,agrees,Q9BVK6,2026-08-06
TMEDA_HUMAN,P49755,P49755,active,unclassified,no,agrees,P49755,2026-08-06
TMEM2_HUMAN,Q9UHN6,Q9UHN6,active,unclassified,no,agrees,Q9UHN6,2026-08-06
TMEM5_HUMAN,Q9Y2B1,Q9Y2B1,active,non_surface,no,agrees,Q9Y2B1,2026-08-06
TMEM9_HUMAN,Q9P0T7,Q9P0T7,active,surface,no,agrees,Q9P0T7,2026-08-06
TMG1_HUMAN,O14668,O14668,active,non_surface,no,agrees,O14668,2026-08-06
TMG2_HUMAN,O14669,O14669,active,unclassified,no,agrees,O14669,2026-08-06
TMG3_HUMAN,Q9BZD7,Q9BZD7,active,non_surface,no,agrees,Q9BZD7,2026-08-06
TMG4_HUMAN,Q9BZD6,Q9BZD6,active,unclassified,no,agrees,Q9BZD6,2026-08-06
TMHS_HUMAN,Q8TAF8,Q8TAF8,active,surface,no,agrees,Q8TAF8,2026-08-06
TMIE_HUMAN,Q8NEW7,Q8NEW7,active,non_surface,no,agrees,Q8NEW7,2026-08-06
TMIG1_HUMAN,Q6UXZ0,Q6UXZ0,active,surface,no,agrees,Q6UXZ0,2026-08-06
TMIG2_HUMAN,Q96BF3,Q96BF3,active,surface,no,agrees,Q96BF3,2026-08-06
TMM17_HUMAN,Q86X19,Q86X19,active,non_surface,no,agrees,Q86X19,2026-08-06
TMM18_HUMAN,Q96B42,Q96B42,active,non_surface,no,agrees,Q96B42,2026-08-06
TMM19_HUMAN,Q96HH6,Q96HH6,active,unclassified,no,agrees,Q96HH6,2026-08-06
TMM25_HUMAN,Q86YD3,Q86YD3,active,surface,no,agrees,Q86YD3,2026-08-06
TMM26_HUMAN,Q6ZUK4,Q6ZUK4,active,surface,no,agrees,Q6ZUK4,2026-08-06
TMM27_HUMAN,Q9HBJ8,Q9HBJ8,active,surface,no,agrees,Q9HBJ8,2026-08-06
TMM31_HUMAN,Q5JXX7,Q5JXX7,active,non_surface,no,agrees,Q5JXX7,2026-08-06
TMM33_HUMAN,P57088,P57088,active,non_surface,no,agrees,P57088,2026-08-06
TMM35_HUMAN,Q53FP2,Q53FP2,active,non_surface,no,agrees,Q53FP2,2026-08-06
TMM40_HUMAN,Q8WWA1,Q8WWA1,active,non_surface,no,agrees,Q8WWA1,2026-08-06
TMM42_HUMAN,Q69YG0,Q69YG0,active,non_surface,no,agrees,Q69YG0,2026-08-06
TMM43_HUMAN,Q9BTV4,Q9BTV4,active,non_surface,no,agrees,Q9BTV4,2026-08-06
TMM44_HUMAN,Q2T9K0,Q2T9K0,active,non_surface,no,agrees,Q2T9K0,2026-08-06
TMM47_HUMAN,Q9BQJ4,Q9BQJ4,active,unclassified,no,agrees,Q9BQJ4,2026-08-06
TMM51_HUMAN,Q9NW97,Q9NW97,active,non_surface,no,agrees,Q9NW97,2026-08-06
TMM52_HUMAN,Q8NDY8,Q8NDY8,active,unclassified,no,agrees,Q8NDY8,2026-08-06
TMM53_HUMAN,Q6P2H8,Q6P2H8,active,non_surface,no,agrees,Q6P2H8,2026-08-06
TMM54_HUMAN,Q969K7,Q969K7,active,unclassified,no,agrees,Q969K7,2026-08-06
TMM56_HUMAN,Q96MV1,Q96MV1,active,non_surface,no,agrees,Q96MV1,2026-08-06
TMM59_HUMAN,Q9BXS4,Q9BXS4,active,non_surface,no,agrees,Q9BXS4,2026-08-06
TMM60_HUMAN,Q9H2L4,Q9H2L4,active,unclassified,no,agrees,Q9H2L4,2026-08-06
TMM61_HUMAN,Q8N0U2,Q8N0U2,active,non_surface,no,agrees,Q8N0U2,2026-08-06
TMM62_HUMAN,Q0P6H9,Q0P6H9,active,surface,no,agrees,Q0P6H9,2026-08-06
TMM64_HUMAN,Q6YI46,Q6YI46,active,non_surface,no,agrees,Q6YI46,2026-08-06
TMM65_HUMAN,Q6PI78,Q6PI78,active,non_surface,no,agrees,Q6PI78,2026-08-06
TMM68_HUMAN,Q96MH6,Q96MH6,active,non_surface,no,agrees,Q96MH6,2026-08-06
TMM69_HUMAN,Q5SWH9,Q5SWH9,active,non_surface,no,agrees,Q5SWH9,2026-08-06
TMM70_HUMAN,Q9BUB7,Q9BUB7,active,non_surface,no,agrees,Q9BUB7,2026-08-06
TMM71_HUMAN,Q6P5X7,Q6P5X7,active,non_surface,no,agrees,Q6P5X7,2026-08-06
TMM72_HUMAN,A0PK05,A0PK05,active,non_surface,no,agrees,A0PK05,2026-08-06
TMM74_HUMAN,Q96NL1,Q96NL1,active,non_surface,no,agrees,Q96NL1,2026-08-06
TMM75_HUMAN,Q8N9X5,Q8N9X5,active,non_surface,no,agrees,Q8N9X5,2026-08-06
TMM78_HUMAN,Q5T7P6,Q5T7P6,active,non_surface,no,agrees,Q5T7P6,2026-08-06
TMM79_HUMAN,Q9BSE2,Q9BSE2,active,non_surface,no,agrees,Q9BSE2,2026-08-06
TMM80_HUMAN,Q96HE8,Q96HE8,active,non_surface,no,agrees,Q96HE8,2026-08-06
TMM81_HUMAN,Q6P7N7,Q6P7N7,active,unclassified,no,agrees,Q6P7N7,2026-08-06
TMM82_HUMAN,A0PJX8,A0PJX8,active,non_surface,no,agrees,A0PJX8,2026-08-06
TMM83_HUMAN,Q96N35,Q96N35,active,non_surface,no,agrees,Q96N35,2026-08-06
TMM88_HUMAN,Q6PEY1,Q6PEY1,active,non_surface,no,agrees,Q6PEY1,2026-08-06
TMM89_HUMAN,A2RUT3,A2RUT3,active,non_surface,no,agrees,A2RUT3,2026-08-06
TMM8A_HUMAN,Q9HCN3,Q9HCN3,active,surface,no,agrees,Q9HCN3,2026-08-06
TMM8B_HUMAN,A6NDV4,A6NDV4,active,surface,no,agrees,A6NDV4,2026-08-06
TMM8C_HUMAN,A6NI61,A6NI61,active,non_surface,no,agrees,A6NI61,2026-08-06
TMM91_HUMAN,Q6ZNR0,Q6ZNR0,active,non_surface,no,agrees,Q6ZNR0,2026-08-06
TMM92_HUMAN,Q6UXU6,Q6UXU6,active,non_surface,no,agrees,Q6UXU6,2026-08-06
TMM95_HUMAN,Q3KNT9,Q3KNT9,active,surface,no,agrees,Q3KNT9,2026-08-06
TMM97_HUMAN,Q5BJF2,Q5BJF2,active,non_surface,no,agrees,Q5BJF2,2026-08-06
TMM98_HUMAN,Q9Y2Y6,Q9Y2Y6,active,non_surface,no,agrees,Q9Y2Y6,2026-08-06
TMM99_HUMAN,Q8N816,Q8N816,active,unclassified,no,agrees,Q8N816,2026-08-06
TMM9B_HUMAN,Q9NQ34,Q9NQ34,active,surface,no,agrees,Q9NQ34,2026-08-06
TMPPE_HUMAN,Q6ZT21,Q6ZT21,active,non_surface,no,agrees,Q6ZT21,2026-08-06
TMPS2_HUMAN,O15393,O15393,active,unclassified,no,agrees,O15393,2026-08-06
TMPS3_HUMAN,P57727,P57727,active,non_surface,no,agrees,P57727,2026-08-06
TMPS4_HUMAN,Q9NRS4,Q9NRS4,active,non_surface,no,agrees,Q9NRS4,2026-08-06
TMPS5_HUMAN,Q9H3S3,Q9H3S3,active,surface,no,agrees,Q9H3S3,2026-08-06
TMPS6_HUMAN,Q8IU80,Q8IU80,active,surface,no,agrees,Q8IU80,2026-08-06
TMPS7_HUMAN,Q7RTY8,Q7RTY8,active,unclassified,no,agrees,Q7RTY8,2026-08-06
TMPS9_HUMAN,Q7Z410,Q7Z410,active,unclassified,no,agrees,Q7Z410,2026-08-06
TMPSC_HUMAN,Q86WS5,Q86WS5,active,unclassified,no,agrees,Q86WS5,2026-08-06
TMPSD_HUMAN,Q9BYE2,Q9BYE2,active,surface,no,agrees,Q9BYE2,2026-08-06
TMTC1_HUMAN,Q8IUR5,Q8IUR5,active,unclassified,no,agrees,Q8IUR5,2026-08-06
TMTC2_HUMAN,Q8N394,Q8N394,active,non_surface,no,agrees,Q8N394,2026-08-06
TMTC3_HUMAN,Q6ZXV5,Q6ZXV5,active,non_surface,no,agrees,Q6ZXV5,2026-08-06
TMTC4_HUMAN,Q5T4D3,Q5T4D3,active,non_surface,no,agrees,Q5T4D3,2026-08-06
TMUB1_HUMAN,Q9BVT8,Q9BVT8,active,non_surface,no,agrees,Q9BVT8,2026-08-06
TMUB2_HUMAN,Q71RG4,Q71RG4,active,non_surface,no,agrees,Q71RG4,2026-08-06
TMX1_HUMAN,Q9H3N1,Q9H3N1,active,unclassified,no,agrees,Q9H3N1,2026-08-06
TMX2_HUMAN,Q9Y320,Q9Y320,active,non_surface,no,agrees,Q9Y320,2026-08-06
TMX3_HUMAN,Q96JJ7,Q96JJ7,active,surface,no,agrees,Q96JJ7,2026-08-06
TMX4_HUMAN,Q9H1E5,Q9H1E5,active,surface,no,agrees,Q9H1E5,2026-08-06
TN13B_HUMAN,Q9Y275,Q9Y275,active,surface,no,agrees,Q9Y275,2026-08-06
TNF10_HUMAN,P50591,P50591,active,unclassified,no,agrees,P50591,2026-08-06
TNF11_HUMAN,O14788,O14788,active,surface,no,agrees,O14788,2026-08-06
TNF12_HUMAN,O43508,O43508,active,unclassified,no,agrees,O43508,2026-08-06
TNF13_HUMAN,O75888,O75888,active,non_surface,no,agrees,O75888,2026-08-06
TNF14_HUMAN,O43557,O43557,active,unclassified,no,agrees,O43557,2026-08-06
TNF15_HUMAN,O95150,O95150,active,surface,no,agrees,O95150,2026-08-06
TNF18_HUMAN,Q9UNG2,Q9UNG2,active,surface,no,agrees,Q9UNG2,2026-08-06
TNF6B_HUMAN,O95407,O95407,active,unclassified,no,agrees,O95407,2026-08-06
TNFA_HUMAN,P01375,P01375,active,non_surface,no,agrees,P01375,2026-08-06
TNFB_HUMAN,P01374,P01374,active,unclassified,no,agrees,P01374,2026-08-06
TNFC_HUMAN,Q06643,Q06643,active,unclassified,no,agrees,Q06643,2026-08-06
TNFL4_HUMAN,P23510,P23510,active,surface,no,agrees,P23510,2026-08-06
TNFL6_HUMAN,P48023,P48023,active,surface,no,agrees,P48023,2026-08-06
TNFL8_HUMAN,P32971,P32971,active,surface,no,agrees,P32971,2026-08-06
TNFL9_HUMAN,P41273,P41273,active,non_surface,no,agrees,P41273,2026-08-06
TNG6_HUMAN,Q9C0B7,Q9C0B7,active,non_surface,no,agrees,Q9C0B7,2026-08-06
TNKS2_HUMAN,Q9H2K2,Q9H2K2,active,unclassified,no,agrees,Q9H2K2,2026-08-06
TNMD_HUMAN,Q9H2S6,Q9H2S6,active,non_surface,no,agrees,Q9H2S6,2026-08-06
TNR11_HUMAN,Q9Y6Q6,Q9Y6Q6,active,surface,no,agrees,Q9Y6Q6,2026-08-06
TNR12_HUMAN,Q9NP84,Q9NP84,active,unclassified,no,agrees,Q9NP84,2026-08-06
TNR14_HUMAN,Q92956,Q92956,active,surface,no,agrees,Q92956,2026-08-06
TNR16_HUMAN,P08138,P08138,active,surface,no,agrees,P08138,2026-08-06
TNR17_HUMAN,Q02223,Q02223,active,surface,no,agrees,Q02223,2026-08-06
TNR18_HUMAN,Q9Y5U5,Q9Y5U5,active,surface,no,agrees,Q9Y5U5,2026-08-06
TNR19_HUMAN,Q9NS68,Q9NS68,active,surface,no,agrees,Q9NS68,2026-08-06
TNR1A_HUMAN,P19438,P19438,active,surface,no,agrees,P19438,2026-08-06
TNR1B_HUMAN,P20333,P20333,active,surface,no,agrees,P20333,2026-08-06
TNR21_HUMAN,O75509,O75509,active,surface,no,agrees,O75509,2026-08-06
TNR25_HUMAN,Q93038,Q93038,active,surface,no,agrees,Q93038,2026-08-06
TNR27_HUMAN,Q9HAV5,Q9HAV5,active,surface,no,agrees,Q9HAV5,2026-08-06
TNR3_HUMAN,P36941,P36941,active,surface,no,agrees,P36941,2026-08-06
TNR4_HUMAN,P43489,P43489,active,surface,no,agrees,P43489,2026-08-06
TNR5_HUMAN,P25942,P25942,active,surface,no,agrees,P25942,2026-08-06
TNR6_HUMAN,P25445,P25445,active,surface,no,agrees,P25445,2026-08-06
TNR8_HUMAN,P28908,P28908,active,surface,no,agrees,P28908,2026-08-06
TNR9_HUMAN,Q07011,Q07011,active,surface,no,agrees,Q07011,2026-08-06
TO20L_HUMAN,Q6UXN7,Q6UXN7,active,non_surface,no,agrees,Q6UXN7,2026-08-06
TOIP1_HUMAN,Q5JTV8,Q5JTV8,active,non_surface,no,agrees,Q5JTV8,2026-08-06
TOIP2_HUMAN,Q8NFQ8,Q8NFQ8,active,unclassified,no,agrees,Q8NFQ8,2026-08-06
TOM20_HUMAN,Q15388,Q15388,active,non_surface,no,agrees,Q15388,2026-08-06
TOM22_HUMAN,Q9NS69,Q9NS69,active,non_surface,no,agrees,Q9NS69,2026-08-06
TOM5_HUMAN,Q8N4H5,Q8N4H5,active,non_surface,no,agrees,Q8N4H5,2026-08-06
TOM70_HUMAN,O94826,O94826,active,non_surface,no,agrees,O94826,2026-08-06
TOM7_HUMAN,Q9P0U1,Q9P0U1,active,non_surface,no,agrees,Q9P0U1,2026-08-06
TOMT_HUMAN,Q8WZ04,Q8WZ04,active,non_surface,no,agrees,Q8WZ04,2026-08-06
TOP1M_HUMAN,Q969P6,Q969P6,active,unclassified,no,agrees,Q969P6,2026-08-06
TOR1A_HUMAN,O14656,O14656,active,unclassified,no,agrees,O14656,2026-08-06
TOR1B_HUMAN,O14657,O14657,active,unclassified,no,agrees,O14657,2026-08-06
TOR2A_HUMAN,Q5JU69,Q5JU69,active,unclassified,no,agrees,Q5JU69,2026-08-06
TOR2X_HUMAN,Q8N2E6,Q8N2E6,active,unclassified,no,agrees,Q8N2E6,2026-08-06
TOR3A_HUMAN,Q9H497,Q9H497,active,unclassified,no,agrees,Q9H497,2026-08-06
TOR4A_HUMAN,Q9NXH8,Q9NXH8,active,non_surface,no,agrees,Q9NXH8,2026-08-06
TP4AP_HUMAN,Q8TEL6,Q8TEL6,active,non_surface,no,agrees,Q8TEL6,2026-08-06
TPA_HUMAN,P00750,P00750,active,unclassified,no,agrees,P00750,2026-08-06
TPBGL_HUMAN,P0DKB5,P0DKB5,active,surface,no,agrees,P0DKB5,2026-08-06
TPBG_HUMAN,Q13641,Q13641,active,surface,no,agrees,Q13641,2026-08-06
TPC1_HUMAN,Q9ULQ1,Q9ULQ1,active,surface,no,agrees,Q9ULQ1,2026-08-06
TPC2_HUMAN,Q8NHX9,Q8NHX9,active,non_surface,no,agrees,Q8NHX9,2026-08-06
TPOR_HUMAN,P40238,P40238,active,surface,no,agrees,P40238,2026-08-06
TPO_HUMAN,P40225,P40225,active,unclassified,no,agrees,P40225,2026-08-06
TPP1_HUMAN,O14773,O14773,active,unclassified,no,agrees,O14773,2026-08-06
TPRA1_HUMAN,Q86W33,Q86W33,active,surface,no,agrees,Q86W33,2026-08-06
TPSNR_HUMAN,Q9BX59,Q9BX59,active,unclassified,no,agrees,Q9BX59,2026-08-06
TPSN_HUMAN,O15533,O15533,active,unclassified,no,agrees,O15533,2026-08-06
TPST1_HUMAN,O60507,O60507,active,non_surface,no,agrees,O60507,2026-08-06
TPST2_HUMAN,O60704,O60704,active,non_surface,no,agrees,O60704,2026-08-06
TPT2L_HUMAN,Q5T6R2,Q5T6R2,active,non_surface,no,agrees,Q5T6R2,2026-08-06
TPTE2_HUMAN,Q6XPS3,Q6XPS3,active,non_surface,no,agrees,Q6XPS3,2026-08-06
TPTE_HUMAN,P56180,P56180,active,non_surface,no,agrees,P56180,2026-08-06
TR10A_HUMAN,O00220,O00220,active,surface,no,agrees,O00220,2026-08-06
TR10B_HUMAN,O14763,O14763,active,unclassified,no,agrees,O14763,2026-08-06
TR10C_HUMAN,O14798,O14798,active,surface,no,agrees,O14798,2026-08-06
TR10D_HUMAN,Q9UBN6,Q9UBN6,active,surface,no,agrees,Q9UBN6,2026-08-06
TR11B_HUMAN,O00300,O00300,active,unclassified,no,agrees,O00300,2026-08-06
TR13B_HUMAN,O14836,O14836,active,surface,no,agrees,O14836,2026-08-06
TR13C_HUMAN,Q96RJ3,Q96RJ3,active,non_surface,no,agrees,Q96RJ3,2026-08-06
TR19L_HUMAN,Q969Z4,Q969Z4,active,surface,no,agrees,Q969Z4,2026-08-06
TR1L1_HUMAN,Q8N609,Q8N609,active,non_surface,no,agrees,Q8N609,2026-08-06
TRABD_HUMAN,Q9H4I3,Q9H4I3,active,non_surface,no,agrees,Q9H4I3,2026-08-06
TRAK1_HUMAN,Q9UPV9,Q9UPV9,active,unclassified,no,agrees,Q9UPV9,2026-08-06
TRAM1_HUMAN,Q15629,Q15629,active,non_surface,no,agrees,Q15629,2026-08-06
TRAM2_HUMAN,Q15035,Q15035,active,non_surface,no,agrees,Q15035,2026-08-06
TRAT1_HUMAN,Q6PIZ9,Q6PIZ9,active,surface,no,agrees,Q6PIZ9,2026-08-06
TRBC1_HUMAN,P01850,P01850,active,non_surface,no,agrees,P01850,2026-08-06
TRBC2_HUMAN,A0A5B9,A0A5B9,active,non_surface,no,agrees,A0A5B9,2026-08-06
TRBM_HUMAN,P07204,P07204,active,surface,no,agrees,P07204,2026-08-06
TRDC_HUMAN,B7Z8K6,B7Z8K6,active,non_surface,no,agrees,B7Z8K6,2026-08-06
TRDN_HUMAN,Q13061,Q13061,active,non_surface,no,agrees,Q13061,2026-08-06
TREA_HUMAN,O43280,O43280,active,surface,no,agrees,O43280,2026-08-06
TREM1_HUMAN,Q9NP99,Q9NP99,active,surface,no,agrees,Q9NP99,2026-08-06
TREM2_HUMAN,Q9NZC2,Q9NZC2,active,surface,no,agrees,Q9NZC2,2026-08-06
TREX1_HUMAN,Q9NSU2,Q9NSU2,active,non_surface,no,agrees,Q9NSU2,2026-08-06
TRFE_HUMAN,P02787,P02787,active,unclassified,no,agrees,P02787,2026-08-06
TRFL_HUMAN,P02788,P02788,active,unclassified,no,agrees,P02788,2026-08-06
TRFM_HUMAN,P08582,P08582,active,surface,no,agrees,P08582,2026-08-06
TRFR_HUMAN,P34981,P34981,active,surface,no,agrees,P34981,2026-08-06
TRGC1_HUMAN,P0CF51,P0CF51,active,unclassified,no,agrees,P0CF51,2026-08-06
TRGC2_HUMAN,P03986,P03986,active,surface,no,agrees,P03986,2026-08-06
TRHDE_HUMAN,Q9UKU6,Q9UKU6,active,surface,no,agrees,Q9UKU6,2026-08-06
TRH_HUMAN,P20396,P20396,active,unclassified,no,agrees,P20396,2026-08-06
TRI13_HUMAN,O60858,O60858,active,non_surface,no,agrees,O60858,2026-08-06
TRI38_HUMAN,O00635,O00635,active,unclassified,no,agrees,O00635,2026-08-06
TRI59_HUMAN,Q8IWR1,Q8IWR1,active,non_surface,no,agrees,Q8IWR1,2026-08-06
TRI75_HUMAN,A6NK02,A6NK02,active,unclassified,no,agrees,A6NK02,2026-08-06
TRIL_HUMAN,Q7L0X0,Q7L0X0,active,surface,no,agrees,Q7L0X0,2026-08-06
TRIPB_HUMAN,Q15643,Q15643,active,unclassified,no,agrees,Q15643,2026-08-06
TRIQK_HUMAN,Q629K1,Q629K1,active,non_surface,no,agrees,Q629K1,2026-08-06
TRM1_HUMAN,Q9NXH9,Q9NXH9,active,unclassified,no,agrees,Q9NXH9,2026-08-06
TRM2_HUMAN,Q96GJ1,Q96GJ1,active,non_surface,no,agrees,Q96GJ1,2026-08-06
TRML1_HUMAN,Q86YW5,Q86YW5,active,unclassified,no,agrees,Q86YW5,2026-08-06
TRML2_HUMAN,Q5T2D2,Q5T2D2,active,surface,no,agrees,Q5T2D2,2026-08-06
TRML4_HUMAN,Q6UXN2,Q6UXN2,active,unclassified,no,agrees,Q6UXN2,2026-08-06
TRPA1_HUMAN,O75762,O75762,active,unclassified,no,agrees,O75762,2026-08-06
TRPC1_HUMAN,P48995,P48995,active,non_surface,no,agrees,P48995,2026-08-06
TRPC3_HUMAN,Q13507,Q13507,active,unclassified,no,agrees,Q13507,2026-08-06
TRPC4_HUMAN,Q9UBN4,Q9UBN4,active,non_surface,no,agrees,Q9UBN4,2026-08-06
TRPC5_HUMAN,Q9UL62,Q9UL62,active,unclassified,no,agrees,Q9UL62,2026-08-06
TRPC6_HUMAN,Q9Y210,Q9Y210,active,unclassified,no,agrees,Q9Y210,2026-08-06
TRPC7_HUMAN,Q9HCX4,Q9HCX4,active,non_surface,no,agrees,Q9HCX4,2026-08-06
TRPM1_HUMAN,Q7Z4N2,Q7Z4N2,active,unclassified,no,agrees,Q7Z4N2,2026-08-06
TRPM2_HUMAN,O94759,O94759,active,unclassified,no,agrees,O94759,2026-08-06
TRPM3_HUMAN,Q9HCF6,Q9HCF6,active,non_surface,no,agrees,Q9HCF6,2026-08-06
TRPM4_HUMAN,Q8TD43,Q8TD43,active,non_surface,no,agrees,Q8TD43,2026-08-06
TRPM5_HUMAN,Q9NZQ8,Q9NZQ8,active,non_surface,no,agrees,Q9NZQ8,2026-08-06
TRPM6_HUMAN,Q9BX84,Q9BX84,active,non_surface,no,agrees,Q9BX84,2026-08-06
TRPM7_HUMAN,Q96QT4,Q96QT4,active,non_surface,no,agrees,Q96QT4,2026-08-06
TRPM8_HUMAN,Q7Z2W7,Q7Z2W7,active,unclassified,no,agrees,Q7Z2W7,2026-08-06
TRPV1_HUMAN,Q8NER1,Q8NER1,active,non_surface,no,agrees,Q8NER1,2026-08-06
TRPV2_HUMAN,Q9Y5S1,Q9Y5S1,active,surface,no,agrees,Q9Y5S1,2026-08-06
TRPV3_HUMAN,Q8NET8,Q8NET8,active,non_surface,no,agrees,Q8NET8,2026-08-06
TRPV4_HUMAN,Q9HBA0,Q9HBA0,active,surface,no,agrees,Q9HBA0,2026-08-06
TRPV5_HUMAN,Q9NQA5,Q9NQA5,active,surface,no,agrees,Q9NQA5,2026-08-06
TRPV6_HUMAN,Q9H1D0,Q9H1D0,active,surface,no,agrees,Q9H1D0,2026-08-06
TRRAP_HUMAN,Q9Y4A5,Q9Y4A5,active,non_surface,no,agrees,Q9Y4A5,2026-08-06
TRY1_HUMAN,P07477,P07477,active,unclassified,no,agrees,P07477,2026-08-06
TRY2_HUMAN,P07478,P07478,active,unclassified,no,agrees,P07478,2026-08-06
TRY6_HUMAN,Q8NHM4,Q8NHM4,active,unclassified,no,agrees,Q8NHM4,2026-08-06
TRYB1_HUMAN,Q15661,Q15661,active,unclassified,no,agrees,Q15661,2026-08-06
TRYB2_HUMAN,P20231,P20231,active,unclassified,no,agrees,P20231,2026-08-06
TRYD_HUMAN,Q9BZJ3,Q9BZJ3,active,unclassified,no,agrees,Q9BZJ3,2026-08-06
TRYG1_HUMAN,Q9NRR2,Q9NRR2,active,surface,no,agrees,Q9NRR2,2026-08-06
TS1R1_HUMAN,Q7RTX1,Q7RTX1,active,surface,no,agrees,Q7RTX1,2026-08-06
TS1R2_HUMAN,Q8TE23,Q8TE23,active,surface,no,agrees,Q8TE23,2026-08-06
TS1R3_HUMAN,Q7RTX0,Q7RTX0,active,surface,no,agrees,Q7RTX0,2026-08-06
TSAS2_HUMAN,P59090,P59090,inactive,unclassified,no,agrees,P59090,2026-08-06
TSC1_HUMAN,Q92574,Q92574,active,non_surface,no,agrees,Q92574,2026-08-06
TSC2_HUMAN,P49815,P49815,active,non_surface,no,agrees,P49815,2026-08-06
TSCOT_HUMAN,Q9BY10,Q9BY10,active,surface,no,agrees,Q9BY10,2026-08-06
TSEAR_HUMAN,Q8WU66,Q8WU66,active,unclassified,no,agrees,Q8WU66,2026-08-06
TSG6_HUMAN,P98066,P98066,active,unclassified,no,agrees,P98066,2026-08-06
TSHB_HUMAN,P01222,P01222,active,unclassified,no,agrees,P01222,2026-08-06
TSHR_HUMAN,P16473,P16473,active,surface,no,agrees,P16473,2026-08-06
TSK_HUMAN,Q8WUA8,Q8WUA8,active,unclassified,no,agrees,Q8WUA8,2026-08-06
TSLP_HUMAN,Q969D9,Q969D9,active,unclassified,no,agrees,Q969D9,2026-08-06
TSN10_HUMAN,Q9H1Z9,Q9H1Z9,active,unclassified,no,agrees,Q9H1Z9,2026-08-06
TSN11_HUMAN,A1L157,A1L157,active,surface,no,agrees,A1L157,2026-08-06
TSN12_HUMAN,O95859,O95859,active,unclassified,no,agrees,O95859,2026-08-06
TSN13_HUMAN,O95857,O95857,active,surface,no,agrees,O95857,2026-08-06
TSN14_HUMAN,Q8NG11,Q8NG11,active,surface,no,agrees,Q8NG11,2026-08-06
TSN15_HUMAN,O95858,O95858,active,surface,no,agrees,O95858,2026-08-06
TSN16_HUMAN,Q9UKR8,Q9UKR8,active,non_surface,no,agrees,Q9UKR8,2026-08-06
TSN17_HUMAN,Q96FV3,Q96FV3,active,surface,no,agrees,Q96FV3,2026-08-06
TSN18_HUMAN,Q96SJ8,Q96SJ8,active,surface,no,agrees,Q96SJ8,2026-08-06
TSN19_HUMAN,P0C672,P0C672,active,unclassified,no,agrees,P0C672,2026-08-06
TSN1_HUMAN,O60635,O60635,active,surface,no,agrees,O60635,2026-08-06
TSN2_HUMAN,O60636,O60636,active,surface,no,agrees,O60636,2026-08-06
TSN31_HUMAN,Q12999,Q12999,active,surface,no,agrees,Q12999,2026-08-06
TSN32_HUMAN,Q96QS1,Q96QS1,active,unclassified,no,agrees,Q96QS1,2026-08-06
TSN33_HUMAN,Q86UF1,Q86UF1,active,surface,no,agrees,Q86UF1,2026-08-06
TSN3_HUMAN,O60637,O60637,active,surface,no,agrees,O60637,2026-08-06
TSN4_HUMAN,O14817,O14817,active,surface,no,agrees,O14817,2026-08-06
TSN5_HUMAN,P62079,P62079,active,surface,no,agrees,P62079,2026-08-06
TSN6_HUMAN,O43657,O43657,active,surface,no,agrees,O43657,2026-08-06
TSN7_HUMAN,P41732,P41732,active,surface,no,agrees,P41732,2026-08-06
TSN8_HUMAN,P19075,P19075,active,surface,no,agrees,P19075,2026-08-06
TSN9_HUMAN,O75954,O75954,active,surface,no,agrees,O75954,2026-08-06
TSNA1_HUMAN,Q96NA8,Q96NA8,active,non_surface,no,agrees,Q96NA8,2026-08-06
TSP1_HUMAN,P07996,P07996,active,unclassified,no,agrees,P07996,2026-08-06
TSP2_HUMAN,P35442,P35442,active,unclassified,no,agrees,P35442,2026-08-06
TSP3_HUMAN,P49746,P49746,active,unclassified,no,agrees,P49746,2026-08-06
TSP4_HUMAN,P35443,P35443,active,unclassified,no,agrees,P35443,2026-08-06
TSP50_HUMAN,Q9UI38,Q9UI38,active,unclassified,no,agrees,Q9UI38,2026-08-06
TSPO2_HUMAN,Q5TGU0,Q5TGU0,active,non_surface,no,agrees,Q5TGU0,2026-08-06
TSPOA_HUMAN,P30536,P30536,active,non_surface,no,agrees,P30536,2026-08-06
TSR3_HUMAN,Q9UJK0,Q9UJK0,active,non_surface,no,agrees,Q9UJK0,2026-08-06
TSSK1_HUMAN,Q9BXA7,Q9BXA7,active,non_surface,no,agrees,Q9BXA7,2026-08-06
TSSK2_HUMAN,Q96PF2,Q96PF2,active,non_surface,no,agrees,Q96PF2,2026-08-06
TSSP_HUMAN,Q9NQE7,Q9NQE7,active,unclassified,no,agrees,Q9NQE7,2026-08-06
TTC13_HUMAN,Q8NBP0,Q8NBP0,active,unclassified,no,agrees,Q8NBP0,2026-08-06
TTC19_HUMAN,Q6DKK2,Q6DKK2,active,unclassified,no,agrees,Q6DKK2,2026-08-06
TTC37_HUMAN,Q6PGP7,Q6PGP7,active,non_surface,no,agrees,Q6PGP7,2026-08-06
TTC3_HUMAN,P53804,P53804,active,non_surface,no,agrees,P53804,2026-08-06
TTC9B_HUMAN,Q8N6N2,Q8N6N2,active,unclassified,no,agrees,Q8N6N2,2026-08-06
TTHY_HUMAN,P02766,P02766,active,unclassified,no,agrees,P02766,2026-08-06
TTL11_HUMAN,Q8NHH1,Q8NHH1,active,unclassified,no,agrees,Q8NHH1,2026-08-06
TTMP_HUMAN,Q5BVD1,Q5BVD1,active,non_surface,no,agrees,Q5BVD1,2026-08-06
TTY13_HUMAN,Q9BZ97,Q9BZ97,active,non_surface,no,agrees,Q9BZ97,2026-08-06
TTYH1_HUMAN,Q9H313,Q9H313,active,surface,no,agrees,Q9H313,2026-08-06
TTYH2_HUMAN,Q9BSA4,Q9BSA4,active,surface,no,agrees,Q9BSA4,2026-08-06
TTYH3_HUMAN,Q9C0H2,Q9C0H2,active,surface,no,agrees,Q9C0H2,2026-08-06
TUSC3_HUMAN,Q13454,Q13454,active,unclassified,no,agrees,Q13454,2026-08-06
TUSC5_HUMAN,Q8IXB3,Q8IXB3,active,non_surface,no,agrees,Q8IXB3,2026-08-06
TUTLA_HUMAN,Q9P2J2,Q9P2J2,active,surface,no,agrees,Q9P2J2,2026-08-06
TUTLB_HUMAN,Q9UPX0,Q9UPX0,active,surface,no,agrees,Q9UPX0,2026-08-06
TV23A_HUMAN,A6NH52,A6NH52,active,non_surface,no,agrees,A6NH52,2026-08-06
TV23B_HUMAN,Q9NYZ1,Q9NYZ1,active,non_surface,no,agrees,Q9NYZ1,2026-08-06
TV23C_HUMAN,Q96ET8,Q96ET8,active,non_surface,no,agrees,Q96ET8,2026-08-06
TVA1_HUMAN,P04436,A0A0A6YYK7,merged,unclassified,no,disagrees,A0A0A6YYK7,2026-08-06
TVA2_HUMAN,P04437,P04437,active,unclassified,no,agrees,P04437,2026-08-06
TVA3_HUMAN,P01737,P01737,active,unclassified,no,agrees,P01737,2026-08-06
TVB1_HUMAN,P01733,P01733,active,unclassified,no,agrees,P01733,2026-08-06
TVB2_HUMAN,P04435,P04435,active,unclassified,no,agrees,P04435,2026-08-06
TVC_HUMAN,P03979,P03979,active,unclassified,no,agrees,P03979,2026-08-06
TWSG1_HUMAN,Q9GZX9,Q9GZX9,active,unclassified,no,agrees,Q9GZX9,2026-08-06
TX101_HUMAN,Q9BY14,Q9BY14,active,surface,no,agrees,Q9BY14,2026-08-06
TX261_HUMAN,Q6UWH6,Q6UWH6,active,non_surface,no,agrees,Q6UWH6,2026-08-06
TX264_HUMAN,Q9Y6I9,Q9Y6I9,active,unclassified,no,agrees,Q9Y6I9,2026-08-06
TXD11_HUMAN,Q6PKC3,Q6PKC3,active,non_surface,no,agrees,Q6PKC3,2026-08-06
TXD12_HUMAN,O95881,O95881,active,unclassified,no,agrees,O95881,2026-08-06
TXD15_HUMAN,Q96J42,Q96J42,active,surface,no,agrees,Q96J42,2026-08-06
TXD16_HUMAN,Q9P2K2,Q9P2K2,active,unclassified,no,agrees,Q9P2K2,2026-08-06
TXND5_HUMAN,Q8NBS9,Q8NBS9,active,unclassified,no,agrees,Q8NBS9,2026-08-06
TYOBP_HUMAN,O43914,O43914,active,unclassified,no,agrees,O43914,2026-08-06
TYRO3_HUMAN,Q06418,Q06418,active,surface,no,agrees,Q06418,2026-08-06
TYRO_HUMAN,P14679,P14679,active,surface,no,agrees,P14679,2026-08-06
TYRP1_HUMAN,P17643,P17643,active,surface,no,agrees,P17643,2026-08-06
TYRP2_HUMAN,P40126,P40126,active,surface,no,agrees,P40126,2026-08-06
TYW1B_HUMAN,Q6NUM6,Q6NUM6,active,non_surface,no,agrees,Q6NUM6,2026-08-06
TYW1_HUMAN,Q9NV66,Q9NV66,active,non_surface,no,agrees,Q9NV66,2026-08-06
U119B_HUMAN,A6NIH7,A6NIH7,active,unclassified,no,agrees,A6NIH7,2026-08-06
UACA_HUMAN,Q9BZF9,Q9BZF9,active,unclassified,no,agrees,Q9BZF9,2026-08-06
UB2J1_HUMAN,Q9Y385,Q9Y385,active,non_surface,no,agrees,Q9Y385,2026-08-06
UB2J2_HUMAN,Q8N2K1,Q8N2K1,active,non_surface,no,agrees,Q8N2K1,2026-08-06
UBA1_HUMAN,P22314,P22314,active,non_surface,no,agrees,P22314,2026-08-06
UBA7_HUMAN,P41226,P41226,active,non_surface,no,agrees,P41226,2026-08-06
UBAC2_HUMAN,Q8NBM4,Q8NBM4,active,surface,no,agrees,Q8NBM4,2026-08-06
UBIA1_HUMAN,Q9Y5Z9,Q9Y5Z9,active,non_surface,no,agrees,Q9Y5Z9,2026-08-06
UBP18_HUMAN,Q9UMW8,Q9UMW8,active,unclassified,no,agrees,Q9UMW8,2026-08-06
UBP19_HUMAN,O94966,O94966,active,non_surface,no,agrees,O94966,2026-08-06
UBP30_HUMAN,Q70CQ3,Q70CQ3,active,non_surface,no,agrees,Q70CQ3,2026-08-06
UBR1_HUMAN,Q8IWV7,Q8IWV7,active,non_surface,no,agrees,Q8IWV7,2026-08-06
UBR3_HUMAN,Q6ZT12,Q6ZT12,active,non_surface,no,agrees,Q6ZT12,2026-08-06
UBR4_HUMAN,Q5T4S7,Q5T4S7,active,non_surface,no,agrees,Q5T4S7,2026-08-06
UBXN4_HUMAN,Q92575,Q92575,active,unclassified,no,agrees,Q92575,2026-08-06
UBXN8_HUMAN,O00124,O00124,active,non_surface,no,agrees,O00124,2026-08-06
UCMA_HUMAN,Q8WVF2,Q8WVF2,active,unclassified,no,agrees,Q8WVF2,2026-08-06
UCN1_HUMAN,P55089,P55089,active,unclassified,no,agrees,P55089,2026-08-06
UCN2_HUMAN,Q96RP3,Q96RP3,active,unclassified,no,agrees,Q96RP3,2026-08-06
UCN3_HUMAN,Q969E3,Q969E3,active,unclassified,no,agrees,Q969E3,2026-08-06
UCP2_HUMAN,P55851,P55851,active,non_surface,no,agrees,P55851,2026-08-06
UCP5_HUMAN,O95258,O95258,active,unclassified,no,agrees,O95258,2026-08-06
UD110_HUMAN,Q9HAW8,Q9HAW8,active,non_surface,no,agrees,Q9HAW8,2026-08-06
UD11_HUMAN,P22309,P22309,active,non_surface,no,agrees,P22309,2026-08-06
UD13_HUMAN,P35503,P35503,active,non_surface,no,agrees,P35503,2026-08-06
UD14_HUMAN,P22310,P22310,active,non_surface,no,agrees,P22310,2026-08-06
UD15_HUMAN,P35504,P35504,active,non_surface,no,agrees,P35504,2026-08-06
UD16_HUMAN,P19224,P19224,active,non_surface,no,agrees,P19224,2026-08-06
UD17_HUMAN,Q9HAW7,Q9HAW7,active,non_surface,no,agrees,Q9HAW7,2026-08-06
UD18_HUMAN,Q9HAW9,Q9HAW9,active,non_surface,no,agrees,Q9HAW9,2026-08-06
UD19_HUMAN,O60656,O60656,active,non_surface,no,agrees,O60656,2026-08-06
UD2A1_HUMAN,Q9Y4X1,Q9Y4X1,inactive,unclassified,no,agrees,Q9Y4X1,2026-08-06
UD2A3_HUMAN,Q6UWM9,Q6UWM9,active,unclassified,no,agrees,Q6UWM9,2026-08-06
UD2B4_HUMAN,P06133,P06133,active,non_surface,no,agrees,P06133,2026-08-06
UD2B7_HUMAN,P16662,P16662,active,non_surface,no,agrees,P16662,2026-08-06
UD3A1_HUMAN,Q6NUS8,Q6NUS8,active,non_surface,no,agrees,Q6NUS8,2026-08-06
UD3A2_HUMAN,Q3SY77,Q3SY77,active,non_surface,no,agrees,Q3SY77,2026-08-06
UDB10_HUMAN,P36537,P36537,active,non_surface,no,agrees,P36537,2026-08-06
UDB11_HUMAN,O75310,O75310,active,non_surface,no,agrees,O75310,2026-08-06
UDB15_HUMAN,P54855,P54855,active,non_surface,no,agrees,P54855,2026-08-06
UDB17_HUMAN,O75795,O75795,active,non_surface,no,agrees,O75795,2026-08-06
UDB28_HUMAN,Q9BY64,Q9BY64,active,non_surface,no,agrees,Q9BY64,2026-08-06
UFO_HUMAN,P30530,P30530,active,surface,no,agrees,P30530,2026-08-06
UGGG1_HUMAN,Q9NYU2,Q9NYU2,active,unclassified,no,agrees,Q9NYU2,2026-08-06
UGGG2_HUMAN,Q9NYU1,Q9NYU1,active,unclassified,no,agrees,Q9NYU1,2026-08-06
ULK4_HUMAN,Q96C45,Q96C45,active,non_surface,no,agrees,Q96C45,2026-08-06
UN5CL_HUMAN,Q8IV45,Q8IV45,active,non_surface,no,agrees,Q8IV45,2026-08-06
UN93A_HUMAN,Q86WB7,Q86WB7,active,surface,no,agrees,Q86WB7,2026-08-06
UN93B_HUMAN,Q9H1C4,Q9H1C4,active,surface,no,agrees,Q9H1C4,2026-08-06
UNC50_HUMAN,Q53HI1,Q53HI1,active,non_surface,no,agrees,Q53HI1,2026-08-06
UNC5A_HUMAN,Q6ZN44,Q6ZN44,active,surface,no,agrees,Q6ZN44,2026-08-06
UNC5B_HUMAN,Q8IZJ1,Q8IZJ1,active,surface,no,agrees,Q8IZJ1,2026-08-06
UNC5C_HUMAN,O95185,O95185,active,surface,no,agrees,O95185,2026-08-06
UNC5D_HUMAN,Q6UXZ4,Q6UXZ4,active,surface,no,agrees,Q6UXZ4,2026-08-06
UNC79_HUMAN,Q9P2D8,Q9P2D8,active,non_surface,no,agrees,Q9P2D8,2026-08-06
UPAR_HUMAN,Q03405,Q03405,active,surface,no,agrees,Q03405,2026-08-06
UPK1A_HUMAN,O00322,O00322,active,surface,no,agrees,O00322,2026-08-06
UPK1B_HUMAN,O75841,O75841,active,surface,no,agrees,O75841,2026-08-06
UPK2_HUMAN,O00526,O00526,active,surface,no,agrees,O00526,2026-08-06
UPK3A_HUMAN,O75631,O75631,active,surface,no,agrees,O75631,2026-08-06
UPK3B_HUMAN,Q9BT76,Q9BT76,active,surface,no,agrees,Q9BT76,2026-08-06
UPK3L_HUMAN,B0FP48,B0FP48,active,surface,no,agrees,B0FP48,2026-08-06
UQCC1_HUMAN,Q9NVA1,Q9NVA1,active,non_surface,no,agrees,Q9NVA1,2026-08-06
UQCC3_HUMAN,Q6UW78,Q6UW78,active,non_surface,no,agrees,Q6UW78,2026-08-06
UR2R_HUMAN,Q9UKP6,Q9UKP6,active,surface,no,agrees,Q9UKP6,2026-08-06
UROK_HUMAN,P00749,P00749,active,unclassified,no,agrees,P00749,2026-08-06
UROL1_HUMAN,Q5DID0,Q5DID0,active,surface,no,agrees,Q5DID0,2026-08-06
UROM_HUMAN,P07911,P07911,active,surface,no,agrees,P07911,2026-08-06
USE1_HUMAN,Q9NZ43,Q9NZ43,active,non_surface,no,agrees,Q9NZ43,2026-08-06
USH2A_HUMAN,O75445,O75445,active,surface,no,agrees,O75445,2026-08-06
USMG5_HUMAN,Q96IX5,Q96IX5,active,non_surface,no,agrees,Q96IX5,2026-08-06
UST_HUMAN,Q9Y2C2,Q9Y2C2,active,non_surface,no,agrees,Q9Y2C2,2026-08-06
UT1_HUMAN,Q13336,Q13336,active,surface,no,agrees,Q13336,2026-08-06
UT2_HUMAN,Q15849,Q15849,active,surface,no,agrees,Q15849,2026-08-06
UTER_HUMAN,P11684,P11684,active,unclassified,no,agrees,P11684,2026-08-06
UTS2B_HUMAN,Q765I0,Q765I0,active,unclassified,no,agrees,Q765I0,2026-08-06
UTS2_HUMAN,O95399,O95399,active,unclassified,no,agrees,O95399,2026-08-06
UTY_HUMAN,O14607,O14607,active,unclassified,no,agrees,O14607,2026-08-06
UXS1_HUMAN,Q8NBZ7,Q8NBZ7,active,non_surface,no,agrees,Q8NBZ7,2026-08-06
V1AR_HUMAN,P37288,P37288,active,surface,no,agrees,P37288,2026-08-06
V1BR_HUMAN,P47901,P47901,active,surface,no,agrees,P47901,2026-08-06
V2R_HUMAN,P30518,P30518,active,surface,no,agrees,P30518,2026-08-06
VA0E1_HUMAN,O15342,O15342,active,non_surface,no,agrees,O15342,2026-08-06
VA0E2_HUMAN,Q8NHE4,Q8NHE4,active,non_surface,no,agrees,Q8NHE4,2026-08-06
VACHT_HUMAN,Q16572,Q16572,active,surface,no,agrees,Q16572,2026-08-06
VAMP1_HUMAN,P23763,P23763,active,non_surface,no,agrees,P23763,2026-08-06
VAMP2_HUMAN,P63027,P63027,active,non_surface,no,agrees,P63027,2026-08-06
VAMP3_HUMAN,Q15836,Q15836,active,non_surface,no,agrees,Q15836,2026-08-06
VAMP4_HUMAN,O75379,O75379,active,non_surface,no,agrees,O75379,2026-08-06
VAMP5_HUMAN,O95183,O95183,active,non_surface,no,agrees,O95183,2026-08-06
VAMP7_HUMAN,P51809,P51809,active,non_surface,no,agrees,P51809,2026-08-06
VAMP8_HUMAN,Q9BV40,Q9BV40,active,non_surface,no,agrees,Q9BV40,2026-08-06
VANG1_HUMAN,Q8TAA9,Q8TAA9,active,non_surface,no,agrees,Q8TAA9,2026-08-06
VANG2_HUMAN,Q9ULK5,Q9ULK5,active,non_surface,no,agrees,Q9ULK5,2026-08-06
VAPA_HUMAN,Q9P0L0,Q9P0L0,active,non_surface,no,agrees,Q9P0L0,2026-08-06
VAPB_HUMAN,O95292,O95292,active,non_surface,no,agrees,O95292,2026-08-06
VAS1L_HUMAN,Q52LC2,Q52LC2,active,non_surface,no,agrees,Q52LC2,2026-08-06
VAS1_HUMAN,Q15904,Q15904,active,unclassified,no,agrees,Q15904,2026-08-06
VASN_HUMAN,Q6EMK4,Q6EMK4,active,surface,no,agrees,Q6EMK4,2026-08-06
VATL_HUMAN,P27449,P27449,active,non_surface,no,agrees,P27449,2026-08-06
VATO_HUMAN,Q99437,Q99437,active,non_surface,no,agrees,Q99437,2026-08-06
VCAM1_HUMAN,P19320,P19320,active,surface,no,agrees,P19320,2026-08-06
VCC1_HUMAN,Q6UXB2,Q6UXB2,active,unclassified,no,agrees,Q6UXB2,2026-08-06
VDAC1_HUMAN,P21796,P21796,active,unclassified,no,agrees,P21796,2026-08-06
VDAC2_HUMAN,P45880,P45880,active,unclassified,no,agrees,P45880,2026-08-06
VEGFA_HUMAN,P15692,P15692,active,unclassified,no,agrees,P15692,2026-08-06
VEGFB_HUMAN,P49765,P49765,active,unclassified,no,agrees,P49765,2026-08-06
VEGFC_HUMAN,P49767,P49767,active,unclassified,no,agrees,P49767,2026-08-06
VEGFD_HUMAN,O43915,O43915,active,unclassified,no,agrees,O43915,2026-08-06
VEZA_HUMAN,Q9HBM0,Q9HBM0,active,non_surface,no,agrees,Q9HBM0,2026-08-06
VGFR1_HUMAN,P17948,P17948,active,surface,no,agrees,P17948,2026-08-06
VGFR2_HUMAN,P35968,P35968,active,surface,no,agrees,P35968,2026-08-06
VGFR3_HUMAN,P35916,P35916,active,surface,no,agrees,P35916,2026-08-06
VGF_HUMAN,O15240,O15240,active,unclassified,no,agrees,O15240,2026-08-06
VGLU1_HUMAN,Q9P2U7,Q9P2U7,active,surface,no,agrees,Q9P2U7,2026-08-06
VGLU2_HUMAN,Q9P2U8,Q9P2U8,active,surface,no,agrees,Q9P2U8,2026-08-06
VGLU3_HUMAN,Q8NDX2,Q8NDX2,active,surface,no,agrees,Q8NDX2,2026-08-06
VIAAT_HUMAN,Q9H598,Q9H598,active,surface,no,agrees,Q9H598,2026-08-06
VIPR1_HUMAN,P32241,P32241,active,surface,no,agrees,P32241,2026-08-06
VIPR2_HUMAN,P41587,P41587,active,surface,no,agrees,P41587,2026-08-06
VIP_HUMAN,P01282,P01282,active,unclassified,no,agrees,P01282,2026-08-06
VITRN_HUMAN,Q6UXI7,Q6UXI7,active,unclassified,no,agrees,Q6UXI7,2026-08-06
VKGC_HUMAN,P38435,P38435,active,non_surface,no,agrees,P38435,2026-08-06
VKOR1_HUMAN,Q9BQB6,Q9BQB6,active,non_surface,no,agrees,Q9BQB6,2026-08-06
VKORL_HUMAN,Q8N0U8,Q8N0U8,active,non_surface,no,agrees,Q8N0U8,2026-08-06
VLDLR_HUMAN,P98155,P98155,active,surface,no,agrees,P98155,2026-08-06
VMA21_HUMAN,Q3ZAQ7,Q3ZAQ7,active,non_surface,no,agrees,Q3ZAQ7,2026-08-06
VMAT1_HUMAN,P54219,P54219,active,surface,no,agrees,P54219,2026-08-06
VMAT2_HUMAN,Q05940,Q05940,active,surface,no,agrees,Q05940,2026-08-06
VMO1_HUMAN,Q7Z5L0,Q7Z5L0,active,unclassified,no,agrees,Q7Z5L0,2026-08-06
VMP1_HUMAN,Q96GC9,Q96GC9,active,non_surface,no,agrees,Q96GC9,2026-08-06
VN1R1_HUMAN,Q9GZP7,Q9GZP7,active,surface,no,agrees,Q9GZP7,2026-08-06
VN1R2_HUMAN,Q8NFZ6,Q8NFZ6,active,surface,no,agrees,Q8NFZ6,2026-08-06
VN1R3_HUMAN,Q9BXE9,Q9BXE9,active,surface,no,agrees,Q9BXE9,2026-08-06
VN1R4_HUMAN,Q7Z5H5,Q7Z5H5,active,surface,no,agrees,Q7Z5H5,2026-08-06
VN1R5_HUMAN,Q7Z5H4,Q7Z5H4,active,unclassified,no,agrees,Q7Z5H4,2026-08-06
VNN1_HUMAN,O95497,O95497,active,surface,no,agrees,O95497,2026-08-06
VNN2_HUMAN,O95498,O95498,active,surface,no,agrees,O95498,2026-08-06
VNN3_HUMAN,Q9NY84,Q9NY84,inactive,surface,no,agrees,Q9NY84,2026-08-06
VNRL4_HUMAN,Q8TDU5,Q8TDU5,active,unclassified,no,agrees,Q8TDU5,2026-08-06
VOPP1_HUMAN,Q96AW1,Q96AW1,active,non_surface,no,agrees,Q96AW1,2026-08-06
VP33A_HUMAN,Q96AX1,Q96AX1,active,non_surface,no,agrees,Q96AX1,2026-08-06
VP33B_HUMAN,Q9H267,Q9H267,active,non_surface,no,agrees,Q9H267,2026-08-06
VPP1_HUMAN,Q93050,Q93050,active,unclassified,no,agrees,Q93050,2026-08-06
VPP2_HUMAN,Q9Y487,Q9Y487,active,surface,no,agrees,Q9Y487,2026-08-06
VPP3_HUMAN,Q13488,Q13488,active,surface,no,agrees,Q13488,2026-08-06
VPP4_HUMAN,Q9HBG4,Q9HBG4,active,unclassified,no,agrees,Q9HBG4,2026-08-06
VPRE3_HUMAN,Q9UKI3,Q9UKI3,active,unclassified,no,agrees,Q9UKI3,2026-08-06
VPREB_HUMAN,P12018,P12018,active,unclassified,no,agrees,P12018,2026-08-06
VRK2_HUMAN,Q86Y07,Q86Y07,active,non_surface,no,agrees,Q86Y07,2026-08-06
VS10L_HUMAN,Q86VR7,Q86VR7,active,surface,no,agrees,Q86VR7,2026-08-06
VSI10_HUMAN,Q8N0Z9,Q8N0Z9,active,surface,no,agrees,Q8N0Z9,2026-08-06
VSIG1_HUMAN,Q86XK7,Q86XK7,active,surface,no,agrees,Q86XK7,2026-08-06
VSIG2_HUMAN,Q96IQ7,Q96IQ7,active,surface,no,agrees,Q96IQ7,2026-08-06
VSIG4_HUMAN,Q9Y279,Q9Y279,active,unclassified,no,agrees,Q9Y279,2026-08-06
VSIG8_HUMAN,Q5VU13,Q5VU13,inactive,surface,no,agrees,Q5VU13,2026-08-06
VSTM1_HUMAN,Q6UX27,Q6UX27,active,surface,no,agrees,Q6UX27,2026-08-06
VSTM4_HUMAN,Q8IW00,Q8IW00,active,surface,no,agrees,Q8IW00,2026-08-06
VSTM5_HUMAN,A8MXK1,A8MXK1,active,surface,no,agrees,A8MXK1,2026-08-06
VTCN1_HUMAN,Q7Z7D3,Q7Z7D3,active,surface,no,agrees,Q7Z7D3,2026-08-06
VTDB_HUMAN,P02774,P02774,active,unclassified,no,agrees,P02774,2026-08-06
VTI1A_HUMAN,Q96AJ9,Q96AJ9,active,non_surface,no,agrees,Q96AJ9,2026-08-06
VTI1B_HUMAN,Q9UEU0,Q9UEU0,active,non_surface,no,agrees,Q9UEU0,2026-08-06
VTM2A_HUMAN,Q8TAG5,Q8TAG5,active,unclassified,no,agrees,Q8TAG5,2026-08-06
VTM2B_HUMAN,A6NLU5,A6NLU5,active,unclassified,no,agrees,A6NLU5,2026-08-06
VTM2L_HUMAN,Q96N03,Q96N03,active,unclassified,no,agrees,Q96N03,2026-08-06
VTNC_HUMAN,P04004,P04004,active,unclassified,no,agrees,P04004,2026-08-06
VW5B1_HUMAN,Q5TIE3,Q5TIE3,active,unclassified,no,agrees,Q5TIE3,2026-08-06
VWA1_HUMAN,Q6PCB0,Q6PCB0,active,unclassified,no,agrees,Q6PCB0,2026-08-06
VWA2_HUMAN,Q5GFL6,Q5GFL6,active,unclassified,no,agrees,Q5GFL6,2026-08-06
VWA3A_HUMAN,A6NCI4,A6NCI4,active,unclassified,no,agrees,A6NCI4,2026-08-06
VWA7_HUMAN,Q9Y334,Q9Y334,active,unclassified,no,agrees,Q9Y334,2026-08-06
VWA8_HUMAN,A3KMH1,A3KMH1,active,unclassified,no,agrees,A3KMH1,2026-08-06
VWC2L_HUMAN,B2RUY7,B2RUY7,active,unclassified,no,agrees,B2RUY7,2026-08-06
VWC2_HUMAN,Q2TAL6,Q2TAL6,active,unclassified,no,agrees,Q2TAL6,2026-08-06
VWCE_HUMAN,Q96DN2,Q96DN2,active,unclassified,no,agrees,Q96DN2,2026-08-06
VWDE_HUMAN,Q8N2E2,Q8N2E2,active,unclassified,no,agrees,Q8N2E2,2026-08-06
VWF_HUMAN,P04275,P04275,active,unclassified,no,agrees,P04275,2026-08-06
WBP1L_HUMAN,Q9NX94,Q9NX94,active,non_surface,no,agrees,Q9NX94,2026-08-06
WBP1_HUMAN,Q96G27,Q96G27,active,non_surface,no,agrees,Q96G27,2026-08-06
WBS16_HUMAN,Q96I51,Q96I51,active,unclassified,no,agrees,Q96I51,2026-08-06
WBS22_HUMAN,O43709,O43709,active,non_surface,no,agrees,O43709,2026-08-06
WBS28_HUMAN,Q6UE05,Q6UE05,active,non_surface,no,agrees,Q6UE05,2026-08-06
WDFY3_HUMAN,Q8IZQ1,Q8IZQ1,active,non_surface,no,agrees,Q8IZQ1,2026-08-06
WDFY4_HUMAN,Q6ZS81,Q6ZS81,active,non_surface,no,agrees,Q6ZS81,2026-08-06
WDR11_HUMAN,Q9BZH6,Q9BZH6,active,non_surface,no,agrees,Q9BZH6,2026-08-06
WDR4_HUMAN,P57081,P57081,active,unclassified,no,agrees,P57081,2026-08-06
WF10A_HUMAN,Q9H1F0,Q9H1F0,active,unclassified,no,agrees,Q9H1F0,2026-08-06
WF10B_HUMAN,Q8IUB3,Q8IUB3,active,unclassified,no,agrees,Q8IUB3,2026-08-06
WFD11_HUMAN,Q8NEX6,Q8NEX6,active,unclassified,no,agrees,Q8NEX6,2026-08-06
WFD12_HUMAN,Q8WWY7,Q8WWY7,active,unclassified,no,agrees,Q8WWY7,2026-08-06
WFD13_HUMAN,Q8IUB5,Q8IUB5,active,unclassified,no,agrees,Q8IUB5,2026-08-06
WFDC1_HUMAN,Q9HC57,Q9HC57,active,unclassified,no,agrees,Q9HC57,2026-08-06
WFDC2_HUMAN,Q14508,Q14508,active,unclassified,no,agrees,Q14508,2026-08-06
WFDC3_HUMAN,Q8IUB2,Q8IUB2,active,unclassified,no,agrees,Q8IUB2,2026-08-06
WFDC5_HUMAN,Q8TCV5,Q8TCV5,active,unclassified,no,agrees,Q8TCV5,2026-08-06
WFDC6_HUMAN,Q9BQY6,Q9BQY6,active,unclassified,no,agrees,Q9BQY6,2026-08-06
WFDC8_HUMAN,Q8IUA0,Q8IUA0,active,unclassified,no,agrees,Q8IUA0,2026-08-06
WFDC9_HUMAN,Q8NEX5,Q8NEX5,active,unclassified,no,agrees,Q8NEX5,2026-08-06
WFKN1_HUMAN,Q96NZ8,Q96NZ8,active,unclassified,no,agrees,Q96NZ8,2026-08-06
WFKN2_HUMAN,Q8TEU8,Q8TEU8,active,unclassified,no,agrees,Q8TEU8,2026-08-06
WFS1_HUMAN,O76024,O76024,active,non_surface,no,agrees,O76024,2026-08-06
WIF1_HUMAN,Q9Y5W5,Q9Y5W5,active,unclassified,no,agrees,Q9Y5W5,2026-08-06
WISP1_HUMAN,O95388,O95388,active,unclassified,no,agrees,O95388,2026-08-06
WISP2_HUMAN,O76076,O76076,active,unclassified,no,agrees,O76076,2026-08-06
WISP3_HUMAN,O95389,O95389,active,unclassified,no,agrees,O95389,2026-08-06
WLS_HUMAN,Q5T9L3,Q5T9L3,active,unclassified,no,agrees,Q5T9L3,2026-08-06
WN10A_HUMAN,Q9GZT5,Q9GZT5,active,unclassified,no,agrees,Q9GZT5,2026-08-06
WN10B_HUMAN,O00744,O00744,active,unclassified,no,agrees,O00744,2026-08-06
WNK4_HUMAN,Q96J92,Q96J92,active,non_surface,no,agrees,Q96J92,2026-08-06
WNT11_HUMAN,O96014,O96014,active,unclassified,no,agrees,O96014,2026-08-06
WNT16_HUMAN,Q9UBV4,Q9UBV4,active,unclassified,no,agrees,Q9UBV4,2026-08-06
WNT1_HUMAN,P04628,P04628,active,unclassified,no,agrees,P04628,2026-08-06
WNT2B_HUMAN,Q93097,Q93097,active,non_surface,no,agrees,Q93097,2026-08-06
WNT2_HUMAN,P09544,P09544,active,unclassified,no,agrees,P09544,2026-08-06
WNT3A_HUMAN,P56704,P56704,active,unclassified,no,agrees,P56704,2026-08-06
WNT3_HUMAN,P56703,P56703,active,unclassified,no,agrees,P56703,2026-08-06
WNT4_HUMAN,P56705,P56705,active,unclassified,no,agrees,P56705,2026-08-06
WNT5A_HUMAN,P41221,P41221,active,unclassified,no,agrees,P41221,2026-08-06
WNT5B_HUMAN,Q9H1J7,Q9H1J7,active,unclassified,no,agrees,Q9H1J7,2026-08-06
WNT6_HUMAN,Q9Y6F9,Q9Y6F9,active,unclassified,no,agrees,Q9Y6F9,2026-08-06
WNT7A_HUMAN,O00755,O00755,active,unclassified,no,agrees,O00755,2026-08-06
WNT7B_HUMAN,P56706,P56706,active,unclassified,no,agrees,P56706,2026-08-06
WNT8A_HUMAN,Q9H1J5,Q9H1J5,active,unclassified,no,agrees,Q9H1J5,2026-08-06
WNT8B_HUMAN,Q93098,Q93098,active,unclassified,no,agrees,Q93098,2026-08-06
WNT9A_HUMAN,O14904,O14904,active,unclassified,no,agrees,O14904,2026-08-06
WNT9B_HUMAN,O14905,O14905,active,unclassified,no,agrees,O14905,2026-08-06
WRB_HUMAN,O00258,O00258,active,non_surface,no,agrees,O00258,2026-08-06
WSCD1_HUMAN,Q658N2,Q658N2,active,unclassified,no,agrees,Q658N2,2026-08-06
WSCD2_HUMAN,Q2TBF2,Q2TBF2,active,unclassified,no,agrees,Q2TBF2,2026-08-06
WTIP_HUMAN,A6NIX2,A6NIX2,active,unclassified,no,agrees,A6NIX2,2026-08-06
X3CL1_HUMAN,P78423,P78423,active,surface,no,agrees,P78423,2026-08-06
XCL1_HUMAN,P47992,P47992,active,unclassified,no,agrees,P47992,2026-08-06
XCL2_HUMAN,Q9UBD3,Q9UBD3,active,unclassified,no,agrees,Q9UBD3,2026-08-06
XCR1_HUMAN,P46094,P46094,active,surface,no,agrees,P46094,2026-08-06
XCT_HUMAN,Q9UPY5,Q9UPY5,active,unclassified,no,agrees,Q9UPY5,2026-08-06
XG_HUMAN,P55808,P55808,active,unclassified,no,agrees,P55808,2026-08-06
XKR2_HUMAN,Q6PP77,Q6PP77,active,unclassified,no,agrees,Q6PP77,2026-08-06
XKR3_HUMAN,Q5GH77,Q5GH77,active,surface,no,agrees,Q5GH77,2026-08-06
XKR4_HUMAN,Q5GH76,Q5GH76,active,non_surface,no,agrees,Q5GH76,2026-08-06
XKR5_HUMAN,Q6UX68,Q6UX68,active,unclassified,no,agrees,Q6UX68,2026-08-06
XKR6_HUMAN,Q5GH73,Q5GH73,active,non_surface,no,agrees,Q5GH73,2026-08-06
XKR7_HUMAN,Q5GH72,Q5GH72,active,unclassified,no,agrees,Q5GH72,2026-08-06
XKR8_HUMAN,Q9H6D3,Q9H6D3,active,non_surface,no,agrees,Q9H6D3,2026-08-06
XKR9_HUMAN,Q5GH70,Q5GH70,active,unclassified,no,agrees,Q5GH70,2026-08-06
XKRY2_HUMAN,A2RUG3,A2RUG3,inactive,non_surface,no,agrees,A2RUG3,2026-08-06
XKRY_HUMAN,O14609,O14609,active,non_surface,no,agrees,O14609,2026-08-06
XK_HUMAN,P51811,P51811,active,unclassified,no,agrees,P51811,2026-08-06
XLRS1_HUMAN,O15537,O15537,active,unclassified,no,agrees,O15537,2026-08-06
XPP2_HUMAN,O43895,O43895,active,surface,no,agrees,O43895,2026-08-06
XPP3_HUMAN,Q9NQH7,Q9NQH7,active,unclassified,no,agrees,Q9NQH7,2026-08-06
XPR1_HUMAN,Q9UBH6,Q9UBH6,active,non_surface,no,agrees,Q9UBH6,2026-08-06
XXLT1_HUMAN,Q8NBI6,Q8NBI6,active,non_surface,no,agrees,Q8NBI6,2026-08-06
XYLK_HUMAN,O75063,O75063,active,non_surface,no,agrees,O75063,2026-08-06
XYLT1_HUMAN,Q86Y38,Q86Y38,active,non_surface,no,agrees,Q86Y38,2026-08-06
XYLT2_HUMAN,Q9H1B5,Q9H1B5,active,non_surface,no,agrees,Q9H1B5,2026-08-06
YA043_HUMAN,Q7L0L9,Q7L0L9,inactive,non_surface,no,agrees,Q7L0L9,2026-08-06
YB003_HUMAN,Q6UY13,Q6UY13,active,unclassified,no,agrees,Q6UY13,2026-08-06
YB039_HUMAN,Q8NCU8,Q8NCU8,active,non_surface,no,agrees,Q8NCU8,2026-08-06
YB043_HUMAN,A8MTW9,A8MTW9,active,unclassified,no,agrees,A8MTW9,2026-08-06
YD286_HUMAN,A6NC05,A6NC05,active,unclassified,no,agrees,A6NC05,2026-08-06
YF002_HUMAN,Q6UWF5,Q6UWF5,active,non_surface,no,agrees,Q6UWF5,2026-08-06
YG045_HUMAN,Q8N814,Q8N814,active,non_surface,no,agrees,Q8N814,2026-08-06
YG055_HUMAN,A4D0T7,A4D0T7,active,non_surface,no,agrees,A4D0T7,2026-08-06
YH006_HUMAN,Q71RG6,Q71RG6,active,unclassified,no,agrees,Q71RG6,2026-08-06
YI004_HUMAN,Q6UXR6,Q6UXR6,active,unclassified,no,agrees,Q6UXR6,2026-08-06
YI025_HUMAN,Q8N1Y9,Q8N1Y9,active,unclassified,no,agrees,Q8N1Y9,2026-08-06
YI036_HUMAN,A8MXE2,A8MXE2,active,non_surface,no,agrees,A8MXE2,2026-08-06
YIF1A_HUMAN,O95070,O95070,active,non_surface,no,agrees,O95070,2026-08-06
YIF1B_HUMAN,Q5BJH7,Q5BJH7,active,non_surface,no,agrees,Q5BJH7,2026-08-06
YIPF1_HUMAN,Q9Y548,Q9Y548,active,unclassified,no,agrees,Q9Y548,2026-08-06
YIPF2_HUMAN,Q9BWQ6,Q9BWQ6,active,non_surface,no,agrees,Q9BWQ6,2026-08-06
YIPF3_HUMAN,Q9GZM5,Q9GZM5,active,unclassified,no,agrees,Q9GZM5,2026-08-06
YIPF4_HUMAN,Q9BSR8,Q9BSR8,active,non_surface,no,agrees,Q9BSR8,2026-08-06
YIPF5_HUMAN,Q969M3,Q969M3,active,non_surface,no,agrees,Q969M3,2026-08-06
YIPF6_HUMAN,Q96EC8,Q96EC8,active,non_surface,no,agrees,Q96EC8,2026-08-06
YIPF7_HUMAN,Q8N8F6,Q8N8F6,active,non_surface,no,agrees,Q8N8F6,2026-08-06
YJ001_HUMAN,Q9H354,Q9H354,active,non_surface,no,agrees,Q9H354,2026-08-06
YK045_HUMAN,Q8TAT8,Q8TAT8,active,unclassified,no,agrees,Q8TAT8,2026-08-06
YLAT1_HUMAN,Q9UM01,Q9UM01,active,unclassified,no,agrees,Q9UM01,2026-08-06
YLAT2_HUMAN,Q92536,Q92536,active,surface,no,agrees,Q92536,2026-08-06
YM012_HUMAN,Q9UF83,Q9UF83,active,unclassified,no,agrees,Q9UF83,2026-08-06
YMEL1_HUMAN,Q96TA2,Q96TA2,active,non_surface,no,agrees,Q96TA2,2026-08-06
YN010_HUMAN,Q9P1C3,Q9P1C3,active,unclassified,no,agrees,Q9P1C3,2026-08-06
YO002_HUMAN,Q6UXQ8,Q6UXQ8,active,unclassified,no,agrees,Q6UXQ8,2026-08-06
YO010_HUMAN,Q8N9W7,Q8N9W7,active,non_surface,no,agrees,Q8N9W7,2026-08-06
YO011_HUMAN,A6NDX4,A6NDX4,active,non_surface,no,agrees,A6NDX4,2026-08-06
YQ032_HUMAN,Q6ZRU5,Q6ZRU5,active,unclassified,no,agrees,Q6ZRU5,2026-08-06
YQ041_HUMAN,A6NJY4,A6NJY4,active,non_surface,no,agrees,A6NJY4,2026-08-06
YQ048_HUMAN,A8MUN3,A8MUN3,active,unclassified,no,agrees,A8MUN3,2026-08-06
YRDC_HUMAN,Q86U90,Q86U90,active,unclassified,no,agrees,Q86U90,2026-08-06
YS002_HUMAN,Q6UXU0,Q6UXU0,active,unclassified,no,agrees,Q6UXU0,2026-08-06
YS060_HUMAN,I3L1I5,Q6ZSZ5,merged,non_surface,no,disagrees,Q6ZSZ5,2026-08-06
YT001_HUMAN,Q9UI54,Q9UI54,active,non_surface,no,agrees,Q9UI54,2026-08-06
YU007_HUMAN,A8MWV9,A8MWV9,active,non_surface,no,agrees,A8MWV9,2026-08-06
YV010_HUMAN,Q6UXV3,Q6UXV3,active,unclassified,no,agrees,Q6UXV3,2026-08-06
YX004_HUMAN,Q8N8P6,Q8N8P6,active,non_surface,no,agrees,Q8N8P6,2026-08-06
ZA2G_HUMAN,P25311,P25311,active,unclassified,no,agrees,P25311,2026-08-06
ZACN_HUMAN,Q401N2,Q401N2,active,surface,no,agrees,Q401N2,2026-08-06
ZAN_HUMAN,Q9Y493,Q9Y493,active,surface,no,agrees,Q9Y493,2026-08-06
ZBT8B_HUMAN,Q8NAP8,Q8NAP8,active,unclassified,no,agrees,Q8NAP8,2026-08-06
ZDH11_HUMAN,Q9H8X9,Q9H8X9,active,surface,no,agrees,Q9H8X9,2026-08-06
ZDH12_HUMAN,Q96GR4,Q96GR4,active,unclassified,no,agrees,Q96GR4,2026-08-06
ZDH13_HUMAN,Q8IUH4,Q8IUH4,active,non_surface,no,agrees,Q8IUH4,2026-08-06
ZDH14_HUMAN,Q8IZN3,Q8IZN3,active,non_surface,no,agrees,Q8IZN3,2026-08-06
ZDH15_HUMAN,Q96MV8,Q96MV8,active,non_surface,no,agrees,Q96MV8,2026-08-06
ZDH16_HUMAN,Q969W1,Q969W1,active,non_surface,no,agrees,Q969W1,2026-08-06
ZDH17_HUMAN,Q8IUH5,Q8IUH5,active,non_surface,no,agrees,Q8IUH5,2026-08-06
ZDH18_HUMAN,Q9NUE0,Q9NUE0,active,non_surface,no,agrees,Q9NUE0,2026-08-06
ZDH19_HUMAN,Q8WVZ1,Q8WVZ1,active,unclassified,no,agrees,Q8WVZ1,2026-08-06
ZDH20_HUMAN,Q5W0Z9,Q5W0Z9,active,non_surface,no,agrees,Q5W0Z9,2026-08-06
ZDH21_HUMAN,Q8IVQ6,Q8IVQ6,active,non_surface,no,agrees,Q8IVQ6,2026-08-06
ZDH22_HUMAN,Q8N966,Q8N966,active,unclassified,no,agrees,Q8N966,2026-08-06
ZDH23_HUMAN,Q8IYP9,Q8IYP9,active,unclassified,no,agrees,Q8IYP9,2026-08-06
ZDH24_HUMAN,Q6UX98,Q6UX98,active,non_surface,no,agrees,Q6UX98,2026-08-06
ZDHC1_HUMAN,Q8WTX9,Q8WTX9,active,non_surface,no,agrees,Q8WTX9,2026-08-06
ZDHC2_HUMAN,Q9UIJ5,Q9UIJ5,active,non_surface,no,agrees,Q9UIJ5,2026-08-06
ZDHC3_HUMAN,Q9NYG2,Q9NYG2,active,non_surface,no,agrees,Q9NYG2,2026-08-06
ZDHC4_HUMAN,Q9NPG8,Q9NPG8,active,unclassified,no,agrees,Q9NPG8,2026-08-06
ZDHC5_HUMAN,Q9C0B5,Q9C0B5,active,surface,no,agrees,Q9C0B5,2026-08-06
ZDHC6_HUMAN,Q9H6R6,Q9H6R6,active,non_surface,no,agrees,Q9H6R6,2026-08-06
ZDHC7_HUMAN,Q9NXF8,Q9NXF8,active,unclassified,no,agrees,Q9NXF8,2026-08-06
ZDHC8_HUMAN,Q9ULC8,Q9ULC8,active,non_surface,no,agrees,Q9ULC8,2026-08-06
ZDHC9_HUMAN,Q9Y397,Q9Y397,active,non_surface,no,agrees,Q9Y397,2026-08-06
ZFPL1_HUMAN,O95159,O95159,active,non_surface,no,agrees,O95159,2026-08-06
ZFY27_HUMAN,Q5T4F4,Q5T4F4,active,surface,no,agrees,Q5T4F4,2026-08-06
ZG16B_HUMAN,Q96DA0,Q96DA0,active,unclassified,no,agrees,Q96DA0,2026-08-06
ZG16_HUMAN,O60844,O60844,active,unclassified,no,agrees,O60844,2026-08-06
ZGRF1_HUMAN,Q86YA3,Q86YA3,active,non_surface,no,agrees,Q86YA3,2026-08-06
ZH11B_HUMAN,P0C7U3,P0C7U3,active,surface,no,agrees,P0C7U3,2026-08-06
ZMY12_HUMAN,Q9H0C1,Q9H0C1,active,non_surface,no,agrees,Q9H0C1,2026-08-06
ZMYNB_HUMAN,Q8NCS4,Q8NCS4,active,non_surface,no,agrees,Q8NCS4,2026-08-06
ZN232_HUMAN,Q9UNY5,Q9UNY5,active,unclassified,no,agrees,Q9UNY5,2026-08-06
ZN275_HUMAN,Q9NSD4,Q9NSD4,active,unclassified,no,agrees,Q9NSD4,2026-08-06
ZN358_HUMAN,Q9NW07,Q9NW07,active,non_surface,no,agrees,Q9NW07,2026-08-06
ZN449_HUMAN,Q6P9G9,Q6P9G9,active,unclassified,no,agrees,Q6P9G9,2026-08-06
ZN488_HUMAN,Q96MN9,Q96MN9,active,unclassified,no,agrees,Q96MN9,2026-08-06
ZN511_HUMAN,Q8NB15,Q8NB15,active,unclassified,no,agrees,Q8NB15,2026-08-06
ZN618_HUMAN,Q5T7W0,Q5T7W0,active,non_surface,no,agrees,Q5T7W0,2026-08-06
ZN740_HUMAN,Q8NDX6,Q8NDX6,active,unclassified,no,agrees,Q8NDX6,2026-08-06
ZN843_HUMAN,Q8N446,Q8N446,active,unclassified,no,agrees,Q8N446,2026-08-06
ZNF18_HUMAN,P17022,P17022,active,unclassified,no,agrees,P17022,2026-08-06
ZNF34_HUMAN,Q8IZ26,Q8IZ26,active,unclassified,no,agrees,Q8IZ26,2026-08-06
ZNRF3_HUMAN,Q9ULT6,Q9ULT6,active,unclassified,no,agrees,Q9ULT6,2026-08-06
ZNRF4_HUMAN,Q8WWF5,Q8WWF5,active,surface,no,agrees,Q8WWF5,2026-08-06
ZNT10_HUMAN,Q6XR72,Q6XR72,active,unclassified,no,agrees,Q6XR72,2026-08-06
ZNT1_HUMAN,Q9Y6M5,Q9Y6M5,active,surface,no,agrees,Q9Y6M5,2026-08-06
ZNT2_HUMAN,Q9BRI3,Q9BRI3,active,unclassified,no,agrees,Q9BRI3,2026-08-06
ZNT3_HUMAN,Q99726,Q99726,active,non_surface,no,agrees,Q99726,2026-08-06
ZNT4_HUMAN,O14863,O14863,active,non_surface,no,agrees,O14863,2026-08-06
ZNT5_HUMAN,Q8TAD4,Q8TAD4,active,non_surface,no,agrees,Q8TAD4,2026-08-06
ZNT6_HUMAN,Q6NXT4,Q6NXT4,active,non_surface,no,agrees,Q6NXT4,2026-08-06
ZNT7_HUMAN,Q8NEW0,Q8NEW0,active,non_surface,no,agrees,Q8NEW0,2026-08-06
ZNT8_HUMAN,Q8IWU4,Q8IWU4,active,unclassified,no,agrees,Q8IWU4,2026-08-06
ZNT9_HUMAN,Q6PML9,Q6PML9,active,non_surface,no,agrees,Q6PML9,2026-08-06
ZP1_HUMAN,P60852,P60852,active,surface,no,agrees,P60852,2026-08-06
ZP2_HUMAN,Q05996,Q05996,active,surface,no,agrees,Q05996,2026-08-06
ZP3_HUMAN,P21754,P21754,active,surface,no,agrees,P21754,2026-08-06
ZP4_HUMAN,Q12836,Q12836,active,surface,no,agrees,Q12836,2026-08-06
ZPBP1_HUMAN,Q9BS86,Q9BS86,active,unclassified,no,agrees,Q9BS86,2026-08-06
ZPBP2_HUMAN,Q6X784,Q6X784,active,unclassified,no,agrees,Q6X784,2026-08-06
ZPI_HUMAN,Q9UK55,Q9UK55,active,unclassified,no,agrees,Q9UK55,2026-08-06
ZPLD1_HUMAN,Q8TCW7,Q8TCW7,active,surface,no,agrees,Q8TCW7,2026-08-06
ZSWM1_HUMAN,Q9BR11,Q9BR11,active,non_surface,no,agrees,Q9BR11,2026-08-06
