census_accession,source_identifiers,source_accessions,census_class,census_identity_status,fetch_eligible,fetch_ineligible_reason,parent_sha256,resolved_on
P04439,1A01_HUMAN|1A02_HUMAN|1A03_HUMAN|1A11_HUMAN|1A23_HUMAN|1A24_HUMAN|1A25_HUMAN|1A26_HUMAN|1A29_HUMAN|1A30_HUMAN|1A31_HUMAN|1A32_HUMAN|1A33_HUMAN|1A34_HUMAN|1A36_HUMAN|1A43_HUMAN|1A66_HUMAN|1A68_HUMAN|1A69_HUMAN|1A74_HUMAN|1A80_HUMAN,P30443|P01892|P04439|P13746|P30447|P05534|P18462|P30450|P30512|P16188|P16189|P10314|P16190|P30453|P30455|P30456|P30457|P01891|P10316|P30459|Q09160,surface,active,true,,e22d7643ea01abd0dce415e74faf002186e13ae33190976f1ae61cece045fb76,2026-08-06
P01889,1B07_HUMAN|1B08_HUMAN|1B13_HUMAN|1B14_HUMAN|1B15_HUMAN|1B18_HUMAN|1B27_HUMAN|1B35_HUMAN|1B37_HUMAN|1B38_HUMAN|1B39_HUMAN|1B40_HUMAN|1B41_HUMAN|1B42_HUMAN|1B44_HUMAN|1B45_HUMAN|1B46_HUMAN|1B47_HUMAN|1B48_HUMAN|1B49_HUMAN|1B50_HUMAN|1B51_HUMAN|1B52_HUMAN|1B53_HUMAN|1B54_HUMAN|1B55_HUMAN|1B56_HUMAN|1B57_HUMAN|1B58_HUMAN|1B59_HUMAN|1B67_HUMAN|1B73_HUMAN|1B78_HUMAN|1B81_HUMAN|1B82_HUMAN,P01889|P30460|P30461|P30462|P30464|P30466|P03989|P30685|P18463|Q95365|P30475|Q04826|P30479|P30480|P30481|P30483|P30484|P30485|P30486|P30487|P30488|P18464|P30490|P30491|P30492|P30493|P30495|P18465|P10319|Q29940|Q29836|Q31612|P30498|Q31610|Q29718,surface,active,true,,e22d7643ea01abd0dce415e74faf002186e13ae33190976f1ae61cece045fb76,2026-08-06
P10321,1C01_HUMAN|1C02_HUMAN|1C03_HUMAN|1C04_HUMAN|1C05_HUMAN|1C06_HUMAN|1C07_HUMAN|1C08_HUMAN|1C12_HUMAN|1C14_HUMAN|1C15_HUMAN|1C16_HUMAN|1C17_HUMAN|1C18_HUMAN,P30499|P30501|P04222|P30504|Q9TNN7|Q29963|P10321|P30505|P30508|P30510|Q07000|Q29960|Q95604|Q29865,surface,active,true,,e22d7643ea01abd0dce415e74faf002186e13ae33190976f1ae61cece045fb76,2026-08-06
P01911,2B11_HUMAN|2B13_HUMAN|2B14_HUMAN|2B17_HUMAN|2B18_HUMAN|2B19_HUMAN|2B1A_HUMAN|2B1B_HUMAN|2B1C_HUMAN|2B1D_HUMAN|2B1E_HUMAN|2B1F_HUMAN|2B1G_HUMAN,P04229|P01912|P13760|P13761|Q30134|Q9TQE0|Q30167|P20039|Q95IE3|Q5Y7A7|Q9GIY3|P01911|Q29974,surface,active,true,,e22d7643ea01abd0dce415e74faf002186e13ae33190976f1ae61cece045fb76,2026-08-06
P14060,3BHS1_HUMAN,P14060,non_surface,active,true,,e22d7643ea01abd0dce415e74faf002186e13ae33190976f1ae61cece045fb76,2026-08-06
P26439,3BHS2_HUMAN,P26439,non_surface,active,true,,e22d7643ea01abd0dce415e74faf002186e13ae33190976f1ae61cece045fb76,2026-08-06
Q9H2F3,3BHS7_HUMAN,Q9H2F3,non_surface,active,true,,e22d7643ea01abd0dce415e74faf002186e13ae33190976f1ae61cece045fb76,2026-08-06
P08195,4F2_HUMAN,P08195,surface,active,true,,e22d7643ea01abd0dce415e74faf002186e13ae33190976f1ae61cece045fb76,2026-08-06
P08908,5HT1A_HUMAN,P08908,surface,active,true,,e22d7643ea01abd0dce415e74faf002186e13ae33190976f1ae61cece045fb76,2026-08-06
P28222,5HT1B_HUMAN,P28222,surface,active,true,,e22d7643ea01abd0dce415e74faf002186e13ae33190976f1ae61cece045fb76,2026-08-06
P28221,5HT1D_HUMAN,P28221,surface,active,true,,e22d7643ea01abd0dce415e74faf002186e13ae33190976f1ae61cece045fb76,2026-08-06
P28566,5HT1E_HUMAN,P28566,surface,active,true,,e22d7643ea01abd0dce415e74faf002186e13ae33190976f1ae61cece045fb76,2026-08-06
P30939,5HT1F_HUMAN,P30939,surface,active,true,,e22d7643ea01abd0dce415e74faf002186e13ae33190976f1ae61cece045fb76,2026-08-06
P28223,5HT2A_HUMAN,P28223,surface,active,true,,e22d7643ea01abd0dce415e74faf002186e13ae33190976f1ae61cece045fb76,2026-08-06
P41595,5HT2B_HUMAN,P41595,surface,active,true,,e22d7643ea01abd0dce415e74faf002186e13ae33190976f1ae61cece045fb76,2026-08-06
P28335,5HT2C_HUMAN,P28335,surface,active,true,,e22d7643ea01abd0dce415e74faf002186e13ae33190976f1ae61cece045fb76,2026-08-06
P46098,5HT3A_HUMAN,P46098,surface,active,true,,e22d7643ea01abd0dce415e74faf002186e13ae33190976f1ae61cece045fb76,2026-08-06
O95264,5HT3B_HUMAN,O95264,surface,active,true,,e22d7643ea01abd0dce415e74faf002186e13ae33190976f1ae61cece045fb76,2026-08-06
Q8WXA8,5HT3C_HUMAN,Q8WXA8,surface,active,true,,e22d7643ea01abd0dce415e74faf002186e13ae33190976f1ae61cece045fb76,2026-08-06
Q70Z44,5HT3D_HUMAN,Q70Z44,surface,active,true,,e22d7643ea01abd0dce415e74faf002186e13ae33190976f1ae61cece045fb76,2026-08-06
A5X5Y0,5HT3E_HUMAN,A5X5Y0,surface,active,true,,e22d7643ea01abd0dce415e74faf002186e13ae33190976f1ae61cece045fb76,2026-08-06
Q13639,5HT4R_HUMAN,Q13639,surface,active,true,,e22d7643ea01abd0dce415e74faf002186e13ae33190976f1ae61cece045fb76,2026-08-06
P47898,5HT5A_HUMAN,P47898,surface,active,true,,e22d7643ea01abd0dce415e74faf002186e13ae33190976f1ae61cece045fb76,2026-08-06
P50406,5HT6R_HUMAN,P50406,surface,active,true,,e22d7643ea01abd0dce415e74faf002186e13ae33190976f1ae61cece045fb76,2026-08-06
P34969,5HT7R_HUMAN,P34969,surface,active,true,,e22d7643ea01abd0dce415e74faf002186e13ae33190976f1ae61cece045fb76,2026-08-06
Q9H0P0,5NT3A_HUMAN,Q9H0P0,unclassified,active,true,,e22d7643ea01abd0dce415e74faf002186e13ae33190976f1ae61cece045fb76,2026-08-06
P21589,5NTD_HUMAN,P21589,surface,active,true,,e22d7643ea01abd0dce415e74faf002186e13ae33190976f1ae61cece045fb76,2026-08-06
P56378,68MP_HUMAN,P56378,non_surface,active,true,,e22d7643ea01abd0dce415e74faf002186e13ae33190976f1ae61cece045fb76,2026-08-06
P05408,7B2_HUMAN,P05408,unclassified,active,true,,e22d7643ea01abd0dce415e74faf002186e13ae33190976f1ae61cece045fb76,2026-08-06
P02763,A1AG1_HUMAN,P02763,unclassified,active,true,,e22d7643ea01abd0dce415e74faf002186e13ae33190976f1ae61cece045fb76,2026-08-06
P19652,A1AG2_HUMAN,P19652,unclassified,active,true,,e22d7643ea01abd0dce415e74faf002186e13ae33190976f1ae61cece045fb76,2026-08-06
P20848,A1ATR_HUMAN,P20848,unclassified,active,true,,e22d7643ea01abd0dce415e74faf002186e13ae33190976f1ae61cece045fb76,2026-08-06
P01009,A1AT_HUMAN,P01009,unclassified,active,true,,e22d7643ea01abd0dce415e74faf002186e13ae33190976f1ae61cece045fb76,2026-08-06
P04217,A1BG_HUMAN,P04217,unclassified,active,true,,e22d7643ea01abd0dce415e74faf002186e13ae33190976f1ae61cece045fb76,2026-08-06
P08697,A2AP_HUMAN,P08697,unclassified,active,true,,e22d7643ea01abd0dce415e74faf002186e13ae33190976f1ae61cece045fb76,2026-08-06
P02750,A2GL_HUMAN,P02750,unclassified,active,true,,e22d7643ea01abd0dce415e74faf002186e13ae33190976f1ae61cece045fb76,2026-08-06
P01023,A2MG_HUMAN,P01023,unclassified,active,true,,e22d7643ea01abd0dce415e74faf002186e13ae33190976f1ae61cece045fb76,2026-08-06
A8K2U0,A2ML1_HUMAN,A8K2U0,unclassified,active,true,,e22d7643ea01abd0dce415e74faf002186e13ae33190976f1ae61cece045fb76,2026-08-06
Q9NPC4,A4GAT_HUMAN,Q9NPC4,non_surface,active,true,,e22d7643ea01abd0dce415e74faf002186e13ae33190976f1ae61cece045fb76,2026-08-06
Q9UNA3,A4GCT_HUMAN,Q9UNA3,non_surface,active,true,,e22d7643ea01abd0dce415e74faf002186e13ae33190976f1ae61cece045fb76,2026-08-06
P05067,A4_HUMAN,P05067,surface,active,true,,e22d7643ea01abd0dce415e74faf002186e13ae33190976f1ae61cece045fb76,2026-08-06
P30542,AA1R_HUMAN,P30542,surface,active,true,,e22d7643ea01abd0dce415e74faf002186e13ae33190976f1ae61cece045fb76,2026-08-06
P29274,AA2AR_HUMAN,P29274,surface,active,true,,e22d7643ea01abd0dce415e74faf002186e13ae33190976f1ae61cece045fb76,2026-08-06
P29275,AA2BR_HUMAN,P29275,surface,active,true,,e22d7643ea01abd0dce415e74faf002186e13ae33190976f1ae61cece045fb76,2026-08-06
P0DMS9,AA3RB_HUMAN,Q6P2N6,non_surface,merged,true,,e22d7643ea01abd0dce415e74faf002186e13ae33190976f1ae61cece045fb76,2026-08-06
P33765,AA3R_HUMAN,P33765,surface,inactive,false,uniprot_inactive,e22d7643ea01abd0dce415e74faf002186e13ae33190976f1ae61cece045fb76,2026-08-06
Q9NS82,AAA1_HUMAN,Q9NS82,surface,active,true,,e22d7643ea01abd0dce415e74faf002186e13ae33190976f1ae61cece045fb76,2026-08-06
P22760,AAAD_HUMAN,P22760,non_surface,active,true,,e22d7643ea01abd0dce415e74faf002186e13ae33190976f1ae61cece045fb76,2026-08-06
Q15758,AAAT_HUMAN,Q15758,surface,active,true,,e22d7643ea01abd0dce415e74faf002186e13ae33190976f1ae61cece045fb76,2026-08-06
Q86V21,AACS_HUMAN,Q86V21,non_surface,active,true,,e22d7643ea01abd0dce415e74faf002186e13ae33190976f1ae61cece045fb76,2026-08-06
P01011,AACT_HUMAN,P01011,unclassified,active,true,,e22d7643ea01abd0dce415e74faf002186e13ae33190976f1ae61cece045fb76,2026-08-06
Q6PD74,AAGAB_HUMAN,Q6PD74,unclassified,active,true,,e22d7643ea01abd0dce415e74faf002186e13ae33190976f1ae61cece045fb76,2026-08-06
P00505,AATM_HUMAN,P00505,unclassified,active,true,,e22d7643ea01abd0dce415e74faf002186e13ae33190976f1ae61cece045fb76,2026-08-06
Q96GS6,AB17A_HUMAN,Q96GS6,unclassified,active,true,,e22d7643ea01abd0dce415e74faf002186e13ae33190976f1ae61cece045fb76,2026-08-06
Q5VST6,AB17B_HUMAN,Q5VST6,unclassified,active,true,,e22d7643ea01abd0dce415e74faf002186e13ae33190976f1ae61cece045fb76,2026-08-06
O95477,ABCA1_HUMAN,O95477,surface,active,true,,e22d7643ea01abd0dce415e74faf002186e13ae33190976f1ae61cece045fb76,2026-08-06
Q9BZC7,ABCA2_HUMAN,Q9BZC7,surface,active,true,,e22d7643ea01abd0dce415e74faf002186e13ae33190976f1ae61cece045fb76,2026-08-06
Q99758,ABCA3_HUMAN,Q99758,surface,active,true,,e22d7643ea01abd0dce415e74faf002186e13ae33190976f1ae61cece045fb76,2026-08-06
P78363,ABCA4_HUMAN,P78363,surface,active,true,,e22d7643ea01abd0dce415e74faf002186e13ae33190976f1ae61cece045fb76,2026-08-06
Q8WWZ7,ABCA5_HUMAN,Q8WWZ7,surface,active,true,,e22d7643ea01abd0dce415e74faf002186e13ae33190976f1ae61cece045fb76,2026-08-06
Q8N139,ABCA6_HUMAN,Q8N139,surface,active,true,,e22d7643ea01abd0dce415e74faf002186e13ae33190976f1ae61cece045fb76,2026-08-06
Q8IZY2,ABCA7_HUMAN,Q8IZY2,surface,active,true,,e22d7643ea01abd0dce415e74faf002186e13ae33190976f1ae61cece045fb76,2026-08-06
O94911,ABCA8_HUMAN,O94911,surface,active,true,,e22d7643ea01abd0dce415e74faf002186e13ae33190976f1ae61cece045fb76,2026-08-06
Q8IUA7,ABCA9_HUMAN,Q8IUA7,surface,active,true,,e22d7643ea01abd0dce415e74faf002186e13ae33190976f1ae61cece045fb76,2026-08-06
Q8WWZ4,ABCAA_HUMAN,Q8WWZ4,unclassified,active,true,,e22d7643ea01abd0dce415e74faf002186e13ae33190976f1ae61cece045fb76,2026-08-06
Q86UK0,ABCAC_HUMAN,Q86UK0,surface,active,true,,e22d7643ea01abd0dce415e74faf002186e13ae33190976f1ae61cece045fb76,2026-08-06
Q86UQ4,ABCAD_HUMAN,Q86UQ4,surface,active,true,,e22d7643ea01abd0dce415e74faf002186e13ae33190976f1ae61cece045fb76,2026-08-06
Q2M3G0,ABCB5_HUMAN,Q2M3G0,surface,active,true,,e22d7643ea01abd0dce415e74faf002186e13ae33190976f1ae61cece045fb76,2026-08-06
Q9NP58,ABCB6_HUMAN,Q9NP58,unclassified,active,true,,e22d7643ea01abd0dce415e74faf002186e13ae33190976f1ae61cece045fb76,2026-08-06
O75027,ABCB7_HUMAN,O75027,non_surface,active,true,,e22d7643ea01abd0dce415e74faf002186e13ae33190976f1ae61cece045fb76,2026-08-06
Q9NUT2,ABCB8_HUMAN,Q9NUT2,non_surface,active,true,,e22d7643ea01abd0dce415e74faf002186e13ae33190976f1ae61cece045fb76,2026-08-06
Q9NP78,ABCB9_HUMAN,Q9NP78,surface,active,true,,e22d7643ea01abd0dce415e74faf002186e13ae33190976f1ae61cece045fb76,2026-08-06
Q9NRK6,ABCBA_HUMAN,Q9NRK6,non_surface,active,true,,e22d7643ea01abd0dce415e74faf002186e13ae33190976f1ae61cece045fb76,2026-08-06
O95342,ABCBB_HUMAN,O95342,surface,active,true,,e22d7643ea01abd0dce415e74faf002186e13ae33190976f1ae61cece045fb76,2026-08-06
Q09428,ABCC8_HUMAN,Q09428,unclassified,active,true,,e22d7643ea01abd0dce415e74faf002186e13ae33190976f1ae61cece045fb76,2026-08-06
O60706,ABCC9_HUMAN,O60706,surface,active,true,,e22d7643ea01abd0dce415e74faf002186e13ae33190976f1ae61cece045fb76,2026-08-06
Q96J66,ABCCB_HUMAN,Q96J66,surface,active,true,,e22d7643ea01abd0dce415e74faf002186e13ae33190976f1ae61cece045fb76,2026-08-06
Q9NSE7,ABCCD_HUMAN,Q9NSE7,non_surface,inactive,false,uniprot_inactive,e22d7643ea01abd0dce415e74faf002186e13ae33190976f1ae61cece045fb76,2026-08-06
P33897,ABCD1_HUMAN,P33897,non_surface,active,true,,e22d7643ea01abd0dce415e74faf002186e13ae33190976f1ae61cece045fb76,2026-08-06
Q9UBJ2,ABCD2_HUMAN,Q9UBJ2,non_surface,active,true,,e22d7643ea01abd0dce415e74faf002186e13ae33190976f1ae61cece045fb76,2026-08-06
P28288,ABCD3_HUMAN,P28288,non_surface,active,true,,e22d7643ea01abd0dce415e74faf002186e13ae33190976f1ae61cece045fb76,2026-08-06
O14678,ABCD4_HUMAN,O14678,non_surface,active,true,,e22d7643ea01abd0dce415e74faf002186e13ae33190976f1ae61cece045fb76,2026-08-06
P45844,ABCG1_HUMAN,P45844,non_surface,active,true,,e22d7643ea01abd0dce415e74faf002186e13ae33190976f1ae61cece045fb76,2026-08-06
Q9UNQ0,ABCG2_HUMAN,Q9UNQ0,surface,active,true,,e22d7643ea01abd0dce415e74faf002186e13ae33190976f1ae61cece045fb76,2026-08-06
Q9H172,ABCG4_HUMAN,Q9H172,surface,active,true,,e22d7643ea01abd0dce415e74faf002186e13ae33190976f1ae61cece045fb76,2026-08-06
Q9H222,ABCG5_HUMAN,Q9H222,surface,active,true,,e22d7643ea01abd0dce415e74faf002186e13ae33190976f1ae61cece045fb76,2026-08-06
Q9H221,ABCG8_HUMAN,Q9H221,unclassified,active,true,,e22d7643ea01abd0dce415e74faf002186e13ae33190976f1ae61cece045fb76,2026-08-06
Q8N2K0,ABD12_HUMAN,Q8N2K0,non_surface,active,true,,e22d7643ea01abd0dce415e74faf002186e13ae33190976f1ae61cece045fb76,2026-08-06
Q6UXT9,ABH15_HUMAN,Q6UXT9,unclassified,active,true,,e22d7643ea01abd0dce415e74faf002186e13ae33190976f1ae61cece045fb76,2026-08-06
Q96SE0,ABHD1_HUMAN,Q96SE0,non_surface,active,true,,e22d7643ea01abd0dce415e74faf002186e13ae33190976f1ae61cece045fb76,2026-08-06
P08910,ABHD2_HUMAN,P08910,non_surface,active,true,,e22d7643ea01abd0dce415e74faf002186e13ae33190976f1ae61cece045fb76,2026-08-06
Q8WU67,ABHD3_HUMAN,Q8WU67,non_surface,active,true,,e22d7643ea01abd0dce415e74faf002186e13ae33190976f1ae61cece045fb76,2026-08-06
Q9BV23,ABHD6_HUMAN,Q9BV23,non_surface,active,true,,e22d7643ea01abd0dce415e74faf002186e13ae33190976f1ae61cece045fb76,2026-08-06
Q9NUJ1,ABHDA_HUMAN,Q9NUJ1,unclassified,active,true,,e22d7643ea01abd0dce415e74faf002186e13ae33190976f1ae61cece045fb76,2026-08-06
Q7L211,ABHDD_HUMAN,Q7L211,non_surface,active,true,,e22d7643ea01abd0dce415e74faf002186e13ae33190976f1ae61cece045fb76,2026-08-06
Q9BUJ0,ABHEA_HUMAN,Q9BUJ0,non_surface,active,true,,e22d7643ea01abd0dce415e74faf002186e13ae33190976f1ae61cece045fb76,2026-08-06
O95870,ABHGA_HUMAN,O95870,non_surface,active,true,,e22d7643ea01abd0dce415e74faf002186e13ae33190976f1ae61cece045fb76,2026-08-06
O14639,ABLM1_HUMAN,O14639,unclassified,active,true,,e22d7643ea01abd0dce415e74faf002186e13ae33190976f1ae61cece045fb76,2026-08-06
O00763,ACACB_HUMAN,O00763,unclassified,active,true,,e22d7643ea01abd0dce415e74faf002186e13ae33190976f1ae61cece045fb76,2026-08-06
Q9H845,ACAD9_HUMAN,Q9H845,unclassified,active,true,,e22d7643ea01abd0dce415e74faf002186e13ae33190976f1ae61cece045fb76,2026-08-06
P16219,ACADS_HUMAN,P16219,unclassified,active,true,,e22d7643ea01abd0dce415e74faf002186e13ae33190976f1ae61cece045fb76,2026-08-06
O00400,ACATN_HUMAN,O00400,surface,active,true,,e22d7643ea01abd0dce415e74faf002186e13ae33190976f1ae61cece045fb76,2026-08-06
Q5T8D3,ACBD5_HUMAN,Q5T8D3,non_surface,active,true,,e22d7643ea01abd0dce415e74faf002186e13ae33190976f1ae61cece045fb76,2026-08-06
Q6JQN1,ACD10_HUMAN,Q6JQN1,non_surface,active,true,,e22d7643ea01abd0dce415e74faf002186e13ae33190976f1ae61cece045fb76,2026-08-06
Q9BYF1,ACE2_HUMAN,Q9BYF1,surface,active,true,,e22d7643ea01abd0dce415e74faf002186e13ae33190976f1ae61cece045fb76,2026-08-06
Q8TDN7,ACER1_HUMAN,Q8TDN7,non_surface,active,true,,e22d7643ea01abd0dce415e74faf002186e13ae33190976f1ae61cece045fb76,2026-08-06
Q5QJU3,ACER2_HUMAN,Q5QJU3,non_surface,active,true,,e22d7643ea01abd0dce415e74faf002186e13ae33190976f1ae61cece045fb76,2026-08-06
Q9NUN7,ACER3_HUMAN,Q9NUN7,unclassified,active,true,,e22d7643ea01abd0dce415e74faf002186e13ae33190976f1ae61cece045fb76,2026-08-06
P22303,ACES_HUMAN,P22303,surface,active,true,,e22d7643ea01abd0dce415e74faf002186e13ae33190976f1ae61cece045fb76,2026-08-06
P12821,ACE_HUMAN,P12821,surface,active,true,,e22d7643ea01abd0dce415e74faf002186e13ae33190976f1ae61cece045fb76,2026-08-06
Q9GZZ6,ACH10_HUMAN,Q9GZZ6,surface,active,true,,e22d7643ea01abd0dce415e74faf002186e13ae33190976f1ae61cece045fb76,2026-08-06
Q15822,ACHA2_HUMAN,Q15822,surface,active,true,,e22d7643ea01abd0dce415e74faf002186e13ae33190976f1ae61cece045fb76,2026-08-06
P32297,ACHA3_HUMAN,P32297,surface,active,true,,e22d7643ea01abd0dce415e74faf002186e13ae33190976f1ae61cece045fb76,2026-08-06
P43681,ACHA4_HUMAN,P43681,surface,active,true,,e22d7643ea01abd0dce415e74faf002186e13ae33190976f1ae61cece045fb76,2026-08-06
P30532,ACHA5_HUMAN,P30532,surface,active,true,,e22d7643ea01abd0dce415e74faf002186e13ae33190976f1ae61cece045fb76,2026-08-06
Q15825,ACHA6_HUMAN,Q15825,surface,active,true,,e22d7643ea01abd0dce415e74faf002186e13ae33190976f1ae61cece045fb76,2026-08-06
P36544,ACHA7_HUMAN,P36544,surface,active,true,,e22d7643ea01abd0dce415e74faf002186e13ae33190976f1ae61cece045fb76,2026-08-06
Q9UGM1,ACHA9_HUMAN,Q9UGM1,surface,active,true,,e22d7643ea01abd0dce415e74faf002186e13ae33190976f1ae61cece045fb76,2026-08-06
P02708,ACHA_HUMAN,P02708,surface,active,true,,e22d7643ea01abd0dce415e74faf002186e13ae33190976f1ae61cece045fb76,2026-08-06
P17787,ACHB2_HUMAN,P17787,surface,active,true,,e22d7643ea01abd0dce415e74faf002186e13ae33190976f1ae61cece045fb76,2026-08-06
Q05901,ACHB3_HUMAN,Q05901,surface,active,true,,e22d7643ea01abd0dce415e74faf002186e13ae33190976f1ae61cece045fb76,2026-08-06
P30926,ACHB4_HUMAN,P30926,surface,active,true,,e22d7643ea01abd0dce415e74faf002186e13ae33190976f1ae61cece045fb76,2026-08-06
P11230,ACHB_HUMAN,P11230,surface,active,true,,e22d7643ea01abd0dce415e74faf002186e13ae33190976f1ae61cece045fb76,2026-08-06
Q07001,ACHD_HUMAN,Q07001,surface,active,true,,e22d7643ea01abd0dce415e74faf002186e13ae33190976f1ae61cece045fb76,2026-08-06
Q04844,ACHE_HUMAN,Q04844,surface,active,true,,e22d7643ea01abd0dce415e74faf002186e13ae33190976f1ae61cece045fb76,2026-08-06
P07510,ACHG_HUMAN,P07510,surface,active,true,,e22d7643ea01abd0dce415e74faf002186e13ae33190976f1ae61cece045fb76,2026-08-06
Q16570,ACKR1_HUMAN,Q16570,surface,active,true,,e22d7643ea01abd0dce415e74faf002186e13ae33190976f1ae61cece045fb76,2026-08-06
O00590,ACKR2_HUMAN,O00590,surface,active,true,,e22d7643ea01abd0dce415e74faf002186e13ae33190976f1ae61cece045fb76,2026-08-06
P25106,ACKR3_HUMAN,P25106,surface,active,true,,e22d7643ea01abd0dce415e74faf002186e13ae33190976f1ae61cece045fb76,2026-08-06
Q9NPB9,ACKR4_HUMAN,Q9NPB9,surface,active,true,,e22d7643ea01abd0dce415e74faf002186e13ae33190976f1ae61cece045fb76,2026-08-06
Q5JWF8,ACL10_HUMAN,Q5JWF8,unclassified,active,true,,e22d7643ea01abd0dce415e74faf002186e13ae33190976f1ae61cece045fb76,2026-08-06
P11229,ACM1_HUMAN,P11229,surface,active,true,,e22d7643ea01abd0dce415e74faf002186e13ae33190976f1ae61cece045fb76,2026-08-06
P08172,ACM2_HUMAN,P08172,surface,active,true,,e22d7643ea01abd0dce415e74faf002186e13ae33190976f1ae61cece045fb76,2026-08-06
P20309,ACM3_HUMAN,P20309,surface,active,true,,e22d7643ea01abd0dce415e74faf002186e13ae33190976f1ae61cece045fb76,2026-08-06
P08173,ACM4_HUMAN,P08173,surface,active,true,,e22d7643ea01abd0dce415e74faf002186e13ae33190976f1ae61cece045fb76,2026-08-06
P08912,ACM5_HUMAN,P08912,surface,active,true,,e22d7643ea01abd0dce415e74faf002186e13ae33190976f1ae61cece045fb76,2026-08-06
Q8TDX5,ACMSD_HUMAN,Q8TDX5,non_surface,active,true,,e22d7643ea01abd0dce415e74faf002186e13ae33190976f1ae61cece045fb76,2026-08-06
O00767,ACOD_HUMAN,O00767,non_surface,active,true,,e22d7643ea01abd0dce415e74faf002186e13ae33190976f1ae61cece045fb76,2026-08-06
Q9Y305,ACOT9_HUMAN,Q9Y305,unclassified,active,true,,e22d7643ea01abd0dce415e74faf002186e13ae33190976f1ae61cece045fb76,2026-08-06
P13798,ACPH_HUMAN,P13798,non_surface,active,true,,e22d7643ea01abd0dce415e74faf002186e13ae33190976f1ae61cece045fb76,2026-08-06
O14561,ACPM_HUMAN,O14561,unclassified,active,true,,e22d7643ea01abd0dce415e74faf002186e13ae33190976f1ae61cece045fb76,2026-08-06
Q8NEB7,ACRBP_HUMAN,Q8NEB7,unclassified,active,true,,e22d7643ea01abd0dce415e74faf002186e13ae33190976f1ae61cece045fb76,2026-08-06
P10323,ACRO_HUMAN,P10323,unclassified,active,true,,e22d7643ea01abd0dce415e74faf002186e13ae33190976f1ae61cece045fb76,2026-08-06
Q68CK6,ACS2B_HUMAN,Q68CK6,non_surface,active,true,,e22d7643ea01abd0dce415e74faf002186e13ae33190976f1ae61cece045fb76,2026-08-06
Q96CM8,ACSF2_HUMAN,Q96CM8,unclassified,active,true,,e22d7643ea01abd0dce415e74faf002186e13ae33190976f1ae61cece045fb76,2026-08-06
P33121,ACSL1_HUMAN,P33121,non_surface,active,true,,e22d7643ea01abd0dce415e74faf002186e13ae33190976f1ae61cece045fb76,2026-08-06
O95573,ACSL3_HUMAN,O95573,non_surface,active,true,,e22d7643ea01abd0dce415e74faf002186e13ae33190976f1ae61cece045fb76,2026-08-06
O60488,ACSL4_HUMAN,O60488,non_surface,active,true,,e22d7643ea01abd0dce415e74faf002186e13ae33190976f1ae61cece045fb76,2026-08-06
Q9ULC5,ACSL5_HUMAN,Q9ULC5,non_surface,active,true,,e22d7643ea01abd0dce415e74faf002186e13ae33190976f1ae61cece045fb76,2026-08-06
Q9UKU0,ACSL6_HUMAN,Q9UKU0,non_surface,active,true,,e22d7643ea01abd0dce415e74faf002186e13ae33190976f1ae61cece045fb76,2026-08-06
Q08AH1,ACSM1_HUMAN,Q08AH1,non_surface,active,true,,e22d7643ea01abd0dce415e74faf002186e13ae33190976f1ae61cece045fb76,2026-08-06
Q53FZ2,ACSM3_HUMAN,Q53FZ2,unclassified,active,true,,e22d7643ea01abd0dce415e74faf002186e13ae33190976f1ae61cece045fb76,2026-08-06
Q01718,ACTHR_HUMAN,Q01718,surface,active,true,,e22d7643ea01abd0dce415e74faf002186e13ae33190976f1ae61cece045fb76,2026-08-06
P36896,ACV1B_HUMAN,P36896,surface,active,true,,e22d7643ea01abd0dce415e74faf002186e13ae33190976f1ae61cece045fb76,2026-08-06
Q8NER5,ACV1C_HUMAN,Q8NER5,surface,active,true,,e22d7643ea01abd0dce415e74faf002186e13ae33190976f1ae61cece045fb76,2026-08-06
P37023,ACVL1_HUMAN,P37023,surface,active,true,,e22d7643ea01abd0dce415e74faf002186e13ae33190976f1ae61cece045fb76,2026-08-06
Q04771,ACVR1_HUMAN,Q04771,surface,active,true,,e22d7643ea01abd0dce415e74faf002186e13ae33190976f1ae61cece045fb76,2026-08-06
O14672,ADA10_HUMAN,O14672,surface,active,true,,e22d7643ea01abd0dce415e74faf002186e13ae33190976f1ae61cece045fb76,2026-08-06
O75078,ADA11_HUMAN,O75078,surface,active,true,,e22d7643ea01abd0dce415e74faf002186e13ae33190976f1ae61cece045fb76,2026-08-06
O43184,ADA12_HUMAN,O43184,surface,active,true,,e22d7643ea01abd0dce415e74faf002186e13ae33190976f1ae61cece045fb76,2026-08-06
Q13444,ADA15_HUMAN,Q13444,surface,active,true,,e22d7643ea01abd0dce415e74faf002186e13ae33190976f1ae61cece045fb76,2026-08-06
P78536,ADA17_HUMAN,P78536,surface,active,true,,e22d7643ea01abd0dce415e74faf002186e13ae33190976f1ae61cece045fb76,2026-08-06
Q9Y3Q7,ADA18_HUMAN,Q9Y3Q7,surface,active,true,,e22d7643ea01abd0dce415e74faf002186e13ae33190976f1ae61cece045fb76,2026-08-06
Q9H013,ADA19_HUMAN,Q9H013,surface,active,true,,e22d7643ea01abd0dce415e74faf002186e13ae33190976f1ae61cece045fb76,2026-08-06
P35348,ADA1A_HUMAN,P35348,surface,active,true,,e22d7643ea01abd0dce415e74faf002186e13ae33190976f1ae61cece045fb76,2026-08-06
P35368,ADA1B_HUMAN,P35368,surface,active,true,,e22d7643ea01abd0dce415e74faf002186e13ae33190976f1ae61cece045fb76,2026-08-06
P25100,ADA1D_HUMAN,P25100,surface,active,true,,e22d7643ea01abd0dce415e74faf002186e13ae33190976f1ae61cece045fb76,2026-08-06
O43506,ADA20_HUMAN,O43506,surface,active,true,,e22d7643ea01abd0dce415e74faf002186e13ae33190976f1ae61cece045fb76,2026-08-06
Q9UKJ8,ADA21_HUMAN,Q9UKJ8,surface,active,true,,e22d7643ea01abd0dce415e74faf002186e13ae33190976f1ae61cece045fb76,2026-08-06
Q9P0K1,ADA22_HUMAN,Q9P0K1,surface,active,true,,e22d7643ea01abd0dce415e74faf002186e13ae33190976f1ae61cece045fb76,2026-08-06
O75077,ADA23_HUMAN,O75077,surface,active,true,,e22d7643ea01abd0dce415e74faf002186e13ae33190976f1ae61cece045fb76,2026-08-06
Q9UKQ2,ADA28_HUMAN,Q9UKQ2,surface,active,true,,e22d7643ea01abd0dce415e74faf002186e13ae33190976f1ae61cece045fb76,2026-08-06
Q9UKF5,ADA29_HUMAN,Q9UKF5,surface,active,true,,e22d7643ea01abd0dce415e74faf002186e13ae33190976f1ae61cece045fb76,2026-08-06
P08913,ADA2A_HUMAN,P08913,surface,active,true,,e22d7643ea01abd0dce415e74faf002186e13ae33190976f1ae61cece045fb76,2026-08-06
P18089,ADA2B_HUMAN,P18089,surface,active,true,,e22d7643ea01abd0dce415e74faf002186e13ae33190976f1ae61cece045fb76,2026-08-06
P18825,ADA2C_HUMAN,P18825,surface,active,true,,e22d7643ea01abd0dce415e74faf002186e13ae33190976f1ae61cece045fb76,2026-08-06
Q9UKF2,ADA30_HUMAN,Q9UKF2,surface,active,true,,e22d7643ea01abd0dce415e74faf002186e13ae33190976f1ae61cece045fb76,2026-08-06
Q8TC27,ADA32_HUMAN,Q8TC27,surface,active,true,,e22d7643ea01abd0dce415e74faf002186e13ae33190976f1ae61cece045fb76,2026-08-06
Q9BZ11,ADA33_HUMAN,Q9BZ11,surface,active,true,,e22d7643ea01abd0dce415e74faf002186e13ae33190976f1ae61cece045fb76,2026-08-06
Q99965,ADAM2_HUMAN,Q99965,surface,active,true,,e22d7643ea01abd0dce415e74faf002186e13ae33190976f1ae61cece045fb76,2026-08-06
Q9H2U9,ADAM7_HUMAN,Q9H2U9,surface,active,true,,e22d7643ea01abd0dce415e74faf002186e13ae33190976f1ae61cece045fb76,2026-08-06
P78325,ADAM8_HUMAN,P78325,surface,active,true,,e22d7643ea01abd0dce415e74faf002186e13ae33190976f1ae61cece045fb76,2026-08-06
Q13443,ADAM9_HUMAN,Q13443,surface,active,true,,e22d7643ea01abd0dce415e74faf002186e13ae33190976f1ae61cece045fb76,2026-08-06
O75689,ADAP1_HUMAN,O75689,non_surface,active,true,,e22d7643ea01abd0dce415e74faf002186e13ae33190976f1ae61cece045fb76,2026-08-06
O00116,ADAS_HUMAN,O00116,unclassified,active,true,,e22d7643ea01abd0dce415e74faf002186e13ae33190976f1ae61cece045fb76,2026-08-06
Q86TW2,ADCK1_HUMAN,Q86TW2,unclassified,active,true,,e22d7643ea01abd0dce415e74faf002186e13ae33190976f1ae61cece045fb76,2026-08-06
Q7Z695,ADCK2_HUMAN,Q7Z695,non_surface,active,true,,e22d7643ea01abd0dce415e74faf002186e13ae33190976f1ae61cece045fb76,2026-08-06
Q96D53,ADCK4_HUMAN,Q96D53,non_surface,active,true,,e22d7643ea01abd0dce415e74faf002186e13ae33190976f1ae61cece045fb76,2026-08-06
Q3MIX3,ADCK5_HUMAN,Q3MIX3,non_surface,active,true,,e22d7643ea01abd0dce415e74faf002186e13ae33190976f1ae61cece045fb76,2026-08-06
Q6P093,ADCL2_HUMAN,Q6P093,unclassified,active,true,,e22d7643ea01abd0dce415e74faf002186e13ae33190976f1ae61cece045fb76,2026-08-06
Q5VUY2,ADCL4_HUMAN,Q5VUY2,non_surface,active,true,,e22d7643ea01abd0dce415e74faf002186e13ae33190976f1ae61cece045fb76,2026-08-06
Q08828,ADCY1_HUMAN,Q08828,unclassified,active,true,,e22d7643ea01abd0dce415e74faf002186e13ae33190976f1ae61cece045fb76,2026-08-06
Q08462,ADCY2_HUMAN,Q08462,surface,active,true,,e22d7643ea01abd0dce415e74faf002186e13ae33190976f1ae61cece045fb76,2026-08-06
O60266,ADCY3_HUMAN,O60266,surface,active,true,,e22d7643ea01abd0dce415e74faf002186e13ae33190976f1ae61cece045fb76,2026-08-06
Q8NFM4,ADCY4_HUMAN,Q8NFM4,unclassified,active,true,,e22d7643ea01abd0dce415e74faf002186e13ae33190976f1ae61cece045fb76,2026-08-06
O95622,ADCY5_HUMAN,O95622,surface,active,true,,e22d7643ea01abd0dce415e74faf002186e13ae33190976f1ae61cece045fb76,2026-08-06
O43306,ADCY6_HUMAN,O43306,surface,active,true,,e22d7643ea01abd0dce415e74faf002186e13ae33190976f1ae61cece045fb76,2026-08-06
P51828,ADCY7_HUMAN,P51828,surface,active,true,,e22d7643ea01abd0dce415e74faf002186e13ae33190976f1ae61cece045fb76,2026-08-06
P40145,ADCY8_HUMAN,P40145,unclassified,active,true,,e22d7643ea01abd0dce415e74faf002186e13ae33190976f1ae61cece045fb76,2026-08-06
O60503,ADCY9_HUMAN,O60503,surface,active,true,,e22d7643ea01abd0dce415e74faf002186e13ae33190976f1ae61cece045fb76,2026-08-06
Q96PN6,ADCYA_HUMAN,Q96PN6,non_surface,active,true,,e22d7643ea01abd0dce415e74faf002186e13ae33190976f1ae61cece045fb76,2026-08-06
O15204,ADEC1_HUMAN,O15204,unclassified,active,true,,e22d7643ea01abd0dce415e74faf002186e13ae33190976f1ae61cece045fb76,2026-08-06
Q0VDE8,ADIG_HUMAN,Q0VDE8,non_surface,active,true,,e22d7643ea01abd0dce415e74faf002186e13ae33190976f1ae61cece045fb76,2026-08-06
Q5T7M4,ADIPL_HUMAN,Q5T7M4,unclassified,active,true,,e22d7643ea01abd0dce415e74faf002186e13ae33190976f1ae61cece045fb76,2026-08-06
Q15848,ADIPO_HUMAN,Q15848,unclassified,active,true,,e22d7643ea01abd0dce415e74faf002186e13ae33190976f1ae61cece045fb76,2026-08-06
Q7Z4H4,ADM2_HUMAN,Q7Z4H4,unclassified,active,true,,e22d7643ea01abd0dce415e74faf002186e13ae33190976f1ae61cece045fb76,2026-08-06
C9JUS6,ADM5_HUMAN,C9JUS6,unclassified,active,true,,e22d7643ea01abd0dce415e74faf002186e13ae33190976f1ae61cece045fb76,2026-08-06
P35318,ADML_HUMAN,P35318,unclassified,active,true,,e22d7643ea01abd0dce415e74faf002186e13ae33190976f1ae61cece045fb76,2026-08-06
Q9BRR6,ADPGK_HUMAN,Q9BRR6,unclassified,active,true,,e22d7643ea01abd0dce415e74faf002186e13ae33190976f1ae61cece045fb76,2026-08-06
P54922,ADPRH_HUMAN,P54922,unclassified,active,true,,e22d7643ea01abd0dce415e74faf002186e13ae33190976f1ae61cece045fb76,2026-08-06
Q96A54,ADR1_HUMAN,Q96A54,non_surface,active,true,,e22d7643ea01abd0dce415e74faf002186e13ae33190976f1ae61cece045fb76,2026-08-06
Q86V24,ADR2_HUMAN,Q86V24,surface,active,true,,e22d7643ea01abd0dce415e74faf002186e13ae33190976f1ae61cece045fb76,2026-08-06
P08588,ADRB1_HUMAN,P08588,surface,active,true,,e22d7643ea01abd0dce415e74faf002186e13ae33190976f1ae61cece045fb76,2026-08-06
P07550,ADRB2_HUMAN,P07550,surface,active,true,,e22d7643ea01abd0dce415e74faf002186e13ae33190976f1ae61cece045fb76,2026-08-06
P13945,ADRB3_HUMAN,P13945,surface,active,true,,e22d7643ea01abd0dce415e74faf002186e13ae33190976f1ae61cece045fb76,2026-08-06
Q16186,ADRM1_HUMAN,Q16186,unclassified,active,true,,e22d7643ea01abd0dce415e74faf002186e13ae33190976f1ae61cece045fb76,2026-08-06
P12235,ADT1_HUMAN,P12235,non_surface,active,true,,e22d7643ea01abd0dce415e74faf002186e13ae33190976f1ae61cece045fb76,2026-08-06
P05141,ADT2_HUMAN,P05141,non_surface,active,true,,e22d7643ea01abd0dce415e74faf002186e13ae33190976f1ae61cece045fb76,2026-08-06
P12236,ADT3_HUMAN,P12236,non_surface,active,true,,e22d7643ea01abd0dce415e74faf002186e13ae33190976f1ae61cece045fb76,2026-08-06
Q9H0C2,ADT4_HUMAN,Q9H0C2,non_surface,active,true,,e22d7643ea01abd0dce415e74faf002186e13ae33190976f1ae61cece045fb76,2026-08-06
Q96IZ2,ADTRP_HUMAN,Q96IZ2,non_surface,active,true,,e22d7643ea01abd0dce415e74faf002186e13ae33190976f1ae61cece045fb76,2026-08-06
Q8IUX7,AEBP1_HUMAN,Q8IUX7,unclassified,active,true,,e22d7643ea01abd0dce415e74faf002186e13ae33190976f1ae61cece045fb76,2026-08-06
Q6UXC1,AEGP_HUMAN,Q6UXC1,surface,active,true,,e22d7643ea01abd0dce415e74faf002186e13ae33190976f1ae61cece045fb76,2026-08-06
P43652,AFAM_HUMAN,P43652,unclassified,active,true,,e22d7643ea01abd0dce415e74faf002186e13ae33190976f1ae61cece045fb76,2026-08-06
Q9Y4W6,AFG32_HUMAN,Q9Y4W6,non_surface,active,true,,e22d7643ea01abd0dce415e74faf002186e13ae33190976f1ae61cece045fb76,2026-08-06
Q5BKT4,AG10A_HUMAN,Q5BKT4,non_surface,active,true,,e22d7643ea01abd0dce415e74faf002186e13ae33190976f1ae61cece045fb76,2026-08-06
Q5I7T1,AG10B_HUMAN,Q5I7T1,non_surface,active,true,,e22d7643ea01abd0dce415e74faf002186e13ae33190976f1ae61cece045fb76,2026-08-06
P06280,AGAL_HUMAN,P06280,unclassified,active,true,,e22d7643ea01abd0dce415e74faf002186e13ae33190976f1ae61cece045fb76,2026-08-06
Q53H12,AGK_HUMAN,Q53H12,unclassified,active,true,,e22d7643ea01abd0dce415e74faf002186e13ae33190976f1ae61cece045fb76,2026-08-06
O95994,AGR2_HUMAN,O95994,unclassified,active,true,,e22d7643ea01abd0dce415e74faf002186e13ae33190976f1ae61cece045fb76,2026-08-06
Q8TD06,AGR3_HUMAN,Q8TD06,unclassified,active,true,,e22d7643ea01abd0dce415e74faf002186e13ae33190976f1ae61cece045fb76,2026-08-06
O00468,AGRIN_HUMAN,O00468,unclassified,active,true,,e22d7643ea01abd0dce415e74faf002186e13ae33190976f1ae61cece045fb76,2026-08-06
O00253,AGRP_HUMAN,O00253,unclassified,active,true,,e22d7643ea01abd0dce415e74faf002186e13ae33190976f1ae61cece045fb76,2026-08-06
P30556,AGTR1_HUMAN,P30556,surface,active,true,,e22d7643ea01abd0dce415e74faf002186e13ae33190976f1ae61cece045fb76,2026-08-06
P50052,AGTR2_HUMAN,P50052,surface,active,true,,e22d7643ea01abd0dce415e74faf002186e13ae33190976f1ae61cece045fb76,2026-08-06
O95831,AIFM1_HUMAN,O95831,non_surface,active,true,,e22d7643ea01abd0dce415e74faf002186e13ae33190976f1ae61cece045fb76,2026-08-06
Q9NVV5,AIG1_HUMAN,Q9NVV5,non_surface,active,true,,e22d7643ea01abd0dce415e74faf002186e13ae33190976f1ae61cece045fb76,2026-08-06
Q9UKB5,AJAP1_HUMAN,Q9UKB5,surface,active,true,,e22d7643ea01abd0dce415e74faf002186e13ae33190976f1ae61cece045fb76,2026-08-06
Q92667,AKAP1_HUMAN,Q92667,non_surface,active,true,,e22d7643ea01abd0dce415e74faf002186e13ae33190976f1ae61cece045fb76,2026-08-06
P30837,AL1B1_HUMAN,P30837,unclassified,active,true,,e22d7643ea01abd0dce415e74faf002186e13ae33190976f1ae61cece045fb76,2026-08-06
Q60I27,AL2CL_HUMAN,Q60I27,non_surface,active,true,,e22d7643ea01abd0dce415e74faf002186e13ae33190976f1ae61cece045fb76,2026-08-06
P51648,AL3A2_HUMAN,P51648,non_surface,active,true,,e22d7643ea01abd0dce415e74faf002186e13ae33190976f1ae61cece045fb76,2026-08-06
P48448,AL3B2_HUMAN,P48448,non_surface,active,true,,e22d7643ea01abd0dce415e74faf002186e13ae33190976f1ae61cece045fb76,2026-08-06
P20292,AL5AP_HUMAN,P20292,non_surface,active,true,,e22d7643ea01abd0dce415e74faf002186e13ae33190976f1ae61cece045fb76,2026-08-06
P02768,ALBU_HUMAN,P02768,unclassified,active,true,,e22d7643ea01abd0dce415e74faf002186e13ae33190976f1ae61cece045fb76,2026-08-06
P05091,ALDH2_HUMAN,P05091,unclassified,active,true,,e22d7643ea01abd0dce415e74faf002186e13ae33190976f1ae61cece045fb76,2026-08-06
Q2TAA5,ALG11_HUMAN,Q2TAA5,non_surface,active,true,,e22d7643ea01abd0dce415e74faf002186e13ae33190976f1ae61cece045fb76,2026-08-06
Q9BV10,ALG12_HUMAN,Q9BV10,non_surface,active,true,,e22d7643ea01abd0dce415e74faf002186e13ae33190976f1ae61cece045fb76,2026-08-06
Q96F25,ALG14_HUMAN,Q96F25,non_surface,active,true,,e22d7643ea01abd0dce415e74faf002186e13ae33190976f1ae61cece045fb76,2026-08-06
Q9BT22,ALG1_HUMAN,Q9BT22,non_surface,active,true,,e22d7643ea01abd0dce415e74faf002186e13ae33190976f1ae61cece045fb76,2026-08-06
Q92685,ALG3_HUMAN,Q92685,non_surface,active,true,,e22d7643ea01abd0dce415e74faf002186e13ae33190976f1ae61cece045fb76,2026-08-06
Q9Y673,ALG5_HUMAN,Q9Y673,non_surface,active,true,,e22d7643ea01abd0dce415e74faf002186e13ae33190976f1ae61cece045fb76,2026-08-06
Q9Y672,ALG6_HUMAN,Q9Y672,non_surface,active,true,,e22d7643ea01abd0dce415e74faf002186e13ae33190976f1ae61cece045fb76,2026-08-06
Q9BVK2,ALG8_HUMAN,Q9BVK2,non_surface,active,true,,e22d7643ea01abd0dce415e74faf002186e13ae33190976f1ae61cece045fb76,2026-08-06
Q9H6U8,ALG9_HUMAN,Q9H6U8,unclassified,active,true,,e22d7643ea01abd0dce415e74faf002186e13ae33190976f1ae61cece045fb76,2026-08-06
Q13686,ALKB1_HUMAN,Q13686,unclassified,active,true,,e22d7643ea01abd0dce415e74faf002186e13ae33190976f1ae61cece045fb76,2026-08-06
Q6P6C2,ALKB5_HUMAN,Q6P6C2,unclassified,active,true,,e22d7643ea01abd0dce415e74faf002186e13ae33190976f1ae61cece045fb76,2026-08-06
Q9BT30,ALKB7_HUMAN,Q9BT30,unclassified,active,true,,e22d7643ea01abd0dce415e74faf002186e13ae33190976f1ae61cece045fb76,2026-08-06
Q6ZNB7,ALKMO_HUMAN,Q6ZNB7,non_surface,active,true,,e22d7643ea01abd0dce415e74faf002186e13ae33190976f1ae61cece045fb76,2026-08-06
Q9UM73,ALK_HUMAN,Q9UM73,surface,active,true,,e22d7643ea01abd0dce415e74faf002186e13ae33190976f1ae61cece045fb76,2026-08-06
P35858,ALS_HUMAN,P35858,unclassified,active,true,,e22d7643ea01abd0dce415e74faf002186e13ae33190976f1ae61cece045fb76,2026-08-06
Q9UHK6,AMACR_HUMAN,Q9UHK6,non_surface,active,true,,e22d7643ea01abd0dce415e74faf002186e13ae33190976f1ae61cece045fb76,2026-08-06
Q9NP70,AMBN_HUMAN,Q9NP70,unclassified,active,true,,e22d7643ea01abd0dce415e74faf002186e13ae33190976f1ae61cece045fb76,2026-08-06
P02760,AMBP_HUMAN,P02760,unclassified,active,true,,e22d7643ea01abd0dce415e74faf002186e13ae33190976f1ae61cece045fb76,2026-08-06
P19021,AMD_HUMAN,P19021,surface,active,true,,e22d7643ea01abd0dce415e74faf002186e13ae33190976f1ae61cece045fb76,2026-08-06
Q99217,AMELX_HUMAN,Q99217,unclassified,active,true,,e22d7643ea01abd0dce415e74faf002186e13ae33190976f1ae61cece045fb76,2026-08-06
Q99218,AMELY_HUMAN,Q99218,unclassified,active,true,,e22d7643ea01abd0dce415e74faf002186e13ae33190976f1ae61cece045fb76,2026-08-06
Q9UKV5,AMFR_HUMAN,Q9UKV5,non_surface,active,true,,e22d7643ea01abd0dce415e74faf002186e13ae33190976f1ae61cece045fb76,2026-08-06
Q86WK6,AMGO1_HUMAN,Q86WK6,surface,active,true,,e22d7643ea01abd0dce415e74faf002186e13ae33190976f1ae61cece045fb76,2026-08-06
Q86SJ2,AMGO2_HUMAN,Q86SJ2,surface,active,true,,e22d7643ea01abd0dce415e74faf002186e13ae33190976f1ae61cece045fb76,2026-08-06
Q86WK7,AMGO3_HUMAN,Q86WK7,surface,active,true,,e22d7643ea01abd0dce415e74faf002186e13ae33190976f1ae61cece045fb76,2026-08-06
Q16671,AMHR2_HUMAN,Q16671,surface,active,true,,e22d7643ea01abd0dce415e74faf002186e13ae33190976f1ae61cece045fb76,2026-08-06
Q9BXJ7,AMNLS_HUMAN,Q9BXJ7,surface,active,true,,e22d7643ea01abd0dce415e74faf002186e13ae33190976f1ae61cece045fb76,2026-08-06
P23109,AMPD1_HUMAN,P23109,unclassified,active,true,,e22d7643ea01abd0dce415e74faf002186e13ae33190976f1ae61cece045fb76,2026-08-06
Q07075,AMPE_HUMAN,Q07075,surface,active,true,,e22d7643ea01abd0dce415e74faf002186e13ae33190976f1ae61cece045fb76,2026-08-06
P15144,AMPN_HUMAN,P15144,surface,active,true,,e22d7643ea01abd0dce415e74faf002186e13ae33190976f1ae61cece045fb76,2026-08-06
Q6Q4G3,AMPQ_HUMAN,Q6Q4G3,unclassified,active,true,,e22d7643ea01abd0dce415e74faf002186e13ae33190976f1ae61cece045fb76,2026-08-06
P30533,AMRP_HUMAN,P30533,unclassified,active,true,,e22d7643ea01abd0dce415e74faf002186e13ae33190976f1ae61cece045fb76,2026-08-06
Q6UX39,AMTN_HUMAN,Q6UX39,unclassified,active,true,,e22d7643ea01abd0dce415e74faf002186e13ae33190976f1ae61cece045fb76,2026-08-06
P04745,AMY1_HUMAN,P04745,unclassified,inactive,false,uniprot_inactive,e22d7643ea01abd0dce415e74faf002186e13ae33190976f1ae61cece045fb76,2026-08-06
P19961,AMY2B_HUMAN,P19961,unclassified,active,true,,e22d7643ea01abd0dce415e74faf002186e13ae33190976f1ae61cece045fb76,2026-08-06
P04746,AMYP_HUMAN,P04746,unclassified,active,true,,e22d7643ea01abd0dce415e74faf002186e13ae33190976f1ae61cece045fb76,2026-08-06
P54802,ANAG_HUMAN,P54802,unclassified,active,true,,e22d7643ea01abd0dce415e74faf002186e13ae33190976f1ae61cece045fb76,2026-08-06
P10275,ANDR_HUMAN,P10275,non_surface,active,true,,e22d7643ea01abd0dce415e74faf002186e13ae33190976f1ae61cece045fb76,2026-08-06
P16860,ANFB_HUMAN,P16860,unclassified,active,true,,e22d7643ea01abd0dce415e74faf002186e13ae33190976f1ae61cece045fb76,2026-08-06
P23582,ANFC_HUMAN,P23582,unclassified,active,true,,e22d7643ea01abd0dce415e74faf002186e13ae33190976f1ae61cece045fb76,2026-08-06
P01160,ANF_HUMAN,P01160,unclassified,active,true,,e22d7643ea01abd0dce415e74faf002186e13ae33190976f1ae61cece045fb76,2026-08-06
Q9UNK9,ANGE1_HUMAN,Q9UNK9,unclassified,active,true,,e22d7643ea01abd0dce415e74faf002186e13ae33190976f1ae61cece045fb76,2026-08-06
P03950,ANGI_HUMAN,P03950,unclassified,active,true,,e22d7643ea01abd0dce415e74faf002186e13ae33190976f1ae61cece045fb76,2026-08-06
O95841,ANGL1_HUMAN,O95841,unclassified,active,true,,e22d7643ea01abd0dce415e74faf002186e13ae33190976f1ae61cece045fb76,2026-08-06
Q9UKU9,ANGL2_HUMAN,Q9UKU9,unclassified,active,true,,e22d7643ea01abd0dce415e74faf002186e13ae33190976f1ae61cece045fb76,2026-08-06
Q9Y5C1,ANGL3_HUMAN,Q9Y5C1,unclassified,active,true,,e22d7643ea01abd0dce415e74faf002186e13ae33190976f1ae61cece045fb76,2026-08-06
Q9BY76,ANGL4_HUMAN,Q9BY76,unclassified,active,true,,e22d7643ea01abd0dce415e74faf002186e13ae33190976f1ae61cece045fb76,2026-08-06
Q86XS5,ANGL5_HUMAN,Q86XS5,unclassified,active,true,,e22d7643ea01abd0dce415e74faf002186e13ae33190976f1ae61cece045fb76,2026-08-06
Q8NI99,ANGL6_HUMAN,Q8NI99,unclassified,active,true,,e22d7643ea01abd0dce415e74faf002186e13ae33190976f1ae61cece045fb76,2026-08-06
O43827,ANGL7_HUMAN,O43827,unclassified,active,true,,e22d7643ea01abd0dce415e74faf002186e13ae33190976f1ae61cece045fb76,2026-08-06
Q15389,ANGP1_HUMAN,Q15389,unclassified,active,true,,e22d7643ea01abd0dce415e74faf002186e13ae33190976f1ae61cece045fb76,2026-08-06
O15123,ANGP2_HUMAN,O15123,unclassified,active,true,,e22d7643ea01abd0dce415e74faf002186e13ae33190976f1ae61cece045fb76,2026-08-06
Q9Y264,ANGP4_HUMAN,Q9Y264,unclassified,active,true,,e22d7643ea01abd0dce415e74faf002186e13ae33190976f1ae61cece045fb76,2026-08-06
P01019,ANGT_HUMAN,P01019,unclassified,active,true,,e22d7643ea01abd0dce415e74faf002186e13ae33190976f1ae61cece045fb76,2026-08-06
Q7Z5J8,ANKAR_HUMAN,Q7Z5J8,non_surface,active,true,,e22d7643ea01abd0dce415e74faf002186e13ae33190976f1ae61cece045fb76,2026-08-06
Q9HCJ1,ANKH_HUMAN,Q9HCJ1,surface,active,true,,e22d7643ea01abd0dce415e74faf002186e13ae33190976f1ae61cece045fb76,2026-08-06
Q86XL3,ANKL2_HUMAN,Q86XL3,non_surface,active,true,,e22d7643ea01abd0dce415e74faf002186e13ae33190976f1ae61cece045fb76,2026-08-06
Q9NW15,ANO10_HUMAN,Q9NW15,non_surface,active,true,,e22d7643ea01abd0dce415e74faf002186e13ae33190976f1ae61cece045fb76,2026-08-06
Q5XXA6,ANO1_HUMAN,Q5XXA6,surface,active,true,,e22d7643ea01abd0dce415e74faf002186e13ae33190976f1ae61cece045fb76,2026-08-06
Q9NQ90,ANO2_HUMAN,Q9NQ90,surface,active,true,,e22d7643ea01abd0dce415e74faf002186e13ae33190976f1ae61cece045fb76,2026-08-06
Q9BYT9,ANO3_HUMAN,Q9BYT9,surface,active,true,,e22d7643ea01abd0dce415e74faf002186e13ae33190976f1ae61cece045fb76,2026-08-06
Q32M45,ANO4_HUMAN,Q32M45,unclassified,active,true,,e22d7643ea01abd0dce415e74faf002186e13ae33190976f1ae61cece045fb76,2026-08-06
Q75V66,ANO5_HUMAN,Q75V66,surface,active,true,,e22d7643ea01abd0dce415e74faf002186e13ae33190976f1ae61cece045fb76,2026-08-06
Q4KMQ2,ANO6_HUMAN,Q4KMQ2,surface,active,true,,e22d7643ea01abd0dce415e74faf002186e13ae33190976f1ae61cece045fb76,2026-08-06
Q6IWH7,ANO7_HUMAN,Q6IWH7,surface,active,true,,e22d7643ea01abd0dce415e74faf002186e13ae33190976f1ae61cece045fb76,2026-08-06
Q9HCE9,ANO8_HUMAN,Q9HCE9,unclassified,active,true,,e22d7643ea01abd0dce415e74faf002186e13ae33190976f1ae61cece045fb76,2026-08-06
A1A5B4,ANO9_HUMAN,A1A5B4,surface,active,true,,e22d7643ea01abd0dce415e74faf002186e13ae33190976f1ae61cece045fb76,2026-08-06
P16066,ANPRA_HUMAN,P16066,surface,active,true,,e22d7643ea01abd0dce415e74faf002186e13ae33190976f1ae61cece045fb76,2026-08-06
P20594,ANPRB_HUMAN,P20594,surface,active,true,,e22d7643ea01abd0dce415e74faf002186e13ae33190976f1ae61cece045fb76,2026-08-06
P17342,ANPRC_HUMAN,P17342,surface,active,true,,e22d7643ea01abd0dce415e74faf002186e13ae33190976f1ae61cece045fb76,2026-08-06
Q5VYY1,ANR22_HUMAN,Q5VYY1,unclassified,active,true,,e22d7643ea01abd0dce415e74faf002186e13ae33190976f1ae61cece045fb76,2026-08-06
Q9BQI6,ANR32_HUMAN,Q9BQI6,non_surface,active,true,,e22d7643ea01abd0dce415e74faf002186e13ae33190976f1ae61cece045fb76,2026-08-06
Q86W74,ANR46_HUMAN,Q86W74,non_surface,active,true,,e22d7643ea01abd0dce415e74faf002186e13ae33190976f1ae61cece045fb76,2026-08-06
Q9BZ19,ANR60_HUMAN,Q9BZ19,unclassified,active,true,,e22d7643ea01abd0dce415e74faf002186e13ae33190976f1ae61cece045fb76,2026-08-06
P01008,ANT3_HUMAN,P01008,unclassified,active,true,,e22d7643ea01abd0dce415e74faf002186e13ae33190976f1ae61cece045fb76,2026-08-06
Q9H6X2,ANTR1_HUMAN,Q9H6X2,surface,active,true,,e22d7643ea01abd0dce415e74faf002186e13ae33190976f1ae61cece045fb76,2026-08-06
P58335,ANTR2_HUMAN,P58335,surface,active,true,,e22d7643ea01abd0dce415e74faf002186e13ae33190976f1ae61cece045fb76,2026-08-06
A6NF34,ANTRL_HUMAN,A6NF34,surface,active,true,,e22d7643ea01abd0dce415e74faf002186e13ae33190976f1ae61cece045fb76,2026-08-06
P28039,AOAH_HUMAN,P28039,unclassified,active,true,,e22d7643ea01abd0dce415e74faf002186e13ae33190976f1ae61cece045fb76,2026-08-06
P19801,AOC1_HUMAN,P19801,unclassified,active,true,,e22d7643ea01abd0dce415e74faf002186e13ae33190976f1ae61cece045fb76,2026-08-06
O75106,AOC2_HUMAN,O75106,unclassified,active,true,,e22d7643ea01abd0dce415e74faf002186e13ae33190976f1ae61cece045fb76,2026-08-06
Q16853,AOC3_HUMAN,Q16853,surface,active,true,,e22d7643ea01abd0dce415e74faf002186e13ae33190976f1ae61cece045fb76,2026-08-06
P21397,AOFA_HUMAN,P21397,non_surface,active,true,,e22d7643ea01abd0dce415e74faf002186e13ae33190976f1ae61cece045fb76,2026-08-06
P27338,AOFB_HUMAN,P27338,non_surface,active,true,,e22d7643ea01abd0dce415e74faf002186e13ae33190976f1ae61cece045fb76,2026-08-06
Q96N21,AP4AT_HUMAN,Q96N21,non_surface,active,true,,e22d7643ea01abd0dce415e74faf002186e13ae33190976f1ae61cece045fb76,2026-08-06
Q9H1A4,APC1_HUMAN,Q9H1A4,non_surface,active,true,,e22d7643ea01abd0dce415e74faf002186e13ae33190976f1ae61cece045fb76,2026-08-06
Q8J025,APCD1_HUMAN,Q8J025,surface,active,true,,e22d7643ea01abd0dce415e74faf002186e13ae33190976f1ae61cece045fb76,2026-08-06
Q8NCL9,APCDL_HUMAN,Q8NCL9,unclassified,active,true,,e22d7643ea01abd0dce415e74faf002186e13ae33190976f1ae61cece045fb76,2026-08-06
Q9ULZ1,APEL_HUMAN,Q9ULZ1,unclassified,active,true,,e22d7643ea01abd0dce415e74faf002186e13ae33190976f1ae61cece045fb76,2026-08-06
Q96BI3,APH1A_HUMAN,Q96BI3,non_surface,active,true,,e22d7643ea01abd0dce415e74faf002186e13ae33190976f1ae61cece045fb76,2026-08-06
Q8WW43,APH1B_HUMAN,Q8WW43,non_surface,active,true,,e22d7643ea01abd0dce415e74faf002186e13ae33190976f1ae61cece045fb76,2026-08-06
P35414,APJ_HUMAN,P35414,surface,active,true,,e22d7643ea01abd0dce415e74faf002186e13ae33190976f1ae61cece045fb76,2026-08-06
Q96LR9,APLD1_HUMAN,Q96LR9,non_surface,active,true,,e22d7643ea01abd0dce415e74faf002186e13ae33190976f1ae61cece045fb76,2026-08-06
P51693,APLP1_HUMAN,P51693,surface,active,true,,e22d7643ea01abd0dce415e74faf002186e13ae33190976f1ae61cece045fb76,2026-08-06
Q06481,APLP2_HUMAN,Q06481,surface,active,true,,e22d7643ea01abd0dce415e74faf002186e13ae33190976f1ae61cece045fb76,2026-08-06
Q9HDC9,APMAP_HUMAN,Q9HDC9,unclassified,active,true,,e22d7643ea01abd0dce415e74faf002186e13ae33190976f1ae61cece045fb76,2026-08-06
P02647,APOA1_HUMAN,P02647,unclassified,active,true,,e22d7643ea01abd0dce415e74faf002186e13ae33190976f1ae61cece045fb76,2026-08-06
P02652,APOA2_HUMAN,P02652,unclassified,active,true,,e22d7643ea01abd0dce415e74faf002186e13ae33190976f1ae61cece045fb76,2026-08-06
P06727,APOA4_HUMAN,P06727,unclassified,active,true,,e22d7643ea01abd0dce415e74faf002186e13ae33190976f1ae61cece045fb76,2026-08-06
Q6Q788,APOA5_HUMAN,Q6Q788,unclassified,active,true,,e22d7643ea01abd0dce415e74faf002186e13ae33190976f1ae61cece045fb76,2026-08-06
P08519,APOA_HUMAN,P08519,unclassified,active,true,,e22d7643ea01abd0dce415e74faf002186e13ae33190976f1ae61cece045fb76,2026-08-06
P04114,APOB_HUMAN,P04114,unclassified,active,true,,e22d7643ea01abd0dce415e74faf002186e13ae33190976f1ae61cece045fb76,2026-08-06
P02654,APOC1_HUMAN,P02654,unclassified,active,true,,e22d7643ea01abd0dce415e74faf002186e13ae33190976f1ae61cece045fb76,2026-08-06
P02655,APOC2_HUMAN,P02655,unclassified,active,true,,e22d7643ea01abd0dce415e74faf002186e13ae33190976f1ae61cece045fb76,2026-08-06
P02656,APOC3_HUMAN,P02656,unclassified,active,true,,e22d7643ea01abd0dce415e74faf002186e13ae33190976f1ae61cece045fb76,2026-08-06
P55056,APOC4_HUMAN,P55056,unclassified,active,true,,e22d7643ea01abd0dce415e74faf002186e13ae33190976f1ae61cece045fb76,2026-08-06
P05090,APOD_HUMAN,P05090,unclassified,active,true,,e22d7643ea01abd0dce415e74faf002186e13ae33190976f1ae61cece045fb76,2026-08-06
P02649,APOE_HUMAN,P02649,unclassified,active,true,,e22d7643ea01abd0dce415e74faf002186e13ae33190976f1ae61cece045fb76,2026-08-06
Q13790,APOF_HUMAN,Q13790,unclassified,active,true,,e22d7643ea01abd0dce415e74faf002186e13ae33190976f1ae61cece045fb76,2026-08-06
P02749,APOH_HUMAN,P02749,unclassified,active,true,,e22d7643ea01abd0dce415e74faf002186e13ae33190976f1ae61cece045fb76,2026-08-06
O14791,APOL1_HUMAN,O14791,unclassified,active,true,,e22d7643ea01abd0dce415e74faf002186e13ae33190976f1ae61cece045fb76,2026-08-06
Q9BQE5,APOL2_HUMAN,Q9BQE5,non_surface,active,true,,e22d7643ea01abd0dce415e74faf002186e13ae33190976f1ae61cece045fb76,2026-08-06
Q9BPW4,APOL4_HUMAN,Q9BPW4,unclassified,active,true,,e22d7643ea01abd0dce415e74faf002186e13ae33190976f1ae61cece045fb76,2026-08-06
Q9BWW8,APOL6_HUMAN,Q9BWW8,non_surface,active,true,,e22d7643ea01abd0dce415e74faf002186e13ae33190976f1ae61cece045fb76,2026-08-06
Q9BUR5,APOO_HUMAN,Q9BUR5,non_surface,active,true,,e22d7643ea01abd0dce415e74faf002186e13ae33190976f1ae61cece045fb76,2026-08-06
Q8IVJ8,APRG1_HUMAN,Q8IVJ8,non_surface,active,true,,e22d7643ea01abd0dce415e74faf002186e13ae33190976f1ae61cece045fb76,2026-08-06
F7VJQ1,APRIO_HUMAN,F7VJQ1,non_surface,active,true,,e22d7643ea01abd0dce415e74faf002186e13ae33190976f1ae61cece045fb76,2026-08-06
Q53RT3,APRV1_HUMAN,Q53RT3,non_surface,active,true,,e22d7643ea01abd0dce415e74faf002186e13ae33190976f1ae61cece045fb76,2026-08-06
Q8IXF9,AQ12A_HUMAN,Q8IXF9,non_surface,active,true,,e22d7643ea01abd0dce415e74faf002186e13ae33190976f1ae61cece045fb76,2026-08-06
A6NM10,AQ12B_HUMAN,A6NM10,non_surface,active,true,,e22d7643ea01abd0dce415e74faf002186e13ae33190976f1ae61cece045fb76,2026-08-06
Q96PS8,AQP10_HUMAN,Q96PS8,surface,active,true,,e22d7643ea01abd0dce415e74faf002186e13ae33190976f1ae61cece045fb76,2026-08-06
Q8NBQ7,AQP11_HUMAN,Q8NBQ7,unclassified,active,true,,e22d7643ea01abd0dce415e74faf002186e13ae33190976f1ae61cece045fb76,2026-08-06
P29972,AQP1_HUMAN,P29972,surface,active,true,,e22d7643ea01abd0dce415e74faf002186e13ae33190976f1ae61cece045fb76,2026-08-06
P41181,AQP2_HUMAN,P41181,surface,active,true,,e22d7643ea01abd0dce415e74faf002186e13ae33190976f1ae61cece045fb76,2026-08-06
Q92482,AQP3_HUMAN,Q92482,unclassified,active,true,,e22d7643ea01abd0dce415e74faf002186e13ae33190976f1ae61cece045fb76,2026-08-06
P55087,AQP4_HUMAN,P55087,surface,active,true,,e22d7643ea01abd0dce415e74faf002186e13ae33190976f1ae61cece045fb76,2026-08-06
P55064,AQP5_HUMAN,P55064,surface,active,true,,e22d7643ea01abd0dce415e74faf002186e13ae33190976f1ae61cece045fb76,2026-08-06
Q13520,AQP6_HUMAN,Q13520,unclassified,active,true,,e22d7643ea01abd0dce415e74faf002186e13ae33190976f1ae61cece045fb76,2026-08-06
A6NL99,AQP73_HUMAN,A6NL99,non_surface,inactive,false,uniprot_inactive,e22d7643ea01abd0dce415e74faf002186e13ae33190976f1ae61cece045fb76,2026-08-06
O14520,AQP7_HUMAN,O14520,non_surface,active,true,,e22d7643ea01abd0dce415e74faf002186e13ae33190976f1ae61cece045fb76,2026-08-06
O94778,AQP8_HUMAN,O94778,surface,active,true,,e22d7643ea01abd0dce415e74faf002186e13ae33190976f1ae61cece045fb76,2026-08-06
O43315,AQP9_HUMAN,O43315,surface,active,true,,e22d7643ea01abd0dce415e74faf002186e13ae33190976f1ae61cece045fb76,2026-08-06
Q15041,AR6P1_HUMAN,Q15041,non_surface,active,true,,e22d7643ea01abd0dce415e74faf002186e13ae33190976f1ae61cece045fb76,2026-08-06
Q8N6S5,AR6P6_HUMAN,Q8N6S5,non_surface,active,true,,e22d7643ea01abd0dce415e74faf002186e13ae33190976f1ae61cece045fb76,2026-08-06
Q6UW56,ARAID_HUMAN,Q6UW56,surface,active,true,,e22d7643ea01abd0dce415e74faf002186e13ae33190976f1ae61cece045fb76,2026-08-06
P15514,AREG_HUMAN,P15514,surface,active,true,,e22d7643ea01abd0dce415e74faf002186e13ae33190976f1ae61cece045fb76,2026-08-06
O15013,ARHGA_HUMAN,O15013,non_surface,active,true,,e22d7643ea01abd0dce415e74faf002186e13ae33190976f1ae61cece045fb76,2026-08-06
Q8NDY3,ARHL1_HUMAN,Q8NDY3,unclassified,active,true,,e22d7643ea01abd0dce415e74faf002186e13ae33190976f1ae61cece045fb76,2026-08-06
Q9NX46,ARHL2_HUMAN,Q9NX46,unclassified,active,true,,e22d7643ea01abd0dce415e74faf002186e13ae33190976f1ae61cece045fb76,2026-08-06
Q8N7S6,ARI2O_HUMAN,Q8N7S6,non_surface,active,true,,e22d7643ea01abd0dce415e74faf002186e13ae33190976f1ae61cece045fb76,2026-08-06
Q8N8L6,ARL10_HUMAN,Q8N8L6,non_surface,active,true,,e22d7643ea01abd0dce415e74faf002186e13ae33190976f1ae61cece045fb76,2026-08-06
Q8N2F6,ARM10_HUMAN,Q8N2F6,non_surface,active,true,,e22d7643ea01abd0dce415e74faf002186e13ae33190976f1ae61cece045fb76,2026-08-06
Q96C12,ARMC5_HUMAN,Q96C12,unclassified,active,true,,e22d7643ea01abd0dce415e74faf002186e13ae33190976f1ae61cece045fb76,2026-08-06
Q7L311,ARMX2_HUMAN,Q7L311,non_surface,active,true,,e22d7643ea01abd0dce415e74faf002186e13ae33190976f1ae61cece045fb76,2026-08-06
Q9UH62,ARMX3_HUMAN,Q9UH62,non_surface,active,true,,e22d7643ea01abd0dce415e74faf002186e13ae33190976f1ae61cece045fb76,2026-08-06
Q5H9R4,ARMX4_HUMAN,Q5H9R4,non_surface,active,true,,e22d7643ea01abd0dce415e74faf002186e13ae33190976f1ae61cece045fb76,2026-08-06
Q7L4S7,ARMX6_HUMAN,Q7L4S7,non_surface,active,true,,e22d7643ea01abd0dce415e74faf002186e13ae33190976f1ae61cece045fb76,2026-08-06
Q9C0K3,ARP3C_HUMAN,Q9C0K3,unclassified,active,true,,e22d7643ea01abd0dce415e74faf002186e13ae33190976f1ae61cece045fb76,2026-08-06
P15289,ARSA_HUMAN,P15289,unclassified,active,true,,e22d7643ea01abd0dce415e74faf002186e13ae33190976f1ae61cece045fb76,2026-08-06
P15848,ARSB_HUMAN,P15848,unclassified,active,true,,e22d7643ea01abd0dce415e74faf002186e13ae33190976f1ae61cece045fb76,2026-08-06
P51689,ARSD_HUMAN,P51689,unclassified,active,true,,e22d7643ea01abd0dce415e74faf002186e13ae33190976f1ae61cece045fb76,2026-08-06
P51690,ARSE_HUMAN,P51690,unclassified,active,true,,e22d7643ea01abd0dce415e74faf002186e13ae33190976f1ae61cece045fb76,2026-08-06
P54793,ARSF_HUMAN,P54793,unclassified,active,true,,e22d7643ea01abd0dce415e74faf002186e13ae33190976f1ae61cece045fb76,2026-08-06
Q96EG1,ARSG_HUMAN,Q96EG1,unclassified,active,true,,e22d7643ea01abd0dce415e74faf002186e13ae33190976f1ae61cece045fb76,2026-08-06
Q5FYA8,ARSH_HUMAN,Q5FYA8,non_surface,active,true,,e22d7643ea01abd0dce415e74faf002186e13ae33190976f1ae61cece045fb76,2026-08-06
Q5FYB1,ARSI_HUMAN,Q5FYB1,unclassified,active,true,,e22d7643ea01abd0dce415e74faf002186e13ae33190976f1ae61cece045fb76,2026-08-06
Q5FYB0,ARSJ_HUMAN,Q5FYB0,unclassified,active,true,,e22d7643ea01abd0dce415e74faf002186e13ae33190976f1ae61cece045fb76,2026-08-06
Q6UWY0,ARSK_HUMAN,Q6UWY0,unclassified,active,true,,e22d7643ea01abd0dce415e74faf002186e13ae33190976f1ae61cece045fb76,2026-08-06
Q5T4W7,ARTN_HUMAN,Q5T4W7,unclassified,active,true,,e22d7643ea01abd0dce415e74faf002186e13ae33190976f1ae61cece045fb76,2026-08-06
Q9H2C2,ARV1_HUMAN,Q9H2C2,non_surface,active,true,,e22d7643ea01abd0dce415e74faf002186e13ae33190976f1ae61cece045fb76,2026-08-06
P11245,ARY2_HUMAN,P11245,non_surface,active,true,,e22d7643ea01abd0dce415e74faf002186e13ae33190976f1ae61cece045fb76,2026-08-06
Q13510,ASAH1_HUMAN,Q13510,unclassified,active,true,,e22d7643ea01abd0dce415e74faf002186e13ae33190976f1ae61cece045fb76,2026-08-06
Q9NR71,ASAH2_HUMAN,Q9NR71,unclassified,active,true,,e22d7643ea01abd0dce415e74faf002186e13ae33190976f1ae61cece045fb76,2026-08-06
Q8WXH4,ASB11_HUMAN,Q8WXH4,non_surface,active,true,,e22d7643ea01abd0dce415e74faf002186e13ae33190976f1ae61cece045fb76,2026-08-06
Q8WWX0,ASB5_HUMAN,Q8WWX0,non_surface,active,true,,e22d7643ea01abd0dce415e74faf002186e13ae33190976f1ae61cece045fb76,2026-08-06
P50553,ASCL1_HUMAN,P50553,unclassified,active,true,,e22d7643ea01abd0dce415e74faf002186e13ae33190976f1ae61cece045fb76,2026-08-06
P07306,ASGR1_HUMAN,P07306,surface,active,true,,e22d7643ea01abd0dce415e74faf002186e13ae33190976f1ae61cece045fb76,2026-08-06
P07307,ASGR2_HUMAN,P07307,surface,active,true,,e22d7643ea01abd0dce415e74faf002186e13ae33190976f1ae61cece045fb76,2026-08-06
P78348,ASIC1_HUMAN,P78348,surface,active,true,,e22d7643ea01abd0dce415e74faf002186e13ae33190976f1ae61cece045fb76,2026-08-06
Q16515,ASIC2_HUMAN,Q16515,non_surface,active,true,,e22d7643ea01abd0dce415e74faf002186e13ae33190976f1ae61cece045fb76,2026-08-06
Q9UHC3,ASIC3_HUMAN,Q9UHC3,unclassified,active,true,,e22d7643ea01abd0dce415e74faf002186e13ae33190976f1ae61cece045fb76,2026-08-06
Q96FT7,ASIC4_HUMAN,Q96FT7,surface,active,true,,e22d7643ea01abd0dce415e74faf002186e13ae33190976f1ae61cece045fb76,2026-08-06
Q9NY37,ASIC5_HUMAN,Q9NY37,surface,active,true,,e22d7643ea01abd0dce415e74faf002186e13ae33190976f1ae61cece045fb76,2026-08-06
P42127,ASIP_HUMAN,P42127,unclassified,active,true,,e22d7643ea01abd0dce415e74faf002186e13ae33190976f1ae61cece045fb76,2026-08-06
Q92484,ASM3A_HUMAN,Q92484,unclassified,active,true,,e22d7643ea01abd0dce415e74faf002186e13ae33190976f1ae61cece045fb76,2026-08-06
Q92485,ASM3B_HUMAN,Q92485,unclassified,active,true,,e22d7643ea01abd0dce415e74faf002186e13ae33190976f1ae61cece045fb76,2026-08-06
P17405,ASM_HUMAN,P17405,unclassified,active,true,,e22d7643ea01abd0dce415e74faf002186e13ae33190976f1ae61cece045fb76,2026-08-06
P20933,ASPG_HUMAN,P20933,unclassified,active,true,,e22d7643ea01abd0dce415e74faf002186e13ae33190976f1ae61cece045fb76,2026-08-06
Q5U4P2,ASPH1_HUMAN,Q5U4P2,non_surface,active,true,,e22d7643ea01abd0dce415e74faf002186e13ae33190976f1ae61cece045fb76,2026-08-06
Q6ICH7,ASPH2_HUMAN,Q6ICH7,non_surface,active,true,,e22d7643ea01abd0dce415e74faf002186e13ae33190976f1ae61cece045fb76,2026-08-06
Q12797,ASPH_HUMAN,Q12797,non_surface,active,true,,e22d7643ea01abd0dce415e74faf002186e13ae33190976f1ae61cece045fb76,2026-08-06
Q9BXN1,ASPN_HUMAN,Q9BXN1,unclassified,active,true,,e22d7643ea01abd0dce415e74faf002186e13ae33190976f1ae61cece045fb76,2026-08-06
P26436,ASPX_HUMAN,P26436,unclassified,active,true,,e22d7643ea01abd0dce415e74faf002186e13ae33190976f1ae61cece045fb76,2026-08-06
Q9Y284,ASTER_HUMAN,Q9Y284,non_surface,active,true,,e22d7643ea01abd0dce415e74faf002186e13ae33190976f1ae61cece045fb76,2026-08-06
Q6HA08,ASTL_HUMAN,Q6HA08,unclassified,active,true,,e22d7643ea01abd0dce415e74faf002186e13ae33190976f1ae61cece045fb76,2026-08-06
O14525,ASTN1_HUMAN,O14525,surface,active,true,,e22d7643ea01abd0dce415e74faf002186e13ae33190976f1ae61cece045fb76,2026-08-06
O75129,ASTN2_HUMAN,O75129,surface,active,true,,e22d7643ea01abd0dce415e74faf002186e13ae33190976f1ae61cece045fb76,2026-08-06
Q8WWH4,ASZ1_HUMAN,Q8WWH4,non_surface,active,true,,e22d7643ea01abd0dce415e74faf002186e13ae33190976f1ae61cece045fb76,2026-08-06
O60312,AT10A_HUMAN,O60312,unclassified,active,true,,e22d7643ea01abd0dce415e74faf002186e13ae33190976f1ae61cece045fb76,2026-08-06
O94823,AT10B_HUMAN,O94823,non_surface,active,true,,e22d7643ea01abd0dce415e74faf002186e13ae33190976f1ae61cece045fb76,2026-08-06
Q9P241,AT10D_HUMAN,Q9P241,unclassified,active,true,,e22d7643ea01abd0dce415e74faf002186e13ae33190976f1ae61cece045fb76,2026-08-06
P98196,AT11A_HUMAN,P98196,non_surface,active,true,,e22d7643ea01abd0dce415e74faf002186e13ae33190976f1ae61cece045fb76,2026-08-06
Q9Y2G3,AT11B_HUMAN,Q9Y2G3,unclassified,active,true,,e22d7643ea01abd0dce415e74faf002186e13ae33190976f1ae61cece045fb76,2026-08-06
Q8NB49,AT11C_HUMAN,Q8NB49,non_surface,active,true,,e22d7643ea01abd0dce415e74faf002186e13ae33190976f1ae61cece045fb76,2026-08-06
P54707,AT12A_HUMAN,P54707,unclassified,active,true,,e22d7643ea01abd0dce415e74faf002186e13ae33190976f1ae61cece045fb76,2026-08-06
Q9HD20,AT131_HUMAN,Q9HD20,surface,active,true,,e22d7643ea01abd0dce415e74faf002186e13ae33190976f1ae61cece045fb76,2026-08-06
Q9NQ11,AT132_HUMAN,Q9NQ11,surface,active,true,,e22d7643ea01abd0dce415e74faf002186e13ae33190976f1ae61cece045fb76,2026-08-06
Q9H7F0,AT133_HUMAN,Q9H7F0,surface,active,true,,e22d7643ea01abd0dce415e74faf002186e13ae33190976f1ae61cece045fb76,2026-08-06
Q4VNC1,AT134_HUMAN,Q4VNC1,unclassified,active,true,,e22d7643ea01abd0dce415e74faf002186e13ae33190976f1ae61cece045fb76,2026-08-06
Q4VNC0,AT135_HUMAN,Q4VNC0,surface,active,true,,e22d7643ea01abd0dce415e74faf002186e13ae33190976f1ae61cece045fb76,2026-08-06
P05023,AT1A1_HUMAN,P05023,surface,active,true,,e22d7643ea01abd0dce415e74faf002186e13ae33190976f1ae61cece045fb76,2026-08-06
P50993,AT1A2_HUMAN,P50993,surface,active,true,,e22d7643ea01abd0dce415e74faf002186e13ae33190976f1ae61cece045fb76,2026-08-06
P13637,AT1A3_HUMAN,P13637,surface,active,true,,e22d7643ea01abd0dce415e74faf002186e13ae33190976f1ae61cece045fb76,2026-08-06
Q13733,AT1A4_HUMAN,Q13733,surface,active,true,,e22d7643ea01abd0dce415e74faf002186e13ae33190976f1ae61cece045fb76,2026-08-06
P05026,AT1B1_HUMAN,P05026,surface,active,true,,e22d7643ea01abd0dce415e74faf002186e13ae33190976f1ae61cece045fb76,2026-08-06
P14415,AT1B2_HUMAN,P14415,surface,active,true,,e22d7643ea01abd0dce415e74faf002186e13ae33190976f1ae61cece045fb76,2026-08-06
P54709,AT1B3_HUMAN,P54709,surface,active,true,,e22d7643ea01abd0dce415e74faf002186e13ae33190976f1ae61cece045fb76,2026-08-06
Q9UN42,AT1B4_HUMAN,Q9UN42,surface,active,true,,e22d7643ea01abd0dce415e74faf002186e13ae33190976f1ae61cece045fb76,2026-08-06
O14983,AT2A1_HUMAN,O14983,non_surface,active,true,,e22d7643ea01abd0dce415e74faf002186e13ae33190976f1ae61cece045fb76,2026-08-06
P16615,AT2A2_HUMAN,P16615,unclassified,active,true,,e22d7643ea01abd0dce415e74faf002186e13ae33190976f1ae61cece045fb76,2026-08-06
Q93084,AT2A3_HUMAN,Q93084,unclassified,active,true,,e22d7643ea01abd0dce415e74faf002186e13ae33190976f1ae61cece045fb76,2026-08-06
P20020,AT2B1_HUMAN,P20020,unclassified,active,true,,e22d7643ea01abd0dce415e74faf002186e13ae33190976f1ae61cece045fb76,2026-08-06
Q01814,AT2B2_HUMAN,Q01814,surface,active,true,,e22d7643ea01abd0dce415e74faf002186e13ae33190976f1ae61cece045fb76,2026-08-06
Q16720,AT2B3_HUMAN,Q16720,surface,active,true,,e22d7643ea01abd0dce415e74faf002186e13ae33190976f1ae61cece045fb76,2026-08-06
P23634,AT2B4_HUMAN,P23634,surface,active,true,,e22d7643ea01abd0dce415e74faf002186e13ae33190976f1ae61cece045fb76,2026-08-06
P98194,AT2C1_HUMAN,P98194,non_surface,active,true,,e22d7643ea01abd0dce415e74faf002186e13ae33190976f1ae61cece045fb76,2026-08-06
O75185,AT2C2_HUMAN,O75185,non_surface,active,true,,e22d7643ea01abd0dce415e74faf002186e13ae33190976f1ae61cece045fb76,2026-08-06
P24539,AT5F1_HUMAN,P24539,unclassified,active,true,,e22d7643ea01abd0dce415e74faf002186e13ae33190976f1ae61cece045fb76,2026-08-06
P05496,AT5G1_HUMAN,P05496,non_surface,active,true,,e22d7643ea01abd0dce415e74faf002186e13ae33190976f1ae61cece045fb76,2026-08-06
Q06055,AT5G2_HUMAN,Q06055,non_surface,active,true,,e22d7643ea01abd0dce415e74faf002186e13ae33190976f1ae61cece045fb76,2026-08-06
P48201,AT5G3_HUMAN,P48201,non_surface,active,true,,e22d7643ea01abd0dce415e74faf002186e13ae33190976f1ae61cece045fb76,2026-08-06
Q9Y2Q0,AT8A1_HUMAN,Q9Y2Q0,unclassified,active,true,,e22d7643ea01abd0dce415e74faf002186e13ae33190976f1ae61cece045fb76,2026-08-06
Q9NTI2,AT8A2_HUMAN,Q9NTI2,non_surface,active,true,,e22d7643ea01abd0dce415e74faf002186e13ae33190976f1ae61cece045fb76,2026-08-06
O43520,AT8B1_HUMAN,O43520,unclassified,active,true,,e22d7643ea01abd0dce415e74faf002186e13ae33190976f1ae61cece045fb76,2026-08-06
P98198,AT8B2_HUMAN,P98198,unclassified,active,true,,e22d7643ea01abd0dce415e74faf002186e13ae33190976f1ae61cece045fb76,2026-08-06
O60423,AT8B3_HUMAN,O60423,non_surface,active,true,,e22d7643ea01abd0dce415e74faf002186e13ae33190976f1ae61cece045fb76,2026-08-06
Q8TF62,AT8B4_HUMAN,Q8TF62,unclassified,active,true,,e22d7643ea01abd0dce415e74faf002186e13ae33190976f1ae61cece045fb76,2026-08-06
Q8NBU5,ATAD1_HUMAN,Q8NBU5,non_surface,active,true,,e22d7643ea01abd0dce415e74faf002186e13ae33190976f1ae61cece045fb76,2026-08-06
Q96QE3,ATAD5_HUMAN,Q96QE3,unclassified,active,true,,e22d7643ea01abd0dce415e74faf002186e13ae33190976f1ae61cece045fb76,2026-08-06
Q86WG3,ATCAY_HUMAN,Q86WG3,non_surface,active,true,,e22d7643ea01abd0dce415e74faf002186e13ae33190976f1ae61cece045fb76,2026-08-06
Q9NVI7,ATD3A_HUMAN,Q9NVI7,non_surface,active,true,,e22d7643ea01abd0dce415e74faf002186e13ae33190976f1ae61cece045fb76,2026-08-06
Q5T9A4,ATD3B_HUMAN,Q5T9A4,unclassified,active,true,,e22d7643ea01abd0dce415e74faf002186e13ae33190976f1ae61cece045fb76,2026-08-06
P18850,ATF6A_HUMAN,P18850,non_surface,active,true,,e22d7643ea01abd0dce415e74faf002186e13ae33190976f1ae61cece045fb76,2026-08-06
Q99941,ATF6B_HUMAN,Q99941,non_surface,active,true,,e22d7643ea01abd0dce415e74faf002186e13ae33190976f1ae61cece045fb76,2026-08-06
Q7Z3C6,ATG9A_HUMAN,Q7Z3C6,surface,active,true,,e22d7643ea01abd0dce415e74faf002186e13ae33190976f1ae61cece045fb76,2026-08-06
Q674R7,ATG9B_HUMAN,Q674R7,non_surface,active,true,,e22d7643ea01abd0dce415e74faf002186e13ae33190976f1ae61cece045fb76,2026-08-06
Q8N6G6,ATL1_HUMAN,Q8N6G6,unclassified,active,true,,e22d7643ea01abd0dce415e74faf002186e13ae33190976f1ae61cece045fb76,2026-08-06
Q86TH1,ATL2_HUMAN,Q86TH1,unclassified,active,true,,e22d7643ea01abd0dce415e74faf002186e13ae33190976f1ae61cece045fb76,2026-08-06
P82987,ATL3_HUMAN,P82987,unclassified,active,true,,e22d7643ea01abd0dce415e74faf002186e13ae33190976f1ae61cece045fb76,2026-08-06
Q6UY14,ATL4_HUMAN,Q6UY14,unclassified,active,true,,e22d7643ea01abd0dce415e74faf002186e13ae33190976f1ae61cece045fb76,2026-08-06
Q6ZMM2,ATL5_HUMAN,Q6ZMM2,unclassified,active,true,,e22d7643ea01abd0dce415e74faf002186e13ae33190976f1ae61cece045fb76,2026-08-06
Q8WXF7,ATLA1_HUMAN,Q8WXF7,non_surface,active,true,,e22d7643ea01abd0dce415e74faf002186e13ae33190976f1ae61cece045fb76,2026-08-06
Q8NHH9,ATLA2_HUMAN,Q8NHH9,non_surface,active,true,,e22d7643ea01abd0dce415e74faf002186e13ae33190976f1ae61cece045fb76,2026-08-06
Q6DD88,ATLA3_HUMAN,Q6DD88,non_surface,active,true,,e22d7643ea01abd0dce415e74faf002186e13ae33190976f1ae61cece045fb76,2026-08-06
O43313,ATMIN_HUMAN,O43313,unclassified,active,true,,e22d7643ea01abd0dce415e74faf002186e13ae33190976f1ae61cece045fb76,2026-08-06
P54710,ATNG_HUMAN,P54710,non_surface,active,true,,e22d7643ea01abd0dce415e74faf002186e13ae33190976f1ae61cece045fb76,2026-08-06
P20648,ATP4A_HUMAN,P20648,unclassified,active,true,,e22d7643ea01abd0dce415e74faf002186e13ae33190976f1ae61cece045fb76,2026-08-06
P51164,ATP4B_HUMAN,P51164,surface,active,true,,e22d7643ea01abd0dce415e74faf002186e13ae33190976f1ae61cece045fb76,2026-08-06
P56385,ATP5I_HUMAN,P56385,non_surface,active,true,,e22d7643ea01abd0dce415e74faf002186e13ae33190976f1ae61cece045fb76,2026-08-06
P00846,ATP6_HUMAN,P00846,non_surface,active,true,,e22d7643ea01abd0dce415e74faf002186e13ae33190976f1ae61cece045fb76,2026-08-06
Q04656,ATP7A_HUMAN,Q04656,unclassified,active,true,,e22d7643ea01abd0dce415e74faf002186e13ae33190976f1ae61cece045fb76,2026-08-06
P35670,ATP7B_HUMAN,P35670,unclassified,active,true,,e22d7643ea01abd0dce415e74faf002186e13ae33190976f1ae61cece045fb76,2026-08-06
P03928,ATP8_HUMAN,P03928,non_surface,active,true,,e22d7643ea01abd0dce415e74faf002186e13ae33190976f1ae61cece045fb76,2026-08-06
O75110,ATP9A_HUMAN,O75110,non_surface,active,true,,e22d7643ea01abd0dce415e74faf002186e13ae33190976f1ae61cece045fb76,2026-08-06
O43861,ATP9B_HUMAN,O43861,non_surface,active,true,,e22d7643ea01abd0dce415e74faf002186e13ae33190976f1ae61cece045fb76,2026-08-06
Q5TC12,ATPF1_HUMAN,Q5TC12,unclassified,active,true,,e22d7643ea01abd0dce415e74faf002186e13ae33190976f1ae61cece045fb76,2026-08-06
P56134,ATPK_HUMAN,P56134,non_surface,active,true,,e22d7643ea01abd0dce415e74faf002186e13ae33190976f1ae61cece045fb76,2026-08-06
Q6RW13,ATRAP_HUMAN,Q6RW13,non_surface,active,true,,e22d7643ea01abd0dce415e74faf002186e13ae33190976f1ae61cece045fb76,2026-08-06
Q5VV63,ATRN1_HUMAN,Q5VV63,surface,active,true,,e22d7643ea01abd0dce415e74faf002186e13ae33190976f1ae61cece045fb76,2026-08-06
O75882,ATRN_HUMAN,O75882,surface,active,true,,e22d7643ea01abd0dce415e74faf002186e13ae33190976f1ae61cece045fb76,2026-08-06
Q13535,ATR_HUMAN,Q13535,non_surface,active,true,,e22d7643ea01abd0dce415e74faf002186e13ae33190976f1ae61cece045fb76,2026-08-06
Q9H324,ATS10_HUMAN,Q9H324,unclassified,active,true,,e22d7643ea01abd0dce415e74faf002186e13ae33190976f1ae61cece045fb76,2026-08-06
P58397,ATS12_HUMAN,P58397,unclassified,active,true,,e22d7643ea01abd0dce415e74faf002186e13ae33190976f1ae61cece045fb76,2026-08-06
Q76LX8,ATS13_HUMAN,Q76LX8,unclassified,active,true,,e22d7643ea01abd0dce415e74faf002186e13ae33190976f1ae61cece045fb76,2026-08-06
Q8WXS8,ATS14_HUMAN,Q8WXS8,unclassified,active,true,,e22d7643ea01abd0dce415e74faf002186e13ae33190976f1ae61cece045fb76,2026-08-06
Q8TE58,ATS15_HUMAN,Q8TE58,unclassified,active,true,,e22d7643ea01abd0dce415e74faf002186e13ae33190976f1ae61cece045fb76,2026-08-06
Q8TE57,ATS16_HUMAN,Q8TE57,unclassified,active,true,,e22d7643ea01abd0dce415e74faf002186e13ae33190976f1ae61cece045fb76,2026-08-06
Q8TE56,ATS17_HUMAN,Q8TE56,unclassified,active,true,,e22d7643ea01abd0dce415e74faf002186e13ae33190976f1ae61cece045fb76,2026-08-06
Q8TE60,ATS18_HUMAN,Q8TE60,unclassified,active,true,,e22d7643ea01abd0dce415e74faf002186e13ae33190976f1ae61cece045fb76,2026-08-06
Q8TE59,ATS19_HUMAN,Q8TE59,unclassified,active,true,,e22d7643ea01abd0dce415e74faf002186e13ae33190976f1ae61cece045fb76,2026-08-06
Q9UHI8,ATS1_HUMAN,Q9UHI8,unclassified,active,true,,e22d7643ea01abd0dce415e74faf002186e13ae33190976f1ae61cece045fb76,2026-08-06
P59510,ATS20_HUMAN,P59510,unclassified,active,true,,e22d7643ea01abd0dce415e74faf002186e13ae33190976f1ae61cece045fb76,2026-08-06
O95450,ATS2_HUMAN,O95450,unclassified,active,true,,e22d7643ea01abd0dce415e74faf002186e13ae33190976f1ae61cece045fb76,2026-08-06
O15072,ATS3_HUMAN,O15072,unclassified,active,true,,e22d7643ea01abd0dce415e74faf002186e13ae33190976f1ae61cece045fb76,2026-08-06
O75173,ATS4_HUMAN,O75173,unclassified,active,true,,e22d7643ea01abd0dce415e74faf002186e13ae33190976f1ae61cece045fb76,2026-08-06
Q9UNA0,ATS5_HUMAN,Q9UNA0,unclassified,active,true,,e22d7643ea01abd0dce415e74faf002186e13ae33190976f1ae61cece045fb76,2026-08-06
Q9UKP5,ATS6_HUMAN,Q9UKP5,unclassified,active,true,,e22d7643ea01abd0dce415e74faf002186e13ae33190976f1ae61cece045fb76,2026-08-06
Q9UKP4,ATS7_HUMAN,Q9UKP4,unclassified,active,true,,e22d7643ea01abd0dce415e74faf002186e13ae33190976f1ae61cece045fb76,2026-08-06
Q9UP79,ATS8_HUMAN,Q9UP79,unclassified,active,true,,e22d7643ea01abd0dce415e74faf002186e13ae33190976f1ae61cece045fb76,2026-08-06
Q9P2N4,ATS9_HUMAN,Q9P2N4,unclassified,active,true,,e22d7643ea01abd0dce415e74faf002186e13ae33190976f1ae61cece045fb76,2026-08-06
P54252,ATX3_HUMAN,P54252,non_surface,active,true,,e22d7643ea01abd0dce415e74faf002186e13ae33190976f1ae61cece045fb76,2026-08-06
Q9H1Z8,AUGN_HUMAN,Q9H1Z8,unclassified,active,true,,e22d7643ea01abd0dce415e74faf002186e13ae33190976f1ae61cece045fb76,2026-08-06
Q13825,AUHM_HUMAN,Q13825,unclassified,active,true,,e22d7643ea01abd0dce415e74faf002186e13ae33190976f1ae61cece045fb76,2026-08-06
Q9Y679,AUP1_HUMAN,Q9Y679,non_surface,active,true,,e22d7643ea01abd0dce415e74faf002186e13ae33190976f1ae61cece045fb76,2026-08-06
Q8NBF6,AVL9_HUMAN,Q8NBF6,non_surface,active,true,,e22d7643ea01abd0dce415e74faf002186e13ae33190976f1ae61cece045fb76,2026-08-06
P27037,AVR2A_HUMAN,P27037,surface,active,true,,e22d7643ea01abd0dce415e74faf002186e13ae33190976f1ae61cece045fb76,2026-08-06
Q13705,AVR2B_HUMAN,Q13705,surface,active,true,,e22d7643ea01abd0dce415e74faf002186e13ae33190976f1ae61cece045fb76,2026-08-06
Q58HT5,AWAT1_HUMAN,Q58HT5,non_surface,active,true,,e22d7643ea01abd0dce415e74faf002186e13ae33190976f1ae61cece045fb76,2026-08-06
Q6E213,AWAT2_HUMAN,Q6E213,non_surface,active,true,,e22d7643ea01abd0dce415e74faf002186e13ae33190976f1ae61cece045fb76,2026-08-06
Q9Y2T1,AXIN2_HUMAN,Q9Y2T1,unclassified,active,true,,e22d7643ea01abd0dce415e74faf002186e13ae33190976f1ae61cece045fb76,2026-08-06
Q07817,B2CL1_HUMAN,Q07817,non_surface,active,true,,e22d7643ea01abd0dce415e74faf002186e13ae33190976f1ae61cece045fb76,2026-08-06
Q92843,B2CL2_HUMAN,Q92843,non_surface,active,true,,e22d7643ea01abd0dce415e74faf002186e13ae33190976f1ae61cece045fb76,2026-08-06
Q9HD36,B2L10_HUMAN,Q9HD36,non_surface,active,true,,e22d7643ea01abd0dce415e74faf002186e13ae33190976f1ae61cece045fb76,2026-08-06
Q9BXK5,B2L13_HUMAN,Q9BXK5,non_surface,active,true,,e22d7643ea01abd0dce415e74faf002186e13ae33190976f1ae61cece045fb76,2026-08-06
P61769,B2MG_HUMAN,P61769,unclassified,active,true,,e22d7643ea01abd0dce415e74faf002186e13ae33190976f1ae61cece045fb76,2026-08-06
P04920,B3A2_HUMAN,P04920,non_surface,active,true,,e22d7643ea01abd0dce415e74faf002186e13ae33190976f1ae61cece045fb76,2026-08-06
P48751,B3A3_HUMAN,P48751,unclassified,active,true,,e22d7643ea01abd0dce415e74faf002186e13ae33190976f1ae61cece045fb76,2026-08-06
Q96Q91,B3A4_HUMAN,Q96Q91,unclassified,active,true,,e22d7643ea01abd0dce415e74faf002186e13ae33190976f1ae61cece045fb76,2026-08-06
P02730,B3AT_HUMAN,P02730,surface,active,true,,e22d7643ea01abd0dce415e74faf002186e13ae33190976f1ae61cece045fb76,2026-08-06
Q9P2W7,B3GA1_HUMAN,Q9P2W7,non_surface,active,true,,e22d7643ea01abd0dce415e74faf002186e13ae33190976f1ae61cece045fb76,2026-08-06
Q9NPZ5,B3GA2_HUMAN,Q9NPZ5,non_surface,active,true,,e22d7643ea01abd0dce415e74faf002186e13ae33190976f1ae61cece045fb76,2026-08-06
O94766,B3GA3_HUMAN,O94766,non_surface,active,true,,e22d7643ea01abd0dce415e74faf002186e13ae33190976f1ae61cece045fb76,2026-08-06
O75752,B3GL1_HUMAN,O75752,non_surface,active,true,,e22d7643ea01abd0dce415e74faf002186e13ae33190976f1ae61cece045fb76,2026-08-06
Q8NCR0,B3GL2_HUMAN,Q8NCR0,non_surface,active,true,,e22d7643ea01abd0dce415e74faf002186e13ae33190976f1ae61cece045fb76,2026-08-06
Q6Y288,B3GLT_HUMAN,Q6Y288,non_surface,active,true,,e22d7643ea01abd0dce415e74faf002186e13ae33190976f1ae61cece045fb76,2026-08-06
Q9NY97,B3GN2_HUMAN,Q9NY97,non_surface,active,true,,e22d7643ea01abd0dce415e74faf002186e13ae33190976f1ae61cece045fb76,2026-08-06
Q9Y2A9,B3GN3_HUMAN,Q9Y2A9,unclassified,active,true,,e22d7643ea01abd0dce415e74faf002186e13ae33190976f1ae61cece045fb76,2026-08-06
Q9C0J1,B3GN4_HUMAN,Q9C0J1,non_surface,active,true,,e22d7643ea01abd0dce415e74faf002186e13ae33190976f1ae61cece045fb76,2026-08-06
Q9BYG0,B3GN5_HUMAN,Q9BYG0,non_surface,active,true,,e22d7643ea01abd0dce415e74faf002186e13ae33190976f1ae61cece045fb76,2026-08-06
Q6ZMB0,B3GN6_HUMAN,Q6ZMB0,non_surface,active,true,,e22d7643ea01abd0dce415e74faf002186e13ae33190976f1ae61cece045fb76,2026-08-06
Q8NFL0,B3GN7_HUMAN,Q8NFL0,non_surface,active,true,,e22d7643ea01abd0dce415e74faf002186e13ae33190976f1ae61cece045fb76,2026-08-06
Q7Z7M8,B3GN8_HUMAN,Q7Z7M8,non_surface,active,true,,e22d7643ea01abd0dce415e74faf002186e13ae33190976f1ae61cece045fb76,2026-08-06
Q6UX72,B3GN9_HUMAN,Q6UX72,non_surface,active,true,,e22d7643ea01abd0dce415e74faf002186e13ae33190976f1ae61cece045fb76,2026-08-06
Q9Y5Z6,B3GT1_HUMAN,Q9Y5Z6,non_surface,active,true,,e22d7643ea01abd0dce415e74faf002186e13ae33190976f1ae61cece045fb76,2026-08-06
O43825,B3GT2_HUMAN,O43825,non_surface,active,true,,e22d7643ea01abd0dce415e74faf002186e13ae33190976f1ae61cece045fb76,2026-08-06
O96024,B3GT4_HUMAN,O96024,non_surface,active,true,,e22d7643ea01abd0dce415e74faf002186e13ae33190976f1ae61cece045fb76,2026-08-06
Q9Y2C3,B3GT5_HUMAN,Q9Y2C3,non_surface,active,true,,e22d7643ea01abd0dce415e74faf002186e13ae33190976f1ae61cece045fb76,2026-08-06
Q96L58,B3GT6_HUMAN,Q96L58,non_surface,active,true,,e22d7643ea01abd0dce415e74faf002186e13ae33190976f1ae61cece045fb76,2026-08-06
O43505,B4GA1_HUMAN,O43505,non_surface,active,true,,e22d7643ea01abd0dce415e74faf002186e13ae33190976f1ae61cece045fb76,2026-08-06
Q00973,B4GN1_HUMAN,Q00973,non_surface,active,true,,e22d7643ea01abd0dce415e74faf002186e13ae33190976f1ae61cece045fb76,2026-08-06
Q8NHY0,B4GN2_HUMAN,Q8NHY0,non_surface,active,true,,e22d7643ea01abd0dce415e74faf002186e13ae33190976f1ae61cece045fb76,2026-08-06
Q6L9W6,B4GN3_HUMAN,Q6L9W6,non_surface,active,true,,e22d7643ea01abd0dce415e74faf002186e13ae33190976f1ae61cece045fb76,2026-08-06
Q76KP1,B4GN4_HUMAN,Q76KP1,non_surface,active,true,,e22d7643ea01abd0dce415e74faf002186e13ae33190976f1ae61cece045fb76,2026-08-06
P15291,B4GT1_HUMAN,P15291,non_surface,active,true,,e22d7643ea01abd0dce415e74faf002186e13ae33190976f1ae61cece045fb76,2026-08-06
O60909,B4GT2_HUMAN,O60909,non_surface,active,true,,e22d7643ea01abd0dce415e74faf002186e13ae33190976f1ae61cece045fb76,2026-08-06
O60512,B4GT3_HUMAN,O60512,non_surface,active,true,,e22d7643ea01abd0dce415e74faf002186e13ae33190976f1ae61cece045fb76,2026-08-06
O60513,B4GT4_HUMAN,O60513,non_surface,active,true,,e22d7643ea01abd0dce415e74faf002186e13ae33190976f1ae61cece045fb76,2026-08-06
O43286,B4GT5_HUMAN,O43286,non_surface,active,true,,e22d7643ea01abd0dce415e74faf002186e13ae33190976f1ae61cece045fb76,2026-08-06
Q9UBX8,B4GT6_HUMAN,Q9UBX8,non_surface,active,true,,e22d7643ea01abd0dce415e74faf002186e13ae33190976f1ae61cece045fb76,2026-08-06
Q9UBV7,B4GT7_HUMAN,Q9UBV7,non_surface,active,true,,e22d7643ea01abd0dce415e74faf002186e13ae33190976f1ae61cece045fb76,2026-08-06
Q9UPM9,B9D1_HUMAN,Q9UPM9,unclassified,active,true,,e22d7643ea01abd0dce415e74faf002186e13ae33190976f1ae61cece045fb76,2026-08-06
P56817,BACE1_HUMAN,P56817,surface,active,true,,e22d7643ea01abd0dce415e74faf002186e13ae33190976f1ae61cece045fb76,2026-08-06
Q9Y5Z0,BACE2_HUMAN,Q9Y5Z0,surface,active,true,,e22d7643ea01abd0dce415e74faf002186e13ae33190976f1ae61cece045fb76,2026-08-06
Q13072,BAGE1_HUMAN,Q13072,unclassified,active,true,,e22d7643ea01abd0dce415e74faf002186e13ae33190976f1ae61cece045fb76,2026-08-06
Q86Y30,BAGE2_HUMAN,Q86Y30,unclassified,active,true,,e22d7643ea01abd0dce415e74faf002186e13ae33190976f1ae61cece045fb76,2026-08-06
Q86Y29,BAGE3_HUMAN,Q86Y29,unclassified,active,true,,e22d7643ea01abd0dce415e74faf002186e13ae33190976f1ae61cece045fb76,2026-08-06
Q86Y28,BAGE4_HUMAN,Q86Y28,unclassified,active,true,,e22d7643ea01abd0dce415e74faf002186e13ae33190976f1ae61cece045fb76,2026-08-06
Q86Y27,BAGE5_HUMAN,Q86Y27,unclassified,active,true,,e22d7643ea01abd0dce415e74faf002186e13ae33190976f1ae61cece045fb76,2026-08-06
O14514,BAI1_HUMAN,O14514,surface,active,true,,e22d7643ea01abd0dce415e74faf002186e13ae33190976f1ae61cece045fb76,2026-08-06
O60241,BAI2_HUMAN,O60241,surface,active,true,,e22d7643ea01abd0dce415e74faf002186e13ae33190976f1ae61cece045fb76,2026-08-06
O60242,BAI3_HUMAN,O60242,surface,active,true,,e22d7643ea01abd0dce415e74faf002186e13ae33190976f1ae61cece045fb76,2026-08-06
Q16611,BAK_HUMAN,Q16611,non_surface,active,true,,e22d7643ea01abd0dce415e74faf002186e13ae33190976f1ae61cece045fb76,2026-08-06
Q13145,BAMBI_HUMAN,Q13145,surface,active,true,,e22d7643ea01abd0dce415e74faf002186e13ae33190976f1ae61cece045fb76,2026-08-06
Q9UHQ4,BAP29_HUMAN,Q9UHQ4,non_surface,active,true,,e22d7643ea01abd0dce415e74faf002186e13ae33190976f1ae61cece045fb76,2026-08-06
P51572,BAP31_HUMAN,P51572,non_surface,active,true,,e22d7643ea01abd0dce415e74faf002186e13ae33190976f1ae61cece045fb76,2026-08-06
P35613,BASI_HUMAN,P35613,surface,active,true,,e22d7643ea01abd0dce415e74faf002186e13ae33190976f1ae61cece045fb76,2026-08-06
P82251,BAT1_HUMAN,P82251,surface,active,true,,e22d7643ea01abd0dce415e74faf002186e13ae33190976f1ae61cece045fb76,2026-08-06
Q9NR55,BATF3_HUMAN,Q9NR55,unclassified,active,true,,e22d7643ea01abd0dce415e74faf002186e13ae33190976f1ae61cece045fb76,2026-08-06
Q07812,BAX_HUMAN,Q07812,non_surface,active,true,,e22d7643ea01abd0dce415e74faf002186e13ae33190976f1ae61cece045fb76,2026-08-06
P50895,BCAM_HUMAN,P50895,surface,active,true,,e22d7643ea01abd0dce415e74faf002186e13ae33190976f1ae61cece045fb76,2026-08-06
O60756,BCE1_HUMAN,O60756,non_surface,active,true,,e22d7643ea01abd0dce415e74faf002186e13ae33190976f1ae61cece045fb76,2026-08-06
P10415,BCL2_HUMAN,P10415,non_surface,active,true,,e22d7643ea01abd0dce415e74faf002186e13ae33190976f1ae61cece045fb76,2026-08-06
P11274,BCR_HUMAN,P11274,non_surface,active,true,,e22d7643ea01abd0dce415e74faf002186e13ae33190976f1ae61cece045fb76,2026-08-06
Q9Y276,BCS1_HUMAN,Q9Y276,non_surface,active,true,,e22d7643ea01abd0dce415e74faf002186e13ae33190976f1ae61cece045fb76,2026-08-06
Q9BUT1,BDH2_HUMAN,Q9BUT1,unclassified,active,true,,e22d7643ea01abd0dce415e74faf002186e13ae33190976f1ae61cece045fb76,2026-08-06
P23560,BDNF_HUMAN,P23560,unclassified,active,true,,e22d7643ea01abd0dce415e74faf002186e13ae33190976f1ae61cece045fb76,2026-08-06
A6H8Y1,BDP1_HUMAN,A6H8Y1,non_surface,active,true,,e22d7643ea01abd0dce415e74faf002186e13ae33190976f1ae61cece045fb76,2026-08-06
Q3B7T3,BEAN1_HUMAN,Q3B7T3,unclassified,active,true,,e22d7643ea01abd0dce415e74faf002186e13ae33190976f1ae61cece045fb76,2026-08-06
O76090,BEST1_HUMAN,O76090,non_surface,active,true,,e22d7643ea01abd0dce415e74faf002186e13ae33190976f1ae61cece045fb76,2026-08-06
Q8NFU1,BEST2_HUMAN,Q8NFU1,surface,active,true,,e22d7643ea01abd0dce415e74faf002186e13ae33190976f1ae61cece045fb76,2026-08-06
Q8N1M1,BEST3_HUMAN,Q8N1M1,non_surface,active,true,,e22d7643ea01abd0dce415e74faf002186e13ae33190976f1ae61cece045fb76,2026-08-06
Q8NFU0,BEST4_HUMAN,Q8NFU0,surface,active,true,,e22d7643ea01abd0dce415e74faf002186e13ae33190976f1ae61cece045fb76,2026-08-06
Q9NYM9,BET1L_HUMAN,Q9NYM9,non_surface,active,true,,e22d7643ea01abd0dce415e74faf002186e13ae33190976f1ae61cece045fb76,2026-08-06
O15155,BET1_HUMAN,O15155,non_surface,active,true,,e22d7643ea01abd0dce415e74faf002186e13ae33190976f1ae61cece045fb76,2026-08-06
Q6UXH0,BETAT_HUMAN,Q6UXH0,unclassified,active,true,,e22d7643ea01abd0dce415e74faf002186e13ae33190976f1ae61cece045fb76,2026-08-06
Q9NZS9,BFAR_HUMAN,Q9NZS9,non_surface,active,true,,e22d7643ea01abd0dce415e74faf002186e13ae33190976f1ae61cece045fb76,2026-08-06
P16278,BGAL_HUMAN,P16278,unclassified,active,true,,e22d7643ea01abd0dce415e74faf002186e13ae33190976f1ae61cece045fb76,2026-08-06
P16442,BGAT_HUMAN,P16442,non_surface,active,true,,e22d7643ea01abd0dce415e74faf002186e13ae33190976f1ae61cece045fb76,2026-08-06
Q15582,BGH3_HUMAN,Q15582,unclassified,active,true,,e22d7643ea01abd0dce415e74faf002186e13ae33190976f1ae61cece045fb76,2026-08-06
P08236,BGLR_HUMAN,P08236,unclassified,active,true,,e22d7643ea01abd0dce415e74faf002186e13ae33190976f1ae61cece045fb76,2026-08-06
P55061,BI1_HUMAN,P55061,non_surface,active,true,,e22d7643ea01abd0dce415e74faf002186e13ae33190976f1ae61cece045fb76,2026-08-06
Q6ZP65,BICR1_HUMAN,Q6ZP65,unclassified,active,true,,e22d7643ea01abd0dce415e74faf002186e13ae33190976f1ae61cece045fb76,2026-08-06
Q5TH69,BIG3_HUMAN,Q5TH69,non_surface,active,true,,e22d7643ea01abd0dce415e74faf002186e13ae33190976f1ae61cece045fb76,2026-08-06
Q13323,BIK_HUMAN,Q13323,non_surface,active,true,,e22d7643ea01abd0dce415e74faf002186e13ae33190976f1ae61cece045fb76,2026-08-06
P46663,BKRB1_HUMAN,P46663,surface,active,true,,e22d7643ea01abd0dce415e74faf002186e13ae33190976f1ae61cece045fb76,2026-08-06
P30411,BKRB2_HUMAN,P30411,surface,active,true,,e22d7643ea01abd0dce415e74faf002186e13ae33190976f1ae61cece045fb76,2026-08-06
P62952,BLCAP_HUMAN,P62952,non_surface,active,true,,e22d7643ea01abd0dce415e74faf002186e13ae33190976f1ae61cece045fb76,2026-08-06
P30043,BLVRB_HUMAN,P30043,unclassified,active,true,,e22d7643ea01abd0dce415e74faf002186e13ae33190976f1ae61cece045fb76,2026-08-06
O95393,BMP10_HUMAN,O95393,unclassified,active,true,,e22d7643ea01abd0dce415e74faf002186e13ae33190976f1ae61cece045fb76,2026-08-06
O95972,BMP15_HUMAN,O95972,unclassified,active,true,,e22d7643ea01abd0dce415e74faf002186e13ae33190976f1ae61cece045fb76,2026-08-06
P13497,BMP1_HUMAN,P13497,unclassified,active,true,,e22d7643ea01abd0dce415e74faf002186e13ae33190976f1ae61cece045fb76,2026-08-06
P12643,BMP2_HUMAN,P12643,unclassified,active,true,,e22d7643ea01abd0dce415e74faf002186e13ae33190976f1ae61cece045fb76,2026-08-06
P55107,BMP3B_HUMAN,P55107,unclassified,active,true,,e22d7643ea01abd0dce415e74faf002186e13ae33190976f1ae61cece045fb76,2026-08-06
P12645,BMP3_HUMAN,P12645,unclassified,active,true,,e22d7643ea01abd0dce415e74faf002186e13ae33190976f1ae61cece045fb76,2026-08-06
P12644,BMP4_HUMAN,P12644,unclassified,active,true,,e22d7643ea01abd0dce415e74faf002186e13ae33190976f1ae61cece045fb76,2026-08-06
P22003,BMP5_HUMAN,P22003,unclassified,active,true,,e22d7643ea01abd0dce415e74faf002186e13ae33190976f1ae61cece045fb76,2026-08-06
P22004,BMP6_HUMAN,P22004,unclassified,active,true,,e22d7643ea01abd0dce415e74faf002186e13ae33190976f1ae61cece045fb76,2026-08-06
P18075,BMP7_HUMAN,P18075,unclassified,active,true,,e22d7643ea01abd0dce415e74faf002186e13ae33190976f1ae61cece045fb76,2026-08-06
Q7Z5Y6,BMP8A_HUMAN,Q7Z5Y6,unclassified,active,true,,e22d7643ea01abd0dce415e74faf002186e13ae33190976f1ae61cece045fb76,2026-08-06
P34820,BMP8B_HUMAN,P34820,unclassified,active,true,,e22d7643ea01abd0dce415e74faf002186e13ae33190976f1ae61cece045fb76,2026-08-06
Q8N8U9,BMPER_HUMAN,Q8N8U9,unclassified,active,true,,e22d7643ea01abd0dce415e74faf002186e13ae33190976f1ae61cece045fb76,2026-08-06
Q13873,BMPR2_HUMAN,Q13873,surface,active,true,,e22d7643ea01abd0dce415e74faf002186e13ae33190976f1ae61cece045fb76,2026-08-06
P36894,BMR1A_HUMAN,P36894,surface,active,true,,e22d7643ea01abd0dce415e74faf002186e13ae33190976f1ae61cece045fb76,2026-08-06
O00238,BMR1B_HUMAN,O00238,unclassified,active,true,,e22d7643ea01abd0dce415e74faf002186e13ae33190976f1ae61cece045fb76,2026-08-06
O60238,BNI3L_HUMAN,O60238,non_surface,active,true,,e22d7643ea01abd0dce415e74faf002186e13ae33190976f1ae61cece045fb76,2026-08-06
Q12983,BNIP3_HUMAN,Q12983,non_surface,active,true,,e22d7643ea01abd0dce415e74faf002186e13ae33190976f1ae61cece045fb76,2026-08-06
Q7Z465,BNIPL_HUMAN,Q7Z465,non_surface,active,true,,e22d7643ea01abd0dce415e74faf002186e13ae33190976f1ae61cece045fb76,2026-08-06
Q9BWV1,BOC_HUMAN,Q9BWV1,surface,active,true,,e22d7643ea01abd0dce415e74faf002186e13ae33190976f1ae61cece045fb76,2026-08-06
Q9UMX3,BOK_HUMAN,Q9UMX3,non_surface,active,true,,e22d7643ea01abd0dce415e74faf002186e13ae33190976f1ae61cece045fb76,2026-08-06
Q9Y3E2,BOLA1_HUMAN,Q9Y3E2,unclassified,active,true,,e22d7643ea01abd0dce415e74faf002186e13ae33190976f1ae61cece045fb76,2026-08-06
Q53S33,BOLA3_HUMAN,Q53S33,unclassified,active,true,,e22d7643ea01abd0dce415e74faf002186e13ae33190976f1ae61cece045fb76,2026-08-06
Q86WA6,BPHL_HUMAN,Q86WA6,unclassified,active,true,,e22d7643ea01abd0dce415e74faf002186e13ae33190976f1ae61cece045fb76,2026-08-06
Q9NP55,BPIA1_HUMAN,Q9NP55,unclassified,active,true,,e22d7643ea01abd0dce415e74faf002186e13ae33190976f1ae61cece045fb76,2026-08-06
Q96DR5,BPIA2_HUMAN,Q96DR5,unclassified,active,true,,e22d7643ea01abd0dce415e74faf002186e13ae33190976f1ae61cece045fb76,2026-08-06
Q9BQP9,BPIA3_HUMAN,Q9BQP9,unclassified,active,true,,e22d7643ea01abd0dce415e74faf002186e13ae33190976f1ae61cece045fb76,2026-08-06
Q8TDL5,BPIB1_HUMAN,Q8TDL5,unclassified,active,true,,e22d7643ea01abd0dce415e74faf002186e13ae33190976f1ae61cece045fb76,2026-08-06
Q8N4F0,BPIB2_HUMAN,Q8N4F0,unclassified,active,true,,e22d7643ea01abd0dce415e74faf002186e13ae33190976f1ae61cece045fb76,2026-08-06
P59826,BPIB3_HUMAN,P59826,unclassified,active,true,,e22d7643ea01abd0dce415e74faf002186e13ae33190976f1ae61cece045fb76,2026-08-06
P59827,BPIB4_HUMAN,P59827,unclassified,active,true,,e22d7643ea01abd0dce415e74faf002186e13ae33190976f1ae61cece045fb76,2026-08-06
Q8NFQ5,BPIB6_HUMAN,Q8NFQ5,unclassified,active,true,,e22d7643ea01abd0dce415e74faf002186e13ae33190976f1ae61cece045fb76,2026-08-06
Q8NFQ6,BPIFC_HUMAN,Q8NFQ6,unclassified,active,true,,e22d7643ea01abd0dce415e74faf002186e13ae33190976f1ae61cece045fb76,2026-08-06
P17213,BPI_HUMAN,P17213,unclassified,active,true,,e22d7643ea01abd0dce415e74faf002186e13ae33190976f1ae61cece045fb76,2026-08-06
P38398,BRCA1_HUMAN,P38398,non_surface,active,true,,e22d7643ea01abd0dce415e74faf002186e13ae33190976f1ae61cece045fb76,2026-08-06
Q8WY22,BRI3B_HUMAN,Q8WY22,non_surface,active,true,,e22d7643ea01abd0dce415e74faf002186e13ae33190976f1ae61cece045fb76,2026-08-06
O95415,BRI3_HUMAN,O95415,non_surface,active,true,,e22d7643ea01abd0dce415e74faf002186e13ae33190976f1ae61cece045fb76,2026-08-06
Q6PL45,BRID5_HUMAN,Q6PL45,unclassified,active,true,,e22d7643ea01abd0dce415e74faf002186e13ae33190976f1ae61cece045fb76,2026-08-06
O60477,BRNP1_HUMAN,O60477,unclassified,active,true,,e22d7643ea01abd0dce415e74faf002186e13ae33190976f1ae61cece045fb76,2026-08-06
Q9C0B6,BRNP2_HUMAN,Q9C0B6,unclassified,active,true,,e22d7643ea01abd0dce415e74faf002186e13ae33190976f1ae61cece045fb76,2026-08-06
Q76B58,BRNP3_HUMAN,Q76B58,unclassified,active,true,,e22d7643ea01abd0dce415e74faf002186e13ae33190976f1ae61cece045fb76,2026-08-06
Q96NH3,BROMI_HUMAN,Q96NH3,non_surface,active,true,,e22d7643ea01abd0dce415e74faf002186e13ae33190976f1ae61cece045fb76,2026-08-06
P32247,BRS3_HUMAN,P32247,surface,active,true,,e22d7643ea01abd0dce415e74faf002186e13ae33190976f1ae61cece045fb76,2026-08-06
Q8TDC3,BRSK1_HUMAN,Q8TDC3,non_surface,active,true,,e22d7643ea01abd0dce415e74faf002186e13ae33190976f1ae61cece045fb76,2026-08-06
Q8IWQ3,BRSK2_HUMAN,Q8IWQ3,non_surface,active,true,,e22d7643ea01abd0dce415e74faf002186e13ae33190976f1ae61cece045fb76,2026-08-06
Q96G97,BSCL2_HUMAN,Q96G97,unclassified,active,true,,e22d7643ea01abd0dce415e74faf002186e13ae33190976f1ae61cece045fb76,2026-08-06
Q8WZ55,BSND_HUMAN,Q8WZ55,non_surface,active,true,,e22d7643ea01abd0dce415e74faf002186e13ae33190976f1ae61cece045fb76,2026-08-06
Q075Z2,BSPH1_HUMAN,Q075Z2,unclassified,active,true,,e22d7643ea01abd0dce415e74faf002186e13ae33190976f1ae61cece045fb76,2026-08-06
Q9GZN4,BSSP4_HUMAN,Q9GZN4,unclassified,active,true,,e22d7643ea01abd0dce415e74faf002186e13ae33190976f1ae61cece045fb76,2026-08-06
Q10588,BST1_HUMAN,Q10588,surface,active,true,,e22d7643ea01abd0dce415e74faf002186e13ae33190976f1ae61cece045fb76,2026-08-06
Q10589,BST2_HUMAN,Q10589,surface,active,true,,e22d7643ea01abd0dce415e74faf002186e13ae33190976f1ae61cece045fb76,2026-08-06
Q13410,BT1A1_HUMAN,Q13410,surface,active,true,,e22d7643ea01abd0dce415e74faf002186e13ae33190976f1ae61cece045fb76,2026-08-06
Q7KYR7,BT2A1_HUMAN,Q7KYR7,surface,active,true,,e22d7643ea01abd0dce415e74faf002186e13ae33190976f1ae61cece045fb76,2026-08-06
Q8WVV5,BT2A2_HUMAN,Q8WVV5,surface,active,true,,e22d7643ea01abd0dce415e74faf002186e13ae33190976f1ae61cece045fb76,2026-08-06
Q96KV6,BT2A3_HUMAN,Q96KV6,surface,active,true,,e22d7643ea01abd0dce415e74faf002186e13ae33190976f1ae61cece045fb76,2026-08-06
O00481,BT3A1_HUMAN,O00481,surface,active,true,,e22d7643ea01abd0dce415e74faf002186e13ae33190976f1ae61cece045fb76,2026-08-06
P78410,BT3A2_HUMAN,P78410,surface,active,true,,e22d7643ea01abd0dce415e74faf002186e13ae33190976f1ae61cece045fb76,2026-08-06
O00478,BT3A3_HUMAN,O00478,surface,active,true,,e22d7643ea01abd0dce415e74faf002186e13ae33190976f1ae61cece045fb76,2026-08-06
Q9H0C5,BTBD1_HUMAN,Q9H0C5,unclassified,active,true,,e22d7643ea01abd0dce415e74faf002186e13ae33190976f1ae61cece045fb76,2026-08-06
A6QL63,BTBDB_HUMAN,A6QL63,non_surface,active,true,,e22d7643ea01abd0dce415e74faf002186e13ae33190976f1ae61cece045fb76,2026-08-06
A6NE02,BTBDH_HUMAN,A6NE02,unclassified,active,true,,e22d7643ea01abd0dce415e74faf002186e13ae33190976f1ae61cece045fb76,2026-08-06
P35070,BTC_HUMAN,P35070,surface,active,true,,e22d7643ea01abd0dce415e74faf002186e13ae33190976f1ae61cece045fb76,2026-08-06
P43251,BTD_HUMAN,P43251,unclassified,active,true,,e22d7643ea01abd0dce415e74faf002186e13ae33190976f1ae61cece045fb76,2026-08-06
P78543,BTG2_HUMAN,P78543,unclassified,active,true,,e22d7643ea01abd0dce415e74faf002186e13ae33190976f1ae61cece045fb76,2026-08-06
Q14201,BTG3_HUMAN,Q14201,unclassified,active,true,,e22d7643ea01abd0dce415e74faf002186e13ae33190976f1ae61cece045fb76,2026-08-06
Q7Z6A9,BTLA_HUMAN,Q7Z6A9,surface,active,true,,e22d7643ea01abd0dce415e74faf002186e13ae33190976f1ae61cece045fb76,2026-08-06
Q9UIR0,BTNL2_HUMAN,Q9UIR0,non_surface,active,true,,e22d7643ea01abd0dce415e74faf002186e13ae33190976f1ae61cece045fb76,2026-08-06
Q6UXE8,BTNL3_HUMAN,Q6UXE8,surface,active,true,,e22d7643ea01abd0dce415e74faf002186e13ae33190976f1ae61cece045fb76,2026-08-06
Q6UX41,BTNL8_HUMAN,Q6UX41,unclassified,active,true,,e22d7643ea01abd0dce415e74faf002186e13ae33190976f1ae61cece045fb76,2026-08-06
Q6UXG8,BTNL9_HUMAN,Q6UXG8,surface,active,true,,e22d7643ea01abd0dce415e74faf002186e13ae33190976f1ae61cece045fb76,2026-08-06
A8MVZ5,BTNLA_HUMAN,A8MVZ5,surface,active,true,,e22d7643ea01abd0dce415e74faf002186e13ae33190976f1ae61cece045fb76,2026-08-06
O95971,BY55_HUMAN,O95971,surface,active,true,,e22d7643ea01abd0dce415e74faf002186e13ae33190976f1ae61cece045fb76,2026-08-06
P15538,C11B1_HUMAN,P15538,unclassified,active,true,,e22d7643ea01abd0dce415e74faf002186e13ae33190976f1ae61cece045fb76,2026-08-06
P19099,C11B2_HUMAN,P19099,unclassified,active,true,,e22d7643ea01abd0dce415e74faf002186e13ae33190976f1ae61cece045fb76,2026-08-06
A2RUR9,C144A_HUMAN,A2RUR9,non_surface,active,true,,e22d7643ea01abd0dce415e74faf002186e13ae33190976f1ae61cece045fb76,2026-08-06
Q8IYA2,C144C_HUMAN,Q8IYA2,non_surface,active,true,,e22d7643ea01abd0dce415e74faf002186e13ae33190976f1ae61cece045fb76,2026-08-06
Q86VB7,C163A_HUMAN,Q86VB7,surface,active,true,,e22d7643ea01abd0dce415e74faf002186e13ae33190976f1ae61cece045fb76,2026-08-06
Q9NR16,C163B_HUMAN,Q9NR16,surface,active,true,,e22d7643ea01abd0dce415e74faf002186e13ae33190976f1ae61cece045fb76,2026-08-06
Q6UWJ8,C16L2_HUMAN,Q6UWJ8,surface,active,true,,e22d7643ea01abd0dce415e74faf002186e13ae33190976f1ae61cece045fb76,2026-08-06
Q96EU7,C1GLC_HUMAN,Q96EU7,non_surface,active,true,,e22d7643ea01abd0dce415e74faf002186e13ae33190976f1ae61cece045fb76,2026-08-06
Q9NS00,C1GLT_HUMAN,Q9NS00,non_surface,active,true,,e22d7643ea01abd0dce415e74faf002186e13ae33190976f1ae61cece045fb76,2026-08-06
P02745,C1QA_HUMAN,P02745,unclassified,active,true,,e22d7643ea01abd0dce415e74faf002186e13ae33190976f1ae61cece045fb76,2026-08-06
P02746,C1QB_HUMAN,P02746,unclassified,active,true,,e22d7643ea01abd0dce415e74faf002186e13ae33190976f1ae61cece045fb76,2026-08-06
P02747,C1QC_HUMAN,P02747,unclassified,active,true,,e22d7643ea01abd0dce415e74faf002186e13ae33190976f1ae61cece045fb76,2026-08-06
Q7Z5L3,C1QL2_HUMAN,Q7Z5L3,unclassified,active,true,,e22d7643ea01abd0dce415e74faf002186e13ae33190976f1ae61cece045fb76,2026-08-06
Q5VWW1,C1QL3_HUMAN,Q5VWW1,unclassified,active,true,,e22d7643ea01abd0dce415e74faf002186e13ae33190976f1ae61cece045fb76,2026-08-06
Q86Z23,C1QL4_HUMAN,Q86Z23,unclassified,active,true,,e22d7643ea01abd0dce415e74faf002186e13ae33190976f1ae61cece045fb76,2026-08-06
Q9NPY3,C1QR1_HUMAN,Q9NPY3,surface,active,true,,e22d7643ea01abd0dce415e74faf002186e13ae33190976f1ae61cece045fb76,2026-08-06
O75973,C1QRF_HUMAN,O75973,unclassified,active,true,,e22d7643ea01abd0dce415e74faf002186e13ae33190976f1ae61cece045fb76,2026-08-06
Q9BXJ1,C1QT1_HUMAN,Q9BXJ1,unclassified,active,true,,e22d7643ea01abd0dce415e74faf002186e13ae33190976f1ae61cece045fb76,2026-08-06
Q9BXJ5,C1QT2_HUMAN,Q9BXJ5,unclassified,active,true,,e22d7643ea01abd0dce415e74faf002186e13ae33190976f1ae61cece045fb76,2026-08-06
Q9BXJ4,C1QT3_HUMAN,Q9BXJ4,unclassified,active,true,,e22d7643ea01abd0dce415e74faf002186e13ae33190976f1ae61cece045fb76,2026-08-06
Q9BXJ3,C1QT4_HUMAN,Q9BXJ3,unclassified,active,true,,e22d7643ea01abd0dce415e74faf002186e13ae33190976f1ae61cece045fb76,2026-08-06
Q9BXJ0,C1QT5_HUMAN,Q9BXJ0,unclassified,active,true,,e22d7643ea01abd0dce415e74faf002186e13ae33190976f1ae61cece045fb76,2026-08-06
Q9BXI9,C1QT6_HUMAN,Q9BXI9,unclassified,active,true,,e22d7643ea01abd0dce415e74faf002186e13ae33190976f1ae61cece045fb76,2026-08-06
Q9BXJ2,C1QT7_HUMAN,Q9BXJ2,unclassified,active,true,,e22d7643ea01abd0dce415e74faf002186e13ae33190976f1ae61cece045fb76,2026-08-06
P60827,C1QT8_HUMAN,P60827,unclassified,active,true,,e22d7643ea01abd0dce415e74faf002186e13ae33190976f1ae61cece045fb76,2026-08-06
Q9NZP8,C1RL_HUMAN,Q9NZP8,unclassified,active,true,,e22d7643ea01abd0dce415e74faf002186e13ae33190976f1ae61cece045fb76,2026-08-06
P00736,C1R_HUMAN,P00736,unclassified,active,true,,e22d7643ea01abd0dce415e74faf002186e13ae33190976f1ae61cece045fb76,2026-08-06
P09871,C1S_HUMAN,P09871,unclassified,active,true,,e22d7643ea01abd0dce415e74faf002186e13ae33190976f1ae61cece045fb76,2026-08-06
P0C862,C1T9A_HUMAN,P0C862,unclassified,active,true,,e22d7643ea01abd0dce415e74faf002186e13ae33190976f1ae61cece045fb76,2026-08-06
B2RNN3,C1T9B_HUMAN,B2RNN3,unclassified,active,true,,e22d7643ea01abd0dce415e74faf002186e13ae33190976f1ae61cece045fb76,2026-08-06
O14523,C2C2L_HUMAN,O14523,non_surface,active,true,,e22d7643ea01abd0dce415e74faf002186e13ae33190976f1ae61cece045fb76,2026-08-06
A6NLJ0,C2C4B_HUMAN,A6NLJ0,unclassified,active,true,,e22d7643ea01abd0dce415e74faf002186e13ae33190976f1ae61cece045fb76,2026-08-06
P33076,C2TA_HUMAN,P33076,non_surface,active,true,,e22d7643ea01abd0dce415e74faf002186e13ae33190976f1ae61cece045fb76,2026-08-06
Q16581,C3AR_HUMAN,Q16581,surface,active,true,,e22d7643ea01abd0dce415e74faf002186e13ae33190976f1ae61cece045fb76,2026-08-06
P04003,C4BPA_HUMAN,P04003,unclassified,active,true,,e22d7643ea01abd0dce415e74faf002186e13ae33190976f1ae61cece045fb76,2026-08-06
P20851,C4BPB_HUMAN,P20851,unclassified,active,true,,e22d7643ea01abd0dce415e74faf002186e13ae33190976f1ae61cece045fb76,2026-08-06
Q99643,C560_HUMAN,Q99643,non_surface,active,true,,e22d7643ea01abd0dce415e74faf002186e13ae33190976f1ae61cece045fb76,2026-08-06
Q8N8Q1,C56D1_HUMAN,Q8N8Q1,non_surface,active,true,,e22d7643ea01abd0dce415e74faf002186e13ae33190976f1ae61cece045fb76,2026-08-06
O14569,C56D2_HUMAN,O14569,non_surface,active,true,,e22d7643ea01abd0dce415e74faf002186e13ae33190976f1ae61cece045fb76,2026-08-06
P21730,C5AR1_HUMAN,P21730,surface,active,true,,e22d7643ea01abd0dce415e74faf002186e13ae33190976f1ae61cece045fb76,2026-08-06
Q9P296,C5AR2_HUMAN,Q9P296,surface,active,true,,e22d7643ea01abd0dce415e74faf002186e13ae33190976f1ae61cece045fb76,2026-08-06
Q8TCZ2,C99L2_HUMAN,Q8TCZ2,unclassified,active,true,,e22d7643ea01abd0dce415e74faf002186e13ae33190976f1ae61cece045fb76,2026-08-06
Q9BWL3,CA043_HUMAN,Q9BWL3,non_surface,active,true,,e22d7643ea01abd0dce415e74faf002186e13ae33190976f1ae61cece045fb76,2026-08-06
Q8WWF1,CA054_HUMAN,Q8WWF1,unclassified,active,true,,e22d7643ea01abd0dce415e74faf002186e13ae33190976f1ae61cece045fb76,2026-08-06
Q5SY80,CA101_HUMAN,Q5SY80,surface,active,true,,e22d7643ea01abd0dce415e74faf002186e13ae33190976f1ae61cece045fb76,2026-08-06
Q5T0L3,CA111_HUMAN,Q5T0L3,unclassified,active,true,,e22d7643ea01abd0dce415e74faf002186e13ae33190976f1ae61cece045fb76,2026-08-06
Q5TEV5,CA134_HUMAN,Q5TEV5,unclassified,inactive,false,uniprot_inactive,e22d7643ea01abd0dce415e74faf002186e13ae33190976f1ae61cece045fb76,2026-08-06
Q96HA4,CA159_HUMAN,Q96HA4,surface,active,true,,e22d7643ea01abd0dce415e74faf002186e13ae33190976f1ae61cece045fb76,2026-08-06
Q8NEQ5,CA162_HUMAN,Q8NEQ5,unclassified,active,true,,e22d7643ea01abd0dce415e74faf002186e13ae33190976f1ae61cece045fb76,2026-08-06
Q5T7R7,CA185_HUMAN,Q5T7R7,non_surface,active,true,,e22d7643ea01abd0dce415e74faf002186e13ae33190976f1ae61cece045fb76,2026-08-06
Q6ZWK4,CA186_HUMAN,Q6ZWK4,non_surface,active,true,,e22d7643ea01abd0dce415e74faf002186e13ae33190976f1ae61cece045fb76,2026-08-06
Q9H425,CA198_HUMAN,Q9H425,unclassified,active,true,,e22d7643ea01abd0dce415e74faf002186e13ae33190976f1ae61cece045fb76,2026-08-06
Q8IVY1,CA210_HUMAN,Q8IVY1,unclassified,active,true,,e22d7643ea01abd0dce415e74faf002186e13ae33190976f1ae61cece045fb76,2026-08-06
F2Z333,CA233_HUMAN,F2Z333,surface,active,true,,e22d7643ea01abd0dce415e74faf002186e13ae33190976f1ae61cece045fb76,2026-08-06
H3BTG2,CA234_HUMAN,H3BTG2,unclassified,active,true,,e22d7643ea01abd0dce415e74faf002186e13ae33190976f1ae61cece045fb76,2026-08-06
P54289,CA2D1_HUMAN,P54289,unclassified,active,true,,e22d7643ea01abd0dce415e74faf002186e13ae33190976f1ae61cece045fb76,2026-08-06
Q9NY47,CA2D2_HUMAN,Q9NY47,unclassified,active,true,,e22d7643ea01abd0dce415e74faf002186e13ae33190976f1ae61cece045fb76,2026-08-06
Q8IZS8,CA2D3_HUMAN,Q8IZS8,unclassified,active,true,,e22d7643ea01abd0dce415e74faf002186e13ae33190976f1ae61cece045fb76,2026-08-06
Q7Z3S7,CA2D4_HUMAN,Q7Z3S7,unclassified,active,true,,e22d7643ea01abd0dce415e74faf002186e13ae33190976f1ae61cece045fb76,2026-08-06
Q9H8G2,CAAP1_HUMAN,Q9H8G2,unclassified,active,true,,e22d7643ea01abd0dce415e74faf002186e13ae33190976f1ae61cece045fb76,2026-08-06
Q9BRK5,CAB45_HUMAN,Q9BRK5,unclassified,active,true,,e22d7643ea01abd0dce415e74faf002186e13ae33190976f1ae61cece045fb76,2026-08-06
Q8TDN4,CABL1_HUMAN,Q8TDN4,unclassified,active,true,,e22d7643ea01abd0dce415e74faf002186e13ae33190976f1ae61cece045fb76,2026-08-06
Q9BTV7,CABL2_HUMAN,Q9BTV7,non_surface,active,true,,e22d7643ea01abd0dce415e74faf002186e13ae33190976f1ae61cece045fb76,2026-08-06
Q86V35,CABP7_HUMAN,Q86V35,non_surface,active,true,,e22d7643ea01abd0dce415e74faf002186e13ae33190976f1ae61cece045fb76,2026-08-06
Q9BXU9,CABP8_HUMAN,Q9BXU9,non_surface,active,true,,e22d7643ea01abd0dce415e74faf002186e13ae33190976f1ae61cece045fb76,2026-08-06
O00555,CAC1A_HUMAN,O00555,unclassified,active,true,,e22d7643ea01abd0dce415e74faf002186e13ae33190976f1ae61cece045fb76,2026-08-06
Q00975,CAC1B_HUMAN,Q00975,unclassified,active,true,,e22d7643ea01abd0dce415e74faf002186e13ae33190976f1ae61cece045fb76,2026-08-06
Q13936,CAC1C_HUMAN,Q13936,surface,active,true,,e22d7643ea01abd0dce415e74faf002186e13ae33190976f1ae61cece045fb76,2026-08-06
Q01668,CAC1D_HUMAN,Q01668,unclassified,active,true,,e22d7643ea01abd0dce415e74faf002186e13ae33190976f1ae61cece045fb76,2026-08-06
Q15878,CAC1E_HUMAN,Q15878,unclassified,active,true,,e22d7643ea01abd0dce415e74faf002186e13ae33190976f1ae61cece045fb76,2026-08-06
O60840,CAC1F_HUMAN,O60840,unclassified,active,true,,e22d7643ea01abd0dce415e74faf002186e13ae33190976f1ae61cece045fb76,2026-08-06
O43497,CAC1G_HUMAN,O43497,surface,active,true,,e22d7643ea01abd0dce415e74faf002186e13ae33190976f1ae61cece045fb76,2026-08-06
O95180,CAC1H_HUMAN,O95180,unclassified,active,true,,e22d7643ea01abd0dce415e74faf002186e13ae33190976f1ae61cece045fb76,2026-08-06
Q9P0X4,CAC1I_HUMAN,Q9P0X4,surface,active,true,,e22d7643ea01abd0dce415e74faf002186e13ae33190976f1ae61cece045fb76,2026-08-06
Q13698,CAC1S_HUMAN,Q13698,unclassified,active,true,,e22d7643ea01abd0dce415e74faf002186e13ae33190976f1ae61cece045fb76,2026-08-06
Q9Y6N8,CAD10_HUMAN,Q9Y6N8,surface,active,true,,e22d7643ea01abd0dce415e74faf002186e13ae33190976f1ae61cece045fb76,2026-08-06
P55287,CAD11_HUMAN,P55287,surface,active,true,,e22d7643ea01abd0dce415e74faf002186e13ae33190976f1ae61cece045fb76,2026-08-06
P55289,CAD12_HUMAN,P55289,surface,active,true,,e22d7643ea01abd0dce415e74faf002186e13ae33190976f1ae61cece045fb76,2026-08-06
P55290,CAD13_HUMAN,P55290,surface,active,true,,e22d7643ea01abd0dce415e74faf002186e13ae33190976f1ae61cece045fb76,2026-08-06
P55291,CAD15_HUMAN,P55291,surface,active,true,,e22d7643ea01abd0dce415e74faf002186e13ae33190976f1ae61cece045fb76,2026-08-06
O75309,CAD16_HUMAN,O75309,surface,active,true,,e22d7643ea01abd0dce415e74faf002186e13ae33190976f1ae61cece045fb76,2026-08-06
Q12864,CAD17_HUMAN,Q12864,surface,active,true,,e22d7643ea01abd0dce415e74faf002186e13ae33190976f1ae61cece045fb76,2026-08-06
Q13634,CAD18_HUMAN,Q13634,surface,active,true,,e22d7643ea01abd0dce415e74faf002186e13ae33190976f1ae61cece045fb76,2026-08-06
Q9H159,CAD19_HUMAN,Q9H159,surface,active,true,,e22d7643ea01abd0dce415e74faf002186e13ae33190976f1ae61cece045fb76,2026-08-06
Q9HBT6,CAD20_HUMAN,Q9HBT6,surface,active,true,,e22d7643ea01abd0dce415e74faf002186e13ae33190976f1ae61cece045fb76,2026-08-06
Q9UJ99,CAD22_HUMAN,Q9UJ99,surface,active,true,,e22d7643ea01abd0dce415e74faf002186e13ae33190976f1ae61cece045fb76,2026-08-06
Q9H251,CAD23_HUMAN,Q9H251,surface,active,true,,e22d7643ea01abd0dce415e74faf002186e13ae33190976f1ae61cece045fb76,2026-08-06
Q86UP0,CAD24_HUMAN,Q86UP0,surface,active,true,,e22d7643ea01abd0dce415e74faf002186e13ae33190976f1ae61cece045fb76,2026-08-06
Q8IXH8,CAD26_HUMAN,Q8IXH8,surface,active,true,,e22d7643ea01abd0dce415e74faf002186e13ae33190976f1ae61cece045fb76,2026-08-06
P12830,CADH1_HUMAN,P12830,surface,active,true,,e22d7643ea01abd0dce415e74faf002186e13ae33190976f1ae61cece045fb76,2026-08-06
P19022,CADH2_HUMAN,P19022,surface,active,true,,e22d7643ea01abd0dce415e74faf002186e13ae33190976f1ae61cece045fb76,2026-08-06
P22223,CADH3_HUMAN,P22223,surface,active,true,,e22d7643ea01abd0dce415e74faf002186e13ae33190976f1ae61cece045fb76,2026-08-06
P55283,CADH4_HUMAN,P55283,surface,active,true,,e22d7643ea01abd0dce415e74faf002186e13ae33190976f1ae61cece045fb76,2026-08-06
P33151,CADH5_HUMAN,P33151,surface,active,true,,e22d7643ea01abd0dce415e74faf002186e13ae33190976f1ae61cece045fb76,2026-08-06
P55285,CADH6_HUMAN,P55285,surface,active,true,,e22d7643ea01abd0dce415e74faf002186e13ae33190976f1ae61cece045fb76,2026-08-06
Q9ULB5,CADH7_HUMAN,Q9ULB5,surface,active,true,,e22d7643ea01abd0dce415e74faf002186e13ae33190976f1ae61cece045fb76,2026-08-06
P55286,CADH8_HUMAN,P55286,surface,active,true,,e22d7643ea01abd0dce415e74faf002186e13ae33190976f1ae61cece045fb76,2026-08-06
Q9ULB4,CADH9_HUMAN,Q9ULB4,surface,active,true,,e22d7643ea01abd0dce415e74faf002186e13ae33190976f1ae61cece045fb76,2026-08-06
Q9BY67,CADM1_HUMAN,Q9BY67,surface,active,true,,e22d7643ea01abd0dce415e74faf002186e13ae33190976f1ae61cece045fb76,2026-08-06
Q8N3J6,CADM2_HUMAN,Q8N3J6,surface,active,true,,e22d7643ea01abd0dce415e74faf002186e13ae33190976f1ae61cece045fb76,2026-08-06
Q8N126,CADM3_HUMAN,Q8N126,surface,active,true,,e22d7643ea01abd0dce415e74faf002186e13ae33190976f1ae61cece045fb76,2026-08-06
Q8NFZ8,CADM4_HUMAN,Q8NFZ8,surface,active,true,,e22d7643ea01abd0dce415e74faf002186e13ae33190976f1ae61cece045fb76,2026-08-06
O75493,CAH11_HUMAN,O75493,unclassified,active,true,,e22d7643ea01abd0dce415e74faf002186e13ae33190976f1ae61cece045fb76,2026-08-06
O43570,CAH12_HUMAN,O43570,surface,active,true,,e22d7643ea01abd0dce415e74faf002186e13ae33190976f1ae61cece045fb76,2026-08-06
Q9ULX7,CAH14_HUMAN,Q9ULX7,surface,active,true,,e22d7643ea01abd0dce415e74faf002186e13ae33190976f1ae61cece045fb76,2026-08-06
P22748,CAH4_HUMAN,P22748,surface,active,true,,e22d7643ea01abd0dce415e74faf002186e13ae33190976f1ae61cece045fb76,2026-08-06
P23280,CAH6_HUMAN,P23280,unclassified,active,true,,e22d7643ea01abd0dce415e74faf002186e13ae33190976f1ae61cece045fb76,2026-08-06
Q16790,CAH9_HUMAN,Q16790,unclassified,active,true,,e22d7643ea01abd0dce415e74faf002186e13ae33190976f1ae61cece045fb76,2026-08-06
Q5VU97,CAHD1_HUMAN,Q5VU97,surface,active,true,,e22d7643ea01abd0dce415e74faf002186e13ae33190976f1ae61cece045fb76,2026-08-06
Q8IU99,CAHM1_HUMAN,Q8IU99,unclassified,active,true,,e22d7643ea01abd0dce415e74faf002186e13ae33190976f1ae61cece045fb76,2026-08-06
Q9HA72,CAHM2_HUMAN,Q9HA72,surface,active,true,,e22d7643ea01abd0dce415e74faf002186e13ae33190976f1ae61cece045fb76,2026-08-06
Q86XJ0,CAHM3_HUMAN,Q86XJ0,non_surface,active,true,,e22d7643ea01abd0dce415e74faf002186e13ae33190976f1ae61cece045fb76,2026-08-06
P06881,CALCA_HUMAN,P06881,unclassified,active,true,,e22d7643ea01abd0dce415e74faf002186e13ae33190976f1ae61cece045fb76,2026-08-06
P10092,CALCB_HUMAN,P10092,unclassified,active,true,,e22d7643ea01abd0dce415e74faf002186e13ae33190976f1ae61cece045fb76,2026-08-06
P30988,CALCR_HUMAN,P30988,surface,active,true,,e22d7643ea01abd0dce415e74faf002186e13ae33190976f1ae61cece045fb76,2026-08-06
P01258,CALC_HUMAN,P01258,unclassified,active,true,,e22d7643ea01abd0dce415e74faf002186e13ae33190976f1ae61cece045fb76,2026-08-06
Q96L12,CALR3_HUMAN,Q96L12,unclassified,active,true,,e22d7643ea01abd0dce415e74faf002186e13ae33190976f1ae61cece045fb76,2026-08-06
Q16602,CALRL_HUMAN,Q16602,surface,active,true,,e22d7643ea01abd0dce415e74faf002186e13ae33190976f1ae61cece045fb76,2026-08-06
P27797,CALR_HUMAN,P27797,unclassified,active,true,,e22d7643ea01abd0dce415e74faf002186e13ae33190976f1ae61cece045fb76,2026-08-06
O43852,CALU_HUMAN,O43852,unclassified,active,true,,e22d7643ea01abd0dce415e74faf002186e13ae33190976f1ae61cece045fb76,2026-08-06
P27824,CALX_HUMAN,P27824,non_surface,active,true,,e22d7643ea01abd0dce415e74faf002186e13ae33190976f1ae61cece045fb76,2026-08-06
Q9NYX4,CALY_HUMAN,Q9NYX4,surface,active,true,,e22d7643ea01abd0dce415e74faf002186e13ae33190976f1ae61cece045fb76,2026-08-06
P49069,CAMLG_HUMAN,P49069,non_surface,active,true,,e22d7643ea01abd0dce415e74faf002186e13ae33190976f1ae61cece045fb76,2026-08-06
P49913,CAMP_HUMAN,P49913,unclassified,active,true,,e22d7643ea01abd0dce415e74faf002186e13ae33190976f1ae61cece045fb76,2026-08-06
Q8WVQ1,CANT1_HUMAN,Q8WVQ1,non_surface,active,true,,e22d7643ea01abd0dce415e74faf002186e13ae33190976f1ae61cece045fb76,2026-08-06
P20160,CAP7_HUMAN,P20160,unclassified,active,true,,e22d7643ea01abd0dce415e74faf002186e13ae33190976f1ae61cece045fb76,2026-08-06
Q9Y2G2,CARD8_HUMAN,Q9Y2G2,unclassified,active,true,,e22d7643ea01abd0dce415e74faf002186e13ae33190976f1ae61cece045fb76,2026-08-06
Q86X55,CARM1_HUMAN,Q86X55,unclassified,active,true,,e22d7643ea01abd0dce415e74faf002186e13ae33190976f1ae61cece045fb76,2026-08-06
Q16568,CART_HUMAN,Q16568,unclassified,active,true,,e22d7643ea01abd0dce415e74faf002186e13ae33190976f1ae61cece045fb76,2026-08-06
P47710,CASA1_HUMAN,P47710,unclassified,active,true,,e22d7643ea01abd0dce415e74faf002186e13ae33190976f1ae61cece045fb76,2026-08-06
P05814,CASB_HUMAN,P05814,unclassified,active,true,,e22d7643ea01abd0dce415e74faf002186e13ae33190976f1ae61cece045fb76,2026-08-06
Q6P4E1,CASC4_HUMAN,Q6P4E1,non_surface,active,true,,e22d7643ea01abd0dce415e74faf002186e13ae33190976f1ae61cece045fb76,2026-08-06
Q96PB1,CASD1_HUMAN,Q96PB1,surface,active,true,,e22d7643ea01abd0dce415e74faf002186e13ae33190976f1ae61cece045fb76,2026-08-06
P07498,CASK_HUMAN,P07498,unclassified,active,true,,e22d7643ea01abd0dce415e74faf002186e13ae33190976f1ae61cece045fb76,2026-08-06
Q13948,CASP_HUMAN,Q13948,non_surface,active,true,,e22d7643ea01abd0dce415e74faf002186e13ae33190976f1ae61cece045fb76,2026-08-06
P31415,CASQ1_HUMAN,P31415,unclassified,active,true,,e22d7643ea01abd0dce415e74faf002186e13ae33190976f1ae61cece045fb76,2026-08-06
O14958,CASQ2_HUMAN,O14958,unclassified,active,true,,e22d7643ea01abd0dce415e74faf002186e13ae33190976f1ae61cece045fb76,2026-08-06
P41180,CASR_HUMAN,P41180,surface,active,true,,e22d7643ea01abd0dce415e74faf002186e13ae33190976f1ae61cece045fb76,2026-08-06
P07858,CATB_HUMAN,P07858,unclassified,active,true,,e22d7643ea01abd0dce415e74faf002186e13ae33190976f1ae61cece045fb76,2026-08-06
P53634,CATC_HUMAN,P53634,unclassified,active,true,,e22d7643ea01abd0dce415e74faf002186e13ae33190976f1ae61cece045fb76,2026-08-06
P07339,CATD_HUMAN,P07339,unclassified,active,true,,e22d7643ea01abd0dce415e74faf002186e13ae33190976f1ae61cece045fb76,2026-08-06
P14091,CATE_HUMAN,P14091,unclassified,active,true,,e22d7643ea01abd0dce415e74faf002186e13ae33190976f1ae61cece045fb76,2026-08-06
Q9UBX1,CATF_HUMAN,Q9UBX1,unclassified,active,true,,e22d7643ea01abd0dce415e74faf002186e13ae33190976f1ae61cece045fb76,2026-08-06
P08311,CATG_HUMAN,P08311,unclassified,active,true,,e22d7643ea01abd0dce415e74faf002186e13ae33190976f1ae61cece045fb76,2026-08-06
P09668,CATH_HUMAN,P09668,unclassified,active,true,,e22d7643ea01abd0dce415e74faf002186e13ae33190976f1ae61cece045fb76,2026-08-06
P43235,CATK_HUMAN,P43235,unclassified,active,true,,e22d7643ea01abd0dce415e74faf002186e13ae33190976f1ae61cece045fb76,2026-08-06
P07711,CATL1_HUMAN,P07711,unclassified,active,true,,e22d7643ea01abd0dce415e74faf002186e13ae33190976f1ae61cece045fb76,2026-08-06
O60911,CATL2_HUMAN,O60911,unclassified,active,true,,e22d7643ea01abd0dce415e74faf002186e13ae33190976f1ae61cece045fb76,2026-08-06
P43234,CATO_HUMAN,P43234,unclassified,active,true,,e22d7643ea01abd0dce415e74faf002186e13ae33190976f1ae61cece045fb76,2026-08-06
P25774,CATS_HUMAN,P25774,unclassified,active,true,,e22d7643ea01abd0dce415e74faf002186e13ae33190976f1ae61cece045fb76,2026-08-06
P56202,CATW_HUMAN,P56202,unclassified,active,true,,e22d7643ea01abd0dce415e74faf002186e13ae33190976f1ae61cece045fb76,2026-08-06
Q9UBR2,CATZ_HUMAN,Q9UBR2,unclassified,active,true,,e22d7643ea01abd0dce415e74faf002186e13ae33190976f1ae61cece045fb76,2026-08-06
Q03135,CAV1_HUMAN,Q03135,unclassified,active,true,,e22d7643ea01abd0dce415e74faf002186e13ae33190976f1ae61cece045fb76,2026-08-06
P51636,CAV2_HUMAN,P51636,unclassified,active,true,,e22d7643ea01abd0dce415e74faf002186e13ae33190976f1ae61cece045fb76,2026-08-06
P56539,CAV3_HUMAN,P56539,unclassified,active,true,,e22d7643ea01abd0dce415e74faf002186e13ae33190976f1ae61cece045fb76,2026-08-06
Q6UXQ4,CB066_HUMAN,Q6UXQ4,unclassified,active,true,,e22d7643ea01abd0dce415e74faf002186e13ae33190976f1ae61cece045fb76,2026-08-06
Q8N8R5,CB069_HUMAN,Q8N8R5,unclassified,active,true,,e22d7643ea01abd0dce415e74faf002186e13ae33190976f1ae61cece045fb76,2026-08-06
A8MZ97,CB074_HUMAN,A8MZ97,non_surface,active,true,,e22d7643ea01abd0dce415e74faf002186e13ae33190976f1ae61cece045fb76,2026-08-06
A6NCI8,CB078_HUMAN,A6NCI8,unclassified,active,true,,e22d7643ea01abd0dce415e74faf002186e13ae33190976f1ae61cece045fb76,2026-08-06
Q6UX34,CB082_HUMAN,Q6UX34,unclassified,active,true,,e22d7643ea01abd0dce415e74faf002186e13ae33190976f1ae61cece045fb76,2026-08-06
P08185,CBG_HUMAN,P08185,unclassified,active,true,,e22d7643ea01abd0dce415e74faf002186e13ae33190976f1ae61cece045fb76,2026-08-06
P23435,CBLN1_HUMAN,P23435,unclassified,active,true,,e22d7643ea01abd0dce415e74faf002186e13ae33190976f1ae61cece045fb76,2026-08-06
Q8IUK8,CBLN2_HUMAN,Q8IUK8,unclassified,active,true,,e22d7643ea01abd0dce415e74faf002186e13ae33190976f1ae61cece045fb76,2026-08-06
Q6UW01,CBLN3_HUMAN,Q6UW01,unclassified,active,true,,e22d7643ea01abd0dce415e74faf002186e13ae33190976f1ae61cece045fb76,2026-08-06
Q9NTU7,CBLN4_HUMAN,Q9NTU7,unclassified,active,true,,e22d7643ea01abd0dce415e74faf002186e13ae33190976f1ae61cece045fb76,2026-08-06
P15085,CBPA1_HUMAN,P15085,unclassified,active,true,,e22d7643ea01abd0dce415e74faf002186e13ae33190976f1ae61cece045fb76,2026-08-06
P48052,CBPA2_HUMAN,P48052,unclassified,active,true,,e22d7643ea01abd0dce415e74faf002186e13ae33190976f1ae61cece045fb76,2026-08-06
P15088,CBPA3_HUMAN,P15088,unclassified,active,true,,e22d7643ea01abd0dce415e74faf002186e13ae33190976f1ae61cece045fb76,2026-08-06
Q9UI42,CBPA4_HUMAN,Q9UI42,unclassified,active,true,,e22d7643ea01abd0dce415e74faf002186e13ae33190976f1ae61cece045fb76,2026-08-06
Q8WXQ8,CBPA5_HUMAN,Q8WXQ8,unclassified,active,true,,e22d7643ea01abd0dce415e74faf002186e13ae33190976f1ae61cece045fb76,2026-08-06
Q8N4T0,CBPA6_HUMAN,Q8N4T0,unclassified,active,true,,e22d7643ea01abd0dce415e74faf002186e13ae33190976f1ae61cece045fb76,2026-08-06
P15086,CBPB1_HUMAN,P15086,unclassified,active,true,,e22d7643ea01abd0dce415e74faf002186e13ae33190976f1ae61cece045fb76,2026-08-06
Q96IY4,CBPB2_HUMAN,Q96IY4,unclassified,active,true,,e22d7643ea01abd0dce415e74faf002186e13ae33190976f1ae61cece045fb76,2026-08-06
O75976,CBPD_HUMAN,O75976,surface,active,true,,e22d7643ea01abd0dce415e74faf002186e13ae33190976f1ae61cece045fb76,2026-08-06
P16870,CBPE_HUMAN,P16870,unclassified,active,true,,e22d7643ea01abd0dce415e74faf002186e13ae33190976f1ae61cece045fb76,2026-08-06
P14384,CBPM_HUMAN,P14384,surface,active,true,,e22d7643ea01abd0dce415e74faf002186e13ae33190976f1ae61cece045fb76,2026-08-06
P15169,CBPN_HUMAN,P15169,unclassified,active,true,,e22d7643ea01abd0dce415e74faf002186e13ae33190976f1ae61cece045fb76,2026-08-06
Q8IVL8,CBPO_HUMAN,Q8IVL8,unclassified,active,true,,e22d7643ea01abd0dce415e74faf002186e13ae33190976f1ae61cece045fb76,2026-08-06
Q9Y646,CBPQ_HUMAN,Q9Y646,unclassified,active,true,,e22d7643ea01abd0dce415e74faf002186e13ae33190976f1ae61cece045fb76,2026-08-06
Q66K79,CBPZ_HUMAN,Q66K79,unclassified,active,true,,e22d7643ea01abd0dce415e74faf002186e13ae33190976f1ae61cece045fb76,2026-08-06
Q6NW34,CC017_HUMAN,Q6NW34,non_surface,active,true,,e22d7643ea01abd0dce415e74faf002186e13ae33190976f1ae61cece045fb76,2026-08-06
Q9UK00,CC018_HUMAN,Q9UK00,unclassified,active,true,,e22d7643ea01abd0dce415e74faf002186e13ae33190976f1ae61cece045fb76,2026-08-06
Q6P1S2,CC033_HUMAN,Q6P1S2,non_surface,active,true,,e22d7643ea01abd0dce415e74faf002186e13ae33190976f1ae61cece045fb76,2026-08-06
A1A4F0,CC055_HUMAN,A1A4F0,unclassified,active,true,,e22d7643ea01abd0dce415e74faf002186e13ae33190976f1ae61cece045fb76,2026-08-06
F5H4A9,CC080_HUMAN,F5H4A9,surface,active,true,,e22d7643ea01abd0dce415e74faf002186e13ae33190976f1ae61cece045fb76,2026-08-06
Q8WV48,CC107_HUMAN,Q8WV48,unclassified,active,true,,e22d7643ea01abd0dce415e74faf002186e13ae33190976f1ae61cece045fb76,2026-08-06
Q6ZU64,CC108_HUMAN,Q6ZU64,non_surface,active,true,,e22d7643ea01abd0dce415e74faf002186e13ae33190976f1ae61cece045fb76,2026-08-06
Q96EE4,CC126_HUMAN,Q96EE4,unclassified,active,true,,e22d7643ea01abd0dce415e74faf002186e13ae33190976f1ae61cece045fb76,2026-08-06
Q96BQ5,CC127_HUMAN,Q96BQ5,non_surface,active,true,,e22d7643ea01abd0dce415e74faf002186e13ae33190976f1ae61cece045fb76,2026-08-06
Q9H6E4,CC134_HUMAN,Q9H6E4,unclassified,active,true,,e22d7643ea01abd0dce415e74faf002186e13ae33190976f1ae61cece045fb76,2026-08-06
Q96JN2,CC136_HUMAN,Q96JN2,non_surface,active,true,,e22d7643ea01abd0dce415e74faf002186e13ae33190976f1ae61cece045fb76,2026-08-06
A4D256,CC14C_HUMAN,A4D256,non_surface,active,true,,e22d7643ea01abd0dce415e74faf002186e13ae33190976f1ae61cece045fb76,2026-08-06
Q9P0B6,CC167_HUMAN,Q9P0B6,non_surface,active,true,,e22d7643ea01abd0dce415e74faf002186e13ae33190976f1ae61cece045fb76,2026-08-06
Q6TFL3,CC171_HUMAN,Q6TFL3,non_surface,active,true,,e22d7643ea01abd0dce415e74faf002186e13ae33190976f1ae61cece045fb76,2026-08-06
Q9P1Z9,CC180_HUMAN,Q9P1Z9,non_surface,active,true,,e22d7643ea01abd0dce415e74faf002186e13ae33190976f1ae61cece045fb76,2026-08-06
Q8NHW4,CC4L_HUMAN,Q8NHW4,unclassified,active,true,,e22d7643ea01abd0dce415e74faf002186e13ae33190976f1ae61cece045fb76,2026-08-06
Q9NV96,CC50A_HUMAN,Q9NV96,surface,active,true,,e22d7643ea01abd0dce415e74faf002186e13ae33190976f1ae61cece045fb76,2026-08-06
Q3MIR4,CC50B_HUMAN,Q3MIR4,unclassified,active,true,,e22d7643ea01abd0dce415e74faf002186e13ae33190976f1ae61cece045fb76,2026-08-06
A0ZSE6,CC50C_HUMAN,A0ZSE6,surface,active,true,,e22d7643ea01abd0dce415e74faf002186e13ae33190976f1ae61cece045fb76,2026-08-06
Q96PX6,CC85A_HUMAN,Q96PX6,unclassified,active,true,,e22d7643ea01abd0dce415e74faf002186e13ae33190976f1ae61cece045fb76,2026-08-06
Q9GZT6,CC90B_HUMAN,Q9GZT6,non_surface,active,true,,e22d7643ea01abd0dce415e74faf002186e13ae33190976f1ae61cece045fb76,2026-08-06
Q6UXH8,CCBE1_HUMAN,Q6UXH8,unclassified,active,true,,e22d7643ea01abd0dce415e74faf002186e13ae33190976f1ae61cece045fb76,2026-08-06
Q96A33,CCD47_HUMAN,Q96A33,non_surface,active,true,,e22d7643ea01abd0dce415e74faf002186e13ae33190976f1ae61cece045fb76,2026-08-06
Q96ER9,CCD51_HUMAN,Q96ER9,non_surface,active,true,,e22d7643ea01abd0dce415e74faf002186e13ae33190976f1ae61cece045fb76,2026-08-06
Q6NSX1,CCD70_HUMAN,Q6NSX1,unclassified,active,true,,e22d7643ea01abd0dce415e74faf002186e13ae33190976f1ae61cece045fb76,2026-08-06
Q76M96,CCD80_HUMAN,Q76M96,unclassified,active,true,,e22d7643ea01abd0dce415e74faf002186e13ae33190976f1ae61cece045fb76,2026-08-06
O95273,CCDB1_HUMAN,O95273,unclassified,active,true,,e22d7643ea01abd0dce415e74faf002186e13ae33190976f1ae61cece045fb76,2026-08-06
Q9BQI4,CCDC3_HUMAN,Q9BQI4,unclassified,active,true,,e22d7643ea01abd0dce415e74faf002186e13ae33190976f1ae61cece045fb76,2026-08-06
I3L3R5,CCER2_HUMAN,I3L3R5,unclassified,active,true,,e22d7643ea01abd0dce415e74faf002186e13ae33190976f1ae61cece045fb76,2026-08-06
Q06432,CCG1_HUMAN,Q06432,surface,active,true,,e22d7643ea01abd0dce415e74faf002186e13ae33190976f1ae61cece045fb76,2026-08-06
Q9Y698,CCG2_HUMAN,Q9Y698,surface,active,true,,e22d7643ea01abd0dce415e74faf002186e13ae33190976f1ae61cece045fb76,2026-08-06
O60359,CCG3_HUMAN,O60359,surface,active,true,,e22d7643ea01abd0dce415e74faf002186e13ae33190976f1ae61cece045fb76,2026-08-06
Q9UBN1,CCG4_HUMAN,Q9UBN1,surface,active,true,,e22d7643ea01abd0dce415e74faf002186e13ae33190976f1ae61cece045fb76,2026-08-06
Q9UF02,CCG5_HUMAN,Q9UF02,surface,active,true,,e22d7643ea01abd0dce415e74faf002186e13ae33190976f1ae61cece045fb76,2026-08-06
Q9BXT2,CCG6_HUMAN,Q9BXT2,surface,active,true,,e22d7643ea01abd0dce415e74faf002186e13ae33190976f1ae61cece045fb76,2026-08-06
P62955,CCG7_HUMAN,P62955,surface,active,true,,e22d7643ea01abd0dce415e74faf002186e13ae33190976f1ae61cece045fb76,2026-08-06
Q8WXS5,CCG8_HUMAN,Q8WXS5,surface,active,true,,e22d7643ea01abd0dce415e74faf002186e13ae33190976f1ae61cece045fb76,2026-08-06
Q8WXS4,CCGL_HUMAN,Q8WXS4,surface,active,true,,e22d7643ea01abd0dce415e74faf002186e13ae33190976f1ae61cece045fb76,2026-08-06
P53701,CCHL_HUMAN,P53701,unclassified,active,true,,e22d7643ea01abd0dce415e74faf002186e13ae33190976f1ae61cece045fb76,2026-08-06
P32238,CCKAR_HUMAN,P32238,surface,active,true,,e22d7643ea01abd0dce415e74faf002186e13ae33190976f1ae61cece045fb76,2026-08-06
P06307,CCKN_HUMAN,P06307,unclassified,active,true,,e22d7643ea01abd0dce415e74faf002186e13ae33190976f1ae61cece045fb76,2026-08-06
P51671,CCL11_HUMAN,P51671,unclassified,active,true,,e22d7643ea01abd0dce415e74faf002186e13ae33190976f1ae61cece045fb76,2026-08-06
Q99616,CCL13_HUMAN,Q99616,unclassified,active,true,,e22d7643ea01abd0dce415e74faf002186e13ae33190976f1ae61cece045fb76,2026-08-06
Q16627,CCL14_HUMAN,Q16627,unclassified,active,true,,e22d7643ea01abd0dce415e74faf002186e13ae33190976f1ae61cece045fb76,2026-08-06
Q16663,CCL15_HUMAN,Q16663,unclassified,active,true,,e22d7643ea01abd0dce415e74faf002186e13ae33190976f1ae61cece045fb76,2026-08-06
O15467,CCL16_HUMAN,O15467,unclassified,active,true,,e22d7643ea01abd0dce415e74faf002186e13ae33190976f1ae61cece045fb76,2026-08-06
Q92583,CCL17_HUMAN,Q92583,unclassified,active,true,,e22d7643ea01abd0dce415e74faf002186e13ae33190976f1ae61cece045fb76,2026-08-06
P55774,CCL18_HUMAN,P55774,unclassified,active,true,,e22d7643ea01abd0dce415e74faf002186e13ae33190976f1ae61cece045fb76,2026-08-06
Q99731,CCL19_HUMAN,Q99731,unclassified,active,true,,e22d7643ea01abd0dce415e74faf002186e13ae33190976f1ae61cece045fb76,2026-08-06
P22362,CCL1_HUMAN,P22362,unclassified,active,true,,e22d7643ea01abd0dce415e74faf002186e13ae33190976f1ae61cece045fb76,2026-08-06
P78556,CCL20_HUMAN,P78556,unclassified,active,true,,e22d7643ea01abd0dce415e74faf002186e13ae33190976f1ae61cece045fb76,2026-08-06
O00585,CCL21_HUMAN,O00585,unclassified,active,true,,e22d7643ea01abd0dce415e74faf002186e13ae33190976f1ae61cece045fb76,2026-08-06
O00626,CCL22_HUMAN,O00626,unclassified,active,true,,e22d7643ea01abd0dce415e74faf002186e13ae33190976f1ae61cece045fb76,2026-08-06
P55773,CCL23_HUMAN,P55773,unclassified,active,true,,e22d7643ea01abd0dce415e74faf002186e13ae33190976f1ae61cece045fb76,2026-08-06
O00175,CCL24_HUMAN,O00175,unclassified,active,true,,e22d7643ea01abd0dce415e74faf002186e13ae33190976f1ae61cece045fb76,2026-08-06
O15444,CCL25_HUMAN,O15444,unclassified,active,true,,e22d7643ea01abd0dce415e74faf002186e13ae33190976f1ae61cece045fb76,2026-08-06
Q9Y258,CCL26_HUMAN,Q9Y258,unclassified,active,true,,e22d7643ea01abd0dce415e74faf002186e13ae33190976f1ae61cece045fb76,2026-08-06
Q9Y4X3,CCL27_HUMAN,Q9Y4X3,unclassified,active,true,,e22d7643ea01abd0dce415e74faf002186e13ae33190976f1ae61cece045fb76,2026-08-06
Q9NRJ3,CCL28_HUMAN,Q9NRJ3,unclassified,active,true,,e22d7643ea01abd0dce415e74faf002186e13ae33190976f1ae61cece045fb76,2026-08-06
P13500,CCL2_HUMAN,P13500,unclassified,active,true,,e22d7643ea01abd0dce415e74faf002186e13ae33190976f1ae61cece045fb76,2026-08-06
P10147,CCL3_HUMAN,P10147,unclassified,active,true,,e22d7643ea01abd0dce415e74faf002186e13ae33190976f1ae61cece045fb76,2026-08-06
P13236,CCL4_HUMAN,P13236,unclassified,active,true,,e22d7643ea01abd0dce415e74faf002186e13ae33190976f1ae61cece045fb76,2026-08-06
P13501,CCL5_HUMAN,P13501,unclassified,active,true,,e22d7643ea01abd0dce415e74faf002186e13ae33190976f1ae61cece045fb76,2026-08-06
P80098,CCL7_HUMAN,P80098,unclassified,active,true,,e22d7643ea01abd0dce415e74faf002186e13ae33190976f1ae61cece045fb76,2026-08-06
P80075,CCL8_HUMAN,P80075,unclassified,active,true,,e22d7643ea01abd0dce415e74faf002186e13ae33190976f1ae61cece045fb76,2026-08-06
P24863,CCNC_HUMAN,P24863,non_surface,active,true,,e22d7643ea01abd0dce415e74faf002186e13ae33190976f1ae61cece045fb76,2026-08-06
P41002,CCNF_HUMAN,P41002,non_surface,active,true,,e22d7643ea01abd0dce415e74faf002186e13ae33190976f1ae61cece045fb76,2026-08-06
Q9UK58,CCNL1_HUMAN,Q9UK58,unclassified,active,true,,e22d7643ea01abd0dce415e74faf002186e13ae33190976f1ae61cece045fb76,2026-08-06
Q96S94,CCNL2_HUMAN,Q96S94,unclassified,active,true,,e22d7643ea01abd0dce415e74faf002186e13ae33190976f1ae61cece045fb76,2026-08-06
Q9ULG6,CCPG1_HUMAN,Q9ULG6,non_surface,active,true,,e22d7643ea01abd0dce415e74faf002186e13ae33190976f1ae61cece045fb76,2026-08-06
P46092,CCR10_HUMAN,P46092,surface,active,true,,e22d7643ea01abd0dce415e74faf002186e13ae33190976f1ae61cece045fb76,2026-08-06
P32246,CCR1_HUMAN,P32246,surface,active,true,,e22d7643ea01abd0dce415e74faf002186e13ae33190976f1ae61cece045fb76,2026-08-06
P41597,CCR2_HUMAN,P41597,surface,active,true,,e22d7643ea01abd0dce415e74faf002186e13ae33190976f1ae61cece045fb76,2026-08-06
P51677,CCR3_HUMAN,P51677,surface,active,true,,e22d7643ea01abd0dce415e74faf002186e13ae33190976f1ae61cece045fb76,2026-08-06
P51679,CCR4_HUMAN,P51679,surface,active,true,,e22d7643ea01abd0dce415e74faf002186e13ae33190976f1ae61cece045fb76,2026-08-06
P51681,CCR5_HUMAN,P51681,surface,active,true,,e22d7643ea01abd0dce415e74faf002186e13ae33190976f1ae61cece045fb76,2026-08-06
P51684,CCR6_HUMAN,P51684,surface,active,true,,e22d7643ea01abd0dce415e74faf002186e13ae33190976f1ae61cece045fb76,2026-08-06
P32248,CCR7_HUMAN,P32248,surface,active,true,,e22d7643ea01abd0dce415e74faf002186e13ae33190976f1ae61cece045fb76,2026-08-06
P51685,CCR8_HUMAN,P51685,surface,active,true,,e22d7643ea01abd0dce415e74faf002186e13ae33190976f1ae61cece045fb76,2026-08-06
P51686,CCR9_HUMAN,P51686,surface,active,true,,e22d7643ea01abd0dce415e74faf002186e13ae33190976f1ae61cece045fb76,2026-08-06
O00421,CCRL2_HUMAN,O00421,surface,active,true,,e22d7643ea01abd0dce415e74faf002186e13ae33190976f1ae61cece045fb76,2026-08-06
Q8WVX3,CD003_HUMAN,Q8WVX3,non_surface,active,true,,e22d7643ea01abd0dce415e74faf002186e13ae33190976f1ae61cece045fb76,2026-08-06
Q17RF5,CD026_HUMAN,Q17RF5,unclassified,active,true,,e22d7643ea01abd0dce415e74faf002186e13ae33190976f1ae61cece045fb76,2026-08-06
Q0P651,CD029_HUMAN,Q0P651,unclassified,active,true,,e22d7643ea01abd0dce415e74faf002186e13ae33190976f1ae61cece045fb76,2026-08-06
Q8N8J7,CD032_HUMAN,Q8N8J7,non_surface,active,true,,e22d7643ea01abd0dce415e74faf002186e13ae33190976f1ae61cece045fb76,2026-08-06
Q5BLP8,CD048_HUMAN,Q5BLP8,unclassified,active,true,,e22d7643ea01abd0dce415e74faf002186e13ae33190976f1ae61cece045fb76,2026-08-06
Q6YHK3,CD109_HUMAN,Q6YHK3,surface,active,true,,e22d7643ea01abd0dce415e74faf002186e13ae33190976f1ae61cece045fb76,2026-08-06
P08571,CD14_HUMAN,P08571,surface,active,true,,e22d7643ea01abd0dce415e74faf002186e13ae33190976f1ae61cece045fb76,2026-08-06
P48509,CD151_HUMAN,P48509,surface,active,true,,e22d7643ea01abd0dce415e74faf002186e13ae33190976f1ae61cece045fb76,2026-08-06
A8MXV6,CD15L_HUMAN,A8MXV6,non_surface,active,true,,e22d7643ea01abd0dce415e74faf002186e13ae33190976f1ae61cece045fb76,2026-08-06
Q13740,CD166_HUMAN,Q13740,surface,active,true,,e22d7643ea01abd0dce415e74faf002186e13ae33190976f1ae61cece045fb76,2026-08-06
Q8N6Q3,CD177_HUMAN,Q8N6Q3,surface,active,true,,e22d7643ea01abd0dce415e74faf002186e13ae33190976f1ae61cece045fb76,2026-08-06
Q99467,CD180_HUMAN,Q99467,surface,active,true,,e22d7643ea01abd0dce415e74faf002186e13ae33190976f1ae61cece045fb76,2026-08-06
P15391,CD19_HUMAN,P15391,surface,active,true,,e22d7643ea01abd0dce415e74faf002186e13ae33190976f1ae61cece045fb76,2026-08-06
P06126,CD1A_HUMAN,P06126,surface,active,true,,e22d7643ea01abd0dce415e74faf002186e13ae33190976f1ae61cece045fb76,2026-08-06
P29016,CD1B_HUMAN,P29016,surface,active,true,,e22d7643ea01abd0dce415e74faf002186e13ae33190976f1ae61cece045fb76,2026-08-06
P29017,CD1C_HUMAN,P29017,surface,active,true,,e22d7643ea01abd0dce415e74faf002186e13ae33190976f1ae61cece045fb76,2026-08-06
P15813,CD1D_HUMAN,P15813,surface,active,true,,e22d7643ea01abd0dce415e74faf002186e13ae33190976f1ae61cece045fb76,2026-08-06
P15812,CD1E_HUMAN,P15812,surface,active,true,,e22d7643ea01abd0dce415e74faf002186e13ae33190976f1ae61cece045fb76,2026-08-06
Q9NNX6,CD209_HUMAN,Q9NNX6,non_surface,active,true,,e22d7643ea01abd0dce415e74faf002186e13ae33190976f1ae61cece045fb76,2026-08-06
P11836,CD20_HUMAN,P11836,surface,active,true,,e22d7643ea01abd0dce415e74faf002186e13ae33190976f1ae61cece045fb76,2026-08-06
Q15762,CD226_HUMAN,Q15762,surface,active,true,,e22d7643ea01abd0dce415e74faf002186e13ae33190976f1ae61cece045fb76,2026-08-06
P20273,CD22_HUMAN,P20273,surface,active,true,,e22d7643ea01abd0dce415e74faf002186e13ae33190976f1ae61cece045fb76,2026-08-06
Q9BZW8,CD244_HUMAN,Q9BZW8,surface,active,true,,e22d7643ea01abd0dce415e74faf002186e13ae33190976f1ae61cece045fb76,2026-08-06
Q9HCU0,CD248_HUMAN,Q9HCU0,surface,active,true,,e22d7643ea01abd0dce415e74faf002186e13ae33190976f1ae61cece045fb76,2026-08-06
P25063,CD24_HUMAN,P25063,surface,active,true,,e22d7643ea01abd0dce415e74faf002186e13ae33190976f1ae61cece045fb76,2026-08-06
Q5ZPR3,CD276_HUMAN,Q5ZPR3,surface,active,true,,e22d7643ea01abd0dce415e74faf002186e13ae33190976f1ae61cece045fb76,2026-08-06
P26842,CD27_HUMAN,P26842,surface,active,true,,e22d7643ea01abd0dce415e74faf002186e13ae33190976f1ae61cece045fb76,2026-08-06
P10747,CD28_HUMAN,P10747,surface,active,true,,e22d7643ea01abd0dce415e74faf002186e13ae33190976f1ae61cece045fb76,2026-08-06
Q8N726,CD2A2_HUMAN,Q8N726,non_surface,active,true,,e22d7643ea01abd0dce415e74faf002186e13ae33190976f1ae61cece045fb76,2026-08-06
P06729,CD2_HUMAN,P06729,surface,active,true,,e22d7643ea01abd0dce415e74faf002186e13ae33190976f1ae61cece045fb76,2026-08-06
Q8IX05,CD302_HUMAN,Q8IX05,surface,active,true,,e22d7643ea01abd0dce415e74faf002186e13ae33190976f1ae61cece045fb76,2026-08-06
Q9NPF0,CD320_HUMAN,Q9NPF0,surface,active,true,,e22d7643ea01abd0dce415e74faf002186e13ae33190976f1ae61cece045fb76,2026-08-06
P20138,CD33_HUMAN,P20138,surface,active,true,,e22d7643ea01abd0dce415e74faf002186e13ae33190976f1ae61cece045fb76,2026-08-06
P28906,CD34_HUMAN,P28906,surface,active,true,,e22d7643ea01abd0dce415e74faf002186e13ae33190976f1ae61cece045fb76,2026-08-06
P16671,CD36_HUMAN,P16671,surface,active,true,,e22d7643ea01abd0dce415e74faf002186e13ae33190976f1ae61cece045fb76,2026-08-06
P11049,CD37_HUMAN,P11049,surface,active,true,,e22d7643ea01abd0dce415e74faf002186e13ae33190976f1ae61cece045fb76,2026-08-06
P28907,CD38_HUMAN,P28907,surface,active,true,,e22d7643ea01abd0dce415e74faf002186e13ae33190976f1ae61cece045fb76,2026-08-06
P04234,CD3D_HUMAN,P04234,surface,active,true,,e22d7643ea01abd0dce415e74faf002186e13ae33190976f1ae61cece045fb76,2026-08-06
P07766,CD3E_HUMAN,P07766,unclassified,active,true,,e22d7643ea01abd0dce415e74faf002186e13ae33190976f1ae61cece045fb76,2026-08-06
P09693,CD3G_HUMAN,P09693,surface,active,true,,e22d7643ea01abd0dce415e74faf002186e13ae33190976f1ae61cece045fb76,2026-08-06
P20963,CD3Z_HUMAN,P20963,non_surface,active,true,,e22d7643ea01abd0dce415e74faf002186e13ae33190976f1ae61cece045fb76,2026-08-06
P29965,CD40L_HUMAN,P29965,surface,active,true,,e22d7643ea01abd0dce415e74faf002186e13ae33190976f1ae61cece045fb76,2026-08-06
P16070,CD44_HUMAN,P16070,surface,active,true,,e22d7643ea01abd0dce415e74faf002186e13ae33190976f1ae61cece045fb76,2026-08-06
Q08722,CD47_HUMAN,Q08722,surface,active,true,,e22d7643ea01abd0dce415e74faf002186e13ae33190976f1ae61cece045fb76,2026-08-06
P09326,CD48_HUMAN,P09326,surface,active,true,,e22d7643ea01abd0dce415e74faf002186e13ae33190976f1ae61cece045fb76,2026-08-06
P01730,CD4_HUMAN,P01730,surface,active,true,,e22d7643ea01abd0dce415e74faf002186e13ae33190976f1ae61cece045fb76,2026-08-06
P31358,CD52_HUMAN,P31358,surface,active,true,,e22d7643ea01abd0dce415e74faf002186e13ae33190976f1ae61cece045fb76,2026-08-06
P19397,CD53_HUMAN,P19397,surface,active,true,,e22d7643ea01abd0dce415e74faf002186e13ae33190976f1ae61cece045fb76,2026-08-06
P13987,CD59_HUMAN,P13987,surface,active,true,,e22d7643ea01abd0dce415e74faf002186e13ae33190976f1ae61cece045fb76,2026-08-06
O43866,CD5L_HUMAN,O43866,unclassified,active,true,,e22d7643ea01abd0dce415e74faf002186e13ae33190976f1ae61cece045fb76,2026-08-06
P06127,CD5_HUMAN,P06127,surface,active,true,,e22d7643ea01abd0dce415e74faf002186e13ae33190976f1ae61cece045fb76,2026-08-06
P08962,CD63_HUMAN,P08962,surface,active,true,,e22d7643ea01abd0dce415e74faf002186e13ae33190976f1ae61cece045fb76,2026-08-06
P34810,CD68_HUMAN,P34810,surface,active,true,,e22d7643ea01abd0dce415e74faf002186e13ae33190976f1ae61cece045fb76,2026-08-06
Q07108,CD69_HUMAN,Q07108,surface,active,true,,e22d7643ea01abd0dce415e74faf002186e13ae33190976f1ae61cece045fb76,2026-08-06
P30203,CD6_HUMAN,P30203,surface,active,true,,e22d7643ea01abd0dce415e74faf002186e13ae33190976f1ae61cece045fb76,2026-08-06
P32970,CD70_HUMAN,P32970,surface,active,true,,e22d7643ea01abd0dce415e74faf002186e13ae33190976f1ae61cece045fb76,2026-08-06
P21854,CD72_HUMAN,P21854,non_surface,active,true,,e22d7643ea01abd0dce415e74faf002186e13ae33190976f1ae61cece045fb76,2026-08-06
P11912,CD79A_HUMAN,P11912,surface,active,true,,e22d7643ea01abd0dce415e74faf002186e13ae33190976f1ae61cece045fb76,2026-08-06
P40259,CD79B_HUMAN,P40259,surface,active,true,,e22d7643ea01abd0dce415e74faf002186e13ae33190976f1ae61cece045fb76,2026-08-06
P09564,CD7_HUMAN,P09564,surface,active,true,,e22d7643ea01abd0dce415e74faf002186e13ae33190976f1ae61cece045fb76,2026-08-06
P33681,CD80_HUMAN,P33681,surface,active,true,,e22d7643ea01abd0dce415e74faf002186e13ae33190976f1ae61cece045fb76,2026-08-06
P60033,CD81_HUMAN,P60033,unclassified,active,true,,e22d7643ea01abd0dce415e74faf002186e13ae33190976f1ae61cece045fb76,2026-08-06
P27701,CD82_HUMAN,P27701,surface,active,true,,e22d7643ea01abd0dce415e74faf002186e13ae33190976f1ae61cece045fb76,2026-08-06
Q01151,CD83_HUMAN,Q01151,surface,active,true,,e22d7643ea01abd0dce415e74faf002186e13ae33190976f1ae61cece045fb76,2026-08-06
P42081,CD86_HUMAN,P42081,surface,active,true,,e22d7643ea01abd0dce415e74faf002186e13ae33190976f1ae61cece045fb76,2026-08-06
P01732,CD8A_HUMAN,P01732,surface,active,true,,e22d7643ea01abd0dce415e74faf002186e13ae33190976f1ae61cece045fb76,2026-08-06
A6NJW9,CD8BL_HUMAN,A6NJW9,surface,active,true,,e22d7643ea01abd0dce415e74faf002186e13ae33190976f1ae61cece045fb76,2026-08-06
P10966,CD8B_HUMAN,P10966,surface,active,true,,e22d7643ea01abd0dce415e74faf002186e13ae33190976f1ae61cece045fb76,2026-08-06
P48960,CD97_HUMAN,P48960,surface,active,true,,e22d7643ea01abd0dce415e74faf002186e13ae33190976f1ae61cece045fb76,2026-08-06
P14209,CD99_HUMAN,P14209,unclassified,active,true,,e22d7643ea01abd0dce415e74faf002186e13ae33190976f1ae61cece045fb76,2026-08-06
P21926,CD9_HUMAN,P21926,surface,active,true,,e22d7643ea01abd0dce415e74faf002186e13ae33190976f1ae61cece045fb76,2026-08-06
Q8IWY9,CDAN1_HUMAN,Q8IWY9,non_surface,active,true,,e22d7643ea01abd0dce415e74faf002186e13ae33190976f1ae61cece045fb76,2026-08-06
Q9UJX2,CDC23_HUMAN,Q9UJX2,unclassified,active,true,,e22d7643ea01abd0dce415e74faf002186e13ae33190976f1ae61cece045fb76,2026-08-06
Q9H5V8,CDCP1_HUMAN,Q9H5V8,surface,active,true,,e22d7643ea01abd0dce415e74faf002186e13ae33190976f1ae61cece045fb76,2026-08-06
Q5VXM1,CDCP2_HUMAN,Q5VXM1,unclassified,active,true,,e22d7643ea01abd0dce415e74faf002186e13ae33190976f1ae61cece045fb76,2026-08-06
Q96JP9,CDHR1_HUMAN,Q96JP9,surface,active,true,,e22d7643ea01abd0dce415e74faf002186e13ae33190976f1ae61cece045fb76,2026-08-06
Q9BYE9,CDHR2_HUMAN,Q9BYE9,surface,active,true,,e22d7643ea01abd0dce415e74faf002186e13ae33190976f1ae61cece045fb76,2026-08-06
Q6ZTQ4,CDHR3_HUMAN,Q6ZTQ4,surface,active,true,,e22d7643ea01abd0dce415e74faf002186e13ae33190976f1ae61cece045fb76,2026-08-06
A6H8M9,CDHR4_HUMAN,A6H8M9,surface,active,true,,e22d7643ea01abd0dce415e74faf002186e13ae33190976f1ae61cece045fb76,2026-08-06
Q9HBB8,CDHR5_HUMAN,Q9HBB8,surface,active,true,,e22d7643ea01abd0dce415e74faf002186e13ae33190976f1ae61cece045fb76,2026-08-06
O14735,CDIPT_HUMAN,O14735,non_surface,active,true,,e22d7643ea01abd0dce415e74faf002186e13ae33190976f1ae61cece045fb76,2026-08-06
O14519,CDKA1_HUMAN,O14519,unclassified,active,true,,e22d7643ea01abd0dce415e74faf002186e13ae33190976f1ae61cece045fb76,2026-08-06
Q5VV42,CDKAL_HUMAN,Q5VV42,non_surface,active,true,,e22d7643ea01abd0dce415e74faf002186e13ae33190976f1ae61cece045fb76,2026-08-06
Q49AH0,CDNF_HUMAN,Q49AH0,unclassified,active,true,,e22d7643ea01abd0dce415e74faf002186e13ae33190976f1ae61cece045fb76,2026-08-06
Q4KMG0,CDON_HUMAN,Q4KMG0,surface,active,true,,e22d7643ea01abd0dce415e74faf002186e13ae33190976f1ae61cece045fb76,2026-08-06
Q92903,CDS1_HUMAN,Q92903,non_surface,active,true,,e22d7643ea01abd0dce415e74faf002186e13ae33190976f1ae61cece045fb76,2026-08-06
O95674,CDS2_HUMAN,O95674,non_surface,active,true,,e22d7643ea01abd0dce415e74faf002186e13ae33190976f1ae61cece045fb76,2026-08-06
Q15517,CDSN_HUMAN,Q15517,unclassified,active,true,,e22d7643ea01abd0dce415e74faf002186e13ae33190976f1ae61cece045fb76,2026-08-06
Q9Y6F8,CDY1_HUMAN,Q9Y6F8,non_surface,active,true,,e22d7643ea01abd0dce415e74faf002186e13ae33190976f1ae61cece045fb76,2026-08-06
Q9Y6F7,CDY2_HUMAN,Q9Y6F7,non_surface,active,true,,e22d7643ea01abd0dce415e74faf002186e13ae33190976f1ae61cece045fb76,2026-08-06
Q9Y232,CDYL1_HUMAN,Q9Y232,non_surface,active,true,,e22d7643ea01abd0dce415e74faf002186e13ae33190976f1ae61cece045fb76,2026-08-06
Q8N8U2,CDYL2_HUMAN,Q8N8U2,non_surface,active,true,,e22d7643ea01abd0dce415e74faf002186e13ae33190976f1ae61cece045fb76,2026-08-06
Q0VDI3,CE028_HUMAN,Q0VDI3,non_surface,active,true,,e22d7643ea01abd0dce415e74faf002186e13ae33190976f1ae61cece045fb76,2026-08-06
Q9H799,CE042_HUMAN,Q9H799,non_surface,active,true,,e22d7643ea01abd0dce415e74faf002186e13ae33190976f1ae61cece045fb76,2026-08-06
Q6UWT4,CE046_HUMAN,Q6UWT4,unclassified,active,true,,e22d7643ea01abd0dce415e74faf002186e13ae33190976f1ae61cece045fb76,2026-08-06
Q8N2X6,CE055_HUMAN,Q8N2X6,unclassified,active,true,,e22d7643ea01abd0dce415e74faf002186e13ae33190976f1ae61cece045fb76,2026-08-06
A6NFR6,CE060_HUMAN,A6NFR6,non_surface,active,true,,e22d7643ea01abd0dce415e74faf002186e13ae33190976f1ae61cece045fb76,2026-08-06
Q2M2E5,CE064_HUMAN,Q2M2E5,unclassified,active,true,,e22d7643ea01abd0dce415e74faf002186e13ae33190976f1ae61cece045fb76,2026-08-06
Q2WEN9,CEA16_HUMAN,Q2WEN9,unclassified,active,true,,e22d7643ea01abd0dce415e74faf002186e13ae33190976f1ae61cece045fb76,2026-08-06
A8MTB9,CEA18_HUMAN,A8MTB9,unclassified,active,true,,e22d7643ea01abd0dce415e74faf002186e13ae33190976f1ae61cece045fb76,2026-08-06
Q7Z692,CEA19_HUMAN,Q7Z692,surface,active,true,,e22d7643ea01abd0dce415e74faf002186e13ae33190976f1ae61cece045fb76,2026-08-06
Q6UY09,CEA20_HUMAN,Q6UY09,surface,active,true,,e22d7643ea01abd0dce415e74faf002186e13ae33190976f1ae61cece045fb76,2026-08-06
Q3KPI0,CEA21_HUMAN,Q3KPI0,surface,active,true,,e22d7643ea01abd0dce415e74faf002186e13ae33190976f1ae61cece045fb76,2026-08-06
P13688,CEAM1_HUMAN,P13688,surface,active,true,,e22d7643ea01abd0dce415e74faf002186e13ae33190976f1ae61cece045fb76,2026-08-06
P40198,CEAM3_HUMAN,P40198,surface,active,true,,e22d7643ea01abd0dce415e74faf002186e13ae33190976f1ae61cece045fb76,2026-08-06
O75871,CEAM4_HUMAN,O75871,surface,active,true,,e22d7643ea01abd0dce415e74faf002186e13ae33190976f1ae61cece045fb76,2026-08-06
P06731,CEAM5_HUMAN,P06731,surface,active,true,,e22d7643ea01abd0dce415e74faf002186e13ae33190976f1ae61cece045fb76,2026-08-06
P40199,CEAM6_HUMAN,P40199,surface,active,true,,e22d7643ea01abd0dce415e74faf002186e13ae33190976f1ae61cece045fb76,2026-08-06
Q14002,CEAM7_HUMAN,Q14002,surface,active,true,,e22d7643ea01abd0dce415e74faf002186e13ae33190976f1ae61cece045fb76,2026-08-06
P31997,CEAM8_HUMAN,P31997,surface,active,true,,e22d7643ea01abd0dce415e74faf002186e13ae33190976f1ae61cece045fb76,2026-08-06
Q8N7Q2,CEAS1_HUMAN,Q8N7Q2,unclassified,active,true,,e22d7643ea01abd0dce415e74faf002186e13ae33190976f1ae61cece045fb76,2026-08-06
P49716,CEBPD_HUMAN,P49716,unclassified,active,true,,e22d7643ea01abd0dce415e74faf002186e13ae33190976f1ae61cece045fb76,2026-08-06
Q9NZK5,CECR1_HUMAN,Q9NZK5,unclassified,active,true,,e22d7643ea01abd0dce415e74faf002186e13ae33190976f1ae61cece045fb76,2026-08-06
Q9BXW7,CECR5_HUMAN,Q9BXW7,unclassified,active,true,,e22d7643ea01abd0dce415e74faf002186e13ae33190976f1ae61cece045fb76,2026-08-06
Q9BXQ6,CECR6_HUMAN,Q9BXQ6,unclassified,active,true,,e22d7643ea01abd0dce415e74faf002186e13ae33190976f1ae61cece045fb76,2026-08-06
P0C854,CECR9_HUMAN,P0C854,unclassified,active,true,,e22d7643ea01abd0dce415e74faf002186e13ae33190976f1ae61cece045fb76,2026-08-06
Q16739,CEGT_HUMAN,Q16739,non_surface,active,true,,e22d7643ea01abd0dce415e74faf002186e13ae33190976f1ae61cece045fb76,2026-08-06
Q86SI9,CEI_HUMAN,Q86SI9,unclassified,active,true,,e22d7643ea01abd0dce415e74faf002186e13ae33190976f1ae61cece045fb76,2026-08-06
P08217,CEL2A_HUMAN,P08217,unclassified,active,true,,e22d7643ea01abd0dce415e74faf002186e13ae33190976f1ae61cece045fb76,2026-08-06
P08218,CEL2B_HUMAN,P08218,unclassified,active,true,,e22d7643ea01abd0dce415e74faf002186e13ae33190976f1ae61cece045fb76,2026-08-06
P09093,CEL3A_HUMAN,P09093,unclassified,active,true,,e22d7643ea01abd0dce415e74faf002186e13ae33190976f1ae61cece045fb76,2026-08-06
P08861,CEL3B_HUMAN,P08861,unclassified,active,true,,e22d7643ea01abd0dce415e74faf002186e13ae33190976f1ae61cece045fb76,2026-08-06
Q9UNI1,CELA1_HUMAN,Q9UNI1,unclassified,active,true,,e22d7643ea01abd0dce415e74faf002186e13ae33190976f1ae61cece045fb76,2026-08-06
Q9NYQ6,CELR1_HUMAN,Q9NYQ6,surface,active,true,,e22d7643ea01abd0dce415e74faf002186e13ae33190976f1ae61cece045fb76,2026-08-06
Q9HCU4,CELR2_HUMAN,Q9HCU4,surface,active,true,,e22d7643ea01abd0dce415e74faf002186e13ae33190976f1ae61cece045fb76,2026-08-06
Q9NYQ7,CELR3_HUMAN,Q9NYQ7,surface,active,true,,e22d7643ea01abd0dce415e74faf002186e13ae33190976f1ae61cece045fb76,2026-08-06
P19835,CEL_HUMAN,P19835,unclassified,active,true,,e22d7643ea01abd0dce415e74faf002186e13ae33190976f1ae61cece045fb76,2026-08-06
Q8WUJ3,CEMIP_HUMAN,Q8WUJ3,unclassified,active,true,,e22d7643ea01abd0dce415e74faf002186e13ae33190976f1ae61cece045fb76,2026-08-06
Q8N111,CEND_HUMAN,Q8N111,non_surface,active,true,,e22d7643ea01abd0dce415e74faf002186e13ae33190976f1ae61cece045fb76,2026-08-06
Q7Z7K6,CENPV_HUMAN,Q7Z7K6,unclassified,active,true,,e22d7643ea01abd0dce415e74faf002186e13ae33190976f1ae61cece045fb76,2026-08-06
Q5EE01,CENPW_HUMAN,Q5EE01,unclassified,active,true,,e22d7643ea01abd0dce415e74faf002186e13ae33190976f1ae61cece045fb76,2026-08-06
Q86XR8,CEP57_HUMAN,Q86XR8,unclassified,active,true,,e22d7643ea01abd0dce415e74faf002186e13ae33190976f1ae61cece045fb76,2026-08-06
Q96ST8,CEP89_HUMAN,Q96ST8,unclassified,active,true,,e22d7643ea01abd0dce415e74faf002186e13ae33190976f1ae61cece045fb76,2026-08-06
Q9Y6K0,CEPT1_HUMAN,Q9Y6K0,unclassified,active,true,,e22d7643ea01abd0dce415e74faf002186e13ae33190976f1ae61cece045fb76,2026-08-06
O95813,CER1_HUMAN,O95813,unclassified,active,true,,e22d7643ea01abd0dce415e74faf002186e13ae33190976f1ae61cece045fb76,2026-08-06
P27544,CERS1_HUMAN,P27544,non_surface,active,true,,e22d7643ea01abd0dce415e74faf002186e13ae33190976f1ae61cece045fb76,2026-08-06
Q96G23,CERS2_HUMAN,Q96G23,non_surface,active,true,,e22d7643ea01abd0dce415e74faf002186e13ae33190976f1ae61cece045fb76,2026-08-06
Q8IU89,CERS3_HUMAN,Q8IU89,non_surface,active,true,,e22d7643ea01abd0dce415e74faf002186e13ae33190976f1ae61cece045fb76,2026-08-06
Q9HA82,CERS4_HUMAN,Q9HA82,non_surface,active,true,,e22d7643ea01abd0dce415e74faf002186e13ae33190976f1ae61cece045fb76,2026-08-06
Q8N5B7,CERS5_HUMAN,Q8N5B7,non_surface,active,true,,e22d7643ea01abd0dce415e74faf002186e13ae33190976f1ae61cece045fb76,2026-08-06
Q6ZMG9,CERS6_HUMAN,Q6ZMG9,non_surface,active,true,,e22d7643ea01abd0dce415e74faf002186e13ae33190976f1ae61cece045fb76,2026-08-06
P00450,CERU_HUMAN,P00450,unclassified,active,true,,e22d7643ea01abd0dce415e74faf002186e13ae33190976f1ae61cece045fb76,2026-08-06
Q9UKY3,CES1P_HUMAN,Q9UKY3,unclassified,active,true,,e22d7643ea01abd0dce415e74faf002186e13ae33190976f1ae61cece045fb76,2026-08-06
P11597,CETP_HUMAN,P11597,unclassified,active,true,,e22d7643ea01abd0dce415e74faf002186e13ae33190976f1ae61cece045fb76,2026-08-06
Q86T20,CF001_HUMAN,Q86T20,unclassified,active,true,,e22d7643ea01abd0dce415e74faf002186e13ae33190976f1ae61cece045fb76,2026-08-06
Q5SRN2,CF010_HUMAN,Q5SRN2,non_surface,active,true,,e22d7643ea01abd0dce415e74faf002186e13ae33190976f1ae61cece045fb76,2026-08-06
Q6UXA7,CF015_HUMAN,Q6UXA7,unclassified,active,true,,e22d7643ea01abd0dce415e74faf002186e13ae33190976f1ae61cece045fb76,2026-08-06
O95873,CF047_HUMAN,O95873,non_surface,active,true,,e22d7643ea01abd0dce415e74faf002186e13ae33190976f1ae61cece045fb76,2026-08-06
Q9HD87,CF050_HUMAN,Q9HD87,non_surface,active,true,,e22d7643ea01abd0dce415e74faf002186e13ae33190976f1ae61cece045fb76,2026-08-06
Q6P5S2,CF058_HUMAN,Q6P5S2,unclassified,active,true,,e22d7643ea01abd0dce415e74faf002186e13ae33190976f1ae61cece045fb76,2026-08-06
Q6UWU4,CF089_HUMAN,Q6UWU4,unclassified,active,true,,e22d7643ea01abd0dce415e74faf002186e13ae33190976f1ae61cece045fb76,2026-08-06
Q7Z4R8,CF120_HUMAN,Q7Z4R8,unclassified,active,true,,e22d7643ea01abd0dce415e74faf002186e13ae33190976f1ae61cece045fb76,2026-08-06
Q5SQH8,CF136_HUMAN,Q5SQH8,non_surface,active,true,,e22d7643ea01abd0dce415e74faf002186e13ae33190976f1ae61cece045fb76,2026-08-06
A8K010,CF176_HUMAN,A8K010,non_surface,active,true,,e22d7643ea01abd0dce415e74faf002186e13ae33190976f1ae61cece045fb76,2026-08-06
Q9UL16,CFA45_HUMAN,Q9UL16,unclassified,active,true,,e22d7643ea01abd0dce415e74faf002186e13ae33190976f1ae61cece045fb76,2026-08-06
P00751,CFAB_HUMAN,P00751,unclassified,active,true,,e22d7643ea01abd0dce415e74faf002186e13ae33190976f1ae61cece045fb76,2026-08-06
P00746,CFAD_HUMAN,P00746,unclassified,active,true,,e22d7643ea01abd0dce415e74faf002186e13ae33190976f1ae61cece045fb76,2026-08-06
P08603,CFAH_HUMAN,P08603,unclassified,active,true,,e22d7643ea01abd0dce415e74faf002186e13ae33190976f1ae61cece045fb76,2026-08-06
P05156,CFAI_HUMAN,P05156,unclassified,active,true,,e22d7643ea01abd0dce415e74faf002186e13ae33190976f1ae61cece045fb76,2026-08-06
P0CG36,CFC1B_HUMAN,P0CG36,unclassified,active,true,,e22d7643ea01abd0dce415e74faf002186e13ae33190976f1ae61cece045fb76,2026-08-06
P0CG37,CFC1_HUMAN,P0CG37,surface,active,true,,e22d7643ea01abd0dce415e74faf002186e13ae33190976f1ae61cece045fb76,2026-08-06
P13569,CFTR_HUMAN,P13569,unclassified,active,true,,e22d7643ea01abd0dce415e74faf002186e13ae33190976f1ae61cece045fb76,2026-08-06
Q8NI28,CG013_HUMAN,Q8NI28,non_surface,active,true,,e22d7643ea01abd0dce415e74faf002186e13ae33190976f1ae61cece045fb76,2026-08-06
Q96L11,CG034_HUMAN,Q96L11,unclassified,active,true,,e22d7643ea01abd0dce415e74faf002186e13ae33190976f1ae61cece045fb76,2026-08-06
A4D0T2,CG066_HUMAN,A4D0T2,non_surface,inactive,false,uniprot_inactive,e22d7643ea01abd0dce415e74faf002186e13ae33190976f1ae61cece045fb76,2026-08-06
Q9H7B7,CG069_HUMAN,Q9H7B7,unclassified,active,true,,e22d7643ea01abd0dce415e74faf002186e13ae33190976f1ae61cece045fb76,2026-08-06
E0CX11,CG073_HUMAN,E0CX11,unclassified,active,true,,e22d7643ea01abd0dce415e74faf002186e13ae33190976f1ae61cece045fb76,2026-08-06
Q8TDX6,CGAT1_HUMAN,Q8TDX6,non_surface,active,true,,e22d7643ea01abd0dce415e74faf002186e13ae33190976f1ae61cece045fb76,2026-08-06
Q8N6G5,CGAT2_HUMAN,Q8N6G5,non_surface,active,true,,e22d7643ea01abd0dce415e74faf002186e13ae33190976f1ae61cece045fb76,2026-08-06
A6NKQ9,CGB1_HUMAN,A6NKQ9,unclassified,active,true,,e22d7643ea01abd0dce415e74faf002186e13ae33190976f1ae61cece045fb76,2026-08-06
Q6NT52,CGB2_HUMAN,Q6NT52,unclassified,active,true,,e22d7643ea01abd0dce415e74faf002186e13ae33190976f1ae61cece045fb76,2026-08-06
P01233,CGHB_HUMAN,P01233,unclassified,inactive,false,uniprot_inactive,e22d7643ea01abd0dce415e74faf002186e13ae33190976f1ae61cece045fb76,2026-08-06
Q99674,CGRE1_HUMAN,Q99674,unclassified,active,true,,e22d7643ea01abd0dce415e74faf002186e13ae33190976f1ae61cece045fb76,2026-08-06
Q99675,CGRF1_HUMAN,Q99675,non_surface,active,true,,e22d7643ea01abd0dce415e74faf002186e13ae33190976f1ae61cece045fb76,2026-08-06
Q16880,CGT_HUMAN,Q16880,surface,active,true,,e22d7643ea01abd0dce415e74faf002186e13ae33190976f1ae61cece045fb76,2026-08-06
Q9H7E9,CH033_HUMAN,Q9H7E9,unclassified,active,true,,e22d7643ea01abd0dce415e74faf002186e13ae33190976f1ae61cece045fb76,2026-08-06
Q96NF6,CH049_HUMAN,Q96NF6,non_surface,inactive,false,uniprot_inactive,e22d7643ea01abd0dce415e74faf002186e13ae33190976f1ae61cece045fb76,2026-08-06
O95992,CH25H_HUMAN,O95992,non_surface,active,true,,e22d7643ea01abd0dce415e74faf002186e13ae33190976f1ae61cece045fb76,2026-08-06
P36222,CH3L1_HUMAN,P36222,unclassified,active,true,,e22d7643ea01abd0dce415e74faf002186e13ae33190976f1ae61cece045fb76,2026-08-06
Q15782,CH3L2_HUMAN,Q15782,unclassified,active,true,,e22d7643ea01abd0dce415e74faf002186e13ae33190976f1ae61cece045fb76,2026-08-06
Q6NUI6,CHADL_HUMAN,Q6NUI6,unclassified,active,true,,e22d7643ea01abd0dce415e74faf002186e13ae33190976f1ae61cece045fb76,2026-08-06
O15335,CHAD_HUMAN,O15335,unclassified,active,true,,e22d7643ea01abd0dce415e74faf002186e13ae33190976f1ae61cece045fb76,2026-08-06
Q6ZTR5,CHDC2_HUMAN,Q8N9S7,non_surface,merged,true,,e22d7643ea01abd0dce415e74faf002186e13ae33190976f1ae61cece045fb76,2026-08-06
Q9BZP6,CHIA_HUMAN,Q9BZP6,unclassified,active,true,,e22d7643ea01abd0dce415e74faf002186e13ae33190976f1ae61cece045fb76,2026-08-06
Q5VXU3,CHIC1_HUMAN,Q5VXU3,non_surface,active,true,,e22d7643ea01abd0dce415e74faf002186e13ae33190976f1ae61cece045fb76,2026-08-06
Q9UKJ5,CHIC2_HUMAN,Q9UKJ5,non_surface,active,true,,e22d7643ea01abd0dce415e74faf002186e13ae33190976f1ae61cece045fb76,2026-08-06
Q9BWS9,CHID1_HUMAN,Q9BWS9,unclassified,active,true,,e22d7643ea01abd0dce415e74faf002186e13ae33190976f1ae61cece045fb76,2026-08-06
Q13231,CHIT1_HUMAN,Q13231,unclassified,active,true,,e22d7643ea01abd0dce415e74faf002186e13ae33190976f1ae61cece045fb76,2026-08-06
P06276,CHLE_HUMAN,P06276,unclassified,active,true,,e22d7643ea01abd0dce415e74faf002186e13ae33190976f1ae61cece045fb76,2026-08-06
Q9H9P2,CHODL_HUMAN,Q9H9P2,surface,active,true,,e22d7643ea01abd0dce415e74faf002186e13ae33190976f1ae61cece045fb76,2026-08-06
Q9P2E5,CHPF2_HUMAN,Q9P2E5,non_surface,active,true,,e22d7643ea01abd0dce415e74faf002186e13ae33190976f1ae61cece045fb76,2026-08-06
Q8WUD6,CHPT1_HUMAN,Q8WUD6,surface,active,true,,e22d7643ea01abd0dce415e74faf002186e13ae33190976f1ae61cece045fb76,2026-08-06
Q9H2X0,CHRD_HUMAN,Q9H2X0,unclassified,active,true,,e22d7643ea01abd0dce415e74faf002186e13ae33190976f1ae61cece045fb76,2026-08-06
Q86X52,CHSS1_HUMAN,Q86X52,non_surface,active,true,,e22d7643ea01abd0dce415e74faf002186e13ae33190976f1ae61cece045fb76,2026-08-06
Q8IZ52,CHSS2_HUMAN,Q8IZ52,non_surface,active,true,,e22d7643ea01abd0dce415e74faf002186e13ae33190976f1ae61cece045fb76,2026-08-06
Q70JA7,CHSS3_HUMAN,Q70JA7,non_surface,active,true,,e22d7643ea01abd0dce415e74faf002186e13ae33190976f1ae61cece045fb76,2026-08-06
O43916,CHST1_HUMAN,O43916,non_surface,active,true,,e22d7643ea01abd0dce415e74faf002186e13ae33190976f1ae61cece045fb76,2026-08-06
Q9Y4C5,CHST2_HUMAN,Q9Y4C5,non_surface,active,true,,e22d7643ea01abd0dce415e74faf002186e13ae33190976f1ae61cece045fb76,2026-08-06
Q7LGC8,CHST3_HUMAN,Q7LGC8,non_surface,active,true,,e22d7643ea01abd0dce415e74faf002186e13ae33190976f1ae61cece045fb76,2026-08-06
Q8NCG5,CHST4_HUMAN,Q8NCG5,non_surface,active,true,,e22d7643ea01abd0dce415e74faf002186e13ae33190976f1ae61cece045fb76,2026-08-06
Q9GZS9,CHST5_HUMAN,Q9GZS9,non_surface,active,true,,e22d7643ea01abd0dce415e74faf002186e13ae33190976f1ae61cece045fb76,2026-08-06
Q9GZX3,CHST6_HUMAN,Q9GZX3,non_surface,active,true,,e22d7643ea01abd0dce415e74faf002186e13ae33190976f1ae61cece045fb76,2026-08-06
Q9NS84,CHST7_HUMAN,Q9NS84,non_surface,active,true,,e22d7643ea01abd0dce415e74faf002186e13ae33190976f1ae61cece045fb76,2026-08-06
Q9H2A9,CHST8_HUMAN,Q9H2A9,non_surface,active,true,,e22d7643ea01abd0dce415e74faf002186e13ae33190976f1ae61cece045fb76,2026-08-06
Q7L1S5,CHST9_HUMAN,Q7L1S5,unclassified,active,true,,e22d7643ea01abd0dce415e74faf002186e13ae33190976f1ae61cece045fb76,2026-08-06
O43529,CHSTA_HUMAN,O43529,non_surface,active,true,,e22d7643ea01abd0dce415e74faf002186e13ae33190976f1ae61cece045fb76,2026-08-06
Q9NPF2,CHSTB_HUMAN,Q9NPF2,non_surface,active,true,,e22d7643ea01abd0dce415e74faf002186e13ae33190976f1ae61cece045fb76,2026-08-06
Q9NRB3,CHSTC_HUMAN,Q9NRB3,non_surface,active,true,,e22d7643ea01abd0dce415e74faf002186e13ae33190976f1ae61cece045fb76,2026-08-06
Q8NET6,CHSTD_HUMAN,Q8NET6,non_surface,active,true,,e22d7643ea01abd0dce415e74faf002186e13ae33190976f1ae61cece045fb76,2026-08-06
Q8NCH0,CHSTE_HUMAN,Q8NCH0,non_surface,active,true,,e22d7643ea01abd0dce415e74faf002186e13ae33190976f1ae61cece045fb76,2026-08-06
Q7LFX5,CHSTF_HUMAN,Q7LFX5,non_surface,active,true,,e22d7643ea01abd0dce415e74faf002186e13ae33190976f1ae61cece045fb76,2026-08-06
Q6ZRZ4,CI047_HUMAN,Q6ZRZ4,unclassified,inactive,false,uniprot_inactive,e22d7643ea01abd0dce415e74faf002186e13ae33190976f1ae61cece045fb76,2026-08-06
Q5W0N0,CI057_HUMAN,Q5W0N0,unclassified,active,true,,e22d7643ea01abd0dce415e74faf002186e13ae33190976f1ae61cece045fb76,2026-08-06
H0YL14,CI069_HUMAN,H0YL14,non_surface,active,true,,e22d7643ea01abd0dce415e74faf002186e13ae33190976f1ae61cece045fb76,2026-08-06
Q5VZI3,CI091_HUMAN,Q5VZI3,non_surface,active,true,,e22d7643ea01abd0dce415e74faf002186e13ae33190976f1ae61cece045fb76,2026-08-06
Q5VTT2,CI135_HUMAN,Q5VTT2,non_surface,active,true,,e22d7643ea01abd0dce415e74faf002186e13ae33190976f1ae61cece045fb76,2026-08-06
O75339,CILP1_HUMAN,O75339,unclassified,active,true,,e22d7643ea01abd0dce415e74faf002186e13ae33190976f1ae61cece045fb76,2026-08-06
Q8IUL8,CILP2_HUMAN,Q8IUL8,unclassified,active,true,,e22d7643ea01abd0dce415e74faf002186e13ae33190976f1ae61cece045fb76,2026-08-06
Q8TCG1,CIP2A_HUMAN,Q8TCG1,non_surface,active,true,,e22d7643ea01abd0dce415e74faf002186e13ae33190976f1ae61cece045fb76,2026-08-06
Q9NZ45,CISD1_HUMAN,Q9NZ45,non_surface,active,true,,e22d7643ea01abd0dce415e74faf002186e13ae33190976f1ae61cece045fb76,2026-08-06
Q8N5K1,CISD2_HUMAN,Q8N5K1,non_surface,active,true,,e22d7643ea01abd0dce415e74faf002186e13ae33190976f1ae61cece045fb76,2026-08-06
O75390,CISY_HUMAN,O75390,non_surface,active,true,,e22d7643ea01abd0dce415e74faf002186e13ae33190976f1ae61cece045fb76,2026-08-06
Q5T742,CJ025_HUMAN,Q5T742,unclassified,active,true,,e22d7643ea01abd0dce415e74faf002186e13ae33190976f1ae61cece045fb76,2026-08-06
Q96D05,CJ035_HUMAN,Q96D05,non_surface,active,true,,e22d7643ea01abd0dce415e74faf002186e13ae33190976f1ae61cece045fb76,2026-08-06
Q5T2E6,CJ076_HUMAN,Q5T2E6,non_surface,active,true,,e22d7643ea01abd0dce415e74faf002186e13ae33190976f1ae61cece045fb76,2026-08-06
Q6UWK7,CJ099_HUMAN,Q6UWK7,unclassified,active,true,,e22d7643ea01abd0dce415e74faf002186e13ae33190976f1ae61cece045fb76,2026-08-06
Q8TEF2,CJ105_HUMAN,Q8TEF2,non_surface,active,true,,e22d7643ea01abd0dce415e74faf002186e13ae33190976f1ae61cece045fb76,2026-08-06
Q8N326,CJ111_HUMAN,Q8N326,non_surface,active,true,,e22d7643ea01abd0dce415e74faf002186e13ae33190976f1ae61cece045fb76,2026-08-06
Q5T292,CJ128_HUMAN,Q5T292,non_surface,active,true,,e22d7643ea01abd0dce415e74faf002186e13ae33190976f1ae61cece045fb76,2026-08-06
Q96F05,CK024_HUMAN,Q96F05,surface,active,true,,e22d7643ea01abd0dce415e74faf002186e13ae33190976f1ae61cece045fb76,2026-08-06
Q8N8P7,CK044_HUMAN,Q8N8P7,unclassified,inactive,false,uniprot_inactive,e22d7643ea01abd0dce415e74faf002186e13ae33190976f1ae61cece045fb76,2026-08-06
Q8TAV5,CK045_HUMAN,Q8TAV5,unclassified,active,true,,e22d7643ea01abd0dce415e74faf002186e13ae33190976f1ae61cece045fb76,2026-08-06
Q8N6T0,CK080_HUMAN,Q8N6T0,unclassified,active,true,,e22d7643ea01abd0dce415e74faf002186e13ae33190976f1ae61cece045fb76,2026-08-06
Q6NUJ2,CK087_HUMAN,Q6NUJ2,surface,active,true,,e22d7643ea01abd0dce415e74faf002186e13ae33190976f1ae61cece045fb76,2026-08-06
C9JXX5,CK094_HUMAN,C9JXX5,unclassified,active,true,,e22d7643ea01abd0dce415e74faf002186e13ae33190976f1ae61cece045fb76,2026-08-06
Q07065,CKAP4_HUMAN,Q07065,non_surface,active,true,,e22d7643ea01abd0dce415e74faf002186e13ae33190976f1ae61cece045fb76,2026-08-06
Q8IZ96,CKLF1_HUMAN,Q8IZ96,non_surface,active,true,,e22d7643ea01abd0dce415e74faf002186e13ae33190976f1ae61cece045fb76,2026-08-06
Q8TAZ6,CKLF2_HUMAN,Q8TAZ6,non_surface,active,true,,e22d7643ea01abd0dce415e74faf002186e13ae33190976f1ae61cece045fb76,2026-08-06
Q96MX0,CKLF3_HUMAN,Q96MX0,non_surface,active,true,,e22d7643ea01abd0dce415e74faf002186e13ae33190976f1ae61cece045fb76,2026-08-06
Q8IZR5,CKLF4_HUMAN,Q8IZR5,non_surface,active,true,,e22d7643ea01abd0dce415e74faf002186e13ae33190976f1ae61cece045fb76,2026-08-06
Q96DZ9,CKLF5_HUMAN,Q96DZ9,unclassified,active,true,,e22d7643ea01abd0dce415e74faf002186e13ae33190976f1ae61cece045fb76,2026-08-06
Q9NX76,CKLF6_HUMAN,Q9NX76,non_surface,active,true,,e22d7643ea01abd0dce415e74faf002186e13ae33190976f1ae61cece045fb76,2026-08-06
Q96FZ5,CKLF7_HUMAN,Q96FZ5,non_surface,active,true,,e22d7643ea01abd0dce415e74faf002186e13ae33190976f1ae61cece045fb76,2026-08-06
Q8IZV2,CKLF8_HUMAN,Q8IZV2,non_surface,active,true,,e22d7643ea01abd0dce415e74faf002186e13ae33190976f1ae61cece045fb76,2026-08-06
Q9UBR5,CKLF_HUMAN,Q9UBR5,non_surface,active,true,,e22d7643ea01abd0dce415e74faf002186e13ae33190976f1ae61cece045fb76,2026-08-06
Q9H741,CL049_HUMAN,Q9H741,unclassified,active,true,,e22d7643ea01abd0dce415e74faf002186e13ae33190976f1ae61cece045fb76,2026-08-06
Q96N23,CL063_HUMAN,Q6ZTY8,non_surface,merged,true,,e22d7643ea01abd0dce415e74faf002186e13ae33190976f1ae61cece045fb76,2026-08-06
Q96M19,CL067_HUMAN,Q96M19,non_surface,active,true,,e22d7643ea01abd0dce415e74faf002186e13ae33190976f1ae61cece045fb76,2026-08-06
Q69YU5,CL073_HUMAN,Q69YU5,unclassified,active,true,,e22d7643ea01abd0dce415e74faf002186e13ae33190976f1ae61cece045fb76,2026-08-06
Q5QGZ9,CL12A_HUMAN,Q5QGZ9,surface,active,true,,e22d7643ea01abd0dce415e74faf002186e13ae33190976f1ae61cece045fb76,2026-08-06
Q2HXU8,CL12B_HUMAN,Q2HXU8,surface,active,true,,e22d7643ea01abd0dce415e74faf002186e13ae33190976f1ae61cece045fb76,2026-08-06
Q6ZS10,CL17A_HUMAN,Q6ZS10,surface,active,true,,e22d7643ea01abd0dce415e74faf002186e13ae33190976f1ae61cece045fb76,2026-08-06
A5D8T8,CL18A_HUMAN,A5D8T8,unclassified,active,true,,e22d7643ea01abd0dce415e74faf002186e13ae33190976f1ae61cece045fb76,2026-08-06
Q6UXF7,CL18B_HUMAN,Q6UXF7,unclassified,active,true,,e22d7643ea01abd0dce415e74faf002186e13ae33190976f1ae61cece045fb76,2026-08-06
Q8NCF0,CL18C_HUMAN,Q8NCF0,unclassified,active,true,,e22d7643ea01abd0dce415e74faf002186e13ae33190976f1ae61cece045fb76,2026-08-06
Q6UXS0,CL19A_HUMAN,Q6UXS0,unclassified,active,true,,e22d7643ea01abd0dce415e74faf002186e13ae33190976f1ae61cece045fb76,2026-08-06
P16619,CL3L1_HUMAN,P16619,unclassified,active,true,,e22d7643ea01abd0dce415e74faf002186e13ae33190976f1ae61cece045fb76,2026-08-06
Q8IUN9,CLC10_HUMAN,Q8IUN9,unclassified,active,true,,e22d7643ea01abd0dce415e74faf002186e13ae33190976f1ae61cece045fb76,2026-08-06
Q9Y240,CLC11_HUMAN,Q9Y240,unclassified,active,true,,e22d7643ea01abd0dce415e74faf002186e13ae33190976f1ae61cece045fb76,2026-08-06
Q86T13,CLC14_HUMAN,Q86T13,surface,active,true,,e22d7643ea01abd0dce415e74faf002186e13ae33190976f1ae61cece045fb76,2026-08-06
Q8NC01,CLC1A_HUMAN,Q8NC01,surface,active,true,,e22d7643ea01abd0dce415e74faf002186e13ae33190976f1ae61cece045fb76,2026-08-06
Q9P126,CLC1B_HUMAN,Q9P126,surface,active,true,,e22d7643ea01abd0dce415e74faf002186e13ae33190976f1ae61cece045fb76,2026-08-06
Q6UVW9,CLC2A_HUMAN,Q6UVW9,unclassified,active,true,,e22d7643ea01abd0dce415e74faf002186e13ae33190976f1ae61cece045fb76,2026-08-06
Q92478,CLC2B_HUMAN,Q92478,unclassified,active,true,,e22d7643ea01abd0dce415e74faf002186e13ae33190976f1ae61cece045fb76,2026-08-06
Q9UHP7,CLC2D_HUMAN,Q9UHP7,surface,active,true,,e22d7643ea01abd0dce415e74faf002186e13ae33190976f1ae61cece045fb76,2026-08-06
P0C7M8,CLC2L_HUMAN,P0C7M8,non_surface,active,true,,e22d7643ea01abd0dce415e74faf002186e13ae33190976f1ae61cece045fb76,2026-08-06
O75596,CLC3A_HUMAN,O75596,unclassified,active,true,,e22d7643ea01abd0dce415e74faf002186e13ae33190976f1ae61cece045fb76,2026-08-06
Q9UMR7,CLC4A_HUMAN,Q9UMR7,unclassified,active,true,,e22d7643ea01abd0dce415e74faf002186e13ae33190976f1ae61cece045fb76,2026-08-06
Q8WTT0,CLC4C_HUMAN,Q8WTT0,unclassified,active,true,,e22d7643ea01abd0dce415e74faf002186e13ae33190976f1ae61cece045fb76,2026-08-06
Q8WXI8,CLC4D_HUMAN,Q8WXI8,unclassified,active,true,,e22d7643ea01abd0dce415e74faf002186e13ae33190976f1ae61cece045fb76,2026-08-06
Q9ULY5,CLC4E_HUMAN,Q9ULY5,unclassified,active,true,,e22d7643ea01abd0dce415e74faf002186e13ae33190976f1ae61cece045fb76,2026-08-06
Q8N1N0,CLC4F_HUMAN,Q8N1N0,non_surface,active,true,,e22d7643ea01abd0dce415e74faf002186e13ae33190976f1ae61cece045fb76,2026-08-06
Q6UXB4,CLC4G_HUMAN,Q6UXB4,surface,active,true,,e22d7643ea01abd0dce415e74faf002186e13ae33190976f1ae61cece045fb76,2026-08-06
Q9UJ71,CLC4K_HUMAN,Q9UJ71,unclassified,active,true,,e22d7643ea01abd0dce415e74faf002186e13ae33190976f1ae61cece045fb76,2026-08-06
Q9H2X3,CLC4M_HUMAN,Q9H2X3,surface,active,true,,e22d7643ea01abd0dce415e74faf002186e13ae33190976f1ae61cece045fb76,2026-08-06
Q9NY25,CLC5A_HUMAN,Q9NY25,surface,active,true,,e22d7643ea01abd0dce415e74faf002186e13ae33190976f1ae61cece045fb76,2026-08-06
Q6EIG7,CLC6A_HUMAN,Q6EIG7,unclassified,active,true,,e22d7643ea01abd0dce415e74faf002186e13ae33190976f1ae61cece045fb76,2026-08-06
Q9BXN2,CLC7A_HUMAN,Q9BXN2,surface,active,true,,e22d7643ea01abd0dce415e74faf002186e13ae33190976f1ae61cece045fb76,2026-08-06
Q6UXN8,CLC9A_HUMAN,Q6UXN8,surface,active,true,,e22d7643ea01abd0dce415e74faf002186e13ae33190976f1ae61cece045fb76,2026-08-06
A8K7I4,CLCA1_HUMAN,A8K7I4,unclassified,active,true,,e22d7643ea01abd0dce415e74faf002186e13ae33190976f1ae61cece045fb76,2026-08-06
Q9UQC9,CLCA2_HUMAN,Q9UQC9,surface,active,true,,e22d7643ea01abd0dce415e74faf002186e13ae33190976f1ae61cece045fb76,2026-08-06
Q9Y6N3,CLCA3_HUMAN,Q9Y6N3,unclassified,inactive,false,uniprot_inactive,e22d7643ea01abd0dce415e74faf002186e13ae33190976f1ae61cece045fb76,2026-08-06
Q14CN2,CLCA4_HUMAN,Q14CN2,surface,active,true,,e22d7643ea01abd0dce415e74faf002186e13ae33190976f1ae61cece045fb76,2026-08-06
Q96S66,CLCC1_HUMAN,Q96S66,unclassified,active,true,,e22d7643ea01abd0dce415e74faf002186e13ae33190976f1ae61cece045fb76,2026-08-06
Q9UBD9,CLCF1_HUMAN,Q9UBD9,unclassified,active,true,,e22d7643ea01abd0dce415e74faf002186e13ae33190976f1ae61cece045fb76,2026-08-06
P51800,CLCKA_HUMAN,P51800,unclassified,active,true,,e22d7643ea01abd0dce415e74faf002186e13ae33190976f1ae61cece045fb76,2026-08-06
P51801,CLCKB_HUMAN,P51801,surface,active,true,,e22d7643ea01abd0dce415e74faf002186e13ae33190976f1ae61cece045fb76,2026-08-06
Q8IZS7,CLCL1_HUMAN,Q8IZS7,unclassified,active,true,,e22d7643ea01abd0dce415e74faf002186e13ae33190976f1ae61cece045fb76,2026-08-06
P35523,CLCN1_HUMAN,P35523,unclassified,active,true,,e22d7643ea01abd0dce415e74faf002186e13ae33190976f1ae61cece045fb76,2026-08-06
P51788,CLCN2_HUMAN,P51788,non_surface,active,true,,e22d7643ea01abd0dce415e74faf002186e13ae33190976f1ae61cece045fb76,2026-08-06
P51790,CLCN3_HUMAN,P51790,unclassified,active,true,,e22d7643ea01abd0dce415e74faf002186e13ae33190976f1ae61cece045fb76,2026-08-06
P51793,CLCN4_HUMAN,P51793,non_surface,active,true,,e22d7643ea01abd0dce415e74faf002186e13ae33190976f1ae61cece045fb76,2026-08-06
P51795,CLCN5_HUMAN,P51795,unclassified,active,true,,e22d7643ea01abd0dce415e74faf002186e13ae33190976f1ae61cece045fb76,2026-08-06
P51797,CLCN6_HUMAN,P51797,unclassified,active,true,,e22d7643ea01abd0dce415e74faf002186e13ae33190976f1ae61cece045fb76,2026-08-06
P51798,CLCN7_HUMAN,P51798,non_surface,active,true,,e22d7643ea01abd0dce415e74faf002186e13ae33190976f1ae61cece045fb76,2026-08-06
P78369,CLD10_HUMAN,P78369,surface,active,true,,e22d7643ea01abd0dce415e74faf002186e13ae33190976f1ae61cece045fb76,2026-08-06
O75508,CLD11_HUMAN,O75508,surface,active,true,,e22d7643ea01abd0dce415e74faf002186e13ae33190976f1ae61cece045fb76,2026-08-06
P56749,CLD12_HUMAN,P56749,surface,active,true,,e22d7643ea01abd0dce415e74faf002186e13ae33190976f1ae61cece045fb76,2026-08-06
O95500,CLD14_HUMAN,O95500,unclassified,active,true,,e22d7643ea01abd0dce415e74faf002186e13ae33190976f1ae61cece045fb76,2026-08-06
P56746,CLD15_HUMAN,P56746,surface,active,true,,e22d7643ea01abd0dce415e74faf002186e13ae33190976f1ae61cece045fb76,2026-08-06
Q9Y5I7,CLD16_HUMAN,Q9Y5I7,surface,active,true,,e22d7643ea01abd0dce415e74faf002186e13ae33190976f1ae61cece045fb76,2026-08-06
P56750,CLD17_HUMAN,P56750,unclassified,active,true,,e22d7643ea01abd0dce415e74faf002186e13ae33190976f1ae61cece045fb76,2026-08-06
P56856,CLD18_HUMAN,P56856,surface,active,true,,e22d7643ea01abd0dce415e74faf002186e13ae33190976f1ae61cece045fb76,2026-08-06
Q8N6F1,CLD19_HUMAN,Q8N6F1,surface,active,true,,e22d7643ea01abd0dce415e74faf002186e13ae33190976f1ae61cece045fb76,2026-08-06
O95832,CLD1_HUMAN,O95832,surface,active,true,,e22d7643ea01abd0dce415e74faf002186e13ae33190976f1ae61cece045fb76,2026-08-06
P56880,CLD20_HUMAN,P56880,surface,active,true,,e22d7643ea01abd0dce415e74faf002186e13ae33190976f1ae61cece045fb76,2026-08-06
Q8N7P3,CLD22_HUMAN,Q8N7P3,surface,active,true,,e22d7643ea01abd0dce415e74faf002186e13ae33190976f1ae61cece045fb76,2026-08-06
Q96B33,CLD23_HUMAN,Q96B33,unclassified,active,true,,e22d7643ea01abd0dce415e74faf002186e13ae33190976f1ae61cece045fb76,2026-08-06
A6NM45,CLD24_HUMAN,A6NM45,surface,active,true,,e22d7643ea01abd0dce415e74faf002186e13ae33190976f1ae61cece045fb76,2026-08-06
C9JDP6,CLD25_HUMAN,C9JDP6,non_surface,active,true,,e22d7643ea01abd0dce415e74faf002186e13ae33190976f1ae61cece045fb76,2026-08-06
P57739,CLD2_HUMAN,P57739,surface,active,true,,e22d7643ea01abd0dce415e74faf002186e13ae33190976f1ae61cece045fb76,2026-08-06
O15551,CLD3_HUMAN,O15551,surface,active,true,,e22d7643ea01abd0dce415e74faf002186e13ae33190976f1ae61cece045fb76,2026-08-06
O14493,CLD4_HUMAN,O14493,surface,active,true,,e22d7643ea01abd0dce415e74faf002186e13ae33190976f1ae61cece045fb76,2026-08-06
O00501,CLD5_HUMAN,O00501,unclassified,active,true,,e22d7643ea01abd0dce415e74faf002186e13ae33190976f1ae61cece045fb76,2026-08-06
P56747,CLD6_HUMAN,P56747,surface,active,true,,e22d7643ea01abd0dce415e74faf002186e13ae33190976f1ae61cece045fb76,2026-08-06
O95471,CLD7_HUMAN,O95471,surface,active,true,,e22d7643ea01abd0dce415e74faf002186e13ae33190976f1ae61cece045fb76,2026-08-06
P56748,CLD8_HUMAN,P56748,surface,active,true,,e22d7643ea01abd0dce415e74faf002186e13ae33190976f1ae61cece045fb76,2026-08-06
O95484,CLD9_HUMAN,O95484,surface,active,true,,e22d7643ea01abd0dce415e74faf002186e13ae33190976f1ae61cece045fb76,2026-08-06
Q9NY35,CLDN1_HUMAN,Q9NY35,surface,active,true,,e22d7643ea01abd0dce415e74faf002186e13ae33190976f1ae61cece045fb76,2026-08-06
Q8NHS1,CLDN2_HUMAN,Q8NHS1,unclassified,active,true,,e22d7643ea01abd0dce415e74faf002186e13ae33190976f1ae61cece045fb76,2026-08-06
O14967,CLGN_HUMAN,O14967,non_surface,active,true,,e22d7643ea01abd0dce415e74faf002186e13ae33190976f1ae61cece045fb76,2026-08-06
Q8TDQ1,CLM1_HUMAN,Q8TDQ1,surface,active,true,,e22d7643ea01abd0dce415e74faf002186e13ae33190976f1ae61cece045fb76,2026-08-06
Q496F6,CLM2_HUMAN,Q496F6,surface,active,true,,e22d7643ea01abd0dce415e74faf002186e13ae33190976f1ae61cece045fb76,2026-08-06
Q6UXZ3,CLM4_HUMAN,Q6UXZ3,surface,active,true,,e22d7643ea01abd0dce415e74faf002186e13ae33190976f1ae61cece045fb76,2026-08-06
Q08708,CLM6_HUMAN,Q08708,surface,active,true,,e22d7643ea01abd0dce415e74faf002186e13ae33190976f1ae61cece045fb76,2026-08-06
A8K4G0,CLM7_HUMAN,A8K4G0,unclassified,active,true,,e22d7643ea01abd0dce415e74faf002186e13ae33190976f1ae61cece045fb76,2026-08-06
Q9UGN4,CLM8_HUMAN,Q9UGN4,surface,active,true,,e22d7643ea01abd0dce415e74faf002186e13ae33190976f1ae61cece045fb76,2026-08-06
Q6UXG3,CLM9_HUMAN,Q6UXG3,surface,active,true,,e22d7643ea01abd0dce415e74faf002186e13ae33190976f1ae61cece045fb76,2026-08-06
Q96JQ2,CLMN_HUMAN,Q96JQ2,non_surface,active,true,,e22d7643ea01abd0dce415e74faf002186e13ae33190976f1ae61cece045fb76,2026-08-06
Q9H6B4,CLMP_HUMAN,Q9H6B4,surface,active,true,,e22d7643ea01abd0dce415e74faf002186e13ae33190976f1ae61cece045fb76,2026-08-06
Q13286,CLN3_HUMAN,Q13286,surface,active,true,,e22d7643ea01abd0dce415e74faf002186e13ae33190976f1ae61cece045fb76,2026-08-06
O75503,CLN5_HUMAN,O75503,unclassified,active,true,,e22d7643ea01abd0dce415e74faf002186e13ae33190976f1ae61cece045fb76,2026-08-06
Q9NWW5,CLN6_HUMAN,Q9NWW5,non_surface,active,true,,e22d7643ea01abd0dce415e74faf002186e13ae33190976f1ae61cece045fb76,2026-08-06
Q9UBY8,CLN8_HUMAN,Q9UBY8,non_surface,active,true,,e22d7643ea01abd0dce415e74faf002186e13ae33190976f1ae61cece045fb76,2026-08-06
Q96KA5,CLP1L_HUMAN,Q96KA5,non_surface,active,true,,e22d7643ea01abd0dce415e74faf002186e13ae33190976f1ae61cece045fb76,2026-08-06
O96005,CLPT1_HUMAN,O96005,unclassified,active,true,,e22d7643ea01abd0dce415e74faf002186e13ae33190976f1ae61cece045fb76,2026-08-06
O76031,CLPX_HUMAN,O76031,unclassified,active,true,,e22d7643ea01abd0dce415e74faf002186e13ae33190976f1ae61cece045fb76,2026-08-06
P58418,CLRN1_HUMAN,P58418,surface,active,true,,e22d7643ea01abd0dce415e74faf002186e13ae33190976f1ae61cece045fb76,2026-08-06
A0PK11,CLRN2_HUMAN,A0PK11,surface,active,true,,e22d7643ea01abd0dce415e74faf002186e13ae33190976f1ae61cece045fb76,2026-08-06
Q8NCR9,CLRN3_HUMAN,Q8NCR9,unclassified,active,true,,e22d7643ea01abd0dce415e74faf002186e13ae33190976f1ae61cece045fb76,2026-08-06
Q9Y271,CLTR1_HUMAN,Q9Y271,surface,active,true,,e22d7643ea01abd0dce415e74faf002186e13ae33190976f1ae61cece045fb76,2026-08-06
Q9NS75,CLTR2_HUMAN,Q9NS75,surface,active,true,,e22d7643ea01abd0dce415e74faf002186e13ae33190976f1ae61cece045fb76,2026-08-06
Q15846,CLUL1_HUMAN,Q15846,unclassified,active,true,,e22d7643ea01abd0dce415e74faf002186e13ae33190976f1ae61cece045fb76,2026-08-06
P10909,CLUS_HUMAN,P10909,unclassified,active,true,,e22d7643ea01abd0dce415e74faf002186e13ae33190976f1ae61cece045fb76,2026-08-06
O75153,CLU_HUMAN,O75153,non_surface,active,true,,e22d7643ea01abd0dce415e74faf002186e13ae33190976f1ae61cece045fb76,2026-08-06
Q8N0X4,CLYBL_HUMAN,Q8N0X4,unclassified,active,true,,e22d7643ea01abd0dce415e74faf002186e13ae33190976f1ae61cece045fb76,2026-08-06
P23946,CMA1_HUMAN,P23946,unclassified,active,true,,e22d7643ea01abd0dce415e74faf002186e13ae33190976f1ae61cece045fb76,2026-08-06
P10645,CMGA_HUMAN,P10645,unclassified,active,true,,e22d7643ea01abd0dce415e74faf002186e13ae33190976f1ae61cece045fb76,2026-08-06
Q99788,CML1_HUMAN,Q99788,surface,active,true,,e22d7643ea01abd0dce415e74faf002186e13ae33190976f1ae61cece045fb76,2026-08-06
Q86VU5,CMTD1_HUMAN,Q86VU5,non_surface,active,true,,e22d7643ea01abd0dce415e74faf002186e13ae33190976f1ae61cece045fb76,2026-08-06
Q8IYT2,CMTR2_HUMAN,Q8IYT2,non_surface,active,true,,e22d7643ea01abd0dce415e74faf002186e13ae33190976f1ae61cece045fb76,2026-08-06
Q86TY3,CN037_HUMAN,Q86TY3,surface,active,true,,e22d7643ea01abd0dce415e74faf002186e13ae33190976f1ae61cece045fb76,2026-08-06
Q9H972,CN093_HUMAN,Q9H972,unclassified,active,true,,e22d7643ea01abd0dce415e74faf002186e13ae33190976f1ae61cece045fb76,2026-08-06
Q9NPU4,CN132_HUMAN,Q9NPU4,surface,active,true,,e22d7643ea01abd0dce415e74faf002186e13ae33190976f1ae61cece045fb76,2026-08-06
Q96I85,CN144_HUMAN,Q96I85,unclassified,inactive,false,uniprot_inactive,e22d7643ea01abd0dce415e74faf002186e13ae33190976f1ae61cece045fb76,2026-08-06
Q86U02,CN165_HUMAN,Q86U02,non_surface,active,true,,e22d7643ea01abd0dce415e74faf002186e13ae33190976f1ae61cece045fb76,2026-08-06
Q8NA66,CNBD1_HUMAN,Q8NA66,unclassified,active,true,,e22d7643ea01abd0dce415e74faf002186e13ae33190976f1ae61cece045fb76,2026-08-06
Q86XI2,CNDG2_HUMAN,Q86XI2,non_surface,active,true,,e22d7643ea01abd0dce415e74faf002186e13ae33190976f1ae61cece045fb76,2026-08-06
Q96KN2,CNDP1_HUMAN,Q96KN2,unclassified,active,true,,e22d7643ea01abd0dce415e74faf002186e13ae33190976f1ae61cece045fb76,2026-08-06
O95476,CNEP1_HUMAN,O95476,unclassified,active,true,,e22d7643ea01abd0dce415e74faf002186e13ae33190976f1ae61cece045fb76,2026-08-06
Q8IZM0,CNG1O_HUMAN,Q8IZM0,non_surface,active,true,,e22d7643ea01abd0dce415e74faf002186e13ae33190976f1ae61cece045fb76,2026-08-06
P29973,CNGA1_HUMAN,P29973,non_surface,active,true,,e22d7643ea01abd0dce415e74faf002186e13ae33190976f1ae61cece045fb76,2026-08-06
Q16280,CNGA2_HUMAN,Q16280,non_surface,active,true,,e22d7643ea01abd0dce415e74faf002186e13ae33190976f1ae61cece045fb76,2026-08-06
Q16281,CNGA3_HUMAN,Q16281,non_surface,active,true,,e22d7643ea01abd0dce415e74faf002186e13ae33190976f1ae61cece045fb76,2026-08-06
Q8IV77,CNGA4_HUMAN,Q8IV77,non_surface,active,true,,e22d7643ea01abd0dce415e74faf002186e13ae33190976f1ae61cece045fb76,2026-08-06
Q14028,CNGB1_HUMAN,Q14028,non_surface,active,true,,e22d7643ea01abd0dce415e74faf002186e13ae33190976f1ae61cece045fb76,2026-08-06
Q9NQW8,CNGB3_HUMAN,Q9NQW8,non_surface,active,true,,e22d7643ea01abd0dce415e74faf002186e13ae33190976f1ae61cece045fb76,2026-08-06
O95406,CNIH1_HUMAN,O95406,non_surface,active,true,,e22d7643ea01abd0dce415e74faf002186e13ae33190976f1ae61cece045fb76,2026-08-06
Q6PI25,CNIH2_HUMAN,Q6PI25,non_surface,active,true,,e22d7643ea01abd0dce415e74faf002186e13ae33190976f1ae61cece045fb76,2026-08-06
Q8TBE1,CNIH3_HUMAN,Q8TBE1,non_surface,active,true,,e22d7643ea01abd0dce415e74faf002186e13ae33190976f1ae61cece045fb76,2026-08-06
Q9P003,CNIH4_HUMAN,Q9P003,non_surface,active,true,,e22d7643ea01abd0dce415e74faf002186e13ae33190976f1ae61cece045fb76,2026-08-06
Q9NRU3,CNNM1_HUMAN,Q9NRU3,unclassified,active,true,,e22d7643ea01abd0dce415e74faf002186e13ae33190976f1ae61cece045fb76,2026-08-06
Q9H8M5,CNNM2_HUMAN,Q9H8M5,surface,active,true,,e22d7643ea01abd0dce415e74faf002186e13ae33190976f1ae61cece045fb76,2026-08-06
Q8NE01,CNNM3_HUMAN,Q8NE01,surface,active,true,,e22d7643ea01abd0dce415e74faf002186e13ae33190976f1ae61cece045fb76,2026-08-06
Q6P4Q7,CNNM4_HUMAN,Q6P4Q7,surface,active,true,,e22d7643ea01abd0dce415e74faf002186e13ae33190976f1ae61cece045fb76,2026-08-06
Q9BV87,CNPD1_HUMAN,Q9BV87,unclassified,active,true,,e22d7643ea01abd0dce415e74faf002186e13ae33190976f1ae61cece045fb76,2026-08-06
Q9Y2B0,CNPY2_HUMAN,Q9Y2B0,unclassified,active,true,,e22d7643ea01abd0dce415e74faf002186e13ae33190976f1ae61cece045fb76,2026-08-06
Q9BT09,CNPY3_HUMAN,Q9BT09,unclassified,active,true,,e22d7643ea01abd0dce415e74faf002186e13ae33190976f1ae61cece045fb76,2026-08-06
Q8N129,CNPY4_HUMAN,Q8N129,unclassified,active,true,,e22d7643ea01abd0dce415e74faf002186e13ae33190976f1ae61cece045fb76,2026-08-06
P21554,CNR1_HUMAN,P21554,surface,active,true,,e22d7643ea01abd0dce415e74faf002186e13ae33190976f1ae61cece045fb76,2026-08-06
P34972,CNR2_HUMAN,P34972,surface,active,true,,e22d7643ea01abd0dce415e74faf002186e13ae33190976f1ae61cece045fb76,2026-08-06
Q6PJW8,CNST_HUMAN,Q6PJW8,non_surface,active,true,,e22d7643ea01abd0dce415e74faf002186e13ae33190976f1ae61cece045fb76,2026-08-06
Q96NU0,CNT3B_HUMAN,Q96NU0,surface,active,true,,e22d7643ea01abd0dce415e74faf002186e13ae33190976f1ae61cece045fb76,2026-08-06
P26992,CNTFR_HUMAN,P26992,surface,active,true,,e22d7643ea01abd0dce415e74faf002186e13ae33190976f1ae61cece045fb76,2026-08-06
Q12860,CNTN1_HUMAN,Q12860,surface,active,true,,e22d7643ea01abd0dce415e74faf002186e13ae33190976f1ae61cece045fb76,2026-08-06
Q02246,CNTN2_HUMAN,Q02246,surface,active,true,,e22d7643ea01abd0dce415e74faf002186e13ae33190976f1ae61cece045fb76,2026-08-06
Q9P232,CNTN3_HUMAN,Q9P232,surface,active,true,,e22d7643ea01abd0dce415e74faf002186e13ae33190976f1ae61cece045fb76,2026-08-06
Q8IWV2,CNTN4_HUMAN,Q8IWV2,surface,active,true,,e22d7643ea01abd0dce415e74faf002186e13ae33190976f1ae61cece045fb76,2026-08-06
O94779,CNTN5_HUMAN,O94779,surface,active,true,,e22d7643ea01abd0dce415e74faf002186e13ae33190976f1ae61cece045fb76,2026-08-06
Q9UQ52,CNTN6_HUMAN,Q9UQ52,surface,active,true,,e22d7643ea01abd0dce415e74faf002186e13ae33190976f1ae61cece045fb76,2026-08-06
P78357,CNTP1_HUMAN,P78357,surface,active,true,,e22d7643ea01abd0dce415e74faf002186e13ae33190976f1ae61cece045fb76,2026-08-06
Q9UHC6,CNTP2_HUMAN,Q9UHC6,surface,active,true,,e22d7643ea01abd0dce415e74faf002186e13ae33190976f1ae61cece045fb76,2026-08-06
Q9BZ76,CNTP3_HUMAN,Q9BZ76,surface,active,true,,e22d7643ea01abd0dce415e74faf002186e13ae33190976f1ae61cece045fb76,2026-08-06
Q9C0A0,CNTP4_HUMAN,Q9C0A0,surface,active,true,,e22d7643ea01abd0dce415e74faf002186e13ae33190976f1ae61cece045fb76,2026-08-06
Q8WYK1,CNTP5_HUMAN,Q8WYK1,surface,active,true,,e22d7643ea01abd0dce415e74faf002186e13ae33190976f1ae61cece045fb76,2026-08-06
Q2M3C6,CO027_HUMAN,Q2M3C6,unclassified,active,true,,e22d7643ea01abd0dce415e74faf002186e13ae33190976f1ae61cece045fb76,2026-08-06
Q32M92,CO032_HUMAN,Q32M92,non_surface,active,true,,e22d7643ea01abd0dce415e74faf002186e13ae33190976f1ae61cece045fb76,2026-08-06
Q8N8G6,CO054_HUMAN,Q8N8G6,non_surface,active,true,,e22d7643ea01abd0dce415e74faf002186e13ae33190976f1ae61cece045fb76,2026-08-06
A6NNL5,CO061_HUMAN,A6NNL5,unclassified,active,true,,e22d7643ea01abd0dce415e74faf002186e13ae33190976f1ae61cece045fb76,2026-08-06
P02452,CO1A1_HUMAN,P02452,unclassified,active,true,,e22d7643ea01abd0dce415e74faf002186e13ae33190976f1ae61cece045fb76,2026-08-06
P08123,CO1A2_HUMAN,P08123,unclassified,active,true,,e22d7643ea01abd0dce415e74faf002186e13ae33190976f1ae61cece045fb76,2026-08-06
P02458,CO2A1_HUMAN,P02458,unclassified,active,true,,e22d7643ea01abd0dce415e74faf002186e13ae33190976f1ae61cece045fb76,2026-08-06
P06681,CO2_HUMAN,P06681,unclassified,active,true,,e22d7643ea01abd0dce415e74faf002186e13ae33190976f1ae61cece045fb76,2026-08-06
P02461,CO3A1_HUMAN,P02461,unclassified,active,true,,e22d7643ea01abd0dce415e74faf002186e13ae33190976f1ae61cece045fb76,2026-08-06
P01024,CO3_HUMAN,P01024,unclassified,active,true,,e22d7643ea01abd0dce415e74faf002186e13ae33190976f1ae61cece045fb76,2026-08-06
P02462,CO4A1_HUMAN,P02462,unclassified,active,true,,e22d7643ea01abd0dce415e74faf002186e13ae33190976f1ae61cece045fb76,2026-08-06
P08572,CO4A2_HUMAN,P08572,unclassified,active,true,,e22d7643ea01abd0dce415e74faf002186e13ae33190976f1ae61cece045fb76,2026-08-06
Q01955,CO4A3_HUMAN,Q01955,unclassified,active,true,,e22d7643ea01abd0dce415e74faf002186e13ae33190976f1ae61cece045fb76,2026-08-06
P53420,CO4A4_HUMAN,P53420,unclassified,active,true,,e22d7643ea01abd0dce415e74faf002186e13ae33190976f1ae61cece045fb76,2026-08-06
P29400,CO4A5_HUMAN,P29400,unclassified,active,true,,e22d7643ea01abd0dce415e74faf002186e13ae33190976f1ae61cece045fb76,2026-08-06
Q14031,CO4A6_HUMAN,Q14031,unclassified,active,true,,e22d7643ea01abd0dce415e74faf002186e13ae33190976f1ae61cece045fb76,2026-08-06
P0C0L4,CO4A_HUMAN,P0C0L4,unclassified,active,true,,e22d7643ea01abd0dce415e74faf002186e13ae33190976f1ae61cece045fb76,2026-08-06
P0C0L5,CO4B_HUMAN,P0C0L5,unclassified,active,true,,e22d7643ea01abd0dce415e74faf002186e13ae33190976f1ae61cece045fb76,2026-08-06
P20908,CO5A1_HUMAN,P20908,unclassified,active,true,,e22d7643ea01abd0dce415e74faf002186e13ae33190976f1ae61cece045fb76,2026-08-06
P05997,CO5A2_HUMAN,P05997,unclassified,active,true,,e22d7643ea01abd0dce415e74faf002186e13ae33190976f1ae61cece045fb76,2026-08-06
P25940,CO5A3_HUMAN,P25940,unclassified,active,true,,e22d7643ea01abd0dce415e74faf002186e13ae33190976f1ae61cece045fb76,2026-08-06
P01031,CO5_HUMAN,P01031,unclassified,active,true,,e22d7643ea01abd0dce415e74faf002186e13ae33190976f1ae61cece045fb76,2026-08-06
P12109,CO6A1_HUMAN,P12109,unclassified,active,true,,e22d7643ea01abd0dce415e74faf002186e13ae33190976f1ae61cece045fb76,2026-08-06
P12110,CO6A2_HUMAN,P12110,unclassified,active,true,,e22d7643ea01abd0dce415e74faf002186e13ae33190976f1ae61cece045fb76,2026-08-06
P12111,CO6A3_HUMAN,P12111,unclassified,active,true,,e22d7643ea01abd0dce415e74faf002186e13ae33190976f1ae61cece045fb76,2026-08-06
A8TX70,CO6A5_HUMAN,A8TX70,unclassified,active,true,,e22d7643ea01abd0dce415e74faf002186e13ae33190976f1ae61cece045fb76,2026-08-06
A6NMZ7,CO6A6_HUMAN,A6NMZ7,unclassified,active,true,,e22d7643ea01abd0dce415e74faf002186e13ae33190976f1ae61cece045fb76,2026-08-06
P13671,CO6_HUMAN,P13671,unclassified,active,true,,e22d7643ea01abd0dce415e74faf002186e13ae33190976f1ae61cece045fb76,2026-08-06
Q02388,CO7A1_HUMAN,Q02388,unclassified,active,true,,e22d7643ea01abd0dce415e74faf002186e13ae33190976f1ae61cece045fb76,2026-08-06
P10643,CO7_HUMAN,P10643,unclassified,active,true,,e22d7643ea01abd0dce415e74faf002186e13ae33190976f1ae61cece045fb76,2026-08-06
P27658,CO8A1_HUMAN,P27658,unclassified,active,true,,e22d7643ea01abd0dce415e74faf002186e13ae33190976f1ae61cece045fb76,2026-08-06
P25067,CO8A2_HUMAN,P25067,unclassified,active,true,,e22d7643ea01abd0dce415e74faf002186e13ae33190976f1ae61cece045fb76,2026-08-06
P07357,CO8A_HUMAN,P07357,unclassified,active,true,,e22d7643ea01abd0dce415e74faf002186e13ae33190976f1ae61cece045fb76,2026-08-06
P07358,CO8B_HUMAN,P07358,unclassified,active,true,,e22d7643ea01abd0dce415e74faf002186e13ae33190976f1ae61cece045fb76,2026-08-06
P07360,CO8G_HUMAN,P07360,unclassified,active,true,,e22d7643ea01abd0dce415e74faf002186e13ae33190976f1ae61cece045fb76,2026-08-06
P20849,CO9A1_HUMAN,P20849,unclassified,active,true,,e22d7643ea01abd0dce415e74faf002186e13ae33190976f1ae61cece045fb76,2026-08-06
Q14055,CO9A2_HUMAN,Q14055,unclassified,active,true,,e22d7643ea01abd0dce415e74faf002186e13ae33190976f1ae61cece045fb76,2026-08-06
Q14050,CO9A3_HUMAN,Q14050,unclassified,active,true,,e22d7643ea01abd0dce415e74faf002186e13ae33190976f1ae61cece045fb76,2026-08-06
P02748,CO9_HUMAN,P02748,unclassified,active,true,,e22d7643ea01abd0dce415e74faf002186e13ae33190976f1ae61cece045fb76,2026-08-06
Q9GZY4,COA1_HUMAN,Q9GZY4,non_surface,active,true,,e22d7643ea01abd0dce415e74faf002186e13ae33190976f1ae61cece045fb76,2026-08-06
Q9Y2R0,COA3_HUMAN,Q9Y2R0,non_surface,active,true,,e22d7643ea01abd0dce415e74faf002186e13ae33190976f1ae61cece045fb76,2026-08-06
Q03692,COAA1_HUMAN,Q03692,unclassified,active,true,,e22d7643ea01abd0dce415e74faf002186e13ae33190976f1ae61cece045fb76,2026-08-06
Q13057,COASY_HUMAN,Q13057,unclassified,active,true,,e22d7643ea01abd0dce415e74faf002186e13ae33190976f1ae61cece045fb76,2026-08-06
P12107,COBA1_HUMAN,P12107,unclassified,active,true,,e22d7643ea01abd0dce415e74faf002186e13ae33190976f1ae61cece045fb76,2026-08-06
P13942,COBA2_HUMAN,P13942,unclassified,active,true,,e22d7643ea01abd0dce415e74faf002186e13ae33190976f1ae61cece045fb76,2026-08-06
Q99715,COCA1_HUMAN,Q99715,unclassified,active,true,,e22d7643ea01abd0dce415e74faf002186e13ae33190976f1ae61cece045fb76,2026-08-06
O43405,COCH_HUMAN,O43405,unclassified,active,true,,e22d7643ea01abd0dce415e74faf002186e13ae33190976f1ae61cece045fb76,2026-08-06
Q5TAT6,CODA1_HUMAN,Q5TAT6,non_surface,active,true,,e22d7643ea01abd0dce415e74faf002186e13ae33190976f1ae61cece045fb76,2026-08-06
Q05707,COEA1_HUMAN,Q05707,unclassified,active,true,,e22d7643ea01abd0dce415e74faf002186e13ae33190976f1ae61cece045fb76,2026-08-06
P39059,COFA1_HUMAN,P39059,unclassified,active,true,,e22d7643ea01abd0dce415e74faf002186e13ae33190976f1ae61cece045fb76,2026-08-06
Q96JB2,COG3_HUMAN,Q96JB2,unclassified,active,true,,e22d7643ea01abd0dce415e74faf002186e13ae33190976f1ae61cece045fb76,2026-08-06
Q96MW5,COG8_HUMAN,Q96MW5,unclassified,active,true,,e22d7643ea01abd0dce415e74faf002186e13ae33190976f1ae61cece045fb76,2026-08-06
Q07092,COGA1_HUMAN,Q07092,unclassified,active,true,,e22d7643ea01abd0dce415e74faf002186e13ae33190976f1ae61cece045fb76,2026-08-06
Q9UMD9,COHA1_HUMAN,Q9UMD9,non_surface,active,true,,e22d7643ea01abd0dce415e74faf002186e13ae33190976f1ae61cece045fb76,2026-08-06
P39060,COIA1_HUMAN,P39060,unclassified,active,true,,e22d7643ea01abd0dce415e74faf002186e13ae33190976f1ae61cece045fb76,2026-08-06
Q14993,COJA1_HUMAN,Q14993,unclassified,active,true,,e22d7643ea01abd0dce415e74faf002186e13ae33190976f1ae61cece045fb76,2026-08-06
Q9P218,COKA1_HUMAN,Q9P218,unclassified,active,true,,e22d7643ea01abd0dce415e74faf002186e13ae33190976f1ae61cece045fb76,2026-08-06
Q9Y6Z7,COL10_HUMAN,Q9Y6Z7,unclassified,active,true,,e22d7643ea01abd0dce415e74faf002186e13ae33190976f1ae61cece045fb76,2026-08-06
Q9BWP8,COL11_HUMAN,Q9BWP8,unclassified,active,true,,e22d7643ea01abd0dce415e74faf002186e13ae33190976f1ae61cece045fb76,2026-08-06
Q5KU26,COL12_HUMAN,Q5KU26,unclassified,active,true,,e22d7643ea01abd0dce415e74faf002186e13ae33190976f1ae61cece045fb76,2026-08-06
Q96P44,COLA1_HUMAN,Q96P44,unclassified,active,true,,e22d7643ea01abd0dce415e74faf002186e13ae33190976f1ae61cece045fb76,2026-08-06
Q6ZS62,COLC1_HUMAN,Q6ZS62,non_surface,active,true,,e22d7643ea01abd0dce415e74faf002186e13ae33190976f1ae61cece045fb76,2026-08-06
P01189,COLI_HUMAN,P01189,unclassified,active,true,,e22d7643ea01abd0dce415e74faf002186e13ae33190976f1ae61cece045fb76,2026-08-06
A2RUU4,COLL1_HUMAN,A2RUU4,unclassified,active,true,,e22d7643ea01abd0dce415e74faf002186e13ae33190976f1ae61cece045fb76,2026-08-06
Q6UWE3,COLL2_HUMAN,Q6UWE3,unclassified,active,true,,e22d7643ea01abd0dce415e74faf002186e13ae33190976f1ae61cece045fb76,2026-08-06
Q9Y215,COLQ_HUMAN,Q9Y215,unclassified,active,true,,e22d7643ea01abd0dce415e74faf002186e13ae33190976f1ae61cece045fb76,2026-08-06
P04118,COL_HUMAN,P04118,unclassified,active,true,,e22d7643ea01abd0dce415e74faf002186e13ae33190976f1ae61cece045fb76,2026-08-06
Q8NFW1,COMA1_HUMAN,Q8NFW1,unclassified,active,true,,e22d7643ea01abd0dce415e74faf002186e13ae33190976f1ae61cece045fb76,2026-08-06
P49747,COMP_HUMAN,P49747,unclassified,active,true,,e22d7643ea01abd0dce415e74faf002186e13ae33190976f1ae61cece045fb76,2026-08-06
P21964,COMT_HUMAN,P21964,unclassified,active,true,,e22d7643ea01abd0dce415e74faf002186e13ae33190976f1ae61cece045fb76,2026-08-06
Q86Y22,CONA1_HUMAN,Q86Y22,non_surface,active,true,,e22d7643ea01abd0dce415e74faf002186e13ae33190976f1ae61cece045fb76,2026-08-06
Q17RW2,COOA1_HUMAN,Q17RW2,unclassified,active,true,,e22d7643ea01abd0dce415e74faf002186e13ae33190976f1ae61cece045fb76,2026-08-06
Q9BXS0,COPA1_HUMAN,Q9BXS0,non_surface,active,true,,e22d7643ea01abd0dce415e74faf002186e13ae33190976f1ae61cece045fb76,2026-08-06
P48444,COPD_HUMAN,P48444,unclassified,active,true,,e22d7643ea01abd0dce415e74faf002186e13ae33190976f1ae61cece045fb76,2026-08-06
O15431,COPT1_HUMAN,O15431,surface,active,true,,e22d7643ea01abd0dce415e74faf002186e13ae33190976f1ae61cece045fb76,2026-08-06
O15432,COPT2_HUMAN,O15432,non_surface,active,true,,e22d7643ea01abd0dce415e74faf002186e13ae33190976f1ae61cece045fb76,2026-08-06
Q96H96,COQ2_HUMAN,Q96H96,non_surface,active,true,,e22d7643ea01abd0dce415e74faf002186e13ae33190976f1ae61cece045fb76,2026-08-06
Q96A83,COQA1_HUMAN,Q96A83,unclassified,active,true,,e22d7643ea01abd0dce415e74faf002186e13ae33190976f1ae61cece045fb76,2026-08-06
Q8IZC6,CORA1_HUMAN,Q8IZC6,unclassified,active,true,,e22d7643ea01abd0dce415e74faf002186e13ae33190976f1ae61cece045fb76,2026-08-06
Q9Y5Q5,CORIN_HUMAN,Q9Y5Q5,surface,active,true,,e22d7643ea01abd0dce415e74faf002186e13ae33190976f1ae61cece045fb76,2026-08-06
O00230,CORT_HUMAN,O00230,unclassified,active,true,,e22d7643ea01abd0dce415e74faf002186e13ae33190976f1ae61cece045fb76,2026-08-06
Q2UY09,COSA1_HUMAN,Q2UY09,unclassified,active,true,,e22d7643ea01abd0dce415e74faf002186e13ae33190976f1ae61cece045fb76,2026-08-06
Q12887,COX10_HUMAN,Q12887,non_surface,active,true,,e22d7643ea01abd0dce415e74faf002186e13ae33190976f1ae61cece045fb76,2026-08-06
Q9Y6N1,COX11_HUMAN,Q9Y6N1,non_surface,active,true,,e22d7643ea01abd0dce415e74faf002186e13ae33190976f1ae61cece045fb76,2026-08-06
Q96I36,COX14_HUMAN,Q96I36,non_surface,active,true,,e22d7643ea01abd0dce415e74faf002186e13ae33190976f1ae61cece045fb76,2026-08-06
Q7KZN9,COX15_HUMAN,Q7KZN9,non_surface,active,true,,e22d7643ea01abd0dce415e74faf002186e13ae33190976f1ae61cece045fb76,2026-08-06
Q9P0S2,COX16_HUMAN,Q9P0S2,unclassified,active,true,,e22d7643ea01abd0dce415e74faf002186e13ae33190976f1ae61cece045fb76,2026-08-06
Q8N8Q8,COX18_HUMAN,Q8N8Q8,non_surface,active,true,,e22d7643ea01abd0dce415e74faf002186e13ae33190976f1ae61cece045fb76,2026-08-06
P00395,COX1_HUMAN,P00395,non_surface,active,true,,e22d7643ea01abd0dce415e74faf002186e13ae33190976f1ae61cece045fb76,2026-08-06
Q5RI15,COX20_HUMAN,Q5RI15,non_surface,active,true,,e22d7643ea01abd0dce415e74faf002186e13ae33190976f1ae61cece045fb76,2026-08-06
P00403,COX2_HUMAN,P00403,non_surface,active,true,,e22d7643ea01abd0dce415e74faf002186e13ae33190976f1ae61cece045fb76,2026-08-06
P00414,COX3_HUMAN,P00414,non_surface,active,true,,e22d7643ea01abd0dce415e74faf002186e13ae33190976f1ae61cece045fb76,2026-08-06
P13073,COX41_HUMAN,P13073,non_surface,active,true,,e22d7643ea01abd0dce415e74faf002186e13ae33190976f1ae61cece045fb76,2026-08-06
Q96KJ9,COX42_HUMAN,Q96KJ9,non_surface,active,true,,e22d7643ea01abd0dce415e74faf002186e13ae33190976f1ae61cece045fb76,2026-08-06
P10606,COX5B_HUMAN,P10606,unclassified,active,true,,e22d7643ea01abd0dce415e74faf002186e13ae33190976f1ae61cece045fb76,2026-08-06
P09669,COX6C_HUMAN,P09669,non_surface,active,true,,e22d7643ea01abd0dce415e74faf002186e13ae33190976f1ae61cece045fb76,2026-08-06
P24311,COX7B_HUMAN,P24311,non_surface,active,true,,e22d7643ea01abd0dce415e74faf002186e13ae33190976f1ae61cece045fb76,2026-08-06
P15954,COX7C_HUMAN,P15954,non_surface,active,true,,e22d7643ea01abd0dce415e74faf002186e13ae33190976f1ae61cece045fb76,2026-08-06
O14548,COX7R_HUMAN,O14548,non_surface,active,true,,e22d7643ea01abd0dce415e74faf002186e13ae33190976f1ae61cece045fb76,2026-08-06
O60397,COX7S_HUMAN,O60397,non_surface,active,true,,e22d7643ea01abd0dce415e74faf002186e13ae33190976f1ae61cece045fb76,2026-08-06
P10176,COX8A_HUMAN,P10176,non_surface,active,true,,e22d7643ea01abd0dce415e74faf002186e13ae33190976f1ae61cece045fb76,2026-08-06
Q7Z4L0,COX8C_HUMAN,Q7Z4L0,non_surface,active,true,,e22d7643ea01abd0dce415e74faf002186e13ae33190976f1ae61cece045fb76,2026-08-06
Q8NHV5,CP052_HUMAN,Q8NHV5,surface,active,true,,e22d7643ea01abd0dce415e74faf002186e13ae33190976f1ae61cece045fb76,2026-08-06
Q6UWD8,CP054_HUMAN,Q6UWD8,non_surface,active,true,,e22d7643ea01abd0dce415e74faf002186e13ae33190976f1ae61cece045fb76,2026-08-06
Q6UX73,CP089_HUMAN,Q6UX73,unclassified,active,true,,e22d7643ea01abd0dce415e74faf002186e13ae33190976f1ae61cece045fb76,2026-08-06
Q96LL3,CP092_HUMAN,Q96LL3,non_surface,active,true,,e22d7643ea01abd0dce415e74faf002186e13ae33190976f1ae61cece045fb76,2026-08-06
H3BN30,CP097_HUMAN,H3BN30,non_surface,inactive,false,uniprot_inactive,e22d7643ea01abd0dce415e74faf002186e13ae33190976f1ae61cece045fb76,2026-08-06
P05093,CP17A_HUMAN,P05093,unclassified,active,true,,e22d7643ea01abd0dce415e74faf002186e13ae33190976f1ae61cece045fb76,2026-08-06
P11511,CP19A_HUMAN,P11511,non_surface,active,true,,e22d7643ea01abd0dce415e74faf002186e13ae33190976f1ae61cece045fb76,2026-08-06
P04798,CP1A1_HUMAN,P04798,unclassified,active,true,,e22d7643ea01abd0dce415e74faf002186e13ae33190976f1ae61cece045fb76,2026-08-06
P05177,CP1A2_HUMAN,P05177,non_surface,active,true,,e22d7643ea01abd0dce415e74faf002186e13ae33190976f1ae61cece045fb76,2026-08-06
Q16678,CP1B1_HUMAN,Q16678,non_surface,active,true,,e22d7643ea01abd0dce415e74faf002186e13ae33190976f1ae61cece045fb76,2026-08-06
Q6UW02,CP20A_HUMAN,Q6UW02,unclassified,active,true,,e22d7643ea01abd0dce415e74faf002186e13ae33190976f1ae61cece045fb76,2026-08-06
P08686,CP21A_HUMAN,P08686,unclassified,active,true,,e22d7643ea01abd0dce415e74faf002186e13ae33190976f1ae61cece045fb76,2026-08-06
O43174,CP26A_HUMAN,O43174,unclassified,active,true,,e22d7643ea01abd0dce415e74faf002186e13ae33190976f1ae61cece045fb76,2026-08-06
Q9NR63,CP26B_HUMAN,Q9NR63,unclassified,active,true,,e22d7643ea01abd0dce415e74faf002186e13ae33190976f1ae61cece045fb76,2026-08-06
Q6V0L0,CP26C_HUMAN,Q6V0L0,unclassified,active,true,,e22d7643ea01abd0dce415e74faf002186e13ae33190976f1ae61cece045fb76,2026-08-06
P11509,CP2A6_HUMAN,P11509,unclassified,active,true,,e22d7643ea01abd0dce415e74faf002186e13ae33190976f1ae61cece045fb76,2026-08-06
P20853,CP2A7_HUMAN,P20853,unclassified,active,true,,e22d7643ea01abd0dce415e74faf002186e13ae33190976f1ae61cece045fb76,2026-08-06
Q16696,CP2AD_HUMAN,Q16696,unclassified,active,true,,e22d7643ea01abd0dce415e74faf002186e13ae33190976f1ae61cece045fb76,2026-08-06
P20813,CP2B6_HUMAN,P20813,unclassified,active,true,,e22d7643ea01abd0dce415e74faf002186e13ae33190976f1ae61cece045fb76,2026-08-06
P10632,CP2C8_HUMAN,P10632,unclassified,active,true,,e22d7643ea01abd0dce415e74faf002186e13ae33190976f1ae61cece045fb76,2026-08-06
P11712,CP2C9_HUMAN,P11712,unclassified,active,true,,e22d7643ea01abd0dce415e74faf002186e13ae33190976f1ae61cece045fb76,2026-08-06
P33260,CP2CI_HUMAN,P33260,unclassified,active,true,,e22d7643ea01abd0dce415e74faf002186e13ae33190976f1ae61cece045fb76,2026-08-06
P33261,CP2CJ_HUMAN,P33261,unclassified,active,true,,e22d7643ea01abd0dce415e74faf002186e13ae33190976f1ae61cece045fb76,2026-08-06
P10635,CP2D6_HUMAN,P10635,non_surface,active,true,,e22d7643ea01abd0dce415e74faf002186e13ae33190976f1ae61cece045fb76,2026-08-06
P05181,CP2E1_HUMAN,P05181,unclassified,active,true,,e22d7643ea01abd0dce415e74faf002186e13ae33190976f1ae61cece045fb76,2026-08-06
P24903,CP2F1_HUMAN,P24903,unclassified,active,true,,e22d7643ea01abd0dce415e74faf002186e13ae33190976f1ae61cece045fb76,2026-08-06
P51589,CP2J2_HUMAN,P51589,unclassified,active,true,,e22d7643ea01abd0dce415e74faf002186e13ae33190976f1ae61cece045fb76,2026-08-06
Q6VVX0,CP2R1_HUMAN,Q6VVX0,unclassified,active,true,,e22d7643ea01abd0dce415e74faf002186e13ae33190976f1ae61cece045fb76,2026-08-06
Q96SQ9,CP2S1_HUMAN,Q96SQ9,non_surface,active,true,,e22d7643ea01abd0dce415e74faf002186e13ae33190976f1ae61cece045fb76,2026-08-06
Q7Z449,CP2U1_HUMAN,Q7Z449,non_surface,active,true,,e22d7643ea01abd0dce415e74faf002186e13ae33190976f1ae61cece045fb76,2026-08-06
Q8TAV3,CP2W1_HUMAN,Q8TAV3,unclassified,active,true,,e22d7643ea01abd0dce415e74faf002186e13ae33190976f1ae61cece045fb76,2026-08-06
Q9HB55,CP343_HUMAN,Q9HB55,non_surface,active,true,,e22d7643ea01abd0dce415e74faf002186e13ae33190976f1ae61cece045fb76,2026-08-06
Q9NYL5,CP39A_HUMAN,Q9NYL5,non_surface,active,true,,e22d7643ea01abd0dce415e74faf002186e13ae33190976f1ae61cece045fb76,2026-08-06
P08684,CP3A4_HUMAN,P08684,non_surface,active,true,,e22d7643ea01abd0dce415e74faf002186e13ae33190976f1ae61cece045fb76,2026-08-06
P20815,CP3A5_HUMAN,P20815,non_surface,active,true,,e22d7643ea01abd0dce415e74faf002186e13ae33190976f1ae61cece045fb76,2026-08-06
P24462,CP3A7_HUMAN,P24462,non_surface,active,true,,e22d7643ea01abd0dce415e74faf002186e13ae33190976f1ae61cece045fb76,2026-08-06
Q9Y6A2,CP46A_HUMAN,Q9Y6A2,unclassified,active,true,,e22d7643ea01abd0dce415e74faf002186e13ae33190976f1ae61cece045fb76,2026-08-06
Q02928,CP4AB_HUMAN,Q02928,non_surface,active,true,,e22d7643ea01abd0dce415e74faf002186e13ae33190976f1ae61cece045fb76,2026-08-06
Q5TCH4,CP4AM_HUMAN,Q5TCH4,non_surface,active,true,,e22d7643ea01abd0dce415e74faf002186e13ae33190976f1ae61cece045fb76,2026-08-06
P13584,CP4B1_HUMAN,P13584,non_surface,active,true,,e22d7643ea01abd0dce415e74faf002186e13ae33190976f1ae61cece045fb76,2026-08-06
P78329,CP4F2_HUMAN,P78329,unclassified,active,true,,e22d7643ea01abd0dce415e74faf002186e13ae33190976f1ae61cece045fb76,2026-08-06
Q08477,CP4F3_HUMAN,Q08477,unclassified,active,true,,e22d7643ea01abd0dce415e74faf002186e13ae33190976f1ae61cece045fb76,2026-08-06
P98187,CP4F8_HUMAN,P98187,non_surface,active,true,,e22d7643ea01abd0dce415e74faf002186e13ae33190976f1ae61cece045fb76,2026-08-06
Q9HBI6,CP4FB_HUMAN,Q9HBI6,unclassified,active,true,,e22d7643ea01abd0dce415e74faf002186e13ae33190976f1ae61cece045fb76,2026-08-06
Q9HCS2,CP4FC_HUMAN,Q9HCS2,unclassified,active,true,,e22d7643ea01abd0dce415e74faf002186e13ae33190976f1ae61cece045fb76,2026-08-06
Q6NT55,CP4FN_HUMAN,Q6NT55,non_surface,active,true,,e22d7643ea01abd0dce415e74faf002186e13ae33190976f1ae61cece045fb76,2026-08-06
Q6ZWL3,CP4V2_HUMAN,Q6ZWL3,non_surface,active,true,,e22d7643ea01abd0dce415e74faf002186e13ae33190976f1ae61cece045fb76,2026-08-06
Q8N118,CP4X1_HUMAN,Q8N118,non_surface,active,true,,e22d7643ea01abd0dce415e74faf002186e13ae33190976f1ae61cece045fb76,2026-08-06
Q86W10,CP4Z1_HUMAN,Q86W10,non_surface,active,true,,e22d7643ea01abd0dce415e74faf002186e13ae33190976f1ae61cece045fb76,2026-08-06
Q8N1L4,CP4Z2_HUMAN,Q8N1L4,non_surface,active,true,,e22d7643ea01abd0dce415e74faf002186e13ae33190976f1ae61cece045fb76,2026-08-06
Q16850,CP51A_HUMAN,Q16850,non_surface,active,true,,e22d7643ea01abd0dce415e74faf002186e13ae33190976f1ae61cece045fb76,2026-08-06
P22680,CP7A1_HUMAN,P22680,non_surface,active,true,,e22d7643ea01abd0dce415e74faf002186e13ae33190976f1ae61cece045fb76,2026-08-06
O75881,CP7B1_HUMAN,O75881,non_surface,active,true,,e22d7643ea01abd0dce415e74faf002186e13ae33190976f1ae61cece045fb76,2026-08-06
Q9UNU6,CP8B1_HUMAN,Q9UNU6,non_surface,active,true,,e22d7643ea01abd0dce415e74faf002186e13ae33190976f1ae61cece045fb76,2026-08-06
A4D0V7,CPED1_HUMAN,A4D0V7,unclassified,active,true,,e22d7643ea01abd0dce415e74faf002186e13ae33190976f1ae61cece045fb76,2026-08-06
Q8IZJ3,CPMD8_HUMAN,Q8IZJ3,unclassified,active,true,,e22d7643ea01abd0dce415e74faf002186e13ae33190976f1ae61cece045fb76,2026-08-06
P22792,CPN2_HUMAN,P22792,unclassified,active,true,,e22d7643ea01abd0dce415e74faf002186e13ae33190976f1ae61cece045fb76,2026-08-06
P50416,CPT1A_HUMAN,P50416,non_surface,active,true,,e22d7643ea01abd0dce415e74faf002186e13ae33190976f1ae61cece045fb76,2026-08-06
Q92523,CPT1B_HUMAN,Q92523,non_surface,active,true,,e22d7643ea01abd0dce415e74faf002186e13ae33190976f1ae61cece045fb76,2026-08-06
Q8TCG5,CPT1C_HUMAN,Q8TCG5,non_surface,active,true,,e22d7643ea01abd0dce415e74faf002186e13ae33190976f1ae61cece045fb76,2026-08-06
P23786,CPT2_HUMAN,P23786,unclassified,active,true,,e22d7643ea01abd0dce415e74faf002186e13ae33190976f1ae61cece045fb76,2026-08-06
Q9H3G5,CPVL_HUMAN,Q9H3G5,unclassified,active,true,,e22d7643ea01abd0dce415e74faf002186e13ae33190976f1ae61cece045fb76,2026-08-06
Q96SM3,CPXM1_HUMAN,Q96SM3,unclassified,active,true,,e22d7643ea01abd0dce415e74faf002186e13ae33190976f1ae61cece045fb76,2026-08-06
Q8N436,CPXM2_HUMAN,Q8N436,unclassified,active,true,,e22d7643ea01abd0dce415e74faf002186e13ae33190976f1ae61cece045fb76,2026-08-06
Q9BQA9,CQ062_HUMAN,Q9BQA9,non_surface,active,true,,e22d7643ea01abd0dce415e74faf002186e13ae33190976f1ae61cece045fb76,2026-08-06
Q0P5P2,CQ067_HUMAN,Q0P5P2,unclassified,active,true,,e22d7643ea01abd0dce415e74faf002186e13ae33190976f1ae61cece045fb76,2026-08-06
Q0P670,CQ074_HUMAN,Q0P670,non_surface,active,true,,e22d7643ea01abd0dce415e74faf002186e13ae33190976f1ae61cece045fb76,2026-08-06
Q96MU5,CQ077_HUMAN,Q96MU5,unclassified,active,true,,e22d7643ea01abd0dce415e74faf002186e13ae33190976f1ae61cece045fb76,2026-08-06
Q8N4C9,CQ078_HUMAN,Q8N4C9,unclassified,active,true,,e22d7643ea01abd0dce415e74faf002186e13ae33190976f1ae61cece045fb76,2026-08-06
Q9BSJ5,CQ080_HUMAN,Q9BSJ5,non_surface,active,true,,e22d7643ea01abd0dce415e74faf002186e13ae33190976f1ae61cece045fb76,2026-08-06
Q6UX52,CQ099_HUMAN,Q6UX52,unclassified,active,true,,e22d7643ea01abd0dce415e74faf002186e13ae33190976f1ae61cece045fb76,2026-08-06
Q96KH6,CR012_HUMAN,Q96KH6,non_surface,inactive,false,uniprot_inactive,e22d7643ea01abd0dce415e74faf002186e13ae33190976f1ae61cece045fb76,2026-08-06
Q96N68,CR015_HUMAN,Q96N68,non_surface,active,true,,e22d7643ea01abd0dce415e74faf002186e13ae33190976f1ae61cece045fb76,2026-08-06
Q7Z4B0,CR020_HUMAN,Q7Z4B0,unclassified,active,true,,e22d7643ea01abd0dce415e74faf002186e13ae33190976f1ae61cece045fb76,2026-08-06
Q2VPA4,CR1L_HUMAN,Q2VPA4,unclassified,active,true,,e22d7643ea01abd0dce415e74faf002186e13ae33190976f1ae61cece045fb76,2026-08-06
P17927,CR1_HUMAN,P17927,surface,active,true,,e22d7643ea01abd0dce415e74faf002186e13ae33190976f1ae61cece045fb76,2026-08-06
P20023,CR2_HUMAN,P20023,surface,active,true,,e22d7643ea01abd0dce415e74faf002186e13ae33190976f1ae61cece045fb76,2026-08-06
Q96BA8,CR3L1_HUMAN,Q96BA8,non_surface,active,true,,e22d7643ea01abd0dce415e74faf002186e13ae33190976f1ae61cece045fb76,2026-08-06
Q70SY1,CR3L2_HUMAN,Q70SY1,non_surface,active,true,,e22d7643ea01abd0dce415e74faf002186e13ae33190976f1ae61cece045fb76,2026-08-06
Q68CJ9,CR3L3_HUMAN,Q68CJ9,non_surface,active,true,,e22d7643ea01abd0dce415e74faf002186e13ae33190976f1ae61cece045fb76,2026-08-06
Q8TEY5,CR3L4_HUMAN,Q8TEY5,non_surface,active,true,,e22d7643ea01abd0dce415e74faf002186e13ae33190976f1ae61cece045fb76,2026-08-06
Q9NQ79,CRAC1_HUMAN,Q9NQ79,unclassified,active,true,,e22d7643ea01abd0dce415e74faf002186e13ae33190976f1ae61cece045fb76,2026-08-06
A6NIL9,CRAS1_HUMAN,A6NIL9,non_surface,inactive,false,uniprot_inactive,e22d7643ea01abd0dce415e74faf002186e13ae33190976f1ae61cece045fb76,2026-08-06
Q96D31,CRCM1_HUMAN,Q96D31,unclassified,active,true,,e22d7643ea01abd0dce415e74faf002186e13ae33190976f1ae61cece045fb76,2026-08-06
Q9BU40,CRDL1_HUMAN,Q9BU40,unclassified,active,true,,e22d7643ea01abd0dce415e74faf002186e13ae33190976f1ae61cece045fb76,2026-08-06
Q6WN34,CRDL2_HUMAN,Q6WN34,unclassified,active,true,,e22d7643ea01abd0dce415e74faf002186e13ae33190976f1ae61cece045fb76,2026-08-06
O43889,CREB3_HUMAN,O43889,non_surface,active,true,,e22d7643ea01abd0dce415e74faf002186e13ae33190976f1ae61cece045fb76,2026-08-06
O75629,CREG1_HUMAN,O75629,unclassified,active,true,,e22d7643ea01abd0dce415e74faf002186e13ae33190976f1ae61cece045fb76,2026-08-06
Q8IUH2,CREG2_HUMAN,Q8IUH2,unclassified,active,true,,e22d7643ea01abd0dce415e74faf002186e13ae33190976f1ae61cece045fb76,2026-08-06
Q96HD1,CREL1_HUMAN,Q96HD1,unclassified,active,true,,e22d7643ea01abd0dce415e74faf002186e13ae33190976f1ae61cece045fb76,2026-08-06
Q6UXH1,CREL2_HUMAN,Q6UXH1,unclassified,active,true,,e22d7643ea01abd0dce415e74faf002186e13ae33190976f1ae61cece045fb76,2026-08-06
Q494W8,CRFM7_HUMAN,Q494W8,non_surface,active,true,,e22d7643ea01abd0dce415e74faf002186e13ae33190976f1ae61cece045fb76,2026-08-06
P34998,CRFR1_HUMAN,P34998,surface,active,true,,e22d7643ea01abd0dce415e74faf002186e13ae33190976f1ae61cece045fb76,2026-08-06
Q13324,CRFR2_HUMAN,Q13324,surface,active,true,,e22d7643ea01abd0dce415e74faf002186e13ae33190976f1ae61cece045fb76,2026-08-06
P06850,CRF_HUMAN,P06850,unclassified,active,true,,e22d7643ea01abd0dce415e74faf002186e13ae33190976f1ae61cece045fb76,2026-08-06
P24387,CRHBP_HUMAN,P24387,unclassified,active,true,,e22d7643ea01abd0dce415e74faf002186e13ae33190976f1ae61cece045fb76,2026-08-06
Q9NZV1,CRIM1_HUMAN,Q9NZV1,surface,active,true,,e22d7643ea01abd0dce415e74faf002186e13ae33190976f1ae61cece045fb76,2026-08-06
P54107,CRIS1_HUMAN,P54107,unclassified,active,true,,e22d7643ea01abd0dce415e74faf002186e13ae33190976f1ae61cece045fb76,2026-08-06
P16562,CRIS2_HUMAN,P16562,unclassified,active,true,,e22d7643ea01abd0dce415e74faf002186e13ae33190976f1ae61cece045fb76,2026-08-06
P54108,CRIS3_HUMAN,P54108,unclassified,active,true,,e22d7643ea01abd0dce415e74faf002186e13ae33190976f1ae61cece045fb76,2026-08-06
Q96LR1,CRIT1_HUMAN,Q96LR1,unclassified,inactive,false,uniprot_inactive,e22d7643ea01abd0dce415e74faf002186e13ae33190976f1ae61cece045fb76,2026-08-06
Q9H336,CRLD1_HUMAN,Q9H336,unclassified,active,true,,e22d7643ea01abd0dce415e74faf002186e13ae33190976f1ae61cece045fb76,2026-08-06
Q9H0B8,CRLD2_HUMAN,Q9H0B8,unclassified,active,true,,e22d7643ea01abd0dce415e74faf002186e13ae33190976f1ae61cece045fb76,2026-08-06
O75462,CRLF1_HUMAN,O75462,unclassified,active,true,,e22d7643ea01abd0dce415e74faf002186e13ae33190976f1ae61cece045fb76,2026-08-06
Q9HC73,CRLF2_HUMAN,Q9HC73,surface,active,true,,e22d7643ea01abd0dce415e74faf002186e13ae33190976f1ae61cece045fb76,2026-08-06
Q9UJA2,CRLS1_HUMAN,Q9UJA2,non_surface,active,true,,e22d7643ea01abd0dce415e74faf002186e13ae33190976f1ae61cece045fb76,2026-08-06
A5YM72,CRNS1_HUMAN,A5YM72,unclassified,active,true,,e22d7643ea01abd0dce415e74faf002186e13ae33190976f1ae61cece045fb76,2026-08-06
Q13536,CROC4_HUMAN,Q13536,non_surface,active,true,,e22d7643ea01abd0dce415e74faf002186e13ae33190976f1ae61cece045fb76,2026-08-06
P02741,CRP_HUMAN,P02741,unclassified,active,true,,e22d7643ea01abd0dce415e74faf002186e13ae33190976f1ae61cece045fb76,2026-08-06
Q9H3Y0,CRSPL_HUMAN,Q9H3Y0,unclassified,active,true,,e22d7643ea01abd0dce415e74faf002186e13ae33190976f1ae61cece045fb76,2026-08-06
O95727,CRTAM_HUMAN,O95727,surface,active,true,,e22d7643ea01abd0dce415e74faf002186e13ae33190976f1ae61cece045fb76,2026-08-06
O75718,CRTAP_HUMAN,O75718,unclassified,active,true,,e22d7643ea01abd0dce415e74faf002186e13ae33190976f1ae61cece045fb76,2026-08-06
P82279,CRUM1_HUMAN,P82279,surface,active,true,,e22d7643ea01abd0dce415e74faf002186e13ae33190976f1ae61cece045fb76,2026-08-06
Q5IJ48,CRUM2_HUMAN,Q5IJ48,surface,active,true,,e22d7643ea01abd0dce415e74faf002186e13ae33190976f1ae61cece045fb76,2026-08-06
Q9BUF7,CRUM3_HUMAN,Q9BUF7,surface,active,true,,e22d7643ea01abd0dce415e74faf002186e13ae33190976f1ae61cece045fb76,2026-08-06
Q49AN0,CRY2_HUMAN,Q49AN0,unclassified,active,true,,e22d7643ea01abd0dce415e74faf002186e13ae33190976f1ae61cece045fb76,2026-08-06
Q9Y2S2,CRYL1_HUMAN,Q9Y2S2,unclassified,active,true,,e22d7643ea01abd0dce415e74faf002186e13ae33190976f1ae61cece045fb76,2026-08-06
Q969H8,CS010_HUMAN,Q969H8,unclassified,active,true,,e22d7643ea01abd0dce415e74faf002186e13ae33190976f1ae61cece045fb76,2026-08-06
Q8NEA5,CS018_HUMAN,Q8NEA5,surface,active,true,,e22d7643ea01abd0dce415e74faf002186e13ae33190976f1ae61cece045fb76,2026-08-06
Q9BVV8,CS024_HUMAN,Q9BVV8,unclassified,active,true,,e22d7643ea01abd0dce415e74faf002186e13ae33190976f1ae61cece045fb76,2026-08-06
Q8N9M1,CS047_HUMAN,Q8N9M1,unclassified,active,true,,e22d7643ea01abd0dce415e74faf002186e13ae33190976f1ae61cece045fb76,2026-08-06
Q6PB30,CSAG1_HUMAN,Q6PB30,unclassified,active,true,,e22d7643ea01abd0dce415e74faf002186e13ae33190976f1ae61cece045fb76,2026-08-06
Q9P1W3,CSC1_HUMAN,Q9P1W3,surface,active,true,,e22d7643ea01abd0dce415e74faf002186e13ae33190976f1ae61cece045fb76,2026-08-06
O94886,CSCL1_HUMAN,O94886,surface,active,true,,e22d7643ea01abd0dce415e74faf002186e13ae33190976f1ae61cece045fb76,2026-08-06
Q5T3F8,CSCL2_HUMAN,Q5T3F8,surface,active,true,,e22d7643ea01abd0dce415e74faf002186e13ae33190976f1ae61cece045fb76,2026-08-06
P07333,CSF1R_HUMAN,P07333,surface,active,true,,e22d7643ea01abd0dce415e74faf002186e13ae33190976f1ae61cece045fb76,2026-08-06
P09603,CSF1_HUMAN,P09603,surface,active,true,,e22d7643ea01abd0dce415e74faf002186e13ae33190976f1ae61cece045fb76,2026-08-06
P15509,CSF2R_HUMAN,P15509,surface,active,true,,e22d7643ea01abd0dce415e74faf002186e13ae33190976f1ae61cece045fb76,2026-08-06
P04141,CSF2_HUMAN,P04141,unclassified,active,true,,e22d7643ea01abd0dce415e74faf002186e13ae33190976f1ae61cece045fb76,2026-08-06
Q99062,CSF3R_HUMAN,Q99062,surface,active,true,,e22d7643ea01abd0dce415e74faf002186e13ae33190976f1ae61cece045fb76,2026-08-06
P09919,CSF3_HUMAN,P09919,unclassified,active,true,,e22d7643ea01abd0dce415e74faf002186e13ae33190976f1ae61cece045fb76,2026-08-06
P0DML2,CSH1_HUMAN,P0DML2,unclassified,active,true,,e22d7643ea01abd0dce415e74faf002186e13ae33190976f1ae61cece045fb76,2026-08-06
P0DML3,CSH2_HUMAN,P0DML3,unclassified,active,true,,e22d7643ea01abd0dce415e74faf002186e13ae33190976f1ae61cece045fb76,2026-08-06
Q14406,CSHL_HUMAN,Q14406,unclassified,active,true,,e22d7643ea01abd0dce415e74faf002186e13ae33190976f1ae61cece045fb76,2026-08-06
O14936,CSKP_HUMAN,O14936,non_surface,active,true,,e22d7643ea01abd0dce415e74faf002186e13ae33190976f1ae61cece045fb76,2026-08-06
Q96PZ7,CSMD1_HUMAN,Q96PZ7,surface,active,true,,e22d7643ea01abd0dce415e74faf002186e13ae33190976f1ae61cece045fb76,2026-08-06
Q7Z408,CSMD2_HUMAN,Q7Z408,surface,active,true,,e22d7643ea01abd0dce415e74faf002186e13ae33190976f1ae61cece045fb76,2026-08-06
Q7Z407,CSMD3_HUMAN,Q7Z407,unclassified,active,true,,e22d7643ea01abd0dce415e74faf002186e13ae33190976f1ae61cece045fb76,2026-08-06
Q4G0I0,CSMT1_HUMAN,Q4G0I0,non_surface,active,true,,e22d7643ea01abd0dce415e74faf002186e13ae33190976f1ae61cece045fb76,2026-08-06
Q7L5N1,CSN6_HUMAN,Q7L5N1,non_surface,active,true,,e22d7643ea01abd0dce415e74faf002186e13ae33190976f1ae61cece045fb76,2026-08-06
P13611,CSPG2_HUMAN,P13611,unclassified,active,true,,e22d7643ea01abd0dce415e74faf002186e13ae33190976f1ae61cece045fb76,2026-08-06
Q6UVK1,CSPG4_HUMAN,Q6UVK1,surface,active,true,,e22d7643ea01abd0dce415e74faf002186e13ae33190976f1ae61cece045fb76,2026-08-06
O95196,CSPG5_HUMAN,O95196,surface,active,true,,e22d7643ea01abd0dce415e74faf002186e13ae33190976f1ae61cece045fb76,2026-08-06
Q1MSJ5,CSPP1_HUMAN,Q1MSJ5,unclassified,active,true,,e22d7643ea01abd0dce415e74faf002186e13ae33190976f1ae61cece045fb76,2026-08-06
Q9H112,CST11_HUMAN,Q9H112,unclassified,active,true,,e22d7643ea01abd0dce415e74faf002186e13ae33190976f1ae61cece045fb76,2026-08-06
Q9H114,CST1L_HUMAN,Q9H114,unclassified,active,true,,e22d7643ea01abd0dce415e74faf002186e13ae33190976f1ae61cece045fb76,2026-08-06
O60676,CST8_HUMAN,O60676,unclassified,active,true,,e22d7643ea01abd0dce415e74faf002186e13ae33190976f1ae61cece045fb76,2026-08-06
Q9H4G1,CST9L_HUMAN,Q9H4G1,unclassified,active,true,,e22d7643ea01abd0dce415e74faf002186e13ae33190976f1ae61cece045fb76,2026-08-06
Q5W188,CST9P_HUMAN,Q5W188,unclassified,active,true,,e22d7643ea01abd0dce415e74faf002186e13ae33190976f1ae61cece045fb76,2026-08-06
Q5W186,CST9_HUMAN,Q5W186,unclassified,active,true,,e22d7643ea01abd0dce415e74faf002186e13ae33190976f1ae61cece045fb76,2026-08-06
O94985,CSTN1_HUMAN,O94985,surface,active,true,,e22d7643ea01abd0dce415e74faf002186e13ae33190976f1ae61cece045fb76,2026-08-06
Q9H4D0,CSTN2_HUMAN,Q9H4D0,surface,active,true,,e22d7643ea01abd0dce415e74faf002186e13ae33190976f1ae61cece045fb76,2026-08-06
Q9BQT9,CSTN3_HUMAN,Q9BQT9,surface,active,true,,e22d7643ea01abd0dce415e74faf002186e13ae33190976f1ae61cece045fb76,2026-08-06
Q9BUV8,CT024_HUMAN,Q9BUV8,non_surface,active,true,,e22d7643ea01abd0dce415e74faf002186e13ae33190976f1ae61cece045fb76,2026-08-06
Q9NUB4,CT141_HUMAN,Q9NUB4,non_surface,active,true,,e22d7643ea01abd0dce415e74faf002186e13ae33190976f1ae61cece045fb76,2026-08-06
Q8WUE5,CT55_HUMAN,Q8WUE5,unclassified,active,true,,e22d7643ea01abd0dce415e74faf002186e13ae33190976f1ae61cece045fb76,2026-08-06
Q2NKJ3,CTC1_HUMAN,Q2NKJ3,non_surface,active,true,,e22d7643ea01abd0dce415e74faf002186e13ae33190976f1ae61cece045fb76,2026-08-06
P78358,CTG1B_HUMAN,P78358,non_surface,active,true,,e22d7643ea01abd0dce415e74faf002186e13ae33190976f1ae61cece045fb76,2026-08-06
Q9HC47,CTGE1_HUMAN,Q9HC47,non_surface,active,true,,e22d7643ea01abd0dce415e74faf002186e13ae33190976f1ae61cece045fb76,2026-08-06
Q96RT6,CTGE2_HUMAN,Q96RT6,non_surface,active,true,,e22d7643ea01abd0dce415e74faf002186e13ae33190976f1ae61cece045fb76,2026-08-06
Q8IX94,CTGE4_HUMAN,Q8IX94,non_surface,active,true,,e22d7643ea01abd0dce415e74faf002186e13ae33190976f1ae61cece045fb76,2026-08-06
Q96PC5,CTGE5_HUMAN|MIA2_HUMAN,O15320|Q96PC5,class_conflict,active,true,,e22d7643ea01abd0dce415e74faf002186e13ae33190976f1ae61cece045fb76,2026-08-06
Q86UF2,CTGE6_HUMAN,Q86UF2,non_surface,active,true,,e22d7643ea01abd0dce415e74faf002186e13ae33190976f1ae61cece045fb76,2026-08-06
P0CG41,CTGE8_HUMAN,P0CG41,non_surface,active,true,,e22d7643ea01abd0dce415e74faf002186e13ae33190976f1ae61cece045fb76,2026-08-06
A4FU28,CTGE9_HUMAN,A4FU28,non_surface,active,true,,e22d7643ea01abd0dce415e74faf002186e13ae33190976f1ae61cece045fb76,2026-08-06
A4D2H0,CTGEF_HUMAN,A4D2H0,non_surface,active,true,,e22d7643ea01abd0dce415e74faf002186e13ae33190976f1ae61cece045fb76,2026-08-06
P29279,CTGF_HUMAN,P29279,unclassified,active,true,,e22d7643ea01abd0dce415e74faf002186e13ae33190976f1ae61cece045fb76,2026-08-06
Q96CG8,CTHR1_HUMAN,Q96CG8,unclassified,active,true,,e22d7643ea01abd0dce415e74faf002186e13ae33190976f1ae61cece045fb76,2026-08-06
Q8WWI5,CTL1_HUMAN,Q8WWI5,surface,active,true,,e22d7643ea01abd0dce415e74faf002186e13ae33190976f1ae61cece045fb76,2026-08-06
Q8IWA5,CTL2_HUMAN,Q8IWA5,surface,active,true,,e22d7643ea01abd0dce415e74faf002186e13ae33190976f1ae61cece045fb76,2026-08-06
Q8N4M1,CTL3_HUMAN,Q8N4M1,surface,active,true,,e22d7643ea01abd0dce415e74faf002186e13ae33190976f1ae61cece045fb76,2026-08-06
Q53GD3,CTL4_HUMAN,Q53GD3,surface,active,true,,e22d7643ea01abd0dce415e74faf002186e13ae33190976f1ae61cece045fb76,2026-08-06
Q8NCS7,CTL5_HUMAN,Q8NCS7,surface,active,true,,e22d7643ea01abd0dce415e74faf002186e13ae33190976f1ae61cece045fb76,2026-08-06
P16410,CTLA4_HUMAN,P16410,surface,active,true,,e22d7643ea01abd0dce415e74faf002186e13ae33190976f1ae61cece045fb76,2026-08-06
Q9UBT7,CTNL1_HUMAN,Q9UBT7,non_surface,active,true,,e22d7643ea01abd0dce415e74faf002186e13ae33190976f1ae61cece045fb76,2026-08-06
O60931,CTNS_HUMAN,O60931,surface,active,true,,e22d7643ea01abd0dce415e74faf002186e13ae33190976f1ae61cece045fb76,2026-08-06
P30825,CTR1_HUMAN,P30825,surface,active,true,,e22d7643ea01abd0dce415e74faf002186e13ae33190976f1ae61cece045fb76,2026-08-06
P52569,CTR2_HUMAN,P52569,surface,active,true,,e22d7643ea01abd0dce415e74faf002186e13ae33190976f1ae61cece045fb76,2026-08-06
Q8WY07,CTR3_HUMAN,Q8WY07,surface,active,true,,e22d7643ea01abd0dce415e74faf002186e13ae33190976f1ae61cece045fb76,2026-08-06
O43246,CTR4_HUMAN,O43246,surface,active,true,,e22d7643ea01abd0dce415e74faf002186e13ae33190976f1ae61cece045fb76,2026-08-06
P17538,CTRB1_HUMAN,P17538,unclassified,active,true,,e22d7643ea01abd0dce415e74faf002186e13ae33190976f1ae61cece045fb76,2026-08-06
Q6GPI1,CTRB2_HUMAN,Q6GPI1,unclassified,active,true,,e22d7643ea01abd0dce415e74faf002186e13ae33190976f1ae61cece045fb76,2026-08-06
Q99895,CTRC_HUMAN,Q99895,unclassified,active,true,,e22d7643ea01abd0dce415e74faf002186e13ae33190976f1ae61cece045fb76,2026-08-06
P40313,CTRL_HUMAN,P40313,unclassified,active,true,,e22d7643ea01abd0dce415e74faf002186e13ae33190976f1ae61cece045fb76,2026-08-06
Q8NEC5,CTSR1_HUMAN,Q8NEC5,non_surface,active,true,,e22d7643ea01abd0dce415e74faf002186e13ae33190976f1ae61cece045fb76,2026-08-06
Q96P56,CTSR2_HUMAN,Q96P56,non_surface,active,true,,e22d7643ea01abd0dce415e74faf002186e13ae33190976f1ae61cece045fb76,2026-08-06
Q86XQ3,CTSR3_HUMAN,Q86XQ3,non_surface,active,true,,e22d7643ea01abd0dce415e74faf002186e13ae33190976f1ae61cece045fb76,2026-08-06
Q7RTX7,CTSR4_HUMAN,Q7RTX7,non_surface,active,true,,e22d7643ea01abd0dce415e74faf002186e13ae33190976f1ae61cece045fb76,2026-08-06
Q9H7T0,CTSRB_HUMAN,Q9H7T0,non_surface,active,true,,e22d7643ea01abd0dce415e74faf002186e13ae33190976f1ae61cece045fb76,2026-08-06
Q86XM0,CTSRD_HUMAN,Q86XM0,surface,active,true,,e22d7643ea01abd0dce415e74faf002186e13ae33190976f1ae61cece045fb76,2026-08-06
Q6ZRH7,CTSRG_HUMAN,Q6ZRH7,surface,active,true,,e22d7643ea01abd0dce415e74faf002186e13ae33190976f1ae61cece045fb76,2026-08-06
P60606,CTXN1_HUMAN,P60606,non_surface,active,true,,e22d7643ea01abd0dce415e74faf002186e13ae33190976f1ae61cece045fb76,2026-08-06
P0C2S0,CTXN2_HUMAN,P0C2S0,non_surface,active,true,,e22d7643ea01abd0dce415e74faf002186e13ae33190976f1ae61cece045fb76,2026-08-06
Q4LDR2,CTXN3_HUMAN,Q4LDR2,non_surface,active,true,,e22d7643ea01abd0dce415e74faf002186e13ae33190976f1ae61cece045fb76,2026-08-06
Q9Y426,CU025_HUMAN,Q9Y426,unclassified,active,true,,e22d7643ea01abd0dce415e74faf002186e13ae33190976f1ae61cece045fb76,2026-08-06
Q9NYP8,CU062_HUMAN,Q9NYP8,unclassified,active,true,,e22d7643ea01abd0dce415e74faf002186e13ae33190976f1ae61cece045fb76,2026-08-06
Q9UJ94,CU104_HUMAN,Q9UJ94,unclassified,inactive,false,uniprot_inactive,e22d7643ea01abd0dce415e74faf002186e13ae33190976f1ae61cece045fb76,2026-08-06
Q6ZN03,CU136_HUMAN,Q6ZN03,unclassified,active,true,,e22d7643ea01abd0dce415e74faf002186e13ae33190976f1ae61cece045fb76,2026-08-06
O60494,CUBN_HUMAN,O60494,unclassified,active,true,,e22d7643ea01abd0dce415e74faf002186e13ae33190976f1ae61cece045fb76,2026-08-06
Q9H467,CUED2_HUMAN,Q9H467,unclassified,active,true,,e22d7643ea01abd0dce415e74faf002186e13ae33190976f1ae61cece045fb76,2026-08-06
O60888,CUTA_HUMAN,O60888,unclassified,active,true,,e22d7643ea01abd0dce415e74faf002186e13ae33190976f1ae61cece045fb76,2026-08-06
Q86UP6,CUZD1_HUMAN,Q86UP6,surface,active,true,,e22d7643ea01abd0dce415e74faf002186e13ae33190976f1ae61cece045fb76,2026-08-06
Q8WYQ4,CV015_HUMAN,Q8WYQ4,unclassified,active,true,,e22d7643ea01abd0dce415e74faf002186e13ae33190976f1ae61cece045fb76,2026-08-06
C9J442,CV046_HUMAN,C9J442,unclassified,inactive,false,uniprot_inactive,e22d7643ea01abd0dce415e74faf002186e13ae33190976f1ae61cece045fb76,2026-08-06
Q8TB33,CX024_HUMAN,Q8TB33,unclassified,active,true,,e22d7643ea01abd0dce415e74faf002186e13ae33190976f1ae61cece045fb76,2026-08-06
A6NEN9,CX065_HUMAN,A6NEN9,non_surface,active,true,,e22d7643ea01abd0dce415e74faf002186e13ae33190976f1ae61cece045fb76,2026-08-06
Q5JRM2,CX066_HUMAN,Q5JRM2,unclassified,active,true,,e22d7643ea01abd0dce415e74faf002186e13ae33190976f1ae61cece045fb76,2026-08-06
P49238,CX3C1_HUMAN,P49238,surface,active,true,,e22d7643ea01abd0dce415e74faf002186e13ae33190976f1ae61cece045fb76,2026-08-06
P12074,CX6A1_HUMAN,P12074,non_surface,active,true,,e22d7643ea01abd0dce415e74faf002186e13ae33190976f1ae61cece045fb76,2026-08-06
Q02221,CX6A2_HUMAN,Q02221,non_surface,active,true,,e22d7643ea01abd0dce415e74faf002186e13ae33190976f1ae61cece045fb76,2026-08-06
P24310,CX7A1_HUMAN,P24310,non_surface,active,true,,e22d7643ea01abd0dce415e74faf002186e13ae33190976f1ae61cece045fb76,2026-08-06
P14406,CX7A2_HUMAN,P14406,non_surface,active,true,,e22d7643ea01abd0dce415e74faf002186e13ae33190976f1ae61cece045fb76,2026-08-06
Q8TF08,CX7B2_HUMAN,Q8TF08,non_surface,active,true,,e22d7643ea01abd0dce415e74faf002186e13ae33190976f1ae61cece045fb76,2026-08-06
Q969M2,CXA10_HUMAN,Q969M2,non_surface,active,true,,e22d7643ea01abd0dce415e74faf002186e13ae33190976f1ae61cece045fb76,2026-08-06
P17302,CXA1_HUMAN,P17302,surface,active,true,,e22d7643ea01abd0dce415e74faf002186e13ae33190976f1ae61cece045fb76,2026-08-06
Q9Y6H8,CXA3_HUMAN,Q9Y6H8,surface,active,true,,e22d7643ea01abd0dce415e74faf002186e13ae33190976f1ae61cece045fb76,2026-08-06
P35212,CXA4_HUMAN,P35212,surface,active,true,,e22d7643ea01abd0dce415e74faf002186e13ae33190976f1ae61cece045fb76,2026-08-06
P36382,CXA5_HUMAN,P36382,unclassified,active,true,,e22d7643ea01abd0dce415e74faf002186e13ae33190976f1ae61cece045fb76,2026-08-06
P48165,CXA8_HUMAN,P48165,unclassified,active,true,,e22d7643ea01abd0dce415e74faf002186e13ae33190976f1ae61cece045fb76,2026-08-06
P57773,CXA9_HUMAN,P57773,non_surface,active,true,,e22d7643ea01abd0dce415e74faf002186e13ae33190976f1ae61cece045fb76,2026-08-06
P78310,CXAR_HUMAN,P78310,surface,active,true,,e22d7643ea01abd0dce415e74faf002186e13ae33190976f1ae61cece045fb76,2026-08-06
P08034,CXB1_HUMAN,P08034,surface,active,true,,e22d7643ea01abd0dce415e74faf002186e13ae33190976f1ae61cece045fb76,2026-08-06
P29033,CXB2_HUMAN,P29033,surface,active,true,,e22d7643ea01abd0dce415e74faf002186e13ae33190976f1ae61cece045fb76,2026-08-06
O75712,CXB3_HUMAN,O75712,surface,active,true,,e22d7643ea01abd0dce415e74faf002186e13ae33190976f1ae61cece045fb76,2026-08-06
Q9NTQ9,CXB4_HUMAN,Q9NTQ9,surface,active,true,,e22d7643ea01abd0dce415e74faf002186e13ae33190976f1ae61cece045fb76,2026-08-06
O95377,CXB5_HUMAN,O95377,surface,active,true,,e22d7643ea01abd0dce415e74faf002186e13ae33190976f1ae61cece045fb76,2026-08-06
O95452,CXB6_HUMAN,O95452,surface,active,true,,e22d7643ea01abd0dce415e74faf002186e13ae33190976f1ae61cece045fb76,2026-08-06
Q6PEY0,CXB7_HUMAN,Q6PEY0,surface,active,true,,e22d7643ea01abd0dce415e74faf002186e13ae33190976f1ae61cece045fb76,2026-08-06
P19875,CXCL2_HUMAN,P19875,unclassified,active,true,,e22d7643ea01abd0dce415e74faf002186e13ae33190976f1ae61cece045fb76,2026-08-06
P19876,CXCL3_HUMAN,P19876,unclassified,active,true,,e22d7643ea01abd0dce415e74faf002186e13ae33190976f1ae61cece045fb76,2026-08-06
P42830,CXCL5_HUMAN,P42830,unclassified,active,true,,e22d7643ea01abd0dce415e74faf002186e13ae33190976f1ae61cece045fb76,2026-08-06
P80162,CXCL6_HUMAN,P80162,unclassified,active,true,,e22d7643ea01abd0dce415e74faf002186e13ae33190976f1ae61cece045fb76,2026-08-06
P02775,CXCL7_HUMAN,P02775,unclassified,active,true,,e22d7643ea01abd0dce415e74faf002186e13ae33190976f1ae61cece045fb76,2026-08-06
Q07325,CXCL9_HUMAN,Q07325,unclassified,active,true,,e22d7643ea01abd0dce415e74faf002186e13ae33190976f1ae61cece045fb76,2026-08-06
P25024,CXCR1_HUMAN,P25024,surface,active,true,,e22d7643ea01abd0dce415e74faf002186e13ae33190976f1ae61cece045fb76,2026-08-06
P25025,CXCR2_HUMAN,P25025,surface,active,true,,e22d7643ea01abd0dce415e74faf002186e13ae33190976f1ae61cece045fb76,2026-08-06
P49682,CXCR3_HUMAN,P49682,surface,active,true,,e22d7643ea01abd0dce415e74faf002186e13ae33190976f1ae61cece045fb76,2026-08-06
P61073,CXCR4_HUMAN,P61073,surface,active,true,,e22d7643ea01abd0dce415e74faf002186e13ae33190976f1ae61cece045fb76,2026-08-06
P32302,CXCR5_HUMAN,P32302,surface,active,true,,e22d7643ea01abd0dce415e74faf002186e13ae33190976f1ae61cece045fb76,2026-08-06
O00574,CXCR6_HUMAN,O00574,surface,active,true,,e22d7643ea01abd0dce415e74faf002186e13ae33190976f1ae61cece045fb76,2026-08-06
Q9UKL4,CXD2_HUMAN,Q9UKL4,surface,active,true,,e22d7643ea01abd0dce415e74faf002186e13ae33190976f1ae61cece045fb76,2026-08-06
Q8N144,CXD3_HUMAN,Q8N144,unclassified,active,true,,e22d7643ea01abd0dce415e74faf002186e13ae33190976f1ae61cece045fb76,2026-08-06
Q96KN9,CXD4_HUMAN,Q96KN9,unclassified,active,true,,e22d7643ea01abd0dce415e74faf002186e13ae33190976f1ae61cece045fb76,2026-08-06
A6NN92,CXE1_HUMAN,A6NN92,unclassified,active,true,,e22d7643ea01abd0dce415e74faf002186e13ae33190976f1ae61cece045fb76,2026-08-06
P36383,CXG1_HUMAN,P36383,non_surface,active,true,,e22d7643ea01abd0dce415e74faf002186e13ae33190976f1ae61cece045fb76,2026-08-06
Q5T442,CXG2_HUMAN,Q5T442,surface,active,true,,e22d7643ea01abd0dce415e74faf002186e13ae33190976f1ae61cece045fb76,2026-08-06
Q8NFK1,CXG3_HUMAN,Q8NFK1,surface,active,true,,e22d7643ea01abd0dce415e74faf002186e13ae33190976f1ae61cece045fb76,2026-08-06
P02778,CXL10_HUMAN,P02778,unclassified,active,true,,e22d7643ea01abd0dce415e74faf002186e13ae33190976f1ae61cece045fb76,2026-08-06
O14625,CXL11_HUMAN,O14625,unclassified,active,true,,e22d7643ea01abd0dce415e74faf002186e13ae33190976f1ae61cece045fb76,2026-08-06
O43927,CXL13_HUMAN,O43927,unclassified,active,true,,e22d7643ea01abd0dce415e74faf002186e13ae33190976f1ae61cece045fb76,2026-08-06
O95715,CXL14_HUMAN,O95715,unclassified,active,true,,e22d7643ea01abd0dce415e74faf002186e13ae33190976f1ae61cece045fb76,2026-08-06
Q9H2A7,CXL16_HUMAN,Q9H2A7,surface,active,true,,e22d7643ea01abd0dce415e74faf002186e13ae33190976f1ae61cece045fb76,2026-08-06
P08574,CY1_HUMAN,P08574,non_surface,active,true,,e22d7643ea01abd0dce415e74faf002186e13ae33190976f1ae61cece045fb76,2026-08-06
P13498,CY24A_HUMAN,P13498,non_surface,active,true,,e22d7643ea01abd0dce415e74faf002186e13ae33190976f1ae61cece045fb76,2026-08-06
P04839,CY24B_HUMAN,P04839,surface,active,true,,e22d7643ea01abd0dce415e74faf002186e13ae33190976f1ae61cece045fb76,2026-08-06
P49447,CY561_HUMAN,P49447,non_surface,active,true,,e22d7643ea01abd0dce415e74faf002186e13ae33190976f1ae61cece045fb76,2026-08-06
Q8NBI2,CYAC3_HUMAN,Q8NBI2,non_surface,active,true,,e22d7643ea01abd0dce415e74faf002186e13ae33190976f1ae61cece045fb76,2026-08-06
O43169,CYB5B_HUMAN,O43169,non_surface,active,true,,e22d7643ea01abd0dce415e74faf002186e13ae33190976f1ae61cece045fb76,2026-08-06
P00167,CYB5_HUMAN,P00167,non_surface,active,true,,e22d7643ea01abd0dce415e74faf002186e13ae33190976f1ae61cece045fb76,2026-08-06
Q53TN4,CYBR1_HUMAN,Q53TN4,non_surface,active,true,,e22d7643ea01abd0dce415e74faf002186e13ae33190976f1ae61cece045fb76,2026-08-06
P00156,CYB_HUMAN,P00156,non_surface,active,true,,e22d7643ea01abd0dce415e74faf002186e13ae33190976f1ae61cece045fb76,2026-08-06
Q6ZMK1,CYHR1_HUMAN,Q6ZMK1,unclassified,inactive,false,uniprot_inactive,e22d7643ea01abd0dce415e74faf002186e13ae33190976f1ae61cece045fb76,2026-08-06
O00622,CYR61_HUMAN,O00622,unclassified,active,true,,e22d7643ea01abd0dce415e74faf002186e13ae33190976f1ae61cece045fb76,2026-08-06
P01034,CYTC_HUMAN,P01034,unclassified,active,true,,e22d7643ea01abd0dce415e74faf002186e13ae33190976f1ae61cece045fb76,2026-08-06
P28325,CYTD_HUMAN,P28325,unclassified,active,true,,e22d7643ea01abd0dce415e74faf002186e13ae33190976f1ae61cece045fb76,2026-08-06
O76096,CYTF_HUMAN,O76096,unclassified,active,true,,e22d7643ea01abd0dce415e74faf002186e13ae33190976f1ae61cece045fb76,2026-08-06
Q9NRR1,CYTL1_HUMAN,Q9NRR1,unclassified,active,true,,e22d7643ea01abd0dce415e74faf002186e13ae33190976f1ae61cece045fb76,2026-08-06
Q15828,CYTM_HUMAN,Q15828,unclassified,active,true,,e22d7643ea01abd0dce415e74faf002186e13ae33190976f1ae61cece045fb76,2026-08-06
P01037,CYTN_HUMAN,P01037,unclassified,active,true,,e22d7643ea01abd0dce415e74faf002186e13ae33190976f1ae61cece045fb76,2026-08-06
P01036,CYTS_HUMAN,P01036,unclassified,active,true,,e22d7643ea01abd0dce415e74faf002186e13ae33190976f1ae61cece045fb76,2026-08-06
P09228,CYTT_HUMAN,P09228,unclassified,active,true,,e22d7643ea01abd0dce415e74faf002186e13ae33190976f1ae61cece045fb76,2026-08-06
Q96J86,CYYR1_HUMAN,Q96J86,unclassified,active,true,,e22d7643ea01abd0dce415e74faf002186e13ae33190976f1ae61cece045fb76,2026-08-06
P81534,D103A_HUMAN,P81534,unclassified,active,true,,e22d7643ea01abd0dce415e74faf002186e13ae33190976f1ae61cece045fb76,2026-08-06
Q8WTQ1,D104A_HUMAN,Q8WTQ1,unclassified,active,true,,e22d7643ea01abd0dce415e74faf002186e13ae33190976f1ae61cece045fb76,2026-08-06
Q8NG35,D105A_HUMAN,Q8NG35,unclassified,active,true,,e22d7643ea01abd0dce415e74faf002186e13ae33190976f1ae61cece045fb76,2026-08-06
Q8N104,D106A_HUMAN,Q8N104,unclassified,active,true,,e22d7643ea01abd0dce415e74faf002186e13ae33190976f1ae61cece045fb76,2026-08-06
Q8IZN7,D107A_HUMAN,Q8IZN7,unclassified,active,true,,e22d7643ea01abd0dce415e74faf002186e13ae33190976f1ae61cece045fb76,2026-08-06
A8MXU0,D108A_HUMAN,A8MXU0,unclassified,active,true,,e22d7643ea01abd0dce415e74faf002186e13ae33190976f1ae61cece045fb76,2026-08-06
Q8NET1,D108B_HUMAN,Q8NET1,unclassified,active,true,,e22d7643ea01abd0dce415e74faf002186e13ae33190976f1ae61cece045fb76,2026-08-06
Q2PZI1,D19L1_HUMAN,Q2PZI1,non_surface,active,true,,e22d7643ea01abd0dce415e74faf002186e13ae33190976f1ae61cece045fb76,2026-08-06
Q6NUT2,D19L2_HUMAN,Q6NUT2,non_surface,active,true,,e22d7643ea01abd0dce415e74faf002186e13ae33190976f1ae61cece045fb76,2026-08-06
Q6ZPD9,D19L3_HUMAN,Q6ZPD9,unclassified,active,true,,e22d7643ea01abd0dce415e74faf002186e13ae33190976f1ae61cece045fb76,2026-08-06
Q7Z388,D19L4_HUMAN,Q7Z388,unclassified,active,true,,e22d7643ea01abd0dce415e74faf002186e13ae33190976f1ae61cece045fb76,2026-08-06
Q6NXN4,D19P1_HUMAN,Q6NXN4,non_surface,active,true,,e22d7643ea01abd0dce415e74faf002186e13ae33190976f1ae61cece045fb76,2026-08-06
Q6ZN68,D19P2_HUMAN,Q6ZN68,non_surface,active,true,,e22d7643ea01abd0dce415e74faf002186e13ae33190976f1ae61cece045fb76,2026-08-06
Q8N465,D2HDH_HUMAN,Q8N465,unclassified,active,true,,e22d7643ea01abd0dce415e74faf002186e13ae33190976f1ae61cece045fb76,2026-08-06
Q8WUS8,D42E1_HUMAN,Q8WUS8,non_surface,active,true,,e22d7643ea01abd0dce415e74faf002186e13ae33190976f1ae61cece045fb76,2026-08-06
A6NKP2,D42E2_HUMAN,A6NKP2,non_surface,active,true,,e22d7643ea01abd0dce415e74faf002186e13ae33190976f1ae61cece045fb76,2026-08-06
Q86Y56,DAAF5_HUMAN,Q86Y56,unclassified,active,true,,e22d7643ea01abd0dce415e74faf002186e13ae33190976f1ae61cece045fb76,2026-08-06
P61803,DAD1_HUMAN,P61803,non_surface,active,true,,e22d7643ea01abd0dce415e74faf002186e13ae33190976f1ae61cece045fb76,2026-08-06
P08174,DAF_HUMAN,P08174,surface,active,true,,e22d7643ea01abd0dce415e74faf002186e13ae33190976f1ae61cece045fb76,2026-08-06
Q14118,DAG1_HUMAN,Q14118,surface,active,true,,e22d7643ea01abd0dce415e74faf002186e13ae33190976f1ae61cece045fb76,2026-08-06
Q8N907,DAND5_HUMAN,Q8N907,unclassified,active,true,,e22d7643ea01abd0dce415e74faf002186e13ae33190976f1ae61cece045fb76,2026-08-06
Q30KR1,DB109_HUMAN,Q30KR1,unclassified,active,true,,e22d7643ea01abd0dce415e74faf002186e13ae33190976f1ae61cece045fb76,2026-08-06
Q30KQ9,DB110_HUMAN,Q30KQ9,unclassified,active,true,,e22d7643ea01abd0dce415e74faf002186e13ae33190976f1ae61cece045fb76,2026-08-06
Q30KQ7,DB113_HUMAN,Q30KQ7,unclassified,active,true,,e22d7643ea01abd0dce415e74faf002186e13ae33190976f1ae61cece045fb76,2026-08-06
Q30KQ6,DB114_HUMAN,Q30KQ6,unclassified,active,true,,e22d7643ea01abd0dce415e74faf002186e13ae33190976f1ae61cece045fb76,2026-08-06
Q30KQ5,DB115_HUMAN,Q30KQ5,unclassified,active,true,,e22d7643ea01abd0dce415e74faf002186e13ae33190976f1ae61cece045fb76,2026-08-06
Q30KQ4,DB116_HUMAN,Q30KQ4,unclassified,active,true,,e22d7643ea01abd0dce415e74faf002186e13ae33190976f1ae61cece045fb76,2026-08-06
Q96PH6,DB118_HUMAN,Q96PH6,unclassified,active,true,,e22d7643ea01abd0dce415e74faf002186e13ae33190976f1ae61cece045fb76,2026-08-06
Q8N690,DB119_HUMAN,Q8N690,unclassified,active,true,,e22d7643ea01abd0dce415e74faf002186e13ae33190976f1ae61cece045fb76,2026-08-06
Q5J5C9,DB121_HUMAN,Q5J5C9,unclassified,active,true,,e22d7643ea01abd0dce415e74faf002186e13ae33190976f1ae61cece045fb76,2026-08-06
Q8N688,DB123_HUMAN,Q8N688,unclassified,active,true,,e22d7643ea01abd0dce415e74faf002186e13ae33190976f1ae61cece045fb76,2026-08-06
Q8NES8,DB124_HUMAN,Q8NES8,unclassified,active,true,,e22d7643ea01abd0dce415e74faf002186e13ae33190976f1ae61cece045fb76,2026-08-06
Q8N687,DB125_HUMAN,Q8N687,unclassified,active,true,,e22d7643ea01abd0dce415e74faf002186e13ae33190976f1ae61cece045fb76,2026-08-06
Q9BYW3,DB126_HUMAN,Q9BYW3,unclassified,active,true,,e22d7643ea01abd0dce415e74faf002186e13ae33190976f1ae61cece045fb76,2026-08-06
Q9H1M4,DB127_HUMAN,Q9H1M4,unclassified,active,true,,e22d7643ea01abd0dce415e74faf002186e13ae33190976f1ae61cece045fb76,2026-08-06
Q7Z7B8,DB128_HUMAN,Q7Z7B8,unclassified,active,true,,e22d7643ea01abd0dce415e74faf002186e13ae33190976f1ae61cece045fb76,2026-08-06
Q9H1M3,DB129_HUMAN,Q9H1M3,unclassified,active,true,,e22d7643ea01abd0dce415e74faf002186e13ae33190976f1ae61cece045fb76,2026-08-06
Q30KQ2,DB130_HUMAN,Q30KQ2,unclassified,inactive,false,uniprot_inactive,e22d7643ea01abd0dce415e74faf002186e13ae33190976f1ae61cece045fb76,2026-08-06
P59861,DB131_HUMAN,P59861,unclassified,active,true,,e22d7643ea01abd0dce415e74faf002186e13ae33190976f1ae61cece045fb76,2026-08-06
Q7Z7B7,DB132_HUMAN,Q7Z7B7,unclassified,active,true,,e22d7643ea01abd0dce415e74faf002186e13ae33190976f1ae61cece045fb76,2026-08-06
Q30KQ1,DB133_HUMAN,Q30KQ1,unclassified,active,true,,e22d7643ea01abd0dce415e74faf002186e13ae33190976f1ae61cece045fb76,2026-08-06
Q4QY38,DB134_HUMAN,Q4QY38,unclassified,active,true,,e22d7643ea01abd0dce415e74faf002186e13ae33190976f1ae61cece045fb76,2026-08-06
Q30KP9,DB135_HUMAN,Q30KP9,unclassified,active,true,,e22d7643ea01abd0dce415e74faf002186e13ae33190976f1ae61cece045fb76,2026-08-06
Q30KP8,DB136_HUMAN,Q30KP8,unclassified,active,true,,e22d7643ea01abd0dce415e74faf002186e13ae33190976f1ae61cece045fb76,2026-08-06
Q5H9S7,DCA17_HUMAN,Q5H9S7,non_surface,active,true,,e22d7643ea01abd0dce415e74faf002186e13ae33190976f1ae61cece045fb76,2026-08-06
Q96JK2,DCAF5_HUMAN,Q96JK2,unclassified,active,true,,e22d7643ea01abd0dce415e74faf002186e13ae33190976f1ae61cece045fb76,2026-08-06
Q8WVC6,DCAKD_HUMAN,Q8WVC6,non_surface,active,true,,e22d7643ea01abd0dce415e74faf002186e13ae33190976f1ae61cece045fb76,2026-08-06
Q8N8Z6,DCBD1_HUMAN,Q8N8Z6,surface,active,true,,e22d7643ea01abd0dce415e74faf002186e13ae33190976f1ae61cece045fb76,2026-08-06
Q96PD2,DCBD2_HUMAN,Q96PD2,surface,active,true,,e22d7643ea01abd0dce415e74faf002186e13ae33190976f1ae61cece045fb76,2026-08-06
P43146,DCC_HUMAN,P43146,surface,active,true,,e22d7643ea01abd0dce415e74faf002186e13ae33190976f1ae61cece045fb76,2026-08-06
P81605,DCD_HUMAN,P81605,unclassified,active,true,,e22d7643ea01abd0dce415e74faf002186e13ae33190976f1ae61cece045fb76,2026-08-06
Q9C098,DCLK3_HUMAN,Q9C098,non_surface,active,true,,e22d7643ea01abd0dce415e74faf002186e13ae33190976f1ae61cece045fb76,2026-08-06
Q9BTE7,DCNL5_HUMAN,Q9BTE7,non_surface,active,true,,e22d7643ea01abd0dce415e74faf002186e13ae33190976f1ae61cece045fb76,2026-08-06
Q5T197,DCST1_HUMAN,Q5T197,unclassified,active,true,,e22d7643ea01abd0dce415e74faf002186e13ae33190976f1ae61cece045fb76,2026-08-06
Q5T1A1,DCST2_HUMAN,Q5T1A1,unclassified,active,true,,e22d7643ea01abd0dce415e74faf002186e13ae33190976f1ae61cece045fb76,2026-08-06
Q9H295,DCSTP_HUMAN,Q9H295,surface,active,true,,e22d7643ea01abd0dce415e74faf002186e13ae33190976f1ae61cece045fb76,2026-08-06
Q8IXT1,DDIAS_HUMAN,Q8IXT1,unclassified,active,true,,e22d7643ea01abd0dce415e74faf002186e13ae33190976f1ae61cece045fb76,2026-08-06
Q08345,DDR1_HUMAN,Q08345,surface,active,true,,e22d7643ea01abd0dce415e74faf002186e13ae33190976f1ae61cece045fb76,2026-08-06
Q16832,DDR2_HUMAN,Q16832,surface,active,true,,e22d7643ea01abd0dce415e74faf002186e13ae33190976f1ae61cece045fb76,2026-08-06
Q96HY6,DDRGK_HUMAN,Q96HY6,unclassified,active,true,,e22d7643ea01abd0dce415e74faf002186e13ae33190976f1ae61cece045fb76,2026-08-06
Q92841,DDX17_HUMAN,Q92841,unclassified,active,true,,e22d7643ea01abd0dce415e74faf002186e13ae33190976f1ae61cece045fb76,2026-08-06
Q9UHI6,DDX20_HUMAN,Q9UHI6,unclassified,active,true,,e22d7643ea01abd0dce415e74faf002186e13ae33190976f1ae61cece045fb76,2026-08-06
Q9NUL7,DDX28_HUMAN,Q9NUL7,unclassified,active,true,,e22d7643ea01abd0dce415e74faf002186e13ae33190976f1ae61cece045fb76,2026-08-06
O75398,DEAF1_HUMAN,O75398,unclassified,active,true,,e22d7643ea01abd0dce415e74faf002186e13ae33190976f1ae61cece045fb76,2026-08-06
P59665,DEF1_HUMAN,P59665,unclassified,active,true,,e22d7643ea01abd0dce415e74faf002186e13ae33190976f1ae61cece045fb76,2026-08-06
P59666,DEF3_HUMAN,P59666,unclassified,active,true,,e22d7643ea01abd0dce415e74faf002186e13ae33190976f1ae61cece045fb76,2026-08-06
P12838,DEF4_HUMAN,P12838,unclassified,active,true,,e22d7643ea01abd0dce415e74faf002186e13ae33190976f1ae61cece045fb76,2026-08-06
Q01523,DEF5_HUMAN,Q01523,unclassified,active,true,,e22d7643ea01abd0dce415e74faf002186e13ae33190976f1ae61cece045fb76,2026-08-06
Q01524,DEF6_HUMAN,Q01524,unclassified,active,true,,e22d7643ea01abd0dce415e74faf002186e13ae33190976f1ae61cece045fb76,2026-08-06
P60022,DEFB1_HUMAN,P60022,unclassified,active,true,,e22d7643ea01abd0dce415e74faf002186e13ae33190976f1ae61cece045fb76,2026-08-06
Q9HBH1,DEFM_HUMAN,Q9HBH1,unclassified,active,true,,e22d7643ea01abd0dce415e74faf002186e13ae33190976f1ae61cece045fb76,2026-08-06
O15121,DEGS1_HUMAN,O15121,non_surface,active,true,,e22d7643ea01abd0dce415e74faf002186e13ae33190976f1ae61cece045fb76,2026-08-06
Q6QHC5,DEGS2_HUMAN,Q6QHC5,non_surface,active,true,,e22d7643ea01abd0dce415e74faf002186e13ae33190976f1ae61cece045fb76,2026-08-06
Q5VZ89,DEN4C_HUMAN,Q5VZ89,non_surface,active,true,,e22d7643ea01abd0dce415e74faf002186e13ae33190976f1ae61cece045fb76,2026-08-06
Q6ZUT9,DEN5B_HUMAN,Q6ZUT9,non_surface,active,true,,e22d7643ea01abd0dce415e74faf002186e13ae33190976f1ae61cece045fb76,2026-08-06
A2RUS2,DEND3_HUMAN,A2RUS2,non_surface,active,true,,e22d7643ea01abd0dce415e74faf002186e13ae33190976f1ae61cece045fb76,2026-08-06
Q9NTK1,DEPP_HUMAN,Q9NTK1,unclassified,active,true,,e22d7643ea01abd0dce415e74faf002186e13ae33190976f1ae61cece045fb76,2026-08-06
Q9BUN8,DERL1_HUMAN,Q9BUN8,non_surface,active,true,,e22d7643ea01abd0dce415e74faf002186e13ae33190976f1ae61cece045fb76,2026-08-06
Q9GZP9,DERL2_HUMAN,Q9GZP9,non_surface,active,true,,e22d7643ea01abd0dce415e74faf002186e13ae33190976f1ae61cece045fb76,2026-08-06
Q96Q80,DERL3_HUMAN,Q96Q80,non_surface,active,true,,e22d7643ea01abd0dce415e74faf002186e13ae33190976f1ae61cece045fb76,2026-08-06
Q07507,DERM_HUMAN,Q07507,unclassified,active,true,,e22d7643ea01abd0dce415e74faf002186e13ae33190976f1ae61cece045fb76,2026-08-06
O95424,DEXI_HUMAN,O95424,non_surface,active,true,,e22d7643ea01abd0dce415e74faf002186e13ae33190976f1ae61cece045fb76,2026-08-06
O15263,DFB4A_HUMAN,O15263,unclassified,active,true,,e22d7643ea01abd0dce415e74faf002186e13ae33190976f1ae61cece045fb76,2026-08-06
Q6ZPD8,DG2L6_HUMAN,Q6ZPD8,non_surface,active,true,,e22d7643ea01abd0dce415e74faf002186e13ae33190976f1ae61cece045fb76,2026-08-06
Q6IED9,DG2L7_HUMAN,Q6IED9,unclassified,inactive,false,uniprot_inactive,e22d7643ea01abd0dce415e74faf002186e13ae33190976f1ae61cece045fb76,2026-08-06
O75907,DGAT1_HUMAN,O75907,non_surface,active,true,,e22d7643ea01abd0dce415e74faf002186e13ae33190976f1ae61cece045fb76,2026-08-06
Q96PD7,DGAT2_HUMAN,Q96PD7,non_surface,active,true,,e22d7643ea01abd0dce415e74faf002186e13ae33190976f1ae61cece045fb76,2026-08-06
P52429,DGKE_HUMAN,P52429,non_surface,active,true,,e22d7643ea01abd0dce415e74faf002186e13ae33190976f1ae61cece045fb76,2026-08-06
Q9Y4D2,DGLA_HUMAN,Q9Y4D2,surface,active,true,,e22d7643ea01abd0dce415e74faf002186e13ae33190976f1ae61cece045fb76,2026-08-06
Q8NCG7,DGLB_HUMAN,Q8NCG7,surface,active,true,,e22d7643ea01abd0dce415e74faf002186e13ae33190976f1ae61cece045fb76,2026-08-06
Q8NBQ5,DHB11_HUMAN,Q8NBQ5,unclassified,active,true,,e22d7643ea01abd0dce415e74faf002186e13ae33190976f1ae61cece045fb76,2026-08-06
Q53GQ0,DHB12_HUMAN,Q53GQ0,non_surface,active,true,,e22d7643ea01abd0dce415e74faf002186e13ae33190976f1ae61cece045fb76,2026-08-06
Q7Z5P4,DHB13_HUMAN,Q7Z5P4,unclassified,active,true,,e22d7643ea01abd0dce415e74faf002186e13ae33190976f1ae61cece045fb76,2026-08-06
P14061,DHB1_HUMAN,P14061,unclassified,active,true,,e22d7643ea01abd0dce415e74faf002186e13ae33190976f1ae61cece045fb76,2026-08-06
P37059,DHB2_HUMAN,P37059,non_surface,active,true,,e22d7643ea01abd0dce415e74faf002186e13ae33190976f1ae61cece045fb76,2026-08-06
P37058,DHB3_HUMAN,P37058,unclassified,active,true,,e22d7643ea01abd0dce415e74faf002186e13ae33190976f1ae61cece045fb76,2026-08-06
P51659,DHB4_HUMAN,P51659,unclassified,active,true,,e22d7643ea01abd0dce415e74faf002186e13ae33190976f1ae61cece045fb76,2026-08-06
P56937,DHB7_HUMAN,P56937,non_surface,active,true,,e22d7643ea01abd0dce415e74faf002186e13ae33190976f1ae61cece045fb76,2026-08-06
Q15392,DHC24_HUMAN,Q15392,non_surface,active,true,,e22d7643ea01abd0dce415e74faf002186e13ae33190976f1ae61cece045fb76,2026-08-06
Q9UBM7,DHCR7_HUMAN,Q9UBM7,non_surface,active,true,,e22d7643ea01abd0dce415e74faf002186e13ae33190976f1ae61cece045fb76,2026-08-06
P00367,DHE3_HUMAN,P00367,unclassified,active,true,,e22d7643ea01abd0dce415e74faf002186e13ae33190976f1ae61cece045fb76,2026-08-06
O43323,DHH_HUMAN,O43323,unclassified,active,true,,e22d7643ea01abd0dce415e74faf002186e13ae33190976f1ae61cece045fb76,2026-08-06
Q7Z5J1,DHI1L_HUMAN,Q7Z5J1,unclassified,active,true,,e22d7643ea01abd0dce415e74faf002186e13ae33190976f1ae61cece045fb76,2026-08-06
P28845,DHI1_HUMAN,P28845,non_surface,active,true,,e22d7643ea01abd0dce415e74faf002186e13ae33190976f1ae61cece045fb76,2026-08-06
P80365,DHI2_HUMAN,P80365,non_surface,active,true,,e22d7643ea01abd0dce415e74faf002186e13ae33190976f1ae61cece045fb76,2026-08-06
Q6UWP2,DHR11_HUMAN,Q6UWP2,unclassified,active,true,,e22d7643ea01abd0dce415e74faf002186e13ae33190976f1ae61cece045fb76,2026-08-06
Q6UX07,DHR13_HUMAN,Q6UX07,unclassified,active,true,,e22d7643ea01abd0dce415e74faf002186e13ae33190976f1ae61cece045fb76,2026-08-06
O75911,DHRS3_HUMAN,O75911,non_surface,active,true,,e22d7643ea01abd0dce415e74faf002186e13ae33190976f1ae61cece045fb76,2026-08-06
Q9BTZ2,DHRS4_HUMAN,Q9BTZ2,unclassified,active,true,,e22d7643ea01abd0dce415e74faf002186e13ae33190976f1ae61cece045fb76,2026-08-06
Q9Y394,DHRS7_HUMAN,Q9Y394,unclassified,active,true,,e22d7643ea01abd0dce415e74faf002186e13ae33190976f1ae61cece045fb76,2026-08-06
Q9BPW9,DHRS9_HUMAN,Q9BPW9,unclassified,active,true,,e22d7643ea01abd0dce415e74faf002186e13ae33190976f1ae61cece045fb76,2026-08-06
Q8N5I4,DHRSX_HUMAN,Q8N5I4,unclassified,active,true,,e22d7643ea01abd0dce415e74faf002186e13ae33190976f1ae61cece045fb76,2026-08-06
O14521,DHSD_HUMAN,O14521,non_surface,active,true,,e22d7643ea01abd0dce415e74faf002186e13ae33190976f1ae61cece045fb76,2026-08-06
Q7Z478,DHX29_HUMAN,Q7Z478,unclassified,active,true,,e22d7643ea01abd0dce415e74faf002186e13ae33190976f1ae61cece045fb76,2026-08-06
Q9H2U1,DHX36_HUMAN,Q9H2U1,non_surface,active,true,,e22d7643ea01abd0dce415e74faf002186e13ae33190976f1ae61cece045fb76,2026-08-06
Q14562,DHX8_HUMAN,Q14562,unclassified,active,true,,e22d7643ea01abd0dce415e74faf002186e13ae33190976f1ae61cece045fb76,2026-08-06
Q9H7Y0,DIA1R_HUMAN,Q9H7Y0,unclassified,active,true,,e22d7643ea01abd0dce415e74faf002186e13ae33190976f1ae61cece045fb76,2026-08-06
Q8NDZ4,DIA1_HUMAN,Q8NDZ4,unclassified,active,true,,e22d7643ea01abd0dce415e74faf002186e13ae33190976f1ae61cece045fb76,2026-08-06
Q01459,DIAC_HUMAN,Q01459,unclassified,active,true,,e22d7643ea01abd0dce415e74faf002186e13ae33190976f1ae61cece045fb76,2026-08-06
Q9Y2E4,DIP2C_HUMAN,Q9Y2E4,non_surface,active,true,,e22d7643ea01abd0dce415e74faf002186e13ae33190976f1ae61cece045fb76,2026-08-06
Q96SL1,DIRC2_HUMAN,Q96SL1,surface,active,true,,e22d7643ea01abd0dce415e74faf002186e13ae33190976f1ae61cece045fb76,2026-08-06
Q96F81,DISP1_HUMAN,Q96F81,surface,active,true,,e22d7643ea01abd0dce415e74faf002186e13ae33190976f1ae61cece045fb76,2026-08-06
A7MBM2,DISP2_HUMAN,A7MBM2,surface,active,true,,e22d7643ea01abd0dce415e74faf002186e13ae33190976f1ae61cece045fb76,2026-08-06
Q9UBS4,DJB11_HUMAN,Q9UBS4,unclassified,active,true,,e22d7643ea01abd0dce415e74faf002186e13ae33190976f1ae61cece045fb76,2026-08-06
Q9NXW2,DJB12_HUMAN,Q9NXW2,non_surface,active,true,,e22d7643ea01abd0dce415e74faf002186e13ae33190976f1ae61cece045fb76,2026-08-06
Q8TBM8,DJB14_HUMAN,Q8TBM8,non_surface,active,true,,e22d7643ea01abd0dce415e74faf002186e13ae33190976f1ae61cece045fb76,2026-08-06
Q8IXB1,DJC10_HUMAN,Q8IXB1,unclassified,active,true,,e22d7643ea01abd0dce415e74faf002186e13ae33190976f1ae61cece045fb76,2026-08-06
Q9NVH1,DJC11_HUMAN,Q9NVH1,non_surface,active,true,,e22d7643ea01abd0dce415e74faf002186e13ae33190976f1ae61cece045fb76,2026-08-06
O75165,DJC13_HUMAN,O75165,non_surface,active,true,,e22d7643ea01abd0dce415e74faf002186e13ae33190976f1ae61cece045fb76,2026-08-06
Q6Y2X3,DJC14_HUMAN,Q6Y2X3,non_surface,active,true,,e22d7643ea01abd0dce415e74faf002186e13ae33190976f1ae61cece045fb76,2026-08-06
Q9Y5T4,DJC15_HUMAN,Q9Y5T4,non_surface,active,true,,e22d7643ea01abd0dce415e74faf002186e13ae33190976f1ae61cece045fb76,2026-08-06
Q9Y2G8,DJC16_HUMAN,Q9Y2G8,unclassified,active,true,,e22d7643ea01abd0dce415e74faf002186e13ae33190976f1ae61cece045fb76,2026-08-06
Q9H819,DJC18_HUMAN,Q9H819,unclassified,active,true,,e22d7643ea01abd0dce415e74faf002186e13ae33190976f1ae61cece045fb76,2026-08-06
Q8N4W6,DJC22_HUMAN,Q8N4W6,non_surface,active,true,,e22d7643ea01abd0dce415e74faf002186e13ae33190976f1ae61cece045fb76,2026-08-06
Q9H1X3,DJC25_HUMAN,Q9H1X3,non_surface,active,true,,e22d7643ea01abd0dce415e74faf002186e13ae33190976f1ae61cece045fb76,2026-08-06
Q96LL9,DJC30_HUMAN,Q96LL9,non_surface,active,true,,e22d7643ea01abd0dce415e74faf002186e13ae33190976f1ae61cece045fb76,2026-08-06
O94907,DKK1_HUMAN,O94907,unclassified,active,true,,e22d7643ea01abd0dce415e74faf002186e13ae33190976f1ae61cece045fb76,2026-08-06
Q9UBU2,DKK2_HUMAN,Q9UBU2,unclassified,active,true,,e22d7643ea01abd0dce415e74faf002186e13ae33190976f1ae61cece045fb76,2026-08-06
Q9UBP4,DKK3_HUMAN,Q9UBP4,unclassified,active,true,,e22d7643ea01abd0dce415e74faf002186e13ae33190976f1ae61cece045fb76,2026-08-06
Q9UBT3,DKK4_HUMAN,Q9UBT3,unclassified,active,true,,e22d7643ea01abd0dce415e74faf002186e13ae33190976f1ae61cece045fb76,2026-08-06
Q9UK85,DKKL1_HUMAN,Q9UK85,unclassified,active,true,,e22d7643ea01abd0dce415e74faf002186e13ae33190976f1ae61cece045fb76,2026-08-06
P80370,DLK1_HUMAN,P80370,surface,active,true,,e22d7643ea01abd0dce415e74faf002186e13ae33190976f1ae61cece045fb76,2026-08-06
Q6UY11,DLK2_HUMAN,Q6UY11,surface,active,true,,e22d7643ea01abd0dce415e74faf002186e13ae33190976f1ae61cece045fb76,2026-08-06
O00548,DLL1_HUMAN,O00548,surface,active,true,,e22d7643ea01abd0dce415e74faf002186e13ae33190976f1ae61cece045fb76,2026-08-06
Q9NYJ7,DLL3_HUMAN,Q9NYJ7,surface,active,true,,e22d7643ea01abd0dce415e74faf002186e13ae33190976f1ae61cece045fb76,2026-08-06
Q9NR61,DLL4_HUMAN,Q9NR61,surface,active,true,,e22d7643ea01abd0dce415e74faf002186e13ae33190976f1ae61cece045fb76,2026-08-06
P28067,DMA_HUMAN,P28067,surface,active,true,,e22d7643ea01abd0dce415e74faf002186e13ae33190976f1ae61cece045fb76,2026-08-06
Q9UGM3,DMBT1_HUMAN,Q9UGM3,unclassified,active,true,,e22d7643ea01abd0dce415e74faf002186e13ae33190976f1ae61cece045fb76,2026-08-06
P28068,DMB_HUMAN,P28068,surface,active,true,,e22d7643ea01abd0dce415e74faf002186e13ae33190976f1ae61cece045fb76,2026-08-06
Q6E0U4,DMKN_HUMAN,Q6E0U4,unclassified,active,true,,e22d7643ea01abd0dce415e74faf002186e13ae33190976f1ae61cece045fb76,2026-08-06
Q13316,DMP1_HUMAN,Q13316,unclassified,active,true,,e22d7643ea01abd0dce415e74faf002186e13ae33190976f1ae61cece045fb76,2026-08-06
Q8IXL6,DMP4_HUMAN,Q8IXL6,unclassified,active,true,,e22d7643ea01abd0dce415e74faf002186e13ae33190976f1ae61cece045fb76,2026-08-06
Q09013,DMPK_HUMAN,Q09013,non_surface,active,true,,e22d7643ea01abd0dce415e74faf002186e13ae33190976f1ae61cece045fb76,2026-08-06
Q96SC8,DMTA2_HUMAN,Q96SC8,unclassified,active,true,,e22d7643ea01abd0dce415e74faf002186e13ae33190976f1ae61cece045fb76,2026-08-06
Q8TDJ6,DMXL2_HUMAN,Q8TDJ6,non_surface,active,true,,e22d7643ea01abd0dce415e74faf002186e13ae33190976f1ae61cece045fb76,2026-08-06
P24855,DNAS1_HUMAN,P24855,unclassified,active,true,,e22d7643ea01abd0dce415e74faf002186e13ae33190976f1ae61cece045fb76,2026-08-06
Q8NFT8,DNER_HUMAN,Q8NFT8,surface,active,true,,e22d7643ea01abd0dce415e74faf002186e13ae33190976f1ae61cece045fb76,2026-08-06
Q8N7S2,DNJ5G_HUMAN,Q8N7S2,non_surface,active,true,,e22d7643ea01abd0dce415e74faf002186e13ae33190976f1ae61cece045fb76,2026-08-06
Q9UBS3,DNJB9_HUMAN,Q9UBS3,unclassified,active,true,,e22d7643ea01abd0dce415e74faf002186e13ae33190976f1ae61cece045fb76,2026-08-06
Q96KC8,DNJC1_HUMAN,Q96KC8,non_surface,active,true,,e22d7643ea01abd0dce415e74faf002186e13ae33190976f1ae61cece045fb76,2026-08-06
Q13217,DNJC3_HUMAN,Q13217,unclassified,active,true,,e22d7643ea01abd0dce415e74faf002186e13ae33190976f1ae61cece045fb76,2026-08-06
Q9NNZ3,DNJC4_HUMAN,Q9NNZ3,non_surface,active,true,,e22d7643ea01abd0dce415e74faf002186e13ae33190976f1ae61cece045fb76,2026-08-06
O00115,DNS2A_HUMAN,O00115,unclassified,active,true,,e22d7643ea01abd0dce415e74faf002186e13ae33190976f1ae61cece045fb76,2026-08-06
Q8WZ79,DNS2B_HUMAN,Q8WZ79,unclassified,active,true,,e22d7643ea01abd0dce415e74faf002186e13ae33190976f1ae61cece045fb76,2026-08-06
P49184,DNSL1_HUMAN,P49184,unclassified,active,true,,e22d7643ea01abd0dce415e74faf002186e13ae33190976f1ae61cece045fb76,2026-08-06
Q92874,DNSL2_HUMAN,Q92874,unclassified,active,true,,e22d7643ea01abd0dce415e74faf002186e13ae33190976f1ae61cece045fb76,2026-08-06
Q13609,DNSL3_HUMAN,Q13609,unclassified,active,true,,e22d7643ea01abd0dce415e74faf002186e13ae33190976f1ae61cece045fb76,2026-08-06
P06340,DOA_HUMAN,P06340,surface,active,true,,e22d7643ea01abd0dce415e74faf002186e13ae33190976f1ae61cece045fb76,2026-08-06
P13765,DOB_HUMAN,P13765,surface,active,true,,e22d7643ea01abd0dce415e74faf002186e13ae33190976f1ae61cece045fb76,2026-08-06
Q5JSL3,DOC11_HUMAN,Q5JSL3,non_surface,active,true,,e22d7643ea01abd0dce415e74faf002186e13ae33190976f1ae61cece045fb76,2026-08-06
Q8IZD9,DOCK3_HUMAN,Q8IZD9,non_surface,active,true,,e22d7643ea01abd0dce415e74faf002186e13ae33190976f1ae61cece045fb76,2026-08-06
Q8N1I0,DOCK4_HUMAN,Q8N1I0,non_surface,active,true,,e22d7643ea01abd0dce415e74faf002186e13ae33190976f1ae61cece045fb76,2026-08-06
Q9UPQ8,DOLK_HUMAN,Q9UPQ8,non_surface,active,true,,e22d7643ea01abd0dce415e74faf002186e13ae33190976f1ae61cece045fb76,2026-08-06
Q5JWR5,DOP1_HUMAN,Q5JWR5,non_surface,active,true,,e22d7643ea01abd0dce415e74faf002186e13ae33190976f1ae61cece045fb76,2026-08-06
Q9Y3R5,DOP2_HUMAN,Q9Y3R5,non_surface,active,true,,e22d7643ea01abd0dce415e74faf002186e13ae33190976f1ae61cece045fb76,2026-08-06
P09172,DOPO_HUMAN,P09172,unclassified,active,true,,e22d7643ea01abd0dce415e74faf002186e13ae33190976f1ae61cece045fb76,2026-08-06
Q86YN1,DOPP1_HUMAN,Q86YN1,non_surface,active,true,,e22d7643ea01abd0dce415e74faf002186e13ae33190976f1ae61cece045fb76,2026-08-06
Q8N350,DOS_HUMAN,Q8N350,non_surface,active,true,,e22d7643ea01abd0dce415e74faf002186e13ae33190976f1ae61cece045fb76,2026-08-06
Q1HG43,DOXA1_HUMAN,Q1HG43,surface,active,true,,e22d7643ea01abd0dce415e74faf002186e13ae33190976f1ae61cece045fb76,2026-08-06
Q1HG44,DOXA2_HUMAN,Q1HG44,non_surface,active,true,,e22d7643ea01abd0dce415e74faf002186e13ae33190976f1ae61cece045fb76,2026-08-06
P20036,DPA1_HUMAN,P20036,surface,active,true,,e22d7643ea01abd0dce415e74faf002186e13ae33190976f1ae61cece045fb76,2026-08-06
P04440,DPB1_HUMAN,P04440,surface,active,true,,e22d7643ea01abd0dce415e74faf002186e13ae33190976f1ae61cece045fb76,2026-08-06
Q3MIW9,DPCR1_HUMAN,Q3MIW9,surface,active,true,,e22d7643ea01abd0dce415e74faf002186e13ae33190976f1ae61cece045fb76,2026-08-06
P16444,DPEP1_HUMAN,P16444,surface,active,true,,e22d7643ea01abd0dce415e74faf002186e13ae33190976f1ae61cece045fb76,2026-08-06
Q9H4A9,DPEP2_HUMAN,Q9H4A9,surface,active,true,,e22d7643ea01abd0dce415e74faf002186e13ae33190976f1ae61cece045fb76,2026-08-06
Q9H4B8,DPEP3_HUMAN,Q9H4B8,surface,active,true,,e22d7643ea01abd0dce415e74faf002186e13ae33190976f1ae61cece045fb76,2026-08-06
Q9BZG8,DPH1_HUMAN,Q9BZG8,unclassified,active,true,,e22d7643ea01abd0dce415e74faf002186e13ae33190976f1ae61cece045fb76,2026-08-06
O94777,DPM2_HUMAN,O94777,non_surface,active,true,,e22d7643ea01abd0dce415e74faf002186e13ae33190976f1ae61cece045fb76,2026-08-06
Q9P2X0,DPM3_HUMAN,Q9P2X0,non_surface,active,true,,e22d7643ea01abd0dce415e74faf002186e13ae33190976f1ae61cece045fb76,2026-08-06
Q07864,DPOE1_HUMAN,Q07864,non_surface,active,true,,e22d7643ea01abd0dce415e74faf002186e13ae33190976f1ae61cece045fb76,2026-08-06
P56282,DPOE2_HUMAN,P56282,unclassified,active,true,,e22d7643ea01abd0dce415e74faf002186e13ae33190976f1ae61cece045fb76,2026-08-06
Q8N608,DPP10_HUMAN,Q8N608,surface,active,true,,e22d7643ea01abd0dce415e74faf002186e13ae33190976f1ae61cece045fb76,2026-08-06
Q9UHL4,DPP2_HUMAN,Q9UHL4,unclassified,active,true,,e22d7643ea01abd0dce415e74faf002186e13ae33190976f1ae61cece045fb76,2026-08-06
P27487,DPP4_HUMAN,P27487,surface,active,true,,e22d7643ea01abd0dce415e74faf002186e13ae33190976f1ae61cece045fb76,2026-08-06
P42658,DPP6_HUMAN,P42658,surface,active,true,,e22d7643ea01abd0dce415e74faf002186e13ae33190976f1ae61cece045fb76,2026-08-06
P01909,DQA1_HUMAN,P01909,surface,active,true,,e22d7643ea01abd0dce415e74faf002186e13ae33190976f1ae61cece045fb76,2026-08-06
P01906,DQA2_HUMAN,P01906,surface,active,true,,e22d7643ea01abd0dce415e74faf002186e13ae33190976f1ae61cece045fb76,2026-08-06
P01920,DQB1_HUMAN,P01920,surface,active,true,,e22d7643ea01abd0dce415e74faf002186e13ae33190976f1ae61cece045fb76,2026-08-06
P05538,DQB2_HUMAN,P05538,surface,active,true,,e22d7643ea01abd0dce415e74faf002186e13ae33190976f1ae61cece045fb76,2026-08-06
Q6PKH6,DR4L2_HUMAN,Q6PKH6,unclassified,active,true,,e22d7643ea01abd0dce415e74faf002186e13ae33190976f1ae61cece045fb76,2026-08-06
Q8N682,DRAM1_HUMAN,Q8N682,non_surface,active,true,,e22d7643ea01abd0dce415e74faf002186e13ae33190976f1ae61cece045fb76,2026-08-06
Q6UX65,DRAM2_HUMAN,Q6UX65,non_surface,active,true,,e22d7643ea01abd0dce415e74faf002186e13ae33190976f1ae61cece045fb76,2026-08-06
Q8NBI3,DRAXI_HUMAN,Q8NBI3,unclassified,active,true,,e22d7643ea01abd0dce415e74faf002186e13ae33190976f1ae61cece045fb76,2026-08-06
P01903,DRA_HUMAN,P01903,surface,active,true,,e22d7643ea01abd0dce415e74faf002186e13ae33190976f1ae61cece045fb76,2026-08-06
P79483,DRB3_HUMAN,P79483,surface,active,true,,e22d7643ea01abd0dce415e74faf002186e13ae33190976f1ae61cece045fb76,2026-08-06
P13762,DRB4_HUMAN,P13762,surface,active,true,,e22d7643ea01abd0dce415e74faf002186e13ae33190976f1ae61cece045fb76,2026-08-06
Q30154,DRB5_HUMAN,Q30154,surface,active,true,,e22d7643ea01abd0dce415e74faf002186e13ae33190976f1ae61cece045fb76,2026-08-06
P21728,DRD1_HUMAN,P21728,surface,active,true,,e22d7643ea01abd0dce415e74faf002186e13ae33190976f1ae61cece045fb76,2026-08-06
P14416,DRD2_HUMAN,P14416,surface,active,true,,e22d7643ea01abd0dce415e74faf002186e13ae33190976f1ae61cece045fb76,2026-08-06
P35462,DRD3_HUMAN,P35462,surface,active,true,,e22d7643ea01abd0dce415e74faf002186e13ae33190976f1ae61cece045fb76,2026-08-06
P21917,DRD4_HUMAN,P21917,surface,active,true,,e22d7643ea01abd0dce415e74faf002186e13ae33190976f1ae61cece045fb76,2026-08-06
P21918,DRD5_HUMAN,P21918,surface,active,true,,e22d7643ea01abd0dce415e74faf002186e13ae33190976f1ae61cece045fb76,2026-08-06
Q6IAN0,DRS7B_HUMAN,Q6IAN0,non_surface,active,true,,e22d7643ea01abd0dce415e74faf002186e13ae33190976f1ae61cece045fb76,2026-08-06
A6NNS2,DRS7C_HUMAN,A6NNS2,unclassified,active,true,,e22d7643ea01abd0dce415e74faf002186e13ae33190976f1ae61cece045fb76,2026-08-06
Q6B8I1,DS13A_HUMAN,Q6B8I1,non_surface,active,true,,e22d7643ea01abd0dce415e74faf002186e13ae33190976f1ae61cece045fb76,2026-08-06
C9JQL5,DSA2D_HUMAN,C9JQL5,unclassified,active,true,,e22d7643ea01abd0dce415e74faf002186e13ae33190976f1ae61cece045fb76,2026-08-06
P59022,DSC10_HUMAN,P59022,unclassified,active,true,,e22d7643ea01abd0dce415e74faf002186e13ae33190976f1ae61cece045fb76,2026-08-06
Q08554,DSC1_HUMAN,Q08554,surface,active,true,,e22d7643ea01abd0dce415e74faf002186e13ae33190976f1ae61cece045fb76,2026-08-06
Q02487,DSC2_HUMAN,Q02487,surface,active,true,,e22d7643ea01abd0dce415e74faf002186e13ae33190976f1ae61cece045fb76,2026-08-06
Q14574,DSC3_HUMAN,Q14574,surface,active,true,,e22d7643ea01abd0dce415e74faf002186e13ae33190976f1ae61cece045fb76,2026-08-06
O60469,DSCAM_HUMAN,O60469,surface,active,true,,e22d7643ea01abd0dce415e74faf002186e13ae33190976f1ae61cece045fb76,2026-08-06
Q8TD84,DSCL1_HUMAN,Q8TD84,surface,active,true,,e22d7643ea01abd0dce415e74faf002186e13ae33190976f1ae61cece045fb76,2026-08-06
Q8IZU8,DSEL_HUMAN,Q8IZU8,unclassified,active,true,,e22d7643ea01abd0dce415e74faf002186e13ae33190976f1ae61cece045fb76,2026-08-06
Q9UL01,DSE_HUMAN,Q9UL01,unclassified,active,true,,e22d7643ea01abd0dce415e74faf002186e13ae33190976f1ae61cece045fb76,2026-08-06
Q02413,DSG1_HUMAN,Q02413,surface,active,true,,e22d7643ea01abd0dce415e74faf002186e13ae33190976f1ae61cece045fb76,2026-08-06
Q14126,DSG2_HUMAN,Q14126,surface,active,true,,e22d7643ea01abd0dce415e74faf002186e13ae33190976f1ae61cece045fb76,2026-08-06
P32926,DSG3_HUMAN,P32926,surface,active,true,,e22d7643ea01abd0dce415e74faf002186e13ae33190976f1ae61cece045fb76,2026-08-06
Q86SJ6,DSG4_HUMAN,Q86SJ6,surface,active,true,,e22d7643ea01abd0dce415e74faf002186e13ae33190976f1ae61cece045fb76,2026-08-06
Q9NZW4,DSPP_HUMAN,Q9NZW4,unclassified,active,true,,e22d7643ea01abd0dce415e74faf002186e13ae33190976f1ae61cece045fb76,2026-08-06
Q9NRD9,DUOX1_HUMAN,Q9NRD9,surface,active,true,,e22d7643ea01abd0dce415e74faf002186e13ae33190976f1ae61cece045fb76,2026-08-06
Q9NRD8,DUOX2_HUMAN,Q9NRD8,surface,active,true,,e22d7643ea01abd0dce415e74faf002186e13ae33190976f1ae61cece045fb76,2026-08-06
Q5VZP5,DUS27_HUMAN,Q5VZP5,non_surface,active,true,,e22d7643ea01abd0dce415e74faf002186e13ae33190976f1ae61cece045fb76,2026-08-06
Q0VDD8,DYH14_HUMAN,Q0VDD8,unclassified,active,true,,e22d7643ea01abd0dce415e74faf002186e13ae33190976f1ae61cece045fb76,2026-08-06
Q9P225,DYH2_HUMAN,Q9P225,non_surface,active,true,,e22d7643ea01abd0dce415e74faf002186e13ae33190976f1ae61cece045fb76,2026-08-06
Q9NYC9,DYH9_HUMAN,Q9NYC9,non_surface,active,true,,e22d7643ea01abd0dce415e74faf002186e13ae33190976f1ae61cece045fb76,2026-08-06
Q7RTS9,DYM_HUMAN,Q7RTS9,non_surface,active,true,,e22d7643ea01abd0dce415e74faf002186e13ae33190976f1ae61cece045fb76,2026-08-06
Q8N1N2,DYNAP_HUMAN,Q8N1N2,surface,active,true,,e22d7643ea01abd0dce415e74faf002186e13ae33190976f1ae61cece045fb76,2026-08-06
O75923,DYSF_HUMAN,O75923,non_surface,active,true,,e22d7643ea01abd0dce415e74faf002186e13ae33190976f1ae61cece045fb76,2026-08-06
Q9NZJ5,E2AK3_HUMAN,Q9NZJ5,non_surface,active,true,,e22d7643ea01abd0dce415e74faf002186e13ae33190976f1ae61cece045fb76,2026-08-06
Q9Y2J2,E41L3_HUMAN,Q9Y2J2,non_surface,active,true,,e22d7643ea01abd0dce415e74faf002186e13ae33190976f1ae61cece045fb76,2026-08-06
P43003,EAA1_HUMAN,P43003,surface,active,true,,e22d7643ea01abd0dce415e74faf002186e13ae33190976f1ae61cece045fb76,2026-08-06
P43004,EAA2_HUMAN,P43004,surface,active,true,,e22d7643ea01abd0dce415e74faf002186e13ae33190976f1ae61cece045fb76,2026-08-06
P43005,EAA3_HUMAN,P43005,surface,active,true,,e22d7643ea01abd0dce415e74faf002186e13ae33190976f1ae61cece045fb76,2026-08-06
P48664,EAA4_HUMAN,P48664,surface,active,true,,e22d7643ea01abd0dce415e74faf002186e13ae33190976f1ae61cece045fb76,2026-08-06
O00341,EAA5_HUMAN,O00341,surface,active,true,,e22d7643ea01abd0dce415e74faf002186e13ae33190976f1ae61cece045fb76,2026-08-06
P0CF75,EBLN1_HUMAN,P0CF75,non_surface,active,true,,e22d7643ea01abd0dce415e74faf002186e13ae33190976f1ae61cece045fb76,2026-08-06
Q9BY08,EBPL_HUMAN,Q9BY08,non_surface,active,true,,e22d7643ea01abd0dce415e74faf002186e13ae33190976f1ae61cece045fb76,2026-08-06
Q15125,EBP_HUMAN,Q15125,surface,active,true,,e22d7643ea01abd0dce415e74faf002186e13ae33190976f1ae61cece045fb76,2026-08-06
P42892,ECE1_HUMAN,P42892,surface,active,true,,e22d7643ea01abd0dce415e74faf002186e13ae33190976f1ae61cece045fb76,2026-08-06
O60344,ECE2_HUMAN,O60344,non_surface,inactive,false,uniprot_inactive,e22d7643ea01abd0dce415e74faf002186e13ae33190976f1ae61cece045fb76,2026-08-06
O95672,ECEL1_HUMAN,O95672,unclassified,active,true,,e22d7643ea01abd0dce415e74faf002186e13ae33190976f1ae61cece045fb76,2026-08-06
Q96DC8,ECHD3_HUMAN,Q96DC8,unclassified,active,true,,e22d7643ea01abd0dce415e74faf002186e13ae33190976f1ae61cece045fb76,2026-08-06
Q16610,ECM1_HUMAN,Q16610,unclassified,active,true,,e22d7643ea01abd0dce415e74faf002186e13ae33190976f1ae61cece045fb76,2026-08-06
O94769,ECM2_HUMAN,O94769,unclassified,active,true,,e22d7643ea01abd0dce415e74faf002186e13ae33190976f1ae61cece045fb76,2026-08-06
P12724,ECP_HUMAN,P12724,unclassified,active,true,,e22d7643ea01abd0dce415e74faf002186e13ae33190976f1ae61cece045fb76,2026-08-06
Q19T08,ECSCR_HUMAN,Q19T08,surface,active,true,,e22d7643ea01abd0dce415e74faf002186e13ae33190976f1ae61cece045fb76,2026-08-06
Q9UNE0,EDAR_HUMAN,Q9UNE0,surface,active,true,,e22d7643ea01abd0dce415e74faf002186e13ae33190976f1ae61cece045fb76,2026-08-06
Q92838,EDA_HUMAN,Q92838,surface,active,true,,e22d7643ea01abd0dce415e74faf002186e13ae33190976f1ae61cece045fb76,2026-08-06
Q92611,EDEM1_HUMAN,Q92611,non_surface,active,true,,e22d7643ea01abd0dce415e74faf002186e13ae33190976f1ae61cece045fb76,2026-08-06
Q9BV94,EDEM2_HUMAN,Q9BV94,unclassified,active,true,,e22d7643ea01abd0dce415e74faf002186e13ae33190976f1ae61cece045fb76,2026-08-06
Q9BZQ6,EDEM3_HUMAN,Q9BZQ6,unclassified,active,true,,e22d7643ea01abd0dce415e74faf002186e13ae33190976f1ae61cece045fb76,2026-08-06
O43854,EDIL3_HUMAN,O43854,unclassified,active,true,,e22d7643ea01abd0dce415e74faf002186e13ae33190976f1ae61cece045fb76,2026-08-06
P05305,EDN1_HUMAN,P05305,unclassified,active,true,,e22d7643ea01abd0dce415e74faf002186e13ae33190976f1ae61cece045fb76,2026-08-06
P20800,EDN2_HUMAN,P20800,unclassified,active,true,,e22d7643ea01abd0dce415e74faf002186e13ae33190976f1ae61cece045fb76,2026-08-06
P14138,EDN3_HUMAN,P14138,unclassified,active,true,,e22d7643ea01abd0dce415e74faf002186e13ae33190976f1ae61cece045fb76,2026-08-06
P25101,EDNRA_HUMAN,P25101,surface,active,true,,e22d7643ea01abd0dce415e74faf002186e13ae33190976f1ae61cece045fb76,2026-08-06
P24530,EDNRB_HUMAN,P24530,surface,active,true,,e22d7643ea01abd0dce415e74faf002186e13ae33190976f1ae61cece045fb76,2026-08-06
O75071,EFC14_HUMAN,O75071,unclassified,active,true,,e22d7643ea01abd0dce415e74faf002186e13ae33190976f1ae61cece045fb76,2026-08-06
P60507,EFC1_HUMAN,P60507,surface,active,true,,e22d7643ea01abd0dce415e74faf002186e13ae33190976f1ae61cece045fb76,2026-08-06
P60608,EFC2_HUMAN,P60608,unclassified,active,true,,e22d7643ea01abd0dce415e74faf002186e13ae33190976f1ae61cece045fb76,2026-08-06
Q96RP9,EFGM_HUMAN,Q96RP9,unclassified,active,true,,e22d7643ea01abd0dce415e74faf002186e13ae33190976f1ae61cece045fb76,2026-08-06
P20827,EFNA1_HUMAN,P20827,surface,active,true,,e22d7643ea01abd0dce415e74faf002186e13ae33190976f1ae61cece045fb76,2026-08-06
O43921,EFNA2_HUMAN,O43921,surface,active,true,,e22d7643ea01abd0dce415e74faf002186e13ae33190976f1ae61cece045fb76,2026-08-06
P52797,EFNA3_HUMAN,P52797,surface,active,true,,e22d7643ea01abd0dce415e74faf002186e13ae33190976f1ae61cece045fb76,2026-08-06
P52798,EFNA4_HUMAN,P52798,surface,active,true,,e22d7643ea01abd0dce415e74faf002186e13ae33190976f1ae61cece045fb76,2026-08-06
P52803,EFNA5_HUMAN,P52803,surface,active,true,,e22d7643ea01abd0dce415e74faf002186e13ae33190976f1ae61cece045fb76,2026-08-06
P98172,EFNB1_HUMAN,P98172,surface,active,true,,e22d7643ea01abd0dce415e74faf002186e13ae33190976f1ae61cece045fb76,2026-08-06
P52799,EFNB2_HUMAN,P52799,surface,active,true,,e22d7643ea01abd0dce415e74faf002186e13ae33190976f1ae61cece045fb76,2026-08-06
Q15768,EFNB3_HUMAN,Q15768,surface,active,true,,e22d7643ea01abd0dce415e74faf002186e13ae33190976f1ae61cece045fb76,2026-08-06
Q8IUX8,EGFL6_HUMAN,Q8IUX8,unclassified,active,true,,e22d7643ea01abd0dce415e74faf002186e13ae33190976f1ae61cece045fb76,2026-08-06
Q9UHF1,EGFL7_HUMAN,Q9UHF1,unclassified,active,true,,e22d7643ea01abd0dce415e74faf002186e13ae33190976f1ae61cece045fb76,2026-08-06
Q99944,EGFL8_HUMAN,Q99944,unclassified,active,true,,e22d7643ea01abd0dce415e74faf002186e13ae33190976f1ae61cece045fb76,2026-08-06
Q63HQ2,EGFLA_HUMAN,Q63HQ2,unclassified,active,true,,e22d7643ea01abd0dce415e74faf002186e13ae33190976f1ae61cece045fb76,2026-08-06
P00533,EGFR_HUMAN,P00533,surface,active,true,,e22d7643ea01abd0dce415e74faf002186e13ae33190976f1ae61cece045fb76,2026-08-06
P01133,EGF_HUMAN,P01133,surface,active,true,,e22d7643ea01abd0dce415e74faf002186e13ae33190976f1ae61cece045fb76,2026-08-06
P17813,EGLN_HUMAN,P17813,surface,active,true,,e22d7643ea01abd0dce415e74faf002186e13ae33190976f1ae61cece045fb76,2026-08-06
Q96KQ7,EHMT2_HUMAN,Q96KQ7,unclassified,active,true,,e22d7643ea01abd0dce415e74faf002186e13ae33190976f1ae61cece045fb76,2026-08-06
O14681,EI24_HUMAN,O14681,non_surface,active,true,,e22d7643ea01abd0dce415e74faf002186e13ae33190976f1ae61cece045fb76,2026-08-06
Q8N140,EID3_HUMAN,Q8N140,non_surface,active,true,,e22d7643ea01abd0dce415e74faf002186e13ae33190976f1ae61cece045fb76,2026-08-06
Q9HBU6,EKI1_HUMAN,Q9HBU6,unclassified,active,true,,e22d7643ea01abd0dce415e74faf002186e13ae33190976f1ae61cece045fb76,2026-08-06
P19957,ELAF_HUMAN,P19957,unclassified,active,true,,e22d7643ea01abd0dce415e74faf002186e13ae33190976f1ae61cece045fb76,2026-08-06
P0DMC3,ELA_HUMAN,P0DMC3,unclassified,active,true,,e22d7643ea01abd0dce415e74faf002186e13ae33190976f1ae61cece045fb76,2026-08-06
P0C7U0,ELFN1_HUMAN,P0C7U0,surface,active,true,,e22d7643ea01abd0dce415e74faf002186e13ae33190976f1ae61cece045fb76,2026-08-06
Q8N336,ELMD1_HUMAN,Q8N336,non_surface,active,true,,e22d7643ea01abd0dce415e74faf002186e13ae33190976f1ae61cece045fb76,2026-08-06
P08246,ELNE_HUMAN,P08246,unclassified,active,true,,e22d7643ea01abd0dce415e74faf002186e13ae33190976f1ae61cece045fb76,2026-08-06
P15502,ELN_HUMAN,P15502,unclassified,active,true,,e22d7643ea01abd0dce415e74faf002186e13ae33190976f1ae61cece045fb76,2026-08-06
Q9BW60,ELOV1_HUMAN,Q9BW60,non_surface,active,true,,e22d7643ea01abd0dce415e74faf002186e13ae33190976f1ae61cece045fb76,2026-08-06
Q9NXB9,ELOV2_HUMAN,Q9NXB9,non_surface,active,true,,e22d7643ea01abd0dce415e74faf002186e13ae33190976f1ae61cece045fb76,2026-08-06
Q9HB03,ELOV3_HUMAN,Q9HB03,non_surface,active,true,,e22d7643ea01abd0dce415e74faf002186e13ae33190976f1ae61cece045fb76,2026-08-06
Q9GZR5,ELOV4_HUMAN,Q9GZR5,non_surface,active,true,,e22d7643ea01abd0dce415e74faf002186e13ae33190976f1ae61cece045fb76,2026-08-06
Q9NYP7,ELOV5_HUMAN,Q9NYP7,non_surface,active,true,,e22d7643ea01abd0dce415e74faf002186e13ae33190976f1ae61cece045fb76,2026-08-06
Q9H5J4,ELOV6_HUMAN,Q9H5J4,non_surface,active,true,,e22d7643ea01abd0dce415e74faf002186e13ae33190976f1ae61cece045fb76,2026-08-06
A1L3X0,ELOV7_HUMAN,A1L3X0,non_surface,active,true,,e22d7643ea01abd0dce415e74faf002186e13ae33190976f1ae61cece045fb76,2026-08-06
Q96EB1,ELP4_HUMAN,Q96EB1,unclassified,active,true,,e22d7643ea01abd0dce415e74faf002186e13ae33190976f1ae61cece045fb76,2026-08-06
Q9HBW9,ELTD1_HUMAN,Q9HBW9,surface,active,true,,e22d7643ea01abd0dce415e74faf002186e13ae33190976f1ae61cece045fb76,2026-08-06
O95834,EMAL2_HUMAN,O95834,non_surface,active,true,,e22d7643ea01abd0dce415e74faf002186e13ae33190976f1ae61cece045fb76,2026-08-06
Q5T6L9,EMARD_HUMAN,Q5T6L9,non_surface,active,true,,e22d7643ea01abd0dce415e74faf002186e13ae33190976f1ae61cece045fb76,2026-08-06
Q6PCB8,EMB_HUMAN,Q6PCB8,surface,active,true,,e22d7643ea01abd0dce415e74faf002186e13ae33190976f1ae61cece045fb76,2026-08-06
Q5UCC4,EMC10_HUMAN,Q5UCC4,unclassified,active,true,,e22d7643ea01abd0dce415e74faf002186e13ae33190976f1ae61cece045fb76,2026-08-06
Q8N766,EMC1_HUMAN,Q8N766,unclassified,active,true,,e22d7643ea01abd0dce415e74faf002186e13ae33190976f1ae61cece045fb76,2026-08-06
Q9P0I2,EMC3_HUMAN,Q9P0I2,non_surface,active,true,,e22d7643ea01abd0dce415e74faf002186e13ae33190976f1ae61cece045fb76,2026-08-06
Q5J8M3,EMC4_HUMAN,Q5J8M3,non_surface,active,true,,e22d7643ea01abd0dce415e74faf002186e13ae33190976f1ae61cece045fb76,2026-08-06
Q9BV81,EMC6_HUMAN,Q9BV81,non_surface,active,true,,e22d7643ea01abd0dce415e74faf002186e13ae33190976f1ae61cece045fb76,2026-08-06
Q9NPA0,EMC7_HUMAN,Q9NPA0,unclassified,active,true,,e22d7643ea01abd0dce415e74faf002186e13ae33190976f1ae61cece045fb76,2026-08-06
P50402,EMD_HUMAN,P50402,non_surface,active,true,,e22d7643ea01abd0dce415e74faf002186e13ae33190976f1ae61cece045fb76,2026-08-06
Q96A84,EMID1_HUMAN,Q96A84,unclassified,active,true,,e22d7643ea01abd0dce415e74faf002186e13ae33190976f1ae61cece045fb76,2026-08-06
Q9Y6C2,EMIL1_HUMAN,Q9Y6C2,unclassified,active,true,,e22d7643ea01abd0dce415e74faf002186e13ae33190976f1ae61cece045fb76,2026-08-06
Q9BXX0,EMIL2_HUMAN,Q9BXX0,unclassified,active,true,,e22d7643ea01abd0dce415e74faf002186e13ae33190976f1ae61cece045fb76,2026-08-06
Q9NT22,EMIL3_HUMAN,Q9NT22,unclassified,active,true,,e22d7643ea01abd0dce415e74faf002186e13ae33190976f1ae61cece045fb76,2026-08-06
P54849,EMP1_HUMAN,P54849,surface,active,true,,e22d7643ea01abd0dce415e74faf002186e13ae33190976f1ae61cece045fb76,2026-08-06
P54851,EMP2_HUMAN,P54851,surface,active,true,,e22d7643ea01abd0dce415e74faf002186e13ae33190976f1ae61cece045fb76,2026-08-06
P54852,EMP3_HUMAN,P54852,surface,active,true,,e22d7643ea01abd0dce415e74faf002186e13ae33190976f1ae61cece045fb76,2026-08-06
Q14246,EMR1_HUMAN,Q14246,surface,active,true,,e22d7643ea01abd0dce415e74faf002186e13ae33190976f1ae61cece045fb76,2026-08-06
Q9UHX3,EMR2_HUMAN,Q9UHX3,surface,active,true,,e22d7643ea01abd0dce415e74faf002186e13ae33190976f1ae61cece045fb76,2026-08-06
Q9BY15,EMR3_HUMAN,Q9BY15,surface,active,true,,e22d7643ea01abd0dce415e74faf002186e13ae33190976f1ae61cece045fb76,2026-08-06
Q86SQ3,EMR4_HUMAN,Q86SQ3,surface,active,true,,e22d7643ea01abd0dce415e74faf002186e13ae33190976f1ae61cece045fb76,2026-08-06
Q9H4I9,EMRE_HUMAN,Q9H4I9,non_surface,active,true,,e22d7643ea01abd0dce415e74faf002186e13ae33190976f1ae61cece045fb76,2026-08-06
Q902F9,EN113_HUMAN,Q902F9,surface,active,true,,e22d7643ea01abd0dce415e74faf002186e13ae33190976f1ae61cece045fb76,2026-08-06
Q9NRM1,ENAM_HUMAN,Q9NRM1,unclassified,active,true,,e22d7643ea01abd0dce415e74faf002186e13ae33190976f1ae61cece045fb76,2026-08-06
O94919,ENDD1_HUMAN,O94919,unclassified,active,true,,e22d7643ea01abd0dce415e74faf002186e13ae33190976f1ae61cece045fb76,2026-08-06
P21128,ENDOU_HUMAN,P21128,unclassified,active,true,,e22d7643ea01abd0dce415e74faf002186e13ae33190976f1ae61cece045fb76,2026-08-06
Q9N2K0,ENH1_HUMAN,Q9N2K0,surface,active,true,,e22d7643ea01abd0dce415e74faf002186e13ae33190976f1ae61cece045fb76,2026-08-06
Q9N2J8,ENH3_HUMAN,Q9N2J8,surface,active,true,,e22d7643ea01abd0dce415e74faf002186e13ae33190976f1ae61cece045fb76,2026-08-06
Q6UWT2,ENHO_HUMAN,Q6UWT2,unclassified,active,true,,e22d7643ea01abd0dce415e74faf002186e13ae33190976f1ae61cece045fb76,2026-08-06
Q9NX77,ENK13_HUMAN,Q9NX77,surface,active,true,,e22d7643ea01abd0dce415e74faf002186e13ae33190976f1ae61cece045fb76,2026-08-06
O42043,ENK18_HUMAN,O42043,surface,active,true,,e22d7643ea01abd0dce415e74faf002186e13ae33190976f1ae61cece045fb76,2026-08-06
O71037,ENK19_HUMAN,O71037,surface,active,true,,e22d7643ea01abd0dce415e74faf002186e13ae33190976f1ae61cece045fb76,2026-08-06
P61565,ENK21_HUMAN,P61565,surface,active,true,,e22d7643ea01abd0dce415e74faf002186e13ae33190976f1ae61cece045fb76,2026-08-06
P61566,ENK24_HUMAN,P61566,surface,active,true,,e22d7643ea01abd0dce415e74faf002186e13ae33190976f1ae61cece045fb76,2026-08-06
P61570,ENK25_HUMAN,P61570,surface,active,true,,e22d7643ea01abd0dce415e74faf002186e13ae33190976f1ae61cece045fb76,2026-08-06
Q69384,ENK6_HUMAN,Q69384,surface,active,true,,e22d7643ea01abd0dce415e74faf002186e13ae33190976f1ae61cece045fb76,2026-08-06
P61567,ENK7_HUMAN,P61567,surface,active,true,,e22d7643ea01abd0dce415e74faf002186e13ae33190976f1ae61cece045fb76,2026-08-06
Q902F8,ENK8_HUMAN,Q902F8,surface,active,true,,e22d7643ea01abd0dce415e74faf002186e13ae33190976f1ae61cece045fb76,2026-08-06
Q9UKH3,ENK9_HUMAN,Q9UKH3,surface,active,true,,e22d7643ea01abd0dce415e74faf002186e13ae33190976f1ae61cece045fb76,2026-08-06
P14625,ENPL_HUMAN,P14625,unclassified,active,true,,e22d7643ea01abd0dce415e74faf002186e13ae33190976f1ae61cece045fb76,2026-08-06
P22413,ENPP1_HUMAN,P22413,surface,active,true,,e22d7643ea01abd0dce415e74faf002186e13ae33190976f1ae61cece045fb76,2026-08-06
Q13822,ENPP2_HUMAN,Q13822,unclassified,active,true,,e22d7643ea01abd0dce415e74faf002186e13ae33190976f1ae61cece045fb76,2026-08-06
O14638,ENPP3_HUMAN,O14638,unclassified,active,true,,e22d7643ea01abd0dce415e74faf002186e13ae33190976f1ae61cece045fb76,2026-08-06
Q9Y6X5,ENPP4_HUMAN,Q9Y6X5,surface,active,true,,e22d7643ea01abd0dce415e74faf002186e13ae33190976f1ae61cece045fb76,2026-08-06
Q9UJA9,ENPP5_HUMAN,Q9UJA9,surface,active,true,,e22d7643ea01abd0dce415e74faf002186e13ae33190976f1ae61cece045fb76,2026-08-06
Q6UWR7,ENPP6_HUMAN,Q6UWR7,surface,active,true,,e22d7643ea01abd0dce415e74faf002186e13ae33190976f1ae61cece045fb76,2026-08-06
Q6UWV6,ENPP7_HUMAN,Q6UWV6,unclassified,active,true,,e22d7643ea01abd0dce415e74faf002186e13ae33190976f1ae61cece045fb76,2026-08-06
Q14264,ENR1_HUMAN,Q14264,unclassified,active,true,,e22d7643ea01abd0dce415e74faf002186e13ae33190976f1ae61cece045fb76,2026-08-06
P98073,ENTK_HUMAN,P98073,surface,active,true,,e22d7643ea01abd0dce415e74faf002186e13ae33190976f1ae61cece045fb76,2026-08-06
P49961,ENTP1_HUMAN,P49961,surface,active,true,,e22d7643ea01abd0dce415e74faf002186e13ae33190976f1ae61cece045fb76,2026-08-06
Q9Y5L3,ENTP2_HUMAN,Q9Y5L3,non_surface,active,true,,e22d7643ea01abd0dce415e74faf002186e13ae33190976f1ae61cece045fb76,2026-08-06
O75355,ENTP3_HUMAN,O75355,surface,active,true,,e22d7643ea01abd0dce415e74faf002186e13ae33190976f1ae61cece045fb76,2026-08-06
Q9Y227,ENTP4_HUMAN,Q9Y227,non_surface,active,true,,e22d7643ea01abd0dce415e74faf002186e13ae33190976f1ae61cece045fb76,2026-08-06
O75356,ENTP5_HUMAN,O75356,unclassified,active,true,,e22d7643ea01abd0dce415e74faf002186e13ae33190976f1ae61cece045fb76,2026-08-06
O75354,ENTP6_HUMAN,O75354,non_surface,active,true,,e22d7643ea01abd0dce415e74faf002186e13ae33190976f1ae61cece045fb76,2026-08-06
Q9NQZ7,ENTP7_HUMAN,Q9NQZ7,non_surface,active,true,,e22d7643ea01abd0dce415e74faf002186e13ae33190976f1ae61cece045fb76,2026-08-06
Q5MY95,ENTP8_HUMAN,Q5MY95,unclassified,active,true,,e22d7643ea01abd0dce415e74faf002186e13ae33190976f1ae61cece045fb76,2026-08-06
P61550,ENVT1_HUMAN,P61550,surface,active,true,,e22d7643ea01abd0dce415e74faf002186e13ae33190976f1ae61cece045fb76,2026-08-06
Q5NDL2,EOGT_HUMAN,Q5NDL2,unclassified,active,true,,e22d7643ea01abd0dce415e74faf002186e13ae33190976f1ae61cece045fb76,2026-08-06
Q14507,EP3A_HUMAN,Q14507,unclassified,active,true,,e22d7643ea01abd0dce415e74faf002186e13ae33190976f1ae61cece045fb76,2026-08-06
P56851,EP3B_HUMAN,P56851,unclassified,active,true,,e22d7643ea01abd0dce415e74faf002186e13ae33190976f1ae61cece045fb76,2026-08-06
P16422,EPCAM_HUMAN,P16422,surface,active,true,,e22d7643ea01abd0dce415e74faf002186e13ae33190976f1ae61cece045fb76,2026-08-06
Q9UNN8,EPCR_HUMAN,Q9UNN8,surface,active,true,,e22d7643ea01abd0dce415e74faf002186e13ae33190976f1ae61cece045fb76,2026-08-06
Q9UM22,EPDR1_HUMAN,Q9UM22,unclassified,active,true,,e22d7643ea01abd0dce415e74faf002186e13ae33190976f1ae61cece045fb76,2026-08-06
Q6UW88,EPGN_HUMAN,Q6UW88,surface,active,true,,e22d7643ea01abd0dce415e74faf002186e13ae33190976f1ae61cece045fb76,2026-08-06
P21709,EPHA1_HUMAN,P21709,surface,active,true,,e22d7643ea01abd0dce415e74faf002186e13ae33190976f1ae61cece045fb76,2026-08-06
P29317,EPHA2_HUMAN,P29317,surface,active,true,,e22d7643ea01abd0dce415e74faf002186e13ae33190976f1ae61cece045fb76,2026-08-06
P29320,EPHA3_HUMAN,P29320,surface,active,true,,e22d7643ea01abd0dce415e74faf002186e13ae33190976f1ae61cece045fb76,2026-08-06
P54764,EPHA4_HUMAN,P54764,surface,active,true,,e22d7643ea01abd0dce415e74faf002186e13ae33190976f1ae61cece045fb76,2026-08-06
P54756,EPHA5_HUMAN,P54756,surface,active,true,,e22d7643ea01abd0dce415e74faf002186e13ae33190976f1ae61cece045fb76,2026-08-06
Q9UF33,EPHA6_HUMAN,Q9UF33,surface,active,true,,e22d7643ea01abd0dce415e74faf002186e13ae33190976f1ae61cece045fb76,2026-08-06
Q15375,EPHA7_HUMAN,Q15375,surface,active,true,,e22d7643ea01abd0dce415e74faf002186e13ae33190976f1ae61cece045fb76,2026-08-06
P29322,EPHA8_HUMAN,P29322,surface,active,true,,e22d7643ea01abd0dce415e74faf002186e13ae33190976f1ae61cece045fb76,2026-08-06
Q5JZY3,EPHAA_HUMAN,Q5JZY3,surface,active,true,,e22d7643ea01abd0dce415e74faf002186e13ae33190976f1ae61cece045fb76,2026-08-06
P54762,EPHB1_HUMAN,P54762,surface,active,true,,e22d7643ea01abd0dce415e74faf002186e13ae33190976f1ae61cece045fb76,2026-08-06
P29323,EPHB2_HUMAN,P29323,surface,active,true,,e22d7643ea01abd0dce415e74faf002186e13ae33190976f1ae61cece045fb76,2026-08-06
P54753,EPHB3_HUMAN,P54753,surface,active,true,,e22d7643ea01abd0dce415e74faf002186e13ae33190976f1ae61cece045fb76,2026-08-06
P54760,EPHB4_HUMAN,P54760,surface,active,true,,e22d7643ea01abd0dce415e74faf002186e13ae33190976f1ae61cece045fb76,2026-08-06
O15197,EPHB6_HUMAN,O15197,surface,active,true,,e22d7643ea01abd0dce415e74faf002186e13ae33190976f1ae61cece045fb76,2026-08-06
Q9H6B9,EPHX3_HUMAN,Q9H6B9,unclassified,active,true,,e22d7643ea01abd0dce415e74faf002186e13ae33190976f1ae61cece045fb76,2026-08-06
Q8IUS5,EPHX4_HUMAN,Q8IUS5,non_surface,active,true,,e22d7643ea01abd0dce415e74faf002186e13ae33190976f1ae61cece045fb76,2026-08-06
P19235,EPOR_HUMAN,P19235,surface,active,true,,e22d7643ea01abd0dce415e74faf002186e13ae33190976f1ae61cece045fb76,2026-08-06
P01588,EPO_HUMAN,P01588,unclassified,active,true,,e22d7643ea01abd0dce415e74faf002186e13ae33190976f1ae61cece045fb76,2026-08-06
O95925,EPPI_HUMAN,O95925,unclassified,active,true,,e22d7643ea01abd0dce415e74faf002186e13ae33190976f1ae61cece045fb76,2026-08-06
P42566,EPS15_HUMAN,P42566,unclassified,active,true,,e22d7643ea01abd0dce415e74faf002186e13ae33190976f1ae61cece045fb76,2026-08-06
Q9C0D9,EPT1_HUMAN,Q9C0D9,non_surface,active,true,,e22d7643ea01abd0dce415e74faf002186e13ae33190976f1ae61cece045fb76,2026-08-06
Q99645,EPYC_HUMAN,Q99645,unclassified,active,true,,e22d7643ea01abd0dce415e74faf002186e13ae33190976f1ae61cece045fb76,2026-08-06
Q9NQ60,EQTN_HUMAN,Q9NQ60,surface,active,true,,e22d7643ea01abd0dce415e74faf002186e13ae33190976f1ae61cece045fb76,2026-08-06
Q9NZ08,ERAP1_HUMAN,Q9NZ08,non_surface,active,true,,e22d7643ea01abd0dce415e74faf002186e13ae33190976f1ae61cece045fb76,2026-08-06
Q6P179,ERAP2_HUMAN,Q6P179,non_surface,active,true,,e22d7643ea01abd0dce415e74faf002186e13ae33190976f1ae61cece045fb76,2026-08-06
P60509,ERB1_HUMAN,P60509,surface,active,true,,e22d7643ea01abd0dce415e74faf002186e13ae33190976f1ae61cece045fb76,2026-08-06
P04626,ERBB2_HUMAN,P04626,surface,active,true,,e22d7643ea01abd0dce415e74faf002186e13ae33190976f1ae61cece045fb76,2026-08-06
P21860,ERBB3_HUMAN,P21860,surface,active,true,,e22d7643ea01abd0dce415e74faf002186e13ae33190976f1ae61cece045fb76,2026-08-06
Q15303,ERBB4_HUMAN,Q15303,surface,active,true,,e22d7643ea01abd0dce415e74faf002186e13ae33190976f1ae61cece045fb76,2026-08-06
P24390,ERD21_HUMAN,P24390,non_surface,active,true,,e22d7643ea01abd0dce415e74faf002186e13ae33190976f1ae61cece045fb76,2026-08-06
P33947,ERD22_HUMAN,P33947,non_surface,active,true,,e22d7643ea01abd0dce415e74faf002186e13ae33190976f1ae61cece045fb76,2026-08-06
O43731,ERD23_HUMAN,O43731,non_surface,active,true,,e22d7643ea01abd0dce415e74faf002186e13ae33190976f1ae61cece045fb76,2026-08-06
O14944,EREG_HUMAN,O14944,surface,active,true,,e22d7643ea01abd0dce415e74faf002186e13ae33190976f1ae61cece045fb76,2026-08-06
Q4G0M1,ERFE_HUMAN,Q4G0M1,unclassified,active,true,,e22d7643ea01abd0dce415e74faf002186e13ae33190976f1ae61cece045fb76,2026-08-06
Q14534,ERG1_HUMAN,Q14534,non_surface,active,true,,e22d7643ea01abd0dce415e74faf002186e13ae33190976f1ae61cece045fb76,2026-08-06
O76062,ERG24_HUMAN,O76062,unclassified,active,true,,e22d7643ea01abd0dce415e74faf002186e13ae33190976f1ae61cece045fb76,2026-08-06
Q9UKR5,ERG28_HUMAN,Q9UKR5,non_surface,active,true,,e22d7643ea01abd0dce415e74faf002186e13ae33190976f1ae61cece045fb76,2026-08-06
Q969X5,ERGI1_HUMAN,Q969X5,non_surface,active,true,,e22d7643ea01abd0dce415e74faf002186e13ae33190976f1ae61cece045fb76,2026-08-06
Q96RQ1,ERGI2_HUMAN,Q96RQ1,non_surface,active,true,,e22d7643ea01abd0dce415e74faf002186e13ae33190976f1ae61cece045fb76,2026-08-06
Q9Y282,ERGI3_HUMAN,Q9Y282,unclassified,active,true,,e22d7643ea01abd0dce415e74faf002186e13ae33190976f1ae61cece045fb76,2026-08-06
Q96DZ1,ERLEC_HUMAN,Q96DZ1,unclassified,active,true,,e22d7643ea01abd0dce415e74faf002186e13ae33190976f1ae61cece045fb76,2026-08-06
O75477,ERLN1_HUMAN,O75477,non_surface,active,true,,e22d7643ea01abd0dce415e74faf002186e13ae33190976f1ae61cece045fb76,2026-08-06
O94905,ERLN2_HUMAN,O94905,non_surface,active,true,,e22d7643ea01abd0dce415e74faf002186e13ae33190976f1ae61cece045fb76,2026-08-06
Q96PL5,ERMAP_HUMAN,Q96PL5,surface,active,true,,e22d7643ea01abd0dce415e74faf002186e13ae33190976f1ae61cece045fb76,2026-08-06
Q7Z2K6,ERMP1_HUMAN,Q7Z2K6,surface,active,true,,e22d7643ea01abd0dce415e74faf002186e13ae33190976f1ae61cece045fb76,2026-08-06
O75460,ERN1_HUMAN,O75460,non_surface,active,true,,e22d7643ea01abd0dce415e74faf002186e13ae33190976f1ae61cece045fb76,2026-08-06
Q76MJ5,ERN2_HUMAN,Q76MJ5,non_surface,active,true,,e22d7643ea01abd0dce415e74faf002186e13ae33190976f1ae61cece045fb76,2026-08-06
Q96HE7,ERO1A_HUMAN,Q96HE7,unclassified,active,true,,e22d7643ea01abd0dce415e74faf002186e13ae33190976f1ae61cece045fb76,2026-08-06
Q86YB8,ERO1B_HUMAN,Q86YB8,unclassified,active,true,,e22d7643ea01abd0dce415e74faf002186e13ae33190976f1ae61cece045fb76,2026-08-06
Q96DN0,ERP27_HUMAN,Q96DN0,unclassified,active,true,,e22d7643ea01abd0dce415e74faf002186e13ae33190976f1ae61cece045fb76,2026-08-06
P30040,ERP29_HUMAN,P30040,unclassified,active,true,,e22d7643ea01abd0dce415e74faf002186e13ae33190976f1ae61cece045fb76,2026-08-06
Q9BS26,ERP44_HUMAN,Q9BS26,unclassified,active,true,,e22d7643ea01abd0dce415e74faf002186e13ae33190976f1ae61cece045fb76,2026-08-06
B6SEH8,ERVV1_HUMAN,B6SEH8,surface,active,true,,e22d7643ea01abd0dce415e74faf002186e13ae33190976f1ae61cece045fb76,2026-08-06
B6SEH9,ERVV2_HUMAN,B6SEH9,surface,active,true,,e22d7643ea01abd0dce415e74faf002186e13ae33190976f1ae61cece045fb76,2026-08-06
P30042,ES1_HUMAN,P30042,unclassified,inactive,false,uniprot_inactive,e22d7643ea01abd0dce415e74faf002186e13ae33190976f1ae61cece045fb76,2026-08-06
Q96AP7,ESAM_HUMAN,Q96AP7,surface,active,true,,e22d7643ea01abd0dce415e74faf002186e13ae33190976f1ae61cece045fb76,2026-08-06
Q9NQ30,ESM1_HUMAN,Q9NQ30,unclassified,active,true,,e22d7643ea01abd0dce415e74faf002186e13ae33190976f1ae61cece045fb76,2026-08-06
Q96BH3,ESPB1_HUMAN,Q96BH3,unclassified,active,true,,e22d7643ea01abd0dce415e74faf002186e13ae33190976f1ae61cece045fb76,2026-08-06
Q14674,ESPL1_HUMAN,Q14674,non_surface,active,true,,e22d7643ea01abd0dce415e74faf002186e13ae33190976f1ae61cece045fb76,2026-08-06
Q6NXG1,ESRP1_HUMAN,Q6NXG1,unclassified,active,true,,e22d7643ea01abd0dce415e74faf002186e13ae33190976f1ae61cece045fb76,2026-08-06
P23141,EST1_HUMAN,P23141,unclassified,active,true,,e22d7643ea01abd0dce415e74faf002186e13ae33190976f1ae61cece045fb76,2026-08-06
O00748,EST2_HUMAN,O00748,unclassified,active,true,,e22d7643ea01abd0dce415e74faf002186e13ae33190976f1ae61cece045fb76,2026-08-06
Q6UWW8,EST3_HUMAN,Q6UWW8,unclassified,active,true,,e22d7643ea01abd0dce415e74faf002186e13ae33190976f1ae61cece045fb76,2026-08-06
Q5XG92,EST4A_HUMAN,Q5XG92,unclassified,active,true,,e22d7643ea01abd0dce415e74faf002186e13ae33190976f1ae61cece045fb76,2026-08-06
Q6NT32,EST5A_HUMAN,Q6NT32,unclassified,active,true,,e22d7643ea01abd0dce415e74faf002186e13ae33190976f1ae61cece045fb76,2026-08-06
Q9BSJ8,ESYT1_HUMAN,Q9BSJ8,non_surface,active,true,,e22d7643ea01abd0dce415e74faf002186e13ae33190976f1ae61cece045fb76,2026-08-06
A0FGR8,ESYT2_HUMAN,A0FGR8,non_surface,active,true,,e22d7643ea01abd0dce415e74faf002186e13ae33190976f1ae61cece045fb76,2026-08-06
A0FGR9,ESYT3_HUMAN,A0FGR9,surface,active,true,,e22d7643ea01abd0dce415e74faf002186e13ae33190976f1ae61cece045fb76,2026-08-06
O60883,ETBR2_HUMAN,O60883,surface,active,true,,e22d7643ea01abd0dce415e74faf002186e13ae33190976f1ae61cece045fb76,2026-08-06
Q16134,ETFD_HUMAN,Q16134,non_surface,active,true,,e22d7643ea01abd0dce415e74faf002186e13ae33190976f1ae61cece045fb76,2026-08-06
Q9H8M9,EVA1A_HUMAN,Q9H8M9,non_surface,active,true,,e22d7643ea01abd0dce415e74faf002186e13ae33190976f1ae61cece045fb76,2026-08-06
Q9NVM1,EVA1B_HUMAN,Q9NVM1,non_surface,active,true,,e22d7643ea01abd0dce415e74faf002186e13ae33190976f1ae61cece045fb76,2026-08-06
P58658,EVA1C_HUMAN,P58658,surface,active,true,,e22d7643ea01abd0dce415e74faf002186e13ae33190976f1ae61cece045fb76,2026-08-06
P57679,EVC_HUMAN,P57679,non_surface,active,true,,e22d7643ea01abd0dce415e74faf002186e13ae33190976f1ae61cece045fb76,2026-08-06
P22794,EVI2A_HUMAN,P22794,surface,active,true,,e22d7643ea01abd0dce415e74faf002186e13ae33190976f1ae61cece045fb76,2026-08-06
P34910,EVI2B_HUMAN,P34910,surface,active,true,,e22d7643ea01abd0dce415e74faf002186e13ae33190976f1ae61cece045fb76,2026-08-06
Q9NVH0,EXD2_HUMAN,Q9NVH0,non_surface,active,true,,e22d7643ea01abd0dce415e74faf002186e13ae33190976f1ae61cece045fb76,2026-08-06
Q9Y2C4,EXOG_HUMAN,Q9Y2C4,unclassified,active,true,,e22d7643ea01abd0dce415e74faf002186e13ae33190976f1ae61cece045fb76,2026-08-06
Q16394,EXT1_HUMAN,Q16394,non_surface,active,true,,e22d7643ea01abd0dce415e74faf002186e13ae33190976f1ae61cece045fb76,2026-08-06
Q93063,EXT2_HUMAN,Q93063,non_surface,active,true,,e22d7643ea01abd0dce415e74faf002186e13ae33190976f1ae61cece045fb76,2026-08-06
Q92935,EXTL1_HUMAN,Q92935,non_surface,active,true,,e22d7643ea01abd0dce415e74faf002186e13ae33190976f1ae61cece045fb76,2026-08-06
Q9UBQ6,EXTL2_HUMAN,Q9UBQ6,non_surface,active,true,,e22d7643ea01abd0dce415e74faf002186e13ae33190976f1ae61cece045fb76,2026-08-06
O43909,EXTL3_HUMAN,O43909,non_surface,active,true,,e22d7643ea01abd0dce415e74faf002186e13ae33190976f1ae61cece045fb76,2026-08-06
Q5T1H1,EYS_HUMAN,Q5T1H1,unclassified,active,true,,e22d7643ea01abd0dce415e74faf002186e13ae33190976f1ae61cece045fb76,2026-08-06
Q9NUU6,F105A_HUMAN,Q9NUU6,non_surface,active,true,,e22d7643ea01abd0dce415e74faf002186e13ae33190976f1ae61cece045fb76,2026-08-06
A6NHU5,F106B_HUMAN,A6NHU5,unclassified,inactive,false,uniprot_inactive,e22d7643ea01abd0dce415e74faf002186e13ae33190976f1ae61cece045fb76,2026-08-06
P0CH98,F106C_HUMAN,P0CH98,unclassified,active,true,,e22d7643ea01abd0dce415e74faf002186e13ae33190976f1ae61cece045fb76,2026-08-06
Q9NWS6,F118A_HUMAN,Q9NWS6,non_surface,active,true,,e22d7643ea01abd0dce415e74faf002186e13ae33190976f1ae61cece045fb76,2026-08-06
Q6UXB0,F131A_HUMAN,Q6UXB0,unclassified,active,true,,e22d7643ea01abd0dce415e74faf002186e13ae33190976f1ae61cece045fb76,2026-08-06
Q8NC44,F134A_HUMAN,Q8NC44,non_surface,active,true,,e22d7643ea01abd0dce415e74faf002186e13ae33190976f1ae61cece045fb76,2026-08-06
Q9H6L5,F134B_HUMAN,Q9H6L5,non_surface,active,true,,e22d7643ea01abd0dce415e74faf002186e13ae33190976f1ae61cece045fb76,2026-08-06
Q86VR2,F134C_HUMAN,Q86VR2,non_surface,active,true,,e22d7643ea01abd0dce415e74faf002186e13ae33190976f1ae61cece045fb76,2026-08-06
P05160,F13B_HUMAN,P05160,unclassified,active,true,,e22d7643ea01abd0dce415e74faf002186e13ae33190976f1ae61cece045fb76,2026-08-06
Q6UXT8,F150A_HUMAN,Q6UXT8,unclassified,active,true,,e22d7643ea01abd0dce415e74faf002186e13ae33190976f1ae61cece045fb76,2026-08-06
Q6UX46,F150B_HUMAN,Q6UX46,unclassified,active,true,,e22d7643ea01abd0dce415e74faf002186e13ae33190976f1ae61cece045fb76,2026-08-06
Q8WW52,F151A_HUMAN,Q8WW52,non_surface,active,true,,e22d7643ea01abd0dce415e74faf002186e13ae33190976f1ae61cece045fb76,2026-08-06
B1AL88,F155A_HUMAN,B1AL88,non_surface,active,true,,e22d7643ea01abd0dce415e74faf002186e13ae33190976f1ae61cece045fb76,2026-08-06
O75949,F155B_HUMAN,O75949,non_surface,active,true,,e22d7643ea01abd0dce415e74faf002186e13ae33190976f1ae61cece045fb76,2026-08-06
Q6UWV7,F159A_HUMAN,Q6UWV7,unclassified,active,true,,e22d7643ea01abd0dce415e74faf002186e13ae33190976f1ae61cece045fb76,2026-08-06
A6NKW6,F159B_HUMAN,A6NKW6,unclassified,active,true,,e22d7643ea01abd0dce415e74faf002186e13ae33190976f1ae61cece045fb76,2026-08-06
Q96A26,F162A_HUMAN,Q96A26,unclassified,active,true,,e22d7643ea01abd0dce415e74faf002186e13ae33190976f1ae61cece045fb76,2026-08-06
Q5T6X4,F162B_HUMAN,Q5T6X4,non_surface,active,true,,e22d7643ea01abd0dce415e74faf002186e13ae33190976f1ae61cece045fb76,2026-08-06
Q96GL9,F163A_HUMAN,Q96GL9,non_surface,active,true,,e22d7643ea01abd0dce415e74faf002186e13ae33190976f1ae61cece045fb76,2026-08-06
P0C2L3,F163B_HUMAN,P0C2L3,non_surface,active,true,,e22d7643ea01abd0dce415e74faf002186e13ae33190976f1ae61cece045fb76,2026-08-06
A1KXE4,F168B_HUMAN,A1KXE4,non_surface,active,true,,e22d7643ea01abd0dce415e74faf002186e13ae33190976f1ae61cece045fb76,2026-08-06
Q5VUB5,F1711_HUMAN,Q5VUB5,surface,active,true,,e22d7643ea01abd0dce415e74faf002186e13ae33190976f1ae61cece045fb76,2026-08-06
A8MVW0,F1712_HUMAN,A8MVW0,surface,active,true,,e22d7643ea01abd0dce415e74faf002186e13ae33190976f1ae61cece045fb76,2026-08-06
Q6P995,F171B_HUMAN,Q6P995,surface,active,true,,e22d7643ea01abd0dce415e74faf002186e13ae33190976f1ae61cece045fb76,2026-08-06
Q8WUF8,F172A_HUMAN,Q8WUF8,unclassified,active,true,,e22d7643ea01abd0dce415e74faf002186e13ae33190976f1ae61cece045fb76,2026-08-06
A6NC97,F172B_HUMAN,A6NC97,non_surface,active,true,,e22d7643ea01abd0dce415e74faf002186e13ae33190976f1ae61cece045fb76,2026-08-06
Q9BQD7,F173A_HUMAN,Q9BQD7,non_surface,active,true,,e22d7643ea01abd0dce415e74faf002186e13ae33190976f1ae61cece045fb76,2026-08-06
Q6P4H8,F173B_HUMAN,Q6P4H8,non_surface,active,true,,e22d7643ea01abd0dce415e74faf002186e13ae33190976f1ae61cece045fb76,2026-08-06
Q8TBP5,F174A_HUMAN,Q8TBP5,surface,active,true,,e22d7643ea01abd0dce415e74faf002186e13ae33190976f1ae61cece045fb76,2026-08-06
Q3ZCQ3,F174B_HUMAN,Q3ZCQ3,surface,active,true,,e22d7643ea01abd0dce415e74faf002186e13ae33190976f1ae61cece045fb76,2026-08-06
Q9Y4F4,F179B_HUMAN,Q9Y4F4,unclassified,active,true,,e22d7643ea01abd0dce415e74faf002186e13ae33190976f1ae61cece045fb76,2026-08-06
Q6UWF9,F180A_HUMAN,Q6UWF9,unclassified,active,true,,e22d7643ea01abd0dce415e74faf002186e13ae33190976f1ae61cece045fb76,2026-08-06
Q6P0A1,F180B_HUMAN,Q6P0A1,non_surface,active,true,,e22d7643ea01abd0dce415e74faf002186e13ae33190976f1ae61cece045fb76,2026-08-06
A6NFU0,F187A_HUMAN,A6NFU0,non_surface,active,true,,e22d7643ea01abd0dce415e74faf002186e13ae33190976f1ae61cece045fb76,2026-08-06
Q17R55,F187B_HUMAN,Q17R55,surface,active,true,,e22d7643ea01abd0dce415e74faf002186e13ae33190976f1ae61cece045fb76,2026-08-06
O60320,F1891_HUMAN,O60320,unclassified,active,true,,e22d7643ea01abd0dce415e74faf002186e13ae33190976f1ae61cece045fb76,2026-08-06
Q15884,F1892_HUMAN,Q15884,unclassified,active,true,,e22d7643ea01abd0dce415e74faf002186e13ae33190976f1ae61cece045fb76,2026-08-06
P81408,F189B_HUMAN,P81408,surface,active,true,,e22d7643ea01abd0dce415e74faf002186e13ae33190976f1ae61cece045fb76,2026-08-06
Q9UFP1,F198A_HUMAN,Q9UFP1,unclassified,active,true,,e22d7643ea01abd0dce415e74faf002186e13ae33190976f1ae61cece045fb76,2026-08-06
Q6UWH4,F198B_HUMAN,Q6UWH4,non_surface,active,true,,e22d7643ea01abd0dce415e74faf002186e13ae33190976f1ae61cece045fb76,2026-08-06
Q7Z5A9,F19A1_HUMAN,Q7Z5A9,unclassified,active,true,,e22d7643ea01abd0dce415e74faf002186e13ae33190976f1ae61cece045fb76,2026-08-06
Q8N3H0,F19A2_HUMAN,Q8N3H0,unclassified,active,true,,e22d7643ea01abd0dce415e74faf002186e13ae33190976f1ae61cece045fb76,2026-08-06
Q7Z5A8,F19A3_HUMAN,Q7Z5A8,unclassified,active,true,,e22d7643ea01abd0dce415e74faf002186e13ae33190976f1ae61cece045fb76,2026-08-06
Q96LR4,F19A4_HUMAN,Q96LR4,unclassified,active,true,,e22d7643ea01abd0dce415e74faf002186e13ae33190976f1ae61cece045fb76,2026-08-06
Q7Z5A7,F19A5_HUMAN,Q7Z5A7,non_surface,active,true,,e22d7643ea01abd0dce415e74faf002186e13ae33190976f1ae61cece045fb76,2026-08-06
Q8TCP9,F200A_HUMAN,Q8TCP9,non_surface,active,true,,e22d7643ea01abd0dce415e74faf002186e13ae33190976f1ae61cece045fb76,2026-08-06
Q6ZU69,F205A_HUMAN,Q6ZU69,non_surface,active,true,,e22d7643ea01abd0dce415e74faf002186e13ae33190976f1ae61cece045fb76,2026-08-06
A6NFA0,F205C_HUMAN,A6NFA0,non_surface,active,true,,e22d7643ea01abd0dce415e74faf002186e13ae33190976f1ae61cece045fb76,2026-08-06
Q5JX71,F209A_HUMAN,Q5JX71,non_surface,active,true,,e22d7643ea01abd0dce415e74faf002186e13ae33190976f1ae61cece045fb76,2026-08-06
Q5JX69,F209B_HUMAN,Q5JX69,non_surface,active,true,,e22d7643ea01abd0dce415e74faf002186e13ae33190976f1ae61cece045fb76,2026-08-06
Q96ND0,F210A_HUMAN,Q96ND0,non_surface,active,true,,e22d7643ea01abd0dce415e74faf002186e13ae33190976f1ae61cece045fb76,2026-08-06
Q96KR6,F210B_HUMAN,Q96KR6,non_surface,active,true,,e22d7643ea01abd0dce415e74faf002186e13ae33190976f1ae61cece045fb76,2026-08-06
Q9BRX8,F213A_HUMAN,Q9BRX8,non_surface,active,true,,e22d7643ea01abd0dce415e74faf002186e13ae33190976f1ae61cece045fb76,2026-08-06
Q7Z4H9,F220A_HUMAN,Q7Z4H9,unclassified,active,true,,e22d7643ea01abd0dce415e74faf002186e13ae33190976f1ae61cece045fb76,2026-08-06
Q6P4D5,F222C_HUMAN,Q6P4D5,non_surface,active,true,,e22d7643ea01abd0dce415e74faf002186e13ae33190976f1ae61cece045fb76,2026-08-06
Q5RGS3,F74A1_HUMAN,Q5RGS3,non_surface,inactive,false,uniprot_inactive,e22d7643ea01abd0dce415e74faf002186e13ae33190976f1ae61cece045fb76,2026-08-06
Q4VXF1,F74A3_HUMAN,Q4VXF1,non_surface,inactive,false,uniprot_inactive,e22d7643ea01abd0dce415e74faf002186e13ae33190976f1ae61cece045fb76,2026-08-06
A6NL05,F74A7_HUMAN,A6NL05,non_surface,inactive,false,uniprot_inactive,e22d7643ea01abd0dce415e74faf002186e13ae33190976f1ae61cece045fb76,2026-08-06
P00742,FA10_HUMAN,P00742,unclassified,active,true,,e22d7643ea01abd0dce415e74faf002186e13ae33190976f1ae61cece045fb76,2026-08-06
P03951,FA11_HUMAN,P03951,unclassified,active,true,,e22d7643ea01abd0dce415e74faf002186e13ae33190976f1ae61cece045fb76,2026-08-06
P00748,FA12_HUMAN,P00748,unclassified,active,true,,e22d7643ea01abd0dce415e74faf002186e13ae33190976f1ae61cece045fb76,2026-08-06
Q96MK3,FA20A_HUMAN,Q96MK3,unclassified,active,true,,e22d7643ea01abd0dce415e74faf002186e13ae33190976f1ae61cece045fb76,2026-08-06
A6NFZ4,FA24A_HUMAN,A6NFZ4,unclassified,active,true,,e22d7643ea01abd0dce415e74faf002186e13ae33190976f1ae61cece045fb76,2026-08-06
Q8N5W8,FA24B_HUMAN,Q8N5W8,unclassified,active,true,,e22d7643ea01abd0dce415e74faf002186e13ae33190976f1ae61cece045fb76,2026-08-06
Q5JW98,FA26D_HUMAN,Q5JW98,unclassified,active,true,,e22d7643ea01abd0dce415e74faf002186e13ae33190976f1ae61cece045fb76,2026-08-06
Q8N5C1,FA26E_HUMAN,Q8N5C1,surface,active,true,,e22d7643ea01abd0dce415e74faf002186e13ae33190976f1ae61cece045fb76,2026-08-06
Q5R3K3,FA26F_HUMAN,Q5R3K3,non_surface,active,true,,e22d7643ea01abd0dce415e74faf002186e13ae33190976f1ae61cece045fb76,2026-08-06
Q7L5A8,FA2H_HUMAN,Q7L5A8,non_surface,active,true,,e22d7643ea01abd0dce415e74faf002186e13ae33190976f1ae61cece045fb76,2026-08-06
Q96A09,FA46B_HUMAN,Q96A09,unclassified,active,true,,e22d7643ea01abd0dce415e74faf002186e13ae33190976f1ae61cece045fb76,2026-08-06
Q8TBR7,FA57A_HUMAN,Q8TBR7,unclassified,active,true,,e22d7643ea01abd0dce415e74faf002186e13ae33190976f1ae61cece045fb76,2026-08-06
Q71RH2,FA57B_HUMAN,Q71RH2,non_surface,active,true,,e22d7643ea01abd0dce415e74faf002186e13ae33190976f1ae61cece045fb76,2026-08-06
P12259,FA5_HUMAN,P12259,unclassified,active,true,,e22d7643ea01abd0dce415e74faf002186e13ae33190976f1ae61cece045fb76,2026-08-06
Q5T7M9,FA69A_HUMAN,Q5T7M9,non_surface,active,true,,e22d7643ea01abd0dce415e74faf002186e13ae33190976f1ae61cece045fb76,2026-08-06
Q5VUD6,FA69B_HUMAN,Q5VUD6,non_surface,active,true,,e22d7643ea01abd0dce415e74faf002186e13ae33190976f1ae61cece045fb76,2026-08-06
Q0P6D2,FA69C_HUMAN,Q0P6D2,non_surface,active,true,,e22d7643ea01abd0dce415e74faf002186e13ae33190976f1ae61cece045fb76,2026-08-06
Q8NAN2,FA73A_HUMAN,Q8NAN2,non_surface,active,true,,e22d7643ea01abd0dce415e74faf002186e13ae33190976f1ae61cece045fb76,2026-08-06
Q7L4E1,FA73B_HUMAN,Q7L4E1,non_surface,active,true,,e22d7643ea01abd0dce415e74faf002186e13ae33190976f1ae61cece045fb76,2026-08-06
P08709,FA7_HUMAN,P08709,unclassified,active,true,,e22d7643ea01abd0dce415e74faf002186e13ae33190976f1ae61cece045fb76,2026-08-06
Q6ZRV2,FA83H_HUMAN,Q6ZRV2,non_surface,active,true,,e22d7643ea01abd0dce415e74faf002186e13ae33190976f1ae61cece045fb76,2026-08-06
P0C7U9,FA87A_HUMAN,P0C7U9,non_surface,active,true,,e22d7643ea01abd0dce415e74faf002186e13ae33190976f1ae61cece045fb76,2026-08-06
Q9UBU6,FA8A1_HUMAN,Q9UBU6,non_surface,active,true,,e22d7643ea01abd0dce415e74faf002186e13ae33190976f1ae61cece045fb76,2026-08-06
P00451,FA8_HUMAN,P00451,unclassified,active,true,,e22d7643ea01abd0dce415e74faf002186e13ae33190976f1ae61cece045fb76,2026-08-06
Q9H5X1,FA96A_HUMAN,Q9H5X1,unclassified,active,true,,e22d7643ea01abd0dce415e74faf002186e13ae33190976f1ae61cece045fb76,2026-08-06
Q52LJ0,FA98B_HUMAN,Q52LJ0,non_surface,active,true,,e22d7643ea01abd0dce415e74faf002186e13ae33190976f1ae61cece045fb76,2026-08-06
P00740,FA9_HUMAN,P00740,unclassified,active,true,,e22d7643ea01abd0dce415e74faf002186e13ae33190976f1ae61cece045fb76,2026-08-06
O00519,FAAH1_HUMAN,O00519,non_surface,active,true,,e22d7643ea01abd0dce415e74faf002186e13ae33190976f1ae61cece045fb76,2026-08-06
Q6GMR7,FAAH2_HUMAN,Q6GMR7,unclassified,active,true,,e22d7643ea01abd0dce415e74faf002186e13ae33190976f1ae61cece045fb76,2026-08-06
Q9BXW9,FACD2_HUMAN,Q9BXW9,non_surface,active,true,,e22d7643ea01abd0dce415e74faf002186e13ae33190976f1ae61cece045fb76,2026-08-06
O75844,FACE1_HUMAN,O75844,non_surface,active,true,,e22d7643ea01abd0dce415e74faf002186e13ae33190976f1ae61cece045fb76,2026-08-06
Q9Y256,FACE2_HUMAN,Q9Y256,non_surface,active,true,,e22d7643ea01abd0dce415e74faf002186e13ae33190976f1ae61cece045fb76,2026-08-06
Q8WVX9,FACR1_HUMAN,Q8WVX9,non_surface,active,true,,e22d7643ea01abd0dce415e74faf002186e13ae33190976f1ae61cece045fb76,2026-08-06
Q96K12,FACR2_HUMAN,Q96K12,non_surface,active,true,,e22d7643ea01abd0dce415e74faf002186e13ae33190976f1ae61cece045fb76,2026-08-06
Q13158,FADD_HUMAN,Q13158,unclassified,active,true,,e22d7643ea01abd0dce415e74faf002186e13ae33190976f1ae61cece045fb76,2026-08-06
O60427,FADS1_HUMAN,O60427,non_surface,active,true,,e22d7643ea01abd0dce415e74faf002186e13ae33190976f1ae61cece045fb76,2026-08-06
O95864,FADS2_HUMAN,O95864,non_surface,active,true,,e22d7643ea01abd0dce415e74faf002186e13ae33190976f1ae61cece045fb76,2026-08-06
Q9Y5Q0,FADS3_HUMAN,Q9Y5Q0,non_surface,active,true,,e22d7643ea01abd0dce415e74faf002186e13ae33190976f1ae61cece045fb76,2026-08-06
Q8N9I5,FADS6_HUMAN,Q8N9I5,non_surface,active,true,,e22d7643ea01abd0dce415e74faf002186e13ae33190976f1ae61cece045fb76,2026-08-06
Q96CS3,FAF2_HUMAN,Q96CS3,non_surface,active,true,,e22d7643ea01abd0dce415e74faf002186e13ae33190976f1ae61cece045fb76,2026-08-06
Q96GK7,FAH2A_HUMAN,Q96GK7,unclassified,active,true,,e22d7643ea01abd0dce415e74faf002186e13ae33190976f1ae61cece045fb76,2026-08-06
Q6P2I3,FAH2B_HUMAN,Q6P2I3,unclassified,active,true,,e22d7643ea01abd0dce415e74faf002186e13ae33190976f1ae61cece045fb76,2026-08-06
O60667,FAIM3_HUMAN,O60667,unclassified,active,true,,e22d7643ea01abd0dce415e74faf002186e13ae33190976f1ae61cece045fb76,2026-08-06
Q53R41,FAKD1_HUMAN,Q53R41,non_surface,active,true,,e22d7643ea01abd0dce415e74faf002186e13ae33190976f1ae61cece045fb76,2026-08-06
P98173,FAM3A_HUMAN,P98173,unclassified,active,true,,e22d7643ea01abd0dce415e74faf002186e13ae33190976f1ae61cece045fb76,2026-08-06
P58499,FAM3B_HUMAN,P58499,unclassified,active,true,,e22d7643ea01abd0dce415e74faf002186e13ae33190976f1ae61cece045fb76,2026-08-06
Q92520,FAM3C_HUMAN,Q92520,unclassified,active,true,,e22d7643ea01abd0dce415e74faf002186e13ae33190976f1ae61cece045fb76,2026-08-06
Q96BQ1,FAM3D_HUMAN,Q96BQ1,unclassified,active,true,,e22d7643ea01abd0dce415e74faf002186e13ae33190976f1ae61cece045fb76,2026-08-06
O15360,FANCA_HUMAN,O15360,non_surface,active,true,,e22d7643ea01abd0dce415e74faf002186e13ae33190976f1ae61cece045fb76,2026-08-06
Q14517,FAT1_HUMAN,Q14517,surface,active,true,,e22d7643ea01abd0dce415e74faf002186e13ae33190976f1ae61cece045fb76,2026-08-06
Q9NYQ8,FAT2_HUMAN,Q9NYQ8,surface,active,true,,e22d7643ea01abd0dce415e74faf002186e13ae33190976f1ae61cece045fb76,2026-08-06
Q8TDW7,FAT3_HUMAN,Q8TDW7,surface,active,true,,e22d7643ea01abd0dce415e74faf002186e13ae33190976f1ae61cece045fb76,2026-08-06
Q6V0I7,FAT4_HUMAN,Q6V0I7,surface,active,true,,e22d7643ea01abd0dce415e74faf002186e13ae33190976f1ae61cece045fb76,2026-08-06
Q969F0,FATE1_HUMAN,Q969F0,non_surface,active,true,,e22d7643ea01abd0dce415e74faf002186e13ae33190976f1ae61cece045fb76,2026-08-06
Q5TGI0,FAXC_HUMAN,Q5TGI0,non_surface,active,true,,e22d7643ea01abd0dce415e74faf002186e13ae33190976f1ae61cece045fb76,2026-08-06
Q8N539,FBCD1_HUMAN,Q8N539,unclassified,active,true,,e22d7643ea01abd0dce415e74faf002186e13ae33190976f1ae61cece045fb76,2026-08-06
Q8WUP2,FBLI1_HUMAN,Q8WUP2,unclassified,active,true,,e22d7643ea01abd0dce415e74faf002186e13ae33190976f1ae61cece045fb76,2026-08-06
P23142,FBLN1_HUMAN,P23142,unclassified,active,true,,e22d7643ea01abd0dce415e74faf002186e13ae33190976f1ae61cece045fb76,2026-08-06
P98095,FBLN2_HUMAN,P98095,unclassified,active,true,,e22d7643ea01abd0dce415e74faf002186e13ae33190976f1ae61cece045fb76,2026-08-06
Q12805,FBLN3_HUMAN,Q12805,unclassified,active,true,,e22d7643ea01abd0dce415e74faf002186e13ae33190976f1ae61cece045fb76,2026-08-06
O95967,FBLN4_HUMAN,O95967,unclassified,active,true,,e22d7643ea01abd0dce415e74faf002186e13ae33190976f1ae61cece045fb76,2026-08-06
Q9UBX5,FBLN5_HUMAN,Q9UBX5,unclassified,active,true,,e22d7643ea01abd0dce415e74faf002186e13ae33190976f1ae61cece045fb76,2026-08-06
Q53RD9,FBLN7_HUMAN,Q53RD9,unclassified,active,true,,e22d7643ea01abd0dce415e74faf002186e13ae33190976f1ae61cece045fb76,2026-08-06
P35555,FBN1_HUMAN,P35555,unclassified,active,true,,e22d7643ea01abd0dce415e74faf002186e13ae33190976f1ae61cece045fb76,2026-08-06
P35556,FBN2_HUMAN,P35556,unclassified,active,true,,e22d7643ea01abd0dce415e74faf002186e13ae33190976f1ae61cece045fb76,2026-08-06
Q75N90,FBN3_HUMAN,Q75N90,unclassified,active,true,,e22d7643ea01abd0dce415e74faf002186e13ae33190976f1ae61cece045fb76,2026-08-06
Q6X9E4,FBW12_HUMAN,Q6X9E4,non_surface,active,true,,e22d7643ea01abd0dce415e74faf002186e13ae33190976f1ae61cece045fb76,2026-08-06
Q8NFZ0,FBX18_HUMAN,Q8NFZ0,non_surface,active,true,,e22d7643ea01abd0dce415e74faf002186e13ae33190976f1ae61cece045fb76,2026-08-06
Q9NRD0,FBX8_HUMAN,Q9NRD0,non_surface,active,true,,e22d7643ea01abd0dce415e74faf002186e13ae33190976f1ae61cece045fb76,2026-08-06
Q9UKA2,FBXL4_HUMAN,Q9UKA2,unclassified,active,true,,e22d7643ea01abd0dce415e74faf002186e13ae33190976f1ae61cece045fb76,2026-08-06
Q8WWV6,FCAMR_HUMAN,Q8WWV6,surface,active,true,,e22d7643ea01abd0dce415e74faf002186e13ae33190976f1ae61cece045fb76,2026-08-06
P24071,FCAR_HUMAN,P24071,surface,active,true,,e22d7643ea01abd0dce415e74faf002186e13ae33190976f1ae61cece045fb76,2026-08-06
P06734,FCER2_HUMAN,P06734,unclassified,active,true,,e22d7643ea01abd0dce415e74faf002186e13ae33190976f1ae61cece045fb76,2026-08-06
P12319,FCERA_HUMAN,P12319,surface,active,true,,e22d7643ea01abd0dce415e74faf002186e13ae33190976f1ae61cece045fb76,2026-08-06
Q01362,FCERB_HUMAN,Q01362,unclassified,active,true,,e22d7643ea01abd0dce415e74faf002186e13ae33190976f1ae61cece045fb76,2026-08-06
P30273,FCERG_HUMAN,P30273,non_surface,active,true,,e22d7643ea01abd0dce415e74faf002186e13ae33190976f1ae61cece045fb76,2026-08-06
P12318,FCG2A_HUMAN,P12318,surface,active,true,,e22d7643ea01abd0dce415e74faf002186e13ae33190976f1ae61cece045fb76,2026-08-06
P31994,FCG2B_HUMAN,P31994,surface,active,true,,e22d7643ea01abd0dce415e74faf002186e13ae33190976f1ae61cece045fb76,2026-08-06
P31995,FCG2C_HUMAN,P31995,surface,active,true,,e22d7643ea01abd0dce415e74faf002186e13ae33190976f1ae61cece045fb76,2026-08-06
P08637,FCG3A_HUMAN,P08637,surface,active,true,,e22d7643ea01abd0dce415e74faf002186e13ae33190976f1ae61cece045fb76,2026-08-06
O75015,FCG3B_HUMAN,O75015,surface,active,true,,e22d7643ea01abd0dce415e74faf002186e13ae33190976f1ae61cece045fb76,2026-08-06
Q9Y6R7,FCGBP_HUMAN,Q9Y6R7,unclassified,active,true,,e22d7643ea01abd0dce415e74faf002186e13ae33190976f1ae61cece045fb76,2026-08-06
P12314,FCGR1_HUMAN,P12314,surface,active,true,,e22d7643ea01abd0dce415e74faf002186e13ae33190976f1ae61cece045fb76,2026-08-06
Q92637,FCGRB_HUMAN,Q92637,surface,active,true,,e22d7643ea01abd0dce415e74faf002186e13ae33190976f1ae61cece045fb76,2026-08-06
A6NKC4,FCGRC_HUMAN,A6NKC4,surface,inactive,false,uniprot_inactive,e22d7643ea01abd0dce415e74faf002186e13ae33190976f1ae61cece045fb76,2026-08-06
P55899,FCGRN_HUMAN,P55899,surface,active,true,,e22d7643ea01abd0dce415e74faf002186e13ae33190976f1ae61cece045fb76,2026-08-06
O00602,FCN1_HUMAN,O00602,unclassified,active,true,,e22d7643ea01abd0dce415e74faf002186e13ae33190976f1ae61cece045fb76,2026-08-06
Q15485,FCN2_HUMAN,Q15485,unclassified,active,true,,e22d7643ea01abd0dce415e74faf002186e13ae33190976f1ae61cece045fb76,2026-08-06
O75636,FCN3_HUMAN,O75636,unclassified,active,true,,e22d7643ea01abd0dce415e74faf002186e13ae33190976f1ae61cece045fb76,2026-08-06
Q96LA6,FCRL1_HUMAN,Q96LA6,surface,active,true,,e22d7643ea01abd0dce415e74faf002186e13ae33190976f1ae61cece045fb76,2026-08-06
Q96LA5,FCRL2_HUMAN,Q96LA5,surface,active,true,,e22d7643ea01abd0dce415e74faf002186e13ae33190976f1ae61cece045fb76,2026-08-06
Q96P31,FCRL3_HUMAN,Q96P31,surface,active,true,,e22d7643ea01abd0dce415e74faf002186e13ae33190976f1ae61cece045fb76,2026-08-06
Q96PJ5,FCRL4_HUMAN,Q96PJ5,surface,active,true,,e22d7643ea01abd0dce415e74faf002186e13ae33190976f1ae61cece045fb76,2026-08-06
Q96RD9,FCRL5_HUMAN,Q96RD9,surface,active,true,,e22d7643ea01abd0dce415e74faf002186e13ae33190976f1ae61cece045fb76,2026-08-06
Q6DN72,FCRL6_HUMAN,Q6DN72,surface,active,true,,e22d7643ea01abd0dce415e74faf002186e13ae33190976f1ae61cece045fb76,2026-08-06
Q7L513,FCRLA_HUMAN,Q7L513,unclassified,active,true,,e22d7643ea01abd0dce415e74faf002186e13ae33190976f1ae61cece045fb76,2026-08-06
Q6BAA4,FCRLB_HUMAN,Q6BAA4,unclassified,active,true,,e22d7643ea01abd0dce415e74faf002186e13ae33190976f1ae61cece045fb76,2026-08-06
P37268,FDFT_HUMAN,P37268,non_surface,active,true,,e22d7643ea01abd0dce415e74faf002186e13ae33190976f1ae61cece045fb76,2026-08-06
Q8NFU4,FDSCP_HUMAN,Q8NFU4,unclassified,active,true,,e22d7643ea01abd0dce415e74faf002186e13ae33190976f1ae61cece045fb76,2026-08-06
P02771,FETA_HUMAN,P02771,unclassified,active,true,,e22d7643ea01abd0dce415e74faf002186e13ae33190976f1ae61cece045fb76,2026-08-06
P02765,FETUA_HUMAN,P02765,unclassified,active,true,,e22d7643ea01abd0dce415e74faf002186e13ae33190976f1ae61cece045fb76,2026-08-06
Q9UGM5,FETUB_HUMAN,Q9UGM5,unclassified,active,true,,e22d7643ea01abd0dce415e74faf002186e13ae33190976f1ae61cece045fb76,2026-08-06
O14842,FFAR1_HUMAN,O14842,surface,active,true,,e22d7643ea01abd0dce415e74faf002186e13ae33190976f1ae61cece045fb76,2026-08-06
O15552,FFAR2_HUMAN,O15552,surface,active,true,,e22d7643ea01abd0dce415e74faf002186e13ae33190976f1ae61cece045fb76,2026-08-06
O14843,FFAR3_HUMAN,O14843,surface,active,true,,e22d7643ea01abd0dce415e74faf002186e13ae33190976f1ae61cece045fb76,2026-08-06
Q5NUL3,FFAR4_HUMAN,Q5NUL3,surface,active,true,,e22d7643ea01abd0dce415e74faf002186e13ae33190976f1ae61cece045fb76,2026-08-06
O15520,FGF10_HUMAN,O15520,unclassified,active,true,,e22d7643ea01abd0dce415e74faf002186e13ae33190976f1ae61cece045fb76,2026-08-06
O60258,FGF17_HUMAN,O60258,unclassified,active,true,,e22d7643ea01abd0dce415e74faf002186e13ae33190976f1ae61cece045fb76,2026-08-06
O76093,FGF18_HUMAN,O76093,unclassified,active,true,,e22d7643ea01abd0dce415e74faf002186e13ae33190976f1ae61cece045fb76,2026-08-06
O95750,FGF19_HUMAN,O95750,unclassified,active,true,,e22d7643ea01abd0dce415e74faf002186e13ae33190976f1ae61cece045fb76,2026-08-06
Q9NSA1,FGF21_HUMAN,Q9NSA1,unclassified,active,true,,e22d7643ea01abd0dce415e74faf002186e13ae33190976f1ae61cece045fb76,2026-08-06
Q9HCT0,FGF22_HUMAN,Q9HCT0,unclassified,active,true,,e22d7643ea01abd0dce415e74faf002186e13ae33190976f1ae61cece045fb76,2026-08-06
Q9GZV9,FGF23_HUMAN,Q9GZV9,unclassified,active,true,,e22d7643ea01abd0dce415e74faf002186e13ae33190976f1ae61cece045fb76,2026-08-06
P11487,FGF3_HUMAN,P11487,unclassified,active,true,,e22d7643ea01abd0dce415e74faf002186e13ae33190976f1ae61cece045fb76,2026-08-06
P08620,FGF4_HUMAN,P08620,unclassified,active,true,,e22d7643ea01abd0dce415e74faf002186e13ae33190976f1ae61cece045fb76,2026-08-06
P12034,FGF5_HUMAN,P12034,unclassified,active,true,,e22d7643ea01abd0dce415e74faf002186e13ae33190976f1ae61cece045fb76,2026-08-06
P10767,FGF6_HUMAN,P10767,unclassified,active,true,,e22d7643ea01abd0dce415e74faf002186e13ae33190976f1ae61cece045fb76,2026-08-06
P21781,FGF7_HUMAN,P21781,unclassified,active,true,,e22d7643ea01abd0dce415e74faf002186e13ae33190976f1ae61cece045fb76,2026-08-06
P55075,FGF8_HUMAN,P55075,unclassified,active,true,,e22d7643ea01abd0dce415e74faf002186e13ae33190976f1ae61cece045fb76,2026-08-06
Q14512,FGFP1_HUMAN,Q14512,unclassified,active,true,,e22d7643ea01abd0dce415e74faf002186e13ae33190976f1ae61cece045fb76,2026-08-06
Q9BYJ0,FGFP2_HUMAN,Q9BYJ0,unclassified,active,true,,e22d7643ea01abd0dce415e74faf002186e13ae33190976f1ae61cece045fb76,2026-08-06
Q8TAT2,FGFP3_HUMAN,Q8TAT2,unclassified,active,true,,e22d7643ea01abd0dce415e74faf002186e13ae33190976f1ae61cece045fb76,2026-08-06
P11362,FGFR1_HUMAN,P11362,surface,active,true,,e22d7643ea01abd0dce415e74faf002186e13ae33190976f1ae61cece045fb76,2026-08-06
P21802,FGFR2_HUMAN,P21802,surface,active,true,,e22d7643ea01abd0dce415e74faf002186e13ae33190976f1ae61cece045fb76,2026-08-06
P22607,FGFR3_HUMAN,P22607,surface,active,true,,e22d7643ea01abd0dce415e74faf002186e13ae33190976f1ae61cece045fb76,2026-08-06
P22455,FGFR4_HUMAN,P22455,surface,active,true,,e22d7643ea01abd0dce415e74faf002186e13ae33190976f1ae61cece045fb76,2026-08-06
Q08830,FGL1_HUMAN,Q08830,unclassified,active,true,,e22d7643ea01abd0dce415e74faf002186e13ae33190976f1ae61cece045fb76,2026-08-06
Q14314,FGL2_HUMAN,Q14314,unclassified,active,true,,e22d7643ea01abd0dce415e74faf002186e13ae33190976f1ae61cece045fb76,2026-08-06
Q8N441,FGRL1_HUMAN,Q8N441,surface,active,true,,e22d7643ea01abd0dce415e74faf002186e13ae33190976f1ae61cece045fb76,2026-08-06
P0C7X4,FHL19_HUMAN,P0C7X4,non_surface,active,true,,e22d7643ea01abd0dce415e74faf002186e13ae33190976f1ae61cece045fb76,2026-08-06
Q03591,FHR1_HUMAN,Q03591,unclassified,active,true,,e22d7643ea01abd0dce415e74faf002186e13ae33190976f1ae61cece045fb76,2026-08-06
P36980,FHR2_HUMAN,P36980,unclassified,active,true,,e22d7643ea01abd0dce415e74faf002186e13ae33190976f1ae61cece045fb76,2026-08-06
Q02985,FHR3_HUMAN,Q02985,unclassified,active,true,,e22d7643ea01abd0dce415e74faf002186e13ae33190976f1ae61cece045fb76,2026-08-06
Q92496,FHR4_HUMAN,Q92496,unclassified,active,true,,e22d7643ea01abd0dce415e74faf002186e13ae33190976f1ae61cece045fb76,2026-08-06
Q9BXR6,FHR5_HUMAN,Q9BXR6,unclassified,active,true,,e22d7643ea01abd0dce415e74faf002186e13ae33190976f1ae61cece045fb76,2026-08-06
P02671,FIBA_HUMAN,P02671,unclassified,active,true,,e22d7643ea01abd0dce415e74faf002186e13ae33190976f1ae61cece045fb76,2026-08-06
P02675,FIBB_HUMAN,P02675,unclassified,active,true,,e22d7643ea01abd0dce415e74faf002186e13ae33190976f1ae61cece045fb76,2026-08-06
P02679,FIBG_HUMAN,P02679,unclassified,active,true,,e22d7643ea01abd0dce415e74faf002186e13ae33190976f1ae61cece045fb76,2026-08-06
Q8TAL6,FIBIN_HUMAN,Q8TAL6,unclassified,active,true,,e22d7643ea01abd0dce415e74faf002186e13ae33190976f1ae61cece045fb76,2026-08-06
Q9BVA6,FICD_HUMAN,Q9BVA6,non_surface,active,true,,e22d7643ea01abd0dce415e74faf002186e13ae33190976f1ae61cece045fb76,2026-08-06
Q92562,FIG4_HUMAN,Q92562,non_surface,active,true,,e22d7643ea01abd0dce415e74faf002186e13ae33190976f1ae61cece045fb76,2026-08-06
P02751,FINC_HUMAN,P02751,unclassified,active,true,,e22d7643ea01abd0dce415e74faf002186e13ae33190976f1ae61cece045fb76,2026-08-06
Q9Y3D6,FIS1_HUMAN,Q9Y3D6,non_surface,active,true,,e22d7643ea01abd0dce415e74faf002186e13ae33190976f1ae61cece045fb76,2026-08-06
A5D6W6,FITM1_HUMAN,A5D6W6,non_surface,active,true,,e22d7643ea01abd0dce415e74faf002186e13ae33190976f1ae61cece045fb76,2026-08-06
Q8N6M3,FITM2_HUMAN,Q8N6M3,non_surface,active,true,,e22d7643ea01abd0dce415e74faf002186e13ae33190976f1ae61cece045fb76,2026-08-06
Q86VR8,FJX1_HUMAN,Q86VR8,unclassified,active,true,,e22d7643ea01abd0dce415e74faf002186e13ae33190976f1ae61cece045fb76,2026-08-06
Q96AY3,FKB10_HUMAN,Q96AY3,unclassified,active,true,,e22d7643ea01abd0dce415e74faf002186e13ae33190976f1ae61cece045fb76,2026-08-06
Q9NYL4,FKB11_HUMAN,Q9NYL4,unclassified,active,true,,e22d7643ea01abd0dce415e74faf002186e13ae33190976f1ae61cece045fb76,2026-08-06
Q9NWM8,FKB14_HUMAN,Q9NWM8,unclassified,active,true,,e22d7643ea01abd0dce415e74faf002186e13ae33190976f1ae61cece045fb76,2026-08-06
P26885,FKBP2_HUMAN,P26885,unclassified,active,true,,e22d7643ea01abd0dce415e74faf002186e13ae33190976f1ae61cece045fb76,2026-08-06
Q9Y680,FKBP7_HUMAN,Q9Y680,unclassified,active,true,,e22d7643ea01abd0dce415e74faf002186e13ae33190976f1ae61cece045fb76,2026-08-06
Q14318,FKBP8_HUMAN,Q14318,non_surface,active,true,,e22d7643ea01abd0dce415e74faf002186e13ae33190976f1ae61cece045fb76,2026-08-06
O95302,FKBP9_HUMAN,O95302,unclassified,active,true,,e22d7643ea01abd0dce415e74faf002186e13ae33190976f1ae61cece045fb76,2026-08-06
Q9H9S5,FKRP_HUMAN,Q9H9S5,surface,active,true,,e22d7643ea01abd0dce415e74faf002186e13ae33190976f1ae61cece045fb76,2026-08-06
O75072,FKTN_HUMAN,O75072,non_surface,active,true,,e22d7643ea01abd0dce415e74faf002186e13ae33190976f1ae61cece045fb76,2026-08-06
P21333,FLNA_HUMAN,P21333,unclassified,active,true,,e22d7643ea01abd0dce415e74faf002186e13ae33190976f1ae61cece045fb76,2026-08-06
Q9UGQ2,FLOWR_HUMAN,Q9UGQ2,non_surface,active,true,,e22d7643ea01abd0dce415e74faf002186e13ae33190976f1ae61cece045fb76,2026-08-06
Q9NZU1,FLRT1_HUMAN,Q9NZU1,surface,active,true,,e22d7643ea01abd0dce415e74faf002186e13ae33190976f1ae61cece045fb76,2026-08-06
O43155,FLRT2_HUMAN,O43155,surface,active,true,,e22d7643ea01abd0dce415e74faf002186e13ae33190976f1ae61cece045fb76,2026-08-06
Q9NZU0,FLRT3_HUMAN,Q9NZU0,surface,active,true,,e22d7643ea01abd0dce415e74faf002186e13ae33190976f1ae61cece045fb76,2026-08-06
P49771,FLT3L_HUMAN,P49771,surface,active,true,,e22d7643ea01abd0dce415e74faf002186e13ae33190976f1ae61cece045fb76,2026-08-06
P36888,FLT3_HUMAN,P36888,surface,active,true,,e22d7643ea01abd0dce415e74faf002186e13ae33190976f1ae61cece045fb76,2026-08-06
Q9Y5Y0,FLVC1_HUMAN,Q9Y5Y0,surface,active,true,,e22d7643ea01abd0dce415e74faf002186e13ae33190976f1ae61cece045fb76,2026-08-06
Q9UPI3,FLVC2_HUMAN,Q9UPI3,surface,active,true,,e22d7643ea01abd0dce415e74faf002186e13ae33190976f1ae61cece045fb76,2026-08-06
Q01740,FMO1_HUMAN,Q01740,non_surface,active,true,,e22d7643ea01abd0dce415e74faf002186e13ae33190976f1ae61cece045fb76,2026-08-06
Q99518,FMO2_HUMAN,Q99518,unclassified,active,true,,e22d7643ea01abd0dce415e74faf002186e13ae33190976f1ae61cece045fb76,2026-08-06
P31513,FMO3_HUMAN,P31513,non_surface,active,true,,e22d7643ea01abd0dce415e74faf002186e13ae33190976f1ae61cece045fb76,2026-08-06
P31512,FMO4_HUMAN,P31512,non_surface,active,true,,e22d7643ea01abd0dce415e74faf002186e13ae33190976f1ae61cece045fb76,2026-08-06
P49326,FMO5_HUMAN,P49326,non_surface,active,true,,e22d7643ea01abd0dce415e74faf002186e13ae33190976f1ae61cece045fb76,2026-08-06
O60774,FMO6_HUMAN,O60774,non_surface,active,true,,e22d7643ea01abd0dce415e74faf002186e13ae33190976f1ae61cece045fb76,2026-08-06
Q06828,FMOD_HUMAN,Q06828,unclassified,active,true,,e22d7643ea01abd0dce415e74faf002186e13ae33190976f1ae61cece045fb76,2026-08-06
Q8N0W7,FMR1N_HUMAN,Q8N0W7,non_surface,active,true,,e22d7643ea01abd0dce415e74faf002186e13ae33190976f1ae61cece045fb76,2026-08-06
Q9Y2H6,FND3A_HUMAN,Q9Y2H6,non_surface,active,true,,e22d7643ea01abd0dce415e74faf002186e13ae33190976f1ae61cece045fb76,2026-08-06
Q53EP0,FND3B_HUMAN,Q53EP0,non_surface,active,true,,e22d7643ea01abd0dce415e74faf002186e13ae33190976f1ae61cece045fb76,2026-08-06
Q4ZHG4,FNDC1_HUMAN,Q4ZHG4,unclassified,active,true,,e22d7643ea01abd0dce415e74faf002186e13ae33190976f1ae61cece045fb76,2026-08-06
Q9H6D8,FNDC4_HUMAN,Q9H6D8,surface,active,true,,e22d7643ea01abd0dce415e74faf002186e13ae33190976f1ae61cece045fb76,2026-08-06
Q8NAU1,FNDC5_HUMAN,Q8NAU1,surface,active,true,,e22d7643ea01abd0dce415e74faf002186e13ae33190976f1ae61cece045fb76,2026-08-06
Q5VTL7,FNDC7_HUMAN,Q5VTL7,unclassified,active,true,,e22d7643ea01abd0dce415e74faf002186e13ae33190976f1ae61cece045fb76,2026-08-06
Q8TBE3,FNDC9_HUMAN,Q8TBE3,surface,active,true,,e22d7643ea01abd0dce415e74faf002186e13ae33190976f1ae61cece045fb76,2026-08-06
Q5VW36,FOCAD_HUMAN,Q5VW36,non_surface,active,true,,e22d7643ea01abd0dce415e74faf002186e13ae33190976f1ae61cece045fb76,2026-08-06
Q05932,FOLC_HUMAN,Q05932,unclassified,active,true,,e22d7643ea01abd0dce415e74faf002186e13ae33190976f1ae61cece045fb76,2026-08-06
Q04609,FOLH1_HUMAN,Q04609,surface,active,true,,e22d7643ea01abd0dce415e74faf002186e13ae33190976f1ae61cece045fb76,2026-08-06
P15328,FOLR1_HUMAN,P15328,surface,active,true,,e22d7643ea01abd0dce415e74faf002186e13ae33190976f1ae61cece045fb76,2026-08-06
P14207,FOLR2_HUMAN,P14207,surface,active,true,,e22d7643ea01abd0dce415e74faf002186e13ae33190976f1ae61cece045fb76,2026-08-06
P41439,FOLR3_HUMAN,P41439,unclassified,active,true,,e22d7643ea01abd0dce415e74faf002186e13ae33190976f1ae61cece045fb76,2026-08-06
E5RQL4,FONG_HUMAN,E5RQL4,unclassified,active,true,,e22d7643ea01abd0dce415e74faf002186e13ae33190976f1ae61cece045fb76,2026-08-06
Q0VG06,FP100_HUMAN,Q0VG06,unclassified,active,true,,e22d7643ea01abd0dce415e74faf002186e13ae33190976f1ae61cece045fb76,2026-08-06
P14324,FPPS_HUMAN,P14324,non_surface,active,true,,e22d7643ea01abd0dce415e74faf002186e13ae33190976f1ae61cece045fb76,2026-08-06
P21462,FPR1_HUMAN,P21462,surface,active,true,,e22d7643ea01abd0dce415e74faf002186e13ae33190976f1ae61cece045fb76,2026-08-06
P25090,FPR2_HUMAN,P25090,surface,active,true,,e22d7643ea01abd0dce415e74faf002186e13ae33190976f1ae61cece045fb76,2026-08-06
P25089,FPR3_HUMAN,P25089,surface,active,true,,e22d7643ea01abd0dce415e74faf002186e13ae33190976f1ae61cece045fb76,2026-08-06
Q9P2B2,FPRP_HUMAN,Q9P2B2,surface,active,true,,e22d7643ea01abd0dce415e74faf002186e13ae33190976f1ae61cece045fb76,2026-08-06
A9Z1Z3,FR1L4_HUMAN,A9Z1Z3,non_surface,inactive,false,uniprot_inactive,e22d7643ea01abd0dce415e74faf002186e13ae33190976f1ae61cece045fb76,2026-08-06
A0AVI2,FR1L5_HUMAN,A0AVI2,non_surface,active,true,,e22d7643ea01abd0dce415e74faf002186e13ae33190976f1ae61cece045fb76,2026-08-06
Q2WGJ9,FR1L6_HUMAN,Q2WGJ9,non_surface,active,true,,e22d7643ea01abd0dce415e74faf002186e13ae33190976f1ae61cece045fb76,2026-08-06
Q86XX4,FRAS1_HUMAN,Q86XX4,surface,active,true,,e22d7643ea01abd0dce415e74faf002186e13ae33190976f1ae61cece045fb76,2026-08-06
Q16595,FRDA_HUMAN,Q16595,unclassified,active,true,,e22d7643ea01abd0dce415e74faf002186e13ae33190976f1ae61cece045fb76,2026-08-06
Q5H8C1,FREM1_HUMAN,Q5H8C1,unclassified,active,true,,e22d7643ea01abd0dce415e74faf002186e13ae33190976f1ae61cece045fb76,2026-08-06
Q5SZK8,FREM2_HUMAN,Q5SZK8,surface,active,true,,e22d7643ea01abd0dce415e74faf002186e13ae33190976f1ae61cece045fb76,2026-08-06
P0C091,FREM3_HUMAN,P0C091,unclassified,active,true,,e22d7643ea01abd0dce415e74faf002186e13ae33190976f1ae61cece045fb76,2026-08-06
A2A2Y4,FRMD3_HUMAN,A2A2Y4,non_surface,active,true,,e22d7643ea01abd0dce415e74faf002186e13ae33190976f1ae61cece045fb76,2026-08-06
Q7Z6J6,FRMD5_HUMAN,Q7Z6J6,non_surface,active,true,,e22d7643ea01abd0dce415e74faf002186e13ae33190976f1ae61cece045fb76,2026-08-06
Q68DX3,FRPD2_HUMAN,Q68DX3,unclassified,active,true,,e22d7643ea01abd0dce415e74faf002186e13ae33190976f1ae61cece045fb76,2026-08-06
Q6ZNA5,FRRS1_HUMAN,Q6ZNA5,surface,active,true,,e22d7643ea01abd0dce415e74faf002186e13ae33190976f1ae61cece045fb76,2026-08-06
Q9P0K9,FRS1L_HUMAN,Q9P0K9,non_surface,active,true,,e22d7643ea01abd0dce415e74faf002186e13ae33190976f1ae61cece045fb76,2026-08-06
Q5TBA9,FRY_HUMAN,Q5TBA9,non_surface,active,true,,e22d7643ea01abd0dce415e74faf002186e13ae33190976f1ae61cece045fb76,2026-08-06
A8MWK0,FS2P1_HUMAN,A8MWK0,non_surface,active,true,,e22d7643ea01abd0dce415e74faf002186e13ae33190976f1ae61cece045fb76,2026-08-06
P01225,FSHB_HUMAN,P01225,unclassified,active,true,,e22d7643ea01abd0dce415e74faf002186e13ae33190976f1ae61cece045fb76,2026-08-06
P23945,FSHR_HUMAN,P23945,surface,active,true,,e22d7643ea01abd0dce415e74faf002186e13ae33190976f1ae61cece045fb76,2026-08-06
Q12841,FSTL1_HUMAN,Q12841,unclassified,active,true,,e22d7643ea01abd0dce415e74faf002186e13ae33190976f1ae61cece045fb76,2026-08-06
O95633,FSTL3_HUMAN,O95633,unclassified,active,true,,e22d7643ea01abd0dce415e74faf002186e13ae33190976f1ae61cece045fb76,2026-08-06
Q6MZW2,FSTL4_HUMAN,Q6MZW2,unclassified,active,true,,e22d7643ea01abd0dce415e74faf002186e13ae33190976f1ae61cece045fb76,2026-08-06
Q8N475,FSTL5_HUMAN,Q8N475,unclassified,active,true,,e22d7643ea01abd0dce415e74faf002186e13ae33190976f1ae61cece045fb76,2026-08-06
P19883,FST_HUMAN,P19883,unclassified,active,true,,e22d7643ea01abd0dce415e74faf002186e13ae33190976f1ae61cece045fb76,2026-08-06
O95954,FTCD_HUMAN,O95954,non_surface,active,true,,e22d7643ea01abd0dce415e74faf002186e13ae33190976f1ae61cece045fb76,2026-08-06
Q8N4E7,FTMT_HUMAN,Q8N4E7,unclassified,active,true,,e22d7643ea01abd0dce415e74faf002186e13ae33190976f1ae61cece045fb76,2026-08-06
Q9BTY2,FUCO2_HUMAN,Q9BTY2,unclassified,active,true,,e22d7643ea01abd0dce415e74faf002186e13ae33190976f1ae61cece045fb76,2026-08-06
P04066,FUCO_HUMAN,P04066,unclassified,active,true,,e22d7643ea01abd0dce415e74faf002186e13ae33190976f1ae61cece045fb76,2026-08-06
Q96A29,FUCT1_HUMAN,Q96A29,non_surface,active,true,,e22d7643ea01abd0dce415e74faf002186e13ae33190976f1ae61cece045fb76,2026-08-06
P07954,FUMH_HUMAN,P07954,unclassified,active,true,,e22d7643ea01abd0dce415e74faf002186e13ae33190976f1ae61cece045fb76,2026-08-06
Q8IVP5,FUND1_HUMAN,Q8IVP5,non_surface,active,true,,e22d7643ea01abd0dce415e74faf002186e13ae33190976f1ae61cece045fb76,2026-08-06
P09958,FURIN_HUMAN,P09958,surface,active,true,,e22d7643ea01abd0dce415e74faf002186e13ae33190976f1ae61cece045fb76,2026-08-06
Q6P4F1,FUT10_HUMAN,Q6P4F1,non_surface,active,true,,e22d7643ea01abd0dce415e74faf002186e13ae33190976f1ae61cece045fb76,2026-08-06
Q495W5,FUT11_HUMAN,Q495W5,non_surface,active,true,,e22d7643ea01abd0dce415e74faf002186e13ae33190976f1ae61cece045fb76,2026-08-06
P19526,FUT1_HUMAN,P19526,non_surface,active,true,,e22d7643ea01abd0dce415e74faf002186e13ae33190976f1ae61cece045fb76,2026-08-06
Q10981,FUT2_HUMAN,Q10981,non_surface,active,true,,e22d7643ea01abd0dce415e74faf002186e13ae33190976f1ae61cece045fb76,2026-08-06
P21217,FUT3_HUMAN,P21217,non_surface,active,true,,e22d7643ea01abd0dce415e74faf002186e13ae33190976f1ae61cece045fb76,2026-08-06
P22083,FUT4_HUMAN,P22083,unclassified,active,true,,e22d7643ea01abd0dce415e74faf002186e13ae33190976f1ae61cece045fb76,2026-08-06
Q11128,FUT5_HUMAN,Q11128,non_surface,active,true,,e22d7643ea01abd0dce415e74faf002186e13ae33190976f1ae61cece045fb76,2026-08-06
P51993,FUT6_HUMAN,P51993,non_surface,active,true,,e22d7643ea01abd0dce415e74faf002186e13ae33190976f1ae61cece045fb76,2026-08-06
Q11130,FUT7_HUMAN,Q11130,non_surface,active,true,,e22d7643ea01abd0dce415e74faf002186e13ae33190976f1ae61cece045fb76,2026-08-06
Q9BYC5,FUT8_HUMAN,Q9BYC5,non_surface,active,true,,e22d7643ea01abd0dce415e74faf002186e13ae33190976f1ae61cece045fb76,2026-08-06
Q9Y231,FUT9_HUMAN,Q9Y231,non_surface,active,true,,e22d7643ea01abd0dce415e74faf002186e13ae33190976f1ae61cece045fb76,2026-08-06
Q96IV6,FXDC2_HUMAN,Q96IV6,non_surface,active,true,,e22d7643ea01abd0dce415e74faf002186e13ae33190976f1ae61cece045fb76,2026-08-06
Q96CU9,FXRD1_HUMAN,Q96CU9,non_surface,active,true,,e22d7643ea01abd0dce415e74faf002186e13ae33190976f1ae61cece045fb76,2026-08-06
Q8IWF2,FXRD2_HUMAN,Q8IWF2,unclassified,active,true,,e22d7643ea01abd0dce415e74faf002186e13ae33190976f1ae61cece045fb76,2026-08-06
Q14802,FXYD3_HUMAN,Q14802,non_surface,active,true,,e22d7643ea01abd0dce415e74faf002186e13ae33190976f1ae61cece045fb76,2026-08-06
P59646,FXYD4_HUMAN,P59646,non_surface,active,true,,e22d7643ea01abd0dce415e74faf002186e13ae33190976f1ae61cece045fb76,2026-08-06
Q96DB9,FXYD5_HUMAN,Q96DB9,non_surface,active,true,,e22d7643ea01abd0dce415e74faf002186e13ae33190976f1ae61cece045fb76,2026-08-06
Q9H0Q3,FXYD6_HUMAN,Q9H0Q3,non_surface,active,true,,e22d7643ea01abd0dce415e74faf002186e13ae33190976f1ae61cece045fb76,2026-08-06
P58549,FXYD7_HUMAN,P58549,non_surface,active,true,,e22d7643ea01abd0dce415e74faf002186e13ae33190976f1ae61cece045fb76,2026-08-06
P58550,FXYD8_HUMAN,P58550,non_surface,active,true,,e22d7643ea01abd0dce415e74faf002186e13ae33190976f1ae61cece045fb76,2026-08-06
Q9ULW2,FZD10_HUMAN,Q9ULW2,surface,active,true,,e22d7643ea01abd0dce415e74faf002186e13ae33190976f1ae61cece045fb76,2026-08-06
Q9UP38,FZD1_HUMAN,Q9UP38,surface,active,true,,e22d7643ea01abd0dce415e74faf002186e13ae33190976f1ae61cece045fb76,2026-08-06
Q14332,FZD2_HUMAN,Q14332,surface,active,true,,e22d7643ea01abd0dce415e74faf002186e13ae33190976f1ae61cece045fb76,2026-08-06
Q9NPG1,FZD3_HUMAN,Q9NPG1,surface,active,true,,e22d7643ea01abd0dce415e74faf002186e13ae33190976f1ae61cece045fb76,2026-08-06
Q9ULV1,FZD4_HUMAN,Q9ULV1,surface,active,true,,e22d7643ea01abd0dce415e74faf002186e13ae33190976f1ae61cece045fb76,2026-08-06
Q13467,FZD5_HUMAN,Q13467,surface,active,true,,e22d7643ea01abd0dce415e74faf002186e13ae33190976f1ae61cece045fb76,2026-08-06
O60353,FZD6_HUMAN,O60353,surface,active,true,,e22d7643ea01abd0dce415e74faf002186e13ae33190976f1ae61cece045fb76,2026-08-06
O75084,FZD7_HUMAN,O75084,surface,active,true,,e22d7643ea01abd0dce415e74faf002186e13ae33190976f1ae61cece045fb76,2026-08-06
Q9H461,FZD8_HUMAN,Q9H461,surface,active,true,,e22d7643ea01abd0dce415e74faf002186e13ae33190976f1ae61cece045fb76,2026-08-06
O00144,FZD9_HUMAN,O00144,surface,active,true,,e22d7643ea01abd0dce415e74faf002186e13ae33190976f1ae61cece045fb76,2026-08-06
P27469,G0S2_HUMAN,P27469,non_surface,active,true,,e22d7643ea01abd0dce415e74faf002186e13ae33190976f1ae61cece045fb76,2026-08-06
Q96N19,G137A_HUMAN,Q96N19,surface,active,true,,e22d7643ea01abd0dce415e74faf002186e13ae33190976f1ae61cece045fb76,2026-08-06
O60478,G137B_HUMAN,O60478,surface,active,true,,e22d7643ea01abd0dce415e74faf002186e13ae33190976f1ae61cece045fb76,2026-08-06
Q8N3F9,G137C_HUMAN,Q8N3F9,surface,active,true,,e22d7643ea01abd0dce415e74faf002186e13ae33190976f1ae61cece045fb76,2026-08-06
Q8NGA4,G32P1_HUMAN,Q8NGA4,surface,active,true,,e22d7643ea01abd0dce415e74faf002186e13ae33190976f1ae61cece045fb76,2026-08-06
O14556,G3PT_HUMAN,O14556,unclassified,active,true,,e22d7643ea01abd0dce415e74faf002186e13ae33190976f1ae61cece045fb76,2026-08-06
Q99999,G3ST1_HUMAN,Q99999,non_surface,active,true,,e22d7643ea01abd0dce415e74faf002186e13ae33190976f1ae61cece045fb76,2026-08-06
Q9H3Q3,G3ST2_HUMAN,Q9H3Q3,non_surface,active,true,,e22d7643ea01abd0dce415e74faf002186e13ae33190976f1ae61cece045fb76,2026-08-06
Q96A11,G3ST3_HUMAN,Q96A11,non_surface,active,true,,e22d7643ea01abd0dce415e74faf002186e13ae33190976f1ae61cece045fb76,2026-08-06
Q96RP7,G3ST4_HUMAN,Q96RP7,non_surface,active,true,,e22d7643ea01abd0dce415e74faf002186e13ae33190976f1ae61cece045fb76,2026-08-06
Q8TAE8,G45IP_HUMAN,Q8TAE8,unclassified,active,true,,e22d7643ea01abd0dce415e74faf002186e13ae33190976f1ae61cece045fb76,2026-08-06
O95866,G6B_HUMAN,O95866,surface,active,true,,e22d7643ea01abd0dce415e74faf002186e13ae33190976f1ae61cece045fb76,2026-08-06
Q9NQR9,G6PC2_HUMAN,Q9NQR9,non_surface,active,true,,e22d7643ea01abd0dce415e74faf002186e13ae33190976f1ae61cece045fb76,2026-08-06
Q9BUM1,G6PC3_HUMAN,Q9BUM1,non_surface,active,true,,e22d7643ea01abd0dce415e74faf002186e13ae33190976f1ae61cece045fb76,2026-08-06
P35575,G6PC_HUMAN,P35575,non_surface,active,true,,e22d7643ea01abd0dce415e74faf002186e13ae33190976f1ae61cece045fb76,2026-08-06
O95479,G6PE_HUMAN,O95479,unclassified,active,true,,e22d7643ea01abd0dce415e74faf002186e13ae33190976f1ae61cece045fb76,2026-08-06
O43826,G6PT1_HUMAN,O43826,surface,active,true,,e22d7643ea01abd0dce415e74faf002186e13ae33190976f1ae61cece045fb76,2026-08-06
Q9UBS5,GABR1_HUMAN,Q9UBS5,surface,active,true,,e22d7643ea01abd0dce415e74faf002186e13ae33190976f1ae61cece045fb76,2026-08-06
O75899,GABR2_HUMAN,O75899,surface,active,true,,e22d7643ea01abd0dce415e74faf002186e13ae33190976f1ae61cece045fb76,2026-08-06
Q96PS6,GAFA1_HUMAN,Q96PS6,non_surface,active,true,,e22d7643ea01abd0dce415e74faf002186e13ae33190976f1ae61cece045fb76,2026-08-06
P22466,GALA_HUMAN,P22466,unclassified,active,true,,e22d7643ea01abd0dce415e74faf002186e13ae33190976f1ae61cece045fb76,2026-08-06
P54803,GALC_HUMAN,P54803,unclassified,active,true,,e22d7643ea01abd0dce415e74faf002186e13ae33190976f1ae61cece045fb76,2026-08-06
P34059,GALNS_HUMAN,P34059,unclassified,active,true,,e22d7643ea01abd0dce415e74faf002186e13ae33190976f1ae61cece045fb76,2026-08-06
Q9UBC7,GALP_HUMAN,Q9UBC7,unclassified,active,true,,e22d7643ea01abd0dce415e74faf002186e13ae33190976f1ae61cece045fb76,2026-08-06
P47211,GALR1_HUMAN,P47211,surface,active,true,,e22d7643ea01abd0dce415e74faf002186e13ae33190976f1ae61cece045fb76,2026-08-06
O43603,GALR2_HUMAN,O43603,surface,active,true,,e22d7643ea01abd0dce415e74faf002186e13ae33190976f1ae61cece045fb76,2026-08-06
O60755,GALR3_HUMAN,O60755,surface,active,true,,e22d7643ea01abd0dce415e74faf002186e13ae33190976f1ae61cece045fb76,2026-08-06
Q10472,GALT1_HUMAN,Q10472,non_surface,active,true,,e22d7643ea01abd0dce415e74faf002186e13ae33190976f1ae61cece045fb76,2026-08-06
Q10471,GALT2_HUMAN,Q10471,non_surface,active,true,,e22d7643ea01abd0dce415e74faf002186e13ae33190976f1ae61cece045fb76,2026-08-06
Q14435,GALT3_HUMAN,Q14435,non_surface,active,true,,e22d7643ea01abd0dce415e74faf002186e13ae33190976f1ae61cece045fb76,2026-08-06
Q8N4A0,GALT4_HUMAN,Q8N4A0,non_surface,active,true,,e22d7643ea01abd0dce415e74faf002186e13ae33190976f1ae61cece045fb76,2026-08-06
Q7Z7M9,GALT5_HUMAN,Q7Z7M9,non_surface,active,true,,e22d7643ea01abd0dce415e74faf002186e13ae33190976f1ae61cece045fb76,2026-08-06
Q8NCL4,GALT6_HUMAN,Q8NCL4,non_surface,active,true,,e22d7643ea01abd0dce415e74faf002186e13ae33190976f1ae61cece045fb76,2026-08-06
Q86SF2,GALT7_HUMAN,Q86SF2,non_surface,active,true,,e22d7643ea01abd0dce415e74faf002186e13ae33190976f1ae61cece045fb76,2026-08-06
Q9NY28,GALT8_HUMAN,Q9NY28,non_surface,active,true,,e22d7643ea01abd0dce415e74faf002186e13ae33190976f1ae61cece045fb76,2026-08-06
Q9HCQ5,GALT9_HUMAN,Q9HCQ5,non_surface,active,true,,e22d7643ea01abd0dce415e74faf002186e13ae33190976f1ae61cece045fb76,2026-08-06
Q14697,GANAB_HUMAN,Q14697,unclassified,active,true,,e22d7643ea01abd0dce415e74faf002186e13ae33190976f1ae61cece045fb76,2026-08-06
Q8N292,GAPT_HUMAN,Q8N292,non_surface,active,true,,e22d7643ea01abd0dce415e74faf002186e13ae33190976f1ae61cece045fb76,2026-08-06
Q75VX8,GAREL_HUMAN,Q75VX8,unclassified,active,true,,e22d7643ea01abd0dce415e74faf002186e13ae33190976f1ae61cece045fb76,2026-08-06
P54826,GAS1_HUMAN,P54826,surface,active,true,,e22d7643ea01abd0dce415e74faf002186e13ae33190976f1ae61cece045fb76,2026-08-06
Q14393,GAS6_HUMAN,Q14393,unclassified,active,true,,e22d7643ea01abd0dce415e74faf002186e13ae33190976f1ae61cece045fb76,2026-08-06
P32239,GASR_HUMAN,P32239,surface,active,true,,e22d7643ea01abd0dce415e74faf002186e13ae33190976f1ae61cece045fb76,2026-08-06
P01350,GAST_HUMAN,P01350,unclassified,active,true,,e22d7643ea01abd0dce415e74faf002186e13ae33190976f1ae61cece045fb76,2026-08-06
Q92538,GBF1_HUMAN,Q92538,non_surface,active,true,,e22d7643ea01abd0dce415e74faf002186e13ae33190976f1ae61cece045fb76,2026-08-06
Q8N5D6,GBGT1_HUMAN,Q8N5D6,non_surface,active,true,,e22d7643ea01abd0dce415e74faf002186e13ae33190976f1ae61cece045fb76,2026-08-06
P32455,GBP1_HUMAN,P32455,non_surface,active,true,,e22d7643ea01abd0dce415e74faf002186e13ae33190976f1ae61cece045fb76,2026-08-06
P32456,GBP2_HUMAN,P32456,non_surface,active,true,,e22d7643ea01abd0dce415e74faf002186e13ae33190976f1ae61cece045fb76,2026-08-06
Q9H0R5,GBP3_HUMAN,Q9H0R5,non_surface,active,true,,e22d7643ea01abd0dce415e74faf002186e13ae33190976f1ae61cece045fb76,2026-08-06
Q96PP8,GBP5_HUMAN,Q96PP8,non_surface,active,true,,e22d7643ea01abd0dce415e74faf002186e13ae33190976f1ae61cece045fb76,2026-08-06
Q6ZN66,GBP6_HUMAN,Q6ZN66,non_surface,active,true,,e22d7643ea01abd0dce415e74faf002186e13ae33190976f1ae61cece045fb76,2026-08-06
Q8N8V2,GBP7_HUMAN,Q8N8V2,non_surface,active,true,,e22d7643ea01abd0dce415e74faf002186e13ae33190976f1ae61cece045fb76,2026-08-06
P14867,GBRA1_HUMAN,P14867,surface,active,true,,e22d7643ea01abd0dce415e74faf002186e13ae33190976f1ae61cece045fb76,2026-08-06
P47869,GBRA2_HUMAN,P47869,surface,active,true,,e22d7643ea01abd0dce415e74faf002186e13ae33190976f1ae61cece045fb76,2026-08-06
P34903,GBRA3_HUMAN,P34903,surface,active,true,,e22d7643ea01abd0dce415e74faf002186e13ae33190976f1ae61cece045fb76,2026-08-06
P48169,GBRA4_HUMAN,P48169,surface,active,true,,e22d7643ea01abd0dce415e74faf002186e13ae33190976f1ae61cece045fb76,2026-08-06
P31644,GBRA5_HUMAN,P31644,surface,active,true,,e22d7643ea01abd0dce415e74faf002186e13ae33190976f1ae61cece045fb76,2026-08-06
Q16445,GBRA6_HUMAN,Q16445,surface,active,true,,e22d7643ea01abd0dce415e74faf002186e13ae33190976f1ae61cece045fb76,2026-08-06
P18505,GBRB1_HUMAN,P18505,surface,active,true,,e22d7643ea01abd0dce415e74faf002186e13ae33190976f1ae61cece045fb76,2026-08-06
P47870,GBRB2_HUMAN,P47870,surface,active,true,,e22d7643ea01abd0dce415e74faf002186e13ae33190976f1ae61cece045fb76,2026-08-06
P28472,GBRB3_HUMAN,P28472,surface,active,true,,e22d7643ea01abd0dce415e74faf002186e13ae33190976f1ae61cece045fb76,2026-08-06
O14764,GBRD_HUMAN,O14764,surface,active,true,,e22d7643ea01abd0dce415e74faf002186e13ae33190976f1ae61cece045fb76,2026-08-06
P78334,GBRE_HUMAN,P78334,surface,active,true,,e22d7643ea01abd0dce415e74faf002186e13ae33190976f1ae61cece045fb76,2026-08-06
Q8N1C3,GBRG1_HUMAN,Q8N1C3,surface,active,true,,e22d7643ea01abd0dce415e74faf002186e13ae33190976f1ae61cece045fb76,2026-08-06
P18507,GBRG2_HUMAN,P18507,surface,active,true,,e22d7643ea01abd0dce415e74faf002186e13ae33190976f1ae61cece045fb76,2026-08-06
Q99928,GBRG3_HUMAN,Q99928,surface,active,true,,e22d7643ea01abd0dce415e74faf002186e13ae33190976f1ae61cece045fb76,2026-08-06
O00591,GBRP_HUMAN,O00591,surface,active,true,,e22d7643ea01abd0dce415e74faf002186e13ae33190976f1ae61cece045fb76,2026-08-06
P24046,GBRR1_HUMAN,P24046,surface,active,true,,e22d7643ea01abd0dce415e74faf002186e13ae33190976f1ae61cece045fb76,2026-08-06
P28476,GBRR2_HUMAN,P28476,surface,active,true,,e22d7643ea01abd0dce415e74faf002186e13ae33190976f1ae61cece045fb76,2026-08-06
A8MPY1,GBRR3_HUMAN,A8MPY1,surface,active,true,,e22d7643ea01abd0dce415e74faf002186e13ae33190976f1ae61cece045fb76,2026-08-06
Q9UN88,GBRT_HUMAN,Q9UN88,surface,active,true,,e22d7643ea01abd0dce415e74faf002186e13ae33190976f1ae61cece045fb76,2026-08-06
P52951,GBX2_HUMAN,P52951,unclassified,active,true,,e22d7643ea01abd0dce415e74faf002186e13ae33190976f1ae61cece045fb76,2026-08-06
Q8WZA8,GC224_HUMAN,Q8WZA8,non_surface,active,true,,e22d7643ea01abd0dce415e74faf002186e13ae33190976f1ae61cece045fb76,2026-08-06
Q02742,GCNT1_HUMAN,Q02742,non_surface,active,true,,e22d7643ea01abd0dce415e74faf002186e13ae33190976f1ae61cece045fb76,2026-08-06
O95395,GCNT3_HUMAN,O95395,non_surface,active,true,,e22d7643ea01abd0dce415e74faf002186e13ae33190976f1ae61cece045fb76,2026-08-06
Q9P109,GCNT4_HUMAN,Q9P109,non_surface,active,true,,e22d7643ea01abd0dce415e74faf002186e13ae33190976f1ae61cece045fb76,2026-08-06
Q5T4J0,GCNT6_HUMAN,Q5T4J0,non_surface,inactive,false,uniprot_inactive,e22d7643ea01abd0dce415e74faf002186e13ae33190976f1ae61cece045fb76,2026-08-06
Q6ZNI0,GCNT7_HUMAN,Q6ZNI0,non_surface,active,true,,e22d7643ea01abd0dce415e74faf002186e13ae33190976f1ae61cece045fb76,2026-08-06
P04150,GCR_HUMAN,P04150,non_surface,active,true,,e22d7643ea01abd0dce415e74faf002186e13ae33190976f1ae61cece045fb76,2026-08-06
P23434,GCSH_HUMAN,P23434,unclassified,active,true,,e22d7643ea01abd0dce415e74faf002186e13ae33190976f1ae61cece045fb76,2026-08-06
P48728,GCST_HUMAN,P48728,unclassified,active,true,,e22d7643ea01abd0dce415e74faf002186e13ae33190976f1ae61cece045fb76,2026-08-06
Q96MZ0,GD1L1_HUMAN,Q96MZ0,non_surface,active,true,,e22d7643ea01abd0dce415e74faf002186e13ae33190976f1ae61cece045fb76,2026-08-06
Q8TB36,GDAP1_HUMAN,Q8TB36,non_surface,active,true,,e22d7643ea01abd0dce415e74faf002186e13ae33190976f1ae61cece045fb76,2026-08-06
P16260,GDC_HUMAN,P16260,unclassified,active,true,,e22d7643ea01abd0dce415e74faf002186e13ae33190976f1ae61cece045fb76,2026-08-06
Q9NZC3,GDE1_HUMAN,Q9NZC3,non_surface,active,true,,e22d7643ea01abd0dce415e74faf002186e13ae33190976f1ae61cece045fb76,2026-08-06
O95390,GDF11_HUMAN,O95390,unclassified,active,true,,e22d7643ea01abd0dce415e74faf002186e13ae33190976f1ae61cece045fb76,2026-08-06
Q99988,GDF15_HUMAN,Q99988,unclassified,active,true,,e22d7643ea01abd0dce415e74faf002186e13ae33190976f1ae61cece045fb76,2026-08-06
P27539,GDF1_HUMAN,P27539,unclassified,active,true,,e22d7643ea01abd0dce415e74faf002186e13ae33190976f1ae61cece045fb76,2026-08-06
Q9UK05,GDF2_HUMAN,Q9UK05,unclassified,active,true,,e22d7643ea01abd0dce415e74faf002186e13ae33190976f1ae61cece045fb76,2026-08-06
Q9NR23,GDF3_HUMAN,Q9NR23,unclassified,active,true,,e22d7643ea01abd0dce415e74faf002186e13ae33190976f1ae61cece045fb76,2026-08-06
P43026,GDF5_HUMAN,P43026,unclassified,active,true,,e22d7643ea01abd0dce415e74faf002186e13ae33190976f1ae61cece045fb76,2026-08-06
Q6KF10,GDF6_HUMAN,Q6KF10,unclassified,active,true,,e22d7643ea01abd0dce415e74faf002186e13ae33190976f1ae61cece045fb76,2026-08-06
Q7Z4P5,GDF7_HUMAN,Q7Z4P5,unclassified,active,true,,e22d7643ea01abd0dce415e74faf002186e13ae33190976f1ae61cece045fb76,2026-08-06
O14793,GDF8_HUMAN,O14793,unclassified,active,true,,e22d7643ea01abd0dce415e74faf002186e13ae33190976f1ae61cece045fb76,2026-08-06
O60383,GDF9_HUMAN,O60383,unclassified,active,true,,e22d7643ea01abd0dce415e74faf002186e13ae33190976f1ae61cece045fb76,2026-08-06
P39905,GDNF_HUMAN,P39905,unclassified,active,true,,e22d7643ea01abd0dce415e74faf002186e13ae33190976f1ae61cece045fb76,2026-08-06
P07093,GDN_HUMAN,P07093,unclassified,active,true,,e22d7643ea01abd0dce415e74faf002186e13ae33190976f1ae61cece045fb76,2026-08-06
Q8N9F7,GDPD1_HUMAN,Q8N9F7,non_surface,active,true,,e22d7643ea01abd0dce415e74faf002186e13ae33190976f1ae61cece045fb76,2026-08-06
Q9HCC8,GDPD2_HUMAN,Q9HCC8,surface,active,true,,e22d7643ea01abd0dce415e74faf002186e13ae33190976f1ae61cece045fb76,2026-08-06
Q7L5L3,GDPD3_HUMAN,Q7L5L3,non_surface,active,true,,e22d7643ea01abd0dce415e74faf002186e13ae33190976f1ae61cece045fb76,2026-08-06
Q6W3E5,GDPD4_HUMAN,Q6W3E5,unclassified,active,true,,e22d7643ea01abd0dce415e74faf002186e13ae33190976f1ae61cece045fb76,2026-08-06
Q8WTR4,GDPD5_HUMAN,Q8WTR4,surface,active,true,,e22d7643ea01abd0dce415e74faf002186e13ae33190976f1ae61cece045fb76,2026-08-06
P06396,GELS_HUMAN,P06396,unclassified,active,true,,e22d7643ea01abd0dce415e74faf002186e13ae33190976f1ae61cece045fb76,2026-08-06
Q9NXC2,GFOD1_HUMAN,Q9NXC2,unclassified,active,true,,e22d7643ea01abd0dce415e74faf002186e13ae33190976f1ae61cece045fb76,2026-08-06
Q3B7J2,GFOD2_HUMAN,Q3B7J2,unclassified,active,true,,e22d7643ea01abd0dce415e74faf002186e13ae33190976f1ae61cece045fb76,2026-08-06
P56159,GFRA1_HUMAN,P56159,surface,active,true,,e22d7643ea01abd0dce415e74faf002186e13ae33190976f1ae61cece045fb76,2026-08-06
O00451,GFRA2_HUMAN,O00451,surface,active,true,,e22d7643ea01abd0dce415e74faf002186e13ae33190976f1ae61cece045fb76,2026-08-06
O60609,GFRA3_HUMAN,O60609,surface,active,true,,e22d7643ea01abd0dce415e74faf002186e13ae33190976f1ae61cece045fb76,2026-08-06
Q9GZZ7,GFRA4_HUMAN,Q9GZZ7,surface,active,true,,e22d7643ea01abd0dce415e74faf002186e13ae33190976f1ae61cece045fb76,2026-08-06
Q6UXV0,GFRAL_HUMAN,Q6UXV0,surface,active,true,,e22d7643ea01abd0dce415e74faf002186e13ae33190976f1ae61cece045fb76,2026-08-06
I3L273,GFY_HUMAN,I3L273,surface,active,true,,e22d7643ea01abd0dce415e74faf002186e13ae33190976f1ae61cece045fb76,2026-08-06
Q9UJY4,GGA2_HUMAN,Q9UJY4,unclassified,active,true,,e22d7643ea01abd0dce415e74faf002186e13ae33190976f1ae61cece045fb76,2026-08-06
Q92820,GGH_HUMAN,Q92820,unclassified,active,true,,e22d7643ea01abd0dce415e74faf002186e13ae33190976f1ae61cece045fb76,2026-08-06
P19440,GGT1_HUMAN,P19440,surface,active,true,,e22d7643ea01abd0dce415e74faf002186e13ae33190976f1ae61cece045fb76,2026-08-06
P36268,GGT2_HUMAN,P36268,unclassified,active,true,,e22d7643ea01abd0dce415e74faf002186e13ae33190976f1ae61cece045fb76,2026-08-06
A6NGU5,GGT3_HUMAN,A6NGU5,surface,active,true,,e22d7643ea01abd0dce415e74faf002186e13ae33190976f1ae61cece045fb76,2026-08-06
P36269,GGT5_HUMAN,P36269,unclassified,active,true,,e22d7643ea01abd0dce415e74faf002186e13ae33190976f1ae61cece045fb76,2026-08-06
Q6P531,GGT6_HUMAN,Q6P531,non_surface,active,true,,e22d7643ea01abd0dce415e74faf002186e13ae33190976f1ae61cece045fb76,2026-08-06
Q9UJ14,GGT7_HUMAN,Q9UJ14,surface,active,true,,e22d7643ea01abd0dce415e74faf002186e13ae33190976f1ae61cece045fb76,2026-08-06
Q4G0N0,GGTA1_HUMAN,Q4G0N0,non_surface,active,true,,e22d7643ea01abd0dce415e74faf002186e13ae33190976f1ae61cece045fb76,2026-08-06
Q9H936,GHC1_HUMAN,Q9H936,non_surface,active,true,,e22d7643ea01abd0dce415e74faf002186e13ae33190976f1ae61cece045fb76,2026-08-06
Q9H1K4,GHC2_HUMAN,Q9H1K4,non_surface,active,true,,e22d7643ea01abd0dce415e74faf002186e13ae33190976f1ae61cece045fb76,2026-08-06
Q8N2G8,GHDC_HUMAN,Q8N2G8,unclassified,active,true,,e22d7643ea01abd0dce415e74faf002186e13ae33190976f1ae61cece045fb76,2026-08-06
Q9H3K2,GHITM_HUMAN,Q9H3K2,non_surface,active,true,,e22d7643ea01abd0dce415e74faf002186e13ae33190976f1ae61cece045fb76,2026-08-06
Q02643,GHRHR_HUMAN,Q02643,surface,active,true,,e22d7643ea01abd0dce415e74faf002186e13ae33190976f1ae61cece045fb76,2026-08-06
Q9UBU3,GHRL_HUMAN,Q9UBU3,unclassified,active,true,,e22d7643ea01abd0dce415e74faf002186e13ae33190976f1ae61cece045fb76,2026-08-06
P10912,GHR_HUMAN,P10912,surface,active,true,,e22d7643ea01abd0dce415e74faf002186e13ae33190976f1ae61cece045fb76,2026-08-06
Q92847,GHSR_HUMAN,Q92847,surface,active,true,,e22d7643ea01abd0dce415e74faf002186e13ae33190976f1ae61cece045fb76,2026-08-06
Q9H7M9,GI24_HUMAN,Q9H7M9,surface,active,true,,e22d7643ea01abd0dce415e74faf002186e13ae33190976f1ae61cece045fb76,2026-08-06
P13284,GILT_HUMAN,P13284,unclassified,active,true,,e22d7643ea01abd0dce415e74faf002186e13ae33190976f1ae61cece045fb76,2026-08-06
Q8WWP7,GIMA1_HUMAN,Q8WWP7,non_surface,active,true,,e22d7643ea01abd0dce415e74faf002186e13ae33190976f1ae61cece045fb76,2026-08-06
Q9UG22,GIMA2_HUMAN,Q9UG22,non_surface,active,true,,e22d7643ea01abd0dce415e74faf002186e13ae33190976f1ae61cece045fb76,2026-08-06
Q9NUV9,GIMA4_HUMAN,Q9NUV9,non_surface,active,true,,e22d7643ea01abd0dce415e74faf002186e13ae33190976f1ae61cece045fb76,2026-08-06
Q96F15,GIMA5_HUMAN,Q96F15,non_surface,active,true,,e22d7643ea01abd0dce415e74faf002186e13ae33190976f1ae61cece045fb76,2026-08-06
Q9NU53,GINM1_HUMAN,Q9NU53,surface,active,true,,e22d7643ea01abd0dce415e74faf002186e13ae33190976f1ae61cece045fb76,2026-08-06
P48546,GIPR_HUMAN,P48546,surface,active,true,,e22d7643ea01abd0dce415e74faf002186e13ae33190976f1ae61cece045fb76,2026-08-06
P09681,GIP_HUMAN,P09681,unclassified,active,true,,e22d7643ea01abd0dce415e74faf002186e13ae33190976f1ae61cece045fb76,2026-08-06
Q9NS71,GKN1_HUMAN,Q9NS71,unclassified,active,true,,e22d7643ea01abd0dce415e74faf002186e13ae33190976f1ae61cece045fb76,2026-08-06
Q86XP6,GKN2_HUMAN,Q86XP6,unclassified,active,true,,e22d7643ea01abd0dce415e74faf002186e13ae33190976f1ae61cece045fb76,2026-08-06
P0CG01,GKN3_HUMAN,P0CG01,unclassified,active,true,,e22d7643ea01abd0dce415e74faf002186e13ae33190976f1ae61cece045fb76,2026-08-06
Q96MS3,GL1D1_HUMAN,Q96MS3,unclassified,active,true,,e22d7643ea01abd0dce415e74faf002186e13ae33190976f1ae61cece045fb76,2026-08-06
Q7Z4J2,GL6D1_HUMAN,Q7Z4J2,non_surface,active,true,,e22d7643ea01abd0dce415e74faf002186e13ae33190976f1ae61cece045fb76,2026-08-06
Q68CQ7,GL8D1_HUMAN,Q68CQ7,non_surface,active,true,,e22d7643ea01abd0dce415e74faf002186e13ae33190976f1ae61cece045fb76,2026-08-06
Q9H1C3,GL8D2_HUMAN,Q9H1C3,non_surface,active,true,,e22d7643ea01abd0dce415e74faf002186e13ae33190976f1ae61cece045fb76,2026-08-06
Q6UWU2,GLB1L_HUMAN,Q6UWU2,unclassified,active,true,,e22d7643ea01abd0dce415e74faf002186e13ae33190976f1ae61cece045fb76,2026-08-06
Q8IW92,GLBL2_HUMAN,Q8IW92,unclassified,active,true,,e22d7643ea01abd0dce415e74faf002186e13ae33190976f1ae61cece045fb76,2026-08-06
Q8NCI6,GLBL3_HUMAN,Q8NCI6,non_surface,active,true,,e22d7643ea01abd0dce415e74faf002186e13ae33190976f1ae61cece045fb76,2026-08-06
O94923,GLCE_HUMAN,O94923,non_surface,active,true,,e22d7643ea01abd0dce415e74faf002186e13ae33190976f1ae61cece045fb76,2026-08-06
Q8IVK1,GLCM1_HUMAN,Q8IVK1,unclassified,active,true,,e22d7643ea01abd0dce415e74faf002186e13ae33190976f1ae61cece045fb76,2026-08-06
P04062,GLCM_HUMAN,P04062,unclassified,active,true,,e22d7643ea01abd0dce415e74faf002186e13ae33190976f1ae61cece045fb76,2026-08-06
Q6ZMI3,GLDN_HUMAN,Q6ZMI3,surface,active,true,,e22d7643ea01abd0dce415e74faf002186e13ae33190976f1ae61cece045fb76,2026-08-06
P01215,GLHA_HUMAN,P01215,unclassified,active,true,,e22d7643ea01abd0dce415e74faf002186e13ae33190976f1ae61cece045fb76,2026-08-06
P48060,GLIP1_HUMAN,P48060,surface,active,true,,e22d7643ea01abd0dce415e74faf002186e13ae33190976f1ae61cece045fb76,2026-08-06
Q8NEA6,GLIS3_HUMAN,Q8NEA6,unclassified,active,true,,e22d7643ea01abd0dce415e74faf002186e13ae33190976f1ae61cece045fb76,2026-08-06
P43220,GLP1R_HUMAN,P43220,surface,active,true,,e22d7643ea01abd0dce415e74faf002186e13ae33190976f1ae61cece045fb76,2026-08-06
O95838,GLP2R_HUMAN,O95838,surface,active,true,,e22d7643ea01abd0dce415e74faf002186e13ae33190976f1ae61cece045fb76,2026-08-06
P02724,GLPA_HUMAN,P02724,surface,active,true,,e22d7643ea01abd0dce415e74faf002186e13ae33190976f1ae61cece045fb76,2026-08-06
P06028,GLPB_HUMAN,P06028,unclassified,active,true,,e22d7643ea01abd0dce415e74faf002186e13ae33190976f1ae61cece045fb76,2026-08-06
P04921,GLPC_HUMAN,P04921,surface,active,true,,e22d7643ea01abd0dce415e74faf002186e13ae33190976f1ae61cece045fb76,2026-08-06
P15421,GLPE_HUMAN,P15421,non_surface,active,true,,e22d7643ea01abd0dce415e74faf002186e13ae33190976f1ae61cece045fb76,2026-08-06
Q14410,GLPK2_HUMAN,Q14410,non_surface,active,true,,e22d7643ea01abd0dce415e74faf002186e13ae33190976f1ae61cece045fb76,2026-08-06
Q14409,GLPK3_HUMAN,Q14409,non_surface,active,true,,e22d7643ea01abd0dce415e74faf002186e13ae33190976f1ae61cece045fb76,2026-08-06
P32189,GLPK_HUMAN,P32189,non_surface,active,true,,e22d7643ea01abd0dce415e74faf002186e13ae33190976f1ae61cece045fb76,2026-08-06
P57057,GLPT_HUMAN,P57057,surface,active,true,,e22d7643ea01abd0dce415e74faf002186e13ae33190976f1ae61cece045fb76,2026-08-06
P23415,GLRA1_HUMAN,P23415,surface,active,true,,e22d7643ea01abd0dce415e74faf002186e13ae33190976f1ae61cece045fb76,2026-08-06
P23416,GLRA2_HUMAN,P23416,surface,active,true,,e22d7643ea01abd0dce415e74faf002186e13ae33190976f1ae61cece045fb76,2026-08-06
O75311,GLRA3_HUMAN,O75311,surface,active,true,,e22d7643ea01abd0dce415e74faf002186e13ae33190976f1ae61cece045fb76,2026-08-06
Q5JXX5,GLRA4_HUMAN,Q5JXX5,surface,inactive,false,uniprot_inactive,e22d7643ea01abd0dce415e74faf002186e13ae33190976f1ae61cece045fb76,2026-08-06
P48167,GLRB_HUMAN,P48167,surface,active,true,,e22d7643ea01abd0dce415e74faf002186e13ae33190976f1ae61cece045fb76,2026-08-06
P47871,GLR_HUMAN,P47871,surface,active,true,,e22d7643ea01abd0dce415e74faf002186e13ae33190976f1ae61cece045fb76,2026-08-06
O94925,GLSK_HUMAN,O94925,unclassified,active,true,,e22d7643ea01abd0dce415e74faf002186e13ae33190976f1ae61cece045fb76,2026-08-06
Q86SR1,GLT10_HUMAN,Q86SR1,non_surface,active,true,,e22d7643ea01abd0dce415e74faf002186e13ae33190976f1ae61cece045fb76,2026-08-06
Q8NCW6,GLT11_HUMAN,Q8NCW6,non_surface,active,true,,e22d7643ea01abd0dce415e74faf002186e13ae33190976f1ae61cece045fb76,2026-08-06
Q8IXK2,GLT12_HUMAN,Q8IXK2,non_surface,active,true,,e22d7643ea01abd0dce415e74faf002186e13ae33190976f1ae61cece045fb76,2026-08-06
Q8IUC8,GLT13_HUMAN,Q8IUC8,non_surface,active,true,,e22d7643ea01abd0dce415e74faf002186e13ae33190976f1ae61cece045fb76,2026-08-06
Q96FL9,GLT14_HUMAN,Q96FL9,non_surface,active,true,,e22d7643ea01abd0dce415e74faf002186e13ae33190976f1ae61cece045fb76,2026-08-06
Q8N3T1,GLT15_HUMAN,Q8N3T1,non_surface,active,true,,e22d7643ea01abd0dce415e74faf002186e13ae33190976f1ae61cece045fb76,2026-08-06
Q8N428,GLT16_HUMAN,Q8N428,non_surface,active,true,,e22d7643ea01abd0dce415e74faf002186e13ae33190976f1ae61cece045fb76,2026-08-06
Q6P9A2,GLT18_HUMAN,Q6P9A2,non_surface,active,true,,e22d7643ea01abd0dce415e74faf002186e13ae33190976f1ae61cece045fb76,2026-08-06
A6NH11,GLTD2_HUMAN,A6NH11,unclassified,active,true,,e22d7643ea01abd0dce415e74faf002186e13ae33190976f1ae61cece045fb76,2026-08-06
Q6IS24,GLTL3_HUMAN,Q6IS24,non_surface,active,true,,e22d7643ea01abd0dce415e74faf002186e13ae33190976f1ae61cece045fb76,2026-08-06
Q7Z4T8,GLTL5_HUMAN,Q7Z4T8,non_surface,active,true,,e22d7643ea01abd0dce415e74faf002186e13ae33190976f1ae61cece045fb76,2026-08-06
Q49A17,GLTL6_HUMAN,Q49A17,non_surface,active,true,,e22d7643ea01abd0dce415e74faf002186e13ae33190976f1ae61cece045fb76,2026-08-06
P14314,GLU2B_HUMAN,P14314,unclassified,active,true,,e22d7643ea01abd0dce415e74faf002186e13ae33190976f1ae61cece045fb76,2026-08-06
P01275,GLUC_HUMAN,P01275,unclassified,active,true,,e22d7643ea01abd0dce415e74faf002186e13ae33190976f1ae61cece045fb76,2026-08-06
Q99445,GML_HUMAN,Q99445,surface,active,true,,e22d7643ea01abd0dce415e74faf002186e13ae33190976f1ae61cece045fb76,2026-08-06
Q14344,GNA13_HUMAN,Q14344,unclassified,active,true,,e22d7643ea01abd0dce415e74faf002186e13ae33190976f1ae61cece045fb76,2026-08-06
O95837,GNA14_HUMAN,O95837,non_surface,active,true,,e22d7643ea01abd0dce415e74faf002186e13ae33190976f1ae61cece045fb76,2026-08-06
O95467,GNAS3_HUMAN,O95467,unclassified,active,true,,e22d7643ea01abd0dce415e74faf002186e13ae33190976f1ae61cece045fb76,2026-08-06
P11488,GNAT1_HUMAN,P11488,non_surface,active,true,,e22d7643ea01abd0dce415e74faf002186e13ae33190976f1ae61cece045fb76,2026-08-06
P19087,GNAT2_HUMAN,P19087,non_surface,active,true,,e22d7643ea01abd0dce415e74faf002186e13ae33190976f1ae61cece045fb76,2026-08-06
P22749,GNLY_HUMAN,P22749,unclassified,active,true,,e22d7643ea01abd0dce415e74faf002186e13ae33190976f1ae61cece045fb76,2026-08-06
Q3T906,GNPTA_HUMAN,Q3T906,non_surface,active,true,,e22d7643ea01abd0dce415e74faf002186e13ae33190976f1ae61cece045fb76,2026-08-06
Q9UJJ9,GNPTG_HUMAN,Q9UJJ9,unclassified,active,true,,e22d7643ea01abd0dce415e74faf002186e13ae33190976f1ae61cece045fb76,2026-08-06
P30968,GNRHR_HUMAN,P30968,surface,active,true,,e22d7643ea01abd0dce415e74faf002186e13ae33190976f1ae61cece045fb76,2026-08-06
Q96P88,GNRR2_HUMAN,Q96P88,surface,active,true,,e22d7643ea01abd0dce415e74faf002186e13ae33190976f1ae61cece045fb76,2026-08-06
P15586,GNS_HUMAN,P15586,unclassified,active,true,,e22d7643ea01abd0dce415e74faf002186e13ae33190976f1ae61cece045fb76,2026-08-06
Q8N0V5,GNT2A_HUMAN|GNT2B_HUMAN|GNT2C_HUMAN,Q8N0V5|Q06430|Q8NFS9,non_surface,active,true,,e22d7643ea01abd0dce415e74faf002186e13ae33190976f1ae61cece045fb76,2026-08-06
Q8TBA6,GOGA5_HUMAN,Q8TBA6,non_surface,active,true,,e22d7643ea01abd0dce415e74faf002186e13ae33190976f1ae61cece045fb76,2026-08-06
Q14789,GOGB1_HUMAN,Q14789,non_surface,active,true,,e22d7643ea01abd0dce415e74faf002186e13ae33190976f1ae61cece045fb76,2026-08-06
O00461,GOLI4_HUMAN,O00461,non_surface,active,true,,e22d7643ea01abd0dce415e74faf002186e13ae33190976f1ae61cece045fb76,2026-08-06
Q86XS8,GOLI_HUMAN,Q86XS8,surface,active,true,,e22d7643ea01abd0dce415e74faf002186e13ae33190976f1ae61cece045fb76,2026-08-06
Q8NBJ4,GOLM1_HUMAN,Q8NBJ4,unclassified,active,true,,e22d7643ea01abd0dce415e74faf002186e13ae33190976f1ae61cece045fb76,2026-08-06
P01148,GON1_HUMAN,P01148,unclassified,active,true,,e22d7643ea01abd0dce415e74faf002186e13ae33190976f1ae61cece045fb76,2026-08-06
O43555,GON2_HUMAN,O43555,unclassified,active,true,,e22d7643ea01abd0dce415e74faf002186e13ae33190976f1ae61cece045fb76,2026-08-06
Q5T7V8,GORAB_HUMAN,Q5T7V8,unclassified,active,true,,e22d7643ea01abd0dce415e74faf002186e13ae33190976f1ae61cece045fb76,2026-08-06
O95249,GOSR1_HUMAN,O95249,non_surface,active,true,,e22d7643ea01abd0dce415e74faf002186e13ae33190976f1ae61cece045fb76,2026-08-06
O14653,GOSR2_HUMAN,O14653,non_surface,active,true,,e22d7643ea01abd0dce415e74faf002186e13ae33190976f1ae61cece045fb76,2026-08-06
Q6ZVE7,GOT1A_HUMAN,Q6ZVE7,non_surface,active,true,,e22d7643ea01abd0dce415e74faf002186e13ae33190976f1ae61cece045fb76,2026-08-06
Q9Y3E0,GOT1B_HUMAN,Q9Y3E0,non_surface,active,true,,e22d7643ea01abd0dce415e74faf002186e13ae33190976f1ae61cece045fb76,2026-08-06
Q96P66,GP101_HUMAN,Q96P66,surface,active,true,,e22d7643ea01abd0dce415e74faf002186e13ae33190976f1ae61cece045fb76,2026-08-06
Q5VW38,GP107_HUMAN,Q5VW38,surface,active,true,,e22d7643ea01abd0dce415e74faf002186e13ae33190976f1ae61cece045fb76,2026-08-06
Q9NPR9,GP108_HUMAN,Q9NPR9,surface,active,true,,e22d7643ea01abd0dce415e74faf002186e13ae33190976f1ae61cece045fb76,2026-08-06
Q5T601,GP110_HUMAN,Q5T601,surface,active,true,,e22d7643ea01abd0dce415e74faf002186e13ae33190976f1ae61cece045fb76,2026-08-06
Q8IZF7,GP111_HUMAN,Q8IZF7,surface,active,true,,e22d7643ea01abd0dce415e74faf002186e13ae33190976f1ae61cece045fb76,2026-08-06
Q8IZF6,GP112_HUMAN,Q8IZF6,surface,active,true,,e22d7643ea01abd0dce415e74faf002186e13ae33190976f1ae61cece045fb76,2026-08-06
Q8IZF5,GP113_HUMAN,Q8IZF5,surface,active,true,,e22d7643ea01abd0dce415e74faf002186e13ae33190976f1ae61cece045fb76,2026-08-06
Q8IZF4,GP114_HUMAN,Q8IZF4,surface,active,true,,e22d7643ea01abd0dce415e74faf002186e13ae33190976f1ae61cece045fb76,2026-08-06
Q8IZF3,GP115_HUMAN,Q8IZF3,surface,active,true,,e22d7643ea01abd0dce415e74faf002186e13ae33190976f1ae61cece045fb76,2026-08-06
Q8IZF2,GP116_HUMAN,Q8IZF2,surface,active,true,,e22d7643ea01abd0dce415e74faf002186e13ae33190976f1ae61cece045fb76,2026-08-06
Q8TDV5,GP119_HUMAN,Q8TDV5,surface,active,true,,e22d7643ea01abd0dce415e74faf002186e13ae33190976f1ae61cece045fb76,2026-08-06
Q86SQ6,GP123_HUMAN,Q86SQ6,surface,active,true,,e22d7643ea01abd0dce415e74faf002186e13ae33190976f1ae61cece045fb76,2026-08-06
Q96PE1,GP124_HUMAN,Q96PE1,surface,active,true,,e22d7643ea01abd0dce415e74faf002186e13ae33190976f1ae61cece045fb76,2026-08-06
Q8IWK6,GP125_HUMAN,Q8IWK6,surface,active,true,,e22d7643ea01abd0dce415e74faf002186e13ae33190976f1ae61cece045fb76,2026-08-06
Q86SQ4,GP126_HUMAN,Q86SQ4,surface,active,true,,e22d7643ea01abd0dce415e74faf002186e13ae33190976f1ae61cece045fb76,2026-08-06
Q96K78,GP128_HUMAN,Q96K78,surface,active,true,,e22d7643ea01abd0dce415e74faf002186e13ae33190976f1ae61cece045fb76,2026-08-06
Q9UNW8,GP132_HUMAN,Q9UNW8,surface,active,true,,e22d7643ea01abd0dce415e74faf002186e13ae33190976f1ae61cece045fb76,2026-08-06
Q6QNK2,GP133_HUMAN,Q6QNK2,surface,active,true,,e22d7643ea01abd0dce415e74faf002186e13ae33190976f1ae61cece045fb76,2026-08-06
Q8IZ08,GP135_HUMAN,Q8IZ08,non_surface,active,true,,e22d7643ea01abd0dce415e74faf002186e13ae33190976f1ae61cece045fb76,2026-08-06
Q6DWJ6,GP139_HUMAN,Q6DWJ6,surface,active,true,,e22d7643ea01abd0dce415e74faf002186e13ae33190976f1ae61cece045fb76,2026-08-06
Q7Z602,GP141_HUMAN,Q7Z602,surface,active,true,,e22d7643ea01abd0dce415e74faf002186e13ae33190976f1ae61cece045fb76,2026-08-06
Q7Z601,GP142_HUMAN,Q7Z601,surface,active,true,,e22d7643ea01abd0dce415e74faf002186e13ae33190976f1ae61cece045fb76,2026-08-06
P51810,GP143_HUMAN,P51810,surface,active,true,,e22d7643ea01abd0dce415e74faf002186e13ae33190976f1ae61cece045fb76,2026-08-06
Q7Z7M1,GP144_HUMAN,Q7Z7M1,surface,active,true,,e22d7643ea01abd0dce415e74faf002186e13ae33190976f1ae61cece045fb76,2026-08-06
Q96CH1,GP146_HUMAN,Q96CH1,surface,active,true,,e22d7643ea01abd0dce415e74faf002186e13ae33190976f1ae61cece045fb76,2026-08-06
Q8TDV2,GP148_HUMAN,Q8TDV2,surface,active,true,,e22d7643ea01abd0dce415e74faf002186e13ae33190976f1ae61cece045fb76,2026-08-06
Q86SP6,GP149_HUMAN,Q86SP6,surface,active,true,,e22d7643ea01abd0dce415e74faf002186e13ae33190976f1ae61cece045fb76,2026-08-06
Q8NGU9,GP150_HUMAN,Q8NGU9,surface,active,true,,e22d7643ea01abd0dce415e74faf002186e13ae33190976f1ae61cece045fb76,2026-08-06
Q8TDV0,GP151_HUMAN,Q8TDV0,surface,active,true,,e22d7643ea01abd0dce415e74faf002186e13ae33190976f1ae61cece045fb76,2026-08-06
Q8TDT2,GP152_HUMAN,Q8TDT2,surface,active,true,,e22d7643ea01abd0dce415e74faf002186e13ae33190976f1ae61cece045fb76,2026-08-06
Q6NV75,GP153_HUMAN,Q6NV75,surface,active,true,,e22d7643ea01abd0dce415e74faf002186e13ae33190976f1ae61cece045fb76,2026-08-06
Q7Z3F1,GP155_HUMAN,Q7Z3F1,surface,active,true,,e22d7643ea01abd0dce415e74faf002186e13ae33190976f1ae61cece045fb76,2026-08-06
Q8NFN8,GP156_HUMAN,Q8NFN8,surface,active,true,,e22d7643ea01abd0dce415e74faf002186e13ae33190976f1ae61cece045fb76,2026-08-06
Q5UAW9,GP157_HUMAN,Q5UAW9,surface,active,true,,e22d7643ea01abd0dce415e74faf002186e13ae33190976f1ae61cece045fb76,2026-08-06
Q5T848,GP158_HUMAN,Q5T848,surface,active,true,,e22d7643ea01abd0dce415e74faf002186e13ae33190976f1ae61cece045fb76,2026-08-06
Q9UJ42,GP160_HUMAN,Q9UJ42,surface,active,true,,e22d7643ea01abd0dce415e74faf002186e13ae33190976f1ae61cece045fb76,2026-08-06
Q8N6U8,GP161_HUMAN,Q8N6U8,surface,active,true,,e22d7643ea01abd0dce415e74faf002186e13ae33190976f1ae61cece045fb76,2026-08-06
Q16538,GP162_HUMAN,Q16538,surface,active,true,,e22d7643ea01abd0dce415e74faf002186e13ae33190976f1ae61cece045fb76,2026-08-06
O14626,GP171_HUMAN,O14626,surface,active,true,,e22d7643ea01abd0dce415e74faf002186e13ae33190976f1ae61cece045fb76,2026-08-06
Q9NS66,GP173_HUMAN,Q9NS66,surface,active,true,,e22d7643ea01abd0dce415e74faf002186e13ae33190976f1ae61cece045fb76,2026-08-06
Q9BXC1,GP174_HUMAN,Q9BXC1,surface,active,true,,e22d7643ea01abd0dce415e74faf002186e13ae33190976f1ae61cece045fb76,2026-08-06
Q14439,GP176_HUMAN,Q14439,surface,active,true,,e22d7643ea01abd0dce415e74faf002186e13ae33190976f1ae61cece045fb76,2026-08-06
Q6PRD1,GP179_HUMAN,Q6PRD1,surface,active,true,,e22d7643ea01abd0dce415e74faf002186e13ae33190976f1ae61cece045fb76,2026-08-06
Q86V85,GP180_HUMAN,Q86V85,surface,active,true,,e22d7643ea01abd0dce415e74faf002186e13ae33190976f1ae61cece045fb76,2026-08-06
O15218,GP182_HUMAN,O15218,surface,active,true,,e22d7643ea01abd0dce415e74faf002186e13ae33190976f1ae61cece045fb76,2026-08-06
P32249,GP183_HUMAN,P32249,surface,active,true,,e22d7643ea01abd0dce415e74faf002186e13ae33190976f1ae61cece045fb76,2026-08-06
P07359,GP1BA_HUMAN,P07359,surface,active,true,,e22d7643ea01abd0dce415e74faf002186e13ae33190976f1ae61cece045fb76,2026-08-06
P13224,GP1BB_HUMAN,P13224,surface,active,true,,e22d7643ea01abd0dce415e74faf002186e13ae33190976f1ae61cece045fb76,2026-08-06
P55259,GP2_HUMAN,P55259,surface,active,true,,e22d7643ea01abd0dce415e74faf002186e13ae33190976f1ae61cece045fb76,2026-08-06
Q99795,GPA33_HUMAN,Q99795,surface,active,true,,e22d7643ea01abd0dce415e74faf002186e13ae33190976f1ae61cece045fb76,2026-08-06
O43292,GPAA1_HUMAN,O43292,non_surface,active,true,,e22d7643ea01abd0dce415e74faf002186e13ae33190976f1ae61cece045fb76,2026-08-06
Q9HCL2,GPAT1_HUMAN,Q9HCL2,non_surface,active,true,,e22d7643ea01abd0dce415e74faf002186e13ae33190976f1ae61cece045fb76,2026-08-06
Q6NUI2,GPAT2_HUMAN,Q6NUI2,non_surface,active,true,,e22d7643ea01abd0dce415e74faf002186e13ae33190976f1ae61cece045fb76,2026-08-06
Q53EU6,GPAT3_HUMAN,Q53EU6,non_surface,active,true,,e22d7643ea01abd0dce415e74faf002186e13ae33190976f1ae61cece045fb76,2026-08-06
Q86UL3,GPAT4_HUMAN,Q86UL3,non_surface,active,true,,e22d7643ea01abd0dce415e74faf002186e13ae33190976f1ae61cece045fb76,2026-08-06
Q8TDU6,GPBAR_HUMAN,Q8TDU6,surface,active,true,,e22d7643ea01abd0dce415e74faf002186e13ae33190976f1ae61cece045fb76,2026-08-06
P35052,GPC1_HUMAN,P35052,surface,active,true,,e22d7643ea01abd0dce415e74faf002186e13ae33190976f1ae61cece045fb76,2026-08-06
Q8N158,GPC2_HUMAN,Q8N158,surface,active,true,,e22d7643ea01abd0dce415e74faf002186e13ae33190976f1ae61cece045fb76,2026-08-06
P51654,GPC3_HUMAN,P51654,surface,active,true,,e22d7643ea01abd0dce415e74faf002186e13ae33190976f1ae61cece045fb76,2026-08-06
O75487,GPC4_HUMAN,O75487,surface,active,true,,e22d7643ea01abd0dce415e74faf002186e13ae33190976f1ae61cece045fb76,2026-08-06
Q9NZH0,GPC5B_HUMAN,Q9NZH0,surface,active,true,,e22d7643ea01abd0dce415e74faf002186e13ae33190976f1ae61cece045fb76,2026-08-06
Q9NQ84,GPC5C_HUMAN,Q9NQ84,surface,active,true,,e22d7643ea01abd0dce415e74faf002186e13ae33190976f1ae61cece045fb76,2026-08-06
Q9NZD1,GPC5D_HUMAN,Q9NZD1,surface,active,true,,e22d7643ea01abd0dce415e74faf002186e13ae33190976f1ae61cece045fb76,2026-08-06
P78333,GPC5_HUMAN,P78333,surface,active,true,,e22d7643ea01abd0dce415e74faf002186e13ae33190976f1ae61cece045fb76,2026-08-06
Q5T6X5,GPC6A_HUMAN,Q5T6X5,surface,active,true,,e22d7643ea01abd0dce415e74faf002186e13ae33190976f1ae61cece045fb76,2026-08-06
Q9Y625,GPC6_HUMAN,Q9Y625,surface,active,true,,e22d7643ea01abd0dce415e74faf002186e13ae33190976f1ae61cece045fb76,2026-08-06
P43304,GPDM_HUMAN,P43304,unclassified,active,true,,e22d7643ea01abd0dce415e74faf002186e13ae33190976f1ae61cece045fb76,2026-08-06
Q99527,GPER1_HUMAN,Q99527,surface,active,true,,e22d7643ea01abd0dce415e74faf002186e13ae33190976f1ae61cece045fb76,2026-08-06
Q96T91,GPHA2_HUMAN,Q96T91,unclassified,active,true,,e22d7643ea01abd0dce415e74faf002186e13ae33190976f1ae61cece045fb76,2026-08-06
Q86YW7,GPHB5_HUMAN,Q86YW7,unclassified,active,true,,e22d7643ea01abd0dce415e74faf002186e13ae33190976f1ae61cece045fb76,2026-08-06
B7ZAQ6,GPHRA_HUMAN,B7ZAQ6,non_surface,active,true,,e22d7643ea01abd0dce415e74faf002186e13ae33190976f1ae61cece045fb76,2026-08-06
P0CG08,GPHRB_HUMAN|GPHRC_HUMAN,P0CG08|A6NKF9,non_surface,active,true,,e22d7643ea01abd0dce415e74faf002186e13ae33190976f1ae61cece045fb76,2026-08-06
Q92643,GPI8_HUMAN,Q92643,non_surface,active,true,,e22d7643ea01abd0dce415e74faf002186e13ae33190976f1ae61cece045fb76,2026-08-06
P14770,GPIX_HUMAN,P14770,unclassified,active,true,,e22d7643ea01abd0dce415e74faf002186e13ae33190976f1ae61cece045fb76,2026-08-06
P51674,GPM6A_HUMAN,P51674,surface,active,true,,e22d7643ea01abd0dce415e74faf002186e13ae33190976f1ae61cece045fb76,2026-08-06
Q13491,GPM6B_HUMAN,Q13491,surface,active,true,,e22d7643ea01abd0dce415e74faf002186e13ae33190976f1ae61cece045fb76,2026-08-06
Q14956,GPNMB_HUMAN,Q14956,surface,active,true,,e22d7643ea01abd0dce415e74faf002186e13ae33190976f1ae61cece045fb76,2026-08-06
P47775,GPR12_HUMAN,P47775,surface,active,true,,e22d7643ea01abd0dce415e74faf002186e13ae33190976f1ae61cece045fb76,2026-08-06
P49685,GPR15_HUMAN,P49685,surface,active,true,,e22d7643ea01abd0dce415e74faf002186e13ae33190976f1ae61cece045fb76,2026-08-06
Q13304,GPR17_HUMAN,Q13304,surface,active,true,,e22d7643ea01abd0dce415e74faf002186e13ae33190976f1ae61cece045fb76,2026-08-06
Q14330,GPR18_HUMAN,Q14330,surface,active,true,,e22d7643ea01abd0dce415e74faf002186e13ae33190976f1ae61cece045fb76,2026-08-06
Q15760,GPR19_HUMAN,Q15760,surface,active,true,,e22d7643ea01abd0dce415e74faf002186e13ae33190976f1ae61cece045fb76,2026-08-06
P46091,GPR1_HUMAN,P46091,surface,active,true,,e22d7643ea01abd0dce415e74faf002186e13ae33190976f1ae61cece045fb76,2026-08-06
Q99678,GPR20_HUMAN,Q99678,surface,active,true,,e22d7643ea01abd0dce415e74faf002186e13ae33190976f1ae61cece045fb76,2026-08-06
Q99679,GPR21_HUMAN,Q99679,surface,active,true,,e22d7643ea01abd0dce415e74faf002186e13ae33190976f1ae61cece045fb76,2026-08-06
Q99680,GPR22_HUMAN,Q99680,surface,active,true,,e22d7643ea01abd0dce415e74faf002186e13ae33190976f1ae61cece045fb76,2026-08-06
O00155,GPR25_HUMAN,O00155,surface,active,true,,e22d7643ea01abd0dce415e74faf002186e13ae33190976f1ae61cece045fb76,2026-08-06
Q8NDV2,GPR26_HUMAN,Q8NDV2,surface,active,true,,e22d7643ea01abd0dce415e74faf002186e13ae33190976f1ae61cece045fb76,2026-08-06
Q9NS67,GPR27_HUMAN,Q9NS67,surface,active,true,,e22d7643ea01abd0dce415e74faf002186e13ae33190976f1ae61cece045fb76,2026-08-06
O00270,GPR31_HUMAN,O00270,surface,active,true,,e22d7643ea01abd0dce415e74faf002186e13ae33190976f1ae61cece045fb76,2026-08-06
O75388,GPR32_HUMAN,O75388,surface,active,true,,e22d7643ea01abd0dce415e74faf002186e13ae33190976f1ae61cece045fb76,2026-08-06
Q49SQ1,GPR33_HUMAN,Q49SQ1,surface,active,true,,e22d7643ea01abd0dce415e74faf002186e13ae33190976f1ae61cece045fb76,2026-08-06
Q9UPC5,GPR34_HUMAN,Q9UPC5,surface,active,true,,e22d7643ea01abd0dce415e74faf002186e13ae33190976f1ae61cece045fb76,2026-08-06
Q9HC97,GPR35_HUMAN,Q9HC97,surface,active,true,,e22d7643ea01abd0dce415e74faf002186e13ae33190976f1ae61cece045fb76,2026-08-06
O15354,GPR37_HUMAN,O15354,surface,active,true,,e22d7643ea01abd0dce415e74faf002186e13ae33190976f1ae61cece045fb76,2026-08-06
O43194,GPR39_HUMAN,O43194,surface,active,true,,e22d7643ea01abd0dce415e74faf002186e13ae33190976f1ae61cece045fb76,2026-08-06
P46089,GPR3_HUMAN,P46089,surface,active,true,,e22d7643ea01abd0dce415e74faf002186e13ae33190976f1ae61cece045fb76,2026-08-06
O15529,GPR42_HUMAN,O15529,surface,active,true,,e22d7643ea01abd0dce415e74faf002186e13ae33190976f1ae61cece045fb76,2026-08-06
Q9Y5Y3,GPR45_HUMAN,Q9Y5Y3,surface,active,true,,e22d7643ea01abd0dce415e74faf002186e13ae33190976f1ae61cece045fb76,2026-08-06
P46093,GPR4_HUMAN,P46093,surface,active,true,,e22d7643ea01abd0dce415e74faf002186e13ae33190976f1ae61cece045fb76,2026-08-06
Q9Y2T5,GPR52_HUMAN,Q9Y2T5,surface,active,true,,e22d7643ea01abd0dce415e74faf002186e13ae33190976f1ae61cece045fb76,2026-08-06
Q9Y2T6,GPR55_HUMAN,Q9Y2T6,surface,active,true,,e22d7643ea01abd0dce415e74faf002186e13ae33190976f1ae61cece045fb76,2026-08-06
Q9Y653,GPR56_HUMAN,Q9Y653,surface,active,true,,e22d7643ea01abd0dce415e74faf002186e13ae33190976f1ae61cece045fb76,2026-08-06
Q9BZJ8,GPR61_HUMAN,Q9BZJ8,surface,active,true,,e22d7643ea01abd0dce415e74faf002186e13ae33190976f1ae61cece045fb76,2026-08-06
Q9BZJ7,GPR62_HUMAN,Q9BZJ7,surface,active,true,,e22d7643ea01abd0dce415e74faf002186e13ae33190976f1ae61cece045fb76,2026-08-06
Q9BZJ6,GPR63_HUMAN,Q9BZJ6,surface,active,true,,e22d7643ea01abd0dce415e74faf002186e13ae33190976f1ae61cece045fb76,2026-08-06
Q8IZP9,GPR64_HUMAN,Q8IZP9,surface,active,true,,e22d7643ea01abd0dce415e74faf002186e13ae33190976f1ae61cece045fb76,2026-08-06
P46095,GPR6_HUMAN,P46095,surface,active,true,,e22d7643ea01abd0dce415e74faf002186e13ae33190976f1ae61cece045fb76,2026-08-06
O95800,GPR75_HUMAN,O95800,surface,active,true,,e22d7643ea01abd0dce415e74faf002186e13ae33190976f1ae61cece045fb76,2026-08-06
Q96P69,GPR78_HUMAN,Q96P69,surface,active,true,,e22d7643ea01abd0dce415e74faf002186e13ae33190976f1ae61cece045fb76,2026-08-06
Q96P67,GPR82_HUMAN,Q96P67,surface,active,true,,e22d7643ea01abd0dce415e74faf002186e13ae33190976f1ae61cece045fb76,2026-08-06
Q9NYM4,GPR83_HUMAN,Q9NYM4,surface,active,true,,e22d7643ea01abd0dce415e74faf002186e13ae33190976f1ae61cece045fb76,2026-08-06
Q9NQS5,GPR84_HUMAN,Q9NQS5,surface,active,true,,e22d7643ea01abd0dce415e74faf002186e13ae33190976f1ae61cece045fb76,2026-08-06
P60893,GPR85_HUMAN,P60893,surface,active,true,,e22d7643ea01abd0dce415e74faf002186e13ae33190976f1ae61cece045fb76,2026-08-06
Q9BY21,GPR87_HUMAN,Q9BY21,surface,active,true,,e22d7643ea01abd0dce415e74faf002186e13ae33190976f1ae61cece045fb76,2026-08-06
Q9GZN0,GPR88_HUMAN,Q9GZN0,surface,active,true,,e22d7643ea01abd0dce415e74faf002186e13ae33190976f1ae61cece045fb76,2026-08-06
Q86Y34,GPR97_HUMAN,Q86Y34,surface,active,true,,e22d7643ea01abd0dce415e74faf002186e13ae33190976f1ae61cece045fb76,2026-08-06
Q8WXG9,GPR98_HUMAN,Q8WXG9,surface,active,true,,e22d7643ea01abd0dce415e74faf002186e13ae33190976f1ae61cece045fb76,2026-08-06
Q6UWM5,GPRL1_HUMAN,Q6UWM5,unclassified,active,true,,e22d7643ea01abd0dce415e74faf002186e13ae33190976f1ae61cece045fb76,2026-08-06
Q9H3H5,GPT_HUMAN,Q9H3H5,non_surface,active,true,,e22d7643ea01abd0dce415e74faf002186e13ae33190976f1ae61cece045fb76,2026-08-06
Q9HCN6,GPVI_HUMAN,Q9HCN6,surface,active,true,,e22d7643ea01abd0dce415e74faf002186e13ae33190976f1ae61cece045fb76,2026-08-06
P40197,GPV_HUMAN,P40197,surface,active,true,,e22d7643ea01abd0dce415e74faf002186e13ae33190976f1ae61cece045fb76,2026-08-06
P07203,GPX1_HUMAN,P07203,unclassified,active,true,,e22d7643ea01abd0dce415e74faf002186e13ae33190976f1ae61cece045fb76,2026-08-06
P22352,GPX3_HUMAN,P22352,unclassified,active,true,,e22d7643ea01abd0dce415e74faf002186e13ae33190976f1ae61cece045fb76,2026-08-06
P36969,GPX4_HUMAN,P36969,unclassified,active,true,,e22d7643ea01abd0dce415e74faf002186e13ae33190976f1ae61cece045fb76,2026-08-06
O75715,GPX5_HUMAN,O75715,unclassified,active,true,,e22d7643ea01abd0dce415e74faf002186e13ae33190976f1ae61cece045fb76,2026-08-06
P59796,GPX6_HUMAN,P59796,unclassified,active,true,,e22d7643ea01abd0dce415e74faf002186e13ae33190976f1ae61cece045fb76,2026-08-06
Q96SL4,GPX7_HUMAN,Q96SL4,unclassified,active,true,,e22d7643ea01abd0dce415e74faf002186e13ae33190976f1ae61cece045fb76,2026-08-06
Q8TED1,GPX8_HUMAN,Q8TED1,non_surface,active,true,,e22d7643ea01abd0dce415e74faf002186e13ae33190976f1ae61cece045fb76,2026-08-06
P12544,GRAA_HUMAN,P12544,unclassified,active,true,,e22d7643ea01abd0dce415e74faf002186e13ae33190976f1ae61cece045fb76,2026-08-06
P10144,GRAB_HUMAN,P10144,unclassified,active,true,,e22d7643ea01abd0dce415e74faf002186e13ae33190976f1ae61cece045fb76,2026-08-06
P20718,GRAH_HUMAN,P20718,unclassified,active,true,,e22d7643ea01abd0dce415e74faf002186e13ae33190976f1ae61cece045fb76,2026-08-06
P49863,GRAK_HUMAN,P49863,unclassified,active,true,,e22d7643ea01abd0dce415e74faf002186e13ae33190976f1ae61cece045fb76,2026-08-06
Q8IUY3,GRAM2_HUMAN,Q8IUY3,non_surface,active,true,,e22d7643ea01abd0dce415e74faf002186e13ae33190976f1ae61cece045fb76,2026-08-06
Q96HH9,GRAM3_HUMAN,Q96HH9,non_surface,active,true,,e22d7643ea01abd0dce415e74faf002186e13ae33190976f1ae61cece045fb76,2026-08-06
Q6IC98,GRAM4_HUMAN,Q6IC98,non_surface,active,true,,e22d7643ea01abd0dce415e74faf002186e13ae33190976f1ae61cece045fb76,2026-08-06
P51124,GRAM_HUMAN,P51124,unclassified,active,true,,e22d7643ea01abd0dce415e74faf002186e13ae33190976f1ae61cece045fb76,2026-08-06
Q4ZG55,GREB1_HUMAN,Q4ZG55,non_surface,active,true,,e22d7643ea01abd0dce415e74faf002186e13ae33190976f1ae61cece045fb76,2026-08-06
O60565,GREM1_HUMAN,O60565,unclassified,active,true,,e22d7643ea01abd0dce415e74faf002186e13ae33190976f1ae61cece045fb76,2026-08-06
Q9H772,GREM2_HUMAN,Q9H772,unclassified,active,true,,e22d7643ea01abd0dce415e74faf002186e13ae33190976f1ae61cece045fb76,2026-08-06
P42261,GRIA1_HUMAN,P42261,surface,active,true,,e22d7643ea01abd0dce415e74faf002186e13ae33190976f1ae61cece045fb76,2026-08-06
P42262,GRIA2_HUMAN,P42262,surface,active,true,,e22d7643ea01abd0dce415e74faf002186e13ae33190976f1ae61cece045fb76,2026-08-06
P42263,GRIA3_HUMAN,P42263,surface,active,true,,e22d7643ea01abd0dce415e74faf002186e13ae33190976f1ae61cece045fb76,2026-08-06
P48058,GRIA4_HUMAN,P48058,surface,active,true,,e22d7643ea01abd0dce415e74faf002186e13ae33190976f1ae61cece045fb76,2026-08-06
Q9ULK0,GRID1_HUMAN,Q9ULK0,surface,active,true,,e22d7643ea01abd0dce415e74faf002186e13ae33190976f1ae61cece045fb76,2026-08-06
O43424,GRID2_HUMAN,O43424,surface,active,true,,e22d7643ea01abd0dce415e74faf002186e13ae33190976f1ae61cece045fb76,2026-08-06
P39086,GRIK1_HUMAN,P39086,surface,active,true,,e22d7643ea01abd0dce415e74faf002186e13ae33190976f1ae61cece045fb76,2026-08-06
Q13002,GRIK2_HUMAN,Q13002,surface,active,true,,e22d7643ea01abd0dce415e74faf002186e13ae33190976f1ae61cece045fb76,2026-08-06
Q13003,GRIK3_HUMAN,Q13003,surface,active,true,,e22d7643ea01abd0dce415e74faf002186e13ae33190976f1ae61cece045fb76,2026-08-06
Q16099,GRIK4_HUMAN,Q16099,surface,active,true,,e22d7643ea01abd0dce415e74faf002186e13ae33190976f1ae61cece045fb76,2026-08-06
Q16478,GRIK5_HUMAN,Q16478,surface,active,true,,e22d7643ea01abd0dce415e74faf002186e13ae33190976f1ae61cece045fb76,2026-08-06
Q96CP6,GRM1A_HUMAN,Q96CP6,non_surface,active,true,,e22d7643ea01abd0dce415e74faf002186e13ae33190976f1ae61cece045fb76,2026-08-06
Q3KR37,GRM1B_HUMAN,Q3KR37,surface,active,true,,e22d7643ea01abd0dce415e74faf002186e13ae33190976f1ae61cece045fb76,2026-08-06
Q8IYS0,GRM1C_HUMAN,Q8IYS0,unclassified,active,true,,e22d7643ea01abd0dce415e74faf002186e13ae33190976f1ae61cece045fb76,2026-08-06
Q13255,GRM1_HUMAN,Q13255,surface,active,true,,e22d7643ea01abd0dce415e74faf002186e13ae33190976f1ae61cece045fb76,2026-08-06
Q14416,GRM2_HUMAN,Q14416,surface,active,true,,e22d7643ea01abd0dce415e74faf002186e13ae33190976f1ae61cece045fb76,2026-08-06
Q14832,GRM3_HUMAN,Q14832,surface,active,true,,e22d7643ea01abd0dce415e74faf002186e13ae33190976f1ae61cece045fb76,2026-08-06
Q14833,GRM4_HUMAN,Q14833,surface,active,true,,e22d7643ea01abd0dce415e74faf002186e13ae33190976f1ae61cece045fb76,2026-08-06
P41594,GRM5_HUMAN,P41594,surface,active,true,,e22d7643ea01abd0dce415e74faf002186e13ae33190976f1ae61cece045fb76,2026-08-06
O15303,GRM6_HUMAN,O15303,surface,active,true,,e22d7643ea01abd0dce415e74faf002186e13ae33190976f1ae61cece045fb76,2026-08-06
Q14831,GRM7_HUMAN,Q14831,surface,active,true,,e22d7643ea01abd0dce415e74faf002186e13ae33190976f1ae61cece045fb76,2026-08-06
O00222,GRM8_HUMAN,O00222,surface,active,true,,e22d7643ea01abd0dce415e74faf002186e13ae33190976f1ae61cece045fb76,2026-08-06
P28799,GRN_HUMAN,P28799,unclassified,active,true,,e22d7643ea01abd0dce415e74faf002186e13ae33190976f1ae61cece045fb76,2026-08-06
P09341,GROA_HUMAN,P09341,unclassified,active,true,,e22d7643ea01abd0dce415e74faf002186e13ae33190976f1ae61cece045fb76,2026-08-06
P11021,GRP78_HUMAN,P11021,unclassified,active,true,,e22d7643ea01abd0dce415e74faf002186e13ae33190976f1ae61cece045fb76,2026-08-06
Q4G1C9,GRPL2_HUMAN,Q4G1C9,non_surface,active,true,,e22d7643ea01abd0dce415e74faf002186e13ae33190976f1ae61cece045fb76,2026-08-06
P30550,GRPR_HUMAN,P30550,surface,active,true,,e22d7643ea01abd0dce415e74faf002186e13ae33190976f1ae61cece045fb76,2026-08-06
P07492,GRP_HUMAN,P07492,unclassified,active,true,,e22d7643ea01abd0dce415e74faf002186e13ae33190976f1ae61cece045fb76,2026-08-06
Q9NRJ2,GSAS1_HUMAN,Q9NRJ2,non_surface,active,true,,e22d7643ea01abd0dce415e74faf002186e13ae33190976f1ae61cece045fb76,2026-08-06
Q6UXU4,GSG1L_HUMAN,Q6UXU4,surface,active,true,,e22d7643ea01abd0dce415e74faf002186e13ae33190976f1ae61cece045fb76,2026-08-06
A8MUP6,GSG1M_HUMAN,A8MUP6,surface,active,true,,e22d7643ea01abd0dce415e74faf002186e13ae33190976f1ae61cece045fb76,2026-08-06
Q2KHT4,GSG1_HUMAN,Q2KHT4,surface,active,true,,e22d7643ea01abd0dce415e74faf002186e13ae33190976f1ae61cece045fb76,2026-08-06
Q92896,GSLG1_HUMAN,Q92896,unclassified,active,true,,e22d7643ea01abd0dce415e74faf002186e13ae33190976f1ae61cece045fb76,2026-08-06
Q8NBJ5,GT251_HUMAN,Q8NBJ5,unclassified,active,true,,e22d7643ea01abd0dce415e74faf002186e13ae33190976f1ae61cece045fb76,2026-08-06
Q8IYK4,GT252_HUMAN,Q8IYK4,unclassified,active,true,,e22d7643ea01abd0dce415e74faf002186e13ae33190976f1ae61cece045fb76,2026-08-06
Q5T4B2,GT253_HUMAN,Q5T4B2,unclassified,active,true,,e22d7643ea01abd0dce415e74faf002186e13ae33190976f1ae61cece045fb76,2026-08-06
O95528,GTR10_HUMAN,O95528,surface,active,true,,e22d7643ea01abd0dce415e74faf002186e13ae33190976f1ae61cece045fb76,2026-08-06
Q9BYW1,GTR11_HUMAN,Q9BYW1,surface,active,true,,e22d7643ea01abd0dce415e74faf002186e13ae33190976f1ae61cece045fb76,2026-08-06
Q8TD20,GTR12_HUMAN,Q8TD20,surface,active,true,,e22d7643ea01abd0dce415e74faf002186e13ae33190976f1ae61cece045fb76,2026-08-06
Q8TDB8,GTR14_HUMAN,Q8TDB8,surface,active,true,,e22d7643ea01abd0dce415e74faf002186e13ae33190976f1ae61cece045fb76,2026-08-06
P11166,GTR1_HUMAN,P11166,surface,active,true,,e22d7643ea01abd0dce415e74faf002186e13ae33190976f1ae61cece045fb76,2026-08-06
P11168,GTR2_HUMAN,P11168,surface,active,true,,e22d7643ea01abd0dce415e74faf002186e13ae33190976f1ae61cece045fb76,2026-08-06
P11169,GTR3_HUMAN,P11169,surface,active,true,,e22d7643ea01abd0dce415e74faf002186e13ae33190976f1ae61cece045fb76,2026-08-06
P14672,GTR4_HUMAN,P14672,surface,active,true,,e22d7643ea01abd0dce415e74faf002186e13ae33190976f1ae61cece045fb76,2026-08-06
P22732,GTR5_HUMAN,P22732,surface,active,true,,e22d7643ea01abd0dce415e74faf002186e13ae33190976f1ae61cece045fb76,2026-08-06
Q9UGQ3,GTR6_HUMAN,Q9UGQ3,surface,active,true,,e22d7643ea01abd0dce415e74faf002186e13ae33190976f1ae61cece045fb76,2026-08-06
Q6PXP3,GTR7_HUMAN,Q6PXP3,surface,active,true,,e22d7643ea01abd0dce415e74faf002186e13ae33190976f1ae61cece045fb76,2026-08-06
Q9NY64,GTR8_HUMAN,Q9NY64,surface,active,true,,e22d7643ea01abd0dce415e74faf002186e13ae33190976f1ae61cece045fb76,2026-08-06
Q9NRM0,GTR9_HUMAN,Q9NRM0,surface,active,true,,e22d7643ea01abd0dce415e74faf002186e13ae33190976f1ae61cece045fb76,2026-08-06
Q86UQ5,GTSC1_HUMAN,Q86UQ5,non_surface,active,true,,e22d7643ea01abd0dce415e74faf002186e13ae33190976f1ae61cece045fb76,2026-08-06
Q02747,GUC2A_HUMAN,Q02747,unclassified,active,true,,e22d7643ea01abd0dce415e74faf002186e13ae33190976f1ae61cece045fb76,2026-08-06
Q16661,GUC2B_HUMAN,Q16661,unclassified,active,true,,e22d7643ea01abd0dce415e74faf002186e13ae33190976f1ae61cece045fb76,2026-08-06
P25092,GUC2C_HUMAN,P25092,surface,active,true,,e22d7643ea01abd0dce415e74faf002186e13ae33190976f1ae61cece045fb76,2026-08-06
Q02846,GUC2D_HUMAN,Q02846,unclassified,active,true,,e22d7643ea01abd0dce415e74faf002186e13ae33190976f1ae61cece045fb76,2026-08-06
P51841,GUC2F_HUMAN,P51841,unclassified,active,true,,e22d7643ea01abd0dce415e74faf002186e13ae33190976f1ae61cece045fb76,2026-08-06
Q8N7I0,GVQW1_HUMAN,Q8N7I0,unclassified,inactive,false,uniprot_inactive,e22d7643ea01abd0dce415e74faf002186e13ae33190976f1ae61cece045fb76,2026-08-06
Q4G148,GXLT1_HUMAN,Q4G148,non_surface,active,true,,e22d7643ea01abd0dce415e74faf002186e13ae33190976f1ae61cece045fb76,2026-08-06
A0PJZ3,GXLT2_HUMAN,A0PJZ3,non_surface,active,true,,e22d7643ea01abd0dce415e74faf002186e13ae33190976f1ae61cece045fb76,2026-08-06
O14756,H17B6_HUMAN,O14756,unclassified,active,true,,e22d7643ea01abd0dce415e74faf002186e13ae33190976f1ae61cece045fb76,2026-08-06
Q9P0M6,H2AW_HUMAN,Q9P0M6,non_surface,active,true,,e22d7643ea01abd0dce415e74faf002186e13ae33190976f1ae61cece045fb76,2026-08-06
Q7Z2G1,H2BWT_HUMAN,Q7Z2G1,unclassified,active,true,,e22d7643ea01abd0dce415e74faf002186e13ae33190976f1ae61cece045fb76,2026-08-06
O60243,H6ST1_HUMAN,O60243,non_surface,active,true,,e22d7643ea01abd0dce415e74faf002186e13ae33190976f1ae61cece045fb76,2026-08-06
Q96MM7,H6ST2_HUMAN,Q96MM7,non_surface,active,true,,e22d7643ea01abd0dce415e74faf002186e13ae33190976f1ae61cece045fb76,2026-08-06
Q8IZP7,H6ST3_HUMAN,Q8IZP7,non_surface,active,true,,e22d7643ea01abd0dce415e74faf002186e13ae33190976f1ae61cece045fb76,2026-08-06
Q14520,HABP2_HUMAN,Q14520,unclassified,active,true,,e22d7643ea01abd0dce415e74faf002186e13ae33190976f1ae61cece045fb76,2026-08-06
Q5JVS0,HABP4_HUMAN,Q5JVS0,unclassified,active,true,,e22d7643ea01abd0dce415e74faf002186e13ae33190976f1ae61cece045fb76,2026-08-06
B0YJ81,HACD1_HUMAN,B0YJ81,non_surface,active,true,,e22d7643ea01abd0dce415e74faf002186e13ae33190976f1ae61cece045fb76,2026-08-06
Q6Y1H2,HACD2_HUMAN,Q6Y1H2,non_surface,active,true,,e22d7643ea01abd0dce415e74faf002186e13ae33190976f1ae61cece045fb76,2026-08-06
Q9P035,HACD3_HUMAN,Q9P035,non_surface,active,true,,e22d7643ea01abd0dce415e74faf002186e13ae33190976f1ae61cece045fb76,2026-08-06
Q5VWC8,HACD4_HUMAN,Q5VWC8,non_surface,active,true,,e22d7643ea01abd0dce415e74faf002186e13ae33190976f1ae61cece045fb76,2026-08-06
Q9UJ83,HACL1_HUMAN,Q9UJ83,non_surface,active,true,,e22d7643ea01abd0dce415e74faf002186e13ae33190976f1ae61cece045fb76,2026-08-06
Q96D42,HAVR1_HUMAN,Q96D42,surface,active,true,,e22d7643ea01abd0dce415e74faf002186e13ae33190976f1ae61cece045fb76,2026-08-06
Q8TDQ0,HAVR2_HUMAN,Q8TDQ0,surface,active,true,,e22d7643ea01abd0dce415e74faf002186e13ae33190976f1ae61cece045fb76,2026-08-06
Q99075,HBEGF_HUMAN,Q99075,surface,active,true,,e22d7643ea01abd0dce415e74faf002186e13ae33190976f1ae61cece045fb76,2026-08-06
Q9BXC0,HCAR1_HUMAN,Q9BXC0,surface,active,true,,e22d7643ea01abd0dce415e74faf002186e13ae33190976f1ae61cece045fb76,2026-08-06
Q8TDS4,HCAR2_HUMAN,Q8TDS4,surface,active,true,,e22d7643ea01abd0dce415e74faf002186e13ae33190976f1ae61cece045fb76,2026-08-06
P49019,HCAR3_HUMAN,P49019,surface,active,true,,e22d7643ea01abd0dce415e74faf002186e13ae33190976f1ae61cece045fb76,2026-08-06
Q99714,HCD2_HUMAN,Q99714,unclassified,active,true,,e22d7643ea01abd0dce415e74faf002186e13ae33190976f1ae61cece045fb76,2026-08-06
O60741,HCN1_HUMAN,O60741,non_surface,active,true,,e22d7643ea01abd0dce415e74faf002186e13ae33190976f1ae61cece045fb76,2026-08-06
Q9UL51,HCN2_HUMAN,Q9UL51,non_surface,active,true,,e22d7643ea01abd0dce415e74faf002186e13ae33190976f1ae61cece045fb76,2026-08-06
Q9P1Z3,HCN3_HUMAN,Q9P1Z3,non_surface,active,true,,e22d7643ea01abd0dce415e74faf002186e13ae33190976f1ae61cece045fb76,2026-08-06
Q9Y3Q4,HCN4_HUMAN,Q9Y3Q4,non_surface,active,true,,e22d7643ea01abd0dce415e74faf002186e13ae33190976f1ae61cece045fb76,2026-08-06
Q9UBK5,HCST_HUMAN,Q9UBK5,unclassified,active,true,,e22d7643ea01abd0dce415e74faf002186e13ae33190976f1ae61cece045fb76,2026-08-06
Q8IV16,HDBP1_HUMAN,Q8IV16,surface,active,true,,e22d7643ea01abd0dce415e74faf002186e13ae33190976f1ae61cece045fb76,2026-08-06
P42858,HD_HUMAN,P42858,non_surface,active,true,,e22d7643ea01abd0dce415e74faf002186e13ae33190976f1ae61cece045fb76,2026-08-06
A8MVW5,HECA2_HUMAN,A8MVW5,surface,active,true,,e22d7643ea01abd0dce415e74faf002186e13ae33190976f1ae61cece045fb76,2026-08-06
Q14CZ8,HECAM_HUMAN,Q14CZ8,surface,active,true,,e22d7643ea01abd0dce415e74faf002186e13ae33190976f1ae61cece045fb76,2026-08-06
Q9Y4D8,HECD4_HUMAN,Q9Y4D8,non_surface,active,true,,e22d7643ea01abd0dce415e74faf002186e13ae33190976f1ae61cece045fb76,2026-08-06
Q9ULI3,HEG1_HUMAN,Q9ULI3,surface,active,true,,e22d7643ea01abd0dce415e74faf002186e13ae33190976f1ae61cece045fb76,2026-08-06
P22557,HEM0_HUMAN,P22557,unclassified,active,true,,e22d7643ea01abd0dce415e74faf002186e13ae33190976f1ae61cece045fb76,2026-08-06
P36551,HEM6_HUMAN,P36551,non_surface,active,true,,e22d7643ea01abd0dce415e74faf002186e13ae33190976f1ae61cece045fb76,2026-08-06
P22830,HEMH_HUMAN,P22830,unclassified,active,true,,e22d7643ea01abd0dce415e74faf002186e13ae33190976f1ae61cece045fb76,2026-08-06
P02790,HEMO_HUMAN,P02790,unclassified,active,true,,e22d7643ea01abd0dce415e74faf002186e13ae33190976f1ae61cece045fb76,2026-08-06
P05546,HEP2_HUMAN,P05546,unclassified,active,true,,e22d7643ea01abd0dce415e74faf002186e13ae33190976f1ae61cece045fb76,2026-08-06
P81172,HEPC_HUMAN,P81172,unclassified,active,true,,e22d7643ea01abd0dce415e74faf002186e13ae33190976f1ae61cece045fb76,2026-08-06
Q9BQS7,HEPH_HUMAN,Q9BQS7,surface,active,true,,e22d7643ea01abd0dce415e74faf002186e13ae33190976f1ae61cece045fb76,2026-08-06
P05981,HEPS_HUMAN,P05981,unclassified,active,true,,e22d7643ea01abd0dce415e74faf002186e13ae33190976f1ae61cece045fb76,2026-08-06
Q5GLZ8,HERC4_HUMAN,Q5GLZ8,non_surface,active,true,,e22d7643ea01abd0dce415e74faf002186e13ae33190976f1ae61cece045fb76,2026-08-06
Q9UII4,HERC5_HUMAN,Q9UII4,non_surface,active,true,,e22d7643ea01abd0dce415e74faf002186e13ae33190976f1ae61cece045fb76,2026-08-06
Q8IVU3,HERC6_HUMAN,Q8IVU3,non_surface,active,true,,e22d7643ea01abd0dce415e74faf002186e13ae33190976f1ae61cece045fb76,2026-08-06
Q15011,HERP1_HUMAN,Q15011,non_surface,active,true,,e22d7643ea01abd0dce415e74faf002186e13ae33190976f1ae61cece045fb76,2026-08-06
Q9BSE4,HERP2_HUMAN,Q9BSE4,non_surface,active,true,,e22d7643ea01abd0dce415e74faf002186e13ae33190976f1ae61cece045fb76,2026-08-06
P06865,HEXA_HUMAN,P06865,unclassified,active,true,,e22d7643ea01abd0dce415e74faf002186e13ae33190976f1ae61cece045fb76,2026-08-06
P07686,HEXB_HUMAN,P07686,unclassified,active,true,,e22d7643ea01abd0dce415e74faf002186e13ae33190976f1ae61cece045fb76,2026-08-06
Q30201,HFE_HUMAN,Q30201,surface,active,true,,e22d7643ea01abd0dce415e74faf002186e13ae33190976f1ae61cece045fb76,2026-08-06
P04233,HG2A_HUMAN,P04233,surface,active,true,,e22d7643ea01abd0dce415e74faf002186e13ae33190976f1ae61cece045fb76,2026-08-06
Q04756,HGFA_HUMAN,Q04756,unclassified,active,true,,e22d7643ea01abd0dce415e74faf002186e13ae33190976f1ae61cece045fb76,2026-08-06
P26927,HGFL_HUMAN,P26927,unclassified,active,true,,e22d7643ea01abd0dce415e74faf002186e13ae33190976f1ae61cece045fb76,2026-08-06
P14210,HGF_HUMAN,P14210,unclassified,active,true,,e22d7643ea01abd0dce415e74faf002186e13ae33190976f1ae61cece045fb76,2026-08-06
Q68CP4,HGNAT_HUMAN,Q68CP4,unclassified,active,true,,e22d7643ea01abd0dce415e74faf002186e13ae33190976f1ae61cece045fb76,2026-08-06
Q9HCP6,HHATL_HUMAN,Q9HCP6,non_surface,active,true,,e22d7643ea01abd0dce415e74faf002186e13ae33190976f1ae61cece045fb76,2026-08-06
Q5VTY9,HHAT_HUMAN,Q5VTY9,non_surface,active,true,,e22d7643ea01abd0dce415e74faf002186e13ae33190976f1ae61cece045fb76,2026-08-06
Q96QV1,HHIP_HUMAN,Q96QV1,unclassified,active,true,,e22d7643ea01abd0dce415e74faf002186e13ae33190976f1ae61cece045fb76,2026-08-06
C9JL84,HHLA1_HUMAN,C9JL84,unclassified,active,true,,e22d7643ea01abd0dce415e74faf002186e13ae33190976f1ae61cece045fb76,2026-08-06
Q9UM44,HHLA2_HUMAN,Q9UM44,surface,active,true,,e22d7643ea01abd0dce415e74faf002186e13ae33190976f1ae61cece045fb76,2026-08-06
Q5SR56,HIAL1_HUMAN,Q5SR56,unclassified,active,true,,e22d7643ea01abd0dce415e74faf002186e13ae33190976f1ae61cece045fb76,2026-08-06
Q5VZR4,HIAL2_HUMAN,Q5VZR4,non_surface,active,true,,e22d7643ea01abd0dce415e74faf002186e13ae33190976f1ae61cece045fb76,2026-08-06
Q96MC6,HIAT1_HUMAN,Q96MC6,surface,active,true,,e22d7643ea01abd0dce415e74faf002186e13ae33190976f1ae61cece045fb76,2026-08-06
Q8IV36,HID1_HUMAN,Q8IV36,non_surface,active,true,,e22d7643ea01abd0dce415e74faf002186e13ae33190976f1ae61cece045fb76,2026-08-06
A8MVS5,HIDE1_HUMAN,A8MVS5,surface,active,true,,e22d7643ea01abd0dce415e74faf002186e13ae33190976f1ae61cece045fb76,2026-08-06
Q9Y241,HIG1A_HUMAN,Q9Y241,non_surface,active,true,,e22d7643ea01abd0dce415e74faf002186e13ae33190976f1ae61cece045fb76,2026-08-06
Q9P298,HIG1B_HUMAN,Q9P298,non_surface,active,true,,e22d7643ea01abd0dce415e74faf002186e13ae33190976f1ae61cece045fb76,2026-08-06
A8MV81,HIG1C_HUMAN,A8MV81,non_surface,active,true,,e22d7643ea01abd0dce415e74faf002186e13ae33190976f1ae61cece045fb76,2026-08-06
Q9BW72,HIG2A_HUMAN,Q9BW72,non_surface,active,true,,e22d7643ea01abd0dce415e74faf002186e13ae33190976f1ae61cece045fb76,2026-08-06
Q4VC39,HIG2B_HUMAN,Q4VC39,non_surface,active,true,,e22d7643ea01abd0dce415e74faf002186e13ae33190976f1ae61cece045fb76,2026-08-06
Q9BX68,HINT2_HUMAN,Q9BX68,unclassified,active,true,,e22d7643ea01abd0dce415e74faf002186e13ae33190976f1ae61cece045fb76,2026-08-06
Q96JK4,HIPL1_HUMAN,Q96JK4,unclassified,active,true,,e22d7643ea01abd0dce415e74faf002186e13ae33190976f1ae61cece045fb76,2026-08-06
Q6UWX4,HIPL2_HUMAN,Q6UWX4,unclassified,active,true,,e22d7643ea01abd0dce415e74faf002186e13ae33190976f1ae61cece045fb76,2026-08-06
P15515,HIS1_HUMAN,P15515,unclassified,active,true,,e22d7643ea01abd0dce415e74faf002186e13ae33190976f1ae61cece045fb76,2026-08-06
P15516,HIS3_HUMAN,P15516,unclassified,active,true,,e22d7643ea01abd0dce415e74faf002186e13ae33190976f1ae61cece045fb76,2026-08-06
P13747,HLAE_HUMAN,P13747,surface,active,true,,e22d7643ea01abd0dce415e74faf002186e13ae33190976f1ae61cece045fb76,2026-08-06
P30511,HLAF_HUMAN,P30511,surface,active,true,,e22d7643ea01abd0dce415e74faf002186e13ae33190976f1ae61cece045fb76,2026-08-06
P17693,HLAG_HUMAN,P17693,surface,active,true,,e22d7643ea01abd0dce415e74faf002186e13ae33190976f1ae61cece045fb76,2026-08-06
P01893,HLAH_HUMAN,P01893,surface,active,true,,e22d7643ea01abd0dce415e74faf002186e13ae33190976f1ae61cece045fb76,2026-08-06
Q9Y5L2,HLPDA_HUMAN,Q9Y5L2,non_surface,active,true,,e22d7643ea01abd0dce415e74faf002186e13ae33190976f1ae61cece045fb76,2026-08-06
Q8TCT9,HM13_HUMAN,Q8TCT9,surface,active,true,,e22d7643ea01abd0dce415e74faf002186e13ae33190976f1ae61cece045fb76,2026-08-06
Q96RW7,HMCN1_HUMAN,Q96RW7,unclassified,active,true,,e22d7643ea01abd0dce415e74faf002186e13ae33190976f1ae61cece045fb76,2026-08-06
Q8NDA2,HMCN2_HUMAN,Q8NDA2,unclassified,active,true,,e22d7643ea01abd0dce415e74faf002186e13ae33190976f1ae61cece045fb76,2026-08-06
P04035,HMDH_HUMAN,P04035,non_surface,active,true,,e22d7643ea01abd0dce415e74faf002186e13ae33190976f1ae61cece045fb76,2026-08-06
P35914,HMGCL_HUMAN,P35914,unclassified,active,true,,e22d7643ea01abd0dce415e74faf002186e13ae33190976f1ae61cece045fb76,2026-08-06
S4R3Y5,HMN11_HUMAN,S4R3Y5,unclassified,active,true,,e22d7643ea01abd0dce415e74faf002186e13ae33190976f1ae61cece045fb76,2026-08-06
P0CJ76,HMN9_HUMAN,P0CJ76,unclassified,active,true,,e22d7643ea01abd0dce415e74faf002186e13ae33190976f1ae61cece045fb76,2026-08-06
P09601,HMOX1_HUMAN,P09601,non_surface,active,true,,e22d7643ea01abd0dce415e74faf002186e13ae33190976f1ae61cece045fb76,2026-08-06
P30519,HMOX2_HUMAN,P30519,non_surface,active,true,,e22d7643ea01abd0dce415e74faf002186e13ae33190976f1ae61cece045fb76,2026-08-06
Q95460,HMR1_HUMAN,Q95460,surface,active,true,,e22d7643ea01abd0dce415e74faf002186e13ae33190976f1ae61cece045fb76,2026-08-06
A8MTL9,HMSD_HUMAN,A8MTL9,unclassified,active,true,,e22d7643ea01abd0dce415e74faf002186e13ae33190976f1ae61cece045fb76,2026-08-06
Q6MZM0,HPHL1_HUMAN,Q6MZM0,surface,active,true,,e22d7643ea01abd0dce415e74faf002186e13ae33190976f1ae61cece045fb76,2026-08-06
P10915,HPLN1_HUMAN,P10915,unclassified,active,true,,e22d7643ea01abd0dce415e74faf002186e13ae33190976f1ae61cece045fb76,2026-08-06
Q9GZV7,HPLN2_HUMAN,Q9GZV7,unclassified,active,true,,e22d7643ea01abd0dce415e74faf002186e13ae33190976f1ae61cece045fb76,2026-08-06
Q96S86,HPLN3_HUMAN,Q96S86,unclassified,active,true,,e22d7643ea01abd0dce415e74faf002186e13ae33190976f1ae61cece045fb76,2026-08-06
Q86UW8,HPLN4_HUMAN,Q86UW8,unclassified,active,true,,e22d7643ea01abd0dce415e74faf002186e13ae33190976f1ae61cece045fb76,2026-08-06
Q969F9,HPS3_HUMAN,Q969F9,non_surface,active,true,,e22d7643ea01abd0dce415e74faf002186e13ae33190976f1ae61cece045fb76,2026-08-06
Q8WWQ2,HPSE2_HUMAN,Q8WWQ2,unclassified,active,true,,e22d7643ea01abd0dce415e74faf002186e13ae33190976f1ae61cece045fb76,2026-08-06
Q9Y251,HPSE_HUMAN,Q9Y251,unclassified,active,true,,e22d7643ea01abd0dce415e74faf002186e13ae33190976f1ae61cece045fb76,2026-08-06
P00739,HPTR_HUMAN,P00739,unclassified,active,true,,e22d7643ea01abd0dce415e74faf002186e13ae33190976f1ae61cece045fb76,2026-08-06
P00738,HPT_HUMAN,P00738,unclassified,active,true,,e22d7643ea01abd0dce415e74faf002186e13ae33190976f1ae61cece045fb76,2026-08-06
Q6UXD1,HRCT1_HUMAN,Q6UXD1,non_surface,active,true,,e22d7643ea01abd0dce415e74faf002186e13ae33190976f1ae61cece045fb76,2026-08-06
Q6P1K1,HRG1_HUMAN,Q6P1K1,non_surface,active,true,,e22d7643ea01abd0dce415e74faf002186e13ae33190976f1ae61cece045fb76,2026-08-06
P04196,HRG_HUMAN,P04196,unclassified,active,true,,e22d7643ea01abd0dce415e74faf002186e13ae33190976f1ae61cece045fb76,2026-08-06
P35367,HRH1_HUMAN,P35367,surface,active,true,,e22d7643ea01abd0dce415e74faf002186e13ae33190976f1ae61cece045fb76,2026-08-06
P25021,HRH2_HUMAN,P25021,surface,active,true,,e22d7643ea01abd0dce415e74faf002186e13ae33190976f1ae61cece045fb76,2026-08-06
Q9Y5N1,HRH3_HUMAN,Q9Y5N1,surface,active,true,,e22d7643ea01abd0dce415e74faf002186e13ae33190976f1ae61cece045fb76,2026-08-06
Q9H3N8,HRH4_HUMAN,Q9H3N8,surface,active,true,,e22d7643ea01abd0dce415e74faf002186e13ae33190976f1ae61cece045fb76,2026-08-06
O00198,HRK_HUMAN,O00198,non_surface,active,true,,e22d7643ea01abd0dce415e74faf002186e13ae33190976f1ae61cece045fb76,2026-08-06
Q9HDD0,HRSL1_HUMAN,Q9HDD0,non_surface,active,true,,e22d7643ea01abd0dce415e74faf002186e13ae33190976f1ae61cece045fb76,2026-08-06
Q9NWW9,HRSL2_HUMAN,Q9NWW9,non_surface,active,true,,e22d7643ea01abd0dce415e74faf002186e13ae33190976f1ae61cece045fb76,2026-08-06
P53816,HRSL3_HUMAN,P53816,non_surface,active,true,,e22d7643ea01abd0dce415e74faf002186e13ae33190976f1ae61cece045fb76,2026-08-06
Q9UL19,HRSL4_HUMAN,Q9UL19,non_surface,active,true,,e22d7643ea01abd0dce415e74faf002186e13ae33190976f1ae61cece045fb76,2026-08-06
Q7LGA3,HS2ST_HUMAN,Q7LGA3,non_surface,active,true,,e22d7643ea01abd0dce415e74faf002186e13ae33190976f1ae61cece045fb76,2026-08-06
O14792,HS3S1_HUMAN,O14792,unclassified,active,true,,e22d7643ea01abd0dce415e74faf002186e13ae33190976f1ae61cece045fb76,2026-08-06
Q9Y278,HS3S2_HUMAN,Q9Y278,non_surface,active,true,,e22d7643ea01abd0dce415e74faf002186e13ae33190976f1ae61cece045fb76,2026-08-06
Q9Y661,HS3S4_HUMAN,Q9Y661,non_surface,active,true,,e22d7643ea01abd0dce415e74faf002186e13ae33190976f1ae61cece045fb76,2026-08-06
Q8IZT8,HS3S5_HUMAN,Q8IZT8,non_surface,active,true,,e22d7643ea01abd0dce415e74faf002186e13ae33190976f1ae61cece045fb76,2026-08-06
Q96QI5,HS3S6_HUMAN,Q96QI5,non_surface,active,true,,e22d7643ea01abd0dce415e74faf002186e13ae33190976f1ae61cece045fb76,2026-08-06
Q9Y663,HS3SA_HUMAN,Q9Y663,non_surface,active,true,,e22d7643ea01abd0dce415e74faf002186e13ae33190976f1ae61cece045fb76,2026-08-06
Q9Y662,HS3SB_HUMAN,Q9Y662,unclassified,active,true,,e22d7643ea01abd0dce415e74faf002186e13ae33190976f1ae61cece045fb76,2026-08-06
P48723,HSP13_HUMAN,P48723,unclassified,active,true,,e22d7643ea01abd0dce415e74faf002186e13ae33190976f1ae61cece045fb76,2026-08-06
Q86XA9,HTR5A_HUMAN,Q86XA9,non_surface,active,true,,e22d7643ea01abd0dce415e74faf002186e13ae33190976f1ae61cece045fb76,2026-08-06
Q92743,HTRA1_HUMAN,Q92743,unclassified,active,true,,e22d7643ea01abd0dce415e74faf002186e13ae33190976f1ae61cece045fb76,2026-08-06
O43464,HTRA2_HUMAN,O43464,non_surface,active,true,,e22d7643ea01abd0dce415e74faf002186e13ae33190976f1ae61cece045fb76,2026-08-06
P83110,HTRA3_HUMAN,P83110,unclassified,active,true,,e22d7643ea01abd0dce415e74faf002186e13ae33190976f1ae61cece045fb76,2026-08-06
P83105,HTRA4_HUMAN,P83105,unclassified,active,true,,e22d7643ea01abd0dce415e74faf002186e13ae33190976f1ae61cece045fb76,2026-08-06
Q8TDB4,HUMMR_HUMAN,Q8TDB4,non_surface,active,true,,e22d7643ea01abd0dce415e74faf002186e13ae33190976f1ae61cece045fb76,2026-08-06
Q96NU7,HUTI_HUMAN,Q96NU7,non_surface,active,true,,e22d7643ea01abd0dce415e74faf002186e13ae33190976f1ae61cece045fb76,2026-08-06
Q7Z6Z7,HUWE1_HUMAN,Q7Z6Z7,non_surface,active,true,,e22d7643ea01abd0dce415e74faf002186e13ae33190976f1ae61cece045fb76,2026-08-06
P01743,HV102_HUMAN,P01743,unclassified,active,true,,e22d7643ea01abd0dce415e74faf002186e13ae33190976f1ae61cece045fb76,2026-08-06
P23083,HV103_HUMAN|HV104_HUMAN,P23083|P01744,unclassified,active,true,,e22d7643ea01abd0dce415e74faf002186e13ae33190976f1ae61cece045fb76,2026-08-06
P01814,HV208_HUMAN,P04438,unclassified,merged,true,,e22d7643ea01abd0dce415e74faf002186e13ae33190976f1ae61cece045fb76,2026-08-06
P06331,HV209_HUMAN,P06331,unclassified,active,true,,e22d7643ea01abd0dce415e74faf002186e13ae33190976f1ae61cece045fb76,2026-08-06
P01762,HV301_HUMAN,P01762,non_surface,active,true,,e22d7643ea01abd0dce415e74faf002186e13ae33190976f1ae61cece045fb76,2026-08-06
P01764,HV303_HUMAN|HV304_HUMAN,P01764|P01765,class_conflict,active,true,,e22d7643ea01abd0dce415e74faf002186e13ae33190976f1ae61cece045fb76,2026-08-06
P01768,HV308_HUMAN,P01769,non_surface,merged,true,,e22d7643ea01abd0dce415e74faf002186e13ae33190976f1ae61cece045fb76,2026-08-06
Q96D96,HVCN1_HUMAN,Q96D96,non_surface,active,true,,e22d7643ea01abd0dce415e74faf002186e13ae33190976f1ae61cece045fb76,2026-08-06
Q12794,HYAL1_HUMAN,Q12794,unclassified,active,true,,e22d7643ea01abd0dce415e74faf002186e13ae33190976f1ae61cece045fb76,2026-08-06
Q12891,HYAL2_HUMAN,Q12891,surface,active,true,,e22d7643ea01abd0dce415e74faf002186e13ae33190976f1ae61cece045fb76,2026-08-06
O43820,HYAL3_HUMAN,O43820,unclassified,active,true,,e22d7643ea01abd0dce415e74faf002186e13ae33190976f1ae61cece045fb76,2026-08-06
Q2M3T9,HYAL4_HUMAN,Q2M3T9,non_surface,active,true,,e22d7643ea01abd0dce415e74faf002186e13ae33190976f1ae61cece045fb76,2026-08-06
P38567,HYALP_HUMAN,P38567,surface,active,true,,e22d7643ea01abd0dce415e74faf002186e13ae33190976f1ae61cece045fb76,2026-08-06
Q92839,HYAS1_HUMAN,Q92839,unclassified,active,true,,e22d7643ea01abd0dce415e74faf002186e13ae33190976f1ae61cece045fb76,2026-08-06
Q92819,HYAS2_HUMAN,Q92819,non_surface,active,true,,e22d7643ea01abd0dce415e74faf002186e13ae33190976f1ae61cece045fb76,2026-08-06
O00219,HYAS3_HUMAN,O00219,unclassified,active,true,,e22d7643ea01abd0dce415e74faf002186e13ae33190976f1ae61cece045fb76,2026-08-06
Q9Y4L1,HYOU1_HUMAN,Q9Y4L1,unclassified,active,true,,e22d7643ea01abd0dce415e74faf002186e13ae33190976f1ae61cece045fb76,2026-08-06
Q13651,I10R1_HUMAN,Q13651,surface,active,true,,e22d7643ea01abd0dce415e74faf002186e13ae33190976f1ae61cece045fb76,2026-08-06
Q08334,I10R2_HUMAN,Q08334,surface,active,true,,e22d7643ea01abd0dce415e74faf002186e13ae33190976f1ae61cece045fb76,2026-08-06
Q14626,I11RA_HUMAN,Q14626,surface,active,true,,e22d7643ea01abd0dce415e74faf002186e13ae33190976f1ae61cece045fb76,2026-08-06
P42701,I12R1_HUMAN,P42701,surface,active,true,,e22d7643ea01abd0dce415e74faf002186e13ae33190976f1ae61cece045fb76,2026-08-06
Q99665,I12R2_HUMAN,Q99665,surface,active,true,,e22d7643ea01abd0dce415e74faf002186e13ae33190976f1ae61cece045fb76,2026-08-06
P78552,I13R1_HUMAN,P78552,surface,active,true,,e22d7643ea01abd0dce415e74faf002186e13ae33190976f1ae61cece045fb76,2026-08-06
Q14627,I13R2_HUMAN,Q14627,surface,active,true,,e22d7643ea01abd0dce415e74faf002186e13ae33190976f1ae61cece045fb76,2026-08-06
Q13261,I15RA_HUMAN,Q13261,surface,active,true,,e22d7643ea01abd0dce415e74faf002186e13ae33190976f1ae61cece045fb76,2026-08-06
Q96F46,I17RA_HUMAN,Q96F46,surface,active,true,,e22d7643ea01abd0dce415e74faf002186e13ae33190976f1ae61cece045fb76,2026-08-06
Q9NRM6,I17RB_HUMAN,Q9NRM6,surface,active,true,,e22d7643ea01abd0dce415e74faf002186e13ae33190976f1ae61cece045fb76,2026-08-06
Q8NAC3,I17RC_HUMAN,Q8NAC3,surface,active,true,,e22d7643ea01abd0dce415e74faf002186e13ae33190976f1ae61cece045fb76,2026-08-06
Q8NFM7,I17RD_HUMAN,Q8NFM7,surface,active,true,,e22d7643ea01abd0dce415e74faf002186e13ae33190976f1ae61cece045fb76,2026-08-06
Q8NFR9,I17RE_HUMAN,Q8NFR9,surface,active,true,,e22d7643ea01abd0dce415e74faf002186e13ae33190976f1ae61cece045fb76,2026-08-06
O95998,I18BP_HUMAN,O95998,unclassified,active,true,,e22d7643ea01abd0dce415e74faf002186e13ae33190976f1ae61cece045fb76,2026-08-06
O95256,I18RA_HUMAN,O95256,surface,active,true,,e22d7643ea01abd0dce415e74faf002186e13ae33190976f1ae61cece045fb76,2026-08-06
Q9UHF4,I20RA_HUMAN,Q9UHF4,surface,active,true,,e22d7643ea01abd0dce415e74faf002186e13ae33190976f1ae61cece045fb76,2026-08-06
Q6UXL0,I20RB_HUMAN,Q6UXL0,surface,active,true,,e22d7643ea01abd0dce415e74faf002186e13ae33190976f1ae61cece045fb76,2026-08-06
Q8N6P7,I22R1_HUMAN,Q8N6P7,surface,active,true,,e22d7643ea01abd0dce415e74faf002186e13ae33190976f1ae61cece045fb76,2026-08-06
Q969J5,I22R2_HUMAN,Q969J5,unclassified,active,true,,e22d7643ea01abd0dce415e74faf002186e13ae33190976f1ae61cece045fb76,2026-08-06
Q96BM0,I27L1_HUMAN,Q96BM0,non_surface,active,true,,e22d7643ea01abd0dce415e74faf002186e13ae33190976f1ae61cece045fb76,2026-08-06
Q9H2X8,I27L2_HUMAN,Q9H2X8,unclassified,active,true,,e22d7643ea01abd0dce415e74faf002186e13ae33190976f1ae61cece045fb76,2026-08-06
Q6UWB1,I27RA_HUMAN,Q6UWB1,surface,active,true,,e22d7643ea01abd0dce415e74faf002186e13ae33190976f1ae61cece045fb76,2026-08-06
Q7Z5L9,I2BP2_HUMAN,Q7Z5L9,unclassified,active,true,,e22d7643ea01abd0dce415e74faf002186e13ae33190976f1ae61cece045fb76,2026-08-06
Q14642,I5P1_HUMAN,Q14642,unclassified,active,true,,e22d7643ea01abd0dce415e74faf002186e13ae33190976f1ae61cece045fb76,2026-08-06
P10997,IAPP_HUMAN,P10997,unclassified,active,true,,e22d7643ea01abd0dce415e74faf002186e13ae33190976f1ae61cece045fb76,2026-08-06
P08833,IBP1_HUMAN,P08833,unclassified,active,true,,e22d7643ea01abd0dce415e74faf002186e13ae33190976f1ae61cece045fb76,2026-08-06
P18065,IBP2_HUMAN,P18065,unclassified,active,true,,e22d7643ea01abd0dce415e74faf002186e13ae33190976f1ae61cece045fb76,2026-08-06
P17936,IBP3_HUMAN,P17936,unclassified,active,true,,e22d7643ea01abd0dce415e74faf002186e13ae33190976f1ae61cece045fb76,2026-08-06
P22692,IBP4_HUMAN,P22692,unclassified,active,true,,e22d7643ea01abd0dce415e74faf002186e13ae33190976f1ae61cece045fb76,2026-08-06
P24593,IBP5_HUMAN,P24593,unclassified,active,true,,e22d7643ea01abd0dce415e74faf002186e13ae33190976f1ae61cece045fb76,2026-08-06
P24592,IBP6_HUMAN,P24592,unclassified,active,true,,e22d7643ea01abd0dce415e74faf002186e13ae33190976f1ae61cece045fb76,2026-08-06
Q16270,IBP7_HUMAN,Q16270,unclassified,active,true,,e22d7643ea01abd0dce415e74faf002186e13ae33190976f1ae61cece045fb76,2026-08-06
Q8WX77,IBPL1_HUMAN,Q8WX77,unclassified,active,true,,e22d7643ea01abd0dce415e74faf002186e13ae33190976f1ae61cece045fb76,2026-08-06
P05155,IC1_HUMAN,P05155,unclassified,active,true,,e22d7643ea01abd0dce415e74faf002186e13ae33190976f1ae61cece045fb76,2026-08-06
P05362,ICAM1_HUMAN,P05362,surface,active,true,,e22d7643ea01abd0dce415e74faf002186e13ae33190976f1ae61cece045fb76,2026-08-06
P13598,ICAM2_HUMAN,P13598,surface,active,true,,e22d7643ea01abd0dce415e74faf002186e13ae33190976f1ae61cece045fb76,2026-08-06
P32942,ICAM3_HUMAN,P32942,surface,active,true,,e22d7643ea01abd0dce415e74faf002186e13ae33190976f1ae61cece045fb76,2026-08-06
Q14773,ICAM4_HUMAN,Q14773,surface,active,true,,e22d7643ea01abd0dce415e74faf002186e13ae33190976f1ae61cece045fb76,2026-08-06
Q9UMF0,ICAM5_HUMAN,Q9UMF0,surface,active,true,,e22d7643ea01abd0dce415e74faf002186e13ae33190976f1ae61cece045fb76,2026-08-06
O60725,ICMT_HUMAN,O60725,non_surface,active,true,,e22d7643ea01abd0dce415e74faf002186e13ae33190976f1ae61cece045fb76,2026-08-06
O75144,ICOSL_HUMAN,O75144,surface,active,true,,e22d7643ea01abd0dce415e74faf002186e13ae33190976f1ae61cece045fb76,2026-08-06
Q9Y6W8,ICOS_HUMAN,Q9Y6W8,surface,active,true,,e22d7643ea01abd0dce415e74faf002186e13ae33190976f1ae61cece045fb76,2026-08-06
P41134,ID1_HUMAN,P41134,unclassified,active,true,,e22d7643ea01abd0dce415e74faf002186e13ae33190976f1ae61cece045fb76,2026-08-06
P98153,IDD_HUMAN,P98153,surface,active,true,,e22d7643ea01abd0dce415e74faf002186e13ae33190976f1ae61cece045fb76,2026-08-06
P14735,IDE_HUMAN,P14735,unclassified,active,true,,e22d7643ea01abd0dce415e74faf002186e13ae33190976f1ae61cece045fb76,2026-08-06
P22304,IDS_HUMAN,P22304,unclassified,active,true,,e22d7643ea01abd0dce415e74faf002186e13ae33190976f1ae61cece045fb76,2026-08-06
P35475,IDUA_HUMAN,P35475,unclassified,active,true,,e22d7643ea01abd0dce415e74faf002186e13ae33190976f1ae61cece045fb76,2026-08-06
P46695,IEX1_HUMAN,P46695,non_surface,active,true,,e22d7643ea01abd0dce415e74faf002186e13ae33190976f1ae61cece045fb76,2026-08-06
P40305,IFI27_HUMAN,P40305,non_surface,active,true,,e22d7643ea01abd0dce415e74faf002186e13ae33190976f1ae61cece045fb76,2026-08-06
P09912,IFI6_HUMAN,P09912,unclassified,active,true,,e22d7643ea01abd0dce415e74faf002186e13ae33190976f1ae61cece045fb76,2026-08-06
A6NMD0,IFM10_HUMAN,A6NMD0,non_surface,active,true,,e22d7643ea01abd0dce415e74faf002186e13ae33190976f1ae61cece045fb76,2026-08-06
P13164,IFM1_HUMAN,P13164,non_surface,active,true,,e22d7643ea01abd0dce415e74faf002186e13ae33190976f1ae61cece045fb76,2026-08-06
Q01629,IFM2_HUMAN,Q01629,non_surface,active,true,,e22d7643ea01abd0dce415e74faf002186e13ae33190976f1ae61cece045fb76,2026-08-06
Q01628,IFM3_HUMAN,Q01628,non_surface,active,true,,e22d7643ea01abd0dce415e74faf002186e13ae33190976f1ae61cece045fb76,2026-08-06
A6NNB3,IFM5_HUMAN,A6NNB3,non_surface,active,true,,e22d7643ea01abd0dce415e74faf002186e13ae33190976f1ae61cece045fb76,2026-08-06
P01566,IFN10_HUMAN,P01566,unclassified,active,true,,e22d7643ea01abd0dce415e74faf002186e13ae33190976f1ae61cece045fb76,2026-08-06
P01570,IFN14_HUMAN,P01570,unclassified,active,true,,e22d7643ea01abd0dce415e74faf002186e13ae33190976f1ae61cece045fb76,2026-08-06
P05015,IFN16_HUMAN,P05015,unclassified,active,true,,e22d7643ea01abd0dce415e74faf002186e13ae33190976f1ae61cece045fb76,2026-08-06
P01571,IFN17_HUMAN,P01571,unclassified,active,true,,e22d7643ea01abd0dce415e74faf002186e13ae33190976f1ae61cece045fb76,2026-08-06
P01568,IFN21_HUMAN,P01568,unclassified,active,true,,e22d7643ea01abd0dce415e74faf002186e13ae33190976f1ae61cece045fb76,2026-08-06
P01562,IFNA1_HUMAN,P01562,unclassified,inactive,false,uniprot_inactive,e22d7643ea01abd0dce415e74faf002186e13ae33190976f1ae61cece045fb76,2026-08-06
P01563,IFNA2_HUMAN,P01563,unclassified,active,true,,e22d7643ea01abd0dce415e74faf002186e13ae33190976f1ae61cece045fb76,2026-08-06
P05014,IFNA4_HUMAN,P05014,unclassified,active,true,,e22d7643ea01abd0dce415e74faf002186e13ae33190976f1ae61cece045fb76,2026-08-06
P01569,IFNA5_HUMAN,P01569,unclassified,active,true,,e22d7643ea01abd0dce415e74faf002186e13ae33190976f1ae61cece045fb76,2026-08-06
P05013,IFNA6_HUMAN,P05013,unclassified,active,true,,e22d7643ea01abd0dce415e74faf002186e13ae33190976f1ae61cece045fb76,2026-08-06
P01567,IFNA7_HUMAN,P01567,unclassified,active,true,,e22d7643ea01abd0dce415e74faf002186e13ae33190976f1ae61cece045fb76,2026-08-06
P32881,IFNA8_HUMAN,P32881,unclassified,active,true,,e22d7643ea01abd0dce415e74faf002186e13ae33190976f1ae61cece045fb76,2026-08-06
P01574,IFNB_HUMAN,P01574,unclassified,active,true,,e22d7643ea01abd0dce415e74faf002186e13ae33190976f1ae61cece045fb76,2026-08-06
Q86WN2,IFNE_HUMAN,Q86WN2,unclassified,active,true,,e22d7643ea01abd0dce415e74faf002186e13ae33190976f1ae61cece045fb76,2026-08-06
P01579,IFNG_HUMAN,P01579,unclassified,active,true,,e22d7643ea01abd0dce415e74faf002186e13ae33190976f1ae61cece045fb76,2026-08-06
Q9P0W0,IFNK_HUMAN,Q9P0W0,unclassified,active,true,,e22d7643ea01abd0dce415e74faf002186e13ae33190976f1ae61cece045fb76,2026-08-06
Q8IU54,IFNL1_HUMAN,Q8IU54,unclassified,active,true,,e22d7643ea01abd0dce415e74faf002186e13ae33190976f1ae61cece045fb76,2026-08-06
Q8IZJ0,IFNL2_HUMAN,Q8IZJ0,unclassified,active,true,,e22d7643ea01abd0dce415e74faf002186e13ae33190976f1ae61cece045fb76,2026-08-06
Q8IZI9,IFNL3_HUMAN,Q8IZI9,unclassified,active,true,,e22d7643ea01abd0dce415e74faf002186e13ae33190976f1ae61cece045fb76,2026-08-06
K9M1U5,IFNL4_HUMAN,K9M1U5,unclassified,active,true,,e22d7643ea01abd0dce415e74faf002186e13ae33190976f1ae61cece045fb76,2026-08-06
P05000,IFNW1_HUMAN,P05000,unclassified,active,true,,e22d7643ea01abd0dce415e74faf002186e13ae33190976f1ae61cece045fb76,2026-08-06
O00458,IFRD1_HUMAN,O00458,non_surface,active,true,,e22d7643ea01abd0dce415e74faf002186e13ae33190976f1ae61cece045fb76,2026-08-06
P27352,IF_HUMAN,P27352,unclassified,active,true,,e22d7643ea01abd0dce415e74faf002186e13ae33190976f1ae61cece045fb76,2026-08-06
Q8IVU1,IGDC3_HUMAN,Q8IVU1,surface,active,true,,e22d7643ea01abd0dce415e74faf002186e13ae33190976f1ae61cece045fb76,2026-08-06
Q8TDY8,IGDC4_HUMAN,Q8TDY8,surface,active,true,,e22d7643ea01abd0dce415e74faf002186e13ae33190976f1ae61cece045fb76,2026-08-06
P08069,IGF1R_HUMAN,P08069,surface,active,true,,e22d7643ea01abd0dce415e74faf002186e13ae33190976f1ae61cece045fb76,2026-08-06
P05019,IGF1_HUMAN,P05019,unclassified,active,true,,e22d7643ea01abd0dce415e74faf002186e13ae33190976f1ae61cece045fb76,2026-08-06
P01344,IGF2_HUMAN,P01344,unclassified,active,true,,e22d7643ea01abd0dce415e74faf002186e13ae33190976f1ae61cece045fb76,2026-08-06
Q6UW32,IGFL1_HUMAN,Q6UW32,unclassified,active,true,,e22d7643ea01abd0dce415e74faf002186e13ae33190976f1ae61cece045fb76,2026-08-06
Q6UWQ7,IGFL2_HUMAN,Q6UWQ7,unclassified,active,true,,e22d7643ea01abd0dce415e74faf002186e13ae33190976f1ae61cece045fb76,2026-08-06
Q6UXB1,IGFL3_HUMAN,Q6UXB1,unclassified,active,true,,e22d7643ea01abd0dce415e74faf002186e13ae33190976f1ae61cece045fb76,2026-08-06
Q6B9Z1,IGFL4_HUMAN,Q6B9Z1,unclassified,active,true,,e22d7643ea01abd0dce415e74faf002186e13ae33190976f1ae61cece045fb76,2026-08-06
Q9H665,IGFR1_HUMAN,Q9H665,surface,active,true,,e22d7643ea01abd0dce415e74faf002186e13ae33190976f1ae61cece045fb76,2026-08-06
A6NJ69,IGIP_HUMAN,A6NJ69,unclassified,active,true,,e22d7643ea01abd0dce415e74faf002186e13ae33190976f1ae61cece045fb76,2026-08-06
P01591,IGJ_HUMAN,P01591,unclassified,active,true,,e22d7643ea01abd0dce415e74faf002186e13ae33190976f1ae61cece045fb76,2026-08-06
P15814,IGLL1_HUMAN,P15814,unclassified,active,true,,e22d7643ea01abd0dce415e74faf002186e13ae33190976f1ae61cece045fb76,2026-08-06
B9A064,IGLL5_HUMAN,B9A064,unclassified,active,true,,e22d7643ea01abd0dce415e74faf002186e13ae33190976f1ae61cece045fb76,2026-08-06
A6NGN9,IGLO5_HUMAN,A6NGN9,unclassified,active,true,,e22d7643ea01abd0dce415e74faf002186e13ae33190976f1ae61cece045fb76,2026-08-06
Q6WRI0,IGS10_HUMAN,Q6WRI0,unclassified,active,true,,e22d7643ea01abd0dce415e74faf002186e13ae33190976f1ae61cece045fb76,2026-08-06
Q5DX21,IGS11_HUMAN,Q5DX21,surface,active,true,,e22d7643ea01abd0dce415e74faf002186e13ae33190976f1ae61cece045fb76,2026-08-06
Q96ID5,IGS21_HUMAN,Q96ID5,unclassified,active,true,,e22d7643ea01abd0dce415e74faf002186e13ae33190976f1ae61cece045fb76,2026-08-06
A1L1A6,IGS23_HUMAN,A1L1A6,unclassified,active,true,,e22d7643ea01abd0dce415e74faf002186e13ae33190976f1ae61cece045fb76,2026-08-06
Q8N6C5,IGSF1_HUMAN,Q8N6C5,surface,active,true,,e22d7643ea01abd0dce415e74faf002186e13ae33190976f1ae61cece045fb76,2026-08-06
Q93033,IGSF2_HUMAN,Q93033,surface,active,true,,e22d7643ea01abd0dce415e74faf002186e13ae33190976f1ae61cece045fb76,2026-08-06
O75054,IGSF3_HUMAN,O75054,surface,active,true,,e22d7643ea01abd0dce415e74faf002186e13ae33190976f1ae61cece045fb76,2026-08-06
Q9NSI5,IGSF5_HUMAN,Q9NSI5,surface,active,true,,e22d7643ea01abd0dce415e74faf002186e13ae33190976f1ae61cece045fb76,2026-08-06
O95976,IGSF6_HUMAN,O95976,surface,active,true,,e22d7643ea01abd0dce415e74faf002186e13ae33190976f1ae61cece045fb76,2026-08-06
Q969P0,IGSF8_HUMAN,Q969P0,surface,active,true,,e22d7643ea01abd0dce415e74faf002186e13ae33190976f1ae61cece045fb76,2026-08-06
Q14623,IHH_HUMAN,Q14623,unclassified,active,true,,e22d7643ea01abd0dce415e74faf002186e13ae33190976f1ae61cece045fb76,2026-08-06
Q70UQ0,IKIP_HUMAN,Q70UQ0,non_surface,active,true,,e22d7643ea01abd0dce415e74faf002186e13ae33190976f1ae61cece045fb76,2026-08-06
P22301,IL10_HUMAN,P22301,unclassified,active,true,,e22d7643ea01abd0dce415e74faf002186e13ae33190976f1ae61cece045fb76,2026-08-06
P20809,IL11_HUMAN,P20809,unclassified,active,true,,e22d7643ea01abd0dce415e74faf002186e13ae33190976f1ae61cece045fb76,2026-08-06
P29459,IL12A_HUMAN,P29459,unclassified,active,true,,e22d7643ea01abd0dce415e74faf002186e13ae33190976f1ae61cece045fb76,2026-08-06
P29460,IL12B_HUMAN,P29460,unclassified,active,true,,e22d7643ea01abd0dce415e74faf002186e13ae33190976f1ae61cece045fb76,2026-08-06
P35225,IL13_HUMAN,P35225,unclassified,active,true,,e22d7643ea01abd0dce415e74faf002186e13ae33190976f1ae61cece045fb76,2026-08-06
P40933,IL15_HUMAN,P40933,unclassified,active,true,,e22d7643ea01abd0dce415e74faf002186e13ae33190976f1ae61cece045fb76,2026-08-06
Q9UHF5,IL17B_HUMAN,Q9UHF5,unclassified,active,true,,e22d7643ea01abd0dce415e74faf002186e13ae33190976f1ae61cece045fb76,2026-08-06
Q9P0M4,IL17C_HUMAN,Q9P0M4,unclassified,active,true,,e22d7643ea01abd0dce415e74faf002186e13ae33190976f1ae61cece045fb76,2026-08-06
Q8TAD2,IL17D_HUMAN,Q8TAD2,unclassified,active,true,,e22d7643ea01abd0dce415e74faf002186e13ae33190976f1ae61cece045fb76,2026-08-06
Q96PD4,IL17F_HUMAN,Q96PD4,unclassified,active,true,,e22d7643ea01abd0dce415e74faf002186e13ae33190976f1ae61cece045fb76,2026-08-06
Q16552,IL17_HUMAN,Q16552,unclassified,active,true,,e22d7643ea01abd0dce415e74faf002186e13ae33190976f1ae61cece045fb76,2026-08-06
Q13478,IL18R_HUMAN,Q13478,surface,active,true,,e22d7643ea01abd0dce415e74faf002186e13ae33190976f1ae61cece045fb76,2026-08-06
Q9UHD0,IL19_HUMAN,Q9UHD0,unclassified,active,true,,e22d7643ea01abd0dce415e74faf002186e13ae33190976f1ae61cece045fb76,2026-08-06
Q9NPH3,IL1AP_HUMAN,Q9NPH3,surface,active,true,,e22d7643ea01abd0dce415e74faf002186e13ae33190976f1ae61cece045fb76,2026-08-06
P14778,IL1R1_HUMAN,P14778,surface,active,true,,e22d7643ea01abd0dce415e74faf002186e13ae33190976f1ae61cece045fb76,2026-08-06
P27930,IL1R2_HUMAN,P27930,surface,active,true,,e22d7643ea01abd0dce415e74faf002186e13ae33190976f1ae61cece045fb76,2026-08-06
P18510,IL1RA_HUMAN,P18510,unclassified,active,true,,e22d7643ea01abd0dce415e74faf002186e13ae33190976f1ae61cece045fb76,2026-08-06
Q9NYY1,IL20_HUMAN,Q9NYY1,unclassified,active,true,,e22d7643ea01abd0dce415e74faf002186e13ae33190976f1ae61cece045fb76,2026-08-06
Q9HBE5,IL21R_HUMAN,Q9HBE5,surface,active,true,,e22d7643ea01abd0dce415e74faf002186e13ae33190976f1ae61cece045fb76,2026-08-06
Q9HBE4,IL21_HUMAN,Q9HBE4,unclassified,active,true,,e22d7643ea01abd0dce415e74faf002186e13ae33190976f1ae61cece045fb76,2026-08-06
Q9GZX6,IL22_HUMAN,Q9GZX6,unclassified,active,true,,e22d7643ea01abd0dce415e74faf002186e13ae33190976f1ae61cece045fb76,2026-08-06
Q9NPF7,IL23A_HUMAN,Q9NPF7,unclassified,active,true,,e22d7643ea01abd0dce415e74faf002186e13ae33190976f1ae61cece045fb76,2026-08-06
Q5VWK5,IL23R_HUMAN,Q5VWK5,surface,active,true,,e22d7643ea01abd0dce415e74faf002186e13ae33190976f1ae61cece045fb76,2026-08-06
Q13007,IL24_HUMAN,Q13007,unclassified,active,true,,e22d7643ea01abd0dce415e74faf002186e13ae33190976f1ae61cece045fb76,2026-08-06
Q9H293,IL25_HUMAN,Q9H293,unclassified,active,true,,e22d7643ea01abd0dce415e74faf002186e13ae33190976f1ae61cece045fb76,2026-08-06
Q9NPH9,IL26_HUMAN,Q9NPH9,unclassified,active,true,,e22d7643ea01abd0dce415e74faf002186e13ae33190976f1ae61cece045fb76,2026-08-06
Q8NEV9,IL27A_HUMAN,Q8NEV9,unclassified,active,true,,e22d7643ea01abd0dce415e74faf002186e13ae33190976f1ae61cece045fb76,2026-08-06
Q14213,IL27B_HUMAN,Q14213,unclassified,active,true,,e22d7643ea01abd0dce415e74faf002186e13ae33190976f1ae61cece045fb76,2026-08-06
P01589,IL2RA_HUMAN,P01589,surface,active,true,,e22d7643ea01abd0dce415e74faf002186e13ae33190976f1ae61cece045fb76,2026-08-06
P14784,IL2RB_HUMAN,P14784,surface,active,true,,e22d7643ea01abd0dce415e74faf002186e13ae33190976f1ae61cece045fb76,2026-08-06
P31785,IL2RG_HUMAN,P31785,surface,active,true,,e22d7643ea01abd0dce415e74faf002186e13ae33190976f1ae61cece045fb76,2026-08-06
P60568,IL2_HUMAN,P60568,unclassified,active,true,,e22d7643ea01abd0dce415e74faf002186e13ae33190976f1ae61cece045fb76,2026-08-06
Q8NI17,IL31R_HUMAN,Q8NI17,surface,active,true,,e22d7643ea01abd0dce415e74faf002186e13ae33190976f1ae61cece045fb76,2026-08-06
Q6EBC2,IL31_HUMAN,Q6EBC2,unclassified,active,true,,e22d7643ea01abd0dce415e74faf002186e13ae33190976f1ae61cece045fb76,2026-08-06
P24001,IL32_HUMAN,P24001,unclassified,active,true,,e22d7643ea01abd0dce415e74faf002186e13ae33190976f1ae61cece045fb76,2026-08-06
Q6ZMJ4,IL34_HUMAN,Q6ZMJ4,unclassified,active,true,,e22d7643ea01abd0dce415e74faf002186e13ae33190976f1ae61cece045fb76,2026-08-06
P26951,IL3RA_HUMAN,P26951,surface,active,true,,e22d7643ea01abd0dce415e74faf002186e13ae33190976f1ae61cece045fb76,2026-08-06
P32927,IL3RB_HUMAN,P32927,surface,active,true,,e22d7643ea01abd0dce415e74faf002186e13ae33190976f1ae61cece045fb76,2026-08-06
P08700,IL3_HUMAN,P08700,unclassified,active,true,,e22d7643ea01abd0dce415e74faf002186e13ae33190976f1ae61cece045fb76,2026-08-06
P24394,IL4RA_HUMAN,P24394,surface,active,true,,e22d7643ea01abd0dce415e74faf002186e13ae33190976f1ae61cece045fb76,2026-08-06
P05112,IL4_HUMAN,P05112,unclassified,active,true,,e22d7643ea01abd0dce415e74faf002186e13ae33190976f1ae61cece045fb76,2026-08-06
Q01344,IL5RA_HUMAN,Q01344,surface,active,true,,e22d7643ea01abd0dce415e74faf002186e13ae33190976f1ae61cece045fb76,2026-08-06
P05113,IL5_HUMAN,P05113,unclassified,active,true,,e22d7643ea01abd0dce415e74faf002186e13ae33190976f1ae61cece045fb76,2026-08-06
P08887,IL6RA_HUMAN,P08887,surface,active,true,,e22d7643ea01abd0dce415e74faf002186e13ae33190976f1ae61cece045fb76,2026-08-06
P40189,IL6RB_HUMAN,P40189,surface,active,true,,e22d7643ea01abd0dce415e74faf002186e13ae33190976f1ae61cece045fb76,2026-08-06
P05231,IL6_HUMAN,P05231,unclassified,active,true,,e22d7643ea01abd0dce415e74faf002186e13ae33190976f1ae61cece045fb76,2026-08-06
P16871,IL7RA_HUMAN,P16871,surface,active,true,,e22d7643ea01abd0dce415e74faf002186e13ae33190976f1ae61cece045fb76,2026-08-06
P13232,IL7_HUMAN,P13232,unclassified,active,true,,e22d7643ea01abd0dce415e74faf002186e13ae33190976f1ae61cece045fb76,2026-08-06
P10145,IL8_HUMAN,P10145,unclassified,active,true,,e22d7643ea01abd0dce415e74faf002186e13ae33190976f1ae61cece045fb76,2026-08-06
Q01113,IL9R_HUMAN,Q01113,surface,active,true,,e22d7643ea01abd0dce415e74faf002186e13ae33190976f1ae61cece045fb76,2026-08-06
P15248,IL9_HUMAN,P15248,unclassified,active,true,,e22d7643ea01abd0dce415e74faf002186e13ae33190976f1ae61cece045fb76,2026-08-06
Q86SU0,ILDR1_HUMAN,Q86SU0,surface,active,true,,e22d7643ea01abd0dce415e74faf002186e13ae33190976f1ae61cece045fb76,2026-08-06
Q71H61,ILDR2_HUMAN,Q71H61,unclassified,active,true,,e22d7643ea01abd0dce415e74faf002186e13ae33190976f1ae61cece045fb76,2026-08-06
Q01638,ILRL1_HUMAN,Q01638,surface,active,true,,e22d7643ea01abd0dce415e74faf002186e13ae33190976f1ae61cece045fb76,2026-08-06
Q9HB29,ILRL2_HUMAN,Q9HB29,surface,active,true,,e22d7643ea01abd0dce415e74faf002186e13ae33190976f1ae61cece045fb76,2026-08-06
A1L0T0,ILVBL_HUMAN,A1L0T0,unclassified,active,true,,e22d7643ea01abd0dce415e74faf002186e13ae33190976f1ae61cece045fb76,2026-08-06
Q9NX62,IMPA3_HUMAN,Q9NX62,non_surface,active,true,,e22d7643ea01abd0dce415e74faf002186e13ae33190976f1ae61cece045fb76,2026-08-06
Q17R60,IMPG1_HUMAN,Q17R60,unclassified,active,true,,e22d7643ea01abd0dce415e74faf002186e13ae33190976f1ae61cece045fb76,2026-08-06
Q9BZV3,IMPG2_HUMAN,Q9BZV3,surface,active,true,,e22d7643ea01abd0dce415e74faf002186e13ae33190976f1ae61cece045fb76,2026-08-06
C9JVW0,INAM1_HUMAN,C9JVW0,non_surface,active,true,,e22d7643ea01abd0dce415e74faf002186e13ae33190976f1ae61cece045fb76,2026-08-06
P0DMQ5,INAM2_HUMAN,P0DMQ5,non_surface,active,true,,e22d7643ea01abd0dce415e74faf002186e13ae33190976f1ae61cece045fb76,2026-08-06
P17181,INAR1_HUMAN,P17181,surface,active,true,,e22d7643ea01abd0dce415e74faf002186e13ae33190976f1ae61cece045fb76,2026-08-06
P48551,INAR2_HUMAN,P48551,surface,active,true,,e22d7643ea01abd0dce415e74faf002186e13ae33190976f1ae61cece045fb76,2026-08-06
P15260,INGR1_HUMAN,P15260,surface,active,true,,e22d7643ea01abd0dce415e74faf002186e13ae33190976f1ae61cece045fb76,2026-08-06
P38484,INGR2_HUMAN,P38484,surface,active,true,,e22d7643ea01abd0dce415e74faf002186e13ae33190976f1ae61cece045fb76,2026-08-06
P05111,INHA_HUMAN,P05111,unclassified,active,true,,e22d7643ea01abd0dce415e74faf002186e13ae33190976f1ae61cece045fb76,2026-08-06
P08476,INHBA_HUMAN,P08476,unclassified,active,true,,e22d7643ea01abd0dce415e74faf002186e13ae33190976f1ae61cece045fb76,2026-08-06
P09529,INHBB_HUMAN,P09529,unclassified,active,true,,e22d7643ea01abd0dce415e74faf002186e13ae33190976f1ae61cece045fb76,2026-08-06
P55103,INHBC_HUMAN,P55103,unclassified,active,true,,e22d7643ea01abd0dce415e74faf002186e13ae33190976f1ae61cece045fb76,2026-08-06
P58166,INHBE_HUMAN,P58166,unclassified,active,true,,e22d7643ea01abd0dce415e74faf002186e13ae33190976f1ae61cece045fb76,2026-08-06
Q8IU57,INLR1_HUMAN,Q8IU57,surface,active,true,,e22d7643ea01abd0dce415e74faf002186e13ae33190976f1ae61cece045fb76,2026-08-06
Q9BT40,INP5K_HUMAN,Q9BT40,unclassified,active,true,,e22d7643ea01abd0dce415e74faf002186e13ae33190976f1ae61cece045fb76,2026-08-06
O15503,INSI1_HUMAN,O15503,non_surface,active,true,,e22d7643ea01abd0dce415e74faf002186e13ae33190976f1ae61cece045fb76,2026-08-06
Q9Y5U4,INSI2_HUMAN,Q9Y5U4,non_surface,active,true,,e22d7643ea01abd0dce415e74faf002186e13ae33190976f1ae61cece045fb76,2026-08-06
P51460,INSL3_HUMAN,P51460,unclassified,active,true,,e22d7643ea01abd0dce415e74faf002186e13ae33190976f1ae61cece045fb76,2026-08-06
Q14641,INSL4_HUMAN,Q14641,unclassified,active,true,,e22d7643ea01abd0dce415e74faf002186e13ae33190976f1ae61cece045fb76,2026-08-06
Q9Y5Q6,INSL5_HUMAN,Q9Y5Q6,unclassified,active,true,,e22d7643ea01abd0dce415e74faf002186e13ae33190976f1ae61cece045fb76,2026-08-06
Q9Y581,INSL6_HUMAN,Q9Y581,unclassified,active,true,,e22d7643ea01abd0dce415e74faf002186e13ae33190976f1ae61cece045fb76,2026-08-06
F8WCM5,INSR2_HUMAN,F8WCM5,unclassified,active,true,,e22d7643ea01abd0dce415e74faf002186e13ae33190976f1ae61cece045fb76,2026-08-06
P14616,INSRR_HUMAN,P14616,surface,active,true,,e22d7643ea01abd0dce415e74faf002186e13ae33190976f1ae61cece045fb76,2026-08-06
P06213,INSR_HUMAN,P06213,surface,active,true,,e22d7643ea01abd0dce415e74faf002186e13ae33190976f1ae61cece045fb76,2026-08-06
P01308,INS_HUMAN,P01308,unclassified,active,true,,e22d7643ea01abd0dce415e74faf002186e13ae33190976f1ae61cece045fb76,2026-08-06
Q8N201,INT1_HUMAN,Q8N201,non_surface,active,true,,e22d7643ea01abd0dce415e74faf002186e13ae33190976f1ae61cece045fb76,2026-08-06
Q9H0H0,INT2_HUMAN,Q9H0H0,non_surface,active,true,,e22d7643ea01abd0dce415e74faf002186e13ae33190976f1ae61cece045fb76,2026-08-06
Q68E01,INT3_HUMAN,Q68E01,unclassified,active,true,,e22d7643ea01abd0dce415e74faf002186e13ae33190976f1ae61cece045fb76,2026-08-06
Q6P9B9,INT5_HUMAN,Q6P9B9,non_surface,active,true,,e22d7643ea01abd0dce415e74faf002186e13ae33190976f1ae61cece045fb76,2026-08-06
Q9NVH2,INT7_HUMAN,Q9NVH2,non_surface,active,true,,e22d7643ea01abd0dce415e74faf002186e13ae33190976f1ae61cece045fb76,2026-08-06
Q9Y283,INVS_HUMAN,Q9Y283,unclassified,active,true,,e22d7643ea01abd0dce415e74faf002186e13ae33190976f1ae61cece045fb76,2026-08-06
P49895,IOD1_HUMAN,P49895,non_surface,active,true,,e22d7643ea01abd0dce415e74faf002186e13ae33190976f1ae61cece045fb76,2026-08-06
Q92813,IOD2_HUMAN,Q92813,non_surface,active,true,,e22d7643ea01abd0dce415e74faf002186e13ae33190976f1ae61cece045fb76,2026-08-06
P55073,IOD3_HUMAN,P55073,non_surface,active,true,,e22d7643ea01abd0dce415e74faf002186e13ae33190976f1ae61cece045fb76,2026-08-06
Q6GPH6,IPIL1_HUMAN,Q6GPH6,non_surface,active,true,,e22d7643ea01abd0dce415e74faf002186e13ae33190976f1ae61cece045fb76,2026-08-06
Q3MIP1,IPIL2_HUMAN,Q3MIP1,non_surface,active,true,,e22d7643ea01abd0dce415e74faf002186e13ae33190976f1ae61cece045fb76,2026-08-06
Q9UI26,IPO11_HUMAN,Q9UI26,unclassified,active,true,,e22d7643ea01abd0dce415e74faf002186e13ae33190976f1ae61cece045fb76,2026-08-06
Q96P70,IPO9_HUMAN,Q96P70,unclassified,active,true,,e22d7643ea01abd0dce415e74faf002186e13ae33190976f1ae61cece045fb76,2026-08-06
Q8IWB1,IPRI_HUMAN,Q8IWB1,unclassified,active,true,,e22d7643ea01abd0dce415e74faf002186e13ae33190976f1ae61cece045fb76,2026-08-06
P05154,IPSP_HUMAN,P05154,unclassified,active,true,,e22d7643ea01abd0dce415e74faf002186e13ae33190976f1ae61cece045fb76,2026-08-06
Q8N6M8,IQCF1_HUMAN,Q8N6M8,non_surface,active,true,,e22d7643ea01abd0dce415e74faf002186e13ae33190976f1ae61cece045fb76,2026-08-06
P0C7M6,IQCF3_HUMAN,P0C7M6,non_surface,active,true,,e22d7643ea01abd0dce415e74faf002186e13ae33190976f1ae61cece045fb76,2026-08-06
A8MTL0,IQCF5_HUMAN,A8MTL0,non_surface,active,true,,e22d7643ea01abd0dce415e74faf002186e13ae33190976f1ae61cece045fb76,2026-08-06
A8MYZ5,IQCF6_HUMAN,A8MYZ5,unclassified,active,true,,e22d7643ea01abd0dce415e74faf002186e13ae33190976f1ae61cece045fb76,2026-08-06
Q6DN90,IQEC1_HUMAN,Q6DN90,non_surface,active,true,,e22d7643ea01abd0dce415e74faf002186e13ae33190976f1ae61cece045fb76,2026-08-06
Q5JU85,IQEC2_HUMAN,Q5JU85,non_surface,active,true,,e22d7643ea01abd0dce415e74faf002186e13ae33190976f1ae61cece045fb76,2026-08-06
Q9UPP2,IQEC3_HUMAN,Q9UPP2,non_surface,active,true,,e22d7643ea01abd0dce415e74faf002186e13ae33190976f1ae61cece045fb76,2026-08-06
Q9Y5U9,IR3IP_HUMAN,Q9Y5U9,non_surface,active,true,,e22d7643ea01abd0dce415e74faf002186e13ae33190976f1ae61cece045fb76,2026-08-06
Q9NZN1,IRPL1_HUMAN,Q9NZN1,surface,active,true,,e22d7643ea01abd0dce415e74faf002186e13ae33190976f1ae61cece045fb76,2026-08-06
Q9NP60,IRPL2_HUMAN,Q9NP60,surface,active,true,,e22d7643ea01abd0dce415e74faf002186e13ae33190976f1ae61cece045fb76,2026-08-06
O14654,IRS4_HUMAN,O14654,unclassified,active,true,,e22d7643ea01abd0dce415e74faf002186e13ae33190976f1ae61cece045fb76,2026-08-06
Q1W4C9,ISK13_HUMAN,Q1W4C9,unclassified,active,true,,e22d7643ea01abd0dce415e74faf002186e13ae33190976f1ae61cece045fb76,2026-08-06
Q6IE38,ISK14_HUMAN,Q6IE38,unclassified,active,true,,e22d7643ea01abd0dce415e74faf002186e13ae33190976f1ae61cece045fb76,2026-08-06
P00995,ISK1_HUMAN,P00995,unclassified,active,true,,e22d7643ea01abd0dce415e74faf002186e13ae33190976f1ae61cece045fb76,2026-08-06
P20155,ISK2_HUMAN,P20155,unclassified,active,true,,e22d7643ea01abd0dce415e74faf002186e13ae33190976f1ae61cece045fb76,2026-08-06
O60575,ISK4_HUMAN,O60575,unclassified,active,true,,e22d7643ea01abd0dce415e74faf002186e13ae33190976f1ae61cece045fb76,2026-08-06
Q9NQ38,ISK5_HUMAN,Q9NQ38,unclassified,active,true,,e22d7643ea01abd0dce415e74faf002186e13ae33190976f1ae61cece045fb76,2026-08-06
Q6UWN8,ISK6_HUMAN,Q6UWN8,unclassified,active,true,,e22d7643ea01abd0dce415e74faf002186e13ae33190976f1ae61cece045fb76,2026-08-06
P58062,ISK7_HUMAN,P58062,unclassified,active,true,,e22d7643ea01abd0dce415e74faf002186e13ae33190976f1ae61cece045fb76,2026-08-06
P0C7L1,ISK8_HUMAN,P0C7L1,unclassified,active,true,,e22d7643ea01abd0dce415e74faf002186e13ae33190976f1ae61cece045fb76,2026-08-06
Q5DT21,ISK9_HUMAN,Q5DT21,unclassified,active,true,,e22d7643ea01abd0dce415e74faf002186e13ae33190976f1ae61cece045fb76,2026-08-06
Q6UXK2,ISLR2_HUMAN,Q6UXK2,surface,active,true,,e22d7643ea01abd0dce415e74faf002186e13ae33190976f1ae61cece045fb76,2026-08-06
O14498,ISLR_HUMAN,O14498,unclassified,active,true,,e22d7643ea01abd0dce415e74faf002186e13ae33190976f1ae61cece045fb76,2026-08-06
B1AKI9,ISM1_HUMAN,B1AKI9,unclassified,active,true,,e22d7643ea01abd0dce415e74faf002186e13ae33190976f1ae61cece045fb76,2026-08-06
Q6H9L7,ISM2_HUMAN,Q6H9L7,unclassified,active,true,,e22d7643ea01abd0dce415e74faf002186e13ae33190976f1ae61cece045fb76,2026-08-06
O75578,ITA10_HUMAN,O75578,surface,active,true,,e22d7643ea01abd0dce415e74faf002186e13ae33190976f1ae61cece045fb76,2026-08-06
Q9UKX5,ITA11_HUMAN,Q9UKX5,surface,active,true,,e22d7643ea01abd0dce415e74faf002186e13ae33190976f1ae61cece045fb76,2026-08-06
P56199,ITA1_HUMAN,P56199,surface,active,true,,e22d7643ea01abd0dce415e74faf002186e13ae33190976f1ae61cece045fb76,2026-08-06
P08514,ITA2B_HUMAN,P08514,surface,active,true,,e22d7643ea01abd0dce415e74faf002186e13ae33190976f1ae61cece045fb76,2026-08-06
P17301,ITA2_HUMAN,P17301,surface,active,true,,e22d7643ea01abd0dce415e74faf002186e13ae33190976f1ae61cece045fb76,2026-08-06
P26006,ITA3_HUMAN,P26006,surface,active,true,,e22d7643ea01abd0dce415e74faf002186e13ae33190976f1ae61cece045fb76,2026-08-06
P13612,ITA4_HUMAN,P13612,surface,active,true,,e22d7643ea01abd0dce415e74faf002186e13ae33190976f1ae61cece045fb76,2026-08-06
P08648,ITA5_HUMAN,P08648,surface,active,true,,e22d7643ea01abd0dce415e74faf002186e13ae33190976f1ae61cece045fb76,2026-08-06
P23229,ITA6_HUMAN,P23229,surface,active,true,,e22d7643ea01abd0dce415e74faf002186e13ae33190976f1ae61cece045fb76,2026-08-06
Q13683,ITA7_HUMAN,Q13683,surface,active,true,,e22d7643ea01abd0dce415e74faf002186e13ae33190976f1ae61cece045fb76,2026-08-06
P53708,ITA8_HUMAN,P53708,surface,active,true,,e22d7643ea01abd0dce415e74faf002186e13ae33190976f1ae61cece045fb76,2026-08-06
Q13797,ITA9_HUMAN,Q13797,surface,active,true,,e22d7643ea01abd0dce415e74faf002186e13ae33190976f1ae61cece045fb76,2026-08-06
Q13349,ITAD_HUMAN,Q13349,surface,active,true,,e22d7643ea01abd0dce415e74faf002186e13ae33190976f1ae61cece045fb76,2026-08-06
P38570,ITAE_HUMAN,P38570,surface,active,true,,e22d7643ea01abd0dce415e74faf002186e13ae33190976f1ae61cece045fb76,2026-08-06
P20701,ITAL_HUMAN,P20701,surface,active,true,,e22d7643ea01abd0dce415e74faf002186e13ae33190976f1ae61cece045fb76,2026-08-06
P11215,ITAM_HUMAN,P11215,surface,active,true,,e22d7643ea01abd0dce415e74faf002186e13ae33190976f1ae61cece045fb76,2026-08-06
P06756,ITAV_HUMAN,P06756,surface,active,true,,e22d7643ea01abd0dce415e74faf002186e13ae33190976f1ae61cece045fb76,2026-08-06
P20702,ITAX_HUMAN,P20702,surface,active,true,,e22d7643ea01abd0dce415e74faf002186e13ae33190976f1ae61cece045fb76,2026-08-06
P05556,ITB1_HUMAN,P05556,surface,active,true,,e22d7643ea01abd0dce415e74faf002186e13ae33190976f1ae61cece045fb76,2026-08-06
P05107,ITB2_HUMAN,P05107,surface,active,true,,e22d7643ea01abd0dce415e74faf002186e13ae33190976f1ae61cece045fb76,2026-08-06
P05106,ITB3_HUMAN,P05106,surface,active,true,,e22d7643ea01abd0dce415e74faf002186e13ae33190976f1ae61cece045fb76,2026-08-06
P16144,ITB4_HUMAN,P16144,surface,active,true,,e22d7643ea01abd0dce415e74faf002186e13ae33190976f1ae61cece045fb76,2026-08-06
P18084,ITB5_HUMAN,P18084,surface,active,true,,e22d7643ea01abd0dce415e74faf002186e13ae33190976f1ae61cece045fb76,2026-08-06
P18564,ITB6_HUMAN,P18564,surface,active,true,,e22d7643ea01abd0dce415e74faf002186e13ae33190976f1ae61cece045fb76,2026-08-06
P26010,ITB7_HUMAN,P26010,surface,active,true,,e22d7643ea01abd0dce415e74faf002186e13ae33190976f1ae61cece045fb76,2026-08-06
P26012,ITB8_HUMAN,P26012,surface,active,true,,e22d7643ea01abd0dce415e74faf002186e13ae33190976f1ae61cece045fb76,2026-08-06
Q9H0X4,ITFG3_HUMAN,Q9H0X4,unclassified,active,true,,e22d7643ea01abd0dce415e74faf002186e13ae33190976f1ae61cece045fb76,2026-08-06
O95965,ITGBL_HUMAN,O95965,unclassified,active,true,,e22d7643ea01abd0dce415e74faf002186e13ae33190976f1ae61cece045fb76,2026-08-06
P19827,ITIH1_HUMAN,P19827,unclassified,active,true,,e22d7643ea01abd0dce415e74faf002186e13ae33190976f1ae61cece045fb76,2026-08-06
P19823,ITIH2_HUMAN,P19823,unclassified,active,true,,e22d7643ea01abd0dce415e74faf002186e13ae33190976f1ae61cece045fb76,2026-08-06
Q06033,ITIH3_HUMAN,Q06033,unclassified,active,true,,e22d7643ea01abd0dce415e74faf002186e13ae33190976f1ae61cece045fb76,2026-08-06
Q14624,ITIH4_HUMAN,Q14624,unclassified,active,true,,e22d7643ea01abd0dce415e74faf002186e13ae33190976f1ae61cece045fb76,2026-08-06
Q86UX2,ITIH5_HUMAN,Q86UX2,unclassified,active,true,,e22d7643ea01abd0dce415e74faf002186e13ae33190976f1ae61cece045fb76,2026-08-06
Q6UXX5,ITIH6_HUMAN,Q6UXX5,unclassified,active,true,,e22d7643ea01abd0dce415e74faf002186e13ae33190976f1ae61cece045fb76,2026-08-06
Q8WWA0,ITLN1_HUMAN,Q8WWA0,surface,active,true,,e22d7643ea01abd0dce415e74faf002186e13ae33190976f1ae61cece045fb76,2026-08-06
Q8WWU7,ITLN2_HUMAN,Q8WWU7,unclassified,active,true,,e22d7643ea01abd0dce415e74faf002186e13ae33190976f1ae61cece045fb76,2026-08-06
O43736,ITM2A_HUMAN,O43736,non_surface,active,true,,e22d7643ea01abd0dce415e74faf002186e13ae33190976f1ae61cece045fb76,2026-08-06
Q9Y287,ITM2B_HUMAN,Q9Y287,surface,active,true,,e22d7643ea01abd0dce415e74faf002186e13ae33190976f1ae61cece045fb76,2026-08-06
Q9NQX7,ITM2C_HUMAN,Q9NQX7,surface,active,true,,e22d7643ea01abd0dce415e74faf002186e13ae33190976f1ae61cece045fb76,2026-08-06
Q14643,ITPR1_HUMAN,Q14643,unclassified,active,true,,e22d7643ea01abd0dce415e74faf002186e13ae33190976f1ae61cece045fb76,2026-08-06
Q14571,ITPR2_HUMAN,Q14571,non_surface,active,true,,e22d7643ea01abd0dce415e74faf002186e13ae33190976f1ae61cece045fb76,2026-08-06
Q14573,ITPR3_HUMAN,Q14573,unclassified,active,true,,e22d7643ea01abd0dce415e74faf002186e13ae33190976f1ae61cece045fb76,2026-08-06
A6NJS3,IV1U1_HUMAN,A6NJS3,unclassified,inactive,false,uniprot_inactive,e22d7643ea01abd0dce415e74faf002186e13ae33190976f1ae61cece045fb76,2026-08-06
A6NJ16,IV4F8_HUMAN,A6NJ16,unclassified,inactive,false,uniprot_inactive,e22d7643ea01abd0dce415e74faf002186e13ae33190976f1ae61cece045fb76,2026-08-06
Q6PHW0,IYD1_HUMAN,Q6PHW0,non_surface,active,true,,e22d7643ea01abd0dce415e74faf002186e13ae33190976f1ae61cece045fb76,2026-08-06
Q8IYV9,IZUM1_HUMAN,Q8IYV9,surface,active,true,,e22d7643ea01abd0dce415e74faf002186e13ae33190976f1ae61cece045fb76,2026-08-06
Q6UXV1,IZUM2_HUMAN,Q6UXV1,unclassified,active,true,,e22d7643ea01abd0dce415e74faf002186e13ae33190976f1ae61cece045fb76,2026-08-06
Q5VZ72,IZUM3_HUMAN,Q5VZ72,surface,active,true,,e22d7643ea01abd0dce415e74faf002186e13ae33190976f1ae61cece045fb76,2026-08-06
Q1ZYL8,IZUM4_HUMAN,Q1ZYL8,unclassified,active,true,,e22d7643ea01abd0dce415e74faf002186e13ae33190976f1ae61cece045fb76,2026-08-06
P78504,JAG1_HUMAN,P78504,surface,active,true,,e22d7643ea01abd0dce415e74faf002186e13ae33190976f1ae61cece045fb76,2026-08-06
Q9Y219,JAG2_HUMAN,Q9Y219,surface,active,true,,e22d7643ea01abd0dce415e74faf002186e13ae33190976f1ae61cece045fb76,2026-08-06
Q8N5M9,JAGN1_HUMAN,Q8N5M9,non_surface,active,true,,e22d7643ea01abd0dce415e74faf002186e13ae33190976f1ae61cece045fb76,2026-08-06
Q9Y624,JAM1_HUMAN,Q9Y624,surface,active,true,,e22d7643ea01abd0dce415e74faf002186e13ae33190976f1ae61cece045fb76,2026-08-06
P57087,JAM2_HUMAN,P57087,surface,active,true,,e22d7643ea01abd0dce415e74faf002186e13ae33190976f1ae61cece045fb76,2026-08-06
Q9BX67,JAM3_HUMAN,Q9BX67,surface,active,true,,e22d7643ea01abd0dce415e74faf002186e13ae33190976f1ae61cece045fb76,2026-08-06
Q86YT9,JAML1_HUMAN,Q86YT9,surface,active,true,,e22d7643ea01abd0dce415e74faf002186e13ae33190976f1ae61cece045fb76,2026-08-06
Q9P055,JKAMP_HUMAN,Q9P055,unclassified,active,true,,e22d7643ea01abd0dce415e74faf002186e13ae33190976f1ae61cece045fb76,2026-08-06
Q5VZ66,JKIP3_HUMAN,Q5VZ66,non_surface,active,true,,e22d7643ea01abd0dce415e74faf002186e13ae33190976f1ae61cece045fb76,2026-08-06
Q8TAC2,JOS2_HUMAN,Q8TAC2,non_surface,active,true,,e22d7643ea01abd0dce415e74faf002186e13ae33190976f1ae61cece045fb76,2026-08-06
Q9HDC5,JPH1_HUMAN,Q9HDC5,non_surface,active,true,,e22d7643ea01abd0dce415e74faf002186e13ae33190976f1ae61cece045fb76,2026-08-06
Q9BR39,JPH2_HUMAN,Q9BR39,non_surface,active,true,,e22d7643ea01abd0dce415e74faf002186e13ae33190976f1ae61cece045fb76,2026-08-06
Q8WXH2,JPH3_HUMAN,Q8WXH2,non_surface,active,true,,e22d7643ea01abd0dce415e74faf002186e13ae33190976f1ae61cece045fb76,2026-08-06
Q96JJ6,JPH4_HUMAN,Q96JJ6,non_surface,active,true,,e22d7643ea01abd0dce415e74faf002186e13ae33190976f1ae61cece045fb76,2026-08-06
O76095,JTB_HUMAN,O76095,unclassified,active,true,,e22d7643ea01abd0dce415e74faf002186e13ae33190976f1ae61cece045fb76,2026-08-06
A6ND01,JUNO_HUMAN,A6ND01,surface,active,true,,e22d7643ea01abd0dce415e74faf002186e13ae33190976f1ae61cece045fb76,2026-08-06
Q14667,K0100_HUMAN,Q14667,unclassified,active,true,,e22d7643ea01abd0dce415e74faf002186e13ae33190976f1ae61cece045fb76,2026-08-06
Q12767,K0195_HUMAN,Q12767,unclassified,active,true,,e22d7643ea01abd0dce415e74faf002186e13ae33190976f1ae61cece045fb76,2026-08-06
Q92537,K0247_HUMAN,Q92537,surface,active,true,,e22d7643ea01abd0dce415e74faf002186e13ae33190976f1ae61cece045fb76,2026-08-06
Q5VV43,K0319_HUMAN,Q5VV43,surface,active,true,,e22d7643ea01abd0dce415e74faf002186e13ae33190976f1ae61cece045fb76,2026-08-06
Q9UPX6,K1024_HUMAN,Q9UPX6,non_surface,active,true,,e22d7643ea01abd0dce415e74faf002186e13ae33190976f1ae61cece045fb76,2026-08-06
P59773,K102L_HUMAN,P59773,non_surface,active,true,,e22d7643ea01abd0dce415e74faf002186e13ae33190976f1ae61cece045fb76,2026-08-06
Q2LD37,K1109_HUMAN,Q2LD37,non_surface,active,true,,e22d7643ea01abd0dce415e74faf002186e13ae33190976f1ae61cece045fb76,2026-08-06
Q6NSJ0,K1161_HUMAN,Q6NSJ0,unclassified,active,true,,e22d7643ea01abd0dce415e74faf002186e13ae33190976f1ae61cece045fb76,2026-08-06
Q6UXG2,K1324_HUMAN,Q6UXG2,surface,active,true,,e22d7643ea01abd0dce415e74faf002186e13ae33190976f1ae61cece045fb76,2026-08-06
A8MWY0,K132L_HUMAN,A8MWY0,surface,active,true,,e22d7643ea01abd0dce415e74faf002186e13ae33190976f1ae61cece045fb76,2026-08-06
A2RU67,K1467_HUMAN,A2RU67,non_surface,active,true,,e22d7643ea01abd0dce415e74faf002186e13ae33190976f1ae61cece045fb76,2026-08-06
Q9HCM3,K1549_HUMAN,Q9HCM3,unclassified,active,true,,e22d7643ea01abd0dce415e74faf002186e13ae33190976f1ae61cece045fb76,2026-08-06
Q6ZVL6,K154L_HUMAN,Q6ZVL6,surface,active,true,,e22d7643ea01abd0dce415e74faf002186e13ae33190976f1ae61cece045fb76,2026-08-06
Q3SXP7,K1644_HUMAN,Q3SXP7,surface,active,true,,e22d7643ea01abd0dce415e74faf002186e13ae33190976f1ae61cece045fb76,2026-08-06
Q8IYS2,K2013_HUMAN,Q8IYS2,unclassified,active,true,,e22d7643ea01abd0dce415e74faf002186e13ae33190976f1ae61cece045fb76,2026-08-06
Q14CN4,K2C72_HUMAN,Q14CN4,unclassified,active,true,,e22d7643ea01abd0dce415e74faf002186e13ae33190976f1ae61cece045fb76,2026-08-06
Q8IZA0,K319L_HUMAN,Q8IZA0,unclassified,active,true,,e22d7643ea01abd0dce415e74faf002186e13ae33190976f1ae61cece045fb76,2026-08-06
P27144,KAD4_HUMAN,P27144,unclassified,active,true,,e22d7643ea01abd0dce415e74faf002186e13ae33190976f1ae61cece045fb76,2026-08-06
P29622,KAIN_HUMAN,P29622,unclassified,active,true,,e22d7643ea01abd0dce415e74faf002186e13ae33190976f1ae61cece045fb76,2026-08-06
P23352,KALM_HUMAN,P23352,unclassified,active,true,,e22d7643ea01abd0dce415e74faf002186e13ae33190976f1ae61cece045fb76,2026-08-06
Q8N6L0,KASH5_HUMAN,Q8N6L0,non_surface,active,true,,e22d7643ea01abd0dce415e74faf002186e13ae33190976f1ae61cece045fb76,2026-08-06
Q96I82,KAZD1_HUMAN,Q96I82,unclassified,active,true,,e22d7643ea01abd0dce415e74faf002186e13ae33190976f1ae61cece045fb76,2026-08-06
Q16322,KCA10_HUMAN,Q16322,unclassified,active,true,,e22d7643ea01abd0dce415e74faf002186e13ae33190976f1ae61cece045fb76,2026-08-06
Q9UQM7,KCC2A_HUMAN,Q9UQM7,non_surface,active,true,,e22d7643ea01abd0dce415e74faf002186e13ae33190976f1ae61cece045fb76,2026-08-06
Q13554,KCC2B_HUMAN,Q13554,non_surface,active,true,,e22d7643ea01abd0dce415e74faf002186e13ae33190976f1ae61cece045fb76,2026-08-06
Q13557,KCC2D_HUMAN,Q13557,non_surface,active,true,,e22d7643ea01abd0dce415e74faf002186e13ae33190976f1ae61cece045fb76,2026-08-06
Q13555,KCC2G_HUMAN,Q13555,non_surface,active,true,,e22d7643ea01abd0dce415e74faf002186e13ae33190976f1ae61cece045fb76,2026-08-06
Q16566,KCC4_HUMAN,Q16566,unclassified,active,true,,e22d7643ea01abd0dce415e74faf002186e13ae33190976f1ae61cece045fb76,2026-08-06
Q9UJ90,KCE1L_HUMAN,Q9UJ90,unclassified,active,true,,e22d7643ea01abd0dce415e74faf002186e13ae33190976f1ae61cece045fb76,2026-08-06
P78508,KCJ10_HUMAN,P78508,unclassified,active,true,,e22d7643ea01abd0dce415e74faf002186e13ae33190976f1ae61cece045fb76,2026-08-06
Q14654,KCJ11_HUMAN,Q14654,non_surface,active,true,,e22d7643ea01abd0dce415e74faf002186e13ae33190976f1ae61cece045fb76,2026-08-06
Q14500,KCJ12_HUMAN,Q14500,surface,active,true,,e22d7643ea01abd0dce415e74faf002186e13ae33190976f1ae61cece045fb76,2026-08-06
O60928,KCJ13_HUMAN,O60928,unclassified,active,true,,e22d7643ea01abd0dce415e74faf002186e13ae33190976f1ae61cece045fb76,2026-08-06
Q9UNX9,KCJ14_HUMAN,Q9UNX9,non_surface,active,true,,e22d7643ea01abd0dce415e74faf002186e13ae33190976f1ae61cece045fb76,2026-08-06
Q99712,KCJ15_HUMAN,Q99712,unclassified,active,true,,e22d7643ea01abd0dce415e74faf002186e13ae33190976f1ae61cece045fb76,2026-08-06
Q9NPI9,KCJ16_HUMAN,Q9NPI9,non_surface,active,true,,e22d7643ea01abd0dce415e74faf002186e13ae33190976f1ae61cece045fb76,2026-08-06
B7U540,KCJ18_HUMAN,B7U540,unclassified,active,true,,e22d7643ea01abd0dce415e74faf002186e13ae33190976f1ae61cece045fb76,2026-08-06
Q12791,KCMA1_HUMAN,Q12791,non_surface,active,true,,e22d7643ea01abd0dce415e74faf002186e13ae33190976f1ae61cece045fb76,2026-08-06
Q16558,KCMB1_HUMAN,Q16558,surface,active,true,,e22d7643ea01abd0dce415e74faf002186e13ae33190976f1ae61cece045fb76,2026-08-06
Q9Y691,KCMB2_HUMAN,Q9Y691,surface,active,true,,e22d7643ea01abd0dce415e74faf002186e13ae33190976f1ae61cece045fb76,2026-08-06
Q9NPA1,KCMB3_HUMAN,Q9NPA1,surface,active,true,,e22d7643ea01abd0dce415e74faf002186e13ae33190976f1ae61cece045fb76,2026-08-06
Q86W47,KCMB4_HUMAN,Q86W47,surface,active,true,,e22d7643ea01abd0dce415e74faf002186e13ae33190976f1ae61cece045fb76,2026-08-06
Q09470,KCNA1_HUMAN,Q09470,unclassified,active,true,,e22d7643ea01abd0dce415e74faf002186e13ae33190976f1ae61cece045fb76,2026-08-06
P16389,KCNA2_HUMAN,P16389,unclassified,active,true,,e22d7643ea01abd0dce415e74faf002186e13ae33190976f1ae61cece045fb76,2026-08-06
P22001,KCNA3_HUMAN,P22001,surface,active,true,,e22d7643ea01abd0dce415e74faf002186e13ae33190976f1ae61cece045fb76,2026-08-06
P22459,KCNA4_HUMAN,P22459,non_surface,active,true,,e22d7643ea01abd0dce415e74faf002186e13ae33190976f1ae61cece045fb76,2026-08-06
P22460,KCNA5_HUMAN,P22460,unclassified,active,true,,e22d7643ea01abd0dce415e74faf002186e13ae33190976f1ae61cece045fb76,2026-08-06
P17658,KCNA6_HUMAN,P17658,unclassified,active,true,,e22d7643ea01abd0dce415e74faf002186e13ae33190976f1ae61cece045fb76,2026-08-06
Q96RP8,KCNA7_HUMAN,Q96RP8,unclassified,active,true,,e22d7643ea01abd0dce415e74faf002186e13ae33190976f1ae61cece045fb76,2026-08-06
Q14721,KCNB1_HUMAN,Q14721,non_surface,active,true,,e22d7643ea01abd0dce415e74faf002186e13ae33190976f1ae61cece045fb76,2026-08-06
Q92953,KCNB2_HUMAN,Q92953,non_surface,active,true,,e22d7643ea01abd0dce415e74faf002186e13ae33190976f1ae61cece045fb76,2026-08-06
P48547,KCNC1_HUMAN,P48547,unclassified,active,true,,e22d7643ea01abd0dce415e74faf002186e13ae33190976f1ae61cece045fb76,2026-08-06
Q96PR1,KCNC2_HUMAN,Q96PR1,unclassified,active,true,,e22d7643ea01abd0dce415e74faf002186e13ae33190976f1ae61cece045fb76,2026-08-06
Q14003,KCNC3_HUMAN,Q14003,unclassified,active,true,,e22d7643ea01abd0dce415e74faf002186e13ae33190976f1ae61cece045fb76,2026-08-06
Q03721,KCNC4_HUMAN,Q03721,unclassified,active,true,,e22d7643ea01abd0dce415e74faf002186e13ae33190976f1ae61cece045fb76,2026-08-06
Q9NSA2,KCND1_HUMAN,Q9NSA2,unclassified,active,true,,e22d7643ea01abd0dce415e74faf002186e13ae33190976f1ae61cece045fb76,2026-08-06
Q9NZV8,KCND2_HUMAN,Q9NZV8,unclassified,active,true,,e22d7643ea01abd0dce415e74faf002186e13ae33190976f1ae61cece045fb76,2026-08-06
Q9UK17,KCND3_HUMAN,Q9UK17,unclassified,active,true,,e22d7643ea01abd0dce415e74faf002186e13ae33190976f1ae61cece045fb76,2026-08-06
P15382,KCNE1_HUMAN,P15382,unclassified,active,true,,e22d7643ea01abd0dce415e74faf002186e13ae33190976f1ae61cece045fb76,2026-08-06
Q9Y6J6,KCNE2_HUMAN,Q9Y6J6,unclassified,active,true,,e22d7643ea01abd0dce415e74faf002186e13ae33190976f1ae61cece045fb76,2026-08-06
Q9Y6H6,KCNE3_HUMAN,Q9Y6H6,unclassified,active,true,,e22d7643ea01abd0dce415e74faf002186e13ae33190976f1ae61cece045fb76,2026-08-06
Q8WWG9,KCNE4_HUMAN,Q8WWG9,unclassified,active,true,,e22d7643ea01abd0dce415e74faf002186e13ae33190976f1ae61cece045fb76,2026-08-06
Q9H3M0,KCNF1_HUMAN,Q9H3M0,non_surface,active,true,,e22d7643ea01abd0dce415e74faf002186e13ae33190976f1ae61cece045fb76,2026-08-06
Q9UIX4,KCNG1_HUMAN,Q9UIX4,unclassified,active,true,,e22d7643ea01abd0dce415e74faf002186e13ae33190976f1ae61cece045fb76,2026-08-06
Q9UJ96,KCNG2_HUMAN,Q9UJ96,unclassified,active,true,,e22d7643ea01abd0dce415e74faf002186e13ae33190976f1ae61cece045fb76,2026-08-06
Q8TAE7,KCNG3_HUMAN,Q8TAE7,unclassified,active,true,,e22d7643ea01abd0dce415e74faf002186e13ae33190976f1ae61cece045fb76,2026-08-06
Q8TDN1,KCNG4_HUMAN,Q8TDN1,surface,active,true,,e22d7643ea01abd0dce415e74faf002186e13ae33190976f1ae61cece045fb76,2026-08-06
O95259,KCNH1_HUMAN,O95259,non_surface,active,true,,e22d7643ea01abd0dce415e74faf002186e13ae33190976f1ae61cece045fb76,2026-08-06
Q12809,KCNH2_HUMAN,Q12809,non_surface,active,true,,e22d7643ea01abd0dce415e74faf002186e13ae33190976f1ae61cece045fb76,2026-08-06
Q9ULD8,KCNH3_HUMAN,Q9ULD8,non_surface,active,true,,e22d7643ea01abd0dce415e74faf002186e13ae33190976f1ae61cece045fb76,2026-08-06
Q9UQ05,KCNH4_HUMAN,Q9UQ05,non_surface,active,true,,e22d7643ea01abd0dce415e74faf002186e13ae33190976f1ae61cece045fb76,2026-08-06
Q8NCM2,KCNH5_HUMAN,Q8NCM2,unclassified,active,true,,e22d7643ea01abd0dce415e74faf002186e13ae33190976f1ae61cece045fb76,2026-08-06
Q9H252,KCNH6_HUMAN,Q9H252,non_surface,active,true,,e22d7643ea01abd0dce415e74faf002186e13ae33190976f1ae61cece045fb76,2026-08-06
Q9NS40,KCNH7_HUMAN,Q9NS40,non_surface,active,true,,e22d7643ea01abd0dce415e74faf002186e13ae33190976f1ae61cece045fb76,2026-08-06
Q96L42,KCNH8_HUMAN,Q96L42,non_surface,active,true,,e22d7643ea01abd0dce415e74faf002186e13ae33190976f1ae61cece045fb76,2026-08-06
P48048,KCNJ1_HUMAN,P48048,non_surface,active,true,,e22d7643ea01abd0dce415e74faf002186e13ae33190976f1ae61cece045fb76,2026-08-06
P63252,KCNJ2_HUMAN,P63252,unclassified,active,true,,e22d7643ea01abd0dce415e74faf002186e13ae33190976f1ae61cece045fb76,2026-08-06
P48549,KCNJ3_HUMAN,P48549,surface,active,true,,e22d7643ea01abd0dce415e74faf002186e13ae33190976f1ae61cece045fb76,2026-08-06
P48050,KCNJ4_HUMAN,P48050,surface,active,true,,e22d7643ea01abd0dce415e74faf002186e13ae33190976f1ae61cece045fb76,2026-08-06
P48544,KCNJ5_HUMAN,P48544,unclassified,active,true,,e22d7643ea01abd0dce415e74faf002186e13ae33190976f1ae61cece045fb76,2026-08-06
P48051,KCNJ6_HUMAN,P48051,non_surface,active,true,,e22d7643ea01abd0dce415e74faf002186e13ae33190976f1ae61cece045fb76,2026-08-06
Q15842,KCNJ8_HUMAN,Q15842,non_surface,active,true,,e22d7643ea01abd0dce415e74faf002186e13ae33190976f1ae61cece045fb76,2026-08-06
Q92806,KCNJ9_HUMAN,Q92806,non_surface,active,true,,e22d7643ea01abd0dce415e74faf002186e13ae33190976f1ae61cece045fb76,2026-08-06
O00180,KCNK1_HUMAN,O00180,unclassified,active,true,,e22d7643ea01abd0dce415e74faf002186e13ae33190976f1ae61cece045fb76,2026-08-06
O95069,KCNK2_HUMAN,O95069,unclassified,active,true,,e22d7643ea01abd0dce415e74faf002186e13ae33190976f1ae61cece045fb76,2026-08-06
O14649,KCNK3_HUMAN,O14649,unclassified,active,true,,e22d7643ea01abd0dce415e74faf002186e13ae33190976f1ae61cece045fb76,2026-08-06
Q9NYG8,KCNK4_HUMAN,Q9NYG8,unclassified,active,true,,e22d7643ea01abd0dce415e74faf002186e13ae33190976f1ae61cece045fb76,2026-08-06
O95279,KCNK5_HUMAN,O95279,surface,active,true,,e22d7643ea01abd0dce415e74faf002186e13ae33190976f1ae61cece045fb76,2026-08-06
Q9Y257,KCNK6_HUMAN,Q9Y257,unclassified,active,true,,e22d7643ea01abd0dce415e74faf002186e13ae33190976f1ae61cece045fb76,2026-08-06
Q9Y2U2,KCNK7_HUMAN,Q9Y2U2,unclassified,active,true,,e22d7643ea01abd0dce415e74faf002186e13ae33190976f1ae61cece045fb76,2026-08-06
Q9NPC2,KCNK9_HUMAN,Q9NPC2,unclassified,active,true,,e22d7643ea01abd0dce415e74faf002186e13ae33190976f1ae61cece045fb76,2026-08-06
P57789,KCNKA_HUMAN,P57789,unclassified,active,true,,e22d7643ea01abd0dce415e74faf002186e13ae33190976f1ae61cece045fb76,2026-08-06
Q9HB15,KCNKC_HUMAN,Q9HB15,non_surface,active,true,,e22d7643ea01abd0dce415e74faf002186e13ae33190976f1ae61cece045fb76,2026-08-06
Q9HB14,KCNKD_HUMAN,Q9HB14,non_surface,active,true,,e22d7643ea01abd0dce415e74faf002186e13ae33190976f1ae61cece045fb76,2026-08-06
Q9H427,KCNKF_HUMAN,Q9H427,non_surface,active,true,,e22d7643ea01abd0dce415e74faf002186e13ae33190976f1ae61cece045fb76,2026-08-06
Q96T55,KCNKG_HUMAN,Q96T55,unclassified,active,true,,e22d7643ea01abd0dce415e74faf002186e13ae33190976f1ae61cece045fb76,2026-08-06
Q96T54,KCNKH_HUMAN,Q96T54,unclassified,active,true,,e22d7643ea01abd0dce415e74faf002186e13ae33190976f1ae61cece045fb76,2026-08-06
Q7Z418,KCNKI_HUMAN,Q7Z418,surface,active,true,,e22d7643ea01abd0dce415e74faf002186e13ae33190976f1ae61cece045fb76,2026-08-06
Q92952,KCNN1_HUMAN,Q92952,non_surface,active,true,,e22d7643ea01abd0dce415e74faf002186e13ae33190976f1ae61cece045fb76,2026-08-06
Q9H2S1,KCNN2_HUMAN,Q9H2S1,non_surface,active,true,,e22d7643ea01abd0dce415e74faf002186e13ae33190976f1ae61cece045fb76,2026-08-06
Q9UGI6,KCNN3_HUMAN,Q9UGI6,unclassified,active,true,,e22d7643ea01abd0dce415e74faf002186e13ae33190976f1ae61cece045fb76,2026-08-06
O15554,KCNN4_HUMAN,O15554,non_surface,active,true,,e22d7643ea01abd0dce415e74faf002186e13ae33190976f1ae61cece045fb76,2026-08-06
P51787,KCNQ1_HUMAN,P51787,non_surface,active,true,,e22d7643ea01abd0dce415e74faf002186e13ae33190976f1ae61cece045fb76,2026-08-06
O43526,KCNQ2_HUMAN,O43526,non_surface,active,true,,e22d7643ea01abd0dce415e74faf002186e13ae33190976f1ae61cece045fb76,2026-08-06
O43525,KCNQ3_HUMAN,O43525,non_surface,active,true,,e22d7643ea01abd0dce415e74faf002186e13ae33190976f1ae61cece045fb76,2026-08-06
P56696,KCNQ4_HUMAN,P56696,non_surface,active,true,,e22d7643ea01abd0dce415e74faf002186e13ae33190976f1ae61cece045fb76,2026-08-06
Q9NR82,KCNQ5_HUMAN,Q9NR82,non_surface,active,true,,e22d7643ea01abd0dce415e74faf002186e13ae33190976f1ae61cece045fb76,2026-08-06
Q96KK3,KCNS1_HUMAN,Q96KK3,surface,active,true,,e22d7643ea01abd0dce415e74faf002186e13ae33190976f1ae61cece045fb76,2026-08-06
Q9ULS6,KCNS2_HUMAN,Q9ULS6,non_surface,active,true,,e22d7643ea01abd0dce415e74faf002186e13ae33190976f1ae61cece045fb76,2026-08-06
Q9BQ31,KCNS3_HUMAN,Q9BQ31,non_surface,active,true,,e22d7643ea01abd0dce415e74faf002186e13ae33190976f1ae61cece045fb76,2026-08-06
Q5JUK3,KCNT1_HUMAN,Q5JUK3,non_surface,active,true,,e22d7643ea01abd0dce415e74faf002186e13ae33190976f1ae61cece045fb76,2026-08-06
Q6UVM3,KCNT2_HUMAN,Q6UVM3,non_surface,active,true,,e22d7643ea01abd0dce415e74faf002186e13ae33190976f1ae61cece045fb76,2026-08-06
A8MYU2,KCNU1_HUMAN,A8MYU2,non_surface,active,true,,e22d7643ea01abd0dce415e74faf002186e13ae33190976f1ae61cece045fb76,2026-08-06
Q6PIU1,KCNV1_HUMAN,Q6PIU1,non_surface,active,true,,e22d7643ea01abd0dce415e74faf002186e13ae33190976f1ae61cece045fb76,2026-08-06
Q8TDN2,KCNV2_HUMAN,Q8TDN2,surface,active,true,,e22d7643ea01abd0dce415e74faf002186e13ae33190976f1ae61cece045fb76,2026-08-06
Q53RY4,KCP3_HUMAN,Q53RY4,unclassified,active,true,,e22d7643ea01abd0dce415e74faf002186e13ae33190976f1ae61cece045fb76,2026-08-06
Q6ZWJ8,KCP_HUMAN,Q6ZWJ8,unclassified,active,true,,e22d7643ea01abd0dce415e74faf002186e13ae33190976f1ae61cece045fb76,2026-08-06
P17540,KCRS_HUMAN,P17540,non_surface,active,true,,e22d7643ea01abd0dce415e74faf002186e13ae33190976f1ae61cece045fb76,2026-08-06
P12532,KCRU_HUMAN,P12532,unclassified,active,true,,e22d7643ea01abd0dce415e74faf002186e13ae33190976f1ae61cece045fb76,2026-08-06
Q8NC54,KCT2_HUMAN,Q8NC54,surface,active,true,,e22d7643ea01abd0dce415e74faf002186e13ae33190976f1ae61cece045fb76,2026-08-06
P30085,KCY_HUMAN,P30085,unclassified,active,true,,e22d7643ea01abd0dce415e74faf002186e13ae33190976f1ae61cece045fb76,2026-08-06
Q6UW63,KDEL1_HUMAN,Q6UW63,unclassified,active,true,,e22d7643ea01abd0dce415e74faf002186e13ae33190976f1ae61cece045fb76,2026-08-06
Q7Z4H8,KDEL2_HUMAN,Q7Z4H8,unclassified,active,true,,e22d7643ea01abd0dce415e74faf002186e13ae33190976f1ae61cece045fb76,2026-08-06
Q9ULH0,KDIS_HUMAN,Q9ULH0,non_surface,active,true,,e22d7643ea01abd0dce415e74faf002186e13ae33190976f1ae61cece045fb76,2026-08-06
O60341,KDM1A_HUMAN,O60341,unclassified,active,true,,e22d7643ea01abd0dce415e74faf002186e13ae33190976f1ae61cece045fb76,2026-08-06
Q7LBC6,KDM3B_HUMAN,Q7LBC6,unclassified,active,true,,e22d7643ea01abd0dce415e74faf002186e13ae33190976f1ae61cece045fb76,2026-08-06
O15550,KDM6A_HUMAN,O15550,unclassified,active,true,,e22d7643ea01abd0dce415e74faf002186e13ae33190976f1ae61cece045fb76,2026-08-06
Q6ZMT4,KDM7A_HUMAN,Q6ZMT4,unclassified,active,true,,e22d7643ea01abd0dce415e74faf002186e13ae33190976f1ae61cece045fb76,2026-08-06
Q06136,KDSR_HUMAN,Q06136,non_surface,active,true,,e22d7643ea01abd0dce415e74faf002186e13ae33190976f1ae61cece045fb76,2026-08-06
P23276,KELL_HUMAN,P23276,surface,active,true,,e22d7643ea01abd0dce415e74faf002186e13ae33190976f1ae61cece045fb76,2026-08-06
O60938,KERA_HUMAN,O60938,unclassified,active,true,,e22d7643ea01abd0dce415e74faf002186e13ae33190976f1ae61cece045fb76,2026-08-06
Q4VXA5,KHDC1_HUMAN,Q4VXA5,non_surface,active,true,,e22d7643ea01abd0dce415e74faf002186e13ae33190976f1ae61cece045fb76,2026-08-06
P50053,KHK_HUMAN,P50053,unclassified,active,true,,e22d7643ea01abd0dce415e74faf002186e13ae33190976f1ae61cece045fb76,2026-08-06
P43626,KI2L1_HUMAN,P43626,surface,active,true,,e22d7643ea01abd0dce415e74faf002186e13ae33190976f1ae61cece045fb76,2026-08-06
P43627,KI2L2_HUMAN,P43627,surface,active,true,,e22d7643ea01abd0dce415e74faf002186e13ae33190976f1ae61cece045fb76,2026-08-06
P43628,KI2L3_HUMAN,P43628,surface,active,true,,e22d7643ea01abd0dce415e74faf002186e13ae33190976f1ae61cece045fb76,2026-08-06
Q99706,KI2L4_HUMAN,Q99706,surface,active,true,,e22d7643ea01abd0dce415e74faf002186e13ae33190976f1ae61cece045fb76,2026-08-06
Q8N109,KI2LA_HUMAN,Q8N109,surface,active,true,,e22d7643ea01abd0dce415e74faf002186e13ae33190976f1ae61cece045fb76,2026-08-06
Q8NHK3,KI2LB_HUMAN,Q8NHK3,surface,active,true,,e22d7643ea01abd0dce415e74faf002186e13ae33190976f1ae61cece045fb76,2026-08-06
Q14954,KI2S1_HUMAN,Q14954,surface,active,true,,e22d7643ea01abd0dce415e74faf002186e13ae33190976f1ae61cece045fb76,2026-08-06
P43631,KI2S2_HUMAN,P43631,surface,active,true,,e22d7643ea01abd0dce415e74faf002186e13ae33190976f1ae61cece045fb76,2026-08-06
Q14952,KI2S3_HUMAN,Q14952,surface,active,true,,e22d7643ea01abd0dce415e74faf002186e13ae33190976f1ae61cece045fb76,2026-08-06
P43632,KI2S4_HUMAN,P43632,surface,active,true,,e22d7643ea01abd0dce415e74faf002186e13ae33190976f1ae61cece045fb76,2026-08-06
Q14953,KI2S5_HUMAN,Q14953,surface,active,true,,e22d7643ea01abd0dce415e74faf002186e13ae33190976f1ae61cece045fb76,2026-08-06
P43629,KI3L1_HUMAN,P43629,surface,active,true,,e22d7643ea01abd0dce415e74faf002186e13ae33190976f1ae61cece045fb76,2026-08-06
P43630,KI3L2_HUMAN,P43630,surface,active,true,,e22d7643ea01abd0dce415e74faf002186e13ae33190976f1ae61cece045fb76,2026-08-06
Q8N743,KI3L3_HUMAN,Q8N743,surface,active,true,,e22d7643ea01abd0dce415e74faf002186e13ae33190976f1ae61cece045fb76,2026-08-06
A8MWS1,KI3P1_HUMAN,A8MWS1,unclassified,inactive,false,uniprot_inactive,e22d7643ea01abd0dce415e74faf002186e13ae33190976f1ae61cece045fb76,2026-08-06
Q14943,KI3S1_HUMAN,Q14943,surface,active,true,,e22d7643ea01abd0dce415e74faf002186e13ae33190976f1ae61cece045fb76,2026-08-06
Q9H7L2,KI3X1_HUMAN,Q9H7L2,unclassified,active,true,,e22d7643ea01abd0dce415e74faf002186e13ae33190976f1ae61cece045fb76,2026-08-06
Q96AC6,KIFC2_HUMAN,Q96AC6,unclassified,active,true,,e22d7643ea01abd0dce415e74faf002186e13ae33190976f1ae61cece045fb76,2026-08-06
Q96J84,KIRR1_HUMAN,Q96J84,surface,active,true,,e22d7643ea01abd0dce415e74faf002186e13ae33190976f1ae61cece045fb76,2026-08-06
Q6UWL6,KIRR2_HUMAN,Q6UWL6,surface,active,true,,e22d7643ea01abd0dce415e74faf002186e13ae33190976f1ae61cece045fb76,2026-08-06
Q8IZU9,KIRR3_HUMAN,Q8IZU9,surface,active,true,,e22d7643ea01abd0dce415e74faf002186e13ae33190976f1ae61cece045fb76,2026-08-06
Q8TBQ9,KISHA_HUMAN,Q8TBQ9,unclassified,active,true,,e22d7643ea01abd0dce415e74faf002186e13ae33190976f1ae61cece045fb76,2026-08-06
Q9NRX6,KISHB_HUMAN,Q9NRX6,non_surface,active,true,,e22d7643ea01abd0dce415e74faf002186e13ae33190976f1ae61cece045fb76,2026-08-06
Q15726,KISS1_HUMAN,Q15726,unclassified,active,true,,e22d7643ea01abd0dce415e74faf002186e13ae33190976f1ae61cece045fb76,2026-08-06
Q969F8,KISSR_HUMAN,Q969F8,surface,active,true,,e22d7643ea01abd0dce415e74faf002186e13ae33190976f1ae61cece045fb76,2026-08-06
P10721,KIT_HUMAN,P10721,surface,active,true,,e22d7643ea01abd0dce415e74faf002186e13ae33190976f1ae61cece045fb76,2026-08-06
Q5H943,KKLC1_HUMAN,Q5H943,non_surface,active,true,,e22d7643ea01abd0dce415e74faf002186e13ae33190976f1ae61cece045fb76,2026-08-06
Q5VTJ3,KLD7A_HUMAN,Q5VTJ3,non_surface,active,true,,e22d7643ea01abd0dce415e74faf002186e13ae33190976f1ae61cece045fb76,2026-08-06
Q9NVR0,KLH11_HUMAN,Q9NVR0,unclassified,active,true,,e22d7643ea01abd0dce415e74faf002186e13ae33190976f1ae61cece045fb76,2026-08-06
Q9UJP4,KLH21_HUMAN,Q9UJP4,unclassified,active,true,,e22d7643ea01abd0dce415e74faf002186e13ae33190976f1ae61cece045fb76,2026-08-06
Q9H511,KLH31_HUMAN,Q9H511,non_surface,active,true,,e22d7643ea01abd0dce415e74faf002186e13ae33190976f1ae61cece045fb76,2026-08-06
O43240,KLK10_HUMAN,O43240,unclassified,active,true,,e22d7643ea01abd0dce415e74faf002186e13ae33190976f1ae61cece045fb76,2026-08-06
Q9UBX7,KLK11_HUMAN,Q9UBX7,unclassified,active,true,,e22d7643ea01abd0dce415e74faf002186e13ae33190976f1ae61cece045fb76,2026-08-06
Q9UKR0,KLK12_HUMAN,Q9UKR0,unclassified,active,true,,e22d7643ea01abd0dce415e74faf002186e13ae33190976f1ae61cece045fb76,2026-08-06
Q9UKR3,KLK13_HUMAN,Q9UKR3,unclassified,active,true,,e22d7643ea01abd0dce415e74faf002186e13ae33190976f1ae61cece045fb76,2026-08-06
Q9P0G3,KLK14_HUMAN,Q9P0G3,unclassified,active,true,,e22d7643ea01abd0dce415e74faf002186e13ae33190976f1ae61cece045fb76,2026-08-06
Q9H2R5,KLK15_HUMAN,Q9H2R5,unclassified,active,true,,e22d7643ea01abd0dce415e74faf002186e13ae33190976f1ae61cece045fb76,2026-08-06
P06870,KLK1_HUMAN,P06870,unclassified,active,true,,e22d7643ea01abd0dce415e74faf002186e13ae33190976f1ae61cece045fb76,2026-08-06
P20151,KLK2_HUMAN,P20151,unclassified,active,true,,e22d7643ea01abd0dce415e74faf002186e13ae33190976f1ae61cece045fb76,2026-08-06
P07288,KLK3_HUMAN,P07288,unclassified,active,true,,e22d7643ea01abd0dce415e74faf002186e13ae33190976f1ae61cece045fb76,2026-08-06
Q9Y5K2,KLK4_HUMAN,Q9Y5K2,unclassified,active,true,,e22d7643ea01abd0dce415e74faf002186e13ae33190976f1ae61cece045fb76,2026-08-06
Q9Y337,KLK5_HUMAN,Q9Y337,unclassified,active,true,,e22d7643ea01abd0dce415e74faf002186e13ae33190976f1ae61cece045fb76,2026-08-06
Q92876,KLK6_HUMAN,Q92876,unclassified,active,true,,e22d7643ea01abd0dce415e74faf002186e13ae33190976f1ae61cece045fb76,2026-08-06
P49862,KLK7_HUMAN,P49862,unclassified,active,true,,e22d7643ea01abd0dce415e74faf002186e13ae33190976f1ae61cece045fb76,2026-08-06
O60259,KLK8_HUMAN,O60259,unclassified,active,true,,e22d7643ea01abd0dce415e74faf002186e13ae33190976f1ae61cece045fb76,2026-08-06
Q9UKQ9,KLK9_HUMAN,Q9UKQ9,unclassified,active,true,,e22d7643ea01abd0dce415e74faf002186e13ae33190976f1ae61cece045fb76,2026-08-06
P03952,KLKB1_HUMAN,P03952,unclassified,active,true,,e22d7643ea01abd0dce415e74faf002186e13ae33190976f1ae61cece045fb76,2026-08-06
Q86Z14,KLOTB_HUMAN,Q86Z14,non_surface,active,true,,e22d7643ea01abd0dce415e74faf002186e13ae33190976f1ae61cece045fb76,2026-08-06
Q9UEF7,KLOT_HUMAN,Q9UEF7,surface,active,true,,e22d7643ea01abd0dce415e74faf002186e13ae33190976f1ae61cece045fb76,2026-08-06
Q12918,KLRB1_HUMAN,Q12918,surface,active,true,,e22d7643ea01abd0dce415e74faf002186e13ae33190976f1ae61cece045fb76,2026-08-06
Q13241,KLRD1_HUMAN,Q13241,unclassified,active,true,,e22d7643ea01abd0dce415e74faf002186e13ae33190976f1ae61cece045fb76,2026-08-06
Q9NZS2,KLRF1_HUMAN,Q9NZS2,surface,active,true,,e22d7643ea01abd0dce415e74faf002186e13ae33190976f1ae61cece045fb76,2026-08-06
D3W0D1,KLRF2_HUMAN,D3W0D1,surface,active,true,,e22d7643ea01abd0dce415e74faf002186e13ae33190976f1ae61cece045fb76,2026-08-06
Q96E93,KLRG1_HUMAN,Q96E93,surface,active,true,,e22d7643ea01abd0dce415e74faf002186e13ae33190976f1ae61cece045fb76,2026-08-06
A4D1S0,KLRG2_HUMAN,A4D1S0,non_surface,active,true,,e22d7643ea01abd0dce415e74faf002186e13ae33190976f1ae61cece045fb76,2026-08-06
O15229,KMO_HUMAN,O15229,non_surface,active,true,,e22d7643ea01abd0dce415e74faf002186e13ae33190976f1ae61cece045fb76,2026-08-06
A6PVL3,KNCN_HUMAN,A6PVL3,non_surface,active,true,,e22d7643ea01abd0dce415e74faf002186e13ae33190976f1ae61cece045fb76,2026-08-06
P01042,KNG1_HUMAN,P01042,unclassified,active,true,,e22d7643ea01abd0dce415e74faf002186e13ae33190976f1ae61cece045fb76,2026-08-06
Q15139,KPCD1_HUMAN,Q15139,unclassified,active,true,,e22d7643ea01abd0dce415e74faf002186e13ae33190976f1ae61cece045fb76,2026-08-06
P11801,KPSH1_HUMAN,P11801,non_surface,active,true,,e22d7643ea01abd0dce415e74faf002186e13ae33190976f1ae61cece045fb76,2026-08-06
Q96QS6,KPSH2_HUMAN,Q96QS6,non_surface,active,true,,e22d7643ea01abd0dce415e74faf002186e13ae33190976f1ae61cece045fb76,2026-08-06
P60331,KR101_HUMAN,P60331,unclassified,active,true,,e22d7643ea01abd0dce415e74faf002186e13ae33190976f1ae61cece045fb76,2026-08-06
P60370,KR105_HUMAN,P60370,unclassified,active,true,,e22d7643ea01abd0dce415e74faf002186e13ae33190976f1ae61cece045fb76,2026-08-06
A8MUX0,KR161_HUMAN,A8MUX0,unclassified,active,true,,e22d7643ea01abd0dce415e74faf002186e13ae33190976f1ae61cece045fb76,2026-08-06
Q3LI62,KR204_HUMAN,Q3LI62,unclassified,active,true,,e22d7643ea01abd0dce415e74faf002186e13ae33190976f1ae61cece045fb76,2026-08-06
P0C7H8,KRA23_HUMAN,P0C7H8,unclassified,active,true,,e22d7643ea01abd0dce415e74faf002186e13ae33190976f1ae61cece045fb76,2026-08-06
Q9BYR9,KRA24_HUMAN,Q9BYR9,unclassified,active,true,,e22d7643ea01abd0dce415e74faf002186e13ae33190976f1ae61cece045fb76,2026-08-06
Q6ZNG9,KRBA2_HUMAN,Q6ZNG9,unclassified,active,true,,e22d7643ea01abd0dce415e74faf002186e13ae33190976f1ae61cece045fb76,2026-08-06
Q96MU8,KREM1_HUMAN,Q96MU8,surface,active,true,,e22d7643ea01abd0dce415e74faf002186e13ae33190976f1ae61cece045fb76,2026-08-06
Q8NCW0,KREM2_HUMAN,Q8NCW0,surface,active,true,,e22d7643ea01abd0dce415e74faf002186e13ae33190976f1ae61cece045fb76,2026-08-06
Q8N6L1,KTAP2_HUMAN,Q8N6L1,non_surface,active,true,,e22d7643ea01abd0dce415e74faf002186e13ae33190976f1ae61cece045fb76,2026-08-06
P60985,KTDAP_HUMAN,P60985,unclassified,active,true,,e22d7643ea01abd0dce415e74faf002186e13ae33190976f1ae61cece045fb76,2026-08-06
Q86UP2,KTN1_HUMAN,Q86UP2,unclassified,active,true,,e22d7643ea01abd0dce415e74faf002186e13ae33190976f1ae61cece045fb76,2026-08-06
P01601,KV109_HUMAN,P01601,unclassified,active,true,,e22d7643ea01abd0dce415e74faf002186e13ae33190976f1ae61cece045fb76,2026-08-06
P01602,KV110_HUMAN,P01602,unclassified,active,true,,e22d7643ea01abd0dce415e74faf002186e13ae33190976f1ae61cece045fb76,2026-08-06
P01597,KV123_HUMAN,P04431,unclassified,merged,true,,e22d7643ea01abd0dce415e74faf002186e13ae33190976f1ae61cece045fb76,2026-08-06
P04432,KV124_HUMAN,P04432,unclassified,active,true,,e22d7643ea01abd0dce415e74faf002186e13ae33190976f1ae61cece045fb76,2026-08-06
P01615,KV205_HUMAN,P06309,unclassified,merged,true,,e22d7643ea01abd0dce415e74faf002186e13ae33190976f1ae61cece045fb76,2026-08-06
P06310,KV206_HUMAN,P06310,unclassified,active,true,,e22d7643ea01abd0dce415e74faf002186e13ae33190976f1ae61cece045fb76,2026-08-06
P01619,KV303_HUMAN|KV311_HUMAN|KV312_HUMAN|KV313_HUMAN,P01621|P06311|P18135|P18136,unclassified,merged,true,,e22d7643ea01abd0dce415e74faf002186e13ae33190976f1ae61cece045fb76,2026-08-06
P01624,KV308_HUMAN,P04207,unclassified,merged,true,,e22d7643ea01abd0dce415e74faf002186e13ae33190976f1ae61cece045fb76,2026-08-06
P04433,KV309_HUMAN,P04433,unclassified,active,true,,e22d7643ea01abd0dce415e74faf002186e13ae33190976f1ae61cece045fb76,2026-08-06
P04434,KV310_HUMAN,P04434,unclassified,inactive,false,uniprot_inactive,e22d7643ea01abd0dce415e74faf002186e13ae33190976f1ae61cece045fb76,2026-08-06
P06312,KV401_HUMAN|KV403_HUMAN|KV404_HUMAN,P06312|P06313|P06314,unclassified,active,true,,e22d7643ea01abd0dce415e74faf002186e13ae33190976f1ae61cece045fb76,2026-08-06
P06315,KV501_HUMAN,P06315,unclassified,active,true,,e22d7643ea01abd0dce415e74faf002186e13ae33190976f1ae61cece045fb76,2026-08-06
P32004,L1CAM_HUMAN,P32004,surface,active,true,,e22d7643ea01abd0dce415e74faf002186e13ae33190976f1ae61cece045fb76,2026-08-06
A6NMS7,L37A1_HUMAN,A6NMS7,surface,active,true,,e22d7643ea01abd0dce415e74faf002186e13ae33190976f1ae61cece045fb76,2026-08-06
A6NM11,L37A2_HUMAN,A6NM11,surface,active,true,,e22d7643ea01abd0dce415e74faf002186e13ae33190976f1ae61cece045fb76,2026-08-06
O60309,L37A3_HUMAN,O60309,surface,active,true,,e22d7643ea01abd0dce415e74faf002186e13ae33190976f1ae61cece045fb76,2026-08-06
Q9Y6C7,L3R2A_HUMAN,Q9Y6C7,non_surface,active,true,,e22d7643ea01abd0dce415e74faf002186e13ae33190976f1ae61cece045fb76,2026-08-06
Q6ZP29,LAAT1_HUMAN,Q6ZP29,surface,active,true,,e22d7643ea01abd0dce415e74faf002186e13ae33190976f1ae61cece045fb76,2026-08-06
Q8WV93,LACE1_HUMAN,Q8WV93,unclassified,active,true,,e22d7643ea01abd0dce415e74faf002186e13ae33190976f1ae61cece045fb76,2026-08-06
Q9GZZ8,LACRT_HUMAN,Q9GZZ8,unclassified,active,true,,e22d7643ea01abd0dce415e74faf002186e13ae33190976f1ae61cece045fb76,2026-08-06
P83111,LACTB_HUMAN,P83111,unclassified,active,true,,e22d7643ea01abd0dce415e74faf002186e13ae33190976f1ae61cece045fb76,2026-08-06
P18627,LAG3_HUMAN,P18627,surface,active,true,,e22d7643ea01abd0dce415e74faf002186e13ae33190976f1ae61cece045fb76,2026-08-06
Q6GTX8,LAIR1_HUMAN,Q6GTX8,surface,active,true,,e22d7643ea01abd0dce415e74faf002186e13ae33190976f1ae61cece045fb76,2026-08-06
Q6ISS4,LAIR2_HUMAN,Q6ISS4,unclassified,active,true,,e22d7643ea01abd0dce415e74faf002186e13ae33190976f1ae61cece045fb76,2026-08-06
P00709,LALBA_HUMAN,P00709,unclassified,active,true,,e22d7643ea01abd0dce415e74faf002186e13ae33190976f1ae61cece045fb76,2026-08-06
P25391,LAMA1_HUMAN,P25391,unclassified,active,true,,e22d7643ea01abd0dce415e74faf002186e13ae33190976f1ae61cece045fb76,2026-08-06
P24043,LAMA2_HUMAN,P24043,unclassified,active,true,,e22d7643ea01abd0dce415e74faf002186e13ae33190976f1ae61cece045fb76,2026-08-06
Q16787,LAMA3_HUMAN,Q16787,unclassified,active,true,,e22d7643ea01abd0dce415e74faf002186e13ae33190976f1ae61cece045fb76,2026-08-06
Q16363,LAMA4_HUMAN,Q16363,unclassified,active,true,,e22d7643ea01abd0dce415e74faf002186e13ae33190976f1ae61cece045fb76,2026-08-06
O15230,LAMA5_HUMAN,O15230,unclassified,active,true,,e22d7643ea01abd0dce415e74faf002186e13ae33190976f1ae61cece045fb76,2026-08-06
P07942,LAMB1_HUMAN,P07942,unclassified,active,true,,e22d7643ea01abd0dce415e74faf002186e13ae33190976f1ae61cece045fb76,2026-08-06
P55268,LAMB2_HUMAN,P55268,unclassified,active,true,,e22d7643ea01abd0dce415e74faf002186e13ae33190976f1ae61cece045fb76,2026-08-06
Q13751,LAMB3_HUMAN,Q13751,unclassified,active,true,,e22d7643ea01abd0dce415e74faf002186e13ae33190976f1ae61cece045fb76,2026-08-06
A4D0S4,LAMB4_HUMAN,A4D0S4,unclassified,active,true,,e22d7643ea01abd0dce415e74faf002186e13ae33190976f1ae61cece045fb76,2026-08-06
P11047,LAMC1_HUMAN,P11047,unclassified,active,true,,e22d7643ea01abd0dce415e74faf002186e13ae33190976f1ae61cece045fb76,2026-08-06
Q13753,LAMC2_HUMAN,Q13753,unclassified,active,true,,e22d7643ea01abd0dce415e74faf002186e13ae33190976f1ae61cece045fb76,2026-08-06
Q9Y6N6,LAMC3_HUMAN,Q9Y6N6,unclassified,active,true,,e22d7643ea01abd0dce415e74faf002186e13ae33190976f1ae61cece045fb76,2026-08-06
P11279,LAMP1_HUMAN,P11279,surface,active,true,,e22d7643ea01abd0dce415e74faf002186e13ae33190976f1ae61cece045fb76,2026-08-06
P13473,LAMP2_HUMAN,P13473,surface,active,true,,e22d7643ea01abd0dce415e74faf002186e13ae33190976f1ae61cece045fb76,2026-08-06
Q9UQV4,LAMP3_HUMAN,Q9UQV4,surface,active,true,,e22d7643ea01abd0dce415e74faf002186e13ae33190976f1ae61cece045fb76,2026-08-06
Q9UJQ1,LAMP5_HUMAN,Q9UJQ1,surface,active,true,,e22d7643ea01abd0dce415e74faf002186e13ae33190976f1ae61cece045fb76,2026-08-06
P42167,LAP2B_HUMAN,P42167,non_surface,active,true,,e22d7643ea01abd0dce415e74faf002186e13ae33190976f1ae61cece045fb76,2026-08-06
Q15012,LAP4A_HUMAN,Q15012,non_surface,active,true,,e22d7643ea01abd0dce415e74faf002186e13ae33190976f1ae61cece045fb76,2026-08-06
Q86VI4,LAP4B_HUMAN,Q86VI4,non_surface,active,true,,e22d7643ea01abd0dce415e74faf002186e13ae33190976f1ae61cece045fb76,2026-08-06
Q13571,LAPM5_HUMAN,Q13571,unclassified,active,true,,e22d7643ea01abd0dce415e74faf002186e13ae33190976f1ae61cece045fb76,2026-08-06
Q8N3Y3,LARG2_HUMAN,Q8N3Y3,non_surface,active,true,,e22d7643ea01abd0dce415e74faf002186e13ae33190976f1ae61cece045fb76,2026-08-06
O95461,LARGE_HUMAN,O95461,non_surface,active,true,,e22d7643ea01abd0dce415e74faf002186e13ae33190976f1ae61cece045fb76,2026-08-06
Q8IYD9,LAS2_HUMAN,Q8IYD9,unclassified,active,true,,e22d7643ea01abd0dce415e74faf002186e13ae33190976f1ae61cece045fb76,2026-08-06
Q9GIP4,LAT1L_HUMAN,Q9GIP4,non_surface,active,true,,e22d7643ea01abd0dce415e74faf002186e13ae33190976f1ae61cece045fb76,2026-08-06
Q8MH63,LAT1N_HUMAN,Q8MH63,non_surface,active,true,,e22d7643ea01abd0dce415e74faf002186e13ae33190976f1ae61cece045fb76,2026-08-06
Q01650,LAT1_HUMAN,Q01650,surface,active,true,,e22d7643ea01abd0dce415e74faf002186e13ae33190976f1ae61cece045fb76,2026-08-06
Q9UHI5,LAT2_HUMAN,Q9UHI5,non_surface,active,true,,e22d7643ea01abd0dce415e74faf002186e13ae33190976f1ae61cece045fb76,2026-08-06
O75387,LAT3_HUMAN,O75387,surface,active,true,,e22d7643ea01abd0dce415e74faf002186e13ae33190976f1ae61cece045fb76,2026-08-06
Q8N370,LAT4_HUMAN,Q8N370,surface,active,true,,e22d7643ea01abd0dce415e74faf002186e13ae33190976f1ae61cece045fb76,2026-08-06
Q86YQ2,LATH_HUMAN,Q86YQ2,unclassified,active,true,,e22d7643ea01abd0dce415e74faf002186e13ae33190976f1ae61cece045fb76,2026-08-06
O43561,LAT_HUMAN,O43561,non_surface,active,true,,e22d7643ea01abd0dce415e74faf002186e13ae33190976f1ae61cece045fb76,2026-08-06
Q8IWV1,LAX1_HUMAN,Q8IWV1,non_surface,active,true,,e22d7643ea01abd0dce415e74faf002186e13ae33190976f1ae61cece045fb76,2026-08-06
Q6UX15,LAYN_HUMAN,Q6UX15,surface,active,true,,e22d7643ea01abd0dce415e74faf002186e13ae33190976f1ae61cece045fb76,2026-08-06
Q86UK5,LBN_HUMAN,Q86UK5,surface,active,true,,e22d7643ea01abd0dce415e74faf002186e13ae33190976f1ae61cece045fb76,2026-08-06
P18428,LBP_HUMAN,P18428,unclassified,active,true,,e22d7643ea01abd0dce415e74faf002186e13ae33190976f1ae61cece045fb76,2026-08-06
Q14739,LBR_HUMAN,Q14739,non_surface,active,true,,e22d7643ea01abd0dce415e74faf002186e13ae33190976f1ae61cece045fb76,2026-08-06
Q5VSP4,LC1L1_HUMAN,Q5VSP4,unclassified,active,true,,e22d7643ea01abd0dce415e74faf002186e13ae33190976f1ae61cece045fb76,2026-08-06
Q9UIQ6,LCAP_HUMAN,Q9UIQ6,surface,active,true,,e22d7643ea01abd0dce415e74faf002186e13ae33190976f1ae61cece045fb76,2026-08-06
P04180,LCAT_HUMAN,P04180,unclassified,active,true,,e22d7643ea01abd0dce415e74faf002186e13ae33190976f1ae61cece045fb76,2026-08-06
Q6UWP7,LCLT1_HUMAN,Q6UWP7,non_surface,active,true,,e22d7643ea01abd0dce415e74faf002186e13ae33190976f1ae61cece045fb76,2026-08-06
Q6JVE6,LCN10_HUMAN,Q6JVE6,unclassified,active,true,,e22d7643ea01abd0dce415e74faf002186e13ae33190976f1ae61cece045fb76,2026-08-06
Q6JVE5,LCN12_HUMAN,Q6JVE5,unclassified,active,true,,e22d7643ea01abd0dce415e74faf002186e13ae33190976f1ae61cece045fb76,2026-08-06
Q6UWW0,LCN15_HUMAN,Q6UWW0,unclassified,active,true,,e22d7643ea01abd0dce415e74faf002186e13ae33190976f1ae61cece045fb76,2026-08-06
P31025,LCN1_HUMAN,P31025,unclassified,active,true,,e22d7643ea01abd0dce415e74faf002186e13ae33190976f1ae61cece045fb76,2026-08-06
P62502,LCN6_HUMAN,P62502,unclassified,active,true,,e22d7643ea01abd0dce415e74faf002186e13ae33190976f1ae61cece045fb76,2026-08-06
Q6JVE9,LCN8_HUMAN,Q6JVE9,unclassified,active,true,,e22d7643ea01abd0dce415e74faf002186e13ae33190976f1ae61cece045fb76,2026-08-06
Q8WX39,LCN9_HUMAN,Q8WX39,unclassified,active,true,,e22d7643ea01abd0dce415e74faf002186e13ae33190976f1ae61cece045fb76,2026-08-06
Q8N3X6,LCORL_HUMAN,Q8N3X6,unclassified,active,true,,e22d7643ea01abd0dce415e74faf002186e13ae33190976f1ae61cece045fb76,2026-08-06
Q6UWM7,LCTL_HUMAN,Q6UWM7,non_surface,active,true,,e22d7643ea01abd0dce415e74faf002186e13ae33190976f1ae61cece045fb76,2026-08-06
P01130,LDLR_HUMAN,P01130,surface,active,true,,e22d7643ea01abd0dce415e74faf002186e13ae33190976f1ae61cece045fb76,2026-08-06
O95751,LDOC1_HUMAN,O95751,unclassified,active,true,,e22d7643ea01abd0dce415e74faf002186e13ae33190976f1ae61cece045fb76,2026-08-06
Q969E1,LEAP2_HUMAN,Q969E1,unclassified,active,true,,e22d7643ea01abd0dce415e74faf002186e13ae33190976f1ae61cece045fb76,2026-08-06
O75829,LECT1_HUMAN,O75829,unclassified,active,true,,e22d7643ea01abd0dce415e74faf002186e13ae33190976f1ae61cece045fb76,2026-08-06
O14960,LECT2_HUMAN,O14960,unclassified,active,true,,e22d7643ea01abd0dce415e74faf002186e13ae33190976f1ae61cece045fb76,2026-08-06
Q68G75,LEMD1_HUMAN,Q68G75,non_surface,active,true,,e22d7643ea01abd0dce415e74faf002186e13ae33190976f1ae61cece045fb76,2026-08-06
Q8NC56,LEMD2_HUMAN,Q8NC56,unclassified,active,true,,e22d7643ea01abd0dce415e74faf002186e13ae33190976f1ae61cece045fb76,2026-08-06
P48357,LEPR_HUMAN,P48357,surface,active,true,,e22d7643ea01abd0dce415e74faf002186e13ae33190976f1ae61cece045fb76,2026-08-06
P41159,LEP_HUMAN,P41159,unclassified,active,true,,e22d7643ea01abd0dce415e74faf002186e13ae33190976f1ae61cece045fb76,2026-08-06
O95214,LERL1_HUMAN,O95214,non_surface,active,true,,e22d7643ea01abd0dce415e74faf002186e13ae33190976f1ae61cece045fb76,2026-08-06
O95202,LETM1_HUMAN,O95202,non_surface,active,true,,e22d7643ea01abd0dce415e74faf002186e13ae33190976f1ae61cece045fb76,2026-08-06
Q2VYF4,LETM2_HUMAN,Q2VYF4,non_surface,active,true,,e22d7643ea01abd0dce415e74faf002186e13ae33190976f1ae61cece045fb76,2026-08-06
P16150,LEUK_HUMAN,P16150,surface,active,true,,e22d7643ea01abd0dce415e74faf002186e13ae33190976f1ae61cece045fb76,2026-08-06
P19256,LFA3_HUMAN,P19256,surface,active,true,,e22d7643ea01abd0dce415e74faf002186e13ae33190976f1ae61cece045fb76,2026-08-06
Q7Z429,LFG1_HUMAN,Q7Z429,non_surface,active,true,,e22d7643ea01abd0dce415e74faf002186e13ae33190976f1ae61cece045fb76,2026-08-06
Q9BWQ8,LFG2_HUMAN,Q9BWQ8,surface,active,true,,e22d7643ea01abd0dce415e74faf002186e13ae33190976f1ae61cece045fb76,2026-08-06
Q969X1,LFG3_HUMAN,Q969X1,unclassified,active,true,,e22d7643ea01abd0dce415e74faf002186e13ae33190976f1ae61cece045fb76,2026-08-06
Q9HC24,LFG4_HUMAN,Q9HC24,non_surface,active,true,,e22d7643ea01abd0dce415e74faf002186e13ae33190976f1ae61cece045fb76,2026-08-06
Q8NES3,LFNG_HUMAN,Q8NES3,non_surface,active,true,,e22d7643ea01abd0dce415e74faf002186e13ae33190976f1ae61cece045fb76,2026-08-06
O75610,LFTY1_HUMAN,O75610,unclassified,active,true,,e22d7643ea01abd0dce415e74faf002186e13ae33190976f1ae61cece045fb76,2026-08-06
O00292,LFTY2_HUMAN,O00292,unclassified,active,true,,e22d7643ea01abd0dce415e74faf002186e13ae33190976f1ae61cece045fb76,2026-08-06
Q08380,LG3BP_HUMAN,Q08380,unclassified,active,true,,e22d7643ea01abd0dce415e74faf002186e13ae33190976f1ae61cece045fb76,2026-08-06
Q92604,LGAT1_HUMAN,Q92604,non_surface,active,true,,e22d7643ea01abd0dce415e74faf002186e13ae33190976f1ae61cece045fb76,2026-08-06
O95970,LGI1_HUMAN,O95970,unclassified,active,true,,e22d7643ea01abd0dce415e74faf002186e13ae33190976f1ae61cece045fb76,2026-08-06
Q8N0V4,LGI2_HUMAN,Q8N0V4,unclassified,active,true,,e22d7643ea01abd0dce415e74faf002186e13ae33190976f1ae61cece045fb76,2026-08-06
Q8N145,LGI3_HUMAN,Q8N145,unclassified,active,true,,e22d7643ea01abd0dce415e74faf002186e13ae33190976f1ae61cece045fb76,2026-08-06
Q8N135,LGI4_HUMAN,Q8N135,unclassified,active,true,,e22d7643ea01abd0dce415e74faf002186e13ae33190976f1ae61cece045fb76,2026-08-06
Q99538,LGMN_HUMAN,Q99538,unclassified,active,true,,e22d7643ea01abd0dce415e74faf002186e13ae33190976f1ae61cece045fb76,2026-08-06
Q9BXB1,LGR4_HUMAN,Q9BXB1,surface,active,true,,e22d7643ea01abd0dce415e74faf002186e13ae33190976f1ae61cece045fb76,2026-08-06
O75473,LGR5_HUMAN,O75473,surface,active,true,,e22d7643ea01abd0dce415e74faf002186e13ae33190976f1ae61cece045fb76,2026-08-06
Q9HBX8,LGR6_HUMAN,Q9HBX8,surface,active,true,,e22d7643ea01abd0dce415e74faf002186e13ae33190976f1ae61cece045fb76,2026-08-06
Q9Y693,LHFP_HUMAN,Q9Y693,unclassified,active,true,,e22d7643ea01abd0dce415e74faf002186e13ae33190976f1ae61cece045fb76,2026-08-06
Q86WI0,LHPL1_HUMAN,Q86WI0,surface,active,true,,e22d7643ea01abd0dce415e74faf002186e13ae33190976f1ae61cece045fb76,2026-08-06
Q6ZUX7,LHPL2_HUMAN,Q6ZUX7,unclassified,active,true,,e22d7643ea01abd0dce415e74faf002186e13ae33190976f1ae61cece045fb76,2026-08-06
Q86UP9,LHPL3_HUMAN,Q86UP9,unclassified,active,true,,e22d7643ea01abd0dce415e74faf002186e13ae33190976f1ae61cece045fb76,2026-08-06
Q7Z7J7,LHPL4_HUMAN,Q7Z7J7,surface,active,true,,e22d7643ea01abd0dce415e74faf002186e13ae33190976f1ae61cece045fb76,2026-08-06
P38571,LICH_HUMAN,P38571,unclassified,active,true,,e22d7643ea01abd0dce415e74faf002186e13ae33190976f1ae61cece045fb76,2026-08-06
P42702,LIFR_HUMAN,P42702,surface,active,true,,e22d7643ea01abd0dce415e74faf002186e13ae33190976f1ae61cece045fb76,2026-08-06
P15018,LIF_HUMAN,P15018,unclassified,active,true,,e22d7643ea01abd0dce415e74faf002186e13ae33190976f1ae61cece045fb76,2026-08-06
Q96FE5,LIGO1_HUMAN,Q96FE5,surface,active,true,,e22d7643ea01abd0dce415e74faf002186e13ae33190976f1ae61cece045fb76,2026-08-06
Q7L985,LIGO2_HUMAN,Q7L985,surface,active,true,,e22d7643ea01abd0dce415e74faf002186e13ae33190976f1ae61cece045fb76,2026-08-06
P0C6S8,LIGO3_HUMAN,P0C6S8,surface,active,true,,e22d7643ea01abd0dce415e74faf002186e13ae33190976f1ae61cece045fb76,2026-08-06
Q6UY18,LIGO4_HUMAN,Q6UY18,surface,active,true,,e22d7643ea01abd0dce415e74faf002186e13ae33190976f1ae61cece045fb76,2026-08-06
Q9H400,LIME1_HUMAN,Q9H400,non_surface,active,true,,e22d7643ea01abd0dce415e74faf002186e13ae33190976f1ae61cece045fb76,2026-08-06
P11150,LIPC_HUMAN,P11150,unclassified,active,true,,e22d7643ea01abd0dce415e74faf002186e13ae33190976f1ae61cece045fb76,2026-08-06
Q9Y5X9,LIPE_HUMAN,Q9Y5X9,unclassified,active,true,,e22d7643ea01abd0dce415e74faf002186e13ae33190976f1ae61cece045fb76,2026-08-06
P07098,LIPG_HUMAN,P07098,unclassified,active,true,,e22d7643ea01abd0dce415e74faf002186e13ae33190976f1ae61cece045fb76,2026-08-06
Q8WWY8,LIPH_HUMAN,Q8WWY8,unclassified,active,true,,e22d7643ea01abd0dce415e74faf002186e13ae33190976f1ae61cece045fb76,2026-08-06
Q6XZB0,LIPI_HUMAN,Q6XZB0,unclassified,active,true,,e22d7643ea01abd0dce415e74faf002186e13ae33190976f1ae61cece045fb76,2026-08-06
Q5VXJ0,LIPK_HUMAN,Q5VXJ0,unclassified,active,true,,e22d7643ea01abd0dce415e74faf002186e13ae33190976f1ae61cece045fb76,2026-08-06
P06858,LIPL_HUMAN,P06858,surface,active,true,,e22d7643ea01abd0dce415e74faf002186e13ae33190976f1ae61cece045fb76,2026-08-06
Q5VYY2,LIPM_HUMAN,Q5VYY2,unclassified,active,true,,e22d7643ea01abd0dce415e74faf002186e13ae33190976f1ae61cece045fb76,2026-08-06
Q5VXI9,LIPN_HUMAN,Q5VXI9,unclassified,active,true,,e22d7643ea01abd0dce415e74faf002186e13ae33190976f1ae61cece045fb76,2026-08-06
P16233,LIPP_HUMAN,P16233,unclassified,active,true,,e22d7643ea01abd0dce415e74faf002186e13ae33190976f1ae61cece045fb76,2026-08-06
P54315,LIPR1_HUMAN,P54315,unclassified,active,true,,e22d7643ea01abd0dce415e74faf002186e13ae33190976f1ae61cece045fb76,2026-08-06
P54317,LIPR2_HUMAN,P54317,unclassified,active,true,,e22d7643ea01abd0dce415e74faf002186e13ae33190976f1ae61cece045fb76,2026-08-06
Q17RR3,LIPR3_HUMAN,Q17RR3,unclassified,active,true,,e22d7643ea01abd0dce415e74faf002186e13ae33190976f1ae61cece045fb76,2026-08-06
O75019,LIRA1_HUMAN,O75019,surface,active,true,,e22d7643ea01abd0dce415e74faf002186e13ae33190976f1ae61cece045fb76,2026-08-06
Q8N149,LIRA2_HUMAN,Q8N149,surface,active,true,,e22d7643ea01abd0dce415e74faf002186e13ae33190976f1ae61cece045fb76,2026-08-06
Q8N6C8,LIRA3_HUMAN,Q8N6C8,unclassified,active,true,,e22d7643ea01abd0dce415e74faf002186e13ae33190976f1ae61cece045fb76,2026-08-06
P59901,LIRA4_HUMAN,P59901,surface,active,true,,e22d7643ea01abd0dce415e74faf002186e13ae33190976f1ae61cece045fb76,2026-08-06
A6NI73,LIRA5_HUMAN,A6NI73,surface,active,true,,e22d7643ea01abd0dce415e74faf002186e13ae33190976f1ae61cece045fb76,2026-08-06
Q6PI73,LIRA6_HUMAN,Q6PI73,surface,active,true,,e22d7643ea01abd0dce415e74faf002186e13ae33190976f1ae61cece045fb76,2026-08-06
Q8NHL6,LIRB1_HUMAN,Q8NHL6,surface,active,true,,e22d7643ea01abd0dce415e74faf002186e13ae33190976f1ae61cece045fb76,2026-08-06
Q8N423,LIRB2_HUMAN,Q8N423,surface,active,true,,e22d7643ea01abd0dce415e74faf002186e13ae33190976f1ae61cece045fb76,2026-08-06
O75022,LIRB3_HUMAN,O75022,surface,active,true,,e22d7643ea01abd0dce415e74faf002186e13ae33190976f1ae61cece045fb76,2026-08-06
Q8NHJ6,LIRB4_HUMAN,Q8NHJ6,unclassified,active,true,,e22d7643ea01abd0dce415e74faf002186e13ae33190976f1ae61cece045fb76,2026-08-06
O75023,LIRB5_HUMAN,O75023,surface,active,true,,e22d7643ea01abd0dce415e74faf002186e13ae33190976f1ae61cece045fb76,2026-08-06
Q9HAT1,LMA1L_HUMAN,Q9HAT1,non_surface,active,true,,e22d7643ea01abd0dce415e74faf002186e13ae33190976f1ae61cece045fb76,2026-08-06
Q9H0V9,LMA2L_HUMAN,Q9H0V9,surface,active,true,,e22d7643ea01abd0dce415e74faf002186e13ae33190976f1ae61cece045fb76,2026-08-06
P49257,LMAN1_HUMAN,P49257,non_surface,active,true,,e22d7643ea01abd0dce415e74faf002186e13ae33190976f1ae61cece045fb76,2026-08-06
Q12907,LMAN2_HUMAN,Q12907,surface,active,true,,e22d7643ea01abd0dce415e74faf002186e13ae33190976f1ae61cece045fb76,2026-08-06
Q9NUN5,LMBD1_HUMAN,Q9NUN5,surface,active,true,,e22d7643ea01abd0dce415e74faf002186e13ae33190976f1ae61cece045fb76,2026-08-06
Q68DH5,LMBD2_HUMAN,Q68DH5,surface,active,true,,e22d7643ea01abd0dce415e74faf002186e13ae33190976f1ae61cece045fb76,2026-08-06
Q8WVP7,LMBR1_HUMAN,Q8WVP7,surface,active,true,,e22d7643ea01abd0dce415e74faf002186e13ae33190976f1ae61cece045fb76,2026-08-06
Q6UX01,LMBRL_HUMAN,Q6UX01,surface,active,true,,e22d7643ea01abd0dce415e74faf002186e13ae33190976f1ae61cece045fb76,2026-08-06
Q96S06,LMF1_HUMAN,Q96S06,non_surface,active,true,,e22d7643ea01abd0dce415e74faf002186e13ae33190976f1ae61cece045fb76,2026-08-06
Q9BU23,LMF2_HUMAN,Q9BU23,unclassified,active,true,,e22d7643ea01abd0dce415e74faf002186e13ae33190976f1ae61cece045fb76,2026-08-06
P55344,LMIP_HUMAN,P55344,surface,active,true,,e22d7643ea01abd0dce415e74faf002186e13ae33190976f1ae61cece045fb76,2026-08-06
Q96KR4,LMLN_HUMAN,Q96KR4,non_surface,active,true,,e22d7643ea01abd0dce415e74faf002186e13ae33190976f1ae61cece045fb76,2026-08-06
Q8WWI1,LMO7_HUMAN,Q8WWI1,non_surface,active,true,,e22d7643ea01abd0dce415e74faf002186e13ae33190976f1ae61cece045fb76,2026-08-06
Q6ZMQ8,LMTK1_HUMAN,Q6ZMQ8,non_surface,active,true,,e22d7643ea01abd0dce415e74faf002186e13ae33190976f1ae61cece045fb76,2026-08-06
Q8IWU2,LMTK2_HUMAN,Q8IWU2,non_surface,active,true,,e22d7643ea01abd0dce415e74faf002186e13ae33190976f1ae61cece045fb76,2026-08-06
Q96Q04,LMTK3_HUMAN,Q96Q04,unclassified,active,true,,e22d7643ea01abd0dce415e74faf002186e13ae33190976f1ae61cece045fb76,2026-08-06
Q9C0E8,LNP_HUMAN,Q9C0E8,non_surface,active,true,,e22d7643ea01abd0dce415e74faf002186e13ae33190976f1ae61cece045fb76,2026-08-06
Q1L5Z9,LONF2_HUMAN,Q1L5Z9,non_surface,active,true,,e22d7643ea01abd0dce415e74faf002186e13ae33190976f1ae61cece045fb76,2026-08-06
Q08397,LOXL1_HUMAN,Q08397,unclassified,active,true,,e22d7643ea01abd0dce415e74faf002186e13ae33190976f1ae61cece045fb76,2026-08-06
Q9Y4K0,LOXL2_HUMAN,Q9Y4K0,unclassified,active,true,,e22d7643ea01abd0dce415e74faf002186e13ae33190976f1ae61cece045fb76,2026-08-06
P58215,LOXL3_HUMAN,P58215,unclassified,active,true,,e22d7643ea01abd0dce415e74faf002186e13ae33190976f1ae61cece045fb76,2026-08-06
Q96JB6,LOXL4_HUMAN,Q96JB6,unclassified,active,true,,e22d7643ea01abd0dce415e74faf002186e13ae33190976f1ae61cece045fb76,2026-08-06
Q16609,LPAL2_HUMAN,Q16609,unclassified,active,true,,e22d7643ea01abd0dce415e74faf002186e13ae33190976f1ae61cece045fb76,2026-08-06
Q92633,LPAR1_HUMAN,Q92633,surface,active,true,,e22d7643ea01abd0dce415e74faf002186e13ae33190976f1ae61cece045fb76,2026-08-06
Q9HBW0,LPAR2_HUMAN,Q9HBW0,surface,active,true,,e22d7643ea01abd0dce415e74faf002186e13ae33190976f1ae61cece045fb76,2026-08-06
Q9UBY5,LPAR3_HUMAN,Q9UBY5,surface,active,true,,e22d7643ea01abd0dce415e74faf002186e13ae33190976f1ae61cece045fb76,2026-08-06
Q99677,LPAR4_HUMAN,Q99677,surface,active,true,,e22d7643ea01abd0dce415e74faf002186e13ae33190976f1ae61cece045fb76,2026-08-06
Q9H1C0,LPAR5_HUMAN,Q9H1C0,surface,active,true,,e22d7643ea01abd0dce415e74faf002186e13ae33190976f1ae61cece045fb76,2026-08-06
P43657,LPAR6_HUMAN,P43657,surface,active,true,,e22d7643ea01abd0dce415e74faf002186e13ae33190976f1ae61cece045fb76,2026-08-06
Q643R3,LPCT4_HUMAN,Q643R3,non_surface,active,true,,e22d7643ea01abd0dce415e74faf002186e13ae33190976f1ae61cece045fb76,2026-08-06
Q8NI32,LPD6B_HUMAN,Q8NI32,surface,active,true,,e22d7643ea01abd0dce415e74faf002186e13ae33190976f1ae61cece045fb76,2026-08-06
O94910,LPHN1_HUMAN,O94910,surface,active,true,,e22d7643ea01abd0dce415e74faf002186e13ae33190976f1ae61cece045fb76,2026-08-06
O95490,LPHN2_HUMAN,O95490,surface,active,true,,e22d7643ea01abd0dce415e74faf002186e13ae33190976f1ae61cece045fb76,2026-08-06
Q9HAR2,LPHN3_HUMAN,Q9HAR2,surface,active,true,,e22d7643ea01abd0dce415e74faf002186e13ae33190976f1ae61cece045fb76,2026-08-06
P09848,LPH_HUMAN,P09848,surface,active,true,,e22d7643ea01abd0dce415e74faf002186e13ae33190976f1ae61cece045fb76,2026-08-06
O14494,LPP1_HUMAN,O14494,surface,active,true,,e22d7643ea01abd0dce415e74faf002186e13ae33190976f1ae61cece045fb76,2026-08-06
O43688,LPP2_HUMAN,O43688,surface,active,true,,e22d7643ea01abd0dce415e74faf002186e13ae33190976f1ae61cece045fb76,2026-08-06
O14495,LPP3_HUMAN,O14495,surface,active,true,,e22d7643ea01abd0dce415e74faf002186e13ae33190976f1ae61cece045fb76,2026-08-06
Q8TBJ4,LPPR1_HUMAN,Q8TBJ4,surface,active,true,,e22d7643ea01abd0dce415e74faf002186e13ae33190976f1ae61cece045fb76,2026-08-06
Q96GM1,LPPR2_HUMAN,Q96GM1,non_surface,active,true,,e22d7643ea01abd0dce415e74faf002186e13ae33190976f1ae61cece045fb76,2026-08-06
Q6T4P5,LPPR3_HUMAN,Q6T4P5,non_surface,active,true,,e22d7643ea01abd0dce415e74faf002186e13ae33190976f1ae61cece045fb76,2026-08-06
Q7Z2D5,LPPR4_HUMAN,Q7Z2D5,surface,active,true,,e22d7643ea01abd0dce415e74faf002186e13ae33190976f1ae61cece045fb76,2026-08-06
Q32ZL2,LPPR5_HUMAN,Q32ZL2,surface,active,true,,e22d7643ea01abd0dce415e74faf002186e13ae33190976f1ae61cece045fb76,2026-08-06
Q96QE4,LR37B_HUMAN,Q96QE4,surface,active,true,,e22d7643ea01abd0dce415e74faf002186e13ae33190976f1ae61cece045fb76,2026-08-06
Q0VAA2,LR74A_HUMAN,Q0VAA2,non_surface,active,true,,e22d7643ea01abd0dce415e74faf002186e13ae33190976f1ae61cece045fb76,2026-08-06
Q5T700,LRAD1_HUMAN,Q5T700,non_surface,active,true,,e22d7643ea01abd0dce415e74faf002186e13ae33190976f1ae61cece045fb76,2026-08-06
Q5SZI1,LRAD2_HUMAN,Q5SZI1,unclassified,active,true,,e22d7643ea01abd0dce415e74faf002186e13ae33190976f1ae61cece045fb76,2026-08-06
Q86YD5,LRAD3_HUMAN,Q86YD5,surface,active,true,,e22d7643ea01abd0dce415e74faf002186e13ae33190976f1ae61cece045fb76,2026-08-06
O15165,LRAD4_HUMAN,O15165,surface,active,true,,e22d7643ea01abd0dce415e74faf002186e13ae33190976f1ae61cece045fb76,2026-08-06
O95237,LRAT_HUMAN,O95237,non_surface,active,true,,e22d7643ea01abd0dce415e74faf002186e13ae33190976f1ae61cece045fb76,2026-08-06
P50851,LRBA_HUMAN,P50851,non_surface,active,true,,e22d7643ea01abd0dce415e74faf002186e13ae33190976f1ae61cece045fb76,2026-08-06
Q15048,LRC14_HUMAN,Q15048,unclassified,active,true,,e22d7643ea01abd0dce415e74faf002186e13ae33190976f1ae61cece045fb76,2026-08-06
Q8TF66,LRC15_HUMAN,Q8TF66,surface,active,true,,e22d7643ea01abd0dce415e74faf002186e13ae33190976f1ae61cece045fb76,2026-08-06
Q8N6Y2,LRC17_HUMAN,Q8N6Y2,unclassified,active,true,,e22d7643ea01abd0dce415e74faf002186e13ae33190976f1ae61cece045fb76,2026-08-06
Q9H756,LRC19_HUMAN,Q9H756,surface,active,true,,e22d7643ea01abd0dce415e74faf002186e13ae33190976f1ae61cece045fb76,2026-08-06
Q50LG9,LRC24_HUMAN,Q50LG9,surface,active,true,,e22d7643ea01abd0dce415e74faf002186e13ae33190976f1ae61cece045fb76,2026-08-06
Q8N386,LRC25_HUMAN,Q8N386,surface,active,true,,e22d7643ea01abd0dce415e74faf002186e13ae33190976f1ae61cece045fb76,2026-08-06
Q2I0M4,LRC26_HUMAN,Q2I0M4,unclassified,active,true,,e22d7643ea01abd0dce415e74faf002186e13ae33190976f1ae61cece045fb76,2026-08-06
Q14392,LRC32_HUMAN,Q14392,surface,active,true,,e22d7643ea01abd0dce415e74faf002186e13ae33190976f1ae61cece045fb76,2026-08-06
Q5VT99,LRC38_HUMAN,Q5VT99,surface,active,true,,e22d7643ea01abd0dce415e74faf002186e13ae33190976f1ae61cece045fb76,2026-08-06
Q96PB8,LRC3B_HUMAN,Q96PB8,surface,active,true,,e22d7643ea01abd0dce415e74faf002186e13ae33190976f1ae61cece045fb76,2026-08-06
Q9NT99,LRC4B_HUMAN,Q9NT99,surface,active,true,,e22d7643ea01abd0dce415e74faf002186e13ae33190976f1ae61cece045fb76,2026-08-06
Q9HCJ2,LRC4C_HUMAN,Q9HCJ2,surface,active,true,,e22d7643ea01abd0dce415e74faf002186e13ae33190976f1ae61cece045fb76,2026-08-06
Q8N7C0,LRC52_HUMAN,Q8N7C0,surface,active,true,,e22d7643ea01abd0dce415e74faf002186e13ae33190976f1ae61cece045fb76,2026-08-06
A6NM62,LRC53_HUMAN,A6NM62,unclassified,active,true,,e22d7643ea01abd0dce415e74faf002186e13ae33190976f1ae61cece045fb76,2026-08-06
Q6ZSA7,LRC55_HUMAN,Q6ZSA7,unclassified,active,true,,e22d7643ea01abd0dce415e74faf002186e13ae33190976f1ae61cece045fb76,2026-08-06
Q96AG4,LRC59_HUMAN,Q96AG4,non_surface,active,true,,e22d7643ea01abd0dce415e74faf002186e13ae33190976f1ae61cece045fb76,2026-08-06
Q05C16,LRC63_HUMAN,Q05C16,non_surface,active,true,,e22d7643ea01abd0dce415e74faf002186e13ae33190976f1ae61cece045fb76,2026-08-06
Q68CR7,LRC66_HUMAN,Q68CR7,non_surface,active,true,,e22d7643ea01abd0dce415e74faf002186e13ae33190976f1ae61cece045fb76,2026-08-06
Q8IWT6,LRC8A_HUMAN,Q8IWT6,unclassified,active,true,,e22d7643ea01abd0dce415e74faf002186e13ae33190976f1ae61cece045fb76,2026-08-06
Q6P9F7,LRC8B_HUMAN,Q6P9F7,unclassified,active,true,,e22d7643ea01abd0dce415e74faf002186e13ae33190976f1ae61cece045fb76,2026-08-06
Q8TDW0,LRC8C_HUMAN,Q8TDW0,unclassified,active,true,,e22d7643ea01abd0dce415e74faf002186e13ae33190976f1ae61cece045fb76,2026-08-06
Q7L1W4,LRC8D_HUMAN,Q7L1W4,non_surface,active,true,,e22d7643ea01abd0dce415e74faf002186e13ae33190976f1ae61cece045fb76,2026-08-06
Q6NSJ5,LRC8E_HUMAN,Q6NSJ5,unclassified,active,true,,e22d7643ea01abd0dce415e74faf002186e13ae33190976f1ae61cece045fb76,2026-08-06
Q9Y2L9,LRCH1_HUMAN,Q9Y2L9,non_surface,active,true,,e22d7643ea01abd0dce415e74faf002186e13ae33190976f1ae61cece045fb76,2026-08-06
Q96II8,LRCH3_HUMAN,Q96II8,unclassified,active,true,,e22d7643ea01abd0dce415e74faf002186e13ae33190976f1ae61cece045fb76,2026-08-06
O75427,LRCH4_HUMAN,O75427,non_surface,active,true,,e22d7643ea01abd0dce415e74faf002186e13ae33190976f1ae61cece045fb76,2026-08-06
A6NCL2,LRCL1_HUMAN,A6NCL2,unclassified,active,true,,e22d7643ea01abd0dce415e74faf002186e13ae33190976f1ae61cece045fb76,2026-08-06
Q9P244,LRFN1_HUMAN,Q9P244,surface,active,true,,e22d7643ea01abd0dce415e74faf002186e13ae33190976f1ae61cece045fb76,2026-08-06
Q9ULH4,LRFN2_HUMAN,Q9ULH4,surface,active,true,,e22d7643ea01abd0dce415e74faf002186e13ae33190976f1ae61cece045fb76,2026-08-06
Q9BTN0,LRFN3_HUMAN,Q9BTN0,surface,active,true,,e22d7643ea01abd0dce415e74faf002186e13ae33190976f1ae61cece045fb76,2026-08-06
Q6PJG9,LRFN4_HUMAN,Q6PJG9,surface,active,true,,e22d7643ea01abd0dce415e74faf002186e13ae33190976f1ae61cece045fb76,2026-08-06
Q96NI6,LRFN5_HUMAN,Q96NI6,surface,active,true,,e22d7643ea01abd0dce415e74faf002186e13ae33190976f1ae61cece045fb76,2026-08-06
Q96JA1,LRIG1_HUMAN,Q96JA1,surface,active,true,,e22d7643ea01abd0dce415e74faf002186e13ae33190976f1ae61cece045fb76,2026-08-06
O94898,LRIG2_HUMAN,O94898,surface,active,true,,e22d7643ea01abd0dce415e74faf002186e13ae33190976f1ae61cece045fb76,2026-08-06
Q6UXM1,LRIG3_HUMAN,Q6UXM1,surface,active,true,,e22d7643ea01abd0dce415e74faf002186e13ae33190976f1ae61cece045fb76,2026-08-06
Q9P2V4,LRIT1_HUMAN,Q9P2V4,surface,active,true,,e22d7643ea01abd0dce415e74faf002186e13ae33190976f1ae61cece045fb76,2026-08-06
A6NDA9,LRIT2_HUMAN,A6NDA9,surface,active,true,,e22d7643ea01abd0dce415e74faf002186e13ae33190976f1ae61cece045fb76,2026-08-06
Q3SXY7,LRIT3_HUMAN,Q3SXY7,surface,active,true,,e22d7643ea01abd0dce415e74faf002186e13ae33190976f1ae61cece045fb76,2026-08-06
Q12912,LRMP_HUMAN,Q12912,non_surface,active,true,,e22d7643ea01abd0dce415e74faf002186e13ae33190976f1ae61cece045fb76,2026-08-06
Q8ND94,LRN4L_HUMAN,Q8ND94,surface,active,true,,e22d7643ea01abd0dce415e74faf002186e13ae33190976f1ae61cece045fb76,2026-08-06
Q7Z4F1,LRP10_HUMAN,Q7Z4F1,surface,active,true,,e22d7643ea01abd0dce415e74faf002186e13ae33190976f1ae61cece045fb76,2026-08-06
Q86VZ4,LRP11_HUMAN,Q86VZ4,surface,active,true,,e22d7643ea01abd0dce415e74faf002186e13ae33190976f1ae61cece045fb76,2026-08-06
Q9Y561,LRP12_HUMAN,Q9Y561,surface,active,true,,e22d7643ea01abd0dce415e74faf002186e13ae33190976f1ae61cece045fb76,2026-08-06
Q9NZR2,LRP1B_HUMAN,Q9NZR2,surface,active,true,,e22d7643ea01abd0dce415e74faf002186e13ae33190976f1ae61cece045fb76,2026-08-06
Q07954,LRP1_HUMAN,Q07954,surface,active,true,,e22d7643ea01abd0dce415e74faf002186e13ae33190976f1ae61cece045fb76,2026-08-06
P98164,LRP2_HUMAN,P98164,surface,active,true,,e22d7643ea01abd0dce415e74faf002186e13ae33190976f1ae61cece045fb76,2026-08-06
O75074,LRP3_HUMAN,O75074,surface,active,true,,e22d7643ea01abd0dce415e74faf002186e13ae33190976f1ae61cece045fb76,2026-08-06
O75096,LRP4_HUMAN,O75096,surface,active,true,,e22d7643ea01abd0dce415e74faf002186e13ae33190976f1ae61cece045fb76,2026-08-06
O75197,LRP5_HUMAN,O75197,surface,active,true,,e22d7643ea01abd0dce415e74faf002186e13ae33190976f1ae61cece045fb76,2026-08-06
O75581,LRP6_HUMAN,O75581,surface,active,true,,e22d7643ea01abd0dce415e74faf002186e13ae33190976f1ae61cece045fb76,2026-08-06
Q14114,LRP8_HUMAN,Q14114,surface,active,true,,e22d7643ea01abd0dce415e74faf002186e13ae33190976f1ae61cece045fb76,2026-08-06
A6NJW4,LRR3C_HUMAN,A6NJW4,non_surface,active,true,,e22d7643ea01abd0dce415e74faf002186e13ae33190976f1ae61cece045fb76,2026-08-06
Q7Z2Q7,LRR70_HUMAN,Q7Z2Q7,non_surface,active,true,,e22d7643ea01abd0dce415e74faf002186e13ae33190976f1ae61cece045fb76,2026-08-06
Q9BY71,LRRC3_HUMAN,Q9BY71,unclassified,active,true,,e22d7643ea01abd0dce415e74faf002186e13ae33190976f1ae61cece045fb76,2026-08-06
Q9HBW1,LRRC4_HUMAN,Q9HBW1,surface,active,true,,e22d7643ea01abd0dce415e74faf002186e13ae33190976f1ae61cece045fb76,2026-08-06
Q6UXK5,LRRN1_HUMAN,Q6UXK5,surface,active,true,,e22d7643ea01abd0dce415e74faf002186e13ae33190976f1ae61cece045fb76,2026-08-06
O75325,LRRN2_HUMAN,O75325,surface,active,true,,e22d7643ea01abd0dce415e74faf002186e13ae33190976f1ae61cece045fb76,2026-08-06
Q9H3W5,LRRN3_HUMAN,Q9H3W5,surface,active,true,,e22d7643ea01abd0dce415e74faf002186e13ae33190976f1ae61cece045fb76,2026-08-06
Q8WUT4,LRRN4_HUMAN,Q8WUT4,surface,active,true,,e22d7643ea01abd0dce415e74faf002186e13ae33190976f1ae61cece045fb76,2026-08-06
Q86UE6,LRRT1_HUMAN,Q86UE6,non_surface,active,true,,e22d7643ea01abd0dce415e74faf002186e13ae33190976f1ae61cece045fb76,2026-08-06
O43300,LRRT2_HUMAN,O43300,surface,active,true,,e22d7643ea01abd0dce415e74faf002186e13ae33190976f1ae61cece045fb76,2026-08-06
Q86VH5,LRRT3_HUMAN,Q86VH5,surface,active,true,,e22d7643ea01abd0dce415e74faf002186e13ae33190976f1ae61cece045fb76,2026-08-06
Q86VH4,LRRT4_HUMAN,Q86VH4,surface,active,true,,e22d7643ea01abd0dce415e74faf002186e13ae33190976f1ae61cece045fb76,2026-08-06
Q9HBL6,LRTM1_HUMAN,Q9HBL6,surface,active,true,,e22d7643ea01abd0dce415e74faf002186e13ae33190976f1ae61cece045fb76,2026-08-06
Q8N967,LRTM2_HUMAN,Q8N967,surface,active,true,,e22d7643ea01abd0dce415e74faf002186e13ae33190976f1ae61cece045fb76,2026-08-06
Q13449,LSAMP_HUMAN,Q13449,surface,active,true,,e22d7643ea01abd0dce415e74faf002186e13ae33190976f1ae61cece045fb76,2026-08-06
P01229,LSHB_HUMAN,P01229,unclassified,active,true,,e22d7643ea01abd0dce415e74faf002186e13ae33190976f1ae61cece045fb76,2026-08-06
P22888,LSHR_HUMAN,P22888,surface,active,true,,e22d7643ea01abd0dce415e74faf002186e13ae33190976f1ae61cece045fb76,2026-08-06
Q8N8F7,LSME1_HUMAN,Q8N8F7,surface,active,true,,e22d7643ea01abd0dce415e74faf002186e13ae33190976f1ae61cece045fb76,2026-08-06
Q8N112,LSME2_HUMAN,Q8N112,non_surface,active,true,,e22d7643ea01abd0dce415e74faf002186e13ae33190976f1ae61cece045fb76,2026-08-06
Q86X29,LSR_HUMAN,Q86X29,unclassified,active,true,,e22d7643ea01abd0dce415e74faf002186e13ae33190976f1ae61cece045fb76,2026-08-06
O00453,LST1_HUMAN,O00453,non_surface,active,true,,e22d7643ea01abd0dce415e74faf002186e13ae33190976f1ae61cece045fb76,2026-08-06
Q15722,LT4R1_HUMAN,Q15722,surface,active,true,,e22d7643ea01abd0dce415e74faf002186e13ae33190976f1ae61cece045fb76,2026-08-06
Q9NPC1,LT4R2_HUMAN,Q9NPC1,surface,active,true,,e22d7643ea01abd0dce415e74faf002186e13ae33190976f1ae61cece045fb76,2026-08-06
Q14766,LTBP1_HUMAN,Q14766,unclassified,active,true,,e22d7643ea01abd0dce415e74faf002186e13ae33190976f1ae61cece045fb76,2026-08-06
Q14767,LTBP2_HUMAN,Q14767,unclassified,active,true,,e22d7643ea01abd0dce415e74faf002186e13ae33190976f1ae61cece045fb76,2026-08-06
Q9NS15,LTBP3_HUMAN,Q9NS15,unclassified,active,true,,e22d7643ea01abd0dce415e74faf002186e13ae33190976f1ae61cece045fb76,2026-08-06
Q8N2S1,LTBP4_HUMAN,Q8N2S1,unclassified,active,true,,e22d7643ea01abd0dce415e74faf002186e13ae33190976f1ae61cece045fb76,2026-08-06
Q16873,LTC4S_HUMAN,Q16873,non_surface,active,true,,e22d7643ea01abd0dce415e74faf002186e13ae33190976f1ae61cece045fb76,2026-08-06
P29376,LTK_HUMAN,P29376,surface,active,true,,e22d7643ea01abd0dce415e74faf002186e13ae33190976f1ae61cece045fb76,2026-08-06
Q6P1Q0,LTMD1_HUMAN,Q6P1Q0,non_surface,active,true,,e22d7643ea01abd0dce415e74faf002186e13ae33190976f1ae61cece045fb76,2026-08-06
P51884,LUM_HUMAN,P51884,unclassified,active,true,,e22d7643ea01abd0dce415e74faf002186e13ae33190976f1ae61cece045fb76,2026-08-06
Q86TE4,LUZP2_HUMAN,Q86TE4,unclassified,active,true,,e22d7643ea01abd0dce415e74faf002186e13ae33190976f1ae61cece045fb76,2026-08-06
P04211,LV001_HUMAN,P04211,unclassified,active,true,,e22d7643ea01abd0dce415e74faf002186e13ae33190976f1ae61cece045fb76,2026-08-06
P01701,LV107_HUMAN,P06316,unclassified,merged,true,,e22d7643ea01abd0dce415e74faf002186e13ae33190976f1ae61cece045fb76,2026-08-06
P01721,LV605_HUMAN,P06319,unclassified,merged,true,,e22d7643ea01abd0dce415e74faf002186e13ae33190976f1ae61cece045fb76,2026-08-06
Q8NDX9,LY65B_HUMAN,Q8NDX9,unclassified,active,true,,e22d7643ea01abd0dce415e74faf002186e13ae33190976f1ae61cece045fb76,2026-08-06
Q5SRR4,LY65C_HUMAN,Q5SRR4,unclassified,active,true,,e22d7643ea01abd0dce415e74faf002186e13ae33190976f1ae61cece045fb76,2026-08-06
O95867,LY66C_HUMAN,O95867,surface,active,true,,e22d7643ea01abd0dce415e74faf002186e13ae33190976f1ae61cece045fb76,2026-08-06
O95868,LY66D_HUMAN,O95868,surface,active,true,,e22d7643ea01abd0dce415e74faf002186e13ae33190976f1ae61cece045fb76,2026-08-06
Q5SQ64,LY66F_HUMAN,Q5SQ64,surface,active,true,,e22d7643ea01abd0dce415e74faf002186e13ae33190976f1ae61cece045fb76,2026-08-06
Q14210,LY6D_HUMAN,Q14210,surface,active,true,,e22d7643ea01abd0dce415e74faf002186e13ae33190976f1ae61cece045fb76,2026-08-06
Q16553,LY6E_HUMAN,Q16553,surface,active,true,,e22d7643ea01abd0dce415e74faf002186e13ae33190976f1ae61cece045fb76,2026-08-06
O94772,LY6H_HUMAN,O94772,surface,active,true,,e22d7643ea01abd0dce415e74faf002186e13ae33190976f1ae61cece045fb76,2026-08-06
Q17RY6,LY6K_HUMAN,Q17RY6,surface,active,true,,e22d7643ea01abd0dce415e74faf002186e13ae33190976f1ae61cece045fb76,2026-08-06
O60449,LY75_HUMAN,O60449,surface,active,true,,e22d7643ea01abd0dce415e74faf002186e13ae33190976f1ae61cece045fb76,2026-08-06
O95711,LY86_HUMAN,O95711,unclassified,active,true,,e22d7643ea01abd0dce415e74faf002186e13ae33190976f1ae61cece045fb76,2026-08-06
Q9Y6Y9,LY96_HUMAN,Q9Y6Y9,unclassified,active,true,,e22d7643ea01abd0dce415e74faf002186e13ae33190976f1ae61cece045fb76,2026-08-06
Q9HBG7,LY9_HUMAN,Q9HBG7,surface,active,true,,e22d7643ea01abd0dce415e74faf002186e13ae33190976f1ae61cece045fb76,2026-08-06
P10253,LYAG_HUMAN,P10253,unclassified,active,true,,e22d7643ea01abd0dce415e74faf002186e13ae33190976f1ae61cece045fb76,2026-08-06
P14151,LYAM1_HUMAN,P14151,surface,active,true,,e22d7643ea01abd0dce415e74faf002186e13ae33190976f1ae61cece045fb76,2026-08-06
P16581,LYAM2_HUMAN,P16581,surface,active,true,,e22d7643ea01abd0dce415e74faf002186e13ae33190976f1ae61cece045fb76,2026-08-06
P16109,LYAM3_HUMAN,P16109,surface,active,true,,e22d7643ea01abd0dce415e74faf002186e13ae33190976f1ae61cece045fb76,2026-08-06
Q8N1E2,LYG1_HUMAN,Q8N1E2,unclassified,active,true,,e22d7643ea01abd0dce415e74faf002186e13ae33190976f1ae61cece045fb76,2026-08-06
Q86SG7,LYG2_HUMAN,Q86SG7,unclassified,active,true,,e22d7643ea01abd0dce415e74faf002186e13ae33190976f1ae61cece045fb76,2026-08-06
Q9BZG9,LYNX1_HUMAN,Q9BZG9,surface,inactive,false,uniprot_inactive,e22d7643ea01abd0dce415e74faf002186e13ae33190976f1ae61cece045fb76,2026-08-06
P28300,LYOX_HUMAN,P28300,unclassified,active,true,,e22d7643ea01abd0dce415e74faf002186e13ae33190976f1ae61cece045fb76,2026-08-06
Q8N2G4,LYPD1_HUMAN,Q8N2G4,surface,active,true,,e22d7643ea01abd0dce415e74faf002186e13ae33190976f1ae61cece045fb76,2026-08-06
Q6UXB3,LYPD2_HUMAN,Q6UXB3,surface,active,true,,e22d7643ea01abd0dce415e74faf002186e13ae33190976f1ae61cece045fb76,2026-08-06
O95274,LYPD3_HUMAN,O95274,surface,active,true,,e22d7643ea01abd0dce415e74faf002186e13ae33190976f1ae61cece045fb76,2026-08-06
Q6UWN0,LYPD4_HUMAN,Q6UWN0,surface,active,true,,e22d7643ea01abd0dce415e74faf002186e13ae33190976f1ae61cece045fb76,2026-08-06
Q6UWN5,LYPD5_HUMAN,Q6UWN5,surface,active,true,,e22d7643ea01abd0dce415e74faf002186e13ae33190976f1ae61cece045fb76,2026-08-06
Q86Y78,LYPD6_HUMAN,Q86Y78,unclassified,active,true,,e22d7643ea01abd0dce415e74faf002186e13ae33190976f1ae61cece045fb76,2026-08-06
Q6UX82,LYPD8_HUMAN,Q6UX82,surface,active,true,,e22d7643ea01abd0dce415e74faf002186e13ae33190976f1ae61cece045fb76,2026-08-06
Q86UE4,LYRIC_HUMAN,Q86UE4,non_surface,active,true,,e22d7643ea01abd0dce415e74faf002186e13ae33190976f1ae61cece045fb76,2026-08-06
P61626,LYSC_HUMAN,P61626,unclassified,active,true,,e22d7643ea01abd0dce415e74faf002186e13ae33190976f1ae61cece045fb76,2026-08-06
Q7Z3D4,LYSM3_HUMAN,Q7Z3D4,surface,active,true,,e22d7643ea01abd0dce415e74faf002186e13ae33190976f1ae61cece045fb76,2026-08-06
Q5XG99,LYSM4_HUMAN,Q5XG99,non_surface,active,true,,e22d7643ea01abd0dce415e74faf002186e13ae33190976f1ae61cece045fb76,2026-08-06
Q9Y5Y7,LYVE1_HUMAN,Q9Y5Y7,surface,active,true,,e22d7643ea01abd0dce415e74faf002186e13ae33190976f1ae61cece045fb76,2026-08-06
Q6UWQ5,LYZL1_HUMAN,Q6UWQ5,unclassified,active,true,,e22d7643ea01abd0dce415e74faf002186e13ae33190976f1ae61cece045fb76,2026-08-06
Q7Z4W2,LYZL2_HUMAN,Q7Z4W2,unclassified,active,true,,e22d7643ea01abd0dce415e74faf002186e13ae33190976f1ae61cece045fb76,2026-08-06
Q96KX0,LYZL4_HUMAN,Q96KX0,unclassified,active,true,,e22d7643ea01abd0dce415e74faf002186e13ae33190976f1ae61cece045fb76,2026-08-06
Q96QH8,LYZL5_HUMAN,Q96QH8,unclassified,active,true,,e22d7643ea01abd0dce415e74faf002186e13ae33190976f1ae61cece045fb76,2026-08-06
O75951,LYZL6_HUMAN,O75951,unclassified,active,true,,e22d7643ea01abd0dce415e74faf002186e13ae33190976f1ae61cece045fb76,2026-08-06
Q567V2,M17L2_HUMAN,Q567V2,non_surface,active,true,,e22d7643ea01abd0dce415e74faf002186e13ae33190976f1ae61cece045fb76,2026-08-06
Q9Y6R4,M3K4_HUMAN,Q9Y6R4,unclassified,active,true,,e22d7643ea01abd0dce415e74faf002186e13ae33190976f1ae61cece045fb76,2026-08-06
P80192,M3K9_HUMAN,P80192,unclassified,active,true,,e22d7643ea01abd0dce415e74faf002186e13ae33190976f1ae61cece045fb76,2026-08-06
Q96PG2,M4A10_HUMAN,Q96PG2,non_surface,active,true,,e22d7643ea01abd0dce415e74faf002186e13ae33190976f1ae61cece045fb76,2026-08-06
Q9NXJ0,M4A12_HUMAN,Q9NXJ0,unclassified,active,true,,e22d7643ea01abd0dce415e74faf002186e13ae33190976f1ae61cece045fb76,2026-08-06
Q5J8X5,M4A13_HUMAN,Q5J8X5,non_surface,active,true,,e22d7643ea01abd0dce415e74faf002186e13ae33190976f1ae61cece045fb76,2026-08-06
Q96JA4,M4A14_HUMAN,Q96JA4,non_surface,active,true,,e22d7643ea01abd0dce415e74faf002186e13ae33190976f1ae61cece045fb76,2026-08-06
Q8N5U1,M4A15_HUMAN,Q8N5U1,surface,active,true,,e22d7643ea01abd0dce415e74faf002186e13ae33190976f1ae61cece045fb76,2026-08-06
Q3C1V0,M4A18_HUMAN,Q3C1V0,non_surface,active,true,,e22d7643ea01abd0dce415e74faf002186e13ae33190976f1ae61cece045fb76,2026-08-06
Q96JQ5,M4A4A_HUMAN,Q96JQ5,unclassified,active,true,,e22d7643ea01abd0dce415e74faf002186e13ae33190976f1ae61cece045fb76,2026-08-06
Q96PG1,M4A4E_HUMAN,Q96PG1,non_surface,active,true,,e22d7643ea01abd0dce415e74faf002186e13ae33190976f1ae61cece045fb76,2026-08-06
Q9H2W1,M4A6A_HUMAN,Q9H2W1,surface,active,true,,e22d7643ea01abd0dce415e74faf002186e13ae33190976f1ae61cece045fb76,2026-08-06
Q96DS6,M4A6E_HUMAN,Q96DS6,non_surface,active,true,,e22d7643ea01abd0dce415e74faf002186e13ae33190976f1ae61cece045fb76,2026-08-06
Q9BY19,M4A8_HUMAN,Q9BY19,non_surface,active,true,,e22d7643ea01abd0dce415e74faf002186e13ae33190976f1ae61cece045fb76,2026-08-06
Q12851,M4K2_HUMAN,Q12851,non_surface,active,true,,e22d7643ea01abd0dce415e74faf002186e13ae33190976f1ae61cece045fb76,2026-08-06
P33908,MA1A1_HUMAN,P33908,non_surface,active,true,,e22d7643ea01abd0dce415e74faf002186e13ae33190976f1ae61cece045fb76,2026-08-06
O60476,MA1A2_HUMAN,O60476,non_surface,active,true,,e22d7643ea01abd0dce415e74faf002186e13ae33190976f1ae61cece045fb76,2026-08-06
Q9UKM7,MA1B1_HUMAN,Q9UKM7,non_surface,active,true,,e22d7643ea01abd0dce415e74faf002186e13ae33190976f1ae61cece045fb76,2026-08-06
Q9NR34,MA1C1_HUMAN,Q9NR34,non_surface,active,true,,e22d7643ea01abd0dce415e74faf002186e13ae33190976f1ae61cece045fb76,2026-08-06
Q16706,MA2A1_HUMAN,Q16706,non_surface,active,true,,e22d7643ea01abd0dce415e74faf002186e13ae33190976f1ae61cece045fb76,2026-08-06
P49641,MA2A2_HUMAN,P49641,non_surface,active,true,,e22d7643ea01abd0dce415e74faf002186e13ae33190976f1ae61cece045fb76,2026-08-06
O00754,MA2B1_HUMAN,O00754,unclassified,active,true,,e22d7643ea01abd0dce415e74faf002186e13ae33190976f1ae61cece045fb76,2026-08-06
Q9Y2E5,MA2B2_HUMAN,Q9Y2E5,unclassified,active,true,,e22d7643ea01abd0dce415e74faf002186e13ae33190976f1ae61cece045fb76,2026-08-06
Q8N5G2,MACOI_HUMAN,Q8N5G2,non_surface,active,true,,e22d7643ea01abd0dce415e74faf002186e13ae33190976f1ae61cece045fb76,2026-08-06
Q13477,MADCA_HUMAN,Q13477,unclassified,active,true,,e22d7643ea01abd0dce415e74faf002186e13ae33190976f1ae61cece045fb76,2026-08-06
Q8WXG6,MADD_HUMAN,Q8WXG6,non_surface,active,true,,e22d7643ea01abd0dce415e74faf002186e13ae33190976f1ae61cece045fb76,2026-08-06
A6NDP7,MADL2_HUMAN,A6NDP7,surface,active,true,,e22d7643ea01abd0dce415e74faf002186e13ae33190976f1ae61cece045fb76,2026-08-06
Q8WZ33,MAFIP_HUMAN,Q8WZ33,unclassified,active,true,,e22d7643ea01abd0dce415e74faf002186e13ae33190976f1ae61cece045fb76,2026-08-06
Q9Y5V3,MAGD1_HUMAN,Q9Y5V3,unclassified,active,true,,e22d7643ea01abd0dce415e74faf002186e13ae33190976f1ae61cece045fb76,2026-08-06
Q9H213,MAGH1_HUMAN,Q9H213,non_surface,active,true,,e22d7643ea01abd0dce415e74faf002186e13ae33190976f1ae61cece045fb76,2026-08-06
Q9UJ55,MAGL2_HUMAN,Q9UJ55,unclassified,active,true,,e22d7643ea01abd0dce415e74faf002186e13ae33190976f1ae61cece045fb76,2026-08-06
Q9H0U3,MAGT1_HUMAN,Q9H0U3,unclassified,active,true,,e22d7643ea01abd0dce415e74faf002186e13ae33190976f1ae61cece045fb76,2026-08-06
P20916,MAG_HUMAN,P20916,surface,active,true,,e22d7643ea01abd0dce415e74faf002186e13ae33190976f1ae61cece045fb76,2026-08-06
Q969L2,MAL2_HUMAN,Q969L2,unclassified,active,true,,e22d7643ea01abd0dce415e74faf002186e13ae33190976f1ae61cece045fb76,2026-08-06
Q9BSK0,MALD1_HUMAN,Q9BSK0,non_surface,active,true,,e22d7643ea01abd0dce415e74faf002186e13ae33190976f1ae61cece045fb76,2026-08-06
Q8N4S9,MALD2_HUMAN,Q8N4S9,non_surface,active,true,,e22d7643ea01abd0dce415e74faf002186e13ae33190976f1ae61cece045fb76,2026-08-06
Q96A59,MALD3_HUMAN,Q96A59,non_surface,active,true,,e22d7643ea01abd0dce415e74faf002186e13ae33190976f1ae61cece045fb76,2026-08-06
Q13021,MALL_HUMAN,Q13021,non_surface,active,true,,e22d7643ea01abd0dce415e74faf002186e13ae33190976f1ae61cece045fb76,2026-08-06
Q5VYJ5,MALR1_HUMAN,Q5VYJ5,surface,active,true,,e22d7643ea01abd0dce415e74faf002186e13ae33190976f1ae61cece045fb76,2026-08-06
P21145,MAL_HUMAN,P21145,non_surface,active,true,,e22d7643ea01abd0dce415e74faf002186e13ae33190976f1ae61cece045fb76,2026-08-06
Q7Z304,MAMC2_HUMAN,Q7Z304,unclassified,active,true,,e22d7643ea01abd0dce415e74faf002186e13ae33190976f1ae61cece045fb76,2026-08-06
Q9Y2U8,MAN1_HUMAN,Q9Y2U8,non_surface,active,true,,e22d7643ea01abd0dce415e74faf002186e13ae33190976f1ae61cece045fb76,2026-08-06
O00462,MANBA_HUMAN,O00462,unclassified,active,true,,e22d7643ea01abd0dce415e74faf002186e13ae33190976f1ae61cece045fb76,2026-08-06
Q9NQG1,MANBL_HUMAN,Q9NQG1,non_surface,active,true,,e22d7643ea01abd0dce415e74faf002186e13ae33190976f1ae61cece045fb76,2026-08-06
Q5SRI9,MANEA_HUMAN,Q5SRI9,non_surface,active,true,,e22d7643ea01abd0dce415e74faf002186e13ae33190976f1ae61cece045fb76,2026-08-06
Q5VSG8,MANEL_HUMAN,Q5VSG8,non_surface,active,true,,e22d7643ea01abd0dce415e74faf002186e13ae33190976f1ae61cece045fb76,2026-08-06
P55145,MANF_HUMAN,P55145,unclassified,active,true,,e22d7643ea01abd0dce415e74faf002186e13ae33190976f1ae61cece045fb76,2026-08-06
Q9H8J5,MANS1_HUMAN,Q9H8J5,surface,active,true,,e22d7643ea01abd0dce415e74faf002186e13ae33190976f1ae61cece045fb76,2026-08-06
A6NHS7,MANS4_HUMAN,A6NHS7,surface,active,true,,e22d7643ea01abd0dce415e74faf002186e13ae33190976f1ae61cece045fb76,2026-08-06
Q8IW41,MAPK5_HUMAN,Q8IW41,non_surface,active,true,,e22d7643ea01abd0dce415e74faf002186e13ae33190976f1ae61cece045fb76,2026-08-06
Q16655,MAR1_HUMAN,Q16655,non_surface,active,true,,e22d7643ea01abd0dce415e74faf002186e13ae33190976f1ae61cece045fb76,2026-08-06
Q5VT66,MARC1_HUMAN,Q5VT66,non_surface,active,true,,e22d7643ea01abd0dce415e74faf002186e13ae33190976f1ae61cece045fb76,2026-08-06
Q969Z3,MARC2_HUMAN,Q969Z3,non_surface,active,true,,e22d7643ea01abd0dce415e74faf002186e13ae33190976f1ae61cece045fb76,2026-08-06
Q9UEW3,MARCO_HUMAN,Q9UEW3,unclassified,active,true,,e22d7643ea01abd0dce415e74faf002186e13ae33190976f1ae61cece045fb76,2026-08-06
Q8TCQ1,MARH1_HUMAN,Q8TCQ1,non_surface,active,true,,e22d7643ea01abd0dce415e74faf002186e13ae33190976f1ae61cece045fb76,2026-08-06
Q9P0N8,MARH2_HUMAN,Q9P0N8,non_surface,active,true,,e22d7643ea01abd0dce415e74faf002186e13ae33190976f1ae61cece045fb76,2026-08-06
Q86UD3,MARH3_HUMAN,Q86UD3,non_surface,active,true,,e22d7643ea01abd0dce415e74faf002186e13ae33190976f1ae61cece045fb76,2026-08-06
Q9P2E8,MARH4_HUMAN,Q9P2E8,non_surface,active,true,,e22d7643ea01abd0dce415e74faf002186e13ae33190976f1ae61cece045fb76,2026-08-06
Q9NX47,MARH5_HUMAN,Q9NX47,non_surface,active,true,,e22d7643ea01abd0dce415e74faf002186e13ae33190976f1ae61cece045fb76,2026-08-06
O60337,MARH6_HUMAN,O60337,unclassified,active,true,,e22d7643ea01abd0dce415e74faf002186e13ae33190976f1ae61cece045fb76,2026-08-06
Q5T0T0,MARH8_HUMAN,Q5T0T0,non_surface,active,true,,e22d7643ea01abd0dce415e74faf002186e13ae33190976f1ae61cece045fb76,2026-08-06
Q86YJ5,MARH9_HUMAN,Q86YJ5,non_surface,active,true,,e22d7643ea01abd0dce415e74faf002186e13ae33190976f1ae61cece045fb76,2026-08-06
A6NNE9,MARHB_HUMAN,A6NNE9,non_surface,active,true,,e22d7643ea01abd0dce415e74faf002186e13ae33190976f1ae61cece045fb76,2026-08-06
P35410,MAS1L_HUMAN,P35410,surface,active,true,,e22d7643ea01abd0dce415e74faf002186e13ae33190976f1ae61cece045fb76,2026-08-06
P48740,MASP1_HUMAN,P48740,unclassified,active,true,,e22d7643ea01abd0dce415e74faf002186e13ae33190976f1ae61cece045fb76,2026-08-06
O00187,MASP2_HUMAN,O00187,unclassified,active,true,,e22d7643ea01abd0dce415e74faf002186e13ae33190976f1ae61cece045fb76,2026-08-06
Q6P0Q8,MAST2_HUMAN,Q6P0Q8,non_surface,active,true,,e22d7643ea01abd0dce415e74faf002186e13ae33190976f1ae61cece045fb76,2026-08-06
P04201,MAS_HUMAN,P04201,surface,active,true,,e22d7643ea01abd0dce415e74faf002186e13ae33190976f1ae61cece045fb76,2026-08-06
P21941,MATN1_HUMAN,P21941,unclassified,active,true,,e22d7643ea01abd0dce415e74faf002186e13ae33190976f1ae61cece045fb76,2026-08-06
O00339,MATN2_HUMAN,O00339,unclassified,active,true,,e22d7643ea01abd0dce415e74faf002186e13ae33190976f1ae61cece045fb76,2026-08-06
O15232,MATN3_HUMAN,O15232,unclassified,active,true,,e22d7643ea01abd0dce415e74faf002186e13ae33190976f1ae61cece045fb76,2026-08-06
O95460,MATN4_HUMAN,O95460,unclassified,active,true,,e22d7643ea01abd0dce415e74faf002186e13ae33190976f1ae61cece045fb76,2026-08-06
P43243,MATR3_HUMAN,P43243,unclassified,active,true,,e22d7643ea01abd0dce415e74faf002186e13ae33190976f1ae61cece045fb76,2026-08-06
Q7Z434,MAVS_HUMAN,Q7Z434,non_surface,active,true,,e22d7643ea01abd0dce415e74faf002186e13ae33190976f1ae61cece045fb76,2026-08-06
P56270,MAZ_HUMAN,P56270,unclassified,active,true,,e22d7643ea01abd0dce415e74faf002186e13ae33190976f1ae61cece045fb76,2026-08-06
P11226,MBL2_HUMAN,P11226,unclassified,active,true,,e22d7643ea01abd0dce415e74faf002186e13ae33190976f1ae61cece045fb76,2026-08-06
Q6ZNC8,MBOA1_HUMAN,Q6ZNC8,non_surface,active,true,,e22d7643ea01abd0dce415e74faf002186e13ae33190976f1ae61cece045fb76,2026-08-06
Q6ZWT7,MBOA2_HUMAN,Q6ZWT7,non_surface,active,true,,e22d7643ea01abd0dce415e74faf002186e13ae33190976f1ae61cece045fb76,2026-08-06
Q96T53,MBOA4_HUMAN,Q96T53,non_surface,active,true,,e22d7643ea01abd0dce415e74faf002186e13ae33190976f1ae61cece045fb76,2026-08-06
Q6P1A2,MBOA5_HUMAN,Q6P1A2,non_surface,active,true,,e22d7643ea01abd0dce415e74faf002186e13ae33190976f1ae61cece045fb76,2026-08-06
Q96N66,MBOA7_HUMAN,Q96N66,non_surface,active,true,,e22d7643ea01abd0dce415e74faf002186e13ae33190976f1ae61cece045fb76,2026-08-06
Q4ZIN3,MBRL_HUMAN,Q4ZIN3,non_surface,active,true,,e22d7643ea01abd0dce415e74faf002186e13ae33190976f1ae61cece045fb76,2026-08-06
Q14703,MBTP1_HUMAN,Q14703,non_surface,active,true,,e22d7643ea01abd0dce415e74faf002186e13ae33190976f1ae61cece045fb76,2026-08-06
O43462,MBTP2_HUMAN,O43462,non_surface,active,true,,e22d7643ea01abd0dce415e74faf002186e13ae33190976f1ae61cece045fb76,2026-08-06
P41968,MC3R_HUMAN,P41968,surface,active,true,,e22d7643ea01abd0dce415e74faf002186e13ae33190976f1ae61cece045fb76,2026-08-06
P32245,MC4R_HUMAN,P32245,surface,active,true,,e22d7643ea01abd0dce415e74faf002186e13ae33190976f1ae61cece045fb76,2026-08-06
P33032,MC5R_HUMAN,P33032,surface,active,true,,e22d7643ea01abd0dce415e74faf002186e13ae33190976f1ae61cece045fb76,2026-08-06
O43772,MCAT_HUMAN,O43772,non_surface,active,true,,e22d7643ea01abd0dce415e74faf002186e13ae33190976f1ae61cece045fb76,2026-08-06
Q96RQ3,MCCA_HUMAN,Q96RQ3,unclassified,active,true,,e22d7643ea01abd0dce415e74faf002186e13ae33190976f1ae61cece045fb76,2026-08-06
Q96PE7,MCEE_HUMAN,Q96PE7,unclassified,active,true,,e22d7643ea01abd0dce415e74faf002186e13ae33190976f1ae61cece045fb76,2026-08-06
Q8IX19,MCEM1_HUMAN,Q8IX19,unclassified,active,true,,e22d7643ea01abd0dce415e74faf002186e13ae33190976f1ae61cece045fb76,2026-08-06
Q8NI22,MCFD2_HUMAN,Q8NI22,unclassified,active,true,,e22d7643ea01abd0dce415e74faf002186e13ae33190976f1ae61cece045fb76,2026-08-06
Q99705,MCHR1_HUMAN,Q99705,surface,active,true,,e22d7643ea01abd0dce415e74faf002186e13ae33190976f1ae61cece045fb76,2026-08-06
Q969V1,MCHR2_HUMAN,Q969V1,surface,active,true,,e22d7643ea01abd0dce415e74faf002186e13ae33190976f1ae61cece045fb76,2026-08-06
P20382,MCH_HUMAN,P20382,unclassified,active,true,,e22d7643ea01abd0dce415e74faf002186e13ae33190976f1ae61cece045fb76,2026-08-06
Q07820,MCL1_HUMAN,Q07820,non_surface,active,true,,e22d7643ea01abd0dce415e74faf002186e13ae33190976f1ae61cece045fb76,2026-08-06
Q9GZU1,MCLN1_HUMAN,Q9GZU1,surface,active,true,,e22d7643ea01abd0dce415e74faf002186e13ae33190976f1ae61cece045fb76,2026-08-06
Q8IZK6,MCLN2_HUMAN,Q8IZK6,non_surface,active,true,,e22d7643ea01abd0dce415e74faf002186e13ae33190976f1ae61cece045fb76,2026-08-06
Q8TDD5,MCLN3_HUMAN,Q8TDD5,unclassified,active,true,,e22d7643ea01abd0dce415e74faf002186e13ae33190976f1ae61cece045fb76,2026-08-06
P15529,MCP_HUMAN,P15529,surface,active,true,,e22d7643ea01abd0dce415e74faf002186e13ae33190976f1ae61cece045fb76,2026-08-06
Q6DN14,MCTP1_HUMAN,Q6DN14,non_surface,active,true,,e22d7643ea01abd0dce415e74faf002186e13ae33190976f1ae61cece045fb76,2026-08-06
Q6DN12,MCTP2_HUMAN,Q6DN12,unclassified,active,true,,e22d7643ea01abd0dce415e74faf002186e13ae33190976f1ae61cece045fb76,2026-08-06
Q9NWR8,MCUB_HUMAN,Q9NWR8,non_surface,active,true,,e22d7643ea01abd0dce415e74faf002186e13ae33190976f1ae61cece045fb76,2026-08-06
Q96AQ8,MCUR1_HUMAN,Q96AQ8,non_surface,active,true,,e22d7643ea01abd0dce415e74faf002186e13ae33190976f1ae61cece045fb76,2026-08-06
Q8NE86,MCU_HUMAN,Q8NE86,non_surface,active,true,,e22d7643ea01abd0dce415e74faf002186e13ae33190976f1ae61cece045fb76,2026-08-06
Q8NFP4,MDGA1_HUMAN,Q8NFP4,surface,active,true,,e22d7643ea01abd0dce415e74faf002186e13ae33190976f1ae61cece045fb76,2026-08-06
Q7Z553,MDGA2_HUMAN,Q7Z553,surface,active,true,,e22d7643ea01abd0dce415e74faf002186e13ae33190976f1ae61cece045fb76,2026-08-06
P08183,MDR1_HUMAN,P08183,surface,active,true,,e22d7643ea01abd0dce415e74faf002186e13ae33190976f1ae61cece045fb76,2026-08-06
P21439,MDR3_HUMAN,P21439,surface,active,true,,e22d7643ea01abd0dce415e74faf002186e13ae33190976f1ae61cece045fb76,2026-08-06
O75448,MED24_HUMAN,O75448,non_surface,active,true,,e22d7643ea01abd0dce415e74faf002186e13ae33190976f1ae61cece045fb76,2026-08-06
Q96KG7,MEG10_HUMAN,Q96KG7,surface,active,true,,e22d7643ea01abd0dce415e74faf002186e13ae33190976f1ae61cece045fb76,2026-08-06
A6BM72,MEG11_HUMAN,A6BM72,surface,active,true,,e22d7643ea01abd0dce415e74faf002186e13ae33190976f1ae61cece045fb76,2026-08-06
O75095,MEGF6_HUMAN,O75095,unclassified,active,true,,e22d7643ea01abd0dce415e74faf002186e13ae33190976f1ae61cece045fb76,2026-08-06
Q7Z7M0,MEGF8_HUMAN,Q7Z7M0,surface,active,true,,e22d7643ea01abd0dce415e74faf002186e13ae33190976f1ae61cece045fb76,2026-08-06
Q9H1U4,MEGF9_HUMAN,Q9H1U4,surface,active,true,,e22d7643ea01abd0dce415e74faf002186e13ae33190976f1ae61cece045fb76,2026-08-06
A8MW99,MEI4L_HUMAN,A8MW99,unclassified,active,true,,e22d7643ea01abd0dce415e74faf002186e13ae33190976f1ae61cece045fb76,2026-08-06
O95772,MENTO_HUMAN,O95772,non_surface,active,true,,e22d7643ea01abd0dce415e74faf002186e13ae33190976f1ae61cece045fb76,2026-08-06
Q9BUN1,MENT_HUMAN,Q9BUN1,unclassified,active,true,,e22d7643ea01abd0dce415e74faf002186e13ae33190976f1ae61cece045fb76,2026-08-06
Q16819,MEP1A_HUMAN,Q16819,surface,active,true,,e22d7643ea01abd0dce415e74faf002186e13ae33190976f1ae61cece045fb76,2026-08-06
Q16820,MEP1B_HUMAN,Q16820,surface,active,true,,e22d7643ea01abd0dce415e74faf002186e13ae33190976f1ae61cece045fb76,2026-08-06
Q9NQ76,MEPE_HUMAN,Q9NQ76,unclassified,active,true,,e22d7643ea01abd0dce415e74faf002186e13ae33190976f1ae61cece045fb76,2026-08-06
Q9H9K5,MER34_HUMAN,Q9H9K5,surface,active,true,,e22d7643ea01abd0dce415e74faf002186e13ae33190976f1ae61cece045fb76,2026-08-06
Q12866,MERTK_HUMAN,Q12866,surface,active,true,,e22d7643ea01abd0dce415e74faf002186e13ae33190976f1ae61cece045fb76,2026-08-06
Q14696,MESD_HUMAN,Q14696,unclassified,active,true,,e22d7643ea01abd0dce415e74faf002186e13ae33190976f1ae61cece045fb76,2026-08-06
Q5EB52,MEST_HUMAN,Q5EB52,non_surface,active,true,,e22d7643ea01abd0dce415e74faf002186e13ae33190976f1ae61cece045fb76,2026-08-06
A8MUP2,MET12_HUMAN,A8MUP2,unclassified,active,true,,e22d7643ea01abd0dce415e74faf002186e13ae33190976f1ae61cece045fb76,2026-08-06
Q9H7H0,MET17_HUMAN,Q9H7H0,unclassified,active,true,,e22d7643ea01abd0dce415e74faf002186e13ae33190976f1ae61cece045fb76,2026-08-06
Q5JXM2,MET24_HUMAN,Q5JXM2,unclassified,active,true,,e22d7643ea01abd0dce415e74faf002186e13ae33190976f1ae61cece045fb76,2026-08-06
Q9H8H3,MET7A_HUMAN,Q9H8H3,unclassified,active,true,,e22d7643ea01abd0dce415e74faf002186e13ae33190976f1ae61cece045fb76,2026-08-06
Q6UX53,MET7B_HUMAN,Q6UX53,unclassified,active,true,,e22d7643ea01abd0dce415e74faf002186e13ae33190976f1ae61cece045fb76,2026-08-06
Q9H1A3,METL9_HUMAN,Q9H1A3,unclassified,active,true,,e22d7643ea01abd0dce415e74faf002186e13ae33190976f1ae61cece045fb76,2026-08-06
Q641Q3,METRL_HUMAN,Q641Q3,unclassified,active,true,,e22d7643ea01abd0dce415e74faf002186e13ae33190976f1ae61cece045fb76,2026-08-06
Q9UJH8,METRN_HUMAN,Q9UJH8,unclassified,active,true,,e22d7643ea01abd0dce415e74faf002186e13ae33190976f1ae61cece045fb76,2026-08-06
P08581,MET_HUMAN,P08581,surface,active,true,,e22d7643ea01abd0dce415e74faf002186e13ae33190976f1ae61cece045fb76,2026-08-06
Q5U5Q3,MEX3C_HUMAN,Q5U5Q3,unclassified,active,true,,e22d7643ea01abd0dce415e74faf002186e13ae33190976f1ae61cece045fb76,2026-08-06
Q86YR7,MF2L2_HUMAN,Q86YR7,non_surface,active,true,,e22d7643ea01abd0dce415e74faf002186e13ae33190976f1ae61cece045fb76,2026-08-06
O75121,MFA3L_HUMAN,O75121,surface,active,true,,e22d7643ea01abd0dce415e74faf002186e13ae33190976f1ae61cece045fb76,2026-08-06
P55001,MFAP2_HUMAN,P55001,unclassified,active,true,,e22d7643ea01abd0dce415e74faf002186e13ae33190976f1ae61cece045fb76,2026-08-06
P55082,MFAP3_HUMAN,P55082,surface,active,true,,e22d7643ea01abd0dce415e74faf002186e13ae33190976f1ae61cece045fb76,2026-08-06
P55083,MFAP4_HUMAN,P55083,unclassified,active,true,,e22d7643ea01abd0dce415e74faf002186e13ae33190976f1ae61cece045fb76,2026-08-06
Q13361,MFAP5_HUMAN,Q13361,unclassified,active,true,,e22d7643ea01abd0dce415e74faf002186e13ae33190976f1ae61cece045fb76,2026-08-06
Q9GZY8,MFF_HUMAN,Q9GZY8,non_surface,active,true,,e22d7643ea01abd0dce415e74faf002186e13ae33190976f1ae61cece045fb76,2026-08-06
Q08431,MFGM_HUMAN,Q08431,unclassified,active,true,,e22d7643ea01abd0dce415e74faf002186e13ae33190976f1ae61cece045fb76,2026-08-06
Q9Y4C4,MFHA1_HUMAN,Q9Y4C4,unclassified,active,true,,e22d7643ea01abd0dce415e74faf002186e13ae33190976f1ae61cece045fb76,2026-08-06
Q8IWA4,MFN1_HUMAN,Q8IWA4,non_surface,active,true,,e22d7643ea01abd0dce415e74faf002186e13ae33190976f1ae61cece045fb76,2026-08-06
O95140,MFN2_HUMAN,O95140,non_surface,active,true,,e22d7643ea01abd0dce415e74faf002186e13ae33190976f1ae61cece045fb76,2026-08-06
O00587,MFNG_HUMAN,O00587,non_surface,active,true,,e22d7643ea01abd0dce415e74faf002186e13ae33190976f1ae61cece045fb76,2026-08-06
Q9BY79,MFRP_HUMAN,Q9BY79,surface,active,true,,e22d7643ea01abd0dce415e74faf002186e13ae33190976f1ae61cece045fb76,2026-08-06
Q14728,MFS10_HUMAN,Q14728,non_surface,active,true,,e22d7643ea01abd0dce415e74faf002186e13ae33190976f1ae61cece045fb76,2026-08-06
O43934,MFS11_HUMAN,O43934,surface,active,true,,e22d7643ea01abd0dce415e74faf002186e13ae33190976f1ae61cece045fb76,2026-08-06
Q6NUT3,MFS12_HUMAN,Q6NUT3,surface,active,true,,e22d7643ea01abd0dce415e74faf002186e13ae33190976f1ae61cece045fb76,2026-08-06
A6NFX1,MFS2B_HUMAN,A6NFX1,surface,active,true,,e22d7643ea01abd0dce415e74faf002186e13ae33190976f1ae61cece045fb76,2026-08-06
Q8IWD5,MFS6L_HUMAN,Q8IWD5,surface,active,true,,e22d7643ea01abd0dce415e74faf002186e13ae33190976f1ae61cece045fb76,2026-08-06
Q9H3U5,MFSD1_HUMAN,Q9H3U5,unclassified,active,true,,e22d7643ea01abd0dce415e74faf002186e13ae33190976f1ae61cece045fb76,2026-08-06
Q96ES6,MFSD3_HUMAN,Q96ES6,non_surface,active,true,,e22d7643ea01abd0dce415e74faf002186e13ae33190976f1ae61cece045fb76,2026-08-06
Q8N468,MFSD4_HUMAN,Q8N468,surface,active,true,,e22d7643ea01abd0dce415e74faf002186e13ae33190976f1ae61cece045fb76,2026-08-06
Q6N075,MFSD5_HUMAN,Q6N075,surface,active,true,,e22d7643ea01abd0dce415e74faf002186e13ae33190976f1ae61cece045fb76,2026-08-06
Q6ZSS7,MFSD6_HUMAN,Q6ZSS7,surface,active,true,,e22d7643ea01abd0dce415e74faf002186e13ae33190976f1ae61cece045fb76,2026-08-06
Q6UXD7,MFSD7_HUMAN,Q6UXD7,surface,active,true,,e22d7643ea01abd0dce415e74faf002186e13ae33190976f1ae61cece045fb76,2026-08-06
Q8NHS3,MFSD8_HUMAN,Q8NHS3,surface,active,true,,e22d7643ea01abd0dce415e74faf002186e13ae33190976f1ae61cece045fb76,2026-08-06
Q8NBP5,MFSD9_HUMAN,Q8NBP5,unclassified,active,true,,e22d7643ea01abd0dce415e74faf002186e13ae33190976f1ae61cece045fb76,2026-08-06
Q2M2H8,MGAL_HUMAN,Q2M2H8,unclassified,active,true,,e22d7643ea01abd0dce415e74faf002186e13ae33190976f1ae61cece045fb76,2026-08-06
P26572,MGAT1_HUMAN,P26572,non_surface,active,true,,e22d7643ea01abd0dce415e74faf002186e13ae33190976f1ae61cece045fb76,2026-08-06
Q10469,MGAT2_HUMAN,Q10469,non_surface,active,true,,e22d7643ea01abd0dce415e74faf002186e13ae33190976f1ae61cece045fb76,2026-08-06
Q09327,MGAT3_HUMAN,Q09327,non_surface,active,true,,e22d7643ea01abd0dce415e74faf002186e13ae33190976f1ae61cece045fb76,2026-08-06
O43451,MGA_HUMAN,O43451,unclassified,active,true,,e22d7643ea01abd0dce415e74faf002186e13ae33190976f1ae61cece045fb76,2026-08-06
Q9BQP7,MGME1_HUMAN,Q9BQP7,unclassified,active,true,,e22d7643ea01abd0dce415e74faf002186e13ae33190976f1ae61cece045fb76,2026-08-06
P08493,MGP_HUMAN,P08493,unclassified,active,true,,e22d7643ea01abd0dce415e74faf002186e13ae33190976f1ae61cece045fb76,2026-08-06
P10620,MGST1_HUMAN,P10620,non_surface,active,true,,e22d7643ea01abd0dce415e74faf002186e13ae33190976f1ae61cece045fb76,2026-08-06
Q99735,MGST2_HUMAN,Q99735,non_surface,active,true,,e22d7643ea01abd0dce415e74faf002186e13ae33190976f1ae61cece045fb76,2026-08-06
O14880,MGST3_HUMAN,O14880,non_surface,active,true,,e22d7643ea01abd0dce415e74faf002186e13ae33190976f1ae61cece045fb76,2026-08-06
Q9UM21,MGT4A_HUMAN,Q9UM21,non_surface,active,true,,e22d7643ea01abd0dce415e74faf002186e13ae33190976f1ae61cece045fb76,2026-08-06
Q9UQ53,MGT4B_HUMAN,Q9UQ53,non_surface,active,true,,e22d7643ea01abd0dce415e74faf002186e13ae33190976f1ae61cece045fb76,2026-08-06
Q9UBM8,MGT4C_HUMAN,Q9UBM8,non_surface,active,true,,e22d7643ea01abd0dce415e74faf002186e13ae33190976f1ae61cece045fb76,2026-08-06
A6NG13,MGT4D_HUMAN,A6NG13,unclassified,active,true,,e22d7643ea01abd0dce415e74faf002186e13ae33190976f1ae61cece045fb76,2026-08-06
Q09328,MGT5A_HUMAN,Q09328,non_surface,active,true,,e22d7643ea01abd0dce415e74faf002186e13ae33190976f1ae61cece045fb76,2026-08-06
Q3V5L5,MGT5B_HUMAN,Q3V5L5,non_surface,active,true,,e22d7643ea01abd0dce415e74faf002186e13ae33190976f1ae61cece045fb76,2026-08-06
Q5JRA6,MIA3_HUMAN,Q5JRA6,unclassified,active,true,,e22d7643ea01abd0dce415e74faf002186e13ae33190976f1ae61cece045fb76,2026-08-06
Q16674,MIA_HUMAN,Q16674,unclassified,active,true,,e22d7643ea01abd0dce415e74faf002186e13ae33190976f1ae61cece045fb76,2026-08-06
Q5TGZ0,MIC10_HUMAN,Q5TGZ0,non_surface,active,true,,e22d7643ea01abd0dce415e74faf002186e13ae33190976f1ae61cece045fb76,2026-08-06
Q6UXV4,MIC27_HUMAN,Q6UXV4,non_surface,active,true,,e22d7643ea01abd0dce415e74faf002186e13ae33190976f1ae61cece045fb76,2026-08-06
Q16891,MIC60_HUMAN,Q16891,non_surface,active,true,,e22d7643ea01abd0dce415e74faf002186e13ae33190976f1ae61cece045fb76,2026-08-06
Q29983,MICA_HUMAN,Q29983,surface,active,true,,e22d7643ea01abd0dce415e74faf002186e13ae33190976f1ae61cece045fb76,2026-08-06
Q29980,MICB_HUMAN,Q29980,surface,active,true,,e22d7643ea01abd0dce415e74faf002186e13ae33190976f1ae61cece045fb76,2026-08-06
Q9BPX6,MICU1_HUMAN,Q9BPX6,unclassified,active,true,,e22d7643ea01abd0dce415e74faf002186e13ae33190976f1ae61cece045fb76,2026-08-06
Q86XE3,MICU3_HUMAN,Q86XE3,non_surface,active,true,,e22d7643ea01abd0dce415e74faf002186e13ae33190976f1ae61cece045fb76,2026-08-06
Q96C03,MID49_HUMAN,Q96C03,non_surface,active,true,,e22d7643ea01abd0dce415e74faf002186e13ae33190976f1ae61cece045fb76,2026-08-06
Q9NQG6,MID51_HUMAN,Q9NQG6,non_surface,active,true,,e22d7643ea01abd0dce415e74faf002186e13ae33190976f1ae61cece045fb76,2026-08-06
Q7Z6M3,MILR1_HUMAN,Q7Z6M3,surface,active,true,,e22d7643ea01abd0dce415e74faf002186e13ae33190976f1ae61cece045fb76,2026-08-06
P20774,MIME_HUMAN,P20774,unclassified,active,true,,e22d7643ea01abd0dce415e74faf002186e13ae33190976f1ae61cece045fb76,2026-08-06
Q9UNW1,MINP1_HUMAN,Q9UNW1,unclassified,active,true,,e22d7643ea01abd0dce415e74faf002186e13ae33190976f1ae61cece045fb76,2026-08-06
Q99797,MIPEP_HUMAN,Q99797,unclassified,active,true,,e22d7643ea01abd0dce415e74faf002186e13ae33190976f1ae61cece045fb76,2026-08-06
P30301,MIP_HUMAN,P30301,surface,active,true,,e22d7643ea01abd0dce415e74faf002186e13ae33190976f1ae61cece045fb76,2026-08-06
Q75NE6,MIRH1_HUMAN,Q75NE6,non_surface,active,true,,e22d7643ea01abd0dce415e74faf002186e13ae33190976f1ae61cece045fb76,2026-08-06
Q8IXI2,MIRO1_HUMAN,Q8IXI2,non_surface,active,true,,e22d7643ea01abd0dce415e74faf002186e13ae33190976f1ae61cece045fb76,2026-08-06
Q8IXI1,MIRO2_HUMAN,Q8IXI1,non_surface,active,true,,e22d7643ea01abd0dce415e74faf002186e13ae33190976f1ae61cece045fb76,2026-08-06
P03971,MIS_HUMAN,P03971,unclassified,active,true,,e22d7643ea01abd0dce415e74faf002186e13ae33190976f1ae61cece045fb76,2026-08-06
P28482,MK01_HUMAN,P28482,unclassified,active,true,,e22d7643ea01abd0dce415e74faf002186e13ae33190976f1ae61cece045fb76,2026-08-06
Q5HYA8,MKS3_HUMAN,Q5HYA8,surface,active,true,,e22d7643ea01abd0dce415e74faf002186e13ae33190976f1ae61cece045fb76,2026-08-06
P21741,MK_HUMAN,P21741,unclassified,active,true,,e22d7643ea01abd0dce415e74faf002186e13ae33190976f1ae61cece045fb76,2026-08-06
Q15049,MLC1_HUMAN,Q15049,unclassified,active,true,,e22d7643ea01abd0dce415e74faf002186e13ae33190976f1ae61cece045fb76,2026-08-06
Q14165,MLEC_HUMAN,Q14165,non_surface,active,true,,e22d7643ea01abd0dce415e74faf002186e13ae33190976f1ae61cece045fb76,2026-08-06
Q9NP71,MLXPL_HUMAN,Q9NP71,unclassified,active,true,,e22d7643ea01abd0dce415e74faf002186e13ae33190976f1ae61cece045fb76,2026-08-06
Q495T6,MMEL1_HUMAN,Q495T6,surface,active,true,,e22d7643ea01abd0dce415e74faf002186e13ae33190976f1ae61cece045fb76,2026-08-06
Q8N4V1,MMGT1_HUMAN,Q8N4V1,non_surface,active,true,,e22d7643ea01abd0dce415e74faf002186e13ae33190976f1ae61cece045fb76,2026-08-06
P09238,MMP10_HUMAN,P09238,unclassified,active,true,,e22d7643ea01abd0dce415e74faf002186e13ae33190976f1ae61cece045fb76,2026-08-06
P24347,MMP11_HUMAN,P24347,unclassified,active,true,,e22d7643ea01abd0dce415e74faf002186e13ae33190976f1ae61cece045fb76,2026-08-06
P39900,MMP12_HUMAN,P39900,unclassified,active,true,,e22d7643ea01abd0dce415e74faf002186e13ae33190976f1ae61cece045fb76,2026-08-06
P45452,MMP13_HUMAN,P45452,unclassified,active,true,,e22d7643ea01abd0dce415e74faf002186e13ae33190976f1ae61cece045fb76,2026-08-06
P50281,MMP14_HUMAN,P50281,surface,active,true,,e22d7643ea01abd0dce415e74faf002186e13ae33190976f1ae61cece045fb76,2026-08-06
P51511,MMP15_HUMAN,P51511,unclassified,active,true,,e22d7643ea01abd0dce415e74faf002186e13ae33190976f1ae61cece045fb76,2026-08-06
P51512,MMP16_HUMAN,P51512,surface,active,true,,e22d7643ea01abd0dce415e74faf002186e13ae33190976f1ae61cece045fb76,2026-08-06
Q9ULZ9,MMP17_HUMAN,Q9ULZ9,surface,active,true,,e22d7643ea01abd0dce415e74faf002186e13ae33190976f1ae61cece045fb76,2026-08-06
Q99542,MMP19_HUMAN,Q99542,unclassified,active,true,,e22d7643ea01abd0dce415e74faf002186e13ae33190976f1ae61cece045fb76,2026-08-06
P03956,MMP1_HUMAN,P03956,unclassified,active,true,,e22d7643ea01abd0dce415e74faf002186e13ae33190976f1ae61cece045fb76,2026-08-06
O60882,MMP20_HUMAN,O60882,unclassified,active,true,,e22d7643ea01abd0dce415e74faf002186e13ae33190976f1ae61cece045fb76,2026-08-06
Q8N119,MMP21_HUMAN,Q8N119,unclassified,active,true,,e22d7643ea01abd0dce415e74faf002186e13ae33190976f1ae61cece045fb76,2026-08-06
O75900,MMP23_HUMAN,O75900,non_surface,active,true,,e22d7643ea01abd0dce415e74faf002186e13ae33190976f1ae61cece045fb76,2026-08-06
Q9Y5R2,MMP24_HUMAN,Q9Y5R2,unclassified,active,true,,e22d7643ea01abd0dce415e74faf002186e13ae33190976f1ae61cece045fb76,2026-08-06
Q9NPA2,MMP25_HUMAN,Q9NPA2,surface,active,true,,e22d7643ea01abd0dce415e74faf002186e13ae33190976f1ae61cece045fb76,2026-08-06
Q9NRE1,MMP26_HUMAN,Q9NRE1,unclassified,active,true,,e22d7643ea01abd0dce415e74faf002186e13ae33190976f1ae61cece045fb76,2026-08-06
Q9H306,MMP27_HUMAN,Q9H306,unclassified,active,true,,e22d7643ea01abd0dce415e74faf002186e13ae33190976f1ae61cece045fb76,2026-08-06
Q9H239,MMP28_HUMAN,Q9H239,unclassified,active,true,,e22d7643ea01abd0dce415e74faf002186e13ae33190976f1ae61cece045fb76,2026-08-06
P08253,MMP2_HUMAN,P08253,unclassified,active,true,,e22d7643ea01abd0dce415e74faf002186e13ae33190976f1ae61cece045fb76,2026-08-06
P08254,MMP3_HUMAN,P08254,unclassified,active,true,,e22d7643ea01abd0dce415e74faf002186e13ae33190976f1ae61cece045fb76,2026-08-06
P09237,MMP7_HUMAN,P09237,unclassified,active,true,,e22d7643ea01abd0dce415e74faf002186e13ae33190976f1ae61cece045fb76,2026-08-06
P22894,MMP8_HUMAN,P22894,unclassified,active,true,,e22d7643ea01abd0dce415e74faf002186e13ae33190976f1ae61cece045fb76,2026-08-06
P14780,MMP9_HUMAN,P14780,unclassified,active,true,,e22d7643ea01abd0dce415e74faf002186e13ae33190976f1ae61cece045fb76,2026-08-06
Q13201,MMRN1_HUMAN,Q13201,unclassified,active,true,,e22d7643ea01abd0dce415e74faf002186e13ae33190976f1ae61cece045fb76,2026-08-06
Q9H8L6,MMRN2_HUMAN,Q9H8L6,unclassified,active,true,,e22d7643ea01abd0dce415e74faf002186e13ae33190976f1ae61cece045fb76,2026-08-06
Q02252,MMSA_HUMAN,Q02252,unclassified,active,true,,e22d7643ea01abd0dce415e74faf002186e13ae33190976f1ae61cece045fb76,2026-08-06
Q8TD46,MO2R1_HUMAN,Q8TD46,surface,active,true,,e22d7643ea01abd0dce415e74faf002186e13ae33190976f1ae61cece045fb76,2026-08-06
Q6Q8B3,MO2R2_HUMAN,Q6Q8B3,surface,active,true,,e22d7643ea01abd0dce415e74faf002186e13ae33190976f1ae61cece045fb76,2026-08-06
Q13724,MOGS_HUMAN,Q13724,non_surface,active,true,,e22d7643ea01abd0dce415e74faf002186e13ae33190976f1ae61cece045fb76,2026-08-06
Q96PD6,MOGT1_HUMAN,Q96PD6,non_surface,active,true,,e22d7643ea01abd0dce415e74faf002186e13ae33190976f1ae61cece045fb76,2026-08-06
Q3SYC2,MOGT2_HUMAN,Q3SYC2,non_surface,active,true,,e22d7643ea01abd0dce415e74faf002186e13ae33190976f1ae61cece045fb76,2026-08-06
Q86VF5,MOGT3_HUMAN,Q86VF5,non_surface,active,true,,e22d7643ea01abd0dce415e74faf002186e13ae33190976f1ae61cece045fb76,2026-08-06
Q16653,MOG_HUMAN,Q16653,surface,active,true,,e22d7643ea01abd0dce415e74faf002186e13ae33190976f1ae61cece045fb76,2026-08-06
Q8TF71,MOT10_HUMAN,Q8TF71,unclassified,active,true,,e22d7643ea01abd0dce415e74faf002186e13ae33190976f1ae61cece045fb76,2026-08-06
Q8NCK7,MOT11_HUMAN,Q8NCK7,unclassified,active,true,,e22d7643ea01abd0dce415e74faf002186e13ae33190976f1ae61cece045fb76,2026-08-06
Q6ZSM3,MOT12_HUMAN,Q6ZSM3,surface,active,true,,e22d7643ea01abd0dce415e74faf002186e13ae33190976f1ae61cece045fb76,2026-08-06
Q7RTY0,MOT13_HUMAN,Q7RTY0,non_surface,active,true,,e22d7643ea01abd0dce415e74faf002186e13ae33190976f1ae61cece045fb76,2026-08-06
Q7RTX9,MOT14_HUMAN,Q7RTX9,unclassified,active,true,,e22d7643ea01abd0dce415e74faf002186e13ae33190976f1ae61cece045fb76,2026-08-06
P53985,MOT1_HUMAN,P53985,surface,active,true,,e22d7643ea01abd0dce415e74faf002186e13ae33190976f1ae61cece045fb76,2026-08-06
O60669,MOT2_HUMAN,O60669,surface,active,true,,e22d7643ea01abd0dce415e74faf002186e13ae33190976f1ae61cece045fb76,2026-08-06
O95907,MOT3_HUMAN,O95907,surface,active,true,,e22d7643ea01abd0dce415e74faf002186e13ae33190976f1ae61cece045fb76,2026-08-06
O15427,MOT4_HUMAN,O15427,unclassified,active,true,,e22d7643ea01abd0dce415e74faf002186e13ae33190976f1ae61cece045fb76,2026-08-06
O15374,MOT5_HUMAN,O15374,surface,active,true,,e22d7643ea01abd0dce415e74faf002186e13ae33190976f1ae61cece045fb76,2026-08-06
O15375,MOT6_HUMAN,O15375,surface,active,true,,e22d7643ea01abd0dce415e74faf002186e13ae33190976f1ae61cece045fb76,2026-08-06
O15403,MOT7_HUMAN,O15403,surface,active,true,,e22d7643ea01abd0dce415e74faf002186e13ae33190976f1ae61cece045fb76,2026-08-06
P36021,MOT8_HUMAN,P36021,unclassified,active,true,,e22d7643ea01abd0dce415e74faf002186e13ae33190976f1ae61cece045fb76,2026-08-06
Q7RTY1,MOT9_HUMAN,Q7RTY1,unclassified,active,true,,e22d7643ea01abd0dce415e74faf002186e13ae33190976f1ae61cece045fb76,2026-08-06
P12872,MOTI_HUMAN,P12872,unclassified,active,true,,e22d7643ea01abd0dce415e74faf002186e13ae33190976f1ae61cece045fb76,2026-08-06
Q6UVY6,MOXD1_HUMAN,Q6UVY6,unclassified,active,true,,e22d7643ea01abd0dce415e74faf002186e13ae33190976f1ae61cece045fb76,2026-08-06
A6NHM9,MOXD2_HUMAN,A6NHM9,unclassified,active,true,,e22d7643ea01abd0dce415e74faf002186e13ae33190976f1ae61cece045fb76,2026-08-06
Q2QL34,MP17L_HUMAN,Q2QL34,non_surface,active,true,,e22d7643ea01abd0dce415e74faf002186e13ae33190976f1ae61cece045fb76,2026-08-06
P36507,MP2K2_HUMAN,P36507,unclassified,active,true,,e22d7643ea01abd0dce415e74faf002186e13ae33190976f1ae61cece045fb76,2026-08-06
P0DKB6,MPC1L_HUMAN,P0DKB6,non_surface,active,true,,e22d7643ea01abd0dce415e74faf002186e13ae33190976f1ae61cece045fb76,2026-08-06
Q9Y5U8,MPC1_HUMAN,Q9Y5U8,non_surface,active,true,,e22d7643ea01abd0dce415e74faf002186e13ae33190976f1ae61cece045fb76,2026-08-06
O95563,MPC2_HUMAN,O95563,non_surface,active,true,,e22d7643ea01abd0dce415e74faf002186e13ae33190976f1ae61cece045fb76,2026-08-06
Q00325,MPCP_HUMAN,Q00325,non_surface,active,true,,e22d7643ea01abd0dce415e74faf002186e13ae33190976f1ae61cece045fb76,2026-08-06
Q2M385,MPEG1_HUMAN,Q2M385,surface,active,true,,e22d7643ea01abd0dce415e74faf002186e13ae33190976f1ae61cece045fb76,2026-08-06
Q10713,MPPA_HUMAN,Q10713,unclassified,active,true,,e22d7643ea01abd0dce415e74faf002186e13ae33190976f1ae61cece045fb76,2026-08-06
O15442,MPPD1_HUMAN,O15442,unclassified,active,true,,e22d7643ea01abd0dce415e74faf002186e13ae33190976f1ae61cece045fb76,2026-08-06
Q53F39,MPPE1_HUMAN,Q53F39,non_surface,active,true,,e22d7643ea01abd0dce415e74faf002186e13ae33190976f1ae61cece045fb76,2026-08-06
Q86WK9,MPRA_HUMAN,Q86WK9,non_surface,active,true,,e22d7643ea01abd0dce415e74faf002186e13ae33190976f1ae61cece045fb76,2026-08-06
Q8TEZ7,MPRB_HUMAN,Q8TEZ7,unclassified,active,true,,e22d7643ea01abd0dce415e74faf002186e13ae33190976f1ae61cece045fb76,2026-08-06
P20645,MPRD_HUMAN,P20645,surface,active,true,,e22d7643ea01abd0dce415e74faf002186e13ae33190976f1ae61cece045fb76,2026-08-06
Q9NXK6,MPRG_HUMAN,Q9NXK6,unclassified,active,true,,e22d7643ea01abd0dce415e74faf002186e13ae33190976f1ae61cece045fb76,2026-08-06
P11717,MPRI_HUMAN,P11717,surface,active,true,,e22d7643ea01abd0dce415e74faf002186e13ae33190976f1ae61cece045fb76,2026-08-06
O75352,MPU1_HUMAN,O75352,non_surface,active,true,,e22d7643ea01abd0dce415e74faf002186e13ae33190976f1ae61cece045fb76,2026-08-06
P39210,MPV17_HUMAN,P39210,non_surface,active,true,,e22d7643ea01abd0dce415e74faf002186e13ae33190976f1ae61cece045fb76,2026-08-06
O95297,MPZL1_HUMAN,O95297,surface,active,true,,e22d7643ea01abd0dce415e74faf002186e13ae33190976f1ae61cece045fb76,2026-08-06
O60487,MPZL2_HUMAN,O60487,surface,active,true,,e22d7643ea01abd0dce415e74faf002186e13ae33190976f1ae61cece045fb76,2026-08-06
Q6UWV2,MPZL3_HUMAN,Q6UWV2,surface,active,true,,e22d7643ea01abd0dce415e74faf002186e13ae33190976f1ae61cece045fb76,2026-08-06
Q96G30,MRAP2_HUMAN,Q96G30,unclassified,active,true,,e22d7643ea01abd0dce415e74faf002186e13ae33190976f1ae61cece045fb76,2026-08-06
Q8TCY5,MRAP_HUMAN,Q8TCY5,non_surface,active,true,,e22d7643ea01abd0dce415e74faf002186e13ae33190976f1ae61cece045fb76,2026-08-06
P22897,MRC1_HUMAN,P22897,surface,active,true,,e22d7643ea01abd0dce415e74faf002186e13ae33190976f1ae61cece045fb76,2026-08-06
Q9UBG0,MRC2_HUMAN,Q9UBG0,surface,active,true,,e22d7643ea01abd0dce415e74faf002186e13ae33190976f1ae61cece045fb76,2026-08-06
Q96LU7,MRFL_HUMAN,Q96LU7,unclassified,active,true,,e22d7643ea01abd0dce415e74faf002186e13ae33190976f1ae61cece045fb76,2026-08-06
Q9Y2G1,MRF_HUMAN,Q9Y2G1,unclassified,active,true,,e22d7643ea01abd0dce415e74faf002186e13ae33190976f1ae61cece045fb76,2026-08-06
Q8TDS7,MRGRD_HUMAN,Q8TDS7,surface,active,true,,e22d7643ea01abd0dce415e74faf002186e13ae33190976f1ae61cece045fb76,2026-08-06
Q86SM8,MRGRE_HUMAN,Q86SM8,surface,active,true,,e22d7643ea01abd0dce415e74faf002186e13ae33190976f1ae61cece045fb76,2026-08-06
Q96AM1,MRGRF_HUMAN,Q96AM1,surface,active,true,,e22d7643ea01abd0dce415e74faf002186e13ae33190976f1ae61cece045fb76,2026-08-06
Q86SM5,MRGRG_HUMAN,Q86SM5,surface,active,true,,e22d7643ea01abd0dce415e74faf002186e13ae33190976f1ae61cece045fb76,2026-08-06
Q96LB2,MRGX1_HUMAN,Q96LB2,surface,active,true,,e22d7643ea01abd0dce415e74faf002186e13ae33190976f1ae61cece045fb76,2026-08-06
Q96LB1,MRGX2_HUMAN,Q96LB1,surface,active,true,,e22d7643ea01abd0dce415e74faf002186e13ae33190976f1ae61cece045fb76,2026-08-06
Q96LB0,MRGX3_HUMAN,Q96LB0,surface,active,true,,e22d7643ea01abd0dce415e74faf002186e13ae33190976f1ae61cece045fb76,2026-08-06
Q96LA9,MRGX4_HUMAN,Q96LA9,surface,active,true,,e22d7643ea01abd0dce415e74faf002186e13ae33190976f1ae61cece045fb76,2026-08-06
Q68CQ1,MROH7_HUMAN,Q68CQ1,non_surface,active,true,,e22d7643ea01abd0dce415e74faf002186e13ae33190976f1ae61cece045fb76,2026-08-06
P33527,MRP1_HUMAN,P33527,surface,active,true,,e22d7643ea01abd0dce415e74faf002186e13ae33190976f1ae61cece045fb76,2026-08-06
Q92887,MRP2_HUMAN,Q92887,surface,active,true,,e22d7643ea01abd0dce415e74faf002186e13ae33190976f1ae61cece045fb76,2026-08-06
O15438,MRP3_HUMAN,O15438,surface,active,true,,e22d7643ea01abd0dce415e74faf002186e13ae33190976f1ae61cece045fb76,2026-08-06
O15439,MRP4_HUMAN,O15439,surface,active,true,,e22d7643ea01abd0dce415e74faf002186e13ae33190976f1ae61cece045fb76,2026-08-06
O15440,MRP5_HUMAN,O15440,surface,active,true,,e22d7643ea01abd0dce415e74faf002186e13ae33190976f1ae61cece045fb76,2026-08-06
O95255,MRP6_HUMAN,O95255,unclassified,active,true,,e22d7643ea01abd0dce415e74faf002186e13ae33190976f1ae61cece045fb76,2026-08-06
Q5T3U5,MRP7_HUMAN,Q5T3U5,surface,active,true,,e22d7643ea01abd0dce415e74faf002186e13ae33190976f1ae61cece045fb76,2026-08-06
Q96J65,MRP9_HUMAN,Q96J65,surface,active,true,,e22d7643ea01abd0dce415e74faf002186e13ae33190976f1ae61cece045fb76,2026-08-06
Q9HD23,MRS2_HUMAN,Q9HD23,non_surface,active,true,,e22d7643ea01abd0dce415e74faf002186e13ae33190976f1ae61cece045fb76,2026-08-06
Q9Y6F6,MRVI1_HUMAN,Q9Y6F6,surface,active,true,,e22d7643ea01abd0dce415e74faf002186e13ae33190976f1ae61cece045fb76,2026-08-06
Q96HJ5,MS4A3_HUMAN,Q96HJ5,unclassified,active,true,,e22d7643ea01abd0dce415e74faf002186e13ae33190976f1ae61cece045fb76,2026-08-06
Q9H3V2,MS4A5_HUMAN,Q9H3V2,unclassified,active,true,,e22d7643ea01abd0dce415e74faf002186e13ae33190976f1ae61cece045fb76,2026-08-06
Q9GZW8,MS4A7_HUMAN,Q9GZW8,unclassified,active,true,,e22d7643ea01abd0dce415e74faf002186e13ae33190976f1ae61cece045fb76,2026-08-06
P20585,MSH3_HUMAN,P20585,unclassified,active,true,,e22d7643ea01abd0dce415e74faf002186e13ae33190976f1ae61cece045fb76,2026-08-06
Q01726,MSHR_HUMAN,Q01726,surface,active,true,,e22d7643ea01abd0dce415e74faf002186e13ae33190976f1ae61cece045fb76,2026-08-06
Q96KJ4,MSLNL_HUMAN,Q96KJ4,surface,active,true,,e22d7643ea01abd0dce415e74faf002186e13ae33190976f1ae61cece045fb76,2026-08-06
Q13421,MSLN_HUMAN,Q13421,surface,active,true,,e22d7643ea01abd0dce415e74faf002186e13ae33190976f1ae61cece045fb76,2026-08-06
P08118,MSMB_HUMAN,P08118,unclassified,active,true,,e22d7643ea01abd0dce415e74faf002186e13ae33190976f1ae61cece045fb76,2026-08-06
Q15800,MSMO1_HUMAN,Q15800,non_surface,active,true,,e22d7643ea01abd0dce415e74faf002186e13ae33190976f1ae61cece045fb76,2026-08-06
Q1L6U9,MSMP_HUMAN,Q1L6U9,unclassified,active,true,,e22d7643ea01abd0dce415e74faf002186e13ae33190976f1ae61cece045fb76,2026-08-06
Q9UJG1,MSPD1_HUMAN,Q9UJG1,non_surface,active,true,,e22d7643ea01abd0dce415e74faf002186e13ae33190976f1ae61cece045fb76,2026-08-06
Q8NHP6,MSPD2_HUMAN,Q8NHP6,non_surface,active,true,,e22d7643ea01abd0dce415e74faf002186e13ae33190976f1ae61cece045fb76,2026-08-06
O75425,MSPD3_HUMAN,O75425,non_surface,active,true,,e22d7643ea01abd0dce415e74faf002186e13ae33190976f1ae61cece045fb76,2026-08-06
Q9UJ68,MSRA_HUMAN,Q9UJ68,unclassified,active,true,,e22d7643ea01abd0dce415e74faf002186e13ae33190976f1ae61cece045fb76,2026-08-06
Q9Y3D2,MSRB2_HUMAN,Q9Y3D2,unclassified,active,true,,e22d7643ea01abd0dce415e74faf002186e13ae33190976f1ae61cece045fb76,2026-08-06
Q8IXL7,MSRB3_HUMAN,Q8IXL7,unclassified,active,true,,e22d7643ea01abd0dce415e74faf002186e13ae33190976f1ae61cece045fb76,2026-08-06
P21757,MSRE_HUMAN,P21757,surface,active,true,,e22d7643ea01abd0dce415e74faf002186e13ae33190976f1ae61cece045fb76,2026-08-06
Q2TV78,MST1L_HUMAN,Q2TV78,unclassified,active,true,,e22d7643ea01abd0dce415e74faf002186e13ae33190976f1ae61cece045fb76,2026-08-06
P07438,MT1B_HUMAN,P07438,unclassified,active,true,,e22d7643ea01abd0dce415e74faf002186e13ae33190976f1ae61cece045fb76,2026-08-06
A1L3X4,MT1DP_HUMAN,A1L3X4,unclassified,active,true,,e22d7643ea01abd0dce415e74faf002186e13ae33190976f1ae61cece045fb76,2026-08-06
P04733,MT1F_HUMAN,P04733,unclassified,active,true,,e22d7643ea01abd0dce415e74faf002186e13ae33190976f1ae61cece045fb76,2026-08-06
P13640,MT1G_HUMAN,P13640,unclassified,active,true,,e22d7643ea01abd0dce415e74faf002186e13ae33190976f1ae61cece045fb76,2026-08-06
Q93083,MT1L_HUMAN,Q93083,unclassified,active,true,,e22d7643ea01abd0dce415e74faf002186e13ae33190976f1ae61cece045fb76,2026-08-06
Q8N339,MT1M_HUMAN,Q8N339,unclassified,active,true,,e22d7643ea01abd0dce415e74faf002186e13ae33190976f1ae61cece045fb76,2026-08-06
Q8WXB1,MT21A_HUMAN,Q8WXB1,non_surface,active,true,,e22d7643ea01abd0dce415e74faf002186e13ae33190976f1ae61cece045fb76,2026-08-06
P13995,MTDC_HUMAN,P13995,unclassified,active,true,,e22d7643ea01abd0dce415e74faf002186e13ae33190976f1ae61cece045fb76,2026-08-06
O43193,MTLR_HUMAN,O43193,surface,active,true,,e22d7643ea01abd0dce415e74faf002186e13ae33190976f1ae61cece045fb76,2026-08-06
Q13613,MTMR1_HUMAN,Q13613,non_surface,active,true,,e22d7643ea01abd0dce415e74faf002186e13ae33190976f1ae61cece045fb76,2026-08-06
Q8NCE2,MTMRE_HUMAN,Q8NCE2,unclassified,active,true,,e22d7643ea01abd0dce415e74faf002186e13ae33190976f1ae61cece045fb76,2026-08-06
P55157,MTP_HUMAN,P55157,unclassified,active,true,,e22d7643ea01abd0dce415e74faf002186e13ae33190976f1ae61cece045fb76,2026-08-06
P48039,MTR1A_HUMAN,P48039,surface,active,true,,e22d7643ea01abd0dce415e74faf002186e13ae33190976f1ae61cece045fb76,2026-08-06
P49286,MTR1B_HUMAN,P49286,surface,active,true,,e22d7643ea01abd0dce415e74faf002186e13ae33190976f1ae61cece045fb76,2026-08-06
Q13585,MTR1L_HUMAN,Q13585,surface,active,true,,e22d7643ea01abd0dce415e74faf002186e13ae33190976f1ae61cece045fb76,2026-08-06
O75648,MTU1_HUMAN,O75648,unclassified,active,true,,e22d7643ea01abd0dce415e74faf002186e13ae33190976f1ae61cece045fb76,2026-08-06
Q13505,MTX1_HUMAN,Q13505,non_surface,active,true,,e22d7643ea01abd0dce415e74faf002186e13ae33190976f1ae61cece045fb76,2026-08-06
O75431,MTX2_HUMAN,O75431,unclassified,active,true,,e22d7643ea01abd0dce415e74faf002186e13ae33190976f1ae61cece045fb76,2026-08-06
Q9UKN1,MUC12_HUMAN,Q9UKN1,surface,active,true,,e22d7643ea01abd0dce415e74faf002186e13ae33190976f1ae61cece045fb76,2026-08-06
Q9H3R2,MUC13_HUMAN,Q9H3R2,surface,active,true,,e22d7643ea01abd0dce415e74faf002186e13ae33190976f1ae61cece045fb76,2026-08-06
Q8N387,MUC15_HUMAN,Q8N387,surface,active,true,,e22d7643ea01abd0dce415e74faf002186e13ae33190976f1ae61cece045fb76,2026-08-06
Q8WXI7,MUC16_HUMAN,Q8WXI7,surface,active,true,,e22d7643ea01abd0dce415e74faf002186e13ae33190976f1ae61cece045fb76,2026-08-06
Q685J3,MUC17_HUMAN,Q685J3,surface,active,true,,e22d7643ea01abd0dce415e74faf002186e13ae33190976f1ae61cece045fb76,2026-08-06
P43121,MUC18_HUMAN,P43121,surface,active,true,,e22d7643ea01abd0dce415e74faf002186e13ae33190976f1ae61cece045fb76,2026-08-06
P15941,MUC1_HUMAN,P15941,surface,active,true,,e22d7643ea01abd0dce415e74faf002186e13ae33190976f1ae61cece045fb76,2026-08-06
Q8N307,MUC20_HUMAN,Q8N307,unclassified,active,true,,e22d7643ea01abd0dce415e74faf002186e13ae33190976f1ae61cece045fb76,2026-08-06
Q5SSG8,MUC21_HUMAN,Q5SSG8,surface,active,true,,e22d7643ea01abd0dce415e74faf002186e13ae33190976f1ae61cece045fb76,2026-08-06
E2RYF6,MUC22_HUMAN,E2RYF6,surface,active,true,,e22d7643ea01abd0dce415e74faf002186e13ae33190976f1ae61cece045fb76,2026-08-06
Q04900,MUC24_HUMAN,Q04900,surface,active,true,,e22d7643ea01abd0dce415e74faf002186e13ae33190976f1ae61cece045fb76,2026-08-06
Q02817,MUC2_HUMAN,Q02817,unclassified,active,true,,e22d7643ea01abd0dce415e74faf002186e13ae33190976f1ae61cece045fb76,2026-08-06
Q02505,MUC3A_HUMAN,Q02505,surface,active,true,,e22d7643ea01abd0dce415e74faf002186e13ae33190976f1ae61cece045fb76,2026-08-06
Q9H195,MUC3B_HUMAN,Q9H195,surface,active,true,,e22d7643ea01abd0dce415e74faf002186e13ae33190976f1ae61cece045fb76,2026-08-06
Q99102,MUC4_HUMAN,Q99102,surface,active,true,,e22d7643ea01abd0dce415e74faf002186e13ae33190976f1ae61cece045fb76,2026-08-06
P98088,MUC5A_HUMAN,P98088,unclassified,active,true,,e22d7643ea01abd0dce415e74faf002186e13ae33190976f1ae61cece045fb76,2026-08-06
Q9HC84,MUC5B_HUMAN,Q9HC84,unclassified,active,true,,e22d7643ea01abd0dce415e74faf002186e13ae33190976f1ae61cece045fb76,2026-08-06
Q6W4X9,MUC6_HUMAN,Q6W4X9,unclassified,active,true,,e22d7643ea01abd0dce415e74faf002186e13ae33190976f1ae61cece045fb76,2026-08-06
Q8TAX7,MUC7_HUMAN,Q8TAX7,unclassified,active,true,,e22d7643ea01abd0dce415e74faf002186e13ae33190976f1ae61cece045fb76,2026-08-06
Q9ULC0,MUCEN_HUMAN,Q9ULC0,surface,active,true,,e22d7643ea01abd0dce415e74faf002186e13ae33190976f1ae61cece045fb76,2026-08-06
Q96DR8,MUCL1_HUMAN,Q96DR8,unclassified,active,true,,e22d7643ea01abd0dce415e74faf002186e13ae33190976f1ae61cece045fb76,2026-08-06
Q969V5,MUL1_HUMAN,Q969V5,non_surface,active,true,,e22d7643ea01abd0dce415e74faf002186e13ae33190976f1ae61cece045fb76,2026-08-06
O15146,MUSK_HUMAN,O15146,surface,active,true,,e22d7643ea01abd0dce415e74faf002186e13ae33190976f1ae61cece045fb76,2026-08-06
Q9NR99,MXRA5_HUMAN,Q9NR99,unclassified,active,true,,e22d7643ea01abd0dce415e74faf002186e13ae33190976f1ae61cece045fb76,2026-08-06
P84157,MXRA7_HUMAN,P84157,unclassified,active,true,,e22d7643ea01abd0dce415e74faf002186e13ae33190976f1ae61cece045fb76,2026-08-06
Q9BRK3,MXRA8_HUMAN,Q9BRK3,surface,active,true,,e22d7643ea01abd0dce415e74faf002186e13ae33190976f1ae61cece045fb76,2026-08-06
Q96S97,MYADM_HUMAN,Q96S97,surface,active,true,,e22d7643ea01abd0dce415e74faf002186e13ae33190976f1ae61cece045fb76,2026-08-06
Q8N699,MYCT1_HUMAN,Q8N699,non_surface,active,true,,e22d7643ea01abd0dce415e74faf002186e13ae33190976f1ae61cece045fb76,2026-08-06
Q96QE2,MYCT_HUMAN,Q96QE2,surface,active,true,,e22d7643ea01abd0dce415e74faf002186e13ae33190976f1ae61cece045fb76,2026-08-06
Q96EZ4,MYEOV_HUMAN,Q96EZ4,non_surface,active,true,,e22d7643ea01abd0dce415e74faf002186e13ae33190976f1ae61cece045fb76,2026-08-06
P05976,MYL1_HUMAN,P05976,unclassified,active,true,,e22d7643ea01abd0dce415e74faf002186e13ae33190976f1ae61cece045fb76,2026-08-06
Q9NQX4,MYO5C_HUMAN,Q9NQX4,non_surface,active,true,,e22d7643ea01abd0dce415e74faf002186e13ae33190976f1ae61cece045fb76,2026-08-06
B2RTY4,MYO9A_HUMAN,B2RTY4,non_surface,active,true,,e22d7643ea01abd0dce415e74faf002186e13ae33190976f1ae61cece045fb76,2026-08-06
Q99972,MYOC_HUMAN,Q99972,unclassified,active,true,,e22d7643ea01abd0dce415e74faf002186e13ae33190976f1ae61cece045fb76,2026-08-06
Q9NZM1,MYOF_HUMAN,Q9NZM1,surface,active,true,,e22d7643ea01abd0dce415e74faf002186e13ae33190976f1ae61cece045fb76,2026-08-06
P25189,MYP0_HUMAN,P25189,surface,active,true,,e22d7643ea01abd0dce415e74faf002186e13ae33190976f1ae61cece045fb76,2026-08-06
P60201,MYPR_HUMAN,P60201,surface,active,true,,e22d7643ea01abd0dce415e74faf002186e13ae33190976f1ae61cece045fb76,2026-08-06
P0CAP1,MYZAP_HUMAN,P0CAP1,unclassified,active,true,,e22d7643ea01abd0dce415e74faf002186e13ae33190976f1ae61cece045fb76,2026-08-06
Q8WU39,MZB1_HUMAN,Q8WU39,unclassified,active,true,,e22d7643ea01abd0dce415e74faf002186e13ae33190976f1ae61cece045fb76,2026-08-06
Q08AG7,MZT1_HUMAN,Q08AG7,unclassified,active,true,,e22d7643ea01abd0dce415e74faf002186e13ae33190976f1ae61cece045fb76,2026-08-06
Q9BZM6,N2DL1_HUMAN,Q9BZM6,surface,active,true,,e22d7643ea01abd0dce415e74faf002186e13ae33190976f1ae61cece045fb76,2026-08-06
Q9BZM5,N2DL2_HUMAN,Q9BZM5,surface,active,true,,e22d7643ea01abd0dce415e74faf002186e13ae33190976f1ae61cece045fb76,2026-08-06
Q9BZM4,N2DL3_HUMAN,Q9BZM4,surface,active,true,,e22d7643ea01abd0dce415e74faf002186e13ae33190976f1ae61cece045fb76,2026-08-06
Q8TD07,N2DL4_HUMAN,Q8TD07,surface,active,true,,e22d7643ea01abd0dce415e74faf002186e13ae33190976f1ae61cece045fb76,2026-08-06
Q14CX7,NAA25_HUMAN,Q14CX7,non_surface,active,true,,e22d7643ea01abd0dce415e74faf002186e13ae33190976f1ae61cece045fb76,2026-08-06
Q02083,NAAA_HUMAN,Q02083,unclassified,active,true,,e22d7643ea01abd0dce415e74faf002186e13ae33190976f1ae61cece045fb76,2026-08-06
P32418,NAC1_HUMAN,P32418,surface,active,true,,e22d7643ea01abd0dce415e74faf002186e13ae33190976f1ae61cece045fb76,2026-08-06
Q9UPR5,NAC2_HUMAN,Q9UPR5,surface,active,true,,e22d7643ea01abd0dce415e74faf002186e13ae33190976f1ae61cece045fb76,2026-08-06
P57103,NAC3_HUMAN,P57103,surface,active,true,,e22d7643ea01abd0dce415e74faf002186e13ae33190976f1ae61cece045fb76,2026-08-06
Q15274,NADC_HUMAN,Q15274,unclassified,active,true,,e22d7643ea01abd0dce415e74faf002186e13ae33190976f1ae61cece045fb76,2026-08-06
Q6IA69,NADE_HUMAN,Q6IA69,unclassified,active,true,,e22d7643ea01abd0dce415e74faf002186e13ae33190976f1ae61cece045fb76,2026-08-06
Q58DX5,NADL2_HUMAN,Q58DX5,unclassified,active,true,,e22d7643ea01abd0dce415e74faf002186e13ae33190976f1ae61cece045fb76,2026-08-06
P17050,NAGAB_HUMAN,P17050,unclassified,active,true,,e22d7643ea01abd0dce415e74faf002186e13ae33190976f1ae61cece045fb76,2026-08-06
Q9UK23,NAGPA_HUMAN,Q9UK23,surface,active,true,,e22d7643ea01abd0dce415e74faf002186e13ae33190976f1ae61cece045fb76,2026-08-06
Q8N159,NAGS_HUMAN,Q8N159,unclassified,active,true,,e22d7643ea01abd0dce415e74faf002186e13ae33190976f1ae61cece045fb76,2026-08-06
Q5TF39,NAGT1_HUMAN,Q5TF39,surface,active,true,,e22d7643ea01abd0dce415e74faf002186e13ae33190976f1ae61cece045fb76,2026-08-06
Q8IZF0,NALCN_HUMAN,Q8IZF0,surface,active,true,,e22d7643ea01abd0dce415e74faf002186e13ae33190976f1ae61cece045fb76,2026-08-06
Q9Y3Q0,NALD2_HUMAN,Q9Y3Q0,non_surface,active,true,,e22d7643ea01abd0dce415e74faf002186e13ae33190976f1ae61cece045fb76,2026-08-06
Q9UQQ1,NALDL_HUMAN,Q9UQQ1,surface,active,true,,e22d7643ea01abd0dce415e74faf002186e13ae33190976f1ae61cece045fb76,2026-08-06
Q9C000,NALP1_HUMAN,Q9C000,non_surface,active,true,,e22d7643ea01abd0dce415e74faf002186e13ae33190976f1ae61cece045fb76,2026-08-06
Q96P20,NALP3_HUMAN,Q96P20,non_surface,active,true,,e22d7643ea01abd0dce415e74faf002186e13ae33190976f1ae61cece045fb76,2026-08-06
P59047,NALP5_HUMAN,P59047,unclassified,active,true,,e22d7643ea01abd0dce415e74faf002186e13ae33190976f1ae61cece045fb76,2026-08-06
P59044,NALP6_HUMAN,P59044,non_surface,active,true,,e22d7643ea01abd0dce415e74faf002186e13ae33190976f1ae61cece045fb76,2026-08-06
Q7RTR0,NALP9_HUMAN,Q7RTR0,non_surface,active,true,,e22d7643ea01abd0dce415e74faf002186e13ae33190976f1ae61cece045fb76,2026-08-06
O96009,NAPSA_HUMAN,O96009,unclassified,active,true,,e22d7643ea01abd0dce415e74faf002186e13ae33190976f1ae61cece045fb76,2026-08-06
P52961,NAR1_HUMAN,P52961,surface,active,true,,e22d7643ea01abd0dce415e74faf002186e13ae33190976f1ae61cece045fb76,2026-08-06
Q13508,NAR3_HUMAN,Q13508,surface,active,true,,e22d7643ea01abd0dce415e74faf002186e13ae33190976f1ae61cece045fb76,2026-08-06
Q93070,NAR4_HUMAN,Q93070,surface,active,true,,e22d7643ea01abd0dce415e74faf002186e13ae33190976f1ae61cece045fb76,2026-08-06
Q96L15,NAR5_HUMAN,Q96L15,unclassified,active,true,,e22d7643ea01abd0dce415e74faf002186e13ae33190976f1ae61cece045fb76,2026-08-06
P49321,NASP_HUMAN,P49321,unclassified,active,true,,e22d7643ea01abd0dce415e74faf002186e13ae33190976f1ae61cece045fb76,2026-08-06
Q9H0A0,NAT10_HUMAN,Q9H0A0,non_surface,active,true,,e22d7643ea01abd0dce415e74faf002186e13ae33190976f1ae61cece045fb76,2026-08-06
Q8WUY8,NAT14_HUMAN,Q8WUY8,non_surface,active,true,,e22d7643ea01abd0dce415e74faf002186e13ae33190976f1ae61cece045fb76,2026-08-06
Q9UHF3,NAT8B_HUMAN,Q9UHF3,non_surface,active,true,,e22d7643ea01abd0dce415e74faf002186e13ae33190976f1ae61cece045fb76,2026-08-06
Q8N9F0,NAT8L_HUMAN,Q8N9F0,non_surface,active,true,,e22d7643ea01abd0dce415e74faf002186e13ae33190976f1ae61cece045fb76,2026-08-06
Q9UHE5,NAT8_HUMAN,Q9UHE5,non_surface,active,true,,e22d7643ea01abd0dce415e74faf002186e13ae33190976f1ae61cece045fb76,2026-08-06
Q9UHQ9,NB5R1_HUMAN,Q9UHQ9,unclassified,active,true,,e22d7643ea01abd0dce415e74faf002186e13ae33190976f1ae61cece045fb76,2026-08-06
P00387,NB5R3_HUMAN,P00387,non_surface,active,true,,e22d7643ea01abd0dce415e74faf002186e13ae33190976f1ae61cece045fb76,2026-08-06
Q8NFP9,NBEA_HUMAN,Q8NFP9,non_surface,active,true,,e22d7643ea01abd0dce415e74faf002186e13ae33190976f1ae61cece045fb76,2026-08-06
P41271,NBL1_HUMAN,P41271,unclassified,active,true,,e22d7643ea01abd0dce415e74faf002186e13ae33190976f1ae61cece045fb76,2026-08-06
Q8NCQ3,NC301_HUMAN,Q8NCQ3,non_surface,active,true,,e22d7643ea01abd0dce415e74faf002186e13ae33190976f1ae61cece045fb76,2026-08-06
P13591,NCAM1_HUMAN,P13591,surface,active,true,,e22d7643ea01abd0dce415e74faf002186e13ae33190976f1ae61cece045fb76,2026-08-06
O15394,NCAM2_HUMAN,O15394,surface,active,true,,e22d7643ea01abd0dce415e74faf002186e13ae33190976f1ae61cece045fb76,2026-08-06
O14594,NCAN_HUMAN,O14594,unclassified,active,true,,e22d7643ea01abd0dce415e74faf002186e13ae33190976f1ae61cece045fb76,2026-08-06
Q69YL0,NCAS2_HUMAN,Q69YL0,unclassified,active,true,,e22d7643ea01abd0dce415e74faf002186e13ae33190976f1ae61cece045fb76,2026-08-06
Q6PIU2,NCEH1_HUMAN,Q6PIU2,non_surface,active,true,,e22d7643ea01abd0dce415e74faf002186e13ae33190976f1ae61cece045fb76,2026-08-06
O00533,NCHL1_HUMAN,O00533,surface,active,true,,e22d7643ea01abd0dce415e74faf002186e13ae33190976f1ae61cece045fb76,2026-08-06
Q9Y2A7,NCKP1_HUMAN,Q9Y2A7,non_surface,active,true,,e22d7643ea01abd0dce415e74faf002186e13ae33190976f1ae61cece045fb76,2026-08-06
P55160,NCKPL_HUMAN,P55160,non_surface,active,true,,e22d7643ea01abd0dce415e74faf002186e13ae33190976f1ae61cece045fb76,2026-08-06
O60721,NCKX1_HUMAN,O60721,unclassified,active,true,,e22d7643ea01abd0dce415e74faf002186e13ae33190976f1ae61cece045fb76,2026-08-06
Q9UI40,NCKX2_HUMAN,Q9UI40,surface,active,true,,e22d7643ea01abd0dce415e74faf002186e13ae33190976f1ae61cece045fb76,2026-08-06
Q9HC58,NCKX3_HUMAN,Q9HC58,surface,active,true,,e22d7643ea01abd0dce415e74faf002186e13ae33190976f1ae61cece045fb76,2026-08-06
Q8NFF2,NCKX4_HUMAN,Q8NFF2,surface,active,true,,e22d7643ea01abd0dce415e74faf002186e13ae33190976f1ae61cece045fb76,2026-08-06
Q71RS6,NCKX5_HUMAN,Q71RS6,surface,active,true,,e22d7643ea01abd0dce415e74faf002186e13ae33190976f1ae61cece045fb76,2026-08-06
Q6J4K2,NCKX6_HUMAN,Q6J4K2,surface,active,true,,e22d7643ea01abd0dce415e74faf002186e13ae33190976f1ae61cece045fb76,2026-08-06
Q969V3,NCLN_HUMAN,Q969V3,unclassified,active,true,,e22d7643ea01abd0dce415e74faf002186e13ae33190976f1ae61cece045fb76,2026-08-06
Q5T1S8,NCMAP_HUMAN,Q5T1S8,surface,active,true,,e22d7643ea01abd0dce415e74faf002186e13ae33190976f1ae61cece045fb76,2026-08-06
P16435,NCPR_HUMAN,P16435,non_surface,active,true,,e22d7643ea01abd0dce415e74faf002186e13ae33190976f1ae61cece045fb76,2026-08-06
O76036,NCTR1_HUMAN,O76036,surface,active,true,,e22d7643ea01abd0dce415e74faf002186e13ae33190976f1ae61cece045fb76,2026-08-06
O95944,NCTR2_HUMAN,O95944,surface,active,true,,e22d7643ea01abd0dce415e74faf002186e13ae33190976f1ae61cece045fb76,2026-08-06
O14931,NCTR3_HUMAN,O14931,surface,active,true,,e22d7643ea01abd0dce415e74faf002186e13ae33190976f1ae61cece045fb76,2026-08-06
Q8WWB7,NCUG1_HUMAN,Q8WWB7,surface,active,true,,e22d7643ea01abd0dce415e74faf002186e13ae33190976f1ae61cece045fb76,2026-08-06
Q9BTX1,NDC1_HUMAN,Q9BTX1,non_surface,active,true,,e22d7643ea01abd0dce415e74faf002186e13ae33190976f1ae61cece045fb76,2026-08-06
Q13232,NDK3_HUMAN,Q13232,unclassified,active,true,,e22d7643ea01abd0dce415e74faf002186e13ae33190976f1ae61cece045fb76,2026-08-06
O75414,NDK6_HUMAN,O75414,unclassified,active,true,,e22d7643ea01abd0dce415e74faf002186e13ae33190976f1ae61cece045fb76,2026-08-06
Q8TB73,NDNF_HUMAN,Q8TB73,unclassified,active,true,,e22d7643ea01abd0dce415e74faf002186e13ae33190976f1ae61cece045fb76,2026-08-06
Q9UHB4,NDOR1_HUMAN,Q9UHB4,unclassified,active,true,,e22d7643ea01abd0dce415e74faf002186e13ae33190976f1ae61cece045fb76,2026-08-06
Q00604,NDP_HUMAN,Q00604,unclassified,active,true,,e22d7643ea01abd0dce415e74faf002186e13ae33190976f1ae61cece045fb76,2026-08-06
P52848,NDST1_HUMAN,P52848,non_surface,active,true,,e22d7643ea01abd0dce415e74faf002186e13ae33190976f1ae61cece045fb76,2026-08-06
P52849,NDST2_HUMAN,P52849,non_surface,active,true,,e22d7643ea01abd0dce415e74faf002186e13ae33190976f1ae61cece045fb76,2026-08-06
O95803,NDST3_HUMAN,O95803,non_surface,active,true,,e22d7643ea01abd0dce415e74faf002186e13ae33190976f1ae61cece045fb76,2026-08-06
Q9H3R1,NDST4_HUMAN,Q9H3R1,non_surface,active,true,,e22d7643ea01abd0dce415e74faf002186e13ae33190976f1ae61cece045fb76,2026-08-06
O15239,NDUA1_HUMAN,O15239,non_surface,active,true,,e22d7643ea01abd0dce415e74faf002186e13ae33190976f1ae61cece045fb76,2026-08-06
O95167,NDUA3_HUMAN,O95167,non_surface,active,true,,e22d7643ea01abd0dce415e74faf002186e13ae33190976f1ae61cece045fb76,2026-08-06
O00483,NDUA4_HUMAN,O00483,non_surface,active,true,,e22d7643ea01abd0dce415e74faf002186e13ae33190976f1ae61cece045fb76,2026-08-06
O95299,NDUAA_HUMAN,O95299,unclassified,active,true,,e22d7643ea01abd0dce415e74faf002186e13ae33190976f1ae61cece045fb76,2026-08-06
Q9P0J0,NDUAD_HUMAN,Q9P0J0,non_surface,active,true,,e22d7643ea01abd0dce415e74faf002186e13ae33190976f1ae61cece045fb76,2026-08-06
O75438,NDUB1_HUMAN,O75438,non_surface,active,true,,e22d7643ea01abd0dce415e74faf002186e13ae33190976f1ae61cece045fb76,2026-08-06
O95178,NDUB2_HUMAN,O95178,non_surface,active,true,,e22d7643ea01abd0dce415e74faf002186e13ae33190976f1ae61cece045fb76,2026-08-06
O43676,NDUB3_HUMAN,O43676,non_surface,active,true,,e22d7643ea01abd0dce415e74faf002186e13ae33190976f1ae61cece045fb76,2026-08-06
O95168,NDUB4_HUMAN,O95168,non_surface,active,true,,e22d7643ea01abd0dce415e74faf002186e13ae33190976f1ae61cece045fb76,2026-08-06
O43674,NDUB5_HUMAN,O43674,non_surface,active,true,,e22d7643ea01abd0dce415e74faf002186e13ae33190976f1ae61cece045fb76,2026-08-06
O95139,NDUB6_HUMAN,O95139,non_surface,active,true,,e22d7643ea01abd0dce415e74faf002186e13ae33190976f1ae61cece045fb76,2026-08-06
O95169,NDUB8_HUMAN,O95169,non_surface,active,true,,e22d7643ea01abd0dce415e74faf002186e13ae33190976f1ae61cece045fb76,2026-08-06
Q9NX14,NDUBB_HUMAN,Q9NX14,non_surface,active,true,,e22d7643ea01abd0dce415e74faf002186e13ae33190976f1ae61cece045fb76,2026-08-06
O43677,NDUC1_HUMAN,O43677,non_surface,active,true,,e22d7643ea01abd0dce415e74faf002186e13ae33190976f1ae61cece045fb76,2026-08-06
O95298,NDUC2_HUMAN,O95298,non_surface,active,true,,e22d7643ea01abd0dce415e74faf002186e13ae33190976f1ae61cece045fb76,2026-08-06
E9PQ53,NDUCR_HUMAN,E9PQ53,non_surface,active,true,,e22d7643ea01abd0dce415e74faf002186e13ae33190976f1ae61cece045fb76,2026-08-06
Q7L592,NDUF7_HUMAN,Q7L592,unclassified,active,true,,e22d7643ea01abd0dce415e74faf002186e13ae33190976f1ae61cece045fb76,2026-08-06
O75306,NDUS2_HUMAN,O75306,unclassified,active,true,,e22d7643ea01abd0dce415e74faf002186e13ae33190976f1ae61cece045fb76,2026-08-06
O43181,NDUS4_HUMAN,O43181,unclassified,active,true,,e22d7643ea01abd0dce415e74faf002186e13ae33190976f1ae61cece045fb76,2026-08-06
O00217,NDUS8_HUMAN,O00217,unclassified,active,true,,e22d7643ea01abd0dce415e74faf002186e13ae33190976f1ae61cece045fb76,2026-08-06
P19404,NDUV2_HUMAN,P19404,unclassified,active,true,,e22d7643ea01abd0dce415e74faf002186e13ae33190976f1ae61cece045fb76,2026-08-06
P29120,NEC1_HUMAN,P29120,unclassified,active,true,,e22d7643ea01abd0dce415e74faf002186e13ae33190976f1ae61cece045fb76,2026-08-06
P16519,NEC2_HUMAN,P16519,unclassified,active,true,,e22d7643ea01abd0dce415e74faf002186e13ae33190976f1ae61cece045fb76,2026-08-06
Q96P71,NECA3_HUMAN,Q96P71,unclassified,active,true,,e22d7643ea01abd0dce415e74faf002186e13ae33190976f1ae61cece045fb76,2026-08-06
Q99608,NECD_HUMAN,Q99608,non_surface,active,true,,e22d7643ea01abd0dce415e74faf002186e13ae33190976f1ae61cece045fb76,2026-08-06
Q7Z3B1,NEGR1_HUMAN,Q7Z3B1,surface,active,true,,e22d7643ea01abd0dce415e74faf002186e13ae33190976f1ae61cece045fb76,2026-08-06
Q92832,NELL1_HUMAN,Q92832,unclassified,active,true,,e22d7643ea01abd0dce415e74faf002186e13ae33190976f1ae61cece045fb76,2026-08-06
Q99435,NELL2_HUMAN,Q99435,unclassified,active,true,,e22d7643ea01abd0dce415e74faf002186e13ae33190976f1ae61cece045fb76,2026-08-06
Q9UMX5,NENF_HUMAN,Q9UMX5,unclassified,active,true,,e22d7643ea01abd0dce415e74faf002186e13ae33190976f1ae61cece045fb76,2026-08-06
Q92859,NEO1_HUMAN,Q92859,surface,active,true,,e22d7643ea01abd0dce415e74faf002186e13ae33190976f1ae61cece045fb76,2026-08-06
Q8N9A8,NEPR1_HUMAN,Q8N9A8,non_surface,active,true,,e22d7643ea01abd0dce415e74faf002186e13ae33190976f1ae61cece045fb76,2026-08-06
P08473,NEP_HUMAN,P08473,surface,active,true,,e22d7643ea01abd0dce415e74faf002186e13ae33190976f1ae61cece045fb76,2026-08-06
O95631,NET1_HUMAN,O95631,unclassified,active,true,,e22d7643ea01abd0dce415e74faf002186e13ae33190976f1ae61cece045fb76,2026-08-06
O00634,NET3_HUMAN,O00634,unclassified,active,true,,e22d7643ea01abd0dce415e74faf002186e13ae33190976f1ae61cece045fb76,2026-08-06
Q9HB63,NET4_HUMAN,Q9HB63,unclassified,active,true,,e22d7643ea01abd0dce415e74faf002186e13ae33190976f1ae61cece045fb76,2026-08-06
Q8WTR8,NET5_HUMAN,Q8WTR8,unclassified,active,true,,e22d7643ea01abd0dce415e74faf002186e13ae33190976f1ae61cece045fb76,2026-08-06
Q8TDF5,NETO1_HUMAN,Q8TDF5,surface,active,true,,e22d7643ea01abd0dce415e74faf002186e13ae33190976f1ae61cece045fb76,2026-08-06
Q8NC67,NETO2_HUMAN,Q8NC67,surface,active,true,,e22d7643ea01abd0dce415e74faf002186e13ae33190976f1ae61cece045fb76,2026-08-06
P56730,NETR_HUMAN,P56730,unclassified,active,true,,e22d7643ea01abd0dce415e74faf002186e13ae33190976f1ae61cece045fb76,2026-08-06
P01178,NEU1_HUMAN,P01178,unclassified,active,true,,e22d7643ea01abd0dce415e74faf002186e13ae33190976f1ae61cece045fb76,2026-08-06
P01185,NEU2_HUMAN,P01185,unclassified,active,true,,e22d7643ea01abd0dce415e74faf002186e13ae33190976f1ae61cece045fb76,2026-08-06
Q8WUJ1,NEUFC_HUMAN,Q8WUJ1,unclassified,active,true,,e22d7643ea01abd0dce415e74faf002186e13ae33190976f1ae61cece045fb76,2026-08-06
Q99519,NEUR1_HUMAN,Q99519,unclassified,active,true,,e22d7643ea01abd0dce415e74faf002186e13ae33190976f1ae61cece045fb76,2026-08-06
Q99574,NEUS_HUMAN,Q99574,unclassified,active,true,,e22d7643ea01abd0dce415e74faf002186e13ae33190976f1ae61cece045fb76,2026-08-06
P30990,NEUT_HUMAN,P30990,unclassified,active,true,,e22d7643ea01abd0dce415e74faf002186e13ae33190976f1ae61cece045fb76,2026-08-06
Q14494,NF2L1_HUMAN,Q14494,unclassified,active,true,,e22d7643ea01abd0dce415e74faf002186e13ae33190976f1ae61cece045fb76,2026-08-06
Q9Y4A8,NF2L3_HUMAN,Q9Y4A8,unclassified,active,true,,e22d7643ea01abd0dce415e74faf002186e13ae33190976f1ae61cece045fb76,2026-08-06
Q8NET5,NFAM1_HUMAN,Q8NET5,surface,active,true,,e22d7643ea01abd0dce415e74faf002186e13ae33190976f1ae61cece045fb76,2026-08-06
O94856,NFASC_HUMAN,O94856,surface,active,true,,e22d7643ea01abd0dce415e74faf002186e13ae33190976f1ae61cece045fb76,2026-08-06
Q9BT67,NFIP1_HUMAN,Q9BT67,non_surface,active,true,,e22d7643ea01abd0dce415e74faf002186e13ae33190976f1ae61cece045fb76,2026-08-06
Q9NV92,NFIP2_HUMAN,Q9NV92,non_surface,active,true,,e22d7643ea01abd0dce415e74faf002186e13ae33190976f1ae61cece045fb76,2026-08-06
Q9Y697,NFS1_HUMAN,Q9Y697,unclassified,active,true,,e22d7643ea01abd0dce415e74faf002186e13ae33190976f1ae61cece045fb76,2026-08-06
Q6ZNB6,NFXL1_HUMAN,Q6ZNB6,non_surface,active,true,,e22d7643ea01abd0dce415e74faf002186e13ae33190976f1ae61cece045fb76,2026-08-06
P80188,NGAL_HUMAN,P80188,unclassified,active,true,,e22d7643ea01abd0dce415e74faf002186e13ae33190976f1ae61cece045fb76,2026-08-06
P01138,NGF_HUMAN,P01138,unclassified,active,true,,e22d7643ea01abd0dce415e74faf002186e13ae33190976f1ae61cece045fb76,2026-08-06
Q96IV0,NGLY1_HUMAN,Q96IV0,unclassified,active,true,,e22d7643ea01abd0dce415e74faf002186e13ae33190976f1ae61cece045fb76,2026-08-06
Q9NPE2,NGRN_HUMAN,Q9NPE2,unclassified,active,true,,e22d7643ea01abd0dce415e74faf002186e13ae33190976f1ae61cece045fb76,2026-08-06
Q5JS37,NHLC3_HUMAN,Q5JS37,unclassified,active,true,,e22d7643ea01abd0dce415e74faf002186e13ae33190976f1ae61cece045fb76,2026-08-06
Q92542,NICA_HUMAN,Q92542,surface,active,true,,e22d7643ea01abd0dce415e74faf002186e13ae33190976f1ae61cece045fb76,2026-08-06
P14543,NID1_HUMAN,P14543,unclassified,active,true,,e22d7643ea01abd0dce415e74faf002186e13ae33190976f1ae61cece045fb76,2026-08-06
Q14112,NID2_HUMAN,Q14112,unclassified,active,true,,e22d7643ea01abd0dce415e74faf002186e13ae33190976f1ae61cece045fb76,2026-08-06
Q8IY84,NIM1_HUMAN,Q8IY84,non_surface,active,true,,e22d7643ea01abd0dce415e74faf002186e13ae33190976f1ae61cece045fb76,2026-08-06
Q92982,NINJ1_HUMAN,Q92982,unclassified,active,true,,e22d7643ea01abd0dce415e74faf002186e13ae33190976f1ae61cece045fb76,2026-08-06
Q9NZG7,NINJ2_HUMAN,Q9NZG7,non_surface,active,true,,e22d7643ea01abd0dce415e74faf002186e13ae33190976f1ae61cece045fb76,2026-08-06
Q7RTP0,NIPA1_HUMAN,Q7RTP0,non_surface,active,true,,e22d7643ea01abd0dce415e74faf002186e13ae33190976f1ae61cece045fb76,2026-08-06
Q8N8Q9,NIPA2_HUMAN,Q8N8Q9,non_surface,active,true,,e22d7643ea01abd0dce415e74faf002186e13ae33190976f1ae61cece045fb76,2026-08-06
Q6NVV3,NIPA3_HUMAN,Q6NVV3,surface,active,true,,e22d7643ea01abd0dce415e74faf002186e13ae33190976f1ae61cece045fb76,2026-08-06
Q0D2K0,NIPA4_HUMAN,Q0D2K0,surface,active,true,,e22d7643ea01abd0dce415e74faf002186e13ae33190976f1ae61cece045fb76,2026-08-06
O75323,NIPS2_HUMAN,O75323,unclassified,active,true,,e22d7643ea01abd0dce415e74faf002186e13ae33190976f1ae61cece045fb76,2026-08-06
Q86X76,NIT1_HUMAN,Q86X76,unclassified,active,true,,e22d7643ea01abd0dce415e74faf002186e13ae33190976f1ae61cece045fb76,2026-08-06
Q9NQR4,NIT2_HUMAN,Q9NQR4,unclassified,active,true,,e22d7643ea01abd0dce415e74faf002186e13ae33190976f1ae61cece045fb76,2026-08-06
P25103,NK1R_HUMAN,P25103,surface,active,true,,e22d7643ea01abd0dce415e74faf002186e13ae33190976f1ae61cece045fb76,2026-08-06
P21452,NK2R_HUMAN,P21452,surface,active,true,,e22d7643ea01abd0dce415e74faf002186e13ae33190976f1ae61cece045fb76,2026-08-06
P29371,NK3R_HUMAN,P29371,surface,active,true,,e22d7643ea01abd0dce415e74faf002186e13ae33190976f1ae61cece045fb76,2026-08-06
Q4KMZ8,NKAI1_HUMAN,Q4KMZ8,surface,active,true,,e22d7643ea01abd0dce415e74faf002186e13ae33190976f1ae61cece045fb76,2026-08-06
Q5VXU1,NKAI2_HUMAN,Q5VXU1,surface,active,true,,e22d7643ea01abd0dce415e74faf002186e13ae33190976f1ae61cece045fb76,2026-08-06
Q8N8D7,NKAI3_HUMAN,Q8N8D7,surface,active,true,,e22d7643ea01abd0dce415e74faf002186e13ae33190976f1ae61cece045fb76,2026-08-06
Q8IVV8,NKAI4_HUMAN,Q8IVV8,non_surface,active,true,,e22d7643ea01abd0dce415e74faf002186e13ae33190976f1ae61cece045fb76,2026-08-06
P26715,NKG2A_HUMAN,P26715,surface,active,true,,e22d7643ea01abd0dce415e74faf002186e13ae33190976f1ae61cece045fb76,2026-08-06
P26717,NKG2C_HUMAN,P26717,surface,active,true,,e22d7643ea01abd0dce415e74faf002186e13ae33190976f1ae61cece045fb76,2026-08-06
P26718,NKG2D_HUMAN,P26718,surface,active,true,,e22d7643ea01abd0dce415e74faf002186e13ae33190976f1ae61cece045fb76,2026-08-06
Q07444,NKG2E_HUMAN,Q07444,surface,active,true,,e22d7643ea01abd0dce415e74faf002186e13ae33190976f1ae61cece045fb76,2026-08-06
O43908,NKG2F_HUMAN,O43908,unclassified,active,true,,e22d7643ea01abd0dce415e74faf002186e13ae33190976f1ae61cece045fb76,2026-08-06
Q16617,NKG7_HUMAN,Q16617,non_surface,active,true,,e22d7643ea01abd0dce415e74faf002186e13ae33190976f1ae61cece045fb76,2026-08-06
Q17RQ9,NKPD1_HUMAN,Q17RQ9,non_surface,active,true,,e22d7643ea01abd0dce415e74faf002186e13ae33190976f1ae61cece045fb76,2026-08-06
Q8N2Q7,NLGN1_HUMAN,Q8N2Q7,surface,active,true,,e22d7643ea01abd0dce415e74faf002186e13ae33190976f1ae61cece045fb76,2026-08-06
Q8NFZ4,NLGN2_HUMAN,Q8NFZ4,surface,active,true,,e22d7643ea01abd0dce415e74faf002186e13ae33190976f1ae61cece045fb76,2026-08-06
Q9NZ94,NLGN3_HUMAN,Q9NZ94,surface,active,true,,e22d7643ea01abd0dce415e74faf002186e13ae33190976f1ae61cece045fb76,2026-08-06
Q8N0W4,NLGNX_HUMAN,Q8N0W4,surface,active,true,,e22d7643ea01abd0dce415e74faf002186e13ae33190976f1ae61cece045fb76,2026-08-06
Q8NFZ3,NLGNY_HUMAN,Q8NFZ3,surface,active,true,,e22d7643ea01abd0dce415e74faf002186e13ae33190976f1ae61cece045fb76,2026-08-06
Q7RTR2,NLRC3_HUMAN,Q7RTR2,non_surface,active,true,,e22d7643ea01abd0dce415e74faf002186e13ae33190976f1ae61cece045fb76,2026-08-06
Q8NA29,NLS1_HUMAN,Q8NA29,surface,active,true,,e22d7643ea01abd0dce415e74faf002186e13ae33190976f1ae61cece045fb76,2026-08-06
P28336,NMBR_HUMAN,P28336,surface,active,true,,e22d7643ea01abd0dce415e74faf002186e13ae33190976f1ae61cece045fb76,2026-08-06
P08949,NMB_HUMAN,P08949,unclassified,active,true,,e22d7643ea01abd0dce415e74faf002186e13ae33190976f1ae61cece045fb76,2026-08-06
Q8TCU5,NMD3A_HUMAN,Q8TCU5,surface,active,true,,e22d7643ea01abd0dce415e74faf002186e13ae33190976f1ae61cece045fb76,2026-08-06
O60391,NMD3B_HUMAN,O60391,surface,active,true,,e22d7643ea01abd0dce415e74faf002186e13ae33190976f1ae61cece045fb76,2026-08-06
Q12879,NMDE1_HUMAN,Q12879,surface,active,true,,e22d7643ea01abd0dce415e74faf002186e13ae33190976f1ae61cece045fb76,2026-08-06
Q13224,NMDE2_HUMAN,Q13224,surface,active,true,,e22d7643ea01abd0dce415e74faf002186e13ae33190976f1ae61cece045fb76,2026-08-06
Q14957,NMDE3_HUMAN,Q14957,surface,active,true,,e22d7643ea01abd0dce415e74faf002186e13ae33190976f1ae61cece045fb76,2026-08-06
O15399,NMDE4_HUMAN,O15399,surface,active,true,,e22d7643ea01abd0dce415e74faf002186e13ae33190976f1ae61cece045fb76,2026-08-06
Q05586,NMDZ1_HUMAN,Q05586,surface,active,true,,e22d7643ea01abd0dce415e74faf002186e13ae33190976f1ae61cece045fb76,2026-08-06
Q9C002,NMES1_HUMAN,Q9C002,non_surface,active,true,,e22d7643ea01abd0dce415e74faf002186e13ae33190976f1ae61cece045fb76,2026-08-06
Q96T66,NMNA3_HUMAN,Q96T66,unclassified,active,true,,e22d7643ea01abd0dce415e74faf002186e13ae33190976f1ae61cece045fb76,2026-08-06
Q5H8A3,NMS_HUMAN,Q5H8A3,unclassified,active,true,,e22d7643ea01abd0dce415e74faf002186e13ae33190976f1ae61cece045fb76,2026-08-06
Q9HB89,NMUR1_HUMAN,Q9HB89,surface,active,true,,e22d7643ea01abd0dce415e74faf002186e13ae33190976f1ae61cece045fb76,2026-08-06
Q9GZQ4,NMUR2_HUMAN,Q9GZQ4,surface,active,true,,e22d7643ea01abd0dce415e74faf002186e13ae33190976f1ae61cece045fb76,2026-08-06
P48645,NMU_HUMAN,P48645,unclassified,active,true,,e22d7643ea01abd0dce415e74faf002186e13ae33190976f1ae61cece045fb76,2026-08-06
Q16517,NNAT_HUMAN,Q16517,non_surface,active,true,,e22d7643ea01abd0dce415e74faf002186e13ae33190976f1ae61cece045fb76,2026-08-06
Q8IW45,NNRD_HUMAN,Q8IW45,unclassified,active,true,,e22d7643ea01abd0dce415e74faf002186e13ae33190976f1ae61cece045fb76,2026-08-06
Q8NCW5,NNRE_HUMAN,Q8NCW5,unclassified,active,true,,e22d7643ea01abd0dce415e74faf002186e13ae33190976f1ae61cece045fb76,2026-08-06
Q13423,NNTM_HUMAN,Q13423,non_surface,active,true,,e22d7643ea01abd0dce415e74faf002186e13ae33190976f1ae61cece045fb76,2026-08-06
Q8NC60,NOA1_HUMAN,Q8NC60,unclassified,active,true,,e22d7643ea01abd0dce415e74faf002186e13ae33190976f1ae61cece045fb76,2026-08-06
Q9Y3T9,NOC2L_HUMAN,Q9Y3T9,non_surface,active,true,,e22d7643ea01abd0dce415e74faf002186e13ae33190976f1ae61cece045fb76,2026-08-06
Q96S42,NODAL_HUMAN,Q96S42,unclassified,active,true,,e22d7643ea01abd0dce415e74faf002186e13ae33190976f1ae61cece045fb76,2026-08-06
Q99784,NOE1_HUMAN,Q99784,unclassified,active,true,,e22d7643ea01abd0dce415e74faf002186e13ae33190976f1ae61cece045fb76,2026-08-06
O95897,NOE2_HUMAN,O95897,unclassified,active,true,,e22d7643ea01abd0dce415e74faf002186e13ae33190976f1ae61cece045fb76,2026-08-06
Q96PB7,NOE3_HUMAN,Q96PB7,unclassified,active,true,,e22d7643ea01abd0dce415e74faf002186e13ae33190976f1ae61cece045fb76,2026-08-06
Q13253,NOGG_HUMAN,Q13253,unclassified,active,true,,e22d7643ea01abd0dce415e74faf002186e13ae33190976f1ae61cece045fb76,2026-08-06
Q15155,NOMO1_HUMAN,Q15155,non_surface,active,true,,e22d7643ea01abd0dce415e74faf002186e13ae33190976f1ae61cece045fb76,2026-08-06
Q5JPE7,NOMO2_HUMAN,Q5JPE7,non_surface,active,true,,e22d7643ea01abd0dce415e74faf002186e13ae33190976f1ae61cece045fb76,2026-08-06
P69849,NOMO3_HUMAN,P69849,non_surface,active,true,,e22d7643ea01abd0dce415e74faf002186e13ae33190976f1ae61cece045fb76,2026-08-06
P46531,NOTC1_HUMAN,P46531,surface,active,true,,e22d7643ea01abd0dce415e74faf002186e13ae33190976f1ae61cece045fb76,2026-08-06
Q04721,NOTC2_HUMAN,Q04721,surface,active,true,,e22d7643ea01abd0dce415e74faf002186e13ae33190976f1ae61cece045fb76,2026-08-06
Q9UM47,NOTC3_HUMAN,Q9UM47,surface,active,true,,e22d7643ea01abd0dce415e74faf002186e13ae33190976f1ae61cece045fb76,2026-08-06
Q99466,NOTC4_HUMAN,Q99466,surface,active,true,,e22d7643ea01abd0dce415e74faf002186e13ae33190976f1ae61cece045fb76,2026-08-06
Q6P988,NOTUM_HUMAN,Q6P988,unclassified,active,true,,e22d7643ea01abd0dce415e74faf002186e13ae33190976f1ae61cece045fb76,2026-08-06
P48745,NOV_HUMAN,P48745,unclassified,active,true,,e22d7643ea01abd0dce415e74faf002186e13ae33190976f1ae61cece045fb76,2026-08-06
Q9Y5S8,NOX1_HUMAN,Q9Y5S8,unclassified,active,true,,e22d7643ea01abd0dce415e74faf002186e13ae33190976f1ae61cece045fb76,2026-08-06
Q9HBY0,NOX3_HUMAN,Q9HBY0,unclassified,active,true,,e22d7643ea01abd0dce415e74faf002186e13ae33190976f1ae61cece045fb76,2026-08-06
Q9NPH5,NOX4_HUMAN,Q9NPH5,surface,active,true,,e22d7643ea01abd0dce415e74faf002186e13ae33190976f1ae61cece045fb76,2026-08-06
Q96PH1,NOX5_HUMAN,Q96PH1,unclassified,active,true,,e22d7643ea01abd0dce415e74faf002186e13ae33190976f1ae61cece045fb76,2026-08-06
Q9H841,NPAL2_HUMAN,Q9H841,surface,active,true,,e22d7643ea01abd0dce415e74faf002186e13ae33190976f1ae61cece045fb76,2026-08-06
Q6P499,NPAL3_HUMAN,Q6P499,surface,active,true,,e22d7643ea01abd0dce415e74faf002186e13ae33190976f1ae61cece045fb76,2026-08-06
E5RHQ5,NPB11_HUMAN,E5RHQ5,non_surface,active,true,,e22d7643ea01abd0dce415e74faf002186e13ae33190976f1ae61cece045fb76,2026-08-06
A6NHN6,NPB15_HUMAN,A6NHN6,unclassified,active,true,,e22d7643ea01abd0dce415e74faf002186e13ae33190976f1ae61cece045fb76,2026-08-06
P48145,NPBW1_HUMAN,P48145,surface,active,true,,e22d7643ea01abd0dce415e74faf002186e13ae33190976f1ae61cece045fb76,2026-08-06
P48146,NPBW2_HUMAN,P48146,surface,active,true,,e22d7643ea01abd0dce415e74faf002186e13ae33190976f1ae61cece045fb76,2026-08-06
Q8NG41,NPB_HUMAN,Q8NG41,unclassified,active,true,,e22d7643ea01abd0dce415e74faf002186e13ae33190976f1ae61cece045fb76,2026-08-06
O15118,NPC1_HUMAN,O15118,surface,active,true,,e22d7643ea01abd0dce415e74faf002186e13ae33190976f1ae61cece045fb76,2026-08-06
P61916,NPC2_HUMAN,P61916,unclassified,active,true,,e22d7643ea01abd0dce415e74faf002186e13ae33190976f1ae61cece045fb76,2026-08-06
Q9UHC9,NPCL1_HUMAN,Q9UHC9,surface,active,true,,e22d7643ea01abd0dce415e74faf002186e13ae33190976f1ae61cece045fb76,2026-08-06
Q9NQX5,NPDC1_HUMAN,Q9NQX5,unclassified,active,true,,e22d7643ea01abd0dce415e74faf002186e13ae33190976f1ae61cece045fb76,2026-08-06
Q9GZQ6,NPFF1_HUMAN,Q9GZQ6,surface,active,true,,e22d7643ea01abd0dce415e74faf002186e13ae33190976f1ae61cece045fb76,2026-08-06
Q9Y5X5,NPFF2_HUMAN,Q9Y5X5,surface,active,true,,e22d7643ea01abd0dce415e74faf002186e13ae33190976f1ae61cece045fb76,2026-08-06
O15130,NPFF_HUMAN,O15130,unclassified,active,true,,e22d7643ea01abd0dce415e74faf002186e13ae33190976f1ae61cece045fb76,2026-08-06
O60500,NPHN_HUMAN,O60500,surface,active,true,,e22d7643ea01abd0dce415e74faf002186e13ae33190976f1ae61cece045fb76,2026-08-06
Q92617,NPIB3_HUMAN,Q92617,non_surface,active,true,,e22d7643ea01abd0dce415e74faf002186e13ae33190976f1ae61cece045fb76,2026-08-06
C9JG80,NPIB4_HUMAN,C9JG80,non_surface,active,true,,e22d7643ea01abd0dce415e74faf002186e13ae33190976f1ae61cece045fb76,2026-08-06
A8MRT5,NPIB5_HUMAN,A8MRT5,non_surface,active,true,,e22d7643ea01abd0dce415e74faf002186e13ae33190976f1ae61cece045fb76,2026-08-06
O75200,NPIB7_HUMAN,O75200,unclassified,active,true,,e22d7643ea01abd0dce415e74faf002186e13ae33190976f1ae61cece045fb76,2026-08-06
E9PQR5,NPIB8_HUMAN,E9PQR5,non_surface,active,true,,e22d7643ea01abd0dce415e74faf002186e13ae33190976f1ae61cece045fb76,2026-08-06
A6NJU9,NPIL5_HUMAN,A6NJU9,non_surface,active,true,,e22d7643ea01abd0dce415e74faf002186e13ae33190976f1ae61cece045fb76,2026-08-06
O75607,NPM3_HUMAN,O75607,unclassified,active,true,,e22d7643ea01abd0dce415e74faf002186e13ae33190976f1ae61cece045fb76,2026-08-06
Q6UXI9,NPNT_HUMAN,Q6UXI9,unclassified,active,true,,e22d7643ea01abd0dce415e74faf002186e13ae33190976f1ae61cece045fb76,2026-08-06
Q9UFN0,NPS3A_HUMAN,Q9UFN0,unclassified,active,true,,e22d7643ea01abd0dce415e74faf002186e13ae33190976f1ae61cece045fb76,2026-08-06
Q6W5P4,NPSR1_HUMAN,Q6W5P4,surface,active,true,,e22d7643ea01abd0dce415e74faf002186e13ae33190976f1ae61cece045fb76,2026-08-06
P0C0P6,NPS_HUMAN,P0C0P6,unclassified,active,true,,e22d7643ea01abd0dce415e74faf002186e13ae33190976f1ae61cece045fb76,2026-08-06
Q14916,NPT1_HUMAN,Q14916,surface,active,true,,e22d7643ea01abd0dce415e74faf002186e13ae33190976f1ae61cece045fb76,2026-08-06
Q06495,NPT2A_HUMAN,Q06495,surface,active,true,,e22d7643ea01abd0dce415e74faf002186e13ae33190976f1ae61cece045fb76,2026-08-06
O95436,NPT2B_HUMAN,O95436,surface,active,true,,e22d7643ea01abd0dce415e74faf002186e13ae33190976f1ae61cece045fb76,2026-08-06
Q8N130,NPT2C_HUMAN,Q8N130,surface,active,true,,e22d7643ea01abd0dce415e74faf002186e13ae33190976f1ae61cece045fb76,2026-08-06
O00624,NPT3_HUMAN,O00624,non_surface,active,true,,e22d7643ea01abd0dce415e74faf002186e13ae33190976f1ae61cece045fb76,2026-08-06
O00476,NPT4_HUMAN,O00476,unclassified,active,true,,e22d7643ea01abd0dce415e74faf002186e13ae33190976f1ae61cece045fb76,2026-08-06
Q9Y639,NPTN_HUMAN,Q9Y639,surface,active,true,,e22d7643ea01abd0dce415e74faf002186e13ae33190976f1ae61cece045fb76,2026-08-06
Q15818,NPTX1_HUMAN,Q15818,unclassified,active,true,,e22d7643ea01abd0dce415e74faf002186e13ae33190976f1ae61cece045fb76,2026-08-06
P47972,NPTX2_HUMAN,P47972,unclassified,active,true,,e22d7643ea01abd0dce415e74faf002186e13ae33190976f1ae61cece045fb76,2026-08-06
O95502,NPTXR_HUMAN,O95502,non_surface,active,true,,e22d7643ea01abd0dce415e74faf002186e13ae33190976f1ae61cece045fb76,2026-08-06
Q9HCQ7,NPVF_HUMAN,Q9HCQ7,unclassified,active,true,,e22d7643ea01abd0dce415e74faf002186e13ae33190976f1ae61cece045fb76,2026-08-06
Q8N729,NPW_HUMAN,Q8N729,unclassified,active,true,,e22d7643ea01abd0dce415e74faf002186e13ae33190976f1ae61cece045fb76,2026-08-06
P25929,NPY1R_HUMAN,P25929,surface,active,true,,e22d7643ea01abd0dce415e74faf002186e13ae33190976f1ae61cece045fb76,2026-08-06
P49146,NPY2R_HUMAN,P49146,surface,active,true,,e22d7643ea01abd0dce415e74faf002186e13ae33190976f1ae61cece045fb76,2026-08-06
P50391,NPY4R_HUMAN,P50391,surface,active,true,,e22d7643ea01abd0dce415e74faf002186e13ae33190976f1ae61cece045fb76,2026-08-06
Q15761,NPY5R_HUMAN,Q15761,surface,active,true,,e22d7643ea01abd0dce415e74faf002186e13ae33190976f1ae61cece045fb76,2026-08-06
Q99463,NPY6R_HUMAN,Q99463,surface,active,true,,e22d7643ea01abd0dce415e74faf002186e13ae33190976f1ae61cece045fb76,2026-08-06
P01303,NPY_HUMAN,P01303,unclassified,active,true,,e22d7643ea01abd0dce415e74faf002186e13ae33190976f1ae61cece045fb76,2026-08-06
Q9Y5X4,NR2E3_HUMAN,Q9Y5X4,unclassified,active,true,,e22d7643ea01abd0dce415e74faf002186e13ae33190976f1ae61cece045fb76,2026-08-06
Q68D85,NR3L1_HUMAN,Q68D85,surface,active,true,,e22d7643ea01abd0dce415e74faf002186e13ae33190976f1ae61cece045fb76,2026-08-06
P22736,NR4A1_HUMAN,P22736,non_surface,active,true,,e22d7643ea01abd0dce415e74faf002186e13ae33190976f1ae61cece045fb76,2026-08-06
Q8N912,NRAC_HUMAN,Q8N912,non_surface,active,true,,e22d7643ea01abd0dce415e74faf002186e13ae33190976f1ae61cece045fb76,2026-08-06
P49279,NRAM1_HUMAN,P49279,surface,active,true,,e22d7643ea01abd0dce415e74faf002186e13ae33190976f1ae61cece045fb76,2026-08-06
P49281,NRAM2_HUMAN,P49281,surface,active,true,,e22d7643ea01abd0dce415e74faf002186e13ae33190976f1ae61cece045fb76,2026-08-06
Q92823,NRCAM_HUMAN,Q92823,surface,active,true,,e22d7643ea01abd0dce415e74faf002186e13ae33190976f1ae61cece045fb76,2026-08-06
O43847,NRDC_HUMAN,O43847,unclassified,active,true,,e22d7643ea01abd0dce415e74faf002186e13ae33190976f1ae61cece045fb76,2026-08-06
Q02297,NRG1_HUMAN,Q02297,surface,active,true,,e22d7643ea01abd0dce415e74faf002186e13ae33190976f1ae61cece045fb76,2026-08-06
O14511,NRG2_HUMAN,O14511,surface,active,true,,e22d7643ea01abd0dce415e74faf002186e13ae33190976f1ae61cece045fb76,2026-08-06
P56975,NRG3_HUMAN,P56975,non_surface,active,true,,e22d7643ea01abd0dce415e74faf002186e13ae33190976f1ae61cece045fb76,2026-08-06
Q8WWG1,NRG4_HUMAN,Q8WWG1,surface,active,true,,e22d7643ea01abd0dce415e74faf002186e13ae33190976f1ae61cece045fb76,2026-08-06
Q8IXM6,NRM_HUMAN,Q8IXM6,non_surface,active,true,,e22d7643ea01abd0dce415e74faf002186e13ae33190976f1ae61cece045fb76,2026-08-06
Q496H8,NRN1L_HUMAN,Q496H8,surface,active,true,,e22d7643ea01abd0dce415e74faf002186e13ae33190976f1ae61cece045fb76,2026-08-06
Q9NPD7,NRN1_HUMAN,Q9NPD7,surface,active,true,,e22d7643ea01abd0dce415e74faf002186e13ae33190976f1ae61cece045fb76,2026-08-06
O14786,NRP1_HUMAN,O14786,surface,active,true,,e22d7643ea01abd0dce415e74faf002186e13ae33190976f1ae61cece045fb76,2026-08-06
O60462,NRP2_HUMAN,O60462,surface,active,true,,e22d7643ea01abd0dce415e74faf002186e13ae33190976f1ae61cece045fb76,2026-08-06
Q86YC3,NRROS_HUMAN,Q86YC3,surface,active,true,,e22d7643ea01abd0dce415e74faf002186e13ae33190976f1ae61cece045fb76,2026-08-06
Q8IZ57,NRSN1_HUMAN,Q8IZ57,non_surface,active,true,,e22d7643ea01abd0dce415e74faf002186e13ae33190976f1ae61cece045fb76,2026-08-06
Q9GZP1,NRSN2_HUMAN,Q9GZP1,non_surface,active,true,,e22d7643ea01abd0dce415e74faf002186e13ae33190976f1ae61cece045fb76,2026-08-06
Q99748,NRTN_HUMAN,Q99748,unclassified,active,true,,e22d7643ea01abd0dce415e74faf002186e13ae33190976f1ae61cece045fb76,2026-08-06
Q9ULB1,NRX1A_HUMAN,Q9ULB1,surface,active,true,,e22d7643ea01abd0dce415e74faf002186e13ae33190976f1ae61cece045fb76,2026-08-06
P58400,NRX1B_HUMAN,P58400,surface,active,true,,e22d7643ea01abd0dce415e74faf002186e13ae33190976f1ae61cece045fb76,2026-08-06
Q9P2S2,NRX2A_HUMAN,Q9P2S2,surface,active,true,,e22d7643ea01abd0dce415e74faf002186e13ae33190976f1ae61cece045fb76,2026-08-06
P58401,NRX2B_HUMAN,P58401,surface,active,true,,e22d7643ea01abd0dce415e74faf002186e13ae33190976f1ae61cece045fb76,2026-08-06
Q9Y4C0,NRX3A_HUMAN,Q9Y4C0,surface,active,true,,e22d7643ea01abd0dce415e74faf002186e13ae33190976f1ae61cece045fb76,2026-08-06
Q9HDB5,NRX3B_HUMAN,Q9HDB5,surface,active,true,,e22d7643ea01abd0dce415e74faf002186e13ae33190976f1ae61cece045fb76,2026-08-06
Q15738,NSDHL_HUMAN,Q15738,non_surface,active,true,,e22d7643ea01abd0dce415e74faf002186e13ae33190976f1ae61cece045fb76,2026-08-06
P42857,NSG1_HUMAN,P42857,non_surface,active,true,,e22d7643ea01abd0dce415e74faf002186e13ae33190976f1ae61cece045fb76,2026-08-06
Q9Y328,NSG2_HUMAN,Q9Y328,non_surface,active,true,,e22d7643ea01abd0dce415e74faf002186e13ae33190976f1ae61cece045fb76,2026-08-06
Q9NY59,NSMA2_HUMAN,Q9NY59,unclassified,active,true,,e22d7643ea01abd0dce415e74faf002186e13ae33190976f1ae61cece045fb76,2026-08-06
Q9NXE4,NSMA3_HUMAN,Q9NXE4,non_surface,active,true,,e22d7643ea01abd0dce415e74faf002186e13ae33190976f1ae61cece045fb76,2026-08-06
O60906,NSMA_HUMAN,O60906,non_surface,active,true,,e22d7643ea01abd0dce415e74faf002186e13ae33190976f1ae61cece045fb76,2026-08-06
Q3KNT7,NSN5B_HUMAN,Q3KNT7,unclassified,active,true,,e22d7643ea01abd0dce415e74faf002186e13ae33190976f1ae61cece045fb76,2026-08-06
Q96P11,NSUN5_HUMAN,Q96P11,unclassified,active,true,,e22d7643ea01abd0dce415e74faf002186e13ae33190976f1ae61cece045fb76,2026-08-06
Q86UY8,NT5D3_HUMAN,Q86UY8,unclassified,active,true,,e22d7643ea01abd0dce415e74faf002186e13ae33190976f1ae61cece045fb76,2026-08-06
Q9GZY6,NTAL_HUMAN,Q9GZY6,non_surface,active,true,,e22d7643ea01abd0dce415e74faf002186e13ae33190976f1ae61cece045fb76,2026-08-06
Q12908,NTCP2_HUMAN,Q12908,surface,active,true,,e22d7643ea01abd0dce415e74faf002186e13ae33190976f1ae61cece045fb76,2026-08-06
Q96EP9,NTCP4_HUMAN,Q96EP9,surface,active,true,,e22d7643ea01abd0dce415e74faf002186e13ae33190976f1ae61cece045fb76,2026-08-06
Q5PT55,NTCP5_HUMAN,Q5PT55,surface,active,true,,e22d7643ea01abd0dce415e74faf002186e13ae33190976f1ae61cece045fb76,2026-08-06
Q0GE19,NTCP7_HUMAN,Q0GE19,unclassified,active,true,,e22d7643ea01abd0dce415e74faf002186e13ae33190976f1ae61cece045fb76,2026-08-06
Q14973,NTCP_HUMAN,Q14973,surface,active,true,,e22d7643ea01abd0dce415e74faf002186e13ae33190976f1ae61cece045fb76,2026-08-06
P20783,NTF3_HUMAN,P20783,unclassified,active,true,,e22d7643ea01abd0dce415e74faf002186e13ae33190976f1ae61cece045fb76,2026-08-06
P34130,NTF4_HUMAN,P34130,unclassified,active,true,,e22d7643ea01abd0dce415e74faf002186e13ae33190976f1ae61cece045fb76,2026-08-06
Q9Y2I2,NTNG1_HUMAN,Q9Y2I2,surface,active,true,,e22d7643ea01abd0dce415e74faf002186e13ae33190976f1ae61cece045fb76,2026-08-06
Q96CW9,NTNG2_HUMAN,Q96CW9,surface,active,true,,e22d7643ea01abd0dce415e74faf002186e13ae33190976f1ae61cece045fb76,2026-08-06
P30989,NTR1_HUMAN,P30989,surface,active,true,,e22d7643ea01abd0dce415e74faf002186e13ae33190976f1ae61cece045fb76,2026-08-06
O95665,NTR2_HUMAN,O95665,surface,active,true,,e22d7643ea01abd0dce415e74faf002186e13ae33190976f1ae61cece045fb76,2026-08-06
Q9P121,NTRI_HUMAN,Q9P121,surface,active,true,,e22d7643ea01abd0dce415e74faf002186e13ae33190976f1ae61cece045fb76,2026-08-06
P04629,NTRK1_HUMAN,P04629,surface,active,true,,e22d7643ea01abd0dce415e74faf002186e13ae33190976f1ae61cece045fb76,2026-08-06
Q16620,NTRK2_HUMAN,Q16620,surface,active,true,,e22d7643ea01abd0dce415e74faf002186e13ae33190976f1ae61cece045fb76,2026-08-06
Q16288,NTRK3_HUMAN,Q16288,surface,active,true,,e22d7643ea01abd0dce415e74faf002186e13ae33190976f1ae61cece045fb76,2026-08-06
O75694,NU155_HUMAN,O75694,unclassified,active,true,,e22d7643ea01abd0dce415e74faf002186e13ae33190976f1ae61cece045fb76,2026-08-06
P03886,NU1M_HUMAN,P03886,non_surface,active,true,,e22d7643ea01abd0dce415e74faf002186e13ae33190976f1ae61cece045fb76,2026-08-06
Q92621,NU205_HUMAN,Q92621,non_surface,active,true,,e22d7643ea01abd0dce415e74faf002186e13ae33190976f1ae61cece045fb76,2026-08-06
P03891,NU2M_HUMAN,P03891,non_surface,active,true,,e22d7643ea01abd0dce415e74faf002186e13ae33190976f1ae61cece045fb76,2026-08-06
P03897,NU3M_HUMAN,P03897,non_surface,active,true,,e22d7643ea01abd0dce415e74faf002186e13ae33190976f1ae61cece045fb76,2026-08-06
P03901,NU4LM_HUMAN,P03901,non_surface,active,true,,e22d7643ea01abd0dce415e74faf002186e13ae33190976f1ae61cece045fb76,2026-08-06
P03905,NU4M_HUMAN,P03905,non_surface,active,true,,e22d7643ea01abd0dce415e74faf002186e13ae33190976f1ae61cece045fb76,2026-08-06
P03915,NU5M_HUMAN,P03915,non_surface,active,true,,e22d7643ea01abd0dce415e74faf002186e13ae33190976f1ae61cece045fb76,2026-08-06
P03923,NU6M_HUMAN,P03923,non_surface,active,true,,e22d7643ea01abd0dce415e74faf002186e13ae33190976f1ae61cece045fb76,2026-08-06
Q9NRX3,NUA4L_HUMAN,Q9NRX3,non_surface,active,true,,e22d7643ea01abd0dce415e74faf002186e13ae33190976f1ae61cece045fb76,2026-08-06
Q8TB37,NUBPL_HUMAN,Q8TB37,unclassified,active,true,,e22d7643ea01abd0dce415e74faf002186e13ae33190976f1ae61cece045fb76,2026-08-06
Q02818,NUCB1_HUMAN,Q02818,unclassified,active,true,,e22d7643ea01abd0dce415e74faf002186e13ae33190976f1ae61cece045fb76,2026-08-06
P80303,NUCB2_HUMAN,P80303,unclassified,active,true,,e22d7643ea01abd0dce415e74faf002186e13ae33190976f1ae61cece045fb76,2026-08-06
Q14249,NUCG_HUMAN,Q14249,unclassified,active,true,,e22d7643ea01abd0dce415e74faf002186e13ae33190976f1ae61cece045fb76,2026-08-06
Q6ZVK8,NUD18_HUMAN,Q6ZVK8,unclassified,active,true,,e22d7643ea01abd0dce415e74faf002186e13ae33190976f1ae61cece045fb76,2026-08-06
A8MXV4,NUD19_HUMAN,A8MXV4,unclassified,active,true,,e22d7643ea01abd0dce415e74faf002186e13ae33190976f1ae61cece045fb76,2026-08-06
Q9BW91,NUDT9_HUMAN,Q9BW91,unclassified,active,true,,e22d7643ea01abd0dce415e74faf002186e13ae33190976f1ae61cece045fb76,2026-08-06
Q8N1F7,NUP93_HUMAN,Q8N1F7,non_surface,active,true,,e22d7643ea01abd0dce415e74faf002186e13ae33190976f1ae61cece045fb76,2026-08-06
Q8N323,NXPE1_HUMAN,Q8N323,unclassified,active,true,,e22d7643ea01abd0dce415e74faf002186e13ae33190976f1ae61cece045fb76,2026-08-06
Q96DL1,NXPE2_HUMAN,Q96DL1,non_surface,active,true,,e22d7643ea01abd0dce415e74faf002186e13ae33190976f1ae61cece045fb76,2026-08-06
Q969Y0,NXPE3_HUMAN,Q969Y0,unclassified,active,true,,e22d7643ea01abd0dce415e74faf002186e13ae33190976f1ae61cece045fb76,2026-08-06
Q6UWF7,NXPE4_HUMAN,Q6UWF7,unclassified,active,true,,e22d7643ea01abd0dce415e74faf002186e13ae33190976f1ae61cece045fb76,2026-08-06
P58417,NXPH1_HUMAN,P58417,unclassified,active,true,,e22d7643ea01abd0dce415e74faf002186e13ae33190976f1ae61cece045fb76,2026-08-06
O95156,NXPH2_HUMAN,O95156,unclassified,active,true,,e22d7643ea01abd0dce415e74faf002186e13ae33190976f1ae61cece045fb76,2026-08-06
O95157,NXPH3_HUMAN,O95157,unclassified,active,true,,e22d7643ea01abd0dce415e74faf002186e13ae33190976f1ae61cece045fb76,2026-08-06
O95158,NXPH4_HUMAN,O95158,unclassified,active,true,,e22d7643ea01abd0dce415e74faf002186e13ae33190976f1ae61cece045fb76,2026-08-06
Q9P2P1,NYNRI_HUMAN,Q9P2P1,non_surface,active,true,,e22d7643ea01abd0dce415e74faf002186e13ae33190976f1ae61cece045fb76,2026-08-06
Q9GZU5,NYX_HUMAN,Q9GZU5,unclassified,active,true,,e22d7643ea01abd0dce415e74faf002186e13ae33190976f1ae61cece045fb76,2026-08-06
Q9H208,O10A2_HUMAN,Q9H208,surface,active,true,,e22d7643ea01abd0dce415e74faf002186e13ae33190976f1ae61cece045fb76,2026-08-06
P58181,O10A3_HUMAN,P58181,surface,active,true,,e22d7643ea01abd0dce415e74faf002186e13ae33190976f1ae61cece045fb76,2026-08-06
Q9H209,O10A4_HUMAN,Q9H209,surface,active,true,,e22d7643ea01abd0dce415e74faf002186e13ae33190976f1ae61cece045fb76,2026-08-06
Q9H207,O10A5_HUMAN,Q9H207,surface,active,true,,e22d7643ea01abd0dce415e74faf002186e13ae33190976f1ae61cece045fb76,2026-08-06
Q8NH74,O10A6_HUMAN,Q8NH74,surface,active,true,,e22d7643ea01abd0dce415e74faf002186e13ae33190976f1ae61cece045fb76,2026-08-06
Q8NGE5,O10A7_HUMAN,Q8NGE5,surface,active,true,,e22d7643ea01abd0dce415e74faf002186e13ae33190976f1ae61cece045fb76,2026-08-06
Q8NH08,O10AC_HUMAN,Q8NH08,surface,active,true,,e22d7643ea01abd0dce415e74faf002186e13ae33190976f1ae61cece045fb76,2026-08-06
Q8NGE0,O10AD_HUMAN,Q8NGE0,surface,active,true,,e22d7643ea01abd0dce415e74faf002186e13ae33190976f1ae61cece045fb76,2026-08-06
Q8NH19,O10AG_HUMAN,Q8NH19,surface,active,true,,e22d7643ea01abd0dce415e74faf002186e13ae33190976f1ae61cece045fb76,2026-08-06
Q96KK4,O10C1_HUMAN,Q96KK4,surface,active,true,,e22d7643ea01abd0dce415e74faf002186e13ae33190976f1ae61cece045fb76,2026-08-06
Q8NH80,O10D3_HUMAN,Q8NH80,surface,active,true,,e22d7643ea01abd0dce415e74faf002186e13ae33190976f1ae61cece045fb76,2026-08-06
Q8NGN7,O10D4_HUMAN,Q8NGN7,surface,active,true,,e22d7643ea01abd0dce415e74faf002186e13ae33190976f1ae61cece045fb76,2026-08-06
Q8NGC3,O10G2_HUMAN,Q8NGC3,surface,active,true,,e22d7643ea01abd0dce415e74faf002186e13ae33190976f1ae61cece045fb76,2026-08-06
Q8NGC4,O10G3_HUMAN,Q8NGC4,surface,active,true,,e22d7643ea01abd0dce415e74faf002186e13ae33190976f1ae61cece045fb76,2026-08-06
Q8NGN3,O10G4_HUMAN,Q8NGN3,surface,active,true,,e22d7643ea01abd0dce415e74faf002186e13ae33190976f1ae61cece045fb76,2026-08-06
Q8NH81,O10G6_HUMAN,Q8NH81,surface,active,true,,e22d7643ea01abd0dce415e74faf002186e13ae33190976f1ae61cece045fb76,2026-08-06
Q8NGN6,O10G7_HUMAN,Q8NGN6,surface,active,true,,e22d7643ea01abd0dce415e74faf002186e13ae33190976f1ae61cece045fb76,2026-08-06
Q8NGN5,O10G8_HUMAN,Q8NGN5,surface,active,true,,e22d7643ea01abd0dce415e74faf002186e13ae33190976f1ae61cece045fb76,2026-08-06
Q8NGN4,O10G9_HUMAN,Q8NGN4,surface,active,true,,e22d7643ea01abd0dce415e74faf002186e13ae33190976f1ae61cece045fb76,2026-08-06
Q9Y4A9,O10H1_HUMAN,Q9Y4A9,surface,active,true,,e22d7643ea01abd0dce415e74faf002186e13ae33190976f1ae61cece045fb76,2026-08-06
O60403,O10H2_HUMAN,O60403,surface,active,true,,e22d7643ea01abd0dce415e74faf002186e13ae33190976f1ae61cece045fb76,2026-08-06
O60404,O10H3_HUMAN,O60404,surface,active,true,,e22d7643ea01abd0dce415e74faf002186e13ae33190976f1ae61cece045fb76,2026-08-06
Q8NGA5,O10H4_HUMAN,Q8NGA5,surface,active,true,,e22d7643ea01abd0dce415e74faf002186e13ae33190976f1ae61cece045fb76,2026-08-06
Q8NGA6,O10H5_HUMAN,Q8NGA6,surface,active,true,,e22d7643ea01abd0dce415e74faf002186e13ae33190976f1ae61cece045fb76,2026-08-06
P30954,O10J1_HUMAN,P30954,surface,active,true,,e22d7643ea01abd0dce415e74faf002186e13ae33190976f1ae61cece045fb76,2026-08-06
Q5JRS4,O10J3_HUMAN,Q5JRS4,surface,active,true,,e22d7643ea01abd0dce415e74faf002186e13ae33190976f1ae61cece045fb76,2026-08-06
P0C629,O10J4_HUMAN,P0C629,surface,active,true,,e22d7643ea01abd0dce415e74faf002186e13ae33190976f1ae61cece045fb76,2026-08-06
Q8NHC4,O10J5_HUMAN,Q8NHC4,surface,active,true,,e22d7643ea01abd0dce415e74faf002186e13ae33190976f1ae61cece045fb76,2026-08-06
Q8NGY7,O10J6_HUMAN,Q8NGY7,surface,active,true,,e22d7643ea01abd0dce415e74faf002186e13ae33190976f1ae61cece045fb76,2026-08-06
Q8NGX5,O10K1_HUMAN,Q8NGX5,surface,active,true,,e22d7643ea01abd0dce415e74faf002186e13ae33190976f1ae61cece045fb76,2026-08-06
Q6IF99,O10K2_HUMAN,Q6IF99,surface,active,true,,e22d7643ea01abd0dce415e74faf002186e13ae33190976f1ae61cece045fb76,2026-08-06
Q8NGE3,O10P1_HUMAN,Q8NGE3,surface,active,true,,e22d7643ea01abd0dce415e74faf002186e13ae33190976f1ae61cece045fb76,2026-08-06
Q8NGQ4,O10Q1_HUMAN,Q8NGQ4,surface,active,true,,e22d7643ea01abd0dce415e74faf002186e13ae33190976f1ae61cece045fb76,2026-08-06
Q8NGX6,O10R2_HUMAN,Q8NGX6,surface,active,true,,e22d7643ea01abd0dce415e74faf002186e13ae33190976f1ae61cece045fb76,2026-08-06
Q8NGN2,O10S1_HUMAN,Q8NGN2,surface,active,true,,e22d7643ea01abd0dce415e74faf002186e13ae33190976f1ae61cece045fb76,2026-08-06
Q8NGX3,O10T2_HUMAN,Q8NGX3,surface,active,true,,e22d7643ea01abd0dce415e74faf002186e13ae33190976f1ae61cece045fb76,2026-08-06
Q8NGI7,O10V1_HUMAN,Q8NGI7,surface,active,true,,e22d7643ea01abd0dce415e74faf002186e13ae33190976f1ae61cece045fb76,2026-08-06
Q8NGF6,O10W1_HUMAN,Q8NGF6,surface,active,true,,e22d7643ea01abd0dce415e74faf002186e13ae33190976f1ae61cece045fb76,2026-08-06
Q8NGY0,O10X1_HUMAN,Q8NGY0,surface,active,true,,e22d7643ea01abd0dce415e74faf002186e13ae33190976f1ae61cece045fb76,2026-08-06
Q8NGY1,O10Z1_HUMAN,Q8NGY1,surface,active,true,,e22d7643ea01abd0dce415e74faf002186e13ae33190976f1ae61cece045fb76,2026-08-06
Q9GZK7,O11A1_HUMAN,Q9GZK7,surface,active,true,,e22d7643ea01abd0dce415e74faf002186e13ae33190976f1ae61cece045fb76,2026-08-06
Q8NGC1,O11G2_HUMAN,Q8NGC1,surface,active,true,,e22d7643ea01abd0dce415e74faf002186e13ae33190976f1ae61cece045fb76,2026-08-06
Q8NG94,O11H1_HUMAN,Q8NG94,surface,active,true,,e22d7643ea01abd0dce415e74faf002186e13ae33190976f1ae61cece045fb76,2026-08-06
Q8NH07,O11H2_HUMAN,Q8NH07,surface,active,true,,e22d7643ea01abd0dce415e74faf002186e13ae33190976f1ae61cece045fb76,2026-08-06
Q8NGC9,O11H4_HUMAN,Q8NGC9,surface,active,true,,e22d7643ea01abd0dce415e74faf002186e13ae33190976f1ae61cece045fb76,2026-08-06
Q8NGC7,O11H6_HUMAN,Q8NGC7,surface,active,true,,e22d7643ea01abd0dce415e74faf002186e13ae33190976f1ae61cece045fb76,2026-08-06
Q8NGC8,O11H7_HUMAN,Q8NGC8,surface,active,true,,e22d7643ea01abd0dce415e74faf002186e13ae33190976f1ae61cece045fb76,2026-08-06
B2RN74,O11HC_HUMAN,B2RN74,surface,active,true,,e22d7643ea01abd0dce415e74faf002186e13ae33190976f1ae61cece045fb76,2026-08-06
Q8NGX0,O11L1_HUMAN,Q8NGX0,surface,active,true,,e22d7643ea01abd0dce415e74faf002186e13ae33190976f1ae61cece045fb76,2026-08-06
P58182,O12D2_HUMAN,P58182,surface,active,true,,e22d7643ea01abd0dce415e74faf002186e13ae33190976f1ae61cece045fb76,2026-08-06
Q9UGF7,O12D3_HUMAN,Q9UGF7,surface,active,true,,e22d7643ea01abd0dce415e74faf002186e13ae33190976f1ae61cece045fb76,2026-08-06
Q8NGR1,O13A1_HUMAN,Q8NGR1,surface,active,true,,e22d7643ea01abd0dce415e74faf002186e13ae33190976f1ae61cece045fb76,2026-08-06
Q8NGS9,O13C2_HUMAN,Q8NGS9,surface,active,true,,e22d7643ea01abd0dce415e74faf002186e13ae33190976f1ae61cece045fb76,2026-08-06
Q8NGS6,O13C3_HUMAN,Q8NGS6,surface,active,true,,e22d7643ea01abd0dce415e74faf002186e13ae33190976f1ae61cece045fb76,2026-08-06
Q8NGS5,O13C4_HUMAN,Q8NGS5,surface,active,true,,e22d7643ea01abd0dce415e74faf002186e13ae33190976f1ae61cece045fb76,2026-08-06
Q8NGS8,O13C5_HUMAN,Q8NGS8,surface,active,true,,e22d7643ea01abd0dce415e74faf002186e13ae33190976f1ae61cece045fb76,2026-08-06
Q8NH95,O13C6_HUMAN,Q8NH95,surface,active,true,,e22d7643ea01abd0dce415e74faf002186e13ae33190976f1ae61cece045fb76,2026-08-06
Q8NGS7,O13C8_HUMAN,Q8NGS7,surface,active,true,,e22d7643ea01abd0dce415e74faf002186e13ae33190976f1ae61cece045fb76,2026-08-06
Q8NGT0,O13C9_HUMAN,Q8NGT0,surface,active,true,,e22d7643ea01abd0dce415e74faf002186e13ae33190976f1ae61cece045fb76,2026-08-06
Q8NGV5,O13D1_HUMAN,Q8NGV5,surface,active,true,,e22d7643ea01abd0dce415e74faf002186e13ae33190976f1ae61cece045fb76,2026-08-06
Q8NGS4,O13F1_HUMAN,Q8NGS4,surface,active,true,,e22d7643ea01abd0dce415e74faf002186e13ae33190976f1ae61cece045fb76,2026-08-06
Q8NGZ3,O13G1_HUMAN,Q8NGZ3,surface,active,true,,e22d7643ea01abd0dce415e74faf002186e13ae33190976f1ae61cece045fb76,2026-08-06
Q8NG92,O13H1_HUMAN,Q8NG92,surface,active,true,,e22d7643ea01abd0dce415e74faf002186e13ae33190976f1ae61cece045fb76,2026-08-06
Q8NGT2,O13J1_HUMAN,Q8NGT2,surface,active,true,,e22d7643ea01abd0dce415e74faf002186e13ae33190976f1ae61cece045fb76,2026-08-06
Q96R54,O14A2_HUMAN,Q96R54,surface,active,true,,e22d7643ea01abd0dce415e74faf002186e13ae33190976f1ae61cece045fb76,2026-08-06
Q8NHC5,O14AG_HUMAN,Q8NHC5,surface,active,true,,e22d7643ea01abd0dce415e74faf002186e13ae33190976f1ae61cece045fb76,2026-08-06
Q8NHC7,O14CZ_HUMAN,Q8NHC7,surface,active,true,,e22d7643ea01abd0dce415e74faf002186e13ae33190976f1ae61cece045fb76,2026-08-06
A6ND48,O14I1_HUMAN,A6ND48,surface,active,true,,e22d7643ea01abd0dce415e74faf002186e13ae33190976f1ae61cece045fb76,2026-08-06
Q9UGF5,O14J1_HUMAN,Q9UGF5,surface,active,true,,e22d7643ea01abd0dce415e74faf002186e13ae33190976f1ae61cece045fb76,2026-08-06
Q8NGZ2,O14K1_HUMAN,Q8NGZ2,surface,active,true,,e22d7643ea01abd0dce415e74faf002186e13ae33190976f1ae61cece045fb76,2026-08-06
Q8NHC6,O14L1_HUMAN,Q8NHC6,surface,active,true,,e22d7643ea01abd0dce415e74faf002186e13ae33190976f1ae61cece045fb76,2026-08-06
Q8NGT7,O2A12_HUMAN,Q8NGT7,surface,active,true,,e22d7643ea01abd0dce415e74faf002186e13ae33190976f1ae61cece045fb76,2026-08-06
Q96R47,O2A14_HUMAN,Q96R47,surface,active,true,,e22d7643ea01abd0dce415e74faf002186e13ae33190976f1ae61cece045fb76,2026-08-06
A4D2G3,O2A25_HUMAN,A4D2G3,surface,active,true,,e22d7643ea01abd0dce415e74faf002186e13ae33190976f1ae61cece045fb76,2026-08-06
Q8NHA4,O2AE1_HUMAN,Q8NHA4,surface,active,true,,e22d7643ea01abd0dce415e74faf002186e13ae33190976f1ae61cece045fb76,2026-08-06
Q9H205,O2AG1_HUMAN,Q9H205,surface,active,true,,e22d7643ea01abd0dce415e74faf002186e13ae33190976f1ae61cece045fb76,2026-08-06
A6NM03,O2AG2_HUMAN,A6NM03,surface,active,true,,e22d7643ea01abd0dce415e74faf002186e13ae33190976f1ae61cece045fb76,2026-08-06
Q8NGZ0,O2AJ1_HUMAN,Q8NGZ0,surface,active,true,,e22d7643ea01abd0dce415e74faf002186e13ae33190976f1ae61cece045fb76,2026-08-06
Q8NG84,O2AK2_HUMAN,Q8NG84,surface,active,true,,e22d7643ea01abd0dce415e74faf002186e13ae33190976f1ae61cece045fb76,2026-08-06
Q8NGE2,O2AP1_HUMAN,Q8NGE2,surface,active,true,,e22d7643ea01abd0dce415e74faf002186e13ae33190976f1ae61cece045fb76,2026-08-06
A6NND4,O2AT4_HUMAN,A6NND4,surface,active,true,,e22d7643ea01abd0dce415e74faf002186e13ae33190976f1ae61cece045fb76,2026-08-06
Q8NGZ9,O2T10_HUMAN,Q8NGZ9,surface,active,true,,e22d7643ea01abd0dce415e74faf002186e13ae33190976f1ae61cece045fb76,2026-08-06
Q8NH01,O2T11_HUMAN,Q8NH01,surface,active,true,,e22d7643ea01abd0dce415e74faf002186e13ae33190976f1ae61cece045fb76,2026-08-06
Q8NG77,O2T12_HUMAN,Q8NG77,surface,active,true,,e22d7643ea01abd0dce415e74faf002186e13ae33190976f1ae61cece045fb76,2026-08-06
Q8NH04,O2T27_HUMAN,Q8NH04,surface,active,true,,e22d7643ea01abd0dce415e74faf002186e13ae33190976f1ae61cece045fb76,2026-08-06
Q8NH02,O2T29_HUMAN,Q8NH02,surface,active,true,,e22d7643ea01abd0dce415e74faf002186e13ae33190976f1ae61cece045fb76,2026-08-06
Q8NG76,O2T33_HUMAN,Q8NG76,surface,active,true,,e22d7643ea01abd0dce415e74faf002186e13ae33190976f1ae61cece045fb76,2026-08-06
Q8NGX1,O2T34_HUMAN,Q8NGX1,surface,active,true,,e22d7643ea01abd0dce415e74faf002186e13ae33190976f1ae61cece045fb76,2026-08-06
Q8NGX2,O2T35_HUMAN,Q8NGX2,surface,active,true,,e22d7643ea01abd0dce415e74faf002186e13ae33190976f1ae61cece045fb76,2026-08-06
Q8NGL6,O4A15_HUMAN,Q8NGL6,surface,active,true,,e22d7643ea01abd0dce415e74faf002186e13ae33190976f1ae61cece045fb76,2026-08-06
Q8NH70,O4A16_HUMAN,Q8NH70,surface,active,true,,e22d7643ea01abd0dce415e74faf002186e13ae33190976f1ae61cece045fb76,2026-08-06
Q6IF82,O4A47_HUMAN,Q6IF82,surface,active,true,,e22d7643ea01abd0dce415e74faf002186e13ae33190976f1ae61cece045fb76,2026-08-06
A6NMZ5,O4C45_HUMAN,A6NMZ5,surface,active,true,,e22d7643ea01abd0dce415e74faf002186e13ae33190976f1ae61cece045fb76,2026-08-06
A6NHA9,O4C46_HUMAN,A6NHA9,surface,active,true,,e22d7643ea01abd0dce415e74faf002186e13ae33190976f1ae61cece045fb76,2026-08-06
Q8NGB8,O4F15_HUMAN,Q8NGB8,surface,active,true,,e22d7643ea01abd0dce415e74faf002186e13ae33190976f1ae61cece045fb76,2026-08-06
Q8NGA8,O4F17_HUMAN,Q8NGA8,surface,active,true,,e22d7643ea01abd0dce415e74faf002186e13ae33190976f1ae61cece045fb76,2026-08-06
O95013,O4F21_HUMAN,O95013,surface,active,true,,e22d7643ea01abd0dce415e74faf002186e13ae33190976f1ae61cece045fb76,2026-08-06
Q8NGJ7,O51A2_HUMAN,Q8NGJ7,surface,active,true,,e22d7643ea01abd0dce415e74faf002186e13ae33190976f1ae61cece045fb76,2026-08-06
Q8NGJ6,O51A4_HUMAN,Q8NGJ6,surface,active,true,,e22d7643ea01abd0dce415e74faf002186e13ae33190976f1ae61cece045fb76,2026-08-06
Q8NH64,O51A7_HUMAN,Q8NH64,surface,active,true,,e22d7643ea01abd0dce415e74faf002186e13ae33190976f1ae61cece045fb76,2026-08-06
Q9Y5P1,O51B2_HUMAN,Q9Y5P1,surface,active,true,,e22d7643ea01abd0dce415e74faf002186e13ae33190976f1ae61cece045fb76,2026-08-06
Q9Y5P0,O51B4_HUMAN,Q9Y5P0,surface,active,true,,e22d7643ea01abd0dce415e74faf002186e13ae33190976f1ae61cece045fb76,2026-08-06
Q9H339,O51B5_HUMAN,Q9H339,surface,active,true,,e22d7643ea01abd0dce415e74faf002186e13ae33190976f1ae61cece045fb76,2026-08-06
Q9H340,O51B6_HUMAN,Q9H340,surface,active,true,,e22d7643ea01abd0dce415e74faf002186e13ae33190976f1ae61cece045fb76,2026-08-06
Q8NGF3,O51D1_HUMAN,Q8NGF3,surface,active,true,,e22d7643ea01abd0dce415e74faf002186e13ae33190976f1ae61cece045fb76,2026-08-06
Q8TCB6,O51E1_HUMAN,Q8TCB6,surface,active,true,,e22d7643ea01abd0dce415e74faf002186e13ae33190976f1ae61cece045fb76,2026-08-06
Q9H255,O51E2_HUMAN,Q9H255,surface,active,true,,e22d7643ea01abd0dce415e74faf002186e13ae33190976f1ae61cece045fb76,2026-08-06
A6NGY5,O51F1_HUMAN,A6NGY5,surface,active,true,,e22d7643ea01abd0dce415e74faf002186e13ae33190976f1ae61cece045fb76,2026-08-06
Q8NH61,O51F2_HUMAN,Q8NH61,surface,active,true,,e22d7643ea01abd0dce415e74faf002186e13ae33190976f1ae61cece045fb76,2026-08-06
Q8NGK1,O51G1_HUMAN,Q8NGK1,surface,active,true,,e22d7643ea01abd0dce415e74faf002186e13ae33190976f1ae61cece045fb76,2026-08-06
Q8NGK0,O51G2_HUMAN,Q8NGK0,surface,active,true,,e22d7643ea01abd0dce415e74faf002186e13ae33190976f1ae61cece045fb76,2026-08-06
Q8NH63,O51H1_HUMAN,Q8NH63,surface,active,true,,e22d7643ea01abd0dce415e74faf002186e13ae33190976f1ae61cece045fb76,2026-08-06
Q9H343,O51I1_HUMAN,Q9H343,surface,active,true,,e22d7643ea01abd0dce415e74faf002186e13ae33190976f1ae61cece045fb76,2026-08-06
Q9H344,O51I2_HUMAN,Q9H344,surface,active,true,,e22d7643ea01abd0dce415e74faf002186e13ae33190976f1ae61cece045fb76,2026-08-06
Q9H342,O51J1_HUMAN,Q9H342,surface,active,true,,e22d7643ea01abd0dce415e74faf002186e13ae33190976f1ae61cece045fb76,2026-08-06
Q8NGJ5,O51L1_HUMAN,Q8NGJ5,surface,active,true,,e22d7643ea01abd0dce415e74faf002186e13ae33190976f1ae61cece045fb76,2026-08-06
Q9H341,O51M1_HUMAN,Q9H341,surface,active,true,,e22d7643ea01abd0dce415e74faf002186e13ae33190976f1ae61cece045fb76,2026-08-06
Q8NH59,O51Q1_HUMAN,Q8NH59,surface,active,true,,e22d7643ea01abd0dce415e74faf002186e13ae33190976f1ae61cece045fb76,2026-08-06
Q8NGJ8,O51S1_HUMAN,Q8NGJ8,surface,active,true,,e22d7643ea01abd0dce415e74faf002186e13ae33190976f1ae61cece045fb76,2026-08-06
Q8NGJ9,O51T1_HUMAN,Q8NGJ9,surface,active,true,,e22d7643ea01abd0dce415e74faf002186e13ae33190976f1ae61cece045fb76,2026-08-06
Q9H2C8,O51V1_HUMAN,Q9H2C8,surface,active,true,,e22d7643ea01abd0dce415e74faf002186e13ae33190976f1ae61cece045fb76,2026-08-06
Q9UKL2,O52A1_HUMAN,Q9UKL2,surface,active,true,,e22d7643ea01abd0dce415e74faf002186e13ae33190976f1ae61cece045fb76,2026-08-06
A6NMU1,O52A4_HUMAN,A6NMU1,surface,active,true,,e22d7643ea01abd0dce415e74faf002186e13ae33190976f1ae61cece045fb76,2026-08-06
Q9H2C5,O52A5_HUMAN,Q9H2C5,surface,active,true,,e22d7643ea01abd0dce415e74faf002186e13ae33190976f1ae61cece045fb76,2026-08-06
Q96RD2,O52B2_HUMAN,Q96RD2,surface,active,true,,e22d7643ea01abd0dce415e74faf002186e13ae33190976f1ae61cece045fb76,2026-08-06
Q8NGK2,O52B4_HUMAN,Q8NGK2,surface,active,true,,e22d7643ea01abd0dce415e74faf002186e13ae33190976f1ae61cece045fb76,2026-08-06
Q8NGF0,O52B6_HUMAN,Q8NGF0,surface,active,true,,e22d7643ea01abd0dce415e74faf002186e13ae33190976f1ae61cece045fb76,2026-08-06
Q9H346,O52D1_HUMAN,Q9H346,surface,active,true,,e22d7643ea01abd0dce415e74faf002186e13ae33190976f1ae61cece045fb76,2026-08-06
Q8NGJ3,O52E1_HUMAN,Q8NGJ3,surface,active,true,,e22d7643ea01abd0dce415e74faf002186e13ae33190976f1ae61cece045fb76,2026-08-06
Q8NGJ4,O52E2_HUMAN,Q8NGJ4,surface,active,true,,e22d7643ea01abd0dce415e74faf002186e13ae33190976f1ae61cece045fb76,2026-08-06
Q8NGH9,O52E4_HUMAN,Q8NGH9,surface,active,true,,e22d7643ea01abd0dce415e74faf002186e13ae33190976f1ae61cece045fb76,2026-08-06
Q8NH55,O52E5_HUMAN,Q8NH55,surface,active,true,,e22d7643ea01abd0dce415e74faf002186e13ae33190976f1ae61cece045fb76,2026-08-06
Q96RD3,O52E6_HUMAN,Q96RD3,surface,active,true,,e22d7643ea01abd0dce415e74faf002186e13ae33190976f1ae61cece045fb76,2026-08-06
Q6IFG1,O52E8_HUMAN,Q6IFG1,surface,active,true,,e22d7643ea01abd0dce415e74faf002186e13ae33190976f1ae61cece045fb76,2026-08-06
Q8NGJ2,O52H1_HUMAN,Q8NGJ2,surface,active,true,,e22d7643ea01abd0dce415e74faf002186e13ae33190976f1ae61cece045fb76,2026-08-06
Q8NGK6,O52I1_HUMAN,Q8NGK6,surface,active,true,,e22d7643ea01abd0dce415e74faf002186e13ae33190976f1ae61cece045fb76,2026-08-06
Q8NH67,O52I2_HUMAN,Q8NH67,surface,active,true,,e22d7643ea01abd0dce415e74faf002186e13ae33190976f1ae61cece045fb76,2026-08-06
Q8NH60,O52J3_HUMAN,Q8NH60,surface,active,true,,e22d7643ea01abd0dce415e74faf002186e13ae33190976f1ae61cece045fb76,2026-08-06
Q8NGK4,O52K1_HUMAN,Q8NGK4,surface,active,true,,e22d7643ea01abd0dce415e74faf002186e13ae33190976f1ae61cece045fb76,2026-08-06
Q8NGK3,O52K2_HUMAN,Q8NGK3,surface,active,true,,e22d7643ea01abd0dce415e74faf002186e13ae33190976f1ae61cece045fb76,2026-08-06
Q8NGH7,O52L1_HUMAN,Q8NGH7,surface,active,true,,e22d7643ea01abd0dce415e74faf002186e13ae33190976f1ae61cece045fb76,2026-08-06
Q8NGH6,O52L2_HUMAN,Q8NGH6,surface,active,true,,e22d7643ea01abd0dce415e74faf002186e13ae33190976f1ae61cece045fb76,2026-08-06
Q8NGK5,O52M1_HUMAN,Q8NGK5,surface,active,true,,e22d7643ea01abd0dce415e74faf002186e13ae33190976f1ae61cece045fb76,2026-08-06
Q8NH53,O52N1_HUMAN,Q8NH53,surface,active,true,,e22d7643ea01abd0dce415e74faf002186e13ae33190976f1ae61cece045fb76,2026-08-06
Q8NGI0,O52N2_HUMAN,Q8NGI0,surface,active,true,,e22d7643ea01abd0dce415e74faf002186e13ae33190976f1ae61cece045fb76,2026-08-06
Q8NGI2,O52N4_HUMAN,Q8NGI2,surface,active,true,,e22d7643ea01abd0dce415e74faf002186e13ae33190976f1ae61cece045fb76,2026-08-06
Q8NH56,O52N5_HUMAN,Q8NH56,surface,active,true,,e22d7643ea01abd0dce415e74faf002186e13ae33190976f1ae61cece045fb76,2026-08-06
Q8NH57,O52P1_HUMAN,Q8NH57,surface,active,true,,e22d7643ea01abd0dce415e74faf002186e13ae33190976f1ae61cece045fb76,2026-08-06
Q8NGF1,O52R1_HUMAN,Q8NGF1,surface,active,true,,e22d7643ea01abd0dce415e74faf002186e13ae33190976f1ae61cece045fb76,2026-08-06
Q6IF63,O52W1_HUMAN,Q6IF63,surface,active,true,,e22d7643ea01abd0dce415e74faf002186e13ae33190976f1ae61cece045fb76,2026-08-06
P0C646,O52Z1_HUMAN,P0C646,surface,active,true,,e22d7643ea01abd0dce415e74faf002186e13ae33190976f1ae61cece045fb76,2026-08-06
Q8NGH5,O56A1_HUMAN,Q8NGH5,surface,active,true,,e22d7643ea01abd0dce415e74faf002186e13ae33190976f1ae61cece045fb76,2026-08-06
Q8NH54,O56A3_HUMAN,Q8NH54,surface,active,true,,e22d7643ea01abd0dce415e74faf002186e13ae33190976f1ae61cece045fb76,2026-08-06
Q8NGH8,O56A4_HUMAN,Q8NGH8,surface,active,true,,e22d7643ea01abd0dce415e74faf002186e13ae33190976f1ae61cece045fb76,2026-08-06
P0C7T3,O56A5_HUMAN,P0C7T3,surface,active,true,,e22d7643ea01abd0dce415e74faf002186e13ae33190976f1ae61cece045fb76,2026-08-06
Q8NGI3,O56B1_HUMAN,Q8NGI3,surface,active,true,,e22d7643ea01abd0dce415e74faf002186e13ae33190976f1ae61cece045fb76,2026-08-06
Q8NGI1,O56B2_HUMAN,Q8NGI1,surface,active,true,,e22d7643ea01abd0dce415e74faf002186e13ae33190976f1ae61cece045fb76,2026-08-06
Q8NH76,O56B4_HUMAN,Q8NH76,surface,active,true,,e22d7643ea01abd0dce415e74faf002186e13ae33190976f1ae61cece045fb76,2026-08-06
P0C628,O5AC1_HUMAN,P0C628,surface,active,true,,e22d7643ea01abd0dce415e74faf002186e13ae33190976f1ae61cece045fb76,2026-08-06
Q9NZP5,O5AC2_HUMAN,Q9NZP5,surface,active,true,,e22d7643ea01abd0dce415e74faf002186e13ae33190976f1ae61cece045fb76,2026-08-06
Q8NH90,O5AK2_HUMAN,Q8NH90,surface,active,true,,e22d7643ea01abd0dce415e74faf002186e13ae33190976f1ae61cece045fb76,2026-08-06
Q8NH89,O5AK3_HUMAN,Q8NH89,surface,active,true,,e22d7643ea01abd0dce415e74faf002186e13ae33190976f1ae61cece045fb76,2026-08-06
P0C617,O5AL1_HUMAN,P0C617,surface,active,true,,e22d7643ea01abd0dce415e74faf002186e13ae33190976f1ae61cece045fb76,2026-08-06
Q8NGI8,O5AN1_HUMAN,Q8NGI8,surface,active,true,,e22d7643ea01abd0dce415e74faf002186e13ae33190976f1ae61cece045fb76,2026-08-06
Q8NGF4,O5AP2_HUMAN,Q8NGF4,surface,active,true,,e22d7643ea01abd0dce415e74faf002186e13ae33190976f1ae61cece045fb76,2026-08-06
Q8NGP9,O5AR1_HUMAN,Q8NGP9,surface,active,true,,e22d7643ea01abd0dce415e74faf002186e13ae33190976f1ae61cece045fb76,2026-08-06
Q8N127,O5AS1_HUMAN,Q8N127,surface,active,true,,e22d7643ea01abd0dce415e74faf002186e13ae33190976f1ae61cece045fb76,2026-08-06
Q8NGC0,O5AU1_HUMAN,Q8NGC0,surface,active,true,,e22d7643ea01abd0dce415e74faf002186e13ae33190976f1ae61cece045fb76,2026-08-06
A6NHG9,O5H14_HUMAN,A6NHG9,surface,active,true,,e22d7643ea01abd0dce415e74faf002186e13ae33190976f1ae61cece045fb76,2026-08-06
A6NDH6,O5H15_HUMAN,A6NDH6,surface,active,true,,e22d7643ea01abd0dce415e74faf002186e13ae33190976f1ae61cece045fb76,2026-08-06
A6NJZ3,O6C65_HUMAN,A6NJZ3,surface,active,true,,e22d7643ea01abd0dce415e74faf002186e13ae33190976f1ae61cece045fb76,2026-08-06
A6NDL8,O6C68_HUMAN,A6NDL8,surface,active,true,,e22d7643ea01abd0dce415e74faf002186e13ae33190976f1ae61cece045fb76,2026-08-06
A6NIJ9,O6C70_HUMAN,A6NIJ9,surface,active,true,,e22d7643ea01abd0dce415e74faf002186e13ae33190976f1ae61cece045fb76,2026-08-06
A6NCV1,O6C74_HUMAN,A6NCV1,surface,active,true,,e22d7643ea01abd0dce415e74faf002186e13ae33190976f1ae61cece045fb76,2026-08-06
A6NL08,O6C75_HUMAN,A6NL08,surface,active,true,,e22d7643ea01abd0dce415e74faf002186e13ae33190976f1ae61cece045fb76,2026-08-06
A6NM76,O6C76_HUMAN,A6NM76,surface,active,true,,e22d7643ea01abd0dce415e74faf002186e13ae33190976f1ae61cece045fb76,2026-08-06
Q6IFN5,O7E24_HUMAN,Q6IFN5,surface,active,true,,e22d7643ea01abd0dce415e74faf002186e13ae33190976f1ae61cece045fb76,2026-08-06
Q86UD1,OAF_HUMAN,Q86UD1,unclassified,active,true,,e22d7643ea01abd0dce415e74faf002186e13ae33190976f1ae61cece045fb76,2026-08-06
P04181,OAT_HUMAN,P04181,unclassified,active,true,,e22d7643ea01abd0dce415e74faf002186e13ae33190976f1ae61cece045fb76,2026-08-06
Q9NY56,OBP2A_HUMAN,Q9NY56,unclassified,active,true,,e22d7643ea01abd0dce415e74faf002186e13ae33190976f1ae61cece045fb76,2026-08-06
Q9NPH6,OBP2B_HUMAN,Q9NPH6,unclassified,active,true,,e22d7643ea01abd0dce415e74faf002186e13ae33190976f1ae61cece045fb76,2026-08-06
O15243,OBRG_HUMAN,O15243,non_surface,active,true,,e22d7643ea01abd0dce415e74faf002186e13ae33190976f1ae61cece045fb76,2026-08-06
Q02509,OC90_HUMAN,Q02509,unclassified,active,true,,e22d7643ea01abd0dce415e74faf002186e13ae33190976f1ae61cece045fb76,2026-08-06
Q16625,OCLN_HUMAN,Q16625,unclassified,active,true,,e22d7643ea01abd0dce415e74faf002186e13ae33190976f1ae61cece045fb76,2026-08-06
Q9BR26,OCSTP_HUMAN,Q9BR26,unclassified,active,true,,e22d7643ea01abd0dce415e74faf002186e13ae33190976f1ae61cece045fb76,2026-08-06
A1E959,ODAM_HUMAN,A1E959,unclassified,active,true,,e22d7643ea01abd0dce415e74faf002186e13ae33190976f1ae61cece045fb76,2026-08-06
P12694,ODBA_HUMAN,P12694,unclassified,active,true,,e22d7643ea01abd0dce415e74faf002186e13ae33190976f1ae61cece045fb76,2026-08-06
P21953,ODBB_HUMAN,P21953,unclassified,active,true,,e22d7643ea01abd0dce415e74faf002186e13ae33190976f1ae61cece045fb76,2026-08-06
Q14990,ODFP1_HUMAN,Q14990,unclassified,active,true,,e22d7643ea01abd0dce415e74faf002186e13ae33190976f1ae61cece045fb76,2026-08-06
Q2M2E3,ODFP4_HUMAN,Q2M2E3,non_surface,active,true,,e22d7643ea01abd0dce415e74faf002186e13ae33190976f1ae61cece045fb76,2026-08-06
P08559,ODPA_HUMAN,P08559,unclassified,active,true,,e22d7643ea01abd0dce415e74faf002186e13ae33190976f1ae61cece045fb76,2026-08-06
Q5SWX8,ODR4_HUMAN,Q5SWX8,non_surface,active,true,,e22d7643ea01abd0dce415e74faf002186e13ae33190976f1ae61cece045fb76,2026-08-06
Q9H488,OFUT1_HUMAN,Q9H488,unclassified,active,true,,e22d7643ea01abd0dce415e74faf002186e13ae33190976f1ae61cece045fb76,2026-08-06
Q9Y2G5,OFUT2_HUMAN,Q9Y2G5,unclassified,active,true,,e22d7643ea01abd0dce415e74faf002186e13ae33190976f1ae61cece045fb76,2026-08-06
Q6PK18,OGFD3_HUMAN,Q6PK18,non_surface,active,true,,e22d7643ea01abd0dce415e74faf002186e13ae33190976f1ae61cece045fb76,2026-08-06
O15527,OGG1_HUMAN,O15527,unclassified,active,true,,e22d7643ea01abd0dce415e74faf002186e13ae33190976f1ae61cece045fb76,2026-08-06
Q15743,OGR1_HUMAN,Q15743,surface,active,true,,e22d7643ea01abd0dce415e74faf002186e13ae33190976f1ae61cece045fb76,2026-08-06
Q8WWZ8,OIT3_HUMAN,Q8WWZ8,unclassified,active,true,,e22d7643ea01abd0dce415e74faf002186e13ae33190976f1ae61cece045fb76,2026-08-06
Q6UWY5,OLFL1_HUMAN,Q6UWY5,unclassified,active,true,,e22d7643ea01abd0dce415e74faf002186e13ae33190976f1ae61cece045fb76,2026-08-06
Q9NRN5,OLFL3_HUMAN,Q9NRN5,unclassified,active,true,,e22d7643ea01abd0dce415e74faf002186e13ae33190976f1ae61cece045fb76,2026-08-06
Q6UX06,OLFM4_HUMAN,Q6UX06,unclassified,active,true,,e22d7643ea01abd0dce415e74faf002186e13ae33190976f1ae61cece045fb76,2026-08-06
Q68BL7,OLM2A_HUMAN,Q68BL7,unclassified,active,true,,e22d7643ea01abd0dce415e74faf002186e13ae33190976f1ae61cece045fb76,2026-08-06
Q68BL8,OLM2B_HUMAN,Q68BL8,unclassified,active,true,,e22d7643ea01abd0dce415e74faf002186e13ae33190976f1ae61cece045fb76,2026-08-06
P78380,OLR1_HUMAN,P78380,surface,active,true,,e22d7643ea01abd0dce415e74faf002186e13ae33190976f1ae61cece045fb76,2026-08-06
Q96E52,OMA1_HUMAN,Q96E52,non_surface,active,true,,e22d7643ea01abd0dce415e74faf002186e13ae33190976f1ae61cece045fb76,2026-08-06
Q99983,OMD_HUMAN,Q99983,unclassified,active,true,,e22d7643ea01abd0dce415e74faf002186e13ae33190976f1ae61cece045fb76,2026-08-06
P23515,OMGP_HUMAN,P23515,surface,active,true,,e22d7643ea01abd0dce415e74faf002186e13ae33190976f1ae61cece045fb76,2026-08-06
P13725,ONCM_HUMAN,P13725,unclassified,active,true,,e22d7643ea01abd0dce415e74faf002186e13ae33190976f1ae61cece045fb76,2026-08-06
A8MZH6,OOSP1_HUMAN,A8MZH6,unclassified,active,true,,e22d7643ea01abd0dce415e74faf002186e13ae33190976f1ae61cece045fb76,2026-08-06
Q86WS3,OOSP2_HUMAN,Q86WS3,unclassified,active,true,,e22d7643ea01abd0dce415e74faf002186e13ae33190976f1ae61cece045fb76,2026-08-06
O60313,OPA1_HUMAN,O60313,non_surface,active,true,,e22d7643ea01abd0dce415e74faf002186e13ae33190976f1ae61cece045fb76,2026-08-06
Q96PE5,OPALI_HUMAN,Q96PE5,surface,active,true,,e22d7643ea01abd0dce415e74faf002186e13ae33190976f1ae61cece045fb76,2026-08-06
Q14982,OPCM_HUMAN,Q14982,surface,active,true,,e22d7643ea01abd0dce415e74faf002186e13ae33190976f1ae61cece045fb76,2026-08-06
Q9H1Y3,OPN3_HUMAN,Q9H1Y3,surface,active,true,,e22d7643ea01abd0dce415e74faf002186e13ae33190976f1ae61cece045fb76,2026-08-06
Q9UHM6,OPN4_HUMAN,Q9UHM6,surface,active,true,,e22d7643ea01abd0dce415e74faf002186e13ae33190976f1ae61cece045fb76,2026-08-06
Q6U736,OPN5_HUMAN,Q6U736,surface,active,true,,e22d7643ea01abd0dce415e74faf002186e13ae33190976f1ae61cece045fb76,2026-08-06
P41143,OPRD_HUMAN,P41143,surface,active,true,,e22d7643ea01abd0dce415e74faf002186e13ae33190976f1ae61cece045fb76,2026-08-06
P41145,OPRK_HUMAN,P41145,surface,active,true,,e22d7643ea01abd0dce415e74faf002186e13ae33190976f1ae61cece045fb76,2026-08-06
P35372,OPRM_HUMAN,P35372,surface,active,true,,e22d7643ea01abd0dce415e74faf002186e13ae33190976f1ae61cece045fb76,2026-08-06
P41146,OPRX_HUMAN,P41146,surface,active,true,,e22d7643ea01abd0dce415e74faf002186e13ae33190976f1ae61cece045fb76,2026-08-06
P03999,OPSB_HUMAN,P03999,surface,active,true,,e22d7643ea01abd0dce415e74faf002186e13ae33190976f1ae61cece045fb76,2026-08-06
P08100,OPSD_HUMAN,P08100,surface,active,true,,e22d7643ea01abd0dce415e74faf002186e13ae33190976f1ae61cece045fb76,2026-08-06
P04001,OPSG_HUMAN,P04001,surface,active,true,,e22d7643ea01abd0dce415e74faf002186e13ae33190976f1ae61cece045fb76,2026-08-06
P04000,OPSR_HUMAN,P04000,surface,active,true,,e22d7643ea01abd0dce415e74faf002186e13ae33190976f1ae61cece045fb76,2026-08-06
O14718,OPSX_HUMAN,O14718,surface,active,true,,e22d7643ea01abd0dce415e74faf002186e13ae33190976f1ae61cece045fb76,2026-08-06
Q9UBM4,OPT_HUMAN,Q9UBM4,unclassified,active,true,,e22d7643ea01abd0dce415e74faf002186e13ae33190976f1ae61cece045fb76,2026-08-06
Q9P1Q5,OR1A1_HUMAN,Q9P1Q5,surface,active,true,,e22d7643ea01abd0dce415e74faf002186e13ae33190976f1ae61cece045fb76,2026-08-06
Q9Y585,OR1A2_HUMAN,Q9Y585,surface,active,true,,e22d7643ea01abd0dce415e74faf002186e13ae33190976f1ae61cece045fb76,2026-08-06
Q8NGR6,OR1B1_HUMAN,Q8NGR6,surface,active,true,,e22d7643ea01abd0dce415e74faf002186e13ae33190976f1ae61cece045fb76,2026-08-06
Q15619,OR1C1_HUMAN,Q15619,surface,active,true,,e22d7643ea01abd0dce415e74faf002186e13ae33190976f1ae61cece045fb76,2026-08-06
P34982,OR1D2_HUMAN,P34982,surface,active,true,,e22d7643ea01abd0dce415e74faf002186e13ae33190976f1ae61cece045fb76,2026-08-06
P47884,OR1D4_HUMAN,P47884,surface,active,true,,e22d7643ea01abd0dce415e74faf002186e13ae33190976f1ae61cece045fb76,2026-08-06
P58170,OR1D5_HUMAN,P58170,surface,active,true,,e22d7643ea01abd0dce415e74faf002186e13ae33190976f1ae61cece045fb76,2026-08-06
P30953,OR1E1_HUMAN,P30953,surface,active,true,,e22d7643ea01abd0dce415e74faf002186e13ae33190976f1ae61cece045fb76,2026-08-06
P47887,OR1E2_HUMAN,P47887,surface,active,true,,e22d7643ea01abd0dce415e74faf002186e13ae33190976f1ae61cece045fb76,2026-08-06
Q8WZA6,OR1E3_HUMAN,Q8WZA6,surface,active,true,,e22d7643ea01abd0dce415e74faf002186e13ae33190976f1ae61cece045fb76,2026-08-06
O43749,OR1F1_HUMAN,O43749,surface,active,true,,e22d7643ea01abd0dce415e74faf002186e13ae33190976f1ae61cece045fb76,2026-08-06
Q96R84,OR1F2_HUMAN,Q96R84,surface,active,true,,e22d7643ea01abd0dce415e74faf002186e13ae33190976f1ae61cece045fb76,2026-08-06
Q8NHA8,OR1FC_HUMAN,Q8NHA8,surface,active,true,,e22d7643ea01abd0dce415e74faf002186e13ae33190976f1ae61cece045fb76,2026-08-06
P47890,OR1G1_HUMAN,P47890,surface,active,true,,e22d7643ea01abd0dce415e74faf002186e13ae33190976f1ae61cece045fb76,2026-08-06
O60431,OR1I1_HUMAN,O60431,surface,active,true,,e22d7643ea01abd0dce415e74faf002186e13ae33190976f1ae61cece045fb76,2026-08-06
Q8NGS3,OR1J1_HUMAN,Q8NGS3,surface,active,true,,e22d7643ea01abd0dce415e74faf002186e13ae33190976f1ae61cece045fb76,2026-08-06
Q8NGS2,OR1J2_HUMAN,Q8NGS2,surface,active,true,,e22d7643ea01abd0dce415e74faf002186e13ae33190976f1ae61cece045fb76,2026-08-06
Q8NGS1,OR1J4_HUMAN,Q8NGS1,surface,active,true,,e22d7643ea01abd0dce415e74faf002186e13ae33190976f1ae61cece045fb76,2026-08-06
Q8NGR3,OR1K1_HUMAN,Q8NGR3,surface,active,true,,e22d7643ea01abd0dce415e74faf002186e13ae33190976f1ae61cece045fb76,2026-08-06
Q8NH94,OR1L1_HUMAN,Q8NH94,surface,active,true,,e22d7643ea01abd0dce415e74faf002186e13ae33190976f1ae61cece045fb76,2026-08-06
Q8NH93,OR1L3_HUMAN,Q8NH93,surface,active,true,,e22d7643ea01abd0dce415e74faf002186e13ae33190976f1ae61cece045fb76,2026-08-06
Q8NGR5,OR1L4_HUMAN,Q8NGR5,surface,active,true,,e22d7643ea01abd0dce415e74faf002186e13ae33190976f1ae61cece045fb76,2026-08-06
Q8NGR2,OR1L6_HUMAN,Q8NGR2,surface,active,true,,e22d7643ea01abd0dce415e74faf002186e13ae33190976f1ae61cece045fb76,2026-08-06
Q8NGR8,OR1L8_HUMAN,Q8NGR8,surface,active,true,,e22d7643ea01abd0dce415e74faf002186e13ae33190976f1ae61cece045fb76,2026-08-06
Q8NGA1,OR1M1_HUMAN,Q8NGA1,surface,active,true,,e22d7643ea01abd0dce415e74faf002186e13ae33190976f1ae61cece045fb76,2026-08-06
Q8NGS0,OR1N1_HUMAN,Q8NGS0,surface,active,true,,e22d7643ea01abd0dce415e74faf002186e13ae33190976f1ae61cece045fb76,2026-08-06
Q8NGR9,OR1N2_HUMAN,Q8NGR9,surface,active,true,,e22d7643ea01abd0dce415e74faf002186e13ae33190976f1ae61cece045fb76,2026-08-06
Q8NH06,OR1P1_HUMAN,Q8NH06,surface,active,true,,e22d7643ea01abd0dce415e74faf002186e13ae33190976f1ae61cece045fb76,2026-08-06
Q15612,OR1Q1_HUMAN,Q15612,surface,active,true,,e22d7643ea01abd0dce415e74faf002186e13ae33190976f1ae61cece045fb76,2026-08-06
Q8NH92,OR1S1_HUMAN,Q8NH92,surface,active,true,,e22d7643ea01abd0dce415e74faf002186e13ae33190976f1ae61cece045fb76,2026-08-06
Q8NGQ3,OR1S2_HUMAN,Q8NGQ3,surface,active,true,,e22d7643ea01abd0dce415e74faf002186e13ae33190976f1ae61cece045fb76,2026-08-06
Q8NGT9,OR2A1_HUMAN,Q8NGT9,surface,active,true,,e22d7643ea01abd0dce415e74faf002186e13ae33190976f1ae61cece045fb76,2026-08-06
Q6IF42,OR2A2_HUMAN,Q6IF42,surface,active,true,,e22d7643ea01abd0dce415e74faf002186e13ae33190976f1ae61cece045fb76,2026-08-06
O95047,OR2A4_HUMAN,O95047,surface,active,true,,e22d7643ea01abd0dce415e74faf002186e13ae33190976f1ae61cece045fb76,2026-08-06
Q96R48,OR2A5_HUMAN,Q96R48,surface,active,true,,e22d7643ea01abd0dce415e74faf002186e13ae33190976f1ae61cece045fb76,2026-08-06
Q96R45,OR2A7_HUMAN,Q96R45,surface,active,true,,e22d7643ea01abd0dce415e74faf002186e13ae33190976f1ae61cece045fb76,2026-08-06
Q9GZK3,OR2B2_HUMAN,Q9GZK3,surface,active,true,,e22d7643ea01abd0dce415e74faf002186e13ae33190976f1ae61cece045fb76,2026-08-06
O76000,OR2B3_HUMAN,O76000,surface,active,true,,e22d7643ea01abd0dce415e74faf002186e13ae33190976f1ae61cece045fb76,2026-08-06
P58173,OR2B6_HUMAN,P58173,surface,active,true,,e22d7643ea01abd0dce415e74faf002186e13ae33190976f1ae61cece045fb76,2026-08-06
P59922,OR2B8_HUMAN,P59922,surface,active,true,,e22d7643ea01abd0dce415e74faf002186e13ae33190976f1ae61cece045fb76,2026-08-06
Q5JQS5,OR2BB_HUMAN,Q5JQS5,surface,active,true,,e22d7643ea01abd0dce415e74faf002186e13ae33190976f1ae61cece045fb76,2026-08-06
O95371,OR2C1_HUMAN,O95371,surface,active,true,,e22d7643ea01abd0dce415e74faf002186e13ae33190976f1ae61cece045fb76,2026-08-06
Q8N628,OR2C3_HUMAN,Q8N628,surface,active,true,,e22d7643ea01abd0dce415e74faf002186e13ae33190976f1ae61cece045fb76,2026-08-06
Q9H210,OR2D2_HUMAN,Q9H210,surface,active,true,,e22d7643ea01abd0dce415e74faf002186e13ae33190976f1ae61cece045fb76,2026-08-06
Q8NGH3,OR2D3_HUMAN,Q8NGH3,surface,active,true,,e22d7643ea01abd0dce415e74faf002186e13ae33190976f1ae61cece045fb76,2026-08-06
Q13607,OR2F1_HUMAN,Q13607,surface,active,true,,e22d7643ea01abd0dce415e74faf002186e13ae33190976f1ae61cece045fb76,2026-08-06
O95006,OR2F2_HUMAN,O95006,surface,active,true,,e22d7643ea01abd0dce415e74faf002186e13ae33190976f1ae61cece045fb76,2026-08-06
Q8NGZ5,OR2G2_HUMAN,Q8NGZ5,surface,active,true,,e22d7643ea01abd0dce415e74faf002186e13ae33190976f1ae61cece045fb76,2026-08-06
Q8NGZ4,OR2G3_HUMAN,Q8NGZ4,surface,active,true,,e22d7643ea01abd0dce415e74faf002186e13ae33190976f1ae61cece045fb76,2026-08-06
Q5TZ20,OR2G6_HUMAN,Q5TZ20,surface,active,true,,e22d7643ea01abd0dce415e74faf002186e13ae33190976f1ae61cece045fb76,2026-08-06
Q9GZK4,OR2H1_HUMAN,Q9GZK4,surface,active,true,,e22d7643ea01abd0dce415e74faf002186e13ae33190976f1ae61cece045fb76,2026-08-06
O95918,OR2H2_HUMAN,O95918,surface,active,true,,e22d7643ea01abd0dce415e74faf002186e13ae33190976f1ae61cece045fb76,2026-08-06
Q8NGU4,OR2I1_HUMAN,Q8NGU4,surface,active,true,,e22d7643ea01abd0dce415e74faf002186e13ae33190976f1ae61cece045fb76,2026-08-06
Q9GZK6,OR2J1_HUMAN,Q9GZK6,surface,active,true,,e22d7643ea01abd0dce415e74faf002186e13ae33190976f1ae61cece045fb76,2026-08-06
O76002,OR2J2_HUMAN,O76002,surface,active,true,,e22d7643ea01abd0dce415e74faf002186e13ae33190976f1ae61cece045fb76,2026-08-06
O76001,OR2J3_HUMAN,O76001,surface,active,true,,e22d7643ea01abd0dce415e74faf002186e13ae33190976f1ae61cece045fb76,2026-08-06
Q8NGT1,OR2K2_HUMAN,Q8NGT1,surface,active,true,,e22d7643ea01abd0dce415e74faf002186e13ae33190976f1ae61cece045fb76,2026-08-06
Q8NH16,OR2L2_HUMAN,Q8NH16,surface,active,true,,e22d7643ea01abd0dce415e74faf002186e13ae33190976f1ae61cece045fb76,2026-08-06
Q8NG85,OR2L3_HUMAN,Q8NG85,surface,active,true,,e22d7643ea01abd0dce415e74faf002186e13ae33190976f1ae61cece045fb76,2026-08-06
Q8NG80,OR2L5_HUMAN,Q8NG80,surface,active,true,,e22d7643ea01abd0dce415e74faf002186e13ae33190976f1ae61cece045fb76,2026-08-06
Q8NGY9,OR2L8_HUMAN,Q8NGY9,surface,active,true,,e22d7643ea01abd0dce415e74faf002186e13ae33190976f1ae61cece045fb76,2026-08-06
Q8N349,OR2LD_HUMAN,Q8N349,surface,active,true,,e22d7643ea01abd0dce415e74faf002186e13ae33190976f1ae61cece045fb76,2026-08-06
Q96R28,OR2M2_HUMAN,Q96R28,surface,active,true,,e22d7643ea01abd0dce415e74faf002186e13ae33190976f1ae61cece045fb76,2026-08-06
Q8NG83,OR2M3_HUMAN,Q8NG83,surface,active,true,,e22d7643ea01abd0dce415e74faf002186e13ae33190976f1ae61cece045fb76,2026-08-06
Q96R27,OR2M4_HUMAN,Q96R27,surface,active,true,,e22d7643ea01abd0dce415e74faf002186e13ae33190976f1ae61cece045fb76,2026-08-06
A3KFT3,OR2M5_HUMAN,A3KFT3,surface,active,true,,e22d7643ea01abd0dce415e74faf002186e13ae33190976f1ae61cece045fb76,2026-08-06
Q8NG81,OR2M7_HUMAN,Q8NG81,surface,active,true,,e22d7643ea01abd0dce415e74faf002186e13ae33190976f1ae61cece045fb76,2026-08-06
Q9NQN1,OR2S1_HUMAN,Q9NQN1,surface,active,true,,e22d7643ea01abd0dce415e74faf002186e13ae33190976f1ae61cece045fb76,2026-08-06
O43869,OR2T1_HUMAN,O43869,surface,active,true,,e22d7643ea01abd0dce415e74faf002186e13ae33190976f1ae61cece045fb76,2026-08-06
Q6IF00,OR2T2_HUMAN,Q6IF00,surface,active,true,,e22d7643ea01abd0dce415e74faf002186e13ae33190976f1ae61cece045fb76,2026-08-06
Q8NH03,OR2T3_HUMAN,Q8NH03,surface,active,true,,e22d7643ea01abd0dce415e74faf002186e13ae33190976f1ae61cece045fb76,2026-08-06
Q8NH00,OR2T4_HUMAN,Q8NH00,surface,active,true,,e22d7643ea01abd0dce415e74faf002186e13ae33190976f1ae61cece045fb76,2026-08-06
Q6IEZ7,OR2T5_HUMAN,Q6IEZ7,surface,active,true,,e22d7643ea01abd0dce415e74faf002186e13ae33190976f1ae61cece045fb76,2026-08-06
Q8NHC8,OR2T6_HUMAN,Q8NHC8,surface,active,true,,e22d7643ea01abd0dce415e74faf002186e13ae33190976f1ae61cece045fb76,2026-08-06
P0C7T2,OR2T7_HUMAN,P0C7T2,surface,active,true,,e22d7643ea01abd0dce415e74faf002186e13ae33190976f1ae61cece045fb76,2026-08-06
A6NH00,OR2T8_HUMAN,A6NH00,surface,active,true,,e22d7643ea01abd0dce415e74faf002186e13ae33190976f1ae61cece045fb76,2026-08-06
Q8NHB1,OR2V1_HUMAN,Q8NHB1,surface,active,true,,e22d7643ea01abd0dce415e74faf002186e13ae33190976f1ae61cece045fb76,2026-08-06
Q96R30,OR2V2_HUMAN,Q96R30,surface,active,true,,e22d7643ea01abd0dce415e74faf002186e13ae33190976f1ae61cece045fb76,2026-08-06
Q9Y3N9,OR2W1_HUMAN,Q9Y3N9,surface,active,true,,e22d7643ea01abd0dce415e74faf002186e13ae33190976f1ae61cece045fb76,2026-08-06
Q7Z3T1,OR2W3_HUMAN,Q7Z3T1,surface,active,true,,e22d7643ea01abd0dce415e74faf002186e13ae33190976f1ae61cece045fb76,2026-08-06
A6NFC9,OR2W5_HUMAN,A6NFC9,unclassified,active,true,,e22d7643ea01abd0dce415e74faf002186e13ae33190976f1ae61cece045fb76,2026-08-06
Q8NHA6,OR2W6_HUMAN,Q8NHA6,surface,active,true,,e22d7643ea01abd0dce415e74faf002186e13ae33190976f1ae61cece045fb76,2026-08-06
Q8NGV0,OR2Y1_HUMAN,Q8NGV0,surface,active,true,,e22d7643ea01abd0dce415e74faf002186e13ae33190976f1ae61cece045fb76,2026-08-06
Q8NG97,OR2Z1_HUMAN,Q8NG97,surface,active,true,,e22d7643ea01abd0dce415e74faf002186e13ae33190976f1ae61cece045fb76,2026-08-06
P47881,OR3A1_HUMAN,P47881,surface,active,true,,e22d7643ea01abd0dce415e74faf002186e13ae33190976f1ae61cece045fb76,2026-08-06
P47893,OR3A2_HUMAN,P47893,surface,active,true,,e22d7643ea01abd0dce415e74faf002186e13ae33190976f1ae61cece045fb76,2026-08-06
P47888,OR3A3_HUMAN,P47888,surface,active,true,,e22d7643ea01abd0dce415e74faf002186e13ae33190976f1ae61cece045fb76,2026-08-06
P47883,OR3A4_HUMAN,P47883,surface,active,true,,e22d7643ea01abd0dce415e74faf002186e13ae33190976f1ae61cece045fb76,2026-08-06
Q8NGN8,OR4A4_HUMAN,Q8NGN8,surface,active,true,,e22d7643ea01abd0dce415e74faf002186e13ae33190976f1ae61cece045fb76,2026-08-06
Q8NH83,OR4A5_HUMAN,Q8NH83,surface,active,true,,e22d7643ea01abd0dce415e74faf002186e13ae33190976f1ae61cece045fb76,2026-08-06
P0C604,OR4A8_HUMAN,P0C604,surface,active,true,,e22d7643ea01abd0dce415e74faf002186e13ae33190976f1ae61cece045fb76,2026-08-06
Q8NGF8,OR4B1_HUMAN,Q8NGF8,surface,active,true,,e22d7643ea01abd0dce415e74faf002186e13ae33190976f1ae61cece045fb76,2026-08-06
Q8NH37,OR4C3_HUMAN,Q8NH37,surface,active,true,,e22d7643ea01abd0dce415e74faf002186e13ae33190976f1ae61cece045fb76,2026-08-06
Q8NGB2,OR4C5_HUMAN,Q8NGB2,surface,active,true,,e22d7643ea01abd0dce415e74faf002186e13ae33190976f1ae61cece045fb76,2026-08-06
Q8NH72,OR4C6_HUMAN,Q8NH72,surface,active,true,,e22d7643ea01abd0dce415e74faf002186e13ae33190976f1ae61cece045fb76,2026-08-06
Q6IEV9,OR4CB_HUMAN,Q6IEV9,surface,active,true,,e22d7643ea01abd0dce415e74faf002186e13ae33190976f1ae61cece045fb76,2026-08-06
Q96R67,OR4CC_HUMAN,Q96R67,surface,active,true,,e22d7643ea01abd0dce415e74faf002186e13ae33190976f1ae61cece045fb76,2026-08-06
Q8NGP0,OR4CD_HUMAN,Q8NGP0,surface,active,true,,e22d7643ea01abd0dce415e74faf002186e13ae33190976f1ae61cece045fb76,2026-08-06
Q8NGM1,OR4CF_HUMAN,Q8NGM1,surface,active,true,,e22d7643ea01abd0dce415e74faf002186e13ae33190976f1ae61cece045fb76,2026-08-06
Q8NGL9,OR4CG_HUMAN,Q8NGL9,surface,active,true,,e22d7643ea01abd0dce415e74faf002186e13ae33190976f1ae61cece045fb76,2026-08-06
Q15615,OR4D1_HUMAN,Q15615,surface,active,true,,e22d7643ea01abd0dce415e74faf002186e13ae33190976f1ae61cece045fb76,2026-08-06
P58180,OR4D2_HUMAN,P58180,surface,active,true,,e22d7643ea01abd0dce415e74faf002186e13ae33190976f1ae61cece045fb76,2026-08-06
Q8NGN0,OR4D5_HUMAN,Q8NGN0,surface,active,true,,e22d7643ea01abd0dce415e74faf002186e13ae33190976f1ae61cece045fb76,2026-08-06
Q8NGJ1,OR4D6_HUMAN,Q8NGJ1,surface,active,true,,e22d7643ea01abd0dce415e74faf002186e13ae33190976f1ae61cece045fb76,2026-08-06
Q8NGE8,OR4D9_HUMAN,Q8NGE8,surface,active,true,,e22d7643ea01abd0dce415e74faf002186e13ae33190976f1ae61cece045fb76,2026-08-06
Q8NGI6,OR4DA_HUMAN,Q8NGI6,surface,active,true,,e22d7643ea01abd0dce415e74faf002186e13ae33190976f1ae61cece045fb76,2026-08-06
Q8NGI4,OR4DB_HUMAN,Q8NGI4,surface,active,true,,e22d7643ea01abd0dce415e74faf002186e13ae33190976f1ae61cece045fb76,2026-08-06
P0C645,OR4E1_HUMAN,P0C645,surface,active,true,,e22d7643ea01abd0dce415e74faf002186e13ae33190976f1ae61cece045fb76,2026-08-06
Q8NGC2,OR4E2_HUMAN,Q8NGC2,surface,active,true,,e22d7643ea01abd0dce415e74faf002186e13ae33190976f1ae61cece045fb76,2026-08-06
Q6IEY1,OR4F3_HUMAN,Q6IEY1,surface,active,true,,e22d7643ea01abd0dce415e74faf002186e13ae33190976f1ae61cece045fb76,2026-08-06
Q96R69,OR4F4_HUMAN,Q96R69,surface,active,true,,e22d7643ea01abd0dce415e74faf002186e13ae33190976f1ae61cece045fb76,2026-08-06
Q8NH21,OR4F5_HUMAN,Q8NH21,surface,active,true,,e22d7643ea01abd0dce415e74faf002186e13ae33190976f1ae61cece045fb76,2026-08-06
Q8NGB9,OR4F6_HUMAN,Q8NGB9,surface,active,true,,e22d7643ea01abd0dce415e74faf002186e13ae33190976f1ae61cece045fb76,2026-08-06
Q8NGD4,OR4K1_HUMAN,Q8NGD4,surface,active,true,,e22d7643ea01abd0dce415e74faf002186e13ae33190976f1ae61cece045fb76,2026-08-06
Q8NGD2,OR4K2_HUMAN,Q8NGD2,surface,active,true,,e22d7643ea01abd0dce415e74faf002186e13ae33190976f1ae61cece045fb76,2026-08-06
Q96R72,OR4K3_HUMAN,Q96R72,surface,active,true,,e22d7643ea01abd0dce415e74faf002186e13ae33190976f1ae61cece045fb76,2026-08-06
Q8NGD3,OR4K5_HUMAN,Q8NGD3,surface,active,true,,e22d7643ea01abd0dce415e74faf002186e13ae33190976f1ae61cece045fb76,2026-08-06
Q8NH42,OR4KD_HUMAN,Q8NH42,surface,active,true,,e22d7643ea01abd0dce415e74faf002186e13ae33190976f1ae61cece045fb76,2026-08-06
Q8NGD5,OR4KE_HUMAN,Q8NGD5,surface,active,true,,e22d7643ea01abd0dce415e74faf002186e13ae33190976f1ae61cece045fb76,2026-08-06
Q8NH41,OR4KF_HUMAN,Q8NH41,surface,active,true,,e22d7643ea01abd0dce415e74faf002186e13ae33190976f1ae61cece045fb76,2026-08-06
Q8NGC6,OR4KH_HUMAN,Q8NGC6,surface,active,true,,e22d7643ea01abd0dce415e74faf002186e13ae33190976f1ae61cece045fb76,2026-08-06
Q8NH43,OR4L1_HUMAN,Q8NH43,surface,active,true,,e22d7643ea01abd0dce415e74faf002186e13ae33190976f1ae61cece045fb76,2026-08-06
Q8NGD0,OR4M1_HUMAN,Q8NGD0,surface,active,true,,e22d7643ea01abd0dce415e74faf002186e13ae33190976f1ae61cece045fb76,2026-08-06
Q8NGB6,OR4M2_HUMAN,Q8NGB6,surface,active,true,,e22d7643ea01abd0dce415e74faf002186e13ae33190976f1ae61cece045fb76,2026-08-06
Q8NGD1,OR4N2_HUMAN,Q8NGD1,surface,active,true,,e22d7643ea01abd0dce415e74faf002186e13ae33190976f1ae61cece045fb76,2026-08-06
Q8N0Y3,OR4N4_HUMAN,Q8N0Y3,surface,active,true,,e22d7643ea01abd0dce415e74faf002186e13ae33190976f1ae61cece045fb76,2026-08-06
Q8IXE1,OR4N5_HUMAN,Q8IXE1,surface,active,true,,e22d7643ea01abd0dce415e74faf002186e13ae33190976f1ae61cece045fb76,2026-08-06
Q8NGL7,OR4P4_HUMAN,Q8NGL7,surface,active,true,,e22d7643ea01abd0dce415e74faf002186e13ae33190976f1ae61cece045fb76,2026-08-06
P0C623,OR4Q2_HUMAN,P0C623,surface,active,true,,e22d7643ea01abd0dce415e74faf002186e13ae33190976f1ae61cece045fb76,2026-08-06
Q8NH05,OR4Q3_HUMAN,Q8NH05,surface,active,true,,e22d7643ea01abd0dce415e74faf002186e13ae33190976f1ae61cece045fb76,2026-08-06
Q8NGB4,OR4S1_HUMAN,Q8NGB4,surface,active,true,,e22d7643ea01abd0dce415e74faf002186e13ae33190976f1ae61cece045fb76,2026-08-06
Q8NH73,OR4S2_HUMAN,Q8NH73,surface,active,true,,e22d7643ea01abd0dce415e74faf002186e13ae33190976f1ae61cece045fb76,2026-08-06
Q8NH49,OR4X1_HUMAN,Q8NH49,surface,active,true,,e22d7643ea01abd0dce415e74faf002186e13ae33190976f1ae61cece045fb76,2026-08-06
Q8NGF9,OR4X2_HUMAN,Q8NGF9,surface,active,true,,e22d7643ea01abd0dce415e74faf002186e13ae33190976f1ae61cece045fb76,2026-08-06
Q8NGJ0,OR5A1_HUMAN,Q8NGJ0,surface,active,true,,e22d7643ea01abd0dce415e74faf002186e13ae33190976f1ae61cece045fb76,2026-08-06
Q8NGI9,OR5A2_HUMAN,Q8NGI9,surface,active,true,,e22d7643ea01abd0dce415e74faf002186e13ae33190976f1ae61cece045fb76,2026-08-06
Q96R09,OR5B2_HUMAN,Q96R09,surface,active,true,,e22d7643ea01abd0dce415e74faf002186e13ae33190976f1ae61cece045fb76,2026-08-06
Q8NH48,OR5B3_HUMAN,Q8NH48,surface,active,true,,e22d7643ea01abd0dce415e74faf002186e13ae33190976f1ae61cece045fb76,2026-08-06
Q96R08,OR5BC_HUMAN,Q96R08,surface,active,true,,e22d7643ea01abd0dce415e74faf002186e13ae33190976f1ae61cece045fb76,2026-08-06
Q8NGF7,OR5BH_HUMAN,Q8NGF7,surface,active,true,,e22d7643ea01abd0dce415e74faf002186e13ae33190976f1ae61cece045fb76,2026-08-06
A6NL26,OR5BL_HUMAN,A6NL26,surface,active,true,,e22d7643ea01abd0dce415e74faf002186e13ae33190976f1ae61cece045fb76,2026-08-06
Q8NGR4,OR5C1_HUMAN,Q8NGR4,surface,active,true,,e22d7643ea01abd0dce415e74faf002186e13ae33190976f1ae61cece045fb76,2026-08-06
Q8NGL4,OR5DD_HUMAN,Q8NGL4,surface,active,true,,e22d7643ea01abd0dce415e74faf002186e13ae33190976f1ae61cece045fb76,2026-08-06
Q8NGL3,OR5DE_HUMAN,Q8NGL3,surface,active,true,,e22d7643ea01abd0dce415e74faf002186e13ae33190976f1ae61cece045fb76,2026-08-06
Q8NGK9,OR5DG_HUMAN,Q8NGK9,surface,active,true,,e22d7643ea01abd0dce415e74faf002186e13ae33190976f1ae61cece045fb76,2026-08-06
Q8NGL1,OR5DI_HUMAN,Q8NGL1,surface,active,true,,e22d7643ea01abd0dce415e74faf002186e13ae33190976f1ae61cece045fb76,2026-08-06
O95221,OR5F1_HUMAN,O95221,surface,active,true,,e22d7643ea01abd0dce415e74faf002186e13ae33190976f1ae61cece045fb76,2026-08-06
P0C626,OR5G3_HUMAN,P0C626,surface,active,true,,e22d7643ea01abd0dce415e74faf002186e13ae33190976f1ae61cece045fb76,2026-08-06
A6NKK0,OR5H1_HUMAN,A6NKK0,surface,active,true,,e22d7643ea01abd0dce415e74faf002186e13ae33190976f1ae61cece045fb76,2026-08-06
Q8NGV7,OR5H2_HUMAN,Q8NGV7,surface,active,true,,e22d7643ea01abd0dce415e74faf002186e13ae33190976f1ae61cece045fb76,2026-08-06
Q8NGV6,OR5H6_HUMAN,Q8NGV6,surface,active,true,,e22d7643ea01abd0dce415e74faf002186e13ae33190976f1ae61cece045fb76,2026-08-06
Q13606,OR5I1_HUMAN,Q13606,surface,active,true,,e22d7643ea01abd0dce415e74faf002186e13ae33190976f1ae61cece045fb76,2026-08-06
Q8NH18,OR5J2_HUMAN,Q8NH18,surface,active,true,,e22d7643ea01abd0dce415e74faf002186e13ae33190976f1ae61cece045fb76,2026-08-06
Q8NHB7,OR5K1_HUMAN,Q8NHB7,surface,active,true,,e22d7643ea01abd0dce415e74faf002186e13ae33190976f1ae61cece045fb76,2026-08-06
Q8NHB8,OR5K2_HUMAN,Q8NHB8,surface,active,true,,e22d7643ea01abd0dce415e74faf002186e13ae33190976f1ae61cece045fb76,2026-08-06
A6NET4,OR5K3_HUMAN,A6NET4,surface,active,true,,e22d7643ea01abd0dce415e74faf002186e13ae33190976f1ae61cece045fb76,2026-08-06
A6NMS3,OR5K4_HUMAN,A6NMS3,surface,active,true,,e22d7643ea01abd0dce415e74faf002186e13ae33190976f1ae61cece045fb76,2026-08-06
Q8NGL2,OR5L1_HUMAN,Q8NGL2,surface,active,true,,e22d7643ea01abd0dce415e74faf002186e13ae33190976f1ae61cece045fb76,2026-08-06
Q8NGL0,OR5L2_HUMAN,Q8NGL0,surface,active,true,,e22d7643ea01abd0dce415e74faf002186e13ae33190976f1ae61cece045fb76,2026-08-06
Q8NGP8,OR5M1_HUMAN,Q8NGP8,surface,active,true,,e22d7643ea01abd0dce415e74faf002186e13ae33190976f1ae61cece045fb76,2026-08-06
Q8NGP4,OR5M3_HUMAN,Q8NGP4,surface,active,true,,e22d7643ea01abd0dce415e74faf002186e13ae33190976f1ae61cece045fb76,2026-08-06
Q8NGP6,OR5M8_HUMAN,Q8NGP6,surface,active,true,,e22d7643ea01abd0dce415e74faf002186e13ae33190976f1ae61cece045fb76,2026-08-06
Q8NGP3,OR5M9_HUMAN,Q8NGP3,surface,active,true,,e22d7643ea01abd0dce415e74faf002186e13ae33190976f1ae61cece045fb76,2026-08-06
Q6IEU7,OR5MA_HUMAN,Q6IEU7,surface,active,true,,e22d7643ea01abd0dce415e74faf002186e13ae33190976f1ae61cece045fb76,2026-08-06
Q96RB7,OR5MB_HUMAN,Q96RB7,surface,active,true,,e22d7643ea01abd0dce415e74faf002186e13ae33190976f1ae61cece045fb76,2026-08-06
Q8WZ92,OR5P2_HUMAN,Q8WZ92,surface,active,true,,e22d7643ea01abd0dce415e74faf002186e13ae33190976f1ae61cece045fb76,2026-08-06
Q8WZ94,OR5P3_HUMAN,Q8WZ94,surface,active,true,,e22d7643ea01abd0dce415e74faf002186e13ae33190976f1ae61cece045fb76,2026-08-06
Q8NH85,OR5R1_HUMAN,Q8NH85,surface,active,true,,e22d7643ea01abd0dce415e74faf002186e13ae33190976f1ae61cece045fb76,2026-08-06
Q8NG75,OR5T1_HUMAN,Q8NG75,surface,active,true,,e22d7643ea01abd0dce415e74faf002186e13ae33190976f1ae61cece045fb76,2026-08-06
Q8NGG2,OR5T2_HUMAN,Q8NGG2,surface,active,true,,e22d7643ea01abd0dce415e74faf002186e13ae33190976f1ae61cece045fb76,2026-08-06
Q8NGG3,OR5T3_HUMAN,Q8NGG3,surface,active,true,,e22d7643ea01abd0dce415e74faf002186e13ae33190976f1ae61cece045fb76,2026-08-06
Q9UGF6,OR5V1_HUMAN,Q9UGF6,surface,active,true,,e22d7643ea01abd0dce415e74faf002186e13ae33190976f1ae61cece045fb76,2026-08-06
Q8NH69,OR5W2_HUMAN,Q8NH69,surface,active,true,,e22d7643ea01abd0dce415e74faf002186e13ae33190976f1ae61cece045fb76,2026-08-06
O95222,OR6A2_HUMAN,O95222,surface,active,true,,e22d7643ea01abd0dce415e74faf002186e13ae33190976f1ae61cece045fb76,2026-08-06
O95007,OR6B1_HUMAN,O95007,surface,active,true,,e22d7643ea01abd0dce415e74faf002186e13ae33190976f1ae61cece045fb76,2026-08-06
Q6IFH4,OR6B2_HUMAN,Q6IFH4,surface,active,true,,e22d7643ea01abd0dce415e74faf002186e13ae33190976f1ae61cece045fb76,2026-08-06
Q8NGW1,OR6B3_HUMAN,Q8NGW1,surface,active,true,,e22d7643ea01abd0dce415e74faf002186e13ae33190976f1ae61cece045fb76,2026-08-06
Q96RD1,OR6C1_HUMAN,Q96RD1,surface,active,true,,e22d7643ea01abd0dce415e74faf002186e13ae33190976f1ae61cece045fb76,2026-08-06
Q9NZP2,OR6C2_HUMAN,Q9NZP2,surface,active,true,,e22d7643ea01abd0dce415e74faf002186e13ae33190976f1ae61cece045fb76,2026-08-06
Q9NZP0,OR6C3_HUMAN,Q9NZP0,surface,active,true,,e22d7643ea01abd0dce415e74faf002186e13ae33190976f1ae61cece045fb76,2026-08-06
Q8NGE1,OR6C4_HUMAN,Q8NGE1,surface,active,true,,e22d7643ea01abd0dce415e74faf002186e13ae33190976f1ae61cece045fb76,2026-08-06
A6NF89,OR6C6_HUMAN,A6NF89,surface,active,true,,e22d7643ea01abd0dce415e74faf002186e13ae33190976f1ae61cece045fb76,2026-08-06
Q8NGZ6,OR6F1_HUMAN,Q8NGZ6,surface,active,true,,e22d7643ea01abd0dce415e74faf002186e13ae33190976f1ae61cece045fb76,2026-08-06
Q8NGC5,OR6J1_HUMAN,Q8NGC5,surface,active,true,,e22d7643ea01abd0dce415e74faf002186e13ae33190976f1ae61cece045fb76,2026-08-06
Q8NGY2,OR6K2_HUMAN,Q8NGY2,surface,active,true,,e22d7643ea01abd0dce415e74faf002186e13ae33190976f1ae61cece045fb76,2026-08-06
Q8NGY3,OR6K3_HUMAN,Q8NGY3,surface,active,true,,e22d7643ea01abd0dce415e74faf002186e13ae33190976f1ae61cece045fb76,2026-08-06
Q8NGW6,OR6K6_HUMAN,Q8NGW6,surface,active,true,,e22d7643ea01abd0dce415e74faf002186e13ae33190976f1ae61cece045fb76,2026-08-06
Q8NGM8,OR6M1_HUMAN,Q8NGM8,surface,active,true,,e22d7643ea01abd0dce415e74faf002186e13ae33190976f1ae61cece045fb76,2026-08-06
Q8NGY5,OR6N1_HUMAN,Q8NGY5,surface,active,true,,e22d7643ea01abd0dce415e74faf002186e13ae33190976f1ae61cece045fb76,2026-08-06
Q8NGY6,OR6N2_HUMAN,Q8NGY6,surface,active,true,,e22d7643ea01abd0dce415e74faf002186e13ae33190976f1ae61cece045fb76,2026-08-06
Q8NGX9,OR6P1_HUMAN,Q8NGX9,surface,active,true,,e22d7643ea01abd0dce415e74faf002186e13ae33190976f1ae61cece045fb76,2026-08-06
Q8NGQ2,OR6Q1_HUMAN,Q8NGQ2,surface,active,true,,e22d7643ea01abd0dce415e74faf002186e13ae33190976f1ae61cece045fb76,2026-08-06
Q8NH40,OR6S1_HUMAN,Q8NH40,surface,active,true,,e22d7643ea01abd0dce415e74faf002186e13ae33190976f1ae61cece045fb76,2026-08-06
Q8NGN1,OR6T1_HUMAN,Q8NGN1,surface,active,true,,e22d7643ea01abd0dce415e74faf002186e13ae33190976f1ae61cece045fb76,2026-08-06
Q8N148,OR6V1_HUMAN,Q8N148,surface,active,true,,e22d7643ea01abd0dce415e74faf002186e13ae33190976f1ae61cece045fb76,2026-08-06
Q8NH79,OR6X1_HUMAN,Q8NH79,surface,active,true,,e22d7643ea01abd0dce415e74faf002186e13ae33190976f1ae61cece045fb76,2026-08-06
Q8NGX8,OR6Y1_HUMAN,Q8NGX8,surface,active,true,,e22d7643ea01abd0dce415e74faf002186e13ae33190976f1ae61cece045fb76,2026-08-06
Q8NGA2,OR7A2_HUMAN,Q8NGA2,surface,active,true,,e22d7643ea01abd0dce415e74faf002186e13ae33190976f1ae61cece045fb76,2026-08-06
Q15622,OR7A5_HUMAN,Q15622,surface,active,true,,e22d7643ea01abd0dce415e74faf002186e13ae33190976f1ae61cece045fb76,2026-08-06
O76100,OR7AA_HUMAN,O76100,surface,active,true,,e22d7643ea01abd0dce415e74faf002186e13ae33190976f1ae61cece045fb76,2026-08-06
O14581,OR7AH_HUMAN,O14581,surface,active,true,,e22d7643ea01abd0dce415e74faf002186e13ae33190976f1ae61cece045fb76,2026-08-06
O76099,OR7C1_HUMAN,O76099,surface,active,true,,e22d7643ea01abd0dce415e74faf002186e13ae33190976f1ae61cece045fb76,2026-08-06
O60412,OR7C2_HUMAN,O60412,surface,active,true,,e22d7643ea01abd0dce415e74faf002186e13ae33190976f1ae61cece045fb76,2026-08-06
Q96RA2,OR7D2_HUMAN,Q96RA2,surface,active,true,,e22d7643ea01abd0dce415e74faf002186e13ae33190976f1ae61cece045fb76,2026-08-06
Q8NG98,OR7D4_HUMAN,Q8NG98,surface,active,true,,e22d7643ea01abd0dce415e74faf002186e13ae33190976f1ae61cece045fb76,2026-08-06
Q8NGA0,OR7G1_HUMAN,Q8NGA0,surface,active,true,,e22d7643ea01abd0dce415e74faf002186e13ae33190976f1ae61cece045fb76,2026-08-06
Q8NG99,OR7G2_HUMAN,Q8NG99,surface,active,true,,e22d7643ea01abd0dce415e74faf002186e13ae33190976f1ae61cece045fb76,2026-08-06
Q8NG95,OR7G3_HUMAN,Q8NG95,surface,active,true,,e22d7643ea01abd0dce415e74faf002186e13ae33190976f1ae61cece045fb76,2026-08-06
Q8NGG7,OR8A1_HUMAN,Q8NGG7,surface,active,true,,e22d7643ea01abd0dce415e74faf002186e13ae33190976f1ae61cece045fb76,2026-08-06
Q96RD0,OR8B2_HUMAN,Q96RD0,surface,active,true,,e22d7643ea01abd0dce415e74faf002186e13ae33190976f1ae61cece045fb76,2026-08-06
Q8NGG8,OR8B3_HUMAN,Q8NGG8,surface,active,true,,e22d7643ea01abd0dce415e74faf002186e13ae33190976f1ae61cece045fb76,2026-08-06
Q96RC9,OR8B4_HUMAN,Q96RC9,surface,active,true,,e22d7643ea01abd0dce415e74faf002186e13ae33190976f1ae61cece045fb76,2026-08-06
Q15620,OR8B8_HUMAN,Q15620,surface,active,true,,e22d7643ea01abd0dce415e74faf002186e13ae33190976f1ae61cece045fb76,2026-08-06
Q8NGG6,OR8BC_HUMAN,Q8NGG6,surface,active,true,,e22d7643ea01abd0dce415e74faf002186e13ae33190976f1ae61cece045fb76,2026-08-06
Q8WZ84,OR8D1_HUMAN,Q8WZ84,surface,active,true,,e22d7643ea01abd0dce415e74faf002186e13ae33190976f1ae61cece045fb76,2026-08-06
Q9GZM6,OR8D2_HUMAN,Q9GZM6,surface,active,true,,e22d7643ea01abd0dce415e74faf002186e13ae33190976f1ae61cece045fb76,2026-08-06
Q8NGM9,OR8D4_HUMAN,Q8NGM9,surface,active,true,,e22d7643ea01abd0dce415e74faf002186e13ae33190976f1ae61cece045fb76,2026-08-06
Q15617,OR8G1_HUMAN,Q15617,surface,active,true,,e22d7643ea01abd0dce415e74faf002186e13ae33190976f1ae61cece045fb76,2026-08-06
Q15614,OR8G2_HUMAN,Q15614,surface,inactive,false,uniprot_inactive,e22d7643ea01abd0dce415e74faf002186e13ae33190976f1ae61cece045fb76,2026-08-06
Q8NG78,OR8G5_HUMAN,Q8NG78,surface,active,true,,e22d7643ea01abd0dce415e74faf002186e13ae33190976f1ae61cece045fb76,2026-08-06
Q8NGG4,OR8H1_HUMAN,Q8NGG4,surface,active,true,,e22d7643ea01abd0dce415e74faf002186e13ae33190976f1ae61cece045fb76,2026-08-06
Q8N162,OR8H2_HUMAN,Q8N162,surface,active,true,,e22d7643ea01abd0dce415e74faf002186e13ae33190976f1ae61cece045fb76,2026-08-06
Q8N146,OR8H3_HUMAN,Q8N146,surface,active,true,,e22d7643ea01abd0dce415e74faf002186e13ae33190976f1ae61cece045fb76,2026-08-06
Q8N0Y5,OR8I2_HUMAN,Q8N0Y5,surface,active,true,,e22d7643ea01abd0dce415e74faf002186e13ae33190976f1ae61cece045fb76,2026-08-06
Q8NGP2,OR8J1_HUMAN,Q8NGP2,surface,active,true,,e22d7643ea01abd0dce415e74faf002186e13ae33190976f1ae61cece045fb76,2026-08-06
Q8NGG1,OR8J2_HUMAN,Q8NGG1,surface,active,true,,e22d7643ea01abd0dce415e74faf002186e13ae33190976f1ae61cece045fb76,2026-08-06
Q8NGG0,OR8J3_HUMAN,Q8NGG0,surface,active,true,,e22d7643ea01abd0dce415e74faf002186e13ae33190976f1ae61cece045fb76,2026-08-06
Q8NGG5,OR8K1_HUMAN,Q8NGG5,surface,active,true,,e22d7643ea01abd0dce415e74faf002186e13ae33190976f1ae61cece045fb76,2026-08-06
Q8NH51,OR8K3_HUMAN,Q8NH51,surface,active,true,,e22d7643ea01abd0dce415e74faf002186e13ae33190976f1ae61cece045fb76,2026-08-06
Q8NH50,OR8K5_HUMAN,Q8NH50,surface,active,true,,e22d7643ea01abd0dce415e74faf002186e13ae33190976f1ae61cece045fb76,2026-08-06
Q8NH09,OR8S1_HUMAN,Q8NH09,surface,active,true,,e22d7643ea01abd0dce415e74faf002186e13ae33190976f1ae61cece045fb76,2026-08-06
Q8NH10,OR8U1_HUMAN,Q8NH10,surface,active,true,,e22d7643ea01abd0dce415e74faf002186e13ae33190976f1ae61cece045fb76,2026-08-06
P0C7N1,OR8U8_HUMAN,P0C7N1,surface,active,true,,e22d7643ea01abd0dce415e74faf002186e13ae33190976f1ae61cece045fb76,2026-08-06
P0C7N5,OR8U9_HUMAN,P0C7N5,surface,active,true,,e22d7643ea01abd0dce415e74faf002186e13ae33190976f1ae61cece045fb76,2026-08-06
Q8NGU1,OR9A1_HUMAN,Q8NGU1,surface,active,true,,e22d7643ea01abd0dce415e74faf002186e13ae33190976f1ae61cece045fb76,2026-08-06
Q8NGT5,OR9A2_HUMAN,Q8NGT5,surface,active,true,,e22d7643ea01abd0dce415e74faf002186e13ae33190976f1ae61cece045fb76,2026-08-06
Q8NGU2,OR9A4_HUMAN,Q8NGU2,surface,active,true,,e22d7643ea01abd0dce415e74faf002186e13ae33190976f1ae61cece045fb76,2026-08-06
Q8NH87,OR9G1_HUMAN,Q8NH87,surface,active,true,,e22d7643ea01abd0dce415e74faf002186e13ae33190976f1ae61cece045fb76,2026-08-06
Q8NGQ1,OR9G4_HUMAN,Q8NGQ1,surface,active,true,,e22d7643ea01abd0dce415e74faf002186e13ae33190976f1ae61cece045fb76,2026-08-06
P0C7N8,OR9G9_HUMAN,P0C7N8,surface,active,true,,e22d7643ea01abd0dce415e74faf002186e13ae33190976f1ae61cece045fb76,2026-08-06
Q8NGQ6,OR9I1_HUMAN,Q8NGQ6,surface,active,true,,e22d7643ea01abd0dce415e74faf002186e13ae33190976f1ae61cece045fb76,2026-08-06
Q8NGE7,OR9K2_HUMAN,Q8NGE7,surface,active,true,,e22d7643ea01abd0dce415e74faf002186e13ae33190976f1ae61cece045fb76,2026-08-06
Q8NGQ5,OR9Q1_HUMAN,Q8NGQ5,surface,active,true,,e22d7643ea01abd0dce415e74faf002186e13ae33190976f1ae61cece045fb76,2026-08-06
Q8NGE9,OR9Q2_HUMAN,Q8NGE9,surface,active,true,,e22d7643ea01abd0dce415e74faf002186e13ae33190976f1ae61cece045fb76,2026-08-06
Q96SN7,ORAI2_HUMAN,Q96SN7,non_surface,active,true,,e22d7643ea01abd0dce415e74faf002186e13ae33190976f1ae61cece045fb76,2026-08-06
Q9BRQ5,ORAI3_HUMAN,Q9BRQ5,unclassified,active,true,,e22d7643ea01abd0dce415e74faf002186e13ae33190976f1ae61cece045fb76,2026-08-06
O43612,OREX_HUMAN,O43612,unclassified,active,true,,e22d7643ea01abd0dce415e74faf002186e13ae33190976f1ae61cece045fb76,2026-08-06
Q9P0S3,ORML1_HUMAN,Q9P0S3,non_surface,active,true,,e22d7643ea01abd0dce415e74faf002186e13ae33190976f1ae61cece045fb76,2026-08-06
Q53FV1,ORML2_HUMAN,Q53FV1,non_surface,active,true,,e22d7643ea01abd0dce415e74faf002186e13ae33190976f1ae61cece045fb76,2026-08-06
Q8N138,ORML3_HUMAN,Q8N138,non_surface,active,true,,e22d7643ea01abd0dce415e74faf002186e13ae33190976f1ae61cece045fb76,2026-08-06
Q9BXI2,ORNT2_HUMAN,Q9BXI2,non_surface,active,true,,e22d7643ea01abd0dce415e74faf002186e13ae33190976f1ae61cece045fb76,2026-08-06
Q13438,OS9_HUMAN,Q13438,unclassified,active,true,,e22d7643ea01abd0dce415e74faf002186e13ae33190976f1ae61cece045fb76,2026-08-06
Q9H0X9,OSBL5_HUMAN,Q9H0X9,non_surface,active,true,,e22d7643ea01abd0dce415e74faf002186e13ae33190976f1ae61cece045fb76,2026-08-06
Q9BZF1,OSBL8_HUMAN,Q9BZF1,non_surface,active,true,,e22d7643ea01abd0dce415e74faf002186e13ae33190976f1ae61cece045fb76,2026-08-06
Q96SU4,OSBL9_HUMAN,Q96SU4,non_surface,active,true,,e22d7643ea01abd0dce415e74faf002186e13ae33190976f1ae61cece045fb76,2026-08-06
Q8IYS5,OSCAR_HUMAN,Q8IYS5,unclassified,active,true,,e22d7643ea01abd0dce415e74faf002186e13ae33190976f1ae61cece045fb76,2026-08-06
Q99650,OSMR_HUMAN,Q99650,surface,active,true,,e22d7643ea01abd0dce415e74faf002186e13ae33190976f1ae61cece045fb76,2026-08-06
P39656,OST48_HUMAN,P39656,non_surface,active,true,,e22d7643ea01abd0dce415e74faf002186e13ae33190976f1ae61cece045fb76,2026-08-06
P0C6T2,OST4_HUMAN,P0C6T2,non_surface,active,true,,e22d7643ea01abd0dce415e74faf002186e13ae33190976f1ae61cece045fb76,2026-08-06
Q86UW1,OSTA_HUMAN,Q86UW1,surface,active,true,,e22d7643ea01abd0dce415e74faf002186e13ae33190976f1ae61cece045fb76,2026-08-06
Q86UW2,OSTB_HUMAN,Q86UW2,surface,active,true,,e22d7643ea01abd0dce415e74faf002186e13ae33190976f1ae61cece045fb76,2026-08-06
P02818,OSTCN_HUMAN,P02818,unclassified,active,true,,e22d7643ea01abd0dce415e74faf002186e13ae33190976f1ae61cece045fb76,2026-08-06
Q9NRP0,OSTC_HUMAN,Q9NRP0,non_surface,active,true,,e22d7643ea01abd0dce415e74faf002186e13ae33190976f1ae61cece045fb76,2026-08-06
Q86WC4,OSTM1_HUMAN,Q86WC4,surface,active,true,,e22d7643ea01abd0dce415e74faf002186e13ae33190976f1ae61cece045fb76,2026-08-06
P61366,OSTN_HUMAN,P61366,unclassified,active,true,,e22d7643ea01abd0dce415e74faf002186e13ae33190976f1ae61cece045fb76,2026-08-06
P10451,OSTP_HUMAN,P10451,unclassified,active,true,,e22d7643ea01abd0dce415e74faf002186e13ae33190976f1ae61cece045fb76,2026-08-06
Q7RTW8,OTOAN_HUMAN,Q7RTW8,surface,active,true,,e22d7643ea01abd0dce415e74faf002186e13ae33190976f1ae61cece045fb76,2026-08-06
Q9HC10,OTOF_HUMAN,Q9HC10,non_surface,active,true,,e22d7643ea01abd0dce415e74faf002186e13ae33190976f1ae61cece045fb76,2026-08-06
Q3ZCN5,OTOGL_HUMAN,Q3ZCN5,unclassified,active,true,,e22d7643ea01abd0dce415e74faf002186e13ae33190976f1ae61cece045fb76,2026-08-06
Q6ZRI0,OTOG_HUMAN,Q6ZRI0,unclassified,active,true,,e22d7643ea01abd0dce415e74faf002186e13ae33190976f1ae61cece045fb76,2026-08-06
A6NHN0,OTOL1_HUMAN,A6NHN0,unclassified,active,true,,e22d7643ea01abd0dce415e74faf002186e13ae33190976f1ae61cece045fb76,2026-08-06
Q7RTM1,OTOP1_HUMAN,Q7RTM1,surface,active,true,,e22d7643ea01abd0dce415e74faf002186e13ae33190976f1ae61cece045fb76,2026-08-06
Q7RTS6,OTOP2_HUMAN,Q7RTS6,surface,active,true,,e22d7643ea01abd0dce415e74faf002186e13ae33190976f1ae61cece045fb76,2026-08-06
Q7RTS5,OTOP3_HUMAN,Q7RTS5,unclassified,active,true,,e22d7643ea01abd0dce415e74faf002186e13ae33190976f1ae61cece045fb76,2026-08-06
Q9NRC9,OTOR_HUMAN,Q9NRC9,unclassified,active,true,,e22d7643ea01abd0dce415e74faf002186e13ae33190976f1ae61cece045fb76,2026-08-06
Q8NHW6,OTOSP_HUMAN,Q8NHW6,unclassified,active,true,,e22d7643ea01abd0dce415e74faf002186e13ae33190976f1ae61cece045fb76,2026-08-06
Q7RTY7,OVCH1_HUMAN,Q7RTY7,unclassified,active,true,,e22d7643ea01abd0dce415e74faf002186e13ae33190976f1ae61cece045fb76,2026-08-06
Q7RTZ1,OVCH2_HUMAN,Q7RTZ1,unclassified,active,true,,e22d7643ea01abd0dce415e74faf002186e13ae33190976f1ae61cece045fb76,2026-08-06
Q12889,OVGP1_HUMAN,Q12889,unclassified,active,true,,e22d7643ea01abd0dce415e74faf002186e13ae33190976f1ae61cece045fb76,2026-08-06
Q6IE37,OVOS1_HUMAN,Q6IE37,unclassified,active,true,,e22d7643ea01abd0dce415e74faf002186e13ae33190976f1ae61cece045fb76,2026-08-06
O43613,OX1R_HUMAN,O43613,surface,active,true,,e22d7643ea01abd0dce415e74faf002186e13ae33190976f1ae61cece045fb76,2026-08-06
P83859,OX26_HUMAN,P83859,unclassified,active,true,,e22d7643ea01abd0dce415e74faf002186e13ae33190976f1ae61cece045fb76,2026-08-06
P41217,OX2G_HUMAN,P41217,surface,active,true,,e22d7643ea01abd0dce415e74faf002186e13ae33190976f1ae61cece045fb76,2026-08-06
O43614,OX2R_HUMAN,O43614,surface,active,true,,e22d7643ea01abd0dce415e74faf002186e13ae33190976f1ae61cece045fb76,2026-08-06
Q15070,OXA1L_HUMAN,Q15070,non_surface,active,true,,e22d7643ea01abd0dce415e74faf002186e13ae33190976f1ae61cece045fb76,2026-08-06
P14920,OXDA_HUMAN,P14920,unclassified,active,true,,e22d7643ea01abd0dce415e74faf002186e13ae33190976f1ae61cece045fb76,2026-08-06
Q99489,OXDD_HUMAN,Q99489,unclassified,active,true,,e22d7643ea01abd0dce415e74faf002186e13ae33190976f1ae61cece045fb76,2026-08-06
Q8TDS5,OXER1_HUMAN,Q8TDS5,surface,active,true,,e22d7643ea01abd0dce415e74faf002186e13ae33190976f1ae61cece045fb76,2026-08-06
Q96P68,OXGR1_HUMAN,Q96P68,surface,active,true,,e22d7643ea01abd0dce415e74faf002186e13ae33190976f1ae61cece045fb76,2026-08-06
Q96RQ9,OXLA_HUMAN,Q96RQ9,unclassified,active,true,,e22d7643ea01abd0dce415e74faf002186e13ae33190976f1ae61cece045fb76,2026-08-06
Q96HP4,OXND1_HUMAN,Q96HP4,unclassified,active,true,,e22d7643ea01abd0dce415e74faf002186e13ae33190976f1ae61cece045fb76,2026-08-06
P30559,OXYR_HUMAN,P30559,surface,active,true,,e22d7643ea01abd0dce415e74faf002186e13ae33190976f1ae61cece045fb76,2026-08-06
Q96HA1,P121A_HUMAN,Q96HA1,non_surface,active,true,,e22d7643ea01abd0dce415e74faf002186e13ae33190976f1ae61cece045fb76,2026-08-06
A8CG34,P121C_HUMAN,A8CG34,non_surface,active,true,,e22d7643ea01abd0dce415e74faf002186e13ae33190976f1ae61cece045fb76,2026-08-06
A6NNC1,P12LL_HUMAN,A6NNC1,non_surface,active,true,,e22d7643ea01abd0dce415e74faf002186e13ae33190976f1ae61cece045fb76,2026-08-06
Q6GTS8,P20D1_HUMAN,Q6GTS8,unclassified,active,true,,e22d7643ea01abd0dce415e74faf002186e13ae33190976f1ae61cece045fb76,2026-08-06
Q5VU65,P210L_HUMAN,Q5VU65,surface,active,true,,e22d7643ea01abd0dce415e74faf002186e13ae33190976f1ae61cece045fb76,2026-08-06
P51575,P2RX1_HUMAN,P51575,surface,active,true,,e22d7643ea01abd0dce415e74faf002186e13ae33190976f1ae61cece045fb76,2026-08-06
Q9UBL9,P2RX2_HUMAN,Q9UBL9,surface,active,true,,e22d7643ea01abd0dce415e74faf002186e13ae33190976f1ae61cece045fb76,2026-08-06
P56373,P2RX3_HUMAN,P56373,surface,active,true,,e22d7643ea01abd0dce415e74faf002186e13ae33190976f1ae61cece045fb76,2026-08-06
Q99571,P2RX4_HUMAN,Q99571,surface,active,true,,e22d7643ea01abd0dce415e74faf002186e13ae33190976f1ae61cece045fb76,2026-08-06
Q93086,P2RX5_HUMAN,Q93086,non_surface,active,true,,e22d7643ea01abd0dce415e74faf002186e13ae33190976f1ae61cece045fb76,2026-08-06
O15547,P2RX6_HUMAN,O15547,surface,active,true,,e22d7643ea01abd0dce415e74faf002186e13ae33190976f1ae61cece045fb76,2026-08-06
Q99572,P2RX7_HUMAN,Q99572,surface,active,true,,e22d7643ea01abd0dce415e74faf002186e13ae33190976f1ae61cece045fb76,2026-08-06
P47900,P2RY1_HUMAN,P47900,surface,active,true,,e22d7643ea01abd0dce415e74faf002186e13ae33190976f1ae61cece045fb76,2026-08-06
P41231,P2RY2_HUMAN,P41231,surface,active,true,,e22d7643ea01abd0dce415e74faf002186e13ae33190976f1ae61cece045fb76,2026-08-06
P51582,P2RY4_HUMAN,P51582,surface,active,true,,e22d7643ea01abd0dce415e74faf002186e13ae33190976f1ae61cece045fb76,2026-08-06
Q15077,P2RY6_HUMAN,Q15077,surface,active,true,,e22d7643ea01abd0dce415e74faf002186e13ae33190976f1ae61cece045fb76,2026-08-06
Q86VZ1,P2RY8_HUMAN,Q86VZ1,surface,active,true,,e22d7643ea01abd0dce415e74faf002186e13ae33190976f1ae61cece045fb76,2026-08-06
O00398,P2Y10_HUMAN,O00398,surface,active,true,,e22d7643ea01abd0dce415e74faf002186e13ae33190976f1ae61cece045fb76,2026-08-06
Q96G91,P2Y11_HUMAN,Q96G91,surface,active,true,,e22d7643ea01abd0dce415e74faf002186e13ae33190976f1ae61cece045fb76,2026-08-06
Q9H244,P2Y12_HUMAN,Q9H244,surface,active,true,,e22d7643ea01abd0dce415e74faf002186e13ae33190976f1ae61cece045fb76,2026-08-06
Q9BPV8,P2Y13_HUMAN,Q9BPV8,surface,active,true,,e22d7643ea01abd0dce415e74faf002186e13ae33190976f1ae61cece045fb76,2026-08-06
Q15391,P2Y14_HUMAN,Q15391,surface,active,true,,e22d7643ea01abd0dce415e74faf002186e13ae33190976f1ae61cece045fb76,2026-08-06
Q32P28,P3H1_HUMAN,Q32P28,unclassified,active,true,,e22d7643ea01abd0dce415e74faf002186e13ae33190976f1ae61cece045fb76,2026-08-06
Q8IVL5,P3H2_HUMAN,Q8IVL5,unclassified,active,true,,e22d7643ea01abd0dce415e74faf002186e13ae33190976f1ae61cece045fb76,2026-08-06
Q8IVL6,P3H3_HUMAN,Q8IVL6,unclassified,active,true,,e22d7643ea01abd0dce415e74faf002186e13ae33190976f1ae61cece045fb76,2026-08-06
Q96FE7,P3IP1_HUMAN,Q96FE7,surface,active,true,,e22d7643ea01abd0dce415e74faf002186e13ae33190976f1ae61cece045fb76,2026-08-06
P09131,P3_HUMAN,P09131,surface,active,true,,e22d7643ea01abd0dce415e74faf002186e13ae33190976f1ae61cece045fb76,2026-08-06
P13674,P4HA1_HUMAN,P13674,unclassified,active,true,,e22d7643ea01abd0dce415e74faf002186e13ae33190976f1ae61cece045fb76,2026-08-06
O15460,P4HA2_HUMAN,O15460,unclassified,active,true,,e22d7643ea01abd0dce415e74faf002186e13ae33190976f1ae61cece045fb76,2026-08-06
Q7Z4N8,P4HA3_HUMAN,Q7Z4N8,unclassified,active,true,,e22d7643ea01abd0dce415e74faf002186e13ae33190976f1ae61cece045fb76,2026-08-06
Q9NXG6,P4HTM_HUMAN,Q9NXG6,non_surface,active,true,,e22d7643ea01abd0dce415e74faf002186e13ae33190976f1ae61cece045fb76,2026-08-06
Q6IN85,P4R3A_HUMAN,Q6IN85,non_surface,active,true,,e22d7643ea01abd0dce415e74faf002186e13ae33190976f1ae61cece045fb76,2026-08-06
P32322,P5CR1_HUMAN,P32322,unclassified,active,true,,e22d7643ea01abd0dce415e74faf002186e13ae33190976f1ae61cece045fb76,2026-08-06
Q96C36,P5CR2_HUMAN,Q96C36,unclassified,active,true,,e22d7643ea01abd0dce415e74faf002186e13ae33190976f1ae61cece045fb76,2026-08-06
O14683,P5I11_HUMAN,O14683,non_surface,active,true,,e22d7643ea01abd0dce415e74faf002186e13ae33190976f1ae61cece045fb76,2026-08-06
Q8NBR0,P5I13_HUMAN,Q8NBR0,surface,active,true,,e22d7643ea01abd0dce415e74faf002186e13ae33190976f1ae61cece045fb76,2026-08-06
P04054,PA21B_HUMAN,P04054,unclassified,active,true,,e22d7643ea01abd0dce415e74faf002186e13ae33190976f1ae61cece045fb76,2026-08-06
Q3MJ16,PA24E_HUMAN,Q3MJ16,non_surface,active,true,,e22d7643ea01abd0dce415e74faf002186e13ae33190976f1ae61cece045fb76,2026-08-06
Q9NZ20,PA2G3_HUMAN,Q9NZ20,unclassified,active,true,,e22d7643ea01abd0dce415e74faf002186e13ae33190976f1ae61cece045fb76,2026-08-06
P39877,PA2G5_HUMAN,P39877,unclassified,active,true,,e22d7643ea01abd0dce415e74faf002186e13ae33190976f1ae61cece045fb76,2026-08-06
P14555,PA2GA_HUMAN,P14555,unclassified,active,true,,e22d7643ea01abd0dce415e74faf002186e13ae33190976f1ae61cece045fb76,2026-08-06
Q5R387,PA2GC_HUMAN,Q5R387,unclassified,active,true,,e22d7643ea01abd0dce415e74faf002186e13ae33190976f1ae61cece045fb76,2026-08-06
Q9UNK4,PA2GD_HUMAN,Q9UNK4,unclassified,active,true,,e22d7643ea01abd0dce415e74faf002186e13ae33190976f1ae61cece045fb76,2026-08-06
Q9NZK7,PA2GE_HUMAN,Q9NZK7,unclassified,active,true,,e22d7643ea01abd0dce415e74faf002186e13ae33190976f1ae61cece045fb76,2026-08-06
Q9BZM2,PA2GF_HUMAN,Q9BZM2,unclassified,active,true,,e22d7643ea01abd0dce415e74faf002186e13ae33190976f1ae61cece045fb76,2026-08-06
O15496,PA2GX_HUMAN,O15496,unclassified,active,true,,e22d7643ea01abd0dce415e74faf002186e13ae33190976f1ae61cece045fb76,2026-08-06
Q86U42,PABP2_HUMAN,Q86U42,unclassified,active,true,,e22d7643ea01abd0dce415e74faf002186e13ae33190976f1ae61cece045fb76,2026-08-06
P18509,PACA_HUMAN,P18509,unclassified,active,true,,e22d7643ea01abd0dce415e74faf002186e13ae33190976f1ae61cece045fb76,2026-08-06
P41586,PACR_HUMAN,P41586,surface,active,true,,e22d7643ea01abd0dce415e74faf002186e13ae33190976f1ae61cece045fb76,2026-08-06
Q9BSG0,PADC1_HUMAN,Q9BSG0,unclassified,active,true,,e22d7643ea01abd0dce415e74faf002186e13ae33190976f1ae61cece045fb76,2026-08-06
P09466,PAEP_HUMAN,P09466,unclassified,active,true,,e22d7643ea01abd0dce415e74faf002186e13ae33190976f1ae61cece045fb76,2026-08-06
Q13093,PAFA_HUMAN,Q13093,unclassified,active,true,,e22d7643ea01abd0dce415e74faf002186e13ae33190976f1ae61cece045fb76,2026-08-06
Q8NCC3,PAG15_HUMAN,Q8NCC3,unclassified,active,true,,e22d7643ea01abd0dce415e74faf002186e13ae33190976f1ae61cece045fb76,2026-08-06
P01298,PAHO_HUMAN,P01298,unclassified,active,true,,e22d7643ea01abd0dce415e74faf002186e13ae33190976f1ae61cece045fb76,2026-08-06
P05121,PAI1_HUMAN,P05121,unclassified,active,true,,e22d7643ea01abd0dce415e74faf002186e13ae33190976f1ae61cece045fb76,2026-08-06
P05120,PAI2_HUMAN,P05120,unclassified,active,true,,e22d7643ea01abd0dce415e74faf002186e13ae33190976f1ae61cece045fb76,2026-08-06
Q6UXH9,PAMR1_HUMAN,Q6UXH9,unclassified,active,true,,e22d7643ea01abd0dce415e74faf002186e13ae33190976f1ae61cece045fb76,2026-08-06
Q8TE04,PANK1_HUMAN,Q8TE04,non_surface,active,true,,e22d7643ea01abd0dce415e74faf002186e13ae33190976f1ae61cece045fb76,2026-08-06
Q9BZ23,PANK2_HUMAN,Q9BZ23,non_surface,active,true,,e22d7643ea01abd0dce415e74faf002186e13ae33190976f1ae61cece045fb76,2026-08-06
Q96RD7,PANX1_HUMAN,Q96RD7,surface,active,true,,e22d7643ea01abd0dce415e74faf002186e13ae33190976f1ae61cece045fb76,2026-08-06
Q96RD6,PANX2_HUMAN,Q96RD6,surface,active,true,,e22d7643ea01abd0dce415e74faf002186e13ae33190976f1ae61cece045fb76,2026-08-06
Q96QZ0,PANX3_HUMAN,Q96QZ0,unclassified,active,true,,e22d7643ea01abd0dce415e74faf002186e13ae33190976f1ae61cece045fb76,2026-08-06
Q6QHF9,PAOX_HUMAN,Q6QHF9,non_surface,active,true,,e22d7643ea01abd0dce415e74faf002186e13ae33190976f1ae61cece045fb76,2026-08-06
Q5QFB9,PAPAS_HUMAN,Q5QFB9,non_surface,active,true,,e22d7643ea01abd0dce415e74faf002186e13ae33190976f1ae61cece045fb76,2026-08-06
Q9NVV4,PAPD1_HUMAN,Q9NVV4,non_surface,active,true,,e22d7643ea01abd0dce415e74faf002186e13ae33190976f1ae61cece045fb76,2026-08-06
Q5XG87,PAPD7_HUMAN,Q5XG87,non_surface,active,true,,e22d7643ea01abd0dce415e74faf002186e13ae33190976f1ae61cece045fb76,2026-08-06
Q6ZNF0,PAPL_HUMAN,Q6ZNF0,unclassified,active,true,,e22d7643ea01abd0dce415e74faf002186e13ae33190976f1ae61cece045fb76,2026-08-06
Q9BWT3,PAPOG_HUMAN,Q9BWT3,non_surface,active,true,,e22d7643ea01abd0dce415e74faf002186e13ae33190976f1ae61cece045fb76,2026-08-06
Q13219,PAPP1_HUMAN,Q13219,unclassified,active,true,,e22d7643ea01abd0dce415e74faf002186e13ae33190976f1ae61cece045fb76,2026-08-06
Q9BXP8,PAPP2_HUMAN,Q9BXP8,unclassified,active,true,,e22d7643ea01abd0dce415e74faf002186e13ae33190976f1ae61cece045fb76,2026-08-06
Q6TCH7,PAQR3_HUMAN,Q6TCH7,unclassified,active,true,,e22d7643ea01abd0dce415e74faf002186e13ae33190976f1ae61cece045fb76,2026-08-06
Q8N4S7,PAQR4_HUMAN,Q8N4S7,non_surface,active,true,,e22d7643ea01abd0dce415e74faf002186e13ae33190976f1ae61cece045fb76,2026-08-06
Q6TCH4,PAQR6_HUMAN,Q6TCH4,non_surface,active,true,,e22d7643ea01abd0dce415e74faf002186e13ae33190976f1ae61cece045fb76,2026-08-06
Q6ZVX9,PAQR9_HUMAN,Q6ZVX9,unclassified,active,true,,e22d7643ea01abd0dce415e74faf002186e13ae33190976f1ae61cece045fb76,2026-08-06
Q8IY49,PAQRA_HUMAN,Q8IY49,non_surface,active,true,,e22d7643ea01abd0dce415e74faf002186e13ae33190976f1ae61cece045fb76,2026-08-06
Q15546,PAQRB_HUMAN,Q15546,unclassified,active,true,,e22d7643ea01abd0dce415e74faf002186e13ae33190976f1ae61cece045fb76,2026-08-06
Q8N5Y8,PAR16_HUMAN,Q8N5Y8,non_surface,active,true,,e22d7643ea01abd0dce415e74faf002186e13ae33190976f1ae61cece045fb76,2026-08-06
P25116,PAR1_HUMAN,P25116,surface,active,true,,e22d7643ea01abd0dce415e74faf002186e13ae33190976f1ae61cece045fb76,2026-08-06
P55085,PAR2_HUMAN,P55085,surface,active,true,,e22d7643ea01abd0dce415e74faf002186e13ae33190976f1ae61cece045fb76,2026-08-06
O00254,PAR3_HUMAN,O00254,surface,active,true,,e22d7643ea01abd0dce415e74faf002186e13ae33190976f1ae61cece045fb76,2026-08-06
Q96RI0,PAR4_HUMAN,Q96RI0,surface,active,true,,e22d7643ea01abd0dce415e74faf002186e13ae33190976f1ae61cece045fb76,2026-08-06
Q9H300,PARL_HUMAN,Q9H300,non_surface,active,true,,e22d7643ea01abd0dce415e74faf002186e13ae33190976f1ae61cece045fb76,2026-08-06
Q6UWI2,PARM1_HUMAN,Q6UWI2,surface,active,true,,e22d7643ea01abd0dce415e74faf002186e13ae33190976f1ae61cece045fb76,2026-08-06
Q9Y6F1,PARP3_HUMAN,Q9Y6F1,non_surface,active,true,,e22d7643ea01abd0dce415e74faf002186e13ae33190976f1ae61cece045fb76,2026-08-06
Q8IXQ6,PARP9_HUMAN,Q8IXQ6,unclassified,active,true,,e22d7643ea01abd0dce415e74faf002186e13ae33190976f1ae61cece045fb76,2026-08-06
Q8WXA2,PATE1_HUMAN,Q8WXA2,unclassified,active,true,,e22d7643ea01abd0dce415e74faf002186e13ae33190976f1ae61cece045fb76,2026-08-06
Q6UY27,PATE2_HUMAN,Q6UY27,unclassified,active,true,,e22d7643ea01abd0dce415e74faf002186e13ae33190976f1ae61cece045fb76,2026-08-06
B3GLJ2,PATE3_HUMAN,B3GLJ2,unclassified,active,true,,e22d7643ea01abd0dce415e74faf002186e13ae33190976f1ae61cece045fb76,2026-08-06
P0C8F1,PATE4_HUMAN,P0C8F1,unclassified,active,true,,e22d7643ea01abd0dce415e74faf002186e13ae33190976f1ae61cece045fb76,2026-08-06
Q96AQ6,PBIP1_HUMAN,Q96AQ6,non_surface,active,true,,e22d7643ea01abd0dce415e74faf002186e13ae33190976f1ae61cece045fb76,2026-08-06
E2RYF7,PBMU2_HUMAN,E2RYF7,unclassified,active,true,,e22d7643ea01abd0dce415e74faf002186e13ae33190976f1ae61cece045fb76,2026-08-06
Q9GZY1,PBOV1_HUMAN,Q9GZY1,non_surface,active,true,,e22d7643ea01abd0dce415e74faf002186e13ae33190976f1ae61cece045fb76,2026-08-06
Q9BZA7,PC11X_HUMAN,Q9BZA7,surface,active,true,,e22d7643ea01abd0dce415e74faf002186e13ae33190976f1ae61cece045fb76,2026-08-06
Q9BZA8,PC11Y_HUMAN,Q9BZA8,surface,active,true,,e22d7643ea01abd0dce415e74faf002186e13ae33190976f1ae61cece045fb76,2026-08-06
Q8NF37,PCAT1_HUMAN,Q8NF37,non_surface,active,true,,e22d7643ea01abd0dce415e74faf002186e13ae33190976f1ae61cece045fb76,2026-08-06
Q7L5N7,PCAT2_HUMAN,Q7L5N7,non_surface,active,true,,e22d7643ea01abd0dce415e74faf002186e13ae33190976f1ae61cece045fb76,2026-08-06
P05166,PCCB_HUMAN,P05166,unclassified,active,true,,e22d7643ea01abd0dce415e74faf002186e13ae33190976f1ae61cece045fb76,2026-08-06
Q9P2E7,PCD10_HUMAN,Q9P2E7,surface,active,true,,e22d7643ea01abd0dce415e74faf002186e13ae33190976f1ae61cece045fb76,2026-08-06
Q9NPG4,PCD12_HUMAN,Q9NPG4,surface,active,true,,e22d7643ea01abd0dce415e74faf002186e13ae33190976f1ae61cece045fb76,2026-08-06
Q96QU1,PCD15_HUMAN,Q96QU1,surface,active,true,,e22d7643ea01abd0dce415e74faf002186e13ae33190976f1ae61cece045fb76,2026-08-06
Q96JQ0,PCD16_HUMAN,Q96JQ0,surface,active,true,,e22d7643ea01abd0dce415e74faf002186e13ae33190976f1ae61cece045fb76,2026-08-06
O14917,PCD17_HUMAN,O14917,surface,active,true,,e22d7643ea01abd0dce415e74faf002186e13ae33190976f1ae61cece045fb76,2026-08-06
Q9HCL0,PCD18_HUMAN,Q9HCL0,surface,active,true,,e22d7643ea01abd0dce415e74faf002186e13ae33190976f1ae61cece045fb76,2026-08-06
Q8TAB3,PCD19_HUMAN,Q8TAB3,surface,active,true,,e22d7643ea01abd0dce415e74faf002186e13ae33190976f1ae61cece045fb76,2026-08-06
Q8N6Y1,PCD20_HUMAN,Q8N6Y1,surface,active,true,,e22d7643ea01abd0dce415e74faf002186e13ae33190976f1ae61cece045fb76,2026-08-06
Q6V1P9,PCD23_HUMAN,Q6V1P9,surface,active,true,,e22d7643ea01abd0dce415e74faf002186e13ae33190976f1ae61cece045fb76,2026-08-06
Q9Y5I3,PCDA1_HUMAN,Q9Y5I3,surface,active,true,,e22d7643ea01abd0dce415e74faf002186e13ae33190976f1ae61cece045fb76,2026-08-06
Q9Y5H9,PCDA2_HUMAN,Q9Y5H9,surface,active,true,,e22d7643ea01abd0dce415e74faf002186e13ae33190976f1ae61cece045fb76,2026-08-06
Q9Y5H8,PCDA3_HUMAN,Q9Y5H8,surface,active,true,,e22d7643ea01abd0dce415e74faf002186e13ae33190976f1ae61cece045fb76,2026-08-06
Q9UN74,PCDA4_HUMAN,Q9UN74,surface,active,true,,e22d7643ea01abd0dce415e74faf002186e13ae33190976f1ae61cece045fb76,2026-08-06
Q9Y5H7,PCDA5_HUMAN,Q9Y5H7,surface,active,true,,e22d7643ea01abd0dce415e74faf002186e13ae33190976f1ae61cece045fb76,2026-08-06
Q9UN73,PCDA6_HUMAN,Q9UN73,surface,active,true,,e22d7643ea01abd0dce415e74faf002186e13ae33190976f1ae61cece045fb76,2026-08-06
Q9UN72,PCDA7_HUMAN,Q9UN72,surface,active,true,,e22d7643ea01abd0dce415e74faf002186e13ae33190976f1ae61cece045fb76,2026-08-06
Q9Y5H6,PCDA8_HUMAN,Q9Y5H6,surface,active,true,,e22d7643ea01abd0dce415e74faf002186e13ae33190976f1ae61cece045fb76,2026-08-06
Q9Y5H5,PCDA9_HUMAN,Q9Y5H5,surface,active,true,,e22d7643ea01abd0dce415e74faf002186e13ae33190976f1ae61cece045fb76,2026-08-06
Q9Y5I2,PCDAA_HUMAN,Q9Y5I2,surface,active,true,,e22d7643ea01abd0dce415e74faf002186e13ae33190976f1ae61cece045fb76,2026-08-06
Q9Y5I1,PCDAB_HUMAN,Q9Y5I1,surface,active,true,,e22d7643ea01abd0dce415e74faf002186e13ae33190976f1ae61cece045fb76,2026-08-06
Q9UN75,PCDAC_HUMAN,Q9UN75,surface,active,true,,e22d7643ea01abd0dce415e74faf002186e13ae33190976f1ae61cece045fb76,2026-08-06
Q9Y5I0,PCDAD_HUMAN,Q9Y5I0,surface,active,true,,e22d7643ea01abd0dce415e74faf002186e13ae33190976f1ae61cece045fb76,2026-08-06
Q9Y5F3,PCDB1_HUMAN,Q9Y5F3,surface,active,true,,e22d7643ea01abd0dce415e74faf002186e13ae33190976f1ae61cece045fb76,2026-08-06
Q9Y5E7,PCDB2_HUMAN,Q9Y5E7,surface,active,true,,e22d7643ea01abd0dce415e74faf002186e13ae33190976f1ae61cece045fb76,2026-08-06
Q9Y5E6,PCDB3_HUMAN,Q9Y5E6,surface,active,true,,e22d7643ea01abd0dce415e74faf002186e13ae33190976f1ae61cece045fb76,2026-08-06
Q9Y5E5,PCDB4_HUMAN,Q9Y5E5,surface,active,true,,e22d7643ea01abd0dce415e74faf002186e13ae33190976f1ae61cece045fb76,2026-08-06
Q9Y5E4,PCDB5_HUMAN,Q9Y5E4,surface,active,true,,e22d7643ea01abd0dce415e74faf002186e13ae33190976f1ae61cece045fb76,2026-08-06
Q9Y5E3,PCDB6_HUMAN,Q9Y5E3,surface,active,true,,e22d7643ea01abd0dce415e74faf002186e13ae33190976f1ae61cece045fb76,2026-08-06
Q9Y5E2,PCDB7_HUMAN,Q9Y5E2,surface,active,true,,e22d7643ea01abd0dce415e74faf002186e13ae33190976f1ae61cece045fb76,2026-08-06
Q9UN66,PCDB8_HUMAN,Q9UN66,surface,active,true,,e22d7643ea01abd0dce415e74faf002186e13ae33190976f1ae61cece045fb76,2026-08-06
Q9Y5E1,PCDB9_HUMAN,Q9Y5E1,surface,active,true,,e22d7643ea01abd0dce415e74faf002186e13ae33190976f1ae61cece045fb76,2026-08-06
Q9UN67,PCDBA_HUMAN,Q9UN67,surface,active,true,,e22d7643ea01abd0dce415e74faf002186e13ae33190976f1ae61cece045fb76,2026-08-06
Q9Y5F2,PCDBB_HUMAN,Q9Y5F2,surface,active,true,,e22d7643ea01abd0dce415e74faf002186e13ae33190976f1ae61cece045fb76,2026-08-06
Q9Y5F1,PCDBC_HUMAN,Q9Y5F1,surface,active,true,,e22d7643ea01abd0dce415e74faf002186e13ae33190976f1ae61cece045fb76,2026-08-06
Q9Y5F0,PCDBD_HUMAN,Q9Y5F0,surface,active,true,,e22d7643ea01abd0dce415e74faf002186e13ae33190976f1ae61cece045fb76,2026-08-06
Q9Y5E9,PCDBE_HUMAN,Q9Y5E9,surface,active,true,,e22d7643ea01abd0dce415e74faf002186e13ae33190976f1ae61cece045fb76,2026-08-06
Q9Y5E8,PCDBF_HUMAN,Q9Y5E8,surface,active,true,,e22d7643ea01abd0dce415e74faf002186e13ae33190976f1ae61cece045fb76,2026-08-06
Q9NRJ7,PCDBG_HUMAN,Q9NRJ7,surface,active,true,,e22d7643ea01abd0dce415e74faf002186e13ae33190976f1ae61cece045fb76,2026-08-06
Q96TA0,PCDBI_HUMAN,Q96TA0,non_surface,active,true,,e22d7643ea01abd0dce415e74faf002186e13ae33190976f1ae61cece045fb76,2026-08-06
Q9H158,PCDC1_HUMAN,Q9H158,surface,active,true,,e22d7643ea01abd0dce415e74faf002186e13ae33190976f1ae61cece045fb76,2026-08-06
Q9Y5I4,PCDC2_HUMAN,Q9Y5I4,surface,active,true,,e22d7643ea01abd0dce415e74faf002186e13ae33190976f1ae61cece045fb76,2026-08-06
Q9Y5H4,PCDG1_HUMAN,Q9Y5H4,surface,active,true,,e22d7643ea01abd0dce415e74faf002186e13ae33190976f1ae61cece045fb76,2026-08-06
Q9Y5H1,PCDG2_HUMAN,Q9Y5H1,surface,active,true,,e22d7643ea01abd0dce415e74faf002186e13ae33190976f1ae61cece045fb76,2026-08-06
Q9Y5H0,PCDG3_HUMAN,Q9Y5H0,surface,active,true,,e22d7643ea01abd0dce415e74faf002186e13ae33190976f1ae61cece045fb76,2026-08-06
Q9Y5G9,PCDG4_HUMAN,Q9Y5G9,surface,active,true,,e22d7643ea01abd0dce415e74faf002186e13ae33190976f1ae61cece045fb76,2026-08-06
Q9Y5G8,PCDG5_HUMAN,Q9Y5G8,surface,active,true,,e22d7643ea01abd0dce415e74faf002186e13ae33190976f1ae61cece045fb76,2026-08-06
Q9Y5G7,PCDG6_HUMAN,Q9Y5G7,surface,active,true,,e22d7643ea01abd0dce415e74faf002186e13ae33190976f1ae61cece045fb76,2026-08-06
Q9Y5G6,PCDG7_HUMAN,Q9Y5G6,surface,active,true,,e22d7643ea01abd0dce415e74faf002186e13ae33190976f1ae61cece045fb76,2026-08-06
Q9Y5G5,PCDG8_HUMAN,Q9Y5G5,surface,active,true,,e22d7643ea01abd0dce415e74faf002186e13ae33190976f1ae61cece045fb76,2026-08-06
Q9Y5G4,PCDG9_HUMAN,Q9Y5G4,surface,active,true,,e22d7643ea01abd0dce415e74faf002186e13ae33190976f1ae61cece045fb76,2026-08-06
Q9Y5H3,PCDGA_HUMAN,Q9Y5H3,surface,active,true,,e22d7643ea01abd0dce415e74faf002186e13ae33190976f1ae61cece045fb76,2026-08-06
Q9Y5H2,PCDGB_HUMAN,Q9Y5H2,surface,active,true,,e22d7643ea01abd0dce415e74faf002186e13ae33190976f1ae61cece045fb76,2026-08-06
O60330,PCDGC_HUMAN,O60330,surface,active,true,,e22d7643ea01abd0dce415e74faf002186e13ae33190976f1ae61cece045fb76,2026-08-06
Q9Y5G3,PCDGD_HUMAN,Q9Y5G3,surface,active,true,,e22d7643ea01abd0dce415e74faf002186e13ae33190976f1ae61cece045fb76,2026-08-06
Q9Y5G2,PCDGE_HUMAN,Q9Y5G2,surface,active,true,,e22d7643ea01abd0dce415e74faf002186e13ae33190976f1ae61cece045fb76,2026-08-06
Q9Y5G1,PCDGF_HUMAN,Q9Y5G1,surface,active,true,,e22d7643ea01abd0dce415e74faf002186e13ae33190976f1ae61cece045fb76,2026-08-06
Q9UN71,PCDGG_HUMAN,Q9UN71,surface,active,true,,e22d7643ea01abd0dce415e74faf002186e13ae33190976f1ae61cece045fb76,2026-08-06
Q9Y5G0,PCDGH_HUMAN,Q9Y5G0,surface,active,true,,e22d7643ea01abd0dce415e74faf002186e13ae33190976f1ae61cece045fb76,2026-08-06
Q9Y5F9,PCDGI_HUMAN,Q9Y5F9,surface,active,true,,e22d7643ea01abd0dce415e74faf002186e13ae33190976f1ae61cece045fb76,2026-08-06
Q9Y5F8,PCDGJ_HUMAN,Q9Y5F8,surface,active,true,,e22d7643ea01abd0dce415e74faf002186e13ae33190976f1ae61cece045fb76,2026-08-06
Q9UN70,PCDGK_HUMAN,Q9UN70,surface,active,true,,e22d7643ea01abd0dce415e74faf002186e13ae33190976f1ae61cece045fb76,2026-08-06
Q9Y5F7,PCDGL_HUMAN,Q9Y5F7,surface,active,true,,e22d7643ea01abd0dce415e74faf002186e13ae33190976f1ae61cece045fb76,2026-08-06
Q9Y5F6,PCDGM_HUMAN,Q9Y5F6,surface,active,true,,e22d7643ea01abd0dce415e74faf002186e13ae33190976f1ae61cece045fb76,2026-08-06
Q08174,PCDH1_HUMAN,Q08174,surface,active,true,,e22d7643ea01abd0dce415e74faf002186e13ae33190976f1ae61cece045fb76,2026-08-06
O60245,PCDH7_HUMAN,O60245,surface,active,true,,e22d7643ea01abd0dce415e74faf002186e13ae33190976f1ae61cece045fb76,2026-08-06
O95206,PCDH8_HUMAN,O95206,surface,active,true,,e22d7643ea01abd0dce415e74faf002186e13ae33190976f1ae61cece045fb76,2026-08-06
Q9HC56,PCDH9_HUMAN,Q9HC56,surface,active,true,,e22d7643ea01abd0dce415e74faf002186e13ae33190976f1ae61cece045fb76,2026-08-06
Q96NT5,PCFT_HUMAN,Q96NT5,surface,active,true,,e22d7643ea01abd0dce415e74faf002186e13ae33190976f1ae61cece045fb76,2026-08-06
Q15113,PCOC1_HUMAN,Q15113,unclassified,active,true,,e22d7643ea01abd0dce415e74faf002186e13ae33190976f1ae61cece045fb76,2026-08-06
Q9UKZ9,PCOC2_HUMAN,Q9UKZ9,unclassified,active,true,,e22d7643ea01abd0dce415e74faf002186e13ae33190976f1ae61cece045fb76,2026-08-06
P42785,PCP_HUMAN,P42785,unclassified,active,true,,e22d7643ea01abd0dce415e74faf002186e13ae33190976f1ae61cece045fb76,2026-08-06
Q9UHG2,PCSK1_HUMAN,Q9UHG2,unclassified,active,true,,e22d7643ea01abd0dce415e74faf002186e13ae33190976f1ae61cece045fb76,2026-08-06
Q6UW60,PCSK4_HUMAN,Q6UW60,unclassified,active,true,,e22d7643ea01abd0dce415e74faf002186e13ae33190976f1ae61cece045fb76,2026-08-06
Q92824,PCSK5_HUMAN,Q92824,surface,active,true,,e22d7643ea01abd0dce415e74faf002186e13ae33190976f1ae61cece045fb76,2026-08-06
P29122,PCSK6_HUMAN,P29122,unclassified,active,true,,e22d7643ea01abd0dce415e74faf002186e13ae33190976f1ae61cece045fb76,2026-08-06
Q16549,PCSK7_HUMAN,Q16549,non_surface,active,true,,e22d7643ea01abd0dce415e74faf002186e13ae33190976f1ae61cece045fb76,2026-08-06
Q8NBP7,PCSK9_HUMAN,Q8NBP7,unclassified,active,true,,e22d7643ea01abd0dce415e74faf002186e13ae33190976f1ae61cece045fb76,2026-08-06
Q96RV3,PCX1_HUMAN,Q96RV3,surface,active,true,,e22d7643ea01abd0dce415e74faf002186e13ae33190976f1ae61cece045fb76,2026-08-06
A6NKB5,PCX2_HUMAN,A6NKB5,surface,active,true,,e22d7643ea01abd0dce415e74faf002186e13ae33190976f1ae61cece045fb76,2026-08-06
Q9H6A9,PCX3_HUMAN,Q9H6A9,unclassified,active,true,,e22d7643ea01abd0dce415e74faf002186e13ae33190976f1ae61cece045fb76,2026-08-06
Q63HM2,PCX4_HUMAN,Q63HM2,unclassified,active,true,,e22d7643ea01abd0dce415e74faf002186e13ae33190976f1ae61cece045fb76,2026-08-06
Q9UHG3,PCYOX_HUMAN,Q9UHG3,unclassified,active,true,,e22d7643ea01abd0dce415e74faf002186e13ae33190976f1ae61cece045fb76,2026-08-06
Q8NBM8,PCYXL_HUMAN,Q8NBM8,unclassified,active,true,,e22d7643ea01abd0dce415e74faf002186e13ae33190976f1ae61cece045fb76,2026-08-06
Q9NZQ7,PD1L1_HUMAN,Q9NZQ7,surface,active,true,,e22d7643ea01abd0dce415e74faf002186e13ae33190976f1ae61cece045fb76,2026-08-06
Q9BQ51,PD1L2_HUMAN,Q9BQ51,surface,active,true,,e22d7643ea01abd0dce415e74faf002186e13ae33190976f1ae61cece045fb76,2026-08-06
Q9Y5Y4,PD2R2_HUMAN,Q9Y5Y4,surface,active,true,,e22d7643ea01abd0dce415e74faf002186e13ae33190976f1ae61cece045fb76,2026-08-06
Q13258,PD2R_HUMAN,Q13258,surface,active,true,,e22d7643ea01abd0dce415e74faf002186e13ae33190976f1ae61cece045fb76,2026-08-06
Q15116,PDCD1_HUMAN,Q15116,surface,active,true,,e22d7643ea01abd0dce415e74faf002186e13ae33190976f1ae61cece045fb76,2026-08-06
Q8NB37,PDDC1_HUMAN,Q8NB37,unclassified,active,true,,e22d7643ea01abd0dce415e74faf002186e13ae33190976f1ae61cece045fb76,2026-08-06
Q14432,PDE3A_HUMAN,Q14432,non_surface,active,true,,e22d7643ea01abd0dce415e74faf002186e13ae33190976f1ae61cece045fb76,2026-08-06
Q13370,PDE3B_HUMAN,Q13370,non_surface,active,true,,e22d7643ea01abd0dce415e74faf002186e13ae33190976f1ae61cece045fb76,2026-08-06
P16499,PDE6A_HUMAN,P16499,non_surface,active,true,,e22d7643ea01abd0dce415e74faf002186e13ae33190976f1ae61cece045fb76,2026-08-06
P35913,PDE6B_HUMAN,P35913,non_surface,active,true,,e22d7643ea01abd0dce415e74faf002186e13ae33190976f1ae61cece045fb76,2026-08-06
P51160,PDE6C_HUMAN,P51160,non_surface,active,true,,e22d7643ea01abd0dce415e74faf002186e13ae33190976f1ae61cece045fb76,2026-08-06
P04085,PDGFA_HUMAN,P04085,unclassified,active,true,,e22d7643ea01abd0dce415e74faf002186e13ae33190976f1ae61cece045fb76,2026-08-06
P01127,PDGFB_HUMAN,P01127,unclassified,active,true,,e22d7643ea01abd0dce415e74faf002186e13ae33190976f1ae61cece045fb76,2026-08-06
Q9NRA1,PDGFC_HUMAN,Q9NRA1,unclassified,active,true,,e22d7643ea01abd0dce415e74faf002186e13ae33190976f1ae61cece045fb76,2026-08-06
Q9GZP0,PDGFD_HUMAN,Q9GZP0,unclassified,active,true,,e22d7643ea01abd0dce415e74faf002186e13ae33190976f1ae61cece045fb76,2026-08-06
P07237,PDIA1_HUMAN,P07237,unclassified,active,true,,e22d7643ea01abd0dce415e74faf002186e13ae33190976f1ae61cece045fb76,2026-08-06
Q13087,PDIA2_HUMAN,Q13087,unclassified,active,true,,e22d7643ea01abd0dce415e74faf002186e13ae33190976f1ae61cece045fb76,2026-08-06
P30101,PDIA3_HUMAN,P30101,unclassified,active,true,,e22d7643ea01abd0dce415e74faf002186e13ae33190976f1ae61cece045fb76,2026-08-06
P13667,PDIA4_HUMAN,P13667,unclassified,active,true,,e22d7643ea01abd0dce415e74faf002186e13ae33190976f1ae61cece045fb76,2026-08-06
Q14554,PDIA5_HUMAN,Q14554,unclassified,active,true,,e22d7643ea01abd0dce415e74faf002186e13ae33190976f1ae61cece045fb76,2026-08-06
Q15084,PDIA6_HUMAN,Q15084,unclassified,active,true,,e22d7643ea01abd0dce415e74faf002186e13ae33190976f1ae61cece045fb76,2026-08-06
Q8N807,PDILT_HUMAN,Q8N807,unclassified,active,true,,e22d7643ea01abd0dce415e74faf002186e13ae33190976f1ae61cece045fb76,2026-08-06
Q15118,PDK1_HUMAN,Q15118,unclassified,active,true,,e22d7643ea01abd0dce415e74faf002186e13ae33190976f1ae61cece045fb76,2026-08-06
Q86YL7,PDPN_HUMAN,Q86YL7,unclassified,active,true,,e22d7643ea01abd0dce415e74faf002186e13ae33190976f1ae61cece045fb76,2026-08-06
O00764,PDXK_HUMAN,O00764,non_surface,active,true,,e22d7643ea01abd0dce415e74faf002186e13ae33190976f1ae61cece045fb76,2026-08-06
Q9NZ53,PDXL2_HUMAN,Q9NZ53,surface,active,true,,e22d7643ea01abd0dce415e74faf002186e13ae33190976f1ae61cece045fb76,2026-08-06
P01213,PDYN_HUMAN,P01213,unclassified,active,true,,e22d7643ea01abd0dce415e74faf002186e13ae33190976f1ae61cece045fb76,2026-08-06
Q13113,PDZ1I_HUMAN,Q13113,non_surface,active,true,,e22d7643ea01abd0dce415e74faf002186e13ae33190976f1ae61cece045fb76,2026-08-06
Q8NEN9,PDZD8_HUMAN,Q8NEN9,unclassified,active,true,,e22d7643ea01abd0dce415e74faf002186e13ae33190976f1ae61cece045fb76,2026-08-06
P34995,PE2R1_HUMAN,P34995,surface,active,true,,e22d7643ea01abd0dce415e74faf002186e13ae33190976f1ae61cece045fb76,2026-08-06
P43116,PE2R2_HUMAN,P43116,surface,active,true,,e22d7643ea01abd0dce415e74faf002186e13ae33190976f1ae61cece045fb76,2026-08-06
P43115,PE2R3_HUMAN,P43115,surface,active,true,,e22d7643ea01abd0dce415e74faf002186e13ae33190976f1ae61cece045fb76,2026-08-06
P35408,PE2R4_HUMAN,P35408,surface,active,true,,e22d7643ea01abd0dce415e74faf002186e13ae33190976f1ae61cece045fb76,2026-08-06
Q5VY43,PEAR1_HUMAN,Q5VY43,surface,active,true,,e22d7643ea01abd0dce415e74faf002186e13ae33190976f1ae61cece045fb76,2026-08-06
Q96S96,PEBP4_HUMAN,Q96S96,unclassified,active,true,,e22d7643ea01abd0dce415e74faf002186e13ae33190976f1ae61cece045fb76,2026-08-06
P16284,PECA1_HUMAN,P16284,surface,active,true,,e22d7643ea01abd0dce415e74faf002186e13ae33190976f1ae61cece045fb76,2026-08-06
P36955,PEDF_HUMAN,P36955,unclassified,active,true,,e22d7643ea01abd0dce415e74faf002186e13ae33190976f1ae61cece045fb76,2026-08-06
Q9UBM1,PEMT_HUMAN,Q9UBM1,non_surface,active,true,,e22d7643ea01abd0dce415e74faf002186e13ae33190976f1ae61cece045fb76,2026-08-06
Q9NZ42,PEN2_HUMAN,Q9NZ42,non_surface,active,true,,e22d7643ea01abd0dce415e74faf002186e13ae33190976f1ae61cece045fb76,2026-08-06
P01210,PENK_HUMAN,P01210,unclassified,active,true,,e22d7643ea01abd0dce415e74faf002186e13ae33190976f1ae61cece045fb76,2026-08-06
P0DJD8,PEPA3_HUMAN,P0DJD8,unclassified,active,true,,e22d7643ea01abd0dce415e74faf002186e13ae33190976f1ae61cece045fb76,2026-08-06
P0DJD7,PEPA4_HUMAN,P0DJD7,unclassified,active,true,,e22d7643ea01abd0dce415e74faf002186e13ae33190976f1ae61cece045fb76,2026-08-06
P0DJD9,PEPA5_HUMAN,P0DJD9,unclassified,active,true,,e22d7643ea01abd0dce415e74faf002186e13ae33190976f1ae61cece045fb76,2026-08-06
P20142,PEPC_HUMAN,P20142,unclassified,active,true,,e22d7643ea01abd0dce415e74faf002186e13ae33190976f1ae61cece045fb76,2026-08-06
P11678,PERE_HUMAN,P11678,unclassified,active,true,,e22d7643ea01abd0dce415e74faf002186e13ae33190976f1ae61cece045fb76,2026-08-06
P14222,PERF_HUMAN,P14222,unclassified,active,true,,e22d7643ea01abd0dce415e74faf002186e13ae33190976f1ae61cece045fb76,2026-08-06
P22079,PERL_HUMAN,P22079,unclassified,active,true,,e22d7643ea01abd0dce415e74faf002186e13ae33190976f1ae61cece045fb76,2026-08-06
P05164,PERM_HUMAN,P05164,unclassified,active,true,,e22d7643ea01abd0dce415e74faf002186e13ae33190976f1ae61cece045fb76,2026-08-06
Q96FX8,PERP_HUMAN,Q96FX8,non_surface,active,true,,e22d7643ea01abd0dce415e74faf002186e13ae33190976f1ae61cece045fb76,2026-08-06
P07202,PERT_HUMAN,P07202,surface,active,true,,e22d7643ea01abd0dce415e74faf002186e13ae33190976f1ae61cece045fb76,2026-08-06
O60683,PEX10_HUMAN,O60683,non_surface,active,true,,e22d7643ea01abd0dce415e74faf002186e13ae33190976f1ae61cece045fb76,2026-08-06
O00623,PEX12_HUMAN,O00623,non_surface,active,true,,e22d7643ea01abd0dce415e74faf002186e13ae33190976f1ae61cece045fb76,2026-08-06
Q92968,PEX13_HUMAN,Q92968,non_surface,active,true,,e22d7643ea01abd0dce415e74faf002186e13ae33190976f1ae61cece045fb76,2026-08-06
O75381,PEX14_HUMAN,O75381,non_surface,active,true,,e22d7643ea01abd0dce415e74faf002186e13ae33190976f1ae61cece045fb76,2026-08-06
Q9Y5Y5,PEX16_HUMAN,Q9Y5Y5,non_surface,active,true,,e22d7643ea01abd0dce415e74faf002186e13ae33190976f1ae61cece045fb76,2026-08-06
Q7Z412,PEX26_HUMAN,Q7Z412,non_surface,active,true,,e22d7643ea01abd0dce415e74faf002186e13ae33190976f1ae61cece045fb76,2026-08-06
P28328,PEX2_HUMAN,P28328,non_surface,active,true,,e22d7643ea01abd0dce415e74faf002186e13ae33190976f1ae61cece045fb76,2026-08-06
P56589,PEX3_HUMAN,P56589,non_surface,active,true,,e22d7643ea01abd0dce415e74faf002186e13ae33190976f1ae61cece045fb76,2026-08-06
P43088,PF2R_HUMAN,P43088,surface,active,true,,e22d7643ea01abd0dce415e74faf002186e13ae33190976f1ae61cece045fb76,2026-08-06
P10720,PF4V_HUMAN,P10720,unclassified,active,true,,e22d7643ea01abd0dce415e74faf002186e13ae33190976f1ae61cece045fb76,2026-08-06
Q9BZM1,PG12A_HUMAN,Q9BZM1,unclassified,active,true,,e22d7643ea01abd0dce415e74faf002186e13ae33190976f1ae61cece045fb76,2026-08-06
Q9BX93,PG12B_HUMAN,Q9BX93,unclassified,active,true,,e22d7643ea01abd0dce415e74faf002186e13ae33190976f1ae61cece045fb76,2026-08-06
Q9H720,PG2IP_HUMAN,Q9H720,non_surface,active,true,,e22d7643ea01abd0dce415e74faf002186e13ae33190976f1ae61cece045fb76,2026-08-06
Q96HS1,PGAM5_HUMAN,Q96HS1,unclassified,active,true,,e22d7643ea01abd0dce415e74faf002186e13ae33190976f1ae61cece045fb76,2026-08-06
Q75T13,PGAP1_HUMAN,Q75T13,surface,active,true,,e22d7643ea01abd0dce415e74faf002186e13ae33190976f1ae61cece045fb76,2026-08-06
Q9UHJ9,PGAP2_HUMAN,Q9UHJ9,unclassified,active,true,,e22d7643ea01abd0dce415e74faf002186e13ae33190976f1ae61cece045fb76,2026-08-06
Q96FM1,PGAP3_HUMAN,Q96FM1,non_surface,active,true,,e22d7643ea01abd0dce415e74faf002186e13ae33190976f1ae61cece045fb76,2026-08-06
Q96DM1,PGBD4_HUMAN,Q96DM1,non_surface,active,true,,e22d7643ea01abd0dce415e74faf002186e13ae33190976f1ae61cece045fb76,2026-08-06
Q8N414,PGBD5_HUMAN,Q8N414,non_surface,active,true,,e22d7643ea01abd0dce415e74faf002186e13ae33190976f1ae61cece045fb76,2026-08-06
P98160,PGBM_HUMAN,P98160,unclassified,active,true,,e22d7643ea01abd0dce415e74faf002186e13ae33190976f1ae61cece045fb76,2026-08-06
P16112,PGCA_HUMAN,P16112,unclassified,active,true,,e22d7643ea01abd0dce415e74faf002186e13ae33190976f1ae61cece045fb76,2026-08-06
Q96GW7,PGCB_HUMAN,Q96GW7,surface,active,true,,e22d7643ea01abd0dce415e74faf002186e13ae33190976f1ae61cece045fb76,2026-08-06
P15428,PGDH_HUMAN,P15428,unclassified,active,true,,e22d7643ea01abd0dce415e74faf002186e13ae33190976f1ae61cece045fb76,2026-08-06
Q9H7Z7,PGES2_HUMAN,Q9H7Z7,non_surface,active,true,,e22d7643ea01abd0dce415e74faf002186e13ae33190976f1ae61cece045fb76,2026-08-06
P16234,PGFRA_HUMAN,P16234,surface,active,true,,e22d7643ea01abd0dce415e74faf002186e13ae33190976f1ae61cece045fb76,2026-08-06
P09619,PGFRB_HUMAN,P09619,surface,active,true,,e22d7643ea01abd0dce415e74faf002186e13ae33190976f1ae61cece045fb76,2026-08-06
Q15198,PGFRL_HUMAN,Q15198,unclassified,active,true,,e22d7643ea01abd0dce415e74faf002186e13ae33190976f1ae61cece045fb76,2026-08-06
P23219,PGH1_HUMAN,P23219,unclassified,active,true,,e22d7643ea01abd0dce415e74faf002186e13ae33190976f1ae61cece045fb76,2026-08-06
P35354,PGH2_HUMAN,P35354,unclassified,active,true,,e22d7643ea01abd0dce415e74faf002186e13ae33190976f1ae61cece045fb76,2026-08-06
Q8NBL1,PGLT1_HUMAN,Q8NBL1,unclassified,active,true,,e22d7643ea01abd0dce415e74faf002186e13ae33190976f1ae61cece045fb76,2026-08-06
Q32NB8,PGPS1_HUMAN,Q32NB8,unclassified,active,true,,e22d7643ea01abd0dce415e74faf002186e13ae33190976f1ae61cece045fb76,2026-08-06
O00264,PGRC1_HUMAN,O00264,non_surface,active,true,,e22d7643ea01abd0dce415e74faf002186e13ae33190976f1ae61cece045fb76,2026-08-06
O15173,PGRC2_HUMAN,O15173,non_surface,active,true,,e22d7643ea01abd0dce415e74faf002186e13ae33190976f1ae61cece045fb76,2026-08-06
O75594,PGRP1_HUMAN,O75594,unclassified,active,true,,e22d7643ea01abd0dce415e74faf002186e13ae33190976f1ae61cece045fb76,2026-08-06
Q96PD5,PGRP2_HUMAN,Q96PD5,unclassified,active,true,,e22d7643ea01abd0dce415e74faf002186e13ae33190976f1ae61cece045fb76,2026-08-06
Q96LB9,PGRP3_HUMAN,Q96LB9,unclassified,active,true,,e22d7643ea01abd0dce415e74faf002186e13ae33190976f1ae61cece045fb76,2026-08-06
Q96LB8,PGRP4_HUMAN,Q96LB8,unclassified,active,true,,e22d7643ea01abd0dce415e74faf002186e13ae33190976f1ae61cece045fb76,2026-08-06
P21810,PGS1_HUMAN,P21810,unclassified,active,true,,e22d7643ea01abd0dce415e74faf002186e13ae33190976f1ae61cece045fb76,2026-08-06
P07585,PGS2_HUMAN,P07585,unclassified,active,true,,e22d7643ea01abd0dce415e74faf002186e13ae33190976f1ae61cece045fb76,2026-08-06
Q9NWQ8,PHAG1_HUMAN,Q9NWQ8,non_surface,active,true,,e22d7643ea01abd0dce415e74faf002186e13ae33190976f1ae61cece045fb76,2026-08-06
P35232,PHB_HUMAN,P35232,unclassified,active,true,,e22d7643ea01abd0dce415e74faf002186e13ae33190976f1ae61cece045fb76,2026-08-06
P78562,PHEX_HUMAN,P78562,surface,active,true,,e22d7643ea01abd0dce415e74faf002186e13ae33190976f1ae61cece045fb76,2026-08-06
Q16816,PHKG1_HUMAN,Q16816,non_surface,active,true,,e22d7643ea01abd0dce415e74faf002186e13ae33190976f1ae61cece045fb76,2026-08-06
P15735,PHKG2_HUMAN,P15735,non_surface,active,true,,e22d7643ea01abd0dce415e74faf002186e13ae33190976f1ae61cece045fb76,2026-08-06
P80108,PHLD_HUMAN,P80108,unclassified,active,true,,e22d7643ea01abd0dce415e74faf002186e13ae33190976f1ae61cece045fb76,2026-08-06
O60346,PHLP1_HUMAN,O60346,unclassified,active,true,,e22d7643ea01abd0dce415e74faf002186e13ae33190976f1ae61cece045fb76,2026-08-06
Q9H0N5,PHS2_HUMAN,Q9H0N5,unclassified,active,true,,e22d7643ea01abd0dce415e74faf002186e13ae33190976f1ae61cece045fb76,2026-08-06
Q9UMS5,PHTF1_HUMAN,Q9UMS5,unclassified,active,true,,e22d7643ea01abd0dce415e74faf002186e13ae33190976f1ae61cece045fb76,2026-08-06
Q8N3S3,PHTF2_HUMAN,Q8N3S3,unclassified,active,true,,e22d7643ea01abd0dce415e74faf002186e13ae33190976f1ae61cece045fb76,2026-08-06
O43692,PI15_HUMAN,O43692,unclassified,active,true,,e22d7643ea01abd0dce415e74faf002186e13ae33190976f1ae61cece045fb76,2026-08-06
Q6UXB8,PI16_HUMAN,Q6UXB8,surface,active,true,,e22d7643ea01abd0dce415e74faf002186e13ae33190976f1ae61cece045fb76,2026-08-06
P43119,PI2R_HUMAN,P43119,surface,active,true,,e22d7643ea01abd0dce415e74faf002186e13ae33190976f1ae61cece045fb76,2026-08-06
P78356,PI42B_HUMAN,P78356,unclassified,active,true,,e22d7643ea01abd0dce415e74faf002186e13ae33190976f1ae61cece045fb76,2026-08-06
P42356,PI4KA_HUMAN,P42356,non_surface,active,true,,e22d7643ea01abd0dce415e74faf002186e13ae33190976f1ae61cece045fb76,2026-08-06
Q8IYJ0,PIANP_HUMAN,Q8IYJ0,unclassified,active,true,,e22d7643ea01abd0dce415e74faf002186e13ae33190976f1ae61cece045fb76,2026-08-06
Q92508,PIEZ1_HUMAN,Q92508,surface,active,true,,e22d7643ea01abd0dce415e74faf002186e13ae33190976f1ae61cece045fb76,2026-08-06
Q9H5I5,PIEZ2_HUMAN,Q9H5I5,surface,active,true,,e22d7643ea01abd0dce415e74faf002186e13ae33190976f1ae61cece045fb76,2026-08-06
P37287,PIGA_HUMAN,P37287,non_surface,active,true,,e22d7643ea01abd0dce415e74faf002186e13ae33190976f1ae61cece045fb76,2026-08-06
Q92521,PIGB_HUMAN,Q92521,non_surface,active,true,,e22d7643ea01abd0dce415e74faf002186e13ae33190976f1ae61cece045fb76,2026-08-06
Q92535,PIGC_HUMAN,Q92535,non_surface,active,true,,e22d7643ea01abd0dce415e74faf002186e13ae33190976f1ae61cece045fb76,2026-08-06
Q07326,PIGF_HUMAN,Q07326,non_surface,active,true,,e22d7643ea01abd0dce415e74faf002186e13ae33190976f1ae61cece045fb76,2026-08-06
Q5H8A4,PIGG_HUMAN,Q5H8A4,unclassified,active,true,,e22d7643ea01abd0dce415e74faf002186e13ae33190976f1ae61cece045fb76,2026-08-06
Q14442,PIGH_HUMAN,Q14442,non_surface,active,true,,e22d7643ea01abd0dce415e74faf002186e13ae33190976f1ae61cece045fb76,2026-08-06
Q9Y2B2,PIGL_HUMAN,Q9Y2B2,non_surface,active,true,,e22d7643ea01abd0dce415e74faf002186e13ae33190976f1ae61cece045fb76,2026-08-06
Q9H3S5,PIGM_HUMAN,Q9H3S5,non_surface,active,true,,e22d7643ea01abd0dce415e74faf002186e13ae33190976f1ae61cece045fb76,2026-08-06
O95427,PIGN_HUMAN,O95427,unclassified,active,true,,e22d7643ea01abd0dce415e74faf002186e13ae33190976f1ae61cece045fb76,2026-08-06
Q8TEQ8,PIGO_HUMAN,Q8TEQ8,surface,active,true,,e22d7643ea01abd0dce415e74faf002186e13ae33190976f1ae61cece045fb76,2026-08-06
P57054,PIGP_HUMAN,P57054,unclassified,active,true,,e22d7643ea01abd0dce415e74faf002186e13ae33190976f1ae61cece045fb76,2026-08-06
Q9BRB3,PIGQ_HUMAN,Q9BRB3,non_surface,active,true,,e22d7643ea01abd0dce415e74faf002186e13ae33190976f1ae61cece045fb76,2026-08-06
P01833,PIGR_HUMAN,P01833,surface,active,true,,e22d7643ea01abd0dce415e74faf002186e13ae33190976f1ae61cece045fb76,2026-08-06
Q96S52,PIGS_HUMAN,Q96S52,non_surface,active,true,,e22d7643ea01abd0dce415e74faf002186e13ae33190976f1ae61cece045fb76,2026-08-06
Q969N2,PIGT_HUMAN,Q969N2,surface,active,true,,e22d7643ea01abd0dce415e74faf002186e13ae33190976f1ae61cece045fb76,2026-08-06
Q9H490,PIGU_HUMAN,Q9H490,non_surface,active,true,,e22d7643ea01abd0dce415e74faf002186e13ae33190976f1ae61cece045fb76,2026-08-06
Q9NUD9,PIGV_HUMAN,Q9NUD9,non_surface,active,true,,e22d7643ea01abd0dce415e74faf002186e13ae33190976f1ae61cece045fb76,2026-08-06
Q7Z7B1,PIGW_HUMAN,Q7Z7B1,unclassified,active,true,,e22d7643ea01abd0dce415e74faf002186e13ae33190976f1ae61cece045fb76,2026-08-06
Q8TBF5,PIGX_HUMAN,Q8TBF5,unclassified,active,true,,e22d7643ea01abd0dce415e74faf002186e13ae33190976f1ae61cece045fb76,2026-08-06
Q3MUY2,PIGY_HUMAN,Q3MUY2,non_surface,active,true,,e22d7643ea01abd0dce415e74faf002186e13ae33190976f1ae61cece045fb76,2026-08-06
Q86VD9,PIGZ_HUMAN,Q86VD9,non_surface,active,true,,e22d7643ea01abd0dce415e74faf002186e13ae33190976f1ae61cece045fb76,2026-08-06
Q9UKJ1,PILRA_HUMAN,Q9UKJ1,surface,active,true,,e22d7643ea01abd0dce415e74faf002186e13ae33190976f1ae61cece045fb76,2026-08-06
Q9UKJ0,PILRB_HUMAN,Q9UKJ0,surface,active,true,,e22d7643ea01abd0dce415e74faf002186e13ae33190976f1ae61cece045fb76,2026-08-06
Q9BXM7,PINK1_HUMAN,Q9BXM7,non_surface,active,true,,e22d7643ea01abd0dce415e74faf002186e13ae33190976f1ae61cece045fb76,2026-08-06
A6NC86,PINLY_HUMAN,A6NC86,unclassified,active,true,,e22d7643ea01abd0dce415e74faf002186e13ae33190976f1ae61cece045fb76,2026-08-06
P12273,PIP_HUMAN,P12273,unclassified,active,true,,e22d7643ea01abd0dce415e74faf002186e13ae33190976f1ae61cece045fb76,2026-08-06
P0C851,PIRT_HUMAN,P0C851,non_surface,active,true,,e22d7643ea01abd0dce415e74faf002186e13ae33190976f1ae61cece045fb76,2026-08-06
Q8TDX9,PK1L1_HUMAN,Q8TDX9,surface,active,true,,e22d7643ea01abd0dce415e74faf002186e13ae33190976f1ae61cece045fb76,2026-08-06
Q7Z442,PK1L2_HUMAN,Q7Z442,surface,active,true,,e22d7643ea01abd0dce415e74faf002186e13ae33190976f1ae61cece045fb76,2026-08-06
Q7Z443,PK1L3_HUMAN,Q7Z443,surface,active,true,,e22d7643ea01abd0dce415e74faf002186e13ae33190976f1ae61cece045fb76,2026-08-06
Q9P0L9,PK2L1_HUMAN,Q9P0L9,surface,active,true,,e22d7643ea01abd0dce415e74faf002186e13ae33190976f1ae61cece045fb76,2026-08-06
Q9NZM6,PK2L2_HUMAN,Q9NZM6,unclassified,active,true,,e22d7643ea01abd0dce415e74faf002186e13ae33190976f1ae61cece045fb76,2026-08-06
P98161,PKD1_HUMAN,P98161,surface,active,true,,e22d7643ea01abd0dce415e74faf002186e13ae33190976f1ae61cece045fb76,2026-08-06
Q13563,PKD2_HUMAN,Q13563,surface,active,true,,e22d7643ea01abd0dce415e74faf002186e13ae33190976f1ae61cece045fb76,2026-08-06
Q504Y2,PKDCC_HUMAN,Q504Y2,unclassified,active,true,,e22d7643ea01abd0dce415e74faf002186e13ae33190976f1ae61cece045fb76,2026-08-06
Q9NTG1,PKDRE_HUMAN,Q9NTG1,surface,active,true,,e22d7643ea01abd0dce415e74faf002186e13ae33190976f1ae61cece045fb76,2026-08-06
Q9H4M7,PKHA4_HUMAN,Q9H4M7,unclassified,active,true,,e22d7643ea01abd0dce415e74faf002186e13ae33190976f1ae61cece045fb76,2026-08-06
Q96CS7,PKHB2_HUMAN,Q96CS7,non_surface,active,true,,e22d7643ea01abd0dce415e74faf002186e13ae33190976f1ae61cece045fb76,2026-08-06
P08F94,PKHD1_HUMAN,P08F94,surface,active,true,,e22d7643ea01abd0dce415e74faf002186e13ae33190976f1ae61cece045fb76,2026-08-06
Q8IVE3,PKHH2_HUMAN,Q8IVE3,non_surface,active,true,,e22d7643ea01abd0dce415e74faf002186e13ae33190976f1ae61cece045fb76,2026-08-06
Q7Z736,PKHH3_HUMAN,Q7Z736,unclassified,active,true,,e22d7643ea01abd0dce415e74faf002186e13ae33190976f1ae61cece045fb76,2026-08-06
Q86WI1,PKHL1_HUMAN,Q86WI1,surface,active,true,,e22d7643ea01abd0dce415e74faf002186e13ae33190976f1ae61cece045fb76,2026-08-06
Q8TCW9,PKR1_HUMAN,Q8TCW9,surface,active,true,,e22d7643ea01abd0dce415e74faf002186e13ae33190976f1ae61cece045fb76,2026-08-06
Q8NFJ6,PKR2_HUMAN,Q8NFJ6,surface,active,true,,e22d7643ea01abd0dce415e74faf002186e13ae33190976f1ae61cece045fb76,2026-08-06
Q53H76,PLA1A_HUMAN,Q53H76,unclassified,active,true,,e22d7643ea01abd0dce415e74faf002186e13ae33190976f1ae61cece045fb76,2026-08-06
Q13018,PLA2R_HUMAN,Q13018,surface,active,true,,e22d7643ea01abd0dce415e74faf002186e13ae33190976f1ae61cece045fb76,2026-08-06
Q9HBJ0,PLAC1_HUMAN,Q9HBJ0,unclassified,active,true,,e22d7643ea01abd0dce415e74faf002186e13ae33190976f1ae61cece045fb76,2026-08-06
Q5JTB6,PLAC9_HUMAN,Q5JTB6,unclassified,active,true,,e22d7643ea01abd0dce415e74faf002186e13ae33190976f1ae61cece045fb76,2026-08-06
Q6P1J6,PLB1_HUMAN,Q6P1J6,surface,active,true,,e22d7643ea01abd0dce415e74faf002186e13ae33190976f1ae61cece045fb76,2026-08-06
Q6P4A8,PLBL1_HUMAN,Q6P4A8,unclassified,active,true,,e22d7643ea01abd0dce415e74faf002186e13ae33190976f1ae61cece045fb76,2026-08-06
Q8NHP8,PLBL2_HUMAN,Q8NHP8,unclassified,active,true,,e22d7643ea01abd0dce415e74faf002186e13ae33190976f1ae61cece045fb76,2026-08-06
Q99943,PLCA_HUMAN,Q99943,unclassified,active,true,,e22d7643ea01abd0dce415e74faf002186e13ae33190976f1ae61cece045fb76,2026-08-06
O15120,PLCB_HUMAN,O15120,non_surface,active,true,,e22d7643ea01abd0dce415e74faf002186e13ae33190976f1ae61cece045fb76,2026-08-06
Q9NRZ7,PLCC_HUMAN,Q9NRZ7,non_surface,active,true,,e22d7643ea01abd0dce415e74faf002186e13ae33190976f1ae61cece045fb76,2026-08-06
Q9NRZ5,PLCD_HUMAN,Q9NRZ5,non_surface,active,true,,e22d7643ea01abd0dce415e74faf002186e13ae33190976f1ae61cece045fb76,2026-08-06
Q9NUQ2,PLCE_HUMAN,Q9NUQ2,non_surface,active,true,,e22d7643ea01abd0dce415e74faf002186e13ae33190976f1ae61cece045fb76,2026-08-06
Q8IV08,PLD3_HUMAN,Q8IV08,unclassified,active,true,,e22d7643ea01abd0dce415e74faf002186e13ae33190976f1ae61cece045fb76,2026-08-06
Q96BZ4,PLD4_HUMAN,Q96BZ4,unclassified,active,true,,e22d7643ea01abd0dce415e74faf002186e13ae33190976f1ae61cece045fb76,2026-08-06
Q8N7P1,PLD5_HUMAN,Q8N7P1,surface,active,true,,e22d7643ea01abd0dce415e74faf002186e13ae33190976f1ae61cece045fb76,2026-08-06
Q8N2A8,PLD6_HUMAN,Q8N2A8,non_surface,active,true,,e22d7643ea01abd0dce415e74faf002186e13ae33190976f1ae61cece045fb76,2026-08-06
Q8IUK5,PLDX1_HUMAN,Q8IUK5,surface,active,true,,e22d7643ea01abd0dce415e74faf002186e13ae33190976f1ae61cece045fb76,2026-08-06
Q6UQ28,PLET1_HUMAN,Q6UQ28,surface,active,true,,e22d7643ea01abd0dce415e74faf002186e13ae33190976f1ae61cece045fb76,2026-08-06
P02776,PLF4_HUMAN,P02776,unclassified,active,true,,e22d7643ea01abd0dce415e74faf002186e13ae33190976f1ae61cece045fb76,2026-08-06
Q15195,PLGA_HUMAN,Q15195,unclassified,active,true,,e22d7643ea01abd0dce415e74faf002186e13ae33190976f1ae61cece045fb76,2026-08-06
Q02325,PLGB_HUMAN,Q02325,unclassified,active,true,,e22d7643ea01abd0dce415e74faf002186e13ae33190976f1ae61cece045fb76,2026-08-06
P49763,PLGF_HUMAN,P49763,unclassified,active,true,,e22d7643ea01abd0dce415e74faf002186e13ae33190976f1ae61cece045fb76,2026-08-06
Q96Q06,PLIN4_HUMAN,Q96Q06,unclassified,active,true,,e22d7643ea01abd0dce415e74faf002186e13ae33190976f1ae61cece045fb76,2026-08-06
Q9Y342,PLLP_HUMAN,Q9Y342,non_surface,active,true,,e22d7643ea01abd0dce415e74faf002186e13ae33190976f1ae61cece045fb76,2026-08-06
P00747,PLMN_HUMAN,P00747,unclassified,active,true,,e22d7643ea01abd0dce415e74faf002186e13ae33190976f1ae61cece045fb76,2026-08-06
O00168,PLM_HUMAN,O00168,non_surface,active,true,,e22d7643ea01abd0dce415e74faf002186e13ae33190976f1ae61cece045fb76,2026-08-06
Q02809,PLOD1_HUMAN,Q02809,unclassified,active,true,,e22d7643ea01abd0dce415e74faf002186e13ae33190976f1ae61cece045fb76,2026-08-06
O00469,PLOD2_HUMAN,O00469,unclassified,active,true,,e22d7643ea01abd0dce415e74faf002186e13ae33190976f1ae61cece045fb76,2026-08-06
O60568,PLOD3_HUMAN,O60568,unclassified,active,true,,e22d7643ea01abd0dce415e74faf002186e13ae33190976f1ae61cece045fb76,2026-08-06
Q04941,PLP2_HUMAN,Q04941,unclassified,active,true,,e22d7643ea01abd0dce415e74faf002186e13ae33190976f1ae61cece045fb76,2026-08-06
Q96AD5,PLPL2_HUMAN,Q96AD5,non_surface,active,true,,e22d7643ea01abd0dce415e74faf002186e13ae33190976f1ae61cece045fb76,2026-08-06
Q9NST1,PLPL3_HUMAN,Q9NST1,non_surface,active,true,,e22d7643ea01abd0dce415e74faf002186e13ae33190976f1ae61cece045fb76,2026-08-06
P41247,PLPL4_HUMAN,P41247,unclassified,active,true,,e22d7643ea01abd0dce415e74faf002186e13ae33190976f1ae61cece045fb76,2026-08-06
Q8IY17,PLPL6_HUMAN,Q8IY17,unclassified,active,true,,e22d7643ea01abd0dce415e74faf002186e13ae33190976f1ae61cece045fb76,2026-08-06
Q6ZV29,PLPL7_HUMAN,Q6ZV29,non_surface,active,true,,e22d7643ea01abd0dce415e74faf002186e13ae33190976f1ae61cece045fb76,2026-08-06
Q9NP80,PLPL8_HUMAN,Q9NP80,non_surface,active,true,,e22d7643ea01abd0dce415e74faf002186e13ae33190976f1ae61cece045fb76,2026-08-06
O60733,PLPL9_HUMAN,O60733,non_surface,active,true,,e22d7643ea01abd0dce415e74faf002186e13ae33190976f1ae61cece045fb76,2026-08-06
Q9HBL7,PLRKT_HUMAN,Q9HBL7,non_surface,active,true,,e22d7643ea01abd0dce415e74faf002186e13ae33190976f1ae61cece045fb76,2026-08-06
O15162,PLS1_HUMAN,O15162,non_surface,active,true,,e22d7643ea01abd0dce415e74faf002186e13ae33190976f1ae61cece045fb76,2026-08-06
Q9NRY7,PLS2_HUMAN,Q9NRY7,non_surface,active,true,,e22d7643ea01abd0dce415e74faf002186e13ae33190976f1ae61cece045fb76,2026-08-06
Q9NRY6,PLS3_HUMAN,Q9NRY6,non_surface,active,true,,e22d7643ea01abd0dce415e74faf002186e13ae33190976f1ae61cece045fb76,2026-08-06
Q9NRQ2,PLS4_HUMAN,Q9NRQ2,non_surface,active,true,,e22d7643ea01abd0dce415e74faf002186e13ae33190976f1ae61cece045fb76,2026-08-06
P55058,PLTP_HUMAN,P55058,unclassified,active,true,,e22d7643ea01abd0dce415e74faf002186e13ae33190976f1ae61cece045fb76,2026-08-06
Q9BX97,PLVAP_HUMAN,Q9BX97,surface,active,true,,e22d7643ea01abd0dce415e74faf002186e13ae33190976f1ae61cece045fb76,2026-08-06
Q9UIW2,PLXA1_HUMAN,Q9UIW2,surface,active,true,,e22d7643ea01abd0dce415e74faf002186e13ae33190976f1ae61cece045fb76,2026-08-06
O75051,PLXA2_HUMAN,O75051,surface,active,true,,e22d7643ea01abd0dce415e74faf002186e13ae33190976f1ae61cece045fb76,2026-08-06
P51805,PLXA3_HUMAN,P51805,surface,active,true,,e22d7643ea01abd0dce415e74faf002186e13ae33190976f1ae61cece045fb76,2026-08-06
Q9HCM2,PLXA4_HUMAN,Q9HCM2,surface,active,true,,e22d7643ea01abd0dce415e74faf002186e13ae33190976f1ae61cece045fb76,2026-08-06
O43157,PLXB1_HUMAN,O43157,surface,active,true,,e22d7643ea01abd0dce415e74faf002186e13ae33190976f1ae61cece045fb76,2026-08-06
O15031,PLXB2_HUMAN,O15031,surface,active,true,,e22d7643ea01abd0dce415e74faf002186e13ae33190976f1ae61cece045fb76,2026-08-06
Q9ULL4,PLXB3_HUMAN,Q9ULL4,surface,active,true,,e22d7643ea01abd0dce415e74faf002186e13ae33190976f1ae61cece045fb76,2026-08-06
O60486,PLXC1_HUMAN,O60486,surface,active,true,,e22d7643ea01abd0dce415e74faf002186e13ae33190976f1ae61cece045fb76,2026-08-06
Q9Y4D7,PLXD1_HUMAN,Q9Y4D7,surface,active,true,,e22d7643ea01abd0dce415e74faf002186e13ae33190976f1ae61cece045fb76,2026-08-06
O43808,PM34_HUMAN,O43808,non_surface,active,true,,e22d7643ea01abd0dce415e74faf002186e13ae33190976f1ae61cece045fb76,2026-08-06
P40967,PMEL_HUMAN,P40967,surface,active,true,,e22d7643ea01abd0dce415e74faf002186e13ae33190976f1ae61cece045fb76,2026-08-06
Q969W9,PMEPA_HUMAN,Q969W9,surface,active,true,,e22d7643ea01abd0dce415e74faf002186e13ae33190976f1ae61cece045fb76,2026-08-06
Q8WZA1,PMGT1_HUMAN,Q8WZA1,non_surface,active,true,,e22d7643ea01abd0dce415e74faf002186e13ae33190976f1ae61cece045fb76,2026-08-06
Q8NAT1,PMGT2_HUMAN,Q8NAT1,non_surface,active,true,,e22d7643ea01abd0dce415e74faf002186e13ae33190976f1ae61cece045fb76,2026-08-06
Q01453,PMP22_HUMAN,Q01453,unclassified,active,true,,e22d7643ea01abd0dce415e74faf002186e13ae33190976f1ae61cece045fb76,2026-08-06
Q8NA58,PNDC1_HUMAN,Q8NA58,unclassified,active,true,,e22d7643ea01abd0dce415e74faf002186e13ae33190976f1ae61cece045fb76,2026-08-06
Q8N490,PNKD_HUMAN,Q8N490,non_surface,active,true,,e22d7643ea01abd0dce415e74faf002186e13ae33190976f1ae61cece045fb76,2026-08-06
Q13519,PNOC_HUMAN,Q13519,unclassified,active,true,,e22d7643ea01abd0dce415e74faf002186e13ae33190976f1ae61cece045fb76,2026-08-06
Q8TEM1,PO210_HUMAN,Q8TEM1,surface,active,true,,e22d7643ea01abd0dce415e74faf002186e13ae33190976f1ae61cece045fb76,2026-08-06
Q7Z5L7,PODN_HUMAN,Q7Z5L7,unclassified,active,true,,e22d7643ea01abd0dce415e74faf002186e13ae33190976f1ae61cece045fb76,2026-08-06
Q9NP85,PODO_HUMAN,Q9NP85,unclassified,active,true,,e22d7643ea01abd0dce415e74faf002186e13ae33190976f1ae61cece045fb76,2026-08-06
O00592,PODXL_HUMAN,O00592,surface,active,true,,e22d7643ea01abd0dce415e74faf002186e13ae33190976f1ae61cece045fb76,2026-08-06
P63135,POK7_HUMAN,P63135,unclassified,active,true,,e22d7643ea01abd0dce415e74faf002186e13ae33190976f1ae61cece045fb76,2026-08-06
Q5K4E3,POLS2_HUMAN,Q5K4E3,unclassified,active,true,,e22d7643ea01abd0dce415e74faf002186e13ae33190976f1ae61cece045fb76,2026-08-06
Q9Y6A1,POMT1_HUMAN,Q9Y6A1,unclassified,active,true,,e22d7643ea01abd0dce415e74faf002186e13ae33190976f1ae61cece045fb76,2026-08-06
Q9UKY4,POMT2_HUMAN,Q9UKY4,unclassified,active,true,,e22d7643ea01abd0dce415e74faf002186e13ae33190976f1ae61cece045fb76,2026-08-06
P27169,PON1_HUMAN,P27169,unclassified,active,true,,e22d7643ea01abd0dce415e74faf002186e13ae33190976f1ae61cece045fb76,2026-08-06
Q15165,PON2_HUMAN,Q15165,unclassified,active,true,,e22d7643ea01abd0dce415e74faf002186e13ae33190976f1ae61cece045fb76,2026-08-06
Q15166,PON3_HUMAN,Q15166,unclassified,active,true,,e22d7643ea01abd0dce415e74faf002186e13ae33190976f1ae61cece045fb76,2026-08-06
Q6PEZ8,PONL1_HUMAN,Q6PEZ8,unclassified,active,true,,e22d7643ea01abd0dce415e74faf002186e13ae33190976f1ae61cece045fb76,2026-08-06
Q8NE79,POPD1_HUMAN,Q8NE79,surface,active,true,,e22d7643ea01abd0dce415e74faf002186e13ae33190976f1ae61cece045fb76,2026-08-06
Q9HBU9,POPD2_HUMAN,Q9HBU9,non_surface,active,true,,e22d7643ea01abd0dce415e74faf002186e13ae33190976f1ae61cece045fb76,2026-08-06
Q9HBV1,POPD3_HUMAN,Q9HBV1,non_surface,active,true,,e22d7643ea01abd0dce415e74faf002186e13ae33190976f1ae61cece045fb76,2026-08-06
Q9H237,PORCN_HUMAN,Q9H237,non_surface,active,true,,e22d7643ea01abd0dce415e74faf002186e13ae33190976f1ae61cece045fb76,2026-08-06
Q9H8P0,PORED_HUMAN,Q9H8P0,non_surface,active,true,,e22d7643ea01abd0dce415e74faf002186e13ae33190976f1ae61cece045fb76,2026-08-06
Q8N131,PORIM_HUMAN,Q8N131,surface,active,true,,e22d7643ea01abd0dce415e74faf002186e13ae33190976f1ae61cece045fb76,2026-08-06
Q15063,POSTN_HUMAN,Q15063,unclassified,active,true,,e22d7643ea01abd0dce415e74faf002186e13ae33190976f1ae61cece045fb76,2026-08-06
Q6S8J3,POTEE_HUMAN,Q6S8J3,non_surface,active,true,,e22d7643ea01abd0dce415e74faf002186e13ae33190976f1ae61cece045fb76,2026-08-06
A5A3E0,POTEF_HUMAN,A5A3E0,non_surface,active,true,,e22d7643ea01abd0dce415e74faf002186e13ae33190976f1ae61cece045fb76,2026-08-06
Q6S5H5,POTEG_HUMAN,Q6S5H5,non_surface,active,true,,e22d7643ea01abd0dce415e74faf002186e13ae33190976f1ae61cece045fb76,2026-08-06
P0CG38,POTEI_HUMAN,P0CG38,non_surface,active,true,,e22d7643ea01abd0dce415e74faf002186e13ae33190976f1ae61cece045fb76,2026-08-06
P0CG39,POTEJ_HUMAN,P0CG39,non_surface,active,true,,e22d7643ea01abd0dce415e74faf002186e13ae33190976f1ae61cece045fb76,2026-08-06
A6NI47,POTEM_HUMAN,A6NI47,non_surface,active,true,,e22d7643ea01abd0dce415e74faf002186e13ae33190976f1ae61cece045fb76,2026-08-06
P13686,PPA5_HUMAN,P13686,unclassified,active,true,,e22d7643ea01abd0dce415e74faf002186e13ae33190976f1ae61cece045fb76,2026-08-06
Q9NPH0,PPA6_HUMAN,Q9NPH0,unclassified,active,true,,e22d7643ea01abd0dce415e74faf002186e13ae33190976f1ae61cece045fb76,2026-08-06
Q8IY26,PPAC2_HUMAN,Q8IY26,non_surface,active,true,,e22d7643ea01abd0dce415e74faf002186e13ae33190976f1ae61cece045fb76,2026-08-06
Q8NBV4,PPAC3_HUMAN,Q8NBV4,non_surface,active,true,,e22d7643ea01abd0dce415e74faf002186e13ae33190976f1ae61cece045fb76,2026-08-06
P11117,PPAL_HUMAN,P11117,surface,active,true,,e22d7643ea01abd0dce415e74faf002186e13ae33190976f1ae61cece045fb76,2026-08-06
P15309,PPAP_HUMAN,P15309,unclassified,active,true,,e22d7643ea01abd0dce415e74faf002186e13ae33190976f1ae61cece045fb76,2026-08-06
Q9BZG2,PPAT_HUMAN,Q9BZG2,surface,active,true,,e22d7643ea01abd0dce415e74faf002186e13ae33190976f1ae61cece045fb76,2026-08-06
P05187,PPB1_HUMAN,P05187,surface,active,true,,e22d7643ea01abd0dce415e74faf002186e13ae33190976f1ae61cece045fb76,2026-08-06
P09923,PPBI_HUMAN,P09923,surface,active,true,,e22d7643ea01abd0dce415e74faf002186e13ae33190976f1ae61cece045fb76,2026-08-06
P10696,PPBN_HUMAN,P10696,surface,active,true,,e22d7643ea01abd0dce415e74faf002186e13ae33190976f1ae61cece045fb76,2026-08-06
P05186,PPBT_HUMAN,P05186,surface,active,true,,e22d7643ea01abd0dce415e74faf002186e13ae33190976f1ae61cece045fb76,2026-08-06
Q5VZY2,PPC1A_HUMAN,Q5VZY2,non_surface,active,true,,e22d7643ea01abd0dce415e74faf002186e13ae33190976f1ae61cece045fb76,2026-08-06
Q8NEB5,PPC1B_HUMAN,Q8NEB5,non_surface,active,true,,e22d7643ea01abd0dce415e74faf002186e13ae33190976f1ae61cece045fb76,2026-08-06
P10619,PPGB_HUMAN,P10619,unclassified,active,true,,e22d7643ea01abd0dce415e74faf002186e13ae33190976f1ae61cece045fb76,2026-08-06
P23284,PPIB_HUMAN,P23284,unclassified,active,true,,e22d7643ea01abd0dce415e74faf002186e13ae33190976f1ae61cece045fb76,2026-08-06
P45877,PPIC_HUMAN,P45877,unclassified,active,true,,e22d7643ea01abd0dce415e74faf002186e13ae33190976f1ae61cece045fb76,2026-08-06
Q8TCE9,PPL13_HUMAN,Q8TCE9,non_surface,active,true,,e22d7643ea01abd0dce415e74faf002186e13ae33190976f1ae61cece045fb76,2026-08-06
P26678,PPLA_HUMAN,P26678,non_surface,active,true,,e22d7643ea01abd0dce415e74faf002186e13ae33190976f1ae61cece045fb76,2026-08-06
Q8N3J5,PPM1K_HUMAN,Q8N3J5,unclassified,active,true,,e22d7643ea01abd0dce415e74faf002186e13ae33190976f1ae61cece045fb76,2026-08-06
Q5SGD2,PPM1L_HUMAN,Q5SGD2,non_surface,active,true,,e22d7643ea01abd0dce415e74faf002186e13ae33190976f1ae61cece045fb76,2026-08-06
O95428,PPN_HUMAN,O95428,unclassified,active,true,,e22d7643ea01abd0dce415e74faf002186e13ae33190976f1ae61cece045fb76,2026-08-06
P50336,PPOX_HUMAN,P50336,unclassified,active,true,,e22d7643ea01abd0dce415e74faf002186e13ae33190976f1ae61cece045fb76,2026-08-06
Q5R3F8,PPR29_HUMAN,Q5R3F8,surface,active,true,,e22d7643ea01abd0dce415e74faf002186e13ae33190976f1ae61cece045fb76,2026-08-06
Q16821,PPR3A_HUMAN,Q16821,non_surface,active,true,,e22d7643ea01abd0dce415e74faf002186e13ae33190976f1ae61cece045fb76,2026-08-06
Q6ZSY5,PPR3F_HUMAN,Q6ZSY5,non_surface,active,true,,e22d7643ea01abd0dce415e74faf002186e13ae33190976f1ae61cece045fb76,2026-08-06
P50897,PPT1_HUMAN,P50897,unclassified,active,true,,e22d7643ea01abd0dce415e74faf002186e13ae33190976f1ae61cece045fb76,2026-08-06
Q9UMR5,PPT2_HUMAN,Q9UMR5,unclassified,active,true,,e22d7643ea01abd0dce415e74faf002186e13ae33190976f1ae61cece045fb76,2026-08-06
Q9NRI7,PPY2_HUMAN,Q9NRI7,unclassified,active,true,,e22d7643ea01abd0dce415e74faf002186e13ae33190976f1ae61cece045fb76,2026-08-06
Q8N2U9,PQLC1_HUMAN,Q8N2U9,non_surface,active,true,,e22d7643ea01abd0dce415e74faf002186e13ae33190976f1ae61cece045fb76,2026-08-06
Q8N755,PQLC3_HUMAN,Q8N755,non_surface,active,true,,e22d7643ea01abd0dce415e74faf002186e13ae33190976f1ae61cece045fb76,2026-08-06
O75807,PR15A_HUMAN,O75807,unclassified,active,true,,e22d7643ea01abd0dce415e74faf002186e13ae33190976f1ae61cece045fb76,2026-08-06
A3QJZ6,PRA22_HUMAN,A3QJZ6,unclassified,active,true,,e22d7643ea01abd0dce415e74faf002186e13ae33190976f1ae61cece045fb76,2026-08-06
D3DTV9,PRAC2_HUMAN,D3DTV9,unclassified,active,true,,e22d7643ea01abd0dce415e74faf002186e13ae33190976f1ae61cece045fb76,2026-08-06
Q9UI14,PRAF1_HUMAN,Q9UI14,non_surface,active,true,,e22d7643ea01abd0dce415e74faf002186e13ae33190976f1ae61cece045fb76,2026-08-06
O60831,PRAF2_HUMAN,O60831,non_surface,active,true,,e22d7643ea01abd0dce415e74faf002186e13ae33190976f1ae61cece045fb76,2026-08-06
O75915,PRAF3_HUMAN,O75915,non_surface,active,true,,e22d7643ea01abd0dce415e74faf002186e13ae33190976f1ae61cece045fb76,2026-08-06
Q5TYW8,PRAM3_HUMAN,Q5TYW8,unclassified,inactive,false,uniprot_inactive,e22d7643ea01abd0dce415e74faf002186e13ae33190976f1ae61cece045fb76,2026-08-06
Q96NZ9,PRAP1_HUMAN,Q96NZ9,unclassified,active,true,,e22d7643ea01abd0dce415e74faf002186e13ae33190976f1ae61cece045fb76,2026-08-06
P02812,PRB2_HUMAN,P02812,unclassified,active,true,,e22d7643ea01abd0dce415e74faf002186e13ae33190976f1ae61cece045fb76,2026-08-06
Q04118,PRB3_HUMAN,Q04118,unclassified,active,true,,e22d7643ea01abd0dce415e74faf002186e13ae33190976f1ae61cece045fb76,2026-08-06
P10163,PRB4_HUMAN,P10163,unclassified,active,true,,e22d7643ea01abd0dce415e74faf002186e13ae33190976f1ae61cece045fb76,2026-08-06
Q00LT1,PRCD_HUMAN,Q00LT1,unclassified,active,true,,e22d7643ea01abd0dce415e74faf002186e13ae33190976f1ae61cece045fb76,2026-08-06
Q9H4Q4,PRD12_HUMAN,Q9H4Q4,unclassified,active,true,,e22d7643ea01abd0dce415e74faf002186e13ae33190976f1ae61cece045fb76,2026-08-06
Q13162,PRDX4_HUMAN,Q13162,unclassified,active,true,,e22d7643ea01abd0dce415e74faf002186e13ae33190976f1ae61cece045fb76,2026-08-06
Q9HCU5,PREB_HUMAN,Q9HCU5,non_surface,active,true,,e22d7643ea01abd0dce415e74faf002186e13ae33190976f1ae61cece045fb76,2026-08-06
P51888,PRELP_HUMAN,P51888,unclassified,active,true,,e22d7643ea01abd0dce415e74faf002186e13ae33190976f1ae61cece045fb76,2026-08-06
P13727,PRG2_HUMAN,P13727,unclassified,active,true,,e22d7643ea01abd0dce415e74faf002186e13ae33190976f1ae61cece045fb76,2026-08-06
Q9Y2Y8,PRG3_HUMAN,Q9Y2Y8,unclassified,active,true,,e22d7643ea01abd0dce415e74faf002186e13ae33190976f1ae61cece045fb76,2026-08-06
Q92954,PRG4_HUMAN,Q92954,unclassified,active,true,,e22d7643ea01abd0dce415e74faf002186e13ae33190976f1ae61cece045fb76,2026-08-06
P06401,PRGR_HUMAN,P06401,non_surface,active,true,,e22d7643ea01abd0dce415e74faf002186e13ae33190976f1ae61cece045fb76,2026-08-06
Q86XR5,PRIMA_HUMAN,Q86XR5,surface,active,true,,e22d7643ea01abd0dce415e74faf002186e13ae33190976f1ae61cece045fb76,2026-08-06
P04156,PRIO_HUMAN,P04156,surface,active,true,,e22d7643ea01abd0dce415e74faf002186e13ae33190976f1ae61cece045fb76,2026-08-06
P49683,PRLHR_HUMAN,P49683,surface,active,true,,e22d7643ea01abd0dce415e74faf002186e13ae33190976f1ae61cece045fb76,2026-08-06
P16471,PRLR_HUMAN,P16471,surface,active,true,,e22d7643ea01abd0dce415e74faf002186e13ae33190976f1ae61cece045fb76,2026-08-06
P01236,PRL_HUMAN,P01236,unclassified,active,true,,e22d7643ea01abd0dce415e74faf002186e13ae33190976f1ae61cece045fb76,2026-08-06
Q9UKY0,PRND_HUMAN,Q9UKY0,surface,active,true,,e22d7643ea01abd0dce415e74faf002186e13ae33190976f1ae61cece045fb76,2026-08-06
Q86SH4,PRNT_HUMAN,Q86SH4,unclassified,active,true,,e22d7643ea01abd0dce415e74faf002186e13ae33190976f1ae61cece045fb76,2026-08-06
P04070,PROC_HUMAN,P04070,unclassified,active,true,,e22d7643ea01abd0dce415e74faf002186e13ae33190976f1ae61cece045fb76,2026-08-06
P58294,PROK1_HUMAN,P58294,unclassified,active,true,,e22d7643ea01abd0dce415e74faf002186e13ae33190976f1ae61cece045fb76,2026-08-06
Q9HC23,PROK2_HUMAN,Q9HC23,unclassified,active,true,,e22d7643ea01abd0dce415e74faf002186e13ae33190976f1ae61cece045fb76,2026-08-06
Q99935,PROL1_HUMAN,Q99935,unclassified,active,true,,e22d7643ea01abd0dce415e74faf002186e13ae33190976f1ae61cece045fb76,2026-08-06
Q16378,PROL4_HUMAN,Q16378,unclassified,active,true,,e22d7643ea01abd0dce415e74faf002186e13ae33190976f1ae61cece045fb76,2026-08-06
O43490,PROM1_HUMAN,O43490,surface,active,true,,e22d7643ea01abd0dce415e74faf002186e13ae33190976f1ae61cece045fb76,2026-08-06
Q8N271,PROM2_HUMAN,Q8N271,surface,active,true,,e22d7643ea01abd0dce415e74faf002186e13ae33190976f1ae61cece045fb76,2026-08-06
P27918,PROP_HUMAN,P27918,unclassified,active,true,,e22d7643ea01abd0dce415e74faf002186e13ae33190976f1ae61cece045fb76,2026-08-06
P07225,PROS_HUMAN,P07225,unclassified,active,true,,e22d7643ea01abd0dce415e74faf002186e13ae33190976f1ae61cece045fb76,2026-08-06
P22891,PROZ_HUMAN,P22891,unclassified,active,true,,e22d7643ea01abd0dce415e74faf002186e13ae33190976f1ae61cece045fb76,2026-08-06
O60508,PRP17_HUMAN,O60508,unclassified,active,true,,e22d7643ea01abd0dce415e74faf002186e13ae33190976f1ae61cece045fb76,2026-08-06
P04280,PRP1_HUMAN,P04280,unclassified,active,true,,e22d7643ea01abd0dce415e74faf002186e13ae33190976f1ae61cece045fb76,2026-08-06
O94906,PRP6_HUMAN,O94906,unclassified,active,true,,e22d7643ea01abd0dce415e74faf002186e13ae33190976f1ae61cece045fb76,2026-08-06
P02810,PRPC_HUMAN,P02810,unclassified,active,true,,e22d7643ea01abd0dce415e74faf002186e13ae33190976f1ae61cece045fb76,2026-08-06
P23942,PRPH2_HUMAN,P23942,surface,active,true,,e22d7643ea01abd0dce415e74faf002186e13ae33190976f1ae61cece045fb76,2026-08-06
Q6MZM9,PRR27_HUMAN,Q6MZM9,unclassified,active,true,,e22d7643ea01abd0dce415e74faf002186e13ae33190976f1ae61cece045fb76,2026-08-06
Q8TB68,PRR7_HUMAN,Q8TB68,non_surface,active,true,,e22d7643ea01abd0dce415e74faf002186e13ae33190976f1ae61cece045fb76,2026-08-06
P81277,PRRP_HUMAN,P81277,unclassified,active,true,,e22d7643ea01abd0dce415e74faf002186e13ae33190976f1ae61cece045fb76,2026-08-06
Q99946,PRRT1_HUMAN,Q99946,non_surface,active,true,,e22d7643ea01abd0dce415e74faf002186e13ae33190976f1ae61cece045fb76,2026-08-06
Q7Z6L0,PRRT2_HUMAN,Q7Z6L0,non_surface,active,true,,e22d7643ea01abd0dce415e74faf002186e13ae33190976f1ae61cece045fb76,2026-08-06
Q5FWE3,PRRT3_HUMAN,Q5FWE3,surface,active,true,,e22d7643ea01abd0dce415e74faf002186e13ae33190976f1ae61cece045fb76,2026-08-06
C9JH25,PRRT4_HUMAN,C9JH25,unclassified,active,true,,e22d7643ea01abd0dce415e74faf002186e13ae33190976f1ae61cece045fb76,2026-08-06
O95084,PRS23_HUMAN,O95084,unclassified,active,true,,e22d7643ea01abd0dce415e74faf002186e13ae33190976f1ae61cece045fb76,2026-08-06
Q9BQR3,PRS27_HUMAN,Q9BQR3,unclassified,active,true,,e22d7643ea01abd0dce415e74faf002186e13ae33190976f1ae61cece045fb76,2026-08-06
Q8NF86,PRS33_HUMAN,Q8NF86,unclassified,active,true,,e22d7643ea01abd0dce415e74faf002186e13ae33190976f1ae61cece045fb76,2026-08-06
Q8N3Z0,PRS35_HUMAN,Q8N3Z0,unclassified,active,true,,e22d7643ea01abd0dce415e74faf002186e13ae33190976f1ae61cece045fb76,2026-08-06
A4D1T9,PRS37_HUMAN,A4D1T9,unclassified,active,true,,e22d7643ea01abd0dce415e74faf002186e13ae33190976f1ae61cece045fb76,2026-08-06
A1L453,PRS38_HUMAN,A1L453,unclassified,active,true,,e22d7643ea01abd0dce415e74faf002186e13ae33190976f1ae61cece045fb76,2026-08-06
Q7RTY9,PRS41_HUMAN,Q7RTY9,surface,active,true,,e22d7643ea01abd0dce415e74faf002186e13ae33190976f1ae61cece045fb76,2026-08-06
Q7Z5A4,PRS42_HUMAN,Q7Z5A4,unclassified,active,true,,e22d7643ea01abd0dce415e74faf002186e13ae33190976f1ae61cece045fb76,2026-08-06
E7EML9,PRS44_HUMAN,E7EML9,unclassified,inactive,false,uniprot_inactive,e22d7643ea01abd0dce415e74faf002186e13ae33190976f1ae61cece045fb76,2026-08-06
Q7RTY3,PRS45_HUMAN,Q7RTY3,non_surface,active,true,,e22d7643ea01abd0dce415e74faf002186e13ae33190976f1ae61cece045fb76,2026-08-06
A8MTI9,PRS47_HUMAN,A8MTI9,unclassified,active,true,,e22d7643ea01abd0dce415e74faf002186e13ae33190976f1ae61cece045fb76,2026-08-06
Q7RTY5,PRS48_HUMAN,Q7RTY5,unclassified,active,true,,e22d7643ea01abd0dce415e74faf002186e13ae33190976f1ae61cece045fb76,2026-08-06
Q2L4Q9,PRS53_HUMAN,Q2L4Q9,unclassified,active,true,,e22d7643ea01abd0dce415e74faf002186e13ae33190976f1ae61cece045fb76,2026-08-06
Q6PEW0,PRS54_HUMAN,Q6PEW0,unclassified,active,true,,e22d7643ea01abd0dce415e74faf002186e13ae33190976f1ae61cece045fb76,2026-08-06
Q6UWB4,PRS55_HUMAN,Q6UWB4,non_surface,active,true,,e22d7643ea01abd0dce415e74faf002186e13ae33190976f1ae61cece045fb76,2026-08-06
P0CW18,PRS56_HUMAN,P0CW18,unclassified,active,true,,e22d7643ea01abd0dce415e74faf002186e13ae33190976f1ae61cece045fb76,2026-08-06
Q6UWY2,PRS57_HUMAN,Q6UWY2,unclassified,active,true,,e22d7643ea01abd0dce415e74faf002186e13ae33190976f1ae61cece045fb76,2026-08-06
Q8IYP2,PRS58_HUMAN,Q8IYP2,unclassified,active,true,,e22d7643ea01abd0dce415e74faf002186e13ae33190976f1ae61cece045fb76,2026-08-06
Q16651,PRSS8_HUMAN,Q16651,surface,active,true,,e22d7643ea01abd0dce415e74faf002186e13ae33190976f1ae61cece045fb76,2026-08-06
Q2VWP7,PRTG_HUMAN,Q2VWP7,surface,active,true,,e22d7643ea01abd0dce415e74faf002186e13ae33190976f1ae61cece045fb76,2026-08-06
P24158,PRTN3_HUMAN,P24158,unclassified,active,true,,e22d7643ea01abd0dce415e74faf002186e13ae33190976f1ae61cece045fb76,2026-08-06
Q8WUY3,PRUN2_HUMAN,Q8WUY3,non_surface,active,true,,e22d7643ea01abd0dce415e74faf002186e13ae33190976f1ae61cece045fb76,2026-08-06
Q9UIG4,PS1C2_HUMAN,Q9UIG4,unclassified,active,true,,e22d7643ea01abd0dce415e74faf002186e13ae33190976f1ae61cece045fb76,2026-08-06
O43653,PSCA_HUMAN,O43653,surface,active,true,,e22d7643ea01abd0dce415e74faf002186e13ae33190976f1ae61cece045fb76,2026-08-06
Q9BQI7,PSD2_HUMAN,Q9BQI7,non_surface,active,true,,e22d7643ea01abd0dce415e74faf002186e13ae33190976f1ae61cece045fb76,2026-08-06
Q9UQ72,PSG11_HUMAN,Q9UQ72,unclassified,active,true,,e22d7643ea01abd0dce415e74faf002186e13ae33190976f1ae61cece045fb76,2026-08-06
P11464,PSG1_HUMAN,P11464,unclassified,active,true,,e22d7643ea01abd0dce415e74faf002186e13ae33190976f1ae61cece045fb76,2026-08-06
P11465,PSG2_HUMAN,P11465,unclassified,active,true,,e22d7643ea01abd0dce415e74faf002186e13ae33190976f1ae61cece045fb76,2026-08-06
Q16557,PSG3_HUMAN,Q16557,unclassified,active,true,,e22d7643ea01abd0dce415e74faf002186e13ae33190976f1ae61cece045fb76,2026-08-06
Q00888,PSG4_HUMAN,Q00888,unclassified,active,true,,e22d7643ea01abd0dce415e74faf002186e13ae33190976f1ae61cece045fb76,2026-08-06
Q15238,PSG5_HUMAN,Q15238,unclassified,active,true,,e22d7643ea01abd0dce415e74faf002186e13ae33190976f1ae61cece045fb76,2026-08-06
Q00889,PSG6_HUMAN,Q00889,unclassified,active,true,,e22d7643ea01abd0dce415e74faf002186e13ae33190976f1ae61cece045fb76,2026-08-06
Q13046,PSG7_HUMAN,Q13046,unclassified,active,true,,e22d7643ea01abd0dce415e74faf002186e13ae33190976f1ae61cece045fb76,2026-08-06
Q9UQ74,PSG8_HUMAN,Q9UQ74,unclassified,active,true,,e22d7643ea01abd0dce415e74faf002186e13ae33190976f1ae61cece045fb76,2026-08-06
Q00887,PSG9_HUMAN,Q00887,unclassified,active,true,,e22d7643ea01abd0dce415e74faf002186e13ae33190976f1ae61cece045fb76,2026-08-06
Q99460,PSMD1_HUMAN,Q99460,non_surface,active,true,,e22d7643ea01abd0dce415e74faf002186e13ae33190976f1ae61cece045fb76,2026-08-06
Q13200,PSMD2_HUMAN,Q13200,non_surface,active,true,,e22d7643ea01abd0dce415e74faf002186e13ae33190976f1ae61cece045fb76,2026-08-06
Q16401,PSMD5_HUMAN,Q16401,unclassified,active,true,,e22d7643ea01abd0dce415e74faf002186e13ae33190976f1ae61cece045fb76,2026-08-06
P49768,PSN1_HUMAN,P49768,surface,active,true,,e22d7643ea01abd0dce415e74faf002186e13ae33190976f1ae61cece045fb76,2026-08-06
P49810,PSN2_HUMAN,P49810,surface,active,true,,e22d7643ea01abd0dce415e74faf002186e13ae33190976f1ae61cece045fb76,2026-08-06
P07988,PSPB_HUMAN,P07988,unclassified,active,true,,e22d7643ea01abd0dce415e74faf002186e13ae33190976f1ae61cece045fb76,2026-08-06
P11686,PSPC_HUMAN,P11686,non_surface,active,true,,e22d7643ea01abd0dce415e74faf002186e13ae33190976f1ae61cece045fb76,2026-08-06
O60542,PSPN_HUMAN,O60542,unclassified,active,true,,e22d7643ea01abd0dce415e74faf002186e13ae33190976f1ae61cece045fb76,2026-08-06
Q8IYL9,PSYR_HUMAN,Q8IYL9,surface,active,true,,e22d7643ea01abd0dce415e74faf002186e13ae33190976f1ae61cece045fb76,2026-08-06
P0DJ07,PT100_HUMAN,P0DJ07,non_surface,active,true,,e22d7643ea01abd0dce415e74faf002186e13ae33190976f1ae61cece045fb76,2026-08-06
Q6UWS5,PT117_HUMAN,Q6UWS5,unclassified,active,true,,e22d7643ea01abd0dce415e74faf002186e13ae33190976f1ae61cece045fb76,2026-08-06
P25105,PTAFR_HUMAN,P25105,surface,active,true,,e22d7643ea01abd0dce415e74faf002186e13ae33190976f1ae61cece045fb76,2026-08-06
Q13635,PTC1_HUMAN,Q13635,surface,active,true,,e22d7643ea01abd0dce415e74faf002186e13ae33190976f1ae61cece045fb76,2026-08-06
Q9Y6C5,PTC2_HUMAN,Q9Y6C5,unclassified,active,true,,e22d7643ea01abd0dce415e74faf002186e13ae33190976f1ae61cece045fb76,2026-08-06
Q14761,PTCA_HUMAN,Q14761,non_surface,active,true,,e22d7643ea01abd0dce415e74faf002186e13ae33190976f1ae61cece045fb76,2026-08-06
Q8WV60,PTCD2_HUMAN,Q8WV60,unclassified,active,true,,e22d7643ea01abd0dce415e74faf002186e13ae33190976f1ae61cece045fb76,2026-08-06
Q6ISU1,PTCRA_HUMAN,Q6ISU1,surface,active,true,,e22d7643ea01abd0dce415e74faf002186e13ae33190976f1ae61cece045fb76,2026-08-06
P41222,PTGDS_HUMAN,P41222,unclassified,active,true,,e22d7643ea01abd0dce415e74faf002186e13ae33190976f1ae61cece045fb76,2026-08-06
O14684,PTGES_HUMAN,O14684,non_surface,active,true,,e22d7643ea01abd0dce415e74faf002186e13ae33190976f1ae61cece045fb76,2026-08-06
Q16647,PTGIS_HUMAN,Q16647,unclassified,active,true,,e22d7643ea01abd0dce415e74faf002186e13ae33190976f1ae61cece045fb76,2026-08-06
Q03431,PTH1R_HUMAN,Q03431,surface,active,true,,e22d7643ea01abd0dce415e74faf002186e13ae33190976f1ae61cece045fb76,2026-08-06
P49190,PTH2R_HUMAN,P49190,surface,active,true,,e22d7643ea01abd0dce415e74faf002186e13ae33190976f1ae61cece045fb76,2026-08-06
Q9Y3E5,PTH2_HUMAN,Q9Y3E5,non_surface,active,true,,e22d7643ea01abd0dce415e74faf002186e13ae33190976f1ae61cece045fb76,2026-08-06
Q96NR3,PTHD1_HUMAN,Q96NR3,surface,active,true,,e22d7643ea01abd0dce415e74faf002186e13ae33190976f1ae61cece045fb76,2026-08-06
Q9P2K9,PTHD2_HUMAN,Q9P2K9,surface,active,true,,e22d7643ea01abd0dce415e74faf002186e13ae33190976f1ae61cece045fb76,2026-08-06
Q3KNS1,PTHD3_HUMAN,Q3KNS1,surface,active,true,,e22d7643ea01abd0dce415e74faf002186e13ae33190976f1ae61cece045fb76,2026-08-06
Q6ZW05,PTHD4_HUMAN,Q6ZW05,surface,active,true,,e22d7643ea01abd0dce415e74faf002186e13ae33190976f1ae61cece045fb76,2026-08-06
P12272,PTHR_HUMAN,P12272,unclassified,active,true,,e22d7643ea01abd0dce415e74faf002186e13ae33190976f1ae61cece045fb76,2026-08-06
P01270,PTHY_HUMAN,P01270,unclassified,active,true,,e22d7643ea01abd0dce415e74faf002186e13ae33190976f1ae61cece045fb76,2026-08-06
Q13308,PTK7_HUMAN,Q13308,surface,active,true,,e22d7643ea01abd0dce415e74faf002186e13ae33190976f1ae61cece045fb76,2026-08-06
P18031,PTN1_HUMAN,P18031,non_surface,active,true,,e22d7643ea01abd0dce415e74faf002186e13ae33190976f1ae61cece045fb76,2026-08-06
P17706,PTN2_HUMAN,P17706,non_surface,active,true,,e22d7643ea01abd0dce415e74faf002186e13ae33190976f1ae61cece045fb76,2026-08-06
P54829,PTN5_HUMAN,P54829,non_surface,active,true,,e22d7643ea01abd0dce415e74faf002186e13ae33190976f1ae61cece045fb76,2026-08-06
P21246,PTN_HUMAN,P21246,unclassified,active,true,,e22d7643ea01abd0dce415e74faf002186e13ae33190976f1ae61cece045fb76,2026-08-06
Q8WUK0,PTPM1_HUMAN,Q8WUK0,non_surface,active,true,,e22d7643ea01abd0dce415e74faf002186e13ae33190976f1ae61cece045fb76,2026-08-06
Q92932,PTPR2_HUMAN,Q92932,surface,active,true,,e22d7643ea01abd0dce415e74faf002186e13ae33190976f1ae61cece045fb76,2026-08-06
P18433,PTPRA_HUMAN,P18433,surface,active,true,,e22d7643ea01abd0dce415e74faf002186e13ae33190976f1ae61cece045fb76,2026-08-06
P23467,PTPRB_HUMAN,P23467,surface,active,true,,e22d7643ea01abd0dce415e74faf002186e13ae33190976f1ae61cece045fb76,2026-08-06
P08575,PTPRC_HUMAN,P08575,surface,active,true,,e22d7643ea01abd0dce415e74faf002186e13ae33190976f1ae61cece045fb76,2026-08-06
P23468,PTPRD_HUMAN,P23468,surface,active,true,,e22d7643ea01abd0dce415e74faf002186e13ae33190976f1ae61cece045fb76,2026-08-06
P23469,PTPRE_HUMAN,P23469,unclassified,active,true,,e22d7643ea01abd0dce415e74faf002186e13ae33190976f1ae61cece045fb76,2026-08-06
P10586,PTPRF_HUMAN,P10586,surface,active,true,,e22d7643ea01abd0dce415e74faf002186e13ae33190976f1ae61cece045fb76,2026-08-06
P23470,PTPRG_HUMAN,P23470,surface,active,true,,e22d7643ea01abd0dce415e74faf002186e13ae33190976f1ae61cece045fb76,2026-08-06
Q9HD43,PTPRH_HUMAN,Q9HD43,surface,active,true,,e22d7643ea01abd0dce415e74faf002186e13ae33190976f1ae61cece045fb76,2026-08-06
Q12913,PTPRJ_HUMAN,Q12913,surface,active,true,,e22d7643ea01abd0dce415e74faf002186e13ae33190976f1ae61cece045fb76,2026-08-06
Q15262,PTPRK_HUMAN,Q15262,surface,active,true,,e22d7643ea01abd0dce415e74faf002186e13ae33190976f1ae61cece045fb76,2026-08-06
P28827,PTPRM_HUMAN,P28827,surface,active,true,,e22d7643ea01abd0dce415e74faf002186e13ae33190976f1ae61cece045fb76,2026-08-06
Q16849,PTPRN_HUMAN,Q16849,surface,active,true,,e22d7643ea01abd0dce415e74faf002186e13ae33190976f1ae61cece045fb76,2026-08-06
Q16827,PTPRO_HUMAN,Q16827,surface,active,true,,e22d7643ea01abd0dce415e74faf002186e13ae33190976f1ae61cece045fb76,2026-08-06
Q9UMZ3,PTPRQ_HUMAN,Q9UMZ3,surface,active,true,,e22d7643ea01abd0dce415e74faf002186e13ae33190976f1ae61cece045fb76,2026-08-06
Q15256,PTPRR_HUMAN,Q15256,surface,active,true,,e22d7643ea01abd0dce415e74faf002186e13ae33190976f1ae61cece045fb76,2026-08-06
Q13332,PTPRS_HUMAN,Q13332,surface,active,true,,e22d7643ea01abd0dce415e74faf002186e13ae33190976f1ae61cece045fb76,2026-08-06
O14522,PTPRT_HUMAN,O14522,surface,active,true,,e22d7643ea01abd0dce415e74faf002186e13ae33190976f1ae61cece045fb76,2026-08-06
Q92729,PTPRU_HUMAN,Q92729,surface,active,true,,e22d7643ea01abd0dce415e74faf002186e13ae33190976f1ae61cece045fb76,2026-08-06
P23471,PTPRZ_HUMAN,P23471,surface,active,true,,e22d7643ea01abd0dce415e74faf002186e13ae33190976f1ae61cece045fb76,2026-08-06
P48651,PTSS1_HUMAN,P48651,non_surface,active,true,,e22d7643ea01abd0dce415e74faf002186e13ae33190976f1ae61cece045fb76,2026-08-06
Q9BVG9,PTSS2_HUMAN,Q9BVG9,non_surface,active,true,,e22d7643ea01abd0dce415e74faf002186e13ae33190976f1ae61cece045fb76,2026-08-06
P53801,PTTG_HUMAN,P53801,surface,active,true,,e22d7643ea01abd0dce415e74faf002186e13ae33190976f1ae61cece045fb76,2026-08-06
P26022,PTX3_HUMAN,P26022,unclassified,active,true,,e22d7643ea01abd0dce415e74faf002186e13ae33190976f1ae61cece045fb76,2026-08-06
Q96A99,PTX4_HUMAN,Q96A99,unclassified,active,true,,e22d7643ea01abd0dce415e74faf002186e13ae33190976f1ae61cece045fb76,2026-08-06
Q6DKI7,PVRIG_HUMAN,Q6DKI7,unclassified,active,true,,e22d7643ea01abd0dce415e74faf002186e13ae33190976f1ae61cece045fb76,2026-08-06
Q15223,PVRL1_HUMAN,Q15223,surface,active,true,,e22d7643ea01abd0dce415e74faf002186e13ae33190976f1ae61cece045fb76,2026-08-06
Q92692,PVRL2_HUMAN,Q92692,surface,active,true,,e22d7643ea01abd0dce415e74faf002186e13ae33190976f1ae61cece045fb76,2026-08-06
Q9NQS3,PVRL3_HUMAN,Q9NQS3,surface,active,true,,e22d7643ea01abd0dce415e74faf002186e13ae33190976f1ae61cece045fb76,2026-08-06
Q96NY8,PVRL4_HUMAN,Q96NY8,surface,active,true,,e22d7643ea01abd0dce415e74faf002186e13ae33190976f1ae61cece045fb76,2026-08-06
P15151,PVR_HUMAN,P15151,surface,active,true,,e22d7643ea01abd0dce415e74faf002186e13ae33190976f1ae61cece045fb76,2026-08-06
O75192,PX11A_HUMAN,O75192,non_surface,active,true,,e22d7643ea01abd0dce415e74faf002186e13ae33190976f1ae61cece045fb76,2026-08-06
O96011,PX11B_HUMAN,O96011,non_surface,active,true,,e22d7643ea01abd0dce415e74faf002186e13ae33190976f1ae61cece045fb76,2026-08-06
Q96HA9,PX11C_HUMAN,Q96HA9,non_surface,active,true,,e22d7643ea01abd0dce415e74faf002186e13ae33190976f1ae61cece045fb76,2026-08-06
Q6UX71,PXDC2_HUMAN,Q6UX71,surface,active,true,,e22d7643ea01abd0dce415e74faf002186e13ae33190976f1ae61cece045fb76,2026-08-06
A1KZ92,PXDNL_HUMAN,A1KZ92,unclassified,active,true,,e22d7643ea01abd0dce415e74faf002186e13ae33190976f1ae61cece045fb76,2026-08-06
Q92626,PXDN_HUMAN,Q92626,unclassified,active,true,,e22d7643ea01abd0dce415e74faf002186e13ae33190976f1ae61cece045fb76,2026-08-06
Q9NR77,PXMP2_HUMAN,Q9NR77,non_surface,active,true,,e22d7643ea01abd0dce415e74faf002186e13ae33190976f1ae61cece045fb76,2026-08-06
Q9Y6I8,PXMP4_HUMAN,Q9Y6I8,non_surface,active,true,,e22d7643ea01abd0dce415e74faf002186e13ae33190976f1ae61cece045fb76,2026-08-06
Q8TE99,PXYP1_HUMAN,Q8TE99,non_surface,active,true,,e22d7643ea01abd0dce415e74faf002186e13ae33190976f1ae61cece045fb76,2026-08-06
Q02127,PYRD_HUMAN,Q02127,non_surface,active,true,,e22d7643ea01abd0dce415e74faf002186e13ae33190976f1ae61cece045fb76,2026-08-06
Q9NRI6,PYY2_HUMAN,Q9NRI6,unclassified,active,true,,e22d7643ea01abd0dce415e74faf002186e13ae33190976f1ae61cece045fb76,2026-08-06
Q5JQD4,PYY3_HUMAN,Q5JQD4,unclassified,active,true,,e22d7643ea01abd0dce415e74faf002186e13ae33190976f1ae61cece045fb76,2026-08-06
P10082,PYY_HUMAN,P10082,unclassified,active,true,,e22d7643ea01abd0dce415e74faf002186e13ae33190976f1ae61cece045fb76,2026-08-06
P20742,PZP_HUMAN,P20742,unclassified,active,true,,e22d7643ea01abd0dce415e74faf002186e13ae33190976f1ae61cece045fb76,2026-08-06
Q04671,P_HUMAN,Q04671,non_surface,active,true,,e22d7643ea01abd0dce415e74faf002186e13ae33190976f1ae61cece045fb76,2026-08-06
O14957,QCR10_HUMAN,O14957,non_surface,active,true,,e22d7643ea01abd0dce415e74faf002186e13ae33190976f1ae61cece045fb76,2026-08-06
O14949,QCR8_HUMAN,O14949,non_surface,active,true,,e22d7643ea01abd0dce415e74faf002186e13ae33190976f1ae61cece045fb76,2026-08-06
Q9UDW1,QCR9_HUMAN,Q9UDW1,non_surface,active,true,,e22d7643ea01abd0dce415e74faf002186e13ae33190976f1ae61cece045fb76,2026-08-06
Q9NXS2,QPCTL_HUMAN,Q9NXS2,non_surface,active,true,,e22d7643ea01abd0dce415e74faf002186e13ae33190976f1ae61cece045fb76,2026-08-06
Q16769,QPCT_HUMAN,Q16769,unclassified,active,true,,e22d7643ea01abd0dce415e74faf002186e13ae33190976f1ae61cece045fb76,2026-08-06
Q96P65,QRFPR_HUMAN,Q96P65,surface,active,true,,e22d7643ea01abd0dce415e74faf002186e13ae33190976f1ae61cece045fb76,2026-08-06
O00391,QSOX1_HUMAN,O00391,surface,active,true,,e22d7643ea01abd0dce415e74faf002186e13ae33190976f1ae61cece045fb76,2026-08-06
Q6ZRP7,QSOX2_HUMAN,Q6ZRP7,surface,active,true,,e22d7643ea01abd0dce415e74faf002186e13ae33190976f1ae61cece045fb76,2026-08-06
P50876,R144A_HUMAN,P50876,non_surface,active,true,,e22d7643ea01abd0dce415e74faf002186e13ae33190976f1ae61cece045fb76,2026-08-06
Q7Z419,R144B_HUMAN,Q7Z419,non_surface,active,true,,e22d7643ea01abd0dce415e74faf002186e13ae33190976f1ae61cece045fb76,2026-08-06
Q86UN2,R4RL1_HUMAN,Q86UN2,surface,active,true,,e22d7643ea01abd0dce415e74faf002186e13ae33190976f1ae61cece045fb76,2026-08-06
Q86UN3,R4RL2_HUMAN,Q86UN3,surface,active,true,,e22d7643ea01abd0dce415e74faf002186e13ae33190976f1ae61cece045fb76,2026-08-06
Q6ZS82,R9BP_HUMAN,Q6ZS82,non_surface,active,true,,e22d7643ea01abd0dce415e74faf002186e13ae33190976f1ae61cece045fb76,2026-08-06
P61026,RAB10_HUMAN,P61026,unclassified,active,true,,e22d7643ea01abd0dce415e74faf002186e13ae33190976f1ae61cece045fb76,2026-08-06
Q9ULW5,RAB26_HUMAN,Q9ULW5,unclassified,active,true,,e22d7643ea01abd0dce415e74faf002186e13ae33190976f1ae61cece045fb76,2026-08-06
O95755,RAB36_HUMAN,O95755,unclassified,active,true,,e22d7643ea01abd0dce415e74faf002186e13ae33190976f1ae61cece045fb76,2026-08-06
P51149,RAB7A_HUMAN,P51149,unclassified,active,true,,e22d7643ea01abd0dce415e74faf002186e13ae33190976f1ae61cece045fb76,2026-08-06
Q9NP90,RAB9B_HUMAN,Q9NP90,unclassified,active,true,,e22d7643ea01abd0dce415e74faf002186e13ae33190976f1ae61cece045fb76,2026-08-06
Q15109,RAGE_HUMAN,Q15109,surface,active,true,,e22d7643ea01abd0dce415e74faf002186e13ae33190976f1ae61cece045fb76,2026-08-06
Q8NFJ5,RAI3_HUMAN,Q8NFJ5,surface,active,true,,e22d7643ea01abd0dce415e74faf002186e13ae33190976f1ae61cece045fb76,2026-08-06
O60894,RAMP1_HUMAN,O60894,unclassified,active,true,,e22d7643ea01abd0dce415e74faf002186e13ae33190976f1ae61cece045fb76,2026-08-06
O60895,RAMP2_HUMAN,O60895,surface,active,true,,e22d7643ea01abd0dce415e74faf002186e13ae33190976f1ae61cece045fb76,2026-08-06
O60896,RAMP3_HUMAN,O60896,surface,active,true,,e22d7643ea01abd0dce415e74faf002186e13ae33190976f1ae61cece045fb76,2026-08-06
Q99969,RARR2_HUMAN,Q99969,unclassified,active,true,,e22d7643ea01abd0dce415e74faf002186e13ae33190976f1ae61cece045fb76,2026-08-06
Q15283,RASA2_HUMAN,Q15283,unclassified,active,true,,e22d7643ea01abd0dce415e74faf002186e13ae33190976f1ae61cece045fb76,2026-08-06
Q5R372,RBG1L_HUMAN,Q5R372,non_surface,active,true,,e22d7643ea01abd0dce415e74faf002186e13ae33190976f1ae61cece045fb76,2026-08-06
Q9Y3P9,RBGP1_HUMAN,Q9Y3P9,non_surface,active,true,,e22d7643ea01abd0dce415e74faf002186e13ae33190976f1ae61cece045fb76,2026-08-06
Q9NW13,RBM28_HUMAN,Q9NW13,unclassified,active,true,,e22d7643ea01abd0dce415e74faf002186e13ae33190976f1ae61cece045fb76,2026-08-06
O00559,RCAS1_HUMAN,O00559,non_surface,active,true,,e22d7643ea01abd0dce415e74faf002186e13ae33190976f1ae61cece045fb76,2026-08-06
Q92600,RCD1_HUMAN,Q92600,unclassified,active,true,,e22d7643ea01abd0dce415e74faf002186e13ae33190976f1ae61cece045fb76,2026-08-06
Q15293,RCN1_HUMAN,Q15293,unclassified,active,true,,e22d7643ea01abd0dce415e74faf002186e13ae33190976f1ae61cece045fb76,2026-08-06
Q14257,RCN2_HUMAN,Q14257,unclassified,active,true,,e22d7643ea01abd0dce415e74faf002186e13ae33190976f1ae61cece045fb76,2026-08-06
Q96D15,RCN3_HUMAN,Q96D15,unclassified,active,true,,e22d7643ea01abd0dce415e74faf002186e13ae33190976f1ae61cece045fb76,2026-08-06
Q9UKL0,RCOR1_HUMAN,Q9UKL0,unclassified,active,true,,e22d7643ea01abd0dce415e74faf002186e13ae33190976f1ae61cece045fb76,2026-08-06
Q8IZV5,RDH10_HUMAN,Q8IZV5,non_surface,active,true,,e22d7643ea01abd0dce415e74faf002186e13ae33190976f1ae61cece045fb76,2026-08-06
Q8TC12,RDH11_HUMAN,Q8TC12,non_surface,active,true,,e22d7643ea01abd0dce415e74faf002186e13ae33190976f1ae61cece045fb76,2026-08-06
Q96NR8,RDH12_HUMAN,Q96NR8,unclassified,active,true,,e22d7643ea01abd0dce415e74faf002186e13ae33190976f1ae61cece045fb76,2026-08-06
Q8NBN7,RDH13_HUMAN,Q8NBN7,unclassified,active,true,,e22d7643ea01abd0dce415e74faf002186e13ae33190976f1ae61cece045fb76,2026-08-06
Q9HBH5,RDH14_HUMAN,Q9HBH5,unclassified,active,true,,e22d7643ea01abd0dce415e74faf002186e13ae33190976f1ae61cece045fb76,2026-08-06
O75452,RDH16_HUMAN,O75452,non_surface,active,true,,e22d7643ea01abd0dce415e74faf002186e13ae33190976f1ae61cece045fb76,2026-08-06
Q92781,RDH1_HUMAN,Q92781,unclassified,active,true,,e22d7643ea01abd0dce415e74faf002186e13ae33190976f1ae61cece045fb76,2026-08-06
Q8N3Y7,RDHE2_HUMAN,Q8N3Y7,non_surface,active,true,,e22d7643ea01abd0dce415e74faf002186e13ae33190976f1ae61cece045fb76,2026-08-06
P61578,REC16_HUMAN,P61578,unclassified,active,true,,e22d7643ea01abd0dce415e74faf002186e13ae33190976f1ae61cece045fb76,2026-08-06
O95072,REC8_HUMAN,O95072,non_surface,active,true,,e22d7643ea01abd0dce415e74faf002186e13ae33190976f1ae61cece045fb76,2026-08-06
P61575,RECK8_HUMAN,P61575,non_surface,active,true,,e22d7643ea01abd0dce415e74faf002186e13ae33190976f1ae61cece045fb76,2026-08-06
O95980,RECK_HUMAN,O95980,surface,active,true,,e22d7643ea01abd0dce415e74faf002186e13ae33190976f1ae61cece045fb76,2026-08-06
Q9H902,REEP1_HUMAN,Q9H902,non_surface,active,true,,e22d7643ea01abd0dce415e74faf002186e13ae33190976f1ae61cece045fb76,2026-08-06
Q9BRK0,REEP2_HUMAN,Q9BRK0,non_surface,active,true,,e22d7643ea01abd0dce415e74faf002186e13ae33190976f1ae61cece045fb76,2026-08-06
Q6NUK4,REEP3_HUMAN,Q6NUK4,non_surface,active,true,,e22d7643ea01abd0dce415e74faf002186e13ae33190976f1ae61cece045fb76,2026-08-06
Q9H6H4,REEP4_HUMAN,Q9H6H4,non_surface,active,true,,e22d7643ea01abd0dce415e74faf002186e13ae33190976f1ae61cece045fb76,2026-08-06
Q00765,REEP5_HUMAN,Q00765,non_surface,active,true,,e22d7643ea01abd0dce415e74faf002186e13ae33190976f1ae61cece045fb76,2026-08-06
Q96HR9,REEP6_HUMAN,Q96HR9,non_surface,active,true,,e22d7643ea01abd0dce415e74faf002186e13ae33190976f1ae61cece045fb76,2026-08-06
P05451,REG1A_HUMAN,P05451,unclassified,active,true,,e22d7643ea01abd0dce415e74faf002186e13ae33190976f1ae61cece045fb76,2026-08-06
P48304,REG1B_HUMAN,P48304,unclassified,active,true,,e22d7643ea01abd0dce415e74faf002186e13ae33190976f1ae61cece045fb76,2026-08-06
Q06141,REG3A_HUMAN,Q06141,unclassified,active,true,,e22d7643ea01abd0dce415e74faf002186e13ae33190976f1ae61cece045fb76,2026-08-06
Q6UW15,REG3G_HUMAN,Q6UW15,unclassified,active,true,,e22d7643ea01abd0dce415e74faf002186e13ae33190976f1ae61cece045fb76,2026-08-06
Q9BYZ8,REG4_HUMAN,Q9BYZ8,unclassified,active,true,,e22d7643ea01abd0dce415e74faf002186e13ae33190976f1ae61cece045fb76,2026-08-06
P04808,REL1_HUMAN,P04808,unclassified,active,true,,e22d7643ea01abd0dce415e74faf002186e13ae33190976f1ae61cece045fb76,2026-08-06
P04090,REL2_HUMAN,P04090,unclassified,active,true,,e22d7643ea01abd0dce415e74faf002186e13ae33190976f1ae61cece045fb76,2026-08-06
Q8WXF3,REL3_HUMAN,Q8WXF3,unclassified,active,true,,e22d7643ea01abd0dce415e74faf002186e13ae33190976f1ae61cece045fb76,2026-08-06
Q8IUW5,RELL1_HUMAN,Q8IUW5,surface,active,true,,e22d7643ea01abd0dce415e74faf002186e13ae33190976f1ae61cece045fb76,2026-08-06
Q8NC24,RELL2_HUMAN,Q8NC24,non_surface,active,true,,e22d7643ea01abd0dce415e74faf002186e13ae33190976f1ae61cece045fb76,2026-08-06
P78509,RELN_HUMAN,P78509,unclassified,active,true,,e22d7643ea01abd0dce415e74faf002186e13ae33190976f1ae61cece045fb76,2026-08-06
P00797,RENI_HUMAN,P00797,unclassified,active,true,,e22d7643ea01abd0dce415e74faf002186e13ae33190976f1ae61cece045fb76,2026-08-06
O75787,RENR_HUMAN,O75787,unclassified,active,true,,e22d7643ea01abd0dce415e74faf002186e13ae33190976f1ae61cece045fb76,2026-08-06
Q8NFH8,REPS2_HUMAN,Q8NFH8,unclassified,active,true,,e22d7643ea01abd0dce415e74faf002186e13ae33190976f1ae61cece045fb76,2026-08-06
O15258,RER1_HUMAN,O15258,non_surface,active,true,,e22d7643ea01abd0dce415e74faf002186e13ae33190976f1ae61cece045fb76,2026-08-06
Q5W5W9,RES18_HUMAN,Q5W5W9,unclassified,active,true,,e22d7643ea01abd0dce415e74faf002186e13ae33190976f1ae61cece045fb76,2026-08-06
Q6H3X3,RET1G_HUMAN,Q6H3X3,surface,active,true,,e22d7643ea01abd0dce415e74faf002186e13ae33190976f1ae61cece045fb76,2026-08-06
Q5VY80,RET1L_HUMAN,Q5VY80,surface,active,true,,e22d7643ea01abd0dce415e74faf002186e13ae33190976f1ae61cece045fb76,2026-08-06
P10745,RET3_HUMAN,P10745,unclassified,active,true,,e22d7643ea01abd0dce415e74faf002186e13ae33190976f1ae61cece045fb76,2026-08-06
P02753,RET4_HUMAN,P02753,unclassified,active,true,,e22d7643ea01abd0dce415e74faf002186e13ae33190976f1ae61cece045fb76,2026-08-06
Q9BQ08,RETNB_HUMAN,Q9BQ08,unclassified,active,true,,e22d7643ea01abd0dce415e74faf002186e13ae33190976f1ae61cece045fb76,2026-08-06
Q9HD89,RETN_HUMAN,Q9HD89,unclassified,active,true,,e22d7643ea01abd0dce415e74faf002186e13ae33190976f1ae61cece045fb76,2026-08-06
Q6NUM9,RETST_HUMAN,Q6NUM9,unclassified,active,true,,e22d7643ea01abd0dce415e74faf002186e13ae33190976f1ae61cece045fb76,2026-08-06
P07949,RET_HUMAN,P07949,surface,active,true,,e22d7643ea01abd0dce415e74faf002186e13ae33190976f1ae61cece045fb76,2026-08-06
Q9UGC7,RF1ML_HUMAN,Q9UGC7,unclassified,active,true,,e22d7643ea01abd0dce415e74faf002186e13ae33190976f1ae61cece045fb76,2026-08-06
Q9Y644,RFNG_HUMAN,Q9Y644,non_surface,active,true,,e22d7643ea01abd0dce415e74faf002186e13ae33190976f1ae61cece045fb76,2026-08-06
Q96AA3,RFT1_HUMAN,Q96AA3,unclassified,active,true,,e22d7643ea01abd0dce415e74faf002186e13ae33190976f1ae61cece045fb76,2026-08-06
Q9H4X1,RGCC_HUMAN,Q9H4X1,unclassified,active,true,,e22d7643ea01abd0dce415e74faf002186e13ae33190976f1ae61cece045fb76,2026-08-06
Q8IZJ4,RGDSR_HUMAN,Q8IZJ4,unclassified,active,true,,e22d7643ea01abd0dce415e74faf002186e13ae33190976f1ae61cece045fb76,2026-08-06
Q96B86,RGMA_HUMAN,Q96B86,surface,active,true,,e22d7643ea01abd0dce415e74faf002186e13ae33190976f1ae61cece045fb76,2026-08-06
Q6NW40,RGMB_HUMAN,Q6NW40,surface,active,true,,e22d7643ea01abd0dce415e74faf002186e13ae33190976f1ae61cece045fb76,2026-08-06
Q6ZVN8,RGMC_HUMAN,Q6ZVN8,surface,active,true,,e22d7643ea01abd0dce415e74faf002186e13ae33190976f1ae61cece045fb76,2026-08-06
Q6GYQ0,RGPA1_HUMAN,Q6GYQ0,non_surface,active,true,,e22d7643ea01abd0dce415e74faf002186e13ae33190976f1ae61cece045fb76,2026-08-06
Q2PPJ7,RGPA2_HUMAN,Q2PPJ7,non_surface,active,true,,e22d7643ea01abd0dce415e74faf002186e13ae33190976f1ae61cece045fb76,2026-08-06
Q5JS13,RGPS1_HUMAN,Q5JS13,non_surface,active,true,,e22d7643ea01abd0dce415e74faf002186e13ae33190976f1ae61cece045fb76,2026-08-06
P47804,RGR_HUMAN,P47804,surface,active,true,,e22d7643ea01abd0dce415e74faf002186e13ae33190976f1ae61cece045fb76,2026-08-06
A5PLK6,RGSL_HUMAN,A5PLK6,non_surface,active,true,,e22d7643ea01abd0dce415e74faf002186e13ae33190976f1ae61cece045fb76,2026-08-06
Q02094,RHAG_HUMAN,Q02094,surface,active,true,,e22d7643ea01abd0dce415e74faf002186e13ae33190976f1ae61cece045fb76,2026-08-06
Q6NTF9,RHBD2_HUMAN,Q6NTF9,non_surface,active,true,,e22d7643ea01abd0dce415e74faf002186e13ae33190976f1ae61cece045fb76,2026-08-06
Q9Y3P4,RHBD3_HUMAN,Q9Y3P4,non_surface,active,true,,e22d7643ea01abd0dce415e74faf002186e13ae33190976f1ae61cece045fb76,2026-08-06
Q9H310,RHBG_HUMAN,Q9H310,unclassified,active,true,,e22d7643ea01abd0dce415e74faf002186e13ae33190976f1ae61cece045fb76,2026-08-06
O75783,RHBL1_HUMAN,O75783,non_surface,active,true,,e22d7643ea01abd0dce415e74faf002186e13ae33190976f1ae61cece045fb76,2026-08-06
Q9NX52,RHBL2_HUMAN,Q9NX52,surface,active,true,,e22d7643ea01abd0dce415e74faf002186e13ae33190976f1ae61cece045fb76,2026-08-06
P58872,RHBL3_HUMAN,P58872,non_surface,active,true,,e22d7643ea01abd0dce415e74faf002186e13ae33190976f1ae61cece045fb76,2026-08-06
Q8TEB9,RHBL4_HUMAN,Q8TEB9,non_surface,active,true,,e22d7643ea01abd0dce415e74faf002186e13ae33190976f1ae61cece045fb76,2026-08-06
P18577,RHCE_HUMAN,P18577,non_surface,active,true,,e22d7643ea01abd0dce415e74faf002186e13ae33190976f1ae61cece045fb76,2026-08-06
Q9UBD6,RHCG_HUMAN,Q9UBD6,surface,active,true,,e22d7643ea01abd0dce415e74faf002186e13ae33190976f1ae61cece045fb76,2026-08-06
Q96CC6,RHDF1_HUMAN,Q96CC6,non_surface,active,true,,e22d7643ea01abd0dce415e74faf002186e13ae33190976f1ae61cece045fb76,2026-08-06
Q6PJF5,RHDF2_HUMAN,Q6PJF5,surface,active,true,,e22d7643ea01abd0dce415e74faf002186e13ae33190976f1ae61cece045fb76,2026-08-06
Q02161,RHD_HUMAN,Q02161,non_surface,active,true,,e22d7643ea01abd0dce415e74faf002186e13ae33190976f1ae61cece045fb76,2026-08-06
Q07960,RHG01_HUMAN,Q07960,non_surface,active,true,,e22d7643ea01abd0dce415e74faf002186e13ae33190976f1ae61cece045fb76,2026-08-06
O43182,RHG06_HUMAN,O43182,unclassified,active,true,,e22d7643ea01abd0dce415e74faf002186e13ae33190976f1ae61cece045fb76,2026-08-06
Q9UNA1,RHG26_HUMAN,Q9UNA1,non_surface,active,true,,e22d7643ea01abd0dce415e74faf002186e13ae33190976f1ae61cece045fb76,2026-08-06
Q9NRY4,RHG35_HUMAN,Q9NRY4,non_surface,active,true,,e22d7643ea01abd0dce415e74faf002186e13ae33190976f1ae61cece045fb76,2026-08-06
Q6ZRI8,RHG36_HUMAN,Q6ZRI8,unclassified,active,true,,e22d7643ea01abd0dce415e74faf002186e13ae33190976f1ae61cece045fb76,2026-08-06
Q4ADV7,RIC1_HUMAN,Q4ADV7,non_surface,active,true,,e22d7643ea01abd0dce415e74faf002186e13ae33190976f1ae61cece045fb76,2026-08-06
Q7Z5B4,RIC3_HUMAN,Q7Z5B4,non_surface,active,true,,e22d7643ea01abd0dce415e74faf002186e13ae33190976f1ae61cece045fb76,2026-08-06
Q0D2K3,RIPP1_HUMAN,Q0D2K3,unclassified,active,true,,e22d7643ea01abd0dce415e74faf002186e13ae33190976f1ae61cece045fb76,2026-08-06
Q7LG56,RIR2B_HUMAN,Q7LG56,non_surface,active,true,,e22d7643ea01abd0dce415e74faf002186e13ae33190976f1ae61cece045fb76,2026-08-06
P31350,RIR2_HUMAN,P31350,non_surface,active,true,,e22d7643ea01abd0dce415e74faf002186e13ae33190976f1ae61cece045fb76,2026-08-06
Q9HB40,RISC_HUMAN,Q9HB40,unclassified,active,true,,e22d7643ea01abd0dce415e74faf002186e13ae33190976f1ae61cece045fb76,2026-08-06
O76021,RL1D1_HUMAN,O76021,unclassified,active,true,,e22d7643ea01abd0dce415e74faf002186e13ae33190976f1ae61cece045fb76,2026-08-06
Q9NSD7,RL3R1_HUMAN,Q9NSD7,surface,active,true,,e22d7643ea01abd0dce415e74faf002186e13ae33190976f1ae61cece045fb76,2026-08-06
Q8TDU9,RL3R2_HUMAN,Q8TDU9,surface,active,true,,e22d7643ea01abd0dce415e74faf002186e13ae33190976f1ae61cece045fb76,2026-08-06
P05387,RLA2_HUMAN,P05387,unclassified,active,true,,e22d7643ea01abd0dce415e74faf002186e13ae33190976f1ae61cece045fb76,2026-08-06
Q5T653,RM02_HUMAN,Q5T653,unclassified,active,true,,e22d7643ea01abd0dce415e74faf002186e13ae33190976f1ae61cece045fb76,2026-08-06
Q6P1L8,RM14_HUMAN,Q6P1L8,unclassified,active,true,,e22d7643ea01abd0dce415e74faf002186e13ae33190976f1ae61cece045fb76,2026-08-06
Q9H0U6,RM18_HUMAN,Q9H0U6,unclassified,active,true,,e22d7643ea01abd0dce415e74faf002186e13ae33190976f1ae61cece045fb76,2026-08-06
P49406,RM19_HUMAN,P49406,unclassified,active,true,,e22d7643ea01abd0dce415e74faf002186e13ae33190976f1ae61cece045fb76,2026-08-06
Q7Z2W9,RM21_HUMAN,Q7Z2W9,unclassified,active,true,,e22d7643ea01abd0dce415e74faf002186e13ae33190976f1ae61cece045fb76,2026-08-06
Q9NWU5,RM22_HUMAN,Q9NWU5,unclassified,active,true,,e22d7643ea01abd0dce415e74faf002186e13ae33190976f1ae61cece045fb76,2026-08-06
Q96A35,RM24_HUMAN,Q96A35,unclassified,active,true,,e22d7643ea01abd0dce415e74faf002186e13ae33190976f1ae61cece045fb76,2026-08-06
Q9P0M9,RM27_HUMAN,Q9P0M9,unclassified,active,true,,e22d7643ea01abd0dce415e74faf002186e13ae33190976f1ae61cece045fb76,2026-08-06
Q9BYC8,RM32_HUMAN,Q9BYC8,unclassified,active,true,,e22d7643ea01abd0dce415e74faf002186e13ae33190976f1ae61cece045fb76,2026-08-06
Q9BQ48,RM34_HUMAN,Q9BQ48,unclassified,active,true,,e22d7643ea01abd0dce415e74faf002186e13ae33190976f1ae61cece045fb76,2026-08-06
Q9NZE8,RM35_HUMAN,Q9NZE8,unclassified,active,true,,e22d7643ea01abd0dce415e74faf002186e13ae33190976f1ae61cece045fb76,2026-08-06
Q9HD33,RM47_HUMAN,Q9HD33,unclassified,active,true,,e22d7643ea01abd0dce415e74faf002186e13ae33190976f1ae61cece045fb76,2026-08-06
Q86TS9,RM52_HUMAN,Q86TS9,unclassified,active,true,,e22d7643ea01abd0dce415e74faf002186e13ae33190976f1ae61cece045fb76,2026-08-06
Q96LZ7,RMD2_HUMAN,Q96LZ7,non_surface,active,true,,e22d7643ea01abd0dce415e74faf002186e13ae33190976f1ae61cece045fb76,2026-08-06
Q96TC7,RMD3_HUMAN,Q96TC7,non_surface,active,true,,e22d7643ea01abd0dce415e74faf002186e13ae33190976f1ae61cece045fb76,2026-08-06
Q9NWS8,RMND1_HUMAN,Q9NWS8,non_surface,active,true,,e22d7643ea01abd0dce415e74faf002186e13ae33190976f1ae61cece045fb76,2026-08-06
O00237,RN103_HUMAN,O00237,non_surface,active,true,,e22d7643ea01abd0dce415e74faf002186e13ae33190976f1ae61cece045fb76,2026-08-06
Q9H920,RN121_HUMAN,Q9H920,non_surface,active,true,,e22d7643ea01abd0dce415e74faf002186e13ae33190976f1ae61cece045fb76,2026-08-06
Q9H9V4,RN122_HUMAN,Q9H9V4,unclassified,active,true,,e22d7643ea01abd0dce415e74faf002186e13ae33190976f1ae61cece045fb76,2026-08-06
Q8TEB7,RN128_HUMAN,Q8TEB7,surface,active,true,,e22d7643ea01abd0dce415e74faf002186e13ae33190976f1ae61cece045fb76,2026-08-06
Q8WVZ7,RN133_HUMAN,Q8WVZ7,non_surface,active,true,,e22d7643ea01abd0dce415e74faf002186e13ae33190976f1ae61cece045fb76,2026-08-06
Q8WU17,RN139_HUMAN,Q8WU17,non_surface,active,true,,e22d7643ea01abd0dce415e74faf002186e13ae33190976f1ae61cece045fb76,2026-08-06
Q96MT1,RN145_HUMAN,Q96MT1,non_surface,active,true,,e22d7643ea01abd0dce415e74faf002186e13ae33190976f1ae61cece045fb76,2026-08-06
Q8N7C7,RN148_HUMAN,Q8N7C7,non_surface,active,true,,e22d7643ea01abd0dce415e74faf002186e13ae33190976f1ae61cece045fb76,2026-08-06
Q8NC42,RN149_HUMAN,Q8NC42,surface,active,true,,e22d7643ea01abd0dce415e74faf002186e13ae33190976f1ae61cece045fb76,2026-08-06
Q9ULK6,RN150_HUMAN,Q9ULK6,surface,active,true,,e22d7643ea01abd0dce415e74faf002186e13ae33190976f1ae61cece045fb76,2026-08-06
Q8N8N0,RN152_HUMAN,Q8N8N0,non_surface,active,true,,e22d7643ea01abd0dce415e74faf002186e13ae33190976f1ae61cece045fb76,2026-08-06
Q9H6Y7,RN167_HUMAN,Q9H6Y7,surface,active,true,,e22d7643ea01abd0dce415e74faf002186e13ae33190976f1ae61cece045fb76,2026-08-06
Q96K19,RN170_HUMAN,Q96K19,non_surface,active,true,,e22d7643ea01abd0dce415e74faf002186e13ae33190976f1ae61cece045fb76,2026-08-06
Q8N4F7,RN175_HUMAN,Q8N4F7,non_surface,active,true,,e22d7643ea01abd0dce415e74faf002186e13ae33190976f1ae61cece045fb76,2026-08-06
Q86T96,RN180_HUMAN,Q86T96,non_surface,active,true,,e22d7643ea01abd0dce415e74faf002186e13ae33190976f1ae61cece045fb76,2026-08-06
Q8N6D2,RN182_HUMAN,Q8N6D2,unclassified,active,true,,e22d7643ea01abd0dce415e74faf002186e13ae33190976f1ae61cece045fb76,2026-08-06
Q96D59,RN183_HUMAN,Q96D59,non_surface,active,true,,e22d7643ea01abd0dce415e74faf002186e13ae33190976f1ae61cece045fb76,2026-08-06
Q96GF1,RN185_HUMAN,Q96GF1,non_surface,active,true,,e22d7643ea01abd0dce415e74faf002186e13ae33190976f1ae61cece045fb76,2026-08-06
Q9NXI6,RN186_HUMAN,Q9NXI6,non_surface,active,true,,e22d7643ea01abd0dce415e74faf002186e13ae33190976f1ae61cece045fb76,2026-08-06
Q9NV58,RN19A_HUMAN,Q9NV58,unclassified,active,true,,e22d7643ea01abd0dce415e74faf002186e13ae33190976f1ae61cece045fb76,2026-08-06
Q6ZMZ0,RN19B_HUMAN,Q6ZMZ0,non_surface,active,true,,e22d7643ea01abd0dce415e74faf002186e13ae33190976f1ae61cece045fb76,2026-08-06
Q63HN8,RN213_HUMAN,Q63HN8,non_surface,active,true,,e22d7643ea01abd0dce415e74faf002186e13ae33190976f1ae61cece045fb76,2026-08-06
Q9Y6U7,RN215_HUMAN,Q9Y6U7,non_surface,active,true,,e22d7643ea01abd0dce415e74faf002186e13ae33190976f1ae61cece045fb76,2026-08-06
Q8TC41,RN217_HUMAN,Q8TC41,non_surface,active,true,,e22d7643ea01abd0dce415e74faf002186e13ae33190976f1ae61cece045fb76,2026-08-06
Q5VTB9,RN220_HUMAN,Q5VTB9,unclassified,active,true,,e22d7643ea01abd0dce415e74faf002186e13ae33190976f1ae61cece045fb76,2026-08-06
A6NCQ9,RN222_HUMAN,A6NCQ9,non_surface,active,true,,e22d7643ea01abd0dce415e74faf002186e13ae33190976f1ae61cece045fb76,2026-08-06
E7ERA6,RN223_HUMAN,E7ERA6,non_surface,active,true,,e22d7643ea01abd0dce415e74faf002186e13ae33190976f1ae61cece045fb76,2026-08-06
M0QZC1,RN225_HUMAN,M0QZC1,non_surface,active,true,,e22d7643ea01abd0dce415e74faf002186e13ae33190976f1ae61cece045fb76,2026-08-06
P07998,RNAS1_HUMAN,P07998,unclassified,active,true,,e22d7643ea01abd0dce415e74faf002186e13ae33190976f1ae61cece045fb76,2026-08-06
P10153,RNAS2_HUMAN,P10153,unclassified,active,true,,e22d7643ea01abd0dce415e74faf002186e13ae33190976f1ae61cece045fb76,2026-08-06
P34096,RNAS4_HUMAN,P34096,unclassified,active,true,,e22d7643ea01abd0dce415e74faf002186e13ae33190976f1ae61cece045fb76,2026-08-06
Q93091,RNAS6_HUMAN,Q93091,unclassified,active,true,,e22d7643ea01abd0dce415e74faf002186e13ae33190976f1ae61cece045fb76,2026-08-06
Q9H1E1,RNAS7_HUMAN,Q9H1E1,unclassified,active,true,,e22d7643ea01abd0dce415e74faf002186e13ae33190976f1ae61cece045fb76,2026-08-06
Q8TDE3,RNAS8_HUMAN,Q8TDE3,unclassified,active,true,,e22d7643ea01abd0dce415e74faf002186e13ae33190976f1ae61cece045fb76,2026-08-06
P60153,RNAS9_HUMAN,P60153,unclassified,active,true,,e22d7643ea01abd0dce415e74faf002186e13ae33190976f1ae61cece045fb76,2026-08-06
O43567,RNF13_HUMAN,O43567,surface,active,true,,e22d7643ea01abd0dce415e74faf002186e13ae33190976f1ae61cece045fb76,2026-08-06
Q9Y225,RNF24_HUMAN,Q9Y225,non_surface,active,true,,e22d7643ea01abd0dce415e74faf002186e13ae33190976f1ae61cece045fb76,2026-08-06
Q9BY78,RNF26_HUMAN,Q9BY78,unclassified,active,true,,e22d7643ea01abd0dce415e74faf002186e13ae33190976f1ae61cece045fb76,2026-08-06
Q969K3,RNF34_HUMAN,Q969K3,unclassified,active,true,,e22d7643ea01abd0dce415e74faf002186e13ae33190976f1ae61cece045fb76,2026-08-06
Q68DV7,RNF43_HUMAN,Q68DV7,surface,active,true,,e22d7643ea01abd0dce415e74faf002186e13ae33190976f1ae61cece045fb76,2026-08-06
Q99942,RNF5_HUMAN,Q99942,non_surface,active,true,,e22d7643ea01abd0dce415e74faf002186e13ae33190976f1ae61cece045fb76,2026-08-06
Q5M7Z0,RNFT1_HUMAN,Q5M7Z0,surface,active,true,,e22d7643ea01abd0dce415e74faf002186e13ae33190976f1ae61cece045fb76,2026-08-06
Q96EX2,RNFT2_HUMAN,Q96EX2,non_surface,active,true,,e22d7643ea01abd0dce415e74faf002186e13ae33190976f1ae61cece045fb76,2026-08-06
O60930,RNH1_HUMAN,O60930,unclassified,active,true,,e22d7643ea01abd0dce415e74faf002186e13ae33190976f1ae61cece045fb76,2026-08-06
Q6P5S7,RNK_HUMAN,Q6P5S7,non_surface,active,true,,e22d7643ea01abd0dce415e74faf002186e13ae33190976f1ae61cece045fb76,2026-08-06
Q5VYX0,RNLS_HUMAN,Q5VYX0,unclassified,active,true,,e22d7643ea01abd0dce415e74faf002186e13ae33190976f1ae61cece045fb76,2026-08-06
Q5GAN6,RNS10_HUMAN,Q5GAN6,unclassified,active,true,,e22d7643ea01abd0dce415e74faf002186e13ae33190976f1ae61cece045fb76,2026-08-06
Q8TAA1,RNS11_HUMAN,Q8TAA1,unclassified,active,true,,e22d7643ea01abd0dce415e74faf002186e13ae33190976f1ae61cece045fb76,2026-08-06
Q5GAN4,RNS12_HUMAN,Q5GAN4,unclassified,active,true,,e22d7643ea01abd0dce415e74faf002186e13ae33190976f1ae61cece045fb76,2026-08-06
Q5GAN3,RNS13_HUMAN,Q5GAN3,unclassified,active,true,,e22d7643ea01abd0dce415e74faf002186e13ae33190976f1ae61cece045fb76,2026-08-06
O00584,RNT2_HUMAN,O00584,unclassified,active,true,,e22d7643ea01abd0dce415e74faf002186e13ae33190976f1ae61cece045fb76,2026-08-06
Q9H777,RNZ1_HUMAN,Q9H777,unclassified,active,true,,e22d7643ea01abd0dce415e74faf002186e13ae33190976f1ae61cece045fb76,2026-08-06
Q9BQ52,RNZ2_HUMAN,Q9BQ52,unclassified,active,true,,e22d7643ea01abd0dce415e74faf002186e13ae33190976f1ae61cece045fb76,2026-08-06
Q9Y6N7,ROBO1_HUMAN,Q9Y6N7,surface,active,true,,e22d7643ea01abd0dce415e74faf002186e13ae33190976f1ae61cece045fb76,2026-08-06
Q9HCK4,ROBO2_HUMAN,Q9HCK4,surface,active,true,,e22d7643ea01abd0dce415e74faf002186e13ae33190976f1ae61cece045fb76,2026-08-06
Q96MS0,ROBO3_HUMAN,Q96MS0,surface,active,true,,e22d7643ea01abd0dce415e74faf002186e13ae33190976f1ae61cece045fb76,2026-08-06
Q8WZ75,ROBO4_HUMAN,Q8WZ75,unclassified,active,true,,e22d7643ea01abd0dce415e74faf002186e13ae33190976f1ae61cece045fb76,2026-08-06
Q03395,ROM1_HUMAN,Q03395,non_surface,active,true,,e22d7643ea01abd0dce415e74faf002186e13ae33190976f1ae61cece045fb76,2026-08-06
P60602,ROMO1_HUMAN,P60602,non_surface,active,true,,e22d7643ea01abd0dce415e74faf002186e13ae33190976f1ae61cece045fb76,2026-08-06
Q04912,RON_HUMAN,Q04912,surface,active,true,,e22d7643ea01abd0dce415e74faf002186e13ae33190976f1ae61cece045fb76,2026-08-06
Q01973,ROR1_HUMAN,Q01973,surface,active,true,,e22d7643ea01abd0dce415e74faf002186e13ae33190976f1ae61cece045fb76,2026-08-06
Q01974,ROR2_HUMAN,Q01974,surface,active,true,,e22d7643ea01abd0dce415e74faf002186e13ae33190976f1ae61cece045fb76,2026-08-06
P08922,ROS1_HUMAN,P08922,surface,active,true,,e22d7643ea01abd0dce415e74faf002186e13ae33190976f1ae61cece045fb76,2026-08-06
Q9GZS1,RPA49_HUMAN,Q9GZS1,non_surface,active,true,,e22d7643ea01abd0dce415e74faf002186e13ae33190976f1ae61cece045fb76,2026-08-06
Q9BWH6,RPAP1_HUMAN,Q9BWH6,non_surface,active,true,,e22d7643ea01abd0dce415e74faf002186e13ae33190976f1ae61cece045fb76,2026-08-06
Q8IXW5,RPAP2_HUMAN,Q8IXW5,non_surface,active,true,,e22d7643ea01abd0dce415e74faf002186e13ae33190976f1ae61cece045fb76,2026-08-06
Q8WZA2,RPGF4_HUMAN,Q8WZA2,non_surface,active,true,,e22d7643ea01abd0dce415e74faf002186e13ae33190976f1ae61cece045fb76,2026-08-06
P04843,RPN1_HUMAN,P04843,surface,active,true,,e22d7643ea01abd0dce415e74faf002186e13ae33190976f1ae61cece045fb76,2026-08-06
P04844,RPN2_HUMAN,P04844,non_surface,active,true,,e22d7643ea01abd0dce415e74faf002186e13ae33190976f1ae61cece045fb76,2026-08-06
Q8N4K4,RPRML_HUMAN,Q8N4K4,surface,active,true,,e22d7643ea01abd0dce415e74faf002186e13ae33190976f1ae61cece045fb76,2026-08-06
Q9NS64,RPRM_HUMAN,Q9NS64,surface,active,true,,e22d7643ea01abd0dce415e74faf002186e13ae33190976f1ae61cece045fb76,2026-08-06
Q8N122,RPTOR_HUMAN,Q8N122,non_surface,active,true,,e22d7643ea01abd0dce415e74faf002186e13ae33190976f1ae61cece045fb76,2026-08-06
Q9P2E9,RRBP1_HUMAN,Q9P2E9,non_surface,active,true,,e22d7643ea01abd0dce415e74faf002186e13ae33190976f1ae61cece045fb76,2026-08-06
Q96FB5,RRNAD_HUMAN,Q96FB5,non_surface,active,true,,e22d7643ea01abd0dce415e74faf002186e13ae33190976f1ae61cece045fb76,2026-08-06
Q5JTH9,RRP12_HUMAN,Q5JTH9,non_surface,active,true,,e22d7643ea01abd0dce415e74faf002186e13ae33190976f1ae61cece045fb76,2026-08-06
Q8WXG1,RSAD2_HUMAN,Q8WXG1,non_surface,active,true,,e22d7643ea01abd0dce415e74faf002186e13ae33190976f1ae61cece045fb76,2026-08-06
Q96T23,RSF1_HUMAN,Q96T23,unclassified,active,true,,e22d7643ea01abd0dce415e74faf002186e13ae33190976f1ae61cece045fb76,2026-08-06
Q6T310,RSLBA_HUMAN,Q6T310,unclassified,active,true,,e22d7643ea01abd0dce415e74faf002186e13ae33190976f1ae61cece045fb76,2026-08-06
Q2MKA7,RSPO1_HUMAN,Q2MKA7,unclassified,active,true,,e22d7643ea01abd0dce415e74faf002186e13ae33190976f1ae61cece045fb76,2026-08-06
Q6UXX9,RSPO2_HUMAN,Q6UXX9,unclassified,active,true,,e22d7643ea01abd0dce415e74faf002186e13ae33190976f1ae61cece045fb76,2026-08-06
Q9BXY4,RSPO3_HUMAN,Q9BXY4,unclassified,active,true,,e22d7643ea01abd0dce415e74faf002186e13ae33190976f1ae61cece045fb76,2026-08-06
Q2I0M5,RSPO4_HUMAN,Q2I0M5,unclassified,active,true,,e22d7643ea01abd0dce415e74faf002186e13ae33190976f1ae61cece045fb76,2026-08-06
Q96DX4,RSPRY_HUMAN,Q96DX4,unclassified,active,true,,e22d7643ea01abd0dce415e74faf002186e13ae33190976f1ae61cece045fb76,2026-08-06
Q9BUV0,RSRP1_HUMAN,Q9BUV0,unclassified,active,true,,e22d7643ea01abd0dce415e74faf002186e13ae33190976f1ae61cece045fb76,2026-08-06
O60783,RT14_HUMAN,O60783,unclassified,active,true,,e22d7643ea01abd0dce415e74faf002186e13ae33190976f1ae61cece045fb76,2026-08-06
P82650,RT22_HUMAN,P82650,unclassified,active,true,,e22d7643ea01abd0dce415e74faf002186e13ae33190976f1ae61cece045fb76,2026-08-06
Q96EL2,RT24_HUMAN,Q96EL2,unclassified,active,true,,e22d7643ea01abd0dce415e74faf002186e13ae33190976f1ae61cece045fb76,2026-08-06
P82673,RT35_HUMAN,P82673,unclassified,active,true,,e22d7643ea01abd0dce415e74faf002186e13ae33190976f1ae61cece045fb76,2026-08-06
Q9BSG5,RTBDN_HUMAN,Q9BSG5,unclassified,active,true,,e22d7643ea01abd0dce415e74faf002186e13ae33190976f1ae61cece045fb76,2026-08-06
Q92541,RTF1_HUMAN,Q92541,unclassified,active,true,,e22d7643ea01abd0dce415e74faf002186e13ae33190976f1ae61cece045fb76,2026-08-06
A6NKG5,RTL1_HUMAN,A6NKG5,non_surface,active,true,,e22d7643ea01abd0dce415e74faf002186e13ae33190976f1ae61cece045fb76,2026-08-06
Q16799,RTN1_HUMAN,Q16799,non_surface,active,true,,e22d7643ea01abd0dce415e74faf002186e13ae33190976f1ae61cece045fb76,2026-08-06
O75298,RTN2_HUMAN,O75298,non_surface,active,true,,e22d7643ea01abd0dce415e74faf002186e13ae33190976f1ae61cece045fb76,2026-08-06
O95197,RTN3_HUMAN,O95197,unclassified,active,true,,e22d7643ea01abd0dce415e74faf002186e13ae33190976f1ae61cece045fb76,2026-08-06
Q9BZR6,RTN4R_HUMAN,Q9BZR6,surface,active,true,,e22d7643ea01abd0dce415e74faf002186e13ae33190976f1ae61cece045fb76,2026-08-06
Q9NQC3,RTN4_HUMAN,Q9NQC3,unclassified,active,true,,e22d7643ea01abd0dce415e74faf002186e13ae33190976f1ae61cece045fb76,2026-08-06
P59025,RTP1_HUMAN,P59025,non_surface,active,true,,e22d7643ea01abd0dce415e74faf002186e13ae33190976f1ae61cece045fb76,2026-08-06
Q5QGT7,RTP2_HUMAN,Q5QGT7,non_surface,active,true,,e22d7643ea01abd0dce415e74faf002186e13ae33190976f1ae61cece045fb76,2026-08-06
Q9BQQ7,RTP3_HUMAN,Q9BQQ7,non_surface,active,true,,e22d7643ea01abd0dce415e74faf002186e13ae33190976f1ae61cece045fb76,2026-08-06
Q96DX8,RTP4_HUMAN,Q96DX8,non_surface,active,true,,e22d7643ea01abd0dce415e74faf002186e13ae33190976f1ae61cece045fb76,2026-08-06
Q14D33,RTP5_HUMAN,Q14D33,non_surface,active,true,,e22d7643ea01abd0dce415e74faf002186e13ae33190976f1ae61cece045fb76,2026-08-06
Q96GQ5,RUS1_HUMAN,Q96GQ5,non_surface,active,true,,e22d7643ea01abd0dce415e74faf002186e13ae33190976f1ae61cece045fb76,2026-08-06
Q9HBX9,RXFP1_HUMAN,Q9HBX9,surface,active,true,,e22d7643ea01abd0dce415e74faf002186e13ae33190976f1ae61cece045fb76,2026-08-06
Q8WXD0,RXFP2_HUMAN,Q8WXD0,surface,active,true,,e22d7643ea01abd0dce415e74faf002186e13ae33190976f1ae61cece045fb76,2026-08-06
P34925,RYK_HUMAN,P34925,surface,active,true,,e22d7643ea01abd0dce415e74faf002186e13ae33190976f1ae61cece045fb76,2026-08-06
P21817,RYR1_HUMAN,P21817,unclassified,active,true,,e22d7643ea01abd0dce415e74faf002186e13ae33190976f1ae61cece045fb76,2026-08-06
Q92736,RYR2_HUMAN,Q92736,non_surface,active,true,,e22d7643ea01abd0dce415e74faf002186e13ae33190976f1ae61cece045fb76,2026-08-06
Q15413,RYR3_HUMAN,Q15413,non_surface,active,true,,e22d7643ea01abd0dce415e74faf002186e13ae33190976f1ae61cece045fb76,2026-08-06
P60903,S10AA_HUMAN,P60903,non_surface,active,true,,e22d7643ea01abd0dce415e74faf002186e13ae33190976f1ae61cece045fb76,2026-08-06
Q13621,S12A1_HUMAN,Q13621,surface,active,true,,e22d7643ea01abd0dce415e74faf002186e13ae33190976f1ae61cece045fb76,2026-08-06
P55011,S12A2_HUMAN,P55011,surface,active,true,,e22d7643ea01abd0dce415e74faf002186e13ae33190976f1ae61cece045fb76,2026-08-06
P55017,S12A3_HUMAN,P55017,surface,active,true,,e22d7643ea01abd0dce415e74faf002186e13ae33190976f1ae61cece045fb76,2026-08-06
Q9UP95,S12A4_HUMAN,Q9UP95,surface,active,true,,e22d7643ea01abd0dce415e74faf002186e13ae33190976f1ae61cece045fb76,2026-08-06
Q9H2X9,S12A5_HUMAN,Q9H2X9,surface,active,true,,e22d7643ea01abd0dce415e74faf002186e13ae33190976f1ae61cece045fb76,2026-08-06
Q9UHW9,S12A6_HUMAN,Q9UHW9,surface,active,true,,e22d7643ea01abd0dce415e74faf002186e13ae33190976f1ae61cece045fb76,2026-08-06
Q9Y666,S12A7_HUMAN,Q9Y666,surface,active,true,,e22d7643ea01abd0dce415e74faf002186e13ae33190976f1ae61cece045fb76,2026-08-06
A0AV02,S12A8_HUMAN,A0AV02,surface,active,true,,e22d7643ea01abd0dce415e74faf002186e13ae33190976f1ae61cece045fb76,2026-08-06
Q9BXP2,S12A9_HUMAN,Q9BXP2,surface,active,true,,e22d7643ea01abd0dce415e74faf002186e13ae33190976f1ae61cece045fb76,2026-08-06
Q9BZW2,S13A1_HUMAN,Q9BZW2,surface,active,true,,e22d7643ea01abd0dce415e74faf002186e13ae33190976f1ae61cece045fb76,2026-08-06
Q13183,S13A2_HUMAN,Q13183,surface,active,true,,e22d7643ea01abd0dce415e74faf002186e13ae33190976f1ae61cece045fb76,2026-08-06
Q8WWT9,S13A3_HUMAN,Q8WWT9,surface,active,true,,e22d7643ea01abd0dce415e74faf002186e13ae33190976f1ae61cece045fb76,2026-08-06
Q9UKG4,S13A4_HUMAN,Q9UKG4,surface,active,true,,e22d7643ea01abd0dce415e74faf002186e13ae33190976f1ae61cece045fb76,2026-08-06
Q86YT5,S13A5_HUMAN,Q86YT5,unclassified,active,true,,e22d7643ea01abd0dce415e74faf002186e13ae33190976f1ae61cece045fb76,2026-08-06
P46059,S15A1_HUMAN,P46059,surface,active,true,,e22d7643ea01abd0dce415e74faf002186e13ae33190976f1ae61cece045fb76,2026-08-06
Q16348,S15A2_HUMAN,Q16348,surface,active,true,,e22d7643ea01abd0dce415e74faf002186e13ae33190976f1ae61cece045fb76,2026-08-06
Q8IY34,S15A3_HUMAN,Q8IY34,surface,active,true,,e22d7643ea01abd0dce415e74faf002186e13ae33190976f1ae61cece045fb76,2026-08-06
Q8N697,S15A4_HUMAN,Q8N697,surface,active,true,,e22d7643ea01abd0dce415e74faf002186e13ae33190976f1ae61cece045fb76,2026-08-06
A6NIM6,S15A5_HUMAN,A6NIM6,surface,active,true,,e22d7643ea01abd0dce415e74faf002186e13ae33190976f1ae61cece045fb76,2026-08-06
Q9Y2C5,S17A4_HUMAN,Q9Y2C5,unclassified,active,true,,e22d7643ea01abd0dce415e74faf002186e13ae33190976f1ae61cece045fb76,2026-08-06
Q9NRA2,S17A5_HUMAN,Q9NRA2,surface,active,true,,e22d7643ea01abd0dce415e74faf002186e13ae33190976f1ae61cece045fb76,2026-08-06
Q9BYT1,S17A9_HUMAN,Q9BYT1,surface,active,true,,e22d7643ea01abd0dce415e74faf002186e13ae33190976f1ae61cece045fb76,2026-08-06
Q6NT16,S18B1_HUMAN,Q6NT16,unclassified,active,true,,e22d7643ea01abd0dce415e74faf002186e13ae33190976f1ae61cece045fb76,2026-08-06
P41440,S19A1_HUMAN,P41440,surface,active,true,,e22d7643ea01abd0dce415e74faf002186e13ae33190976f1ae61cece045fb76,2026-08-06
O60779,S19A2_HUMAN,O60779,surface,active,true,,e22d7643ea01abd0dce415e74faf002186e13ae33190976f1ae61cece045fb76,2026-08-06
Q9BZV2,S19A3_HUMAN,Q9BZV2,surface,active,true,,e22d7643ea01abd0dce415e74faf002186e13ae33190976f1ae61cece045fb76,2026-08-06
P21453,S1PR1_HUMAN,P21453,surface,active,true,,e22d7643ea01abd0dce415e74faf002186e13ae33190976f1ae61cece045fb76,2026-08-06
O95136,S1PR2_HUMAN,O95136,surface,active,true,,e22d7643ea01abd0dce415e74faf002186e13ae33190976f1ae61cece045fb76,2026-08-06
Q99500,S1PR3_HUMAN,Q99500,surface,active,true,,e22d7643ea01abd0dce415e74faf002186e13ae33190976f1ae61cece045fb76,2026-08-06
O95977,S1PR4_HUMAN,O95977,surface,active,true,,e22d7643ea01abd0dce415e74faf002186e13ae33190976f1ae61cece045fb76,2026-08-06
Q9H228,S1PR5_HUMAN,Q9H228,surface,active,true,,e22d7643ea01abd0dce415e74faf002186e13ae33190976f1ae61cece045fb76,2026-08-06
Q8WUM9,S20A1_HUMAN,Q8WUM9,unclassified,active,true,,e22d7643ea01abd0dce415e74faf002186e13ae33190976f1ae61cece045fb76,2026-08-06
Q08357,S20A2_HUMAN,Q08357,surface,active,true,,e22d7643ea01abd0dce415e74faf002186e13ae33190976f1ae61cece045fb76,2026-08-06
O15245,S22A1_HUMAN,O15245,surface,active,true,,e22d7643ea01abd0dce415e74faf002186e13ae33190976f1ae61cece045fb76,2026-08-06
O15244,S22A2_HUMAN,O15244,surface,active,true,,e22d7643ea01abd0dce415e74faf002186e13ae33190976f1ae61cece045fb76,2026-08-06
O75751,S22A3_HUMAN,O75751,surface,active,true,,e22d7643ea01abd0dce415e74faf002186e13ae33190976f1ae61cece045fb76,2026-08-06
Q9H015,S22A4_HUMAN,Q9H015,surface,active,true,,e22d7643ea01abd0dce415e74faf002186e13ae33190976f1ae61cece045fb76,2026-08-06
O76082,S22A5_HUMAN,O76082,surface,active,true,,e22d7643ea01abd0dce415e74faf002186e13ae33190976f1ae61cece045fb76,2026-08-06
Q4U2R8,S22A6_HUMAN,Q4U2R8,surface,active,true,,e22d7643ea01abd0dce415e74faf002186e13ae33190976f1ae61cece045fb76,2026-08-06
Q9Y694,S22A7_HUMAN,Q9Y694,surface,active,true,,e22d7643ea01abd0dce415e74faf002186e13ae33190976f1ae61cece045fb76,2026-08-06
Q8TCC7,S22A8_HUMAN,Q8TCC7,surface,active,true,,e22d7643ea01abd0dce415e74faf002186e13ae33190976f1ae61cece045fb76,2026-08-06
Q8IVM8,S22A9_HUMAN,Q8IVM8,surface,active,true,,e22d7643ea01abd0dce415e74faf002186e13ae33190976f1ae61cece045fb76,2026-08-06
Q63ZE4,S22AA_HUMAN,Q63ZE4,unclassified,active,true,,e22d7643ea01abd0dce415e74faf002186e13ae33190976f1ae61cece045fb76,2026-08-06
Q9NSA0,S22AB_HUMAN,Q9NSA0,surface,active,true,,e22d7643ea01abd0dce415e74faf002186e13ae33190976f1ae61cece045fb76,2026-08-06
Q96S37,S22AC_HUMAN,Q96S37,surface,active,true,,e22d7643ea01abd0dce415e74faf002186e13ae33190976f1ae61cece045fb76,2026-08-06
Q9Y226,S22AD_HUMAN,Q9Y226,surface,active,true,,e22d7643ea01abd0dce415e74faf002186e13ae33190976f1ae61cece045fb76,2026-08-06
Q9Y267,S22AE_HUMAN,Q9Y267,surface,active,true,,e22d7643ea01abd0dce415e74faf002186e13ae33190976f1ae61cece045fb76,2026-08-06
Q8IZD6,S22AF_HUMAN,Q8IZD6,surface,active,true,,e22d7643ea01abd0dce415e74faf002186e13ae33190976f1ae61cece045fb76,2026-08-06
Q86VW1,S22AG_HUMAN,Q86VW1,surface,active,true,,e22d7643ea01abd0dce415e74faf002186e13ae33190976f1ae61cece045fb76,2026-08-06
Q8WUG5,S22AH_HUMAN,Q8WUG5,surface,active,true,,e22d7643ea01abd0dce415e74faf002186e13ae33190976f1ae61cece045fb76,2026-08-06
Q96BI1,S22AI_HUMAN,Q96BI1,non_surface,active,true,,e22d7643ea01abd0dce415e74faf002186e13ae33190976f1ae61cece045fb76,2026-08-06
A6NK97,S22AK_HUMAN,A6NK97,surface,active,true,,e22d7643ea01abd0dce415e74faf002186e13ae33190976f1ae61cece045fb76,2026-08-06
A1A5C7,S22AN_HUMAN,A1A5C7,surface,active,true,,e22d7643ea01abd0dce415e74faf002186e13ae33190976f1ae61cece045fb76,2026-08-06
Q8N4F4,S22AO_HUMAN,Q8N4F4,unclassified,active,true,,e22d7643ea01abd0dce415e74faf002186e13ae33190976f1ae61cece045fb76,2026-08-06
Q6T423,S22AP_HUMAN,Q6T423,surface,active,true,,e22d7643ea01abd0dce415e74faf002186e13ae33190976f1ae61cece045fb76,2026-08-06
A6NKX4,S22AV_HUMAN,A6NKX4,non_surface,active,true,,e22d7643ea01abd0dce415e74faf002186e13ae33190976f1ae61cece045fb76,2026-08-06
Q9UHI7,S23A1_HUMAN,Q9UHI7,surface,active,true,,e22d7643ea01abd0dce415e74faf002186e13ae33190976f1ae61cece045fb76,2026-08-06
Q9UGH3,S23A2_HUMAN,Q9UGH3,surface,active,true,,e22d7643ea01abd0dce415e74faf002186e13ae33190976f1ae61cece045fb76,2026-08-06
Q6PIS1,S23A3_HUMAN,Q6PIS1,unclassified,active,true,,e22d7643ea01abd0dce415e74faf002186e13ae33190976f1ae61cece045fb76,2026-08-06
Q9BSK2,S2533_HUMAN,Q9BSK2,non_surface,active,true,,e22d7643ea01abd0dce415e74faf002186e13ae33190976f1ae61cece045fb76,2026-08-06
Q6PIV7,S2534_HUMAN,Q6PIV7,non_surface,active,true,,e22d7643ea01abd0dce415e74faf002186e13ae33190976f1ae61cece045fb76,2026-08-06
Q3KQZ1,S2535_HUMAN,Q3KQZ1,non_surface,active,true,,e22d7643ea01abd0dce415e74faf002186e13ae33190976f1ae61cece045fb76,2026-08-06
Q9BZJ4,S2539_HUMAN,Q9BZJ4,non_surface,active,true,,e22d7643ea01abd0dce415e74faf002186e13ae33190976f1ae61cece045fb76,2026-08-06
Q8TBP6,S2540_HUMAN,Q8TBP6,non_surface,active,true,,e22d7643ea01abd0dce415e74faf002186e13ae33190976f1ae61cece045fb76,2026-08-06
Q86VD7,S2542_HUMAN,Q86VD7,non_surface,active,true,,e22d7643ea01abd0dce415e74faf002186e13ae33190976f1ae61cece045fb76,2026-08-06
Q8WUT9,S2543_HUMAN,Q8WUT9,non_surface,active,true,,e22d7643ea01abd0dce415e74faf002186e13ae33190976f1ae61cece045fb76,2026-08-06
Q96H78,S2544_HUMAN,Q96H78,non_surface,active,true,,e22d7643ea01abd0dce415e74faf002186e13ae33190976f1ae61cece045fb76,2026-08-06
Q8N413,S2545_HUMAN,Q8N413,non_surface,active,true,,e22d7643ea01abd0dce415e74faf002186e13ae33190976f1ae61cece045fb76,2026-08-06
Q96AG3,S2546_HUMAN,Q96AG3,non_surface,active,true,,e22d7643ea01abd0dce415e74faf002186e13ae33190976f1ae61cece045fb76,2026-08-06
Q6ZT89,S2548_HUMAN,Q6ZT89,non_surface,active,true,,e22d7643ea01abd0dce415e74faf002186e13ae33190976f1ae61cece045fb76,2026-08-06
Q9H1U9,S2551_HUMAN,Q9H1U9,non_surface,active,true,,e22d7643ea01abd0dce415e74faf002186e13ae33190976f1ae61cece045fb76,2026-08-06
Q3SY17,S2552_HUMAN,Q3SY17,non_surface,active,true,,e22d7643ea01abd0dce415e74faf002186e13ae33190976f1ae61cece045fb76,2026-08-06
Q8NG04,S2610_HUMAN,Q8NG04,non_surface,active,true,,e22d7643ea01abd0dce415e74faf002186e13ae33190976f1ae61cece045fb76,2026-08-06
Q86WA9,S2611_HUMAN,Q86WA9,non_surface,active,true,,e22d7643ea01abd0dce415e74faf002186e13ae33190976f1ae61cece045fb76,2026-08-06
Q9H2B4,S26A1_HUMAN,Q9H2B4,surface,active,true,,e22d7643ea01abd0dce415e74faf002186e13ae33190976f1ae61cece045fb76,2026-08-06
P50443,S26A2_HUMAN,P50443,surface,active,true,,e22d7643ea01abd0dce415e74faf002186e13ae33190976f1ae61cece045fb76,2026-08-06
P40879,S26A3_HUMAN,P40879,surface,active,true,,e22d7643ea01abd0dce415e74faf002186e13ae33190976f1ae61cece045fb76,2026-08-06
O43511,S26A4_HUMAN,O43511,surface,active,true,,e22d7643ea01abd0dce415e74faf002186e13ae33190976f1ae61cece045fb76,2026-08-06
P58743,S26A5_HUMAN,P58743,surface,active,true,,e22d7643ea01abd0dce415e74faf002186e13ae33190976f1ae61cece045fb76,2026-08-06
Q9BXS9,S26A6_HUMAN,Q9BXS9,surface,active,true,,e22d7643ea01abd0dce415e74faf002186e13ae33190976f1ae61cece045fb76,2026-08-06
Q8TE54,S26A7_HUMAN,Q8TE54,unclassified,active,true,,e22d7643ea01abd0dce415e74faf002186e13ae33190976f1ae61cece045fb76,2026-08-06
Q96RN1,S26A8_HUMAN,Q96RN1,surface,active,true,,e22d7643ea01abd0dce415e74faf002186e13ae33190976f1ae61cece045fb76,2026-08-06
Q7LBE3,S26A9_HUMAN,Q7LBE3,surface,active,true,,e22d7643ea01abd0dce415e74faf002186e13ae33190976f1ae61cece045fb76,2026-08-06
Q6PCB7,S27A1_HUMAN,Q6PCB7,non_surface,active,true,,e22d7643ea01abd0dce415e74faf002186e13ae33190976f1ae61cece045fb76,2026-08-06
O14975,S27A2_HUMAN,O14975,non_surface,active,true,,e22d7643ea01abd0dce415e74faf002186e13ae33190976f1ae61cece045fb76,2026-08-06
Q5K4L6,S27A3_HUMAN,Q5K4L6,non_surface,active,true,,e22d7643ea01abd0dce415e74faf002186e13ae33190976f1ae61cece045fb76,2026-08-06
Q6P1M0,S27A4_HUMAN,Q6P1M0,unclassified,active,true,,e22d7643ea01abd0dce415e74faf002186e13ae33190976f1ae61cece045fb76,2026-08-06
Q9Y2P5,S27A5_HUMAN,Q9Y2P5,non_surface,active,true,,e22d7643ea01abd0dce415e74faf002186e13ae33190976f1ae61cece045fb76,2026-08-06
Q9Y2P4,S27A6_HUMAN,Q9Y2P4,non_surface,active,true,,e22d7643ea01abd0dce415e74faf002186e13ae33190976f1ae61cece045fb76,2026-08-06
O00337,S28A1_HUMAN,O00337,surface,active,true,,e22d7643ea01abd0dce415e74faf002186e13ae33190976f1ae61cece045fb76,2026-08-06
O43868,S28A2_HUMAN,O43868,surface,active,true,,e22d7643ea01abd0dce415e74faf002186e13ae33190976f1ae61cece045fb76,2026-08-06
Q9HAS3,S28A3_HUMAN,Q9HAS3,surface,active,true,,e22d7643ea01abd0dce415e74faf002186e13ae33190976f1ae61cece045fb76,2026-08-06
Q99808,S29A1_HUMAN,Q99808,surface,active,true,,e22d7643ea01abd0dce415e74faf002186e13ae33190976f1ae61cece045fb76,2026-08-06
Q14542,S29A2_HUMAN,Q14542,surface,active,true,,e22d7643ea01abd0dce415e74faf002186e13ae33190976f1ae61cece045fb76,2026-08-06
Q9BZD2,S29A3_HUMAN,Q9BZD2,surface,active,true,,e22d7643ea01abd0dce415e74faf002186e13ae33190976f1ae61cece045fb76,2026-08-06
Q7RTT9,S29A4_HUMAN,Q7RTT9,surface,active,true,,e22d7643ea01abd0dce415e74faf002186e13ae33190976f1ae61cece045fb76,2026-08-06
Q5TZJ5,S31A1_HUMAN|S31A2_HUMAN,Q5TZJ5|Q5RGS2,non_surface,active,true,,e22d7643ea01abd0dce415e74faf002186e13ae33190976f1ae61cece045fb76,2026-08-06
Q5VYP0,S31A3_HUMAN,Q5VYP0,non_surface,active,true,,e22d7643ea01abd0dce415e74faf002186e13ae33190976f1ae61cece045fb76,2026-08-06
Q8IWB4,S31A4_HUMAN|S31A7_HUMAN,Q4VX67|Q8IWB4,non_surface,active,true,,e22d7643ea01abd0dce415e74faf002186e13ae33190976f1ae61cece045fb76,2026-08-06
Q5VU36,S31A5_HUMAN,Q5VU36,non_surface,active,true,,e22d7643ea01abd0dce415e74faf002186e13ae33190976f1ae61cece045fb76,2026-08-06
Q5VVP1,S31A6_HUMAN,Q5VVP1,non_surface,active,true,,e22d7643ea01abd0dce415e74faf002186e13ae33190976f1ae61cece045fb76,2026-08-06
P0DKV0,S31C1_HUMAN,P0DKV0,non_surface,active,true,,e22d7643ea01abd0dce415e74faf002186e13ae33190976f1ae61cece045fb76,2026-08-06
B4DYI2,S31C2_HUMAN,B4DYI2,non_surface,active,true,,e22d7643ea01abd0dce415e74faf002186e13ae33190976f1ae61cece045fb76,2026-08-06
Q6ZQQ2,S31D1_HUMAN,Q6ZQQ2,non_surface,active,true,,e22d7643ea01abd0dce415e74faf002186e13ae33190976f1ae61cece045fb76,2026-08-06
P0C874,S31D3_HUMAN,P0C874,non_surface,active,true,,e22d7643ea01abd0dce415e74faf002186e13ae33190976f1ae61cece045fb76,2026-08-06
Q6ZUB0,S31D4_HUMAN,Q6ZUB0,non_surface,active,true,,e22d7643ea01abd0dce415e74faf002186e13ae33190976f1ae61cece045fb76,2026-08-06
Q6ZUB1,S31E1_HUMAN,Q6ZUB1,non_surface,active,true,,e22d7643ea01abd0dce415e74faf002186e13ae33190976f1ae61cece045fb76,2026-08-06
P0CK96,S352B_HUMAN,P0CK96,non_surface,active,true,,e22d7643ea01abd0dce415e74faf002186e13ae33190976f1ae61cece045fb76,2026-08-06
P78382,S35A1_HUMAN,P78382,non_surface,active,true,,e22d7643ea01abd0dce415e74faf002186e13ae33190976f1ae61cece045fb76,2026-08-06
P78381,S35A2_HUMAN,P78381,non_surface,active,true,,e22d7643ea01abd0dce415e74faf002186e13ae33190976f1ae61cece045fb76,2026-08-06
Q9Y2D2,S35A3_HUMAN,Q9Y2D2,non_surface,active,true,,e22d7643ea01abd0dce415e74faf002186e13ae33190976f1ae61cece045fb76,2026-08-06
Q96G79,S35A4_HUMAN,Q96G79,non_surface,active,true,,e22d7643ea01abd0dce415e74faf002186e13ae33190976f1ae61cece045fb76,2026-08-06
Q9BS91,S35A5_HUMAN,Q9BS91,surface,active,true,,e22d7643ea01abd0dce415e74faf002186e13ae33190976f1ae61cece045fb76,2026-08-06
P78383,S35B1_HUMAN,P78383,unclassified,active,true,,e22d7643ea01abd0dce415e74faf002186e13ae33190976f1ae61cece045fb76,2026-08-06
Q8TB61,S35B2_HUMAN,Q8TB61,non_surface,active,true,,e22d7643ea01abd0dce415e74faf002186e13ae33190976f1ae61cece045fb76,2026-08-06
Q9H1N7,S35B3_HUMAN,Q9H1N7,non_surface,active,true,,e22d7643ea01abd0dce415e74faf002186e13ae33190976f1ae61cece045fb76,2026-08-06
Q969S0,S35B4_HUMAN,Q969S0,non_surface,active,true,,e22d7643ea01abd0dce415e74faf002186e13ae33190976f1ae61cece045fb76,2026-08-06
Q9NQQ7,S35C2_HUMAN,Q9NQQ7,non_surface,active,true,,e22d7643ea01abd0dce415e74faf002186e13ae33190976f1ae61cece045fb76,2026-08-06
Q9NTN3,S35D1_HUMAN,Q9NTN3,non_surface,active,true,,e22d7643ea01abd0dce415e74faf002186e13ae33190976f1ae61cece045fb76,2026-08-06
Q76EJ3,S35D2_HUMAN,Q76EJ3,non_surface,active,true,,e22d7643ea01abd0dce415e74faf002186e13ae33190976f1ae61cece045fb76,2026-08-06
Q5M8T2,S35D3_HUMAN,Q5M8T2,non_surface,active,true,,e22d7643ea01abd0dce415e74faf002186e13ae33190976f1ae61cece045fb76,2026-08-06
Q96K37,S35E1_HUMAN,Q96K37,unclassified,active,true,,e22d7643ea01abd0dce415e74faf002186e13ae33190976f1ae61cece045fb76,2026-08-06
P0CK97,S35E2_HUMAN,P0CK97,non_surface,active,true,,e22d7643ea01abd0dce415e74faf002186e13ae33190976f1ae61cece045fb76,2026-08-06
Q7Z769,S35E3_HUMAN,Q7Z769,non_surface,active,true,,e22d7643ea01abd0dce415e74faf002186e13ae33190976f1ae61cece045fb76,2026-08-06
Q6ICL7,S35E4_HUMAN,Q6ICL7,non_surface,active,true,,e22d7643ea01abd0dce415e74faf002186e13ae33190976f1ae61cece045fb76,2026-08-06
Q5T1Q4,S35F1_HUMAN,Q5T1Q4,non_surface,active,true,,e22d7643ea01abd0dce415e74faf002186e13ae33190976f1ae61cece045fb76,2026-08-06
Q8IXU6,S35F2_HUMAN,Q8IXU6,non_surface,active,true,,e22d7643ea01abd0dce415e74faf002186e13ae33190976f1ae61cece045fb76,2026-08-06
Q8IY50,S35F3_HUMAN,Q8IY50,unclassified,active,true,,e22d7643ea01abd0dce415e74faf002186e13ae33190976f1ae61cece045fb76,2026-08-06
A4IF30,S35F4_HUMAN,A4IF30,surface,active,true,,e22d7643ea01abd0dce415e74faf002186e13ae33190976f1ae61cece045fb76,2026-08-06
Q8WV83,S35F5_HUMAN,Q8WV83,non_surface,active,true,,e22d7643ea01abd0dce415e74faf002186e13ae33190976f1ae61cece045fb76,2026-08-06
Q8N357,S35F6_HUMAN,Q8N357,non_surface,active,true,,e22d7643ea01abd0dce415e74faf002186e13ae33190976f1ae61cece045fb76,2026-08-06
Q2M3R5,S35G1_HUMAN,Q2M3R5,non_surface,active,true,,e22d7643ea01abd0dce415e74faf002186e13ae33190976f1ae61cece045fb76,2026-08-06
Q8TBE7,S35G2_HUMAN,Q8TBE7,unclassified,active,true,,e22d7643ea01abd0dce415e74faf002186e13ae33190976f1ae61cece045fb76,2026-08-06
Q8N808,S35G3_HUMAN,Q8N808,non_surface,active,true,,e22d7643ea01abd0dce415e74faf002186e13ae33190976f1ae61cece045fb76,2026-08-06
P0C7Q5,S35G4_HUMAN,P0C7Q5,non_surface,active,true,,e22d7643ea01abd0dce415e74faf002186e13ae33190976f1ae61cece045fb76,2026-08-06
Q96KT7,S35G5_HUMAN,Q96KT7,unclassified,active,true,,e22d7643ea01abd0dce415e74faf002186e13ae33190976f1ae61cece045fb76,2026-08-06
P0C7Q6,S35G6_HUMAN,P0C7Q6,unclassified,active,true,,e22d7643ea01abd0dce415e74faf002186e13ae33190976f1ae61cece045fb76,2026-08-06
Q7Z2H8,S36A1_HUMAN,Q7Z2H8,surface,active,true,,e22d7643ea01abd0dce415e74faf002186e13ae33190976f1ae61cece045fb76,2026-08-06
Q495M3,S36A2_HUMAN,Q495M3,surface,active,true,,e22d7643ea01abd0dce415e74faf002186e13ae33190976f1ae61cece045fb76,2026-08-06
Q495N2,S36A3_HUMAN,Q495N2,surface,active,true,,e22d7643ea01abd0dce415e74faf002186e13ae33190976f1ae61cece045fb76,2026-08-06
Q6YBV0,S36A4_HUMAN,Q6YBV0,surface,active,true,,e22d7643ea01abd0dce415e74faf002186e13ae33190976f1ae61cece045fb76,2026-08-06
Q9H2H9,S38A1_HUMAN,Q9H2H9,surface,active,true,,e22d7643ea01abd0dce415e74faf002186e13ae33190976f1ae61cece045fb76,2026-08-06
Q96QD8,S38A2_HUMAN,Q96QD8,surface,active,true,,e22d7643ea01abd0dce415e74faf002186e13ae33190976f1ae61cece045fb76,2026-08-06
Q99624,S38A3_HUMAN,Q99624,unclassified,active,true,,e22d7643ea01abd0dce415e74faf002186e13ae33190976f1ae61cece045fb76,2026-08-06
Q969I6,S38A4_HUMAN,Q969I6,surface,active,true,,e22d7643ea01abd0dce415e74faf002186e13ae33190976f1ae61cece045fb76,2026-08-06
Q8WUX1,S38A5_HUMAN,Q8WUX1,surface,active,true,,e22d7643ea01abd0dce415e74faf002186e13ae33190976f1ae61cece045fb76,2026-08-06
Q8IZM9,S38A6_HUMAN,Q8IZM9,unclassified,active,true,,e22d7643ea01abd0dce415e74faf002186e13ae33190976f1ae61cece045fb76,2026-08-06
Q9NVC3,S38A7_HUMAN,Q9NVC3,unclassified,active,true,,e22d7643ea01abd0dce415e74faf002186e13ae33190976f1ae61cece045fb76,2026-08-06
A6NNN8,S38A8_HUMAN,A6NNN8,surface,active,true,,e22d7643ea01abd0dce415e74faf002186e13ae33190976f1ae61cece045fb76,2026-08-06
Q8NBW4,S38A9_HUMAN,Q8NBW4,surface,active,true,,e22d7643ea01abd0dce415e74faf002186e13ae33190976f1ae61cece045fb76,2026-08-06
Q9HBR0,S38AA_HUMAN,Q9HBR0,non_surface,active,true,,e22d7643ea01abd0dce415e74faf002186e13ae33190976f1ae61cece045fb76,2026-08-06
Q08AI6,S38AB_HUMAN,Q08AI6,surface,active,true,,e22d7643ea01abd0dce415e74faf002186e13ae33190976f1ae61cece045fb76,2026-08-06
Q9NY26,S39A1_HUMAN,Q9NY26,unclassified,active,true,,e22d7643ea01abd0dce415e74faf002186e13ae33190976f1ae61cece045fb76,2026-08-06
Q9NP94,S39A2_HUMAN,Q9NP94,surface,active,true,,e22d7643ea01abd0dce415e74faf002186e13ae33190976f1ae61cece045fb76,2026-08-06
Q9BRY0,S39A3_HUMAN,Q9BRY0,non_surface,active,true,,e22d7643ea01abd0dce415e74faf002186e13ae33190976f1ae61cece045fb76,2026-08-06
Q6P5W5,S39A4_HUMAN,Q6P5W5,surface,active,true,,e22d7643ea01abd0dce415e74faf002186e13ae33190976f1ae61cece045fb76,2026-08-06
Q6ZMH5,S39A5_HUMAN,Q6ZMH5,surface,active,true,,e22d7643ea01abd0dce415e74faf002186e13ae33190976f1ae61cece045fb76,2026-08-06
Q13433,S39A6_HUMAN,Q13433,surface,active,true,,e22d7643ea01abd0dce415e74faf002186e13ae33190976f1ae61cece045fb76,2026-08-06
Q92504,S39A7_HUMAN,Q92504,unclassified,active,true,,e22d7643ea01abd0dce415e74faf002186e13ae33190976f1ae61cece045fb76,2026-08-06
Q9C0K1,S39A8_HUMAN,Q9C0K1,surface,active,true,,e22d7643ea01abd0dce415e74faf002186e13ae33190976f1ae61cece045fb76,2026-08-06
Q9NUM3,S39A9_HUMAN,Q9NUM3,surface,active,true,,e22d7643ea01abd0dce415e74faf002186e13ae33190976f1ae61cece045fb76,2026-08-06
Q9ULF5,S39AA_HUMAN,Q9ULF5,surface,active,true,,e22d7643ea01abd0dce415e74faf002186e13ae33190976f1ae61cece045fb76,2026-08-06
Q8N1S5,S39AB_HUMAN,Q8N1S5,non_surface,active,true,,e22d7643ea01abd0dce415e74faf002186e13ae33190976f1ae61cece045fb76,2026-08-06
Q504Y0,S39AC_HUMAN,Q504Y0,surface,active,true,,e22d7643ea01abd0dce415e74faf002186e13ae33190976f1ae61cece045fb76,2026-08-06
Q96H72,S39AD_HUMAN,Q96H72,non_surface,active,true,,e22d7643ea01abd0dce415e74faf002186e13ae33190976f1ae61cece045fb76,2026-08-06
Q15043,S39AE_HUMAN,Q15043,surface,active,true,,e22d7643ea01abd0dce415e74faf002186e13ae33190976f1ae61cece045fb76,2026-08-06
Q8TE82,S3TC1_HUMAN,Q8TE82,non_surface,active,true,,e22d7643ea01abd0dce415e74faf002186e13ae33190976f1ae61cece045fb76,2026-08-06
Q9NP59,S40A1_HUMAN,Q9NP59,surface,active,true,,e22d7643ea01abd0dce415e74faf002186e13ae33190976f1ae61cece045fb76,2026-08-06
Q8IVJ1,S41A1_HUMAN,Q8IVJ1,surface,active,true,,e22d7643ea01abd0dce415e74faf002186e13ae33190976f1ae61cece045fb76,2026-08-06
Q96JW4,S41A2_HUMAN,Q96JW4,surface,active,true,,e22d7643ea01abd0dce415e74faf002186e13ae33190976f1ae61cece045fb76,2026-08-06
Q96GZ6,S41A3_HUMAN,Q96GZ6,surface,active,true,,e22d7643ea01abd0dce415e74faf002186e13ae33190976f1ae61cece045fb76,2026-08-06
Q8NBI5,S43A3_HUMAN,Q8NBI5,surface,active,true,,e22d7643ea01abd0dce415e74faf002186e13ae33190976f1ae61cece045fb76,2026-08-06
Q9Y2W3,S45A1_HUMAN,Q9Y2W3,unclassified,active,true,,e22d7643ea01abd0dce415e74faf002186e13ae33190976f1ae61cece045fb76,2026-08-06
Q9UMX9,S45A2_HUMAN,Q9UMX9,surface,active,true,,e22d7643ea01abd0dce415e74faf002186e13ae33190976f1ae61cece045fb76,2026-08-06
Q96JT2,S45A3_HUMAN,Q96JT2,unclassified,active,true,,e22d7643ea01abd0dce415e74faf002186e13ae33190976f1ae61cece045fb76,2026-08-06
Q5BKX6,S45A4_HUMAN,Q5BKX6,surface,active,true,,e22d7643ea01abd0dce415e74faf002186e13ae33190976f1ae61cece045fb76,2026-08-06
Q7Z3Q1,S46A3_HUMAN,Q7Z3Q1,surface,active,true,,e22d7643ea01abd0dce415e74faf002186e13ae33190976f1ae61cece045fb76,2026-08-06
Q96FL8,S47A1_HUMAN,Q96FL8,surface,active,true,,e22d7643ea01abd0dce415e74faf002186e13ae33190976f1ae61cece045fb76,2026-08-06
Q86VL8,S47A2_HUMAN,Q86VL8,unclassified,active,true,,e22d7643ea01abd0dce415e74faf002186e13ae33190976f1ae61cece045fb76,2026-08-06
Q6U841,S4A10_HUMAN,Q6U841,surface,active,true,,e22d7643ea01abd0dce415e74faf002186e13ae33190976f1ae61cece045fb76,2026-08-06
Q8NBS3,S4A11_HUMAN,Q8NBS3,unclassified,active,true,,e22d7643ea01abd0dce415e74faf002186e13ae33190976f1ae61cece045fb76,2026-08-06
Q9Y6R1,S4A4_HUMAN,Q9Y6R1,surface,active,true,,e22d7643ea01abd0dce415e74faf002186e13ae33190976f1ae61cece045fb76,2026-08-06
Q9BY07,S4A5_HUMAN,Q9BY07,surface,active,true,,e22d7643ea01abd0dce415e74faf002186e13ae33190976f1ae61cece045fb76,2026-08-06
Q9Y6M7,S4A7_HUMAN,Q9Y6M7,surface,active,true,,e22d7643ea01abd0dce415e74faf002186e13ae33190976f1ae61cece045fb76,2026-08-06
Q2Y0W8,S4A8_HUMAN,Q2Y0W8,surface,active,true,,e22d7643ea01abd0dce415e74faf002186e13ae33190976f1ae61cece045fb76,2026-08-06
Q9NWF4,S52A1_HUMAN,Q9NWF4,surface,active,true,,e22d7643ea01abd0dce415e74faf002186e13ae33190976f1ae61cece045fb76,2026-08-06
Q9HAB3,S52A2_HUMAN,Q9HAB3,surface,active,true,,e22d7643ea01abd0dce415e74faf002186e13ae33190976f1ae61cece045fb76,2026-08-06
Q9NQ40,S52A3_HUMAN,Q9NQ40,surface,active,true,,e22d7643ea01abd0dce415e74faf002186e13ae33190976f1ae61cece045fb76,2026-08-06
P18405,S5A1_HUMAN,P18405,non_surface,active,true,,e22d7643ea01abd0dce415e74faf002186e13ae33190976f1ae61cece045fb76,2026-08-06
P31213,S5A2_HUMAN,P31213,non_surface,active,true,,e22d7643ea01abd0dce415e74faf002186e13ae33190976f1ae61cece045fb76,2026-08-06
P61619,S61A1_HUMAN,P61619,non_surface,active,true,,e22d7643ea01abd0dce415e74faf002186e13ae33190976f1ae61cece045fb76,2026-08-06
Q9H9S3,S61A2_HUMAN,Q9H9S3,non_surface,active,true,,e22d7643ea01abd0dce415e74faf002186e13ae33190976f1ae61cece045fb76,2026-08-06
P48066,S6A11_HUMAN,P48066,surface,active,true,,e22d7643ea01abd0dce415e74faf002186e13ae33190976f1ae61cece045fb76,2026-08-06
P48065,S6A12_HUMAN,P48065,surface,active,true,,e22d7643ea01abd0dce415e74faf002186e13ae33190976f1ae61cece045fb76,2026-08-06
Q9NSD5,S6A13_HUMAN,Q9NSD5,surface,active,true,,e22d7643ea01abd0dce415e74faf002186e13ae33190976f1ae61cece045fb76,2026-08-06
Q9UN76,S6A14_HUMAN,Q9UN76,surface,active,true,,e22d7643ea01abd0dce415e74faf002186e13ae33190976f1ae61cece045fb76,2026-08-06
Q9H2J7,S6A15_HUMAN,Q9H2J7,surface,active,true,,e22d7643ea01abd0dce415e74faf002186e13ae33190976f1ae61cece045fb76,2026-08-06
Q9GZN6,S6A16_HUMAN,Q9GZN6,surface,active,true,,e22d7643ea01abd0dce415e74faf002186e13ae33190976f1ae61cece045fb76,2026-08-06
Q9H1V8,S6A17_HUMAN,Q9H1V8,surface,active,true,,e22d7643ea01abd0dce415e74faf002186e13ae33190976f1ae61cece045fb76,2026-08-06
Q96N87,S6A18_HUMAN,Q96N87,surface,active,true,,e22d7643ea01abd0dce415e74faf002186e13ae33190976f1ae61cece045fb76,2026-08-06
Q695T7,S6A19_HUMAN,Q695T7,surface,active,true,,e22d7643ea01abd0dce415e74faf002186e13ae33190976f1ae61cece045fb76,2026-08-06
Q9NP91,S6A20_HUMAN,Q9NP91,surface,active,true,,e22d7643ea01abd0dce415e74faf002186e13ae33190976f1ae61cece045fb76,2026-08-06
Q8TCU3,S7A13_HUMAN,Q8TCU3,unclassified,active,true,,e22d7643ea01abd0dce415e74faf002186e13ae33190976f1ae61cece045fb76,2026-08-06
Q8TBB6,S7A14_HUMAN,Q8TBB6,surface,active,true,,e22d7643ea01abd0dce415e74faf002186e13ae33190976f1ae61cece045fb76,2026-08-06
P0DJI8,SAA1_HUMAN,P0DJI8,unclassified,active,true,,e22d7643ea01abd0dce415e74faf002186e13ae33190976f1ae61cece045fb76,2026-08-06
P0DJI9,SAA2_HUMAN,P0DJI9,unclassified,active,true,,e22d7643ea01abd0dce415e74faf002186e13ae33190976f1ae61cece045fb76,2026-08-06
P35542,SAA4_HUMAN,P35542,unclassified,active,true,,e22d7643ea01abd0dce415e74faf002186e13ae33190976f1ae61cece045fb76,2026-08-06
Q9NTJ5,SAC1_HUMAN,Q9NTJ5,non_surface,active,true,,e22d7643ea01abd0dce415e74faf002186e13ae33190976f1ae61cece045fb76,2026-08-06
Q9HBV2,SACA1_HUMAN,Q9HBV2,surface,active,true,,e22d7643ea01abd0dce415e74faf002186e13ae33190976f1ae61cece045fb76,2026-08-06
Q8IXA5,SACA3_HUMAN,Q8IXA5,non_surface,active,true,,e22d7643ea01abd0dce415e74faf002186e13ae33190976f1ae61cece045fb76,2026-08-06
Q8TDM5,SACA4_HUMAN,Q8TDM5,surface,active,true,,e22d7643ea01abd0dce415e74faf002186e13ae33190976f1ae61cece045fb76,2026-08-06
Q70HW3,SAMC_HUMAN,Q70HW3,non_surface,active,true,,e22d7643ea01abd0dce415e74faf002186e13ae33190976f1ae61cece045fb76,2026-08-06
Q96LT4,SAMD8_HUMAN,Q96LT4,non_surface,active,true,,e22d7643ea01abd0dce415e74faf002186e13ae33190976f1ae61cece045fb76,2026-08-06
P02743,SAMP_HUMAN,P02743,unclassified,active,true,,e22d7643ea01abd0dce415e74faf002186e13ae33190976f1ae61cece045fb76,2026-08-06
O75446,SAP30_HUMAN,O75446,unclassified,active,true,,e22d7643ea01abd0dce415e74faf002186e13ae33190976f1ae61cece045fb76,2026-08-06
P17900,SAP3_HUMAN,P17900,unclassified,active,true,,e22d7643ea01abd0dce415e74faf002186e13ae33190976f1ae61cece045fb76,2026-08-06
Q6NUJ1,SAPL1_HUMAN,Q6NUJ1,unclassified,active,true,,e22d7643ea01abd0dce415e74faf002186e13ae33190976f1ae61cece045fb76,2026-08-06
P07602,SAP_HUMAN,P07602,unclassified,active,true,,e22d7643ea01abd0dce415e74faf002186e13ae33190976f1ae61cece045fb76,2026-08-06
Q96BY9,SARAF_HUMAN,Q96BY9,non_surface,active,true,,e22d7643ea01abd0dce415e74faf002186e13ae33190976f1ae61cece045fb76,2026-08-06
O00631,SARCO_HUMAN,O00631,non_surface,active,true,,e22d7643ea01abd0dce415e74faf002186e13ae33190976f1ae61cece045fb76,2026-08-06
Q6SZW1,SARM1_HUMAN,Q6SZW1,unclassified,active,true,,e22d7643ea01abd0dce415e74faf002186e13ae33190976f1ae61cece045fb76,2026-08-06
P43007,SATT_HUMAN,P43007,surface,active,true,,e22d7643ea01abd0dce415e74faf002186e13ae33190976f1ae61cece045fb76,2026-08-06
Q6UWP8,SBSN_HUMAN,Q6UWP8,unclassified,active,true,,e22d7643ea01abd0dce415e74faf002186e13ae33190976f1ae61cece045fb76,2026-08-06
Q8IVN8,SBSPO_HUMAN,Q8IVN8,unclassified,active,true,,e22d7643ea01abd0dce415e74faf002186e13ae33190976f1ae61cece045fb76,2026-08-06
P67812,SC11A_HUMAN,P67812,non_surface,active,true,,e22d7643ea01abd0dce415e74faf002186e13ae33190976f1ae61cece045fb76,2026-08-06
P0C7V7,SC11B_HUMAN,P0C7V7,non_surface,active,true,,e22d7643ea01abd0dce415e74faf002186e13ae33190976f1ae61cece045fb76,2026-08-06
Q9BY50,SC11C_HUMAN,Q9BY50,non_surface,active,true,,e22d7643ea01abd0dce415e74faf002186e13ae33190976f1ae61cece045fb76,2026-08-06
Q96IW7,SC22A_HUMAN,Q96IW7,non_surface,active,true,,e22d7643ea01abd0dce415e74faf002186e13ae33190976f1ae61cece045fb76,2026-08-06
O75396,SC22B_HUMAN,O75396,non_surface,active,true,,e22d7643ea01abd0dce415e74faf002186e13ae33190976f1ae61cece045fb76,2026-08-06
Q9BRL7,SC22C_HUMAN,Q9BRL7,non_surface,active,true,,e22d7643ea01abd0dce415e74faf002186e13ae33190976f1ae61cece045fb76,2026-08-06
O95486,SC24A_HUMAN,O95486,non_surface,active,true,,e22d7643ea01abd0dce415e74faf002186e13ae33190976f1ae61cece045fb76,2026-08-06
Q4G0G5,SC2B2_HUMAN,Q4G0G5,unclassified,active,true,,e22d7643ea01abd0dce415e74faf002186e13ae33190976f1ae61cece045fb76,2026-08-06
P13866,SC5A1_HUMAN,P13866,surface,active,true,,e22d7643ea01abd0dce415e74faf002186e13ae33190976f1ae61cece045fb76,2026-08-06
P31639,SC5A2_HUMAN,P31639,surface,active,true,,e22d7643ea01abd0dce415e74faf002186e13ae33190976f1ae61cece045fb76,2026-08-06
P53794,SC5A3_HUMAN,P53794,surface,active,true,,e22d7643ea01abd0dce415e74faf002186e13ae33190976f1ae61cece045fb76,2026-08-06
Q9NY91,SC5A4_HUMAN,Q9NY91,surface,active,true,,e22d7643ea01abd0dce415e74faf002186e13ae33190976f1ae61cece045fb76,2026-08-06
Q92911,SC5A5_HUMAN,Q92911,surface,active,true,,e22d7643ea01abd0dce415e74faf002186e13ae33190976f1ae61cece045fb76,2026-08-06
Q9Y289,SC5A6_HUMAN,Q9Y289,surface,active,true,,e22d7643ea01abd0dce415e74faf002186e13ae33190976f1ae61cece045fb76,2026-08-06
Q9GZV3,SC5A7_HUMAN,Q9GZV3,surface,active,true,,e22d7643ea01abd0dce415e74faf002186e13ae33190976f1ae61cece045fb76,2026-08-06
Q8N695,SC5A8_HUMAN,Q8N695,surface,active,true,,e22d7643ea01abd0dce415e74faf002186e13ae33190976f1ae61cece045fb76,2026-08-06
Q2M3M2,SC5A9_HUMAN,Q2M3M2,surface,active,true,,e22d7643ea01abd0dce415e74faf002186e13ae33190976f1ae61cece045fb76,2026-08-06
A0PJK1,SC5AA_HUMAN,A0PJK1,surface,active,true,,e22d7643ea01abd0dce415e74faf002186e13ae33190976f1ae61cece045fb76,2026-08-06
Q8WWX8,SC5AB_HUMAN,Q8WWX8,surface,active,true,,e22d7643ea01abd0dce415e74faf002186e13ae33190976f1ae61cece045fb76,2026-08-06
Q1EHB4,SC5AC_HUMAN,Q1EHB4,surface,active,true,,e22d7643ea01abd0dce415e74faf002186e13ae33190976f1ae61cece045fb76,2026-08-06
O75845,SC5D_HUMAN,O75845,non_surface,active,true,,e22d7643ea01abd0dce415e74faf002186e13ae33190976f1ae61cece045fb76,2026-08-06
P60468,SC61B_HUMAN,P60468,non_surface,active,true,,e22d7643ea01abd0dce415e74faf002186e13ae33190976f1ae61cece045fb76,2026-08-06
P60059,SC61G_HUMAN,P60059,non_surface,active,true,,e22d7643ea01abd0dce415e74faf002186e13ae33190976f1ae61cece045fb76,2026-08-06
Q92791,SC65_HUMAN,Q92791,unclassified,active,true,,e22d7643ea01abd0dce415e74faf002186e13ae33190976f1ae61cece045fb76,2026-08-06
P30531,SC6A1_HUMAN,P30531,surface,active,true,,e22d7643ea01abd0dce415e74faf002186e13ae33190976f1ae61cece045fb76,2026-08-06
P23975,SC6A2_HUMAN,P23975,surface,active,true,,e22d7643ea01abd0dce415e74faf002186e13ae33190976f1ae61cece045fb76,2026-08-06
Q01959,SC6A3_HUMAN,Q01959,surface,active,true,,e22d7643ea01abd0dce415e74faf002186e13ae33190976f1ae61cece045fb76,2026-08-06
P31645,SC6A4_HUMAN,P31645,surface,active,true,,e22d7643ea01abd0dce415e74faf002186e13ae33190976f1ae61cece045fb76,2026-08-06
Q9Y345,SC6A5_HUMAN,Q9Y345,surface,active,true,,e22d7643ea01abd0dce415e74faf002186e13ae33190976f1ae61cece045fb76,2026-08-06
P31641,SC6A6_HUMAN,P31641,surface,active,true,,e22d7643ea01abd0dce415e74faf002186e13ae33190976f1ae61cece045fb76,2026-08-06
Q99884,SC6A7_HUMAN,Q99884,surface,active,true,,e22d7643ea01abd0dce415e74faf002186e13ae33190976f1ae61cece045fb76,2026-08-06
P48029,SC6A8_HUMAN,P48029,surface,active,true,,e22d7643ea01abd0dce415e74faf002186e13ae33190976f1ae61cece045fb76,2026-08-06
P48067,SC6A9_HUMAN,P48067,surface,active,true,,e22d7643ea01abd0dce415e74faf002186e13ae33190976f1ae61cece045fb76,2026-08-06
Q8N9R8,SCAI_HUMAN,Q8N9R8,non_surface,active,true,,e22d7643ea01abd0dce415e74faf002186e13ae33190976f1ae61cece045fb76,2026-08-06
O15126,SCAM1_HUMAN,O15126,unclassified,active,true,,e22d7643ea01abd0dce415e74faf002186e13ae33190976f1ae61cece045fb76,2026-08-06
O15127,SCAM2_HUMAN,O15127,non_surface,active,true,,e22d7643ea01abd0dce415e74faf002186e13ae33190976f1ae61cece045fb76,2026-08-06
O14828,SCAM3_HUMAN,O14828,non_surface,active,true,,e22d7643ea01abd0dce415e74faf002186e13ae33190976f1ae61cece045fb76,2026-08-06
Q969E2,SCAM4_HUMAN,Q969E2,non_surface,active,true,,e22d7643ea01abd0dce415e74faf002186e13ae33190976f1ae61cece045fb76,2026-08-06
Q8TAC9,SCAM5_HUMAN,Q8TAC9,unclassified,active,true,,e22d7643ea01abd0dce415e74faf002186e13ae33190976f1ae61cece045fb76,2026-08-06
Q12770,SCAP_HUMAN,Q12770,surface,active,true,,e22d7643ea01abd0dce415e74faf002186e13ae33190976f1ae61cece045fb76,2026-08-06
Q6AZY7,SCAR3_HUMAN,Q6AZY7,unclassified,active,true,,e22d7643ea01abd0dce415e74faf002186e13ae33190976f1ae61cece045fb76,2026-08-06
Q6ZMJ2,SCAR5_HUMAN,Q6ZMJ2,surface,active,true,,e22d7643ea01abd0dce415e74faf002186e13ae33190976f1ae61cece045fb76,2026-08-06
Q9Y6X3,SCC4_HUMAN,Q9Y6X3,unclassified,active,true,,e22d7643ea01abd0dce415e74faf002186e13ae33190976f1ae61cece045fb76,2026-08-06
Q86SK9,SCD5_HUMAN,Q86SK9,non_surface,active,true,,e22d7643ea01abd0dce415e74faf002186e13ae33190976f1ae61cece045fb76,2026-08-06
Q8WVM8,SCFD1_HUMAN,Q8WVM8,unclassified,active,true,,e22d7643ea01abd0dce415e74faf002186e13ae33190976f1ae61cece045fb76,2026-08-06
P21583,SCF_HUMAN,P21583,surface,active,true,,e22d7643ea01abd0dce415e74faf002186e13ae33190976f1ae61cece045fb76,2026-08-06
P05060,SCG1_HUMAN,P05060,unclassified,active,true,,e22d7643ea01abd0dce415e74faf002186e13ae33190976f1ae61cece045fb76,2026-08-06
P13521,SCG2_HUMAN,P13521,unclassified,active,true,,e22d7643ea01abd0dce415e74faf002186e13ae33190976f1ae61cece045fb76,2026-08-06
Q8WXD2,SCG3_HUMAN,Q8WXD2,unclassified,active,true,,e22d7643ea01abd0dce415e74faf002186e13ae33190976f1ae61cece045fb76,2026-08-06
Q6UWF3,SCIMP_HUMAN,Q6UWF3,non_surface,active,true,,e22d7643ea01abd0dce415e74faf002186e13ae33190976f1ae61cece045fb76,2026-08-06
Q6NUK1,SCMC1_HUMAN,Q6NUK1,non_surface,active,true,,e22d7643ea01abd0dce415e74faf002186e13ae33190976f1ae61cece045fb76,2026-08-06
Q6KCM7,SCMC2_HUMAN,Q6KCM7,non_surface,active,true,,e22d7643ea01abd0dce415e74faf002186e13ae33190976f1ae61cece045fb76,2026-08-06
Q9BV35,SCMC3_HUMAN,Q9BV35,non_surface,active,true,,e22d7643ea01abd0dce415e74faf002186e13ae33190976f1ae61cece045fb76,2026-08-06
P35498,SCN1A_HUMAN,P35498,surface,active,true,,e22d7643ea01abd0dce415e74faf002186e13ae33190976f1ae61cece045fb76,2026-08-06
Q07699,SCN1B_HUMAN,Q07699,surface,active,true,,e22d7643ea01abd0dce415e74faf002186e13ae33190976f1ae61cece045fb76,2026-08-06
Q99250,SCN2A_HUMAN,Q99250,surface,active,true,,e22d7643ea01abd0dce415e74faf002186e13ae33190976f1ae61cece045fb76,2026-08-06
O60939,SCN2B_HUMAN,O60939,surface,active,true,,e22d7643ea01abd0dce415e74faf002186e13ae33190976f1ae61cece045fb76,2026-08-06
Q9NY46,SCN3A_HUMAN,Q9NY46,surface,active,true,,e22d7643ea01abd0dce415e74faf002186e13ae33190976f1ae61cece045fb76,2026-08-06
Q9NY72,SCN3B_HUMAN,Q9NY72,surface,active,true,,e22d7643ea01abd0dce415e74faf002186e13ae33190976f1ae61cece045fb76,2026-08-06
P35499,SCN4A_HUMAN,P35499,surface,active,true,,e22d7643ea01abd0dce415e74faf002186e13ae33190976f1ae61cece045fb76,2026-08-06
Q8IWT1,SCN4B_HUMAN,Q8IWT1,surface,active,true,,e22d7643ea01abd0dce415e74faf002186e13ae33190976f1ae61cece045fb76,2026-08-06
Q14524,SCN5A_HUMAN,Q14524,surface,active,true,,e22d7643ea01abd0dce415e74faf002186e13ae33190976f1ae61cece045fb76,2026-08-06
Q01118,SCN7A_HUMAN,Q01118,surface,active,true,,e22d7643ea01abd0dce415e74faf002186e13ae33190976f1ae61cece045fb76,2026-08-06
Q9UQD0,SCN8A_HUMAN,Q9UQD0,surface,active,true,,e22d7643ea01abd0dce415e74faf002186e13ae33190976f1ae61cece045fb76,2026-08-06
Q15858,SCN9A_HUMAN,Q15858,surface,active,true,,e22d7643ea01abd0dce415e74faf002186e13ae33190976f1ae61cece045fb76,2026-08-06
Q9Y5Y9,SCNAA_HUMAN,Q9Y5Y9,surface,active,true,,e22d7643ea01abd0dce415e74faf002186e13ae33190976f1ae61cece045fb76,2026-08-06
Q9UI33,SCNBA_HUMAN,Q9UI33,surface,active,true,,e22d7643ea01abd0dce415e74faf002186e13ae33190976f1ae61cece045fb76,2026-08-06
P37088,SCNNA_HUMAN,P37088,surface,active,true,,e22d7643ea01abd0dce415e74faf002186e13ae33190976f1ae61cece045fb76,2026-08-06
P51168,SCNNB_HUMAN,P51168,surface,active,true,,e22d7643ea01abd0dce415e74faf002186e13ae33190976f1ae61cece045fb76,2026-08-06
P51172,SCNND_HUMAN,P51172,surface,active,true,,e22d7643ea01abd0dce415e74faf002186e13ae33190976f1ae61cece045fb76,2026-08-06
P51170,SCNNG_HUMAN,P51170,surface,active,true,,e22d7643ea01abd0dce415e74faf002186e13ae33190976f1ae61cece045fb76,2026-08-06
O75880,SCO1_HUMAN,O75880,non_surface,active,true,,e22d7643ea01abd0dce415e74faf002186e13ae33190976f1ae61cece045fb76,2026-08-06
O43819,SCO2_HUMAN,O43819,non_surface,active,true,,e22d7643ea01abd0dce415e74faf002186e13ae33190976f1ae61cece045fb76,2026-08-06
P55809,SCOT1_HUMAN,P55809,unclassified,active,true,,e22d7643ea01abd0dce415e74faf002186e13ae33190976f1ae61cece045fb76,2026-08-06
Q9BYC2,SCOT2_HUMAN,Q9BYC2,unclassified,active,true,,e22d7643ea01abd0dce415e74faf002186e13ae33190976f1ae61cece045fb76,2026-08-06
Q8NBX0,SCPDL_HUMAN,Q8NBX0,non_surface,active,true,,e22d7643ea01abd0dce415e74faf002186e13ae33190976f1ae61cece045fb76,2026-08-06
Q8WTV0,SCRB1_HUMAN,Q8WTV0,surface,active,true,,e22d7643ea01abd0dce415e74faf002186e13ae33190976f1ae61cece045fb76,2026-08-06
Q14108,SCRB2_HUMAN,Q14108,surface,active,true,,e22d7643ea01abd0dce415e74faf002186e13ae33190976f1ae61cece045fb76,2026-08-06
O75711,SCRG1_HUMAN,O75711,unclassified,active,true,,e22d7643ea01abd0dce415e74faf002186e13ae33190976f1ae61cece045fb76,2026-08-06
Q8WVN6,SCTM1_HUMAN,Q8WVN6,surface,active,true,,e22d7643ea01abd0dce415e74faf002186e13ae33190976f1ae61cece045fb76,2026-08-06
P47872,SCTR_HUMAN,P47872,surface,active,true,,e22d7643ea01abd0dce415e74faf002186e13ae33190976f1ae61cece045fb76,2026-08-06
Q8IWY4,SCUB1_HUMAN,Q8IWY4,unclassified,active,true,,e22d7643ea01abd0dce415e74faf002186e13ae33190976f1ae61cece045fb76,2026-08-06
Q9NQ36,SCUB2_HUMAN,Q9NQ36,unclassified,active,true,,e22d7643ea01abd0dce415e74faf002186e13ae33190976f1ae61cece045fb76,2026-08-06
Q8IX30,SCUB3_HUMAN,Q8IX30,unclassified,active,true,,e22d7643ea01abd0dce415e74faf002186e13ae33190976f1ae61cece045fb76,2026-08-06
Q9NVU7,SDA1_HUMAN,Q9NVU7,non_surface,active,true,,e22d7643ea01abd0dce415e74faf002186e13ae33190976f1ae61cece045fb76,2026-08-06
P18827,SDC1_HUMAN,P18827,surface,active,true,,e22d7643ea01abd0dce415e74faf002186e13ae33190976f1ae61cece045fb76,2026-08-06
P34741,SDC2_HUMAN,P34741,surface,active,true,,e22d7643ea01abd0dce415e74faf002186e13ae33190976f1ae61cece045fb76,2026-08-06
O75056,SDC3_HUMAN,O75056,non_surface,active,true,,e22d7643ea01abd0dce415e74faf002186e13ae33190976f1ae61cece045fb76,2026-08-06
P31431,SDC4_HUMAN,P31431,unclassified,active,true,,e22d7643ea01abd0dce415e74faf002186e13ae33190976f1ae61cece045fb76,2026-08-06
O00560,SDCB1_HUMAN,O00560,non_surface,active,true,,e22d7643ea01abd0dce415e74faf002186e13ae33190976f1ae61cece045fb76,2026-08-06
P48061,SDF1_HUMAN,P48061,unclassified,active,true,,e22d7643ea01abd0dce415e74faf002186e13ae33190976f1ae61cece045fb76,2026-08-06
Q9HCN8,SDF2L_HUMAN,Q9HCN8,unclassified,active,true,,e22d7643ea01abd0dce415e74faf002186e13ae33190976f1ae61cece045fb76,2026-08-06
Q99470,SDF2_HUMAN,Q99470,unclassified,active,true,,e22d7643ea01abd0dce415e74faf002186e13ae33190976f1ae61cece045fb76,2026-08-06
P21912,SDHB_HUMAN,P21912,unclassified,active,true,,e22d7643ea01abd0dce415e74faf002186e13ae33190976f1ae61cece045fb76,2026-08-06
Q9NX18,SDHF2_HUMAN,Q9NX18,unclassified,active,true,,e22d7643ea01abd0dce415e74faf002186e13ae33190976f1ae61cece045fb76,2026-08-06
Q5VUM1,SDHF4_HUMAN,Q5VUM1,unclassified,active,true,,e22d7643ea01abd0dce415e74faf002186e13ae33190976f1ae61cece045fb76,2026-08-06
Q6ZPB5,SDIM1_HUMAN,Q6ZPB5,non_surface,active,true,,e22d7643ea01abd0dce415e74faf002186e13ae33190976f1ae61cece045fb76,2026-08-06
Q7Z5N4,SDK1_HUMAN,Q7Z5N4,surface,active,true,,e22d7643ea01abd0dce415e74faf002186e13ae33190976f1ae61cece045fb76,2026-08-06
Q58EX2,SDK2_HUMAN,Q58EX2,surface,active,true,,e22d7643ea01abd0dce415e74faf002186e13ae33190976f1ae61cece045fb76,2026-08-06
Q9H7L9,SDS3_HUMAN,Q9H7L9,unclassified,active,true,,e22d7643ea01abd0dce415e74faf002186e13ae33190976f1ae61cece045fb76,2026-08-06
Q9UBV2,SE1L1_HUMAN,Q9UBV2,unclassified,active,true,,e22d7643ea01abd0dce415e74faf002186e13ae33190976f1ae61cece045fb76,2026-08-06
Q5TEA6,SE1L2_HUMAN,Q5TEA6,unclassified,active,true,,e22d7643ea01abd0dce415e74faf002186e13ae33190976f1ae61cece045fb76,2026-08-06
Q68CR1,SE1L3_HUMAN,Q68CR1,non_surface,active,true,,e22d7643ea01abd0dce415e74faf002186e13ae33190976f1ae61cece045fb76,2026-08-06
Q9BYH1,SE6L1_HUMAN,Q9BYH1,non_surface,active,true,,e22d7643ea01abd0dce415e74faf002186e13ae33190976f1ae61cece045fb76,2026-08-06
Q6UXD5,SE6L2_HUMAN,Q6UXD5,surface,active,true,,e22d7643ea01abd0dce415e74faf002186e13ae33190976f1ae61cece045fb76,2026-08-06
Q12981,SEC20_HUMAN,Q12981,non_surface,active,true,,e22d7643ea01abd0dce415e74faf002186e13ae33190976f1ae61cece045fb76,2026-08-06
Q99442,SEC62_HUMAN,Q99442,non_surface,active,true,,e22d7643ea01abd0dce415e74faf002186e13ae33190976f1ae61cece045fb76,2026-08-06
Q9UGP8,SEC63_HUMAN,Q9UGP8,non_surface,active,true,,e22d7643ea01abd0dce415e74faf002186e13ae33190976f1ae61cece045fb76,2026-08-06
P09683,SECR_HUMAN,P09683,unclassified,active,true,,e22d7643ea01abd0dce415e74faf002186e13ae33190976f1ae61cece045fb76,2026-08-06
Q9Y6D0,SELK_HUMAN,Q9Y6D0,non_surface,active,true,,e22d7643ea01abd0dce415e74faf002186e13ae33190976f1ae61cece045fb76,2026-08-06
Q8WWX9,SELM_HUMAN,Q8WWX9,unclassified,active,true,,e22d7643ea01abd0dce415e74faf002186e13ae33190976f1ae61cece045fb76,2026-08-06
Q9NZV5,SELN_HUMAN,Q9NZV5,unclassified,active,true,,e22d7643ea01abd0dce415e74faf002186e13ae33190976f1ae61cece045fb76,2026-08-06
Q9BVL4,SELO_HUMAN,Q9BVL4,unclassified,active,true,,e22d7643ea01abd0dce415e74faf002186e13ae33190976f1ae61cece045fb76,2026-08-06
Q14242,SELPL_HUMAN,Q14242,surface,active,true,,e22d7643ea01abd0dce415e74faf002186e13ae33190976f1ae61cece045fb76,2026-08-06
Q9BQE4,SELS_HUMAN,Q9BQE4,non_surface,active,true,,e22d7643ea01abd0dce415e74faf002186e13ae33190976f1ae61cece045fb76,2026-08-06
P62341,SELT_HUMAN,P62341,unclassified,active,true,,e22d7643ea01abd0dce415e74faf002186e13ae33190976f1ae61cece045fb76,2026-08-06
Q14563,SEM3A_HUMAN,Q14563,unclassified,active,true,,e22d7643ea01abd0dce415e74faf002186e13ae33190976f1ae61cece045fb76,2026-08-06
Q13214,SEM3B_HUMAN,Q13214,unclassified,active,true,,e22d7643ea01abd0dce415e74faf002186e13ae33190976f1ae61cece045fb76,2026-08-06
Q99985,SEM3C_HUMAN,Q99985,unclassified,active,true,,e22d7643ea01abd0dce415e74faf002186e13ae33190976f1ae61cece045fb76,2026-08-06
O95025,SEM3D_HUMAN,O95025,unclassified,active,true,,e22d7643ea01abd0dce415e74faf002186e13ae33190976f1ae61cece045fb76,2026-08-06
O15041,SEM3E_HUMAN,O15041,unclassified,active,true,,e22d7643ea01abd0dce415e74faf002186e13ae33190976f1ae61cece045fb76,2026-08-06
Q13275,SEM3F_HUMAN,Q13275,unclassified,active,true,,e22d7643ea01abd0dce415e74faf002186e13ae33190976f1ae61cece045fb76,2026-08-06
Q9NS98,SEM3G_HUMAN,Q9NS98,unclassified,active,true,,e22d7643ea01abd0dce415e74faf002186e13ae33190976f1ae61cece045fb76,2026-08-06
Q9H3S1,SEM4A_HUMAN,Q9H3S1,surface,active,true,,e22d7643ea01abd0dce415e74faf002186e13ae33190976f1ae61cece045fb76,2026-08-06
Q9NPR2,SEM4B_HUMAN,Q9NPR2,surface,active,true,,e22d7643ea01abd0dce415e74faf002186e13ae33190976f1ae61cece045fb76,2026-08-06
Q9C0C4,SEM4C_HUMAN,Q9C0C4,surface,active,true,,e22d7643ea01abd0dce415e74faf002186e13ae33190976f1ae61cece045fb76,2026-08-06
Q92854,SEM4D_HUMAN,Q92854,surface,active,true,,e22d7643ea01abd0dce415e74faf002186e13ae33190976f1ae61cece045fb76,2026-08-06
O95754,SEM4F_HUMAN,O95754,surface,active,true,,e22d7643ea01abd0dce415e74faf002186e13ae33190976f1ae61cece045fb76,2026-08-06
Q9NTN9,SEM4G_HUMAN,Q9NTN9,surface,active,true,,e22d7643ea01abd0dce415e74faf002186e13ae33190976f1ae61cece045fb76,2026-08-06
Q13591,SEM5A_HUMAN,Q13591,surface,active,true,,e22d7643ea01abd0dce415e74faf002186e13ae33190976f1ae61cece045fb76,2026-08-06
Q9P283,SEM5B_HUMAN,Q9P283,surface,active,true,,e22d7643ea01abd0dce415e74faf002186e13ae33190976f1ae61cece045fb76,2026-08-06
Q9H2E6,SEM6A_HUMAN,Q9H2E6,surface,active,true,,e22d7643ea01abd0dce415e74faf002186e13ae33190976f1ae61cece045fb76,2026-08-06
Q9H3T3,SEM6B_HUMAN,Q9H3T3,surface,active,true,,e22d7643ea01abd0dce415e74faf002186e13ae33190976f1ae61cece045fb76,2026-08-06
Q9H3T2,SEM6C_HUMAN,Q9H3T2,surface,active,true,,e22d7643ea01abd0dce415e74faf002186e13ae33190976f1ae61cece045fb76,2026-08-06
Q8NFY4,SEM6D_HUMAN,Q8NFY4,surface,active,true,,e22d7643ea01abd0dce415e74faf002186e13ae33190976f1ae61cece045fb76,2026-08-06
O75326,SEM7A_HUMAN,O75326,surface,active,true,,e22d7643ea01abd0dce415e74faf002186e13ae33190976f1ae61cece045fb76,2026-08-06
P04279,SEMG1_HUMAN,P04279,unclassified,active,true,,e22d7643ea01abd0dce415e74faf002186e13ae33190976f1ae61cece045fb76,2026-08-06
Q02383,SEMG2_HUMAN,Q02383,unclassified,active,true,,e22d7643ea01abd0dce415e74faf002186e13ae33190976f1ae61cece045fb76,2026-08-06
O60613,SEP15_HUMAN,O60613,unclassified,active,true,,e22d7643ea01abd0dce415e74faf002186e13ae33190976f1ae61cece045fb76,2026-08-06
P49908,SEPP1_HUMAN,P49908,unclassified,active,true,,e22d7643ea01abd0dce415e74faf002186e13ae33190976f1ae61cece045fb76,2026-08-06
Q12884,SEPR_HUMAN,Q12884,surface,active,true,,e22d7643ea01abd0dce415e74faf002186e13ae33190976f1ae61cece045fb76,2026-08-06
Q9NRX5,SERC1_HUMAN,Q9NRX5,surface,active,true,,e22d7643ea01abd0dce415e74faf002186e13ae33190976f1ae61cece045fb76,2026-08-06
Q96SA4,SERC2_HUMAN,Q96SA4,surface,active,true,,e22d7643ea01abd0dce415e74faf002186e13ae33190976f1ae61cece045fb76,2026-08-06
Q13530,SERC3_HUMAN,Q13530,surface,active,true,,e22d7643ea01abd0dce415e74faf002186e13ae33190976f1ae61cece045fb76,2026-08-06
A6NH21,SERC4_HUMAN,A6NH21,surface,active,true,,e22d7643ea01abd0dce415e74faf002186e13ae33190976f1ae61cece045fb76,2026-08-06
Q86VE9,SERC5_HUMAN,Q86VE9,surface,active,true,,e22d7643ea01abd0dce415e74faf002186e13ae33190976f1ae61cece045fb76,2026-08-06
O75920,SERF1_HUMAN,O75920,non_surface,active,true,,e22d7643ea01abd0dce415e74faf002186e13ae33190976f1ae61cece045fb76,2026-08-06
Q9Y6X1,SERP1_HUMAN,Q9Y6X1,non_surface,active,true,,e22d7643ea01abd0dce415e74faf002186e13ae33190976f1ae61cece045fb76,2026-08-06
Q8N6R1,SERP2_HUMAN,Q8N6R1,non_surface,active,true,,e22d7643ea01abd0dce415e74faf002186e13ae33190976f1ae61cece045fb76,2026-08-06
A8MV23,SERP3_HUMAN,A8MV23,unclassified,active,true,,e22d7643ea01abd0dce415e74faf002186e13ae33190976f1ae61cece045fb76,2026-08-06
P50454,SERPH_HUMAN,P50454,unclassified,active,true,,e22d7643ea01abd0dce415e74faf002186e13ae33190976f1ae61cece045fb76,2026-08-06
Q9NQR1,SETD8_HUMAN,Q9NQR1,unclassified,active,true,,e22d7643ea01abd0dce415e74faf002186e13ae33190976f1ae61cece045fb76,2026-08-06
Q53EL9,SEZ6_HUMAN,Q53EL9,surface,active,true,,e22d7643ea01abd0dce415e74faf002186e13ae33190976f1ae61cece045fb76,2026-08-06
O75533,SF3B1_HUMAN,O75533,non_surface,active,true,,e22d7643ea01abd0dce415e74faf002186e13ae33190976f1ae61cece045fb76,2026-08-06
A8K8P3,SFI1_HUMAN,A8K8P3,non_surface,active,true,,e22d7643ea01abd0dce415e74faf002186e13ae33190976f1ae61cece045fb76,2026-08-06
Q8IWL1,SFPA2_HUMAN,Q8IWL1,unclassified,active,true,,e22d7643ea01abd0dce415e74faf002186e13ae33190976f1ae61cece045fb76,2026-08-06
Q8N474,SFRP1_HUMAN,Q8N474,unclassified,active,true,,e22d7643ea01abd0dce415e74faf002186e13ae33190976f1ae61cece045fb76,2026-08-06
Q96HF1,SFRP2_HUMAN,Q96HF1,unclassified,active,true,,e22d7643ea01abd0dce415e74faf002186e13ae33190976f1ae61cece045fb76,2026-08-06
Q92765,SFRP3_HUMAN,Q92765,unclassified,active,true,,e22d7643ea01abd0dce415e74faf002186e13ae33190976f1ae61cece045fb76,2026-08-06
Q6FHJ7,SFRP4_HUMAN,Q6FHJ7,unclassified,active,true,,e22d7643ea01abd0dce415e74faf002186e13ae33190976f1ae61cece045fb76,2026-08-06
Q5T4F7,SFRP5_HUMAN,Q5T4F7,unclassified,active,true,,e22d7643ea01abd0dce415e74faf002186e13ae33190976f1ae61cece045fb76,2026-08-06
Q8WV19,SFT2A_HUMAN,Q8WV19,non_surface,active,true,,e22d7643ea01abd0dce415e74faf002186e13ae33190976f1ae61cece045fb76,2026-08-06
O95562,SFT2B_HUMAN,O95562,non_surface,active,true,,e22d7643ea01abd0dce415e74faf002186e13ae33190976f1ae61cece045fb76,2026-08-06
Q587I9,SFT2C_HUMAN,Q587I9,non_surface,active,true,,e22d7643ea01abd0dce415e74faf002186e13ae33190976f1ae61cece045fb76,2026-08-06
Q8IWL2,SFTA1_HUMAN,Q8IWL2,unclassified,active,true,,e22d7643ea01abd0dce415e74faf002186e13ae33190976f1ae61cece045fb76,2026-08-06
Q6UW10,SFTA2_HUMAN,Q6UW10,unclassified,active,true,,e22d7643ea01abd0dce415e74faf002186e13ae33190976f1ae61cece045fb76,2026-08-06
P35247,SFTPD_HUMAN,P35247,unclassified,active,true,,e22d7643ea01abd0dce415e74faf002186e13ae33190976f1ae61cece045fb76,2026-08-06
Q9H9B4,SFXN1_HUMAN,Q9H9B4,non_surface,active,true,,e22d7643ea01abd0dce415e74faf002186e13ae33190976f1ae61cece045fb76,2026-08-06
Q96NB2,SFXN2_HUMAN,Q96NB2,non_surface,active,true,,e22d7643ea01abd0dce415e74faf002186e13ae33190976f1ae61cece045fb76,2026-08-06
Q9BWM7,SFXN3_HUMAN,Q9BWM7,non_surface,active,true,,e22d7643ea01abd0dce415e74faf002186e13ae33190976f1ae61cece045fb76,2026-08-06
Q6P4A7,SFXN4_HUMAN,Q6P4A7,non_surface,active,true,,e22d7643ea01abd0dce415e74faf002186e13ae33190976f1ae61cece045fb76,2026-08-06
Q8TD22,SFXN5_HUMAN,Q8TD22,non_surface,active,true,,e22d7643ea01abd0dce415e74faf002186e13ae33190976f1ae61cece045fb76,2026-08-06
Q6PDA7,SG11A_HUMAN,Q6PDA7,unclassified,active,true,,e22d7643ea01abd0dce415e74faf002186e13ae33190976f1ae61cece045fb76,2026-08-06
Q08648,SG11B_HUMAN,Q08648,unclassified,active,true,,e22d7643ea01abd0dce415e74faf002186e13ae33190976f1ae61cece045fb76,2026-08-06
Q9H5K3,SG196_HUMAN,Q9H5K3,non_surface,active,true,,e22d7643ea01abd0dce415e74faf002186e13ae33190976f1ae61cece045fb76,2026-08-06
Q8TD33,SG1C1_HUMAN,Q8TD33,unclassified,active,true,,e22d7643ea01abd0dce415e74faf002186e13ae33190976f1ae61cece045fb76,2026-08-06
P0DMR2,SG1C2_HUMAN,P0DMR2,unclassified,active,true,,e22d7643ea01abd0dce415e74faf002186e13ae33190976f1ae61cece045fb76,2026-08-06
O95968,SG1D1_HUMAN,O95968,unclassified,active,true,,e22d7643ea01abd0dce415e74faf002186e13ae33190976f1ae61cece045fb76,2026-08-06
O95969,SG1D2_HUMAN,O95969,unclassified,active,true,,e22d7643ea01abd0dce415e74faf002186e13ae33190976f1ae61cece045fb76,2026-08-06
Q6XE38,SG1D4_HUMAN,Q6XE38,unclassified,active,true,,e22d7643ea01abd0dce415e74faf002186e13ae33190976f1ae61cece045fb76,2026-08-06
O75556,SG2A1_HUMAN,O75556,unclassified,active,true,,e22d7643ea01abd0dce415e74faf002186e13ae33190976f1ae61cece045fb76,2026-08-06
Q13296,SG2A2_HUMAN,Q13296,unclassified,active,true,,e22d7643ea01abd0dce415e74faf002186e13ae33190976f1ae61cece045fb76,2026-08-06
Q96QR1,SG3A1_HUMAN,Q96QR1,unclassified,active,true,,e22d7643ea01abd0dce415e74faf002186e13ae33190976f1ae61cece045fb76,2026-08-06
Q96PL1,SG3A2_HUMAN,Q96PL1,unclassified,active,true,,e22d7643ea01abd0dce415e74faf002186e13ae33190976f1ae61cece045fb76,2026-08-06
Q16586,SGCA_HUMAN,Q16586,surface,active,true,,e22d7643ea01abd0dce415e74faf002186e13ae33190976f1ae61cece045fb76,2026-08-06
Q16585,SGCB_HUMAN,Q16585,surface,active,true,,e22d7643ea01abd0dce415e74faf002186e13ae33190976f1ae61cece045fb76,2026-08-06
Q92629,SGCD_HUMAN,Q92629,surface,active,true,,e22d7643ea01abd0dce415e74faf002186e13ae33190976f1ae61cece045fb76,2026-08-06
O43556,SGCE_HUMAN,O43556,surface,active,true,,e22d7643ea01abd0dce415e74faf002186e13ae33190976f1ae61cece045fb76,2026-08-06
Q13326,SGCG_HUMAN,Q13326,unclassified,active,true,,e22d7643ea01abd0dce415e74faf002186e13ae33190976f1ae61cece045fb76,2026-08-06
Q96LD1,SGCZ_HUMAN,Q96LD1,surface,active,true,,e22d7643ea01abd0dce415e74faf002186e13ae33190976f1ae61cece045fb76,2026-08-06
Q99720,SGMR1_HUMAN,Q99720,non_surface,active,true,,e22d7643ea01abd0dce415e74faf002186e13ae33190976f1ae61cece045fb76,2026-08-06
O95470,SGPL1_HUMAN,O95470,non_surface,active,true,,e22d7643ea01abd0dce415e74faf002186e13ae33190976f1ae61cece045fb76,2026-08-06
Q9BX95,SGPP1_HUMAN,Q9BX95,non_surface,active,true,,e22d7643ea01abd0dce415e74faf002186e13ae33190976f1ae61cece045fb76,2026-08-06
Q8IWX5,SGPP2_HUMAN,Q8IWX5,non_surface,active,true,,e22d7643ea01abd0dce415e74faf002186e13ae33190976f1ae61cece045fb76,2026-08-06
O14796,SH21B_HUMAN,O14796,non_surface,active,true,,e22d7643ea01abd0dce415e74faf002186e13ae33190976f1ae61cece045fb76,2026-08-06
Q8TEJ3,SH3R3_HUMAN,Q8TEJ3,unclassified,active,true,,e22d7643ea01abd0dce415e74faf002186e13ae33190976f1ae61cece045fb76,2026-08-06
P04278,SHBG_HUMAN,P04278,unclassified,active,true,,e22d7643ea01abd0dce415e74faf002186e13ae33190976f1ae61cece045fb76,2026-08-06
Q6S5L8,SHC4_HUMAN,Q6S5L8,unclassified,active,true,,e22d7643ea01abd0dce415e74faf002186e13ae33190976f1ae61cece045fb76,2026-08-06
Q15465,SHH_HUMAN,Q15465,unclassified,active,true,,e22d7643ea01abd0dce415e74faf002186e13ae33190976f1ae61cece045fb76,2026-08-06
P78324,SHPS1_HUMAN,P78324,surface,active,true,,e22d7643ea01abd0dce415e74faf002186e13ae33190976f1ae61cece045fb76,2026-08-06
Q6UWI4,SHSA2_HUMAN,Q6UWI4,non_surface,active,true,,e22d7643ea01abd0dce415e74faf002186e13ae33190976f1ae61cece045fb76,2026-08-06
A0PJX4,SHSA3_HUMAN,A0PJX4,non_surface,active,true,,e22d7643ea01abd0dce415e74faf002186e13ae33190976f1ae61cece045fb76,2026-08-06
Q96DD7,SHSA4_HUMAN,Q96DD7,surface,active,true,,e22d7643ea01abd0dce415e74faf002186e13ae33190976f1ae61cece045fb76,2026-08-06
Q8N114,SHSA5_HUMAN,Q8N114,non_surface,active,true,,e22d7643ea01abd0dce415e74faf002186e13ae33190976f1ae61cece045fb76,2026-08-06
Q6ZSJ9,SHSA6_HUMAN,Q6ZSJ9,surface,active,true,,e22d7643ea01abd0dce415e74faf002186e13ae33190976f1ae61cece045fb76,2026-08-06
A6NL88,SHSA7_HUMAN,A6NL88,surface,active,true,,e22d7643ea01abd0dce415e74faf002186e13ae33190976f1ae61cece045fb76,2026-08-06
B8ZZ34,SHSA8_HUMAN,B8ZZ34,surface,active,true,,e22d7643ea01abd0dce415e74faf002186e13ae33190976f1ae61cece045fb76,2026-08-06
B4DS77,SHSA9_HUMAN,B4DS77,surface,active,true,,e22d7643ea01abd0dce415e74faf002186e13ae33190976f1ae61cece045fb76,2026-08-06
Q5T5W8,SI11L_HUMAN,Q5T5W8,non_surface,inactive,false,uniprot_inactive,e22d7643ea01abd0dce415e74faf002186e13ae33190976f1ae61cece045fb76,2026-08-06
Q9Y274,SIA10_HUMAN,Q9Y274,non_surface,active,true,,e22d7643ea01abd0dce415e74faf002186e13ae33190976f1ae61cece045fb76,2026-08-06
Q11201,SIA4A_HUMAN,Q11201,non_surface,active,true,,e22d7643ea01abd0dce415e74faf002186e13ae33190976f1ae61cece045fb76,2026-08-06
Q16842,SIA4B_HUMAN,Q16842,non_surface,active,true,,e22d7643ea01abd0dce415e74faf002186e13ae33190976f1ae61cece045fb76,2026-08-06
Q11206,SIA4C_HUMAN,Q11206,non_surface,active,true,,e22d7643ea01abd0dce415e74faf002186e13ae33190976f1ae61cece045fb76,2026-08-06
Q9NSC7,SIA7A_HUMAN,Q9NSC7,non_surface,active,true,,e22d7643ea01abd0dce415e74faf002186e13ae33190976f1ae61cece045fb76,2026-08-06
Q9UJ37,SIA7B_HUMAN,Q9UJ37,non_surface,active,true,,e22d7643ea01abd0dce415e74faf002186e13ae33190976f1ae61cece045fb76,2026-08-06
Q8NDV1,SIA7C_HUMAN,Q8NDV1,non_surface,active,true,,e22d7643ea01abd0dce415e74faf002186e13ae33190976f1ae61cece045fb76,2026-08-06
Q9H4F1,SIA7D_HUMAN,Q9H4F1,non_surface,active,true,,e22d7643ea01abd0dce415e74faf002186e13ae33190976f1ae61cece045fb76,2026-08-06
Q9BVH7,SIA7E_HUMAN,Q9BVH7,non_surface,active,true,,e22d7643ea01abd0dce415e74faf002186e13ae33190976f1ae61cece045fb76,2026-08-06
Q969X2,SIA7F_HUMAN,Q969X2,non_surface,active,true,,e22d7643ea01abd0dce415e74faf002186e13ae33190976f1ae61cece045fb76,2026-08-06
Q92185,SIA8A_HUMAN,Q92185,non_surface,active,true,,e22d7643ea01abd0dce415e74faf002186e13ae33190976f1ae61cece045fb76,2026-08-06
Q92186,SIA8B_HUMAN,Q92186,non_surface,active,true,,e22d7643ea01abd0dce415e74faf002186e13ae33190976f1ae61cece045fb76,2026-08-06
O43173,SIA8C_HUMAN,O43173,non_surface,active,true,,e22d7643ea01abd0dce415e74faf002186e13ae33190976f1ae61cece045fb76,2026-08-06
Q92187,SIA8D_HUMAN,Q92187,non_surface,active,true,,e22d7643ea01abd0dce415e74faf002186e13ae33190976f1ae61cece045fb76,2026-08-06
O15466,SIA8E_HUMAN,O15466,non_surface,active,true,,e22d7643ea01abd0dce415e74faf002186e13ae33190976f1ae61cece045fb76,2026-08-06
P61647,SIA8F_HUMAN,P61647,non_surface,active,true,,e22d7643ea01abd0dce415e74faf002186e13ae33190976f1ae61cece045fb76,2026-08-06
Q9HAT2,SIAE_HUMAN,Q9HAT2,unclassified,active,true,,e22d7643ea01abd0dce415e74faf002186e13ae33190976f1ae61cece045fb76,2026-08-06
P21815,SIAL_HUMAN,P21815,unclassified,active,true,,e22d7643ea01abd0dce415e74faf002186e13ae33190976f1ae61cece045fb76,2026-08-06
P15907,SIAT1_HUMAN,P15907,non_surface,active,true,,e22d7643ea01abd0dce415e74faf002186e13ae33190976f1ae61cece045fb76,2026-08-06
Q96JF0,SIAT2_HUMAN,Q96JF0,non_surface,active,true,,e22d7643ea01abd0dce415e74faf002186e13ae33190976f1ae61cece045fb76,2026-08-06
Q11203,SIAT6_HUMAN,Q11203,non_surface,active,true,,e22d7643ea01abd0dce415e74faf002186e13ae33190976f1ae61cece045fb76,2026-08-06
Q9UNP4,SIAT9_HUMAN,Q9UNP4,unclassified,active,true,,e22d7643ea01abd0dce415e74faf002186e13ae33190976f1ae61cece045fb76,2026-08-06
Q9NXL6,SIDT1_HUMAN,Q9NXL6,surface,active,true,,e22d7643ea01abd0dce415e74faf002186e13ae33190976f1ae61cece045fb76,2026-08-06
Q8NBJ9,SIDT2_HUMAN,Q8NBJ9,surface,active,true,,e22d7643ea01abd0dce415e74faf002186e13ae33190976f1ae61cece045fb76,2026-08-06
Q96LC7,SIG10_HUMAN,Q96LC7,surface,active,true,,e22d7643ea01abd0dce415e74faf002186e13ae33190976f1ae61cece045fb76,2026-08-06
Q96RL6,SIG11_HUMAN,Q96RL6,surface,active,true,,e22d7643ea01abd0dce415e74faf002186e13ae33190976f1ae61cece045fb76,2026-08-06
Q96PQ1,SIG12_HUMAN,Q96PQ1,surface,active,true,,e22d7643ea01abd0dce415e74faf002186e13ae33190976f1ae61cece045fb76,2026-08-06
Q08ET2,SIG14_HUMAN,Q08ET2,surface,active,true,,e22d7643ea01abd0dce415e74faf002186e13ae33190976f1ae61cece045fb76,2026-08-06
Q6ZMC9,SIG15_HUMAN,Q6ZMC9,surface,active,true,,e22d7643ea01abd0dce415e74faf002186e13ae33190976f1ae61cece045fb76,2026-08-06
A6NMB1,SIG16_HUMAN,A6NMB1,surface,active,true,,e22d7643ea01abd0dce415e74faf002186e13ae33190976f1ae61cece045fb76,2026-08-06
Q6IA17,SIGIR_HUMAN,Q6IA17,surface,active,true,,e22d7643ea01abd0dce415e74faf002186e13ae33190976f1ae61cece045fb76,2026-08-06
Q8N7X8,SIGL1_HUMAN,Q8N7X8,surface,active,true,,e22d7643ea01abd0dce415e74faf002186e13ae33190976f1ae61cece045fb76,2026-08-06
O15389,SIGL5_HUMAN,O15389,surface,active,true,,e22d7643ea01abd0dce415e74faf002186e13ae33190976f1ae61cece045fb76,2026-08-06
O43699,SIGL6_HUMAN,O43699,surface,active,true,,e22d7643ea01abd0dce415e74faf002186e13ae33190976f1ae61cece045fb76,2026-08-06
Q9Y286,SIGL7_HUMAN,Q9Y286,surface,active,true,,e22d7643ea01abd0dce415e74faf002186e13ae33190976f1ae61cece045fb76,2026-08-06
Q9NYZ4,SIGL8_HUMAN,Q9NYZ4,surface,active,true,,e22d7643ea01abd0dce415e74faf002186e13ae33190976f1ae61cece045fb76,2026-08-06
Q9Y336,SIGL9_HUMAN,Q9Y336,surface,active,true,,e22d7643ea01abd0dce415e74faf002186e13ae33190976f1ae61cece045fb76,2026-08-06
Q9H173,SIL1_HUMAN,Q9H173,unclassified,active,true,,e22d7643ea01abd0dce415e74faf002186e13ae33190976f1ae61cece045fb76,2026-08-06
Q96HG1,SIM10_HUMAN,Q96HG1,non_surface,active,true,,e22d7643ea01abd0dce415e74faf002186e13ae33190976f1ae61cece045fb76,2026-08-06
P58511,SIM11_HUMAN,P58511,non_surface,active,true,,e22d7643ea01abd0dce415e74faf002186e13ae33190976f1ae61cece045fb76,2026-08-06
Q96EX1,SIM12_HUMAN,Q96EX1,non_surface,active,true,,e22d7643ea01abd0dce415e74faf002186e13ae33190976f1ae61cece045fb76,2026-08-06
P0DJ93,SIM13_HUMAN,P0DJ93,non_surface,active,true,,e22d7643ea01abd0dce415e74faf002186e13ae33190976f1ae61cece045fb76,2026-08-06
Q96QK8,SIM14_HUMAN,Q96QK8,non_surface,active,true,,e22d7643ea01abd0dce415e74faf002186e13ae33190976f1ae61cece045fb76,2026-08-06
Q7Z3B0,SIM15_HUMAN,Q7Z3B0,non_surface,active,true,,e22d7643ea01abd0dce415e74faf002186e13ae33190976f1ae61cece045fb76,2026-08-06
A6NCI5,SIM16_HUMAN,A6NCI5,non_surface,active,true,,e22d7643ea01abd0dce415e74faf002186e13ae33190976f1ae61cece045fb76,2026-08-06
P0DL12,SIM17_HUMAN,P0DL12,non_surface,active,true,,e22d7643ea01abd0dce415e74faf002186e13ae33190976f1ae61cece045fb76,2026-08-06
P0DKX4,SIM18_HUMAN,P0DKX4,unclassified,active,true,,e22d7643ea01abd0dce415e74faf002186e13ae33190976f1ae61cece045fb76,2026-08-06
K7EJ46,SIM22_HUMAN,K7EJ46,non_surface,active,true,,e22d7643ea01abd0dce415e74faf002186e13ae33190976f1ae61cece045fb76,2026-08-06
A6NLE4,SIM23_HUMAN,A6NLE4,non_surface,active,true,,e22d7643ea01abd0dce415e74faf002186e13ae33190976f1ae61cece045fb76,2026-08-06
O75264,SIM24_HUMAN,O75264,non_surface,active,true,,e22d7643ea01abd0dce415e74faf002186e13ae33190976f1ae61cece045fb76,2026-08-06
Q9Y6E7,SIR4_HUMAN,Q9Y6E7,unclassified,active,true,,e22d7643ea01abd0dce415e74faf002186e13ae33190976f1ae61cece045fb76,2026-08-06
O00241,SIRB1_HUMAN,O00241,surface,active,true,,e22d7643ea01abd0dce415e74faf002186e13ae33190976f1ae61cece045fb76,2026-08-06
Q5JXA9,SIRB2_HUMAN,Q5JXA9,surface,active,true,,e22d7643ea01abd0dce415e74faf002186e13ae33190976f1ae61cece045fb76,2026-08-06
Q5TFQ8,SIRBL_HUMAN,Q5TFQ8,surface,active,true,,e22d7643ea01abd0dce415e74faf002186e13ae33190976f1ae61cece045fb76,2026-08-06
Q9H106,SIRPD_HUMAN,Q9H106,unclassified,active,true,,e22d7643ea01abd0dce415e74faf002186e13ae33190976f1ae61cece045fb76,2026-08-06
Q9P1W8,SIRPG_HUMAN,Q9P1W8,surface,active,true,,e22d7643ea01abd0dce415e74faf002186e13ae33190976f1ae61cece045fb76,2026-08-06
Q9Y3P8,SIT1_HUMAN,Q9Y3P8,surface,active,true,,e22d7643ea01abd0dce415e74faf002186e13ae33190976f1ae61cece045fb76,2026-08-06
A8MVG2,SKIT1_HUMAN,A8MVG2,non_surface,inactive,false,uniprot_inactive,e22d7643ea01abd0dce415e74faf002186e13ae33190976f1ae61cece045fb76,2026-08-06
P19634,SL9A1_HUMAN,P19634,surface,active,true,,e22d7643ea01abd0dce415e74faf002186e13ae33190976f1ae61cece045fb76,2026-08-06
Q9UBY0,SL9A2_HUMAN,Q9UBY0,surface,active,true,,e22d7643ea01abd0dce415e74faf002186e13ae33190976f1ae61cece045fb76,2026-08-06
P48764,SL9A3_HUMAN,P48764,surface,active,true,,e22d7643ea01abd0dce415e74faf002186e13ae33190976f1ae61cece045fb76,2026-08-06
Q6AI14,SL9A4_HUMAN,Q6AI14,unclassified,active,true,,e22d7643ea01abd0dce415e74faf002186e13ae33190976f1ae61cece045fb76,2026-08-06
Q14940,SL9A5_HUMAN,Q14940,unclassified,active,true,,e22d7643ea01abd0dce415e74faf002186e13ae33190976f1ae61cece045fb76,2026-08-06
Q92581,SL9A6_HUMAN,Q92581,surface,active,true,,e22d7643ea01abd0dce415e74faf002186e13ae33190976f1ae61cece045fb76,2026-08-06
Q96T83,SL9A7_HUMAN,Q96T83,surface,active,true,,e22d7643ea01abd0dce415e74faf002186e13ae33190976f1ae61cece045fb76,2026-08-06
Q9Y2E8,SL9A8_HUMAN,Q9Y2E8,non_surface,active,true,,e22d7643ea01abd0dce415e74faf002186e13ae33190976f1ae61cece045fb76,2026-08-06
Q8IVB4,SL9A9_HUMAN,Q8IVB4,unclassified,active,true,,e22d7643ea01abd0dce415e74faf002186e13ae33190976f1ae61cece045fb76,2026-08-06
Q4ZJI4,SL9B1_HUMAN,Q4ZJI4,non_surface,active,true,,e22d7643ea01abd0dce415e74faf002186e13ae33190976f1ae61cece045fb76,2026-08-06
Q86UD5,SL9B2_HUMAN,Q86UD5,non_surface,active,true,,e22d7643ea01abd0dce415e74faf002186e13ae33190976f1ae61cece045fb76,2026-08-06
Q4G0N8,SL9C1_HUMAN,Q4G0N8,unclassified,active,true,,e22d7643ea01abd0dce415e74faf002186e13ae33190976f1ae61cece045fb76,2026-08-06
Q5TAH2,SL9C2_HUMAN,Q5TAH2,non_surface,active,true,,e22d7643ea01abd0dce415e74faf002186e13ae33190976f1ae61cece045fb76,2026-08-06
A6NJY1,SL9P1_HUMAN,A6NJY1,non_surface,active,true,,e22d7643ea01abd0dce415e74faf002186e13ae33190976f1ae61cece045fb76,2026-08-06
Q13291,SLAF1_HUMAN,Q13291,surface,active,true,,e22d7643ea01abd0dce415e74faf002186e13ae33190976f1ae61cece045fb76,2026-08-06
Q9UIB8,SLAF5_HUMAN,Q9UIB8,surface,active,true,,e22d7643ea01abd0dce415e74faf002186e13ae33190976f1ae61cece045fb76,2026-08-06
Q96DU3,SLAF6_HUMAN,Q96DU3,surface,active,true,,e22d7643ea01abd0dce415e74faf002186e13ae33190976f1ae61cece045fb76,2026-08-06
Q9NQ25,SLAF7_HUMAN,Q9NQ25,surface,active,true,,e22d7643ea01abd0dce415e74faf002186e13ae33190976f1ae61cece045fb76,2026-08-06
Q9P0V8,SLAF8_HUMAN,Q9P0V8,surface,active,true,,e22d7643ea01abd0dce415e74faf002186e13ae33190976f1ae61cece045fb76,2026-08-06
Q96A28,SLAF9_HUMAN,Q96A28,surface,active,true,,e22d7643ea01abd0dce415e74faf002186e13ae33190976f1ae61cece045fb76,2026-08-06
Q07837,SLC31_HUMAN,Q07837,surface,active,true,,e22d7643ea01abd0dce415e74faf002186e13ae33190976f1ae61cece045fb76,2026-08-06
P01286,SLIB_HUMAN,P01286,unclassified,active,true,,e22d7643ea01abd0dce415e74faf002186e13ae33190976f1ae61cece045fb76,2026-08-06
Q96PX8,SLIK1_HUMAN,Q96PX8,surface,active,true,,e22d7643ea01abd0dce415e74faf002186e13ae33190976f1ae61cece045fb76,2026-08-06
Q9H156,SLIK2_HUMAN,Q9H156,surface,active,true,,e22d7643ea01abd0dce415e74faf002186e13ae33190976f1ae61cece045fb76,2026-08-06
O94933,SLIK3_HUMAN,O94933,surface,active,true,,e22d7643ea01abd0dce415e74faf002186e13ae33190976f1ae61cece045fb76,2026-08-06
Q8IW52,SLIK4_HUMAN,Q8IW52,surface,active,true,,e22d7643ea01abd0dce415e74faf002186e13ae33190976f1ae61cece045fb76,2026-08-06
O94991,SLIK5_HUMAN,O94991,surface,active,true,,e22d7643ea01abd0dce415e74faf002186e13ae33190976f1ae61cece045fb76,2026-08-06
Q9H5Y7,SLIK6_HUMAN,Q9H5Y7,surface,active,true,,e22d7643ea01abd0dce415e74faf002186e13ae33190976f1ae61cece045fb76,2026-08-06
O75093,SLIT1_HUMAN,O75093,unclassified,active,true,,e22d7643ea01abd0dce415e74faf002186e13ae33190976f1ae61cece045fb76,2026-08-06
O94813,SLIT2_HUMAN,O94813,unclassified,active,true,,e22d7643ea01abd0dce415e74faf002186e13ae33190976f1ae61cece045fb76,2026-08-06
O75094,SLIT3_HUMAN,O75094,unclassified,active,true,,e22d7643ea01abd0dce415e74faf002186e13ae33190976f1ae61cece045fb76,2026-08-06
Q14BN4,SLMAP_HUMAN,Q14BN4,non_surface,active,true,,e22d7643ea01abd0dce415e74faf002186e13ae33190976f1ae61cece045fb76,2026-08-06
P03973,SLPI_HUMAN,P03973,unclassified,active,true,,e22d7643ea01abd0dce415e74faf002186e13ae33190976f1ae61cece045fb76,2026-08-06
Q9NWH9,SLTM_HUMAN,Q9NWH9,unclassified,active,true,,e22d7643ea01abd0dce415e74faf002186e13ae33190976f1ae61cece045fb76,2026-08-06
P55000,SLUR1_HUMAN,P55000,unclassified,active,true,,e22d7643ea01abd0dce415e74faf002186e13ae33190976f1ae61cece045fb76,2026-08-06
Q0VAQ4,SMAGP_HUMAN,Q0VAQ4,non_surface,active,true,,e22d7643ea01abd0dce415e74faf002186e13ae33190976f1ae61cece045fb76,2026-08-06
A6NFE2,SMCO2_HUMAN,A6NFE2,non_surface,active,true,,e22d7643ea01abd0dce415e74faf002186e13ae33190976f1ae61cece045fb76,2026-08-06
Q9NRQ5,SMCO4_HUMAN,Q9NRQ5,non_surface,active,true,,e22d7643ea01abd0dce415e74faf002186e13ae33190976f1ae61cece045fb76,2026-08-06
Q9NPB0,SMDC1_HUMAN,Q9NPB0,unclassified,active,true,,e22d7643ea01abd0dce415e74faf002186e13ae33190976f1ae61cece045fb76,2026-08-06
Q9UPR3,SMG5_HUMAN,Q9UPR3,non_surface,active,true,,e22d7643ea01abd0dce415e74faf002186e13ae33190976f1ae61cece045fb76,2026-08-06
Q96E16,SMI19_HUMAN,Q96E16,non_surface,active,true,,e22d7643ea01abd0dce415e74faf002186e13ae33190976f1ae61cece045fb76,2026-08-06
Q8N5G0,SMI20_HUMAN,Q8N5G0,non_surface,active,true,,e22d7643ea01abd0dce415e74faf002186e13ae33190976f1ae61cece045fb76,2026-08-06
Q3B7S5,SMI21_HUMAN,Q3B7S5,non_surface,active,true,,e22d7643ea01abd0dce415e74faf002186e13ae33190976f1ae61cece045fb76,2026-08-06
B2RUZ4,SMIM1_HUMAN,B2RUZ4,non_surface,active,true,,e22d7643ea01abd0dce415e74faf002186e13ae33190976f1ae61cece045fb76,2026-08-06
Q9BVW6,SMIM2_HUMAN,Q9BVW6,non_surface,active,true,,e22d7643ea01abd0dce415e74faf002186e13ae33190976f1ae61cece045fb76,2026-08-06
Q9BZL3,SMIM3_HUMAN,Q9BZL3,non_surface,active,true,,e22d7643ea01abd0dce415e74faf002186e13ae33190976f1ae61cece045fb76,2026-08-06
Q8WVI0,SMIM4_HUMAN,Q8WVI0,non_surface,active,true,,e22d7643ea01abd0dce415e74faf002186e13ae33190976f1ae61cece045fb76,2026-08-06
Q71RC9,SMIM5_HUMAN,Q71RC9,non_surface,active,true,,e22d7643ea01abd0dce415e74faf002186e13ae33190976f1ae61cece045fb76,2026-08-06
P0DI80,SMIM6_HUMAN,P0DI80,non_surface,active,true,,e22d7643ea01abd0dce415e74faf002186e13ae33190976f1ae61cece045fb76,2026-08-06
Q9BQ49,SMIM7_HUMAN,Q9BQ49,non_surface,active,true,,e22d7643ea01abd0dce415e74faf002186e13ae33190976f1ae61cece045fb76,2026-08-06
Q96KF7,SMIM8_HUMAN,Q96KF7,non_surface,active,true,,e22d7643ea01abd0dce415e74faf002186e13ae33190976f1ae61cece045fb76,2026-08-06
A6NGZ8,SMIM9_HUMAN,A6NGZ8,unclassified,active,true,,e22d7643ea01abd0dce415e74faf002186e13ae33190976f1ae61cece045fb76,2026-08-06
H3BR10,SMLR1_HUMAN,H3BR10,non_surface,active,true,,e22d7643ea01abd0dce415e74faf002186e13ae33190976f1ae61cece045fb76,2026-08-06
Q9H4F8,SMOC1_HUMAN,Q9H4F8,unclassified,active,true,,e22d7643ea01abd0dce415e74faf002186e13ae33190976f1ae61cece045fb76,2026-08-06
Q9H3U7,SMOC2_HUMAN,Q9H3U7,unclassified,active,true,,e22d7643ea01abd0dce415e74faf002186e13ae33190976f1ae61cece045fb76,2026-08-06
Q9NWM0,SMOX_HUMAN,Q9NWM0,non_surface,active,true,,e22d7643ea01abd0dce415e74faf002186e13ae33190976f1ae61cece045fb76,2026-08-06
Q99835,SMO_HUMAN,Q99835,surface,active,true,,e22d7643ea01abd0dce415e74faf002186e13ae33190976f1ae61cece045fb76,2026-08-06
Q99954,SMR3A_HUMAN,Q99954,unclassified,active,true,,e22d7643ea01abd0dce415e74faf002186e13ae33190976f1ae61cece045fb76,2026-08-06
P02814,SMR3B_HUMAN,P02814,unclassified,active,true,,e22d7643ea01abd0dce415e74faf002186e13ae33190976f1ae61cece045fb76,2026-08-06
Q86VZ5,SMS1_HUMAN,Q86VZ5,non_surface,active,true,,e22d7643ea01abd0dce415e74faf002186e13ae33190976f1ae61cece045fb76,2026-08-06
Q8NHU3,SMS2_HUMAN,Q8NHU3,non_surface,active,true,,e22d7643ea01abd0dce415e74faf002186e13ae33190976f1ae61cece045fb76,2026-08-06
P61278,SMS_HUMAN,P61278,unclassified,active,true,,e22d7643ea01abd0dce415e74faf002186e13ae33190976f1ae61cece045fb76,2026-08-06
Q8IYR2,SMYD4_HUMAN,Q8IYR2,unclassified,active,true,,e22d7643ea01abd0dce415e74faf002186e13ae33190976f1ae61cece045fb76,2026-08-06
Q6IEE8,SN12L_HUMAN,Q6IEE8,non_surface,active,true,,e22d7643ea01abd0dce415e74faf002186e13ae33190976f1ae61cece045fb76,2026-08-06
Q8TER0,SNED1_HUMAN,Q8TER0,unclassified,active,true,,e22d7643ea01abd0dce415e74faf002186e13ae33190976f1ae61cece045fb76,2026-08-06
O43759,SNG1_HUMAN,O43759,unclassified,active,true,,e22d7643ea01abd0dce415e74faf002186e13ae33190976f1ae61cece045fb76,2026-08-06
A8MWL6,SNG2L_HUMAN,A8MWL6,unclassified,active,true,,e22d7643ea01abd0dce415e74faf002186e13ae33190976f1ae61cece045fb76,2026-08-06
O43760,SNG2_HUMAN,O43760,unclassified,active,true,,e22d7643ea01abd0dce415e74faf002186e13ae33190976f1ae61cece045fb76,2026-08-06
O43761,SNG3_HUMAN,O43761,unclassified,active,true,,e22d7643ea01abd0dce415e74faf002186e13ae33190976f1ae61cece045fb76,2026-08-06
O95473,SNG4_HUMAN,O95473,non_surface,active,true,,e22d7643ea01abd0dce415e74faf002186e13ae33190976f1ae61cece045fb76,2026-08-06
Q9HBX3,SNIT1_HUMAN,Q9HBX3,non_surface,active,true,,e22d7643ea01abd0dce415e74faf002186e13ae33190976f1ae61cece045fb76,2026-08-06
O75324,SNN_HUMAN,O75324,non_surface,active,true,,e22d7643ea01abd0dce415e74faf002186e13ae33190976f1ae61cece045fb76,2026-08-06
O15079,SNPH_HUMAN,O15079,non_surface,active,true,,e22d7643ea01abd0dce415e74faf002186e13ae33190976f1ae61cece045fb76,2026-08-06
Q13884,SNTB1_HUMAN,Q13884,unclassified,active,true,,e22d7643ea01abd0dce415e74faf002186e13ae33190976f1ae61cece045fb76,2026-08-06
Q13425,SNTB2_HUMAN,Q13425,unclassified,active,true,,e22d7643ea01abd0dce415e74faf002186e13ae33190976f1ae61cece045fb76,2026-08-06
Q9Y5W8,SNX13_HUMAN,Q9Y5W8,non_surface,active,true,,e22d7643ea01abd0dce415e74faf002186e13ae33190976f1ae61cece045fb76,2026-08-06
Q9Y5W7,SNX14_HUMAN,Q9Y5W7,non_surface,active,true,,e22d7643ea01abd0dce415e74faf002186e13ae33190976f1ae61cece045fb76,2026-08-06
Q92543,SNX19_HUMAN,Q92543,non_surface,active,true,,e22d7643ea01abd0dce415e74faf002186e13ae33190976f1ae61cece045fb76,2026-08-06
Q13596,SNX1_HUMAN,Q13596,non_surface,active,true,,e22d7643ea01abd0dce415e74faf002186e13ae33190976f1ae61cece045fb76,2026-08-06
Q9Y5X2,SNX8_HUMAN,Q9Y5X2,unclassified,active,true,,e22d7643ea01abd0dce415e74faf002186e13ae33190976f1ae61cece045fb76,2026-08-06
Q9BZZ2,SN_HUMAN,Q9BZZ2,surface,active,true,,e22d7643ea01abd0dce415e74faf002186e13ae33190976f1ae61cece045fb76,2026-08-06
P46721,SO1A2_HUMAN,P46721,surface,active,true,,e22d7643ea01abd0dce415e74faf002186e13ae33190976f1ae61cece045fb76,2026-08-06
Q9Y6L6,SO1B1_HUMAN,Q9Y6L6,surface,active,true,,e22d7643ea01abd0dce415e74faf002186e13ae33190976f1ae61cece045fb76,2026-08-06
Q9NPD5,SO1B3_HUMAN,Q9NPD5,surface,active,true,,e22d7643ea01abd0dce415e74faf002186e13ae33190976f1ae61cece045fb76,2026-08-06
G3V0H7,SO1B7_HUMAN,G3V0H7,surface,active,true,,e22d7643ea01abd0dce415e74faf002186e13ae33190976f1ae61cece045fb76,2026-08-06
Q9NYB5,SO1C1_HUMAN,Q9NYB5,surface,active,true,,e22d7643ea01abd0dce415e74faf002186e13ae33190976f1ae61cece045fb76,2026-08-06
Q92959,SO2A1_HUMAN,Q92959,surface,active,true,,e22d7643ea01abd0dce415e74faf002186e13ae33190976f1ae61cece045fb76,2026-08-06
O94956,SO2B1_HUMAN,O94956,surface,active,true,,e22d7643ea01abd0dce415e74faf002186e13ae33190976f1ae61cece045fb76,2026-08-06
Q9UIG8,SO3A1_HUMAN,Q9UIG8,surface,active,true,,e22d7643ea01abd0dce415e74faf002186e13ae33190976f1ae61cece045fb76,2026-08-06
Q96BD0,SO4A1_HUMAN,Q96BD0,surface,active,true,,e22d7643ea01abd0dce415e74faf002186e13ae33190976f1ae61cece045fb76,2026-08-06
Q6ZQN7,SO4C1_HUMAN,Q6ZQN7,surface,active,true,,e22d7643ea01abd0dce415e74faf002186e13ae33190976f1ae61cece045fb76,2026-08-06
Q9H2Y9,SO5A1_HUMAN,Q9H2Y9,surface,active,true,,e22d7643ea01abd0dce415e74faf002186e13ae33190976f1ae61cece045fb76,2026-08-06
Q86UG4,SO6A1_HUMAN,Q86UG4,surface,active,true,,e22d7643ea01abd0dce415e74faf002186e13ae33190976f1ae61cece045fb76,2026-08-06
P35610,SOAT1_HUMAN,P35610,non_surface,active,true,,e22d7643ea01abd0dce415e74faf002186e13ae33190976f1ae61cece045fb76,2026-08-06
O75908,SOAT2_HUMAN,O75908,non_surface,active,true,,e22d7643ea01abd0dce415e74faf002186e13ae33190976f1ae61cece045fb76,2026-08-06
Q3KNW5,SOAT_HUMAN,Q3KNW5,surface,active,true,,e22d7643ea01abd0dce415e74faf002186e13ae33190976f1ae61cece045fb76,2026-08-06
P08294,SODE_HUMAN,P08294,unclassified,active,true,,e22d7643ea01abd0dce415e74faf002186e13ae33190976f1ae61cece045fb76,2026-08-06
Q5TF21,SOGA3_HUMAN,Q5TF21,unclassified,active,true,,e22d7643ea01abd0dce415e74faf002186e13ae33190976f1ae61cece045fb76,2026-08-06
P01242,SOM2_HUMAN,P01242,unclassified,active,true,,e22d7643ea01abd0dce415e74faf002186e13ae33190976f1ae61cece045fb76,2026-08-06
P01241,SOMA_HUMAN,P01241,unclassified,active,true,,e22d7643ea01abd0dce415e74faf002186e13ae33190976f1ae61cece045fb76,2026-08-06
Q8WY21,SORC1_HUMAN,Q8WY21,surface,active,true,,e22d7643ea01abd0dce415e74faf002186e13ae33190976f1ae61cece045fb76,2026-08-06
Q96PQ0,SORC2_HUMAN,Q96PQ0,surface,active,true,,e22d7643ea01abd0dce415e74faf002186e13ae33190976f1ae61cece045fb76,2026-08-06
Q9UPU3,SORC3_HUMAN,Q9UPU3,surface,active,true,,e22d7643ea01abd0dce415e74faf002186e13ae33190976f1ae61cece045fb76,2026-08-06
Q92673,SORL_HUMAN,Q92673,surface,active,true,,e22d7643ea01abd0dce415e74faf002186e13ae33190976f1ae61cece045fb76,2026-08-06
Q99523,SORT_HUMAN,Q99523,surface,active,true,,e22d7643ea01abd0dce415e74faf002186e13ae33190976f1ae61cece045fb76,2026-08-06
Q6X4U4,SOSD1_HUMAN,Q6X4U4,unclassified,active,true,,e22d7643ea01abd0dce415e74faf002186e13ae33190976f1ae61cece045fb76,2026-08-06
Q9BQB4,SOST_HUMAN,Q9BQB4,unclassified,active,true,,e22d7643ea01abd0dce415e74faf002186e13ae33190976f1ae61cece045fb76,2026-08-06
Q86U17,SPA11_HUMAN,Q86U17,unclassified,active,true,,e22d7643ea01abd0dce415e74faf002186e13ae33190976f1ae61cece045fb76,2026-08-06
Q8IW75,SPA12_HUMAN,Q8IW75,unclassified,active,true,,e22d7643ea01abd0dce415e74faf002186e13ae33190976f1ae61cece045fb76,2026-08-06
Q6UXR4,SPA13_HUMAN,Q6UXR4,unclassified,active,true,,e22d7643ea01abd0dce415e74faf002186e13ae33190976f1ae61cece045fb76,2026-08-06
Q86WD7,SPA9_HUMAN,Q86WD7,unclassified,active,true,,e22d7643ea01abd0dce415e74faf002186e13ae33190976f1ae61cece045fb76,2026-08-06
Q96KW9,SPAC7_HUMAN,Q96KW9,unclassified,active,true,,e22d7643ea01abd0dce415e74faf002186e13ae33190976f1ae61cece045fb76,2026-08-06
Q9NPE6,SPAG4_HUMAN,Q9NPE6,non_surface,active,true,,e22d7643ea01abd0dce415e74faf002186e13ae33190976f1ae61cece045fb76,2026-08-06
Q9UBP0,SPAST_HUMAN,Q9UBP0,non_surface,active,true,,e22d7643ea01abd0dce415e74faf002186e13ae33190976f1ae61cece045fb76,2026-08-06
Q9NWH7,SPAT6_HUMAN,Q9NWH7,unclassified,active,true,,e22d7643ea01abd0dce415e74faf002186e13ae33190976f1ae61cece045fb76,2026-08-06
Q9BWV2,SPAT9_HUMAN,Q9BWV2,non_surface,active,true,,e22d7643ea01abd0dce415e74faf002186e13ae33190976f1ae61cece045fb76,2026-08-06
Q96P15,SPB11_HUMAN,Q96P15,non_surface,active,true,,e22d7643ea01abd0dce415e74faf002186e13ae33190976f1ae61cece045fb76,2026-08-06
P29508,SPB3_HUMAN,P29508,non_surface,active,true,,e22d7643ea01abd0dce415e74faf002186e13ae33190976f1ae61cece045fb76,2026-08-06
P48594,SPB4_HUMAN,P48594,unclassified,active,true,,e22d7643ea01abd0dce415e74faf002186e13ae33190976f1ae61cece045fb76,2026-08-06
O75635,SPB7_HUMAN,O75635,non_surface,active,true,,e22d7643ea01abd0dce415e74faf002186e13ae33190976f1ae61cece045fb76,2026-08-06
Q9Y6A9,SPCS1_HUMAN,Q9Y6A9,non_surface,active,true,,e22d7643ea01abd0dce415e74faf002186e13ae33190976f1ae61cece045fb76,2026-08-06
Q15005,SPCS2_HUMAN,Q15005,non_surface,active,true,,e22d7643ea01abd0dce415e74faf002186e13ae33190976f1ae61cece045fb76,2026-08-06
P61009,SPCS3_HUMAN,P61009,non_surface,active,true,,e22d7643ea01abd0dce415e74faf002186e13ae33190976f1ae61cece045fb76,2026-08-06
Q8N4L4,SPEM1_HUMAN,Q8N4L4,non_surface,active,true,,e22d7643ea01abd0dce415e74faf002186e13ae33190976f1ae61cece045fb76,2026-08-06
Q6UW49,SPESP_HUMAN,Q6UW49,unclassified,active,true,,e22d7643ea01abd0dce415e74faf002186e13ae33190976f1ae61cece045fb76,2026-08-06
Q9UQ90,SPG7_HUMAN,Q9UQ90,non_surface,active,true,,e22d7643ea01abd0dce415e74faf002186e13ae33190976f1ae61cece045fb76,2026-08-06
P51688,SPHM_HUMAN,P51688,unclassified,active,true,,e22d7643ea01abd0dce415e74faf002186e13ae33190976f1ae61cece045fb76,2026-08-06
O75830,SPI2_HUMAN,O75830,unclassified,active,true,,e22d7643ea01abd0dce415e74faf002186e13ae33190976f1ae61cece045fb76,2026-08-06
O43278,SPIT1_HUMAN,O43278,unclassified,active,true,,e22d7643ea01abd0dce415e74faf002186e13ae33190976f1ae61cece045fb76,2026-08-06
O43291,SPIT2_HUMAN,O43291,surface,active,true,,e22d7643ea01abd0dce415e74faf002186e13ae33190976f1ae61cece045fb76,2026-08-06
P49223,SPIT3_HUMAN,P49223,unclassified,active,true,,e22d7643ea01abd0dce415e74faf002186e13ae33190976f1ae61cece045fb76,2026-08-06
Q6UDR6,SPIT4_HUMAN,Q6UDR6,unclassified,active,true,,e22d7643ea01abd0dce415e74faf002186e13ae33190976f1ae61cece045fb76,2026-08-06
Q9NZQ3,SPN90_HUMAN,Q9NZQ3,non_surface,active,true,,e22d7643ea01abd0dce415e74faf002186e13ae33190976f1ae61cece045fb76,2026-08-06
Q9H2V7,SPNS1_HUMAN,Q9H2V7,non_surface,active,true,,e22d7643ea01abd0dce415e74faf002186e13ae33190976f1ae61cece045fb76,2026-08-06
Q8IVW8,SPNS2_HUMAN,Q8IVW8,surface,active,true,,e22d7643ea01abd0dce415e74faf002186e13ae33190976f1ae61cece045fb76,2026-08-06
Q6ZMD2,SPNS3_HUMAN,Q6ZMD2,surface,active,true,,e22d7643ea01abd0dce415e74faf002186e13ae33190976f1ae61cece045fb76,2026-08-06
Q9HCB6,SPON1_HUMAN,Q9HCB6,unclassified,active,true,,e22d7643ea01abd0dce415e74faf002186e13ae33190976f1ae61cece045fb76,2026-08-06
Q9BUD6,SPON2_HUMAN,Q9BUD6,unclassified,active,true,,e22d7643ea01abd0dce415e74faf002186e13ae33190976f1ae61cece045fb76,2026-08-06
Q13103,SPP24_HUMAN,Q13103,unclassified,active,true,,e22d7643ea01abd0dce415e74faf002186e13ae33190976f1ae61cece045fb76,2026-08-06
Q8TCT8,SPP2A_HUMAN,Q8TCT8,surface,active,true,,e22d7643ea01abd0dce415e74faf002186e13ae33190976f1ae61cece045fb76,2026-08-06
Q8TCT7,SPP2B_HUMAN,Q8TCT7,surface,active,true,,e22d7643ea01abd0dce415e74faf002186e13ae33190976f1ae61cece045fb76,2026-08-06
Q8IUH8,SPP2C_HUMAN,Q8IUH8,surface,active,true,,e22d7643ea01abd0dce415e74faf002186e13ae33190976f1ae61cece045fb76,2026-08-06
Q8TCT6,SPPL3_HUMAN,Q8TCT6,non_surface,active,true,,e22d7643ea01abd0dce415e74faf002186e13ae33190976f1ae61cece045fb76,2026-08-06
P09486,SPRC_HUMAN,P09486,unclassified,active,true,,e22d7643ea01abd0dce415e74faf002186e13ae33190976f1ae61cece045fb76,2026-08-06
Q7Z699,SPRE1_HUMAN,Q7Z699,non_surface,active,true,,e22d7643ea01abd0dce415e74faf002186e13ae33190976f1ae61cece045fb76,2026-08-06
Q7Z698,SPRE2_HUMAN,Q7Z698,non_surface,active,true,,e22d7643ea01abd0dce415e74faf002186e13ae33190976f1ae61cece045fb76,2026-08-06
Q14515,SPRL1_HUMAN,Q14515,unclassified,active,true,,e22d7643ea01abd0dce415e74faf002186e13ae33190976f1ae61cece045fb76,2026-08-06
Q5BIV9,SPRN_HUMAN,Q5BIV9,surface,active,true,,e22d7643ea01abd0dce415e74faf002186e13ae33190976f1ae61cece045fb76,2026-08-06
Q8TB22,SPT20_HUMAN,Q8TB22,unclassified,active,true,,e22d7643ea01abd0dce415e74faf002186e13ae33190976f1ae61cece045fb76,2026-08-06
O15269,SPTC1_HUMAN,O15269,non_surface,active,true,,e22d7643ea01abd0dce415e74faf002186e13ae33190976f1ae61cece045fb76,2026-08-06
O15270,SPTC2_HUMAN,O15270,non_surface,active,true,,e22d7643ea01abd0dce415e74faf002186e13ae33190976f1ae61cece045fb76,2026-08-06
Q96JI7,SPTCS_HUMAN,Q96JI7,non_surface,active,true,,e22d7643ea01abd0dce415e74faf002186e13ae33190976f1ae61cece045fb76,2026-08-06
Q969W0,SPTSA_HUMAN,Q969W0,non_surface,active,true,,e22d7643ea01abd0dce415e74faf002186e13ae33190976f1ae61cece045fb76,2026-08-06
Q8NFR3,SPTSB_HUMAN,Q8NFR3,non_surface,active,true,,e22d7643ea01abd0dce415e74faf002186e13ae33190976f1ae61cece045fb76,2026-08-06
Q8TED4,SPX2_HUMAN,Q8TED4,surface,active,true,,e22d7643ea01abd0dce415e74faf002186e13ae33190976f1ae61cece045fb76,2026-08-06
Q8NCC5,SPX3_HUMAN,Q8NCC5,surface,active,true,,e22d7643ea01abd0dce415e74faf002186e13ae33190976f1ae61cece045fb76,2026-08-06
Q9BT56,SPXN_HUMAN,Q9BT56,unclassified,active,true,,e22d7643ea01abd0dce415e74faf002186e13ae33190976f1ae61cece045fb76,2026-08-06
O43609,SPY1_HUMAN,O43609,non_surface,active,true,,e22d7643ea01abd0dce415e74faf002186e13ae33190976f1ae61cece045fb76,2026-08-06
O43597,SPY2_HUMAN,O43597,non_surface,active,true,,e22d7643ea01abd0dce415e74faf002186e13ae33190976f1ae61cece045fb76,2026-08-06
O43610,SPY3_HUMAN,O43610,non_surface,active,true,,e22d7643ea01abd0dce415e74faf002186e13ae33190976f1ae61cece045fb76,2026-08-06
Q9C004,SPY4_HUMAN,Q9C004,non_surface,active,true,,e22d7643ea01abd0dce415e74faf002186e13ae33190976f1ae61cece045fb76,2026-08-06
Q8WTU2,SRB4D_HUMAN,Q8WTU2,unclassified,active,true,,e22d7643ea01abd0dce415e74faf002186e13ae33190976f1ae61cece045fb76,2026-08-06
P36956,SRBP1_HUMAN,P36956,non_surface,active,true,,e22d7643ea01abd0dce415e74faf002186e13ae33190976f1ae61cece045fb76,2026-08-06
Q12772,SRBP2_HUMAN,Q12772,non_surface,active,true,,e22d7643ea01abd0dce415e74faf002186e13ae33190976f1ae61cece045fb76,2026-08-06
Q86TD4,SRCA_HUMAN,Q86TD4,unclassified,active,true,,e22d7643ea01abd0dce415e74faf002186e13ae33190976f1ae61cece045fb76,2026-08-06
P23327,SRCH_HUMAN,P23327,unclassified,active,true,,e22d7643ea01abd0dce415e74faf002186e13ae33190976f1ae61cece045fb76,2026-08-06
A1L4H1,SRCRL_HUMAN,A1L4H1,unclassified,active,true,,e22d7643ea01abd0dce415e74faf002186e13ae33190976f1ae61cece045fb76,2026-08-06
Q4G0T1,SRCRM_HUMAN,Q4G0T1,surface,active,true,,e22d7643ea01abd0dce415e74faf002186e13ae33190976f1ae61cece045fb76,2026-08-06
Q96GP6,SREC2_HUMAN,Q96GP6,surface,active,true,,e22d7643ea01abd0dce415e74faf002186e13ae33190976f1ae61cece045fb76,2026-08-06
Q14162,SREC_HUMAN,Q14162,surface,active,true,,e22d7643ea01abd0dce415e74faf002186e13ae33190976f1ae61cece045fb76,2026-08-06
P10124,SRGN_HUMAN,P10124,unclassified,active,true,,e22d7643ea01abd0dce415e74faf002186e13ae33190976f1ae61cece045fb76,2026-08-06
Q9H3Y6,SRMS_HUMAN,Q9H3Y6,unclassified,active,true,,e22d7643ea01abd0dce415e74faf002186e13ae33190976f1ae61cece045fb76,2026-08-06
Q9Y5M8,SRPRB_HUMAN,Q9Y5M8,non_surface,active,true,,e22d7643ea01abd0dce415e74faf002186e13ae33190976f1ae61cece045fb76,2026-08-06
O60687,SRPX2_HUMAN,O60687,unclassified,active,true,,e22d7643ea01abd0dce415e74faf002186e13ae33190976f1ae61cece045fb76,2026-08-06
P78539,SRPX_HUMAN,P78539,unclassified,active,true,,e22d7643ea01abd0dce415e74faf002186e13ae33190976f1ae61cece045fb76,2026-08-06
Q9UH36,SRR1L_HUMAN,Q9UH36,unclassified,active,true,,e22d7643ea01abd0dce415e74faf002186e13ae33190976f1ae61cece045fb76,2026-08-06
A2A2V5,SRTM1_HUMAN,A2A2V5,unclassified,active,true,,e22d7643ea01abd0dce415e74faf002186e13ae33190976f1ae61cece045fb76,2026-08-06
Q7Z2R9,SSAS1_HUMAN,Q7Z2R9,unclassified,active,true,,e22d7643ea01abd0dce415e74faf002186e13ae33190976f1ae61cece045fb76,2026-08-06
Q8WWF3,SSMM1_HUMAN,Q8WWF3,non_surface,active,true,,e22d7643ea01abd0dce415e74faf002186e13ae33190976f1ae61cece045fb76,2026-08-06
Q14714,SSPN_HUMAN,Q14714,surface,active,true,,e22d7643ea01abd0dce415e74faf002186e13ae33190976f1ae61cece045fb76,2026-08-06
A2VEC9,SSPO_HUMAN,A2VEC9,unclassified,active,true,,e22d7643ea01abd0dce415e74faf002186e13ae33190976f1ae61cece045fb76,2026-08-06
P30872,SSR1_HUMAN,P30872,surface,active,true,,e22d7643ea01abd0dce415e74faf002186e13ae33190976f1ae61cece045fb76,2026-08-06
P30874,SSR2_HUMAN,P30874,surface,active,true,,e22d7643ea01abd0dce415e74faf002186e13ae33190976f1ae61cece045fb76,2026-08-06
P32745,SSR3_HUMAN,P32745,surface,active,true,,e22d7643ea01abd0dce415e74faf002186e13ae33190976f1ae61cece045fb76,2026-08-06
P31391,SSR4_HUMAN,P31391,surface,active,true,,e22d7643ea01abd0dce415e74faf002186e13ae33190976f1ae61cece045fb76,2026-08-06
P35346,SSR5_HUMAN,P35346,surface,active,true,,e22d7643ea01abd0dce415e74faf002186e13ae33190976f1ae61cece045fb76,2026-08-06
P43307,SSRA_HUMAN,P43307,surface,active,true,,e22d7643ea01abd0dce415e74faf002186e13ae33190976f1ae61cece045fb76,2026-08-06
P43308,SSRB_HUMAN,P43308,unclassified,active,true,,e22d7643ea01abd0dce415e74faf002186e13ae33190976f1ae61cece045fb76,2026-08-06
P51571,SSRD_HUMAN,P51571,non_surface,active,true,,e22d7643ea01abd0dce415e74faf002186e13ae33190976f1ae61cece045fb76,2026-08-06
Q9UNL2,SSRG_HUMAN,Q9UNL2,non_surface,active,true,,e22d7643ea01abd0dce415e74faf002186e13ae33190976f1ae61cece045fb76,2026-08-06
Q9Y5Y6,ST14_HUMAN,Q9Y5Y6,unclassified,active,true,,e22d7643ea01abd0dce415e74faf002186e13ae33190976f1ae61cece045fb76,2026-08-06
Q8TDW4,ST7L_HUMAN,Q8TDW4,non_surface,active,true,,e22d7643ea01abd0dce415e74faf002186e13ae33190976f1ae61cece045fb76,2026-08-06
Q9NRC1,ST7_HUMAN,Q9NRC1,non_surface,active,true,,e22d7643ea01abd0dce415e74faf002186e13ae33190976f1ae61cece045fb76,2026-08-06
Q9NY15,STAB1_HUMAN,Q9NY15,surface,active,true,,e22d7643ea01abd0dce415e74faf002186e13ae33190976f1ae61cece045fb76,2026-08-06
Q8WWQ8,STAB2_HUMAN,Q8WWQ8,surface,active,true,,e22d7643ea01abd0dce415e74faf002186e13ae33190976f1ae61cece045fb76,2026-08-06
Q14849,STAR3_HUMAN,Q14849,non_surface,active,true,,e22d7643ea01abd0dce415e74faf002186e13ae33190976f1ae61cece045fb76,2026-08-06
Q9NQZ5,STAR7_HUMAN,Q9NQZ5,unclassified,active,true,,e22d7643ea01abd0dce415e74faf002186e13ae33190976f1ae61cece045fb76,2026-08-06
P02808,STAT_HUMAN,P02808,unclassified,active,true,,e22d7643ea01abd0dce415e74faf002186e13ae33190976f1ae61cece045fb76,2026-08-06
Q9Y2K9,STB5L_HUMAN,Q9Y2K9,unclassified,active,true,,e22d7643ea01abd0dce415e74faf002186e13ae33190976f1ae61cece045fb76,2026-08-06
O95210,STBD1_HUMAN,O95210,non_surface,active,true,,e22d7643ea01abd0dce415e74faf002186e13ae33190976f1ae61cece045fb76,2026-08-06
P52823,STC1_HUMAN,P52823,unclassified,active,true,,e22d7643ea01abd0dce415e74faf002186e13ae33190976f1ae61cece045fb76,2026-08-06
O76061,STC2_HUMAN,O76061,unclassified,active,true,,e22d7643ea01abd0dce415e74faf002186e13ae33190976f1ae61cece045fb76,2026-08-06
Q9UHE8,STEA1_HUMAN,Q9UHE8,non_surface,active,true,,e22d7643ea01abd0dce415e74faf002186e13ae33190976f1ae61cece045fb76,2026-08-06
Q8NFT2,STEA2_HUMAN,Q8NFT2,unclassified,active,true,,e22d7643ea01abd0dce415e74faf002186e13ae33190976f1ae61cece045fb76,2026-08-06
Q658P3,STEA3_HUMAN,Q658P3,unclassified,active,true,,e22d7643ea01abd0dce415e74faf002186e13ae33190976f1ae61cece045fb76,2026-08-06
Q687X5,STEA4_HUMAN,Q687X5,surface,active,true,,e22d7643ea01abd0dce415e74faf002186e13ae33190976f1ae61cece045fb76,2026-08-06
Q6NZ63,STEAL_HUMAN,Q6NZ63,non_surface,active,true,,e22d7643ea01abd0dce415e74faf002186e13ae33190976f1ae61cece045fb76,2026-08-06
Q13586,STIM1_HUMAN,Q13586,surface,active,true,,e22d7643ea01abd0dce415e74faf002186e13ae33190976f1ae61cece045fb76,2026-08-06
Q9P246,STIM2_HUMAN,Q9P246,unclassified,active,true,,e22d7643ea01abd0dce415e74faf002186e13ae33190976f1ae61cece045fb76,2026-08-06
Q86WV6,STING_HUMAN,Q86WV6,non_surface,active,true,,e22d7643ea01abd0dce415e74faf002186e13ae33190976f1ae61cece045fb76,2026-08-06
Q8N2I9,STK40_HUMAN,Q8N2I9,non_surface,active,true,,e22d7643ea01abd0dce415e74faf002186e13ae33190976f1ae61cece045fb76,2026-08-06
Q9UBI4,STML1_HUMAN,Q9UBI4,non_surface,active,true,,e22d7643ea01abd0dce415e74faf002186e13ae33190976f1ae61cece045fb76,2026-08-06
Q9UJZ1,STML2_HUMAN,Q9UJZ1,unclassified,active,true,,e22d7643ea01abd0dce415e74faf002186e13ae33190976f1ae61cece045fb76,2026-08-06
Q8TAV4,STML3_HUMAN,Q8TAV4,non_surface,active,true,,e22d7643ea01abd0dce415e74faf002186e13ae33190976f1ae61cece045fb76,2026-08-06
Q93045,STMN2_HUMAN,Q93045,unclassified,active,true,,e22d7643ea01abd0dce415e74faf002186e13ae33190976f1ae61cece045fb76,2026-08-06
Q9NZ72,STMN3_HUMAN,Q9NZ72,unclassified,active,true,,e22d7643ea01abd0dce415e74faf002186e13ae33190976f1ae61cece045fb76,2026-08-06
Q9H169,STMN4_HUMAN,Q9H169,unclassified,active,true,,e22d7643ea01abd0dce415e74faf002186e13ae33190976f1ae61cece045fb76,2026-08-06
P27105,STOM_HUMAN,P27105,unclassified,active,true,,e22d7643ea01abd0dce415e74faf002186e13ae33190976f1ae61cece045fb76,2026-08-06
Q8WXE9,STON2_HUMAN,Q8WXE9,non_surface,active,true,,e22d7643ea01abd0dce415e74faf002186e13ae33190976f1ae61cece045fb76,2026-08-06
Q6ZVD7,STOX1_HUMAN,Q6ZVD7,unclassified,active,true,,e22d7643ea01abd0dce415e74faf002186e13ae33190976f1ae61cece045fb76,2026-08-06
Q9BX79,STRA6_HUMAN,Q9BX79,unclassified,active,true,,e22d7643ea01abd0dce415e74faf002186e13ae33190976f1ae61cece045fb76,2026-08-06
A6NGW2,STRCL_HUMAN,A6NGW2,unclassified,active,true,,e22d7643ea01abd0dce415e74faf002186e13ae33190976f1ae61cece045fb76,2026-08-06
Q7RTU9,STRC_HUMAN,Q7RTU9,unclassified,active,true,,e22d7643ea01abd0dce415e74faf002186e13ae33190976f1ae61cece045fb76,2026-08-06
Q9NRL3,STRN4_HUMAN,Q9NRL3,unclassified,active,true,,e22d7643ea01abd0dce415e74faf002186e13ae33190976f1ae61cece045fb76,2026-08-06
P08842,STS_HUMAN,P08842,surface,active,true,,e22d7643ea01abd0dce415e74faf002186e13ae33190976f1ae61cece045fb76,2026-08-06
P46977,STT3A_HUMAN,P46977,unclassified,active,true,,e22d7643ea01abd0dce415e74faf002186e13ae33190976f1ae61cece045fb76,2026-08-06
Q8TCJ2,STT3B_HUMAN,Q8TCJ2,surface,active,true,,e22d7643ea01abd0dce415e74faf002186e13ae33190976f1ae61cece045fb76,2026-08-06
Q69YW2,STUM_HUMAN,Q69YW2,non_surface,active,true,,e22d7643ea01abd0dce415e74faf002186e13ae33190976f1ae61cece045fb76,2026-08-06
O60499,STX10_HUMAN,O60499,non_surface,active,true,,e22d7643ea01abd0dce415e74faf002186e13ae33190976f1ae61cece045fb76,2026-08-06
Q86Y82,STX12_HUMAN,Q86Y82,non_surface,active,true,,e22d7643ea01abd0dce415e74faf002186e13ae33190976f1ae61cece045fb76,2026-08-06
O14662,STX16_HUMAN,O14662,non_surface,active,true,,e22d7643ea01abd0dce415e74faf002186e13ae33190976f1ae61cece045fb76,2026-08-06
P56962,STX17_HUMAN,P56962,non_surface,active,true,,e22d7643ea01abd0dce415e74faf002186e13ae33190976f1ae61cece045fb76,2026-08-06
Q9P2W9,STX18_HUMAN,Q9P2W9,non_surface,active,true,,e22d7643ea01abd0dce415e74faf002186e13ae33190976f1ae61cece045fb76,2026-08-06
Q16623,STX1A_HUMAN,Q16623,non_surface,active,true,,e22d7643ea01abd0dce415e74faf002186e13ae33190976f1ae61cece045fb76,2026-08-06
P61266,STX1B_HUMAN,P61266,non_surface,active,true,,e22d7643ea01abd0dce415e74faf002186e13ae33190976f1ae61cece045fb76,2026-08-06
P32856,STX2_HUMAN,P32856,non_surface,active,true,,e22d7643ea01abd0dce415e74faf002186e13ae33190976f1ae61cece045fb76,2026-08-06
Q13277,STX3_HUMAN,Q13277,non_surface,active,true,,e22d7643ea01abd0dce415e74faf002186e13ae33190976f1ae61cece045fb76,2026-08-06
Q12846,STX4_HUMAN,Q12846,non_surface,active,true,,e22d7643ea01abd0dce415e74faf002186e13ae33190976f1ae61cece045fb76,2026-08-06
Q13190,STX5_HUMAN,Q13190,non_surface,active,true,,e22d7643ea01abd0dce415e74faf002186e13ae33190976f1ae61cece045fb76,2026-08-06
O43752,STX6_HUMAN,O43752,non_surface,active,true,,e22d7643ea01abd0dce415e74faf002186e13ae33190976f1ae61cece045fb76,2026-08-06
O15400,STX7_HUMAN,O15400,non_surface,active,true,,e22d7643ea01abd0dce415e74faf002186e13ae33190976f1ae61cece045fb76,2026-08-06
Q9UNK0,STX8_HUMAN,Q9UNK0,non_surface,active,true,,e22d7643ea01abd0dce415e74faf002186e13ae33190976f1ae61cece045fb76,2026-08-06
Q6J9G0,STYK1_HUMAN,Q6J9G0,non_surface,active,true,,e22d7643ea01abd0dce415e74faf002186e13ae33190976f1ae61cece045fb76,2026-08-06
P53597,SUCA_HUMAN,P53597,unclassified,active,true,,e22d7643ea01abd0dce415e74faf002186e13ae33190976f1ae61cece045fb76,2026-08-06
Q9UBS9,SUCO_HUMAN,Q9UBS9,surface,active,true,,e22d7643ea01abd0dce415e74faf002186e13ae33190976f1ae61cece045fb76,2026-08-06
Q9BXA5,SUCR1_HUMAN,Q9BXA5,surface,active,true,,e22d7643ea01abd0dce415e74faf002186e13ae33190976f1ae61cece045fb76,2026-08-06
P14410,SUIS_HUMAN,P14410,unclassified,active,true,,e22d7643ea01abd0dce415e74faf002186e13ae33190976f1ae61cece045fb76,2026-08-06
Q8IWU6,SULF1_HUMAN,Q8IWU6,unclassified,active,true,,e22d7643ea01abd0dce415e74faf002186e13ae33190976f1ae61cece045fb76,2026-08-06
Q8IWU5,SULF2_HUMAN,Q8IWU5,unclassified,active,true,,e22d7643ea01abd0dce415e74faf002186e13ae33190976f1ae61cece045fb76,2026-08-06
Q8NBK3,SUMF1_HUMAN,Q8NBK3,unclassified,active,true,,e22d7643ea01abd0dce415e74faf002186e13ae33190976f1ae61cece045fb76,2026-08-06
Q8NBJ7,SUMF2_HUMAN,Q8NBJ7,unclassified,active,true,,e22d7643ea01abd0dce415e74faf002186e13ae33190976f1ae61cece045fb76,2026-08-06
O94901,SUN1_HUMAN,O94901,non_surface,active,true,,e22d7643ea01abd0dce415e74faf002186e13ae33190976f1ae61cece045fb76,2026-08-06
Q9UH99,SUN2_HUMAN,Q9UH99,non_surface,active,true,,e22d7643ea01abd0dce415e74faf002186e13ae33190976f1ae61cece045fb76,2026-08-06
Q8TAQ9,SUN3_HUMAN,Q8TAQ9,non_surface,active,true,,e22d7643ea01abd0dce415e74faf002186e13ae33190976f1ae61cece045fb76,2026-08-06
Q8TC36,SUN5_HUMAN,Q8TC36,non_surface,active,true,,e22d7643ea01abd0dce415e74faf002186e13ae33190976f1ae61cece045fb76,2026-08-06
P51687,SUOX_HUMAN,P51687,unclassified,active,true,,e22d7643ea01abd0dce415e74faf002186e13ae33190976f1ae61cece045fb76,2026-08-06
M5A8F1,SUPYN_HUMAN,M5A8F1,unclassified,active,true,,e22d7643ea01abd0dce415e74faf002186e13ae33190976f1ae61cece045fb76,2026-08-06
Q15526,SURF1_HUMAN,Q15526,non_surface,active,true,,e22d7643ea01abd0dce415e74faf002186e13ae33190976f1ae61cece045fb76,2026-08-06
O15260,SURF4_HUMAN,O15260,non_surface,active,true,,e22d7643ea01abd0dce415e74faf002186e13ae33190976f1ae61cece045fb76,2026-08-06
Q6UWL2,SUSD1_HUMAN,Q6UWL2,surface,active,true,,e22d7643ea01abd0dce415e74faf002186e13ae33190976f1ae61cece045fb76,2026-08-06
Q9UGT4,SUSD2_HUMAN,Q9UGT4,surface,active,true,,e22d7643ea01abd0dce415e74faf002186e13ae33190976f1ae61cece045fb76,2026-08-06
Q96L08,SUSD3_HUMAN,Q96L08,surface,active,true,,e22d7643ea01abd0dce415e74faf002186e13ae33190976f1ae61cece045fb76,2026-08-06
Q5VX71,SUSD4_HUMAN,Q5VX71,surface,active,true,,e22d7643ea01abd0dce415e74faf002186e13ae33190976f1ae61cece045fb76,2026-08-06
O60279,SUSD5_HUMAN,O60279,surface,active,true,,e22d7643ea01abd0dce415e74faf002186e13ae33190976f1ae61cece045fb76,2026-08-06
Q7L0J3,SV2A_HUMAN,Q7L0J3,surface,active,true,,e22d7643ea01abd0dce415e74faf002186e13ae33190976f1ae61cece045fb76,2026-08-06
Q7L1I2,SV2B_HUMAN,Q7L1I2,surface,active,true,,e22d7643ea01abd0dce415e74faf002186e13ae33190976f1ae61cece045fb76,2026-08-06
Q496J9,SV2C_HUMAN,Q496J9,surface,active,true,,e22d7643ea01abd0dce415e74faf002186e13ae33190976f1ae61cece045fb76,2026-08-06
Q4LDE5,SVEP1_HUMAN,Q4LDE5,unclassified,active,true,,e22d7643ea01abd0dce415e74faf002186e13ae33190976f1ae61cece045fb76,2026-08-06
Q8N434,SVOPL_HUMAN,Q8N434,surface,active,true,,e22d7643ea01abd0dce415e74faf002186e13ae33190976f1ae61cece045fb76,2026-08-06
Q8N4V2,SVOP_HUMAN,Q8N4V2,unclassified,active,true,,e22d7643ea01abd0dce415e74faf002186e13ae33190976f1ae61cece045fb76,2026-08-06
Q2M3V2,SWAHA_HUMAN,Q2M3V2,unclassified,active,true,,e22d7643ea01abd0dce415e74faf002186e13ae33190976f1ae61cece045fb76,2026-08-06
Q6NVH7,SWAP1_HUMAN,Q6NVH7,unclassified,active,true,,e22d7643ea01abd0dce415e74faf002186e13ae33190976f1ae61cece045fb76,2026-08-06
Q9BRV3,SWET1_HUMAN,Q9BRV3,non_surface,active,true,,e22d7643ea01abd0dce415e74faf002186e13ae33190976f1ae61cece045fb76,2026-08-06
Q58G82,SY14L_HUMAN,Q58G82,non_surface,active,true,,e22d7643ea01abd0dce415e74faf002186e13ae33190976f1ae61cece045fb76,2026-08-06
Q96A49,SYAP1_HUMAN,Q96A49,unclassified,active,true,,e22d7643ea01abd0dce415e74faf002186e13ae33190976f1ae61cece045fb76,2026-08-06
Q9NX95,SYBU_HUMAN,Q9NX95,non_surface,active,true,,e22d7643ea01abd0dce415e74faf002186e13ae33190976f1ae61cece045fb76,2026-08-06
Q0VAF6,SYCN_HUMAN,Q0VAF6,unclassified,active,true,,e22d7643ea01abd0dce415e74faf002186e13ae33190976f1ae61cece045fb76,2026-08-06
Q9UQF0,SYCY1_HUMAN,Q9UQF0,surface,active,true,,e22d7643ea01abd0dce415e74faf002186e13ae33190976f1ae61cece045fb76,2026-08-06
P60508,SYCY2_HUMAN,P60508,surface,active,true,,e22d7643ea01abd0dce415e74faf002186e13ae33190976f1ae61cece045fb76,2026-08-06
P41250,SYG_HUMAN,P41250,unclassified,active,true,,e22d7643ea01abd0dce415e74faf002186e13ae33190976f1ae61cece045fb76,2026-08-06
P49590,SYHM_HUMAN,P49590,unclassified,active,true,,e22d7643ea01abd0dce415e74faf002186e13ae33190976f1ae61cece045fb76,2026-08-06
P57105,SYJ2B_HUMAN,P57105,non_surface,active,true,,e22d7643ea01abd0dce415e74faf002186e13ae33190976f1ae61cece045fb76,2026-08-06
A6NDD5,SYN1L_HUMAN,A6NDD5,unclassified,active,true,,e22d7643ea01abd0dce415e74faf002186e13ae33190976f1ae61cece045fb76,2026-08-06
Q8NF91,SYNE1_HUMAN,Q8NF91,non_surface,active,true,,e22d7643ea01abd0dce415e74faf002186e13ae33190976f1ae61cece045fb76,2026-08-06
Q8WXH0,SYNE2_HUMAN,Q8WXH0,non_surface,active,true,,e22d7643ea01abd0dce415e74faf002186e13ae33190976f1ae61cece045fb76,2026-08-06
Q6ZMZ3,SYNE3_HUMAN,Q6ZMZ3,non_surface,active,true,,e22d7643ea01abd0dce415e74faf002186e13ae33190976f1ae61cece045fb76,2026-08-06
Q8N205,SYNE4_HUMAN,Q8N205,non_surface,active,true,,e22d7643ea01abd0dce415e74faf002186e13ae33190976f1ae61cece045fb76,2026-08-06
Q9H7V2,SYNG1_HUMAN,Q9H7V2,non_surface,active,true,,e22d7643ea01abd0dce415e74faf002186e13ae33190976f1ae61cece045fb76,2026-08-06
O15056,SYNJ2_HUMAN,O15056,non_surface,active,true,,e22d7643ea01abd0dce415e74faf002186e13ae33190976f1ae61cece045fb76,2026-08-06
Q8TBG9,SYNPR_HUMAN,Q8TBG9,surface,active,true,,e22d7643ea01abd0dce415e74faf002186e13ae33190976f1ae61cece045fb76,2026-08-06
P08247,SYPH_HUMAN,P08247,surface,active,true,,e22d7643ea01abd0dce415e74faf002186e13ae33190976f1ae61cece045fb76,2026-08-06
Q16563,SYPL1_HUMAN,Q16563,surface,active,true,,e22d7643ea01abd0dce415e74faf002186e13ae33190976f1ae61cece045fb76,2026-08-06
Q5VXT5,SYPL2_HUMAN,Q5VXT5,unclassified,active,true,,e22d7643ea01abd0dce415e74faf002186e13ae33190976f1ae61cece045fb76,2026-08-06
Q8N2H4,SYS1_HUMAN,Q8N2H4,non_surface,active,true,,e22d7643ea01abd0dce415e74faf002186e13ae33190976f1ae61cece045fb76,2026-08-06
Q6XYQ8,SYT10_HUMAN,Q6XYQ8,non_surface,active,true,,e22d7643ea01abd0dce415e74faf002186e13ae33190976f1ae61cece045fb76,2026-08-06
Q9BT88,SYT11_HUMAN,Q9BT88,non_surface,active,true,,e22d7643ea01abd0dce415e74faf002186e13ae33190976f1ae61cece045fb76,2026-08-06
Q8IV01,SYT12_HUMAN,Q8IV01,non_surface,active,true,,e22d7643ea01abd0dce415e74faf002186e13ae33190976f1ae61cece045fb76,2026-08-06
Q7L8C5,SYT13_HUMAN,Q7L8C5,non_surface,active,true,,e22d7643ea01abd0dce415e74faf002186e13ae33190976f1ae61cece045fb76,2026-08-06
Q8NB59,SYT14_HUMAN,Q8NB59,non_surface,active,true,,e22d7643ea01abd0dce415e74faf002186e13ae33190976f1ae61cece045fb76,2026-08-06
Q9BQS2,SYT15_HUMAN,Q9BQS2,non_surface,active,true,,e22d7643ea01abd0dce415e74faf002186e13ae33190976f1ae61cece045fb76,2026-08-06
Q17RD7,SYT16_HUMAN,Q17RD7,non_surface,active,true,,e22d7643ea01abd0dce415e74faf002186e13ae33190976f1ae61cece045fb76,2026-08-06
P21579,SYT1_HUMAN,P21579,non_surface,active,true,,e22d7643ea01abd0dce415e74faf002186e13ae33190976f1ae61cece045fb76,2026-08-06
Q8N9I0,SYT2_HUMAN,Q8N9I0,non_surface,active,true,,e22d7643ea01abd0dce415e74faf002186e13ae33190976f1ae61cece045fb76,2026-08-06
Q9BQG1,SYT3_HUMAN,Q9BQG1,non_surface,active,true,,e22d7643ea01abd0dce415e74faf002186e13ae33190976f1ae61cece045fb76,2026-08-06
Q9H2B2,SYT4_HUMAN,Q9H2B2,non_surface,active,true,,e22d7643ea01abd0dce415e74faf002186e13ae33190976f1ae61cece045fb76,2026-08-06
O00445,SYT5_HUMAN,O00445,non_surface,active,true,,e22d7643ea01abd0dce415e74faf002186e13ae33190976f1ae61cece045fb76,2026-08-06
Q5T7P8,SYT6_HUMAN,Q5T7P8,non_surface,active,true,,e22d7643ea01abd0dce415e74faf002186e13ae33190976f1ae61cece045fb76,2026-08-06
O43581,SYT7_HUMAN,O43581,non_surface,active,true,,e22d7643ea01abd0dce415e74faf002186e13ae33190976f1ae61cece045fb76,2026-08-06
Q8NBV8,SYT8_HUMAN,Q8NBV8,non_surface,active,true,,e22d7643ea01abd0dce415e74faf002186e13ae33190976f1ae61cece045fb76,2026-08-06
Q86SS6,SYT9_HUMAN,Q86SS6,non_surface,active,true,,e22d7643ea01abd0dce415e74faf002186e13ae33190976f1ae61cece045fb76,2026-08-06
Q86TM6,SYVN1_HUMAN,Q86TM6,non_surface,active,true,,e22d7643ea01abd0dce415e74faf002186e13ae33190976f1ae61cece045fb76,2026-08-06
Q96A25,T106A_HUMAN,Q96A25,surface,active,true,,e22d7643ea01abd0dce415e74faf002186e13ae33190976f1ae61cece045fb76,2026-08-06
Q9NUM4,T106B_HUMAN,Q9NUM4,surface,active,true,,e22d7643ea01abd0dce415e74faf002186e13ae33190976f1ae61cece045fb76,2026-08-06
Q9BVX2,T106C_HUMAN,Q9BVX2,unclassified,active,true,,e22d7643ea01abd0dce415e74faf002186e13ae33190976f1ae61cece045fb76,2026-08-06
Q9BXJ8,T120A_HUMAN,Q9BXJ8,non_surface,active,true,,e22d7643ea01abd0dce415e74faf002186e13ae33190976f1ae61cece045fb76,2026-08-06
A0PK00,T120B_HUMAN,A0PK00,non_surface,active,true,,e22d7643ea01abd0dce415e74faf002186e13ae33190976f1ae61cece045fb76,2026-08-06
Q9H061,T126A_HUMAN,Q9H061,non_surface,active,true,,e22d7643ea01abd0dce415e74faf002186e13ae33190976f1ae61cece045fb76,2026-08-06
Q8IUX1,T126B_HUMAN,Q8IUX1,non_surface,active,true,,e22d7643ea01abd0dce415e74faf002186e13ae33190976f1ae61cece045fb76,2026-08-06
A2VDJ0,T131L_HUMAN,A2VDJ0,surface,active,true,,e22d7643ea01abd0dce415e74faf002186e13ae33190976f1ae61cece045fb76,2026-08-06
Q24JP5,T132A_HUMAN,Q24JP5,surface,active,true,,e22d7643ea01abd0dce415e74faf002186e13ae33190976f1ae61cece045fb76,2026-08-06
Q14DG7,T132B_HUMAN,Q14DG7,surface,active,true,,e22d7643ea01abd0dce415e74faf002186e13ae33190976f1ae61cece045fb76,2026-08-06
Q8N3T6,T132C_HUMAN,Q8N3T6,surface,active,true,,e22d7643ea01abd0dce415e74faf002186e13ae33190976f1ae61cece045fb76,2026-08-06
Q14C87,T132D_HUMAN,Q14C87,surface,active,true,,e22d7643ea01abd0dce415e74faf002186e13ae33190976f1ae61cece045fb76,2026-08-06
Q6IEE7,T132E_HUMAN,Q6IEE7,surface,active,true,,e22d7643ea01abd0dce415e74faf002186e13ae33190976f1ae61cece045fb76,2026-08-06
Q86TG1,T150A_HUMAN,Q86TG1,surface,active,true,,e22d7643ea01abd0dce415e74faf002186e13ae33190976f1ae61cece045fb76,2026-08-06
A6NC51,T150B_HUMAN,A6NC51,surface,active,true,,e22d7643ea01abd0dce415e74faf002186e13ae33190976f1ae61cece045fb76,2026-08-06
B9EJG8,T150C_HUMAN,B9EJG8,unclassified,active,true,,e22d7643ea01abd0dce415e74faf002186e13ae33190976f1ae61cece045fb76,2026-08-06
Q8N4L1,T151A_HUMAN,Q8N4L1,non_surface,active,true,,e22d7643ea01abd0dce415e74faf002186e13ae33190976f1ae61cece045fb76,2026-08-06
Q8IW70,T151B_HUMAN,Q8IW70,non_surface,active,true,,e22d7643ea01abd0dce415e74faf002186e13ae33190976f1ae61cece045fb76,2026-08-06
Q9NX61,T161A_HUMAN,Q9NX61,surface,active,true,,e22d7643ea01abd0dce415e74faf002186e13ae33190976f1ae61cece045fb76,2026-08-06
Q8NDZ6,T161B_HUMAN,Q8NDZ6,non_surface,active,true,,e22d7643ea01abd0dce415e74faf002186e13ae33190976f1ae61cece045fb76,2026-08-06
Q8WVE7,T170A_HUMAN,Q8WVE7,unclassified,active,true,,e22d7643ea01abd0dce415e74faf002186e13ae33190976f1ae61cece045fb76,2026-08-06
Q5T4T1,T170B_HUMAN,Q5T4T1,non_surface,active,true,,e22d7643ea01abd0dce415e74faf002186e13ae33190976f1ae61cece045fb76,2026-08-06
Q96HP8,T176A_HUMAN,Q96HP8,unclassified,active,true,,e22d7643ea01abd0dce415e74faf002186e13ae33190976f1ae61cece045fb76,2026-08-06
Q3YBM2,T176B_HUMAN,Q3YBM2,non_surface,active,true,,e22d7643ea01abd0dce415e74faf002186e13ae33190976f1ae61cece045fb76,2026-08-06
Q8NBL3,T178A_HUMAN,Q8NBL3,surface,active,true,,e22d7643ea01abd0dce415e74faf002186e13ae33190976f1ae61cece045fb76,2026-08-06
H3BS89,T178B_HUMAN,H3BS89,surface,active,true,,e22d7643ea01abd0dce415e74faf002186e13ae33190976f1ae61cece045fb76,2026-08-06
Q6ZVK1,T179A_HUMAN,Q6ZVK1,unclassified,active,true,,e22d7643ea01abd0dce415e74faf002186e13ae33190976f1ae61cece045fb76,2026-08-06
Q7Z7N9,T179B_HUMAN,Q7Z7N9,surface,active,true,,e22d7643ea01abd0dce415e74faf002186e13ae33190976f1ae61cece045fb76,2026-08-06
Q8IXX5,T183A_HUMAN,Q8IXX5,non_surface,active,true,,e22d7643ea01abd0dce415e74faf002186e13ae33190976f1ae61cece045fb76,2026-08-06
Q1AE95,T183B_HUMAN,Q1AE95,non_surface,active,true,,e22d7643ea01abd0dce415e74faf002186e13ae33190976f1ae61cece045fb76,2026-08-06
Q6ZMB5,T184A_HUMAN,Q6ZMB5,surface,active,true,,e22d7643ea01abd0dce415e74faf002186e13ae33190976f1ae61cece045fb76,2026-08-06
Q9Y519,T184B_HUMAN,Q9Y519,unclassified,active,true,,e22d7643ea01abd0dce415e74faf002186e13ae33190976f1ae61cece045fb76,2026-08-06
Q9NVA4,T184C_HUMAN,Q9NVA4,unclassified,active,true,,e22d7643ea01abd0dce415e74faf002186e13ae33190976f1ae61cece045fb76,2026-08-06
Q8NFB2,T185A_HUMAN,Q8NFB2,unclassified,active,true,,e22d7643ea01abd0dce415e74faf002186e13ae33190976f1ae61cece045fb76,2026-08-06
Q9H7F4,T185B_HUMAN,Q9H7F4,unclassified,active,true,,e22d7643ea01abd0dce415e74faf002186e13ae33190976f1ae61cece045fb76,2026-08-06
Q9H0A3,T191A_HUMAN,Q9H0A3,non_surface,active,true,,e22d7643ea01abd0dce415e74faf002186e13ae33190976f1ae61cece045fb76,2026-08-06
A6NGB0,T191C_HUMAN,A6NGB0,non_surface,active,true,,e22d7643ea01abd0dce415e74faf002186e13ae33190976f1ae61cece045fb76,2026-08-06
O14524,T194A_HUMAN,O14524,surface,active,true,,e22d7643ea01abd0dce415e74faf002186e13ae33190976f1ae61cece045fb76,2026-08-06
A6NFY4,T194B_HUMAN,A6NFY4,non_surface,active,true,,e22d7643ea01abd0dce415e74faf002186e13ae33190976f1ae61cece045fb76,2026-08-06
Q86VY9,T200A_HUMAN,Q86VY9,non_surface,active,true,,e22d7643ea01abd0dce415e74faf002186e13ae33190976f1ae61cece045fb76,2026-08-06
Q69YZ2,T200B_HUMAN,Q69YZ2,non_surface,active,true,,e22d7643ea01abd0dce415e74faf002186e13ae33190976f1ae61cece045fb76,2026-08-06
A6NKL6,T200C_HUMAN,A6NKL6,unclassified,active,true,,e22d7643ea01abd0dce415e74faf002186e13ae33190976f1ae61cece045fb76,2026-08-06
B2RXF0,T229A_HUMAN,B2RXF0,non_surface,active,true,,e22d7643ea01abd0dce415e74faf002186e13ae33190976f1ae61cece045fb76,2026-08-06
Q8NBD8,T229B_HUMAN,Q8NBD8,non_surface,active,true,,e22d7643ea01abd0dce415e74faf002186e13ae33190976f1ae61cece045fb76,2026-08-06
O75157,T22D2_HUMAN,O75157,unclassified,active,true,,e22d7643ea01abd0dce415e74faf002186e13ae33190976f1ae61cece045fb76,2026-08-06
Q5JRV8,T255A_HUMAN,Q5JRV8,surface,active,true,,e22d7643ea01abd0dce415e74faf002186e13ae33190976f1ae61cece045fb76,2026-08-06
Q8WV15,T255B_HUMAN,Q8WV15,surface,active,true,,e22d7643ea01abd0dce415e74faf002186e13ae33190976f1ae61cece045fb76,2026-08-06
Q9NYW0,T2R10_HUMAN,Q9NYW0,surface,active,true,,e22d7643ea01abd0dce415e74faf002186e13ae33190976f1ae61cece045fb76,2026-08-06
Q9NYV9,T2R13_HUMAN,Q9NYV9,unclassified,active,true,,e22d7643ea01abd0dce415e74faf002186e13ae33190976f1ae61cece045fb76,2026-08-06
Q9NYV8,T2R14_HUMAN,Q9NYV8,surface,active,true,,e22d7643ea01abd0dce415e74faf002186e13ae33190976f1ae61cece045fb76,2026-08-06
Q9NYV7,T2R16_HUMAN,Q9NYV7,surface,active,true,,e22d7643ea01abd0dce415e74faf002186e13ae33190976f1ae61cece045fb76,2026-08-06
P59542,T2R19_HUMAN,P59542,surface,active,true,,e22d7643ea01abd0dce415e74faf002186e13ae33190976f1ae61cece045fb76,2026-08-06
P59543,T2R20_HUMAN,P59543,surface,active,true,,e22d7643ea01abd0dce415e74faf002186e13ae33190976f1ae61cece045fb76,2026-08-06
P59541,T2R30_HUMAN,P59541,surface,active,true,,e22d7643ea01abd0dce415e74faf002186e13ae33190976f1ae61cece045fb76,2026-08-06
P59538,T2R31_HUMAN,P59538,unclassified,active,true,,e22d7643ea01abd0dce415e74faf002186e13ae33190976f1ae61cece045fb76,2026-08-06
P59533,T2R38_HUMAN,P59533,surface,active,true,,e22d7643ea01abd0dce415e74faf002186e13ae33190976f1ae61cece045fb76,2026-08-06
P59534,T2R39_HUMAN,P59534,surface,active,true,,e22d7643ea01abd0dce415e74faf002186e13ae33190976f1ae61cece045fb76,2026-08-06
P59535,T2R40_HUMAN,P59535,unclassified,active,true,,e22d7643ea01abd0dce415e74faf002186e13ae33190976f1ae61cece045fb76,2026-08-06
P59536,T2R41_HUMAN,P59536,unclassified,active,true,,e22d7643ea01abd0dce415e74faf002186e13ae33190976f1ae61cece045fb76,2026-08-06
Q7RTR8,T2R42_HUMAN,Q7RTR8,unclassified,active,true,,e22d7643ea01abd0dce415e74faf002186e13ae33190976f1ae61cece045fb76,2026-08-06
P59537,T2R43_HUMAN,P59537,unclassified,active,true,,e22d7643ea01abd0dce415e74faf002186e13ae33190976f1ae61cece045fb76,2026-08-06
P59539,T2R45_HUMAN,P59539,unclassified,active,true,,e22d7643ea01abd0dce415e74faf002186e13ae33190976f1ae61cece045fb76,2026-08-06
P59540,T2R46_HUMAN,P59540,surface,active,true,,e22d7643ea01abd0dce415e74faf002186e13ae33190976f1ae61cece045fb76,2026-08-06
P59544,T2R50_HUMAN,P59544,unclassified,active,true,,e22d7643ea01abd0dce415e74faf002186e13ae33190976f1ae61cece045fb76,2026-08-06
P59551,T2R60_HUMAN,P59551,non_surface,active,true,,e22d7643ea01abd0dce415e74faf002186e13ae33190976f1ae61cece045fb76,2026-08-06
Q9Y228,T3JAM_HUMAN,Q9Y228,non_surface,active,true,,e22d7643ea01abd0dce415e74faf002186e13ae33190976f1ae61cece045fb76,2026-08-06
Q96CE8,T4S18_HUMAN,Q96CE8,surface,active,true,,e22d7643ea01abd0dce415e74faf002186e13ae33190976f1ae61cece045fb76,2026-08-06
Q96DZ7,T4S19_HUMAN,Q96DZ7,unclassified,active,true,,e22d7643ea01abd0dce415e74faf002186e13ae33190976f1ae61cece045fb76,2026-08-06
P30408,T4S1_HUMAN,P30408,surface,active,true,,e22d7643ea01abd0dce415e74faf002186e13ae33190976f1ae61cece045fb76,2026-08-06
Q53R12,T4S20_HUMAN,Q53R12,surface,active,true,,e22d7643ea01abd0dce415e74faf002186e13ae33190976f1ae61cece045fb76,2026-08-06
P48230,T4S4_HUMAN,P48230,surface,active,true,,e22d7643ea01abd0dce415e74faf002186e13ae33190976f1ae61cece045fb76,2026-08-06
O14894,T4S5_HUMAN,O14894,surface,active,true,,e22d7643ea01abd0dce415e74faf002186e13ae33190976f1ae61cece045fb76,2026-08-06
Q9UF72,T73AS_HUMAN,Q9UF72,unclassified,inactive,false,uniprot_inactive,e22d7643ea01abd0dce415e74faf002186e13ae33190976f1ae61cece045fb76,2026-08-06
Q9NYW7,TA2R1_HUMAN,Q9NYW7,surface,active,true,,e22d7643ea01abd0dce415e74faf002186e13ae33190976f1ae61cece045fb76,2026-08-06
Q9NYW6,TA2R3_HUMAN,Q9NYW6,surface,active,true,,e22d7643ea01abd0dce415e74faf002186e13ae33190976f1ae61cece045fb76,2026-08-06
Q9NYW5,TA2R4_HUMAN,Q9NYW5,surface,active,true,,e22d7643ea01abd0dce415e74faf002186e13ae33190976f1ae61cece045fb76,2026-08-06
Q9NYW4,TA2R5_HUMAN,Q9NYW4,unclassified,active,true,,e22d7643ea01abd0dce415e74faf002186e13ae33190976f1ae61cece045fb76,2026-08-06
Q9NYW3,TA2R7_HUMAN,Q9NYW3,surface,active,true,,e22d7643ea01abd0dce415e74faf002186e13ae33190976f1ae61cece045fb76,2026-08-06
Q9NYW2,TA2R8_HUMAN,Q9NYW2,surface,active,true,,e22d7643ea01abd0dce415e74faf002186e13ae33190976f1ae61cece045fb76,2026-08-06
Q9NYW1,TA2R9_HUMAN,Q9NYW1,surface,active,true,,e22d7643ea01abd0dce415e74faf002186e13ae33190976f1ae61cece045fb76,2026-08-06
P21731,TA2R_HUMAN,P21731,surface,active,true,,e22d7643ea01abd0dce415e74faf002186e13ae33190976f1ae61cece045fb76,2026-08-06
Q9Y3F1,TA6P_HUMAN,Q9Y3F1,unclassified,active,true,,e22d7643ea01abd0dce415e74faf002186e13ae33190976f1ae61cece045fb76,2026-08-06
Q96RJ0,TAAR1_HUMAN,Q96RJ0,surface,active,true,,e22d7643ea01abd0dce415e74faf002186e13ae33190976f1ae61cece045fb76,2026-08-06
Q9P1P5,TAAR2_HUMAN,Q9P1P5,surface,active,true,,e22d7643ea01abd0dce415e74faf002186e13ae33190976f1ae61cece045fb76,2026-08-06
Q9P1P4,TAAR3_HUMAN,Q9P1P4,unclassified,active,true,,e22d7643ea01abd0dce415e74faf002186e13ae33190976f1ae61cece045fb76,2026-08-06
O14804,TAAR5_HUMAN,O14804,surface,active,true,,e22d7643ea01abd0dce415e74faf002186e13ae33190976f1ae61cece045fb76,2026-08-06
Q96RI8,TAAR6_HUMAN,Q96RI8,surface,active,true,,e22d7643ea01abd0dce415e74faf002186e13ae33190976f1ae61cece045fb76,2026-08-06
Q969N4,TAAR8_HUMAN,Q969N4,surface,active,true,,e22d7643ea01abd0dce415e74faf002186e13ae33190976f1ae61cece045fb76,2026-08-06
Q96RI9,TAAR9_HUMAN,Q96RI9,surface,active,true,,e22d7643ea01abd0dce415e74faf002186e13ae33190976f1ae61cece045fb76,2026-08-06
P09758,TACD2_HUMAN,P09758,surface,active,true,,e22d7643ea01abd0dce415e74faf002186e13ae33190976f1ae61cece045fb76,2026-08-06
Q9BSH4,TACO1_HUMAN,Q9BSH4,unclassified,active,true,,e22d7643ea01abd0dce415e74faf002186e13ae33190976f1ae61cece045fb76,2026-08-06
P40200,TACT_HUMAN,P40200,surface,active,true,,e22d7643ea01abd0dce415e74faf002186e13ae33190976f1ae61cece045fb76,2026-08-06
Q9UL54,TAOK2_HUMAN,Q9UL54,non_surface,active,true,,e22d7643ea01abd0dce415e74faf002186e13ae33190976f1ae61cece045fb76,2026-08-06
Q03518,TAP1_HUMAN,Q03518,unclassified,active,true,,e22d7643ea01abd0dce415e74faf002186e13ae33190976f1ae61cece045fb76,2026-08-06
Q03519,TAP2_HUMAN,Q03519,non_surface,active,true,,e22d7643ea01abd0dce415e74faf002186e13ae33190976f1ae61cece045fb76,2026-08-06
Q6NXT6,TAPT1_HUMAN,Q6NXT6,non_surface,active,true,,e22d7643ea01abd0dce415e74faf002186e13ae33190976f1ae61cece045fb76,2026-08-06
B6A8C7,TARM1_HUMAN,B6A8C7,surface,active,true,,e22d7643ea01abd0dce415e74faf002186e13ae33190976f1ae61cece045fb76,2026-08-06
Q7Z7G0,TARSH_HUMAN,Q7Z7G0,unclassified,active,true,,e22d7643ea01abd0dce415e74faf002186e13ae33190976f1ae61cece045fb76,2026-08-06
Q16635,TAZ_HUMAN,Q16635,non_surface,active,true,,e22d7643ea01abd0dce415e74faf002186e13ae33190976f1ae61cece045fb76,2026-08-06
Q8N5T2,TBC19_HUMAN,Q8N5T2,non_surface,active,true,,e22d7643ea01abd0dce415e74faf002186e13ae33190976f1ae61cece045fb76,2026-08-06
Q96BZ9,TBC20_HUMAN,Q96BZ9,non_surface,active,true,,e22d7643ea01abd0dce415e74faf002186e13ae33190976f1ae61cece045fb76,2026-08-06
Q92609,TBCD5_HUMAN,Q92609,non_surface,active,true,,e22d7643ea01abd0dce415e74faf002186e13ae33190976f1ae61cece045fb76,2026-08-06
Q9Y4P3,TBL2_HUMAN,Q9Y4P3,unclassified,active,true,,e22d7643ea01abd0dce415e74faf002186e13ae33190976f1ae61cece045fb76,2026-08-06
O75333,TBX10_HUMAN,O75333,unclassified,active,true,,e22d7643ea01abd0dce415e74faf002186e13ae33190976f1ae61cece045fb76,2026-08-06
Q96SF7,TBX15_HUMAN,Q96SF7,unclassified,active,true,,e22d7643ea01abd0dce415e74faf002186e13ae33190976f1ae61cece045fb76,2026-08-06
Q13207,TBX2_HUMAN,Q13207,unclassified,active,true,,e22d7643ea01abd0dce415e74faf002186e13ae33190976f1ae61cece045fb76,2026-08-06
P01848,TCA_HUMAN,P01848,non_surface,active,true,,e22d7643ea01abd0dce415e74faf002186e13ae33190976f1ae61cece045fb76,2026-08-06
P20061,TCO1_HUMAN,P20061,unclassified,active,true,,e22d7643ea01abd0dce415e74faf002186e13ae33190976f1ae61cece045fb76,2026-08-06
P20062,TCO2_HUMAN,P20062,unclassified,active,true,,e22d7643ea01abd0dce415e74faf002186e13ae33190976f1ae61cece045fb76,2026-08-06
Q13428,TCOF_HUMAN,Q13428,unclassified,active,true,,e22d7643ea01abd0dce415e74faf002186e13ae33190976f1ae61cece045fb76,2026-08-06
Q8WWU5,TCP11_HUMAN,Q8WWU5,non_surface,active,true,,e22d7643ea01abd0dce415e74faf002186e13ae33190976f1ae61cece045fb76,2026-08-06
P57738,TCTA_HUMAN,P57738,non_surface,active,true,,e22d7643ea01abd0dce415e74faf002186e13ae33190976f1ae61cece045fb76,2026-08-06
P13385,TDGF1_HUMAN,P13385,surface,active,true,,e22d7643ea01abd0dce415e74faf002186e13ae33190976f1ae61cece045fb76,2026-08-06
P51864,TDGF3_HUMAN,P51864,non_surface,active,true,,e22d7643ea01abd0dce415e74faf002186e13ae33190976f1ae61cece045fb76,2026-08-06
Q9Y2W6,TDRKH_HUMAN,Q9Y2W6,non_surface,active,true,,e22d7643ea01abd0dce415e74faf002186e13ae33190976f1ae61cece045fb76,2026-08-06
Q5HYJ1,TECRL_HUMAN,Q5HYJ1,non_surface,active,true,,e22d7643ea01abd0dce415e74faf002186e13ae33190976f1ae61cece045fb76,2026-08-06
Q9NZ01,TECR_HUMAN,Q9NZ01,non_surface,active,true,,e22d7643ea01abd0dce415e74faf002186e13ae33190976f1ae61cece045fb76,2026-08-06
Q2MV58,TECT1_HUMAN,Q2MV58,unclassified,active,true,,e22d7643ea01abd0dce415e74faf002186e13ae33190976f1ae61cece045fb76,2026-08-06
Q96GX1,TECT2_HUMAN,Q96GX1,surface,active,true,,e22d7643ea01abd0dce415e74faf002186e13ae33190976f1ae61cece045fb76,2026-08-06
Q6NUS6,TECT3_HUMAN,Q6NUS6,surface,active,true,,e22d7643ea01abd0dce415e74faf002186e13ae33190976f1ae61cece045fb76,2026-08-06
O75443,TECTA_HUMAN,O75443,surface,active,true,,e22d7643ea01abd0dce415e74faf002186e13ae33190976f1ae61cece045fb76,2026-08-06
Q96PL2,TECTB_HUMAN,Q96PL2,surface,active,true,,e22d7643ea01abd0dce415e74faf002186e13ae33190976f1ae61cece045fb76,2026-08-06
Q5T9Z0,TEDM1_HUMAN,Q5T9Z0,non_surface,active,true,,e22d7643ea01abd0dce415e74faf002186e13ae33190976f1ae61cece045fb76,2026-08-06
Q8IYR6,TEFF1_HUMAN,Q8IYR6,surface,active,true,,e22d7643ea01abd0dce415e74faf002186e13ae33190976f1ae61cece045fb76,2026-08-06
Q9UIK5,TEFF2_HUMAN,Q9UIK5,surface,active,true,,e22d7643ea01abd0dce415e74faf002186e13ae33190976f1ae61cece045fb76,2026-08-06
Q9Y4R8,TELO2_HUMAN,Q9Y4R8,non_surface,active,true,,e22d7643ea01abd0dce415e74faf002186e13ae33190976f1ae61cece045fb76,2026-08-06
Q9UKZ4,TEN1_HUMAN,Q9UKZ4,surface,active,true,,e22d7643ea01abd0dce415e74faf002186e13ae33190976f1ae61cece045fb76,2026-08-06
Q9NT68,TEN2_HUMAN,Q9NT68,surface,active,true,,e22d7643ea01abd0dce415e74faf002186e13ae33190976f1ae61cece045fb76,2026-08-06
Q9P273,TEN3_HUMAN,Q9P273,surface,active,true,,e22d7643ea01abd0dce415e74faf002186e13ae33190976f1ae61cece045fb76,2026-08-06
Q6N022,TEN4_HUMAN,Q6N022,surface,active,true,,e22d7643ea01abd0dce415e74faf002186e13ae33190976f1ae61cece045fb76,2026-08-06
P24821,TENA_HUMAN,P24821,unclassified,active,true,,e22d7643ea01abd0dce415e74faf002186e13ae33190976f1ae61cece045fb76,2026-08-06
Q9UQP3,TENN_HUMAN,Q9UQP3,unclassified,active,true,,e22d7643ea01abd0dce415e74faf002186e13ae33190976f1ae61cece045fb76,2026-08-06
Q92752,TENR_HUMAN,Q92752,unclassified,active,true,,e22d7643ea01abd0dce415e74faf002186e13ae33190976f1ae61cece045fb76,2026-08-06
Q8IZW8,TENS4_HUMAN,Q8IZW8,unclassified,active,true,,e22d7643ea01abd0dce415e74faf002186e13ae33190976f1ae61cece045fb76,2026-08-06
P22105,TENX_HUMAN,P22105,unclassified,active,true,,e22d7643ea01abd0dce415e74faf002186e13ae33190976f1ae61cece045fb76,2026-08-06
Q6URK8,TEPP_HUMAN,Q6URK8,unclassified,active,true,,e22d7643ea01abd0dce415e74faf002186e13ae33190976f1ae61cece045fb76,2026-08-06
Q9Y6M0,TEST_HUMAN,Q9Y6M0,surface,active,true,,e22d7643ea01abd0dce415e74faf002186e13ae33190976f1ae61cece045fb76,2026-08-06
P05452,TETN_HUMAN,P05452,unclassified,active,true,,e22d7643ea01abd0dce415e74faf002186e13ae33190976f1ae61cece045fb76,2026-08-06
Q9NXF1,TEX10_HUMAN,Q9NXF1,non_surface,active,true,,e22d7643ea01abd0dce415e74faf002186e13ae33190976f1ae61cece045fb76,2026-08-06
O15482,TEX28_HUMAN,O15482,non_surface,active,true,,e22d7643ea01abd0dce415e74faf002186e13ae33190976f1ae61cece045fb76,2026-08-06
Q8N6K0,TEX29_HUMAN,Q8N6K0,unclassified,active,true,,e22d7643ea01abd0dce415e74faf002186e13ae33190976f1ae61cece045fb76,2026-08-06
Q8IWB9,TEX2_HUMAN,Q8IWB9,non_surface,active,true,,e22d7643ea01abd0dce415e74faf002186e13ae33190976f1ae61cece045fb76,2026-08-06
Q6PEX7,TEX38_HUMAN,Q6PEX7,non_surface,active,true,,e22d7643ea01abd0dce415e74faf002186e13ae33190976f1ae61cece045fb76,2026-08-06
Q9Y5Q9,TF3C3_HUMAN,Q9Y5Q9,non_surface,active,true,,e22d7643ea01abd0dce415e74faf002186e13ae33190976f1ae61cece045fb76,2026-08-06
Q00059,TFAM_HUMAN,Q00059,unclassified,active,true,,e22d7643ea01abd0dce415e74faf002186e13ae33190976f1ae61cece045fb76,2026-08-06
Q9H5Q4,TFB2M_HUMAN,Q9H5Q4,unclassified,active,true,,e22d7643ea01abd0dce415e74faf002186e13ae33190976f1ae61cece045fb76,2026-08-06
P04155,TFF1_HUMAN,P04155,unclassified,active,true,,e22d7643ea01abd0dce415e74faf002186e13ae33190976f1ae61cece045fb76,2026-08-06
Q03403,TFF2_HUMAN,Q03403,unclassified,active,true,,e22d7643ea01abd0dce415e74faf002186e13ae33190976f1ae61cece045fb76,2026-08-06
Q07654,TFF3_HUMAN,Q07654,unclassified,active,true,,e22d7643ea01abd0dce415e74faf002186e13ae33190976f1ae61cece045fb76,2026-08-06
P10646,TFPI1_HUMAN,P10646,surface,active,true,,e22d7643ea01abd0dce415e74faf002186e13ae33190976f1ae61cece045fb76,2026-08-06
P48307,TFPI2_HUMAN,P48307,unclassified,active,true,,e22d7643ea01abd0dce415e74faf002186e13ae33190976f1ae61cece045fb76,2026-08-06
P02786,TFR1_HUMAN,P02786,non_surface,active,true,,e22d7643ea01abd0dce415e74faf002186e13ae33190976f1ae61cece045fb76,2026-08-06
Q9UP52,TFR2_HUMAN,Q9UP52,unclassified,active,true,,e22d7643ea01abd0dce415e74faf002186e13ae33190976f1ae61cece045fb76,2026-08-06
P13726,TF_HUMAN,P13726,surface,active,true,,e22d7643ea01abd0dce415e74faf002186e13ae33190976f1ae61cece045fb76,2026-08-06
Q03167,TGBR3_HUMAN,Q03167,surface,active,true,,e22d7643ea01abd0dce415e74faf002186e13ae33190976f1ae61cece045fb76,2026-08-06
P01135,TGFA_HUMAN,P01135,surface,active,true,,e22d7643ea01abd0dce415e74faf002186e13ae33190976f1ae61cece045fb76,2026-08-06
P01137,TGFB1_HUMAN,P01137,unclassified,active,true,,e22d7643ea01abd0dce415e74faf002186e13ae33190976f1ae61cece045fb76,2026-08-06
P61812,TGFB2_HUMAN,P61812,unclassified,active,true,,e22d7643ea01abd0dce415e74faf002186e13ae33190976f1ae61cece045fb76,2026-08-06
P10600,TGFB3_HUMAN,P10600,unclassified,active,true,,e22d7643ea01abd0dce415e74faf002186e13ae33190976f1ae61cece045fb76,2026-08-06
P36897,TGFR1_HUMAN,P36897,surface,active,true,,e22d7643ea01abd0dce415e74faf002186e13ae33190976f1ae61cece045fb76,2026-08-06
P37173,TGFR2_HUMAN,P37173,surface,active,true,,e22d7643ea01abd0dce415e74faf002186e13ae33190976f1ae61cece045fb76,2026-08-06
O43493,TGON2_HUMAN,O43493,surface,active,true,,e22d7643ea01abd0dce415e74faf002186e13ae33190976f1ae61cece045fb76,2026-08-06
H3BV60,TGR3L_HUMAN,H3BV60,non_surface,active,true,,e22d7643ea01abd0dce415e74faf002186e13ae33190976f1ae61cece045fb76,2026-08-06
P24557,THAS_HUMAN,P24557,non_surface,active,true,,e22d7643ea01abd0dce415e74faf002186e13ae33190976f1ae61cece045fb76,2026-08-06
P05543,THBG_HUMAN,P05543,unclassified,active,true,,e22d7643ea01abd0dce415e74faf002186e13ae33190976f1ae61cece045fb76,2026-08-06
Q8WUY1,THEM6_HUMAN,Q8WUY1,unclassified,active,true,,e22d7643ea01abd0dce415e74faf002186e13ae33190976f1ae61cece045fb76,2026-08-06
P09110,THIK_HUMAN,P09110,non_surface,active,true,,e22d7643ea01abd0dce415e74faf002186e13ae33190976f1ae61cece045fb76,2026-08-06
P24752,THIL_HUMAN,P24752,unclassified,active,true,,e22d7643ea01abd0dce415e74faf002186e13ae33190976f1ae61cece045fb76,2026-08-06
P00734,THRB_HUMAN,P00734,unclassified,active,true,,e22d7643ea01abd0dce415e74faf002186e13ae33190976f1ae61cece045fb76,2026-08-06
Q9UPZ6,THS7A_HUMAN,Q9UPZ6,surface,active,true,,e22d7643ea01abd0dce415e74faf002186e13ae33190976f1ae61cece045fb76,2026-08-06
Q9C0I4,THS7B_HUMAN,Q9C0I4,surface,active,true,,e22d7643ea01abd0dce415e74faf002186e13ae33190976f1ae61cece045fb76,2026-08-06
Q9NS62,THSD1_HUMAN,Q9NS62,surface,active,true,,e22d7643ea01abd0dce415e74faf002186e13ae33190976f1ae61cece045fb76,2026-08-06
Q6ZMP0,THSD4_HUMAN,Q6ZMP0,unclassified,active,true,,e22d7643ea01abd0dce415e74faf002186e13ae33190976f1ae61cece045fb76,2026-08-06
P04216,THY1_HUMAN,P04216,surface,active,true,,e22d7643ea01abd0dce415e74faf002186e13ae33190976f1ae61cece045fb76,2026-08-06
P01266,THYG_HUMAN,P01266,unclassified,active,true,,e22d7643ea01abd0dce415e74faf002186e13ae33190976f1ae61cece045fb76,2026-08-06
O60830,TI17B_HUMAN,O60830,non_surface,active,true,,e22d7643ea01abd0dce415e74faf002186e13ae33190976f1ae61cece045fb76,2026-08-06
Q5SRD1,TI23B_HUMAN,Q5SRD1,non_surface,active,true,,e22d7643ea01abd0dce415e74faf002186e13ae33190976f1ae61cece045fb76,2026-08-06
Q08629,TICN1_HUMAN,Q08629,unclassified,active,true,,e22d7643ea01abd0dce415e74faf002186e13ae33190976f1ae61cece045fb76,2026-08-06
Q92563,TICN2_HUMAN,Q92563,unclassified,active,true,,e22d7643ea01abd0dce415e74faf002186e13ae33190976f1ae61cece045fb76,2026-08-06
Q9BQ16,TICN3_HUMAN,Q9BQ16,unclassified,active,true,,e22d7643ea01abd0dce415e74faf002186e13ae33190976f1ae61cece045fb76,2026-08-06
Q9NPL8,TIDC1_HUMAN,Q9NPL8,unclassified,active,true,,e22d7643ea01abd0dce415e74faf002186e13ae33190976f1ae61cece045fb76,2026-08-06
P35590,TIE1_HUMAN,P35590,surface,active,true,,e22d7643ea01abd0dce415e74faf002186e13ae33190976f1ae61cece045fb76,2026-08-06
Q02763,TIE2_HUMAN,Q02763,surface,active,true,,e22d7643ea01abd0dce415e74faf002186e13ae33190976f1ae61cece045fb76,2026-08-06
O15164,TIF1A_HUMAN,O15164,unclassified,active,true,,e22d7643ea01abd0dce415e74faf002186e13ae33190976f1ae61cece045fb76,2026-08-06
Q13263,TIF1B_HUMAN,Q13263,unclassified,active,true,,e22d7643ea01abd0dce415e74faf002186e13ae33190976f1ae61cece045fb76,2026-08-06
P49788,TIG1_HUMAN,P49788,non_surface,active,true,,e22d7643ea01abd0dce415e74faf002186e13ae33190976f1ae61cece045fb76,2026-08-06
Q495A1,TIGIT_HUMAN,Q495A1,surface,active,true,,e22d7643ea01abd0dce415e74faf002186e13ae33190976f1ae61cece045fb76,2026-08-06
Q86V40,TIKI1_HUMAN,Q86V40,surface,active,true,,e22d7643ea01abd0dce415e74faf002186e13ae33190976f1ae61cece045fb76,2026-08-06
A6NFA1,TIKI2_HUMAN,A6NFA1,surface,active,true,,e22d7643ea01abd0dce415e74faf002186e13ae33190976f1ae61cece045fb76,2026-08-06
Q96DA6,TIM14_HUMAN,Q96DA6,non_surface,active,true,,e22d7643ea01abd0dce415e74faf002186e13ae33190976f1ae61cece045fb76,2026-08-06
Q9Y3D7,TIM16_HUMAN,Q9Y3D7,unclassified,active,true,,e22d7643ea01abd0dce415e74faf002186e13ae33190976f1ae61cece045fb76,2026-08-06
Q9BVV7,TIM21_HUMAN,Q9BVV7,non_surface,active,true,,e22d7643ea01abd0dce415e74faf002186e13ae33190976f1ae61cece045fb76,2026-08-06
Q9Y584,TIM22_HUMAN,Q9Y584,non_surface,active,true,,e22d7643ea01abd0dce415e74faf002186e13ae33190976f1ae61cece045fb76,2026-08-06
O14925,TIM23_HUMAN,O14925,non_surface,active,true,,e22d7643ea01abd0dce415e74faf002186e13ae33190976f1ae61cece045fb76,2026-08-06
Q3ZCQ8,TIM50_HUMAN,Q3ZCQ8,non_surface,active,true,,e22d7643ea01abd0dce415e74faf002186e13ae33190976f1ae61cece045fb76,2026-08-06
Q96H15,TIMD4_HUMAN,Q96H15,surface,active,true,,e22d7643ea01abd0dce415e74faf002186e13ae33190976f1ae61cece045fb76,2026-08-06
P01033,TIMP1_HUMAN,P01033,unclassified,active,true,,e22d7643ea01abd0dce415e74faf002186e13ae33190976f1ae61cece045fb76,2026-08-06
P16035,TIMP2_HUMAN,P16035,unclassified,active,true,,e22d7643ea01abd0dce415e74faf002186e13ae33190976f1ae61cece045fb76,2026-08-06
P35625,TIMP3_HUMAN,P35625,unclassified,active,true,,e22d7643ea01abd0dce415e74faf002186e13ae33190976f1ae61cece045fb76,2026-08-06
Q99727,TIMP4_HUMAN,Q99727,unclassified,active,true,,e22d7643ea01abd0dce415e74faf002186e13ae33190976f1ae61cece045fb76,2026-08-06
Q9UNS1,TIM_HUMAN,Q9UNS1,unclassified,active,true,,e22d7643ea01abd0dce415e74faf002186e13ae33190976f1ae61cece045fb76,2026-08-06
Q9GZM7,TINAL_HUMAN,Q9GZM7,unclassified,active,true,,e22d7643ea01abd0dce415e74faf002186e13ae33190976f1ae61cece045fb76,2026-08-06
Q9BSI4,TINF2_HUMAN,Q9BSI4,unclassified,active,true,,e22d7643ea01abd0dce415e74faf002186e13ae33190976f1ae61cece045fb76,2026-08-06
Q96A98,TIP39_HUMAN,Q96A98,unclassified,active,true,,e22d7643ea01abd0dce415e74faf002186e13ae33190976f1ae61cece045fb76,2026-08-06
Q8TB96,TIP_HUMAN,Q8TB96,surface,active,true,,e22d7643ea01abd0dce415e74faf002186e13ae33190976f1ae61cece045fb76,2026-08-06
Q9Y5M6,TISR_HUMAN,Q9Y5M6,non_surface,inactive,false,uniprot_inactive,e22d7643ea01abd0dce415e74faf002186e13ae33190976f1ae61cece045fb76,2026-08-06
P20366,TKN1_HUMAN,P20366,unclassified,active,true,,e22d7643ea01abd0dce415e74faf002186e13ae33190976f1ae61cece045fb76,2026-08-06
Q86UU9,TKN4_HUMAN,Q86UU9,unclassified,active,true,,e22d7643ea01abd0dce415e74faf002186e13ae33190976f1ae61cece045fb76,2026-08-06
Q9UHF0,TKNK_HUMAN,Q9UHF0,unclassified,active,true,,e22d7643ea01abd0dce415e74faf002186e13ae33190976f1ae61cece045fb76,2026-08-06
Q96CP7,TLCD1_HUMAN,Q96CP7,non_surface,active,true,,e22d7643ea01abd0dce415e74faf002186e13ae33190976f1ae61cece045fb76,2026-08-06
A6NGC4,TLCD2_HUMAN,A6NGC4,unclassified,active,true,,e22d7643ea01abd0dce415e74faf002186e13ae33190976f1ae61cece045fb76,2026-08-06
O43897,TLL1_HUMAN,O43897,unclassified,active,true,,e22d7643ea01abd0dce415e74faf002186e13ae33190976f1ae61cece045fb76,2026-08-06
Q9Y6L7,TLL2_HUMAN,Q9Y6L7,unclassified,active,true,,e22d7643ea01abd0dce415e74faf002186e13ae33190976f1ae61cece045fb76,2026-08-06
Q9BXR5,TLR10_HUMAN,Q9BXR5,surface,active,true,,e22d7643ea01abd0dce415e74faf002186e13ae33190976f1ae61cece045fb76,2026-08-06
Q15399,TLR1_HUMAN,Q15399,surface,active,true,,e22d7643ea01abd0dce415e74faf002186e13ae33190976f1ae61cece045fb76,2026-08-06
O60603,TLR2_HUMAN,O60603,surface,active,true,,e22d7643ea01abd0dce415e74faf002186e13ae33190976f1ae61cece045fb76,2026-08-06
O15455,TLR3_HUMAN,O15455,surface,active,true,,e22d7643ea01abd0dce415e74faf002186e13ae33190976f1ae61cece045fb76,2026-08-06
O00206,TLR4_HUMAN,O00206,surface,active,true,,e22d7643ea01abd0dce415e74faf002186e13ae33190976f1ae61cece045fb76,2026-08-06
O60602,TLR5_HUMAN,O60602,surface,active,true,,e22d7643ea01abd0dce415e74faf002186e13ae33190976f1ae61cece045fb76,2026-08-06
Q9Y2C9,TLR6_HUMAN,Q9Y2C9,surface,active,true,,e22d7643ea01abd0dce415e74faf002186e13ae33190976f1ae61cece045fb76,2026-08-06
Q9NYK1,TLR7_HUMAN,Q9NYK1,surface,active,true,,e22d7643ea01abd0dce415e74faf002186e13ae33190976f1ae61cece045fb76,2026-08-06
Q9NR97,TLR8_HUMAN,Q9NR97,surface,active,true,,e22d7643ea01abd0dce415e74faf002186e13ae33190976f1ae61cece045fb76,2026-08-06
Q9NR96,TLR9_HUMAN,Q9NR96,surface,active,true,,e22d7643ea01abd0dce415e74faf002186e13ae33190976f1ae61cece045fb76,2026-08-06
Q9NV29,TM100_HUMAN,Q9NV29,non_surface,active,true,,e22d7643ea01abd0dce415e74faf002186e13ae33190976f1ae61cece045fb76,2026-08-06
Q96IK0,TM101_HUMAN,Q96IK0,non_surface,active,true,,e22d7643ea01abd0dce415e74faf002186e13ae33190976f1ae61cece045fb76,2026-08-06
Q8N9M5,TM102_HUMAN,Q8N9M5,non_surface,active,true,,e22d7643ea01abd0dce415e74faf002186e13ae33190976f1ae61cece045fb76,2026-08-06
Q8NE00,TM104_HUMAN,Q8NE00,surface,active,true,,e22d7643ea01abd0dce415e74faf002186e13ae33190976f1ae61cece045fb76,2026-08-06
Q8N8V8,TM105_HUMAN,Q8N8V8,non_surface,active,true,,e22d7643ea01abd0dce415e74faf002186e13ae33190976f1ae61cece045fb76,2026-08-06
Q6UX40,TM107_HUMAN,Q6UX40,non_surface,active,true,,e22d7643ea01abd0dce415e74faf002186e13ae33190976f1ae61cece045fb76,2026-08-06
Q6UXF1,TM108_HUMAN,Q6UXF1,surface,active,true,,e22d7643ea01abd0dce415e74faf002186e13ae33190976f1ae61cece045fb76,2026-08-06
Q9BVC6,TM109_HUMAN,Q9BVC6,non_surface,active,true,,e22d7643ea01abd0dce415e74faf002186e13ae33190976f1ae61cece045fb76,2026-08-06
Q86TL2,TM110_HUMAN,Q86TL2,surface,active,true,,e22d7643ea01abd0dce415e74faf002186e13ae33190976f1ae61cece045fb76,2026-08-06
B3SHH9,TM114_HUMAN,B3SHH9,surface,active,true,,e22d7643ea01abd0dce415e74faf002186e13ae33190976f1ae61cece045fb76,2026-08-06
Q12893,TM115_HUMAN,Q12893,non_surface,active,true,,e22d7643ea01abd0dce415e74faf002186e13ae33190976f1ae61cece045fb76,2026-08-06
Q8NCL8,TM116_HUMAN,Q8NCL8,surface,active,true,,e22d7643ea01abd0dce415e74faf002186e13ae33190976f1ae61cece045fb76,2026-08-06
Q9H0C3,TM117_HUMAN,Q9H0C3,unclassified,active,true,,e22d7643ea01abd0dce415e74faf002186e13ae33190976f1ae61cece045fb76,2026-08-06
Q4V9L6,TM119_HUMAN,Q4V9L6,unclassified,active,true,,e22d7643ea01abd0dce415e74faf002186e13ae33190976f1ae61cece045fb76,2026-08-06
Q6ZMR5,TM11A_HUMAN,Q6ZMR5,unclassified,active,true,,e22d7643ea01abd0dce415e74faf002186e13ae33190976f1ae61cece045fb76,2026-08-06
Q86T26,TM11B_HUMAN,Q86T26,surface,active,true,,e22d7643ea01abd0dce415e74faf002186e13ae33190976f1ae61cece045fb76,2026-08-06
O60235,TM11D_HUMAN,O60235,surface,active,true,,e22d7643ea01abd0dce415e74faf002186e13ae33190976f1ae61cece045fb76,2026-08-06
Q9UL52,TM11E_HUMAN,Q9UL52,surface,active,true,,e22d7643ea01abd0dce415e74faf002186e13ae33190976f1ae61cece045fb76,2026-08-06
Q6ZWK6,TM11F_HUMAN,Q6ZWK6,non_surface,active,true,,e22d7643ea01abd0dce415e74faf002186e13ae33190976f1ae61cece045fb76,2026-08-06
Q9BTD3,TM121_HUMAN,Q9BTD3,non_surface,active,true,,e22d7643ea01abd0dce415e74faf002186e13ae33190976f1ae61cece045fb76,2026-08-06
Q96AQ2,TM125_HUMAN,Q96AQ2,unclassified,active,true,,e22d7643ea01abd0dce415e74faf002186e13ae33190976f1ae61cece045fb76,2026-08-06
O75204,TM127_HUMAN,O75204,non_surface,active,true,,e22d7643ea01abd0dce415e74faf002186e13ae33190976f1ae61cece045fb76,2026-08-06
Q5BJH2,TM128_HUMAN,Q5BJH2,non_surface,active,true,,e22d7643ea01abd0dce415e74faf002186e13ae33190976f1ae61cece045fb76,2026-08-06
A0AVI4,TM129_HUMAN,A0AVI4,non_surface,active,true,,e22d7643ea01abd0dce415e74faf002186e13ae33190976f1ae61cece045fb76,2026-08-06
Q8N3G9,TM130_HUMAN,Q8N3G9,non_surface,active,true,,e22d7643ea01abd0dce415e74faf002186e13ae33190976f1ae61cece045fb76,2026-08-06
Q92545,TM131_HUMAN,Q92545,unclassified,active,true,,e22d7643ea01abd0dce415e74faf002186e13ae33190976f1ae61cece045fb76,2026-08-06
Q9H2Q1,TM133_HUMAN,Q9H2Q1,non_surface,inactive,false,uniprot_inactive,e22d7643ea01abd0dce415e74faf002186e13ae33190976f1ae61cece045fb76,2026-08-06
Q9H6X4,TM134_HUMAN,Q9H6X4,non_surface,active,true,,e22d7643ea01abd0dce415e74faf002186e13ae33190976f1ae61cece045fb76,2026-08-06
Q86UB9,TM135_HUMAN,Q86UB9,non_surface,active,true,,e22d7643ea01abd0dce415e74faf002186e13ae33190976f1ae61cece045fb76,2026-08-06
Q6ZRR5,TM136_HUMAN,Q6ZRR5,non_surface,active,true,,e22d7643ea01abd0dce415e74faf002186e13ae33190976f1ae61cece045fb76,2026-08-06
Q9NPI0,TM138_HUMAN,Q9NPI0,non_surface,active,true,,e22d7643ea01abd0dce415e74faf002186e13ae33190976f1ae61cece045fb76,2026-08-06
Q8IV31,TM139_HUMAN,Q8IV31,non_surface,active,true,,e22d7643ea01abd0dce415e74faf002186e13ae33190976f1ae61cece045fb76,2026-08-06
Q9NV12,TM140_HUMAN,Q9NV12,surface,active,true,,e22d7643ea01abd0dce415e74faf002186e13ae33190976f1ae61cece045fb76,2026-08-06
Q96I45,TM141_HUMAN,Q96I45,non_surface,active,true,,e22d7643ea01abd0dce415e74faf002186e13ae33190976f1ae61cece045fb76,2026-08-06
Q96AN5,TM143_HUMAN,Q96AN5,non_surface,active,true,,e22d7643ea01abd0dce415e74faf002186e13ae33190976f1ae61cece045fb76,2026-08-06
Q7Z5S9,TM144_HUMAN,Q7Z5S9,unclassified,active,true,,e22d7643ea01abd0dce415e74faf002186e13ae33190976f1ae61cece045fb76,2026-08-06
Q8NBT3,TM145_HUMAN,Q8NBT3,surface,active,true,,e22d7643ea01abd0dce415e74faf002186e13ae33190976f1ae61cece045fb76,2026-08-06
Q9BVK8,TM147_HUMAN,Q9BVK8,non_surface,active,true,,e22d7643ea01abd0dce415e74faf002186e13ae33190976f1ae61cece045fb76,2026-08-06
Q9Y6G1,TM14A_HUMAN,Q9Y6G1,non_surface,active,true,,e22d7643ea01abd0dce415e74faf002186e13ae33190976f1ae61cece045fb76,2026-08-06
Q9NUH8,TM14B_HUMAN,Q9NUH8,non_surface,active,true,,e22d7643ea01abd0dce415e74faf002186e13ae33190976f1ae61cece045fb76,2026-08-06
Q9P0S9,TM14C_HUMAN,Q9P0S9,non_surface,active,true,,e22d7643ea01abd0dce415e74faf002186e13ae33190976f1ae61cece045fb76,2026-08-06
A8MWL7,TM14D_HUMAN,A8MWL7,non_surface,active,true,,e22d7643ea01abd0dce415e74faf002186e13ae33190976f1ae61cece045fb76,2026-08-06
Q6UXP3,TM14E_HUMAN,Q6UXP3,non_surface,active,true,,e22d7643ea01abd0dce415e74faf002186e13ae33190976f1ae61cece045fb76,2026-08-06
Q6P9G4,TM154_HUMAN,Q6P9G4,surface,active,true,,e22d7643ea01abd0dce415e74faf002186e13ae33190976f1ae61cece045fb76,2026-08-06
Q4W5P6,TM155_HUMAN,Q4W5P6,unclassified,active,true,,e22d7643ea01abd0dce415e74faf002186e13ae33190976f1ae61cece045fb76,2026-08-06
Q8N614,TM156_HUMAN,Q8N614,non_surface,active,true,,e22d7643ea01abd0dce415e74faf002186e13ae33190976f1ae61cece045fb76,2026-08-06
Q8WZ71,TM158_HUMAN,Q8WZ71,surface,active,true,,e22d7643ea01abd0dce415e74faf002186e13ae33190976f1ae61cece045fb76,2026-08-06
Q96B96,TM159_HUMAN,Q96B96,unclassified,active,true,,e22d7643ea01abd0dce415e74faf002186e13ae33190976f1ae61cece045fb76,2026-08-06
Q9NX00,TM160_HUMAN,Q9NX00,non_surface,active,true,,e22d7643ea01abd0dce415e74faf002186e13ae33190976f1ae61cece045fb76,2026-08-06
Q8TC26,TM163_HUMAN,Q8TC26,non_surface,active,true,,e22d7643ea01abd0dce415e74faf002186e13ae33190976f1ae61cece045fb76,2026-08-06
Q5U3C3,TM164_HUMAN,Q5U3C3,non_surface,active,true,,e22d7643ea01abd0dce415e74faf002186e13ae33190976f1ae61cece045fb76,2026-08-06
Q9HC07,TM165_HUMAN,Q9HC07,non_surface,active,true,,e22d7643ea01abd0dce415e74faf002186e13ae33190976f1ae61cece045fb76,2026-08-06
Q9H0V1,TM168_HUMAN,Q9H0V1,unclassified,active,true,,e22d7643ea01abd0dce415e74faf002186e13ae33190976f1ae61cece045fb76,2026-08-06
Q96HH4,TM169_HUMAN,Q96HH4,non_surface,active,true,,e22d7643ea01abd0dce415e74faf002186e13ae33190976f1ae61cece045fb76,2026-08-06
Q8WVE6,TM171_HUMAN,Q8WVE6,surface,active,true,,e22d7643ea01abd0dce415e74faf002186e13ae33190976f1ae61cece045fb76,2026-08-06
Q8WUU8,TM174_HUMAN,Q8WUU8,non_surface,active,true,,e22d7643ea01abd0dce415e74faf002186e13ae33190976f1ae61cece045fb76,2026-08-06
Q9BSA9,TM175_HUMAN,Q9BSA9,non_surface,active,true,,e22d7643ea01abd0dce415e74faf002186e13ae33190976f1ae61cece045fb76,2026-08-06
Q53S58,TM177_HUMAN,Q53S58,non_surface,active,true,,e22d7643ea01abd0dce415e74faf002186e13ae33190976f1ae61cece045fb76,2026-08-06
Q14CX5,TM180_HUMAN,Q14CX5,unclassified,active,true,,e22d7643ea01abd0dce415e74faf002186e13ae33190976f1ae61cece045fb76,2026-08-06
Q9P2C4,TM181_HUMAN,Q9P2C4,unclassified,active,true,,e22d7643ea01abd0dce415e74faf002186e13ae33190976f1ae61cece045fb76,2026-08-06
Q6ZP80,TM182_HUMAN,Q6ZP80,surface,active,true,,e22d7643ea01abd0dce415e74faf002186e13ae33190976f1ae61cece045fb76,2026-08-06
Q96B77,TM186_HUMAN,Q96B77,non_surface,active,true,,e22d7643ea01abd0dce415e74faf002186e13ae33190976f1ae61cece045fb76,2026-08-06
Q14656,TM187_HUMAN,Q14656,non_surface,active,true,,e22d7643ea01abd0dce415e74faf002186e13ae33190976f1ae61cece045fb76,2026-08-06
A5PLL7,TM189_HUMAN,A5PLL7,non_surface,active,true,,e22d7643ea01abd0dce415e74faf002186e13ae33190976f1ae61cece045fb76,2026-08-06
Q8WZ59,TM190_HUMAN,Q8WZ59,unclassified,active,true,,e22d7643ea01abd0dce415e74faf002186e13ae33190976f1ae61cece045fb76,2026-08-06
Q8IY95,TM192_HUMAN,Q8IY95,non_surface,active,true,,e22d7643ea01abd0dce415e74faf002186e13ae33190976f1ae61cece045fb76,2026-08-06
Q5HYL7,TM196_HUMAN,Q5HYL7,non_surface,active,true,,e22d7643ea01abd0dce415e74faf002186e13ae33190976f1ae61cece045fb76,2026-08-06
Q66K66,TM198_HUMAN,Q66K66,non_surface,active,true,,e22d7643ea01abd0dce415e74faf002186e13ae33190976f1ae61cece045fb76,2026-08-06
Q8N511,TM199_HUMAN,Q8N511,non_surface,active,true,,e22d7643ea01abd0dce415e74faf002186e13ae33190976f1ae61cece045fb76,2026-08-06
Q5SNT2,TM201_HUMAN,Q5SNT2,non_surface,active,true,,e22d7643ea01abd0dce415e74faf002186e13ae33190976f1ae61cece045fb76,2026-08-06
A6NGA9,TM202_HUMAN,A6NGA9,unclassified,active,true,,e22d7643ea01abd0dce415e74faf002186e13ae33190976f1ae61cece045fb76,2026-08-06
Q969S6,TM203_HUMAN,Q969S6,non_surface,active,true,,e22d7643ea01abd0dce415e74faf002186e13ae33190976f1ae61cece045fb76,2026-08-06
Q9BSN7,TM204_HUMAN,Q9BSN7,surface,active,true,,e22d7643ea01abd0dce415e74faf002186e13ae33190976f1ae61cece045fb76,2026-08-06
Q6UW68,TM205_HUMAN,Q6UW68,non_surface,active,true,,e22d7643ea01abd0dce415e74faf002186e13ae33190976f1ae61cece045fb76,2026-08-06
Q9H813,TM206_HUMAN,Q9H813,unclassified,active,true,,e22d7643ea01abd0dce415e74faf002186e13ae33190976f1ae61cece045fb76,2026-08-06
Q6UWW9,TM207_HUMAN,Q6UWW9,unclassified,active,true,,e22d7643ea01abd0dce415e74faf002186e13ae33190976f1ae61cece045fb76,2026-08-06
Q9BTX3,TM208_HUMAN,Q9BTX3,non_surface,active,true,,e22d7643ea01abd0dce415e74faf002186e13ae33190976f1ae61cece045fb76,2026-08-06
Q96SK2,TM209_HUMAN,Q96SK2,non_surface,active,true,,e22d7643ea01abd0dce415e74faf002186e13ae33190976f1ae61cece045fb76,2026-08-06
A6NLX4,TM210_HUMAN,A6NLX4,non_surface,active,true,,e22d7643ea01abd0dce415e74faf002186e13ae33190976f1ae61cece045fb76,2026-08-06
Q6ICI0,TM211_HUMAN,Q6ICI0,surface,active,true,,e22d7643ea01abd0dce415e74faf002186e13ae33190976f1ae61cece045fb76,2026-08-06
A6NML5,TM212_HUMAN,A6NML5,non_surface,active,true,,e22d7643ea01abd0dce415e74faf002186e13ae33190976f1ae61cece045fb76,2026-08-06
A2RRL7,TM213_HUMAN,A2RRL7,surface,active,true,,e22d7643ea01abd0dce415e74faf002186e13ae33190976f1ae61cece045fb76,2026-08-06
Q6NUQ4,TM214_HUMAN,Q6NUQ4,non_surface,active,true,,e22d7643ea01abd0dce415e74faf002186e13ae33190976f1ae61cece045fb76,2026-08-06
Q68D42,TM215_HUMAN,Q68D42,non_surface,active,true,,e22d7643ea01abd0dce415e74faf002186e13ae33190976f1ae61cece045fb76,2026-08-06
Q9P0N5,TM216_HUMAN,Q9P0N5,non_surface,active,true,,e22d7643ea01abd0dce415e74faf002186e13ae33190976f1ae61cece045fb76,2026-08-06
Q8N7C4,TM217_HUMAN,Q8N7C4,surface,active,true,,e22d7643ea01abd0dce415e74faf002186e13ae33190976f1ae61cece045fb76,2026-08-06
A2RU14,TM218_HUMAN,A2RU14,non_surface,active,true,,e22d7643ea01abd0dce415e74faf002186e13ae33190976f1ae61cece045fb76,2026-08-06
Q86XT9,TM219_HUMAN,Q86XT9,surface,active,true,,e22d7643ea01abd0dce415e74faf002186e13ae33190976f1ae61cece045fb76,2026-08-06
Q6QAJ8,TM220_HUMAN,Q6QAJ8,non_surface,active,true,,e22d7643ea01abd0dce415e74faf002186e13ae33190976f1ae61cece045fb76,2026-08-06
A6NGB7,TM221_HUMAN,A6NGB7,non_surface,active,true,,e22d7643ea01abd0dce415e74faf002186e13ae33190976f1ae61cece045fb76,2026-08-06
Q9H0R3,TM222_HUMAN,Q9H0R3,non_surface,active,true,,e22d7643ea01abd0dce415e74faf002186e13ae33190976f1ae61cece045fb76,2026-08-06
A0PJW6,TM223_HUMAN,A0PJW6,non_surface,active,true,,e22d7643ea01abd0dce415e74faf002186e13ae33190976f1ae61cece045fb76,2026-08-06
Q6GV28,TM225_HUMAN,Q6GV28,surface,active,true,,e22d7643ea01abd0dce415e74faf002186e13ae33190976f1ae61cece045fb76,2026-08-06
Q96A57,TM230_HUMAN,Q96A57,non_surface,active,true,,e22d7643ea01abd0dce415e74faf002186e13ae33190976f1ae61cece045fb76,2026-08-06
Q9H6L2,TM231_HUMAN,Q9H6L2,surface,active,true,,e22d7643ea01abd0dce415e74faf002186e13ae33190976f1ae61cece045fb76,2026-08-06
C9JQI7,TM232_HUMAN,C9JQI7,non_surface,active,true,,e22d7643ea01abd0dce415e74faf002186e13ae33190976f1ae61cece045fb76,2026-08-06
B4DJY2,TM233_HUMAN,B4DJY2,non_surface,active,true,,e22d7643ea01abd0dce415e74faf002186e13ae33190976f1ae61cece045fb76,2026-08-06
Q8WY98,TM234_HUMAN,Q8WY98,unclassified,active,true,,e22d7643ea01abd0dce415e74faf002186e13ae33190976f1ae61cece045fb76,2026-08-06
A6NFC5,TM235_HUMAN,A6NFC5,surface,active,true,,e22d7643ea01abd0dce415e74faf002186e13ae33190976f1ae61cece045fb76,2026-08-06
Q5W0B7,TM236_HUMAN,Q5W0B7,unclassified,active,true,,e22d7643ea01abd0dce415e74faf002186e13ae33190976f1ae61cece045fb76,2026-08-06
Q96Q45,TM237_HUMAN,Q96Q45,unclassified,active,true,,e22d7643ea01abd0dce415e74faf002186e13ae33190976f1ae61cece045fb76,2026-08-06
C9JI98,TM238_HUMAN,C9JI98,non_surface,active,true,,e22d7643ea01abd0dce415e74faf002186e13ae33190976f1ae61cece045fb76,2026-08-06
Q8WW34,TM239_HUMAN,Q8WW34,non_surface,active,true,,e22d7643ea01abd0dce415e74faf002186e13ae33190976f1ae61cece045fb76,2026-08-06
Q5SV17,TM240_HUMAN,Q5SV17,unclassified,active,true,,e22d7643ea01abd0dce415e74faf002186e13ae33190976f1ae61cece045fb76,2026-08-06
Q24JQ0,TM241_HUMAN,Q24JQ0,non_surface,active,true,,e22d7643ea01abd0dce415e74faf002186e13ae33190976f1ae61cece045fb76,2026-08-06
Q9NWH2,TM242_HUMAN,Q9NWH2,non_surface,active,true,,e22d7643ea01abd0dce415e74faf002186e13ae33190976f1ae61cece045fb76,2026-08-06
Q9BU79,TM243_HUMAN,Q9BU79,non_surface,active,true,,e22d7643ea01abd0dce415e74faf002186e13ae33190976f1ae61cece045fb76,2026-08-06
Q5VVB8,TM244_HUMAN,Q5VVB8,non_surface,active,true,,e22d7643ea01abd0dce415e74faf002186e13ae33190976f1ae61cece045fb76,2026-08-06
Q9H330,TM245_HUMAN,Q9H330,surface,active,true,,e22d7643ea01abd0dce415e74faf002186e13ae33190976f1ae61cece045fb76,2026-08-06
Q9BRR3,TM246_HUMAN,Q9BRR3,non_surface,active,true,,e22d7643ea01abd0dce415e74faf002186e13ae33190976f1ae61cece045fb76,2026-08-06
A6NEH6,TM247_HUMAN,A6NEH6,non_surface,active,true,,e22d7643ea01abd0dce415e74faf002186e13ae33190976f1ae61cece045fb76,2026-08-06
Q9NWD8,TM248_HUMAN,Q9NWD8,non_surface,active,true,,e22d7643ea01abd0dce415e74faf002186e13ae33190976f1ae61cece045fb76,2026-08-06
Q2WGJ8,TM249_HUMAN,Q2WGJ8,non_surface,active,true,,e22d7643ea01abd0dce415e74faf002186e13ae33190976f1ae61cece045fb76,2026-08-06
Q8N6I4,TM251_HUMAN,Q8N6I4,non_surface,active,true,,e22d7643ea01abd0dce415e74faf002186e13ae33190976f1ae61cece045fb76,2026-08-06
Q8N6L7,TM252_HUMAN,Q8N6L7,non_surface,active,true,,e22d7643ea01abd0dce415e74faf002186e13ae33190976f1ae61cece045fb76,2026-08-06
P0C7T8,TM253_HUMAN,P0C7T8,unclassified,active,true,,e22d7643ea01abd0dce415e74faf002186e13ae33190976f1ae61cece045fb76,2026-08-06
Q8TBM7,TM254_HUMAN,Q8TBM7,non_surface,active,true,,e22d7643ea01abd0dce415e74faf002186e13ae33190976f1ae61cece045fb76,2026-08-06
Q8N2U0,TM256_HUMAN,Q8N2U0,non_surface,active,true,,e22d7643ea01abd0dce415e74faf002186e13ae33190976f1ae61cece045fb76,2026-08-06
O96002,TM257_HUMAN,O96002,non_surface,active,true,,e22d7643ea01abd0dce415e74faf002186e13ae33190976f1ae61cece045fb76,2026-08-06
P61165,TM258_HUMAN,P61165,non_surface,active,true,,e22d7643ea01abd0dce415e74faf002186e13ae33190976f1ae61cece045fb76,2026-08-06
Q9NX78,TM260_HUMAN,Q9NX78,unclassified,active,true,,e22d7643ea01abd0dce415e74faf002186e13ae33190976f1ae61cece045fb76,2026-08-06
Q96GE9,TM261_HUMAN,Q96GE9,non_surface,active,true,,e22d7643ea01abd0dce415e74faf002186e13ae33190976f1ae61cece045fb76,2026-08-06
E9PQX1,TM262_HUMAN,E9PQX1,non_surface,active,true,,e22d7643ea01abd0dce415e74faf002186e13ae33190976f1ae61cece045fb76,2026-08-06
Q9BX74,TM2D1_HUMAN,Q9BX74,unclassified,active,true,,e22d7643ea01abd0dce415e74faf002186e13ae33190976f1ae61cece045fb76,2026-08-06
Q9BX73,TM2D2_HUMAN,Q9BX73,unclassified,active,true,,e22d7643ea01abd0dce415e74faf002186e13ae33190976f1ae61cece045fb76,2026-08-06
Q9BRN9,TM2D3_HUMAN,Q9BRN9,unclassified,active,true,,e22d7643ea01abd0dce415e74faf002186e13ae33190976f1ae61cece045fb76,2026-08-06
Q9H6F2,TM38A_HUMAN,Q9H6F2,non_surface,active,true,,e22d7643ea01abd0dce415e74faf002186e13ae33190976f1ae61cece045fb76,2026-08-06
Q9NVV0,TM38B_HUMAN,Q9NVV0,non_surface,active,true,,e22d7643ea01abd0dce415e74faf002186e13ae33190976f1ae61cece045fb76,2026-08-06
Q9NV64,TM39A_HUMAN,Q9NV64,unclassified,active,true,,e22d7643ea01abd0dce415e74faf002186e13ae33190976f1ae61cece045fb76,2026-08-06
Q9GZU3,TM39B_HUMAN,Q9GZU3,non_surface,active,true,,e22d7643ea01abd0dce415e74faf002186e13ae33190976f1ae61cece045fb76,2026-08-06
Q96HV5,TM41A_HUMAN,Q96HV5,unclassified,active,true,,e22d7643ea01abd0dce415e74faf002186e13ae33190976f1ae61cece045fb76,2026-08-06
Q5BJD5,TM41B_HUMAN,Q5BJD5,non_surface,active,true,,e22d7643ea01abd0dce415e74faf002186e13ae33190976f1ae61cece045fb76,2026-08-06
Q9NWC5,TM45A_HUMAN,Q9NWC5,unclassified,active,true,,e22d7643ea01abd0dce415e74faf002186e13ae33190976f1ae61cece045fb76,2026-08-06
Q96B21,TM45B_HUMAN,Q96B21,non_surface,active,true,,e22d7643ea01abd0dce415e74faf002186e13ae33190976f1ae61cece045fb76,2026-08-06
O95807,TM50A_HUMAN,O95807,non_surface,active,true,,e22d7643ea01abd0dce415e74faf002186e13ae33190976f1ae61cece045fb76,2026-08-06
P56557,TM50B_HUMAN,P56557,non_surface,active,true,,e22d7643ea01abd0dce415e74faf002186e13ae33190976f1ae61cece045fb76,2026-08-06
Q4KMG9,TM52B_HUMAN,Q4KMG9,unclassified,active,true,,e22d7643ea01abd0dce415e74faf002186e13ae33190976f1ae61cece045fb76,2026-08-06
Q8N4L2,TM55A_HUMAN,Q8N4L2,non_surface,active,true,,e22d7643ea01abd0dce415e74faf002186e13ae33190976f1ae61cece045fb76,2026-08-06
Q86T03,TM55B_HUMAN,Q86T03,non_surface,active,true,,e22d7643ea01abd0dce415e74faf002186e13ae33190976f1ae61cece045fb76,2026-08-06
Q9UK28,TM59L_HUMAN,Q9UK28,non_surface,active,true,,e22d7643ea01abd0dce415e74faf002186e13ae33190976f1ae61cece045fb76,2026-08-06
Q9BZW5,TM6S1_HUMAN,Q9BZW5,non_surface,active,true,,e22d7643ea01abd0dce415e74faf002186e13ae33190976f1ae61cece045fb76,2026-08-06
Q9BZW4,TM6S2_HUMAN,Q9BZW4,non_surface,active,true,,e22d7643ea01abd0dce415e74faf002186e13ae33190976f1ae61cece045fb76,2026-08-06
Q9NUR3,TM74B_HUMAN,Q9NUR3,non_surface,active,true,,e22d7643ea01abd0dce415e74faf002186e13ae33190976f1ae61cece045fb76,2026-08-06
Q9NS93,TM7S3_HUMAN,Q9NS93,surface,active,true,,e22d7643ea01abd0dce415e74faf002186e13ae33190976f1ae61cece045fb76,2026-08-06
Q8N2M4,TM86A_HUMAN,Q8N2M4,non_surface,active,true,,e22d7643ea01abd0dce415e74faf002186e13ae33190976f1ae61cece045fb76,2026-08-06
Q8N661,TM86B_HUMAN,Q8N661,non_surface,active,true,,e22d7643ea01abd0dce415e74faf002186e13ae33190976f1ae61cece045fb76,2026-08-06
Q8NBN3,TM87A_HUMAN,Q8NBN3,surface,active,true,,e22d7643ea01abd0dce415e74faf002186e13ae33190976f1ae61cece045fb76,2026-08-06
Q96K49,TM87B_HUMAN,Q96K49,surface,active,true,,e22d7643ea01abd0dce415e74faf002186e13ae33190976f1ae61cece045fb76,2026-08-06
A6NKF7,TM88B_HUMAN,A6NKF7,non_surface,active,true,,e22d7643ea01abd0dce415e74faf002186e13ae33190976f1ae61cece045fb76,2026-08-06
O15321,TM9S1_HUMAN,O15321,surface,active,true,,e22d7643ea01abd0dce415e74faf002186e13ae33190976f1ae61cece045fb76,2026-08-06
Q99805,TM9S2_HUMAN,Q99805,surface,active,true,,e22d7643ea01abd0dce415e74faf002186e13ae33190976f1ae61cece045fb76,2026-08-06
Q9HD45,TM9S3_HUMAN,Q9HD45,surface,active,true,,e22d7643ea01abd0dce415e74faf002186e13ae33190976f1ae61cece045fb76,2026-08-06
Q92544,TM9S4_HUMAN,Q92544,surface,active,true,,e22d7643ea01abd0dce415e74faf002186e13ae33190976f1ae61cece045fb76,2026-08-06
Q8TDI8,TMC1_HUMAN,Q8TDI8,non_surface,active,true,,e22d7643ea01abd0dce415e74faf002186e13ae33190976f1ae61cece045fb76,2026-08-06
Q8TDI7,TMC2_HUMAN,Q8TDI7,unclassified,active,true,,e22d7643ea01abd0dce415e74faf002186e13ae33190976f1ae61cece045fb76,2026-08-06
Q7Z5M5,TMC3_HUMAN,Q7Z5M5,unclassified,active,true,,e22d7643ea01abd0dce415e74faf002186e13ae33190976f1ae61cece045fb76,2026-08-06
Q7Z404,TMC4_HUMAN,Q7Z404,non_surface,active,true,,e22d7643ea01abd0dce415e74faf002186e13ae33190976f1ae61cece045fb76,2026-08-06
Q8N6Q1,TMC5A_HUMAN,Q8N6Q1,non_surface,active,true,,e22d7643ea01abd0dce415e74faf002186e13ae33190976f1ae61cece045fb76,2026-08-06
A8MYB1,TMC5B_HUMAN,A8MYB1,non_surface,active,true,,e22d7643ea01abd0dce415e74faf002186e13ae33190976f1ae61cece045fb76,2026-08-06
Q6UXY8,TMC5_HUMAN,Q6UXY8,unclassified,active,true,,e22d7643ea01abd0dce415e74faf002186e13ae33190976f1ae61cece045fb76,2026-08-06
Q7Z403,TMC6_HUMAN,Q7Z403,non_surface,active,true,,e22d7643ea01abd0dce415e74faf002186e13ae33190976f1ae61cece045fb76,2026-08-06
Q7Z402,TMC7_HUMAN,Q7Z402,surface,active,true,,e22d7643ea01abd0dce415e74faf002186e13ae33190976f1ae61cece045fb76,2026-08-06
Q8IU68,TMC8_HUMAN,Q8IU68,non_surface,active,true,,e22d7643ea01abd0dce415e74faf002186e13ae33190976f1ae61cece045fb76,2026-08-06
O94876,TMCC1_HUMAN,O94876,non_surface,active,true,,e22d7643ea01abd0dce415e74faf002186e13ae33190976f1ae61cece045fb76,2026-08-06
O75069,TMCC2_HUMAN,O75069,non_surface,active,true,,e22d7643ea01abd0dce415e74faf002186e13ae33190976f1ae61cece045fb76,2026-08-06
Q9ULS5,TMCC3_HUMAN,Q9ULS5,non_surface,active,true,,e22d7643ea01abd0dce415e74faf002186e13ae33190976f1ae61cece045fb76,2026-08-06
Q9UM00,TMCO1_HUMAN,Q9UM00,non_surface,active,true,,e22d7643ea01abd0dce415e74faf002186e13ae33190976f1ae61cece045fb76,2026-08-06
Q7Z6W1,TMCO2_HUMAN,Q7Z6W1,non_surface,active,true,,e22d7643ea01abd0dce415e74faf002186e13ae33190976f1ae61cece045fb76,2026-08-06
Q6UWJ1,TMCO3_HUMAN,Q6UWJ1,surface,active,true,,e22d7643ea01abd0dce415e74faf002186e13ae33190976f1ae61cece045fb76,2026-08-06
Q5TGY1,TMCO4_HUMAN,Q5TGY1,non_surface,active,true,,e22d7643ea01abd0dce415e74faf002186e13ae33190976f1ae61cece045fb76,2026-08-06
Q96DC7,TMCO6_HUMAN,Q96DC7,non_surface,active,true,,e22d7643ea01abd0dce415e74faf002186e13ae33190976f1ae61cece045fb76,2026-08-06
Q13445,TMED1_HUMAN,Q13445,unclassified,active,true,,e22d7643ea01abd0dce415e74faf002186e13ae33190976f1ae61cece045fb76,2026-08-06
Q15363,TMED2_HUMAN,Q15363,non_surface,active,true,,e22d7643ea01abd0dce415e74faf002186e13ae33190976f1ae61cece045fb76,2026-08-06
Q9Y3Q3,TMED3_HUMAN,Q9Y3Q3,non_surface,active,true,,e22d7643ea01abd0dce415e74faf002186e13ae33190976f1ae61cece045fb76,2026-08-06
Q7Z7H5,TMED4_HUMAN,Q7Z7H5,non_surface,active,true,,e22d7643ea01abd0dce415e74faf002186e13ae33190976f1ae61cece045fb76,2026-08-06
Q9Y3A6,TMED5_HUMAN,Q9Y3A6,non_surface,active,true,,e22d7643ea01abd0dce415e74faf002186e13ae33190976f1ae61cece045fb76,2026-08-06
Q8WW62,TMED6_HUMAN,Q8WW62,non_surface,active,true,,e22d7643ea01abd0dce415e74faf002186e13ae33190976f1ae61cece045fb76,2026-08-06
Q9Y3B3,TMED7_HUMAN,Q9Y3B3,surface,active,true,,e22d7643ea01abd0dce415e74faf002186e13ae33190976f1ae61cece045fb76,2026-08-06
Q9BVK6,TMED9_HUMAN,Q9BVK6,unclassified,active,true,,e22d7643ea01abd0dce415e74faf002186e13ae33190976f1ae61cece045fb76,2026-08-06
P49755,TMEDA_HUMAN,P49755,unclassified,active,true,,e22d7643ea01abd0dce415e74faf002186e13ae33190976f1ae61cece045fb76,2026-08-06
Q9UHN6,TMEM2_HUMAN,Q9UHN6,unclassified,active,true,,e22d7643ea01abd0dce415e74faf002186e13ae33190976f1ae61cece045fb76,2026-08-06
Q9Y2B1,TMEM5_HUMAN,Q9Y2B1,non_surface,active,true,,e22d7643ea01abd0dce415e74faf002186e13ae33190976f1ae61cece045fb76,2026-08-06
Q9P0T7,TMEM9_HUMAN,Q9P0T7,surface,active,true,,e22d7643ea01abd0dce415e74faf002186e13ae33190976f1ae61cece045fb76,2026-08-06
O14668,TMG1_HUMAN,O14668,non_surface,active,true,,e22d7643ea01abd0dce415e74faf002186e13ae33190976f1ae61cece045fb76,2026-08-06
O14669,TMG2_HUMAN,O14669,unclassified,active,true,,e22d7643ea01abd0dce415e74faf002186e13ae33190976f1ae61cece045fb76,2026-08-06
Q9BZD7,TMG3_HUMAN,Q9BZD7,non_surface,active,true,,e22d7643ea01abd0dce415e74faf002186e13ae33190976f1ae61cece045fb76,2026-08-06
Q9BZD6,TMG4_HUMAN,Q9BZD6,unclassified,active,true,,e22d7643ea01abd0dce415e74faf002186e13ae33190976f1ae61cece045fb76,2026-08-06
Q8TAF8,TMHS_HUMAN,Q8TAF8,surface,active,true,,e22d7643ea01abd0dce415e74faf002186e13ae33190976f1ae61cece045fb76,2026-08-06
Q8NEW7,TMIE_HUMAN,Q8NEW7,non_surface,active,true,,e22d7643ea01abd0dce415e74faf002186e13ae33190976f1ae61cece045fb76,2026-08-06
Q6UXZ0,TMIG1_HUMAN,Q6UXZ0,surface,active,true,,e22d7643ea01abd0dce415e74faf002186e13ae33190976f1ae61cece045fb76,2026-08-06
Q96BF3,TMIG2_HUMAN,Q96BF3,surface,active,true,,e22d7643ea01abd0dce415e74faf002186e13ae33190976f1ae61cece045fb76,2026-08-06
Q86X19,TMM17_HUMAN,Q86X19,non_surface,active,true,,e22d7643ea01abd0dce415e74faf002186e13ae33190976f1ae61cece045fb76,2026-08-06
Q96B42,TMM18_HUMAN,Q96B42,non_surface,active,true,,e22d7643ea01abd0dce415e74faf002186e13ae33190976f1ae61cece045fb76,2026-08-06
Q96HH6,TMM19_HUMAN,Q96HH6,unclassified,active,true,,e22d7643ea01abd0dce415e74faf002186e13ae33190976f1ae61cece045fb76,2026-08-06
Q86YD3,TMM25_HUMAN,Q86YD3,surface,active,true,,e22d7643ea01abd0dce415e74faf002186e13ae33190976f1ae61cece045fb76,2026-08-06
Q6ZUK4,TMM26_HUMAN,Q6ZUK4,surface,active,true,,e22d7643ea01abd0dce415e74faf002186e13ae33190976f1ae61cece045fb76,2026-08-06
Q9HBJ8,TMM27_HUMAN,Q9HBJ8,surface,active,true,,e22d7643ea01abd0dce415e74faf002186e13ae33190976f1ae61cece045fb76,2026-08-06
Q5JXX7,TMM31_HUMAN,Q5JXX7,non_surface,active,true,,e22d7643ea01abd0dce415e74faf002186e13ae33190976f1ae61cece045fb76,2026-08-06
P57088,TMM33_HUMAN,P57088,non_surface,active,true,,e22d7643ea01abd0dce415e74faf002186e13ae33190976f1ae61cece045fb76,2026-08-06
Q53FP2,TMM35_HUMAN,Q53FP2,non_surface,active,true,,e22d7643ea01abd0dce415e74faf002186e13ae33190976f1ae61cece045fb76,2026-08-06
Q8WWA1,TMM40_HUMAN,Q8WWA1,non_surface,active,true,,e22d7643ea01abd0dce415e74faf002186e13ae33190976f1ae61cece045fb76,2026-08-06
Q69YG0,TMM42_HUMAN,Q69YG0,non_surface,active,true,,e22d7643ea01abd0dce415e74faf002186e13ae33190976f1ae61cece045fb76,2026-08-06
Q9BTV4,TMM43_HUMAN,Q9BTV4,non_surface,active,true,,e22d7643ea01abd0dce415e74faf002186e13ae33190976f1ae61cece045fb76,2026-08-06
Q2T9K0,TMM44_HUMAN,Q2T9K0,non_surface,active,true,,e22d7643ea01abd0dce415e74faf002186e13ae33190976f1ae61cece045fb76,2026-08-06
Q9BQJ4,TMM47_HUMAN,Q9BQJ4,unclassified,active,true,,e22d7643ea01abd0dce415e74faf002186e13ae33190976f1ae61cece045fb76,2026-08-06
Q9NW97,TMM51_HUMAN,Q9NW97,non_surface,active,true,,e22d7643ea01abd0dce415e74faf002186e13ae33190976f1ae61cece045fb76,2026-08-06
Q8NDY8,TMM52_HUMAN,Q8NDY8,unclassified,active,true,,e22d7643ea01abd0dce415e74faf002186e13ae33190976f1ae61cece045fb76,2026-08-06
Q6P2H8,TMM53_HUMAN,Q6P2H8,non_surface,active,true,,e22d7643ea01abd0dce415e74faf002186e13ae33190976f1ae61cece045fb76,2026-08-06
Q969K7,TMM54_HUMAN,Q969K7,unclassified,active,true,,e22d7643ea01abd0dce415e74faf002186e13ae33190976f1ae61cece045fb76,2026-08-06
Q96MV1,TMM56_HUMAN,Q96MV1,non_surface,active,true,,e22d7643ea01abd0dce415e74faf002186e13ae33190976f1ae61cece045fb76,2026-08-06
Q9BXS4,TMM59_HUMAN,Q9BXS4,non_surface,active,true,,e22d7643ea01abd0dce415e74faf002186e13ae33190976f1ae61cece045fb76,2026-08-06
Q9H2L4,TMM60_HUMAN,Q9H2L4,unclassified,active,true,,e22d7643ea01abd0dce415e74faf002186e13ae33190976f1ae61cece045fb76,2026-08-06
Q8N0U2,TMM61_HUMAN,Q8N0U2,non_surface,active,true,,e22d7643ea01abd0dce415e74faf002186e13ae33190976f1ae61cece045fb76,2026-08-06
Q0P6H9,TMM62_HUMAN,Q0P6H9,surface,active,true,,e22d7643ea01abd0dce415e74faf002186e13ae33190976f1ae61cece045fb76,2026-08-06
Q6YI46,TMM64_HUMAN,Q6YI46,non_surface,active,true,,e22d7643ea01abd0dce415e74faf002186e13ae33190976f1ae61cece045fb76,2026-08-06
Q6PI78,TMM65_HUMAN,Q6PI78,non_surface,active,true,,e22d7643ea01abd0dce415e74faf002186e13ae33190976f1ae61cece045fb76,2026-08-06
Q96MH6,TMM68_HUMAN,Q96MH6,non_surface,active,true,,e22d7643ea01abd0dce415e74faf002186e13ae33190976f1ae61cece045fb76,2026-08-06
Q5SWH9,TMM69_HUMAN,Q5SWH9,non_surface,active,true,,e22d7643ea01abd0dce415e74faf002186e13ae33190976f1ae61cece045fb76,2026-08-06
Q9BUB7,TMM70_HUMAN,Q9BUB7,non_surface,active,true,,e22d7643ea01abd0dce415e74faf002186e13ae33190976f1ae61cece045fb76,2026-08-06
Q6P5X7,TMM71_HUMAN,Q6P5X7,non_surface,active,true,,e22d7643ea01abd0dce415e74faf002186e13ae33190976f1ae61cece045fb76,2026-08-06
A0PK05,TMM72_HUMAN,A0PK05,non_surface,active,true,,e22d7643ea01abd0dce415e74faf002186e13ae33190976f1ae61cece045fb76,2026-08-06
Q96NL1,TMM74_HUMAN,Q96NL1,non_surface,active,true,,e22d7643ea01abd0dce415e74faf002186e13ae33190976f1ae61cece045fb76,2026-08-06
Q8N9X5,TMM75_HUMAN,Q8N9X5,non_surface,active,true,,e22d7643ea01abd0dce415e74faf002186e13ae33190976f1ae61cece045fb76,2026-08-06
Q5T7P6,TMM78_HUMAN,Q5T7P6,non_surface,active,true,,e22d7643ea01abd0dce415e74faf002186e13ae33190976f1ae61cece045fb76,2026-08-06
Q9BSE2,TMM79_HUMAN,Q9BSE2,non_surface,active,true,,e22d7643ea01abd0dce415e74faf002186e13ae33190976f1ae61cece045fb76,2026-08-06
Q96HE8,TMM80_HUMAN,Q96HE8,non_surface,active,true,,e22d7643ea01abd0dce415e74faf002186e13ae33190976f1ae61cece045fb76,2026-08-06
Q6P7N7,TMM81_HUMAN,Q6P7N7,unclassified,active,true,,e22d7643ea01abd0dce415e74faf002186e13ae33190976f1ae61cece045fb76,2026-08-06
A0PJX8,TMM82_HUMAN,A0PJX8,non_surface,active,true,,e22d7643ea01abd0dce415e74faf002186e13ae33190976f1ae61cece045fb76,2026-08-06
Q96N35,TMM83_HUMAN,Q96N35,non_surface,active,true,,e22d7643ea01abd0dce415e74faf002186e13ae33190976f1ae61cece045fb76,2026-08-06
Q6PEY1,TMM88_HUMAN,Q6PEY1,non_surface,active,true,,e22d7643ea01abd0dce415e74faf002186e13ae33190976f1ae61cece045fb76,2026-08-06
A2RUT3,TMM89_HUMAN,A2RUT3,non_surface,active,true,,e22d7643ea01abd0dce415e74faf002186e13ae33190976f1ae61cece045fb76,2026-08-06
Q9HCN3,TMM8A_HUMAN,Q9HCN3,surface,active,true,,e22d7643ea01abd0dce415e74faf002186e13ae33190976f1ae61cece045fb76,2026-08-06
A6NDV4,TMM8B_HUMAN,A6NDV4,surface,active,true,,e22d7643ea01abd0dce415e74faf002186e13ae33190976f1ae61cece045fb76,2026-08-06
A6NI61,TMM8C_HUMAN,A6NI61,non_surface,active,true,,e22d7643ea01abd0dce415e74faf002186e13ae33190976f1ae61cece045fb76,2026-08-06
Q6ZNR0,TMM91_HUMAN,Q6ZNR0,non_surface,active,true,,e22d7643ea01abd0dce415e74faf002186e13ae33190976f1ae61cece045fb76,2026-08-06
Q6UXU6,TMM92_HUMAN,Q6UXU6,non_surface,active,true,,e22d7643ea01abd0dce415e74faf002186e13ae33190976f1ae61cece045fb76,2026-08-06
Q3KNT9,TMM95_HUMAN,Q3KNT9,surface,active,true,,e22d7643ea01abd0dce415e74faf002186e13ae33190976f1ae61cece045fb76,2026-08-06
Q5BJF2,TMM97_HUMAN,Q5BJF2,non_surface,active,true,,e22d7643ea01abd0dce415e74faf002186e13ae33190976f1ae61cece045fb76,2026-08-06
Q9Y2Y6,TMM98_HUMAN,Q9Y2Y6,non_surface,active,true,,e22d7643ea01abd0dce415e74faf002186e13ae33190976f1ae61cece045fb76,2026-08-06
Q8N816,TMM99_HUMAN,Q8N816,unclassified,active,true,,e22d7643ea01abd0dce415e74faf002186e13ae33190976f1ae61cece045fb76,2026-08-06
Q9NQ34,TMM9B_HUMAN,Q9NQ34,surface,active,true,,e22d7643ea01abd0dce415e74faf002186e13ae33190976f1ae61cece045fb76,2026-08-06
Q6ZT21,TMPPE_HUMAN,Q6ZT21,non_surface,active,true,,e22d7643ea01abd0dce415e74faf002186e13ae33190976f1ae61cece045fb76,2026-08-06
O15393,TMPS2_HUMAN,O15393,unclassified,active,true,,e22d7643ea01abd0dce415e74faf002186e13ae33190976f1ae61cece045fb76,2026-08-06
P57727,TMPS3_HUMAN,P57727,non_surface,active,true,,e22d7643ea01abd0dce415e74faf002186e13ae33190976f1ae61cece045fb76,2026-08-06
Q9NRS4,TMPS4_HUMAN,Q9NRS4,non_surface,active,true,,e22d7643ea01abd0dce415e74faf002186e13ae33190976f1ae61cece045fb76,2026-08-06
Q9H3S3,TMPS5_HUMAN,Q9H3S3,surface,active,true,,e22d7643ea01abd0dce415e74faf002186e13ae33190976f1ae61cece045fb76,2026-08-06
Q8IU80,TMPS6_HUMAN,Q8IU80,surface,active,true,,e22d7643ea01abd0dce415e74faf002186e13ae33190976f1ae61cece045fb76,2026-08-06
Q7RTY8,TMPS7_HUMAN,Q7RTY8,unclassified,active,true,,e22d7643ea01abd0dce415e74faf002186e13ae33190976f1ae61cece045fb76,2026-08-06
Q7Z410,TMPS9_HUMAN,Q7Z410,unclassified,active,true,,e22d7643ea01abd0dce415e74faf002186e13ae33190976f1ae61cece045fb76,2026-08-06
Q86WS5,TMPSC_HUMAN,Q86WS5,unclassified,active,true,,e22d7643ea01abd0dce415e74faf002186e13ae33190976f1ae61cece045fb76,2026-08-06
Q9BYE2,TMPSD_HUMAN,Q9BYE2,surface,active,true,,e22d7643ea01abd0dce415e74faf002186e13ae33190976f1ae61cece045fb76,2026-08-06
Q8IUR5,TMTC1_HUMAN,Q8IUR5,unclassified,active,true,,e22d7643ea01abd0dce415e74faf002186e13ae33190976f1ae61cece045fb76,2026-08-06
Q8N394,TMTC2_HUMAN,Q8N394,non_surface,active,true,,e22d7643ea01abd0dce415e74faf002186e13ae33190976f1ae61cece045fb76,2026-08-06
Q6ZXV5,TMTC3_HUMAN,Q6ZXV5,non_surface,active,true,,e22d7643ea01abd0dce415e74faf002186e13ae33190976f1ae61cece045fb76,2026-08-06
Q5T4D3,TMTC4_HUMAN,Q5T4D3,non_surface,active,true,,e22d7643ea01abd0dce415e74faf002186e13ae33190976f1ae61cece045fb76,2026-08-06
Q9BVT8,TMUB1_HUMAN,Q9BVT8,non_surface,active,true,,e22d7643ea01abd0dce415e74faf002186e13ae33190976f1ae61cece045fb76,2026-08-06
Q71RG4,TMUB2_HUMAN,Q71RG4,non_surface,active,true,,e22d7643ea01abd0dce415e74faf002186e13ae33190976f1ae61cece045fb76,2026-08-06
Q9H3N1,TMX1_HUMAN,Q9H3N1,unclassified,active,true,,e22d7643ea01abd0dce415e74faf002186e13ae33190976f1ae61cece045fb76,2026-08-06
Q9Y320,TMX2_HUMAN,Q9Y320,non_surface,active,true,,e22d7643ea01abd0dce415e74faf002186e13ae33190976f1ae61cece045fb76,2026-08-06
Q96JJ7,TMX3_HUMAN,Q96JJ7,surface,active,true,,e22d7643ea01abd0dce415e74faf002186e13ae33190976f1ae61cece045fb76,2026-08-06
Q9H1E5,TMX4_HUMAN,Q9H1E5,surface,active,true,,e22d7643ea01abd0dce415e74faf002186e13ae33190976f1ae61cece045fb76,2026-08-06
Q9Y275,TN13B_HUMAN,Q9Y275,surface,active,true,,e22d7643ea01abd0dce415e74faf002186e13ae33190976f1ae61cece045fb76,2026-08-06
P50591,TNF10_HUMAN,P50591,unclassified,active,true,,e22d7643ea01abd0dce415e74faf002186e13ae33190976f1ae61cece045fb76,2026-08-06
O14788,TNF11_HUMAN,O14788,surface,active,true,,e22d7643ea01abd0dce415e74faf002186e13ae33190976f1ae61cece045fb76,2026-08-06
O43508,TNF12_HUMAN,O43508,unclassified,active,true,,e22d7643ea01abd0dce415e74faf002186e13ae33190976f1ae61cece045fb76,2026-08-06
O75888,TNF13_HUMAN,O75888,non_surface,active,true,,e22d7643ea01abd0dce415e74faf002186e13ae33190976f1ae61cece045fb76,2026-08-06
O43557,TNF14_HUMAN,O43557,unclassified,active,true,,e22d7643ea01abd0dce415e74faf002186e13ae33190976f1ae61cece045fb76,2026-08-06
O95150,TNF15_HUMAN,O95150,surface,active,true,,e22d7643ea01abd0dce415e74faf002186e13ae33190976f1ae61cece045fb76,2026-08-06
Q9UNG2,TNF18_HUMAN,Q9UNG2,surface,active,true,,e22d7643ea01abd0dce415e74faf002186e13ae33190976f1ae61cece045fb76,2026-08-06
O95407,TNF6B_HUMAN,O95407,unclassified,active,true,,e22d7643ea01abd0dce415e74faf002186e13ae33190976f1ae61cece045fb76,2026-08-06
P01375,TNFA_HUMAN,P01375,non_surface,active,true,,e22d7643ea01abd0dce415e74faf002186e13ae33190976f1ae61cece045fb76,2026-08-06
P01374,TNFB_HUMAN,P01374,unclassified,active,true,,e22d7643ea01abd0dce415e74faf002186e13ae33190976f1ae61cece045fb76,2026-08-06
Q06643,TNFC_HUMAN,Q06643,unclassified,active,true,,e22d7643ea01abd0dce415e74faf002186e13ae33190976f1ae61cece045fb76,2026-08-06
P23510,TNFL4_HUMAN,P23510,surface,active,true,,e22d7643ea01abd0dce415e74faf002186e13ae33190976f1ae61cece045fb76,2026-08-06
P48023,TNFL6_HUMAN,P48023,surface,active,true,,e22d7643ea01abd0dce415e74faf002186e13ae33190976f1ae61cece045fb76,2026-08-06
P32971,TNFL8_HUMAN,P32971,surface,active,true,,e22d7643ea01abd0dce415e74faf002186e13ae33190976f1ae61cece045fb76,2026-08-06
P41273,TNFL9_HUMAN,P41273,non_surface,active,true,,e22d7643ea01abd0dce415e74faf002186e13ae33190976f1ae61cece045fb76,2026-08-06
Q9C0B7,TNG6_HUMAN,Q9C0B7,non_surface,active,true,,e22d7643ea01abd0dce415e74faf002186e13ae33190976f1ae61cece045fb76,2026-08-06
Q9H2K2,TNKS2_HUMAN,Q9H2K2,unclassified,active,true,,e22d7643ea01abd0dce415e74faf002186e13ae33190976f1ae61cece045fb76,2026-08-06
Q9H2S6,TNMD_HUMAN,Q9H2S6,non_surface,active,true,,e22d7643ea01abd0dce415e74faf002186e13ae33190976f1ae61cece045fb76,2026-08-06
Q9Y6Q6,TNR11_HUMAN,Q9Y6Q6,surface,active,true,,e22d7643ea01abd0dce415e74faf002186e13ae33190976f1ae61cece045fb76,2026-08-06
Q9NP84,TNR12_HUMAN,Q9NP84,unclassified,active,true,,e22d7643ea01abd0dce415e74faf002186e13ae33190976f1ae61cece045fb76,2026-08-06
Q92956,TNR14_HUMAN,Q92956,surface,active,true,,e22d7643ea01abd0dce415e74faf002186e13ae33190976f1ae61cece045fb76,2026-08-06
P08138,TNR16_HUMAN,P08138,surface,active,true,,e22d7643ea01abd0dce415e74faf002186e13ae33190976f1ae61cece045fb76,2026-08-06
Q02223,TNR17_HUMAN,Q02223,surface,active,true,,e22d7643ea01abd0dce415e74faf002186e13ae33190976f1ae61cece045fb76,2026-08-06
Q9Y5U5,TNR18_HUMAN,Q9Y5U5,surface,active,true,,e22d7643ea01abd0dce415e74faf002186e13ae33190976f1ae61cece045fb76,2026-08-06
Q9NS68,TNR19_HUMAN,Q9NS68,surface,active,true,,e22d7643ea01abd0dce415e74faf002186e13ae33190976f1ae61cece045fb76,2026-08-06
P19438,TNR1A_HUMAN,P19438,surface,active,true,,e22d7643ea01abd0dce415e74faf002186e13ae33190976f1ae61cece045fb76,2026-08-06
P20333,TNR1B_HUMAN,P20333,surface,active,true,,e22d7643ea01abd0dce415e74faf002186e13ae33190976f1ae61cece045fb76,2026-08-06
O75509,TNR21_HUMAN,O75509,surface,active,true,,e22d7643ea01abd0dce415e74faf002186e13ae33190976f1ae61cece045fb76,2026-08-06
Q93038,TNR25_HUMAN,Q93038,surface,active,true,,e22d7643ea01abd0dce415e74faf002186e13ae33190976f1ae61cece045fb76,2026-08-06
Q9HAV5,TNR27_HUMAN,Q9HAV5,surface,active,true,,e22d7643ea01abd0dce415e74faf002186e13ae33190976f1ae61cece045fb76,2026-08-06
P36941,TNR3_HUMAN,P36941,surface,active,true,,e22d7643ea01abd0dce415e74faf002186e13ae33190976f1ae61cece045fb76,2026-08-06
P43489,TNR4_HUMAN,P43489,surface,active,true,,e22d7643ea01abd0dce415e74faf002186e13ae33190976f1ae61cece045fb76,2026-08-06
P25942,TNR5_HUMAN,P25942,surface,active,true,,e22d7643ea01abd0dce415e74faf002186e13ae33190976f1ae61cece045fb76,2026-08-06
P25445,TNR6_HUMAN,P25445,surface,active,true,,e22d7643ea01abd0dce415e74faf002186e13ae33190976f1ae61cece045fb76,2026-08-06
P28908,TNR8_HUMAN,P28908,surface,active,true,,e22d7643ea01abd0dce415e74faf002186e13ae33190976f1ae61cece045fb76,2026-08-06
Q07011,TNR9_HUMAN,Q07011,surface,active,true,,e22d7643ea01abd0dce415e74faf002186e13ae33190976f1ae61cece045fb76,2026-08-06
Q6UXN7,TO20L_HUMAN,Q6UXN7,non_surface,active,true,,e22d7643ea01abd0dce415e74faf002186e13ae33190976f1ae61cece045fb76,2026-08-06
Q5JTV8,TOIP1_HUMAN,Q5JTV8,non_surface,active,true,,e22d7643ea01abd0dce415e74faf002186e13ae33190976f1ae61cece045fb76,2026-08-06
Q8NFQ8,TOIP2_HUMAN,Q8NFQ8,unclassified,active,true,,e22d7643ea01abd0dce415e74faf002186e13ae33190976f1ae61cece045fb76,2026-08-06
Q15388,TOM20_HUMAN,Q15388,non_surface,active,true,,e22d7643ea01abd0dce415e74faf002186e13ae33190976f1ae61cece045fb76,2026-08-06
Q9NS69,TOM22_HUMAN,Q9NS69,non_surface,active,true,,e22d7643ea01abd0dce415e74faf002186e13ae33190976f1ae61cece045fb76,2026-08-06
Q8N4H5,TOM5_HUMAN,Q8N4H5,non_surface,active,true,,e22d7643ea01abd0dce415e74faf002186e13ae33190976f1ae61cece045fb76,2026-08-06
O94826,TOM70_HUMAN,O94826,non_surface,active,true,,e22d7643ea01abd0dce415e74faf002186e13ae33190976f1ae61cece045fb76,2026-08-06
Q9P0U1,TOM7_HUMAN,Q9P0U1,non_surface,active,true,,e22d7643ea01abd0dce415e74faf002186e13ae33190976f1ae61cece045fb76,2026-08-06
Q8WZ04,TOMT_HUMAN,Q8WZ04,non_surface,active,true,,e22d7643ea01abd0dce415e74faf002186e13ae33190976f1ae61cece045fb76,2026-08-06
Q969P6,TOP1M_HUMAN,Q969P6,unclassified,active,true,,e22d7643ea01abd0dce415e74faf002186e13ae33190976f1ae61cece045fb76,2026-08-06
O14656,TOR1A_HUMAN,O14656,unclassified,active,true,,e22d7643ea01abd0dce415e74faf002186e13ae33190976f1ae61cece045fb76,2026-08-06
O14657,TOR1B_HUMAN,O14657,unclassified,active,true,,e22d7643ea01abd0dce415e74faf002186e13ae33190976f1ae61cece045fb76,2026-08-06
Q5JU69,TOR2A_HUMAN,Q5JU69,unclassified,active,true,,e22d7643ea01abd0dce415e74faf002186e13ae33190976f1ae61cece045fb76,2026-08-06
Q8N2E6,TOR2X_HUMAN,Q8N2E6,unclassified,active,true,,e22d7643ea01abd0dce415e74faf002186e13ae33190976f1ae61cece045fb76,2026-08-06
Q9H497,TOR3A_HUMAN,Q9H497,unclassified,active,true,,e22d7643ea01abd0dce415e74faf002186e13ae33190976f1ae61cece045fb76,2026-08-06
Q9NXH8,TOR4A_HUMAN,Q9NXH8,non_surface,active,true,,e22d7643ea01abd0dce415e74faf002186e13ae33190976f1ae61cece045fb76,2026-08-06
Q8TEL6,TP4AP_HUMAN,Q8TEL6,non_surface,active,true,,e22d7643ea01abd0dce415e74faf002186e13ae33190976f1ae61cece045fb76,2026-08-06
P00750,TPA_HUMAN,P00750,unclassified,active,true,,e22d7643ea01abd0dce415e74faf002186e13ae33190976f1ae61cece045fb76,2026-08-06
P0DKB5,TPBGL_HUMAN,P0DKB5,surface,active,true,,e22d7643ea01abd0dce415e74faf002186e13ae33190976f1ae61cece045fb76,2026-08-06
Q13641,TPBG_HUMAN,Q13641,surface,active,true,,e22d7643ea01abd0dce415e74faf002186e13ae33190976f1ae61cece045fb76,2026-08-06
Q9ULQ1,TPC1_HUMAN,Q9ULQ1,surface,active,true,,e22d7643ea01abd0dce415e74faf002186e13ae33190976f1ae61cece045fb76,2026-08-06
Q8NHX9,TPC2_HUMAN,Q8NHX9,non_surface,active,true,,e22d7643ea01abd0dce415e74faf002186e13ae33190976f1ae61cece045fb76,2026-08-06
P40238,TPOR_HUMAN,P40238,surface,active,true,,e22d7643ea01abd0dce415e74faf002186e13ae33190976f1ae61cece045fb76,2026-08-06
P40225,TPO_HUMAN,P40225,unclassified,active,true,,e22d7643ea01abd0dce415e74faf002186e13ae33190976f1ae61cece045fb76,2026-08-06
O14773,TPP1_HUMAN,O14773,unclassified,active,true,,e22d7643ea01abd0dce415e74faf002186e13ae33190976f1ae61cece045fb76,2026-08-06
Q86W33,TPRA1_HUMAN,Q86W33,surface,active,true,,e22d7643ea01abd0dce415e74faf002186e13ae33190976f1ae61cece045fb76,2026-08-06
Q9BX59,TPSNR_HUMAN,Q9BX59,unclassified,active,true,,e22d7643ea01abd0dce415e74faf002186e13ae33190976f1ae61cece045fb76,2026-08-06
O15533,TPSN_HUMAN,O15533,unclassified,active,true,,e22d7643ea01abd0dce415e74faf002186e13ae33190976f1ae61cece045fb76,2026-08-06
O60507,TPST1_HUMAN,O60507,non_surface,active,true,,e22d7643ea01abd0dce415e74faf002186e13ae33190976f1ae61cece045fb76,2026-08-06
O60704,TPST2_HUMAN,O60704,non_surface,active,true,,e22d7643ea01abd0dce415e74faf002186e13ae33190976f1ae61cece045fb76,2026-08-06
Q5T6R2,TPT2L_HUMAN,Q5T6R2,non_surface,active,true,,e22d7643ea01abd0dce415e74faf002186e13ae33190976f1ae61cece045fb76,2026-08-06
Q6XPS3,TPTE2_HUMAN,Q6XPS3,non_surface,active,true,,e22d7643ea01abd0dce415e74faf002186e13ae33190976f1ae61cece045fb76,2026-08-06
P56180,TPTE_HUMAN,P56180,non_surface,active,true,,e22d7643ea01abd0dce415e74faf002186e13ae33190976f1ae61cece045fb76,2026-08-06
O00220,TR10A_HUMAN,O00220,surface,active,true,,e22d7643ea01abd0dce415e74faf002186e13ae33190976f1ae61cece045fb76,2026-08-06
O14763,TR10B_HUMAN,O14763,unclassified,active,true,,e22d7643ea01abd0dce415e74faf002186e13ae33190976f1ae61cece045fb76,2026-08-06
O14798,TR10C_HUMAN,O14798,surface,active,true,,e22d7643ea01abd0dce415e74faf002186e13ae33190976f1ae61cece045fb76,2026-08-06
Q9UBN6,TR10D_HUMAN,Q9UBN6,surface,active,true,,e22d7643ea01abd0dce415e74faf002186e13ae33190976f1ae61cece045fb76,2026-08-06
O00300,TR11B_HUMAN,O00300,unclassified,active,true,,e22d7643ea01abd0dce415e74faf002186e13ae33190976f1ae61cece045fb76,2026-08-06
O14836,TR13B_HUMAN,O14836,surface,active,true,,e22d7643ea01abd0dce415e74faf002186e13ae33190976f1ae61cece045fb76,2026-08-06
Q96RJ3,TR13C_HUMAN,Q96RJ3,non_surface,active,true,,e22d7643ea01abd0dce415e74faf002186e13ae33190976f1ae61cece045fb76,2026-08-06
Q969Z4,TR19L_HUMAN,Q969Z4,surface,active,true,,e22d7643ea01abd0dce415e74faf002186e13ae33190976f1ae61cece045fb76,2026-08-06
Q8N609,TR1L1_HUMAN,Q8N609,non_surface,active,true,,e22d7643ea01abd0dce415e74faf002186e13ae33190976f1ae61cece045fb76,2026-08-06
Q9H4I3,TRABD_HUMAN,Q9H4I3,non_surface,active,true,,e22d7643ea01abd0dce415e74faf002186e13ae33190976f1ae61cece045fb76,2026-08-06
Q9UPV9,TRAK1_HUMAN,Q9UPV9,unclassified,active,true,,e22d7643ea01abd0dce415e74faf002186e13ae33190976f1ae61cece045fb76,2026-08-06
Q15629,TRAM1_HUMAN,Q15629,non_surface,active,true,,e22d7643ea01abd0dce415e74faf002186e13ae33190976f1ae61cece045fb76,2026-08-06
Q15035,TRAM2_HUMAN,Q15035,non_surface,active,true,,e22d7643ea01abd0dce415e74faf002186e13ae33190976f1ae61cece045fb76,2026-08-06
Q6PIZ9,TRAT1_HUMAN,Q6PIZ9,surface,active,true,,e22d7643ea01abd0dce415e74faf002186e13ae33190976f1ae61cece045fb76,2026-08-06
P01850,TRBC1_HUMAN,P01850,non_surface,active,true,,e22d7643ea01abd0dce415e74faf002186e13ae33190976f1ae61cece045fb76,2026-08-06
A0A5B9,TRBC2_HUMAN,A0A5B9,non_surface,active,true,,e22d7643ea01abd0dce415e74faf002186e13ae33190976f1ae61cece045fb76,2026-08-06
P07204,TRBM_HUMAN,P07204,surface,active,true,,e22d7643ea01abd0dce415e74faf002186e13ae33190976f1ae61cece045fb76,2026-08-06
B7Z8K6,TRDC_HUMAN,B7Z8K6,non_surface,active,true,,e22d7643ea01abd0dce415e74faf002186e13ae33190976f1ae61cece045fb76,2026-08-06
Q13061,TRDN_HUMAN,Q13061,non_surface,active,true,,e22d7643ea01abd0dce415e74faf002186e13ae33190976f1ae61cece045fb76,2026-08-06
O43280,TREA_HUMAN,O43280,surface,active,true,,e22d7643ea01abd0dce415e74faf002186e13ae33190976f1ae61cece045fb76,2026-08-06
Q9NP99,TREM1_HUMAN,Q9NP99,surface,active,true,,e22d7643ea01abd0dce415e74faf002186e13ae33190976f1ae61cece045fb76,2026-08-06
Q9NZC2,TREM2_HUMAN,Q9NZC2,surface,active,true,,e22d7643ea01abd0dce415e74faf002186e13ae33190976f1ae61cece045fb76,2026-08-06
Q9NSU2,TREX1_HUMAN,Q9NSU2,non_surface,active,true,,e22d7643ea01abd0dce415e74faf002186e13ae33190976f1ae61cece045fb76,2026-08-06
P02787,TRFE_HUMAN,P02787,unclassified,active,true,,e22d7643ea01abd0dce415e74faf002186e13ae33190976f1ae61cece045fb76,2026-08-06
P02788,TRFL_HUMAN,P02788,unclassified,active,true,,e22d7643ea01abd0dce415e74faf002186e13ae33190976f1ae61cece045fb76,2026-08-06
P08582,TRFM_HUMAN,P08582,surface,active,true,,e22d7643ea01abd0dce415e74faf002186e13ae33190976f1ae61cece045fb76,2026-08-06
P34981,TRFR_HUMAN,P34981,surface,active,true,,e22d7643ea01abd0dce415e74faf002186e13ae33190976f1ae61cece045fb76,2026-08-06
P0CF51,TRGC1_HUMAN,P0CF51,unclassified,active,true,,e22d7643ea01abd0dce415e74faf002186e13ae33190976f1ae61cece045fb76,2026-08-06
P03986,TRGC2_HUMAN,P03986,surface,active,true,,e22d7643ea01abd0dce415e74faf002186e13ae33190976f1ae61cece045fb76,2026-08-06
Q9UKU6,TRHDE_HUMAN,Q9UKU6,surface,active,true,,e22d7643ea01abd0dce415e74faf002186e13ae33190976f1ae61cece045fb76,2026-08-06
P20396,TRH_HUMAN,P20396,unclassified,active,true,,e22d7643ea01abd0dce415e74faf002186e13ae33190976f1ae61cece045fb76,2026-08-06
O60858,TRI13_HUMAN,O60858,non_surface,active,true,,e22d7643ea01abd0dce415e74faf002186e13ae33190976f1ae61cece045fb76,2026-08-06
O00635,TRI38_HUMAN,O00635,unclassified,active,true,,e22d7643ea01abd0dce415e74faf002186e13ae33190976f1ae61cece045fb76,2026-08-06
Q8IWR1,TRI59_HUMAN,Q8IWR1,non_surface,active,true,,e22d7643ea01abd0dce415e74faf002186e13ae33190976f1ae61cece045fb76,2026-08-06
A6NK02,TRI75_HUMAN,A6NK02,unclassified,active,true,,e22d7643ea01abd0dce415e74faf002186e13ae33190976f1ae61cece045fb76,2026-08-06
Q7L0X0,TRIL_HUMAN,Q7L0X0,surface,active,true,,e22d7643ea01abd0dce415e74faf002186e13ae33190976f1ae61cece045fb76,2026-08-06
Q15643,TRIPB_HUMAN,Q15643,unclassified,active,true,,e22d7643ea01abd0dce415e74faf002186e13ae33190976f1ae61cece045fb76,2026-08-06
Q629K1,TRIQK_HUMAN,Q629K1,non_surface,active,true,,e22d7643ea01abd0dce415e74faf002186e13ae33190976f1ae61cece045fb76,2026-08-06
Q9NXH9,TRM1_HUMAN,Q9NXH9,unclassified,active,true,,e22d7643ea01abd0dce415e74faf002186e13ae33190976f1ae61cece045fb76,2026-08-06
Q96GJ1,TRM2_HUMAN,Q96GJ1,non_surface,active,true,,e22d7643ea01abd0dce415e74faf002186e13ae33190976f1ae61cece045fb76,2026-08-06
Q86YW5,TRML1_HUMAN,Q86YW5,unclassified,active,true,,e22d7643ea01abd0dce415e74faf002186e13ae33190976f1ae61cece045fb76,2026-08-06
Q5T2D2,TRML2_HUMAN,Q5T2D2,surface,active,true,,e22d7643ea01abd0dce415e74faf002186e13ae33190976f1ae61cece045fb76,2026-08-06
Q6UXN2,TRML4_HUMAN,Q6UXN2,unclassified,active,true,,e22d7643ea01abd0dce415e74faf002186e13ae33190976f1ae61cece045fb76,2026-08-06
O75762,TRPA1_HUMAN,O75762,unclassified,active,true,,e22d7643ea01abd0dce415e74faf002186e13ae33190976f1ae61cece045fb76,2026-08-06
P48995,TRPC1_HUMAN,P48995,non_surface,active,true,,e22d7643ea01abd0dce415e74faf002186e13ae33190976f1ae61cece045fb76,2026-08-06
Q13507,TRPC3_HUMAN,Q13507,unclassified,active,true,,e22d7643ea01abd0dce415e74faf002186e13ae33190976f1ae61cece045fb76,2026-08-06
Q9UBN4,TRPC4_HUMAN,Q9UBN4,non_surface,active,true,,e22d7643ea01abd0dce415e74faf002186e13ae33190976f1ae61cece045fb76,2026-08-06
Q9UL62,TRPC5_HUMAN,Q9UL62,unclassified,active,true,,e22d7643ea01abd0dce415e74faf002186e13ae33190976f1ae61cece045fb76,2026-08-06
Q9Y210,TRPC6_HUMAN,Q9Y210,unclassified,active,true,,e22d7643ea01abd0dce415e74faf002186e13ae33190976f1ae61cece045fb76,2026-08-06
Q9HCX4,TRPC7_HUMAN,Q9HCX4,non_surface,active,true,,e22d7643ea01abd0dce415e74faf002186e13ae33190976f1ae61cece045fb76,2026-08-06
Q7Z4N2,TRPM1_HUMAN,Q7Z4N2,unclassified,active,true,,e22d7643ea01abd0dce415e74faf002186e13ae33190976f1ae61cece045fb76,2026-08-06
O94759,TRPM2_HUMAN,O94759,unclassified,active,true,,e22d7643ea01abd0dce415e74faf002186e13ae33190976f1ae61cece045fb76,2026-08-06
Q9HCF6,TRPM3_HUMAN,Q9HCF6,non_surface,active,true,,e22d7643ea01abd0dce415e74faf002186e13ae33190976f1ae61cece045fb76,2026-08-06
Q8TD43,TRPM4_HUMAN,Q8TD43,non_surface,active,true,,e22d7643ea01abd0dce415e74faf002186e13ae33190976f1ae61cece045fb76,2026-08-06
Q9NZQ8,TRPM5_HUMAN,Q9NZQ8,non_surface,active,true,,e22d7643ea01abd0dce415e74faf002186e13ae33190976f1ae61cece045fb76,2026-08-06
Q9BX84,TRPM6_HUMAN,Q9BX84,non_surface,active,true,,e22d7643ea01abd0dce415e74faf002186e13ae33190976f1ae61cece045fb76,2026-08-06
Q96QT4,TRPM7_HUMAN,Q96QT4,non_surface,active,true,,e22d7643ea01abd0dce415e74faf002186e13ae33190976f1ae61cece045fb76,2026-08-06
Q7Z2W7,TRPM8_HUMAN,Q7Z2W7,unclassified,active,true,,e22d7643ea01abd0dce415e74faf002186e13ae33190976f1ae61cece045fb76,2026-08-06
Q8NER1,TRPV1_HUMAN,Q8NER1,non_surface,active,true,,e22d7643ea01abd0dce415e74faf002186e13ae33190976f1ae61cece045fb76,2026-08-06
Q9Y5S1,TRPV2_HUMAN,Q9Y5S1,surface,active,true,,e22d7643ea01abd0dce415e74faf002186e13ae33190976f1ae61cece045fb76,2026-08-06
Q8NET8,TRPV3_HUMAN,Q8NET8,non_surface,active,true,,e22d7643ea01abd0dce415e74faf002186e13ae33190976f1ae61cece045fb76,2026-08-06
Q9HBA0,TRPV4_HUMAN,Q9HBA0,surface,active,true,,e22d7643ea01abd0dce415e74faf002186e13ae33190976f1ae61cece045fb76,2026-08-06
Q9NQA5,TRPV5_HUMAN,Q9NQA5,surface,active,true,,e22d7643ea01abd0dce415e74faf002186e13ae33190976f1ae61cece045fb76,2026-08-06
Q9H1D0,TRPV6_HUMAN,Q9H1D0,surface,active,true,,e22d7643ea01abd0dce415e74faf002186e13ae33190976f1ae61cece045fb76,2026-08-06
Q9Y4A5,TRRAP_HUMAN,Q9Y4A5,non_surface,active,true,,e22d7643ea01abd0dce415e74faf002186e13ae33190976f1ae61cece045fb76,2026-08-06
P07477,TRY1_HUMAN,P07477,unclassified,active,true,,e22d7643ea01abd0dce415e74faf002186e13ae33190976f1ae61cece045fb76,2026-08-06
P07478,TRY2_HUMAN,P07478,unclassified,active,true,,e22d7643ea01abd0dce415e74faf002186e13ae33190976f1ae61cece045fb76,2026-08-06
Q8NHM4,TRY6_HUMAN,Q8NHM4,unclassified,active,true,,e22d7643ea01abd0dce415e74faf002186e13ae33190976f1ae61cece045fb76,2026-08-06
Q15661,TRYB1_HUMAN,Q15661,unclassified,active,true,,e22d7643ea01abd0dce415e74faf002186e13ae33190976f1ae61cece045fb76,2026-08-06
P20231,TRYB2_HUMAN,P20231,unclassified,active,true,,e22d7643ea01abd0dce415e74faf002186e13ae33190976f1ae61cece045fb76,2026-08-06
Q9BZJ3,TRYD_HUMAN,Q9BZJ3,unclassified,active,true,,e22d7643ea01abd0dce415e74faf002186e13ae33190976f1ae61cece045fb76,2026-08-06
Q9NRR2,TRYG1_HUMAN,Q9NRR2,surface,active,true,,e22d7643ea01abd0dce415e74faf002186e13ae33190976f1ae61cece045fb76,2026-08-06
Q7RTX1,TS1R1_HUMAN,Q7RTX1,surface,active,true,,e22d7643ea01abd0dce415e74faf002186e13ae33190976f1ae61cece045fb76,2026-08-06
Q8TE23,TS1R2_HUMAN,Q8TE23,surface,active,true,,e22d7643ea01abd0dce415e74faf002186e13ae33190976f1ae61cece045fb76,2026-08-06
Q7RTX0,TS1R3_HUMAN,Q7RTX0,surface,active,true,,e22d7643ea01abd0dce415e74faf002186e13ae33190976f1ae61cece045fb76,2026-08-06
P59090,TSAS2_HUMAN,P59090,unclassified,inactive,false,uniprot_inactive,e22d7643ea01abd0dce415e74faf002186e13ae33190976f1ae61cece045fb76,2026-08-06
Q92574,TSC1_HUMAN,Q92574,non_surface,active,true,,e22d7643ea01abd0dce415e74faf002186e13ae33190976f1ae61cece045fb76,2026-08-06
P49815,TSC2_HUMAN,P49815,non_surface,active,true,,e22d7643ea01abd0dce415e74faf002186e13ae33190976f1ae61cece045fb76,2026-08-06
Q9BY10,TSCOT_HUMAN,Q9BY10,surface,active,true,,e22d7643ea01abd0dce415e74faf002186e13ae33190976f1ae61cece045fb76,2026-08-06
Q8WU66,TSEAR_HUMAN,Q8WU66,unclassified,active,true,,e22d7643ea01abd0dce415e74faf002186e13ae33190976f1ae61cece045fb76,2026-08-06
P98066,TSG6_HUMAN,P98066,unclassified,active,true,,e22d7643ea01abd0dce415e74faf002186e13ae33190976f1ae61cece045fb76,2026-08-06
P01222,TSHB_HUMAN,P01222,unclassified,active,true,,e22d7643ea01abd0dce415e74faf002186e13ae33190976f1ae61cece045fb76,2026-08-06
P16473,TSHR_HUMAN,P16473,surface,active,true,,e22d7643ea01abd0dce415e74faf002186e13ae33190976f1ae61cece045fb76,2026-08-06
Q8WUA8,TSK_HUMAN,Q8WUA8,unclassified,active,true,,e22d7643ea01abd0dce415e74faf002186e13ae33190976f1ae61cece045fb76,2026-08-06
Q969D9,TSLP_HUMAN,Q969D9,unclassified,active,true,,e22d7643ea01abd0dce415e74faf002186e13ae33190976f1ae61cece045fb76,2026-08-06
Q9H1Z9,TSN10_HUMAN,Q9H1Z9,unclassified,active,true,,e22d7643ea01abd0dce415e74faf002186e13ae33190976f1ae61cece045fb76,2026-08-06
A1L157,TSN11_HUMAN,A1L157,surface,active,true,,e22d7643ea01abd0dce415e74faf002186e13ae33190976f1ae61cece045fb76,2026-08-06
O95859,TSN12_HUMAN,O95859,unclassified,active,true,,e22d7643ea01abd0dce415e74faf002186e13ae33190976f1ae61cece045fb76,2026-08-06
O95857,TSN13_HUMAN,O95857,surface,active,true,,e22d7643ea01abd0dce415e74faf002186e13ae33190976f1ae61cece045fb76,2026-08-06
Q8NG11,TSN14_HUMAN,Q8NG11,surface,active,true,,e22d7643ea01abd0dce415e74faf002186e13ae33190976f1ae61cece045fb76,2026-08-06
O95858,TSN15_HUMAN,O95858,surface,active,true,,e22d7643ea01abd0dce415e74faf002186e13ae33190976f1ae61cece045fb76,2026-08-06
Q9UKR8,TSN16_HUMAN,Q9UKR8,non_surface,active,true,,e22d7643ea01abd0dce415e74faf002186e13ae33190976f1ae61cece045fb76,2026-08-06
Q96FV3,TSN17_HUMAN,Q96FV3,surface,active,true,,e22d7643ea01abd0dce415e74faf002186e13ae33190976f1ae61cece045fb76,2026-08-06
Q96SJ8,TSN18_HUMAN,Q96SJ8,surface,active,true,,e22d7643ea01abd0dce415e74faf002186e13ae33190976f1ae61cece045fb76,2026-08-06
P0C672,TSN19_HUMAN,P0C672,unclassified,active,true,,e22d7643ea01abd0dce415e74faf002186e13ae33190976f1ae61cece045fb76,2026-08-06
O60635,TSN1_HUMAN,O60635,surface,active,true,,e22d7643ea01abd0dce415e74faf002186e13ae33190976f1ae61cece045fb76,2026-08-06
O60636,TSN2_HUMAN,O60636,surface,active,true,,e22d7643ea01abd0dce415e74faf002186e13ae33190976f1ae61cece045fb76,2026-08-06
Q12999,TSN31_HUMAN,Q12999,surface,active,true,,e22d7643ea01abd0dce415e74faf002186e13ae33190976f1ae61cece045fb76,2026-08-06
Q96QS1,TSN32_HUMAN,Q96QS1,unclassified,active,true,,e22d7643ea01abd0dce415e74faf002186e13ae33190976f1ae61cece045fb76,2026-08-06
Q86UF1,TSN33_HUMAN,Q86UF1,surface,active,true,,e22d7643ea01abd0dce415e74faf002186e13ae33190976f1ae61cece045fb76,2026-08-06
O60637,TSN3_HUMAN,O60637,surface,active,true,,e22d7643ea01abd0dce415e74faf002186e13ae33190976f1ae61cece045fb76,2026-08-06
O14817,TSN4_HUMAN,O14817,surface,active,true,,e22d7643ea01abd0dce415e74faf002186e13ae33190976f1ae61cece045fb76,2026-08-06
P62079,TSN5_HUMAN,P62079,surface,active,true,,e22d7643ea01abd0dce415e74faf002186e13ae33190976f1ae61cece045fb76,2026-08-06
O43657,TSN6_HUMAN,O43657,surface,active,true,,e22d7643ea01abd0dce415e74faf002186e13ae33190976f1ae61cece045fb76,2026-08-06
P41732,TSN7_HUMAN,P41732,surface,active,true,,e22d7643ea01abd0dce415e74faf002186e13ae33190976f1ae61cece045fb76,2026-08-06
P19075,TSN8_HUMAN,P19075,surface,active,true,,e22d7643ea01abd0dce415e74faf002186e13ae33190976f1ae61cece045fb76,2026-08-06
O75954,TSN9_HUMAN,O75954,surface,active,true,,e22d7643ea01abd0dce415e74faf002186e13ae33190976f1ae61cece045fb76,2026-08-06
Q96NA8,TSNA1_HUMAN,Q96NA8,non_surface,active,true,,e22d7643ea01abd0dce415e74faf002186e13ae33190976f1ae61cece045fb76,2026-08-06
P07996,TSP1_HUMAN,P07996,unclassified,active,true,,e22d7643ea01abd0dce415e74faf002186e13ae33190976f1ae61cece045fb76,2026-08-06
P35442,TSP2_HUMAN,P35442,unclassified,active,true,,e22d7643ea01abd0dce415e74faf002186e13ae33190976f1ae61cece045fb76,2026-08-06
P49746,TSP3_HUMAN,P49746,unclassified,active,true,,e22d7643ea01abd0dce415e74faf002186e13ae33190976f1ae61cece045fb76,2026-08-06
P35443,TSP4_HUMAN,P35443,unclassified,active,true,,e22d7643ea01abd0dce415e74faf002186e13ae33190976f1ae61cece045fb76,2026-08-06
Q9UI38,TSP50_HUMAN,Q9UI38,unclassified,active,true,,e22d7643ea01abd0dce415e74faf002186e13ae33190976f1ae61cece045fb76,2026-08-06
Q5TGU0,TSPO2_HUMAN,Q5TGU0,non_surface,active,true,,e22d7643ea01abd0dce415e74faf002186e13ae33190976f1ae61cece045fb76,2026-08-06
P30536,TSPOA_HUMAN,P30536,non_surface,active,true,,e22d7643ea01abd0dce415e74faf002186e13ae33190976f1ae61cece045fb76,2026-08-06
Q9UJK0,TSR3_HUMAN,Q9UJK0,non_surface,active,true,,e22d7643ea01abd0dce415e74faf002186e13ae33190976f1ae61cece045fb76,2026-08-06
Q9BXA7,TSSK1_HUMAN,Q9BXA7,non_surface,active,true,,e22d7643ea01abd0dce415e74faf002186e13ae33190976f1ae61cece045fb76,2026-08-06
Q96PF2,TSSK2_HUMAN,Q96PF2,non_surface,active,true,,e22d7643ea01abd0dce415e74faf002186e13ae33190976f1ae61cece045fb76,2026-08-06
Q9NQE7,TSSP_HUMAN,Q9NQE7,unclassified,active,true,,e22d7643ea01abd0dce415e74faf002186e13ae33190976f1ae61cece045fb76,2026-08-06
Q8NBP0,TTC13_HUMAN,Q8NBP0,unclassified,active,true,,e22d7643ea01abd0dce415e74faf002186e13ae33190976f1ae61cece045fb76,2026-08-06
Q6DKK2,TTC19_HUMAN,Q6DKK2,unclassified,active,true,,e22d7643ea01abd0dce415e74faf002186e13ae33190976f1ae61cece045fb76,2026-08-06
Q6PGP7,TTC37_HUMAN,Q6PGP7,non_surface,active,true,,e22d7643ea01abd0dce415e74faf002186e13ae33190976f1ae61cece045fb76,2026-08-06
P53804,TTC3_HUMAN,P53804,non_surface,active,true,,e22d7643ea01abd0dce415e74faf002186e13ae33190976f1ae61cece045fb76,2026-08-06
Q8N6N2,TTC9B_HUMAN,Q8N6N2,unclassified,active,true,,e22d7643ea01abd0dce415e74faf002186e13ae33190976f1ae61cece045fb76,2026-08-06
P02766,TTHY_HUMAN,P02766,unclassified,active,true,,e22d7643ea01abd0dce415e74faf002186e13ae33190976f1ae61cece045fb76,2026-08-06
Q8NHH1,TTL11_HUMAN,Q8NHH1,unclassified,active,true,,e22d7643ea01abd0dce415e74faf002186e13ae33190976f1ae61cece045fb76,2026-08-06
Q5BVD1,TTMP_HUMAN,Q5BVD1,non_surface,active,true,,e22d7643ea01abd0dce415e74faf002186e13ae33190976f1ae61cece045fb76,2026-08-06
Q9BZ97,TTY13_HUMAN,Q9BZ97,non_surface,active,true,,e22d7643ea01abd0dce415e74faf002186e13ae33190976f1ae61cece045fb76,2026-08-06
Q9H313,TTYH1_HUMAN,Q9H313,surface,active,true,,e22d7643ea01abd0dce415e74faf002186e13ae33190976f1ae61cece045fb76,2026-08-06
Q9BSA4,TTYH2_HUMAN,Q9BSA4,surface,active,true,,e22d7643ea01abd0dce415e74faf002186e13ae33190976f1ae61cece045fb76,2026-08-06
Q9C0H2,TTYH3_HUMAN,Q9C0H2,surface,active,true,,e22d7643ea01abd0dce415e74faf002186e13ae33190976f1ae61cece045fb76,2026-08-06
Q13454,TUSC3_HUMAN,Q13454,unclassified,active,true,,e22d7643ea01abd0dce415e74faf002186e13ae33190976f1ae61cece045fb76,2026-08-06
Q8IXB3,TUSC5_HUMAN,Q8IXB3,non_surface,active,true,,e22d7643ea01abd0dce415e74faf002186e13ae33190976f1ae61cece045fb76,2026-08-06
Q9P2J2,TUTLA_HUMAN,Q9P2J2,surface,active,true,,e22d7643ea01abd0dce415e74faf002186e13ae33190976f1ae61cece045fb76,2026-08-06
Q9UPX0,TUTLB_HUMAN,Q9UPX0,surface,active,true,,e22d7643ea01abd0dce415e74faf002186e13ae33190976f1ae61cece045fb76,2026-08-06
A6NH52,TV23A_HUMAN,A6NH52,non_surface,active,true,,e22d7643ea01abd0dce415e74faf002186e13ae33190976f1ae61cece045fb76,2026-08-06
Q9NYZ1,TV23B_HUMAN,Q9NYZ1,non_surface,active,true,,e22d7643ea01abd0dce415e74faf002186e13ae33190976f1ae61cece045fb76,2026-08-06
Q96ET8,TV23C_HUMAN,Q96ET8,non_surface,active,true,,e22d7643ea01abd0dce415e74faf002186e13ae33190976f1ae61cece045fb76,2026-08-06
A0A0A6YYK7,TVA1_HUMAN,P04436,unclassified,merged,true,,e22d7643ea01abd0dce415e74faf002186e13ae33190976f1ae61cece045fb76,2026-08-06
P04437,TVA2_HUMAN,P04437,unclassified,active,true,,e22d7643ea01abd0dce415e74faf002186e13ae33190976f1ae61cece045fb76,2026-08-06
P01737,TVA3_HUMAN,P01737,unclassified,active,true,,e22d7643ea01abd0dce415e74faf002186e13ae33190976f1ae61cece045fb76,2026-08-06
P01733,TVB1_HUMAN,P01733,unclassified,active,true,,e22d7643ea01abd0dce415e74faf002186e13ae33190976f1ae61cece045fb76,2026-08-06
P04435,TVB2_HUMAN,P04435,unclassified,active,true,,e22d7643ea01abd0dce415e74faf002186e13ae33190976f1ae61cece045fb76,2026-08-06
P03979,TVC_HUMAN,P03979,unclassified,active,true,,e22d7643ea01abd0dce415e74faf002186e13ae33190976f1ae61cece045fb76,2026-08-06
Q9GZX9,TWSG1_HUMAN,Q9GZX9,unclassified,active,true,,e22d7643ea01abd0dce415e74faf002186e13ae33190976f1ae61cece045fb76,2026-08-06
Q9BY14,TX101_HUMAN,Q9BY14,surface,active,true,,e22d7643ea01abd0dce415e74faf002186e13ae33190976f1ae61cece045fb76,2026-08-06
Q6UWH6,TX261_HUMAN,Q6UWH6,non_surface,active,true,,e22d7643ea01abd0dce415e74faf002186e13ae33190976f1ae61cece045fb76,2026-08-06
Q9Y6I9,TX264_HUMAN,Q9Y6I9,unclassified,active,true,,e22d7643ea01abd0dce415e74faf002186e13ae33190976f1ae61cece045fb76,2026-08-06
Q6PKC3,TXD11_HUMAN,Q6PKC3,non_surface,active,true,,e22d7643ea01abd0dce415e74faf002186e13ae33190976f1ae61cece045fb76,2026-08-06
O95881,TXD12_HUMAN,O95881,unclassified,active,true,,e22d7643ea01abd0dce415e74faf002186e13ae33190976f1ae61cece045fb76,2026-08-06
Q96J42,TXD15_HUMAN,Q96J42,surface,active,true,,e22d7643ea01abd0dce415e74faf002186e13ae33190976f1ae61cece045fb76,2026-08-06
Q9P2K2,TXD16_HUMAN,Q9P2K2,unclassified,active,true,,e22d7643ea01abd0dce415e74faf002186e13ae33190976f1ae61cece045fb76,2026-08-06
Q8NBS9,TXND5_HUMAN,Q8NBS9,unclassified,active,true,,e22d7643ea01abd0dce415e74faf002186e13ae33190976f1ae61cece045fb76,2026-08-06
O43914,TYOBP_HUMAN,O43914,unclassified,active,true,,e22d7643ea01abd0dce415e74faf002186e13ae33190976f1ae61cece045fb76,2026-08-06
Q06418,TYRO3_HUMAN,Q06418,surface,active,true,,e22d7643ea01abd0dce415e74faf002186e13ae33190976f1ae61cece045fb76,2026-08-06
P14679,TYRO_HUMAN,P14679,surface,active,true,,e22d7643ea01abd0dce415e74faf002186e13ae33190976f1ae61cece045fb76,2026-08-06
P17643,TYRP1_HUMAN,P17643,surface,active,true,,e22d7643ea01abd0dce415e74faf002186e13ae33190976f1ae61cece045fb76,2026-08-06
P40126,TYRP2_HUMAN,P40126,surface,active,true,,e22d7643ea01abd0dce415e74faf002186e13ae33190976f1ae61cece045fb76,2026-08-06
Q6NUM6,TYW1B_HUMAN,Q6NUM6,non_surface,active,true,,e22d7643ea01abd0dce415e74faf002186e13ae33190976f1ae61cece045fb76,2026-08-06
Q9NV66,TYW1_HUMAN,Q9NV66,non_surface,active,true,,e22d7643ea01abd0dce415e74faf002186e13ae33190976f1ae61cece045fb76,2026-08-06
A6NIH7,U119B_HUMAN,A6NIH7,unclassified,active,true,,e22d7643ea01abd0dce415e74faf002186e13ae33190976f1ae61cece045fb76,2026-08-06
Q9BZF9,UACA_HUMAN,Q9BZF9,unclassified,active,true,,e22d7643ea01abd0dce415e74faf002186e13ae33190976f1ae61cece045fb76,2026-08-06
Q9Y385,UB2J1_HUMAN,Q9Y385,non_surface,active,true,,e22d7643ea01abd0dce415e74faf002186e13ae33190976f1ae61cece045fb76,2026-08-06
Q8N2K1,UB2J2_HUMAN,Q8N2K1,non_surface,active,true,,e22d7643ea01abd0dce415e74faf002186e13ae33190976f1ae61cece045fb76,2026-08-06
P22314,UBA1_HUMAN,P22314,non_surface,active,true,,e22d7643ea01abd0dce415e74faf002186e13ae33190976f1ae61cece045fb76,2026-08-06
P41226,UBA7_HUMAN,P41226,non_surface,active,true,,e22d7643ea01abd0dce415e74faf002186e13ae33190976f1ae61cece045fb76,2026-08-06
Q8NBM4,UBAC2_HUMAN,Q8NBM4,surface,active,true,,e22d7643ea01abd0dce415e74faf002186e13ae33190976f1ae61cece045fb76,2026-08-06
Q9Y5Z9,UBIA1_HUMAN,Q9Y5Z9,non_surface,active,true,,e22d7643ea01abd0dce415e74faf002186e13ae33190976f1ae61cece045fb76,2026-08-06
Q9UMW8,UBP18_HUMAN,Q9UMW8,unclassified,active,true,,e22d7643ea01abd0dce415e74faf002186e13ae33190976f1ae61cece045fb76,2026-08-06
O94966,UBP19_HUMAN,O94966,non_surface,active,true,,e22d7643ea01abd0dce415e74faf002186e13ae33190976f1ae61cece045fb76,2026-08-06
Q70CQ3,UBP30_HUMAN,Q70CQ3,non_surface,active,true,,e22d7643ea01abd0dce415e74faf002186e13ae33190976f1ae61cece045fb76,2026-08-06
Q8IWV7,UBR1_HUMAN,Q8IWV7,non_surface,active,true,,e22d7643ea01abd0dce415e74faf002186e13ae33190976f1ae61cece045fb76,2026-08-06
Q6ZT12,UBR3_HUMAN,Q6ZT12,non_surface,active,true,,e22d7643ea01abd0dce415e74faf002186e13ae33190976f1ae61cece045fb76,2026-08-06
Q5T4S7,UBR4_HUMAN,Q5T4S7,non_surface,active,true,,e22d7643ea01abd0dce415e74faf002186e13ae33190976f1ae61cece045fb76,2026-08-06
Q92575,UBXN4_HUMAN,Q92575,unclassified,active,true,,e22d7643ea01abd0dce415e74faf002186e13ae33190976f1ae61cece045fb76,2026-08-06
O00124,UBXN8_HUMAN,O00124,non_surface,active,true,,e22d7643ea01abd0dce415e74faf002186e13ae33190976f1ae61cece045fb76,2026-08-06
Q8WVF2,UCMA_HUMAN,Q8WVF2,unclassified,active,true,,e22d7643ea01abd0dce415e74faf002186e13ae33190976f1ae61cece045fb76,2026-08-06
P55089,UCN1_HUMAN,P55089,unclassified,active,true,,e22d7643ea01abd0dce415e74faf002186e13ae33190976f1ae61cece045fb76,2026-08-06
Q96RP3,UCN2_HUMAN,Q96RP3,unclassified,active,true,,e22d7643ea01abd0dce415e74faf002186e13ae33190976f1ae61cece045fb76,2026-08-06
Q969E3,UCN3_HUMAN,Q969E3,unclassified,active,true,,e22d7643ea01abd0dce415e74faf002186e13ae33190976f1ae61cece045fb76,2026-08-06
P55851,UCP2_HUMAN,P55851,non_surface,active,true,,e22d7643ea01abd0dce415e74faf002186e13ae33190976f1ae61cece045fb76,2026-08-06
O95258,UCP5_HUMAN,O95258,unclassified,active,true,,e22d7643ea01abd0dce415e74faf002186e13ae33190976f1ae61cece045fb76,2026-08-06
Q9HAW8,UD110_HUMAN,Q9HAW8,non_surface,active,true,,e22d7643ea01abd0dce415e74faf002186e13ae33190976f1ae61cece045fb76,2026-08-06
P22309,UD11_HUMAN,P22309,non_surface,active,true,,e22d7643ea01abd0dce415e74faf002186e13ae33190976f1ae61cece045fb76,2026-08-06
P35503,UD13_HUMAN,P35503,non_surface,active,true,,e22d7643ea01abd0dce415e74faf002186e13ae33190976f1ae61cece045fb76,2026-08-06
P22310,UD14_HUMAN,P22310,non_surface,active,true,,e22d7643ea01abd0dce415e74faf002186e13ae33190976f1ae61cece045fb76,2026-08-06
P35504,UD15_HUMAN,P35504,non_surface,active,true,,e22d7643ea01abd0dce415e74faf002186e13ae33190976f1ae61cece045fb76,2026-08-06
P19224,UD16_HUMAN,P19224,non_surface,active,true,,e22d7643ea01abd0dce415e74faf002186e13ae33190976f1ae61cece045fb76,2026-08-06
Q9HAW7,UD17_HUMAN,Q9HAW7,non_surface,active,true,,e22d7643ea01abd0dce415e74faf002186e13ae33190976f1ae61cece045fb76,2026-08-06
Q9HAW9,UD18_HUMAN,Q9HAW9,non_surface,active,true,,e22d7643ea01abd0dce415e74faf002186e13ae33190976f1ae61cece045fb76,2026-08-06
O60656,UD19_HUMAN,O60656,non_surface,active,true,,e22d7643ea01abd0dce415e74faf002186e13ae33190976f1ae61cece045fb76,2026-08-06
Q9Y4X1,UD2A1_HUMAN,Q9Y4X1,unclassified,inactive,false,uniprot_inactive,e22d7643ea01abd0dce415e74faf002186e13ae33190976f1ae61cece045fb76,2026-08-06
Q6UWM9,UD2A3_HUMAN,Q6UWM9,unclassified,active,true,,e22d7643ea01abd0dce415e74faf002186e13ae33190976f1ae61cece045fb76,2026-08-06
P06133,UD2B4_HUMAN,P06133,non_surface,active,true,,e22d7643ea01abd0dce415e74faf002186e13ae33190976f1ae61cece045fb76,2026-08-06
P16662,UD2B7_HUMAN,P16662,non_surface,active,true,,e22d7643ea01abd0dce415e74faf002186e13ae33190976f1ae61cece045fb76,2026-08-06
Q6NUS8,UD3A1_HUMAN,Q6NUS8,non_surface,active,true,,e22d7643ea01abd0dce415e74faf002186e13ae33190976f1ae61cece045fb76,2026-08-06
Q3SY77,UD3A2_HUMAN,Q3SY77,non_surface,active,true,,e22d7643ea01abd0dce415e74faf002186e13ae33190976f1ae61cece045fb76,2026-08-06
P36537,UDB10_HUMAN,P36537,non_surface,active,true,,e22d7643ea01abd0dce415e74faf002186e13ae33190976f1ae61cece045fb76,2026-08-06
O75310,UDB11_HUMAN,O75310,non_surface,active,true,,e22d7643ea01abd0dce415e74faf002186e13ae33190976f1ae61cece045fb76,2026-08-06
P54855,UDB15_HUMAN,P54855,non_surface,active,true,,e22d7643ea01abd0dce415e74faf002186e13ae33190976f1ae61cece045fb76,2026-08-06
O75795,UDB17_HUMAN,O75795,non_surface,active,true,,e22d7643ea01abd0dce415e74faf002186e13ae33190976f1ae61cece045fb76,2026-08-06
Q9BY64,UDB28_HUMAN,Q9BY64,non_surface,active,true,,e22d7643ea01abd0dce415e74faf002186e13ae33190976f1ae61cece045fb76,2026-08-06
P30530,UFO_HUMAN,P30530,surface,active,true,,e22d7643ea01abd0dce415e74faf002186e13ae33190976f1ae61cece045fb76,2026-08-06
Q9NYU2,UGGG1_HUMAN,Q9NYU2,unclassified,active,true,,e22d7643ea01abd0dce415e74faf002186e13ae33190976f1ae61cece045fb76,2026-08-06
Q9NYU1,UGGG2_HUMAN,Q9NYU1,unclassified,active,true,,e22d7643ea01abd0dce415e74faf002186e13ae33190976f1ae61cece045fb76,2026-08-06
Q96C45,ULK4_HUMAN,Q96C45,non_surface,active,true,,e22d7643ea01abd0dce415e74faf002186e13ae33190976f1ae61cece045fb76,2026-08-06
Q8IV45,UN5CL_HUMAN,Q8IV45,non_surface,active,true,,e22d7643ea01abd0dce415e74faf002186e13ae33190976f1ae61cece045fb76,2026-08-06
Q86WB7,UN93A_HUMAN,Q86WB7,surface,active,true,,e22d7643ea01abd0dce415e74faf002186e13ae33190976f1ae61cece045fb76,2026-08-06
Q9H1C4,UN93B_HUMAN,Q9H1C4,surface,active,true,,e22d7643ea01abd0dce415e74faf002186e13ae33190976f1ae61cece045fb76,2026-08-06
Q53HI1,UNC50_HUMAN,Q53HI1,non_surface,active,true,,e22d7643ea01abd0dce415e74faf002186e13ae33190976f1ae61cece045fb76,2026-08-06
Q6ZN44,UNC5A_HUMAN,Q6ZN44,surface,active,true,,e22d7643ea01abd0dce415e74faf002186e13ae33190976f1ae61cece045fb76,2026-08-06
Q8IZJ1,UNC5B_HUMAN,Q8IZJ1,surface,active,true,,e22d7643ea01abd0dce415e74faf002186e13ae33190976f1ae61cece045fb76,2026-08-06
O95185,UNC5C_HUMAN,O95185,surface,active,true,,e22d7643ea01abd0dce415e74faf002186e13ae33190976f1ae61cece045fb76,2026-08-06
Q6UXZ4,UNC5D_HUMAN,Q6UXZ4,surface,active,true,,e22d7643ea01abd0dce415e74faf002186e13ae33190976f1ae61cece045fb76,2026-08-06
Q9P2D8,UNC79_HUMAN,Q9P2D8,non_surface,active,true,,e22d7643ea01abd0dce415e74faf002186e13ae33190976f1ae61cece045fb76,2026-08-06
Q03405,UPAR_HUMAN,Q03405,surface,active,true,,e22d7643ea01abd0dce415e74faf002186e13ae33190976f1ae61cece045fb76,2026-08-06
O00322,UPK1A_HUMAN,O00322,surface,active,true,,e22d7643ea01abd0dce415e74faf002186e13ae33190976f1ae61cece045fb76,2026-08-06
O75841,UPK1B_HUMAN,O75841,surface,active,true,,e22d7643ea01abd0dce415e74faf002186e13ae33190976f1ae61cece045fb76,2026-08-06
O00526,UPK2_HUMAN,O00526,surface,active,true,,e22d7643ea01abd0dce415e74faf002186e13ae33190976f1ae61cece045fb76,2026-08-06
O75631,UPK3A_HUMAN,O75631,surface,active,true,,e22d7643ea01abd0dce415e74faf002186e13ae33190976f1ae61cece045fb76,2026-08-06
Q9BT76,UPK3B_HUMAN,Q9BT76,surface,active,true,,e22d7643ea01abd0dce415e74faf002186e13ae33190976f1ae61cece045fb76,2026-08-06
B0FP48,UPK3L_HUMAN,B0FP48,surface,active,true,,e22d7643ea01abd0dce415e74faf002186e13ae33190976f1ae61cece045fb76,2026-08-06
Q9NVA1,UQCC1_HUMAN,Q9NVA1,non_surface,active,true,,e22d7643ea01abd0dce415e74faf002186e13ae33190976f1ae61cece045fb76,2026-08-06
Q6UW78,UQCC3_HUMAN,Q6UW78,non_surface,active,true,,e22d7643ea01abd0dce415e74faf002186e13ae33190976f1ae61cece045fb76,2026-08-06
Q9UKP6,UR2R_HUMAN,Q9UKP6,surface,active,true,,e22d7643ea01abd0dce415e74faf002186e13ae33190976f1ae61cece045fb76,2026-08-06
P00749,UROK_HUMAN,P00749,unclassified,active,true,,e22d7643ea01abd0dce415e74faf002186e13ae33190976f1ae61cece045fb76,2026-08-06
Q5DID0,UROL1_HUMAN,Q5DID0,surface,active,true,,e22d7643ea01abd0dce415e74faf002186e13ae33190976f1ae61cece045fb76,2026-08-06
P07911,UROM_HUMAN,P07911,surface,active,true,,e22d7643ea01abd0dce415e74faf002186e13ae33190976f1ae61cece045fb76,2026-08-06
Q9NZ43,USE1_HUMAN,Q9NZ43,non_surface,active,true,,e22d7643ea01abd0dce415e74faf002186e13ae33190976f1ae61cece045fb76,2026-08-06
O75445,USH2A_HUMAN,O75445,surface,active,true,,e22d7643ea01abd0dce415e74faf002186e13ae33190976f1ae61cece045fb76,2026-08-06
Q96IX5,USMG5_HUMAN,Q96IX5,non_surface,active,true,,e22d7643ea01abd0dce415e74faf002186e13ae33190976f1ae61cece045fb76,2026-08-06
Q9Y2C2,UST_HUMAN,Q9Y2C2,non_surface,active,true,,e22d7643ea01abd0dce415e74faf002186e13ae33190976f1ae61cece045fb76,2026-08-06
Q13336,UT1_HUMAN,Q13336,surface,active,true,,e22d7643ea01abd0dce415e74faf002186e13ae33190976f1ae61cece045fb76,2026-08-06
Q15849,UT2_HUMAN,Q15849,surface,active,true,,e22d7643ea01abd0dce415e74faf002186e13ae33190976f1ae61cece045fb76,2026-08-06
P11684,UTER_HUMAN,P11684,unclassified,active,true,,e22d7643ea01abd0dce415e74faf002186e13ae33190976f1ae61cece045fb76,2026-08-06
Q765I0,UTS2B_HUMAN,Q765I0,unclassified,active,true,,e22d7643ea01abd0dce415e74faf002186e13ae33190976f1ae61cece045fb76,2026-08-06
O95399,UTS2_HUMAN,O95399,unclassified,active,true,,e22d7643ea01abd0dce415e74faf002186e13ae33190976f1ae61cece045fb76,2026-08-06
O14607,UTY_HUMAN,O14607,unclassified,active,true,,e22d7643ea01abd0dce415e74faf002186e13ae33190976f1ae61cece045fb76,2026-08-06
Q8NBZ7,UXS1_HUMAN,Q8NBZ7,non_surface,active,true,,e22d7643ea01abd0dce415e74faf002186e13ae33190976f1ae61cece045fb76,2026-08-06
P37288,V1AR_HUMAN,P37288,surface,active,true,,e22d7643ea01abd0dce415e74faf002186e13ae33190976f1ae61cece045fb76,2026-08-06
P47901,V1BR_HUMAN,P47901,surface,active,true,,e22d7643ea01abd0dce415e74faf002186e13ae33190976f1ae61cece045fb76,2026-08-06
P30518,V2R_HUMAN,P30518,surface,active,true,,e22d7643ea01abd0dce415e74faf002186e13ae33190976f1ae61cece045fb76,2026-08-06
O15342,VA0E1_HUMAN,O15342,non_surface,active,true,,e22d7643ea01abd0dce415e74faf002186e13ae33190976f1ae61cece045fb76,2026-08-06
Q8NHE4,VA0E2_HUMAN,Q8NHE4,non_surface,active,true,,e22d7643ea01abd0dce415e74faf002186e13ae33190976f1ae61cece045fb76,2026-08-06
Q16572,VACHT_HUMAN,Q16572,surface,active,true,,e22d7643ea01abd0dce415e74faf002186e13ae33190976f1ae61cece045fb76,2026-08-06
P23763,VAMP1_HUMAN,P23763,non_surface,active,true,,e22d7643ea01abd0dce415e74faf002186e13ae33190976f1ae61cece045fb76,2026-08-06
P63027,VAMP2_HUMAN,P63027,non_surface,active,true,,e22d7643ea01abd0dce415e74faf002186e13ae33190976f1ae61cece045fb76,2026-08-06
Q15836,VAMP3_HUMAN,Q15836,non_surface,active,true,,e22d7643ea01abd0dce415e74faf002186e13ae33190976f1ae61cece045fb76,2026-08-06
O75379,VAMP4_HUMAN,O75379,non_surface,active,true,,e22d7643ea01abd0dce415e74faf002186e13ae33190976f1ae61cece045fb76,2026-08-06
O95183,VAMP5_HUMAN,O95183,non_surface,active,true,,e22d7643ea01abd0dce415e74faf002186e13ae33190976f1ae61cece045fb76,2026-08-06
P51809,VAMP7_HUMAN,P51809,non_surface,active,true,,e22d7643ea01abd0dce415e74faf002186e13ae33190976f1ae61cece045fb76,2026-08-06
Q9BV40,VAMP8_HUMAN,Q9BV40,non_surface,active,true,,e22d7643ea01abd0dce415e74faf002186e13ae33190976f1ae61cece045fb76,2026-08-06
Q8TAA9,VANG1_HUMAN,Q8TAA9,non_surface,active,true,,e22d7643ea01abd0dce415e74faf002186e13ae33190976f1ae61cece045fb76,2026-08-06
Q9ULK5,VANG2_HUMAN,Q9ULK5,non_surface,active,true,,e22d7643ea01abd0dce415e74faf002186e13ae33190976f1ae61cece045fb76,2026-08-06
Q9P0L0,VAPA_HUMAN,Q9P0L0,non_surface,active,true,,e22d7643ea01abd0dce415e74faf002186e13ae33190976f1ae61cece045fb76,2026-08-06
O95292,VAPB_HUMAN,O95292,non_surface,active,true,,e22d7643ea01abd0dce415e74faf002186e13ae33190976f1ae61cece045fb76,2026-08-06
Q52LC2,VAS1L_HUMAN,Q52LC2,non_surface,active,true,,e22d7643ea01abd0dce415e74faf002186e13ae33190976f1ae61cece045fb76,2026-08-06
Q15904,VAS1_HUMAN,Q15904,unclassified,active,true,,e22d7643ea01abd0dce415e74faf002186e13ae33190976f1ae61cece045fb76,2026-08-06
Q6EMK4,VASN_HUMAN,Q6EMK4,surface,active,true,,e22d7643ea01abd0dce415e74faf002186e13ae33190976f1ae61cece045fb76,2026-08-06
P27449,VATL_HUMAN,P27449,non_surface,active,true,,e22d7643ea01abd0dce415e74faf002186e13ae33190976f1ae61cece045fb76,2026-08-06
Q99437,VATO_HUMAN,Q99437,non_surface,active,true,,e22d7643ea01abd0dce415e74faf002186e13ae33190976f1ae61cece045fb76,2026-08-06
P19320,VCAM1_HUMAN,P19320,surface,active,true,,e22d7643ea01abd0dce415e74faf002186e13ae33190976f1ae61cece045fb76,2026-08-06
Q6UXB2,VCC1_HUMAN,Q6UXB2,unclassified,active,true,,e22d7643ea01abd0dce415e74faf002186e13ae33190976f1ae61cece045fb76,2026-08-06
P21796,VDAC1_HUMAN,P21796,unclassified,active,true,,e22d7643ea01abd0dce415e74faf002186e13ae33190976f1ae61cece045fb76,2026-08-06
P45880,VDAC2_HUMAN,P45880,unclassified,active,true,,e22d7643ea01abd0dce415e74faf002186e13ae33190976f1ae61cece045fb76,2026-08-06
P15692,VEGFA_HUMAN,P15692,unclassified,active,true,,e22d7643ea01abd0dce415e74faf002186e13ae33190976f1ae61cece045fb76,2026-08-06
P49765,VEGFB_HUMAN,P49765,unclassified,active,true,,e22d7643ea01abd0dce415e74faf002186e13ae33190976f1ae61cece045fb76,2026-08-06
P49767,VEGFC_HUMAN,P49767,unclassified,active,true,,e22d7643ea01abd0dce415e74faf002186e13ae33190976f1ae61cece045fb76,2026-08-06
O43915,VEGFD_HUMAN,O43915,unclassified,active,true,,e22d7643ea01abd0dce415e74faf002186e13ae33190976f1ae61cece045fb76,2026-08-06
Q9HBM0,VEZA_HUMAN,Q9HBM0,non_surface,active,true,,e22d7643ea01abd0dce415e74faf002186e13ae33190976f1ae61cece045fb76,2026-08-06
P17948,VGFR1_HUMAN,P17948,surface,active,true,,e22d7643ea01abd0dce415e74faf002186e13ae33190976f1ae61cece045fb76,2026-08-06
P35968,VGFR2_HUMAN,P35968,surface,active,true,,e22d7643ea01abd0dce415e74faf002186e13ae33190976f1ae61cece045fb76,2026-08-06
P35916,VGFR3_HUMAN,P35916,surface,active,true,,e22d7643ea01abd0dce415e74faf002186e13ae33190976f1ae61cece045fb76,2026-08-06
O15240,VGF_HUMAN,O15240,unclassified,active,true,,e22d7643ea01abd0dce415e74faf002186e13ae33190976f1ae61cece045fb76,2026-08-06
Q9P2U7,VGLU1_HUMAN,Q9P2U7,surface,active,true,,e22d7643ea01abd0dce415e74faf002186e13ae33190976f1ae61cece045fb76,2026-08-06
Q9P2U8,VGLU2_HUMAN,Q9P2U8,surface,active,true,,e22d7643ea01abd0dce415e74faf002186e13ae33190976f1ae61cece045fb76,2026-08-06
Q8NDX2,VGLU3_HUMAN,Q8NDX2,surface,active,true,,e22d7643ea01abd0dce415e74faf002186e13ae33190976f1ae61cece045fb76,2026-08-06
Q9H598,VIAAT_HUMAN,Q9H598,surface,active,true,,e22d7643ea01abd0dce415e74faf002186e13ae33190976f1ae61cece045fb76,2026-08-06
P32241,VIPR1_HUMAN,P32241,surface,active,true,,e22d7643ea01abd0dce415e74faf002186e13ae33190976f1ae61cece045fb76,2026-08-06
P41587,VIPR2_HUMAN,P41587,surface,active,true,,e22d7643ea01abd0dce415e74faf002186e13ae33190976f1ae61cece045fb76,2026-08-06
P01282,VIP_HUMAN,P01282,unclassified,active,true,,e22d7643ea01abd0dce415e74faf002186e13ae33190976f1ae61cece045fb76,2026-08-06
Q6UXI7,VITRN_HUMAN,Q6UXI7,unclassified,active,true,,e22d7643ea01abd0dce415e74faf002186e13ae33190976f1ae61cece045fb76,2026-08-06
P38435,VKGC_HUMAN,P38435,non_surface,active,true,,e22d7643ea01abd0dce415e74faf002186e13ae33190976f1ae61cece045fb76,2026-08-06
Q9BQB6,VKOR1_HUMAN,Q9BQB6,non_surface,active,true,,e22d7643ea01abd0dce415e74faf002186e13ae33190976f1ae61cece045fb76,2026-08-06
Q8N0U8,VKORL_HUMAN,Q8N0U8,non_surface,active,true,,e22d7643ea01abd0dce415e74faf002186e13ae33190976f1ae61cece045fb76,2026-08-06
P98155,VLDLR_HUMAN,P98155,surface,active,true,,e22d7643ea01abd0dce415e74faf002186e13ae33190976f1ae61cece045fb76,2026-08-06
Q3ZAQ7,VMA21_HUMAN,Q3ZAQ7,non_surface,active,true,,e22d7643ea01abd0dce415e74faf002186e13ae33190976f1ae61cece045fb76,2026-08-06
P54219,VMAT1_HUMAN,P54219,surface,active,true,,e22d7643ea01abd0dce415e74faf002186e13ae33190976f1ae61cece045fb76,2026-08-06
Q05940,VMAT2_HUMAN,Q05940,surface,active,true,,e22d7643ea01abd0dce415e74faf002186e13ae33190976f1ae61cece045fb76,2026-08-06
Q7Z5L0,VMO1_HUMAN,Q7Z5L0,unclassified,active,true,,e22d7643ea01abd0dce415e74faf002186e13ae33190976f1ae61cece045fb76,2026-08-06
Q96GC9,VMP1_HUMAN,Q96GC9,non_surface,active,true,,e22d7643ea01abd0dce415e74faf002186e13ae33190976f1ae61cece045fb76,2026-08-06
Q9GZP7,VN1R1_HUMAN,Q9GZP7,surface,active,true,,e22d7643ea01abd0dce415e74faf002186e13ae33190976f1ae61cece045fb76,2026-08-06
Q8NFZ6,VN1R2_HUMAN,Q8NFZ6,surface,active,true,,e22d7643ea01abd0dce415e74faf002186e13ae33190976f1ae61cece045fb76,2026-08-06
Q9BXE9,VN1R3_HUMAN,Q9BXE9,surface,active,true,,e22d7643ea01abd0dce415e74faf002186e13ae33190976f1ae61cece045fb76,2026-08-06
Q7Z5H5,VN1R4_HUMAN,Q7Z5H5,surface,active,true,,e22d7643ea01abd0dce415e74faf002186e13ae33190976f1ae61cece045fb76,2026-08-06
Q7Z5H4,VN1R5_HUMAN,Q7Z5H4,unclassified,active,true,,e22d7643ea01abd0dce415e74faf002186e13ae33190976f1ae61cece045fb76,2026-08-06
O95497,VNN1_HUMAN,O95497,surface,active,true,,e22d7643ea01abd0dce415e74faf002186e13ae33190976f1ae61cece045fb76,2026-08-06
O95498,VNN2_HUMAN,O95498,surface,active,true,,e22d7643ea01abd0dce415e74faf002186e13ae33190976f1ae61cece045fb76,2026-08-06
Q9NY84,VNN3_HUMAN,Q9NY84,surface,inactive,false,uniprot_inactive,e22d7643ea01abd0dce415e74faf002186e13ae33190976f1ae61cece045fb76,2026-08-06
Q8TDU5,VNRL4_HUMAN,Q8TDU5,unclassified,active,true,,e22d7643ea01abd0dce415e74faf002186e13ae33190976f1ae61cece045fb76,2026-08-06
Q96AW1,VOPP1_HUMAN,Q96AW1,non_surface,active,true,,e22d7643ea01abd0dce415e74faf002186e13ae33190976f1ae61cece045fb76,2026-08-06
Q96AX1,VP33A_HUMAN,Q96AX1,non_surface,active,true,,e22d7643ea01abd0dce415e74faf002186e13ae33190976f1ae61cece045fb76,2026-08-06
Q9H267,VP33B_HUMAN,Q9H267,non_surface,active,true,,e22d7643ea01abd0dce415e74faf002186e13ae33190976f1ae61cece045fb76,2026-08-06
Q93050,VPP1_HUMAN,Q93050,unclassified,active,true,,e22d7643ea01abd0dce415e74faf002186e13ae33190976f1ae61cece045fb76,2026-08-06
Q9Y487,VPP2_HUMAN,Q9Y487,surface,active,true,,e22d7643ea01abd0dce415e74faf002186e13ae33190976f1ae61cece045fb76,2026-08-06
Q13488,VPP3_HUMAN,Q13488,surface,active,true,,e22d7643ea01abd0dce415e74faf002186e13ae33190976f1ae61cece045fb76,2026-08-06
Q9HBG4,VPP4_HUMAN,Q9HBG4,unclassified,active,true,,e22d7643ea01abd0dce415e74faf002186e13ae33190976f1ae61cece045fb76,2026-08-06
Q9UKI3,VPRE3_HUMAN,Q9UKI3,unclassified,active,true,,e22d7643ea01abd0dce415e74faf002186e13ae33190976f1ae61cece045fb76,2026-08-06
P12018,VPREB_HUMAN,P12018,unclassified,active,true,,e22d7643ea01abd0dce415e74faf002186e13ae33190976f1ae61cece045fb76,2026-08-06
Q86Y07,VRK2_HUMAN,Q86Y07,non_surface,active,true,,e22d7643ea01abd0dce415e74faf002186e13ae33190976f1ae61cece045fb76,2026-08-06
Q86VR7,VS10L_HUMAN,Q86VR7,surface,active,true,,e22d7643ea01abd0dce415e74faf002186e13ae33190976f1ae61cece045fb76,2026-08-06
Q8N0Z9,VSI10_HUMAN,Q8N0Z9,surface,active,true,,e22d7643ea01abd0dce415e74faf002186e13ae33190976f1ae61cece045fb76,2026-08-06
Q86XK7,VSIG1_HUMAN,Q86XK7,surface,active,true,,e22d7643ea01abd0dce415e74faf002186e13ae33190976f1ae61cece045fb76,2026-08-06
Q96IQ7,VSIG2_HUMAN,Q96IQ7,surface,active,true,,e22d7643ea01abd0dce415e74faf002186e13ae33190976f1ae61cece045fb76,2026-08-06
Q9Y279,VSIG4_HUMAN,Q9Y279,unclassified,active,true,,e22d7643ea01abd0dce415e74faf002186e13ae33190976f1ae61cece045fb76,2026-08-06
Q5VU13,VSIG8_HUMAN,Q5VU13,surface,inactive,false,uniprot_inactive,e22d7643ea01abd0dce415e74faf002186e13ae33190976f1ae61cece045fb76,2026-08-06
Q6UX27,VSTM1_HUMAN,Q6UX27,surface,active,true,,e22d7643ea01abd0dce415e74faf002186e13ae33190976f1ae61cece045fb76,2026-08-06
Q8IW00,VSTM4_HUMAN,Q8IW00,surface,active,true,,e22d7643ea01abd0dce415e74faf002186e13ae33190976f1ae61cece045fb76,2026-08-06
A8MXK1,VSTM5_HUMAN,A8MXK1,surface,active,true,,e22d7643ea01abd0dce415e74faf002186e13ae33190976f1ae61cece045fb76,2026-08-06
Q7Z7D3,VTCN1_HUMAN,Q7Z7D3,surface,active,true,,e22d7643ea01abd0dce415e74faf002186e13ae33190976f1ae61cece045fb76,2026-08-06
P02774,VTDB_HUMAN,P02774,unclassified,active,true,,e22d7643ea01abd0dce415e74faf002186e13ae33190976f1ae61cece045fb76,2026-08-06
Q96AJ9,VTI1A_HUMAN,Q96AJ9,non_surface,active,true,,e22d7643ea01abd0dce415e74faf002186e13ae33190976f1ae61cece045fb76,2026-08-06
Q9UEU0,VTI1B_HUMAN,Q9UEU0,non_surface,active,true,,e22d7643ea01abd0dce415e74faf002186e13ae33190976f1ae61cece045fb76,2026-08-06
Q8TAG5,VTM2A_HUMAN,Q8TAG5,unclassified,active,true,,e22d7643ea01abd0dce415e74faf002186e13ae33190976f1ae61cece045fb76,2026-08-06
A6NLU5,VTM2B_HUMAN,A6NLU5,unclassified,active,true,,e22d7643ea01abd0dce415e74faf002186e13ae33190976f1ae61cece045fb76,2026-08-06
Q96N03,VTM2L_HUMAN,Q96N03,unclassified,active,true,,e22d7643ea01abd0dce415e74faf002186e13ae33190976f1ae61cece045fb76,2026-08-06
P04004,VTNC_HUMAN,P04004,unclassified,active,true,,e22d7643ea01abd0dce415e74faf002186e13ae33190976f1ae61cece045fb76,2026-08-06
Q5TIE3,VW5B1_HUMAN,Q5TIE3,unclassified,active,true,,e22d7643ea01abd0dce415e74faf002186e13ae33190976f1ae61cece045fb76,2026-08-06
Q6PCB0,VWA1_HUMAN,Q6PCB0,unclassified,active,true,,e22d7643ea01abd0dce415e74faf002186e13ae33190976f1ae61cece045fb76,2026-08-06
Q5GFL6,VWA2_HUMAN,Q5GFL6,unclassified,active,true,,e22d7643ea01abd0dce415e74faf002186e13ae33190976f1ae61cece045fb76,2026-08-06
A6NCI4,VWA3A_HUMAN,A6NCI4,unclassified,active,true,,e22d7643ea01abd0dce415e74faf002186e13ae33190976f1ae61cece045fb76,2026-08-06
Q9Y334,VWA7_HUMAN,Q9Y334,unclassified,active,true,,e22d7643ea01abd0dce415e74faf002186e13ae33190976f1ae61cece045fb76,2026-08-06
A3KMH1,VWA8_HUMAN,A3KMH1,unclassified,active,true,,e22d7643ea01abd0dce415e74faf002186e13ae33190976f1ae61cece045fb76,2026-08-06
B2RUY7,VWC2L_HUMAN,B2RUY7,unclassified,active,true,,e22d7643ea01abd0dce415e74faf002186e13ae33190976f1ae61cece045fb76,2026-08-06
Q2TAL6,VWC2_HUMAN,Q2TAL6,unclassified,active,true,,e22d7643ea01abd0dce415e74faf002186e13ae33190976f1ae61cece045fb76,2026-08-06
Q96DN2,VWCE_HUMAN,Q96DN2,unclassified,active,true,,e22d7643ea01abd0dce415e74faf002186e13ae33190976f1ae61cece045fb76,2026-08-06
Q8N2E2,VWDE_HUMAN,Q8N2E2,unclassified,active,true,,e22d7643ea01abd0dce415e74faf002186e13ae33190976f1ae61cece045fb76,2026-08-06
P04275,VWF_HUMAN,P04275,unclassified,active,true,,e22d7643ea01abd0dce415e74faf002186e13ae33190976f1ae61cece045fb76,2026-08-06
Q9NX94,WBP1L_HUMAN,Q9NX94,non_surface,active,true,,e22d7643ea01abd0dce415e74faf002186e13ae33190976f1ae61cece045fb76,2026-08-06
Q96G27,WBP1_HUMAN,Q96G27,non_surface,active,true,,e22d7643ea01abd0dce415e74faf002186e13ae33190976f1ae61cece045fb76,2026-08-06
Q96I51,WBS16_HUMAN,Q96I51,unclassified,active,true,,e22d7643ea01abd0dce415e74faf002186e13ae33190976f1ae61cece045fb76,2026-08-06
O43709,WBS22_HUMAN,O43709,non_surface,active,true,,e22d7643ea01abd0dce415e74faf002186e13ae33190976f1ae61cece045fb76,2026-08-06
Q6UE05,WBS28_HUMAN,Q6UE05,non_surface,active,true,,e22d7643ea01abd0dce415e74faf002186e13ae33190976f1ae61cece045fb76,2026-08-06
Q8IZQ1,WDFY3_HUMAN,Q8IZQ1,non_surface,active,true,,e22d7643ea01abd0dce415e74faf002186e13ae33190976f1ae61cece045fb76,2026-08-06
Q6ZS81,WDFY4_HUMAN,Q6ZS81,non_surface,active,true,,e22d7643ea01abd0dce415e74faf002186e13ae33190976f1ae61cece045fb76,2026-08-06
Q9BZH6,WDR11_HUMAN,Q9BZH6,non_surface,active,true,,e22d7643ea01abd0dce415e74faf002186e13ae33190976f1ae61cece045fb76,2026-08-06
P57081,WDR4_HUMAN,P57081,unclassified,active,true,,e22d7643ea01abd0dce415e74faf002186e13ae33190976f1ae61cece045fb76,2026-08-06
Q9H1F0,WF10A_HUMAN,Q9H1F0,unclassified,active,true,,e22d7643ea01abd0dce415e74faf002186e13ae33190976f1ae61cece045fb76,2026-08-06
Q8IUB3,WF10B_HUMAN,Q8IUB3,unclassified,active,true,,e22d7643ea01abd0dce415e74faf002186e13ae33190976f1ae61cece045fb76,2026-08-06
Q8NEX6,WFD11_HUMAN,Q8NEX6,unclassified,active,true,,e22d7643ea01abd0dce415e74faf002186e13ae33190976f1ae61cece045fb76,2026-08-06
Q8WWY7,WFD12_HUMAN,Q8WWY7,unclassified,active,true,,e22d7643ea01abd0dce415e74faf002186e13ae33190976f1ae61cece045fb76,2026-08-06
Q8IUB5,WFD13_HUMAN,Q8IUB5,unclassified,active,true,,e22d7643ea01abd0dce415e74faf002186e13ae33190976f1ae61cece045fb76,2026-08-06
Q9HC57,WFDC1_HUMAN,Q9HC57,unclassified,active,true,,e22d7643ea01abd0dce415e74faf002186e13ae33190976f1ae61cece045fb76,2026-08-06
Q14508,WFDC2_HUMAN,Q14508,unclassified,active,true,,e22d7643ea01abd0dce415e74faf002186e13ae33190976f1ae61cece045fb76,2026-08-06
Q8IUB2,WFDC3_HUMAN,Q8IUB2,unclassified,active,true,,e22d7643ea01abd0dce415e74faf002186e13ae33190976f1ae61cece045fb76,2026-08-06
Q8TCV5,WFDC5_HUMAN,Q8TCV5,unclassified,active,true,,e22d7643ea01abd0dce415e74faf002186e13ae33190976f1ae61cece045fb76,2026-08-06
Q9BQY6,WFDC6_HUMAN,Q9BQY6,unclassified,active,true,,e22d7643ea01abd0dce415e74faf002186e13ae33190976f1ae61cece045fb76,2026-08-06
Q8IUA0,WFDC8_HUMAN,Q8IUA0,unclassified,active,true,,e22d7643ea01abd0dce415e74faf002186e13ae33190976f1ae61cece045fb76,2026-08-06
Q8NEX5,WFDC9_HUMAN,Q8NEX5,unclassified,active,true,,e22d7643ea01abd0dce415e74faf002186e13ae33190976f1ae61cece045fb76,2026-08-06
Q96NZ8,WFKN1_HUMAN,Q96NZ8,unclassified,active,true,,e22d7643ea01abd0dce415e74faf002186e13ae33190976f1ae61cece045fb76,2026-08-06
Q8TEU8,WFKN2_HUMAN,Q8TEU8,unclassified,active,true,,e22d7643ea01abd0dce415e74faf002186e13ae33190976f1ae61cece045fb76,2026-08-06
O76024,WFS1_HUMAN,O76024,non_surface,active,true,,e22d7643ea01abd0dce415e74faf002186e13ae33190976f1ae61cece045fb76,2026-08-06
Q9Y5W5,WIF1_HUMAN,Q9Y5W5,unclassified,active,true,,e22d7643ea01abd0dce415e74faf002186e13ae33190976f1ae61cece045fb76,2026-08-06
O95388,WISP1_HUMAN,O95388,unclassified,active,true,,e22d7643ea01abd0dce415e74faf002186e13ae33190976f1ae61cece045fb76,2026-08-06
O76076,WISP2_HUMAN,O76076,unclassified,active,true,,e22d7643ea01abd0dce415e74faf002186e13ae33190976f1ae61cece045fb76,2026-08-06
O95389,WISP3_HUMAN,O95389,unclassified,active,true,,e22d7643ea01abd0dce415e74faf002186e13ae33190976f1ae61cece045fb76,2026-08-06
Q5T9L3,WLS_HUMAN,Q5T9L3,unclassified,active,true,,e22d7643ea01abd0dce415e74faf002186e13ae33190976f1ae61cece045fb76,2026-08-06
Q9GZT5,WN10A_HUMAN,Q9GZT5,unclassified,active,true,,e22d7643ea01abd0dce415e74faf002186e13ae33190976f1ae61cece045fb76,2026-08-06
O00744,WN10B_HUMAN,O00744,unclassified,active,true,,e22d7643ea01abd0dce415e74faf002186e13ae33190976f1ae61cece045fb76,2026-08-06
Q96J92,WNK4_HUMAN,Q96J92,non_surface,active,true,,e22d7643ea01abd0dce415e74faf002186e13ae33190976f1ae61cece045fb76,2026-08-06
O96014,WNT11_HUMAN,O96014,unclassified,active,true,,e22d7643ea01abd0dce415e74faf002186e13ae33190976f1ae61cece045fb76,2026-08-06
Q9UBV4,WNT16_HUMAN,Q9UBV4,unclassified,active,true,,e22d7643ea01abd0dce415e74faf002186e13ae33190976f1ae61cece045fb76,2026-08-06
P04628,WNT1_HUMAN,P04628,unclassified,active,true,,e22d7643ea01abd0dce415e74faf002186e13ae33190976f1ae61cece045fb76,2026-08-06
Q93097,WNT2B_HUMAN,Q93097,non_surface,active,true,,e22d7643ea01abd0dce415e74faf002186e13ae33190976f1ae61cece045fb76,2026-08-06
P09544,WNT2_HUMAN,P09544,unclassified,active,true,,e22d7643ea01abd0dce415e74faf002186e13ae33190976f1ae61cece045fb76,2026-08-06
P56704,WNT3A_HUMAN,P56704,unclassified,active,true,,e22d7643ea01abd0dce415e74faf002186e13ae33190976f1ae61cece045fb76,2026-08-06
P56703,WNT3_HUMAN,P56703,unclassified,active,true,,e22d7643ea01abd0dce415e74faf002186e13ae33190976f1ae61cece045fb76,2026-08-06
P56705,WNT4_HUMAN,P56705,unclassified,active,true,,e22d7643ea01abd0dce415e74faf002186e13ae33190976f1ae61cece045fb76,2026-08-06
P41221,WNT5A_HUMAN,P41221,unclassified,active,true,,e22d7643ea01abd0dce415e74faf002186e13ae33190976f1ae61cece045fb76,2026-08-06
Q9H1J7,WNT5B_HUMAN,Q9H1J7,unclassified,active,true,,e22d7643ea01abd0dce415e74faf002186e13ae33190976f1ae61cece045fb76,2026-08-06
Q9Y6F9,WNT6_HUMAN,Q9Y6F9,unclassified,active,true,,e22d7643ea01abd0dce415e74faf002186e13ae33190976f1ae61cece045fb76,2026-08-06
O00755,WNT7A_HUMAN,O00755,unclassified,active,true,,e22d7643ea01abd0dce415e74faf002186e13ae33190976f1ae61cece045fb76,2026-08-06
P56706,WNT7B_HUMAN,P56706,unclassified,active,true,,e22d7643ea01abd0dce415e74faf002186e13ae33190976f1ae61cece045fb76,2026-08-06
Q9H1J5,WNT8A_HUMAN,Q9H1J5,unclassified,active,true,,e22d7643ea01abd0dce415e74faf002186e13ae33190976f1ae61cece045fb76,2026-08-06
Q93098,WNT8B_HUMAN,Q93098,unclassified,active,true,,e22d7643ea01abd0dce415e74faf002186e13ae33190976f1ae61cece045fb76,2026-08-06
O14904,WNT9A_HUMAN,O14904,unclassified,active,true,,e22d7643ea01abd0dce415e74faf002186e13ae33190976f1ae61cece045fb76,2026-08-06
O14905,WNT9B_HUMAN,O14905,unclassified,active,true,,e22d7643ea01abd0dce415e74faf002186e13ae33190976f1ae61cece045fb76,2026-08-06
O00258,WRB_HUMAN,O00258,non_surface,active,true,,e22d7643ea01abd0dce415e74faf002186e13ae33190976f1ae61cece045fb76,2026-08-06
Q658N2,WSCD1_HUMAN,Q658N2,unclassified,active,true,,e22d7643ea01abd0dce415e74faf002186e13ae33190976f1ae61cece045fb76,2026-08-06
Q2TBF2,WSCD2_HUMAN,Q2TBF2,unclassified,active,true,,e22d7643ea01abd0dce415e74faf002186e13ae33190976f1ae61cece045fb76,2026-08-06
A6NIX2,WTIP_HUMAN,A6NIX2,unclassified,active,true,,e22d7643ea01abd0dce415e74faf002186e13ae33190976f1ae61cece045fb76,2026-08-06
P78423,X3CL1_HUMAN,P78423,surface,active,true,,e22d7643ea01abd0dce415e74faf002186e13ae33190976f1ae61cece045fb76,2026-08-06
P47992,XCL1_HUMAN,P47992,unclassified,active,true,,e22d7643ea01abd0dce415e74faf002186e13ae33190976f1ae61cece045fb76,2026-08-06
Q9UBD3,XCL2_HUMAN,Q9UBD3,unclassified,active,true,,e22d7643ea01abd0dce415e74faf002186e13ae33190976f1ae61cece045fb76,2026-08-06
P46094,XCR1_HUMAN,P46094,surface,active,true,,e22d7643ea01abd0dce415e74faf002186e13ae33190976f1ae61cece045fb76,2026-08-06
Q9UPY5,XCT_HUMAN,Q9UPY5,unclassified,active,true,,e22d7643ea01abd0dce415e74faf002186e13ae33190976f1ae61cece045fb76,2026-08-06
P55808,XG_HUMAN,P55808,unclassified,active,true,,e22d7643ea01abd0dce415e74faf002186e13ae33190976f1ae61cece045fb76,2026-08-06
Q6PP77,XKR2_HUMAN,Q6PP77,unclassified,active,true,,e22d7643ea01abd0dce415e74faf002186e13ae33190976f1ae61cece045fb76,2026-08-06
Q5GH77,XKR3_HUMAN,Q5GH77,surface,active,true,,e22d7643ea01abd0dce415e74faf002186e13ae33190976f1ae61cece045fb76,2026-08-06
Q5GH76,XKR4_HUMAN,Q5GH76,non_surface,active,true,,e22d7643ea01abd0dce415e74faf002186e13ae33190976f1ae61cece045fb76,2026-08-06
Q6UX68,XKR5_HUMAN,Q6UX68,unclassified,active,true,,e22d7643ea01abd0dce415e74faf002186e13ae33190976f1ae61cece045fb76,2026-08-06
Q5GH73,XKR6_HUMAN,Q5GH73,non_surface,active,true,,e22d7643ea01abd0dce415e74faf002186e13ae33190976f1ae61cece045fb76,2026-08-06
Q5GH72,XKR7_HUMAN,Q5GH72,unclassified,active,true,,e22d7643ea01abd0dce415e74faf002186e13ae33190976f1ae61cece045fb76,2026-08-06
Q9H6D3,XKR8_HUMAN,Q9H6D3,non_surface,active,true,,e22d7643ea01abd0dce415e74faf002186e13ae33190976f1ae61cece045fb76,2026-08-06
Q5GH70,XKR9_HUMAN,Q5GH70,unclassified,active,true,,e22d7643ea01abd0dce415e74faf002186e13ae33190976f1ae61cece045fb76,2026-08-06
A2RUG3,XKRY2_HUMAN,A2RUG3,non_surface,inactive,false,uniprot_inactive,e22d7643ea01abd0dce415e74faf002186e13ae33190976f1ae61cece045fb76,2026-08-06
O14609,XKRY_HUMAN,O14609,non_surface,active,true,,e22d7643ea01abd0dce415e74faf002186e13ae33190976f1ae61cece045fb76,2026-08-06
P51811,XK_HUMAN,P51811,unclassified,active,true,,e22d7643ea01abd0dce415e74faf002186e13ae33190976f1ae61cece045fb76,2026-08-06
O15537,XLRS1_HUMAN,O15537,unclassified,active,true,,e22d7643ea01abd0dce415e74faf002186e13ae33190976f1ae61cece045fb76,2026-08-06
O43895,XPP2_HUMAN,O43895,surface,active,true,,e22d7643ea01abd0dce415e74faf002186e13ae33190976f1ae61cece045fb76,2026-08-06
Q9NQH7,XPP3_HUMAN,Q9NQH7,unclassified,active,true,,e22d7643ea01abd0dce415e74faf002186e13ae33190976f1ae61cece045fb76,2026-08-06
Q9UBH6,XPR1_HUMAN,Q9UBH6,non_surface,active,true,,e22d7643ea01abd0dce415e74faf002186e13ae33190976f1ae61cece045fb76,2026-08-06
Q8NBI6,XXLT1_HUMAN,Q8NBI6,non_surface,active,true,,e22d7643ea01abd0dce415e74faf002186e13ae33190976f1ae61cece045fb76,2026-08-06
O75063,XYLK_HUMAN,O75063,non_surface,active,true,,e22d7643ea01abd0dce415e74faf002186e13ae33190976f1ae61cece045fb76,2026-08-06
Q86Y38,XYLT1_HUMAN,Q86Y38,non_surface,active,true,,e22d7643ea01abd0dce415e74faf002186e13ae33190976f1ae61cece045fb76,2026-08-06
Q9H1B5,XYLT2_HUMAN,Q9H1B5,non_surface,active,true,,e22d7643ea01abd0dce415e74faf002186e13ae33190976f1ae61cece045fb76,2026-08-06
Q7L0L9,YA043_HUMAN,Q7L0L9,non_surface,inactive,false,uniprot_inactive,e22d7643ea01abd0dce415e74faf002186e13ae33190976f1ae61cece045fb76,2026-08-06
Q6UY13,YB003_HUMAN,Q6UY13,unclassified,active,true,,e22d7643ea01abd0dce415e74faf002186e13ae33190976f1ae61cece045fb76,2026-08-06
Q8NCU8,YB039_HUMAN,Q8NCU8,non_surface,active,true,,e22d7643ea01abd0dce415e74faf002186e13ae33190976f1ae61cece045fb76,2026-08-06
A8MTW9,YB043_HUMAN,A8MTW9,unclassified,active,true,,e22d7643ea01abd0dce415e74faf002186e13ae33190976f1ae61cece045fb76,2026-08-06
A6NC05,YD286_HUMAN,A6NC05,unclassified,active,true,,e22d7643ea01abd0dce415e74faf002186e13ae33190976f1ae61cece045fb76,2026-08-06
Q6UWF5,YF002_HUMAN,Q6UWF5,non_surface,active,true,,e22d7643ea01abd0dce415e74faf002186e13ae33190976f1ae61cece045fb76,2026-08-06
Q8N814,YG045_HUMAN,Q8N814,non_surface,active,true,,e22d7643ea01abd0dce415e74faf002186e13ae33190976f1ae61cece045fb76,2026-08-06
A4D0T7,YG055_HUMAN,A4D0T7,non_surface,active,true,,e22d7643ea01abd0dce415e74faf002186e13ae33190976f1ae61cece045fb76,2026-08-06
Q71RG6,YH006_HUMAN,Q71RG6,unclassified,active,true,,e22d7643ea01abd0dce415e74faf002186e13ae33190976f1ae61cece045fb76,2026-08-06
Q6UXR6,YI004_HUMAN,Q6UXR6,unclassified,active,true,,e22d7643ea01abd0dce415e74faf002186e13ae33190976f1ae61cece045fb76,2026-08-06
Q8N1Y9,YI025_HUMAN,Q8N1Y9,unclassified,active,true,,e22d7643ea01abd0dce415e74faf002186e13ae33190976f1ae61cece045fb76,2026-08-06
A8MXE2,YI036_HUMAN,A8MXE2,non_surface,active,true,,e22d7643ea01abd0dce415e74faf002186e13ae33190976f1ae61cece045fb76,2026-08-06
O95070,YIF1A_HUMAN,O95070,non_surface,active,true,,e22d7643ea01abd0dce415e74faf002186e13ae33190976f1ae61cece045fb76,2026-08-06
Q5BJH7,YIF1B_HUMAN,Q5BJH7,non_surface,active,true,,e22d7643ea01abd0dce415e74faf002186e13ae33190976f1ae61cece045fb76,2026-08-06
Q9Y548,YIPF1_HUMAN,Q9Y548,unclassified,active,true,,e22d7643ea01abd0dce415e74faf002186e13ae33190976f1ae61cece045fb76,2026-08-06
Q9BWQ6,YIPF2_HUMAN,Q9BWQ6,non_surface,active,true,,e22d7643ea01abd0dce415e74faf002186e13ae33190976f1ae61cece045fb76,2026-08-06
Q9GZM5,YIPF3_HUMAN,Q9GZM5,unclassified,active,true,,e22d7643ea01abd0dce415e74faf002186e13ae33190976f1ae61cece045fb76,2026-08-06
Q9BSR8,YIPF4_HUMAN,Q9BSR8,non_surface,active,true,,e22d7643ea01abd0dce415e74faf002186e13ae33190976f1ae61cece045fb76,2026-08-06
Q969M3,YIPF5_HUMAN,Q969M3,non_surface,active,true,,e22d7643ea01abd0dce415e74faf002186e13ae33190976f1ae61cece045fb76,2026-08-06
Q96EC8,YIPF6_HUMAN,Q96EC8,non_surface,active,true,,e22d7643ea01abd0dce415e74faf002186e13ae33190976f1ae61cece045fb76,2026-08-06
Q8N8F6,YIPF7_HUMAN,Q8N8F6,non_surface,active,true,,e22d7643ea01abd0dce415e74faf002186e13ae33190976f1ae61cece045fb76,2026-08-06
Q9H354,YJ001_HUMAN,Q9H354,non_surface,active,true,,e22d7643ea01abd0dce415e74faf002186e13ae33190976f1ae61cece045fb76,2026-08-06
Q8TAT8,YK045_HUMAN,Q8TAT8,unclassified,active,true,,e22d7643ea01abd0dce415e74faf002186e13ae33190976f1ae61cece045fb76,2026-08-06
Q9UM01,YLAT1_HUMAN,Q9UM01,unclassified,active,true,,e22d7643ea01abd0dce415e74faf002186e13ae33190976f1ae61cece045fb76,2026-08-06
Q92536,YLAT2_HUMAN,Q92536,surface,active,true,,e22d7643ea01abd0dce415e74faf002186e13ae33190976f1ae61cece045fb76,2026-08-06
Q9UF83,YM012_HUMAN,Q9UF83,unclassified,active,true,,e22d7643ea01abd0dce415e74faf002186e13ae33190976f1ae61cece045fb76,2026-08-06
Q96TA2,YMEL1_HUMAN,Q96TA2,non_surface,active,true,,e22d7643ea01abd0dce415e74faf002186e13ae33190976f1ae61cece045fb76,2026-08-06
Q9P1C3,YN010_HUMAN,Q9P1C3,unclassified,active,true,,e22d7643ea01abd0dce415e74faf002186e13ae33190976f1ae61cece045fb76,2026-08-06
Q6UXQ8,YO002_HUMAN,Q6UXQ8,unclassified,active,true,,e22d7643ea01abd0dce415e74faf002186e13ae33190976f1ae61cece045fb76,2026-08-06
Q8N9W7,YO010_HUMAN,Q8N9W7,non_surface,active,true,,e22d7643ea01abd0dce415e74faf002186e13ae33190976f1ae61cece045fb76,2026-08-06
A6NDX4,YO011_HUMAN,A6NDX4,non_surface,active,true,,e22d7643ea01abd0dce415e74faf002186e13ae33190976f1ae61cece045fb76,2026-08-06
Q6ZRU5,YQ032_HUMAN,Q6ZRU5,unclassified,active,true,,e22d7643ea01abd0dce415e74faf002186e13ae33190976f1ae61cece045fb76,2026-08-06
A6NJY4,YQ041_HUMAN,A6NJY4,non_surface,active,true,,e22d7643ea01abd0dce415e74faf002186e13ae33190976f1ae61cece045fb76,2026-08-06
A8MUN3,YQ048_HUMAN,A8MUN3,unclassified,active,true,,e22d7643ea01abd0dce415e74faf002186e13ae33190976f1ae61cece045fb76,2026-08-06
Q86U90,YRDC_HUMAN,Q86U90,unclassified,active,true,,e22d7643ea01abd0dce415e74faf002186e13ae33190976f1ae61cece045fb76,2026-08-06
Q6UXU0,YS002_HUMAN,Q6UXU0,unclassified,active,true,,e22d7643ea01abd0dce415e74faf002186e13ae33190976f1ae61cece045fb76,2026-08-06
Q6ZSZ5,YS060_HUMAN,I3L1I5,non_surface,merged,true,,e22d7643ea01abd0dce415e74faf002186e13ae33190976f1ae61cece045fb76,2026-08-06
Q9UI54,YT001_HUMAN,Q9UI54,non_surface,active,true,,e22d7643ea01abd0dce415e74faf002186e13ae33190976f1ae61cece045fb76,2026-08-06
A8MWV9,YU007_HUMAN,A8MWV9,non_surface,active,true,,e22d7643ea01abd0dce415e74faf002186e13ae33190976f1ae61cece045fb76,2026-08-06
Q6UXV3,YV010_HUMAN,Q6UXV3,unclassified,active,true,,e22d7643ea01abd0dce415e74faf002186e13ae33190976f1ae61cece045fb76,2026-08-06
Q8N8P6,YX004_HUMAN,Q8N8P6,non_surface,active,true,,e22d7643ea01abd0dce415e74faf002186e13ae33190976f1ae61cece045fb76,2026-08-06
P25311,ZA2G_HUMAN,P25311,unclassified,active,true,,e22d7643ea01abd0dce415e74faf002186e13ae33190976f1ae61cece045fb76,2026-08-06
Q401N2,ZACN_HUMAN,Q401N2,surface,active,true,,e22d7643ea01abd0dce415e74faf002186e13ae33190976f1ae61cece045fb76,2026-08-06
Q9Y493,ZAN_HUMAN,Q9Y493,surface,active,true,,e22d7643ea01abd0dce415e74faf002186e13ae33190976f1ae61cece045fb76,2026-08-06
Q8NAP8,ZBT8B_HUMAN,Q8NAP8,unclassified,active,true,,e22d7643ea01abd0dce415e74faf002186e13ae33190976f1ae61cece045fb76,2026-08-06
Q9H8X9,ZDH11_HUMAN,Q9H8X9,surface,active,true,,e22d7643ea01abd0dce415e74faf002186e13ae33190976f1ae61cece045fb76,2026-08-06
Q96GR4,ZDH12_HUMAN,Q96GR4,unclassified,active,true,,e22d7643ea01abd0dce415e74faf002186e13ae33190976f1ae61cece045fb76,2026-08-06
Q8IUH4,ZDH13_HUMAN,Q8IUH4,non_surface,active,true,,e22d7643ea01abd0dce415e74faf002186e13ae33190976f1ae61cece045fb76,2026-08-06
Q8IZN3,ZDH14_HUMAN,Q8IZN3,non_surface,active,true,,e22d7643ea01abd0dce415e74faf002186e13ae33190976f1ae61cece045fb76,2026-08-06
Q96MV8,ZDH15_HUMAN,Q96MV8,non_surface,active,true,,e22d7643ea01abd0dce415e74faf002186e13ae33190976f1ae61cece045fb76,2026-08-06
Q969W1,ZDH16_HUMAN,Q969W1,non_surface,active,true,,e22d7643ea01abd0dce415e74faf002186e13ae33190976f1ae61cece045fb76,2026-08-06
Q8IUH5,ZDH17_HUMAN,Q8IUH5,non_surface,active,true,,e22d7643ea01abd0dce415e74faf002186e13ae33190976f1ae61cece045fb76,2026-08-06
Q9NUE0,ZDH18_HUMAN,Q9NUE0,non_surface,active,true,,e22d7643ea01abd0dce415e74faf002186e13ae33190976f1ae61cece045fb76,2026-08-06
Q8WVZ1,ZDH19_HUMAN,Q8WVZ1,unclassified,active,true,,e22d7643ea01abd0dce415e74faf002186e13ae33190976f1ae61cece045fb76,2026-08-06
Q5W0Z9,ZDH20_HUMAN,Q5W0Z9,non_surface,active,true,,e22d7643ea01abd0dce415e74faf002186e13ae33190976f1ae61cece045fb76,2026-08-06
Q8IVQ6,ZDH21_HUMAN,Q8IVQ6,non_surface,active,true,,e22d7643ea01abd0dce415e74faf002186e13ae33190976f1ae61cece045fb76,2026-08-06
Q8N966,ZDH22_HUMAN,Q8N966,unclassified,active,true,,e22d7643ea01abd0dce415e74faf002186e13ae33190976f1ae61cece045fb76,2026-08-06
Q8IYP9,ZDH23_HUMAN,Q8IYP9,unclassified,active,true,,e22d7643ea01abd0dce415e74faf002186e13ae33190976f1ae61cece045fb76,2026-08-06
Q6UX98,ZDH24_HUMAN,Q6UX98,non_surface,active,true,,e22d7643ea01abd0dce415e74faf002186e13ae33190976f1ae61cece045fb76,2026-08-06
Q8WTX9,ZDHC1_HUMAN,Q8WTX9,non_surface,active,true,,e22d7643ea01abd0dce415e74faf002186e13ae33190976f1ae61cece045fb76,2026-08-06
Q9UIJ5,ZDHC2_HUMAN,Q9UIJ5,non_surface,active,true,,e22d7643ea01abd0dce415e74faf002186e13ae33190976f1ae61cece045fb76,2026-08-06
Q9NYG2,ZDHC3_HUMAN,Q9NYG2,non_surface,active,true,,e22d7643ea01abd0dce415e74faf002186e13ae33190976f1ae61cece045fb76,2026-08-06
Q9NPG8,ZDHC4_HUMAN,Q9NPG8,unclassified,active,true,,e22d7643ea01abd0dce415e74faf002186e13ae33190976f1ae61cece045fb76,2026-08-06
Q9C0B5,ZDHC5_HUMAN,Q9C0B5,surface,active,true,,e22d7643ea01abd0dce415e74faf002186e13ae33190976f1ae61cece045fb76,2026-08-06
Q9H6R6,ZDHC6_HUMAN,Q9H6R6,non_surface,active,true,,e22d7643ea01abd0dce415e74faf002186e13ae33190976f1ae61cece045fb76,2026-08-06
Q9NXF8,ZDHC7_HUMAN,Q9NXF8,unclassified,active,true,,e22d7643ea01abd0dce415e74faf002186e13ae33190976f1ae61cece045fb76,2026-08-06
Q9ULC8,ZDHC8_HUMAN,Q9ULC8,non_surface,active,true,,e22d7643ea01abd0dce415e74faf002186e13ae33190976f1ae61cece045fb76,2026-08-06
Q9Y397,ZDHC9_HUMAN,Q9Y397,non_surface,active,true,,e22d7643ea01abd0dce415e74faf002186e13ae33190976f1ae61cece045fb76,2026-08-06
O95159,ZFPL1_HUMAN,O95159,non_surface,active,true,,e22d7643ea01abd0dce415e74faf002186e13ae33190976f1ae61cece045fb76,2026-08-06
Q5T4F4,ZFY27_HUMAN,Q5T4F4,surface,active,true,,e22d7643ea01abd0dce415e74faf002186e13ae33190976f1ae61cece045fb76,2026-08-06
Q96DA0,ZG16B_HUMAN,Q96DA0,unclassified,active,true,,e22d7643ea01abd0dce415e74faf002186e13ae33190976f1ae61cece045fb76,2026-08-06
O60844,ZG16_HUMAN,O60844,unclassified,active,true,,e22d7643ea01abd0dce415e74faf002186e13ae33190976f1ae61cece045fb76,2026-08-06
Q86YA3,ZGRF1_HUMAN,Q86YA3,non_surface,active,true,,e22d7643ea01abd0dce415e74faf002186e13ae33190976f1ae61cece045fb76,2026-08-06
P0C7U3,ZH11B_HUMAN,P0C7U3,surface,active,true,,e22d7643ea01abd0dce415e74faf002186e13ae33190976f1ae61cece045fb76,2026-08-06
Q9H0C1,ZMY12_HUMAN,Q9H0C1,non_surface,active,true,,e22d7643ea01abd0dce415e74faf002186e13ae33190976f1ae61cece045fb76,2026-08-06
Q8NCS4,ZMYNB_HUMAN,Q8NCS4,non_surface,active,true,,e22d7643ea01abd0dce415e74faf002186e13ae33190976f1ae61cece045fb76,2026-08-06
Q9UNY5,ZN232_HUMAN,Q9UNY5,unclassified,active,true,,e22d7643ea01abd0dce415e74faf002186e13ae33190976f1ae61cece045fb76,2026-08-06
Q9NSD4,ZN275_HUMAN,Q9NSD4,unclassified,active,true,,e22d7643ea01abd0dce415e74faf002186e13ae33190976f1ae61cece045fb76,2026-08-06
Q9NW07,ZN358_HUMAN,Q9NW07,non_surface,active,true,,e22d7643ea01abd0dce415e74faf002186e13ae33190976f1ae61cece045fb76,2026-08-06
Q6P9G9,ZN449_HUMAN,Q6P9G9,unclassified,active,true,,e22d7643ea01abd0dce415e74faf002186e13ae33190976f1ae61cece045fb76,2026-08-06
Q96MN9,ZN488_HUMAN,Q96MN9,unclassified,active,true,,e22d7643ea01abd0dce415e74faf002186e13ae33190976f1ae61cece045fb76,2026-08-06
Q8NB15,ZN511_HUMAN,Q8NB15,unclassified,active,true,,e22d7643ea01abd0dce415e74faf002186e13ae33190976f1ae61cece045fb76,2026-08-06
Q5T7W0,ZN618_HUMAN,Q5T7W0,non_surface,active,true,,e22d7643ea01abd0dce415e74faf002186e13ae33190976f1ae61cece045fb76,2026-08-06
Q8NDX6,ZN740_HUMAN,Q8NDX6,unclassified,active,true,,e22d7643ea01abd0dce415e74faf002186e13ae33190976f1ae61cece045fb76,2026-08-06
Q8N446,ZN843_HUMAN,Q8N446,unclassified,active,true,,e22d7643ea01abd0dce415e74faf002186e13ae33190976f1ae61cece045fb76,2026-08-06
P17022,ZNF18_HUMAN,P17022,unclassified,active,true,,e22d7643ea01abd0dce415e74faf002186e13ae33190976f1ae61cece045fb76,2026-08-06
Q8IZ26,ZNF34_HUMAN,Q8IZ26,unclassified,active,true,,e22d7643ea01abd0dce415e74faf002186e13ae33190976f1ae61cece045fb76,2026-08-06
Q9ULT6,ZNRF3_HUMAN,Q9ULT6,unclassified,active,true,,e22d7643ea01abd0dce415e74faf002186e13ae33190976f1ae61cece045fb76,2026-08-06
Q8WWF5,ZNRF4_HUMAN,Q8WWF5,surface,active,true,,e22d7643ea01abd0dce415e74faf002186e13ae33190976f1ae61cece045fb76,2026-08-06
Q6XR72,ZNT10_HUMAN,Q6XR72,unclassified,active,true,,e22d7643ea01abd0dce415e74faf002186e13ae33190976f1ae61cece045fb76,2026-08-06
Q9Y6M5,ZNT1_HUMAN,Q9Y6M5,surface,active,true,,e22d7643ea01abd0dce415e74faf002186e13ae33190976f1ae61cece045fb76,2026-08-06
Q9BRI3,ZNT2_HUMAN,Q9BRI3,unclassified,active,true,,e22d7643ea01abd0dce415e74faf002186e13ae33190976f1ae61cece045fb76,2026-08-06
Q99726,ZNT3_HUMAN,Q99726,non_surface,active,true,,e22d7643ea01abd0dce415e74faf002186e13ae33190976f1ae61cece045fb76,2026-08-06
O14863,ZNT4_HUMAN,O14863,non_surface,active,true,,e22d7643ea01abd0dce415e74faf002186e13ae33190976f1ae61cece045fb76,2026-08-06
Q8TAD4,ZNT5_HUMAN,Q8TAD4,non_surface,active,true,,e22d7643ea01abd0dce415e74faf002186e13ae33190976f1ae61cece045fb76,2026-08-06
Q6NXT4,ZNT6_HUMAN,Q6NXT4,non_surface,active,true,,e22d7643ea01abd0dce415e74faf002186e13ae33190976f1ae61cece045fb76,2026-08-06
Q8NEW0,ZNT7_HUMAN,Q8NEW0,non_surface,active,true,,e22d7643ea01abd0dce415e74faf002186e13ae33190976f1ae61cece045fb76,2026-08-06
Q8IWU4,ZNT8_HUMAN,Q8IWU4,unclassified,active,true,,e22d7643ea01abd0dce415e74faf002186e13ae33190976f1ae61cece045fb76,2026-08-06
Q6PML9,ZNT9_HUMAN,Q6PML9,non_surface,active,true,,e22d7643ea01abd0dce415e74faf002186e13ae33190976f1ae61cece045fb76,2026-08-06
P60852,ZP1_HUMAN,P60852,surface,active,true,,e22d7643ea01abd0dce415e74faf002186e13ae33190976f1ae61cece045fb76,2026-08-06
Q05996,ZP2_HUMAN,Q05996,surface,active,true,,e22d7643ea01abd0dce415e74faf002186e13ae33190976f1ae61cece045fb76,2026-08-06
P21754,ZP3_HUMAN,P21754,surface,active,true,,e22d7643ea01abd0dce415e74faf002186e13ae33190976f1ae61cece045fb76,2026-08-06
Q12836,ZP4_HUMAN,Q12836,surface,active,true,,e22d7643ea01abd0dce415e74faf002186e13ae33190976f1ae61cece045fb76,2026-08-06
Q9BS86,ZPBP1_HUMAN,Q9BS86,unclassified,active,true,,e22d7643ea01abd0dce415e74faf002186e13ae33190976f1ae61cece045fb76,2026-08-06
Q6X784,ZPBP2_HUMAN,Q6X784,unclassified,active,true,,e22d7643ea01abd0dce415e74faf002186e13ae33190976f1ae61cece045fb76,2026-08-06
Q9UK55,ZPI_HUMAN,Q9UK55,unclassified,active,true,,e22d7643ea01abd0dce415e74faf002186e13ae33190976f1ae61cece045fb76,2026-08-06
Q8TCW7,ZPLD1_HUMAN,Q8TCW7,surface,active,true,,e22d7643ea01abd0dce415e74faf002186e13ae33190976f1ae61cece045fb76,2026-08-06
Q9BR11,ZSWM1_HUMAN,Q9BR11,non_surface,active,true,,e22d7643ea01abd0dce415e74faf002186e13ae33190976f1ae61cece045fb76,2026-08-06
