census_accession,gene,label,source
P51677,CCR3,C-C chemokine receptor type 3,spancache
P05362,ICAM1,Intercellular adhesion molecule 1,spancache
Q96LB2,MRGPRX1,Mas-related G protein-coupled receptor member X1,spancache
Q9UNW8,GPR132,Probable G protein-coupled receptor 132,spancache
Q9Y5F0,PCDHB13,Protocadherin beta-13,spancache
Q9UQQ1,NAALADL1,Aminopeptidase NAALADL1,spancache
Q8NC54,KCT2,Keratinocyte-associated transmembrane protein 2,spancache
Q8NEW7,TMIE,Transmembrane inner ear expressed protein,spancache
Q969I6,SLC38A4,Sodium-coupled neutral amino acid transporter 4,spancache
O75121,MFAP3L,Microfibrillar-associated protein 3-like,spancache
Q9Y2I2,NTNG1,Netrin-G1,spancache
Q6ZVN8,HJV,Hemojuvelin,spancache
Q8TEB9,RHBDD1,Rhomboid-related protein 4,spancache
Q9P273,TENM3,Teneurin-3,spancache
Q16280,CNGA2,Cyclic nucleotide-gated channel alpha-2,spancache
P32970,CD70,CD70 antigen,spancache
Q01726,MC1R,Melanocyte-stimulating hormone receptor,spancache
Q8NH85,OR8U3,Olfactory receptor 8U3,spancache
Q9UHP7,CLEC2D,C-type lectin domain family 2 member D,spancache
P32745,SSTR3,Somatostatin receptor type 3,spancache
P54762,EPHB1,Ephrin type-B receptor 1,spancache
O14917,PCDH17,Protocadherin-17,spancache
Q5VUY2,AADACL4,Arylacetamide deacetylase-like 4,spancache
Q8N386,LRRC25,Leucine-rich repeat-containing protein 25,spancache
Q8NER5,ACVR1C,Activin receptor type-1C,spancache
Q8NBM4,UBAC2,Ubiquitin-associated domain-containing protein 2,spancache
Q99726,SLC30A3,Probable proton-coupled zinc antiporter SLC30A3,spancache
P43003,SLC1A3,Excitatory amino acid transporter 1,spancache
Q9NZ43,USE1,Vesicle transport protein USE1,spancache
Q86WA9,SLC26A11,Sodium-independent sulfate anion transporter,spancache
P15941,MUC1,Mucin-1,spancache
Q9NY46,SCN3A,Sodium channel protein type 3 subunit alpha,spancache
P55259,GP2,Pancreatic secretory granule membrane major glycoprotein GP2,spancache
Q9UNX9,KCNJ14,ATP-sensitive inward rectifier potassium channel 14,spancache
Q9Y5I4,PCDHAC2,Protocadherin alpha-C2,spancache
Q9BQS2,SYT15,Synaptotagmin-15,spancache
A4D0T7,SMIM30,Small integral membrane protein 30,spancache
P34969,HTR7,5-hydroxytryptamine receptor 7,spancache
O75954,TSPAN9,Tetraspanin-9,spancache
Q9H339,OR51B5,Olfactory receptor 51B5,spancache
Q8NGY9,OR2L8,Olfactory receptor 2L8,spancache
Q8NGN4,OR10G9,Olfactory receptor 10G9,spancache
Q86VB7,CD163,Scavenger receptor cysteine-rich type 1 protein M130,spancache
Q9UPC5,GPR34,Probable G protein-coupled receptor 34,spancache
Q8N9M5,TMEM102,Transmembrane protein 102,spancache
Q86WK7,AMIGO3,Amphoterin-induced protein 3,spancache
Q9H341,OR51M1,Olfactory receptor 51M1,spancache
Q9NYW3,TAS2R7,Taste receptor type 2 member 7,spancache
P01133,EGF,Pro-epidermal growth factor,spancache
P59534,TAS2R39,Taste receptor type 2 member 39,spancache
Q8NGY7,OR10J6P,Putative olfactory receptor 10J6,spancache
Q9UKL2,OR52A1,Olfactory receptor 52A1,spancache
Q8NGS8,OR13C5,Olfactory receptor 13C5,spancache
Q9ULB1,NRXN1,Neurexin-1,spancache
Q9NQW8,CNGB3,Cyclic nucleotide-gated channel beta-3,spancache
Q9Y3B3,TMED7,Transmembrane emp24 domain-containing protein 7,spancache
P07204,THBD,Thrombomodulin,spancache
Q8N614,TMEM156,Transmembrane protein 156,spancache
O43292,GPAA1,GPI-anchor transamidase component GPAA1,spancache
O00264,PGRMC1,Membrane-associated progesterone receptor component 1,spancache
Q96LA6,FCRL1,Fc receptor-like protein 1,spancache
Q96DS6,MS4A6E,Membrane-spanning 4-domains subfamily A member 6E,spancache
O75015,FCGR3B,Low affinity immunoglobulin gamma Fc region receptor III-B,spancache
Q9H0Q3,FXYD6,FXYD domain-containing ion transport regulator 6,spancache
O95502,NPTXR,Neuronal pentraxin receptor,spancache
Q9H461,FZD8,Frizzled-8,spancache
O75752,B3GALNT1,"UDP-GalNAc:beta-1,3-N-acetylgalactosaminyltransferase 1",spancache
Q8NGL1,OR5D18,Olfactory receptor 5D18,spancache
Q9UKR8,TSPAN16,Tetraspanin-16,spancache
Q9P1Q5,OR1A1,Olfactory receptor 1A1,spancache
P04035,HMGCR,3-hydroxy-3-methylglutaryl-coenzyme A reductase,spancache
Q8N4A0,GALNT4,Polypeptide N-acetylgalactosaminyltransferase 4,spancache
P08138,NGFR,Tumor necrosis factor receptor superfamily member 16,spancache
Q86UK5,EVC2,Limbin,spancache
P59540,TAS2R46,Taste receptor type 2 member 46,spancache
O43306,ADCY6,Adenylate cyclase type 6,spancache
P02708,CHRNA1,Acetylcholine receptor subunit alpha,spancache
P23471,PTPRZ1,Receptor-type tyrosine-protein phosphatase zeta,spancache
Q8WTV0,SCARB1,Scavenger receptor class B member 1,spancache
Q96BY9,SARAF,Store-operated calcium entry-associated regulatory factor,spancache
Q8N158,GPC2,Glypican-2,spancache
Q9NPD7,NRN1,Neuritin,spancache
Q86X52,CHSY1,Chondroitin sulfate synthase 1,spancache
Q9Y691,KCNMB2,Calcium-activated potassium channel subunit beta-2,spancache
Q8NBJ9,SIDT2,SID1 transmembrane family member 2,spancache
Q6UW88,EPGN,Epigen,spancache
Q02223,TNFRSF17,Tumor necrosis factor receptor superfamily member 17,spancache
P42892,ECE1,Endothelin-converting enzyme 1,spancache
P05186,ALPL,"Alkaline phosphatase, tissue-nonspecific isozyme",spancache
O60507,TPST1,Protein-tyrosine sulfotransferase 1,spancache
O43570,CA12,Carbonic anhydrase 12,spancache
Q9H0V9,LMAN2L,VIP36-like protein,spancache
Q8IY49,MMD2,Monocyte to macrophage differentiation factor 2,spancache
Q15617,OR8G1,Olfactory receptor 8G1,spancache
O95006,OR2F2,Olfactory receptor 2F2,spancache
P58658,EVA1C,Protein eva-1 homolog C,spancache
P22413,ENPP1,Ectonucleotide pyrophosphatase/phosphodiesterase family member 1,spancache
Q8NCG5,CHST4,Carbohydrate sulfotransferase 4,spancache
Q7LFX5,CHST15,Carbohydrate sulfotransferase 15,spancache
O75882,ATRN,Attractin,spancache
Q9NYQ8,FAT2,Protocadherin Fat 2,spancache
Q13621,SLC12A1,Solute carrier family 12 member 1,spancache
Q30201,HFE,Hereditary hemochromatosis protein,spancache
Q8NGN1,OR6T1,Olfactory receptor 6T1,spancache
Q9Y3E0,GOLT1B,Vesicle transport protein GOT1B,spancache
O43315,AQP9,Aquaporin-9,spancache
Q9Y5I1,PCDHA11,Protocadherin alpha-11,spancache
P16442,ABO,Histo-blood group ABO system transferase,spancache
P41732,TSPAN7,Tetraspanin-7,spancache
Q8N2K0,ABHD12,Lysophosphatidylserine lipase ABHD12,spancache
P34741,SDC2,Syndecan-2,spancache
Q504Y0,SLC39A12,Zinc transporter ZIP12,spancache
Q99795,GPA33,Cell surface A33 antigen,spancache
Q9BXE9,VN1R3,Vomeronasal type-1 receptor 3,spancache
Q8N8F6,YIPF7,Protein YIPF7,spancache
Q8NH95,OR13C6P,Putative olfactory receptor 13C6,spancache
Q8NGX8,OR6Y1,Olfactory receptor 6Y1,spancache
Q9UGF7,OR12D3,Olfactory receptor 12D3,spancache
Q02763,TEK,Angiopoietin-1 receptor,spancache
Q8IV31,TMEM139,Transmembrane protein 139,spancache
Q86SQ4,ADGRG6,Adhesion G protein-coupled receptor G6,spancache
Q96IW7,SEC22A,Vesicle-trafficking protein SEC22a,spancache
Q8NGH9,OR52E4,Olfactory receptor 52E4,spancache
P22760,AADAC,Arylacetamide deacetylase,spancache
Q9Y5Z0,BACE2,Beta-secretase 2,spancache
Q96JW4,SLC41A2,Solute carrier family 41 member 2,spancache
Q0P6D2,DIPK1C,Divergent protein kinase domain 1C,spancache
O94956,SLCO2B1,Solute carrier organic anion transporter family member 2B1,spancache
Q9NZ08,ERAP1,Endoplasmic reticulum aminopeptidase 1,spancache
P36897,TGFBR1,TGF-beta receptor type-1,spancache
O95907,SLC16A8,Monocarboxylate transporter 3,spancache
Q9N2J8,,HERV-H_2q24.1 provirus ancestral Env polyprotein,spancache
P22888,LHCGR,Lutropin-choriogonadotropic hormone receptor,spancache
Q8NGP4,OR5M3,Olfactory receptor 5M3,spancache
O75022,LILRB3,Leukocyte immunoglobulin-like receptor subfamily B member 3,spancache
P05187,ALPP,"Alkaline phosphatase, placental type",spancache
Q96DD7,SHISA4,Protein shisa-4,spancache
Q14956,GPNMB,Transmembrane glycoprotein NMB,spancache
Q6UWH4,GASK1B,Golgi-associated kinase 1B,spancache
O15197,EPHB6,Ephrin type-B receptor 6,spancache
Q03431,PTH1R,Parathyroid hormone/parathyroid hormone-related peptide receptor,spancache
P21757,MSR1,Macrophage scavenger receptor types I and II,spancache
P19256,CD58,Lymphocyte function-associated antigen 3,spancache
P24071,FCAR,Immunoglobulin alpha Fc receptor,spancache
Q99941,ATF6B,Cyclic AMP-dependent transcription factor ATF-6 beta,spancache
Q8TCT7,SPPL2B,Signal peptide peptidase-like 2B,spancache
P78504,JAG1,Protein jagged-1,spancache
O60235,TMPRSS11D,Transmembrane protease serine 11D,spancache
Q7L1I2,SV2B,Synaptic vesicle glycoprotein 2B,spancache
P51810,GPR143,G protein-coupled receptor 143,spancache
Q68CJ9,CREB3L3,Cyclic AMP-responsive element-binding protein 3-like protein 3,spancache
Q6UWL6,KIRREL2,Kin of IRRE-like protein 2,spancache
O75023,LILRB5,Leukocyte immunoglobulin-like receptor subfamily B member 5,spancache
Q8NH10,OR8U1,Olfactory receptor 8U1,spancache
Q8NET8,TRPV3,Transient receptor potential cation channel subfamily V member 3,spancache
P32245,MC4R,Melanocortin receptor 4,spancache
P0C7N8,OR9G9,Olfactory receptor 9G9,spancache
P16444,DPEP1,Dipeptidase 1,spancache
Q9NRX5,SERINC1,Serine incorporator 1,spancache
P06213,INSR,Insulin receptor,spancache
Q9H205,OR2AG1,Olfactory receptor 2AG1,spancache
Q9BX97,PLVAP,Plasmalemma vesicle-associated protein,spancache
P29320,EPHA3,Ephrin type-A receptor 3,spancache
Q9H6D3,XKR8,XK-related protein 8,spancache
P16473,TSHR,Thyrotropin receptor,spancache
Q6PK18,OGFOD3,2-oxoglutarate and iron-dependent oxygenase domain-containing protein 3,spancache
Q06418,TYRO3,Tyrosine-protein kinase receptor TYRO3,spancache
P34910,EVI2B,Protein EVI2B,spancache
Q8NH03,OR2T3,Olfactory receptor 2T3,spancache
P30825,SLC7A1,High affinity cationic amino acid transporter 1,spancache
Q9H902,REEP1,Receptor expression-enhancing protein 1,spancache
Q9NYW1,TAS2R9,Taste receptor type 2 member 9,spancache
Q8NGC6,OR4K17,Olfactory receptor 4K17,spancache
Q8N9I0,SYT2,Synaptotagmin-2,spancache
Q9HBW1,LRRC4,Leucine-rich repeat-containing protein 4,spancache
Q16572,SLC18A3,Vesicular acetylcholine transporter,spancache
Q9H158,PCDHAC1,Protocadherin alpha-C1,spancache
O95867,LY6G6C,Lymphocyte antigen 6 complex locus protein G6c,spancache
Q6IF63,OR52W1,Olfactory receptor 52W1,spancache
P43632,KIR2DS4,Killer cell immunoglobulin-like receptor 2DS4,spancache
Q6NUS8,UGT3A1,UDP-glycosyltransferase 3A1,spancache
Q9NX61,TMEM161A,Transmembrane protein 161A,spancache
Q4KMZ8,NKAIN1,Sodium/potassium-transporting ATPase subunit beta-1-interacting protein 1,spancache
Q9NYM9,BET1L,BET1-like protein,spancache
Q9NP60,IL1RAPL2,X-linked interleukin-1 receptor accessory protein-like 2,spancache
Q6ZMZ3,SYNE3,Nesprin-3,spancache
Q92819,HAS2,Hyaluronan synthase 2,spancache
Q8NH55,OR52E5,Olfactory receptor 52E5,spancache
Q8NGZ4,OR2G3,Olfactory receptor 2G3,spancache
P78369,CLDN10,Claudin-10,spancache
P06127,CD5,T-cell surface glycoprotein CD5,spancache
Q9HCJ1,ANKH,Mineralization regulator ANKH,spancache
O15547,P2RX6,P2X purinoceptor 6,spancache
Q16586,SGCA,Alpha-sarcoglycan,spancache
Q01650,SLC7A5,Large neutral amino acids transporter small subunit 1,spancache
Q9UHF3,NAT8B,N-acetyltransferase 8B,spancache
Q8NG94,OR11H1,Olfactory receptor 11H1,spancache
O95183,VAMP5,Vesicle-associated membrane protein 5,spancache
Q96B86,RGMA,Repulsive guidance molecule A,spancache
Q8NGA2,OR7A2P,Putative olfactory receptor 7A2,spancache
Q96RQ1,ERGIC2,Endoplasmic reticulum-Golgi intermediate compartment protein 2,spancache
Q13873,BMPR2,Bone morphogenetic protein receptor type-2,spancache
P23467,PTPRB,Receptor-type tyrosine-protein phosphatase beta,spancache
Q3MUY2,PIGY,Phosphatidylinositol N-acetylglucosaminyltransferase subunit Y,spancache
P08588,ADRB1,Beta-1 adrenergic receptor,spancache
Q3SXY7,LRIT3,"Leucine-rich repeat, immunoglobulin-like domain and transmembrane domain-containing protein 3",spancache
Q8NGS6,OR13C3,Olfactory receptor 13C3,spancache
Q93086,P2RX5,P2X purinoceptor 5,spancache
Q9HCU0,CD248,Endosialin,spancache
Q9NRJ7,PCDHB16,Protocadherin beta-16,spancache
Q15825,CHRNA6,Neuronal acetylcholine receptor subunit alpha-6,spancache
Q96RC9,OR8B4,Olfactory receptor 8B4,spancache
Q9UKQ2,ADAM28,Disintegrin and metalloproteinase domain-containing protein 28,spancache
Q92813,DIO2,Type II iodothyronine deiodinase,spancache
O75144,ICOSLG,ICOS ligand,spancache
P12821,ACE,Angiotensin-converting enzyme,spancache
P55291,CDH15,Cadherin-15,spancache
G3V0H7,SLCO1B7,Putative solute carrier organic anion transporter family member 1B7,spancache
Q8NB59,SYT14,Synaptotagmin-14,spancache
Q99500,S1PR3,Sphingosine 1-phosphate receptor 3,spancache
Q5T4D3,TMTC4,Protein O-mannosyl-transferase TMTC4,spancache
Q9HCX4,TRPC7,Short transient receptor potential channel 7,spancache
O15439,ABCC4,ATP-binding cassette sub-family C member 4,spancache
O00451,GFRA2,GDNF family receptor alpha-2,spancache
Q9HC97,GPR35,G protein-coupled receptor 35,spancache
Q9P2K9,DISP3,Protein dispatched homolog 3,spancache
Q9Y6H8,GJA3,Gap junction alpha-3 protein,spancache
Q5SQ64,LY6G6F,Lymphocyte antigen 6 complex locus protein G6f,spancache
A6NND4,OR2AT4,Olfactory receptor 2AT4,spancache
Q9GZP7,VN1R1,Vomeronasal type-1 receptor 1,spancache
P05556,ITGB1,Integrin beta-1,spancache
Q9P232,CNTN3,Contactin-3,spancache
Q13433,SLC39A6,Zinc transporter ZIP6,spancache
Q8NET5,NFAM1,NFAT activation molecule 1,spancache
Q70SY1,CREB3L2,Cyclic AMP-responsive element-binding protein 3-like protein 2,spancache
Q96GX1,TCTN2,Tectonic-2,spancache
Q9Y5I0,PCDHA13,Protocadherin alpha-13,spancache
P35408,PTGER4,Prostaglandin E2 receptor EP4 subtype,spancache
Q96QK8,SMIM14,Small integral membrane protein 14,spancache
Q6ZXV5,TMTC3,Protein O-mannosyl-transferase TMTC3,spancache
Q92536,SLC7A6,Y+L amino acid transporter 2,spancache
Q9UQ52,CNTN6,Contactin-6,spancache
P09758,TACSTD2,Tumor-associated calcium signal transducer 2,spancache
A6NLE4,SMIM23,Small integral membrane protein 23,spancache
O43699,SIGLEC6,Sialic acid-binding Ig-like lectin 6,spancache
P40967,PMEL,Melanocyte protein PMEL,spancache
Q7RTX1,TAS1R1,Taste receptor type 1 member 1,spancache
Q8WZ84,OR8D1,Olfactory receptor 8D1,spancache
Q4G0T1,SCART1,Scavenger receptor cysteine-rich domain-containing protein SCART1,spancache
O60609,GFRA3,GDNF family receptor alpha-3,spancache
P06340,HLA-DOA,"HLA class II histocompatibility antigen, DO alpha chain",spancache
Q8N387,MUC15,Mucin-15,spancache
O60725,ICMT,Protein-S-isoprenylcysteine O-methyltransferase,spancache
P01903,HLA-DRA,"HLA class II histocompatibility antigen, DR alpha chain",spancache
Q9NPG4,PCDH12,Protocadherin-12,spancache
Q9UPQ8,DOLK,Dolichol kinase,spancache
Q8NFZ3,NLGN4Y,"Neuroligin-4, Y-linked",spancache
P41217,CD200,OX-2 membrane glycoprotein,spancache
Q99999,GAL3ST1,Galactosylceramide sulfotransferase,spancache
P0C6S8,LINGO3,Leucine-rich repeat and immunoglobulin-like domain-containing nogo receptor-interacting protein 3,spancache
Q9Y5Y4,PTGDR2,Prostaglandin D2 receptor 2,spancache
Q9BZV2,SLC19A3,Thiamine transporter 2,spancache
Q8NBN3,TMEM87A,Golgi-pH regulating cation channel,spancache
P18505,GABRB1,Gamma-aminobutyric acid receptor subunit beta-1,spancache
Q9Y5G1,PCDHGB3,Protocadherin gamma-B3,spancache
Q96A54,ADIPOR1,Adiponectin receptor protein 1,spancache
Q9NWQ8,PAG1,Phosphoprotein associated with glycosphingolipid-enriched microdomains 1,spancache
Q99062,CSF3R,Granulocyte colony-stimulating factor receptor,spancache
Q96RD0,OR8B2,Olfactory receptor 8B2,spancache
Q9NPR2,SEMA4B,Semaphorin-4B,spancache
P55283,CDH4,Cadherin-4,spancache
P48960,ADGRE5,Adhesion G protein-coupled receptor E5,spancache
P08913,ADRA2A,Alpha-2A adrenergic receptor,spancache
P26951,IL3RA,Interleukin-3 receptor subunit alpha,spancache
Q9UNN8,PROCR,Endothelial protein C receptor,spancache
Q8TBM8,DNAJB14,DnaJ homolog subfamily B member 14,spancache
P78325,ADAM8,Disintegrin and metalloproteinase domain-containing protein 8,spancache
O60404,OR10H3,Olfactory receptor 10H3,spancache
Q9P121,NTM,Neurotrimin,spancache
Q86V24,ADIPOR2,Adiponectin receptor protein 2,spancache
Q9BY50,SEC11C,Signal peptidase complex catalytic subunit SEC11C,spancache
P36941,LTBR,Tumor necrosis factor receptor superfamily member 3,spancache
Q9HC73,CRLF2,Cytokine receptor-like factor 2,spancache
O75054,IGSF3,Immunoglobulin superfamily member 3,spancache
Q9H3T3,SEMA6B,Semaphorin-6B,spancache
P32248,CCR7,C-C chemokine receptor type 7,spancache
P10966,CD8B,T-cell surface glycoprotein CD8 beta chain,spancache
Q9H2X9,SLC12A5,Solute carrier family 12 member 5,spancache
Q14952,KIR2DS3,Killer cell immunoglobulin-like receptor 2DS3,spancache
Q96R47,OR2A14,Olfactory receptor 2A14,spancache
O00124,UBXN8,UBX domain-containing protein 8,spancache
P01833,PIGR,Polymeric immunoglobulin receptor,spancache
Q8N3Y3,LARGE2,Xylosyl- and glucuronyltransferase LARGE2,spancache
Q15722,LTB4R,Leukotriene B4 receptor 1,spancache
P36383,GJC1,Gap junction gamma-1 protein,spancache
Q11203,ST3GAL3,"CMP-N-acetylneuraminate-beta-1,4-galactoside alpha-2,3-sialyltransferase",spancache
Q9UM47,NOTCH3,Neurogenic locus notch homolog protein 3,spancache
P14778,IL1R1,Interleukin-1 receptor type 1,spancache
O43749,OR1F1,Olfactory receptor 1F1,spancache
Q9P2U8,SLC17A6,Vesicular glutamate transporter 2,spancache
Q96NT5,SLC46A1,Proton-coupled folate transporter,spancache
Q8N661,TMEM86B,Lysoplasmalogenase TMEM86B,spancache
P25100,ADRA1D,Alpha-1D adrenergic receptor,spancache
O76100,OR7A10,Olfactory receptor 7A10,spancache
Q9Y5E4,PCDHB5,Protocadherin beta-5,spancache
Q9H2B2,SYT4,Synaptotagmin-4,spancache
Q9ULD8,KCNH3,Voltage-gated inwardly rectifying potassium channel KCNH3,spancache
Q96FE5,LINGO1,Leucine-rich repeat and immunoglobulin-like domain-containing nogo receptor-interacting protein 1,spancache
Q5NUL3,FFAR4,Free fatty acid receptor 4,spancache
Q8NC01,CLEC1A,C-type lectin domain family 1 member A,spancache
Q9H159,CDH19,Cadherin-19,spancache
Q9NV96,TMEM30A,Cell cycle control protein 50A,spancache
Q6UXG2,ELAPOR1,Endosome/lysosome-associated apoptosis and autophagy regulator 1,spancache
P41231,P2RY2,P2Y purinoceptor 2,spancache
Q08708,CD300C,CMRF35-like molecule 6,spancache
Q12836,ZP4,Zona pellucida sperm-binding protein 4,spancache
Q9NQA5,TRPV5,Transient receptor potential cation channel subfamily V member 5,spancache
Q8TDQ0,HAVCR2,Hepatitis A virus cellular receptor 2,spancache
Q9NZS2,KLRF1,Killer cell lectin-like receptor subfamily F member 1,spancache
P25092,GUCY2C,Guanylyl cyclase C,spancache
Q05940,SLC18A2,Synaptic vesicular amine transporter,spancache
O75084,FZD7,Frizzled-7,spancache
P54709,ATP1B3,Sodium/potassium-transporting ATPase subunit beta-3,spancache
Q10472,GALNT1,Polypeptide N-acetylgalactosaminyltransferase 1,spancache
P50281,MMP14,Matrix metalloproteinase-14,spancache
Q13635,PTCH1,Protein patched homolog 1,spancache
Q8NGY6,OR6N2,Olfactory receptor 6N2,spancache
Q7RTW8,OTOA,Otoancorin,spancache
Q96LA5,FCRL2,Fc receptor-like protein 2,spancache
Q86XJ0,CALHM3,Calcium homeostasis modulator protein 3,spancache
P16581,SELE,E-selectin,spancache
Q9HD20,ATP13A1,Endoplasmic reticulum transmembrane helix translocase,spancache
Q9BT88,SYT11,Synaptotagmin-11,spancache
P13747,HLA-E,"HLA class I histocompatibility antigen, alpha chain E",spancache
O60503,ADCY9,Adenylate cyclase type 9,spancache
A6NET4,OR5K3,Olfactory receptor 5K3,spancache
P49238,CX3CR1,CX3C chemokine receptor 1,spancache
Q8NGT5,OR9A2,Olfactory receptor 9A2,spancache
Q9BXS4,TMEM59,Transmembrane protein 59,spancache
P11117,ACP2,Lysosomal acid phosphatase,spancache
Q15005,SPCS2,Signal peptidase complex subunit 2,spancache
Q16553,LY6E,Lymphocyte antigen 6E,spancache
Q8N1C3,GABRG1,Gamma-aminobutyric acid receptor subunit gamma-1,spancache
Q8NCL4,GALNT6,Polypeptide N-acetylgalactosaminyltransferase 6,spancache
P36894,BMPR1A,Bone morphogenetic protein receptor type-1A,spancache
Q96IZ2,ADTRP,Androgen-dependent TFPI-regulating protein,spancache
Q8NH37,OR4C3,Olfactory receptor 4C3,spancache
Q9Y5G5,PCDHGA8,Protocadherin gamma-A8,spancache
Q6ZMG9,CERS6,Ceramide synthase 6,spancache
Q9GZZ6,CHRNA10,Neuronal acetylcholine receptor subunit alpha-10,spancache
A6NM11,LRRC37A2,Leucine-rich repeat-containing protein 37A2,spancache
Q9UQ05,KCNH4,Voltage-gated delayed rectifier potassium channel KCNH4,spancache
P82279,CRB1,Protein crumbs homolog 1,spancache
P36956,SREBF1,Sterol regulatory element-binding protein 1,spancache
Q86VZ4,LRP11,Low-density lipoprotein receptor-related protein 11,spancache
P31644,GABRA5,Gamma-aminobutyric acid receptor subunit alpha-5,spancache
Q9Y278,HS3ST2,Heparan sulfate glucosamine 3-O-sulfotransferase 2,spancache
O14684,PTGES,Prostaglandin E synthase,spancache
Q8N695,SLC5A8,Sodium-coupled monocarboxylate transporter 1,spancache
O94856,NFASC,Neurofascin,spancache
Q9UHC9,NPC1L1,NPC1-like intracellular cholesterol transporter 1,spancache
Q6UX71,PLXDC2,Plexin domain-containing protein 2,spancache
P56856,CLDN18,Claudin-18,spancache
Q7Z3T1,OR2W3,Olfactory receptor 2W3,spancache
O96024,B3GALT4,"Beta-1,3-galactosyltransferase 4",spancache
Q6ZP80,TMEM182,Transmembrane protein 182,spancache
Q9Y228,TRAF3IP3,TRAF3-interacting JNK-activating modulator,spancache
P47775,GPR12,G protein-coupled receptor 12,spancache
Q13349,ITGAD,Integrin alpha-D,spancache
Q8TC36,SUN5,SUN domain-containing protein 5,spancache
Q9BY15,ADGRE3,Adhesion G protein-coupled receptor E3,spancache
P10586,PTPRF,Receptor-type tyrosine-protein phosphatase F,spancache
Q8WXD0,RXFP2,Relaxin receptor 2,spancache
O76024,WFS1,Wolframin,spancache
Q5BJH7,YIF1B,Protein YIF1B,spancache
Q69384,ERVK-6,Endogenous retrovirus group K member 6 Env polyprotein,spancache
Q9NPA2,MMP25,Matrix metalloproteinase-25,spancache
Q8NG11,TSPAN14,Tetraspanin-14,spancache
Q8TF66,LRRC15,Leucine-rich repeat-containing protein 15,spancache
P29322,EPHA8,Ephrin type-A receptor 8,spancache
Q8IVQ6,ZDHHC21,Palmitoyltransferase ZDHHC21,spancache
Q8N3F9,GPR137C,Integral membrane protein GPR137C,spancache
Q6PJF5,RHBDF2,Inactive rhomboid protein 2,spancache
Q96G79,SLC35A4,Probable UDP-sugar transporter protein SLC35A4,spancache
Q5JX71,FAM209A,Protein FAM209A,spancache
O00767,SCD,Stearoyl-CoA desaturase,spancache
P51679,CCR4,C-C chemokine receptor type 4,spancache
O43280,TREH,Trehalase,spancache
Q9H8M5,CNNM2,Metal transporter CNNM2,spancache
Q495A1,TIGIT,T-cell immunoreceptor with Ig and ITIM domains,spancache
O75325,LRRN2,Leucine-rich repeat neuronal protein 2,spancache
Q8N1N2,DYNAP,Dynactin-associated protein,spancache
Q96GP6,SCARF2,Scavenger receptor class F member 2,spancache
P06729,CD2,T-cell surface antigen CD2,spancache
Q7KYR7,BTN2A1,Butyrophilin subfamily 2 member A1,spancache
Q96MV8,ZDHHC15,Palmitoyltransferase ZDHHC15,spancache
Q14435,GALNT3,Polypeptide N-acetylgalactosaminyltransferase 3,spancache
Q8N6L1,KRTCAP2,Dolichyl-diphosphooligosaccharide--protein glycosyltransferase subunit KCP2,spancache
Q9UJ14,GGT7,Glutathione hydrolase 7,spancache
A8MUP6,GSG1L2,Germ cell-specific gene 1-like protein 2,spancache
P43628,KIR2DL3,Killer cell immunoglobulin-like receptor 2DL3,spancache
O00400,SLC33A1,Acetyl-coenzyme A transporter 1,spancache
Q04671,OCA2,P protein,spancache
Q9NZC2,TREM2,Triggering receptor expressed on myeloid cells 2,spancache
Q8TCJ2,STT3B,Dolichyl-diphosphooligosaccharide--protein glycosyltransferase subunit STT3B,spancache
Q15392,DHCR24,Delta(24)-sterol reductase,spancache
P35610,SOAT1,Sterol O-acyltransferase 1,spancache
Q5VUD6,DIPK1B,Divergent protein kinase domain 1B,spancache
Q8NGT9,OR2A1,Olfactory receptor 2A1/2A42,spancache
Q8N7C0,LRRC52,Leucine-rich repeat-containing protein 52,spancache
Q86UN2,RTN4RL1,Reticulon-4 receptor-like 1,spancache
P41594,GRM5,Metabotropic glutamate receptor 5,spancache
P56199,ITGA1,Integrin alpha-1,spancache
Q96F46,IL17RA,Interleukin-17 receptor A,spancache
Q9H8J5,MANSC1,MANSC domain-containing protein 1,spancache
Q96JJ7,TMX3,Protein disulfide-isomerase TMX3,spancache
Q9UBN4,TRPC4,Short transient receptor potential channel 4,spancache
O95832,CLDN1,Claudin-1,spancache
Q9NSD5,SLC6A13,Sodium- and chloride-dependent GABA transporter 2,spancache
P20701,ITGAL,Integrin alpha-L,spancache
O00592,PODXL,Podocalyxin,spancache
Q16849,PTPRN,Receptor-type tyrosine-protein phosphatase-like N,spancache
Q86VZ5,SGMS1,Phosphatidylcholine:ceramide cholinephosphotransferase 1,spancache
P01130,LDLR,Low-density lipoprotein receptor,spancache
P63027,VAMP2,Vesicle-associated membrane protein 2,spancache
P25942,CD40,Tumor necrosis factor receptor superfamily member 5,spancache
Q6UW56,ATRAID,All-trans retinoic acid-induced differentiation factor,spancache
Q5BIV9,SPRN,Shadow of prion protein,spancache
Q8IUH5,ZDHHC17,Palmitoyltransferase ZDHHC17,spancache
Q6ZMJ2,SCARA5,Scavenger receptor class A member 5,spancache
P34981,TRHR,Thyrotropin-releasing hormone receptor,spancache
Q16671,AMHR2,Anti-Muellerian hormone type-2 receptor,spancache
A8MXE2,B3GALT9,"Beta-1,3-galactosyltransferase 9",spancache
Q7Z402,TMC7,Transmembrane channel-like protein 7,spancache
Q7RTT9,SLC29A4,Equilibrative nucleoside transporter 4,spancache
O00241,SIRPB1,Signal-regulatory protein beta-1,spancache
P49788,RARRES1,Retinoic acid receptor responder protein 1,spancache
Q92643,PIGK,GPI-anchor transamidase,spancache
Q8NH40,OR6S1,Olfactory receptor 6S1,spancache
Q9BUF7,CRB3,Protein crumbs homolog 3,spancache
Q9NQR9,G6PC2,Glucose-6-phosphatase 2,spancache
Q9Y5E3,PCDHB6,Protocadherin beta-6,spancache
P43005,SLC1A1,Excitatory amino acid transporter 3,spancache
Q9Y5F3,PCDHB1,Protocadherin beta-1,spancache
Q9BXN2,CLEC7A,C-type lectin domain family 7 member A,spancache
P01889,HLA-B,"HLA class I histocompatibility antigen, B alpha chain",spancache
O00258,GET1,Guided entry of tail-anchored proteins factor 1,spancache
Q7Z7H5,TMED4,Transmembrane emp24 domain-containing protein 4,spancache
Q3KNW5,SLC10A6,Sodium-dependent organic anion transporter,spancache
Q8NBV4,PLPP7,Inactive phospholipid phosphatase 7,spancache
Q8NH93,OR1L3,Olfactory receptor 1L3,spancache
Q96FV3,TSPAN17,Tetraspanin-17,spancache
Q8NGM8,OR6M1,Olfactory receptor 6M1,spancache
P40198,CEACAM3,Cell adhesion molecule CEACAM3,spancache
Q8TD46,CD200R1,Cell surface glycoprotein CD200 receptor 1,spancache
Q53TN4,CYBRD1,Plasma membrane ascorbate-dependent reductase CYBRD1,spancache
Q8NH90,OR5AK2,Olfactory receptor 5AK2,spancache
Q92186,ST8SIA2,"Alpha-2,8-sialyltransferase 8B",spancache
Q14574,DSC3,Desmocollin-3,spancache
Q9P298,HIGD1B,HIG1 domain family member 1B,spancache
Q15760,GPR19,Probable G protein-coupled receptor 19,spancache
P32239,CCKBR,Gastrin/cholecystokinin type B receptor,spancache
P55073,DIO3,Thyroxine 5-deiodinase,spancache
Q6UX01,LMBR1L,Protein LMBR1L,spancache
Q86WV6,STING1,Stimulator of interferon genes protein,spancache
P25101,EDNRA,Endothelin-1 receptor,spancache
P21860,ERBB3,Receptor tyrosine-protein kinase erbB-3,spancache
Q12879,GRIN2A,"Glutamate receptor ionotropic, NMDA 2A",spancache
A5X5Y0,HTR3E,5-hydroxytryptamine receptor 3E,spancache
P47887,OR1E2,Olfactory receptor 1E2,spancache
Q8IXM6,NRM,Nurim,spancache
Q6PXP3,SLC2A7,"Solute carrier family 2, facilitated glucose transporter member 7",spancache
Q9ULC8,ZDHHC8,Palmitoyltransferase ZDHHC8,spancache
P30531,SLC6A1,Sodium- and chloride-dependent GABA transporter 1,spancache
Q8WWG1,NRG4,"Pro-neuregulin-4, membrane-bound isoform",spancache
Q9NPC4,A4GALT,Lactosylceramide 4-alpha-galactosyltransferase,spancache
A6NL08,OR6C75,Olfactory receptor 6C75,spancache
P49685,GPR15,G protein-coupled receptor 15,spancache
P41968,MC3R,Melanocortin receptor 3,spancache
O14786,NRP1,Neuropilin-1,spancache
Q8NG83,OR2M3,Olfactory receptor 2M3,spancache
P11169,SLC2A3,"Solute carrier family 2, facilitated glucose transporter member 3",spancache
Q8NHH9,ATL2,Atlastin-2,spancache
Q14571,ITPR2,"Inositol 1,4,5-trisphosphate-gated calcium channel ITPR2",spancache
Q6IAN0,DHRS7B,Peroxisomal reductase activating PPAR-gamma,spancache
Q9H8X9,ZDHHC11,Palmitoyltransferase ZDHHC11,spancache
Q86YD3,TMEM25,Transmembrane protein 25,spancache
Q8WWQ8,STAB2,Stabilin-2,spancache
P59543,TAS2R20,Taste receptor type 2 member 20,spancache
Q9P0X4,CACNA1I,Voltage-dependent T-type calcium channel subunit alpha-1I,spancache
Q9UPX0,IGSF9B,Protein turtle homolog B,spancache
Q96PL5,ERMAP,Erythroid membrane-associated protein,spancache
P98194,ATP2C1,Calcium-transporting ATPase type 2C member 1,spancache
Q14DG7,TMEM132B,Transmembrane protein 132B,spancache
Q96PZ7,CSMD1,CUB and sushi domain-containing protein 1,spancache
Q15822,CHRNA2,Neuronal acetylcholine receptor subunit alpha-2,spancache
Q8N0V5,GCNT2,"N-acetyllactosaminide beta-1,6-N-acetylglucosaminyl-transferase",spancache
P10912,GHR,Growth hormone receptor,spancache
Q9HB29,IL1RL2,Interleukin-1 receptor-like 2,spancache
P43088,PTGFR,Prostaglandin F2-alpha receptor,spancache
P04844,RPN2,Dolichyl-diphosphooligosaccharide--protein glycosyltransferase subunit 2,spancache
Q9Y5H8,PCDHA3,Protocadherin alpha-3,spancache
Q8WTR4,GDPD5,Glycerophosphodiester phosphodiesterase 2,spancache
O76001,OR2J3,Olfactory receptor 2J3,spancache
Q8NH53,OR52N1,Olfactory receptor 52N1,spancache
P48764,SLC9A3,Sodium/hydrogen exchanger 3,spancache
Q92542,NCSTN,Nicastrin,spancache
Q8NGN0,OR4D5,Olfactory receptor 4D5,spancache
Q8NGI7,OR10V1,Olfactory receptor 10V1,spancache
Q6UWL2,SUSD1,Sushi domain-containing protein 1,spancache
P05107,ITGB2,Integrin beta-2,spancache
Q16515,ASIC2,Acid-sensing ion channel 2,spancache
Q96RD6,PANX2,Pannexin-2,spancache
P27824,CANX,Calnexin,spancache
Q07108,CD69,Early activation antigen CD69,spancache
P60468,SEC61B,Protein transport protein Sec61 subunit beta,spancache
Q8NGX0,OR11L1,Olfactory receptor 11L1,spancache
P25089,FPR3,N-formyl peptide receptor 3,spancache
A0PJZ3,GXYLT2,Glucoside xylosyltransferase 2,spancache
Q8N0Z9,VSIG10,V-set and immunoglobulin domain-containing protein 10,spancache
Q9GZY6,LAT2,Linker for activation of T-cells family member 2,spancache
P40879,SLC26A3,Chloride anion exchanger,spancache
P29973,CNGA1,Cyclic nucleotide-gated channel alpha-1,spancache
Q8TCC7,SLC22A8,Organic anion transporter 3,spancache
Q9NRM6,IL17RB,Interleukin-17 receptor B,spancache
I3L273,GFY,Golgi-associated olfactory signaling regulator,spancache
Q14002,CEACAM7,Cell adhesion molecule CEACAM7,spancache
Q9H3S5,PIGM,"GPI alpha-1,4-mannosyltransferase I, catalytic subunit",spancache
Q9BXJ7,AMN,Protein amnionless,spancache
Q14C87,TMEM132D,Transmembrane protein 132D,spancache
P31391,SSTR4,Somatostatin receptor type 4,spancache
P41181,AQP2,Aquaporin-2,spancache
Q4KMG0,CDON,Cell adhesion molecule-related/down-regulated by oncogenes,spancache
Q96RJ0,TAAR1,Trace amine-associated receptor 1,spancache
Q8TBA6,GOLGA5,Golgin subfamily A member 5,spancache
Q8NGS4,OR13F1,Olfactory receptor 13F1,spancache
Q9Y6M5,SLC30A1,Proton-coupled zinc antiporter SLC30A1,spancache
O00168,FXYD1,Phospholemman,spancache
Q9UMZ3,PTPRQ,Phosphatidylinositol phosphatase PTPRQ,spancache
O95803,NDST3,Bifunctional heparan sulfate N-deacetylase/N-sulfotransferase 3,spancache
P08910,ABHD2,Monoacylglycerol lipase ABHD2,spancache
Q8WUD6,CHPT1,Cholinephosphotransferase 1,spancache
Q8N2U0,TMEM256,Transmembrane protein 256,spancache
O14967,CLGN,Calmegin,spancache
Q6PCB7,SLC27A1,Long-chain fatty acid transport protein 1,spancache
Q5DX21,IGSF11,Immunoglobulin superfamily member 11,spancache
O00631,SLN,Sarcolipin,spancache
Q14332,FZD2,Frizzled-2,spancache
Q9BZW8,CD244,Natural killer cell receptor 2B4,spancache
O00478,BTN3A3,Butyrophilin subfamily 3 member A3,spancache
P60507,ERVFC1,Endogenous retrovirus group FC1 Env polyprotein,spancache
C9JDP6,CLDN25,Claudin-25,spancache
Q86XS8,RNF130,E3 ubiquitin-protein ligase RNF130,spancache
O95461,LARGE1,Xylosyl- and glucuronyltransferase LARGE1,spancache
Q9BXP2,SLC12A9,Solute carrier family 12 member 9,spancache
Q6TCH4,PAQR6,Membrane progestin receptor delta,spancache
O14514,ADGRB1,Adhesion G protein-coupled receptor B1,spancache
Q9H210,OR2D2,Olfactory receptor 2D2,spancache
Q9UN72,PCDHA7,Protocadherin alpha-7,spancache
P56747,CLDN6,Claudin-6,spancache
Q8NGE3,OR10P1,Olfactory receptor 10P1,spancache
Q8IWU2,LMTK2,Serine/threonine-protein kinase LMTK2,spancache
Q3MIW9,MUCL3,Mucin-like protein 3,spancache
A4D2G3,OR2A25,Olfactory receptor 2A25,spancache
Q9H156,SLITRK2,SLIT and NTRK-like protein 2,spancache
Q6P4Q7,CNNM4,Metal transporter CNNM4,spancache
P51571,SSR4,Translocon-associated protein subunit delta,spancache
P08473,MME,Neprilysin,spancache
Q6N022,TENM4,Teneurin-4,spancache
Q7Z408,CSMD2,CUB and sushi domain-containing protein 2,spancache
Q8NGI1,OR56B2,Olfactory receptor 56B2,spancache
P07306,ASGR1,Asialoglycoprotein receptor 1,spancache
P52798,EFNA4,Ephrin-A4,spancache
P11166,SLC2A1,"Solute carrier family 2, facilitated glucose transporter member 1",spancache
Q8NGR8,OR1L8,Olfactory receptor 1L8,spancache
Q9Y625,GPC6,Glypican-6,spancache
P58549,FXYD7,FXYD domain-containing ion transport regulator 7,spancache
Q969W9,PMEPA1,Protein TMEPAI,spancache
Q9BUM1,G6PC3,Glucose-6-phosphatase 3,spancache
Q68DH5,LMBRD2,G protein-coupled receptor-associated protein LMBRD2,spancache
O60779,SLC19A2,Thiamine transporter 1,spancache
P30411,BDKRB2,B2 bradykinin receptor,spancache
Q9BXB1,LGR4,Leucine-rich repeat-containing G protein-coupled receptor 4,spancache
Q969N4,TAAR8,Trace amine-associated receptor 8,spancache
Q8N743,KIR3DL3,Killer cell immunoglobulin-like receptor 3DL3,spancache
O75051,PLXNA2,Plexin-A2,spancache
Q9BV81,EMC6,ER membrane protein complex subunit 6,spancache
O75581,LRP6,Low-density lipoprotein receptor-related protein 6,spancache
Q14833,GRM4,Metabotropic glutamate receptor 4,spancache
Q05996,ZP2,Zona pellucida sperm-binding protein 2,spancache
Q7Z7D3,VTCN1,V-set domain-containing T-cell activation inhibitor 1,spancache
O43173,ST8SIA3,"Alpha-N-acetylneuraminate alpha-2,8-sialyltransferase ST8SIA3",spancache
P08174,CD55,Complement decay-accelerating factor,spancache
P16150,SPN,Leukosialin,spancache
Q6ZV29,PNPLA7,Patatin-like phospholipase domain-containing protein 7,spancache
Q9UGN4,CD300A,CMRF35-like molecule 8,spancache
A6NF34,ANTXRL,Anthrax toxin receptor-like,spancache
Q8WXH0,SYNE2,Nesprin-2,spancache
Q9H9S5,FKRP,Ribitol 5-phosphate transferase FKRP,spancache
A0PK05,TMEM72,Transmembrane protein 72,spancache
P48058,GRIA4,Glutamate receptor 4,spancache
P16144,ITGB4,Integrin beta-4,spancache
Q8NH09,OR8S1,Olfactory receptor 8S1,spancache
Q8NFR9,IL17RE,Interleukin-17 receptor E,spancache
Q8NFJ5,GPRC5A,Retinoic acid-induced protein 3,spancache
P78310,CXADR,Coxsackievirus and adenovirus receptor,spancache
Q01151,CD83,CD83 antigen,spancache
O95470,SGPL1,Sphingosine-1-phosphate lyase 1,spancache
Q8TDT2,GPR152,Probable G protein-coupled receptor 152,spancache
O14662,STX16,Syntaxin-16,spancache
Q8NH54,OR56A3,Olfactory receptor 56A3,spancache
Q8N126,CADM3,Cell adhesion molecule 3,spancache
Q8NGE7,OR9K2,Olfactory receptor 9K2,spancache
Q6UWM7,LCTL,Lactase-like protein,spancache
P58401,NRXN2,Neurexin-2-beta,spancache
Q8NEB5,PLPP5,Phospholipid phosphatase 5,spancache
P16284,PECAM1,Platelet endothelial cell adhesion molecule,spancache
P78357,CNTNAP1,Contactin-associated protein 1,spancache
Q9NZN1,IL1RAPL1,Interleukin-1 receptor accessory protein-like 1,spancache
A8MWK0,FADS2B,Putative fatty acid desaturase 2-like protein FADS2B,spancache
Q8NH61,OR51F2,Olfactory receptor 51F2,spancache
Q9HCM2,PLXNA4,Plexin-A4,spancache
Q8NGA6,OR10H5,Olfactory receptor 10H5,spancache
Q8NHB7,OR5K1,Olfactory receptor 5K1,spancache
P61619,SEC61A1,Protein transport protein Sec61 subunit alpha isoform 1,spancache
Q16620,NTRK2,BDNF/NT-3 growth factors receptor,spancache
Q96PQ1,SIGLEC12,Sialic acid-binding Ig-like lectin 12,spancache
Q92508,PIEZO1,Piezo-type mechanosensitive ion channel component 1,spancache
A8MVW0,FAM171A2,Protein FAM171A2,spancache
Q13190,STX5,Syntaxin-5,spancache
Q2M3M2,SLC5A9,Sodium/glucose cotransporter 4,spancache
P01893,HLA-H,"Putative HLA class I histocompatibility antigen, alpha chain H",spancache
Q9H6R6,ZDHHC6,Palmitoyltransferase ZDHHC6,spancache
Q16288,NTRK3,NT-3 growth factor receptor,spancache
P25189,MPZ,Myelin protein P0,spancache
Q15256,PTPRR,Receptor-type tyrosine-protein phosphatase R,spancache
Q9Y5Y9,SCN10A,Sodium channel protein type 10 subunit alpha,spancache
Q9H490,PIGU,GPI-anchor transamidase component PIGU,spancache
Q6W5P4,NPSR1,Neuropeptide S receptor,spancache
P01920,HLA-DQB1,"HLA class II histocompatibility antigen, DQ beta 1 chain",spancache
P25929,NPY1R,Neuropeptide Y receptor type 1,spancache
O43657,TSPAN6,Tetraspanin-6,spancache
P11049,CD37,Leukocyte antigen CD37,spancache
Q86Y82,STX12,Syntaxin-12,spancache
Q9BZG2,ACP4,Testicular acid phosphatase,spancache
Q8IY26,PLPP6,Polyisoprenoid diphosphate/phosphate phosphohydrolase PLPP6,spancache
Q11130,FUT7,"Alpha-(1,3)-fucosyltransferase 7",spancache
Q8N5D6,GBGT1,"Globoside alpha-1,3-N-acetylgalactosaminyltransferase 1",spancache
P23415,GLRA1,Glycine receptor subunit alpha-1,spancache
Q9NZG7,NINJ2,Ninjurin-2,spancache
P26842,CD27,CD27 antigen,spancache
P31645,SLC6A4,Sodium-dependent serotonin transporter,spancache
P13385,CRIPTO,Protein Cripto,spancache
O14626,GPR171,G protein-coupled receptor 171,spancache
P53801,PTTG1IP,Pituitary tumor-transforming gene 1 protein-interacting protein,spancache
Q86SQ3,ADGRE4P,Putative adhesion G protein-coupled receptor E4P,spancache
Q9H9K5,ERVMER34-1,Endogenous retroviral envelope protein HEMO,spancache
Q9BY79,MFRP,Membrane frizzled-related protein,spancache
O00587,MFNG,"Beta-1,3-N-acetylglucosaminyltransferase manic fringe",spancache
Q8TAA9,VANGL1,Vang-like protein 1,spancache
Q2HXU8,CLEC12B,C-type lectin domain family 12 member B,spancache
Q14714,SSPN,Sarcospan,spancache
Q9H6L5,RETREG1,Reticulophagy regulator 1,spancache
Q8NFL0,B3GNT7,"UDP-GlcNAc:betaGal beta-1,3-N-acetylglucosaminyltransferase 7",spancache
Q96AM1,MRGPRF,Mas-related G protein-coupled receptor member F,spancache
O95047,OR2A4,Olfactory receptor 2A4,spancache
Q6IF42,OR2A2,Olfactory receptor 2A2,spancache
Q6UXK2,ISLR2,Immunoglobulin superfamily containing leucine-rich repeat protein 2,spancache
P08183,ABCB1,ATP-dependent translocase ABCB1,spancache
Q86SK9,SCD5,Stearoyl-CoA desaturase 5,spancache
Q01638,IL1RL1,Interleukin-1 receptor-like 1,spancache
O94923,GLCE,D-glucuronyl C5-epimerase,spancache
Q9NZR2,LRP1B,Low-density lipoprotein receptor-related protein 1B,spancache
Q96RI9,TAAR9,Trace amine-associated receptor 9,spancache
Q9H2A7,CXCL16,C-X-C motif chemokine 16,spancache
Q96FL8,SLC47A1,Multidrug and toxin extrusion protein 1,spancache
Q03395,ROM1,Rod outer segment membrane protein 1,spancache
O43614,HCRTR2,Orexin receptor type 2,spancache
Q8NGN5,OR10G8,Olfactory receptor 10G8,spancache
Q14626,IL11RA,Interleukin-11 receptor subunit alpha,spancache
Q9BY14,TEX101,Testis-expressed protein 101,spancache
Q9BVG9,PTDSS2,Phosphatidylserine synthase 2,spancache
Q5VUB5,FAM171A1,Protein FAM171A1,spancache
P22001,KCNA3,Potassium voltage-gated channel subfamily A member 3,spancache
P54219,SLC18A1,Chromaffin granule amine transporter,spancache
Q7LGC8,CHST3,Carbohydrate sulfotransferase 3,spancache
Q8NGD2,OR4K2,Olfactory receptor 4K2,spancache
A6NI61,MYMK,Protein myomaker,spancache
Q6UY09,CEACAM20,Cell adhesion molecule CEACAM20,spancache
Q9UBN1,CACNG4,Voltage-dependent calcium channel gamma-4 subunit,spancache
P16109,SELP,P-selectin,spancache
O75077,ADAM23,Disintegrin and metalloproteinase domain-containing protein 23,spancache
Q8NGM1,OR4C15,Olfactory receptor 4C15,spancache
Q14982,OPCML,Opioid-binding protein/cell adhesion molecule,spancache
O43561,LAT,Linker for activation of T-cells family member 1,spancache
P26718,KLRK1,NKG2-D type II integral membrane protein,spancache
P31995,FCGR2C,Low affinity immunoglobulin gamma Fc region receptor II-c,spancache
Q2T9K0,TMEM44,Transmembrane protein 44,spancache
Q8NGR3,OR1K1,Olfactory receptor 1K1,spancache
Q9Y5I3,PCDHA1,Protocadherin alpha-1,spancache
Q12891,HYAL2,Hyaluronidase-2,spancache
P02724,GYPA,Glycophorin-A,spancache
P18825,ADRA2C,Alpha-2C adrenergic receptor,spancache
Q03405,PLAUR,Urokinase plasminogen activator surface receptor,spancache
Q8NHY0,B4GALNT2,"N-acetylneuraminylgalactosylglucosyl-glucoside beta-1,4-N- acetylgalactosaminyltransferase 2",spancache
P18084,ITGB5,Integrin beta-5,spancache
P20963,CD247,T-cell surface glycoprotein CD3 zeta chain,spancache
Q9BTV4,TMEM43,Transmembrane protein 43,spancache
F2Z333,FNDC10,Fibronectin type III domain-containing protein 10,spancache
Q9BXC1,GPR174,Probable G protein-coupled receptor 174,spancache
P09923,ALPI,Intestinal-type alkaline phosphatase,spancache
P33681,CD80,T-lymphocyte activation antigen CD80,spancache
P43657,LPAR6,Lysophosphatidic acid receptor 6,spancache
Q9NPY3,CD93,Complement component C1q receptor,spancache
Q9Y666,SLC12A7,Solute carrier family 12 member 7,spancache
Q8NGF0,OR52B6,Olfactory receptor 52B6,spancache
Q8IUK5,PLXDC1,Plexin domain-containing protein 1,spancache
Q7Z2H8,SLC36A1,Proton-coupled amino acid transporter 1,spancache
Q96RD2,OR52B2,Olfactory receptor 52B2,spancache
P20645,M6PR,Cation-dependent mannose-6-phosphate receptor,spancache
Q12913,PTPRJ,Receptor-type tyrosine-protein phosphatase eta,spancache
Q08334,IL10RB,Interleukin-10 receptor subunit beta,spancache
Q14943,KIR3DS1,Killer cell immunoglobulin-like receptor 3DS1,spancache
Q14654,KCNJ11,ATP-sensitive inward rectifier potassium channel 11,spancache
Q8NGL6,OR4A15,Olfactory receptor 4A15,spancache
O76082,SLC22A5,Organic cation/carnitine transporter 2,spancache
Q9UM21,MGAT4A,"Alpha-1,3-mannosyl-glycoprotein 4-beta-N-acetylglucosaminyltransferase A",spancache
Q8N5B7,CERS5,Ceramide synthase 5,spancache
Q9UPR5,SLC8A2,Sodium/calcium exchanger 2,spancache
Q9Y5H7,PCDHA5,Protocadherin alpha-5,spancache
P31639,SLC5A2,Sodium/glucose cotransporter 2,spancache
Q92729,PTPRU,Receptor-type tyrosine-protein phosphatase U,spancache
Q9BZD2,SLC29A3,Equilibrative nucleoside transporter 3,spancache
Q8IXB3,TRARG1,Trafficking regulator of GLUT4 1,spancache
Q6PJG9,LRFN4,Leucine-rich repeat and fibronectin type-III domain-containing protein 4,spancache
Q9NRX6,TMEM167B,Protein kish-B,spancache
O95196,CSPG5,Chondroitin sulfate proteoglycan 5,spancache
Q96EP9,SLC10A4,Putative sodium/bile acid cotransporter 4,spancache
P15151,PVR,Poliovirus receptor,spancache
Q92673,SORL1,Sortilin-related receptor,spancache
Q9NUD9,PIGV,"GPI alpha-1,6-mannosyltransferase 2",spancache
Q8TEM1,NUP210,Nuclear pore membrane glycoprotein 210,spancache
Q04844,CHRNE,Acetylcholine receptor subunit epsilon,spancache
Q75V66,ANO5,Anoctamin-5,spancache
Q9NXW2,DNAJB12,DnaJ homolog subfamily B member 12,spancache
Q9Y385,UBE2J1,Ubiquitin-conjugating enzyme E2 J1,spancache
Q6PJW8,CNST,Consortin,spancache
Q15836,VAMP3,Vesicle-associated membrane protein 3,spancache
Q9P0V8,SLAMF8,SLAM family member 8,spancache
P51681,CCR5,C-C chemokine receptor type 5,spancache
P43631,KIR2DS2,Killer cell immunoglobulin-like receptor 2DS2,spancache
Q8NGU2,OR9A4,Olfactory receptor 9A4,spancache
P08908,HTR1A,5-hydroxytryptamine receptor 1A,spancache
Q9UHC6,CNTNAP2,Contactin-associated protein-like 2,spancache
Q8NGS5,OR13C4,Olfactory receptor 13C4,spancache
Q14439,GPR176,G protein-coupled receptor 176,spancache
Q9NYK1,TLR7,Toll-like receptor 7,spancache
P25021,HRH2,Histamine H2 receptor,spancache
Q8NG80,OR2L5,Olfactory receptor 2L5,spancache
P49961,ENTPD1,Ectonucleoside triphosphate diphosphohydrolase 1,spancache
P09693,CD3G,T-cell surface glycoprotein CD3 gamma chain,spancache
P18507,GABRG2,Gamma-aminobutyric acid receptor subunit gamma-2,spancache
Q9HAS3,SLC28A3,Solute carrier family 28 member 3,spancache
Q9NRA2,SLC17A5,Sialin,spancache
Q13018,PLA2R1,Secretory phospholipase A2 receptor,spancache
Q8TD43,TRPM4,Transient receptor potential cation channel subfamily M member 4,spancache
O94772,LY6H,Lymphocyte antigen 6H,spancache
Q9UKH3,ERVK-9,Endogenous retrovirus group K member 9 Env polyprotein,spancache
Q8NBZ7,UXS1,UDP-glucuronic acid decarboxylase 1,spancache
Q9Y5E8,PCDHB15,Protocadherin beta-15,spancache
Q96K19,RNF170,E3 ubiquitin-protein ligase RNF170,spancache
Q8NGD1,OR4N2,Olfactory receptor 4N2,spancache
Q96J84,KIRREL1,Kin of IRRE-like protein 1,spancache
Q9BXS9,SLC26A6,Solute carrier family 26 member 6,spancache
P28068,HLA-DMB,"HLA class II histocompatibility antigen, DM beta chain",spancache
P23634,ATP2B4,Plasma membrane calcium-transporting ATPase 4,spancache
P54826,GAS1,Growth arrest-specific protein 1,spancache
P51787,KCNQ1,Potassium voltage-gated channel subfamily KQT member 1,spancache
Q92953,KCNB2,Potassium voltage-gated channel subfamily B member 2,spancache
P01909,HLA-DQA1,"HLA class II histocompatibility antigen, DQ alpha 1 chain",spancache
P16471,PRLR,Prolactin receptor,spancache
Q8IZU9,KIRREL3,Kin of IRRE-like protein 3,spancache
Q53RT3,ASPRV1,Retroviral-like aspartic protease 1,spancache
Q9BYH1,SEZ6L,Seizure 6-like protein,spancache
Q8IV45,UNC5CL,UNC5C-like protein,spancache
Q04912,MST1R,Macrophage-stimulating protein receptor,spancache
Q96IQ7,VSIG2,V-set and immunoglobulin domain-containing protein 2,spancache
Q8IXE1,OR4N5,Olfactory receptor 4N5,spancache
O75712,GJB3,Gap junction beta-3 protein,spancache
Q86SJ2,AMIGO2,Amphoterin-induced protein 2,spancache
Q8NHB8,OR5K2,Olfactory receptor 5K2,spancache
Q9BZR6,RTN4R,Reticulon-4 receptor,spancache
Q86WK6,AMIGO1,Amphoterin-induced protein 1,spancache
Q8TAF8,LHFPL5,LHFPL tetraspan subfamily member 5 protein,spancache
A6ND48,OR14I1,Olfactory receptor 14I1,spancache
P41146,OPRL1,Nociceptin receptor,spancache
Q15842,KCNJ8,ATP-sensitive inward rectifier potassium channel 8,spancache
Q96R27,OR2M4,Olfactory receptor 2M4,spancache
P26006,ITGA3,Integrin alpha-3,spancache
Q9NZP2,OR6C2,Olfactory receptor 6C2,spancache
Q8NFF2,SLC24A4,Sodium/potassium/calcium exchanger 4,spancache
Q8IZK6,MCOLN2,Mucolipin-2,spancache
P09958,FURIN,Furin,spancache
Q9Y5G4,PCDHGA9,Protocadherin gamma-A9,spancache
Q86SR1,GALNT10,Polypeptide N-acetylgalactosaminyltransferase 10,spancache
O14581,OR7A17,Olfactory receptor 7A17,spancache
Q9HA72,CALHM2,Calcium homeostasis modulator protein 2,spancache
O75056,SDC3,Syndecan-3,spancache
Q9GZK6,OR2J1,Olfactory receptor 2J1,spancache
Q8N4S9,MARVELD2,MARVEL domain-containing protein 2,spancache
P10721,KIT,Mast/stem cell growth factor receptor Kit,spancache
Q6UXZ4,UNC5D,Netrin receptor UNC5D,spancache
Q6UY18,LINGO4,Leucine-rich repeat and immunoglobulin-like domain-containing nogo receptor-interacting protein 4,spancache
Q9ULH0,KIDINS220,Kinase D-interacting substrate of 220 kDa,spancache
Q9HCF6,TRPM3,Transient receptor potential cation channel subfamily M member 3,spancache
Q9UHX3,ADGRE2,Adhesion G protein-coupled receptor E2,spancache
Q00765,REEP5,Receptor expression-enhancing protein 5,spancache
P55286,CDH8,Cadherin-8,spancache
Q9UN75,PCDHA12,Protocadherin alpha-12,spancache
Q30154,HLA-DRB5,"HLA class II histocompatibility antigen, DR beta 5 chain",spancache
Q8N2K1,UBE2J2,Ubiquitin-conjugating enzyme E2 J2,spancache
P59533,TAS2R38,Taste receptor type 2 member 38,spancache
Q96G23,CERS2,Ceramide synthase 2,spancache
O75908,SOAT2,Sterol O-acyltransferase 2,spancache
Q8TCP9,FAM200A,Protein FAM200A,spancache
P56975,NRG3,"Pro-neuregulin-3, membrane-bound isoform",spancache
P08173,CHRM4,Muscarinic acetylcholine receptor M4,spancache
Q96PG2,MS4A10,Membrane-spanning 4-domains subfamily A member 10,spancache
Q99720,SIGMAR1,Sigma non-opioid intracellular receptor 1,spancache
O43194,GPR39,G protein-coupled receptor 39,spancache
P53816,PLAAT3,Phospholipase A and acyltransferase 3,spancache
Q8N5C1,CALHM5,Calcium homeostasis modulator protein 5,spancache
Q53FV1,ORMDL2,ORM1-like protein 2,spancache
Q9Y487,ATP6V0A2,V-type proton ATPase 116 kDa subunit a 2,spancache
Q9UIG8,SLCO3A1,Solute carrier organic anion transporter family member 3A1,spancache
O94905,ERLIN2,Erlin-2,spancache
Q6NW40,RGMB,Repulsive guidance molecule B,spancache
Q8NGI2,OR52N4,Olfactory receptor 52N4,spancache
Q9BVA6,FICD,Protein adenylyltransferase FICD,spancache
Q5R3K3,CALHM6,Calcium homeostasis modulator protein 6,spancache
P58550,FXYD6P3,Putative FXYD domain-containing ion transport regulator 8,spancache
Q8NGB4,OR4S1,Olfactory receptor 4S1,spancache
Q9NNX6,CD209,CD209 antigen,spancache
Q8TED1,GPX8,Protein peroxidase GPX8,spancache
Q8NH73,OR4S2,Olfactory receptor 4S2,spancache
Q5JQS5,OR2B11,Olfactory receptor 2B11,spancache
Q9Y644,RFNG,"Beta-1,3-N-acetylglucosaminyltransferase radical fringe",spancache
Q9Y661,HS3ST4,Heparan sulfate glucosamine 3-O-sulfotransferase 4,spancache
O95857,TSPAN13,Tetraspanin-13,spancache
O95490,ADGRL2,Adhesion G protein-coupled receptor L2,spancache
Q9NPH3,IL1RAP,Interleukin-1 receptor accessory protein,spancache
P20273,CD22,B-cell receptor CD22,spancache
Q09327,MGAT3,"Beta-1,4-mannosyl-glycoprotein 4-beta-N-acetylglucosaminyltransferase",spancache
Q7Z3F1,GPR155,Lysosomal cholesterol signaling protein,spancache
Q8NGD5,OR4K14,Olfactory receptor 4K14,spancache
P34982,OR1D2,Olfactory receptor 1D2,spancache
P47888,OR3A3,Olfactory receptor 3A3,spancache
Q8TD20,SLC2A12,"Solute carrier family 2, facilitated glucose transporter member 12",spancache
Q96KJ4,MSLNL,Mesothelin-like protein,spancache
Q8NH50,OR8K5,Olfactory receptor 8K5,spancache
Q96LC7,SIGLEC10,Sialic acid-binding Ig-like lectin 10,spancache
Q7Z443,PKD1L3,Polycystin-1-like protein 3,spancache
Q8IWV2,CNTN4,Contactin-4,spancache
Q9NPF0,CD320,CD320 antigen,spancache
O43497,CACNA1G,Voltage-dependent T-type calcium channel subunit alpha-1G,spancache
Q92932,PTPRN2,Receptor-type tyrosine-protein phosphatase N2,spancache
P08571,CD14,Monocyte differentiation antigen CD14,spancache
Q9BYW1,SLC2A11,"Solute carrier family 2, facilitated glucose transporter member 11",spancache
P08887,IL6R,Interleukin-6 receptor subunit alpha,spancache
Q8NGR2,OR1L6,Olfactory receptor 1L6,spancache
Q8NGL0,OR5L2,Olfactory receptor 5L2,spancache
P30556,AGTR1,Type-1 angiotensin II receptor,spancache
P56880,CLDN20,Claudin-20,spancache
P59646,FXYD4,FXYD domain-containing ion transport regulator 4,spancache
O60741,HCN1,Potassium/sodium hyperpolarization-activated cyclic nucleotide-gated channel 1,spancache
Q8NGV0,OR2Y1,Olfactory receptor 2Y1,spancache
Q969V1,MCHR2,Melanin-concentrating hormone receptor 2,spancache
P21145,MAL,Myelin and lymphocyte protein,spancache
Q13224,GRIN2B,"Glutamate receptor ionotropic, NMDA 2B",spancache
P29317,EPHA2,Ephrin type-A receptor 2,spancache
Q9GZX3,CHST6,Carbohydrate sulfotransferase 6,spancache
Q9BZ11,ADAM33,Disintegrin and metalloproteinase domain-containing protein 33,spancache
P51674,GPM6A,Neuronal membrane glycoprotein M6-a,spancache
Q9NYW2,TAS2R8,Taste receptor type 2 member 8,spancache
O15455,TLR3,Toll-like receptor 3,spancache
Q04721,NOTCH2,Neurogenic locus notch homolog protein 2,spancache
A6NHG9,OR5H14,Olfactory receptor 5H14,spancache
Q6IF99,OR10K2,Olfactory receptor 10K2,spancache
P48039,MTNR1A,Melatonin receptor type 1A,spancache
Q9ULK6,RNF150,RING finger protein 150,spancache
Q16585,SGCB,Beta-sarcoglycan,spancache
Q7LBE3,SLC26A9,Solute carrier family 26 member 9,spancache
P14672,SLC2A4,"Solute carrier family 2, facilitated glucose transporter member 4",spancache
O14843,FFAR3,Free fatty acid receptor 3,spancache
Q8NE79,POPDC1,Popeye domain-containing protein 1,spancache
Q9NUN5,LMBRD1,Lysosomal cobalamin transport escort protein LMBD1,spancache
Q7Z6L0,PRRT2,Proline-rich transmembrane protein 2,spancache
Q9Y6N7,ROBO1,Roundabout homolog 1,spancache
A3KFT3,OR2M5,Olfactory receptor 2M5,spancache
Q8NGQ5,OR9Q1,Olfactory receptor 9Q1,spancache
O60245,PCDH7,Protocadherin-7,spancache
P25090,FPR2,N-formyl peptide receptor 2,spancache
Q9H295,DCSTAMP,Dendritic cell-specific transmembrane protein,spancache
Q9NSC7,ST6GALNAC1,"Alpha-N-acetylgalactosaminide alpha-2,6-sialyltransferase 1",spancache
Q96MS0,ROBO3,Roundabout homolog 3,spancache
P24530,EDNRB,Endothelin receptor type B,spancache
Q9H2S6,TNMD,Tenomodulin,spancache
O14817,TSPAN4,Tetraspanin-4,spancache
Q12884,FAP,Prolyl endopeptidase FAP,spancache
Q14500,KCNJ12,ATP-sensitive inward rectifier potassium channel 12,spancache
Q07065,CKAP4,Cytoskeleton-associated protein 4,spancache
P11229,CHRM1,Muscarinic acetylcholine receptor M1,spancache
Q14832,GRM3,Metabotropic glutamate receptor 3,spancache
Q9BSN7,TMEM204,Transmembrane protein 204,spancache
Q8NHA6,OR2W6P,Putative olfactory receptor 2W6,spancache
Q9C0E8,LNPK,Endoplasmic reticulum junction formation protein lunapark,spancache
Q9NQZ7,ENTPD7,Ectonucleoside triphosphate diphosphohydrolase 7,spancache
P42261,GRIA1,Glutamate receptor 1,spancache
O43603,GALR2,Galanin receptor type 2,spancache
Q9Y5U5,TNFRSF18,Tumor necrosis factor receptor superfamily member 18,spancache
Q9NT99,LRRC4B,Leucine-rich repeat-containing protein 4B,spancache
Q8NGB9,OR4F6,Olfactory receptor 4F6,spancache
Q96K49,TMEM87B,Transmembrane protein 87B,spancache
P53708,ITGA8,Integrin alpha-8,spancache
Q8IZP9,ADGRG2,Adhesion G protein-coupled receptor G2,spancache
Q9NW15,ANO10,Anoctamin-10,spancache
Q9H2H9,SLC38A1,Sodium-coupled neutral amino acid symporter 1,spancache
Q7Z3Q1,SLC46A3,Lysosomal proton-coupled steroid conjugate and bile acid symporter SLC46A3,spancache
Q8TDU9,RXFP4,Relaxin-3 receptor 2,spancache
P47871,GCGR,Glucagon receptor,spancache
Q8IXU6,SLC35F2,Queuine/queuosine transporter SLC35F2,spancache
Q8NGS7,OR13C8,Olfactory receptor 13C8,spancache
Q8NGG2,OR5T2,Olfactory receptor 5T2,spancache
Q5VZ72,IZUMO3,Izumo sperm-egg fusion protein 3,spancache
Q96DU3,SLAMF6,SLAM family member 6,spancache
Q695T7,SLC6A19,Sodium-dependent neutral amino acid transporter B(0)AT1,spancache
O94966,USP19,Ubiquitin carboxyl-terminal hydrolase 19,spancache
Q9UP38,FZD1,Frizzled-1,spancache
Q9Y653,ADGRG1,Adhesion G protein-coupled receptor G1,spancache
O14494,PLPP1,Phospholipid phosphatase 1,spancache
O14944,EREG,Proepiregulin,spancache
P78380,OLR1,Oxidized low-density lipoprotein receptor 1,spancache
Q96PJ5,FCRL4,Fc receptor-like protein 4,spancache
Q5J8M3,EMC4,ER membrane protein complex subunit 4,spancache
Q9NYV8,TAS2R14,Taste receptor type 2 member 14,spancache
O75096,LRP4,Low-density lipoprotein receptor-related protein 4,spancache
P57679,EVC,EvC complex member EVC,spancache
Q5SGD2,PPM1L,Protein phosphatase 1L,spancache
Q9Y585,OR1A2,Olfactory receptor 1A2,spancache
A6NJW9,CD8B2,T-cell surface glycoprotein CD8 beta-2 chain,spancache
Q6IEE7,TMEM132E,Transmembrane protein 132E,spancache
Q8NHC4,OR10J5,Olfactory receptor 10J5,spancache
Q8NGY0,OR10X1,Olfactory receptor 10X1,spancache
O95274,LYPD3,Ly6/PLAUR domain-containing protein 3,spancache
P51654,GPC3,Glypican-3,spancache
Q9H400,LIME1,Lck-interacting transmembrane adapter 1,spancache
A6NI73,LILRA5,Leukocyte immunoglobulin-like receptor subfamily A member 5,spancache
P98155,VLDLR,Very low-density lipoprotein receptor,spancache
P42081,CD86,T-lymphocyte activation antigen CD86,spancache
O95562,SFT2D2,Vesicle transport protein SFT2B,spancache
P21554,CNR1,Cannabinoid receptor 1,spancache
Q9H1V8,SLC6A17,Sodium-dependent neutral amino acid transporter SLC6A17,spancache
Q9H346,OR52D1,Olfactory receptor 52D1,spancache
Q9Y5H2,PCDHGA11,Protocadherin gamma-A11,spancache
Q13607,OR2F1,Olfactory receptor 2F1,spancache
P15509,CSF2RA,Granulocyte-macrophage colony-stimulating factor receptor subunit alpha,spancache
Q99665,IL12RB2,Interleukin-12 receptor subunit beta-2,spancache
Q8N6Q3,CD177,CD177 antigen,spancache
Q92959,SLCO2A1,Solute carrier organic anion transporter family member 2A1,spancache
Q16820,MEP1B,Meprin A subunit beta,spancache
Q8IZF0,NALCN,Sodium leak channel NALCN,spancache
P04839,CYBB,NADPH oxidase 2,spancache
Q8NGD3,OR4K5,Olfactory receptor 4K5,spancache
Q6ZNR0,TMEM91,Transmembrane protein 91,spancache
P28336,NMBR,Neuromedin-B receptor,spancache
O71037,ERVK-19,Endogenous retrovirus group K member 19 Env polyprotein,spancache
O60704,TPST2,Protein-tyrosine sulfotransferase 2,spancache
Q9BZJ7,GPR62,G protein-coupled receptor 62,spancache
Q15035,TRAM2,Translocating chain-associated membrane protein 2,spancache
Q8N5M9,JAGN1,Protein jagunal homolog 1,spancache
Q8NGT1,OR2K2,Olfactory receptor 2K2,spancache
Q9P0T7,TMEM9,Proton-transporting V-type ATPase complex assembly regulator TMEM9,spancache
P19075,TSPAN8,Tetraspanin-8,spancache
Q9NQS3,NECTIN3,Nectin-3,spancache
Q8NDX2,SLC17A8,Vesicular glutamate transporter 3,spancache
Q9NYQ7,CELSR3,Cadherin EGF LAG seven-pass G-type receptor 3,spancache
P24390,KDELR1,ER lumen protein-retaining receptor 1,spancache
Q86UP0,CDH24,Cadherin-24,spancache
Q8NH51,OR8K3,Olfactory receptor 8K3,spancache
Q8NH41,OR4K15,Olfactory receptor 4K15,spancache
Q96N19,GPR137,Integral membrane protein GPR137,spancache
Q8NF37,LPCAT1,Lysophosphatidylcholine acyltransferase 1,spancache
Q99788,CMKLR1,Chemerin-like receptor 1,spancache
Q9H5I5,PIEZO2,Piezo-type mechanosensitive ion channel component 2,spancache
Q9H2J7,SLC6A15,Sodium-dependent neutral amino acid transporter B(0)AT2,spancache
Q07837,SLC3A1,Amino acid transporter heavy chain SLC3A1,spancache
O60831,PRAF2,PRA1 family protein 2,spancache
P07333,CSF1R,Macrophage colony-stimulating factor 1 receptor,spancache
Q6UX82,LYPD8,Ly6/PLAUR domain-containing protein 8,spancache
P41143,OPRD1,Delta-type opioid receptor,spancache
P18827,SDC1,Syndecan-1,spancache
O60423,ATP8B3,Phospholipid-transporting ATPase IK,spancache
Q96CH1,GPR146,G protein-coupled receptor 146,spancache
Q8NBV8,SYT8,Synaptotagmin-8,spancache
O43424,GRID2,"Glutamate receptor ionotropic, delta-2",spancache
Q8NH48,OR5B3,Olfactory receptor 5B3,spancache
P20916,MAG,Myelin-associated glycoprotein,spancache
Q9Y624,F11R,Junctional adhesion molecule A,spancache
Q9Y672,ALG6,"Dolichyl pyrophosphate Man9GlcNAc2 alpha-1,3-glucosyltransferase",spancache
Q9Y5E1,PCDHB9,Protocadherin beta-9,spancache
Q8NHK3,KIR2DL5B,Killer cell immunoglobulin-like receptor 2DL5B,spancache
Q96CC6,RHBDF1,Inactive rhomboid protein 1,spancache
O43291,SPINT2,Kunitz-type protease inhibitor 2,spancache
O43688,PLPP2,Phospholipid phosphatase 2,spancache
Q16706,MAN2A1,Alpha-mannosidase 2,spancache
Q96F25,ALG14,UDP-N-acetylglucosamine transferase subunit ALG14,spancache
Q9Y4D2,DAGLA,Diacylglycerol lipase-alpha,spancache
Q03167,TGFBR3,Transforming growth factor beta receptor type 3,spancache
Q86UE4,MTDH,Protein LYRIC,spancache
Q9BY10,SLC46A2,Solute carrier family 46 member 2,spancache
Q9UIW2,PLXNA1,Plexin-A1,spancache
Q9Y231,FUT9,4-galactosyl-N-acetylglucosaminide 3-alpha-L-fucosyltransferase 9,spancache
Q9H0R3,TMEM222,Transmembrane protein 222,spancache
Q8WXA8,HTR3C,5-hydroxytryptamine receptor 3C,spancache
P13987,CD59,CD59 glycoprotein,spancache
Q9UN73,PCDHA6,Protocadherin alpha-6,spancache
Q70JA7,CHSY3,Chondroitin sulfate synthase 3,spancache
Q96QU1,PCDH15,Protocadherin-15,spancache
Q96LD1,SGCZ,Zeta-sarcoglycan,spancache
P40197,GP5,Platelet glycoprotein V,spancache
Q495T6,MMEL1,Membrane metallo-endopeptidase-like 1,spancache
Q8WUX1,SLC38A5,Sodium-coupled neutral amino acid transporter 5,spancache
Q9P2E5,CHPF2,"Chondroitin polymerizing factor 2, non-catalytic subunit",spancache
Q96NI6,LRFN5,Leucine-rich repeat and fibronectin type-III domain-containing protein 5,spancache
Q13651,IL10RA,Interleukin-10 receptor subunit alpha,spancache
Q15262,PTPRK,Receptor-type tyrosine-protein phosphatase kappa,spancache
Q6NT55,CYP4F22,Ultra-long-chain fatty acid omega-hydroxylase,spancache
Q12866,MERTK,Tyrosine-protein kinase Mer,spancache
Q8NH05,OR4Q3,Olfactory receptor 4Q3,spancache
P47884,OR1D4,Olfactory receptor 1D4,spancache
Q08ET2,SIGLEC14,Sialic acid-binding Ig-like lectin 14,spancache
P07307,ASGR2,Asialoglycoprotein receptor 2,spancache
O43895,XPNPEP2,Xaa-Pro aminopeptidase 2,spancache
P42701,IL12RB1,Interleukin-12 receptor subunit beta-1,spancache
Q96AJ9,VTI1A,Vesicle transport through interaction with t-SNAREs homolog 1A,spancache
Q86XT9,TMEM219,Insulin-like growth factor-binding protein 3 receptor,spancache
Q9NWW9,PLAAT2,Phospholipase A and acyltransferase 2,spancache
Q15223,NECTIN1,Nectin-1,spancache
O43193,MLNR,Motilin receptor,spancache
Q15375,EPHA7,Ephrin type-A receptor 7,spancache
P52799,EFNB2,Ephrin-B2,spancache
Q9UBY5,LPAR3,Lysophosphatidic acid receptor 3,spancache
Q9HBL7,PLGRKT,Plasminogen receptor (KT),spancache
Q8IXA5,SPACA3,Sperm acrosome membrane-associated protein 3,spancache
Q9H207,OR10A5,Olfactory receptor 10A5,spancache
Q9UKP6,UTS2R,Urotensin-2 receptor,spancache
Q9Y5N1,HRH3,Histamine H3 receptor,spancache
Q6ZPB5,SDIM1,Stress-responsive DNAJB4-interacting membrane protein 1,spancache
Q9BTN0,LRFN3,Leucine-rich repeat and fibronectin type-III domain-containing protein 3,spancache
Q9UH99,SUN2,SUN domain-containing protein 2,spancache
P61803,DAD1,Dolichyl-diphosphooligosaccharide--protein glycosyltransferase subunit DAD1,spancache
P32004,L1CAM,Neural cell adhesion molecule L1,spancache
Q15620,OR8B8,Olfactory receptor 8B8,spancache
Q6ISU1,PTCRA,Pre T-cell antigen receptor alpha,spancache
O14798,TNFRSF10C,Tumor necrosis factor receptor superfamily member 10C,spancache
Q9NYW5,TAS2R4,Taste receptor type 2 member 4,spancache
Q86W47,KCNMB4,Calcium-activated potassium channel subunit beta-4,spancache
Q8NGZ0,OR2AJ1,Olfactory receptor 2AJ1,spancache
Q8NGL7,OR4P4,Olfactory receptor 4P4,spancache
P21754,ZP3,Zona pellucida sperm-binding protein 3,spancache
O60476,MAN1A2,"Mannosyl-oligosaccharide 1,2-alpha-mannosidase IB",spancache
Q96R48,OR2A5,Olfactory receptor 2A5,spancache
P41597,CCR2,C-C chemokine receptor type 2,spancache
Q86TY3,ARMH4,Armadillo-like helical domain-containing protein 4,spancache
Q8TAD4,SLC30A5,Proton-coupled zinc antiporter SLC30A5,spancache
Q8NGU1,OR9A1P,Olfactory receptor 9A1,spancache
Q9GZU1,MCOLN1,Mucolipin-1,spancache
Q6ZN44,UNC5A,Netrin receptor UNC5A,spancache
P48051,KCNJ6,G protein-activated inward rectifier potassium channel 2,spancache
Q9BY07,SLC4A5,Electrogenic sodium bicarbonate cotransporter 4,spancache
Q6IEZ7,OR2T5,Olfactory receptor 2T5,spancache
P15907,ST6GAL1,"Beta-galactoside alpha-2,6-sialyltransferase 1",spancache
Q8WZ55,BSND,Barttin,spancache
O94779,CNTN5,Contactin-5,spancache
Q969M2,GJA10,Gap junction alpha-10 protein,spancache
P30559,OXTR,Oxytocin receptor,spancache
Q8WWF5,ZNRF4,E3 ubiquitin-protein ligase ZNRF4,spancache
Q8NHC5,OR14A16,Olfactory receptor 14A16,spancache
P60201,PLP1,Myelin proteolipid protein,spancache
Q9UBM8,MGAT4C,"Alpha-1,3-mannosyl-glycoprotein 4-beta-N-acetylglucosaminyltransferase C",spancache
Q13634,CDH18,Cadherin-18,spancache
Q8TDX6,CSGALNACT1,Chondroitin sulfate N-acetylgalactosaminyltransferase 1,spancache
Q8NGG6,OR8B12,Olfactory receptor 8B12,spancache
Q8NB49,ATP11C,Phospholipid-transporting ATPase IG,spancache
P13945,ADRB3,Beta-3 adrenergic receptor,spancache
P32247,BRS3,Bombesin receptor subtype-3,spancache
Q9Y5H6,PCDHA8,Protocadherin alpha-8,spancache
Q9H1C0,LPAR5,Lysophosphatidic acid receptor 5,spancache
Q8NHE4,ATP6V0E2,V-type proton ATPase subunit e 2,spancache
O14525,ASTN1,Astrotactin-1,spancache
Q9P0S3,ORMDL1,ORM1-like protein 1,spancache
P41145,OPRK1,Kappa-type opioid receptor,spancache
Q8IU68,TMC8,Transmembrane channel-like protein 8,spancache
Q8N349,OR2L13,Olfactory receptor 2L13,spancache
Q8NBL3,TMEM178A,Transmembrane protein 178A,spancache
P11836,MS4A1,B-lymphocyte antigen CD20,spancache
O00445,SYT5,Synaptotagmin-5,spancache
Q9H3W5,LRRN3,Leucine-rich repeat neuronal protein 3,spancache
P13612,ITGA4,Integrin alpha-4,spancache
Q9UKJ0,PILRB,Paired immunoglobulin-like type 2 receptor beta,spancache
B2RN74,OR11H12,Olfactory receptor 11H12,spancache
Q8NGC3,OR10G2,Olfactory receptor 10G2,spancache
Q9NS84,CHST7,Carbohydrate sulfotransferase 7,spancache
O43613,HCRTR1,Orexin/Hypocretin receptor type 1,spancache
Q99437,ATP6V0B,V-type proton ATPase 21 kDa proteolipid subunit c'',spancache
Q86Y22,COL23A1,Collagen alpha-1(XXIII) chain,spancache
Q8NH49,OR4X1,Olfactory receptor 4X1,spancache
Q3V5L5,MGAT5B,"Alpha-1,6-mannosylglycoprotein 6-beta-N-acetylglucosaminyltransferase B",spancache
P21728,DRD1,D(1A) dopamine receptor,spancache
A0PJX4,SHISA3,Protein shisa-3 homolog,spancache
P0C7U0,ELFN1,Protein ELFN1,spancache
Q6UWV2,MPZL3,Myelin protein zero-like protein 3,spancache
Q99075,HBEGF,Proheparin-binding EGF-like growth factor,spancache
Q05901,CHRNB3,Neuronal acetylcholine receptor subunit beta-3,spancache
B8ZZ34,SHISA8,Protein shisa-8,spancache
Q8NBW4,SLC38A9,Neutral amino acid transporter 9,spancache
P16871,IL7R,Interleukin-7 receptor subunit alpha,spancache
P43115,PTGER3,Prostaglandin E2 receptor EP3 subtype,spancache
Q9P2E7,PCDH10,Protocadherin-10,spancache
Q7L5N7,LPCAT2,Lysophosphatidylcholine acyltransferase 2,spancache
Q6UWI4,SHISA2,Protein shisa-2 homolog,spancache
P56817,BACE1,Beta-secretase 1,spancache
Q96JQ0,DCHS1,Protocadherin-16,spancache
Q4U2R8,SLC22A6,Solute carrier family 22 member 6,spancache
O95976,IGSF6,Immunoglobulin superfamily member 6,spancache
Q9P296,C5AR2,C5a anaphylatoxin chemotactic receptor 2,spancache
Q8WWB7,GLMP,Glycosylated lysosomal membrane protein,spancache
P08581,MET,Hepatocyte growth factor receptor,spancache
Q7L5L3,GDPD3,Lysophospholipase D GDPD3,spancache
P51993,FUT6,4-galactosyl-N-acetylglucosaminide 3-alpha-L-fucosyltransferase FUT6,spancache
Q13003,GRIK3,"Glutamate receptor ionotropic, kainate 3",spancache
Q8NDV1,ST6GALNAC3,"Alpha-N-acetylgalactosaminide alpha-2,6-sialyltransferase 3",spancache
Q6UX72,B3GNT9,"UDP-GlcNAc:betaGal beta-1,3-N-acetylglucosaminyltransferase 9",spancache
Q9ULB4,CDH9,Cadherin-9,spancache
O60469,DSCAM,Cell adhesion molecule DSCAM,spancache
O95838,GLP2R,Glucagon-like peptide 2 receptor,spancache
P40259,CD79B,B-cell antigen receptor complex-associated protein beta chain,spancache
Q685J3,MUC17,Mucin-17,spancache
Q8WXI7,MUC16,Mucin-16,spancache
Q9UPX6,MINAR1,Major intrinsically disordered Notch2-binding receptor 1,spancache
P05026,ATP1B1,Sodium/potassium-transporting ATPase subunit beta-1,spancache
Q9BVC6,TMEM109,Voltage-gated monoatomic cation channel TMEM109,spancache
B4DJY2,TMEM233,Transmembrane protein 233,spancache
O43916,CHST1,Carbohydrate sulfotransferase 1,spancache
Q8NGD4,OR4K1,Olfactory receptor 4K1,spancache
Q16720,ATP2B3,Plasma membrane calcium-transporting ATPase 3,spancache
Q9H6X4,TMEM134,Transmembrane protein 134,spancache
P13726,F3,Tissue factor,spancache
Q6IFN5,OR7E24,Olfactory receptor 7E24,spancache
P78324,SIRPA,Tyrosine-protein phosphatase non-receptor type substrate 1,spancache
Q15391,P2RY14,P2Y purinoceptor 14,spancache
Q96S06,LMF1,Lipase maturation factor 1,spancache
A0FGR8,ESYT2,Extended synaptotagmin-2,spancache
A8MVS5,HIDE1,Protein HIDE1,spancache
P29371,TACR3,Neuromedin-K receptor,spancache
P62079,TSPAN5,Tetraspanin-5,spancache
P19021,PAM,Peptidyl-glycine alpha-amidating monooxygenase,spancache
Q96GC9,VMP1,Vacuole membrane protein 1,spancache
Q13467,FZD5,Frizzled-5,spancache
Q8NH04,OR2T27,Olfactory receptor 2T27,spancache
P32418,SLC8A1,Sodium/calcium exchanger 1,spancache
Q8NG75,OR5T1,Olfactory receptor 5T1,spancache
Q6ZQN7,SLCO4C1,Solute carrier organic anion transporter family member 4C1,spancache
Q8NGQ2,OR6Q1,Olfactory receptor 6Q1,spancache
O60449,LY75,Lymphocyte antigen 75,spancache
Q8NGW6,OR6K6,Olfactory receptor 6K6,spancache
P19526,FUT1,"Galactoside alpha-(1,2)-fucosyltransferase 1",spancache
Q9H1C3,GLT8D2,Glycosyltransferase 8 domain-containing protein 2,spancache
Q8NGH5,OR56A1,Olfactory receptor 56A1,spancache
Q9Y4C5,CHST2,Carbohydrate sulfotransferase 2,spancache
Q6RW13,AGTRAP,Type-1 angiotensin II receptor-associated protein,spancache
P00533,EGFR,Epidermal growth factor receptor,spancache
Q06136,KDSR,3-ketodihydrosphingosine reductase,spancache
P54756,EPHA5,Ephrin type-A receptor 5,spancache
O43653,PSCA,Prostate stem cell antigen,spancache
P12319,FCER1A,High affinity immunoglobulin epsilon receptor subunit alpha,spancache
P34998,CRHR1,Corticotropin-releasing hormone receptor 1,spancache
P11279,LAMP1,Lysosome-associated membrane glycoprotein 1,spancache
O15155,BET1,BET1 homolog,spancache
Q9Y5F7,PCDHGC4,Protocadherin gamma-C4,spancache
P28472,GABRB3,Gamma-aminobutyric acid receptor subunit beta-3,spancache
Q5T292,TMEM273,Transmembrane protein 273,spancache
O75841,UPK1B,Uroplakin-1b,spancache
Q5QGT7,RTP2,Receptor-transporting protein 2,spancache
Q9BRK3,MXRA8,Matrix remodeling-associated protein 8,spancache
P31785,IL2RG,Cytokine receptor common subunit gamma,spancache
Q99650,OSMR,Oncostatin-M-specific receptor subunit beta,spancache
P43220,GLP1R,Glucagon-like peptide 1 receptor,spancache
Q9P2S2,NRXN2,Neurexin-2,spancache
Q14773,ICAM4,Intercellular adhesion molecule 4,spancache
Q8NH06,OR1P1,Olfactory receptor 1P1,spancache
Q6ZMB0,B3GNT6,"Acetylgalactosaminyl-O-glycosyl-glycoprotein beta-1,3-N-acetylglucosaminyltransferase",spancache
O14523,C2CD2L,Phospholipid transfer protein C2CD2L,spancache
Q6IA17,SIGIRR,Single Ig IL-1-related receptor,spancache
P09848,LCT,Lactase/phlorizin hydrolase,spancache
O15031,PLXNB2,Plexin-B2,spancache
P13164,IFITM1,Interferon-induced transmembrane protein 1,spancache
P47898,HTR5A,5-hydroxytryptamine receptor 5A,spancache
P56373,P2RX3,P2X purinoceptor 3,spancache
Q8IV01,SYT12,Synaptotagmin-12,spancache
Q6NUT2,DPY19L2,Probable C-mannosyltransferase DPY19L2,spancache
Q8N138,ORMDL3,ORM1-like protein 3,spancache
A6NCV1,OR6C74,Olfactory receptor 6C74,spancache
P43489,TNFRSF4,Tumor necrosis factor receptor superfamily member 4,spancache
A6NC51,TMEM150B,Modulator of macroautophagy TMEM150B,spancache
Q6ZVE7,GOLT1A,Vesicle transport protein GOT1A,spancache
Q96F05,C11orf24,Uncharacterized protein C11orf24,spancache
Q9H598,SLC32A1,Vesicular inhibitory amino acid transporter,spancache
P55899,FCGRT,IgG receptor FcRn large subunit p51,spancache
P01911,HLA-DRB1,"HLA class II histocompatibility antigen, DRB1 beta chain",spancache
Q9HAV5,EDA2R,Tumor necrosis factor receptor superfamily member 27,spancache
Q6U736,OPN5,Opsin-5,spancache
Q15743,GPR68,G protein-coupled receptor 68,spancache
P40238,MPL,Thrombopoietin receptor,spancache
Q8WUT4,LRRN4,Leucine-rich repeat neuronal protein 4,spancache
Q9UJ37,ST6GALNAC2,"Alpha-N-acetylgalactosaminide alpha-2,6-sialyltransferase 2",spancache
Q13641,TPBG,Trophoblast glycoprotein,spancache
Q86XX4,FRAS1,Extracellular matrix organizing protein FRAS1,spancache
Q12907,LMAN2,Vesicular integral-membrane protein VIP36,spancache
Q07444,KLRC3,NKG2-E type II integral membrane protein,spancache
Q9BQ51,PDCD1LG2,Programmed cell death 1 ligand 2,spancache
P33947,KDELR2,ER lumen protein-retaining receptor 2,spancache
Q8TDY8,IGDCC4,Immunoglobulin superfamily DCC subclass member 4,spancache
P78423,CX3CL1,Fractalkine,spancache
Q16563,SYPL1,Synaptophysin-like protein 1,spancache
Q9NY25,CLEC5A,C-type lectin domain family 5 member A,spancache
Q8NGQ4,OR10Q1,Olfactory receptor 10Q1,spancache
Q6NUJ2,C11orf87,Uncharacterized protein C11orf87,spancache
P05023,ATP1A1,Sodium/potassium-transporting ATPase subunit alpha-1,spancache
P20138,CD33,Myeloid cell surface antigen CD33,spancache
Q8NGF9,OR4X2,Olfactory receptor 4X2,spancache
Q9BZZ2,SIGLEC1,Sialoadhesin,spancache
P08842,STS,Steryl-sulfatase,spancache
Q9NYM4,GPR83,G protein-coupled receptor 83,spancache
P82251,SLC7A9,"b(0,+)-type amino acid transporter 1",spancache
Q14953,KIR2DS5,Killer cell immunoglobulin-like receptor 2DS5,spancache
O00481,BTN3A1,Butyrophilin subfamily 3 member A1,spancache
Q8TDN2,KCNV2,Potassium voltage-gated channel subfamily V member 2,spancache
Q9UGT4,SUSD2,Sushi domain-containing protein 2,spancache
Q6P179,ERAP2,Endoplasmic reticulum aminopeptidase 2,spancache
P30989,NTSR1,Neurotensin receptor type 1,spancache
Q5UAW9,GPR157,G protein-coupled receptor 157,spancache
Q96NY8,NECTIN4,Nectin-4,spancache
Q9P2W9,STX18,Syntaxin-18,spancache
Q6UX27,VSTM1,V-set and transmembrane domain-containing protein 1,spancache
Q8NGJ1,OR4D6,Olfactory receptor 4D6,spancache
Q5T2D2,TREML2,Trem-like transcript 2 protein,spancache
Q9UBN6,TNFRSF10D,Tumor necrosis factor receptor superfamily member 10D,spancache
Q96T53,MBOAT4,Membrane-bound ghrelin O-acyltransferase MBOAT4,spancache
P61073,CXCR4,C-X-C chemokine receptor type 4,spancache
P14679,TYR,Tyrosinase,spancache
P35916,FLT4,Vascular endothelial growth factor receptor 3,spancache
Q8N8Z6,DCBLD1,"Discoidin, CUB and LCCL domain-containing protein 1",spancache
Q53R12,TM4SF20,Transmembrane 4 L6 family member 20,spancache
Q9BZJ8,GPR61,G protein-coupled receptor 61,spancache
Q02246,CNTN2,Contactin-2,spancache
Q12908,SLC10A2,Ileal sodium/bile acid cotransporter,spancache
Q9H251,CDH23,Cadherin-23,spancache
Q9UN70,PCDHGC3,Protocadherin gamma-C3,spancache
O60353,FZD6,Frizzled-6,spancache
Q8NGJ4,OR52E2,Olfactory receptor 52E2,spancache
Q86TG1,TMEM150A,Transmembrane protein 150A,spancache
Q7RTY9,PRSS41,Serine protease 41,spancache
Q9Y5H1,PCDHGA2,Protocadherin gamma-A2,spancache
Q96N87,SLC6A18,Inactive sodium-dependent neutral amino acid transporter B(0)AT3,spancache
Q14517,FAT1,Protocadherin Fat 1,spancache
Q8N350,CBARP,Voltage-dependent calcium channel beta subunit-associated regulatory protein,spancache
Q8TC27,ADAM32,Disintegrin and metalloproteinase domain-containing protein 32,spancache
O15403,SLC16A6,Monocarboxylate transporter 7,spancache
Q9BZ76,CNTNAP3,Contactin-associated protein-like 3,spancache
Q9H4F1,ST6GALNAC4,"Alpha-N-acetyl-neuraminyl-2,3-beta-galactosyl-1,3-N-acetyl-galactosaminide alpha-2,6-sialyltransferase",spancache
Q12809,KCNH2,Voltage-gated inwardly rectifying potassium channel KCNH2,spancache
Q9H756,LRRC19,Leucine-rich repeat-containing protein 19,spancache
P21802,FGFR2,Fibroblast growth factor receptor 2,spancache
O75899,GABBR2,Gamma-aminobutyric acid type B receptor subunit 2,spancache
P06126,CD1A,T-cell surface glycoprotein CD1a,spancache
P60893,GPR85,Probable G protein-coupled receptor 85,spancache
P24557,TBXAS1,Thromboxane-A synthase,spancache
Q8N2M4,TMEM86A,Lysoplasmalogenase TMEM86A,spancache
Q9HBL6,LRTM1,Leucine-rich repeat and transmembrane domain-containing protein 1,spancache
P51809,VAMP7,Vesicle-associated membrane protein 7,spancache
P28566,HTR1E,5-hydroxytryptamine receptor 1E,spancache
Q96EC8,YIPF6,Protein YIPF6,spancache
P49771,FLT3LG,Fms-related tyrosine kinase 3 ligand,spancache
P43121,MCAM,Cell surface glycoprotein MUC18,spancache
Q8NG84,OR2AK2,Olfactory receptor 2AK2,spancache
P78334,GABRE,Gamma-aminobutyric acid receptor subunit epsilon,spancache
Q9NRD9,DUOX1,Dual oxidase 1,spancache
Q96G91,P2RY11,P2Y purinoceptor 11,spancache
O95477,ABCA1,Phospholipid-transporting ATPase ABCA1,spancache
Q1EHB4,SLC5A12,Sodium-coupled monocarboxylate transporter 2,spancache
A6NMB1,SIGLEC16,Sialic acid-binding Ig-like lectin 16,spancache
O00559,EBAG9,Receptor-binding cancer antigen expressed on SiSo cells,spancache
Q8NCW0,KREMEN2,Kremen protein 2,spancache
Q16581,C3AR1,C3a anaphylatoxin chemotactic receptor,spancache
P19022,CDH2,Cadherin-2,spancache
P31997,CEACAM8,Cell adhesion molecule CEACAM8,spancache
Q9BQB6,VKORC1,Vitamin K epoxide reductase complex subunit 1,spancache
Q8N3T6,TMEM132C,Transmembrane protein 132C,spancache
Q96T83,SLC9A7,Sodium/hydrogen exchanger 7,spancache
Q9Y287,ITM2B,Integral membrane protein 2B,spancache
O15438,ABCC3,ATP-binding cassette sub-family C member 3,spancache
O43505,B4GAT1,"Beta-1,4-glucuronyltransferase 1",spancache
Q9NQ11,ATP13A2,Polyamine-transporting ATPase 13A2,spancache
Q7Z4F1,LRP10,Low-density lipoprotein receptor-related protein 10,spancache
Q99466,NOTCH4,Neurogenic locus notch homolog protein 4,spancache
Q6PCB8,EMB,Embigin,spancache
O75578,ITGA10,Integrin alpha-10,spancache
Q8NGC7,OR11H6,Olfactory receptor 11H6,spancache
P45844,ABCG1,ATP-binding cassette sub-family G member 1,spancache
O60242,ADGRB3,Adhesion G protein-coupled receptor B3,spancache
Q6UXZ3,CD300LD,CMRF35-like molecule 5,spancache
Q2WGJ9,FER1L6,Fer-1-like protein 6,spancache
Q8NH76,OR56B4,Olfactory receptor 56B4,spancache
O15218,ACKR5,Atypical chemokine receptor 5,spancache
Q9NRP0,OSTC,Oligosaccharyltransferase complex subunit OSTC,spancache
Q15399,TLR1,Toll-like receptor 1,spancache
Q8TCW7,ZPLD1,Zona pellucida-like domain-containing protein 1,spancache
Q8NG97,OR2Z1,Olfactory receptor 2Z1,spancache
Q8TCW9,PROKR1,Prokineticin receptor 1,spancache
P08912,CHRM5,Muscarinic acetylcholine receptor M5,spancache
Q8WWX8,SLC5A11,Sodium/myo-inositol cotransporter 2,spancache
O75473,LGR5,Leucine-rich repeat-containing G protein-coupled receptor 5,spancache
Q9P1P5,TAAR2,Trace amine-associated receptor 2,spancache
P43681,CHRNA4,Neuronal acetylcholine receptor subunit alpha-4,spancache
Q8NGZ3,OR13G1,Olfactory receptor 13G1,spancache
Q8NGK3,OR52K2,Olfactory receptor 52K2,spancache
Q8NH64,OR51A7,Olfactory receptor 51A7,spancache
Q8NHC8,OR2T6,Olfactory receptor 2T6,spancache
Q8NGK0,OR51G2,Olfactory receptor 51G2,spancache
Q8IWV1,LAX1,Lymphocyte transmembrane adapter 1,spancache
P59541,TAS2R30,Taste receptor type 2 member 30,spancache
O60462,NRP2,Neuropilin-2,spancache
P55011,SLC12A2,Solute carrier family 12 member 2,spancache
Q8NGG8,OR8B3,Olfactory receptor 8B3,spancache
P53985,SLC16A1,Monocarboxylate transporter 1,spancache
P0C7T3,OR56A5,Olfactory receptor 56A5,spancache
O00461,GOLIM4,Golgi integral membrane protein 4,spancache
A6NF89,OR6C6,Olfactory receptor 6C6,spancache
O95858,TSPAN15,Tetraspanin-15,spancache
O95864,FADS2,Acyl-CoA 6-desaturase,spancache
Q9Y5E7,PCDHB2,Protocadherin beta-2,spancache
P49895,DIO1,Type I iodothyronine deiodinase,spancache
Q15622,OR7A5,Olfactory receptor 7A5,spancache
Q8IY34,SLC15A3,Solute carrier family 15 member 3,spancache
Q96MU8,KREMEN1,Kremen protein 1,spancache
Q14BN4,SLMAP,Sarcolemmal membrane-associated protein,spancache
Q96CP7,TLCD1,TLC domain-containing protein 1,spancache
P0C604,OR4A8,Olfactory receptor 4A8,spancache
A6NMS7,LRRC37A,Leucine-rich repeat-containing protein 37A,spancache
Q06481,APLP2,Amyloid beta precursor like protein 2,spancache
Q15043,SLC39A14,Metal cation symporter ZIP14,spancache
P51168,SCNN1B,Epithelial sodium channel subunit beta,spancache
Q8IV16,GPIHBP1,Glycosylphosphatidylinositol-anchored high density lipoprotein-binding protein 1,spancache
A6NH00,OR2T8,Olfactory receptor 2T8,spancache
Q14416,GRM2,Metabotropic glutamate receptor 2,spancache
Q76KP1,B4GALNT4,N-acetyl-beta-glucosaminyl-glycoprotein 4-beta-N-acetylgalactosaminyltransferase 1,spancache
Q01628,IFITM3,Interferon-induced transmembrane protein 3,spancache
Q9Y5E2,PCDHB7,Protocadherin beta-7,spancache
P55082,MFAP3,Microfibril-associated glycoprotein 3,spancache
Q86YT9,JAML,Junctional adhesion molecule-like,spancache
P37023,ACVRL1,Activin receptor type-1-like,spancache
Q96HH4,TMEM169,Transmembrane protein 169,spancache
Q96BI3,APH1A,Gamma-secretase subunit APH-1A,spancache
P48050,KCNJ4,Inward rectifier potassium channel 4,spancache
P30954,OR10J1,Olfactory receptor 10J1,spancache
A6NJZ3,OR6C65,Olfactory receptor 6C65,spancache
Q9BT67,NDFIP1,NEDD4 family-interacting protein 1,spancache
Q86UF1,TSPAN33,Tetraspanin-33,spancache
O15354,GPR37,Prosaposin receptor GPR37,spancache
Q9BQG1,SYT3,Synaptotagmin-3,spancache
O60895,RAMP2,Receptor activity-modifying protein 2,spancache
P22455,FGFR4,Fibroblast growth factor receptor 4,spancache
Q8NGX1,OR2T34,Olfactory receptor 2T34,spancache
P55344,LIM2,Lens fiber membrane intrinsic protein,spancache
P31641,SLC6A6,Sodium- and chloride-dependent taurine transporter,spancache
Q14165,MLEC,Malectin,spancache
P46531,NOTCH1,Neurogenic locus notch homolog protein 1,spancache
Q86VH4,LRRTM4,Leucine-rich repeat transmembrane neuronal protein 4,spancache
Q495W5,POFUT4,GDP-fucose protein O-fucosyltransferase 4,spancache
O94991,SLITRK5,SLIT and NTRK-like protein 5,spancache
Q8NGB2,OR4C5,Olfactory receptor 4C5,spancache
Q8IX05,CD302,CD302 antigen,spancache
Q9NYB5,SLCO1C1,Solute carrier organic anion transporter family member 1C1,spancache
Q9NY72,SCN3B,Sodium channel regulatory subunit beta-3,spancache
P35052,GPC1,Glypican-1,spancache
Q8N4L1,TMEM151A,Transmembrane protein 151A,spancache
P01135,TGFA,Protransforming growth factor alpha,spancache
P13688,CEACAM1,Cell adhesion molecule CEACAM1,spancache
Q01814,ATP2B2,Plasma membrane calcium-transporting ATPase 2,spancache
H3BV60,TGFBR3L,Transforming growth factor-beta receptor type 3-like protein,spancache
Q9Y493,ZAN,Zonadhesin,spancache
Q9H340,OR51B6,Olfactory receptor 51B6,spancache
Q04771,ACVR1,Activin receptor type-1,spancache
A2VDJ0,TMEM131L,Transmembrane protein 131-like,spancache
P18627,LAG3,Lymphocyte activation gene 3 protein,spancache
Q6UWJ8,CD164L2,CD164 sialomucin-like 2 protein,spancache
Q93070,ART4,Ecto-ADP-ribosyltransferase 4,spancache
Q96P69,GPR78,G protein-coupled receptor 78,spancache
O95256,IL18RAP,Interleukin-18 receptor accessory protein,spancache
Q9GZQ4,NMUR2,Neuromedin-U receptor 2,spancache
P50052,AGTR2,Type-2 angiotensin II receptor,spancache
Q9Y5H3,PCDHGA10,Protocadherin gamma-A10,spancache
Q9UBQ6,EXTL2,Exostosin-like 2,spancache
Q8NH81,OR10G6,Olfactory receptor 10G6,spancache
Q6MZM0,HEPHL1,Ferroxidase HEPHL1,spancache
P23470,PTPRG,Receptor-type tyrosine-protein phosphatase gamma,spancache
O60513,B4GALT4,"Beta-1,4-galactosyltransferase 4",spancache
Q02297,NRG1,"Pro-neuregulin-1, membrane-bound isoform",spancache
O95452,GJB6,Gap junction beta-6 protein,spancache
Q9HBX9,RXFP1,Relaxin receptor 1,spancache
Q10588,BST1,ADP-ribosyl cyclase/cyclic ADP-ribose hydrolase 2,spancache
P29274,ADORA2A,Adenosine receptor A2a,spancache
P33032,MC5R,Melanocortin receptor 5,spancache
P33527,ABCC1,Multidrug resistance-associated protein 1,spancache
P52849,NDST2,Bifunctional heparan sulfate N-deacetylase/N-sulfotransferase 2,spancache
O15269,SPTLC1,Serine palmitoyltransferase 1,spancache
Q93033,CD101,Immunoglobulin superfamily member 2,spancache
O75445,USH2A,Usherin,spancache
P17643,TYRP1,"5,6-dihydroxyindole-2-carboxylic acid oxidase",spancache
Q9Y5Q5,CORIN,Atrial natriuretic peptide-converting enzyme,spancache
Q8NGT2,OR13J1,Olfactory receptor 13J1,spancache
P30408,TM4SF1,Transmembrane 4 L6 family member 1,spancache
Q9UQD0,SCN8A,Sodium channel protein type 8 subunit alpha,spancache
Q8TDM5,SPACA4,Sperm acrosome membrane-associated protein 4,spancache
Q9Y2T5,GPR52,G protein-coupled receptor 52,spancache
Q8NGR5,OR1L4,Olfactory receptor 1L4,spancache
Q9BXJ8,TMEM120A,Transmembrane protein 120A,spancache
Q11201,ST3GAL1,"CMP-N-acetylneuraminate-beta-galactosamide-alpha-2,3-sialyltransferase 1",spancache
O00574,CXCR6,C-X-C chemokine receptor type 6,spancache
Q9UKX5,ITGA11,Integrin alpha-11,spancache
Q9GZK3,OR2B2,Olfactory receptor 2B2,spancache
Q53HI1,UNC50,Protein unc-50 homolog,spancache
Q8NGG4,OR8H1,Olfactory receptor 8H1,spancache
Q19T08,ECSCR,Endothelial cell-specific chemotaxis regulator,spancache
Q8N6G5,CSGALNACT2,Chondroitin sulfate N-acetylgalactosaminyltransferase 2,spancache
Q9Y6M0,PRSS21,Testisin,spancache
Q70Z44,HTR3D,5-hydroxytryptamine receptor 3D,spancache
Q12918,KLRB1,Killer cell lectin-like receptor subfamily B member 1,spancache
P21452,TACR2,Substance-K receptor,spancache
P20309,CHRM3,Muscarinic acetylcholine receptor M3,spancache
Q96CE8,TM4SF18,Transmembrane 4 L6 family member 18,spancache
Q86XL3,ANKLE2,Ankyrin repeat and LEM domain-containing protein 2,spancache
Q9NRD8,DUOX2,Dual oxidase 2,spancache
Q6ZSJ9,SHISA6,Protein shisa-6,spancache
P11912,CD79A,B-cell antigen receptor complex-associated protein alpha chain,spancache
P35346,SSTR5,Somatostatin receptor type 5,spancache
Q8NAT1,POMGNT2,"Protein O-linked-mannose beta-1,4-N-acetylglucosaminyltransferase 2",spancache
P35212,GJA4,Gap junction alpha-4 protein,spancache
Q8NGA8,OR4F17,Olfactory receptor 4F17,spancache
O00526,UPK2,Uroplakin-2,spancache
P21453,S1PR1,Sphingosine 1-phosphate receptor 1,spancache
Q9BXC0,HCAR1,Hydroxycarboxylic acid receptor 1,spancache
Q9UKM7,MAN1B1,"Endoplasmic reticulum mannosyl-oligosaccharide 1,2-alpha-mannosidase",spancache
Q9Y5F8,PCDHGB7,Protocadherin gamma-B7,spancache
Q5XG99,LYSMD4,LysM and putative peptidoglycan-binding domain-containing protein 4,spancache
Q8NG85,OR2L3,Olfactory receptor 2L3,spancache
Q1HG43,DUOXA1,Dual oxidase maturation factor 1,spancache
Q969X2,ST6GALNAC6,"Alpha-N-acetylgalactosaminide alpha-2,6-sialyltransferase 6",spancache
Q9UKJ8,ADAM21,Disintegrin and metalloproteinase domain-containing protein 21,spancache
Q7RTP0,NIPA1,Magnesium transporter NIPA1,spancache
P40200,CD96,T-cell surface protein tactile,spancache
O14653,GOSR2,Golgi SNAP receptor complex member 2,spancache
Q9NP94,SLC39A2,Zinc transporter ZIP2,spancache
P07550,ADRB2,Beta-2 adrenergic receptor,spancache
Q6IF82,OR4A47,Olfactory receptor 4A47,spancache
Q8NER1,TRPV1,Transient receptor potential cation channel subfamily V member 1,spancache
Q9Y4C0,NRXN3,Neurexin-3,spancache
O76002,OR2J2,Olfactory receptor 2J2,spancache
A6NGY5,OR51F1,Olfactory receptor 51F1,spancache
P07510,CHRNG,Acetylcholine receptor subunit gamma,spancache
P12830,CDH1,Cadherin-1,spancache
Q9Y3Q7,ADAM18,Disintegrin and metalloproteinase domain-containing protein 18,spancache
Q7Z5B4,RIC3,Protein RIC-3,spancache
Q15768,EFNB3,Ephrin-B3,spancache
P61565,ERVK-21,Endogenous retrovirus group K member 21 Env polyprotein,spancache
Q9BRL7,SEC22C,Vesicle-trafficking protein SEC22c,spancache
O95206,PCDH8,Protocadherin-8,spancache
Q9Y5G3,PCDHGB1,Protocadherin gamma-B1,spancache
Q9UL19,PLAAT4,Phospholipase A and acyltransferase 4,spancache
Q9P0L9,PKD2L1,Polycystin-2-like protein 1,spancache
Q9NP59,SLC40A1,Ferroportin,spancache
P46721,SLCO1A2,Solute carrier organic anion transporter family member 1A2,spancache
Q99680,GPR22,G protein-coupled receptor 22,spancache
Q01113,IL9R,Interleukin-9 receptor,spancache
Q6IF00,OR2T2,Olfactory receptor 2T2,spancache
P07949,RET,Proto-oncogene tyrosine-protein kinase receptor Ret,spancache
Q9BXA5,SUCNR1,Succinate receptor 1,spancache
Q9UHQ4,BCAP29,B-cell receptor-associated protein 29,spancache
Q9NQ90,ANO2,Anoctamin-2,spancache
P55017,SLC12A3,Solute carrier family 12 member 3,spancache
Q8NGN6,OR10G7,Olfactory receptor 10G7,spancache
P36544,CHRNA7,Neuronal acetylcholine receptor subunit alpha-7,spancache
P49019,HCAR3,Hydroxycarboxylic acid receptor 3,spancache
Q96MM7,HS6ST2,Heparan-sulfate 6-O-sulfotransferase 2,spancache
Q9BPV8,P2RY13,P2Y purinoceptor 13,spancache
Q96D59,RNF183,E3 ubiquitin-protein ligase RNF183,spancache
A6NHS7,MANSC4,MANSC domain-containing protein 4,spancache
O75354,ENTPD6,Ectonucleoside triphosphate diphosphohydrolase 6,spancache
Q8WZ92,OR5P2,Olfactory receptor 5P2,spancache
P09326,CD48,CD48 antigen,spancache
Q9H5V8,CDCP1,CUB domain-containing protein 1,spancache
P50993,ATP1A2,Sodium/potassium-transporting ATPase subunit alpha-2,spancache
Q8NFJ6,PROKR2,Prokineticin receptor 2,spancache
Q8NES3,LFNG,"Beta-1,3-N-acetylglucosaminyltransferase lunatic fringe",spancache
O14511,NRG2,"Pro-neuregulin-2, membrane-bound isoform",spancache
O43506,ADAM20,Disintegrin and metalloproteinase domain-containing protein 20,spancache
Q92824,PCSK5,Proprotein convertase subtilisin/kexin type 5,spancache
A6NNB3,IFITM5,Interferon-induced transmembrane protein 5,spancache
A6NM76,OR6C76,Olfactory receptor 6C76,spancache
Q9HCU4,CELSR2,Cadherin EGF LAG seven-pass G-type receptor 2,spancache
P78552,IL13RA1,Interleukin-13 receptor subunit alpha-1,spancache
Q13478,IL18R1,Interleukin-18 receptor 1,spancache
Q14442,PIGH,Phosphatidylinositol N-acetylglucosaminyltransferase subunit H,spancache
Q9NR61,DLL4,Delta-like protein 4,spancache
O75388,GPR32,Probable G protein-coupled receptor 32,spancache
P98196,ATP11A,Phospholipid-transporting ATPase IH,spancache
Q8NGP2,OR8J1,Olfactory receptor 8J1,spancache
Q08357,SLC20A2,Sodium-dependent phosphate transporter 2,spancache
Q9Y5Y7,LYVE1,Lymphatic vessel endothelial hyaluronic acid receptor 1,spancache
P28906,CD34,Hematopoietic progenitor cell antigen CD34,spancache
Q5VY43,PEAR1,Platelet endothelial aggregation receptor 1,spancache
P28222,HTR1B,5-hydroxytryptamine receptor 1B,spancache
Q9BSK0,MARVELD1,MARVEL domain-containing protein 1,spancache
Q9UQF0,ERVW-1,Syncytin-1,spancache
Q8IZN3,ZDHHC14,Palmitoyltransferase ZDHHC14,spancache
Q6UX98,ZDHHC24,Probable palmitoyltransferase ZDHHC24,spancache
Q5VU97,CACHD1,VWFA and cache domain-containing protein 1,spancache
Q8NGC8,OR11H7,Olfactory receptor 11H7,spancache
Q8NI17,IL31RA,Interleukin-31 receptor subunit alpha,spancache
O43731,KDELR3,ER lumen protein-retaining receptor 3,spancache
P30532,CHRNA5,Neuronal acetylcholine receptor subunit alpha-5,spancache
P47804,RGR,RPE-retinal G protein-coupled receptor,spancache
Q14108,SCARB2,Lysosome membrane protein 2,spancache
Q4G0N0,GGTA1,"Inactive N-acetyllactosaminide alpha-1,3-galactosyltransferase",spancache
Q9BYT9,ANO3,Anoctamin-3,spancache
Q9BVK8,TMEM147,BOS complex subunit TMEM147,spancache
Q9HC10,OTOF,Otoferlin,spancache
Q9P0I2,EMC3,ER membrane protein complex subunit 3,spancache
Q8N111,CEND1,Cell cycle exit and neuronal differentiation protein 1,spancache
Q9Y6R1,SLC4A4,Electrogenic sodium bicarbonate cotransporter 1,spancache
Q8TDN1,KCNG4,Voltage-gated potassium channel regulatory subunit KCNG4,spancache
P21583,KITLG,Kit ligand,spancache
Q9H255,OR51E2,Olfactory receptor 51E2,spancache
Q9HC24,TMBIM4,Protein lifeguard 4,spancache
Q96QE4,LRRC37B,Leucine-rich repeat-containing protein 37B,spancache
Q92911,SLC5A5,Sodium/iodide cotransporter,spancache
O76099,OR7C1,Olfactory receptor 7C1,spancache
P0C645,OR4E1,Olfactory receptor 4E1,spancache
O95665,NTSR2,Neurotensin receptor type 2,spancache
P07202,TPO,Thyroid peroxidase,spancache
O43493,TGOLN2,Trans-Golgi network integral membrane protein 2,spancache
Q9Y639,NPTN,Neuroplastin,spancache
O60602,TLR5,Toll-like receptor 5,spancache
Q96JA1,LRIG1,Leucine-rich repeats and immunoglobulin-like domains protein 1,spancache
O75074,LRP3,Low-density lipoprotein receptor-related protein 3,spancache
Q8NH16,OR2L2,Olfactory receptor 2L2,spancache
Q13308,PTK7,Inactive tyrosine-protein kinase 7,spancache
P78363,ABCA4,Retinal-specific phospholipid-transporting ATPase ABCA4,spancache
Q8NH21,OR4F5,Olfactory receptor 4F5,spancache
P27037,ACVR2A,Activin receptor type-2A,spancache
Q9NX62,BPNT2,"Golgi-resident adenosine 3',5'-bisphosphate 3'-phosphatase",spancache
O43511,SLC26A4,Pendrin,spancache
O00322,UPK1A,Uroplakin-1a,spancache
A6NHA9,OR4C46,Olfactory receptor 4C46,spancache
Q9Y5G8,PCDHGA5,Protocadherin gamma-A5,spancache
Q9Y5G0,PCDHGB5,Protocadherin gamma-B5,spancache
Q8NGC2,OR4E2,Olfactory receptor 4E2,spancache
Q9BQ31,KCNS3,Delayed-rectifier potassium channel regulatory subunit KCNS3,spancache
P57738,TCTA,T-cell leukemia translocation-altered gene protein,spancache
Q10471,GALNT2,Polypeptide N-acetylgalactosaminyltransferase 2,spancache
P20023,CR2,Complement receptor type 2,spancache
Q8NGR6,OR1B1,Olfactory receptor 1B1,spancache
Q9Y2T6,GPR55,G protein-coupled receptor 55,spancache
Q8WVN6,SECTM1,Secreted and transmembrane protein 1,spancache
Q96R84,OR1F2P,Putative olfactory receptor 1F2,spancache
Q8IZ08,GPR135,G protein-coupled receptor 135,spancache
Q8TEY5,CREB3L4,Cyclic AMP-responsive element-binding protein 3-like protein 4,spancache
Q8NH60,OR52J3,Olfactory receptor 52J3,spancache
Q86VR7,VSIG10L,V-set and immunoglobulin domain-containing protein 10-like,spancache
Q8N146,OR8H3,Olfactory receptor 8H3,spancache
Q12999,TSPAN31,Tetraspanin-31,spancache
Q9NPA1,KCNMB3,Calcium-activated potassium channel subunit beta-3,spancache
Q8NGF1,OR52R1,Olfactory receptor 52R1,spancache
Q96J42,TXNDC15,Thioredoxin domain-containing protein 15,spancache
O00220,TNFRSF10A,Tumor necrosis factor receptor superfamily member 10A,spancache
P56962,STX17,Syntaxin-17,spancache
Q6GTX8,LAIR1,Leukocyte-associated immunoglobulin-like receptor 1,spancache
Q6PIZ9,TRAT1,T-cell receptor-associated transmembrane adapter 1,spancache
P55290,CDH13,Cadherin-13,spancache
Q8IZF4,ADGRG5,Adhesion G protein-coupled receptor G5,spancache
Q9Y6L6,SLCO1B1,Solute carrier organic anion transporter family member 1B1,spancache
Q9BZA7,PCDH11X,Protocadherin-11 X-linked,spancache
Q5VWC8,HACD4,Very-long-chain (3R)-3-hydroxyacyl-CoA dehydratase 4,spancache
P42702,LIFR,Leukemia inhibitory factor receptor,spancache
O60391,GRIN3B,"Glutamate receptor ionotropic, NMDA 3B",spancache
Q9H3N8,HRH4,Histamine H4 receptor,spancache
Q17RY6,LY6K,Lymphocyte antigen 6K,spancache
Q3SXP7,SHISAL1,Protein shisa-like-1,spancache
Q9GZS9,CHST5,Carbohydrate sulfotransferase 5,spancache
A8MVZ5,BTNL10P,Putative butyrophilin-like protein 10,spancache
O95159,ZFPL1,Zinc finger protein-like 1,spancache
Q9NS00,C1GALT1,Glycoprotein-N-acetylgalactosamine 3-beta-galactosyltransferase 1,spancache
Q06432,CACNG1,Voltage-dependent calcium channel gamma-1 subunit,spancache
Q96K78,ADGRG7,Adhesion G protein-coupled receptor G7,spancache
P13591,NCAM1,Neural cell adhesion molecule 1,spancache
Q8NGX3,OR10T2,Olfactory receptor 10T2,spancache
Q99467,CD180,CD180 antigen,spancache
Q86Z14,KLB,Beta-klotho,spancache
O95013,OR4F21,Olfactory receptor 4F21,spancache
Q9BQ49,SMIM7,Small integral membrane protein 7,spancache
P35590,TIE1,Tyrosine-protein kinase receptor Tie-1,spancache
O60909,B4GALT2,"Beta-1,4-galactosyltransferase 2",spancache
P29323,EPHB2,Ephrin type-B receptor 2,spancache
Q9HB14,KCNK13,Potassium channel subfamily K member 13,spancache
Q6UVK1,CSPG4,Chondroitin sulfate proteoglycan 4,spancache
Q9H2W1,MS4A6A,Membrane-spanning 4-domains subfamily A member 6A,spancache
Q8NH07,OR11H2,Olfactory receptor 11H2,spancache
Q496J9,SV2C,Synaptic vesicle glycoprotein 2C,spancache
P49641,MAN2A2,Alpha-mannosidase 2x,spancache
Q8NH00,OR2T4,Olfactory receptor 2T4,spancache
P58182,OR12D2,Olfactory receptor 12D2,spancache
O00155,GPR25,C-X-C chemokine receptor GPR25,spancache
Q8NGS0,OR1N1,Olfactory receptor 1N1,spancache
Q8NGF8,OR4B1,Olfactory receptor 4B1,spancache
Q6GV28,TMEM225,Transmembrane protein 225,spancache
P08514,ITGA2B,Integrin alpha-IIb,spancache
P58170,OR1D5,Olfactory receptor 1D5,spancache
Q8IWK6,ADGRA3,Adhesion G protein-coupled receptor A3,spancache
O14836,TNFRSF13B,Tumor necrosis factor receptor superfamily member 13B,spancache
P24046,GABRR1,Gamma-aminobutyric acid receptor subunit rho-1,spancache
Q9HBW9,ADGRL4,Adhesion G protein-coupled receptor L4,spancache
Q9BWQ6,YIPF2,Protein YIPF2,spancache
Q8N9F7,GDPD1,Lysophospholipase D GDPD1,spancache
P34810,CD68,Macrosialin,spancache
P28476,GABRR2,Gamma-aminobutyric acid receptor subunit rho-2,spancache
P30939,HTR1F,5-hydroxytryptamine receptor 1F,spancache
Q9HCN3,PGAP6,Post-GPI attachment to proteins factor 6,spancache
Q13591,SEMA5A,Semaphorin-5A,spancache
P27701,CD82,CD82 antigen,spancache
Q5VV43,KIAA0319,Dyslexia-associated protein KIAA0319,spancache
Q9C0I4,THSD7B,Thrombospondin type-1 domain-containing protein 7B,spancache
P59922,OR2B8,Olfactory receptor 2B8,spancache
Q9UHM6,OPN4,Melanopsin,spancache
Q8TBP5,FAM174A,Membrane protein FAM174A,spancache
Q86XR5,PRIMA1,Proline-rich membrane anchor 1,spancache
P04626,ERBB2,Receptor tyrosine-protein kinase erbB-2,spancache
Q8NGG7,OR8A1,Olfactory receptor 8A1,spancache
Q96HA9,PEX11G,Peroxisomal membrane protein 11C,spancache
P08922,ROS1,Proto-oncogene tyrosine-protein kinase ROS,spancache
Q8NEC5,CATSPER1,Cation channel sperm-associated protein 1,spancache
Q6T423,SLC22A25,Solute carrier family 22 member 25,spancache
P48167,GLRB,Glycine receptor subunit beta,spancache
Q15109,AGER,Advanced glycation end product-specific receptor,spancache
Q9H1B5,XYLT2,Xylosyltransferase 2,spancache
Q8NGJ2,OR52H1,Olfactory receptor 52H1,spancache
P08F94,PKHD1,Fibrocystin,spancache
Q8NGR1,OR13A1,Olfactory receptor 13A1,spancache
Q8NGK1,OR51G1,Olfactory receptor 51G1,spancache
P51572,BCAP31,B-cell receptor-associated protein 31,spancache
Q3ZAQ7,VMA21,Vacuolar ATPase assembly integral membrane protein VMA21,spancache
P30550,GRPR,Gastrin-releasing peptide receptor,spancache
Q99706,KIR2DL4,Killer cell immunoglobulin-like receptor 2DL4,spancache
O95297,MPZL1,Myelin protein zero-like protein 1,spancache
Q96LB0,MRGPRX3,Mas-related G protein-coupled receptor member X3,spancache
Q6H3X3,RAET1G,UL-16 binding protein 5,spancache
P55289,CDH12,Cadherin-12,spancache
Q3MIP1,ITPRIPL2,"Inositol 1,4,5-trisphosphate receptor-interacting protein-like 2",spancache
P0C7N1,OR8U8,Olfactory receptor 8U8,spancache
O15120,AGPAT2,1-acyl-sn-glycerol-3-phosphate acyltransferase beta,spancache
Q8NE00,SLC38A12,Putative sodium-coupled neutral amino acid transporter 12,spancache
Q8WY07,SLC7A3,Cationic amino acid transporter 3,spancache
Q8NCG7,DAGLB,Diacylglycerol lipase-beta,spancache
Q9Y2C3,B3GALT5,"Beta-1,3-galactosyltransferase 5",spancache
Q96D42,HAVCR1,Hepatitis A virus cellular receptor 1,spancache
Q6ZWK6,TMPRSS11F,Transmembrane protease serine 11F,spancache
P20827,EFNA1,Ephrin-A1,spancache
Q9NY28,GALNT8,Probable polypeptide N-acetylgalactosaminyltransferase 8,spancache
P43146,DCC,Netrin receptor DCC,spancache
Q96J66,ABCC11,ATP-binding cassette sub-family C member 11,spancache
Q969F8,KISS1R,KiSS-1 receptor,spancache
Q6IS24,GALNT17,Polypeptide N-acetylgalactosaminyltransferase 17,spancache
O15400,STX7,Syntaxin-7,spancache
Q9HC56,PCDH9,Protocadherin-9,spancache
Q96SL1,SLC49A4,Solute carrier family 49 member 4,spancache
P78348,ASIC1,Acid-sensing ion channel 1,spancache
Q93038,TNFRSF25,Tumor necrosis factor receptor superfamily member 25,spancache
O15245,SLC22A1,Solute carrier family 22 member 1,spancache
P02786,TFRC,Transferrin receptor protein 1,spancache
Q9NP91,SLC6A20,Sodium- and chloride-dependent transporter XTRP3,spancache
Q9NYX4,CALY,Neuron-specific vesicular protein calcyon,spancache
O15258,RER1,Protein RER1,spancache
Q8NFP4,MDGA1,MAM domain-containing glycosylphosphatidylinositol anchor protein 1,spancache
Q13488,TCIRG1,V-type proton ATPase 116 kDa subunit a 3,spancache
Q5SY80,CATSPERE,Cation channel sperm-associated auxiliary subunit epsilon,spancache
Q9UQ53,MGAT4B,"Alpha-1,3-mannosyl-glycoprotein 4-beta-N-acetylglucosaminyltransferase B",spancache
P37173,TGFBR2,TGF-beta receptor type-2,spancache
P38484,IFNGR2,Interferon gamma receptor 2,spancache
P21579,SYT1,Synaptotagmin-1,spancache
O95221,OR5F1,Olfactory receptor 5F1,spancache
Q7Z6M3,MILR1,Allergin-1,spancache
P0C7T2,OR2T7,Olfactory receptor 2T7,spancache
Q902F8,ERVK-8,Endogenous retrovirus group K member 8 Env polyprotein,spancache
P55285,CDH6,Cadherin-6,spancache
Q9NQS5,GPR84,G protein-coupled receptor 84,spancache
Q9Y6Q6,TNFRSF11A,Tumor necrosis factor receptor superfamily member 11A,spancache
O00590,ACKR2,Atypical chemokine receptor 2,spancache
P04629,NTRK1,High affinity nerve growth factor receptor,spancache
A2RRL7,TMEM213,Transmembrane protein 213,spancache
Q9P1W8,SIRPG,Signal-regulatory protein gamma,spancache
Q8N130,SLC34A3,Sodium-dependent phosphate transport protein 2C,spancache
P21918,DRD5,D(1B) dopamine receptor,spancache
P19397,CD53,Leukocyte surface antigen CD53,spancache
Q8N0W7,FMR1NB,FMR1 neighbor protein,spancache
Q9NZH0,GPRC5B,G protein-coupled receptor family C group 5 member B,spancache
Q16549,PCSK7,Proprotein convertase subtilisin/kexin type 7,spancache
Q8N628,OR2C3,Olfactory receptor 2C3,spancache
Q8NGE1,OR6C4,Olfactory receptor 6C4,spancache
Q9H344,OR51I2,Olfactory receptor 51I2,spancache
Q13286,CLN3,Battenin,spancache
Q49SQ1,GPR33,Probable G protein-coupled receptor 33,spancache
P0C629,OR10J4,Olfactory receptor 10J4,spancache
Q8WY21,SORCS1,VPS10 domain-containing receptor SorCS1,spancache
Q8N2Q7,NLGN1,Neuroligin-1,spancache
O43825,B3GALT2,"Beta-1,3-galactosyltransferase 2",spancache
O60431,OR1I1,Olfactory receptor 1I1,spancache
Q9BZJ6,GPR63,Probable G protein-coupled receptor 63,spancache
P14207,FOLR2,Folate receptor beta,spancache
Q9NPI9,KCNJ16,Inward rectifier potassium channel 16,spancache
Q9NZU0,FLRT3,Leucine-rich repeat transmembrane protein FLRT3,spancache
Q8NH63,OR51H1,Olfactory receptor 51H1,spancache
Q9NV12,TMEM140,Transmembrane protein 140,spancache
Q8NGF3,OR51D1,Olfactory receptor 51D1,spancache
Q9Y5I2,PCDHA10,Protocadherin alpha-10,spancache
E2RYF6,MUC22,Mucin-22,spancache
Q8NGR9,OR1N2,Olfactory receptor 1N2,spancache
Q9Y5I7,CLDN16,Claudin-16,spancache
Q9GZV3,SLC5A7,High affinity choline transporter 1,spancache
Q9NZS9,BFAR,Bifunctional apoptosis regulator,spancache
Q9NS62,THSD1,Thrombospondin type-1 domain-containing protein 1,spancache
Q09328,MGAT5,"Alpha-1,6-mannosylglycoprotein 6-beta-N-acetylglucosaminyltransferase A",spancache
Q8NBI6,XXYLT1,Xyloside xylosyltransferase 1,spancache
Q8WXG9,ADGRV1,Adhesion G protein-coupled receptor V1,spancache
P48067,SLC6A9,Sodium- and chloride-dependent glycine transporter 1,spancache
Q02413,DSG1,Desmoglein-1,spancache
P01730,CD4,T-cell surface glycoprotein CD4,spancache
Q99677,LPAR4,Lysophosphatidic acid receptor 4,spancache
P15529,CD46,Membrane cofactor protein,spancache
P35348,ADRA1A,Alpha-1A adrenergic receptor,spancache
P22732,SLC2A5,"Solute carrier family 2, facilitated glucose transporter member 5",spancache
Q9H208,OR10A2,Olfactory receptor 10A2,spancache
P60852,ZP1,Zona pellucida sperm-binding protein 1,spancache
Q9GZK4,OR2H1,Olfactory receptor 2H1,spancache
Q9H013,ADAM19,Disintegrin and metalloproteinase domain-containing protein 19,spancache
Q8NGJ0,OR5A1,Olfactory receptor 5A1,spancache
P67812,SEC11A,Signal peptidase complex catalytic subunit SEC11A,spancache
Q9NR97,TLR8,Toll-like receptor 8,spancache
O95727,CRTAM,Cytotoxic and regulatory T-cell molecule,spancache
Q7L0X0,TRIL,TLR4 interactor with leucine rich repeats,spancache
Q6IEY1,OR4F3,Olfactory receptor 4F3/4F16/4F29,spancache
P78536,ADAM17,Disintegrin and metalloproteinase domain-containing protein 17,spancache
Q8NGS2,OR1J2,Olfactory receptor 1J2,spancache
Q7Z5H5,VN1R4,Vomeronasal type-1 receptor 4,spancache
O75192,PEX11A,Peroxisomal membrane protein 11A,spancache
Q9NQ84,GPRC5C,G protein-coupled receptor family C group 5 member C,spancache
O14718,RRH,Visual pigment-like receptor peropsin,spancache
Q8IUC8,GALNT13,Polypeptide N-acetylgalactosaminyltransferase 13,spancache
O60669,SLC16A7,Monocarboxylate transporter 2,spancache
O95436,SLC34A2,Sodium-dependent phosphate transport protein 2B,spancache
Q8NGK4,OR52K1,Olfactory receptor 52K1,spancache
Q5VYJ5,MALRD1,MAM and LDL-receptor class A domain-containing protein 1,spancache
Q9H7M9,VSIR,V-type immunoglobulin domain-containing suppressor of T-cell activation,spancache
P21462,FPR1,N-formyl peptide receptor 1,spancache
Q8NHX9,TPCN2,Two pore channel protein 2,spancache
Q9NV92,NDFIP2,NEDD4 family-interacting protein 2,spancache
Q9BZM4,ULBP3,UL16-binding protein 3,spancache
Q5T3F8,TMEM63B,Mechanosensitive cation channel TMEM63B,spancache
O95264,HTR3B,5-hydroxytryptamine receptor 3B,spancache
Q8IU80,TMPRSS6,Transmembrane protease serine 6,spancache
Q8NG98,OR7D4,Olfactory receptor 7D4,spancache
Q9Y275,TNFSF13B,Tumor necrosis factor ligand superfamily member 13B,spancache
Q8NG76,OR2T33,Olfactory receptor 2T33,spancache
P11215,ITGAM,Integrin alpha-M,spancache
B2RUZ4,SMIM1,Small integral membrane protein 1,spancache
Q96MH6,TMEM68,DGAT1/2-independent enzyme synthesizing storage lipids,spancache
Q53GD3,SLC44A4,Choline transporter-like protein 4,spancache
P29376,LTK,Leukocyte tyrosine kinase receptor,spancache
P28908,TNFRSF8,Tumor necrosis factor receptor superfamily member 8,spancache
Q68DV7,RNF43,E3 ubiquitin-protein ligase RNF43,spancache
Q01974,ROR2,Tyrosine-protein kinase transmembrane receptor ROR2,spancache
Q8N0U8,VKORC1L1,Vitamin K epoxide reductase complex subunit 1-like protein 1,spancache
Q5XXA6,ANO1,Anoctamin-1,spancache
O00206,TLR4,Toll-like receptor 4,spancache
Q8IYR6,TMEFF1,Tomoregulin-1,spancache
Q8NH43,OR4L1,Olfactory receptor 4L1,spancache
Q15303,ERBB4,Receptor tyrosine-protein kinase erbB-4,spancache
Q16842,ST3GAL2,"CMP-N-acetylneuraminate-beta-galactosamide-alpha-2,3-sialyltransferase 2",spancache
Q7Z2K6,ERMP1,Endoplasmic reticulum metallopeptidase 1,spancache
Q8NGX9,OR6P1,Olfactory receptor 6P1,spancache
Q9ULL4,PLXNB3,Plexin-B3,spancache
Q8NF91,SYNE1,Nesprin-1,spancache
Q9H6D8,FNDC4,Fibronectin type III domain-containing protein 4,spancache
P57088,TMEM33,Transmembrane protein 33,spancache
Q7L985,LINGO2,Leucine-rich repeat and immunoglobulin-like domain-containing nogo receptor-interacting protein 2,spancache
Q96P67,GPR82,Probable G protein-coupled receptor 82,spancache
P10747,CD28,T-cell-specific surface glycoprotein CD28,spancache
O14764,GABRD,Gamma-aminobutyric acid receptor subunit delta,spancache
P47893,OR3A2,Olfactory receptor 3A2,spancache
P38570,ITGAE,Integrin alpha-E,spancache
Q71RS6,SLC24A5,Sodium/potassium/calcium exchanger 5,spancache
Q9UBH6,XPR1,Solute carrier family 53 member 1,spancache
Q96H72,SLC39A13,Zinc transporter ZIP13,spancache
O95918,OR2H2,Olfactory receptor 2H2,spancache
P14616,INSRR,Insulin receptor-related protein,spancache
Q8NET6,CHST13,Carbohydrate sulfotransferase 13,spancache
Q6DWJ6,GPR139,Probable G protein-coupled receptor 139,spancache
Q8NGP9,OR5AR1,Olfactory receptor 5AR1,spancache
Q11206,ST3GAL4,"CMP-N-acetylneuraminate-beta-galactosamide-alpha-2,3-sialyltransferase 4",spancache
A6NDX4,,Putative transmembrane protein ENSP00000320207,spancache
Q3ZCQ3,FAM174B,Membrane protein FAM174B,spancache
P49146,NPY2R,Neuropeptide Y receptor type 2,spancache
Q6UWB4,PRSS55,Serine protease 55,spancache
P21917,DRD4,D(4) dopamine receptor,spancache
Q8TDS7,MRGPRD,Mas-related G protein-coupled receptor member D,spancache
Q8NH18,OR5J2,Olfactory receptor 5J2,spancache
Q9BYE2,TMPRSS13,Transmembrane protease serine 13,spancache
Q9HAT1,LMAN1L,Protein ERGIC-53-like,spancache
Q96AW1,VOPP1,WW domain binding protein VOPP1,spancache
O43869,OR2T1,Olfactory receptor 2T1,spancache
Q6P995,FAM171B,Protein FAM171B,spancache
P47869,GABRA2,Gamma-aminobutyric acid receptor subunit alpha-2,spancache
Q14954,KIR2DS1,Killer cell immunoglobulin-like receptor 2DS1,spancache
Q6UWI2,PARM1,Prostate androgen-regulated mucin-like protein 1,spancache
O60309,LRRC37A3,Leucine-rich repeat-containing protein 37A3,spancache
Q9Y2C9,TLR6,Toll-like receptor 6,spancache
Q8NBI2,CYB561A3,Lysosomal membrane ascorbate-dependent ferrireductase CYB561A3,spancache
P13498,CYBA,Cytochrome b-245 light chain,spancache
Q96JF0,ST6GAL2,"Beta-galactoside alpha-2,6-sialyltransferase 2",spancache
Q16739,UGCG,Ceramide glucosyltransferase,spancache
Q8NGA5,OR10H4,Olfactory receptor 10H4,spancache
Q8NGZ6,OR6F1,Olfactory receptor 6F1,spancache
Q8NCR0,B3GALNT2,"UDP-GalNAc:beta-1,3-N-acetylgalactosaminyltransferase 2",spancache
Q8N4V1,MMGT1,ER membrane protein complex subunit 5,spancache
Q14114,LRP8,Low-density lipoprotein receptor-related protein 8,spancache
Q8IVM8,SLC22A9,Organic anion transporter 7,spancache
Q13724,MOGS,Mannosyl-oligosaccharide glucosidase,spancache
P32971,TNFSF8,Tumor necrosis factor ligand superfamily member 8,spancache
O94778,AQP8,Aquaporin-8,spancache
P34995,PTGER1,Prostaglandin E2 receptor EP1 subtype,spancache
P35968,KDR,Vascular endothelial growth factor receptor 2,spancache
P21439,ABCB4,Phosphatidylcholine translocator ABCB4,spancache
Q96PE5,OPALIN,Opalin,spancache
Q4G148,GXYLT1,Glucoside xylosyltransferase 1,spancache
Q9NZQ8,TRPM5,Transient receptor potential cation channel subfamily M member 5,spancache
Q8NGI8,OR5AN1,Olfactory receptor 5AN1,spancache
P43119,PTGIR,Prostacyclin receptor,spancache
Q8NBD8,TMEM229B,Transmembrane protein 229B,spancache
Q8NGX5,OR10K1,Olfactory receptor 10K1,spancache
Q9BYF1,ACE2,Angiotensin-converting enzyme 2,spancache
O75631,UPK3A,Uroplakin-3a,spancache
Q15155,NOMO1,BOS complex subunit NOMO1,spancache
P0C626,OR5G3,Olfactory receptor 5G3,spancache
P48048,KCNJ1,ATP-sensitive inward rectifier potassium channel 1,spancache
Q96L58,B3GALT6,"Beta-1,3-galactosyltransferase 6",spancache
Q8NHA4,OR2AE1,Olfactory receptor 2AE1,spancache
A1KXE4,FAM168B,Myelin-associated neurite-outgrowth inhibitor,spancache
Q9BX84,TRPM6,Transient receptor potential cation channel subfamily M member 6,spancache
P27487,DPP4,Dipeptidyl peptidase 4,spancache
Q9NPD5,SLCO1B3,Solute carrier organic anion transporter family member 1B3,spancache
Q13449,LSAMP,Limbic system-associated membrane protein,spancache
Q96RP7,GAL3ST4,Galactose-3-O-sulfotransferase 4,spancache
Q96D96,HVCN1,Voltage-gated hydrogen channel 1,spancache
Q9NVV0,TMEM38B,Trimeric intracellular cation channel type B,spancache
Q8NGY1,OR10Z1,Olfactory receptor 10Z1,spancache
Q8NG77,OR2T12,Olfactory receptor 2T12,spancache
Q9NTJ5,SACM1L,Phosphatidylinositol-3-phosphatase SAC1,spancache
Q12791,KCNMA1,Calcium-activated potassium channel subunit alpha-1,spancache
Q10981,FUT2,"Galactoside alpha-(1,2)-fucosyltransferase 2",spancache
Q8N3G9,TMEM130,Transmembrane protein 130,spancache
Q92544,TM9SF4,Transmembrane 9 superfamily member 4,spancache
Q9H7T0,CATSPERB,Cation channel sperm-associated auxiliary subunit beta,spancache
Q6DN72,FCRL6,Fc receptor-like protein 6,spancache
P23510,TNFSF4,Tumor necrosis factor ligand superfamily member 4,spancache
Q8TDX9,PKD1L1,Polycystin-1-like protein 1,spancache
O14804,TAAR5,Trace amine-associated receptor 5,spancache
Q2TAA5,ALG11,"GDP-Man:Man(3)GlcNAc(2)-PP-Dol alpha-1,2-mannosyltransferase",spancache
O43155,FLRT2,Leucine-rich repeat transmembrane protein FLRT2,spancache
Q13332,PTPRS,Receptor-type tyrosine-protein phosphatase S,spancache
Q96FL9,GALNT14,Polypeptide N-acetylgalactosaminyltransferase 14,spancache
Q9NS66,GPR173,Probable G protein-coupled receptor 173,spancache
P17693,HLA-G,"HLA class I histocompatibility antigen, alpha chain G",spancache
Q9BWL3,LTAP1,Lipid transport auxiliary protein 1,spancache
O94901,SUN1,SUN domain-containing protein 1,spancache
Q9ULH4,LRFN2,Leucine-rich repeat and fibronectin type-III domain-containing protein 2,spancache
O14931,NCR3,Natural cytotoxicity triggering receptor 3,spancache
Q6UXK5,LRRN1,Leucine-rich repeat neuronal protein 1,spancache
Q11128,FUT5,4-galactosyl-N-acetylglucosaminide 3-alpha-L-fucosyltransferase FUT5,spancache
P32927,CSF2RB,Cytokine receptor common subunit beta,spancache
Q9NX76,CMTM6,CKLF-like MARVEL transmembrane domain-containing protein 6,spancache
P26010,ITGB7,Integrin beta-7,spancache
P49768,PSEN1,Presenilin-1,spancache
Q8NGE8,OR4D9,Olfactory receptor 4D9,spancache
O00144,FZD9,Frizzled-9,spancache
Q9H2C8,OR51V1,Olfactory receptor 51V1,spancache
Q86V35,CABP7,Calcium-binding protein 7,spancache
Q6ZSY5,PPP1R3F,Protein phosphatase 1 regulatory subunit 3F,spancache
Q6ZMI3,GLDN,Gliomedin,spancache
Q96DB9,FXYD5,FXYD domain-containing ion transport regulator 5,spancache
Q9BT76,UPK3B,Uroplakin-3b,spancache
Q8NGJ5,OR51L1,Olfactory receptor 51L1,spancache
P23945,FSHR,Follicle-stimulating hormone receptor,spancache
P69849,NOMO3,BOS complex subunit NOMO3,spancache
Q9Y5E6,PCDHB3,Protocadherin beta-3,spancache
Q01344,IL5RA,Interleukin-5 receptor subunit alpha,spancache
P57727,TMPRSS3,Transmembrane protease serine 3,spancache
Q96RI8,TAAR6,Trace amine-associated receptor 6,spancache
Q9BRY0,SLC39A3,Zinc transporter ZIP3,spancache
Q9HC58,SLC24A3,Sodium/potassium/calcium exchanger 3,spancache
O95259,KCNH1,Voltage-gated delayed rectifier potassium channel KCNH1,spancache
Q8N131,TMEM123,Porimin,spancache
Q96R09,OR5B2,Olfactory receptor 5B2,spancache
O60279,SUSD5,Sushi domain-containing protein 5,spancache
Q8N114,SHISA5,Protein shisa-5,spancache
P30530,AXL,Tyrosine-protein kinase receptor UFO,spancache
Q96RN1,SLC26A8,Testis anion transporter 1,spancache
Q8NGH3,OR2D3,Olfactory receptor 2D3,spancache
Q969N2,PIGT,GPI-anchor transamidase component PIGT,spancache
Q7Z7M8,B3GNT8,"N-acetyllactosaminide beta-1,3-N-acetylglucosaminyltransferase 8",spancache
Q8IZT8,HS3ST5,Heparan sulfate glucosamine 3-O-sulfotransferase 5,spancache
Q16281,CNGA3,Cyclic nucleotide-gated channel alpha-3,spancache
Q14242,SELPLG,P-selectin glycoprotein ligand 1,spancache
Q9H209,OR10A4,Olfactory receptor 10A4,spancache
A6NMU1,OR52A4P,Olfactory receptor 52A4,spancache
O43861,ATP9B,Probable phospholipid-transporting ATPase IIB,spancache
A6NM03,OR2AG2,Olfactory receptor 2AG2,spancache
O75907,DGAT1,Diacylglycerol O-acyltransferase 1,spancache
P09564,CD7,T-cell antigen CD7,spancache
P23416,GLRA2,Glycine receptor subunit alpha-2,spancache
Q9BX67,JAM3,Junctional adhesion molecule C,spancache
Q9P2V4,LRIT1,"Leucine-rich repeat, immunoglobulin-like domain and transmembrane domain-containing protein 1",spancache
Q9ULC0,EMCN,Endomucin,spancache
Q6P1J6,PLB1,"Phospholipase B1, membrane-associated",spancache
Q9Y284,WDR83OS,PAT complex subunit Asterix,spancache
O14522,PTPRT,Receptor-type tyrosine-protein phosphatase T,spancache
P15144,ANPEP,Aminopeptidase N,spancache
P14784,IL2RB,Interleukin-2 receptor subunit beta,spancache
Q5I7T1,ALG10B,"Dol-P-Glc:Glc(2)Man(9)GlcNAc(2)-PP-Dol alpha-1,2-glucosyltransferase B",spancache
Q9UNG2,TNFSF18,Tumor necrosis factor ligand superfamily member 18,spancache
P43307,SSR1,Translocon-associated protein subunit alpha,spancache
Q9UKB5,AJAP1,Adherens junction-associated protein 1,spancache
Q5SRI9,MANEA,"Glycoprotein endo-alpha-1,2-mannosidase",spancache
Q9UL52,TMPRSS11E,Transmembrane protease serine 11E,spancache
Q9H237,PORCN,Protein-serine O-palmitoleoyltransferase porcupine,spancache
Q9BSA4,TTYH2,Protein tweety homolog 2,spancache
Q9Y5U4,INSIG2,Insulin-induced gene 2 protein,spancache
O95395,GCNT3,"Beta-1,3-galactosyl-O-glycosyl-glycoprotein beta-1,6-N-acetylglucosaminyltransferase 3",spancache
Q8NHC6,OR14L1,Olfactory receptor 14L1,spancache
Q6QNK2,ADGRD1,Adhesion G protein-coupled receptor D1,spancache
Q9H252,KCNH6,Voltage-gated inwardly rectifying potassium channel KCNH6,spancache
Q96KV6,BTN2A3P,Putative butyrophilin subfamily 2 member A3,spancache
P29033,GJB2,Gap junction beta-2 protein,spancache
O15374,SLC16A4,Probable monocarboxylate transporter 5,spancache
P0CG37,CFC1,Cryptic protein,spancache
Q8N205,SYNE4,Nesprin-4,spancache
Q96R69,OR4F4,Olfactory receptor 4F4,spancache
O95377,GJB5,Gap junction beta-5 protein,spancache
Q9GZK7,OR11A1,Olfactory receptor 11A1,spancache
Q9Y219,JAG2,Protein jagged-2,spancache
P32297,CHRNA3,Neuronal acetylcholine receptor subunit alpha-3,spancache
Q9UGQ2,CACFD1,Calcium channel flower homolog,spancache
Q96AP7,ESAM,Endothelial cell-selective adhesion molecule,spancache
Q8TDQ1,CD300LF,CMRF35-like molecule 1,spancache
Q9Y5H5,PCDHA9,Protocadherin alpha-9,spancache
O75078,ADAM11,Disintegrin and metalloproteinase domain-containing protein 11,spancache
Q8NFY4,SEMA6D,Semaphorin-6D,spancache
Q86VZ1,P2RY8,S-geranylgeranyl-glutathione receptor P2RY8,spancache
Q8NH79,OR6X1,Olfactory receptor 6X1,spancache
Q9NYV7,TAS2R16,Taste receptor type 2 member 16,spancache
Q6UWN5,LYPD5,Ly6/PLAUR domain-containing protein 5,spancache
Q9GZN0,GPR88,G protein-coupled receptor 88,spancache
Q13530,SERINC3,Serine incorporator 3,spancache
Q9ULK0,GRID1,"Glutamate receptor ionotropic, delta-1",spancache
Q10469,MGAT2,"Alpha-1,6-mannosyl-glycoprotein 2-beta-N-acetylglucosaminyltransferase",spancache
O95497,VNN1,Pantetheinase,spancache
A6NGU5,GGT3P,Putative glutathione hydrolase 3 proenzyme,spancache
Q8TBE1,CNIH3,Protein cornichon homolog 3,spancache
P56159,GFRA1,GDNF family receptor alpha-1,spancache
P0C7V7,SEC11B,Putative signal peptidase complex catalytic subunit SEC11B,spancache
Q9UJQ1,LAMP5,Lysosome-associated membrane glycoprotein 5,spancache
O60241,ADGRB2,Adhesion G protein-coupled receptor B2,spancache
P33151,CDH5,Cadherin-5,spancache
Q9NSI5,IGSF5,Immunoglobulin superfamily member 5,spancache
Q96A59,MARVELD3,MARVEL domain-containing protein 3,spancache
O75185,ATP2C2,Calcium-transporting ATPase type 2C member 2,spancache
Q96RL6,SIGLEC11,Sialic acid-binding Ig-like lectin 11,spancache
O75871,CEACAM4,Cell adhesion molecule CEACAM4,spancache
P55064,AQP5,Aquaporin-5,spancache
P51686,CCR9,C-C chemokine receptor type 9,spancache
Q8NFU1,BEST2,Bestrophin-2a,spancache
Q9Y5H0,PCDHGA3,Protocadherin gamma-A3,spancache
Q9HDB5,NRXN3,Neurexin-3-beta,spancache
P49286,MTNR1B,Melatonin receptor type 1B,spancache
Q9H7F0,ATP13A3,Polyamine-transporting ATPase 13A3,spancache
Q99523,SORT1,Sortilin,spancache
P19440,GGT1,Glutathione hydrolase 1 proenzyme,spancache
Q13304,GPR17,Uracil nucleotide/cysteinyl leukotriene receptor,spancache
O43525,KCNQ3,Potassium voltage-gated channel subfamily KQT member 3,spancache
P22303,ACHE,Acetylcholinesterase,spancache
Q7L8C5,SYT13,Synaptotagmin-13,spancache
Q8NGK5,OR52M1,Olfactory receptor 52M1,spancache
Q9HCK4,ROBO2,Roundabout homolog 2,spancache
P56746,CLDN15,Claudin-15,spancache
P32249,GPR183,G protein-coupled receptor 183,spancache
P35498,SCN1A,Sodium channel protein type 1 subunit alpha,spancache
O76000,OR2B3,Putative olfactory receptor 2B3,spancache
Q8TAB3,PCDH19,Protocadherin-19,spancache
A6NMZ5,OR4C45,Olfactory receptor 4C45,spancache
Q8WZA6,OR1E3,Olfactory receptor 1E3,spancache
Q6UXU4,GSG1L,Germ cell-specific gene 1-like protein,spancache
Q6V0I7,FAT4,Protocadherin Fat 4,spancache
Q9Y2C2,UST,Uronyl 2-sulfotransferase,spancache
P17813,ENG,Endoglin,spancache
Q14392,LRRC32,Transforming growth factor beta activator LRRC32,spancache
O60487,MPZL2,Myelin protein zero-like protein 2,spancache
Q8NAC3,IL17RC,Interleukin-17 receptor C,spancache
O15394,NCAM2,Neural cell adhesion molecule 2,spancache
Q9HBT6,CDH20,Cadherin-20,spancache
P01375,TNF,Tumor necrosis factor,spancache
Q8TDN7,ACER1,Alkaline ceramidase 1,spancache
P16410,CTLA4,Cytotoxic T-lymphocyte protein 4,spancache
Q9UGP8,SEC63,Translocation protein SEC63 homolog,spancache
Q9BRR3,PGAP4,GPI-N-acetylgalactosamine transferase PGAP4,spancache
Q9NZV1,CRIM1,Cysteine-rich motor neuron 1 protein,spancache
Q16832,DDR2,Discoidin domain-containing receptor 2,spancache
O95498,VNN2,Pantetheine hydrolase VNN2,spancache
Q9H244,P2RY12,P2Y purinoceptor 12,spancache
Q96RA2,OR7D2,Olfactory receptor 7D2,spancache
P18850,ATF6,Cyclic AMP-dependent transcription factor ATF-6 alpha,spancache
Q99463,NPY6RP,Putative neuropeptide Y receptor type 6,spancache
P42658,DPP6,A-type potassium channel modulatory protein DPP6,spancache
P48549,KCNJ3,G protein-activated inward rectifier potassium channel 1,spancache
P21730,C5AR1,C5a anaphylatoxin chemotactic receptor 1,spancache
Q9Y5G6,PCDHGA7,Protocadherin gamma-A7,spancache
Q7Z4T8,GALNTL5,Inactive polypeptide N-acetylgalactosaminyltransferase-like protein 5,spancache
Q6NUS6,TCTN3,Tectonic-3,spancache
Q8NGT0,OR13C9,Olfactory receptor 13C9,spancache
P30273,FCER1G,High affinity immunoglobulin epsilon receptor subunit gamma,spancache
P20594,NPR2,Atrial natriuretic peptide receptor 2,spancache
Q969M3,YIPF5,Protein YIPF5,spancache
Q8NGT7,OR2A12,Olfactory receptor 2A12,spancache
Q8NH70,OR4A16,Olfactory receptor 4A16,spancache
Q9BZM5,ULBP2,UL16-binding protein 2,spancache
P10696,ALPG,"Alkaline phosphatase, germ cell type",spancache
Q96LB1,MRGPRX2,Mas-related G protein-coupled receptor member X2,spancache
Q9Y267,SLC22A14,Solute carrier family 22 member 14,spancache
Q9UMX9,SLC45A2,Membrane-associated transporter protein,spancache
P26717,KLRC2,NKG2-C type II integral membrane protein,spancache
Q8IZF2,ADGRF5,Adhesion G protein-coupled receptor F5,spancache
O94886,TMEM63A,Mechanosensitive cation channel TMEM63A,spancache
Q5VWK5,IL23R,Interleukin-23 receptor,spancache
Q96SJ8,TSPAN18,Tetraspanin-18,spancache
P11230,CHRNB1,Acetylcholine receptor subunit beta,spancache
Q13291,SLAMF1,Signaling lymphocytic activation molecule,spancache
Q9H1U4,MEGF9,Multiple epidermal growth factor-like domains protein 9,spancache
Q86UW2,SLC51B,Organic solute transporter subunit beta,spancache
Q14162,SCARF1,Scavenger receptor class F member 1,spancache
P56748,CLDN8,Claudin-8,spancache
Q9H7Z7,PTGES2,Prostaglandin E synthase 2,spancache
P47883,OR3A4P,Putative olfactory receptor 3A4,spancache
Q5JTV8,TOR1AIP1,Torsin-1A-interacting protein 1,spancache
P59542,TAS2R19,Taste receptor type 2 member 19,spancache
Q9Y673,ALG5,Dolichyl-phosphate beta-glucosyltransferase,spancache
O75129,ASTN2,Astrotactin-2,spancache
Q9UBS5,GABBR1,Gamma-aminobutyric acid type B receptor subunit 1,spancache
Q13113,PDZK1IP1,PDZK1-interacting protein 1,spancache
Q76MJ5,ERN2,Serine/threonine-protein kinase/endoribonuclease IRE2,spancache
Q8N6L0,KASH5,Protein KASH5,spancache
Q9H2A9,CHST8,Carbohydrate sulfotransferase 8,spancache
Q8NGU9,GPR150,Probable G protein-coupled receptor 150,spancache
Q14957,GRIN2C,"Glutamate receptor ionotropic, NMDA 2C",spancache
O00591,GABRP,Gamma-aminobutyric acid receptor subunit pi,spancache
P28827,PTPRM,Receptor-type tyrosine-protein phosphatase mu,spancache
Q6UXZ0,TMIGD1,Transmembrane and immunoglobulin domain-containing protein 1,spancache
Q9N2K0,,HERV-H_2q24.3 provirus ancestral Env polyprotein,spancache
Q13586,STIM1,Stromal interaction molecule 1,spancache
Q96PB1,CASD1,N-acetylneuraminate (7)9-O-acetyltransferase,spancache
Q7Z7M1,ADGRD2,Adhesion G protein-coupled receptor D2,spancache
P29972,AQP1,Aquaporin-1,spancache
P47901,AVPR1B,Vasopressin V1b receptor,spancache
Q9Y5P1,OR51B2,Olfactory receptor 51B2,spancache
Q6Y1H2,HACD2,Very-long-chain (3R)-3-hydroxyacyl-CoA dehydratase 2,spancache
Q6P4E1,GOLM2,Protein GOLM2,spancache
Q5VTY9,HHAT,Protein-cysteine N-palmitoyltransferase HHAT,spancache
Q96AG4,LRRC59,Leucine-rich repeat-containing protein 59,spancache
O43490,PROM1,Prominin-1,spancache
Q9BQS7,HEPH,Hephaestin,spancache
Q9BWV1,BOC,Brother of CDO,spancache
P34903,GABRA3,Gamma-aminobutyric acid receptor subunit alpha-3,spancache
Q7L0J3,SV2A,Synaptic vesicle glycoprotein 2A,spancache
P46093,GPR4,G protein-coupled receptor 4,spancache
P13473,LAMP2,Lysosome-associated membrane glycoprotein 2,spancache
O75063,FAM20B,Glycosaminoglycan xylosylkinase,spancache
O15389,SIGLEC5,Sialic acid-binding Ig-like lectin 5,spancache
Q9BS91,SLC35A5,UDP-sugar transporter protein SLC35A5,spancache
Q9BSA9,TMEM175,Endosomal/lysosomal proton channel TMEM175,spancache
O15466,ST8SIA5,"Alpha-2,8-sialyltransferase 8E",spancache
Q5DID0,UMODL1,Uromodulin-like 1,spancache
O60637,TSPAN3,Tetraspanin-3,spancache
P13637,ATP1A3,Sodium/potassium-transporting ATPase subunit alpha-3,spancache
Q8NGB6,OR4M2,Olfactory receptor 4M2,spancache
Q9P1W3,TMEM63C,Osmosensitive cation channel TMEM63C,spancache
Q99571,P2RX4,P2X purinoceptor 4,spancache
P10321,HLA-C,"HLA class I histocompatibility antigen, C alpha chain",spancache
Q9UKF2,ADAM30,Disintegrin and metalloproteinase domain-containing protein 30,spancache
Q8N6F1,CLDN19,Claudin-19,spancache
Q96R08,OR5B12,Olfactory receptor 5B12,spancache
Q8IYV9,IZUMO1,Izumo sperm-egg fusion protein 1,spancache
Q96B42,TMEM18,Transmembrane protein 18,spancache
Q3SY77,UGT3A2,UDP-glycosyltransferase 3A2,spancache
P40189,IL6ST,Interleukin-6 receptor subunit beta,spancache
Q8NH67,OR52I2,Olfactory receptor 52I2,spancache
P56937,HSD17B7,3-keto-steroid reductase/17-beta-hydroxysteroid dehydrogenase 7,spancache
Q15612,OR1Q1,Olfactory receptor 1Q1,spancache
P04201,MAS1,Proto-oncogene Mas,spancache
Q96R67,OR4C12,Olfactory receptor 4C12,spancache
Q02094,RHAG,Ammonium transporter Rh type A,spancache
O43889,CREB3,Cyclic AMP-responsive element-binding protein 3,spancache
O60500,NPHS1,Nephrin,spancache
Q9P035,HACD3,Very-long-chain (3R)-3-hydroxyacyl-CoA dehydratase 3,spancache
Q96S52,PIGS,GPI-anchor transamidase component PIGS,spancache
P47881,OR3A1,Olfactory receptor 3A1,spancache
O60603,TLR2,Toll-like receptor 2,spancache
Q8NGK6,OR52I1,Olfactory receptor 52I1,spancache
P23229,ITGA6,Integrin alpha-6,spancache
Q8NGF4,OR5AP2,Olfactory receptor 5AP2,spancache
P46695,IER3,Radiation-inducible immediate-early gene IEX-1,spancache
Q96EX2,RNFT2,E3 ubiquitin-protein ligase RNFT2,spancache
P41595,HTR2B,5-hydroxytryptamine receptor 2B,spancache
Q9NYW7,TAS2R1,Taste receptor type 2 member 1,spancache
P78410,BTN3A2,Butyrophilin subfamily 3 member A2,spancache
P43007,SLC1A4,Neutral amino acid transporter A,spancache
Q14028,CNGB1,Cyclic nucleotide-gated channel beta-1,spancache
Q07011,TNFRSF9,Tumor necrosis factor receptor superfamily member 9,spancache
Q8NG92,OR13H1,Olfactory receptor 13H1,spancache
Q8WYK1,CNTNAP5,Contactin-associated protein-like 5,spancache
Q8IXH8,CDH26,Cadherin-like protein 26,spancache
Q9HBE5,IL21R,Interleukin-21 receptor,spancache
Q99884,SLC6A7,Sodium-dependent proline transporter,spancache
Q9UIK5,TMEFF2,Tomoregulin-2,spancache
P30301,MIP,Lens fiber major intrinsic protein,spancache
Q8NGJ9,OR51T1,Olfactory receptor 51T1,spancache
P46095,GPR6,G protein-coupled receptor 6,spancache
Q9GZQ6,NPFFR1,Neuropeptide FF receptor 1,spancache
Q9Y2Y6,TMEM98,Transmembrane protein 98,spancache
P40126,DCT,L-dopachrome tautomerase,spancache
Q9NY37,ASIC5,Bile acid-sensitive ion channel,spancache
P21731,TBXA2R,Thromboxane A2 receptor,spancache
Q14721,KCNB1,Potassium voltage-gated channel subfamily B member 1,spancache
Q96P68,OXGR1,2-oxoglutarate receptor 1,spancache
Q7Z4J2,GLT6D1,Putative glycosyltransferase 6 domain-containing protein 1,spancache
P0C623,OR4Q2,Olfactory receptor 4Q2,spancache
P27449,ATP6V0C,V-type proton ATPase 16 kDa proteolipid subunit c,spancache
B0YJ81,HACD1,Very-long-chain (3R)-3-hydroxyacyl-CoA dehydratase 1,spancache
Q8NGP3,OR5M9,Olfactory receptor 5M9,spancache
Q13948,CUX1,Protein CASP,spancache
Q8TCG5,CPT1C,Palmitoyl thioesterase CPT1C,spancache
Q5JUK3,KCNT1,Potassium channel subfamily T member 1,spancache
O15529,GPR42,G protein-coupled receptor 42,spancache
Q6PIU2,NCEH1,Neutral cholesterol ester hydrolase 1,spancache
Q9NTG1,PKDREJ,Polycystin family receptor for egg jelly,spancache
Q9HAR2,ADGRL3,Adhesion G protein-coupled receptor L3,spancache
Q92823,NRCAM,Neuronal cell adhesion molecule,spancache
Q8NH69,OR5W2,Olfactory receptor 5W2,spancache
Q7Z404,TMC4,Voltage-gated chloride channel TMC4,spancache
Q8IZF5,ADGRF3,Adhesion G protein-coupled receptor F3,spancache
Q7Z7M9,GALNT5,Polypeptide N-acetylgalactosaminyltransferase 5,spancache
P14415,ATP1B2,Sodium/potassium-transporting ATPase subunit beta-2,spancache
P17948,FLT1,Vascular endothelial growth factor receptor 1,spancache
Q6UXE8,BTNL3,Butyrophilin-like protein 3,spancache
P07359,GP1BA,Platelet glycoprotein Ib alpha chain,spancache
Q9H1D0,TRPV6,Transient receptor potential cation channel subfamily V member 6,spancache
P23763,VAMP1,Vesicle-associated membrane protein 1,spancache
P0C646,OR52Z1P,Olfactory receptor 52Z1P,spancache
Q8NG81,OR2M7,Olfactory receptor 2M7,spancache
Q9Y663,HS3ST3A1,Heparan sulfate glucosamine 3-O-sulfotransferase 3A1,spancache
Q5VY80,RAET1L,UL16-binding protein 6,spancache
P26715,KLRC1,NKG2-A/NKG2-B type II integral membrane protein,spancache
Q8TCU5,GRIN3A,"Glutamate receptor ionotropic, NMDA 3A",spancache
Q902F9,HERVK_113,Endogenous retrovirus group K member 113 Env polyprotein,spancache
Q9Y6N8,CDH10,Cadherin-10,spancache
Q8NFZ8,CADM4,Cell adhesion molecule 4,spancache
Q13683,ITGA7,Integrin alpha-7,spancache
O43556,SGCE,Epsilon-sarcoglycan,spancache
Q92692,NECTIN2,Nectin-2,spancache
O94823,ATP10B,Phospholipid-transporting ATPase VB,spancache
Q9BSR8,YIPF4,Protein YIPF4,spancache
Q04900,CD164,Sialomucin core protein 24,spancache
Q13061,TRDN,Triadin,spancache
Q8N967,LRTM2,Leucine-rich repeat and transmembrane domain-containing protein 2,spancache
O15162,PLSCR1,Phospholipid scramblase 1,spancache
P61647,ST8SIA6,"Alpha-2,8-sialyltransferase 8F",spancache
A1L3X0,ELOVL7,Very long chain fatty acid elongase 7,spancache
Q96P31,FCRL3,Fc receptor-like protein 3,spancache
P35499,SCN4A,Sodium channel protein type 4 subunit alpha,spancache
Q8NH01,OR2T11,Olfactory receptor 2T11,spancache
P05067,APP,Amyloid-beta precursor protein,spancache
Q9Y328,NSG2,Neuronal vesicle trafficking-associated protein 2,spancache
Q9NZ94,NLGN3,Neuroligin-3,spancache
Q3KNT9,TMEM95,Sperm-egg fusion protein TMEM95,spancache
Q9Y6X5,ENPP4,Bis(5'-adenosyl)-triphosphatase ENPP4,spancache
Q9NYQ6,CELSR1,Cadherin EGF LAG seven-pass G-type receptor 1,spancache
Q8NH89,OR5AK3P,Olfactory receptor 5AK3,spancache
Q86WI1,PKHD1L1,Fibrocystin-L,spancache
Q8WVP7,LMBR1,Limb region 1 protein homolog,spancache
Q5TFQ8,SIRPB1,Signal-regulatory protein beta-1 isoform 3,spancache
O60512,B4GALT3,"Beta-1,4-galactosyltransferase 3",spancache
Q8N0Y5,OR8I2,Olfactory receptor 8I2,spancache
Q9BY67,CADM1,Cell adhesion molecule 1,spancache
Q13410,BTN1A1,Butyrophilin subfamily 1 member A1,spancache
O43157,PLXNB1,Plexin-B1,spancache
O75923,DYSF,Dysferlin,spancache
Q92887,ABCC2,ATP-binding cassette sub-family C member 2,spancache
P0DKB5,TPBGL,Trophoblast glycoprotein-like,spancache
Q16827,PTPRO,Receptor-type tyrosine-protein phosphatase O,spancache
Q5U4P2,ASPHD1,Aspartate beta-hydroxylase domain-containing protein 1,spancache
Q8NHU3,SGMS2,Phosphatidylcholine:ceramide cholinephosphotransferase 2,spancache
Q86UG4,SLCO6A1,Solute carrier organic anion transporter family member 6A1,spancache
Q13639,HTR4,5-hydroxytryptamine receptor 4,spancache
O15431,SLC31A1,High affinity copper uptake protein 1,spancache
Q86UN3,RTN4RL2,Reticulon-4 receptor-like 2,spancache
Q8N5K1,CISD2,CDGSH iron-sulfur domain-containing protein 2,spancache
Q8NGK2,OR52B4,Olfactory receptor 52B4,spancache
Q9HD43,PTPRH,Receptor-type tyrosine-protein phosphatase H,spancache
O60636,TSPAN2,Tetraspanin-2,spancache
Q96RB7,OR5M11,Olfactory receptor 5M11,spancache
Q8NGY3,OR6K3,Olfactory receptor 6K3,spancache
P19320,VCAM1,Vascular cell adhesion protein 1,spancache
Q92956,TNFRSF14,Tumor necrosis factor receptor superfamily member 14,spancache
Q8NGN7,OR10D4P,Putative olfactory receptor 10D4,spancache
Q86XM0,CATSPERD,Cation channel sperm-associated auxiliary subunit delta,spancache
P01732,CD8A,T-cell surface glycoprotein CD8 alpha chain,spancache
Q96NU0,CNTNAP3B,Contactin-associated protein-like 3B,spancache
P25024,CXCR1,C-X-C chemokine receptor type 1,spancache
Q9NR96,TLR9,Toll-like receptor 9,spancache
Q99679,GPR21,Probable G protein-coupled receptor 21,spancache
Q53FP2,TMEM35A,Novel acetylcholine receptor chaperone,spancache
Q6ZS10,CLEC17A,"C-type lectin domain family 17, member A",spancache
P58400,NRXN1,Neurexin-1-beta,spancache
P41273,TNFSF9,Tumor necrosis factor ligand superfamily member 9,spancache
P32926,DSG3,Desmoglein-3,spancache
P58180,OR4D2,Olfactory receptor 4D2,spancache
Q9ULW2,FZD10,Frizzled-10,spancache
Q2QL34,MPV17L,Mpv17-like protein,spancache
O60896,RAMP3,Receptor activity-modifying protein 3,spancache
Q9Y5Y3,GPR45,Probable G protein-coupled receptor 45,spancache
Q86T26,TMPRSS11B,Transmembrane protease serine 11B,spancache
Q9UHI5,SLC7A8,Large neutral amino acids transporter small subunit 2,spancache
Q6UXG3,CD300LG,CMRF35-like molecule 9,spancache
O14569,CYB561D2,Transmembrane reductase CYB561D2,spancache
Q8WVV5,BTN2A2,Butyrophilin subfamily 2 member A2,spancache
Q8NGK9,OR5D16,Olfactory receptor 5D16,spancache
Q9NPZ5,B3GAT2,Galactosylgalactosylxylosylprotein 3-beta-glucuronosyltransferase 2,spancache
Q6P4F1,POFUT3,GDP-fucose protein O-fucosyltransferase 3,spancache
P22223,CDH3,Cadherin-3,spancache
Q9BY19,MS4A8,Membrane-spanning 4-domains subfamily A member 8,spancache
P48509,CD151,CD151 antigen,spancache
Q9NXG6,P4HTM,Transmembrane prolyl 4-hydroxylase,spancache
Q6P531,GGT6,Glutathione hydrolase 6,spancache
Q9Y5F6,PCDHGC5,Protocadherin gamma-C5,spancache
P22794,EVI2A,Protein EVI2A,spancache
Q92633,LPAR1,Lysophosphatidic acid receptor 1,spancache
Q02487,DSC2,Desmocollin-2,spancache
Q8NGA4,GPR32P1,Putative G protein-coupled receptor GPR32P1,spancache
Q96KK4,OR10C1,Olfactory receptor 10C1,spancache
O14894,TM4SF5,Transmembrane 4 L6 family member 5,spancache
Q9H172,ABCG4,ATP-binding cassette sub-family G member 4,spancache
Q8NGI4,OR4D11,Olfactory receptor 4D11,spancache
Q07699,SCN1B,Sodium channel regulatory subunit beta-1,spancache
Q8WVQ1,CANT1,Soluble calcium-activated nucleotidase 1,spancache
Q8WWP7,GIMAP1,GTPase IMAP family member 1,spancache
Q9BTX1,NDC1,Nucleoporin NDC1,spancache
Q14118,DAG1,Dystroglycan 1,spancache
Q6IWH7,ANO7,Anoctamin-7,spancache
Q15619,OR1C1,Olfactory receptor 1C1,spancache
O95210,STBD1,Starch-binding domain-containing protein 1,spancache
Q2VWP7,PRTG,Protogenin,spancache
Q5VZR4,SLC71A3P,Putative solute carrier family 71 member 3,spancache
P12314,FCGR1A,High affinity immunoglobulin gamma Fc receptor I,spancache
Q15629,TRAM1,Translocating chain-associated membrane protein 1,spancache
Q0VDE8,ADIG,Adipogenin,spancache
O95406,CNIH1,Protein cornichon homolog 1,spancache
Q6GPH6,ITPRIPL1,"Inositol 1,4,5-trisphosphate receptor-interacting protein-like 1",spancache
Q8NH56,OR52N5,Olfactory receptor 52N5,spancache
Q99805,TM9SF2,Transmembrane 9 superfamily member 2,spancache
Q9Y5X5,NPFFR2,Neuropeptide FF receptor 2,spancache
P22748,CA4,Carbonic anhydrase 4,spancache
Q6ZRH7,CATSPERG,Cation channel sperm-associated auxiliary subunit gamma,spancache
Q9UP95,SLC12A4,Solute carrier family 12 member 4,spancache
A8MV81,HIGD1C,HIG1 domain family member 1C,spancache
O60403,OR10H2,Olfactory receptor 10H2,spancache
Q9Y4A9,OR10H1,Olfactory receptor 10H1,spancache
Q8NGL9,OR4C16,Olfactory receptor 4C16,spancache
Q8TBG9,SYNPR,Synaptoporin,spancache
Q13421,MSLN,Mesothelin,spancache
Q9HDD0,PLAAT1,Phospholipase A and acyltransferase 1,spancache
Q9UQC9,CLCA2,Calcium-activated chloride channel regulator 2,spancache
Q969P0,IGSF8,Immunoglobulin superfamily member 8,spancache
O60486,PLXNC1,Plexin-C1,spancache
Q99965,ADAM2,Disintegrin and metalloproteinase domain-containing protein 2,spancache
P29016,CD1B,T-cell surface glycoprotein CD1b,spancache
P34925,RYK,Inactive tyrosine-protein kinase RYK,spancache
Q9H4A9,DPEP2,Dipeptidase 2,spancache
Q9Y5E9,PCDHB14,Protocadherin beta-14,spancache
Q16819,MEP1A,Meprin A subunit alpha,spancache
Q13563,PKD2,Polycystin-2,spancache
P10620,MGST1,Microsomal glutathione S-transferase 1,spancache
Q8IYL9,GPR65,G protein-coupled receptor 65,spancache
Q7Z3B1,NEGR1,Neuronal growth regulator 1,spancache
O94766,B3GAT3,Galactosylgalactosylxylosylprotein 3-beta-glucuronosyltransferase 3,spancache
Q9NZM1,MYOF,Myoferlin,spancache
Q9UPI3,FLVCR2,Choline/ethanolamine transporter FLVCR2,spancache
Q9H4B8,DPEP3,Dipeptidase 3,spancache
Q92537,SUSD6,Sushi domain-containing protein 6,spancache
Q14524,SCN5A,Sodium channel protein type 5 subunit alpha,spancache
Q93063,EXT2,Exostosin-2,spancache
O75508,CLDN11,Claudin-11,spancache
P35575,G6PC1,Glucose-6-phosphatase catalytic subunit 1,spancache
Q9UBD6,RHCG,Ammonium transporter Rh type C,spancache
Q2WGJ8,CATSPERQ,Cation channel sperm-associated auxiliary subunit theta,spancache
P49683,PRLHR,Prolactin-releasing peptide receptor,spancache
Q9UN76,SLC6A14,Sodium- and chloride-dependent neutral and basic amino acid transporter B(0+),spancache
Q8NGE2,OR2AP1,Olfactory receptor 2AP1,spancache
Q9C0A0,CNTNAP4,Contactin-associated protein-like 4,spancache
O95800,GPR75,Probable G protein-coupled receptor 75,spancache
P04439,HLA-A,"HLA class I histocompatibility antigen, A alpha chain",spancache
Q5VV63,ATRNL1,Attractin-like protein 1,spancache
P42167,TMPO,"Lamina-associated polypeptide 2, isoforms beta/gamma",spancache
Q9Y5Q0,FADS3,Fatty acid desaturase 3,spancache
Q9C0H2,TTYH3,Protein tweety homolog 3,spancache
Q9Y5S1,TRPV2,Transient receptor potential cation channel subfamily V member 2,spancache
Q01718,MC2R,Adrenocorticotropic hormone receptor,spancache
Q86UE6,LRRTM1,Leucine-rich repeat transmembrane neuronal protein 1,spancache
Q8IU57,IFNLR1,Interferon lambda receptor 1,spancache
P16234,PDGFRA,Platelet-derived growth factor receptor alpha,spancache
Q9NR82,KCNQ5,Potassium voltage-gated channel subfamily KQT member 5,spancache
Q6IFH4,OR6B2,Olfactory receptor 6B2,spancache
P31994,FCGR2B,Low affinity immunoglobulin gamma Fc region receptor II-b,spancache
P20036,HLA-DPA1,"HLA class II histocompatibility antigen, DP alpha 1 chain",spancache
Q9UN71,PCDHGB4,Protocadherin gamma-B4,spancache
Q5SSG8,MUC21,Mucin-21,spancache
Q8N149,LILRA2,Leukocyte immunoglobulin-like receptor subfamily A member 2,spancache
P35368,ADRA1B,Alpha-1B adrenergic receptor,spancache
Q86YD5,LDLRAD3,Low-density lipoprotein receptor class A domain-containing protein 3,spancache
O75019,LILRA1,Leukocyte immunoglobulin-like receptor subfamily A member 1,spancache
Q8NFK1,GJC3,Gap junction gamma-3 protein,spancache
Q12912,IRAG2,"Inositol 1,4,5-triphosphate receptor associated 2",spancache
Q9NRY7,PLSCR2,Phospholipid scramblase 2,spancache
Q96P66,GPR101,Probable G protein-coupled receptor 101,spancache
Q9BVH7,ST6GALNAC5,"Alpha-N-acetylgalactosaminide alpha-2,6-sialyltransferase 5",spancache
Q9GZZ7,GFRA4,GDNF family receptor alpha-4,spancache
O95237,LRAT,Lecithin retinol acyltransferase,spancache
Q99527,GPER1,G protein-coupled estrogen receptor 1,spancache
P15391,CD19,B-lymphocyte antigen CD19,spancache
P32238,CCKAR,Cholecystokinin receptor type A,spancache
Q5ZPR3,CD276,CD276 antigen,spancache
Q15615,OR4D1,Olfactory receptor 4D1,spancache
Q9Y5F2,PCDHB11,Protocadherin beta-11,spancache
Q9NQ40,SLC52A3,"Solute carrier family 52, riboflavin transporter, member 3",spancache
Q86XQ3,CATSPER3,Cation channel sperm-associated protein 3,spancache
P20292,ALOX5AP,Arachidonate 5-lipoxygenase-activating protein,spancache
O60706,ABCC9,ATP-binding cassette sub-family C member 9,spancache
Q8N2G4,LYPD1,Ly6/PLAUR domain-containing protein 1,spancache
Q9NTN9,SEMA4G,Semaphorin-4G,spancache
Q8NH94,OR1L1,Olfactory receptor 1L1,spancache
O60243,HS6ST1,Heparan-sulfate 6-O-sulfotransferase 1,spancache
O00341,SLC1A7,Excitatory amino acid transporter 5,spancache
Q8N428,GALNT16,Polypeptide N-acetylgalactosaminyltransferase 16,spancache
Q96H15,TIMD4,T-cell immunoglobulin and mucin domain-containing protein 4,spancache
Q9HBG7,LY9,T-lymphocyte surface antigen Ly-9,spancache
P25025,CXCR2,C-X-C chemokine receptor type 2,spancache
Q9H3T2,SEMA6C,Semaphorin-6C,spancache
Q8NGY2,OR6K2,Olfactory receptor 6K2,spancache
P51512,MMP16,Matrix metalloproteinase-16,spancache
B6SEH8,ERVV-1,Endogenous retrovirus group V member 1 Env polyprotein,spancache
Q9NZU1,FLRT1,Leucine-rich repeat transmembrane protein FLRT1,spancache
P41180,CASR,Extracellular calcium-sensing receptor,spancache
P08247,SYP,Synaptophysin,spancache
Q9UGF5,OR14J1,Olfactory receptor 14J1,spancache
P11717,IGF2R,Cation-independent mannose-6-phosphate receptor,spancache
O60478,GPR137B,Integral membrane protein GPR137B,spancache
O00548,DLL1,Delta-like protein 1,spancache
O15244,SLC22A2,Solute carrier family 22 member 2,spancache
P08034,GJB1,Gap junction beta-1 protein,spancache
Q9ULZ9,MMP17,Matrix metalloproteinase-17,spancache
Q9Y226,SLC22A13,Solute carrier family 22 member 13,spancache
Q8IWA5,SLC44A2,Choline transporter-like protein 2,spancache
Q8NGS1,OR1J4,Olfactory receptor 1J4,spancache
Q8N441,FGFRL1,Fibroblast growth factor receptor-like 1,spancache
Q9UL51,HCN2,Potassium/sodium hyperpolarization-activated cyclic nucleotide-gated channel 2,spancache
Q9NP99,TREM1,Triggering receptor expressed on myeloid cells 1,spancache
P21589,NT5E,5'-nucleotidase,spancache
Q8NGV5,OR13D1,Olfactory receptor 13D1,spancache
Q9H6B4,CLMP,CXADR-like membrane protein,spancache
Q8WWV6,FCAMR,High affinity immunoglobulin alpha and immunoglobulin mu Fc receptor,spancache
Q8N271,PROM2,Prominin-2,spancache
Q6P9G4,TMEM154,Transmembrane protein 154,spancache
Q8NH08,OR10AC1,Olfactory receptor 10AC1,spancache
Q96KA5,CLPTM1L,Lipid scramblase CLPTM1L,spancache
Q9UKU6,TRHDE,Thyrotropin-releasing hormone-degrading ectoenzyme,spancache
Q9UPU3,SORCS3,VPS10 domain-containing receptor SorCS3,spancache
O95944,NCR2,Natural cytotoxicity triggering receptor 2,spancache
P47900,P2RY1,P2Y purinoceptor 1,spancache
P22897,MRC1,Macrophage mannose receptor 1,spancache
P17302,GJA1,Gap junction alpha-1 protein,spancache
P49810,PSEN2,Presenilin-2,spancache
Q9NXL6,SIDT1,SID1 transmembrane family member 1,spancache
P16066,NPR1,Atrial natriuretic peptide receptor 1,spancache
P32302,CXCR5,C-X-C chemokine receptor type 5,spancache
Q92637,FCGR1BP,Putative high affinity immunoglobulin gamma Fc receptor IB,spancache
P80370,DLK1,Protein delta homolog 1,spancache
Q9NST1,PNPLA3,1-acylglycerol-3-phosphate O-acyltransferase PNPLA3,spancache
A6NKK0,OR5H1,Olfactory receptor 5H1,spancache
Q8IZF7,ADGRF2P,Putative adhesion G protein-coupled receptor F2P,spancache
Q9NUM4,TMEM106B,Transmembrane protein 106B,spancache
P23975,SLC6A2,Sodium-dependent noradrenaline transporter,spancache
P61550,ERVS71-1,Endogenous retrovirus group S71 member 1 Env polyprotein,spancache
Q8NGV6,OR5H6,Olfactory receptor 5H6,spancache
Q96E93,KLRG1,Killer cell lectin-like receptor subfamily G member 1,spancache
P58335,ANTXR2,Anthrax toxin receptor 2,spancache
A6NDH6,OR5H15,Olfactory receptor 5H15,spancache
Q9UGQ3,SLC2A6,"Solute carrier family 2, facilitated glucose transporter member 6",spancache
Q08554,DSC1,Desmocollin-1,spancache
P04233,CD74,HLA class II histocompatibility antigen gamma chain,spancache
Q8NGS9,OR13C2,Olfactory receptor 13C2,spancache
Q8NH80,OR10D3,Olfactory receptor 10D3,spancache
Q8NGE9,OR9Q2,Olfactory receptor 9Q2,spancache
Q8NHL6,LILRB1,Leukocyte immunoglobulin-like receptor subfamily B member 1,spancache
Q8IZJ1,UNC5B,Netrin receptor UNC5B,spancache
Q10589,BST2,Bone marrow stromal antigen 2,spancache
P17342,NPR3,Atrial natriuretic peptide receptor 3,spancache
A6ND01,IZUMO1R,Sperm-egg fusion protein Juno,spancache
Q9NVV5,AIG1,Androgen-induced gene 1 protein,spancache
Q8TDI8,TMC1,Transmembrane channel-like protein 1,spancache
Q96RJ3,TNFRSF13C,Tumor necrosis factor receptor superfamily member 13C,spancache
Q8NGP8,OR5M1,Olfactory receptor 5M1,spancache
Q99442,SEC62,Translocation protein SEC62,spancache
Q7Z602,GPR141,Probable G protein-coupled receptor 141,spancache
Q9H343,OR51I1,Olfactory receptor 51I1,spancache
Q8TB68,PRR7,Proline-rich protein 7,spancache
Q12981,BNIP1,Vesicle transport protein SEC20,spancache
Q96RI0,F2RL3,Proteinase-activated receptor 4,spancache
Q9ULG6,CCPG1,Cell cycle progression protein 1,spancache
Q5SZK8,FREM2,FRAS1-related extracellular matrix protein 2,spancache
P21217,FUT3,3-galactosyl-N-acetylglucosaminide 4-alpha-L-fucosyltransferase FUT3,spancache
Q9Y5F1,PCDHB12,Protocadherin beta-12,spancache
O43300,LRRTM2,Leucine-rich repeat transmembrane neuronal protein 2,spancache
Q9NU53,GINM1,Glycoprotein integral membrane protein 1,spancache
Q401N2,ZACN,Ligand-gated cation channel ZACN,spancache
Q8ND94,LRRN4CL,LRRN4 C-terminal-like protein,spancache
O95185,UNC5C,Netrin receptor UNC5C,spancache
P20333,TNFRSF1B,Tumor necrosis factor receptor superfamily member 1B,spancache
Q7Z692,CEACAM19,Cell adhesion molecule CEACAM19,spancache
P55287,CDH11,Cadherin-11,spancache
Q9H5K3,POMK,Protein O-mannose kinase,spancache
Q9NS68,TNFRSF19,Tumor necrosis factor receptor superfamily member 19,spancache
Q8NH74,OR10A6,Olfactory receptor 10A6,spancache
Q15762,CD226,CD226 antigen,spancache
Q5T4T1,TMEM170B,Transmembrane protein 170B,spancache
O95622,ADCY5,Adenylate cyclase type 5,spancache
Q9P2W7,B3GAT1,Galactosylgalactosylxylosylprotein 3-beta-glucuronosyltransferase 1,spancache
Q5JPE7,NOMO2,BOS complex subunit NOMO2,spancache
Q6IFG1,OR52E8,Olfactory receptor 52E8,spancache
Q8NGI0,OR52N2,Olfactory receptor 52N2,spancache
A8MXK1,VSTM5,V-set and transmembrane domain-containing protein 5,spancache
Q9NR16,CD163L1,Scavenger receptor cysteine-rich type 1 protein M160,spancache
Q8NCL8,TMEM116,Transmembrane protein 116,spancache
Q6U841,SLC4A10,Sodium-driven chloride bicarbonate exchanger,spancache
P30203,CD6,T-cell differentiation antigen CD6,spancache
O14735,CDIPT,CDP-diacylglycerol--inositol 3-phosphatidyltransferase,spancache
Q14246,ADGRE1,Adhesion G protein-coupled receptor E1,spancache
P30542,ADORA1,Adenosine receptor A1,spancache
P59551,TAS2R60,Taste receptor type 2 member 60,spancache
Q6NVV3,NIPAL1,Magnesium transporter NIPA3,spancache
O75477,ERLIN1,Erlin-1,spancache
P33908,MAN1A1,"Mannosyl-oligosaccharide 1,2-alpha-mannosidase IA",spancache
O14668,PRRG1,Transmembrane gamma-carboxyglutamic acid protein 1,spancache
P29965,CD40LG,CD40 ligand,spancache
Q9UN67,PCDHB10,Protocadherin beta-10,spancache
Q8WW62,TMED6,Transmembrane emp24 domain-containing protein 6,spancache
Q86SF2,GALNT7,N-acetylgalactosaminyltransferase 7,spancache
Q9UHW9,SLC12A6,Solute carrier family 12 member 6,spancache
P08962,CD63,CD63 antigen,spancache
O15127,SCAMP2,Secretory carrier-associated membrane protein 2,spancache
Q9H313,TTYH1,Protein tweety homolog 1,spancache
Q6UWR7,ENPP6,Glycerophosphocholine cholinephosphodiesterase ENPP6,spancache
Q96R28,OR2M2,Olfactory receptor 2M2,spancache
Q8TCT8,SPPL2A,Signal peptide peptidase-like 2A,spancache
Q5QGZ9,CLEC12A,C-type lectin domain family 12 member A,spancache
Q9H2E6,SEMA6A,Semaphorin-6A,spancache
Q13705,ACVR2B,Activin receptor type-2B,spancache
Q8J025,APCDD1,Protein APCDD1,spancache
Q96RD1,OR6C1,Olfactory receptor 6C1,spancache
Q9NY64,SLC2A8,"Solute carrier family 2, facilitated glucose transporter member 8",spancache
Q7Z601,GPR142,G protein-coupled receptor 142,spancache
P98161,PKD1,Polycystin-1,spancache
Q5T601,ADGRF1,Adhesion G protein-coupled receptor F1,spancache
A2RUT3,TMEM89,Transmembrane protein 89,spancache
Q969Z4,RELT,Tumor necrosis factor receptor superfamily member 19L,spancache
P21854,CD72,B-cell differentiation antigen CD72,spancache
O43526,KCNQ2,Potassium voltage-gated channel subfamily KQT member 2,spancache
Q12846,STX4,Syntaxin-4,spancache
Q0D2K0,NIPAL4,Magnesium transporter NIPA4,spancache
Q8NGS3,OR1J1,Olfactory receptor 1J1,spancache
Q9UHI7,SLC23A1,Solute carrier family 23 member 1,spancache
O14975,SLC27A2,Long-chain fatty acid transport protein 2,spancache
O75460,ERN1,Serine/threonine-protein kinase/endoribonuclease IRE1,spancache
Q9BZA8,PCDH11Y,Protocadherin-11 Y-linked,spancache
Q9H3S1,SEMA4A,Semaphorin-4A,spancache
P29017,CD1C,T-cell surface glycoprotein CD1c,spancache
P48029,SLC6A8,Sodium- and chloride-dependent creatine transporter 1,spancache
Q14789,GOLGB1,Golgin subfamily B member 1,spancache
Q9H9P2,CHODL,Chondrolectin,spancache
P26572,MGAT1,"Alpha-1,3-mannosyl-glycoprotein 2-beta-N-acetylglucosaminyltransferase",spancache
Q8N8Q9,NIPA2,Magnesium transporter NIPA2,spancache
P43004,SLC1A2,Excitatory amino acid transporter 2,spancache
Q8TDV0,GPR151,G protein-coupled receptor 151,spancache
P49281,SLC11A2,Natural resistance-associated macrophage protein 2,spancache
P08582,MELTF,Melanotransferrin,spancache
Q96R45,OR2A7,Olfactory receptor 2A7,spancache
Q9Y3P8,SIT1,Signaling threshold-regulating transmembrane adapter 1,spancache
Q5R3F8,ELFN2,Protein phosphatase 1 regulatory subunit 29,spancache
Q96RD3,OR52E6,Olfactory receptor 52E6,spancache
Q9HCL0,PCDH18,Protocadherin-18,spancache
Q07075,ENPEP,Glutamyl aminopeptidase,spancache
Q86XK7,VSIG1,V-set and immunoglobulin domain-containing protein 1,spancache
Q6DD88,ATL3,Atlastin-3,spancache
Q8IW52,SLITRK4,SLIT and NTRK-like protein 4,spancache
Q07001,CHRND,Acetylcholine receptor subunit delta,spancache
O60883,GPR37L1,G protein-coupled receptor 37-like 1,spancache
Q8NGJ6,OR51A4,Olfactory receptor 51A4,spancache
Q8NHC7,OR14C36,Olfactory receptor 14C36,spancache
Q5T442,GJC2,Gap junction gamma-2 protein,spancache
Q8IZF3,ADGRF4,Adhesion G protein-coupled receptor F4,spancache
Q9BY21,GPR87,G protein-coupled receptor 87,spancache
Q8NG99,OR7G2,Olfactory receptor 7G2,spancache
O43286,B4GALT5,"Beta-1,4-galactosyltransferase 5",spancache
Q96QT4,TRPM7,Transient receptor potential cation channel subfamily M member 7,spancache
P30926,CHRNB4,Neuronal acetylcholine receptor subunit beta-4,spancache
Q8NGZ2,OR14K1,Olfactory receptor 14K1,spancache
A0ZSE6,TMEM30CP,Cell cycle control protein 50C,spancache
P41440,SLC19A1,Reduced folate transporter,spancache
Q8WZA1,POMGNT1,"Protein O-linked-mannose beta-1,2-N-acetylglucosaminyltransferase 1",spancache
P23276,KEL,Kell blood group glycoprotein,spancache
Q8N609,TRAM1L1,Translocating chain-associated membrane protein 1-like 1,spancache
O15303,GRM6,Metabotropic glutamate receptor 6,spancache
Q16099,GRIK4,"Glutamate receptor ionotropic, kainate 4",spancache
Q01740,FMO1,Flavin-containing monooxygenase 1,spancache
P55061,TMBIM6,Bax inhibitor 1,spancache
Q9Y274,ST3GAL6,"Type 2 lactosamine alpha-2,3-sialyltransferase",spancache
Q6XYQ8,SYT10,Synaptotagmin-10,spancache
O00337,SLC28A1,Sodium/nucleoside cotransporter 1,spancache
Q9UHF4,IL20RA,Interleukin-20 receptor subunit alpha,spancache
Q8TCB6,OR51E1,Olfactory receptor 51E1,spancache
Q8N0W4,NLGN4X,"Neuroligin-4, X-linked",spancache
O43184,ADAM12,Disintegrin and metalloproteinase domain-containing protein 12,spancache
Q8TDW7,FAT3,Protocadherin Fat 3,spancache
Q9P126,CLEC1B,C-type lectin domain family 1 member B,spancache
Q9Y6W8,ICOS,Inducible T-cell costimulator,spancache
Q9Y5G9,PCDHGA4,Protocadherin gamma-A4,spancache
Q96AD5,PNPLA2,Patatin-like phospholipase domain-containing protein 2,spancache
P58173,OR2B6,Olfactory receptor 2B6,spancache
P78562,PHEX,Phosphate-regulating neutral endopeptidase PHEX,spancache
Q9UKY0,PRND,Prion-like protein doppel,spancache
Q8IZ52,CHPF,"Chondroitin polymerizing factor, non-catalytic subunit",spancache
Q8NGG3,OR5T3,Olfactory receptor 5T3,spancache
Q7Z442,PKD1L2,Polycystin-1-like protein 2,spancache
Q8NGL3,OR5D14,Olfactory receptor 5D14,spancache
Q9Y3Q0,NAALAD2,N-acetylated-alpha-linked acidic dipeptidase 2,spancache
P39086,GRIK1,"Glutamate receptor ionotropic, kainate 1",spancache
P04216,THY1,Thy-1 membrane glycoprotein,spancache
Q5VTT2,CFAP95,Cilia- and flagella-associated protein 95,spancache
P08637,FCGR3A,Low affinity immunoglobulin gamma Fc region receptor III-A,spancache
Q8NH83,OR4A5,Olfactory receptor 4A5,spancache
P58743,SLC26A5,Prestin,spancache
Q6UXL0,IL20RB,Interleukin-20 receptor subunit beta,spancache
P79483,HLA-DRB3,"HLA class II histocompatibility antigen, DR beta 3 chain",spancache
O15342,ATP6V0E1,V-type proton ATPase subunit e 1,spancache
Q9BXS0,COL25A1,Collagen alpha-1(XXV) chain,spancache
Q9NPF2,CHST11,Carbohydrate sulfotransferase 11,spancache
Q8N6P7,IL22RA1,Interleukin-22 receptor subunit alpha-1,spancache
Q8NGQ3,OR1S2,Olfactory receptor 1S2,spancache
P13762,HLA-DRB4,"HLA class II histocompatibility antigen, DR beta 4 chain",spancache
O60931,CTNS,Cystinosin,spancache
Q9Y5Y0,FLVCR1,Choline/ethanolamine transporter FLVCR1,spancache
P17787,CHRNB2,Neuronal acetylcholine receptor subunit beta-2,spancache
Q5JRS4,OR10J3,Olfactory receptor 10J3,spancache
Q8NGV7,OR5H2,Olfactory receptor 5H2,spancache
Q6ZMH5,SLC39A5,Zinc transporter ZIP5,spancache
Q9UN74,PCDHA4,Protocadherin alpha-4,spancache
O75197,LRP5,Low-density lipoprotein receptor-related protein 5,spancache
Q9UKZ4,TENM1,Teneurin-1,spancache
Q9NS67,GPR27,Probable G protein-coupled receptor 27,spancache
Q86Y34,ADGRG3,Adhesion G protein-coupled receptor G3,spancache
Q9H3R1,NDST4,N-heparan sulfate sulfotransferase 4,spancache
Q9H3R2,MUC13,Mucin-13,spancache
Q96GW7,BCAN,Brevican core protein,spancache
P46092,CCR10,C-C chemokine receptor type 10,spancache
Q13258,PTGDR,Prostaglandin D2 receptor,spancache
Q08345,DDR1,Epithelial discoidin domain-containing receptor 1,spancache
P43630,KIR3DL2,Killer cell immunoglobulin-like receptor 3DL2,spancache
Q9NRZ7,AGPAT3,1-acyl-sn-glycerol-3-phosphate acyltransferase gamma,spancache
Q5VW38,GPR107,Protein GPR107,spancache
P51575,P2RX1,P2X purinoceptor 1,spancache
O14495,PLPP3,Phospholipid phosphatase 3,spancache
O43462,MBTPS2,Membrane-bound transcription factor site-2 protease,spancache
Q8TCT6,SPPL3,Signal peptide peptidase-like 3,spancache
Q9BYC5,FUT8,"Alpha-(1,6)-fucosyltransferase",spancache
P41587,VIPR2,Vasoactive intestinal polypeptide receptor 2,spancache
Q9HBA0,TRPV4,Transient receptor potential cation channel subfamily V member 4,spancache
O94933,SLITRK3,SLIT and NTRK-like protein 3,spancache
P35613,BSG,Basigin,spancache
P17181,IFNAR1,Interferon alpha/beta receptor 1,spancache
Q8NGX2,OR2T35,Olfactory receptor 2T35,spancache
Q9HBX8,LGR6,Leucine-rich repeat-containing G protein-coupled receptor 6,spancache
Q86VH5,LRRTM3,Leucine-rich repeat transmembrane neuronal protein 3,spancache
Q8TE99,PXYLP1,2-phosphoxylose phosphatase 1,spancache
Q496H8,NRN1L,Neuritin-like protein,spancache
Q9UJ99,CDH22,Cadherin-22,spancache
P54760,EPHB4,Ephrin type-B receptor 4,spancache
Q9UIR0,BTNL2,Butyrophilin-like protein 2,spancache
Q8NGR4,OR5C1,Olfactory receptor 5C1,spancache
O95222,OR6A2,Olfactory receptor 6A2,spancache
Q8IV77,CNGA4,Cyclic nucleotide-gated channel alpha-4,spancache
Q8IZP7,HS6ST3,Heparan-sulfate 6-O-sulfotransferase 3,spancache
O15399,GRIN2D,"Glutamate receptor ionotropic, NMDA 2D",spancache
P78382,SLC35A1,CMP-sialic acid transporter,spancache
P35414,APLNR,Apelin receptor,spancache
P13866,SLC5A1,Sodium/glucose cotransporter 1,spancache
O15375,SLC16A5,Monocarboxylate transporter 6,spancache
Q7L1W4,LRRC8D,Volume-regulated anion channel subunit LRRC8D,spancache
Q16348,SLC15A2,Solute carrier family 15 member 2,spancache
Q8NGP0,OR4C13,Olfactory receptor 4C13,spancache
P04001,OPN1MW,Medium-wave-sensitive opsin 1,spancache
P56696,KCNQ4,Potassium voltage-gated channel subfamily KQT member 4,spancache
Q92187,ST8SIA4,"CMP-N-acetylneuraminate-poly-alpha-2,8-sialyltransferase",spancache
A6NM45,CLDN24,Claudin-24,spancache
P25103,TACR1,Substance-P receptor,spancache
Q9NRB3,CHST12,Carbohydrate sulfotransferase 12,spancache
P35410,MAS1L,Mas-related G protein-coupled receptor MRG,spancache
Q9ULX7,CA14,Carbonic anhydrase 14,spancache
A5D6W6,FITM1,Fat storage-inducing transmembrane protein 1,spancache
Q9NRS4,TMPRSS4,Transmembrane protease serine 4,spancache
P51693,APLP1,Amyloid beta precursor like protein 1,spancache
Q9ULB5,CDH7,Cadherin-7,spancache
P30518,AVPR2,Vasopressin V2 receptor,spancache
O75110,ATP9A,Probable phospholipid-transporting ATPase IIA,spancache
Q8NBR0,TP53I13,Tumor protein p53-inducible protein 13,spancache
Q8WV19,SFT2D1,Vesicle transport protein SFT2A,spancache
P43626,KIR2DL1,Killer cell immunoglobulin-like receptor 2DL1,spancache
P04156,PRNP,Major prion protein,spancache
O95150,TNFSF15,Tumor necrosis factor ligand superfamily member 15,spancache
Q6NV75,GPR153,Probable G protein-coupled receptor 153,spancache
Q86Y38,XYLT1,Xylosyltransferase 1,spancache
O94985,CLSTN1,Calsyntenin-1,spancache
P30511,HLA-F,"HLA class I histocompatibility antigen, alpha chain F",spancache
P34972,CNR2,Cannabinoid receptor 2,spancache
P17927,CR1,Complement receptor type 1,spancache
P48651,PTDSS1,Phosphatidylserine synthase 1,spancache
Q6ZMC9,SIGLEC15,Sialic acid-binding Ig-like lectin 15,spancache
Q495M3,SLC36A2,Proton-coupled amino acid transporter 2,spancache
Q96P56,CATSPER2,Cation channel sperm-associated protein 2,spancache
Q8N6C5,IGSF1,Immunoglobulin superfamily member 1,spancache
B6SEH9,ERVV-2,Endogenous retrovirus group V member 2 Env polyprotein,spancache
O15432,SLC31A2,Protein SLC31A2,spancache
Q96PQ0,SORCS2,VPS10 domain-containing receptor SorCS2,spancache
Q7Z3D4,LYSMD3,LysM and putative peptidoglycan-binding domain-containing protein 3,spancache
P25106,ACKR3,Atypical chemokine receptor 3,spancache
O95971,CD160,CD160 antigen,spancache
Q9H222,ABCG5,ATP-binding cassette sub-family G member 5,spancache
Q9GZP9,DERL2,Derlin-2,spancache
O15165,LDLRAD4,Low-density lipoprotein receptor class A domain-containing protein 4,spancache
Q8N1L4,CYP4Z2P,Putative inactive cytochrome P450 family member 4Z2,spancache
Q96A28,SLAMF9,SLAM family member 9,spancache
Q8N423,LILRB2,Leukocyte immunoglobulin-like receptor subfamily B member 2,spancache
P46094,XCR1,Chemokine XC receptor 1,spancache
Q9UIQ6,LNPEP,Leucyl-cystinyl aminopeptidase,spancache
Q9HBV2,SPACA1,Sperm acrosome membrane-associated protein 1,spancache
Q15116,PDCD1,Programmed cell death protein 1,spancache
Q14126,DSG2,Desmoglein-2,spancache
O14493,CLDN4,Claudin-4,spancache
P61009,SPCS3,Signal peptidase complex subunit 3,spancache
Q9Y3Q4,HCN4,Potassium/sodium hyperpolarization-activated cyclic nucleotide-gated channel 4,spancache
Q8N1M1,BEST3,Bestrophin-3,spancache
P28845,HSD11B1,11-beta-hydroxysteroid dehydrogenase 1,spancache
Q9NZ01,TECR,Very-long-chain enoyl-CoA reductase,spancache
Q9NZP0,OR6C3,Olfactory receptor 6C3,spancache
Q6P9A2,GALNT18,Polypeptide N-acetylgalactosaminyltransferase 18,spancache
O43581,SYT7,Synaptotagmin-7,spancache
Q8NGC9,OR11H4,Olfactory receptor 11H4,spancache
P50391,NPY4R,Neuropeptide Y receptor type 4,spancache
Q8N6M3,FITM2,Acyl-coenzyme A diphosphatase FITM2,spancache
P47890,OR1G1,Olfactory receptor 1G1,spancache
Q9NZQ7,CD274,Programmed cell death 1 ligand 1,spancache
Q6UXU6,TMEM92,Transmembrane protein 92,spancache
Q8NGG1,OR8J2,Olfactory receptor 8J2,spancache
Q8NFN8,GPR156,Probable G protein-coupled receptor 156,spancache
Q8NH59,OR51Q1,Olfactory receptor 51Q1,spancache
Q9ULV1,FZD4,Frizzled-4,spancache
Q13183,SLC13A2,Solute carrier family 13 member 2,spancache
Q9Y3A6,TMED5,Transmembrane emp24 domain-containing protein 5,spancache
Q8TCT9,HM13,Signal peptide peptidase,spancache
P05106,ITGB3,Integrin beta-3,spancache
O95484,CLDN9,Claudin-9,spancache
Q8NGQ6,OR9I1,Olfactory receptor 9I1,spancache
O14863,SLC30A4,Probable proton-coupled zinc antiporter SLC30A4,spancache
Q8NHB1,OR2V1,Olfactory receptor 2V1,spancache
Q9HA82,CERS4,Ceramide synthase 4,spancache
Q49A17,GALNTL6,Polypeptide N-acetylgalactosaminyltransferase-like 6,spancache
Q8NGU4,OR2I1,Putative olfactory receptor 2I1,spancache
Q8N6Y1,PCDH20,Protocadherin-20,spancache
Q9H2Y9,SLCO5A1,Solute carrier organic anion transporter family member 5A1,spancache
Q8NGI9,OR5A2,Olfactory receptor 5A2,spancache
P28223,HTR2A,5-hydroxytryptamine receptor 2A,spancache
Q86WC4,OSTM1,Osteopetrosis-associated transmembrane protein 1,spancache
Q8NGY5,OR6N1,Olfactory receptor 6N1,spancache
Q92847,GHSR,Growth hormone secretagogue receptor type 1,spancache
O95528,SLC2A10,"Solute carrier family 2, facilitated glucose transporter member 10",spancache
P16070,CD44,CD44 antigen,spancache
Q2LD37,BLTP1,Bridge-like lipid transfer protein family member 1,spancache
P04921,GYPC,Glycophorin-C,spancache
Q7RTX0,TAS1R3,Taste receptor type 1 member 3,spancache
Q9ULS6,KCNS2,Delayed-rectifier potassium channel regulatory subunit KCNS2,spancache
Q9NZD1,GPRC5D,G protein-coupled receptor family C group 5 member D,spancache
O95471,CLDN7,Claudin-7,spancache
P47872,SCTR,Secretin receptor,spancache
Q9UI40,SLC24A2,Sodium/potassium/calcium exchanger 2,spancache
A6NM10,AQP12B,Putative aquaporin-12B,spancache
Q9UGF6,OR5V1,Olfactory receptor 5V1,spancache
P16422,EPCAM,Epithelial cell adhesion molecule,spancache
Q9NS40,KCNH7,Voltage-gated inwardly rectifying potassium channel KCNH7,spancache
P18089,ADRA2B,Alpha-2B adrenergic receptor,spancache
Q8WWT9,SLC13A3,Na(+)/dicarboxylate cotransporter 3,spancache
Q14210,LY6D,Lymphocyte antigen 6D,spancache
O43567,RNF13,E3 ubiquitin-protein ligase RNF13,spancache
O14842,FFAR1,Free fatty acid receptor 1,spancache
Q15761,NPY5R,Neuropeptide Y receptor type 5,spancache
Q9NZ42,PSENEN,Gamma-secretase subunit PEN-2,spancache
Q9BSE2,TMEM79,Transmembrane protein 79,spancache
Q99250,SCN2A,Sodium channel protein type 2 subunit alpha,spancache
Q8N608,DPP10,Inactive dipeptidyl peptidase 10,spancache
Q7Z3C6,ATG9A,Autophagy-related protein 9A,spancache
Q86UD5,SLC9B2,Sodium/hydrogen exchanger 9B2,spancache
Q8IZF6,ADGRG4,Adhesion G protein-coupled receptor G4,spancache
P51685,CCR8,C-C chemokine receptor type 8,spancache
B0FP48,UPK3BL1,Uroplakin-3b-like protein 1,spancache
P30953,OR1E1,Olfactory receptor 1E1,spancache
Q16602,CALCRL,Calcitonin gene-related peptide type 1 receptor,spancache
P30874,SSTR2,Somatostatin receptor type 2,spancache
Q5H943,CT83,Kita-kyushu lung cancer antigen 1,spancache
Q6Q8B3,CD200R1L,Cell surface glycoprotein CD200 receptor 2,spancache
Q9UGH3,SLC23A2,Solute carrier family 23 member 2,spancache
Q13443,ADAM9,Disintegrin and metalloproteinase domain-containing protein 9,spancache
Q8NGW1,OR6B3,Olfactory receptor 6B3,spancache
O15146,MUSK,"Muscle, skeletal receptor tyrosine-protein kinase",spancache
Q8N3T1,GALNT15,Polypeptide N-acetylgalactosaminyltransferase 15,spancache
Q8N3J6,CADM2,Cell adhesion molecule 2,spancache
Q8TAQ9,SUN3,SUN domain-containing protein 3,spancache
P36888,FLT3,Receptor-type tyrosine-protein kinase FLT3,spancache
Q2M3T9,HYAL4,Hyaluronidase-4,spancache
Q9HBB8,CDHR5,Cadherin-related family member 5,spancache
Q8WTX9,ZDHHC1,Palmitoyltransferase ZDHHC1,spancache
P06731,CEACAM5,Cell adhesion molecule CEACAM5,spancache
P22607,FGFR3,Fibroblast growth factor receptor 3,spancache
P23468,PTPRD,Receptor-type tyrosine-protein phosphatase delta,spancache
Q6PI73,LILRA6,Leukocyte immunoglobulin-like receptor subfamily A member 6,spancache
Q01959,SLC6A3,Sodium-dependent dopamine transporter,spancache
Q9NQ60,EQTN,Equatorin,spancache
A6NIJ9,OR6C70,Olfactory receptor 6C70,spancache
Q9UN42,ATP1B4,Protein ATP1B4,spancache
O75355,ENTPD3,Ectonucleoside triphosphate diphosphohydrolase 3,spancache
P15813,CD1D,Antigen-presenting glycoprotein CD1d,spancache
Q9UEU0,VTI1B,Vesicle transport through interaction with t-SNAREs homolog 1B,spancache
Q13936,CACNA1C,Voltage-dependent L-type calcium channel subunit alpha-1C,spancache
Q92611,EDEM1,ER degradation-enhancing alpha-mannosidase-like protein 1,spancache
Q96R30,OR2V2,Olfactory receptor 2V2,spancache
Q68CQ7,GLT8D1,Glycosyltransferase 8 domain-containing protein 1,spancache
P26012,ITGB8,Integrin beta-8,spancache
Q86UP6,CUZD1,CUB and zona pellucida-like domain-containing protein 1,spancache
Q9UNL2,SSR3,Translocon-associated protein subunit gamma,spancache
P0C6T2,OST4,Dolichyl-diphosphooligosaccharide--protein glycosyltransferase subunit 4,spancache
Q9BV23,ABHD6,Monoacylglycerol lipase ABHD6,spancache
P48546,GIPR,Gastric inhibitory polypeptide receptor,spancache
Q15011,HERPUD1,Homocysteine-responsive endoplasmic reticulum-resident ubiquitin-like domain member 1 protein,spancache
P48230,TM4SF4,Transmembrane 4 L6 family member 4,spancache
Q9UBV7,B4GALT7,"Beta-1,4-galactosyltransferase 7",spancache
Q6ICH7,ASPHD2,Aspartate beta-hydroxylase domain-containing protein 2,spancache
P35372,OPRM1,Mu-type opioid receptor,spancache
O75379,VAMP4,Vesicle-associated membrane protein 4,spancache
Q96PE1,ADGRA2,Adhesion G protein-coupled receptor A2,spancache
P37287,PIGA,Phosphatidylinositol N-acetylglucosaminyltransferase subunit A,spancache
Q9UM00,TMCO1,Calcium load-activated calcium channel,spancache
Q9H6F2,TMEM38A,Trimeric intracellular cation channel type A,spancache
Q8NGJ7,OR51A2,Olfactory receptor 51A2,spancache
Q86SP6,GPR149,Probable G protein-coupled receptor 149,spancache
P51170,SCNN1G,Epithelial sodium channel subunit gamma,spancache
Q9Y5G7,PCDHGA6,Protocadherin gamma-A6,spancache
Q15758,SLC1A5,Neutral amino acid transporter B(0),spancache
P11168,SLC2A2,"Solute carrier family 2, facilitated glucose transporter member 2",spancache
Q29980,MICB,MHC class I polypeptide-related sequence B,spancache
Q8N9W7,,Putative transmembrane protein FLJ36131,spancache
Q9H3H5,DPAGT1,UDP-N-acetylglucosamine--dolichyl-phosphate N-acetylglucosaminephosphotransferase,spancache
Q13261,IL15RA,Interleukin-15 receptor subunit alpha,spancache
A0PJK1,SLC5A10,Sodium/mannose cotransporter SLC5A10,spancache
Q05586,GRIN1,"Glutamate receptor ionotropic, NMDA 1",spancache
Q5T7P8,SYT6,Synaptotagmin-6,spancache
O95371,OR2C1,Olfactory receptor 2C1,spancache
P16671,CD36,Platelet glycoprotein 4,spancache
P11362,FGFR1,Fibroblast growth factor receptor 1,spancache
Q16538,GPR162,Probable G protein-coupled receptor 162,spancache
A6NFU0,FAM187A,Ig-like V-type domain-containing protein FAM187A,spancache
Q9ULI3,HEG1,Protein HEG homolog 1,spancache
Q13002,GRIK2,"Glutamate receptor ionotropic, kainate 2",spancache
Q86VR2,RETREG3,Reticulophagy regulator 3,spancache
Q8TDV5,GPR119,Glucose-dependent insulinotropic receptor,spancache
P55085,F2RL1,Proteinase-activated receptor 2,spancache
Q8NFM7,IL17RD,Interleukin-17 receptor D,spancache
P32246,CCR1,C-C chemokine receptor type 1,spancache
Q8NH19,OR10AG1,Olfactory receptor 10AG1,spancache
P57103,SLC8A3,Sodium/calcium exchanger 3,spancache
Q9UJ42,GPR160,Probable G protein-coupled receptor 160,spancache
Q8NGP6,OR5M8,Olfactory receptor 5M8,spancache
P39656,DDOST,Dolichyl-diphosphooligosaccharide--protein glycosyltransferase 48 kDa subunit,spancache
Q8NGN2,OR10S1,Olfactory receptor 10S1,spancache
O75072,FKTN,Ribitol-5-phosphate transferase FKTN,spancache
Q9H1Y3,OPN3,Opsin-3,spancache
Q9BYG0,B3GNT5,"Lactosylceramide 1,3-N-acetyl-beta-D-glucosaminyltransferase",spancache
Q8NGC1,OR11G2,Olfactory receptor 11G2,spancache
Q99808,SLC29A1,Equilibrative nucleoside transporter 1,spancache
P25116,F2R,Proteinase-activated receptor 1,spancache
Q8N127,OR5AS1,Olfactory receptor 5AS1,spancache
Q9BUN8,DERL1,Derlin-1,spancache
Q5QJU3,ACER2,Alkaline ceramidase 2,spancache
O95772,STARD3NL,STARD3 N-terminal-like protein,spancache
Q9NS75,CYSLTR2,Cysteinyl leukotriene receptor 2,spancache
Q9P244,LRFN1,Leucine-rich repeat and fibronectin type III domain-containing protein 1,spancache
Q96PS8,AQP10,Aquaporin-10,spancache
Q6PI25,CNIH2,Protein cornichon homolog 2,spancache
Q495N2,SLC36A3,Proton-coupled amino acid transporter 3,spancache
Q9NPC1,LTB4R2,Leukotriene B4 receptor 2,spancache
Q9NZC3,GDE1,Glycerophosphodiester phosphodiesterase 1,spancache
A1A5B4,ANO9,Anoctamin-9,spancache
Q13508,ART3,Ecto-ADP-ribosyltransferase 3,spancache
O60635,TSPAN1,Tetraspanin-1,spancache
Q14627,IL13RA2,Interleukin-13 receptor subunit alpha-2,spancache
O95070,YIF1A,Protein YIF1A,spancache
Q9UKN1,MUC12,Mucin-12,spancache
Q8NGJ3,OR52E1,Olfactory receptor 52E1,spancache
Q96L08,SUSD3,Sushi domain-containing protein 3,spancache
Q9HCN6,GP6,Platelet glycoprotein VI,spancache
Q9UBM1,PEMT,Phosphatidylethanolamine N-methyltransferase,spancache
Q8NFU0,BEST4,Bestrophin-4,spancache
Q8NH92,OR1S1,Olfactory receptor 1S1,spancache
P40199,CEACAM6,Cell adhesion molecule CEACAM6,spancache
Q9P2U7,SLC17A7,Vesicular glutamate transporter 1,spancache
P14867,GABRA1,Gamma-aminobutyric acid receptor subunit alpha-1,spancache
P13598,ICAM2,Intercellular adhesion molecule 2,spancache
P02730,SLC4A1,Band 3 anion transport protein,spancache
P24394,IL4R,Interleukin-4 receptor subunit alpha,spancache
Q8NC67,NETO2,Neuropilin and tolloid-like protein 2,spancache
Q8IUH4,ZDHHC13,Palmitoyltransferase ZDHHC13,spancache
Q00973,B4GALNT1,"Beta-1,4 N-acetylgalactosaminyltransferase 1",spancache
O14788,TNFSF11,Tumor necrosis factor ligand superfamily member 11,spancache
P30988,CALCR,Calcitonin receptor,spancache
Q6ZS82,RGS9BP,Regulator of G protein signaling 9-binding protein,spancache
Q3KPI0,CEACAM21,Cell adhesion molecule CEACAM21,spancache
Q6PIU1,KCNV1,Potassium voltage-gated channel subfamily V member 1,spancache
Q13606,OR5I1,Olfactory receptor 5I1,spancache
Q96LA9,MRGPRX4,Mas-related G protein-coupled receptor member X4,spancache
Q8NGA1,OR1M1,Olfactory receptor 1M1,spancache
Q8NGZ9,OR2T10,Olfactory receptor 2T10,spancache
Q9Y5H4,PCDHGA1,Protocadherin gamma-A1,spancache
P15260,IFNGR1,Interferon gamma receptor 1,spancache
Q8N8Q1,CYB561D1,Probable transmembrane reductase CYB561D1,spancache
O76090,BEST1,Bestrophin-1,spancache
O60939,SCN2B,Sodium channel regulatory subunit beta-2,spancache
Q9Y320,TMX2,Thioredoxin-related transmembrane protein 2,spancache
O43921,EFNA2,Ephrin-A2,spancache
Q8NGX6,OR10R2,Olfactory receptor 10R2,spancache
P14151,SELL,L-selectin,spancache
O75311,GLRA3,Glycine receptor subunit alpha-3,spancache
P25105,PTAFR,Platelet-activating factor receptor,spancache
O15503,INSIG1,Insulin-induced gene 1 protein,spancache
P08172,CHRM2,Muscarinic acetylcholine receptor M2,spancache
P48169,GABRA4,Gamma-aminobutyric acid receptor subunit alpha-4,spancache
Q5BKT4,ALG10,"Dol-P-Glc:Glc(2)Man(9)GlcNAc(2)-PP-Dol alpha-1,2-glucosyltransferase A",spancache
P04440,HLA-DPB1,"HLA class II histocompatibility antigen, DP beta 1 chain",spancache
Q6V1P9,DCHS2,Protocadherin-23,spancache
O00254,F2RL2,Proteinase-activated receptor 3,spancache
Q8IXF9,AQP12A,Putative aquaporin-12A,spancache
Q8NGI6,OR4D10,Olfactory receptor 4D10,spancache
Q9UF33,EPHA6,Ephrin type-A receptor 6,spancache
P59901,LILRA4,Leukocyte immunoglobulin-like receptor subfamily A member 4,spancache
Q8NGG5,OR8K1,Olfactory receptor 8K1,spancache
P30872,SSTR1,Somatostatin receptor type 1,spancache
P56749,CLDN12,Claudin-12,spancache
Q9P2E9,RRBP1,Ribosome-binding protein 1,spancache
P06756,ITGAV,Integrin alpha-V,spancache
P98073,TMPRSS15,Enteropeptidase,spancache
Q9Y3Q3,TMED3,Transmembrane emp24 domain-containing protein 3,spancache
Q9UMF0,ICAM5,Intercellular adhesion molecule 5,spancache
Q9H6X2,ANTXR1,Anthrax toxin receptor 1,spancache
P0C628,OR5AC1,Olfactory receptor 5AC1,spancache
Q9Y5Z6,B3GALT1,"Beta-1,3-galactosyltransferase 1",spancache
B4DS77,SHISA9,Protein shisa-9,spancache
Q6L9W6,B4GALNT3,"Beta-1,4-N-acetylgalactosaminyltransferase 3",spancache
P42857,NSG1,Neuronal vesicle trafficking-associated protein 1,spancache
P54764,EPHA4,Ephrin type-A receptor 4,spancache
O00421,CCRL2,C-C chemokine receptor-like 2,spancache
Q8N7P3,CLDN22,Claudin-22,spancache
A6NL88,SHISA7,Protein shisa-7,spancache
Q29983,MICA,MHC class I polypeptide-related sequence A,spancache
Q8NFT8,DNER,Delta and Notch-like epidermal growth factor-related receptor,spancache
Q99572,P2RX7,P2X purinoceptor 7,spancache
Q96MC6,SLC71A1,Solute carrier family 71 member 1,spancache
Q9P283,SEMA5B,Semaphorin-5B,spancache
Q96JP9,CDHR1,Cadherin-related family member 1,spancache
Q6UWN0,LYPD4,Ly6/PLAUR domain-containing protein 4,spancache
Q16445,GABRA6,Gamma-aminobutyric acid receptor subunit alpha-6,spancache
O14672,ADAM10,Disintegrin and metalloproteinase domain-containing protein 10,spancache
Q86SM8,MRGPRE,Mas-related G protein-coupled receptor member E,spancache
Q96KC8,DNAJC1,DnaJ homolog subfamily C member 1,spancache
P03999,OPN1SW,Short-wave-sensitive opsin 1,spancache
Q8NH72,OR4C6,Olfactory receptor 4C6,spancache
Q96R72,OR4K3,Olfactory receptor 4K3,spancache
O60330,PCDHGA12,Protocadherin gamma-A12,spancache
Q8N148,OR6V1,Olfactory receptor 6V1,spancache
Q8NH42,OR4K13,Olfactory receptor 4K13,spancache
Q8NEA5,C19orf18,Uncharacterized protein C19orf18,spancache
O95866,MPIG6B,Megakaryocyte and platelet inhibitory receptor G6b,spancache
Q8NH57,OR52P1,Olfactory receptor 52P1,spancache
Q9UNK0,STX8,Syntaxin-8,spancache
Q9H2U9,ADAM7,Disintegrin and metalloproteinase domain-containing protein 7,spancache
Q86V40,TRABD2A,Metalloprotease TIKI1,spancache
Q8NG95,OR7G3,Olfactory receptor 7G3,spancache
Q75NE6,MIR17HG,Putative microRNA 17 host gene protein,spancache
P04000,OPN1LW,Long-wave-sensitive opsin 1,spancache
Q8NGL4,OR5D13,Olfactory receptor 5D13,spancache
Q5PT55,SLC10A5,Sodium/bile acid cotransporter 5,spancache
Q9H4D0,CLSTN2,Calsyntenin-2,spancache
Q14849,STARD3,StAR-related lipid transfer protein 3,spancache
P0C7N5,OR8U9,Olfactory receptor 8U9,spancache
Q96QD8,SLC38A2,Sodium-coupled neutral amino acid symporter 2,spancache
Q14973,SLC10A1,Hepatic sodium/bile acid cotransporter,spancache
Q9NY15,STAB1,Stabilin-1,spancache
Q8N6U8,GPR161,G protein-coupled receptor 161,spancache
P38435,GGCX,Vitamin K-dependent gamma-carboxylase,spancache
Q9Y336,SIGLEC9,Sialic acid-binding Ig-like lectin 9,spancache
Q13797,ITGA9,Integrin alpha-9,spancache
P48065,SLC6A12,Sodium- and chloride-dependent betaine transporter,spancache
Q587I9,SFT2D3,Vesicle transport protein SFT2C,spancache
Q16570,ACKR1,Atypical chemokine receptor 1,spancache
Q13585,GPR50,Melatonin-related receptor,spancache
Q9NYZ4,SIGLEC8,Sialic acid-binding Ig-like lectin 8,spancache
Q9H2X3,CLEC4M,C-type lectin domain family 4 member M,spancache
Q9NTI2,ATP8A2,Phospholipid-transporting ATPase IB,spancache
Q7Z6A9,BTLA,B- and T-lymphocyte attenuator,spancache
Q9UHE5,NAT8,N-acetyltransferase 8,spancache
Q8NFR3,SPTSSB,Serine palmitoyltransferase small subunit B,spancache
Q9Y3N9,OR2W1,Olfactory receptor 2W1,spancache
Q9BT22,ALG1,Chitobiosyldiphosphodolichol beta-mannosyltransferase,spancache
Q9NYG2,ZDHHC3,Palmitoyltransferase ZDHHC3,spancache
Q96RD9,FCRL5,Fc receptor-like protein 5,spancache
P59025,RTP1,Receptor-transporting protein 1,spancache
Q9BV40,VAMP8,Vesicle-associated membrane protein 8,spancache
Q14330,GPR18,N-arachidonyl glycine receptor,spancache
P46091,CMKLR2,Chemerin-like receptor 2,spancache
P46663,BDKRB1,B1 bradykinin receptor,spancache
Q6UXD5,SEZ6L2,Seizure 6-like protein 2,spancache
P0C617,OR5AL1,Olfactory receptor 5AL1,spancache
Q9NSD7,RXFP3,Relaxin-3 receptor 1,spancache
Q12797,ASPH,Aspartyl/asparaginyl beta-hydroxylase,spancache
Q8TD07,RAET1E,Retinoic acid early transcript 1E,spancache
Q9ULK5,VANGL2,Vang-like protein 2,spancache
Q8NGF6,OR10W1,Olfactory receptor 10W1,spancache
Q9Y5P0,OR51B4,Olfactory receptor 51B4,spancache
Q86VE9,SERINC5,Serine incorporator 5,spancache
Q4KMQ2,ANO6,Anoctamin-6,spancache
P46089,GPR3,G protein-coupled receptor 3,spancache
O60755,GALR3,Galanin receptor type 3,spancache
Q13740,ALCAM,CD166 antigen,spancache
P52569,SLC7A2,Cationic amino acid transporter 2,spancache
Q9C0B5,ZDHHC5,Palmitoyltransferase ZDHHC5,spancache
Q9UIB8,CD84,SLAM family member 5,spancache
Q9HCC8,GDPD2,Glycerophosphodiester phosphodiesterase 3,spancache
Q86YC3,NRROS,Transforming growth factor beta activator LRRC33,spancache
Q5BJF2,TMEM97,Sigma intracellular receptor 2,spancache
O14520,AQP7,Aquaporin-7,spancache
P48357,LEPR,Leptin receptor,spancache
P17301,ITGA2,Integrin alpha-2,spancache
Q9Y397,ZDHHC9,Palmitoyltransferase ZDHHC9,spancache
P37088,SCNN1A,Epithelial sodium channel subunit alpha,spancache
Q9P109,GCNT4,"Beta-1,3-galactosyl-O-glycosyl-glycoprotein beta-1,6-N-acetylglucosaminyltransferase 4",spancache
P49257,LMAN1,Protein ERGIC-53,spancache
Q8NGH7,OR52L1,Olfactory receptor 52L1,spancache
Q86T13,CLEC14A,C-type lectin domain family 14 member A,spancache
O60427,FADS1,Acyl-CoA (8-3)-desaturase,spancache
P01589,IL2RA,Interleukin-2 receptor subunit alpha,spancache
Q9HC07,TMEM165,Putative divalent cation/proton antiporter TMEM165,spancache
Q6NUT3,MFSD12,Major facilitator superfamily domain-containing protein 12,spancache
Q12893,TMEM115,Transmembrane protein 115,spancache
Q8NG78,OR8G5,Olfactory receptor 8G5,spancache
Q9C0K1,SLC39A8,Metal cation symporter ZIP8,spancache
Q9UKL4,GJD2,Gap junction delta-2 protein,spancache
Q9Y286,SIGLEC7,Sialic acid-binding Ig-like lectin 7,spancache
Q9NY91,SLC5A4,Probable glucose sensor protein SLC5A4,spancache
Q8TDF5,NETO1,Neuropilin and tolloid-like protein 1,spancache
P51172,SCNN1D,Epithelial sodium channel subunit delta,spancache
Q96KK3,KCNS1,Delayed-rectifier potassium channel regulatory subunit KCNS1,spancache
Q95460,MR1,Major histocompatibility complex class I-related protein 1,spancache
Q5W0Z9,ZDHHC20,Palmitoyltransferase ZDHHC20,spancache
Q5BKX6,SLC45A4,Polyamine-transporter SLC45A4,spancache
P49069,CAMLG,Guided entry of tail-anchored proteins factor CAMLG,spancache
O15551,CLDN3,Claudin-3,spancache
O75309,CDH16,Cadherin-16,spancache
Q01118,SCN7A,Sodium channel protein type 7 subunit alpha,spancache
Q8NGM9,OR8D4,Olfactory receptor 8D4,spancache
Q8NFZ4,NLGN2,Neuroligin-2,spancache
Q16394,EXT1,Exostosin-1,spancache
Q86VY9,TMEM200A,Transmembrane protein 200A,spancache
Q9P0K1,ADAM22,Disintegrin and metalloproteinase domain-containing protein 22,spancache
P08100,RHO,Rhodopsin,spancache
Q8N1N0,CLEC4F,C-type lectin domain family 4 member F,spancache
O95980,RECK,Reversion-inducing cysteine-rich protein with Kazal motifs,spancache
Q9NZP5,OR5AC2,Olfactory receptor 5AC2,spancache
Q6UX15,LAYN,Layilin,spancache
Q8NDV2,GPR26,G protein-coupled receptor 26,spancache
Q8N394,TMTC2,Protein O-mannosyl-transferase TMTC2,spancache
P04234,CD3D,T-cell surface glycoprotein CD3 delta chain,spancache
Q9GZM6,OR8D2,Olfactory receptor 8D2,spancache
Q8NGI3,OR56B1,Olfactory receptor 56B1,spancache
Q9NY97,B3GNT2,"N-acetyllactosaminide beta-1,3-N-acetylglucosaminyltransferase 2",spancache
Q75T13,PGAP1,GPI inositol-deacylase,spancache
P14384,CPM,Carboxypeptidase M,spancache
Q6IEV9,OR4C11,Olfactory receptor 4C11,spancache
Q9BZW2,SLC13A1,Solute carrier family 13 member 1,spancache
C9JI98,TMEM238,Transmembrane protein 238,spancache
Q9H015,SLC22A4,Solute carrier family 22 member 4,spancache
Q16623,STX1A,Syntaxin-1A,spancache
O95977,S1PR4,Sphingosine 1-phosphate receptor 4,spancache
Q96A33,CCDC47,PAT complex subunit CCDC47,spancache
Q7RTM1,OTOP1,Proton channel OTOP1,spancache
O14683,TP53I11,Tumor protein p53-inducible protein 11,spancache
Q8N109,KIR2DL5A,Killer cell immunoglobulin-like receptor 2DL5A,spancache
P55087,AQP4,Aquaporin-4,spancache
P08648,ITGA5,Integrin alpha-5,spancache
Q9UNE0,EDAR,Tumor necrosis factor receptor superfamily member EDAR,spancache
Q9NPB9,ACKR4,Atypical chemokine receptor 4,spancache
Q16873,LTC4S,Leukotriene C4 synthase,spancache
Q17R55,FAM187B,Protein FAM187B,spancache
P48995,TRPC1,Short transient receptor potential channel 1,spancache
Q7LGA3,HS2ST1,Heparan sulfate 2-O-sulfotransferase 1,spancache
P43116,PTGER2,Prostaglandin E2 receptor EP2 subtype,spancache
Q9Y561,LRP12,Low-density lipoprotein receptor-related protein 12,spancache
Q86SM5,MRGPRG,Mas-related G protein-coupled receptor member G,spancache
P51582,P2RY4,P2Y purinoceptor 4,spancache
P48145,NPBWR1,Neuropeptides B/W receptor type 1,spancache
A6NDV4,TMEM8B,Transmembrane protein 8B,spancache
Q9NZ53,PODXL2,Podocalyxin-like protein 2,spancache
Q7RTX7,CATSPER4,Cation channel sperm-associated protein 4,spancache
Q96FM1,PGAP3,GPI-specific phospholipase A2-like PGAP3,spancache
Q9H665,IGFLR1,IGF-like family receptor 1,spancache
Q96BD0,SLCO4A1,Solute carrier organic anion transporter family member 4A1,spancache
P32241,VIPR1,Vasoactive intestinal polypeptide receptor 1,spancache
Q92854,SEMA4D,Semaphorin-4D,spancache
Q9H7V2,SYNDIG1,Synapse differentiation-inducing gene protein 1,spancache
O95754,SEMA4F,Semaphorin-4F,spancache
Q8NGC0,OR5AU1,Olfactory receptor 5AU1,spancache
Q6ZNI0,GCNT7,"Probable beta-1,3-galactosyl-O-glycosyl-glycoprotein beta-1,6-N-acetylglucosaminyltransferase 7",spancache
Q8WXF7,ATL1,Atlastin-1,spancache
Q8NGF7,OR5B17,Olfactory receptor 5B17,spancache
Q6UY11,DLK2,Protein delta homolog 2,spancache
P41586,ADCYAP1R1,Pituitary adenylate cyclase-activating polypeptide type I receptor,spancache
P51684,CCR6,C-C chemokine receptor type 6,spancache
Q6Y288,B3GLCT,"Beta-1,3-glucosyltransferase",spancache
P28907,CD38,ADP-ribosyl cyclase/cyclic ADP-ribose hydrolase 1,spancache
Q15363,TMED2,Transmembrane emp24 domain-containing protein 2,spancache
Q9NTQ9,GJB4,Gap junction beta-4 protein,spancache
Q8WWA0,ITLN1,Intelectin-1,spancache
P28067,HLA-DMA,"HLA class II histocompatibility antigen, DM alpha chain",spancache
Q13277,STX3,Syntaxin-3,spancache
Q13145,BAMBI,BMP and activin membrane-bound inhibitor homolog,spancache
P38567,SPAM1,Hyaluronidase PH-20,spancache
Q9NRM0,SLC2A9,"Solute carrier family 2, facilitated glucose transporter member 9",spancache
Q8NHA8,OR1F12P,Putative olfactory receptor 1F12P,spancache
Q9C0C4,SEMA4C,Semaphorin-4C,spancache
Q6UXB3,LYPD2,Ly6/PLAUR domain-containing protein 2,spancache
A6NFA1,TRABD2B,Metalloprotease TIKI2,spancache
Q96KG7,MEGF10,Multiple epidermal growth factor-like domains protein 10,spancache
Q8NH87,OR9G1,Olfactory receptor 9G1,spancache
Q9UBG0,MRC2,C-type mannose receptor 2,spancache
P21926,CD9,CD9 antigen,spancache
Q8NGZ5,OR2G2,Olfactory receptor 2G2,spancache
Q5TZ20,OR2G6,Olfactory receptor 2G6,spancache
Q9Y5E5,PCDHB4,Protocadherin beta-4,spancache
Q6YHK3,CD109,CD109 antigen,spancache
Q8WZ94,OR5P3,Olfactory receptor 5P3,spancache
Q9NYJ7,DLL3,Delta-like protein 3,spancache
P42262,GRIA2,Glutamate receptor 2,spancache
Q5JXA9,SIRPB2,Signal-regulatory protein beta-2,spancache
Q9Y5L3,ENTPD2,Ectonucleoside triphosphate diphosphohydrolase 2,spancache
P43629,KIR3DL1,Killer cell immunoglobulin-like receptor 3DL1,spancache
P09603,CSF1,Macrophage colony-stimulating factor 1,spancache
A8MPY1,GABRR3,Gamma-aminobutyric acid receptor subunit rho-3,spancache
Q96P65,QRFPR,Pyroglutamylated RF-amide peptide receptor,spancache
P12318,FCGR2A,Low affinity immunoglobulin gamma Fc region receptor II-a,spancache
A0AVI4,TMEM129,E3 ubiquitin-protein ligase TM129,spancache
Q8NCS7,SLC44A5,Choline transporter-like protein 5,spancache
O95136,S1PR2,Sphingosine 1-phosphate receptor 2,spancache
P15291,B4GALT1,"Beta-1,4-galactosyltransferase 1",spancache
Q8NHS3,MFSD8,Major facilitator superfamily domain-containing protein 8,spancache
Q9HBJ8,CLTRN,Collectrin,spancache
Q96N66,MBOAT7,Membrane-bound acylglycerophosphatidylinositol O-acyltransferase MBOAT7,spancache
Q6PRD1,GPR179,Probable G protein-coupled receptor 179,spancache
Q24JP5,TMEM132A,Transmembrane protein 132A,spancache
P48146,NPBWR2,Neuropeptides B/W receptor type 2,spancache
Q9UM73,ALK,ALK tyrosine kinase receptor,spancache
Q5VX71,SUSD4,Sushi domain-containing protein 4,spancache
P08575,PTPRC,Receptor-type tyrosine-protein phosphatase C,spancache
Q8IW00,VSTM4,V-set and transmembrane domain-containing protein 4,spancache
P20702,ITGAX,Integrin alpha-X,spancache
A8MWY0,ELAPOR2,Endosome/lysosome-associated apoptosis and autophagy regulator family member 2,spancache
P23515,OMG,Oligodendrocyte-myelin glycoprotein,spancache
P57773,GJA9,Gap junction alpha-9 protein,spancache
P19438,TNFRSF1A,Tumor necrosis factor receptor superfamily member 1A,spancache
Q9UK23,NAGPA,N-acetylglucosamine-1-phosphodiester alpha-N-acetylglucosaminidase,spancache
O00270,GPR31,"12-(S)-hydroxy-5,8,10,14-eicosatetraenoic acid receptor",spancache
Q16558,KCNMB1,Calcium-activated potassium channel subunit beta-1,spancache
P52797,EFNA3,Ephrin-A3,spancache
Q92629,SGCD,Delta-sarcoglycan,spancache
Q86SU0,ILDR1,Immunoglobulin-like domain-containing receptor 1,spancache
Q12860,CNTN1,Contactin-1,spancache
Q96F15,GIMAP5,GTPase IMAP family member 5,spancache
Q9HCU5,PREB,Guanine nucleotide-exchange factor SEC12,spancache
A6BM72,MEGF11,Multiple epidermal growth factor-like domains protein 11,spancache
Q9UBL9,P2RX2,P2X purinoceptor 2,spancache
Q8NEW0,SLC30A7,Zinc transporter 7,spancache
Q8IUW5,RELL1,RELT-like protein 1,spancache
A6NMD0,IFITM10,Interferon-induced transmembrane protein 10,spancache
Q6IEU7,OR5M10,Olfactory receptor 5M10,spancache
Q9Y227,ENTPD4,Ectonucleoside triphosphate diphosphohydrolase 4,spancache
P49190,PTH2R,Parathyroid hormone 2 receptor,spancache
O95007,OR6B1,Olfactory receptor 6B1,spancache
Q9Y5F9,PCDHGB6,Protocadherin gamma-B6,spancache
Q5T1S8,NCMAP,Noncompact myelin-associated protein,spancache
A6NMS3,OR5K4,Olfactory receptor 5K4,spancache
Q6P5W5,SLC39A4,Zinc transporter ZIP4,spancache
Q8NGG0,OR8J3,Olfactory receptor 8J3,spancache
Q8NGA0,OR7G1,Olfactory receptor 7G1,spancache
Q9BUV8,RAB5IF,GEL complex subunit OPTI,spancache
Q8NGN3,OR10G4,Olfactory receptor 10G4,spancache
O75976,CPD,Carboxypeptidase D,spancache
P13224,GP1BB,Platelet glycoprotein Ib beta chain,spancache
Q9BSJ8,ESYT1,Extended synaptotagmin-1,spancache
Q8TDB8,SLC2A14,"Solute carrier family 2, facilitated glucose transporter member 14",spancache
Q9H342,OR51J1,Olfactory receptor 51J1,spancache
P08195,SLC3A2,Amino acid transporter heavy chain SLC3A2,spancache
Q9UPZ6,THSD7A,Thrombospondin type-1 domain-containing protein 7A,spancache
O94910,ADGRL1,Adhesion G protein-coupled receptor L1,spancache
P50895,BCAM,Basal cell adhesion molecule,spancache
Q12772,SREBF2,Sterol regulatory element-binding protein 2,spancache
Q14CZ8,HEPACAM,Hepatic and glial cell adhesion molecule,spancache
P28335,HTR2C,5-hydroxytryptamine receptor 2C,spancache
Q07954,LRP1,Prolow-density lipoprotein receptor-related protein 1,spancache
A6NKX4,SLC22A31,Putative solute carrier family 22 member 31,spancache
Q7Z403,TMC6,Transmembrane channel-like protein 6,spancache
A6H8M9,CDHR4,Cadherin-related family member 4,spancache
O76036,NCR1,Natural cytotoxicity triggering receptor 1,spancache
Q9UKJ1,PILRA,Paired immunoglobulin-like type 2 receptor alpha,spancache
P07911,UMOD,Uromodulin,spancache
Q92838,EDA,Ectodysplasin-A,spancache
P51805,PLXNA3,Plexin-A3,spancache
P23942,PRPH2,Peripherin-2,spancache
Q9Y6M7,SLC4A7,Sodium bicarbonate cotransporter 3,spancache
Q9NRQ2,PLSCR4,Phospholipid scramblase 4,spancache
P19634,SLC9A1,Sodium/hydrogen exchanger 1,spancache
Q8IXK2,GALNT12,Polypeptide N-acetylgalactosaminyltransferase 12,spancache
Q9C0J1,B3GNT4,"N-acetyllactosaminide beta-1,3-N-acetylglucosaminyltransferase 4",spancache
Q674R7,ATG9B,Autophagy-related protein 9B,spancache
Q9BZD7,PRRG3,Transmembrane gamma-carboxyglutamic acid protein 3,spancache
Q96L42,KCNH8,Voltage-gated delayed rectifier potassium channel KCNH8,spancache
Q9Y5G2,PCDHGB2,Protocadherin gamma-B2,spancache
P48066,SLC6A11,Sodium- and chloride-dependent GABA transporter 3,spancache
Q96QE2,SLC2A13,Proton myo-inositol cotransporter,spancache
P42263,GRIA3,Glutamate receptor 3,spancache
Q04609,FOLH1,Glutamate carboxypeptidase 2,spancache
O00398,P2RY10,Putative P2Y purinoceptor 10,spancache
Q8NFZ6,VN1R2,Vomeronasal type-1 receptor 2,spancache
Q01973,ROR1,Inactive tyrosine-protein kinase transmembrane receptor ROR1,spancache
P52803,EFNA5,Ephrin-A5,spancache
Q9BXU9,CALN1,Calcium-binding protein 8,spancache
Q2Y0W8,SLC4A8,Electroneutral sodium bicarbonate exchanger 1,spancache
Q86SQ6,ADGRA1,Adhesion G protein-coupled receptor A1,spancache
Q496F6,CD300E,CMRF35-like molecule 2,spancache
Q15077,P2RY6,P2Y purinoceptor 6,spancache
O43808,SLC25A17,Peroxisomal membrane protein PMP34,spancache
P05538,HLA-DQB2,"HLA class II histocompatibility antigen, DQ beta 2 chain",spancache
Q7Z553,MDGA2,MAM domain-containing glycosylphosphatidylinositol anchor protein 2,spancache
Q9NQ25,SLAMF7,SLAM family member 7,spancache
Q5FWE3,PRRT3,Proline-rich transmembrane protein 3,spancache
Q9P2B2,PTGFRN,Prostaglandin F2 receptor negative regulator,spancache
Q14703,MBTPS1,Membrane-bound transcription factor site-1 protease,spancache
Q5HYA8,TMEM67,Meckelin,spancache
P37288,AVPR1A,Vasopressin V1a receptor,spancache
Q9NR34,MAN1C1,"Mannosyl-oligosaccharide 1,2-alpha-mannosidase IC",spancache
Q6UVM3,KCNT2,Potassium channel subfamily T member 2,spancache
Q8TDS4,HCAR2,Hydroxycarboxylic acid receptor 2,spancache
P49447,CYB561,Transmembrane ascorbate-dependent reductase CYB561,spancache
Q0VAQ4,SMAGP,Small cell adhesion glycoprotein,spancache
Q9P2J2,IGSF9,Protein turtle homolog A,spancache
P48023,FASLG,Tumor necrosis factor ligand superfamily member 6,spancache
Q08174,PCDH1,Protocadherin-1,spancache
Q8NH02,OR2T29,Olfactory receptor 2T29,spancache
P52961,ART1,GPI-linked NAD(P)(+)--arginine ADP-ribosyltransferase 1,spancache
P32942,ICAM3,Intercellular adhesion molecule 3,spancache
Q86TM6,SYVN1,E3 ubiquitin-protein ligase synoviolin,spancache
Q9UI33,SCN11A,Sodium channel protein type 11 subunit alpha,spancache
Q8TE23,TAS1R2,Taste receptor type 1 member 2,spancache
A0AVI2,FER1L5,Fer-1-like protein 5,spancache
O15552,FFAR2,Free fatty acid receptor 2,spancache
Q8NGE5,OR10A7,Olfactory receptor 10A7,spancache
Q9P1Z3,HCN3,Potassium/sodium hyperpolarization-activated cyclic nucleotide-gated channel 3,spancache
Q969W0,SPTSSA,Serine palmitoyltransferase small subunit A,spancache
Q96PD7,DGAT2,Diacylglycerol O-acyltransferase 2,spancache
P36896,ACVR1B,Activin receptor type-1B,spancache
Q6UXC1,MAMDC4,Apical endosomal glycoprotein,spancache
O60412,OR7C2,Olfactory receptor 7C2,spancache
Q13255,GRM1,Metabotropic glutamate receptor 1,spancache
Q86W10,CYP4Z1,Cytochrome P450 4Z1,spancache
Q8NGQ1,OR9G4,Olfactory receptor 9G4,spancache
Q96P88,GNRHR2,Putative gonadotropin-releasing hormone II receptor,spancache
P22459,KCNA4,Potassium voltage-gated channel subfamily A member 4,spancache
Q9Y342,PLLP,Plasmolipin,spancache
Q8TDV2,GPR148,Probable G protein-coupled receptor 148,spancache
Q5VSG8,MANEAL,"Glycoprotein endo-alpha-1,2-mannosidase-like protein",spancache
P46059,SLC15A1,Solute carrier family 15 member 1,spancache
Q8TDS5,OXER1,Oxoeicosanoid receptor 1,spancache
P35070,BTC,Probetacellulin,spancache
P57739,CLDN2,Claudin-2,spancache
Q8TD84,DSCAML1,Cell adhesion molecule DSCAML1,spancache
P30968,GNRHR,Gonadotropin-releasing hormone receptor,spancache
Q8NGJ8,OR51S1,Olfactory receptor 51S1,spancache
Q5GH76,XKR4,XK-related protein 4,spancache
P04843,RPN1,Dolichyl-diphosphooligosaccharide--protein glycosyltransferase subunit 1,spancache
P13765,HLA-DOB,"HLA class II histocompatibility antigen, DO beta chain",spancache
Q76EJ3,SLC35D2,Nucleotide sugar transporter SLC35D2,spancache
E9PQX1,CATSPERH,Cation channel sperm-associated auxiliary subunit eta,spancache
Q99705,MCHR1,Melanin-concentrating hormone receptor 1,spancache
P35367,HRH1,Histamine H1 receptor,spancache
Q9UN88,GABRQ,Gamma-aminobutyric acid receptor subunit theta,spancache
Q9BZM6,ULBP1,UL16-binding protein 1,spancache
Q9UGM1,CHRNA9,Neuronal acetylcholine receptor subunit alpha-9,spancache
Q86SS6,SYT9,Synaptotagmin-9,spancache
P15421,GYPE,Glycophorin-E,spancache
Q9UNQ0,ABCG2,Broad substrate specificity ATP-binding cassette transporter ABCG2,spancache
Q969X5,ERGIC1,Endoplasmic reticulum-Golgi intermediate compartment protein 1,spancache
P35462,DRD3,D(3) dopamine receptor,spancache
P27930,IL1R2,Interleukin-1 receptor type 2,spancache
Q9H3Q3,GAL3ST2,Galactose-3-O-sulfotransferase 2,spancache
Q86UW1,SLC51A,Organic solute transporter subunit alpha,spancache
P98153,DGCR2,Integral membrane protein DGCR2/IDD,spancache
Q9H8P0,SRD5A3,Polyprenal reductase,spancache
P01906,HLA-DQA2,"HLA class II histocompatibility antigen, DQ alpha 2 chain",spancache
P14416,DRD2,D(2) dopamine receptor,spancache
Q8NGE0,OR10AD1,Olfactory receptor 10AD1,spancache
Q8NCH0,CHST14,Carbohydrate sulfotransferase 14,spancache
P48551,IFNAR2,Interferon alpha/beta receptor 2,spancache
Q8NGH6,OR52L2P,Putative olfactory receptor 52L2,spancache
Q9HBW0,LPAR2,Lysophosphatidic acid receptor 2,spancache
Q02643,GHRHR,Growth hormone-releasing hormone receptor,spancache
Q9Y6A9,SPCS1,Signal peptidase complex subunit 1,spancache
P16435,POR,NADPH--cytochrome P450 reductase,spancache
P49279,SLC11A1,Natural resistance-associated macrophage protein 1,spancache
O00533,CHL1,Neural cell adhesion molecule L1-like protein,spancache
P28221,HTR1D,5-hydroxytryptamine receptor 1D,spancache
Q15858,SCN9A,Sodium channel protein type 9 subunit alpha,spancache
Q9H228,S1PR5,Sphingosine 1-phosphate receptor 5,spancache
O15118,NPC1,NPC intracellular cholesterol transporter 1,spancache
Q8NGH8,OR56A4,Olfactory receptor 56A4,spancache
Q96RD7,PANX1,Pannexin-1,spancache
Q9UBX8,B4GALT6,"Beta-1,4-galactosyltransferase 6",spancache
Q7Z7M0,MEGF8,Multiple epidermal growth factor-like domains protein 8,spancache
Q6PEY0,GJB7,Gap junction beta-7 protein,spancache
Q9Y5H9,PCDHA2,Protocadherin alpha-2,spancache
Q99678,GPR20,G protein-coupled receptor 20,spancache
O75487,GPC4,Glypican-4,spancache
Q9BZV3,IMPG2,Interphotoreceptor matrix proteoglycan 2,spancache
Q8N0Y3,OR4N4,Olfactory receptor 4N4,spancache
O43909,EXTL3,Exostosin-like 3,spancache
P98172,EFNB1,Ephrin-B1,spancache
Q13324,CRHR2,Corticotropin-releasing hormone receptor 2,spancache
Q68D85,NCR3LG1,Natural cytotoxicity triggering receptor 3 ligand 1,spancache
Q5T848,GPR158,Metabotropic glycine receptor,spancache
Q9UEF7,KL,Klotho,spancache
O75900,MMP23B,Matrix metalloproteinase-23,spancache
Q8IW70,TMEM151B,Transmembrane protein 151B,spancache
Q5SNT2,TMEM201,Transmembrane protein 201,spancache
Q8NGC4,OR10G3,Olfactory receptor 10G3,spancache
Q16478,GRIK5,"Glutamate receptor ionotropic, kainate 5",spancache
Q6ZTQ4,CDHR3,Cadherin-related family member 3,spancache
Q5JZY3,EPHA10,Ephrin type-A receptor 10,spancache
O95342,ABCB11,Bile salt export pump,spancache
Q9UNA3,A4GNT,"Alpha-1,4-N-acetylglucosaminyltransferase",spancache
Q8NA29,MFSD2A,Sodium-dependent lysophosphatidylcholine symporter 1,spancache
Q5T6X5,GPRC6A,G protein-coupled receptor family C group 6 member A,spancache
A6NL26,OR5B21,Olfactory receptor 5B21,spancache
Q92935,EXTL1,Exostosin-like 1,spancache
Q9UN66,PCDHB8,Protocadherin beta-8,spancache
P18433,PTPRA,Receptor-type tyrosine-protein phosphatase alpha,spancache
Q9BXR5,TLR10,Toll-like receptor 10,spancache
Q12770,SCAP,Sterol regulatory element-binding protein cleavage-activating protein,spancache
P60059,SEC61G,Protein transport protein Sec61 subunit gamma,spancache
Q8IUH8,SPPL2C,Signal peptide peptidase-like 2C,spancache
Q5T4F4,ZFYVE27,Protrudin,spancache
Q9H5Y7,SLITRK6,SLIT and NTRK-like protein 6,spancache
A6NDL8,OR6C68,Olfactory receptor 6C68,spancache
P52848,NDST1,Bifunctional heparan sulfate N-deacetylase/N-sulfotransferase 1,spancache
P57087,JAM2,Junctional adhesion molecule B,spancache
Q96A11,GAL3ST3,Galactose-3-O-sulfotransferase 3,spancache
Q9UMD9,COL17A1,Collagen alpha-1(XVII) chain,spancache
Q9H3S3,TMPRSS5,Transmembrane protease serine 5,spancache
P58181,OR10A3,Olfactory receptor 10A3,spancache
Q96EU7,C1GALT1C1,C1GALT1-specific chaperone 1,spancache
Q96BA8,CREB3L1,Cyclic AMP-responsive element-binding protein 3-like protein 1,spancache
Q99835,SMO,Protein smoothened,spancache
P43627,KIR2DL2,Killer cell immunoglobulin-like receptor 2DL2,spancache
Q9H9S3,SEC61A2,Protein transport protein Sec61 subunit alpha isoform 2,spancache
Q8NGL2,OR5L1,Olfactory receptor 5L1,spancache
Q9ULQ1,TPCN1,Two pore channel protein 1,spancache
Q16653,MOG,Myelin-oligodendrocyte glycoprotein,spancache
Q96R54,OR14A2,Olfactory receptor 14A2,spancache
Q9NSA0,SLC22A11,Solute carrier family 22 member 11,spancache
Q96PD2,DCBLD2,"Discoidin, CUB and LCCL domain-containing protein 2",spancache
Q96CW9,NTNG2,Netrin-G2,spancache
Q9NYW6,TAS2R3,Taste receptor type 2 member 3,spancache
Q58EX2,SDK2,Protein sidekick-2,spancache
Q53EL9,SEZ6,Seizure protein 6 homolog,spancache
Q9GZN6,SLC6A16,Orphan sodium- and chloride-dependent neurotransmitter transporter NTT5,spancache
Q13733,ATP1A4,Sodium/potassium-transporting ATPase subunit alpha-4,spancache
Q8N162,OR8H2,Olfactory receptor 8H2,spancache
O75326,SEMA7A,Semaphorin-7A,spancache
Q9UIJ5,ZDHHC2,Palmitoyltransferase ZDHHC2,spancache
Q1HG44,DUOXA2,Dual oxidase maturation factor 2,spancache
Q86WK9,PAQR7,Membrane progestin receptor alpha,spancache
O75509,TNFRSF21,Tumor necrosis factor receptor superfamily member 21,spancache
Q06495,SLC34A1,Sodium-dependent phosphate transport protein 2A,spancache
Q8TC26,TMEM163,Transmembrane protein 163,spancache
Q96PX8,SLITRK1,SLIT and NTRK-like protein 1,spancache
D3W0D1,KLRF2,Killer cell lectin-like receptor subfamily F member 2,spancache
Q01629,IFITM2,Interferon-induced transmembrane protein 2,spancache
Q14802,FXYD3,FXYD domain-containing ion transport regulator 3,spancache
Q9Y2B1,RXYLT1,Ribitol-5-phosphate xylosyltransferase 1,spancache
Q9NZJ5,EIF2AK3,Eukaryotic translation initiation factor 2-alpha kinase 3,spancache
Q92185,ST8SIA1,"Alpha-N-acetylneuraminide alpha-2,8-sialyltransferase",spancache
O94898,LRIG2,Leucine-rich repeats and immunoglobulin-like domains protein 2,spancache
Q8IZY2,ABCA7,Phospholipid-transporting ATPase ABCA7,spancache
P29275,ADORA2B,Adenosine receptor A2b,spancache
Q9NPH5,NOX4,NADPH oxidase 4,spancache
P98164,LRP2,Low-density lipoprotein receptor-related protein 2,spancache
Q14831,GRM7,Metabotropic glutamate receptor 7,spancache
Q8NGC5,OR6J1,Olfactory receptor 6J1,spancache
P08069,IGF1R,Insulin-like growth factor 1 receptor,spancache
Q92806,KCNJ9,G protein-activated inward rectifier potassium channel 3,spancache
Q9Y271,CYSLTR1,Cysteinyl leukotriene receptor 1,spancache
O43826,SLC37A4,Glucose-6-phosphate exchanger SLC37A4,spancache
Q9HB89,NMUR1,Neuromedin-U receptor 1,spancache
P47211,GALR1,Galanin receptor type 1,spancache
P46098,HTR3A,5-hydroxytryptamine receptor 3A,spancache
Q96BF3,TMIGD2,Transmembrane and immunoglobulin domain-containing protein 2,spancache
Q9UQV4,LAMP3,Lysosome-associated membrane glycoprotein 3,spancache
O00222,GRM8,Metabotropic glutamate receptor 8,spancache
Q6UXV0,GFRAL,GDNF family receptor alpha-like,spancache
O75443,TECTA,Alpha-tectorin,spancache
P21709,EPHA1,Ephrin type-A receptor 1,spancache
Q5JX69,FAM209B,Protein FAM209B,spancache
Q9H2C5,OR52A5,Olfactory receptor 52A5,spancache
Q9Y4D7,PLXND1,Plexin-D1,spancache
A6NLX4,TMEM210,Transmembrane protein 210,spancache
Q6UXG8,BTNL9,Butyrophilin-like protein 9,spancache
Q8NI32,LYPD6B,Ly6/PLAUR domain-containing protein 6B,spancache
Q9NYW0,TAS2R10,Taste receptor type 2 member 10,spancache
P49682,CXCR3,C-X-C chemokine receptor type 3,spancache
Q96FT7,ASIC4,Acid-sensing ion channel 4,spancache
O75844,ZMPSTE24,CAAX prenyl protease 1 homolog,spancache
Q15041,ARL6IP1,ADP-ribosylation factor-like protein 6-interacting protein 1,spancache
Q96Q80,DERL3,Derlin-3,spancache
Q96FE7,PIK3IP1,Phosphoinositide-3-kinase-interacting protein 1,spancache
A8MYU2,KCNU1,Potassium channel subfamily U member 1,spancache
P18564,ITGB6,Integrin beta-6,spancache
Q9HCQ5,GALNT9,Polypeptide N-acetylgalactosaminyltransferase 9,spancache
A6NK97,SLC22A20P,Solute carrier family 22 member 20,spancache
Q8NCW6,GALNT11,Polypeptide N-acetylgalactosaminyltransferase 11,spancache
Q9NUE0,ZDHHC18,Palmitoyltransferase ZDHHC18,spancache
Q9NT68,TENM2,Teneurin-2,spancache
Q5TAT6,COL13A1,Collagen alpha-1(XIII) chain,spancache
Q9Y6U7,RNF215,RING finger protein 215,spancache
Q8N697,SLC15A4,Solute carrier family 15 member 4,spancache
Q8N5Y8,PARP16,Protein mono-ADP-ribosyltransferase PARP16,spancache
Q08722,CD47,Leukocyte surface antigen CD47,spancache
P19235,EPOR,Erythropoietin receptor,spancache
Q96QI5,HS3ST6,Heparan sulfate glucosamine 3-O-sulfotransferase 6,spancache
Q9BYE9,CDHR2,Cadherin-related family member 2,spancache
P54753,EPHB3,Ephrin type-B receptor 3,spancache
Q99946,PRRT1,Proline-rich transmembrane protein 1,spancache
Q6UXB4,CLEC4G,C-type lectin domain family 4 member G,spancache
Q86T96,RNF180,E3 ubiquitin-protein ligase RNF180,spancache
Q96PL2,TECTB,Beta-tectorin,spancache
Q8IY95,TMEM192,Transmembrane protein 192,spancache
P47870,GABRB2,Gamma-aminobutyric acid receptor subunit beta-2,spancache
O43529,CHST10,Carbohydrate sulfotransferase 10,spancache
Q9UKF5,ADAM29,Disintegrin and metalloproteinase domain-containing protein 29,spancache
Q6ZP29,SLC66A1,Lysosomal amino acid transporter 1 homolog,spancache
Q6UXN8,CLEC9A,C-type lectin domain family 9 member A,spancache
Q9NQN1,OR2S2,Olfactory receptor 2S2,spancache
Q86SJ6,DSG4,Desmoglein-4,spancache
Q8IWT1,SCN4B,Sodium channel regulatory subunit beta-4,spancache
P50406,HTR6,5-hydroxytryptamine receptor 6,spancache
Q09013,DMPK,Myotonin-protein kinase,spancache
Q6EMK4,VASN,Vasorin,spancache
P51164,ATP4B,Potassium-transporting ATPase subunit beta,spancache
Q16853,AOC3,Amine oxidase [copper-containing] 3,spancache
Q99928,GABRG3,Gamma-aminobutyric acid receptor subunit gamma-3,spancache
Q8NGN8,OR4A4P,Putative olfactory receptor 4A4,spancache
Q6NXT4,SLC30A6,Zinc transporter 6,spancache
Q969W1,ZDHHC16,Palmitoyltransferase ZDHHC16,spancache
Q8NGD0,OR4M1,Olfactory receptor 4M1,spancache
Q6UWB1,IL27RA,Interleukin-27 receptor subunit alpha,spancache
Q8TDU6,GPBAR1,G protein-coupled bile acid receptor 1,spancache
Q92859,NEO1,Neogenin,spancache
B6A8C7,TARM1,"T-cell-interacting, activating receptor on myeloid cells protein 1",spancache
Q6UQ28,PLET1,Placenta-expressed transcript 1 protein,spancache
Q02742,GCNT1,"Beta-1,3-galactosyl-O-glycosyl-glycoprotein beta-1,6-N-acetylglucosaminyltransferase",spancache
Q8NGB8,OR4F15,Olfactory receptor 4F15,spancache
Q5T7M9,DIPK1A,Divergent protein kinase domain 1A,spancache
Q4VC39,HIGD2B,HIG1 domain family member 2B,spancache
P26992,CNTFR,Ciliary neurotrophic factor receptor subunit alpha,spancache
Q12864,CDH17,Cadherin-17,spancache
O95868,LY6G6D,Lymphocyte antigen 6 complex locus protein G6d,spancache
Q13444,ADAM15,Disintegrin and metalloproteinase domain-containing protein 15,spancache
Q9Y345,SLC6A5,Sodium- and chloride-dependent glycine transporter 2,spancache
P53794,SLC5A3,Sodium/myo-inositol cotransporter,spancache
P09619,PDGFRB,Platelet-derived growth factor receptor beta,spancache
Q03519,TAP2,Antigen peptide transporter 2,spancache
P60508,ERVFRD-1,Syncytin-2,spancache
P25445,FAS,Tumor necrosis factor receptor superfamily member 6,spancache
Q9NPG1,FZD3,Frizzled-3,spancache
P15328,FOLR1,Folate receptor alpha,spancache
P04920,SLC4A2,Anion exchange protein 2,spancache
