census_accession,census_class,span_aa,span_start,span_end,span_rule,boundary_method,band,tier,tier_reason,dtype,chunk_size,tranche,fold_order,span_definition,guards
P51677,surface,34,1,34,vocabulary,sliced_ecd,local,local,,int8,64,1,1,v2-ruled-vocabulary-2026-08-07,
P05362,surface,453,28,480,vocabulary,sliced_ecd,untested_band,rental,unmeasured_local_ceiling,fp16,64,5,2,v2-ruled-vocabulary-2026-08-07,
Q96LB2,surface,24,1,24,vocabulary,sliced_ecd,local,local,,int8,64,1,3,v2-ruled-vocabulary-2026-08-07,
Q9UNW8,surface,45,1,45,vocabulary,sliced_ecd,local,local,,int8,64,1,4,v2-ruled-vocabulary-2026-08-07,
Q9Y5F0,surface,662,29,690,vocabulary,sliced_ecd,above_local,rental,over_local_ceiling,fp16,64,5,5,v2-ruled-vocabulary-2026-08-07,
Q9UQQ1,surface,712,29,740,vocabulary,sliced_ecd,above_local,rental,over_local_ceiling,fp16,64,5,6,v2-ruled-vocabulary-2026-08-07,
Q8NC54,surface,147,50,196,vocabulary,sliced_ecd,local,local,,int8,64,2,7,v2-ruled-vocabulary-2026-08-07,
Q8NEW7,non_surface,30,28,57,vocabulary,sliced_ecd,local,local,,int8,64,1,8,v2-ruled-vocabulary-2026-08-07,
Q969I6,surface,104,1,104,vocabulary,sliced_ecd,local,local,,int8,64,2,9,v2-ruled-vocabulary-2026-08-07,
O75121,surface,121,29,149,vocabulary,sliced_ecd,local,local,,int8,64,2,10,v2-ruled-vocabulary-2026-08-07,
Q9Y2I2,surface,481,29,509,gpi_rule_A,sliced_ecd,untested_band,rental,unmeasured_local_ceiling,fp16,64,5,11,v2-ruled-vocabulary-2026-08-07,
Q6ZVN8,surface,364,36,399,gpi_rule_A,sliced_ecd,local,local,,int8,64,4,12,v2-ruled-vocabulary-2026-08-07,
Q8TEB9,non_surface,64,43,106,vocabulary,sliced_ecd,local,local,,int8,64,2,13,v2-ruled-vocabulary-2026-08-07,
Q9P273,surface,2368,332,2699,vocabulary,sliced_ecd,above_local,rental,over_local_ceiling,fp16,64,5,14,v2-ruled-vocabulary-2026-08-07,
Q16280,non_surface,23,297,319,vocabulary,sliced_ecd,local,local,,int8,64,1,15,v2-ruled-vocabulary-2026-08-07,
P32970,surface,155,39,193,vocabulary,sliced_ecd,local,local,,int8,64,3,16,v2-ruled-vocabulary-2026-08-07,
Q01726,surface,41,1,41,vocabulary,sliced_ecd,local,local,,int8,64,1,17,v2-ruled-vocabulary-2026-08-07,
Q8NH85,surface,36,161,196,vocabulary,sliced_ecd,local,local,,int8,64,1,18,v2-ruled-vocabulary-2026-08-07,
Q9UHP7,surface,132,60,191,vocabulary,sliced_ecd,local,local,,int8,64,2,19,v2-ruled-vocabulary-2026-08-07,
P32745,surface,43,1,43,vocabulary,sliced_ecd,local,local,,int8,64,1,20,v2-ruled-vocabulary-2026-08-07,
P54762,surface,523,18,540,vocabulary,sliced_ecd,untested_band,rental,unmeasured_local_ceiling,fp16,64,5,21,v2-ruled-vocabulary-2026-08-07,
O14917,surface,690,18,707,vocabulary,sliced_ecd,above_local,rental,over_local_ceiling,fp16,64,5,22,v2-ruled-vocabulary-2026-08-07,
Q5VUY2,non_surface,382,26,407,vocabulary,sliced_ecd,local,local,,int8,64,4,23,v2-ruled-vocabulary-2026-08-07,
Q8N386,surface,145,21,165,vocabulary,sliced_ecd,local,local,,int8,64,2,24,v2-ruled-vocabulary-2026-08-07,
Q8NER5,surface,92,22,113,vocabulary,sliced_ecd,local,local,,int8,64,2,25,v2-ruled-vocabulary-2026-08-07,
Q8NBM4,surface,56,36,91,vocabulary,sliced_ecd,local,local,,int8,64,2,26,v2-ruled-vocabulary-2026-08-07,
Q99726,non_surface,11,167,177,vocabulary,sliced_ecd,local,local,,int8,64,1,27,v2-ruled-vocabulary-2026-08-07,
P43003,surface,91,146,236,vocabulary,sliced_ecd,local,local,,int8,64,2,28,v2-ruled-vocabulary-2026-08-07,
Q9NZ43,non_surface,7,253,259,vocabulary,sliced_ecd,local,local,,int8,64,1,29,v2-ruled-vocabulary-2026-08-07,
Q86WA9,non_surface,144,463,606,vocabulary,sliced_ecd,local,local,,int8,64,2,30,v2-ruled-vocabulary-2026-08-07,
P15941,surface,1135,24,1158,vocabulary,sliced_ecd,above_local,rental,over_local_ceiling,fp16,64,5,31,v2-ruled-vocabulary-2026-08-07,
Q9NY46,surface,100,270,369,vocabulary,sliced_ecd,local,local,,int8,64,2,32,v2-ruled-vocabulary-2026-08-07,
P55259,surface,483,29,511,gpi_rule_A,sliced_ecd,untested_band,rental,unmeasured_local_ceiling,fp16,64,5,33,v2-ruled-vocabulary-2026-08-07,
Q9UNX9,non_surface,23,111,133,vocabulary,sliced_ecd,local,local,,int8,64,1,34,v2-ruled-vocabulary-2026-08-07,
Q9Y5I4,surface,666,43,708,vocabulary,sliced_ecd,above_local,rental,over_local_ceiling,fp16,64,5,35,v2-ruled-vocabulary-2026-08-07,
Q9BQS2,non_surface,4,1,4,vocabulary,sliced_ecd,local,local,,int8,64,1,36,v2-ruled-vocabulary-2026-08-07,
A4D0T7,non_surface,5,25,29,vocabulary,sliced_ecd,local,local,,int8,64,1,37,v2-ruled-vocabulary-2026-08-07,
P34969,surface,83,1,83,vocabulary,sliced_ecd,local,local,,int8,64,2,38,v2-ruled-vocabulary-2026-08-07,
O75954,surface,97,107,203,vocabulary,sliced_ecd,local,local,,int8,64,2,39,v2-ruled-vocabulary-2026-08-07,
Q9H339,surface,36,159,194,vocabulary,sliced_ecd,local,local,,int8,64,1,40,v2-ruled-vocabulary-2026-08-07,
Q8NGY9,surface,37,158,194,vocabulary,sliced_ecd,local,local,,int8,64,1,41,v2-ruled-vocabulary-2026-08-07,
Q8NGN4,surface,37,160,196,vocabulary,sliced_ecd,local,local,,int8,64,1,42,v2-ruled-vocabulary-2026-08-07,
Q86VB7,surface,1009,42,1050,vocabulary,sliced_ecd,above_local,rental,over_local_ceiling,fp16,64,5,43,v2-ruled-vocabulary-2026-08-07,
Q9UPC5,surface,61,1,61,vocabulary,sliced_ecd,local,local,,int8,64,2,44,v2-ruled-vocabulary-2026-08-07,
Q8N9M5,non_surface,260,1,260,vocabulary,sliced_ecd,local,local,,int8,64,3,45,v2-ruled-vocabulary-2026-08-07,
Q86WK7,surface,364,20,383,vocabulary,sliced_ecd,local,local,,int8,64,4,46,v2-ruled-vocabulary-2026-08-07,
Q9H341,surface,40,1,40,vocabulary,sliced_ecd,local,local,,int8,64,1,47,v2-ruled-vocabulary-2026-08-07,
Q9NYW3,surface,38,150,187,vocabulary,sliced_ecd,local,local,,int8,64,1,48,v2-ruled-vocabulary-2026-08-07,
P01133,surface,1010,23,1032,vocabulary,sliced_ecd,above_local,rental,over_local_ceiling,fp16,64,5,49,v2-ruled-vocabulary-2026-08-07,
P59534,surface,30,1,30,vocabulary,sliced_ecd,local,local,,int8,64,1,50,v2-ruled-vocabulary-2026-08-07,
Q8NGY7,surface,36,161,196,vocabulary,sliced_ecd,local,local,,int8,64,1,51,v2-ruled-vocabulary-2026-08-07,
Q9UKL2,surface,37,163,199,vocabulary,sliced_ecd,local,local,,int8,64,1,52,v2-ruled-vocabulary-2026-08-07,
Q8NGS8,surface,37,161,197,vocabulary,sliced_ecd,local,local,,int8,64,1,53,v2-ruled-vocabulary-2026-08-07,
Q9ULB1,surface,1371,31,1401,vocabulary,sliced_ecd,above_local,rental,over_local_ceiling,fp16,64,5,54,v2-ruled-vocabulary-2026-08-07,
Q9NQW8,non_surface,22,372,393,vocabulary,sliced_ecd,local,local,,int8,64,1,55,v2-ruled-vocabulary-2026-08-07,
Q9Y3B3,surface,153,35,187,vocabulary,sliced_ecd,local,local,,int8,64,3,56,v2-ruled-vocabulary-2026-08-07,
P07204,surface,497,19,515,vocabulary,sliced_ecd,untested_band,rental,unmeasured_local_ceiling,fp16,64,5,57,v2-ruled-vocabulary-2026-08-07,
Q8N614,non_surface,186,26,211,vocabulary,sliced_ecd,local,local,,int8,64,3,58,v2-ruled-vocabulary-2026-08-07,
O43292,non_surface,329,42,370,vocabulary,sliced_ecd,local,local,,int8,64,4,59,v2-ruled-vocabulary-2026-08-07,
O00264,non_surface,24,1,24,vocabulary,sliced_ecd,local,local,,int8,64,1,60,v2-ruled-vocabulary-2026-08-07,
Q96LA6,surface,291,17,307,vocabulary,sliced_ecd,local,local,,int8,64,3,61,v2-ruled-vocabulary-2026-08-07,
Q96DS6,non_surface,47,74,120,vocabulary,sliced_ecd,local,local,,int8,64,1,62,v2-ruled-vocabulary-2026-08-07,
O75015,surface,183,17,199,gpi_rule_A,sliced_ecd,local,local,,int8,64,3,63,v2-ruled-vocabulary-2026-08-07,
Q9H0Q3,non_surface,17,19,35,vocabulary,sliced_ecd,local,local,,int8,64,1,64,v2-ruled-vocabulary-2026-08-07,
O95502,non_surface,477,24,500,vocabulary,sliced_ecd,untested_band,rental,unmeasured_local_ceiling,fp16,64,5,65,v2-ruled-vocabulary-2026-08-07,
Q9H461,surface,248,28,275,vocabulary,sliced_ecd,local,local,,int8,64,3,66,v2-ruled-vocabulary-2026-08-07,
O75752,non_surface,288,44,331,vocabulary,sliced_ecd,local,local,,int8,64,3,67,v2-ruled-vocabulary-2026-08-07,
Q8NGL1,surface,36,162,197,vocabulary,sliced_ecd,local,local,,int8,64,1,68,v2-ruled-vocabulary-2026-08-07,
Q9UKR8,non_surface,14,81,94,vocabulary,sliced_ecd,local,local,,int8,64,1,69,v2-ruled-vocabulary-2026-08-07,
Q9P1Q5,surface,37,159,195,vocabulary,sliced_ecd,local,local,,int8,64,1,70,v2-ruled-vocabulary-2026-08-07,
P04035,non_surface,39,276,314,vocabulary,sliced_ecd,local,local,,int8,64,1,71,v2-ruled-vocabulary-2026-08-07,
Q8N4A0,non_surface,543,36,578,vocabulary,sliced_ecd,untested_band,rental,unmeasured_local_ceiling,fp16,64,5,72,v2-ruled-vocabulary-2026-08-07,
P08138,surface,222,29,250,vocabulary,sliced_ecd,local,local,,int8,64,3,73,v2-ruled-vocabulary-2026-08-07,
Q86UK5,surface,274,27,300,vocabulary,sliced_ecd,local,local,,int8,64,3,74,v2-ruled-vocabulary-2026-08-07,
P59540,surface,31,148,178,vocabulary,sliced_ecd,local,local,,int8,64,1,75,v2-ruled-vocabulary-2026-08-07,
O43306,surface,60,760,819,vocabulary,sliced_ecd,local,local,,int8,64,2,76,v2-ruled-vocabulary-2026-08-07,
P02708,surface,212,21,232,vocabulary,sliced_ecd,local,local,,int8,64,3,77,v2-ruled-vocabulary-2026-08-07,
P23471,surface,1612,25,1636,vocabulary,sliced_ecd,above_local,rental,over_local_ceiling,fp16,64,5,78,v2-ruled-vocabulary-2026-08-07,
Q8WTV0,surface,411,33,443,vocabulary,sliced_ecd,local,local,,int8,64,4,79,v2-ruled-vocabulary-2026-08-07,
Q96BY9,non_surface,143,31,173,vocabulary,sliced_ecd,local,local,,int8,64,2,80,v2-ruled-vocabulary-2026-08-07,
Q8N158,surface,530,24,553,gpi_rule_A,sliced_ecd,untested_band,rental,unmeasured_local_ceiling,fp16,64,5,81,v2-ruled-vocabulary-2026-08-07,
Q9NPD7,surface,88,28,115,gpi_rule_A,sliced_ecd,local,local,,int8,64,2,82,v2-ruled-vocabulary-2026-08-07,
Q86X52,non_surface,774,29,802,vocabulary,sliced_ecd,above_local,rental,over_local_ceiling,fp16,64,5,83,v2-ruled-vocabulary-2026-08-07,
Q9Y691,surface,127,68,194,vocabulary,sliced_ecd,local,local,,int8,64,2,84,v2-ruled-vocabulary-2026-08-07,
Q8NBJ9,surface,278,19,296,vocabulary,sliced_ecd,local,local,,int8,64,3,85,v2-ruled-vocabulary-2026-08-07,
Q6UW88,surface,88,23,110,vocabulary,sliced_ecd,local,local,,int8,64,2,86,v2-ruled-vocabulary-2026-08-07,
Q02223,surface,54,1,54,vocabulary,sliced_ecd,local,local,,int8,64,2,87,v2-ruled-vocabulary-2026-08-07,
P42892,surface,681,90,770,vocabulary,sliced_ecd,above_local,rental,over_local_ceiling,fp16,64,5,88,v2-ruled-vocabulary-2026-08-07,
P05186,surface,483,18,500,gpi_rule_A,sliced_ecd,untested_band,rental,unmeasured_local_ceiling,fp16,64,5,89,v2-ruled-vocabulary-2026-08-07,
O60507,non_surface,345,26,370,vocabulary,sliced_ecd,local,local,,int8,64,4,90,v2-ruled-vocabulary-2026-08-07,
O43570,surface,277,25,301,vocabulary,sliced_ecd,local,local,,int8,64,3,91,v2-ruled-vocabulary-2026-08-07,
Q9H0V9,surface,269,45,313,vocabulary,sliced_ecd,local,local,,int8,64,3,92,v2-ruled-vocabulary-2026-08-07,
Q8IY49,non_surface,16,255,270,vocabulary,sliced_ecd,local,local,,int8,64,1,93,v2-ruled-vocabulary-2026-08-07,
Q15617,surface,37,161,197,vocabulary,sliced_ecd,local,local,,int8,64,1,94,v2-ruled-vocabulary-2026-08-07,
O95006,surface,37,159,195,vocabulary,sliced_ecd,local,local,,int8,64,1,95,v2-ruled-vocabulary-2026-08-07,
P58658,surface,274,49,322,vocabulary,sliced_ecd,local,local,,int8,64,3,96,v2-ruled-vocabulary-2026-08-07,
P22413,surface,828,98,925,vocabulary,sliced_ecd,above_local,rental,over_local_ceiling,fp16,64,5,97,v2-ruled-vocabulary-2026-08-07,
Q8NCG5,non_surface,358,29,386,vocabulary,sliced_ecd,local,local,,int8,64,4,98,v2-ruled-vocabulary-2026-08-07,
Q7LFX5,non_surface,460,102,561,vocabulary,sliced_ecd,untested_band,rental,unmeasured_local_ceiling,fp16,64,5,99,v2-ruled-vocabulary-2026-08-07,
O75882,surface,1196,84,1279,vocabulary,sliced_ecd,above_local,rental,over_local_ceiling,fp16,64,5,100,v2-ruled-vocabulary-2026-08-07,
Q9NYQ8,surface,4030,19,4048,vocabulary,sliced_ecd,above_local,rental,over_local_ceiling,fp16,64,5,101,v2-ruled-vocabulary-2026-08-07,
Q13621,surface,112,439,550,vocabulary,sliced_ecd,local,local,,int8,64,2,102,v2-ruled-vocabulary-2026-08-07,
Q30201,surface,284,23,306,vocabulary,sliced_ecd,local,local,,int8,64,3,103,v2-ruled-vocabulary-2026-08-07,
Q8NGN1,surface,37,161,197,vocabulary,sliced_ecd,local,local,,int8,64,1,104,v2-ruled-vocabulary-2026-08-07,
Q9Y3E0,non_surface,2,31,32,vocabulary,sliced_ecd,local,local,,int8,64,1,105,v2-ruled-vocabulary-2026-08-07,
O43315,surface,37,124,160,vocabulary,sliced_ecd,local,local,,int8,64,1,106,v2-ruled-vocabulary-2026-08-07,
Q9Y5I1,surface,667,30,696,vocabulary,sliced_ecd,above_local,rental,over_local_ceiling,fp16,64,5,107,v2-ruled-vocabulary-2026-08-07,
P16442,non_surface,301,54,354,vocabulary,sliced_ecd,local,local,,int8,64,4,108,v2-ruled-vocabulary-2026-08-07,
P41732,surface,101,113,213,vocabulary,sliced_ecd,local,local,,int8,64,2,109,v2-ruled-vocabulary-2026-08-07,
Q8N2K0,non_surface,303,96,398,vocabulary,sliced_ecd,local,local,,int8,64,4,110,v2-ruled-vocabulary-2026-08-07,
P34741,surface,126,19,144,vocabulary,sliced_ecd,local,local,,int8,64,2,111,v2-ruled-vocabulary-2026-08-07,
Q504Y0,surface,202,1,202,vocabulary,sliced_ecd,local,local,,int8,64,3,112,v2-ruled-vocabulary-2026-08-07,
Q99795,surface,214,22,235,vocabulary,sliced_ecd,local,local,,int8,64,3,113,v2-ruled-vocabulary-2026-08-07,
Q9BXE9,surface,36,152,187,vocabulary,sliced_ecd,local,local,,int8,64,1,114,v2-ruled-vocabulary-2026-08-07,
Q8N8F6,non_surface,3,194,196,vocabulary,sliced_ecd,local,local,,int8,64,1,115,v2-ruled-vocabulary-2026-08-07,
Q8NH95,surface,27,1,27,vocabulary,sliced_ecd,local,local,,int8,64,1,116,v2-ruled-vocabulary-2026-08-07,
Q8NGX8,surface,37,166,202,vocabulary,sliced_ecd,local,local,,int8,64,1,117,v2-ruled-vocabulary-2026-08-07,
Q9UGF7,surface,37,159,195,vocabulary,sliced_ecd,local,local,,int8,64,1,118,v2-ruled-vocabulary-2026-08-07,
Q02763,surface,726,23,748,vocabulary,sliced_ecd,above_local,rental,over_local_ceiling,fp16,64,5,119,v2-ruled-vocabulary-2026-08-07,
Q8IV31,non_surface,9,26,34,vocabulary,sliced_ecd,local,local,,int8,64,1,120,v2-ruled-vocabulary-2026-08-07,
Q86SQ4,surface,825,38,862,vocabulary,sliced_ecd,above_local,rental,over_local_ceiling,fp16,64,5,121,v2-ruled-vocabulary-2026-08-07,
Q96IW7,non_surface,18,209,226,vocabulary,sliced_ecd,local,local,,int8,64,1,122,v2-ruled-vocabulary-2026-08-07,
Q8NGH9,surface,36,163,198,vocabulary,sliced_ecd,local,local,,int8,64,1,123,v2-ruled-vocabulary-2026-08-07,
P22760,non_surface,376,24,399,vocabulary,sliced_ecd,local,local,,int8,64,4,124,v2-ruled-vocabulary-2026-08-07,
Q9Y5Z0,surface,453,21,473,vocabulary,sliced_ecd,untested_band,rental,unmeasured_local_ceiling,fp16,64,5,125,v2-ruled-vocabulary-2026-08-07,
Q96JW4,surface,162,1,162,vocabulary,sliced_ecd,local,local,,int8,64,3,126,v2-ruled-vocabulary-2026-08-07,
Q0P6D2,non_surface,376,44,419,vocabulary,sliced_ecd,local,local,,int8,64,4,127,v2-ruled-vocabulary-2026-08-07,
O94956,surface,104,461,564,vocabulary,sliced_ecd,local,local,,int8,64,2,128,v2-ruled-vocabulary-2026-08-07,
Q9NZ08,non_surface,920,22,941,vocabulary,sliced_ecd,above_local,rental,over_local_ceiling,fp16,64,5,129,v2-ruled-vocabulary-2026-08-07,
P36897,surface,93,34,126,vocabulary,sliced_ecd,local,local,,int8,64,2,130,v2-ruled-vocabulary-2026-08-07,
O95907,surface,23,36,58,vocabulary,sliced_ecd,local,local,,int8,64,1,131,v2-ruled-vocabulary-2026-08-07,
Q9N2J8,surface,480,36,515,vocabulary,sliced_ecd,untested_band,rental,unmeasured_local_ceiling,fp16,64,5,132,v2-ruled-vocabulary-2026-08-07,
P22888,surface,337,27,363,vocabulary,sliced_ecd,local,local,,int8,64,4,133,v2-ruled-vocabulary-2026-08-07,
Q8NGP4,surface,36,159,194,vocabulary,sliced_ecd,local,local,,int8,64,1,134,v2-ruled-vocabulary-2026-08-07,
O75022,surface,420,24,443,vocabulary,sliced_ecd,local,local,,int8,64,4,135,v2-ruled-vocabulary-2026-08-07,
P05187,surface,483,23,505,gpi_rule_A,sliced_ecd,untested_band,rental,unmeasured_local_ceiling,fp16,64,5,136,v2-ruled-vocabulary-2026-08-07,
Q96DD7,surface,60,28,87,vocabulary,sliced_ecd,local,local,,int8,64,2,137,v2-ruled-vocabulary-2026-08-07,
Q14956,surface,476,23,498,vocabulary,sliced_ecd,untested_band,rental,unmeasured_local_ceiling,fp16,64,5,138,v2-ruled-vocabulary-2026-08-07,
Q6UWH4,non_surface,464,56,519,vocabulary,sliced_ecd,untested_band,rental,unmeasured_local_ceiling,fp16,64,5,139,v2-ruled-vocabulary-2026-08-07,
O15197,surface,563,32,594,vocabulary,sliced_ecd,untested_band,rental,unmeasured_local_ceiling,fp16,64,5,140,v2-ruled-vocabulary-2026-08-07,
Q03431,surface,160,27,186,vocabulary,sliced_ecd,local,local,,int8,64,3,141,v2-ruled-vocabulary-2026-08-07,
P21757,surface,375,77,451,vocabulary,sliced_ecd,local,local,,int8,64,4,142,v2-ruled-vocabulary-2026-08-07,
P19256,surface,187,29,215,vocabulary,sliced_ecd,local,local,,int8,64,3,143,v2-ruled-vocabulary-2026-08-07,
P24071,surface,206,22,227,vocabulary,sliced_ecd,local,local,,int8,64,3,144,v2-ruled-vocabulary-2026-08-07,
Q99941,non_surface,286,418,703,vocabulary,sliced_ecd,local,local,,int8,64,3,145,v2-ruled-vocabulary-2026-08-07,
Q8TCT7,surface,149,26,174,vocabulary,sliced_ecd,local,local,,int8,64,2,146,v2-ruled-vocabulary-2026-08-07,
P78504,surface,1034,34,1067,vocabulary,sliced_ecd,above_local,rental,over_local_ceiling,fp16,64,5,147,v2-ruled-vocabulary-2026-08-07,
O60235,surface,377,42,418,vocabulary,sliced_ecd,local,local,,int8,64,4,148,v2-ruled-vocabulary-2026-08-07,
Q7L1I2,surface,124,412,535,vocabulary,sliced_ecd,local,local,,int8,64,2,149,v2-ruled-vocabulary-2026-08-07,
P51810,surface,28,1,28,vocabulary,sliced_ecd,local,local,,int8,64,1,150,v2-ruled-vocabulary-2026-08-07,
Q68CJ9,non_surface,118,344,461,vocabulary,sliced_ecd,local,local,,int8,64,2,151,v2-ruled-vocabulary-2026-08-07,
Q6UWL6,surface,490,21,510,vocabulary,sliced_ecd,untested_band,rental,unmeasured_local_ceiling,fp16,64,5,152,v2-ruled-vocabulary-2026-08-07,
O75023,surface,435,24,458,vocabulary,sliced_ecd,local,local,,int8,64,4,153,v2-ruled-vocabulary-2026-08-07,
Q8NH10,surface,37,161,197,vocabulary,sliced_ecd,local,local,,int8,64,1,154,v2-ruled-vocabulary-2026-08-07,
Q8NET8,non_surface,19,461,479,vocabulary,sliced_ecd,local,local,,int8,64,1,155,v2-ruled-vocabulary-2026-08-07,
P32245,surface,47,1,47,vocabulary,sliced_ecd,local,local,,int8,64,1,156,v2-ruled-vocabulary-2026-08-07,
P0C7N8,surface,41,160,200,vocabulary,sliced_ecd,local,local,,int8,64,1,157,v2-ruled-vocabulary-2026-08-07,
P16444,surface,368,17,384,gpi_rule_A,sliced_ecd,local,local,,int8,64,4,158,v2-ruled-vocabulary-2026-08-07,
Q9NRX5,surface,29,281,309,vocabulary,sliced_ecd,local,local,,int8,64,1,159,v2-ruled-vocabulary-2026-08-07,
P06213,surface,731,28,758,vocabulary,sliced_ecd,above_local,rental,over_local_ceiling,fp16,64,5,160,v2-ruled-vocabulary-2026-08-07,
Q9H205,surface,37,159,195,vocabulary,sliced_ecd,local,local,,int8,64,1,161,v2-ruled-vocabulary-2026-08-07,
Q9BX97,surface,394,49,442,vocabulary,sliced_ecd,local,local,,int8,64,4,162,v2-ruled-vocabulary-2026-08-07,
P29320,surface,521,21,541,vocabulary,sliced_ecd,untested_band,rental,unmeasured_local_ceiling,fp16,64,5,163,v2-ruled-vocabulary-2026-08-07,
Q9H6D3,non_surface,17,302,318,vocabulary,sliced_ecd,local,local,,int8,64,1,164,v2-ruled-vocabulary-2026-08-07,
P16473,surface,394,21,414,vocabulary,sliced_ecd,local,local,,int8,64,4,165,v2-ruled-vocabulary-2026-08-07,
Q6PK18,non_surface,254,66,319,vocabulary,sliced_ecd,local,local,,int8,64,3,166,v2-ruled-vocabulary-2026-08-07,
Q06418,surface,389,41,429,vocabulary,sliced_ecd,local,local,,int8,64,4,167,v2-ruled-vocabulary-2026-08-07,
P34910,surface,181,22,202,vocabulary,sliced_ecd,local,local,,int8,64,3,168,v2-ruled-vocabulary-2026-08-07,
Q8NH03,surface,37,164,200,vocabulary,sliced_ecd,local,local,,int8,64,1,169,v2-ruled-vocabulary-2026-08-07,
P30825,surface,39,124,162,vocabulary,sliced_ecd,local,local,,int8,64,1,170,v2-ruled-vocabulary-2026-08-07,
Q9H902,non_surface,1,56,56,vocabulary,sliced_ecd,local,local,,int8,64,1,171,v2-ruled-vocabulary-2026-08-07,
Q9NYW1,surface,34,147,180,vocabulary,sliced_ecd,local,local,,int8,64,1,172,v2-ruled-vocabulary-2026-08-07,
Q8NGC6,surface,37,159,195,vocabulary,sliced_ecd,local,local,,int8,64,1,173,v2-ruled-vocabulary-2026-08-07,
Q8N9I0,non_surface,62,1,62,vocabulary,sliced_ecd,local,local,,int8,64,2,174,v2-ruled-vocabulary-2026-08-07,
Q9HBW1,surface,489,39,527,vocabulary,sliced_ecd,untested_band,rental,unmeasured_local_ceiling,fp16,64,5,175,v2-ruled-vocabulary-2026-08-07,
Q16572,surface,71,55,125,vocabulary,sliced_ecd,local,local,,int8,64,2,176,v2-ruled-vocabulary-2026-08-07,
Q9H158,surface,665,19,683,vocabulary,sliced_ecd,above_local,rental,over_local_ceiling,fp16,64,5,177,v2-ruled-vocabulary-2026-08-07,
O95867,surface,80,19,98,gpi_rule_A,sliced_ecd,local,local,,int8,64,2,178,v2-ruled-vocabulary-2026-08-07,
Q6IF63,surface,36,166,201,vocabulary,sliced_ecd,local,local,,int8,64,1,179,v2-ruled-vocabulary-2026-08-07,
P43632,surface,224,22,245,vocabulary,sliced_ecd,local,local,,int8,64,3,180,v2-ruled-vocabulary-2026-08-07,
Q6NUS8,non_surface,461,23,483,vocabulary,sliced_ecd,untested_band,rental,unmeasured_local_ceiling,fp16,64,5,181,v2-ruled-vocabulary-2026-08-07,
Q9NX61,surface,70,29,98,vocabulary,sliced_ecd,local,local,,int8,64,2,182,v2-ruled-vocabulary-2026-08-07,
Q4KMZ8,surface,64,83,146,vocabulary,sliced_ecd,local,local,,int8,64,2,183,v2-ruled-vocabulary-2026-08-07,
Q9NYM9,non_surface,4,108,111,vocabulary,sliced_ecd,local,local,,int8,64,1,184,v2-ruled-vocabulary-2026-08-07,
Q9NP60,surface,338,17,354,vocabulary,sliced_ecd,local,local,,int8,64,4,185,v2-ruled-vocabulary-2026-08-07,
Q6ZMZ3,non_surface,29,947,975,vocabulary,sliced_ecd,local,local,,int8,64,1,186,v2-ruled-vocabulary-2026-08-07,
Q92819,non_surface,25,451,475,vocabulary,sliced_ecd,local,local,,int8,64,1,187,v2-ruled-vocabulary-2026-08-07,
Q8NH55,surface,30,1,30,vocabulary,sliced_ecd,local,local,,int8,64,1,188,v2-ruled-vocabulary-2026-08-07,
Q8NGZ4,surface,37,159,195,vocabulary,sliced_ecd,local,local,,int8,64,1,189,v2-ruled-vocabulary-2026-08-07,
P78369,surface,59,22,80,vocabulary,sliced_ecd,local,local,,int8,64,2,190,v2-ruled-vocabulary-2026-08-07,
P06127,surface,348,25,372,vocabulary,sliced_ecd,local,local,,int8,64,4,191,v2-ruled-vocabulary-2026-08-07,
Q9HCJ1,surface,25,107,131,vocabulary,sliced_ecd,local,local,,int8,64,1,192,v2-ruled-vocabulary-2026-08-07,
O15547,surface,273,61,333,vocabulary,sliced_ecd,local,local,,int8,64,3,193,v2-ruled-vocabulary-2026-08-07,
Q16586,surface,267,24,290,vocabulary,sliced_ecd,local,local,,int8,64,3,194,v2-ruled-vocabulary-2026-08-07,
Q01650,surface,28,215,242,vocabulary,sliced_ecd,local,local,,int8,64,1,195,v2-ruled-vocabulary-2026-08-07,
Q9UHF3,non_surface,164,64,227,vocabulary,sliced_ecd,local,local,,int8,64,3,196,v2-ruled-vocabulary-2026-08-07,
Q8NG94,surface,44,1,44,vocabulary,sliced_ecd,local,local,,int8,64,1,197,v2-ruled-vocabulary-2026-08-07,
O95183,non_surface,23,94,116,vocabulary,sliced_ecd,local,local,,int8,64,1,198,v2-ruled-vocabulary-2026-08-07,
Q96B86,surface,255,169,423,gpi_rule_A,sliced_ecd,local,local,,int8,64,3,199,v2-ruled-vocabulary-2026-08-07,
Q8NGA2,surface,37,162,198,vocabulary,sliced_ecd,local,local,,int8,64,1,200,v2-ruled-vocabulary-2026-08-07,
Q96RQ1,non_surface,265,55,319,vocabulary,sliced_ecd,local,local,,int8,64,3,201,v2-ruled-vocabulary-2026-08-07,
Q13873,surface,124,27,150,vocabulary,sliced_ecd,local,local,,int8,64,2,202,v2-ruled-vocabulary-2026-08-07,
P23467,surface,1599,23,1621,vocabulary,sliced_ecd,above_local,rental,over_local_ceiling,fp16,64,5,203,v2-ruled-vocabulary-2026-08-07,
Q3MUY2,non_surface,18,27,44,vocabulary,sliced_ecd,local,local,,int8,64,1,204,v2-ruled-vocabulary-2026-08-07,
P08588,surface,57,1,57,vocabulary,sliced_ecd,local,local,,int8,64,2,205,v2-ruled-vocabulary-2026-08-07,
Q3SXY7,surface,563,20,582,vocabulary,sliced_ecd,untested_band,rental,unmeasured_local_ceiling,fp16,64,5,206,v2-ruled-vocabulary-2026-08-07,
Q8NGS6,surface,55,1,55,vocabulary,sliced_ecd,local,local,,int8,64,2,207,v2-ruled-vocabulary-2026-08-07,
Q93086,non_surface,268,52,319,vocabulary,sliced_ecd,local,local,,int8,64,3,208,v2-ruled-vocabulary-2026-08-07,
Q9HCU0,surface,670,18,687,vocabulary,sliced_ecd,above_local,rental,over_local_ceiling,fp16,64,5,209,v2-ruled-vocabulary-2026-08-07,
Q9NRJ7,surface,662,29,690,vocabulary,sliced_ecd,above_local,rental,over_local_ceiling,fp16,64,5,210,v2-ruled-vocabulary-2026-08-07,
Q15825,surface,214,26,239,vocabulary,sliced_ecd,local,local,,int8,64,3,211,v2-ruled-vocabulary-2026-08-07,
Q96RC9,surface,37,160,196,vocabulary,sliced_ecd,local,local,,int8,64,1,212,v2-ruled-vocabulary-2026-08-07,
Q9UKQ2,surface,467,199,665,vocabulary,sliced_ecd,untested_band,rental,unmeasured_local_ceiling,fp16,64,5,213,v2-ruled-vocabulary-2026-08-07,
Q92813,non_surface,9,1,9,vocabulary,sliced_ecd,local,local,,int8,64,1,214,v2-ruled-vocabulary-2026-08-07,
O75144,surface,238,19,256,vocabulary,sliced_ecd,local,local,,int8,64,3,215,v2-ruled-vocabulary-2026-08-07,
P12821,surface,1227,30,1256,vocabulary,sliced_ecd,above_local,rental,over_local_ceiling,fp16,64,5,216,v2-ruled-vocabulary-2026-08-07,
P55291,surface,546,61,606,vocabulary,sliced_ecd,untested_band,rental,unmeasured_local_ceiling,fp16,64,5,217,v2-ruled-vocabulary-2026-08-07,
G3V0H7,surface,109,384,492,vocabulary,sliced_ecd,local,local,,int8,64,2,218,v2-ruled-vocabulary-2026-08-07,
Q8NB59,non_surface,24,1,24,vocabulary,sliced_ecd,local,local,,int8,64,1,219,v2-ruled-vocabulary-2026-08-07,
Q99500,surface,40,1,40,vocabulary,sliced_ecd,local,local,,int8,64,1,220,v2-ruled-vocabulary-2026-08-07,
Q5T4D3,non_surface,280,462,741,vocabulary,sliced_ecd,local,local,,int8,64,3,221,v2-ruled-vocabulary-2026-08-07,
Q9HCX4,non_surface,51,487,537,vocabulary,sliced_ecd,local,local,,int8,64,2,222,v2-ruled-vocabulary-2026-08-07,
O15439,surface,13,756,768,vocabulary,sliced_ecd,local,local,,int8,64,1,223,v2-ruled-vocabulary-2026-08-07,
O00451,surface,422,22,443,gpi_rule_A,sliced_ecd,local,local,,int8,64,4,224,v2-ruled-vocabulary-2026-08-07,
Q9HC97,surface,17,1,17,vocabulary,sliced_ecd,local,local,,int8,64,1,225,v2-ruled-vocabulary-2026-08-07,
Q9P2K9,surface,432,751,1182,vocabulary,sliced_ecd,local,local,,int8,64,4,226,v2-ruled-vocabulary-2026-08-07,
Q9Y6H8,surface,31,41,71,vocabulary,sliced_ecd,local,local,,int8,64,1,227,v2-ruled-vocabulary-2026-08-07,
Q5SQ64,surface,219,17,235,vocabulary,sliced_ecd,local,local,,int8,64,3,228,v2-ruled-vocabulary-2026-08-07,
A6NND4,surface,34,167,200,vocabulary,sliced_ecd,local,local,,int8,64,1,229,v2-ruled-vocabulary-2026-08-07,
Q9GZP7,surface,56,1,56,vocabulary,sliced_ecd,local,local,,int8,64,2,230,v2-ruled-vocabulary-2026-08-07,
P05556,surface,708,21,728,vocabulary,sliced_ecd,above_local,rental,over_local_ceiling,fp16,64,5,231,v2-ruled-vocabulary-2026-08-07,
Q9P232,surface,982,20,1001,gpi_rule_A,sliced_ecd,above_local,rental,over_local_ceiling,fp16,64,5,232,v2-ruled-vocabulary-2026-08-07,
Q13433,surface,297,29,325,vocabulary,sliced_ecd,local,local,,int8,64,3,233,v2-ruled-vocabulary-2026-08-07,
Q8NET5,surface,121,43,163,vocabulary,sliced_ecd,local,local,,int8,64,2,234,v2-ruled-vocabulary-2026-08-07,
Q70SY1,non_surface,120,401,520,vocabulary,sliced_ecd,local,local,,int8,64,2,235,v2-ruled-vocabulary-2026-08-07,
Q96GX1,surface,643,26,668,vocabulary,sliced_ecd,above_local,rental,over_local_ceiling,fp16,64,5,236,v2-ruled-vocabulary-2026-08-07,
Q9Y5I0,surface,668,30,697,vocabulary,sliced_ecd,above_local,rental,over_local_ceiling,fp16,64,5,237,v2-ruled-vocabulary-2026-08-07,
P35408,surface,24,161,184,vocabulary,sliced_ecd,local,local,,int8,64,1,238,v2-ruled-vocabulary-2026-08-07,
Q96QK8,non_surface,49,1,49,vocabulary,sliced_ecd,local,local,,int8,64,1,239,v2-ruled-vocabulary-2026-08-07,
Q6ZXV5,non_surface,492,424,915,vocabulary,sliced_ecd,untested_band,rental,unmeasured_local_ceiling,fp16,64,5,240,v2-ruled-vocabulary-2026-08-07,
Q92536,surface,32,136,167,vocabulary,sliced_ecd,local,local,,int8,64,1,241,v2-ruled-vocabulary-2026-08-07,
Q9UQ52,surface,979,20,998,gpi_rule_A,sliced_ecd,above_local,rental,over_local_ceiling,fp16,64,5,242,v2-ruled-vocabulary-2026-08-07,
P09758,surface,248,27,274,vocabulary,sliced_ecd,local,local,,int8,64,3,243,v2-ruled-vocabulary-2026-08-07,
A6NLE4,non_surface,119,54,172,vocabulary,sliced_ecd,local,local,,int8,64,2,244,v2-ruled-vocabulary-2026-08-07,
O43699,surface,321,27,347,vocabulary,sliced_ecd,local,local,,int8,64,4,245,v2-ruled-vocabulary-2026-08-07,
P40967,surface,126,470,595,vocabulary,sliced_ecd,local,local,,int8,64,2,246,v2-ruled-vocabulary-2026-08-07,
Q7RTX1,surface,547,21,567,vocabulary,sliced_ecd,untested_band,rental,unmeasured_local_ceiling,fp16,64,5,247,v2-ruled-vocabulary-2026-08-07,
Q8WZ84,surface,37,161,197,vocabulary,sliced_ecd,local,local,,int8,64,1,248,v2-ruled-vocabulary-2026-08-07,
Q4G0T1,surface,887,20,906,vocabulary,sliced_ecd,above_local,rental,over_local_ceiling,fp16,64,5,249,v2-ruled-vocabulary-2026-08-07,
O60609,surface,342,32,373,gpi_rule_A,sliced_ecd,local,local,,int8,64,4,250,v2-ruled-vocabulary-2026-08-07,
P06340,surface,192,26,217,vocabulary,sliced_ecd,local,local,,int8,64,3,251,v2-ruled-vocabulary-2026-08-07,
Q8N387,surface,213,24,236,vocabulary,sliced_ecd,local,local,,int8,64,3,252,v2-ruled-vocabulary-2026-08-07,
O60725,non_surface,8,34,41,vocabulary,sliced_ecd,local,local,,int8,64,1,253,v2-ruled-vocabulary-2026-08-07,
P01903,surface,191,26,216,vocabulary,sliced_ecd,local,local,,int8,64,3,254,v2-ruled-vocabulary-2026-08-07,
Q9NPG4,surface,694,25,718,vocabulary,sliced_ecd,above_local,rental,over_local_ceiling,fp16,64,5,255,v2-ruled-vocabulary-2026-08-07,
Q9UPQ8,non_surface,22,276,297,vocabulary,sliced_ecd,local,local,,int8,64,1,256,v2-ruled-vocabulary-2026-08-07,
Q8NFZ3,surface,633,44,676,vocabulary,sliced_ecd,above_local,rental,over_local_ceiling,fp16,64,5,257,v2-ruled-vocabulary-2026-08-07,
P41217,surface,202,31,232,vocabulary,sliced_ecd,local,local,,int8,64,3,258,v2-ruled-vocabulary-2026-08-07,
Q99999,non_surface,388,36,423,vocabulary,sliced_ecd,local,local,,int8,64,4,259,v2-ruled-vocabulary-2026-08-07,
P0C6S8,surface,507,25,531,vocabulary,sliced_ecd,untested_band,rental,unmeasured_local_ceiling,fp16,64,5,260,v2-ruled-vocabulary-2026-08-07,
Q9Y5Y4,surface,42,169,210,vocabulary,sliced_ecd,local,local,,int8,64,1,261,v2-ruled-vocabulary-2026-08-07,
Q9BZV2,surface,25,29,53,vocabulary,sliced_ecd,local,local,,int8,64,1,262,v2-ruled-vocabulary-2026-08-07,
Q8NBN3,surface,204,22,225,vocabulary,sliced_ecd,local,local,,int8,64,3,263,v2-ruled-vocabulary-2026-08-07,
P18505,surface,220,26,245,vocabulary,sliced_ecd,local,local,,int8,64,3,264,v2-ruled-vocabulary-2026-08-07,
Q9Y5G1,surface,661,31,691,vocabulary,sliced_ecd,above_local,rental,over_local_ceiling,fp16,64,5,265,v2-ruled-vocabulary-2026-08-07,
Q96A54,non_surface,17,359,375,vocabulary,sliced_ecd,local,local,,int8,64,1,266,v2-ruled-vocabulary-2026-08-07,
Q9NWQ8,non_surface,16,1,16,vocabulary,sliced_ecd,local,local,,int8,64,1,267,v2-ruled-vocabulary-2026-08-07,
Q99062,surface,603,25,627,vocabulary,sliced_ecd,untested_band,rental,unmeasured_local_ceiling,fp16,64,5,268,v2-ruled-vocabulary-2026-08-07,
Q96RD0,surface,37,161,197,vocabulary,sliced_ecd,local,local,,int8,64,1,269,v2-ruled-vocabulary-2026-08-07,
Q9NPR2,surface,674,44,717,vocabulary,sliced_ecd,above_local,rental,over_local_ceiling,fp16,64,5,270,v2-ruled-vocabulary-2026-08-07,
P55283,surface,565,170,734,vocabulary,sliced_ecd,untested_band,rental,unmeasured_local_ceiling,fp16,64,5,271,v2-ruled-vocabulary-2026-08-07,
P48960,surface,532,21,552,vocabulary,sliced_ecd,untested_band,rental,unmeasured_local_ceiling,fp16,64,5,272,v2-ruled-vocabulary-2026-08-07,
P08913,surface,47,1,47,vocabulary,sliced_ecd,local,local,,int8,64,1,273,v2-ruled-vocabulary-2026-08-07,
P26951,surface,287,19,305,vocabulary,sliced_ecd,local,local,,int8,64,3,274,v2-ruled-vocabulary-2026-08-07,
Q9UNN8,surface,193,18,210,vocabulary,sliced_ecd,local,local,,int8,64,3,275,v2-ruled-vocabulary-2026-08-07,
Q8TBM8,non_surface,114,266,379,vocabulary,sliced_ecd,local,local,,int8,64,2,276,v2-ruled-vocabulary-2026-08-07,
P78325,surface,639,17,655,vocabulary,sliced_ecd,above_local,rental,over_local_ceiling,fp16,64,5,277,v2-ruled-vocabulary-2026-08-07,
O60404,surface,37,161,197,vocabulary,sliced_ecd,local,local,,int8,64,1,278,v2-ruled-vocabulary-2026-08-07,
Q9P121,surface,287,34,320,gpi_rule_A,sliced_ecd,local,local,,int8,64,3,279,v2-ruled-vocabulary-2026-08-07,
Q86V24,surface,17,370,386,vocabulary,sliced_ecd,local,local,,int8,64,1,280,v2-ruled-vocabulary-2026-08-07,
Q9BY50,non_surface,144,49,192,vocabulary,sliced_ecd,local,local,,int8,64,2,281,v2-ruled-vocabulary-2026-08-07,
P36941,surface,197,31,227,vocabulary,sliced_ecd,local,local,,int8,64,3,282,v2-ruled-vocabulary-2026-08-07,
Q9HC73,surface,209,23,231,vocabulary,sliced_ecd,local,local,,int8,64,3,283,v2-ruled-vocabulary-2026-08-07,
O75054,surface,1105,20,1124,vocabulary,sliced_ecd,above_local,rental,over_local_ceiling,fp16,64,5,284,v2-ruled-vocabulary-2026-08-07,
Q9H3T3,surface,578,26,603,vocabulary,sliced_ecd,untested_band,rental,unmeasured_local_ceiling,fp16,64,5,285,v2-ruled-vocabulary-2026-08-07,
P32248,surface,35,25,59,vocabulary,sliced_ecd,local,local,,int8,64,1,286,v2-ruled-vocabulary-2026-08-07,
P10966,surface,149,22,170,vocabulary,sliced_ecd,local,local,,int8,64,2,287,v2-ruled-vocabulary-2026-08-07,
Q9H2X9,surface,126,277,402,vocabulary,sliced_ecd,local,local,,int8,64,2,288,v2-ruled-vocabulary-2026-08-07,
Q14952,surface,224,22,245,vocabulary,sliced_ecd,local,local,,int8,64,3,289,v2-ruled-vocabulary-2026-08-07,
Q96R47,surface,37,158,194,vocabulary,sliced_ecd,local,local,,int8,64,1,290,v2-ruled-vocabulary-2026-08-07,
O00124,non_surface,11,23,33,vocabulary,sliced_ecd,local,local,,int8,64,1,291,v2-ruled-vocabulary-2026-08-07,
P01833,surface,620,19,638,vocabulary,sliced_ecd,untested_band,rental,unmeasured_local_ceiling,fp16,64,5,292,v2-ruled-vocabulary-2026-08-07,
Q8N3Y3,non_surface,692,30,721,vocabulary,sliced_ecd,above_local,rental,over_local_ceiling,fp16,64,5,293,v2-ruled-vocabulary-2026-08-07,
Q15722,surface,26,243,268,vocabulary,sliced_ecd,local,local,,int8,64,1,294,v2-ruled-vocabulary-2026-08-07,
P36383,non_surface,30,46,75,vocabulary,sliced_ecd,local,local,,int8,64,1,295,v2-ruled-vocabulary-2026-08-07,
Q11203,non_surface,347,29,375,vocabulary,sliced_ecd,local,local,,int8,64,4,296,v2-ruled-vocabulary-2026-08-07,
Q9UM47,surface,1604,40,1643,vocabulary,sliced_ecd,above_local,rental,over_local_ceiling,fp16,64,5,297,v2-ruled-vocabulary-2026-08-07,
P14778,surface,319,18,336,vocabulary,sliced_ecd,local,local,,int8,64,4,298,v2-ruled-vocabulary-2026-08-07,
O43749,surface,38,159,196,vocabulary,sliced_ecd,local,local,,int8,64,1,299,v2-ruled-vocabulary-2026-08-07,
Q9P2U8,surface,33,93,125,vocabulary,sliced_ecd,local,local,,int8,64,1,300,v2-ruled-vocabulary-2026-08-07,
Q96NT5,surface,38,45,82,vocabulary,sliced_ecd,local,local,,int8,64,1,301,v2-ruled-vocabulary-2026-08-07,
Q8N661,non_surface,11,189,199,vocabulary,sliced_ecd,local,local,,int8,64,1,302,v2-ruled-vocabulary-2026-08-07,
P25100,surface,95,1,95,vocabulary,sliced_ecd,local,local,,int8,64,2,303,v2-ruled-vocabulary-2026-08-07,
O76100,surface,37,161,197,vocabulary,sliced_ecd,local,local,,int8,64,1,304,v2-ruled-vocabulary-2026-08-07,
Q9Y5E4,surface,659,31,689,vocabulary,sliced_ecd,above_local,rental,over_local_ceiling,fp16,64,5,305,v2-ruled-vocabulary-2026-08-07,
Q9H2B2,non_surface,16,1,16,vocabulary,sliced_ecd,local,local,,int8,64,1,306,v2-ruled-vocabulary-2026-08-07,
Q9ULD8,non_surface,71,383,453,vocabulary,sliced_ecd,local,local,,int8,64,2,307,v2-ruled-vocabulary-2026-08-07,
Q96FE5,surface,520,42,561,vocabulary,sliced_ecd,untested_band,rental,unmeasured_local_ceiling,fp16,64,5,308,v2-ruled-vocabulary-2026-08-07,
Q5NUL3,surface,45,1,45,vocabulary,sliced_ecd,local,local,,int8,64,1,309,v2-ruled-vocabulary-2026-08-07,
Q8NC01,surface,207,74,280,vocabulary,sliced_ecd,local,local,,int8,64,3,310,v2-ruled-vocabulary-2026-08-07,
Q9H159,surface,553,44,596,vocabulary,sliced_ecd,untested_band,rental,unmeasured_local_ceiling,fp16,64,5,311,v2-ruled-vocabulary-2026-08-07,
Q9NV96,surface,255,71,325,vocabulary,sliced_ecd,local,local,,int8,64,3,312,v2-ruled-vocabulary-2026-08-07,
Q6UXG2,surface,869,42,910,vocabulary,sliced_ecd,above_local,rental,over_local_ceiling,fp16,64,5,313,v2-ruled-vocabulary-2026-08-07,
P41231,surface,32,1,32,vocabulary,sliced_ecd,local,local,,int8,64,1,314,v2-ruled-vocabulary-2026-08-07,
Q08708,surface,163,21,183,vocabulary,sliced_ecd,local,local,,int8,64,3,315,v2-ruled-vocabulary-2026-08-07,
Q12836,surface,487,19,505,vocabulary,sliced_ecd,untested_band,rental,unmeasured_local_ceiling,fp16,64,5,316,v2-ruled-vocabulary-2026-08-07,
Q9NQA5,surface,37,349,385,vocabulary,sliced_ecd,local,local,,int8,64,1,317,v2-ruled-vocabulary-2026-08-07,
Q8TDQ0,surface,181,22,202,vocabulary,sliced_ecd,local,local,,int8,64,3,318,v2-ruled-vocabulary-2026-08-07,
Q9NZS2,surface,172,60,231,vocabulary,sliced_ecd,local,local,,int8,64,3,319,v2-ruled-vocabulary-2026-08-07,
P25092,surface,407,24,430,vocabulary,sliced_ecd,local,local,,int8,64,4,320,v2-ruled-vocabulary-2026-08-07,
Q05940,surface,88,42,129,vocabulary,sliced_ecd,local,local,,int8,64,2,321,v2-ruled-vocabulary-2026-08-07,
O75084,surface,224,33,256,vocabulary,sliced_ecd,local,local,,int8,64,3,322,v2-ruled-vocabulary-2026-08-07,
P54709,surface,223,57,279,vocabulary,sliced_ecd,local,local,,int8,64,3,323,v2-ruled-vocabulary-2026-08-07,
Q10472,non_surface,531,29,559,vocabulary,sliced_ecd,untested_band,rental,unmeasured_local_ceiling,fp16,64,5,324,v2-ruled-vocabulary-2026-08-07,
P50281,surface,430,112,541,vocabulary,sliced_ecd,local,local,,int8,64,4,325,v2-ruled-vocabulary-2026-08-07,
Q13635,surface,320,118,437,vocabulary,sliced_ecd,local,local,,int8,64,4,326,v2-ruled-vocabulary-2026-08-07,
Q8NGY6,surface,37,161,197,vocabulary,sliced_ecd,local,local,,int8,64,1,327,v2-ruled-vocabulary-2026-08-07,
Q7RTW8,surface,1107,23,1129,gpi_rule_A,sliced_ecd,above_local,rental,over_local_ceiling,fp16,64,5,328,v2-ruled-vocabulary-2026-08-07,
Q96LA5,surface,382,20,401,vocabulary,sliced_ecd,local,local,,int8,64,4,329,v2-ruled-vocabulary-2026-08-07,
Q86XJ0,non_surface,52,125,176,vocabulary,sliced_ecd,local,local,,int8,64,2,330,v2-ruled-vocabulary-2026-08-07,
P16581,surface,535,22,556,vocabulary,sliced_ecd,untested_band,rental,unmeasured_local_ceiling,fp16,64,5,331,v2-ruled-vocabulary-2026-08-07,
Q9HD20,surface,179,265,443,vocabulary,sliced_ecd,local,local,,int8,64,3,332,v2-ruled-vocabulary-2026-08-07,
Q9BT88,non_surface,15,1,15,vocabulary,sliced_ecd,local,local,,int8,64,1,333,v2-ruled-vocabulary-2026-08-07,
P13747,surface,284,22,305,vocabulary,sliced_ecd,local,local,,int8,64,3,334,v2-ruled-vocabulary-2026-08-07,
O60503,surface,34,942,975,vocabulary,sliced_ecd,local,local,,int8,64,1,335,v2-ruled-vocabulary-2026-08-07,
A6NET4,surface,32,165,196,vocabulary,sliced_ecd,local,local,,int8,64,1,336,v2-ruled-vocabulary-2026-08-07,
P49238,surface,31,1,31,vocabulary,sliced_ecd,local,local,,int8,64,1,337,v2-ruled-vocabulary-2026-08-07,
Q8NGT5,surface,37,157,193,vocabulary,sliced_ecd,local,local,,int8,64,1,338,v2-ruled-vocabulary-2026-08-07,
Q9BXS4,non_surface,203,36,238,vocabulary,sliced_ecd,local,local,,int8,64,3,339,v2-ruled-vocabulary-2026-08-07,
P11117,surface,350,31,380,vocabulary,sliced_ecd,local,local,,int8,64,4,340,v2-ruled-vocabulary-2026-08-07,
Q15005,non_surface,4,108,111,vocabulary,sliced_ecd,local,local,,int8,64,1,341,v2-ruled-vocabulary-2026-08-07,
Q16553,surface,80,21,100,gpi_rule_A,sliced_ecd,local,local,,int8,64,2,342,v2-ruled-vocabulary-2026-08-07,
Q8N1C3,surface,238,36,273,vocabulary,sliced_ecd,local,local,,int8,64,3,343,v2-ruled-vocabulary-2026-08-07,
Q8NCL4,non_surface,594,29,622,vocabulary,sliced_ecd,untested_band,rental,unmeasured_local_ceiling,fp16,64,5,344,v2-ruled-vocabulary-2026-08-07,
P36894,surface,129,24,152,vocabulary,sliced_ecd,local,local,,int8,64,2,345,v2-ruled-vocabulary-2026-08-07,
Q96IZ2,non_surface,22,25,46,vocabulary,sliced_ecd,local,local,,int8,64,1,346,v2-ruled-vocabulary-2026-08-07,
Q8NH37,surface,37,157,193,vocabulary,sliced_ecd,local,local,,int8,64,1,347,v2-ruled-vocabulary-2026-08-07,
Q9Y5G5,surface,663,30,692,vocabulary,sliced_ecd,above_local,rental,over_local_ceiling,fp16,64,5,348,v2-ruled-vocabulary-2026-08-07,
Q6ZMG9,non_surface,37,1,37,vocabulary,sliced_ecd,local,local,,int8,64,1,349,v2-ruled-vocabulary-2026-08-07,
Q9GZZ6,surface,213,25,237,vocabulary,sliced_ecd,local,local,,int8,64,3,350,v2-ruled-vocabulary-2026-08-07,
A6NM11,surface,1547,36,1582,vocabulary,sliced_ecd,above_local,rental,over_local_ceiling,fp16,64,5,351,v2-ruled-vocabulary-2026-08-07,
Q9UQ05,non_surface,45,383,427,vocabulary,sliced_ecd,local,local,,int8,64,1,352,v2-ruled-vocabulary-2026-08-07,
P82279,surface,1322,26,1347,vocabulary,sliced_ecd,above_local,rental,over_local_ceiling,fp16,64,5,353,v2-ruled-vocabulary-2026-08-07,
P36956,non_surface,39,509,547,vocabulary,sliced_ecd,local,local,,int8,64,1,354,v2-ruled-vocabulary-2026-08-07,
Q86VZ4,surface,413,38,450,vocabulary,sliced_ecd,local,local,,int8,64,4,355,v2-ruled-vocabulary-2026-08-07,
P31644,surface,229,32,260,vocabulary,sliced_ecd,local,local,,int8,64,3,356,v2-ruled-vocabulary-2026-08-07,
Q9Y278,non_surface,328,40,367,vocabulary,sliced_ecd,local,local,,int8,64,4,357,v2-ruled-vocabulary-2026-08-07,
O14684,non_surface,12,1,12,vocabulary,sliced_ecd,local,local,,int8,64,1,358,v2-ruled-vocabulary-2026-08-07,
Q8N695,surface,58,461,518,vocabulary,sliced_ecd,local,local,,int8,64,2,359,v2-ruled-vocabulary-2026-08-07,
O94856,surface,1193,25,1217,vocabulary,sliced_ecd,above_local,rental,over_local_ceiling,fp16,64,5,360,v2-ruled-vocabulary-2026-08-07,
Q9UHC9,surface,272,868,1139,vocabulary,sliced_ecd,local,local,,int8,64,3,361,v2-ruled-vocabulary-2026-08-07,
Q6UX71,surface,424,31,454,vocabulary,sliced_ecd,local,local,,int8,64,4,362,v2-ruled-vocabulary-2026-08-07,
P56856,surface,53,28,80,vocabulary,sliced_ecd,local,local,,int8,64,2,363,v2-ruled-vocabulary-2026-08-07,
Q7Z3T1,surface,37,159,195,vocabulary,sliced_ecd,local,local,,int8,64,1,364,v2-ruled-vocabulary-2026-08-07,
O96024,non_surface,359,20,378,vocabulary,sliced_ecd,local,local,,int8,64,4,365,v2-ruled-vocabulary-2026-08-07,
Q6ZP80,surface,88,27,114,vocabulary,sliced_ecd,local,local,,int8,64,2,366,v2-ruled-vocabulary-2026-08-07,
Q9Y228,non_surface,7,545,551,vocabulary,sliced_ecd,local,local,,int8,64,1,367,v2-ruled-vocabulary-2026-08-07,
P47775,surface,48,1,48,vocabulary,sliced_ecd,local,local,,int8,64,1,368,v2-ruled-vocabulary-2026-08-07,
Q13349,surface,1082,18,1099,vocabulary,sliced_ecd,above_local,rental,over_local_ceiling,fp16,64,5,369,v2-ruled-vocabulary-2026-08-07,
Q8TC36,non_surface,257,123,379,vocabulary,sliced_ecd,local,local,,int8,64,3,370,v2-ruled-vocabulary-2026-08-07,
Q9BY15,surface,336,22,357,vocabulary,sliced_ecd,local,local,,int8,64,4,371,v2-ruled-vocabulary-2026-08-07,
P10586,surface,1234,30,1263,vocabulary,sliced_ecd,above_local,rental,over_local_ceiling,fp16,64,5,372,v2-ruled-vocabulary-2026-08-07,
Q8WXD0,surface,416,1,416,vocabulary,sliced_ecd,local,local,,int8,64,4,373,v2-ruled-vocabulary-2026-08-07,
O76024,non_surface,217,653,869,vocabulary,sliced_ecd,local,local,,int8,64,3,374,v2-ruled-vocabulary-2026-08-07,
Q5BJH7,non_surface,15,178,192,vocabulary,sliced_ecd,local,local,,int8,64,1,375,v2-ruled-vocabulary-2026-08-07,
Q69384,surface,543,90,632,vocabulary,sliced_ecd,untested_band,rental,unmeasured_local_ceiling,fp16,64,5,376,v2-ruled-vocabulary-2026-08-07,
Q9NPA2,surface,431,108,538,gpi_rule_A,sliced_ecd,local,local,,int8,64,4,377,v2-ruled-vocabulary-2026-08-07,
Q8NG11,surface,119,114,232,vocabulary,sliced_ecd,local,local,,int8,64,2,378,v2-ruled-vocabulary-2026-08-07,
Q8TF66,surface,517,22,538,vocabulary,sliced_ecd,untested_band,rental,unmeasured_local_ceiling,fp16,64,5,379,v2-ruled-vocabulary-2026-08-07,
P29322,surface,515,28,542,vocabulary,sliced_ecd,untested_band,rental,unmeasured_local_ceiling,fp16,64,5,380,v2-ruled-vocabulary-2026-08-07,
Q8IVQ6,non_surface,31,155,185,vocabulary,sliced_ecd,local,local,,int8,64,1,381,v2-ruled-vocabulary-2026-08-07,
Q8N3F9,surface,48,1,48,vocabulary,sliced_ecd,local,local,,int8,64,1,382,v2-ruled-vocabulary-2026-08-07,
Q6PJF5,surface,230,431,660,vocabulary,sliced_ecd,local,local,,int8,64,3,383,v2-ruled-vocabulary-2026-08-07,
Q96G79,non_surface,36,107,142,vocabulary,sliced_ecd,local,local,,int8,64,1,384,v2-ruled-vocabulary-2026-08-07,
Q5JX71,non_surface,33,20,52,vocabulary,sliced_ecd,local,local,,int8,64,1,385,v2-ruled-vocabulary-2026-08-07,
O00767,non_surface,4,94,97,vocabulary,sliced_ecd,local,local,,int8,64,1,386,v2-ruled-vocabulary-2026-08-07,
P51679,surface,39,1,39,vocabulary,sliced_ecd,local,local,,int8,64,1,387,v2-ruled-vocabulary-2026-08-07,
O43280,surface,532,24,555,gpi_rule_A,sliced_ecd,untested_band,rental,unmeasured_local_ceiling,fp16,64,5,388,v2-ruled-vocabulary-2026-08-07,
Q9H8M5,surface,250,1,250,vocabulary,sliced_ecd,local,local,,int8,64,3,389,v2-ruled-vocabulary-2026-08-07,
Q495A1,surface,120,22,141,vocabulary,sliced_ecd,local,local,,int8,64,2,390,v2-ruled-vocabulary-2026-08-07,
O75325,surface,612,19,630,vocabulary,sliced_ecd,untested_band,rental,unmeasured_local_ceiling,fp16,64,5,391,v2-ruled-vocabulary-2026-08-07,
Q8N1N2,surface,76,109,184,vocabulary,sliced_ecd,local,local,,int8,64,2,392,v2-ruled-vocabulary-2026-08-07,
Q96GP6,surface,398,44,441,vocabulary,sliced_ecd,local,local,,int8,64,4,393,v2-ruled-vocabulary-2026-08-07,
P06729,surface,185,25,209,vocabulary,sliced_ecd,local,local,,int8,64,3,394,v2-ruled-vocabulary-2026-08-07,
Q7KYR7,surface,220,29,248,vocabulary,sliced_ecd,local,local,,int8,64,3,395,v2-ruled-vocabulary-2026-08-07,
Q96MV8,non_surface,17,194,210,vocabulary,sliced_ecd,local,local,,int8,64,1,396,v2-ruled-vocabulary-2026-08-07,
Q14435,non_surface,596,38,633,vocabulary,sliced_ecd,untested_band,rental,unmeasured_local_ceiling,fp16,64,5,397,v2-ruled-vocabulary-2026-08-07,
Q8N6L1,non_surface,20,56,75,vocabulary,sliced_ecd,local,local,,int8,64,1,398,v2-ruled-vocabulary-2026-08-07,
Q9UJ14,surface,535,128,662,vocabulary,sliced_ecd,untested_band,rental,unmeasured_local_ceiling,fp16,64,5,399,v2-ruled-vocabulary-2026-08-07,
A8MUP6,surface,91,30,120,vocabulary,sliced_ecd,local,local,,int8,64,2,400,v2-ruled-vocabulary-2026-08-07,
P43628,surface,224,22,245,vocabulary,sliced_ecd,local,local,,int8,64,3,401,v2-ruled-vocabulary-2026-08-07,
O00400,surface,23,321,343,vocabulary,sliced_ecd,local,local,,int8,64,1,402,v2-ruled-vocabulary-2026-08-07,
Q04671,non_surface,133,198,330,vocabulary,sliced_ecd,local,local,,int8,64,2,403,v2-ruled-vocabulary-2026-08-07,
Q9NZC2,surface,156,19,174,vocabulary,sliced_ecd,local,local,,int8,64,3,404,v2-ruled-vocabulary-2026-08-07,
Q8TCJ2,surface,274,553,826,vocabulary,sliced_ecd,local,local,,int8,64,3,405,v2-ruled-vocabulary-2026-08-07,
Q15392,non_surface,9,23,31,vocabulary,sliced_ecd,local,local,,int8,64,1,406,v2-ruled-vocabulary-2026-08-07,
P35610,non_surface,22,529,550,vocabulary,sliced_ecd,local,local,,int8,64,1,407,v2-ruled-vocabulary-2026-08-07,
Q5VUD6,non_surface,380,52,431,vocabulary,sliced_ecd,local,local,,int8,64,4,408,v2-ruled-vocabulary-2026-08-07,
Q8NGT9,surface,38,158,195,vocabulary,sliced_ecd,local,local,,int8,64,1,409,v2-ruled-vocabulary-2026-08-07,
Q8N7C0,surface,221,24,244,vocabulary,sliced_ecd,local,local,,int8,64,3,410,v2-ruled-vocabulary-2026-08-07,
Q86UN2,surface,395,25,419,gpi_rule_A,sliced_ecd,local,local,,int8,64,4,411,v2-ruled-vocabulary-2026-08-07,
P41594,surface,559,22,580,vocabulary,sliced_ecd,untested_band,rental,unmeasured_local_ceiling,fp16,64,5,412,v2-ruled-vocabulary-2026-08-07,
P56199,surface,1113,29,1141,vocabulary,sliced_ecd,above_local,rental,over_local_ceiling,fp16,64,5,413,v2-ruled-vocabulary-2026-08-07,
Q96F46,surface,288,33,320,vocabulary,sliced_ecd,local,local,,int8,64,3,414,v2-ruled-vocabulary-2026-08-07,
Q9H8J5,surface,359,27,385,vocabulary,sliced_ecd,local,local,,int8,64,4,415,v2-ruled-vocabulary-2026-08-07,
Q96JJ7,surface,351,25,375,vocabulary,sliced_ecd,local,local,,int8,64,4,416,v2-ruled-vocabulary-2026-08-07,
Q9UBN4,non_surface,65,535,599,vocabulary,sliced_ecd,local,local,,int8,64,2,417,v2-ruled-vocabulary-2026-08-07,
O95832,surface,53,29,81,vocabulary,sliced_ecd,local,local,,int8,64,2,418,v2-ruled-vocabulary-2026-08-07,
Q9NSD5,surface,65,142,206,vocabulary,sliced_ecd,local,local,,int8,64,2,419,v2-ruled-vocabulary-2026-08-07,
P20701,surface,1065,26,1090,vocabulary,sliced_ecd,above_local,rental,over_local_ceiling,fp16,64,5,420,v2-ruled-vocabulary-2026-08-07,
O00592,surface,439,23,461,vocabulary,sliced_ecd,local,local,,int8,64,4,421,v2-ruled-vocabulary-2026-08-07,
Q16849,surface,541,35,575,vocabulary,sliced_ecd,untested_band,rental,unmeasured_local_ceiling,fp16,64,5,422,v2-ruled-vocabulary-2026-08-07,
Q86VZ5,non_surface,40,236,275,vocabulary,sliced_ecd,local,local,,int8,64,1,423,v2-ruled-vocabulary-2026-08-07,
P01130,surface,767,22,788,vocabulary,sliced_ecd,above_local,rental,over_local_ceiling,fp16,64,5,424,v2-ruled-vocabulary-2026-08-07,
P63027,non_surface,2,115,116,vocabulary,sliced_ecd,local,local,,int8,64,1,425,v2-ruled-vocabulary-2026-08-07,
P25942,surface,173,21,193,vocabulary,sliced_ecd,local,local,,int8,64,3,426,v2-ruled-vocabulary-2026-08-07,
Q6UW56,surface,169,31,199,vocabulary,sliced_ecd,local,local,,int8,64,3,427,v2-ruled-vocabulary-2026-08-07,
Q5BIV9,surface,101,25,125,gpi_rule_A,sliced_ecd,local,local,,int8,64,2,428,v2-ruled-vocabulary-2026-08-07,
Q8IUH5,non_surface,28,502,529,vocabulary,sliced_ecd,local,local,,int8,64,1,429,v2-ruled-vocabulary-2026-08-07,
Q6ZMJ2,surface,414,82,495,vocabulary,sliced_ecd,local,local,,int8,64,4,430,v2-ruled-vocabulary-2026-08-07,
P34981,surface,28,1,28,vocabulary,sliced_ecd,local,local,,int8,64,1,431,v2-ruled-vocabulary-2026-08-07,
Q16671,surface,132,18,149,vocabulary,sliced_ecd,local,local,,int8,64,2,432,v2-ruled-vocabulary-2026-08-07,
A8MXE2,non_surface,336,34,369,vocabulary,sliced_ecd,local,local,,int8,64,4,433,v2-ruled-vocabulary-2026-08-07,
Q7Z402,surface,168,1,168,vocabulary,sliced_ecd,local,local,,int8,64,3,434,v2-ruled-vocabulary-2026-08-07,
Q7RTT9,surface,68,1,68,vocabulary,sliced_ecd,local,local,,int8,64,2,435,v2-ruled-vocabulary-2026-08-07,
O00241,surface,342,30,371,vocabulary,sliced_ecd,local,local,,int8,64,4,436,v2-ruled-vocabulary-2026-08-07,
P49788,non_surface,20,1,20,vocabulary,sliced_ecd,local,local,,int8,64,1,437,v2-ruled-vocabulary-2026-08-07,
Q92643,non_surface,341,28,368,vocabulary,sliced_ecd,local,local,,int8,64,4,438,v2-ruled-vocabulary-2026-08-07,
Q8NH40,surface,39,169,207,vocabulary,sliced_ecd,local,local,,int8,64,1,439,v2-ruled-vocabulary-2026-08-07,
Q9BUF7,surface,33,27,59,vocabulary,sliced_ecd,local,local,,int8,64,1,440,v2-ruled-vocabulary-2026-08-07,
Q9NQR9,non_surface,38,78,115,vocabulary,sliced_ecd,local,local,,int8,64,1,441,v2-ruled-vocabulary-2026-08-07,
Q9Y5E3,surface,661,28,688,vocabulary,sliced_ecd,above_local,rental,over_local_ceiling,fp16,64,5,442,v2-ruled-vocabulary-2026-08-07,
P43005,surface,91,115,205,vocabulary,sliced_ecd,local,local,,int8,64,2,443,v2-ruled-vocabulary-2026-08-07,
Q9Y5F3,surface,663,29,691,vocabulary,sliced_ecd,above_local,rental,over_local_ceiling,fp16,64,5,444,v2-ruled-vocabulary-2026-08-07,
Q9BXN2,surface,182,66,247,vocabulary,sliced_ecd,local,local,,int8,64,3,445,v2-ruled-vocabulary-2026-08-07,
P01889,surface,285,25,309,vocabulary,sliced_ecd,local,local,,int8,64,3,446,v2-ruled-vocabulary-2026-08-07,
O00258,non_surface,28,121,148,vocabulary,sliced_ecd,local,local,,int8,64,1,447,v2-ruled-vocabulary-2026-08-07,
Q7Z7H5,non_surface,165,30,194,vocabulary,sliced_ecd,local,local,,int8,64,3,448,v2-ruled-vocabulary-2026-08-07,
Q3KNW5,surface,29,1,29,vocabulary,sliced_ecd,local,local,,int8,64,1,449,v2-ruled-vocabulary-2026-08-07,
Q8NBV4,non_surface,16,224,239,vocabulary,sliced_ecd,local,local,,int8,64,1,450,v2-ruled-vocabulary-2026-08-07,
Q8NH93,surface,38,159,196,vocabulary,sliced_ecd,local,local,,int8,64,1,451,v2-ruled-vocabulary-2026-08-07,
Q96FV3,surface,119,116,234,vocabulary,sliced_ecd,local,local,,int8,64,2,452,v2-ruled-vocabulary-2026-08-07,
Q8NGM8,surface,36,159,194,vocabulary,sliced_ecd,local,local,,int8,64,1,453,v2-ruled-vocabulary-2026-08-07,
P40198,surface,121,35,155,vocabulary,sliced_ecd,local,local,,int8,64,2,454,v2-ruled-vocabulary-2026-08-07,
Q8TD46,surface,237,29,265,vocabulary,sliced_ecd,local,local,,int8,64,3,455,v2-ruled-vocabulary-2026-08-07,
Q53TN4,non_surface,18,180,197,vocabulary,sliced_ecd,local,local,,int8,64,1,456,v2-ruled-vocabulary-2026-08-07,
Q8NH90,surface,42,155,196,vocabulary,sliced_ecd,local,local,,int8,64,1,457,v2-ruled-vocabulary-2026-08-07,
Q92186,non_surface,352,24,375,vocabulary,sliced_ecd,local,local,,int8,64,4,458,v2-ruled-vocabulary-2026-08-07,
Q14574,surface,555,136,690,vocabulary,sliced_ecd,untested_band,rental,unmeasured_local_ceiling,fp16,64,5,459,v2-ruled-vocabulary-2026-08-07,
Q9P298,non_surface,14,48,61,vocabulary,sliced_ecd,local,local,,int8,64,1,460,v2-ruled-vocabulary-2026-08-07,
Q15760,surface,69,1,69,vocabulary,sliced_ecd,local,local,,int8,64,2,461,v2-ruled-vocabulary-2026-08-07,
P32239,surface,55,1,55,vocabulary,sliced_ecd,local,local,,int8,64,2,462,v2-ruled-vocabulary-2026-08-07,
P55073,non_surface,237,68,304,vocabulary,sliced_ecd,local,local,,int8,64,3,463,v2-ruled-vocabulary-2026-08-07,
Q6UX01,surface,27,88,114,vocabulary,sliced_ecd,local,local,,int8,64,1,464,v2-ruled-vocabulary-2026-08-07,
Q86WV6,non_surface,10,35,44,vocabulary,sliced_ecd,local,local,,int8,64,1,465,v2-ruled-vocabulary-2026-08-07,
P25101,surface,60,21,80,vocabulary,sliced_ecd,local,local,,int8,64,2,466,v2-ruled-vocabulary-2026-08-07,
P21860,surface,624,20,643,vocabulary,sliced_ecd,untested_band,rental,unmeasured_local_ceiling,fp16,64,5,467,v2-ruled-vocabulary-2026-08-07,
Q12879,surface,534,23,556,vocabulary,sliced_ecd,untested_band,rental,unmeasured_local_ceiling,fp16,64,5,468,v2-ruled-vocabulary-2026-08-07,
A5X5Y0,surface,223,26,248,vocabulary,sliced_ecd,local,local,,int8,64,3,469,v2-ruled-vocabulary-2026-08-07,
P47887,surface,38,168,205,vocabulary,sliced_ecd,local,local,,int8,64,1,470,v2-ruled-vocabulary-2026-08-07,
Q8IXM6,non_surface,30,29,58,vocabulary,sliced_ecd,local,local,,int8,64,1,471,v2-ruled-vocabulary-2026-08-07,
Q6PXP3,surface,36,43,78,vocabulary,sliced_ecd,local,local,,int8,64,1,472,v2-ruled-vocabulary-2026-08-07,
Q9ULC8,non_surface,21,170,190,vocabulary,sliced_ecd,local,local,,int8,64,1,473,v2-ruled-vocabulary-2026-08-07,
P30531,surface,67,145,211,vocabulary,sliced_ecd,local,local,,int8,64,2,474,v2-ruled-vocabulary-2026-08-07,
Q8WWG1,surface,62,1,62,vocabulary,sliced_ecd,local,local,,int8,64,2,475,v2-ruled-vocabulary-2026-08-07,
Q9NPC4,non_surface,310,44,353,vocabulary,sliced_ecd,local,local,,int8,64,4,476,v2-ruled-vocabulary-2026-08-07,
A6NL08,surface,33,162,194,vocabulary,sliced_ecd,local,local,,int8,64,1,477,v2-ruled-vocabulary-2026-08-07,
P49685,surface,33,1,33,vocabulary,sliced_ecd,local,local,,int8,64,1,478,v2-ruled-vocabulary-2026-08-07,
P41968,surface,37,1,37,vocabulary,sliced_ecd,local,local,,int8,64,1,479,v2-ruled-vocabulary-2026-08-07,
O14786,surface,835,22,856,vocabulary,sliced_ecd,above_local,rental,over_local_ceiling,fp16,64,5,480,v2-ruled-vocabulary-2026-08-07,
Q8NG83,surface,37,159,195,vocabulary,sliced_ecd,local,local,,int8,64,1,481,v2-ruled-vocabulary-2026-08-07,
P11169,surface,32,33,64,vocabulary,sliced_ecd,local,local,,int8,64,1,482,v2-ruled-vocabulary-2026-08-07,
Q8NHH9,non_surface,2,498,499,vocabulary,sliced_ecd,local,local,,int8,64,1,483,v2-ruled-vocabulary-2026-08-07,
Q14571,non_surface,106,2416,2521,vocabulary,sliced_ecd,local,local,,int8,64,2,484,v2-ruled-vocabulary-2026-08-07,
Q6IAN0,non_surface,287,39,325,vocabulary,sliced_ecd,local,local,,int8,64,3,485,v2-ruled-vocabulary-2026-08-07,
Q9H8X9,surface,33,198,230,vocabulary,sliced_ecd,local,local,,int8,64,1,486,v2-ruled-vocabulary-2026-08-07,
Q86YD3,surface,206,27,232,vocabulary,sliced_ecd,local,local,,int8,64,3,487,v2-ruled-vocabulary-2026-08-07,
Q8WWQ8,surface,2439,20,2458,vocabulary,sliced_ecd,above_local,rental,over_local_ceiling,fp16,64,5,488,v2-ruled-vocabulary-2026-08-07,
P59543,surface,32,147,178,vocabulary,sliced_ecd,local,local,,int8,64,1,489,v2-ruled-vocabulary-2026-08-07,
Q9P0X4,surface,145,233,377,vocabulary,sliced_ecd,local,local,,int8,64,2,490,v2-ruled-vocabulary-2026-08-07,
Q9UPX0,surface,702,21,722,vocabulary,sliced_ecd,above_local,rental,over_local_ceiling,fp16,64,5,491,v2-ruled-vocabulary-2026-08-07,
Q96PL5,surface,126,30,155,vocabulary,sliced_ecd,local,local,,int8,64,2,492,v2-ruled-vocabulary-2026-08-07,
P98194,non_surface,15,794,808,vocabulary,sliced_ecd,local,local,,int8,64,1,493,v2-ruled-vocabulary-2026-08-07,
Q14DG7,surface,903,1,903,vocabulary,sliced_ecd,above_local,rental,over_local_ceiling,fp16,64,5,494,v2-ruled-vocabulary-2026-08-07,
Q96PZ7,surface,3461,27,3487,vocabulary,sliced_ecd,above_local,rental,over_local_ceiling,fp16,64,5,495,v2-ruled-vocabulary-2026-08-07,
Q15822,surface,238,27,264,vocabulary,sliced_ecd,local,local,,int8,64,3,496,v2-ruled-vocabulary-2026-08-07,
Q8N0V5,non_surface,377,24,400,vocabulary,sliced_ecd,local,local,,int8,64,4,497,v2-ruled-vocabulary-2026-08-07,
P10912,surface,246,19,264,vocabulary,sliced_ecd,local,local,,int8,64,3,498,v2-ruled-vocabulary-2026-08-07,
Q9HB29,surface,316,20,335,vocabulary,sliced_ecd,local,local,,int8,64,4,499,v2-ruled-vocabulary-2026-08-07,
P43088,surface,31,1,31,vocabulary,sliced_ecd,local,local,,int8,64,1,500,v2-ruled-vocabulary-2026-08-07,
P04844,non_surface,518,23,540,vocabulary,sliced_ecd,untested_band,rental,unmeasured_local_ceiling,fp16,64,5,501,v2-ruled-vocabulary-2026-08-07,
Q9Y5H8,surface,668,30,697,vocabulary,sliced_ecd,above_local,rental,over_local_ceiling,fp16,64,5,502,v2-ruled-vocabulary-2026-08-07,
Q8WTR4,surface,283,214,496,vocabulary,sliced_ecd,local,local,,int8,64,3,503,v2-ruled-vocabulary-2026-08-07,
O76001,surface,37,162,198,vocabulary,sliced_ecd,local,local,,int8,64,1,504,v2-ruled-vocabulary-2026-08-07,
Q8NH53,surface,36,163,198,vocabulary,sliced_ecd,local,local,,int8,64,1,505,v2-ruled-vocabulary-2026-08-07,
P48764,surface,26,26,51,vocabulary,sliced_ecd,local,local,,int8,64,1,506,v2-ruled-vocabulary-2026-08-07,
Q92542,surface,636,34,669,vocabulary,sliced_ecd,above_local,rental,over_local_ceiling,fp16,64,5,507,v2-ruled-vocabulary-2026-08-07,
Q8NGN0,surface,37,159,195,vocabulary,sliced_ecd,local,local,,int8,64,1,508,v2-ruled-vocabulary-2026-08-07,
Q8NGI7,surface,37,162,198,vocabulary,sliced_ecd,local,local,,int8,64,1,509,v2-ruled-vocabulary-2026-08-07,
Q6UWL2,surface,692,30,721,vocabulary,sliced_ecd,above_local,rental,over_local_ceiling,fp16,64,5,510,v2-ruled-vocabulary-2026-08-07,
P05107,surface,678,23,700,vocabulary,sliced_ecd,above_local,rental,over_local_ceiling,fp16,64,5,511,v2-ruled-vocabulary-2026-08-07,
Q16515,non_surface,360,65,424,vocabulary,sliced_ecd,local,local,,int8,64,4,512,v2-ruled-vocabulary-2026-08-07,
Q96RD6,surface,53,71,123,vocabulary,sliced_ecd,local,local,,int8,64,2,513,v2-ruled-vocabulary-2026-08-07,
P27824,non_surface,461,21,481,vocabulary,sliced_ecd,untested_band,rental,unmeasured_local_ceiling,fp16,64,5,514,v2-ruled-vocabulary-2026-08-07,
Q07108,surface,138,62,199,vocabulary,sliced_ecd,local,local,,int8,64,2,515,v2-ruled-vocabulary-2026-08-07,
P60468,non_surface,5,92,96,vocabulary,sliced_ecd,local,local,,int8,64,1,516,v2-ruled-vocabulary-2026-08-07,
Q8NGX0,surface,37,161,197,vocabulary,sliced_ecd,local,local,,int8,64,1,517,v2-ruled-vocabulary-2026-08-07,
P25089,surface,43,163,205,vocabulary,sliced_ecd,local,local,,int8,64,1,518,v2-ruled-vocabulary-2026-08-07,
A0PJZ3,non_surface,418,26,443,vocabulary,sliced_ecd,local,local,,int8,64,4,519,v2-ruled-vocabulary-2026-08-07,
Q8N0Z9,surface,383,31,413,vocabulary,sliced_ecd,local,local,,int8,64,4,520,v2-ruled-vocabulary-2026-08-07,
Q9GZY6,non_surface,5,1,5,vocabulary,sliced_ecd,local,local,,int8,64,1,521,v2-ruled-vocabulary-2026-08-07,
P40879,surface,39,219,257,vocabulary,sliced_ecd,local,local,,int8,64,1,522,v2-ruled-vocabulary-2026-08-07,
P29973,non_surface,23,318,340,vocabulary,sliced_ecd,local,local,,int8,64,1,523,v2-ruled-vocabulary-2026-08-07,
Q8TCC7,surface,93,31,123,vocabulary,sliced_ecd,local,local,,int8,64,2,524,v2-ruled-vocabulary-2026-08-07,
Q9NRM6,surface,275,18,292,vocabulary,sliced_ecd,local,local,,int8,64,3,525,v2-ruled-vocabulary-2026-08-07,
I3L273,surface,390,20,409,vocabulary,sliced_ecd,local,local,,int8,64,4,526,v2-ruled-vocabulary-2026-08-07,
Q14002,surface,206,36,241,gpi_rule_A,sliced_ecd,local,local,,int8,64,3,527,v2-ruled-vocabulary-2026-08-07,
Q9H3S5,non_surface,41,39,79,vocabulary,sliced_ecd,local,local,,int8,64,1,528,v2-ruled-vocabulary-2026-08-07,
Q9BXJ7,surface,338,20,357,vocabulary,sliced_ecd,local,local,,int8,64,4,529,v2-ruled-vocabulary-2026-08-07,
Q14C87,surface,885,31,915,vocabulary,sliced_ecd,above_local,rental,over_local_ceiling,fp16,64,5,530,v2-ruled-vocabulary-2026-08-07,
P31391,surface,46,1,46,vocabulary,sliced_ecd,local,local,,int8,64,1,531,v2-ruled-vocabulary-2026-08-07,
P41181,surface,20,108,127,vocabulary,sliced_ecd,local,local,,int8,64,1,532,v2-ruled-vocabulary-2026-08-07,
Q4KMG0,surface,938,26,963,vocabulary,sliced_ecd,above_local,rental,over_local_ceiling,fp16,64,5,533,v2-ruled-vocabulary-2026-08-07,
Q96RJ0,surface,27,162,188,vocabulary,sliced_ecd,local,local,,int8,64,1,534,v2-ruled-vocabulary-2026-08-07,
Q8TBA6,non_surface,12,720,731,vocabulary,sliced_ecd,local,local,,int8,64,1,535,v2-ruled-vocabulary-2026-08-07,
Q8NGS4,surface,37,161,197,vocabulary,sliced_ecd,local,local,,int8,64,1,536,v2-ruled-vocabulary-2026-08-07,
Q9Y6M5,surface,39,270,308,vocabulary,sliced_ecd,local,local,,int8,64,1,537,v2-ruled-vocabulary-2026-08-07,
O00168,non_surface,15,21,35,vocabulary,sliced_ecd,local,local,,int8,64,1,538,v2-ruled-vocabulary-2026-08-07,
Q9UMZ3,surface,1912,36,1947,vocabulary,sliced_ecd,above_local,rental,over_local_ceiling,fp16,64,5,539,v2-ruled-vocabulary-2026-08-07,
O95803,non_surface,839,35,873,vocabulary,sliced_ecd,above_local,rental,over_local_ceiling,fp16,64,5,540,v2-ruled-vocabulary-2026-08-07,
P08910,non_surface,395,31,425,vocabulary,sliced_ecd,local,local,,int8,64,4,541,v2-ruled-vocabulary-2026-08-07,
Q8WUD6,surface,15,208,222,vocabulary,sliced_ecd,local,local,,int8,64,1,542,v2-ruled-vocabulary-2026-08-07,
Q8N2U0,non_surface,34,30,63,vocabulary,sliced_ecd,local,local,,int8,64,1,543,v2-ruled-vocabulary-2026-08-07,
O14967,non_surface,452,20,471,vocabulary,sliced_ecd,untested_band,rental,unmeasured_local_ceiling,fp16,64,5,544,v2-ruled-vocabulary-2026-08-07,
Q6PCB7,non_surface,13,1,13,vocabulary,sliced_ecd,local,local,,int8,64,1,545,v2-ruled-vocabulary-2026-08-07,
Q5DX21,surface,219,23,241,vocabulary,sliced_ecd,local,local,,int8,64,3,546,v2-ruled-vocabulary-2026-08-07,
O00631,non_surface,5,27,31,vocabulary,sliced_ecd,local,local,,int8,64,1,547,v2-ruled-vocabulary-2026-08-07,
Q14332,surface,224,24,247,vocabulary,sliced_ecd,local,local,,int8,64,3,548,v2-ruled-vocabulary-2026-08-07,
Q9BZW8,surface,208,22,229,vocabulary,sliced_ecd,local,local,,int8,64,3,549,v2-ruled-vocabulary-2026-08-07,
O00478,surface,219,30,248,vocabulary,sliced_ecd,local,local,,int8,64,3,550,v2-ruled-vocabulary-2026-08-07,
P60507,surface,496,23,518,vocabulary,sliced_ecd,untested_band,rental,unmeasured_local_ceiling,fp16,64,5,551,v2-ruled-vocabulary-2026-08-07,
C9JDP6,non_surface,50,32,81,vocabulary,sliced_ecd,local,local,,int8,64,1,552,v2-ruled-vocabulary-2026-08-07,
Q86XS8,surface,167,28,194,vocabulary,sliced_ecd,local,local,,int8,64,3,553,v2-ruled-vocabulary-2026-08-07,
O95461,non_surface,725,32,756,vocabulary,sliced_ecd,above_local,rental,over_local_ceiling,fp16,64,5,554,v2-ruled-vocabulary-2026-08-07,
Q9BXP2,surface,253,488,740,vocabulary,sliced_ecd,local,local,,int8,64,3,555,v2-ruled-vocabulary-2026-08-07,
Q6TCH4,non_surface,31,314,344,vocabulary,sliced_ecd,local,local,,int8,64,1,556,v2-ruled-vocabulary-2026-08-07,
O14514,surface,918,31,948,vocabulary,sliced_ecd,above_local,rental,over_local_ceiling,fp16,64,5,557,v2-ruled-vocabulary-2026-08-07,
Q9H210,surface,37,159,195,vocabulary,sliced_ecd,local,local,,int8,64,1,558,v2-ruled-vocabulary-2026-08-07,
Q9UN72,surface,668,30,697,vocabulary,sliced_ecd,above_local,rental,over_local_ceiling,fp16,64,5,559,v2-ruled-vocabulary-2026-08-07,
P56747,surface,53,29,81,vocabulary,sliced_ecd,local,local,,int8,64,2,560,v2-ruled-vocabulary-2026-08-07,
Q8NGE3,surface,37,162,198,vocabulary,sliced_ecd,local,local,,int8,64,1,561,v2-ruled-vocabulary-2026-08-07,
Q8IWU2,non_surface,11,32,42,vocabulary,sliced_ecd,local,local,,int8,64,1,562,v2-ruled-vocabulary-2026-08-07,
Q3MIW9,surface,419,30,448,vocabulary,sliced_ecd,local,local,,int8,64,4,563,v2-ruled-vocabulary-2026-08-07,
A4D2G3,surface,38,158,195,vocabulary,sliced_ecd,local,local,,int8,64,1,564,v2-ruled-vocabulary-2026-08-07,
Q9H156,surface,600,22,621,vocabulary,sliced_ecd,untested_band,rental,unmeasured_local_ceiling,fp16,64,5,565,v2-ruled-vocabulary-2026-08-07,
Q6P4Q7,surface,178,1,178,vocabulary,sliced_ecd,local,local,,int8,64,3,566,v2-ruled-vocabulary-2026-08-07,
P51571,non_surface,121,24,144,vocabulary,sliced_ecd,local,local,,int8,64,2,567,v2-ruled-vocabulary-2026-08-07,
P08473,surface,699,52,750,vocabulary,sliced_ecd,above_local,rental,over_local_ceiling,fp16,64,5,568,v2-ruled-vocabulary-2026-08-07,
Q6N022,surface,2403,367,2769,vocabulary,sliced_ecd,above_local,rental,over_local_ceiling,fp16,64,5,569,v2-ruled-vocabulary-2026-08-07,
Q7Z408,surface,3408,1,3408,vocabulary,sliced_ecd,above_local,rental,over_local_ceiling,fp16,64,5,570,v2-ruled-vocabulary-2026-08-07,
Q8NGI1,surface,36,168,203,vocabulary,sliced_ecd,local,local,,int8,64,1,571,v2-ruled-vocabulary-2026-08-07,
P07306,surface,230,62,291,vocabulary,sliced_ecd,local,local,,int8,64,3,572,v2-ruled-vocabulary-2026-08-07,
P52798,surface,144,26,169,gpi_rule_A,sliced_ecd,local,local,,int8,64,2,573,v2-ruled-vocabulary-2026-08-07,
P11166,surface,33,34,66,vocabulary,sliced_ecd,local,local,,int8,64,1,574,v2-ruled-vocabulary-2026-08-07,
Q8NGR8,surface,38,160,197,vocabulary,sliced_ecd,local,local,,int8,64,1,575,v2-ruled-vocabulary-2026-08-07,
Q9Y625,surface,505,24,528,gpi_rule_A,sliced_ecd,untested_band,rental,unmeasured_local_ceiling,fp16,64,5,576,v2-ruled-vocabulary-2026-08-07,
P58549,non_surface,23,1,23,vocabulary,sliced_ecd,local,local,,int8,64,1,577,v2-ruled-vocabulary-2026-08-07,
Q969W9,surface,40,1,40,vocabulary,sliced_ecd,local,local,,int8,64,1,578,v2-ruled-vocabulary-2026-08-07,
Q9BUM1,non_surface,39,76,114,vocabulary,sliced_ecd,local,local,,int8,64,1,579,v2-ruled-vocabulary-2026-08-07,
Q68DH5,surface,52,54,105,vocabulary,sliced_ecd,local,local,,int8,64,2,580,v2-ruled-vocabulary-2026-08-07,
O60779,surface,27,311,337,vocabulary,sliced_ecd,local,local,,int8,64,1,581,v2-ruled-vocabulary-2026-08-07,
P30411,surface,60,1,60,vocabulary,sliced_ecd,local,local,,int8,64,2,582,v2-ruled-vocabulary-2026-08-07,
Q9BXB1,surface,520,25,544,vocabulary,sliced_ecd,untested_band,rental,unmeasured_local_ceiling,fp16,64,5,583,v2-ruled-vocabulary-2026-08-07,
Q969N4,surface,31,1,31,vocabulary,sliced_ecd,local,local,,int8,64,1,584,v2-ruled-vocabulary-2026-08-07,
Q8N743,surface,297,26,322,vocabulary,sliced_ecd,local,local,,int8,64,3,585,v2-ruled-vocabulary-2026-08-07,
O75051,surface,1203,35,1237,vocabulary,sliced_ecd,above_local,rental,over_local_ceiling,fp16,64,5,586,v2-ruled-vocabulary-2026-08-07,
Q9BV81,non_surface,6,45,50,vocabulary,sliced_ecd,local,local,,int8,64,1,587,v2-ruled-vocabulary-2026-08-07,
O75581,surface,1351,20,1370,vocabulary,sliced_ecd,above_local,rental,over_local_ceiling,fp16,64,5,588,v2-ruled-vocabulary-2026-08-07,
Q14833,surface,555,33,587,vocabulary,sliced_ecd,untested_band,rental,unmeasured_local_ceiling,fp16,64,5,589,v2-ruled-vocabulary-2026-08-07,
Q05996,surface,678,39,716,vocabulary,sliced_ecd,above_local,rental,over_local_ceiling,fp16,64,5,590,v2-ruled-vocabulary-2026-08-07,
Q7Z7D3,surface,235,25,259,vocabulary,sliced_ecd,local,local,,int8,64,3,591,v2-ruled-vocabulary-2026-08-07,
O43173,non_surface,347,34,380,vocabulary,sliced_ecd,local,local,,int8,64,4,592,v2-ruled-vocabulary-2026-08-07,
P08174,surface,318,35,352,gpi_rule_A,sliced_ecd,local,local,,int8,64,4,593,v2-ruled-vocabulary-2026-08-07,
P16150,surface,234,20,253,vocabulary,sliced_ecd,local,local,,int8,64,3,594,v2-ruled-vocabulary-2026-08-07,
Q6ZV29,non_surface,12,1,12,vocabulary,sliced_ecd,local,local,,int8,64,1,595,v2-ruled-vocabulary-2026-08-07,
Q9UGN4,surface,163,18,180,vocabulary,sliced_ecd,local,local,,int8,64,3,596,v2-ruled-vocabulary-2026-08-07,
A6NF34,surface,326,28,353,vocabulary,sliced_ecd,local,local,,int8,64,4,597,v2-ruled-vocabulary-2026-08-07,
Q8WXH0,non_surface,30,6856,6885,vocabulary,sliced_ecd,local,local,,int8,64,1,598,v2-ruled-vocabulary-2026-08-07,
Q9H9S5,surface,466,30,495,vocabulary,sliced_ecd,untested_band,rental,unmeasured_local_ceiling,fp16,64,5,599,v2-ruled-vocabulary-2026-08-07,
A0PK05,non_surface,24,62,85,vocabulary,sliced_ecd,local,local,,int8,64,1,600,v2-ruled-vocabulary-2026-08-07,
P48058,surface,523,22,544,vocabulary,sliced_ecd,untested_band,rental,unmeasured_local_ceiling,fp16,64,5,601,v2-ruled-vocabulary-2026-08-07,
P16144,surface,683,28,710,vocabulary,sliced_ecd,above_local,rental,over_local_ceiling,fp16,64,5,602,v2-ruled-vocabulary-2026-08-07,
Q8NH09,surface,37,161,197,vocabulary,sliced_ecd,local,local,,int8,64,1,603,v2-ruled-vocabulary-2026-08-07,
Q8NFR9,surface,431,24,454,vocabulary,sliced_ecd,local,local,,int8,64,4,604,v2-ruled-vocabulary-2026-08-07,
Q8NFJ5,surface,33,1,33,vocabulary,sliced_ecd,local,local,,int8,64,1,605,v2-ruled-vocabulary-2026-08-07,
P78310,surface,218,20,237,vocabulary,sliced_ecd,local,local,,int8,64,3,606,v2-ruled-vocabulary-2026-08-07,
Q01151,surface,125,20,144,vocabulary,sliced_ecd,local,local,,int8,64,2,607,v2-ruled-vocabulary-2026-08-07,
O95470,non_surface,40,1,40,vocabulary,sliced_ecd,local,local,,int8,64,1,608,v2-ruled-vocabulary-2026-08-07,
Q8TDT2,surface,33,1,33,vocabulary,sliced_ecd,local,local,,int8,64,1,609,v2-ruled-vocabulary-2026-08-07,
O14662,non_surface,3,323,325,vocabulary,sliced_ecd,local,local,,int8,64,1,610,v2-ruled-vocabulary-2026-08-07,
Q8NH54,surface,36,165,200,vocabulary,sliced_ecd,local,local,,int8,64,1,611,v2-ruled-vocabulary-2026-08-07,
Q8N126,surface,306,25,330,vocabulary,sliced_ecd,local,local,,int8,64,4,612,v2-ruled-vocabulary-2026-08-07,
Q8NGE7,surface,50,1,50,vocabulary,sliced_ecd,local,local,,int8,64,1,613,v2-ruled-vocabulary-2026-08-07,
Q6UWM7,non_surface,519,23,541,vocabulary,sliced_ecd,untested_band,rental,unmeasured_local_ceiling,fp16,64,5,614,v2-ruled-vocabulary-2026-08-07,
P58401,surface,540,51,590,vocabulary,sliced_ecd,untested_band,rental,unmeasured_local_ceiling,fp16,64,5,615,v2-ruled-vocabulary-2026-08-07,
Q8NEB5,non_surface,43,112,154,vocabulary,sliced_ecd,local,local,,int8,64,1,616,v2-ruled-vocabulary-2026-08-07,
P16284,surface,574,28,601,vocabulary,sliced_ecd,untested_band,rental,unmeasured_local_ceiling,fp16,64,5,617,v2-ruled-vocabulary-2026-08-07,
P78357,surface,1264,20,1283,vocabulary,sliced_ecd,above_local,rental,over_local_ceiling,fp16,64,5,618,v2-ruled-vocabulary-2026-08-07,
Q9NZN1,surface,339,19,357,vocabulary,sliced_ecd,local,local,,int8,64,4,619,v2-ruled-vocabulary-2026-08-07,
A8MWK0,non_surface,17,327,343,vocabulary,sliced_ecd,local,local,,int8,64,1,620,v2-ruled-vocabulary-2026-08-07,
Q8NH61,surface,39,1,39,vocabulary,sliced_ecd,local,local,,int8,64,1,621,v2-ruled-vocabulary-2026-08-07,
Q9HCM2,surface,1214,24,1237,vocabulary,sliced_ecd,above_local,rental,over_local_ceiling,fp16,64,5,622,v2-ruled-vocabulary-2026-08-07,
Q8NGA6,surface,37,161,197,vocabulary,sliced_ecd,local,local,,int8,64,1,623,v2-ruled-vocabulary-2026-08-07,
Q8NHB7,surface,36,161,196,vocabulary,sliced_ecd,local,local,,int8,64,1,624,v2-ruled-vocabulary-2026-08-07,
P61619,non_surface,47,194,240,vocabulary,sliced_ecd,local,local,,int8,64,1,625,v2-ruled-vocabulary-2026-08-07,
Q16620,surface,399,32,430,vocabulary,sliced_ecd,local,local,,int8,64,4,626,v2-ruled-vocabulary-2026-08-07,
Q96PQ1,surface,463,19,481,vocabulary,sliced_ecd,untested_band,rental,unmeasured_local_ceiling,fp16,64,5,627,v2-ruled-vocabulary-2026-08-07,
Q92508,surface,234,2198,2431,vocabulary,sliced_ecd,local,local,,int8,64,3,628,v2-ruled-vocabulary-2026-08-07,
A8MVW0,surface,286,30,315,vocabulary,sliced_ecd,local,local,,int8,64,3,629,v2-ruled-vocabulary-2026-08-07,
Q13190,non_surface,1,355,355,vocabulary,sliced_ecd,local,local,,int8,64,1,630,v2-ruled-vocabulary-2026-08-07,
Q2M3M2,surface,45,339,383,vocabulary,sliced_ecd,local,local,,int8,64,1,631,v2-ruled-vocabulary-2026-08-07,
P01893,surface,284,25,308,vocabulary,sliced_ecd,local,local,,int8,64,3,632,v2-ruled-vocabulary-2026-08-07,
Q9H6R6,non_surface,41,165,205,vocabulary,sliced_ecd,local,local,,int8,64,1,633,v2-ruled-vocabulary-2026-08-07,
Q16288,surface,398,32,429,vocabulary,sliced_ecd,local,local,,int8,64,4,634,v2-ruled-vocabulary-2026-08-07,
P25189,surface,124,30,153,vocabulary,sliced_ecd,local,local,,int8,64,2,635,v2-ruled-vocabulary-2026-08-07,
Q15256,surface,206,22,227,vocabulary,sliced_ecd,local,local,,int8,64,3,636,v2-ruled-vocabulary-2026-08-07,
Q9Y5Y9,surface,69,273,341,vocabulary,sliced_ecd,local,local,,int8,64,2,637,v2-ruled-vocabulary-2026-08-07,
Q9H490,non_surface,56,23,78,vocabulary,sliced_ecd,local,local,,int8,64,2,638,v2-ruled-vocabulary-2026-08-07,
Q6W5P4,surface,52,1,52,vocabulary,sliced_ecd,local,local,,int8,64,2,639,v2-ruled-vocabulary-2026-08-07,
P01920,surface,198,33,230,vocabulary,sliced_ecd,local,local,,int8,64,3,640,v2-ruled-vocabulary-2026-08-07,
P25929,surface,37,1,37,vocabulary,sliced_ecd,local,local,,int8,64,1,641,v2-ruled-vocabulary-2026-08-07,
O43657,surface,94,115,208,vocabulary,sliced_ecd,local,local,,int8,64,2,642,v2-ruled-vocabulary-2026-08-07,
P11049,surface,130,112,241,vocabulary,sliced_ecd,local,local,,int8,64,2,643,v2-ruled-vocabulary-2026-08-07,
Q86Y82,non_surface,7,270,276,vocabulary,sliced_ecd,local,local,,int8,64,1,644,v2-ruled-vocabulary-2026-08-07,
Q9BZG2,surface,367,27,393,vocabulary,sliced_ecd,local,local,,int8,64,4,645,v2-ruled-vocabulary-2026-08-07,
Q8IY26,non_surface,11,154,164,vocabulary,sliced_ecd,local,local,,int8,64,1,646,v2-ruled-vocabulary-2026-08-07,
Q11130,non_surface,306,37,342,vocabulary,sliced_ecd,local,local,,int8,64,4,647,v2-ruled-vocabulary-2026-08-07,
Q8N5D6,non_surface,321,27,347,vocabulary,sliced_ecd,local,local,,int8,64,4,648,v2-ruled-vocabulary-2026-08-07,
P23415,surface,222,29,250,vocabulary,sliced_ecd,local,local,,int8,64,3,649,v2-ruled-vocabulary-2026-08-07,
Q9NZG7,non_surface,60,1,60,vocabulary,sliced_ecd,local,local,,int8,64,2,650,v2-ruled-vocabulary-2026-08-07,
P26842,surface,172,20,191,vocabulary,sliced_ecd,local,local,,int8,64,3,651,v2-ruled-vocabulary-2026-08-07,
P31645,surface,66,187,252,vocabulary,sliced_ecd,local,local,,int8,64,2,652,v2-ruled-vocabulary-2026-08-07,
P13385,surface,119,31,149,gpi_rule_A,sliced_ecd,local,local,,int8,64,2,653,v2-ruled-vocabulary-2026-08-07,
O14626,surface,28,154,181,vocabulary,sliced_ecd,local,local,,int8,64,1,654,v2-ruled-vocabulary-2026-08-07,
P53801,surface,64,33,96,vocabulary,sliced_ecd,local,local,,int8,64,2,655,v2-ruled-vocabulary-2026-08-07,
Q86SQ3,surface,176,16,191,vocabulary,sliced_ecd,local,local,,int8,64,3,656,v2-ruled-vocabulary-2026-08-07,
Q9H9K5,surface,462,27,488,vocabulary,sliced_ecd,untested_band,rental,unmeasured_local_ceiling,fp16,64,5,657,v2-ruled-vocabulary-2026-08-07,
Q9BY79,surface,489,91,579,vocabulary,sliced_ecd,untested_band,rental,unmeasured_local_ceiling,fp16,64,5,658,v2-ruled-vocabulary-2026-08-07,
O00587,non_surface,294,28,321,vocabulary,sliced_ecd,local,local,,int8,64,3,659,v2-ruled-vocabulary-2026-08-07,
Q8TAA9,non_surface,19,204,222,vocabulary,sliced_ecd,local,local,,int8,64,1,660,v2-ruled-vocabulary-2026-08-07,
Q2HXU8,surface,212,65,276,vocabulary,sliced_ecd,local,local,,int8,64,3,661,v2-ruled-vocabulary-2026-08-07,
Q14714,surface,50,144,193,vocabulary,sliced_ecd,local,local,,int8,64,1,662,v2-ruled-vocabulary-2026-08-07,
Q9H6L5,non_surface,69,140,208,vocabulary,sliced_ecd,local,local,,int8,64,2,663,v2-ruled-vocabulary-2026-08-07,
Q8NFL0,non_surface,375,27,401,vocabulary,sliced_ecd,local,local,,int8,64,4,664,v2-ruled-vocabulary-2026-08-07,
Q96AM1,surface,44,1,44,vocabulary,sliced_ecd,local,local,,int8,64,1,665,v2-ruled-vocabulary-2026-08-07,
O95047,surface,37,158,194,vocabulary,sliced_ecd,local,local,,int8,64,1,666,v2-ruled-vocabulary-2026-08-07,
Q6IF42,surface,37,158,194,vocabulary,sliced_ecd,local,local,,int8,64,1,667,v2-ruled-vocabulary-2026-08-07,
Q6UXK2,surface,571,19,589,vocabulary,sliced_ecd,untested_band,rental,unmeasured_local_ceiling,fp16,64,5,668,v2-ruled-vocabulary-2026-08-07,
P08183,surface,49,68,116,vocabulary,sliced_ecd,local,local,,int8,64,1,669,v2-ruled-vocabulary-2026-08-07,
Q86SK9,non_surface,2,71,72,vocabulary,sliced_ecd,local,local,,int8,64,1,670,v2-ruled-vocabulary-2026-08-07,
Q01638,surface,310,19,328,vocabulary,sliced_ecd,local,local,,int8,64,4,671,v2-ruled-vocabulary-2026-08-07,
O94923,non_surface,589,29,617,vocabulary,sliced_ecd,untested_band,rental,unmeasured_local_ceiling,fp16,64,5,672,v2-ruled-vocabulary-2026-08-07,
Q9NZR2,surface,4420,25,4444,vocabulary,sliced_ecd,above_local,rental,over_local_ceiling,fp16,64,5,673,v2-ruled-vocabulary-2026-08-07,
Q96RI9,surface,33,1,33,vocabulary,sliced_ecd,local,local,,int8,64,1,674,v2-ruled-vocabulary-2026-08-07,
Q9H2A7,surface,176,30,205,vocabulary,sliced_ecd,local,local,,int8,64,3,675,v2-ruled-vocabulary-2026-08-07,
Q96FL8,surface,19,198,216,vocabulary,sliced_ecd,local,local,,int8,64,1,676,v2-ruled-vocabulary-2026-08-07,
Q03395,non_surface,138,126,263,vocabulary,sliced_ecd,local,local,,int8,64,2,677,v2-ruled-vocabulary-2026-08-07,
O43614,surface,54,1,54,vocabulary,sliced_ecd,local,local,,int8,64,2,678,v2-ruled-vocabulary-2026-08-07,
Q8NGN5,surface,37,160,196,vocabulary,sliced_ecd,local,local,,int8,64,1,679,v2-ruled-vocabulary-2026-08-07,
Q14626,surface,347,24,370,vocabulary,sliced_ecd,local,local,,int8,64,4,680,v2-ruled-vocabulary-2026-08-07,
Q9BY14,surface,196,26,221,gpi_rule_A,sliced_ecd,local,local,,int8,64,3,681,v2-ruled-vocabulary-2026-08-07,
Q9BVG9,non_surface,166,148,313,vocabulary,sliced_ecd,local,local,,int8,64,3,682,v2-ruled-vocabulary-2026-08-07,
Q5VUB5,surface,282,22,303,vocabulary,sliced_ecd,local,local,,int8,64,3,683,v2-ruled-vocabulary-2026-08-07,
P22001,surface,41,254,294,vocabulary,sliced_ecd,local,local,,int8,64,1,684,v2-ruled-vocabulary-2026-08-07,
P54219,surface,96,43,138,vocabulary,sliced_ecd,local,local,,int8,64,2,685,v2-ruled-vocabulary-2026-08-07,
Q7LGC8,non_surface,441,39,479,vocabulary,sliced_ecd,untested_band,rental,unmeasured_local_ceiling,fp16,64,5,686,v2-ruled-vocabulary-2026-08-07,
Q8NGD2,surface,37,159,195,vocabulary,sliced_ecd,local,local,,int8,64,1,687,v2-ruled-vocabulary-2026-08-07,
A6NI61,non_surface,9,56,64,vocabulary,sliced_ecd,local,local,,int8,64,1,688,v2-ruled-vocabulary-2026-08-07,
Q6UY09,surface,420,31,450,vocabulary,sliced_ecd,local,local,,int8,64,4,689,v2-ruled-vocabulary-2026-08-07,
Q9UBN1,surface,77,31,107,vocabulary,sliced_ecd,local,local,,int8,64,2,690,v2-ruled-vocabulary-2026-08-07,
P16109,surface,730,42,771,vocabulary,sliced_ecd,above_local,rental,over_local_ceiling,fp16,64,5,691,v2-ruled-vocabulary-2026-08-07,
O75077,surface,506,287,792,vocabulary,sliced_ecd,untested_band,rental,unmeasured_local_ceiling,fp16,64,5,692,v2-ruled-vocabulary-2026-08-07,
Q8NGM1,surface,37,158,194,vocabulary,sliced_ecd,local,local,,int8,64,1,693,v2-ruled-vocabulary-2026-08-07,
Q14982,surface,294,28,321,gpi_rule_A,sliced_ecd,local,local,,int8,64,3,694,v2-ruled-vocabulary-2026-08-07,
O43561,non_surface,4,1,4,vocabulary,sliced_ecd,local,local,,int8,64,1,695,v2-ruled-vocabulary-2026-08-07,
P26718,surface,144,73,216,vocabulary,sliced_ecd,local,local,,int8,64,2,696,v2-ruled-vocabulary-2026-08-07,
P31995,surface,181,43,223,vocabulary,sliced_ecd,local,local,,int8,64,3,697,v2-ruled-vocabulary-2026-08-07,
Q2T9K0,non_surface,29,1,29,vocabulary,sliced_ecd,local,local,,int8,64,1,698,v2-ruled-vocabulary-2026-08-07,
Q8NGR3,surface,38,160,197,vocabulary,sliced_ecd,local,local,,int8,64,1,699,v2-ruled-vocabulary-2026-08-07,
Q9Y5I3,surface,668,30,697,vocabulary,sliced_ecd,above_local,rental,over_local_ceiling,fp16,64,5,700,v2-ruled-vocabulary-2026-08-07,
Q12891,surface,427,21,447,gpi_rule_A,sliced_ecd,local,local,,int8,64,4,701,v2-ruled-vocabulary-2026-08-07,
P02724,surface,72,20,91,vocabulary,sliced_ecd,local,local,,int8,64,2,702,v2-ruled-vocabulary-2026-08-07,
P18825,surface,48,1,48,vocabulary,sliced_ecd,local,local,,int8,64,1,703,v2-ruled-vocabulary-2026-08-07,
Q03405,surface,282,23,304,gpi_rule_A,sliced_ecd,local,local,,int8,64,3,704,v2-ruled-vocabulary-2026-08-07,
Q8NHY0,non_surface,478,89,566,vocabulary,sliced_ecd,untested_band,rental,unmeasured_local_ceiling,fp16,64,5,705,v2-ruled-vocabulary-2026-08-07,
P18084,surface,696,24,719,vocabulary,sliced_ecd,above_local,rental,over_local_ceiling,fp16,64,5,706,v2-ruled-vocabulary-2026-08-07,
P20963,non_surface,9,22,30,vocabulary,sliced_ecd,local,local,,int8,64,1,707,v2-ruled-vocabulary-2026-08-07,
Q9BTV4,non_surface,261,53,313,vocabulary,sliced_ecd,local,local,,int8,64,3,708,v2-ruled-vocabulary-2026-08-07,
F2Z333,surface,162,21,182,vocabulary,sliced_ecd,local,local,,int8,64,3,709,v2-ruled-vocabulary-2026-08-07,
Q9BXC1,surface,27,1,27,vocabulary,sliced_ecd,local,local,,int8,64,1,710,v2-ruled-vocabulary-2026-08-07,
P09923,surface,483,20,502,gpi_rule_A,sliced_ecd,untested_band,rental,unmeasured_local_ceiling,fp16,64,5,711,v2-ruled-vocabulary-2026-08-07,
P33681,surface,208,35,242,vocabulary,sliced_ecd,local,local,,int8,64,3,712,v2-ruled-vocabulary-2026-08-07,
P43657,surface,27,155,181,vocabulary,sliced_ecd,local,local,,int8,64,1,713,v2-ruled-vocabulary-2026-08-07,
Q9NPY3,surface,557,24,580,vocabulary,sliced_ecd,untested_band,rental,unmeasured_local_ceiling,fp16,64,5,714,v2-ruled-vocabulary-2026-08-07,
Q9Y666,surface,119,301,419,vocabulary,sliced_ecd,local,local,,int8,64,2,715,v2-ruled-vocabulary-2026-08-07,
Q8NGF0,surface,45,1,45,vocabulary,sliced_ecd,local,local,,int8,64,1,716,v2-ruled-vocabulary-2026-08-07,
Q8IUK5,surface,408,19,426,vocabulary,sliced_ecd,local,local,,int8,64,4,717,v2-ruled-vocabulary-2026-08-07,
Q7Z2H8,surface,32,311,342,vocabulary,sliced_ecd,local,local,,int8,64,1,718,v2-ruled-vocabulary-2026-08-07,
Q96RD2,surface,36,163,198,vocabulary,sliced_ecd,local,local,,int8,64,1,719,v2-ruled-vocabulary-2026-08-07,
P20645,surface,159,27,185,vocabulary,sliced_ecd,local,local,,int8,64,3,720,v2-ruled-vocabulary-2026-08-07,
Q12913,surface,940,36,975,vocabulary,sliced_ecd,above_local,rental,over_local_ceiling,fp16,64,5,721,v2-ruled-vocabulary-2026-08-07,
Q08334,surface,201,20,220,vocabulary,sliced_ecd,local,local,,int8,64,3,722,v2-ruled-vocabulary-2026-08-07,
Q14943,surface,319,22,340,vocabulary,sliced_ecd,local,local,,int8,64,4,723,v2-ruled-vocabulary-2026-08-07,
Q14654,non_surface,24,93,116,vocabulary,sliced_ecd,local,local,,int8,64,1,724,v2-ruled-vocabulary-2026-08-07,
Q8NGL6,surface,53,1,53,vocabulary,sliced_ecd,local,local,,int8,64,2,725,v2-ruled-vocabulary-2026-08-07,
O76082,surface,101,42,142,vocabulary,sliced_ecd,local,local,,int8,64,2,726,v2-ruled-vocabulary-2026-08-07,
Q9UM21,non_surface,508,28,535,vocabulary,sliced_ecd,untested_band,rental,unmeasured_local_ceiling,fp16,64,5,727,v2-ruled-vocabulary-2026-08-07,
Q8N5B7,non_surface,46,1,46,vocabulary,sliced_ecd,local,local,,int8,64,1,728,v2-ruled-vocabulary-2026-08-07,
Q9UPR5,surface,48,21,68,vocabulary,sliced_ecd,local,local,,int8,64,1,729,v2-ruled-vocabulary-2026-08-07,
Q9Y5H7,surface,668,29,696,vocabulary,sliced_ecd,above_local,rental,over_local_ceiling,fp16,64,5,730,v2-ruled-vocabulary-2026-08-07,
P31639,surface,58,218,275,vocabulary,sliced_ecd,local,local,,int8,64,2,731,v2-ruled-vocabulary-2026-08-07,
Q92729,surface,731,19,749,vocabulary,sliced_ecd,above_local,rental,over_local_ceiling,fp16,64,5,732,v2-ruled-vocabulary-2026-08-07,
Q9BZD2,surface,31,75,105,vocabulary,sliced_ecd,local,local,,int8,64,1,733,v2-ruled-vocabulary-2026-08-07,
Q8IXB3,non_surface,3,175,177,vocabulary,sliced_ecd,local,local,,int8,64,1,734,v2-ruled-vocabulary-2026-08-07,
Q6PJG9,surface,502,17,518,vocabulary,sliced_ecd,untested_band,rental,unmeasured_local_ceiling,fp16,64,5,735,v2-ruled-vocabulary-2026-08-07,
Q9NRX6,non_surface,30,23,52,vocabulary,sliced_ecd,local,local,,int8,64,1,736,v2-ruled-vocabulary-2026-08-07,
O95196,surface,393,31,423,vocabulary,sliced_ecd,local,local,,int8,64,4,737,v2-ruled-vocabulary-2026-08-07,
Q96EP9,surface,103,1,103,vocabulary,sliced_ecd,local,local,,int8,64,2,738,v2-ruled-vocabulary-2026-08-07,
P15151,surface,323,21,343,vocabulary,sliced_ecd,local,local,,int8,64,4,739,v2-ruled-vocabulary-2026-08-07,
Q92673,surface,2056,82,2137,vocabulary,sliced_ecd,above_local,rental,over_local_ceiling,fp16,64,5,740,v2-ruled-vocabulary-2026-08-07,
Q9NUD9,non_surface,72,256,327,vocabulary,sliced_ecd,local,local,,int8,64,2,741,v2-ruled-vocabulary-2026-08-07,
Q8TEM1,surface,1782,27,1808,vocabulary,sliced_ecd,above_local,rental,over_local_ceiling,fp16,64,5,742,v2-ruled-vocabulary-2026-08-07,
Q04844,surface,219,21,239,vocabulary,sliced_ecd,local,local,,int8,64,3,743,v2-ruled-vocabulary-2026-08-07,
Q75V66,surface,101,579,679,vocabulary,sliced_ecd,local,local,,int8,64,2,744,v2-ruled-vocabulary-2026-08-07,
Q9NXW2,non_surface,111,265,375,vocabulary,sliced_ecd,local,local,,int8,64,2,745,v2-ruled-vocabulary-2026-08-07,
Q9Y385,non_surface,15,304,318,vocabulary,sliced_ecd,local,local,,int8,64,1,746,v2-ruled-vocabulary-2026-08-07,
Q6PJW8,non_surface,40,686,725,vocabulary,sliced_ecd,local,local,,int8,64,1,747,v2-ruled-vocabulary-2026-08-07,
Q15836,non_surface,2,99,100,vocabulary,sliced_ecd,local,local,,int8,64,1,748,v2-ruled-vocabulary-2026-08-07,
Q9P0V8,surface,211,23,233,vocabulary,sliced_ecd,local,local,,int8,64,3,749,v2-ruled-vocabulary-2026-08-07,
P51681,surface,32,167,198,vocabulary,sliced_ecd,local,local,,int8,64,1,750,v2-ruled-vocabulary-2026-08-07,
P43631,surface,224,22,245,vocabulary,sliced_ecd,local,local,,int8,64,3,751,v2-ruled-vocabulary-2026-08-07,
Q8NGU2,surface,37,161,197,vocabulary,sliced_ecd,local,local,,int8,64,1,752,v2-ruled-vocabulary-2026-08-07,
P08908,surface,38,1,38,vocabulary,sliced_ecd,local,local,,int8,64,1,753,v2-ruled-vocabulary-2026-08-07,
Q9UHC6,surface,1235,28,1262,vocabulary,sliced_ecd,above_local,rental,over_local_ceiling,fp16,64,5,754,v2-ruled-vocabulary-2026-08-07,
Q8NGS5,surface,37,161,197,vocabulary,sliced_ecd,local,local,,int8,64,1,755,v2-ruled-vocabulary-2026-08-07,
Q14439,surface,42,1,42,vocabulary,sliced_ecd,local,local,,int8,64,1,756,v2-ruled-vocabulary-2026-08-07,
Q9NYK1,surface,813,27,839,vocabulary,sliced_ecd,above_local,rental,over_local_ceiling,fp16,64,5,757,v2-ruled-vocabulary-2026-08-07,
P25021,surface,20,1,20,vocabulary,sliced_ecd,local,local,,int8,64,1,758,v2-ruled-vocabulary-2026-08-07,
Q8NG80,surface,37,158,194,vocabulary,sliced_ecd,local,local,,int8,64,1,759,v2-ruled-vocabulary-2026-08-07,
P49961,surface,441,38,478,vocabulary,sliced_ecd,untested_band,rental,unmeasured_local_ceiling,fp16,64,5,760,v2-ruled-vocabulary-2026-08-07,
P09693,surface,94,23,116,vocabulary,sliced_ecd,local,local,,int8,64,2,761,v2-ruled-vocabulary-2026-08-07,
P18507,surface,236,40,275,vocabulary,sliced_ecd,local,local,,int8,64,3,762,v2-ruled-vocabulary-2026-08-07,
Q9HAS3,surface,78,614,691,vocabulary,sliced_ecd,local,local,,int8,64,2,763,v2-ruled-vocabulary-2026-08-07,
Q9NRA2,surface,47,63,109,vocabulary,sliced_ecd,local,local,,int8,64,1,764,v2-ruled-vocabulary-2026-08-07,
Q13018,surface,1377,21,1397,vocabulary,sliced_ecd,above_local,rental,over_local_ceiling,fp16,64,5,765,v2-ruled-vocabulary-2026-08-07,
Q8TD43,non_surface,35,985,1019,vocabulary,sliced_ecd,local,local,,int8,64,1,766,v2-ruled-vocabulary-2026-08-07,
O94772,surface,89,26,114,gpi_rule_A,sliced_ecd,local,local,,int8,64,2,767,v2-ruled-vocabulary-2026-08-07,
Q9UKH3,surface,542,90,631,vocabulary,sliced_ecd,untested_band,rental,unmeasured_local_ceiling,fp16,64,5,768,v2-ruled-vocabulary-2026-08-07,
Q8NBZ7,non_surface,380,41,420,vocabulary,sliced_ecd,local,local,,int8,64,4,769,v2-ruled-vocabulary-2026-08-07,
Q9Y5E8,surface,664,27,690,vocabulary,sliced_ecd,above_local,rental,over_local_ceiling,fp16,64,5,770,v2-ruled-vocabulary-2026-08-07,
Q96K19,non_surface,24,1,24,vocabulary,sliced_ecd,local,local,,int8,64,1,771,v2-ruled-vocabulary-2026-08-07,
Q8NGD1,surface,37,159,195,vocabulary,sliced_ecd,local,local,,int8,64,1,772,v2-ruled-vocabulary-2026-08-07,
Q96J84,surface,483,17,499,vocabulary,sliced_ecd,untested_band,rental,unmeasured_local_ceiling,fp16,64,5,773,v2-ruled-vocabulary-2026-08-07,
Q9BXS9,surface,50,137,186,vocabulary,sliced_ecd,local,local,,int8,64,1,774,v2-ruled-vocabulary-2026-08-07,
P28068,surface,200,19,218,vocabulary,sliced_ecd,local,local,,int8,64,3,775,v2-ruled-vocabulary-2026-08-07,
P23634,surface,37,114,150,vocabulary,sliced_ecd,local,local,,int8,64,1,776,v2-ruled-vocabulary-2026-08-07,
P54826,surface,277,40,316,gpi_rule_A,sliced_ecd,local,local,,int8,64,3,777,v2-ruled-vocabulary-2026-08-07,
P51787,non_surface,16,284,299,vocabulary,sliced_ecd,local,local,,int8,64,1,778,v2-ruled-vocabulary-2026-08-07,
Q92953,non_surface,20,213,232,vocabulary,sliced_ecd,local,local,,int8,64,1,779,v2-ruled-vocabulary-2026-08-07,
P01909,surface,193,24,216,vocabulary,sliced_ecd,local,local,,int8,64,3,780,v2-ruled-vocabulary-2026-08-07,
P16471,surface,210,25,234,vocabulary,sliced_ecd,local,local,,int8,64,3,781,v2-ruled-vocabulary-2026-08-07,
Q8IZU9,surface,514,22,535,vocabulary,sliced_ecd,untested_band,rental,unmeasured_local_ceiling,fp16,64,5,782,v2-ruled-vocabulary-2026-08-07,
Q53RT3,non_surface,267,77,343,vocabulary,sliced_ecd,local,local,,int8,64,3,783,v2-ruled-vocabulary-2026-08-07,
Q9BYH1,non_surface,930,29,958,vocabulary,sliced_ecd,above_local,rental,over_local_ceiling,fp16,64,5,784,v2-ruled-vocabulary-2026-08-07,
Q8IV45,non_surface,10,1,10,vocabulary,sliced_ecd,local,local,,int8,64,1,785,v2-ruled-vocabulary-2026-08-07,
Q04912,surface,933,25,957,vocabulary,sliced_ecd,above_local,rental,over_local_ceiling,fp16,64,5,786,v2-ruled-vocabulary-2026-08-07,
Q96IQ7,surface,220,24,243,vocabulary,sliced_ecd,local,local,,int8,64,3,787,v2-ruled-vocabulary-2026-08-07,
Q8IXE1,surface,37,159,195,vocabulary,sliced_ecd,local,local,,int8,64,1,788,v2-ruled-vocabulary-2026-08-07,
O75712,surface,38,150,187,vocabulary,sliced_ecd,local,local,,int8,64,1,789,v2-ruled-vocabulary-2026-08-07,
Q86SJ2,surface,359,40,398,vocabulary,sliced_ecd,local,local,,int8,64,4,790,v2-ruled-vocabulary-2026-08-07,
Q8NHB8,surface,36,161,196,vocabulary,sliced_ecd,local,local,,int8,64,1,791,v2-ruled-vocabulary-2026-08-07,
Q9BZR6,surface,420,27,446,gpi_rule_A,sliced_ecd,local,local,,int8,64,4,792,v2-ruled-vocabulary-2026-08-07,
Q86WK6,surface,345,28,372,vocabulary,sliced_ecd,local,local,,int8,64,4,793,v2-ruled-vocabulary-2026-08-07,
Q8TAF8,surface,54,46,99,vocabulary,sliced_ecd,local,local,,int8,64,2,794,v2-ruled-vocabulary-2026-08-07,
A6ND48,surface,27,163,189,vocabulary,sliced_ecd,local,local,,int8,64,1,795,v2-ruled-vocabulary-2026-08-07,
P41146,surface,48,1,48,vocabulary,sliced_ecd,local,local,,int8,64,1,796,v2-ruled-vocabulary-2026-08-07,
Q15842,non_surface,32,95,126,vocabulary,sliced_ecd,local,local,,int8,64,1,797,v2-ruled-vocabulary-2026-08-07,
Q96R27,surface,37,159,195,vocabulary,sliced_ecd,local,local,,int8,64,1,798,v2-ruled-vocabulary-2026-08-07,
P26006,surface,959,33,991,vocabulary,sliced_ecd,above_local,rental,over_local_ceiling,fp16,64,5,799,v2-ruled-vocabulary-2026-08-07,
Q9NZP2,surface,37,159,195,vocabulary,sliced_ecd,local,local,,int8,64,1,800,v2-ruled-vocabulary-2026-08-07,
Q8NFF2,surface,59,39,97,vocabulary,sliced_ecd,local,local,,int8,64,2,801,v2-ruled-vocabulary-2026-08-07,
Q8IZK6,non_surface,202,87,288,vocabulary,sliced_ecd,local,local,,int8,64,3,802,v2-ruled-vocabulary-2026-08-07,
P09958,surface,608,108,715,vocabulary,sliced_ecd,untested_band,rental,unmeasured_local_ceiling,fp16,64,5,803,v2-ruled-vocabulary-2026-08-07,
Q9Y5G4,surface,664,29,692,vocabulary,sliced_ecd,above_local,rental,over_local_ceiling,fp16,64,5,804,v2-ruled-vocabulary-2026-08-07,
Q86SR1,non_surface,572,32,603,vocabulary,sliced_ecd,untested_band,rental,unmeasured_local_ceiling,fp16,64,5,805,v2-ruled-vocabulary-2026-08-07,
O14581,surface,37,161,197,vocabulary,sliced_ecd,local,local,,int8,64,1,806,v2-ruled-vocabulary-2026-08-07,
Q9HA72,surface,47,133,179,vocabulary,sliced_ecd,local,local,,int8,64,1,807,v2-ruled-vocabulary-2026-08-07,
O75056,non_surface,387,1,387,vocabulary,sliced_ecd,local,local,,int8,64,4,808,v2-ruled-vocabulary-2026-08-07,
Q9GZK6,surface,37,160,196,vocabulary,sliced_ecd,local,local,,int8,64,1,809,v2-ruled-vocabulary-2026-08-07,
Q8N4S9,non_surface,16,276,291,vocabulary,sliced_ecd,local,local,,int8,64,1,810,v2-ruled-vocabulary-2026-08-07,
P10721,surface,499,26,524,vocabulary,sliced_ecd,untested_band,rental,unmeasured_local_ceiling,fp16,64,5,811,v2-ruled-vocabulary-2026-08-07,
Q6UXZ4,surface,347,33,379,vocabulary,sliced_ecd,local,local,,int8,64,4,812,v2-ruled-vocabulary-2026-08-07,
Q6UY18,surface,505,29,533,vocabulary,sliced_ecd,untested_band,rental,unmeasured_local_ceiling,fp16,64,5,813,v2-ruled-vocabulary-2026-08-07,
Q9ULH0,non_surface,5,681,685,vocabulary,sliced_ecd,local,local,,int8,64,1,814,v2-ruled-vocabulary-2026-08-07,
Q9HCF6,non_surface,55,1057,1111,vocabulary,sliced_ecd,local,local,,int8,64,2,815,v2-ruled-vocabulary-2026-08-07,
Q9UHX3,surface,517,24,540,vocabulary,sliced_ecd,untested_band,rental,unmeasured_local_ceiling,fp16,64,5,816,v2-ruled-vocabulary-2026-08-07,
Q00765,non_surface,2,52,53,vocabulary,sliced_ecd,local,local,,int8,64,1,817,v2-ruled-vocabulary-2026-08-07,
P55286,surface,560,62,621,vocabulary,sliced_ecd,untested_band,rental,unmeasured_local_ceiling,fp16,64,5,818,v2-ruled-vocabulary-2026-08-07,
Q9UN75,surface,668,30,697,vocabulary,sliced_ecd,above_local,rental,over_local_ceiling,fp16,64,5,819,v2-ruled-vocabulary-2026-08-07,
Q30154,surface,198,30,227,vocabulary,sliced_ecd,local,local,,int8,64,3,820,v2-ruled-vocabulary-2026-08-07,
Q8N2K1,non_surface,12,248,259,vocabulary,sliced_ecd,local,local,,int8,64,1,821,v2-ruled-vocabulary-2026-08-07,
P59533,surface,27,164,190,vocabulary,sliced_ecd,local,local,,int8,64,1,822,v2-ruled-vocabulary-2026-08-07,
Q96G23,non_surface,40,1,40,vocabulary,sliced_ecd,local,local,,int8,64,1,823,v2-ruled-vocabulary-2026-08-07,
O75908,non_surface,20,143,162,vocabulary,sliced_ecd,local,local,,int8,64,1,824,v2-ruled-vocabulary-2026-08-07,
Q8TCP9,non_surface,513,1,513,vocabulary,sliced_ecd,untested_band,rental,unmeasured_local_ceiling,fp16,64,5,825,v2-ruled-vocabulary-2026-08-07,
P56975,non_surface,360,1,360,vocabulary,sliced_ecd,local,local,,int8,64,4,826,v2-ruled-vocabulary-2026-08-07,
P08173,surface,31,1,31,vocabulary,sliced_ecd,local,local,,int8,64,1,827,v2-ruled-vocabulary-2026-08-07,
Q96PG2,non_surface,29,143,171,vocabulary,sliced_ecd,local,local,,int8,64,1,828,v2-ruled-vocabulary-2026-08-07,
Q99720,non_surface,9,1,9,vocabulary,sliced_ecd,local,local,,int8,64,1,829,v2-ruled-vocabulary-2026-08-07,
O43194,surface,45,173,217,vocabulary,sliced_ecd,local,local,,int8,64,1,830,v2-ruled-vocabulary-2026-08-07,
P53816,non_surface,8,155,162,vocabulary,sliced_ecd,local,local,,int8,64,1,831,v2-ruled-vocabulary-2026-08-07,
Q8N5C1,surface,45,130,174,vocabulary,sliced_ecd,local,local,,int8,64,1,832,v2-ruled-vocabulary-2026-08-07,
Q53FV1,non_surface,27,127,153,vocabulary,sliced_ecd,local,local,,int8,64,1,833,v2-ruled-vocabulary-2026-08-07,
Q9Y487,surface,74,476,549,vocabulary,sliced_ecd,local,local,,int8,64,2,834,v2-ruled-vocabulary-2026-08-07,
Q9UIG8,surface,101,439,539,vocabulary,sliced_ecd,local,local,,int8,64,2,835,v2-ruled-vocabulary-2026-08-07,
O94905,non_surface,315,25,339,vocabulary,sliced_ecd,local,local,,int8,64,4,836,v2-ruled-vocabulary-2026-08-07,
Q6NW40,surface,367,46,412,gpi_rule_A,sliced_ecd,local,local,,int8,64,4,837,v2-ruled-vocabulary-2026-08-07,
Q8NGI2,surface,36,163,198,vocabulary,sliced_ecd,local,local,,int8,64,1,838,v2-ruled-vocabulary-2026-08-07,
Q9BVA6,non_surface,414,45,458,vocabulary,sliced_ecd,local,local,,int8,64,4,839,v2-ruled-vocabulary-2026-08-07,
Q5R3K3,non_surface,42,128,169,vocabulary,sliced_ecd,local,local,,int8,64,1,840,v2-ruled-vocabulary-2026-08-07,
P58550,non_surface,16,19,34,vocabulary,sliced_ecd,local,local,,int8,64,1,841,v2-ruled-vocabulary-2026-08-07,
Q8NGB4,surface,37,157,193,vocabulary,sliced_ecd,local,local,,int8,64,1,842,v2-ruled-vocabulary-2026-08-07,
Q9NNX6,non_surface,346,59,404,vocabulary,sliced_ecd,local,local,,int8,64,4,843,v2-ruled-vocabulary-2026-08-07,
Q8TED1,non_surface,169,41,209,vocabulary,sliced_ecd,local,local,,int8,64,3,844,v2-ruled-vocabulary-2026-08-07,
Q8NH73,surface,37,157,193,vocabulary,sliced_ecd,local,local,,int8,64,1,845,v2-ruled-vocabulary-2026-08-07,
Q5JQS5,surface,37,163,199,vocabulary,sliced_ecd,local,local,,int8,64,1,846,v2-ruled-vocabulary-2026-08-07,
Q9Y644,non_surface,302,30,331,vocabulary,sliced_ecd,local,local,,int8,64,4,847,v2-ruled-vocabulary-2026-08-07,
Q9Y661,non_surface,397,60,456,vocabulary,sliced_ecd,local,local,,int8,64,4,848,v2-ruled-vocabulary-2026-08-07,
O95857,surface,74,94,167,vocabulary,sliced_ecd,local,local,,int8,64,2,849,v2-ruled-vocabulary-2026-08-07,
O95490,surface,826,26,851,vocabulary,sliced_ecd,above_local,rental,over_local_ceiling,fp16,64,5,850,v2-ruled-vocabulary-2026-08-07,
Q9NPH3,surface,347,21,367,vocabulary,sliced_ecd,local,local,,int8,64,4,851,v2-ruled-vocabulary-2026-08-07,
P20273,surface,668,20,687,vocabulary,sliced_ecd,above_local,rental,over_local_ceiling,fp16,64,5,852,v2-ruled-vocabulary-2026-08-07,
Q09327,non_surface,510,24,533,vocabulary,sliced_ecd,untested_band,rental,unmeasured_local_ceiling,fp16,64,5,853,v2-ruled-vocabulary-2026-08-07,
Q7Z3F1,surface,38,1,38,vocabulary,sliced_ecd,local,local,,int8,64,1,854,v2-ruled-vocabulary-2026-08-07,
Q8NGD5,surface,37,160,196,vocabulary,sliced_ecd,local,local,,int8,64,1,855,v2-ruled-vocabulary-2026-08-07,
P34982,surface,38,159,196,vocabulary,sliced_ecd,local,local,,int8,64,1,856,v2-ruled-vocabulary-2026-08-07,
P47888,surface,38,168,205,vocabulary,sliced_ecd,local,local,,int8,64,1,857,v2-ruled-vocabulary-2026-08-07,
Q8TD20,surface,100,367,466,vocabulary,sliced_ecd,local,local,,int8,64,2,858,v2-ruled-vocabulary-2026-08-07,
Q96KJ4,surface,603,36,638,vocabulary,sliced_ecd,untested_band,rental,unmeasured_local_ceiling,fp16,64,5,859,v2-ruled-vocabulary-2026-08-07,
Q8NH50,surface,37,161,197,vocabulary,sliced_ecd,local,local,,int8,64,1,860,v2-ruled-vocabulary-2026-08-07,
Q96LC7,surface,534,17,550,vocabulary,sliced_ecd,untested_band,rental,unmeasured_local_ceiling,fp16,64,5,861,v2-ruled-vocabulary-2026-08-07,
Q7Z443,surface,674,24,697,vocabulary,sliced_ecd,above_local,rental,over_local_ceiling,fp16,64,5,862,v2-ruled-vocabulary-2026-08-07,
Q8IWV2,surface,981,19,999,gpi_rule_A,sliced_ecd,above_local,rental,over_local_ceiling,fp16,64,5,863,v2-ruled-vocabulary-2026-08-07,
Q9NPF0,surface,194,36,229,vocabulary,sliced_ecd,local,local,,int8,64,3,864,v2-ruled-vocabulary-2026-08-07,
O43497,surface,136,235,370,vocabulary,sliced_ecd,local,local,,int8,64,2,865,v2-ruled-vocabulary-2026-08-07,
Q92932,surface,594,22,615,vocabulary,sliced_ecd,untested_band,rental,unmeasured_local_ceiling,fp16,64,5,866,v2-ruled-vocabulary-2026-08-07,
P08571,surface,325,20,344,gpi_rule_A,sliced_ecd,local,local,,int8,64,4,867,v2-ruled-vocabulary-2026-08-07,chain_end_exceeds_anchor
Q9BYW1,surface,29,33,61,vocabulary,sliced_ecd,local,local,,int8,64,1,868,v2-ruled-vocabulary-2026-08-07,
P08887,surface,346,20,365,vocabulary,sliced_ecd,local,local,,int8,64,4,869,v2-ruled-vocabulary-2026-08-07,
Q8NGR2,surface,62,1,62,vocabulary,sliced_ecd,local,local,,int8,64,2,870,v2-ruled-vocabulary-2026-08-07,
Q8NGL0,surface,36,161,196,vocabulary,sliced_ecd,local,local,,int8,64,1,871,v2-ruled-vocabulary-2026-08-07,
P30556,surface,25,1,25,vocabulary,sliced_ecd,local,local,,int8,64,1,872,v2-ruled-vocabulary-2026-08-07,
P56880,surface,53,29,81,vocabulary,sliced_ecd,local,local,,int8,64,2,873,v2-ruled-vocabulary-2026-08-07,
P59646,non_surface,18,21,38,vocabulary,sliced_ecd,local,local,,int8,64,1,874,v2-ruled-vocabulary-2026-08-07,
O60741,non_surface,26,319,344,vocabulary,sliced_ecd,local,local,,int8,64,1,875,v2-ruled-vocabulary-2026-08-07,
Q8NGV0,surface,36,159,194,vocabulary,sliced_ecd,local,local,,int8,64,1,876,v2-ruled-vocabulary-2026-08-07,
Q969V1,surface,39,1,39,vocabulary,sliced_ecd,local,local,,int8,64,1,877,v2-ruled-vocabulary-2026-08-07,
P21145,non_surface,11,115,125,vocabulary,sliced_ecd,local,local,,int8,64,1,878,v2-ruled-vocabulary-2026-08-07,
Q13224,surface,529,27,555,vocabulary,sliced_ecd,untested_band,rental,unmeasured_local_ceiling,fp16,64,5,879,v2-ruled-vocabulary-2026-08-07,
P29317,surface,514,24,537,vocabulary,sliced_ecd,untested_band,rental,unmeasured_local_ceiling,fp16,64,5,880,v2-ruled-vocabulary-2026-08-07,
Q9GZX3,non_surface,369,27,395,vocabulary,sliced_ecd,local,local,,int8,64,4,881,v2-ruled-vocabulary-2026-08-07,
Q9BZ11,surface,672,30,701,vocabulary,sliced_ecd,above_local,rental,over_local_ceiling,fp16,64,5,882,v2-ruled-vocabulary-2026-08-07,
P51674,surface,65,149,213,vocabulary,sliced_ecd,local,local,,int8,64,2,883,v2-ruled-vocabulary-2026-08-07,
Q9NYW2,surface,32,153,184,vocabulary,sliced_ecd,local,local,,int8,64,1,884,v2-ruled-vocabulary-2026-08-07,
O15455,surface,681,24,704,vocabulary,sliced_ecd,above_local,rental,over_local_ceiling,fp16,64,5,885,v2-ruled-vocabulary-2026-08-07,
Q04721,surface,1652,26,1677,vocabulary,sliced_ecd,above_local,rental,over_local_ceiling,fp16,64,5,886,v2-ruled-vocabulary-2026-08-07,
A6NHG9,surface,31,165,195,vocabulary,sliced_ecd,local,local,,int8,64,1,887,v2-ruled-vocabulary-2026-08-07,
Q6IF99,surface,37,161,197,vocabulary,sliced_ecd,local,local,,int8,64,1,888,v2-ruled-vocabulary-2026-08-07,
P48039,surface,29,1,29,vocabulary,sliced_ecd,local,local,,int8,64,1,889,v2-ruled-vocabulary-2026-08-07,
Q9ULK6,surface,174,35,208,vocabulary,sliced_ecd,local,local,,int8,64,3,890,v2-ruled-vocabulary-2026-08-07,
Q16585,surface,232,87,318,vocabulary,sliced_ecd,local,local,,int8,64,3,891,v2-ruled-vocabulary-2026-08-07,
Q7LBE3,surface,30,298,327,vocabulary,sliced_ecd,local,local,,int8,64,1,892,v2-ruled-vocabulary-2026-08-07,
P14672,surface,36,46,81,vocabulary,sliced_ecd,local,local,,int8,64,1,893,v2-ruled-vocabulary-2026-08-07,
O14843,surface,25,154,178,vocabulary,sliced_ecd,local,local,,int8,64,1,894,v2-ruled-vocabulary-2026-08-07,
Q8NE79,surface,48,1,48,vocabulary,sliced_ecd,local,local,,int8,64,1,895,v2-ruled-vocabulary-2026-08-07,
Q9NUN5,surface,57,430,486,vocabulary,sliced_ecd,local,local,,int8,64,2,896,v2-ruled-vocabulary-2026-08-07,
Q7Z6L0,non_surface,2,339,340,vocabulary,sliced_ecd,local,local,,int8,64,1,897,v2-ruled-vocabulary-2026-08-07,
Q9Y6N7,surface,872,26,897,vocabulary,sliced_ecd,above_local,rental,over_local_ceiling,fp16,64,5,898,v2-ruled-vocabulary-2026-08-07,
A3KFT3,surface,37,159,195,vocabulary,sliced_ecd,local,local,,int8,64,1,899,v2-ruled-vocabulary-2026-08-07,
Q8NGQ5,surface,37,161,197,vocabulary,sliced_ecd,local,local,,int8,64,1,900,v2-ruled-vocabulary-2026-08-07,
O60245,surface,851,29,879,vocabulary,sliced_ecd,above_local,rental,over_local_ceiling,fp16,64,5,901,v2-ruled-vocabulary-2026-08-07,
P25090,surface,29,164,192,vocabulary,sliced_ecd,local,local,,int8,64,1,902,v2-ruled-vocabulary-2026-08-07,
Q9H295,surface,91,119,209,vocabulary,sliced_ecd,local,local,,int8,64,2,903,v2-ruled-vocabulary-2026-08-07,
Q9NSC7,non_surface,565,36,600,vocabulary,sliced_ecd,untested_band,rental,unmeasured_local_ceiling,fp16,64,5,904,v2-ruled-vocabulary-2026-08-07,
Q96MS0,surface,871,21,891,vocabulary,sliced_ecd,above_local,rental,over_local_ceiling,fp16,64,5,905,v2-ruled-vocabulary-2026-08-07,
P24530,surface,75,27,101,vocabulary,sliced_ecd,local,local,,int8,64,2,906,v2-ruled-vocabulary-2026-08-07,
Q9H2S6,non_surface,267,51,317,vocabulary,sliced_ecd,local,local,,int8,64,3,907,v2-ruled-vocabulary-2026-08-07,
O14817,surface,95,107,201,vocabulary,sliced_ecd,local,local,,int8,64,2,908,v2-ruled-vocabulary-2026-08-07,
Q12884,surface,735,26,760,vocabulary,sliced_ecd,above_local,rental,over_local_ceiling,fp16,64,5,909,v2-ruled-vocabulary-2026-08-07,
Q14500,surface,25,105,129,vocabulary,sliced_ecd,local,local,,int8,64,1,910,v2-ruled-vocabulary-2026-08-07,
Q07065,non_surface,475,128,602,vocabulary,sliced_ecd,untested_band,rental,unmeasured_local_ceiling,fp16,64,5,911,v2-ruled-vocabulary-2026-08-07,
P11229,surface,22,1,22,vocabulary,sliced_ecd,local,local,,int8,64,1,912,v2-ruled-vocabulary-2026-08-07,
Q14832,surface,554,23,576,vocabulary,sliced_ecd,untested_band,rental,unmeasured_local_ceiling,fp16,64,5,913,v2-ruled-vocabulary-2026-08-07,
Q9BSN7,surface,77,27,103,vocabulary,sliced_ecd,local,local,,int8,64,2,914,v2-ruled-vocabulary-2026-08-07,
Q8NHA6,surface,36,167,202,vocabulary,sliced_ecd,local,local,,int8,64,1,915,v2-ruled-vocabulary-2026-08-07,
Q9C0E8,non_surface,11,67,77,vocabulary,sliced_ecd,local,local,,int8,64,1,916,v2-ruled-vocabulary-2026-08-07,
Q9NQZ7,non_surface,497,50,546,vocabulary,sliced_ecd,untested_band,rental,unmeasured_local_ceiling,fp16,64,5,917,v2-ruled-vocabulary-2026-08-07,
P42261,surface,518,19,536,vocabulary,sliced_ecd,untested_band,rental,unmeasured_local_ceiling,fp16,64,5,918,v2-ruled-vocabulary-2026-08-07,
O43603,surface,28,1,28,vocabulary,sliced_ecd,local,local,,int8,64,1,919,v2-ruled-vocabulary-2026-08-07,
Q9Y5U5,surface,137,26,162,vocabulary,sliced_ecd,local,local,,int8,64,2,920,v2-ruled-vocabulary-2026-08-07,
Q9NT99,surface,541,36,576,vocabulary,sliced_ecd,untested_band,rental,unmeasured_local_ceiling,fp16,64,5,921,v2-ruled-vocabulary-2026-08-07,
Q8NGB9,surface,37,159,195,vocabulary,sliced_ecd,local,local,,int8,64,1,922,v2-ruled-vocabulary-2026-08-07,
Q96K49,surface,172,43,214,vocabulary,sliced_ecd,local,local,,int8,64,3,923,v2-ruled-vocabulary-2026-08-07,
P53708,surface,974,39,1012,vocabulary,sliced_ecd,above_local,rental,over_local_ceiling,fp16,64,5,924,v2-ruled-vocabulary-2026-08-07,
Q8IZP9,surface,590,38,627,vocabulary,sliced_ecd,untested_band,rental,unmeasured_local_ceiling,fp16,64,5,925,v2-ruled-vocabulary-2026-08-07,
Q9NW15,non_surface,79,422,500,vocabulary,sliced_ecd,local,local,,int8,64,2,926,v2-ruled-vocabulary-2026-08-07,
Q9H2H9,surface,38,238,275,vocabulary,sliced_ecd,local,local,,int8,64,1,927,v2-ruled-vocabulary-2026-08-07,
Q7Z3Q1,surface,48,26,73,vocabulary,sliced_ecd,local,local,,int8,64,1,928,v2-ruled-vocabulary-2026-08-07,
Q8TDU9,surface,43,1,43,vocabulary,sliced_ecd,local,local,,int8,64,1,929,v2-ruled-vocabulary-2026-08-07,
P47871,surface,111,26,136,vocabulary,sliced_ecd,local,local,,int8,64,2,930,v2-ruled-vocabulary-2026-08-07,
Q8IXU6,non_surface,15,248,262,vocabulary,sliced_ecd,local,local,,int8,64,1,931,v2-ruled-vocabulary-2026-08-07,
Q8NGS7,surface,37,161,197,vocabulary,sliced_ecd,local,local,,int8,64,1,932,v2-ruled-vocabulary-2026-08-07,
Q8NGG2,surface,64,1,64,vocabulary,sliced_ecd,local,local,,int8,64,2,933,v2-ruled-vocabulary-2026-08-07,
Q5VZ72,surface,154,21,174,vocabulary,sliced_ecd,local,local,,int8,64,3,934,v2-ruled-vocabulary-2026-08-07,
Q96DU3,surface,205,22,226,vocabulary,sliced_ecd,local,local,,int8,64,3,935,v2-ruled-vocabulary-2026-08-07,
Q695T7,surface,88,326,413,vocabulary,sliced_ecd,local,local,,int8,64,2,936,v2-ruled-vocabulary-2026-08-07,
O94966,non_surface,6,1313,1318,vocabulary,sliced_ecd,local,local,,int8,64,1,937,v2-ruled-vocabulary-2026-08-07,
Q9UP38,surface,250,73,322,vocabulary,sliced_ecd,local,local,,int8,64,3,938,v2-ruled-vocabulary-2026-08-07,
Q9Y653,surface,376,26,401,vocabulary,sliced_ecd,local,local,,int8,64,4,939,v2-ruled-vocabulary-2026-08-07,
O14494,surface,49,116,164,vocabulary,sliced_ecd,local,local,,int8,64,1,940,v2-ruled-vocabulary-2026-08-07,
O14944,surface,60,60,119,vocabulary,sliced_ecd,local,local,,int8,64,2,941,v2-ruled-vocabulary-2026-08-07,
P78380,surface,216,58,273,vocabulary,sliced_ecd,local,local,,int8,64,3,942,v2-ruled-vocabulary-2026-08-07,
Q96PJ5,surface,368,20,387,vocabulary,sliced_ecd,local,local,,int8,64,4,943,v2-ruled-vocabulary-2026-08-07,
Q5J8M3,non_surface,35,149,183,vocabulary,sliced_ecd,local,local,,int8,64,1,944,v2-ruled-vocabulary-2026-08-07,
Q9NYV8,surface,34,151,184,vocabulary,sliced_ecd,local,local,,int8,64,1,945,v2-ruled-vocabulary-2026-08-07,
O75096,surface,1705,21,1725,vocabulary,sliced_ecd,above_local,rental,over_local_ceiling,fp16,64,5,946,v2-ruled-vocabulary-2026-08-07,
P57679,non_surface,25,1,25,vocabulary,sliced_ecd,local,local,,int8,64,1,947,v2-ruled-vocabulary-2026-08-07,
Q5SGD2,non_surface,25,1,25,vocabulary,sliced_ecd,local,local,,int8,64,1,948,v2-ruled-vocabulary-2026-08-07,
Q9Y585,surface,37,159,195,vocabulary,sliced_ecd,local,local,,int8,64,1,949,v2-ruled-vocabulary-2026-08-07,
A6NJW9,surface,152,19,170,vocabulary,sliced_ecd,local,local,,int8,64,3,950,v2-ruled-vocabulary-2026-08-07,
Q6IEE7,surface,868,26,893,vocabulary,sliced_ecd,above_local,rental,over_local_ceiling,fp16,64,5,951,v2-ruled-vocabulary-2026-08-07,
Q8NHC4,surface,36,161,196,vocabulary,sliced_ecd,local,local,,int8,64,1,952,v2-ruled-vocabulary-2026-08-07,
Q8NGY0,surface,41,1,41,vocabulary,sliced_ecd,local,local,,int8,64,1,953,v2-ruled-vocabulary-2026-08-07,
O95274,surface,295,31,325,gpi_rule_A,sliced_ecd,local,local,,int8,64,3,954,v2-ruled-vocabulary-2026-08-07,
P51654,surface,195,359,553,gpi_rule_A,sliced_ecd,local,local,,int8,64,3,955,v2-ruled-vocabulary-2026-08-07,chain_start_ambiguous
Q9H400,non_surface,6,1,6,vocabulary,sliced_ecd,local,local,,int8,64,1,956,v2-ruled-vocabulary-2026-08-07,
A6NI73,surface,227,42,268,vocabulary,sliced_ecd,local,local,,int8,64,3,957,v2-ruled-vocabulary-2026-08-07,
P98155,surface,770,28,797,vocabulary,sliced_ecd,above_local,rental,over_local_ceiling,fp16,64,5,958,v2-ruled-vocabulary-2026-08-07,
P42081,surface,224,24,247,vocabulary,sliced_ecd,local,local,,int8,64,3,959,v2-ruled-vocabulary-2026-08-07,
O95562,non_surface,6,58,63,vocabulary,sliced_ecd,local,local,,int8,64,1,960,v2-ruled-vocabulary-2026-08-07,
P21554,surface,116,1,116,vocabulary,sliced_ecd,local,local,,int8,64,2,961,v2-ruled-vocabulary-2026-08-07,
Q9H1V8,surface,105,356,460,vocabulary,sliced_ecd,local,local,,int8,64,2,962,v2-ruled-vocabulary-2026-08-07,
Q9H346,surface,36,164,199,vocabulary,sliced_ecd,local,local,,int8,64,1,963,v2-ruled-vocabulary-2026-08-07,
Q9Y5H2,surface,664,30,693,vocabulary,sliced_ecd,above_local,rental,over_local_ceiling,fp16,64,5,964,v2-ruled-vocabulary-2026-08-07,
Q13607,surface,40,161,200,vocabulary,sliced_ecd,local,local,,int8,64,1,965,v2-ruled-vocabulary-2026-08-07,
P15509,surface,298,23,320,vocabulary,sliced_ecd,local,local,,int8,64,3,966,v2-ruled-vocabulary-2026-08-07,
Q99665,surface,599,24,622,vocabulary,sliced_ecd,untested_band,rental,unmeasured_local_ceiling,fp16,64,5,967,v2-ruled-vocabulary-2026-08-07,
Q8N6Q3,surface,386,22,407,gpi_rule_A,sliced_ecd,local,local,,int8,64,4,968,v2-ruled-vocabulary-2026-08-07,
Q92959,surface,103,416,518,vocabulary,sliced_ecd,local,local,,int8,64,2,969,v2-ruled-vocabulary-2026-08-07,
Q16820,surface,630,23,652,vocabulary,sliced_ecd,above_local,rental,over_local_ceiling,fp16,64,5,970,v2-ruled-vocabulary-2026-08-07,
Q8IZF0,surface,70,200,269,vocabulary,sliced_ecd,local,local,,int8,64,2,971,v2-ruled-vocabulary-2026-08-07,
P04839,surface,45,223,267,vocabulary,sliced_ecd,local,local,,int8,64,1,972,v2-ruled-vocabulary-2026-08-07,
Q8NGD3,surface,37,159,195,vocabulary,sliced_ecd,local,local,,int8,64,1,973,v2-ruled-vocabulary-2026-08-07,
Q6ZNR0,non_surface,97,1,97,vocabulary,sliced_ecd,local,local,,int8,64,2,974,v2-ruled-vocabulary-2026-08-07,
P28336,surface,41,1,41,vocabulary,sliced_ecd,local,local,,int8,64,1,975,v2-ruled-vocabulary-2026-08-07,
O71037,surface,543,90,632,vocabulary,sliced_ecd,untested_band,rental,unmeasured_local_ceiling,fp16,64,5,976,v2-ruled-vocabulary-2026-08-07,
O60704,non_surface,352,26,377,vocabulary,sliced_ecd,local,local,,int8,64,4,977,v2-ruled-vocabulary-2026-08-07,
Q9BZJ7,surface,27,151,177,vocabulary,sliced_ecd,local,local,,int8,64,1,978,v2-ruled-vocabulary-2026-08-07,
Q15035,non_surface,32,44,75,vocabulary,sliced_ecd,local,local,,int8,64,1,979,v2-ruled-vocabulary-2026-08-07,
Q8N5M9,non_surface,20,118,137,vocabulary,sliced_ecd,local,local,,int8,64,1,980,v2-ruled-vocabulary-2026-08-07,
Q8NGT1,surface,35,165,199,vocabulary,sliced_ecd,local,local,,int8,64,1,981,v2-ruled-vocabulary-2026-08-07,
Q9P0T7,surface,69,21,89,vocabulary,sliced_ecd,local,local,,int8,64,2,982,v2-ruled-vocabulary-2026-08-07,
P19075,surface,96,110,205,vocabulary,sliced_ecd,local,local,,int8,64,2,983,v2-ruled-vocabulary-2026-08-07,
Q9NQS3,surface,347,58,404,vocabulary,sliced_ecd,local,local,,int8,64,4,984,v2-ruled-vocabulary-2026-08-07,
Q8NDX2,surface,33,98,130,vocabulary,sliced_ecd,local,local,,int8,64,1,985,v2-ruled-vocabulary-2026-08-07,
Q9NYQ7,surface,2508,33,2540,vocabulary,sliced_ecd,above_local,rental,over_local_ceiling,fp16,64,5,986,v2-ruled-vocabulary-2026-08-07,
P24390,non_surface,10,169,178,vocabulary,sliced_ecd,local,local,,int8,64,1,987,v2-ruled-vocabulary-2026-08-07,
Q86UP0,surface,597,45,641,vocabulary,sliced_ecd,untested_band,rental,unmeasured_local_ceiling,fp16,64,5,988,v2-ruled-vocabulary-2026-08-07,
Q8NH51,surface,37,161,197,vocabulary,sliced_ecd,local,local,,int8,64,1,989,v2-ruled-vocabulary-2026-08-07,
Q8NH41,surface,37,159,195,vocabulary,sliced_ecd,local,local,,int8,64,1,990,v2-ruled-vocabulary-2026-08-07,
Q96N19,surface,33,242,274,vocabulary,sliced_ecd,local,local,,int8,64,1,991,v2-ruled-vocabulary-2026-08-07,
Q8NF37,non_surface,456,79,534,vocabulary,sliced_ecd,untested_band,rental,unmeasured_local_ceiling,fp16,64,5,992,v2-ruled-vocabulary-2026-08-07,
Q99788,surface,48,177,224,vocabulary,sliced_ecd,local,local,,int8,64,1,993,v2-ruled-vocabulary-2026-08-07,
Q9H5I5,surface,248,2422,2669,vocabulary,sliced_ecd,local,local,,int8,64,3,994,v2-ruled-vocabulary-2026-08-07,
Q9H2J7,surface,96,357,452,vocabulary,sliced_ecd,local,local,,int8,64,2,995,v2-ruled-vocabulary-2026-08-07,
Q07837,surface,577,109,685,vocabulary,sliced_ecd,untested_band,rental,unmeasured_local_ceiling,fp16,64,5,996,v2-ruled-vocabulary-2026-08-07,
O60831,non_surface,3,120,122,vocabulary,sliced_ecd,local,local,,int8,64,1,997,v2-ruled-vocabulary-2026-08-07,
P07333,surface,498,20,517,vocabulary,sliced_ecd,untested_band,rental,unmeasured_local_ceiling,fp16,64,5,998,v2-ruled-vocabulary-2026-08-07,
Q6UX82,surface,195,20,214,gpi_rule_A,sliced_ecd,local,local,,int8,64,3,999,v2-ruled-vocabulary-2026-08-07,
P41143,surface,47,1,47,vocabulary,sliced_ecd,local,local,,int8,64,1,1000,v2-ruled-vocabulary-2026-08-07,
P18827,surface,232,23,254,vocabulary,sliced_ecd,local,local,,int8,64,3,1001,v2-ruled-vocabulary-2026-08-07,
O60423,non_surface,27,404,430,vocabulary,sliced_ecd,local,local,,int8,64,1,1002,v2-ruled-vocabulary-2026-08-07,
Q96CH1,surface,30,1,30,vocabulary,sliced_ecd,local,local,,int8,64,1,1003,v2-ruled-vocabulary-2026-08-07,
Q8NBV8,non_surface,34,1,34,vocabulary,sliced_ecd,local,local,,int8,64,1,1004,v2-ruled-vocabulary-2026-08-07,
O43424,surface,543,24,566,vocabulary,sliced_ecd,untested_band,rental,unmeasured_local_ceiling,fp16,64,5,1005,v2-ruled-vocabulary-2026-08-07,
Q8NH48,surface,42,153,194,vocabulary,sliced_ecd,local,local,,int8,64,1,1006,v2-ruled-vocabulary-2026-08-07,
P20916,surface,497,20,516,vocabulary,sliced_ecd,untested_band,rental,unmeasured_local_ceiling,fp16,64,5,1007,v2-ruled-vocabulary-2026-08-07,
Q9Y624,surface,211,28,238,vocabulary,sliced_ecd,local,local,,int8,64,3,1008,v2-ruled-vocabulary-2026-08-07,
Q9Y672,non_surface,90,25,114,vocabulary,sliced_ecd,local,local,,int8,64,2,1009,v2-ruled-vocabulary-2026-08-07,
Q9Y5E1,surface,664,27,690,vocabulary,sliced_ecd,above_local,rental,over_local_ceiling,fp16,64,5,1010,v2-ruled-vocabulary-2026-08-07,
Q8NHK3,surface,217,22,238,vocabulary,sliced_ecd,local,local,,int8,64,3,1011,v2-ruled-vocabulary-2026-08-07,
Q96CC6,non_surface,223,433,655,vocabulary,sliced_ecd,local,local,,int8,64,3,1012,v2-ruled-vocabulary-2026-08-07,
O43291,surface,170,28,197,vocabulary,sliced_ecd,local,local,,int8,64,3,1013,v2-ruled-vocabulary-2026-08-07,
O43688,surface,54,109,162,vocabulary,sliced_ecd,local,local,,int8,64,2,1014,v2-ruled-vocabulary-2026-08-07,
Q16706,non_surface,1118,27,1144,vocabulary,sliced_ecd,above_local,rental,over_local_ceiling,fp16,64,5,1015,v2-ruled-vocabulary-2026-08-07,
Q96F25,non_surface,3,1,3,vocabulary,sliced_ecd,local,local,,int8,64,1,1016,v2-ruled-vocabulary-2026-08-07,
Q9Y4D2,surface,17,44,60,vocabulary,sliced_ecd,local,local,,int8,64,1,1017,v2-ruled-vocabulary-2026-08-07,
Q03167,surface,767,21,787,vocabulary,sliced_ecd,above_local,rental,over_local_ceiling,fp16,64,5,1018,v2-ruled-vocabulary-2026-08-07,
Q86UE4,non_surface,48,1,48,vocabulary,sliced_ecd,local,local,,int8,64,1,1019,v2-ruled-vocabulary-2026-08-07,
Q9BY10,surface,34,45,78,vocabulary,sliced_ecd,local,local,,int8,64,1,1020,v2-ruled-vocabulary-2026-08-07,
Q9UIW2,surface,1218,27,1244,vocabulary,sliced_ecd,above_local,rental,over_local_ceiling,fp16,64,5,1021,v2-ruled-vocabulary-2026-08-07,
Q9Y231,non_surface,327,33,359,vocabulary,sliced_ecd,local,local,,int8,64,4,1022,v2-ruled-vocabulary-2026-08-07,
Q9H0R3,non_surface,55,1,55,vocabulary,sliced_ecd,local,local,,int8,64,2,1023,v2-ruled-vocabulary-2026-08-07,
Q8WXA8,surface,221,28,248,vocabulary,sliced_ecd,local,local,,int8,64,3,1024,v2-ruled-vocabulary-2026-08-07,
P13987,surface,76,26,101,gpi_rule_A,sliced_ecd,local,local,,int8,64,2,1025,v2-ruled-vocabulary-2026-08-07,
Q9UN73,surface,668,30,697,vocabulary,sliced_ecd,above_local,rental,over_local_ceiling,fp16,64,5,1026,v2-ruled-vocabulary-2026-08-07,
Q70JA7,non_surface,854,29,882,vocabulary,sliced_ecd,above_local,rental,over_local_ceiling,fp16,64,5,1027,v2-ruled-vocabulary-2026-08-07,
Q96QU1,surface,1350,27,1376,vocabulary,sliced_ecd,above_local,rental,over_local_ceiling,fp16,64,5,1028,v2-ruled-vocabulary-2026-08-07,
Q96LD1,surface,241,59,299,vocabulary,sliced_ecd,local,local,,int8,64,3,1029,v2-ruled-vocabulary-2026-08-07,
P40197,surface,507,17,523,vocabulary,sliced_ecd,untested_band,rental,unmeasured_local_ceiling,fp16,64,5,1030,v2-ruled-vocabulary-2026-08-07,
Q495T6,surface,731,49,779,vocabulary,sliced_ecd,above_local,rental,over_local_ceiling,fp16,64,5,1031,v2-ruled-vocabulary-2026-08-07,
Q8WUX1,surface,44,214,257,vocabulary,sliced_ecd,local,local,,int8,64,1,1032,v2-ruled-vocabulary-2026-08-07,
Q9P2E5,non_surface,743,30,772,vocabulary,sliced_ecd,above_local,rental,over_local_ceiling,fp16,64,5,1033,v2-ruled-vocabulary-2026-08-07,
Q96NI6,surface,512,18,529,vocabulary,sliced_ecd,untested_band,rental,unmeasured_local_ceiling,fp16,64,5,1034,v2-ruled-vocabulary-2026-08-07,
Q13651,surface,214,22,235,vocabulary,sliced_ecd,local,local,,int8,64,3,1035,v2-ruled-vocabulary-2026-08-07,
Q15262,surface,726,27,752,vocabulary,sliced_ecd,above_local,rental,over_local_ceiling,fp16,64,5,1036,v2-ruled-vocabulary-2026-08-07,
Q6NT55,non_surface,22,1,22,vocabulary,sliced_ecd,local,local,,int8,64,1,1037,v2-ruled-vocabulary-2026-08-07,
Q12866,surface,485,21,505,vocabulary,sliced_ecd,untested_band,rental,unmeasured_local_ceiling,fp16,64,5,1038,v2-ruled-vocabulary-2026-08-07,
Q8NH05,surface,37,160,196,vocabulary,sliced_ecd,local,local,,int8,64,1,1039,v2-ruled-vocabulary-2026-08-07,
P47884,surface,38,159,196,vocabulary,sliced_ecd,local,local,,int8,64,1,1040,v2-ruled-vocabulary-2026-08-07,
Q08ET2,surface,342,17,358,vocabulary,sliced_ecd,local,local,,int8,64,4,1041,v2-ruled-vocabulary-2026-08-07,
P07307,surface,232,80,311,vocabulary,sliced_ecd,local,local,,int8,64,3,1042,v2-ruled-vocabulary-2026-08-07,
O43895,surface,627,22,648,gpi_rule_A,sliced_ecd,untested_band,rental,unmeasured_local_ceiling,fp16,64,5,1043,v2-ruled-vocabulary-2026-08-07,
P42701,surface,522,24,545,vocabulary,sliced_ecd,untested_band,rental,unmeasured_local_ceiling,fp16,64,5,1044,v2-ruled-vocabulary-2026-08-07,
Q96AJ9,non_surface,4,214,217,vocabulary,sliced_ecd,local,local,,int8,64,1,1045,v2-ruled-vocabulary-2026-08-07,
Q86XT9,surface,166,39,204,vocabulary,sliced_ecd,local,local,,int8,64,3,1046,v2-ruled-vocabulary-2026-08-07,
Q9NWW9,non_surface,8,155,162,vocabulary,sliced_ecd,local,local,,int8,64,1,1047,v2-ruled-vocabulary-2026-08-07,
Q15223,surface,325,31,355,vocabulary,sliced_ecd,local,local,,int8,64,4,1048,v2-ruled-vocabulary-2026-08-07,
O43193,surface,68,179,246,vocabulary,sliced_ecd,local,local,,int8,64,2,1049,v2-ruled-vocabulary-2026-08-07,
Q15375,surface,528,28,555,vocabulary,sliced_ecd,untested_band,rental,unmeasured_local_ceiling,fp16,64,5,1050,v2-ruled-vocabulary-2026-08-07,
P52799,surface,202,28,229,vocabulary,sliced_ecd,local,local,,int8,64,3,1051,v2-ruled-vocabulary-2026-08-07,
Q9UBY5,surface,31,1,31,vocabulary,sliced_ecd,local,local,,int8,64,1,1052,v2-ruled-vocabulary-2026-08-07,
Q9HBL7,non_surface,52,1,52,vocabulary,sliced_ecd,local,local,,int8,64,2,1053,v2-ruled-vocabulary-2026-08-07,
Q8IXA5,non_surface,131,85,215,vocabulary,sliced_ecd,local,local,,int8,64,2,1054,v2-ruled-vocabulary-2026-08-07,
Q9H207,surface,37,162,198,vocabulary,sliced_ecd,local,local,,int8,64,1,1055,v2-ruled-vocabulary-2026-08-07,
Q9UKP6,surface,54,1,54,vocabulary,sliced_ecd,local,local,,int8,64,2,1056,v2-ruled-vocabulary-2026-08-07,
Q9Y5N1,surface,39,1,39,vocabulary,sliced_ecd,local,local,,int8,64,1,1057,v2-ruled-vocabulary-2026-08-07,
Q6ZPB5,non_surface,40,27,66,vocabulary,sliced_ecd,local,local,,int8,64,1,1058,v2-ruled-vocabulary-2026-08-07,
Q9BTN0,surface,523,17,539,vocabulary,sliced_ecd,untested_band,rental,unmeasured_local_ceiling,fp16,64,5,1059,v2-ruled-vocabulary-2026-08-07,
Q9UH99,non_surface,484,234,717,vocabulary,sliced_ecd,untested_band,rental,unmeasured_local_ceiling,fp16,64,5,1060,v2-ruled-vocabulary-2026-08-07,
P61803,non_surface,1,52,52,vocabulary,sliced_ecd,local,local,,int8,64,1,1061,v2-ruled-vocabulary-2026-08-07,
P32004,surface,1101,20,1120,vocabulary,sliced_ecd,above_local,rental,over_local_ceiling,fp16,64,5,1062,v2-ruled-vocabulary-2026-08-07,
Q15620,surface,37,161,197,vocabulary,sliced_ecd,local,local,,int8,64,1,1063,v2-ruled-vocabulary-2026-08-07,
Q6ISU1,surface,123,24,146,vocabulary,sliced_ecd,local,local,,int8,64,2,1064,v2-ruled-vocabulary-2026-08-07,
O14798,surface,210,26,235,gpi_rule_A,sliced_ecd,local,local,,int8,64,3,1065,v2-ruled-vocabulary-2026-08-07,
Q9NYW5,surface,20,153,172,vocabulary,sliced_ecd,local,local,,int8,64,1,1066,v2-ruled-vocabulary-2026-08-07,
Q86W47,surface,127,41,167,vocabulary,sliced_ecd,local,local,,int8,64,2,1067,v2-ruled-vocabulary-2026-08-07,
Q8NGZ0,surface,37,159,195,vocabulary,sliced_ecd,local,local,,int8,64,1,1068,v2-ruled-vocabulary-2026-08-07,
Q8NGL7,surface,37,157,193,vocabulary,sliced_ecd,local,local,,int8,64,1,1069,v2-ruled-vocabulary-2026-08-07,
P21754,surface,365,23,387,vocabulary,sliced_ecd,local,local,,int8,64,4,1070,v2-ruled-vocabulary-2026-08-07,
O60476,non_surface,584,58,641,vocabulary,sliced_ecd,untested_band,rental,unmeasured_local_ceiling,fp16,64,5,1071,v2-ruled-vocabulary-2026-08-07,
Q96R48,surface,38,159,196,vocabulary,sliced_ecd,local,local,,int8,64,1,1072,v2-ruled-vocabulary-2026-08-07,
P41597,surface,42,1,42,vocabulary,sliced_ecd,local,local,,int8,64,1,1073,v2-ruled-vocabulary-2026-08-07,
Q86TY3,surface,687,28,714,vocabulary,sliced_ecd,above_local,rental,over_local_ceiling,fp16,64,5,1074,v2-ruled-vocabulary-2026-08-07,
Q8TAD4,non_surface,20,174,193,vocabulary,sliced_ecd,local,local,,int8,64,1,1075,v2-ruled-vocabulary-2026-08-07,
Q8NGU1,surface,35,162,196,vocabulary,sliced_ecd,local,local,,int8,64,1,1076,v2-ruled-vocabulary-2026-08-07,
Q9GZU1,surface,212,87,298,vocabulary,sliced_ecd,local,local,,int8,64,3,1077,v2-ruled-vocabulary-2026-08-07,
Q6ZN44,surface,281,26,306,vocabulary,sliced_ecd,local,local,,int8,64,3,1078,v2-ruled-vocabulary-2026-08-07,
P48051,non_surface,24,115,138,vocabulary,sliced_ecd,local,local,,int8,64,1,1079,v2-ruled-vocabulary-2026-08-07,
Q9BY07,surface,114,629,742,vocabulary,sliced_ecd,local,local,,int8,64,2,1080,v2-ruled-vocabulary-2026-08-07,
Q6IEZ7,surface,37,163,199,vocabulary,sliced_ecd,local,local,,int8,64,1,1081,v2-ruled-vocabulary-2026-08-07,
P15907,non_surface,380,27,406,vocabulary,sliced_ecd,local,local,,int8,64,4,1082,v2-ruled-vocabulary-2026-08-07,
Q8WZ55,non_surface,6,27,32,vocabulary,sliced_ecd,local,local,,int8,64,1,1083,v2-ruled-vocabulary-2026-08-07,
O94779,surface,1053,19,1071,gpi_rule_A,sliced_ecd,above_local,rental,over_local_ceiling,fp16,64,5,1084,v2-ruled-vocabulary-2026-08-07,
Q969M2,non_surface,39,38,76,vocabulary,sliced_ecd,local,local,,int8,64,1,1085,v2-ruled-vocabulary-2026-08-07,
P30559,surface,35,1,35,vocabulary,sliced_ecd,local,local,,int8,64,1,1086,v2-ruled-vocabulary-2026-08-07,
Q8WWF5,surface,223,28,250,vocabulary,sliced_ecd,local,local,,int8,64,3,1087,v2-ruled-vocabulary-2026-08-07,
Q8NHC5,surface,42,153,194,vocabulary,sliced_ecd,local,local,,int8,64,1,1088,v2-ruled-vocabulary-2026-08-07,
P60201,surface,56,178,233,vocabulary,sliced_ecd,local,local,,int8,64,2,1089,v2-ruled-vocabulary-2026-08-07,
Q9UBM8,non_surface,434,45,478,vocabulary,sliced_ecd,local,local,,int8,64,4,1090,v2-ruled-vocabulary-2026-08-07,
Q13634,surface,555,54,608,vocabulary,sliced_ecd,untested_band,rental,unmeasured_local_ceiling,fp16,64,5,1091,v2-ruled-vocabulary-2026-08-07,
Q8TDX6,non_surface,497,36,532,vocabulary,sliced_ecd,untested_band,rental,unmeasured_local_ceiling,fp16,64,5,1092,v2-ruled-vocabulary-2026-08-07,
Q8NGG6,surface,37,160,196,vocabulary,sliced_ecd,local,local,,int8,64,1,1093,v2-ruled-vocabulary-2026-08-07,
Q8NB49,non_surface,35,312,346,vocabulary,sliced_ecd,local,local,,int8,64,1,1094,v2-ruled-vocabulary-2026-08-07,
P13945,surface,39,1,39,vocabulary,sliced_ecd,local,local,,int8,64,1,1095,v2-ruled-vocabulary-2026-08-07,
P32247,surface,41,1,41,vocabulary,sliced_ecd,local,local,,int8,64,1,1096,v2-ruled-vocabulary-2026-08-07,
Q9Y5H6,surface,668,30,697,vocabulary,sliced_ecd,above_local,rental,over_local_ceiling,fp16,64,5,1097,v2-ruled-vocabulary-2026-08-07,
Q9H1C0,surface,30,158,187,vocabulary,sliced_ecd,local,local,,int8,64,1,1098,v2-ruled-vocabulary-2026-08-07,
Q8NHE4,non_surface,25,57,81,vocabulary,sliced_ecd,local,local,,int8,64,1,1099,v2-ruled-vocabulary-2026-08-07,
O14525,surface,900,403,1302,vocabulary,sliced_ecd,above_local,rental,over_local_ceiling,fp16,64,5,1100,v2-ruled-vocabulary-2026-08-07,
Q9P0S3,non_surface,2,122,123,vocabulary,sliced_ecd,local,local,,int8,64,1,1101,v2-ruled-vocabulary-2026-08-07,
P41145,surface,57,1,57,vocabulary,sliced_ecd,local,local,,int8,64,2,1102,v2-ruled-vocabulary-2026-08-07,
Q8IU68,non_surface,65,136,200,vocabulary,sliced_ecd,local,local,,int8,64,2,1103,v2-ruled-vocabulary-2026-08-07,
Q8N349,surface,37,158,194,vocabulary,sliced_ecd,local,local,,int8,64,1,1104,v2-ruled-vocabulary-2026-08-07,
Q8NBL3,surface,154,26,179,vocabulary,sliced_ecd,local,local,,int8,64,3,1105,v2-ruled-vocabulary-2026-08-07,
P11836,surface,47,142,188,vocabulary,sliced_ecd,local,local,,int8,64,1,1106,v2-ruled-vocabulary-2026-08-07,
O00445,non_surface,24,1,24,vocabulary,sliced_ecd,local,local,,int8,64,1,1107,v2-ruled-vocabulary-2026-08-07,
Q9H3W5,surface,606,23,628,vocabulary,sliced_ecd,untested_band,rental,unmeasured_local_ceiling,fp16,64,5,1108,v2-ruled-vocabulary-2026-08-07,
P13612,surface,943,35,977,vocabulary,sliced_ecd,above_local,rental,over_local_ceiling,fp16,64,5,1109,v2-ruled-vocabulary-2026-08-07,
Q9UKJ0,surface,172,20,191,vocabulary,sliced_ecd,local,local,,int8,64,3,1110,v2-ruled-vocabulary-2026-08-07,
B2RN74,surface,44,1,44,vocabulary,sliced_ecd,local,local,,int8,64,1,1111,v2-ruled-vocabulary-2026-08-07,
Q8NGC3,surface,37,166,202,vocabulary,sliced_ecd,local,local,,int8,64,1,1112,v2-ruled-vocabulary-2026-08-07,
Q9NS84,non_surface,452,35,486,vocabulary,sliced_ecd,untested_band,rental,unmeasured_local_ceiling,fp16,64,5,1113,v2-ruled-vocabulary-2026-08-07,
O43613,surface,46,1,46,vocabulary,sliced_ecd,local,local,,int8,64,1,1114,v2-ruled-vocabulary-2026-08-07,
Q99437,non_surface,18,73,90,vocabulary,sliced_ecd,local,local,,int8,64,1,1115,v2-ruled-vocabulary-2026-08-07,
Q86Y22,non_surface,484,57,540,vocabulary,sliced_ecd,untested_band,rental,unmeasured_local_ceiling,fp16,64,5,1116,v2-ruled-vocabulary-2026-08-07,
Q8NH49,surface,37,157,193,vocabulary,sliced_ecd,local,local,,int8,64,1,1117,v2-ruled-vocabulary-2026-08-07,
Q3V5L5,non_surface,747,46,792,vocabulary,sliced_ecd,above_local,rental,over_local_ceiling,fp16,64,5,1118,v2-ruled-vocabulary-2026-08-07,
P21728,surface,29,164,192,vocabulary,sliced_ecd,local,local,,int8,64,1,1119,v2-ruled-vocabulary-2026-08-07,
A0PJX4,non_surface,77,22,98,vocabulary,sliced_ecd,local,local,,int8,64,2,1120,v2-ruled-vocabulary-2026-08-07,
P0C7U0,surface,391,28,418,vocabulary,sliced_ecd,local,local,,int8,64,4,1121,v2-ruled-vocabulary-2026-08-07,
Q6UWV2,surface,127,32,158,vocabulary,sliced_ecd,local,local,,int8,64,2,1122,v2-ruled-vocabulary-2026-08-07,
Q99075,surface,141,20,160,vocabulary,sliced_ecd,local,local,,int8,64,2,1123,v2-ruled-vocabulary-2026-08-07,
Q05901,surface,216,22,237,vocabulary,sliced_ecd,local,local,,int8,64,3,1124,v2-ruled-vocabulary-2026-08-07,
B8ZZ34,surface,100,39,138,vocabulary,sliced_ecd,local,local,,int8,64,2,1125,v2-ruled-vocabulary-2026-08-07,
Q8NBW4,surface,58,226,283,vocabulary,sliced_ecd,local,local,,int8,64,2,1126,v2-ruled-vocabulary-2026-08-07,
P16871,surface,219,21,239,vocabulary,sliced_ecd,local,local,,int8,64,3,1127,v2-ruled-vocabulary-2026-08-07,
P43115,surface,53,1,53,vocabulary,sliced_ecd,local,local,,int8,64,2,1128,v2-ruled-vocabulary-2026-08-07,
Q9P2E7,surface,697,19,715,vocabulary,sliced_ecd,above_local,rental,over_local_ceiling,fp16,64,5,1129,v2-ruled-vocabulary-2026-08-07,
Q7L5N7,non_surface,466,79,544,vocabulary,sliced_ecd,untested_band,rental,unmeasured_local_ceiling,fp16,64,5,1130,v2-ruled-vocabulary-2026-08-07,
Q6UWI4,non_surface,77,34,110,vocabulary,sliced_ecd,local,local,,int8,64,2,1131,v2-ruled-vocabulary-2026-08-07,
P56817,surface,436,22,457,vocabulary,sliced_ecd,local,local,,int8,64,4,1132,v2-ruled-vocabulary-2026-08-07,
Q96JQ0,surface,2898,43,2940,vocabulary,sliced_ecd,above_local,rental,over_local_ceiling,fp16,64,5,1133,v2-ruled-vocabulary-2026-08-07,
Q4U2R8,surface,105,31,135,vocabulary,sliced_ecd,local,local,,int8,64,2,1134,v2-ruled-vocabulary-2026-08-07,
O95976,surface,126,28,153,vocabulary,sliced_ecd,local,local,,int8,64,2,1135,v2-ruled-vocabulary-2026-08-07,
Q9P296,surface,38,1,38,vocabulary,sliced_ecd,local,local,,int8,64,1,1136,v2-ruled-vocabulary-2026-08-07,
Q8WWB7,surface,337,36,372,vocabulary,sliced_ecd,local,local,,int8,64,4,1137,v2-ruled-vocabulary-2026-08-07,
P08581,surface,908,25,932,vocabulary,sliced_ecd,above_local,rental,over_local_ceiling,fp16,64,5,1138,v2-ruled-vocabulary-2026-08-07,
Q7L5L3,non_surface,175,24,198,vocabulary,sliced_ecd,local,local,,int8,64,3,1139,v2-ruled-vocabulary-2026-08-07,
P51993,non_surface,325,35,359,vocabulary,sliced_ecd,local,local,,int8,64,4,1140,v2-ruled-vocabulary-2026-08-07,
Q13003,surface,532,32,563,vocabulary,sliced_ecd,untested_band,rental,unmeasured_local_ceiling,fp16,64,5,1141,v2-ruled-vocabulary-2026-08-07,
Q8NDV1,non_surface,277,29,305,vocabulary,sliced_ecd,local,local,,int8,64,3,1142,v2-ruled-vocabulary-2026-08-07,
Q6UX72,non_surface,375,28,402,vocabulary,sliced_ecd,local,local,,int8,64,4,1143,v2-ruled-vocabulary-2026-08-07,
Q9ULB4,surface,562,54,615,vocabulary,sliced_ecd,untested_band,rental,unmeasured_local_ceiling,fp16,64,5,1144,v2-ruled-vocabulary-2026-08-07,
O60469,surface,1578,18,1595,vocabulary,sliced_ecd,above_local,rental,over_local_ceiling,fp16,64,5,1145,v2-ruled-vocabulary-2026-08-07,
O95838,surface,173,1,173,vocabulary,sliced_ecd,local,local,,int8,64,3,1146,v2-ruled-vocabulary-2026-08-07,
P40259,surface,131,29,159,vocabulary,sliced_ecd,local,local,,int8,64,2,1147,v2-ruled-vocabulary-2026-08-07,
Q685J3,surface,4368,26,4393,vocabulary,sliced_ecd,above_local,rental,over_local_ceiling,fp16,64,5,1148,v2-ruled-vocabulary-2026-08-07,
Q8WXI7,surface,14451,1,14451,vocabulary,sliced_ecd,above_local,rental,over_local_ceiling,fp16,64,5,1149,v2-ruled-vocabulary-2026-08-07,
Q9UPX6,non_surface,4,913,916,vocabulary,sliced_ecd,local,local,,int8,64,1,1150,v2-ruled-vocabulary-2026-08-07,
P05026,surface,241,63,303,vocabulary,sliced_ecd,local,local,,int8,64,3,1151,v2-ruled-vocabulary-2026-08-07,
Q9BVC6,non_surface,50,34,83,vocabulary,sliced_ecd,local,local,,int8,64,1,1152,v2-ruled-vocabulary-2026-08-07,
B4DJY2,non_surface,4,106,109,vocabulary,sliced_ecd,local,local,,int8,64,1,1153,v2-ruled-vocabulary-2026-08-07,
O43916,non_surface,388,24,411,vocabulary,sliced_ecd,local,local,,int8,64,4,1154,v2-ruled-vocabulary-2026-08-07,
Q8NGD4,surface,37,159,195,vocabulary,sliced_ecd,local,local,,int8,64,1,1155,v2-ruled-vocabulary-2026-08-07,
Q16720,surface,37,119,155,vocabulary,sliced_ecd,local,local,,int8,64,1,1156,v2-ruled-vocabulary-2026-08-07,
Q9H6X4,non_surface,11,144,154,vocabulary,sliced_ecd,local,local,,int8,64,1,1157,v2-ruled-vocabulary-2026-08-07,
P13726,surface,219,33,251,vocabulary,sliced_ecd,local,local,,int8,64,3,1158,v2-ruled-vocabulary-2026-08-07,
Q6IFN5,surface,43,1,43,vocabulary,sliced_ecd,local,local,,int8,64,1,1159,v2-ruled-vocabulary-2026-08-07,
P78324,surface,343,31,373,vocabulary,sliced_ecd,local,local,,int8,64,4,1160,v2-ruled-vocabulary-2026-08-07,
Q15391,surface,29,1,29,vocabulary,sliced_ecd,local,local,,int8,64,1,1161,v2-ruled-vocabulary-2026-08-07,
Q96S06,non_surface,179,389,567,vocabulary,sliced_ecd,local,local,,int8,64,3,1162,v2-ruled-vocabulary-2026-08-07,
A0FGR8,non_surface,3,125,127,vocabulary,sliced_ecd,local,local,,int8,64,1,1163,v2-ruled-vocabulary-2026-08-07,
A8MVS5,surface,98,20,117,vocabulary,sliced_ecd,local,local,,int8,64,2,1164,v2-ruled-vocabulary-2026-08-07,
P29371,surface,84,1,84,vocabulary,sliced_ecd,local,local,,int8,64,2,1165,v2-ruled-vocabulary-2026-08-07,
P62079,surface,119,114,232,vocabulary,sliced_ecd,local,local,,int8,64,2,1166,v2-ruled-vocabulary-2026-08-07,
P19021,surface,833,31,863,vocabulary,sliced_ecd,above_local,rental,over_local_ceiling,fp16,64,5,1167,v2-ruled-vocabulary-2026-08-07,
Q96GC9,non_surface,120,131,250,vocabulary,sliced_ecd,local,local,,int8,64,2,1168,v2-ruled-vocabulary-2026-08-07,
Q13467,surface,212,27,238,vocabulary,sliced_ecd,local,local,,int8,64,3,1169,v2-ruled-vocabulary-2026-08-07,
Q8NH04,surface,37,161,197,vocabulary,sliced_ecd,local,local,,int8,64,1,1170,v2-ruled-vocabulary-2026-08-07,
P32418,surface,39,36,74,vocabulary,sliced_ecd,local,local,,int8,64,1,1171,v2-ruled-vocabulary-2026-08-07,
Q8NG75,surface,37,1,37,vocabulary,sliced_ecd,local,local,,int8,64,1,1172,v2-ruled-vocabulary-2026-08-07,
Q6ZQN7,surface,109,472,580,vocabulary,sliced_ecd,local,local,,int8,64,2,1173,v2-ruled-vocabulary-2026-08-07,
Q8NGQ2,surface,37,165,201,vocabulary,sliced_ecd,local,local,,int8,64,1,1174,v2-ruled-vocabulary-2026-08-07,
O60449,surface,1639,28,1666,vocabulary,sliced_ecd,above_local,rental,over_local_ceiling,fp16,64,5,1175,v2-ruled-vocabulary-2026-08-07,
Q8NGW6,surface,53,1,53,vocabulary,sliced_ecd,local,local,,int8,64,2,1176,v2-ruled-vocabulary-2026-08-07,
P19526,non_surface,340,26,365,vocabulary,sliced_ecd,local,local,,int8,64,4,1177,v2-ruled-vocabulary-2026-08-07,
Q9H1C3,non_surface,325,25,349,vocabulary,sliced_ecd,local,local,,int8,64,4,1178,v2-ruled-vocabulary-2026-08-07,
Q8NGH5,surface,36,168,203,vocabulary,sliced_ecd,local,local,,int8,64,1,1179,v2-ruled-vocabulary-2026-08-07,
Q9Y4C5,non_surface,455,76,530,vocabulary,sliced_ecd,untested_band,rental,unmeasured_local_ceiling,fp16,64,5,1180,v2-ruled-vocabulary-2026-08-07,
Q6RW13,non_surface,23,1,23,vocabulary,sliced_ecd,local,local,,int8,64,1,1181,v2-ruled-vocabulary-2026-08-07,
P00533,surface,621,25,645,vocabulary,sliced_ecd,untested_band,rental,unmeasured_local_ceiling,fp16,64,5,1182,v2-ruled-vocabulary-2026-08-07,
Q06136,non_surface,2,292,293,vocabulary,sliced_ecd,local,local,,int8,64,1,1183,v2-ruled-vocabulary-2026-08-07,
P54756,surface,549,25,573,vocabulary,sliced_ecd,untested_band,rental,unmeasured_local_ceiling,fp16,64,5,1184,v2-ruled-vocabulary-2026-08-07,
O43653,surface,71,12,82,gpi_rule_A,sliced_ecd,local,local,,int8,64,2,1185,v2-ruled-vocabulary-2026-08-07,
P12319,surface,180,26,205,vocabulary,sliced_ecd,local,local,,int8,64,3,1186,v2-ruled-vocabulary-2026-08-07,
P34998,surface,90,24,113,vocabulary,sliced_ecd,local,local,,int8,64,2,1187,v2-ruled-vocabulary-2026-08-07,
P11279,surface,354,29,382,vocabulary,sliced_ecd,local,local,,int8,64,4,1188,v2-ruled-vocabulary-2026-08-07,
O15155,non_surface,3,116,118,vocabulary,sliced_ecd,local,local,,int8,64,1,1189,v2-ruled-vocabulary-2026-08-07,
Q9Y5F7,surface,663,30,692,vocabulary,sliced_ecd,above_local,rental,over_local_ceiling,fp16,64,5,1190,v2-ruled-vocabulary-2026-08-07,
P28472,surface,221,26,246,vocabulary,sliced_ecd,local,local,,int8,64,3,1191,v2-ruled-vocabulary-2026-08-07,
Q5T292,non_surface,19,20,38,vocabulary,sliced_ecd,local,local,,int8,64,1,1192,v2-ruled-vocabulary-2026-08-07,
O75841,surface,122,108,229,vocabulary,sliced_ecd,local,local,,int8,64,2,1193,v2-ruled-vocabulary-2026-08-07,
Q5QGT7,non_surface,6,220,225,vocabulary,sliced_ecd,local,local,,int8,64,1,1194,v2-ruled-vocabulary-2026-08-07,
Q9BRK3,surface,322,20,341,vocabulary,sliced_ecd,local,local,,int8,64,4,1195,v2-ruled-vocabulary-2026-08-07,
P31785,surface,240,23,262,vocabulary,sliced_ecd,local,local,,int8,64,3,1196,v2-ruled-vocabulary-2026-08-07,
Q99650,surface,713,28,740,vocabulary,sliced_ecd,above_local,rental,over_local_ceiling,fp16,64,5,1197,v2-ruled-vocabulary-2026-08-07,
P43220,surface,116,24,139,vocabulary,sliced_ecd,local,local,,int8,64,2,1198,v2-ruled-vocabulary-2026-08-07,
Q9P2S2,surface,1608,29,1636,vocabulary,sliced_ecd,above_local,rental,over_local_ceiling,fp16,64,5,1199,v2-ruled-vocabulary-2026-08-07,
Q14773,surface,210,31,240,vocabulary,sliced_ecd,local,local,,int8,64,3,1200,v2-ruled-vocabulary-2026-08-07,
Q8NH06,surface,51,159,209,vocabulary,sliced_ecd,local,local,,int8,64,2,1201,v2-ruled-vocabulary-2026-08-07,
Q6ZMB0,non_surface,353,32,384,vocabulary,sliced_ecd,local,local,,int8,64,4,1202,v2-ruled-vocabulary-2026-08-07,
O14523,non_surface,9,1,9,vocabulary,sliced_ecd,local,local,,int8,64,1,1203,v2-ruled-vocabulary-2026-08-07,
Q6IA17,surface,118,1,118,vocabulary,sliced_ecd,local,local,,int8,64,2,1204,v2-ruled-vocabulary-2026-08-07,
P09848,surface,1863,20,1882,vocabulary,sliced_ecd,above_local,rental,over_local_ceiling,fp16,64,5,1205,v2-ruled-vocabulary-2026-08-07,
O15031,surface,1178,20,1197,vocabulary,sliced_ecd,above_local,rental,over_local_ceiling,fp16,64,5,1206,v2-ruled-vocabulary-2026-08-07,
P13164,non_surface,18,108,125,vocabulary,sliced_ecd,local,local,,int8,64,1,1207,v2-ruled-vocabulary-2026-08-07,
P47898,surface,36,1,36,vocabulary,sliced_ecd,local,local,,int8,64,1,1208,v2-ruled-vocabulary-2026-08-07,
P56373,surface,279,44,322,vocabulary,sliced_ecd,local,local,,int8,64,3,1209,v2-ruled-vocabulary-2026-08-07,
Q8IV01,non_surface,18,1,18,vocabulary,sliced_ecd,local,local,,int8,64,1,1210,v2-ruled-vocabulary-2026-08-07,
Q6NUT2,non_surface,66,129,194,vocabulary,sliced_ecd,local,local,,int8,64,2,1211,v2-ruled-vocabulary-2026-08-07,
Q8N138,non_surface,4,118,121,vocabulary,sliced_ecd,local,local,,int8,64,1,1212,v2-ruled-vocabulary-2026-08-07,
A6NCV1,surface,33,162,194,vocabulary,sliced_ecd,local,local,,int8,64,1,1213,v2-ruled-vocabulary-2026-08-07,
P43489,surface,186,29,214,vocabulary,sliced_ecd,local,local,,int8,64,3,1214,v2-ruled-vocabulary-2026-08-07,
A6NC51,surface,23,29,51,vocabulary,sliced_ecd,local,local,,int8,64,1,1215,v2-ruled-vocabulary-2026-08-07,
Q6ZVE7,non_surface,11,90,100,vocabulary,sliced_ecd,local,local,,int8,64,1,1216,v2-ruled-vocabulary-2026-08-07,
Q96F05,surface,380,21,400,vocabulary,sliced_ecd,local,local,,int8,64,4,1217,v2-ruled-vocabulary-2026-08-07,
Q9H598,surface,51,154,204,vocabulary,sliced_ecd,local,local,,int8,64,2,1218,v2-ruled-vocabulary-2026-08-07,
P55899,surface,274,24,297,vocabulary,sliced_ecd,local,local,,int8,64,3,1219,v2-ruled-vocabulary-2026-08-07,
P01911,surface,198,30,227,vocabulary,sliced_ecd,local,local,,int8,64,3,1220,v2-ruled-vocabulary-2026-08-07,
Q9HAV5,surface,138,1,138,vocabulary,sliced_ecd,local,local,,int8,64,2,1221,v2-ruled-vocabulary-2026-08-07,
Q6U736,surface,33,1,33,vocabulary,sliced_ecd,local,local,,int8,64,1,1222,v2-ruled-vocabulary-2026-08-07,
Q15743,surface,16,161,176,vocabulary,sliced_ecd,local,local,,int8,64,1,1223,v2-ruled-vocabulary-2026-08-07,
P40238,surface,466,26,491,vocabulary,sliced_ecd,untested_band,rental,unmeasured_local_ceiling,fp16,64,5,1224,v2-ruled-vocabulary-2026-08-07,
Q8WUT4,surface,661,19,679,vocabulary,sliced_ecd,above_local,rental,over_local_ceiling,fp16,64,5,1225,v2-ruled-vocabulary-2026-08-07,
Q9UJ37,non_surface,346,29,374,vocabulary,sliced_ecd,local,local,,int8,64,4,1226,v2-ruled-vocabulary-2026-08-07,
Q13641,surface,324,32,355,vocabulary,sliced_ecd,local,local,,int8,64,4,1227,v2-ruled-vocabulary-2026-08-07,
Q86XX4,surface,3875,27,3901,vocabulary,sliced_ecd,above_local,rental,over_local_ceiling,fp16,64,5,1228,v2-ruled-vocabulary-2026-08-07,
Q12907,surface,278,45,322,vocabulary,sliced_ecd,local,local,,int8,64,3,1229,v2-ruled-vocabulary-2026-08-07,
Q07444,surface,147,94,240,vocabulary,sliced_ecd,local,local,,int8,64,2,1230,v2-ruled-vocabulary-2026-08-07,
Q9BQ51,surface,201,20,220,vocabulary,sliced_ecd,local,local,,int8,64,3,1231,v2-ruled-vocabulary-2026-08-07,
P33947,non_surface,10,169,178,vocabulary,sliced_ecd,local,local,,int8,64,1,1232,v2-ruled-vocabulary-2026-08-07,
Q8TDY8,surface,933,25,957,vocabulary,sliced_ecd,above_local,rental,over_local_ceiling,fp16,64,5,1233,v2-ruled-vocabulary-2026-08-07,
P78423,surface,317,25,341,vocabulary,sliced_ecd,local,local,,int8,64,4,1234,v2-ruled-vocabulary-2026-08-07,
Q16563,surface,62,55,116,vocabulary,sliced_ecd,local,local,,int8,64,2,1235,v2-ruled-vocabulary-2026-08-07,
Q9NY25,surface,161,28,188,vocabulary,sliced_ecd,local,local,,int8,64,3,1236,v2-ruled-vocabulary-2026-08-07,
Q8NGQ4,surface,38,165,202,vocabulary,sliced_ecd,local,local,,int8,64,1,1237,v2-ruled-vocabulary-2026-08-07,
Q6NUJ2,surface,38,24,61,vocabulary,sliced_ecd,local,local,,int8,64,1,1238,v2-ruled-vocabulary-2026-08-07,
P05023,surface,47,871,917,vocabulary,sliced_ecd,local,local,,int8,64,1,1239,v2-ruled-vocabulary-2026-08-07,
P20138,surface,242,18,259,vocabulary,sliced_ecd,local,local,,int8,64,3,1240,v2-ruled-vocabulary-2026-08-07,
Q8NGF9,surface,37,151,187,vocabulary,sliced_ecd,local,local,,int8,64,1,1241,v2-ruled-vocabulary-2026-08-07,
Q9BZZ2,surface,1622,20,1641,vocabulary,sliced_ecd,above_local,rental,over_local_ceiling,fp16,64,5,1242,v2-ruled-vocabulary-2026-08-07,
P08842,surface,349,235,583,vocabulary,sliced_ecd,local,local,,int8,64,4,1243,v2-ruled-vocabulary-2026-08-07,
Q9NYM4,surface,54,18,71,vocabulary,sliced_ecd,local,local,,int8,64,2,1244,v2-ruled-vocabulary-2026-08-07,
P82251,surface,28,275,302,vocabulary,sliced_ecd,local,local,,int8,64,1,1245,v2-ruled-vocabulary-2026-08-07,
Q14953,surface,224,22,245,vocabulary,sliced_ecd,local,local,,int8,64,3,1246,v2-ruled-vocabulary-2026-08-07,
O00481,surface,225,30,254,vocabulary,sliced_ecd,local,local,,int8,64,3,1247,v2-ruled-vocabulary-2026-08-07,
Q8TDN2,surface,85,177,261,vocabulary,sliced_ecd,local,local,,int8,64,2,1248,v2-ruled-vocabulary-2026-08-07,
Q9UGT4,surface,758,28,785,vocabulary,sliced_ecd,above_local,rental,over_local_ceiling,fp16,64,5,1249,v2-ruled-vocabulary-2026-08-07,
Q6P179,non_surface,920,41,960,vocabulary,sliced_ecd,above_local,rental,over_local_ceiling,fp16,64,5,1250,v2-ruled-vocabulary-2026-08-07,
P30989,surface,67,1,67,vocabulary,sliced_ecd,local,local,,int8,64,2,1251,v2-ruled-vocabulary-2026-08-07,
Q5UAW9,surface,26,141,166,vocabulary,sliced_ecd,local,local,,int8,64,1,1252,v2-ruled-vocabulary-2026-08-07,
Q96NY8,surface,318,32,349,vocabulary,sliced_ecd,local,local,,int8,64,4,1253,v2-ruled-vocabulary-2026-08-07,
Q9P2W9,non_surface,5,331,335,vocabulary,sliced_ecd,local,local,,int8,64,1,1254,v2-ruled-vocabulary-2026-08-07,
Q6UX27,surface,119,17,135,vocabulary,sliced_ecd,local,local,,int8,64,2,1255,v2-ruled-vocabulary-2026-08-07,
Q8NGJ1,surface,37,159,195,vocabulary,sliced_ecd,local,local,,int8,64,1,1256,v2-ruled-vocabulary-2026-08-07,
Q5T2D2,surface,250,19,268,vocabulary,sliced_ecd,local,local,,int8,64,3,1257,v2-ruled-vocabulary-2026-08-07,
Q9UBN6,surface,156,56,211,vocabulary,sliced_ecd,local,local,,int8,64,3,1258,v2-ruled-vocabulary-2026-08-07,
Q96T53,non_surface,19,102,120,vocabulary,sliced_ecd,local,local,,int8,64,1,1259,v2-ruled-vocabulary-2026-08-07,
P61073,surface,38,1,38,vocabulary,sliced_ecd,local,local,,int8,64,1,1260,v2-ruled-vocabulary-2026-08-07,
P14679,surface,458,19,476,vocabulary,sliced_ecd,untested_band,rental,unmeasured_local_ceiling,fp16,64,5,1261,v2-ruled-vocabulary-2026-08-07,
P35916,surface,751,25,775,vocabulary,sliced_ecd,above_local,rental,over_local_ceiling,fp16,64,5,1262,v2-ruled-vocabulary-2026-08-07,
Q8N8Z6,surface,425,35,459,vocabulary,sliced_ecd,local,local,,int8,64,4,1263,v2-ruled-vocabulary-2026-08-07,
Q53R12,surface,23,207,229,vocabulary,sliced_ecd,local,local,,int8,64,1,1264,v2-ruled-vocabulary-2026-08-07,
Q9BZJ8,surface,44,1,44,vocabulary,sliced_ecd,local,local,,int8,64,1,1265,v2-ruled-vocabulary-2026-08-07,
Q02246,surface,981,31,1011,gpi_rule_A,sliced_ecd,above_local,rental,over_local_ceiling,fp16,64,5,1266,v2-ruled-vocabulary-2026-08-07,
Q12908,surface,39,246,284,vocabulary,sliced_ecd,local,local,,int8,64,1,1267,v2-ruled-vocabulary-2026-08-07,
Q9H251,surface,3041,24,3064,vocabulary,sliced_ecd,above_local,rental,over_local_ceiling,fp16,64,5,1268,v2-ruled-vocabulary-2026-08-07,
Q9UN70,surface,662,32,693,vocabulary,sliced_ecd,above_local,rental,over_local_ceiling,fp16,64,5,1269,v2-ruled-vocabulary-2026-08-07,
O60353,surface,183,19,201,vocabulary,sliced_ecd,local,local,,int8,64,3,1270,v2-ruled-vocabulary-2026-08-07,
Q8NGJ4,surface,36,163,198,vocabulary,sliced_ecd,local,local,,int8,64,1,1271,v2-ruled-vocabulary-2026-08-07,
Q86TG1,surface,52,24,75,vocabulary,sliced_ecd,local,local,,int8,64,2,1272,v2-ruled-vocabulary-2026-08-07,
Q7RTY9,surface,244,55,298,gpi_rule_A,sliced_ecd,local,local,,int8,64,3,1273,v2-ruled-vocabulary-2026-08-07,
Q9Y5H1,surface,664,29,692,vocabulary,sliced_ecd,above_local,rental,over_local_ceiling,fp16,64,5,1274,v2-ruled-vocabulary-2026-08-07,
Q96N87,surface,88,312,399,vocabulary,sliced_ecd,local,local,,int8,64,2,1275,v2-ruled-vocabulary-2026-08-07,
Q14517,surface,4160,22,4181,vocabulary,sliced_ecd,above_local,rental,over_local_ceiling,fp16,64,5,1276,v2-ruled-vocabulary-2026-08-07,
Q8N350,non_surface,45,1,45,vocabulary,sliced_ecd,local,local,,int8,64,1,1277,v2-ruled-vocabulary-2026-08-07,
Q8TC27,surface,508,175,682,vocabulary,sliced_ecd,untested_band,rental,unmeasured_local_ceiling,fp16,64,5,1278,v2-ruled-vocabulary-2026-08-07,
O15403,surface,20,43,62,vocabulary,sliced_ecd,local,local,,int8,64,1,1279,v2-ruled-vocabulary-2026-08-07,
Q9BZ76,surface,1220,26,1245,vocabulary,sliced_ecd,above_local,rental,over_local_ceiling,fp16,64,5,1280,v2-ruled-vocabulary-2026-08-07,
Q9H4F1,non_surface,275,28,302,vocabulary,sliced_ecd,local,local,,int8,64,3,1281,v2-ruled-vocabulary-2026-08-07,
Q12809,non_surface,43,569,611,vocabulary,sliced_ecd,local,local,,int8,64,1,1282,v2-ruled-vocabulary-2026-08-07,
Q9H756,surface,246,25,270,vocabulary,sliced_ecd,local,local,,int8,64,3,1283,v2-ruled-vocabulary-2026-08-07,
P21802,surface,356,22,377,vocabulary,sliced_ecd,local,local,,int8,64,4,1284,v2-ruled-vocabulary-2026-08-07,
O75899,surface,442,42,483,vocabulary,sliced_ecd,untested_band,rental,unmeasured_local_ceiling,fp16,64,5,1285,v2-ruled-vocabulary-2026-08-07,
P06126,surface,284,17,300,vocabulary,sliced_ecd,local,local,,int8,64,3,1286,v2-ruled-vocabulary-2026-08-07,
P60893,surface,30,159,188,vocabulary,sliced_ecd,local,local,,int8,64,1,1287,v2-ruled-vocabulary-2026-08-07,
P24557,non_surface,91,245,335,vocabulary,sliced_ecd,local,local,,int8,64,2,1288,v2-ruled-vocabulary-2026-08-07,
Q8N2M4,non_surface,11,196,206,vocabulary,sliced_ecd,local,local,,int8,64,1,1289,v2-ruled-vocabulary-2026-08-07,
Q9HBL6,surface,261,28,288,vocabulary,sliced_ecd,local,local,,int8,64,3,1290,v2-ruled-vocabulary-2026-08-07,
P51809,non_surface,11,210,220,vocabulary,sliced_ecd,local,local,,int8,64,1,1291,v2-ruled-vocabulary-2026-08-07,
P28566,surface,22,158,179,vocabulary,sliced_ecd,local,local,,int8,64,1,1292,v2-ruled-vocabulary-2026-08-07,
Q96EC8,non_surface,17,168,184,vocabulary,sliced_ecd,local,local,,int8,64,1,1293,v2-ruled-vocabulary-2026-08-07,
P49771,surface,158,27,184,vocabulary,sliced_ecd,local,local,,int8,64,3,1294,v2-ruled-vocabulary-2026-08-07,
P43121,surface,536,24,559,vocabulary,sliced_ecd,untested_band,rental,unmeasured_local_ceiling,fp16,64,5,1295,v2-ruled-vocabulary-2026-08-07,
Q8NG84,surface,40,1,40,vocabulary,sliced_ecd,local,local,,int8,64,1,1296,v2-ruled-vocabulary-2026-08-07,
P78334,surface,258,23,280,vocabulary,sliced_ecd,local,local,,int8,64,3,1297,v2-ruled-vocabulary-2026-08-07,
Q9NRD9,surface,570,22,591,vocabulary,sliced_ecd,untested_band,rental,unmeasured_local_ceiling,fp16,64,5,1298,v2-ruled-vocabulary-2026-08-07,
Q96G91,surface,42,267,308,vocabulary,sliced_ecd,local,local,,int8,64,1,1299,v2-ruled-vocabulary-2026-08-07,
O95477,surface,597,43,639,vocabulary,sliced_ecd,untested_band,rental,unmeasured_local_ceiling,fp16,64,5,1300,v2-ruled-vocabulary-2026-08-07,
Q1EHB4,surface,46,459,504,vocabulary,sliced_ecd,local,local,,int8,64,1,1301,v2-ruled-vocabulary-2026-08-07,
A6NMB1,surface,418,17,434,vocabulary,sliced_ecd,local,local,,int8,64,4,1302,v2-ruled-vocabulary-2026-08-07,
O00559,non_surface,6,1,6,vocabulary,sliced_ecd,local,local,,int8,64,1,1303,v2-ruled-vocabulary-2026-08-07,
Q8NCW0,surface,339,26,364,vocabulary,sliced_ecd,local,local,,int8,64,4,1304,v2-ruled-vocabulary-2026-08-07,
Q16581,surface,172,161,332,vocabulary,sliced_ecd,local,local,,int8,64,3,1305,v2-ruled-vocabulary-2026-08-07,
P19022,surface,565,160,724,vocabulary,sliced_ecd,untested_band,rental,unmeasured_local_ceiling,fp16,64,5,1306,v2-ruled-vocabulary-2026-08-07,
P31997,surface,285,35,319,gpi_rule_A,sliced_ecd,local,local,,int8,64,3,1307,v2-ruled-vocabulary-2026-08-07,
Q9BQB6,non_surface,51,30,80,vocabulary,sliced_ecd,local,local,,int8,64,2,1308,v2-ruled-vocabulary-2026-08-07,
Q8N3T6,surface,895,28,922,vocabulary,sliced_ecd,above_local,rental,over_local_ceiling,fp16,64,5,1309,v2-ruled-vocabulary-2026-08-07,
Q96T83,surface,59,117,175,vocabulary,sliced_ecd,local,local,,int8,64,2,1310,v2-ruled-vocabulary-2026-08-07,
Q9Y287,surface,191,76,266,vocabulary,sliced_ecd,local,local,,int8,64,3,1311,v2-ruled-vocabulary-2026-08-07,
O15438,surface,37,985,1021,vocabulary,sliced_ecd,local,local,,int8,64,1,1312,v2-ruled-vocabulary-2026-08-07,
O43505,non_surface,379,37,415,vocabulary,sliced_ecd,local,local,,int8,64,4,1313,v2-ruled-vocabulary-2026-08-07,
Q9NQ11,surface,33,1016,1048,vocabulary,sliced_ecd,local,local,,int8,64,1,1314,v2-ruled-vocabulary-2026-08-07,
Q7Z4F1,surface,424,17,440,vocabulary,sliced_ecd,local,local,,int8,64,4,1315,v2-ruled-vocabulary-2026-08-07,
Q99466,surface,1424,24,1447,vocabulary,sliced_ecd,above_local,rental,over_local_ceiling,fp16,64,5,1316,v2-ruled-vocabulary-2026-08-07,
Q6PCB8,surface,228,33,260,vocabulary,sliced_ecd,local,local,,int8,64,3,1317,v2-ruled-vocabulary-2026-08-07,
O75578,surface,1100,23,1122,vocabulary,sliced_ecd,above_local,rental,over_local_ceiling,fp16,64,5,1318,v2-ruled-vocabulary-2026-08-07,
Q8NGC7,surface,43,1,43,vocabulary,sliced_ecd,local,local,,int8,64,1,1319,v2-ruled-vocabulary-2026-08-07,
P45844,non_surface,63,587,649,vocabulary,sliced_ecd,local,local,,int8,64,2,1320,v2-ruled-vocabulary-2026-08-07,
O60242,surface,856,25,880,vocabulary,sliced_ecd,above_local,rental,over_local_ceiling,fp16,64,5,1321,v2-ruled-vocabulary-2026-08-07,
Q6UXZ3,surface,147,19,165,vocabulary,sliced_ecd,local,local,,int8,64,2,1322,v2-ruled-vocabulary-2026-08-07,
Q2WGJ9,non_surface,12,1846,1857,vocabulary,sliced_ecd,local,local,,int8,64,1,1323,v2-ruled-vocabulary-2026-08-07,
Q8NH76,surface,36,167,202,vocabulary,sliced_ecd,local,local,,int8,64,1,1324,v2-ruled-vocabulary-2026-08-07,
O15218,surface,57,1,57,vocabulary,sliced_ecd,local,local,,int8,64,2,1325,v2-ruled-vocabulary-2026-08-07,
Q9NRP0,non_surface,30,54,83,vocabulary,sliced_ecd,local,local,,int8,64,1,1326,v2-ruled-vocabulary-2026-08-07,
Q15399,surface,556,25,580,vocabulary,sliced_ecd,untested_band,rental,unmeasured_local_ceiling,fp16,64,5,1327,v2-ruled-vocabulary-2026-08-07,
Q8TCW7,surface,353,20,372,vocabulary,sliced_ecd,local,local,,int8,64,4,1328,v2-ruled-vocabulary-2026-08-07,
Q8NG97,surface,37,159,195,vocabulary,sliced_ecd,local,local,,int8,64,1,1329,v2-ruled-vocabulary-2026-08-07,
Q8TCW9,surface,62,1,62,vocabulary,sliced_ecd,local,local,,int8,64,2,1330,v2-ruled-vocabulary-2026-08-07,
P08912,surface,29,1,29,vocabulary,sliced_ecd,local,local,,int8,64,1,1331,v2-ruled-vocabulary-2026-08-07,
Q8WWX8,surface,46,330,375,vocabulary,sliced_ecd,local,local,,int8,64,1,1332,v2-ruled-vocabulary-2026-08-07,
O75473,surface,540,22,561,vocabulary,sliced_ecd,untested_band,rental,unmeasured_local_ceiling,fp16,64,5,1333,v2-ruled-vocabulary-2026-08-07,
Q9P1P5,surface,48,1,48,vocabulary,sliced_ecd,local,local,,int8,64,1,1334,v2-ruled-vocabulary-2026-08-07,
P43681,surface,223,27,249,vocabulary,sliced_ecd,local,local,,int8,64,3,1335,v2-ruled-vocabulary-2026-08-07,
Q8NGZ3,surface,37,158,194,vocabulary,sliced_ecd,local,local,,int8,64,1,1336,v2-ruled-vocabulary-2026-08-07,
Q8NGK3,surface,36,163,198,vocabulary,sliced_ecd,local,local,,int8,64,1,1337,v2-ruled-vocabulary-2026-08-07,
Q8NH64,surface,36,161,196,vocabulary,sliced_ecd,local,local,,int8,64,1,1338,v2-ruled-vocabulary-2026-08-07,
Q8NHC8,surface,37,167,203,vocabulary,sliced_ecd,local,local,,int8,64,1,1339,v2-ruled-vocabulary-2026-08-07,
Q8NGK0,surface,36,166,201,vocabulary,sliced_ecd,local,local,,int8,64,1,1340,v2-ruled-vocabulary-2026-08-07,
Q8IWV1,non_surface,37,1,37,vocabulary,sliced_ecd,local,local,,int8,64,1,1341,v2-ruled-vocabulary-2026-08-07,
P59541,surface,31,148,178,vocabulary,sliced_ecd,local,local,,int8,64,1,1342,v2-ruled-vocabulary-2026-08-07,
O60462,surface,844,21,864,vocabulary,sliced_ecd,above_local,rental,over_local_ceiling,fp16,64,5,1343,v2-ruled-vocabulary-2026-08-07,
P55011,surface,57,542,598,vocabulary,sliced_ecd,local,local,,int8,64,2,1344,v2-ruled-vocabulary-2026-08-07,
Q8NGG8,surface,37,161,197,vocabulary,sliced_ecd,local,local,,int8,64,1,1345,v2-ruled-vocabulary-2026-08-07,
P53985,surface,11,45,55,vocabulary,sliced_ecd,local,local,,int8,64,1,1346,v2-ruled-vocabulary-2026-08-07,
P0C7T3,surface,36,168,203,vocabulary,sliced_ecd,local,local,,int8,64,1,1347,v2-ruled-vocabulary-2026-08-07,
O00461,non_surface,663,34,696,vocabulary,sliced_ecd,above_local,rental,over_local_ceiling,fp16,64,5,1348,v2-ruled-vocabulary-2026-08-07,
A6NF89,surface,37,163,199,vocabulary,sliced_ecd,local,local,,int8,64,1,1349,v2-ruled-vocabulary-2026-08-07,
O95858,surface,121,115,235,vocabulary,sliced_ecd,local,local,,int8,64,2,1350,v2-ruled-vocabulary-2026-08-07,
O95864,non_surface,20,286,305,vocabulary,sliced_ecd,local,local,,int8,64,1,1351,v2-ruled-vocabulary-2026-08-07,
Q9Y5E7,surface,662,31,692,vocabulary,sliced_ecd,above_local,rental,over_local_ceiling,fp16,64,5,1352,v2-ruled-vocabulary-2026-08-07,
P49895,non_surface,12,1,12,vocabulary,sliced_ecd,local,local,,int8,64,1,1353,v2-ruled-vocabulary-2026-08-07,
Q15622,surface,37,161,197,vocabulary,sliced_ecd,local,local,,int8,64,1,1354,v2-ruled-vocabulary-2026-08-07,
Q8IY34,surface,41,119,159,vocabulary,sliced_ecd,local,local,,int8,64,1,1355,v2-ruled-vocabulary-2026-08-07,
Q96MU8,surface,372,21,392,vocabulary,sliced_ecd,local,local,,int8,64,4,1356,v2-ruled-vocabulary-2026-08-07,
Q14BN4,non_surface,5,824,828,vocabulary,sliced_ecd,local,local,,int8,64,1,1357,v2-ruled-vocabulary-2026-08-07,
Q96CP7,non_surface,29,145,173,vocabulary,sliced_ecd,local,local,,int8,64,1,1358,v2-ruled-vocabulary-2026-08-07,
P0C604,surface,33,161,193,vocabulary,sliced_ecd,local,local,,int8,64,1,1359,v2-ruled-vocabulary-2026-08-07,
A6NMS7,surface,1547,36,1582,vocabulary,sliced_ecd,above_local,rental,over_local_ceiling,fp16,64,5,1360,v2-ruled-vocabulary-2026-08-07,
Q06481,surface,661,32,692,vocabulary,sliced_ecd,above_local,rental,over_local_ceiling,fp16,64,5,1361,v2-ruled-vocabulary-2026-08-07,
Q15043,surface,127,31,157,vocabulary,sliced_ecd,local,local,,int8,64,2,1362,v2-ruled-vocabulary-2026-08-07,
P51168,surface,461,72,532,vocabulary,sliced_ecd,untested_band,rental,unmeasured_local_ceiling,fp16,64,5,1363,v2-ruled-vocabulary-2026-08-07,
Q8IV16,surface,130,21,150,gpi_rule_A,sliced_ecd,local,local,,int8,64,2,1364,v2-ruled-vocabulary-2026-08-07,
A6NH00,surface,37,165,201,vocabulary,sliced_ecd,local,local,,int8,64,1,1365,v2-ruled-vocabulary-2026-08-07,
Q14416,surface,549,19,567,vocabulary,sliced_ecd,untested_band,rental,unmeasured_local_ceiling,fp16,64,5,1366,v2-ruled-vocabulary-2026-08-07,
Q76KP1,non_surface,1003,37,1039,vocabulary,sliced_ecd,above_local,rental,over_local_ceiling,fp16,64,5,1367,v2-ruled-vocabulary-2026-08-07,
Q01628,non_surface,5,129,133,vocabulary,sliced_ecd,local,local,,int8,64,1,1368,v2-ruled-vocabulary-2026-08-07,
Q9Y5E2,surface,662,27,688,vocabulary,sliced_ecd,above_local,rental,over_local_ceiling,fp16,64,5,1369,v2-ruled-vocabulary-2026-08-07,
P55082,surface,129,19,147,vocabulary,sliced_ecd,local,local,,int8,64,2,1370,v2-ruled-vocabulary-2026-08-07,
Q86YT9,surface,256,20,275,vocabulary,sliced_ecd,local,local,,int8,64,3,1371,v2-ruled-vocabulary-2026-08-07,
P37023,surface,97,22,118,vocabulary,sliced_ecd,local,local,,int8,64,2,1372,v2-ruled-vocabulary-2026-08-07,
Q96HH4,non_surface,159,1,159,vocabulary,sliced_ecd,local,local,,int8,64,3,1373,v2-ruled-vocabulary-2026-08-07,
Q96BI3,non_surface,19,140,158,vocabulary,sliced_ecd,local,local,,int8,64,1,1374,v2-ruled-vocabulary-2026-08-07,
P48050,surface,40,81,120,vocabulary,sliced_ecd,local,local,,int8,64,1,1375,v2-ruled-vocabulary-2026-08-07,
P30954,surface,36,1,36,vocabulary,sliced_ecd,local,local,,int8,64,1,1376,v2-ruled-vocabulary-2026-08-07,
A6NJZ3,surface,32,163,194,vocabulary,sliced_ecd,local,local,,int8,64,1,1377,v2-ruled-vocabulary-2026-08-07,
Q9BT67,non_surface,28,194,221,vocabulary,sliced_ecd,local,local,,int8,64,1,1378,v2-ruled-vocabulary-2026-08-07,
Q86UF1,surface,118,118,235,vocabulary,sliced_ecd,local,local,,int8,64,2,1379,v2-ruled-vocabulary-2026-08-07,
O15354,surface,239,27,265,vocabulary,sliced_ecd,local,local,,int8,64,3,1380,v2-ruled-vocabulary-2026-08-07,
Q9BQG1,non_surface,54,1,54,vocabulary,sliced_ecd,local,local,,int8,64,2,1381,v2-ruled-vocabulary-2026-08-07,
O60895,surface,101,43,143,vocabulary,sliced_ecd,local,local,,int8,64,2,1382,v2-ruled-vocabulary-2026-08-07,
P22455,surface,348,22,369,vocabulary,sliced_ecd,local,local,,int8,64,4,1383,v2-ruled-vocabulary-2026-08-07,
Q8NGX1,surface,37,164,200,vocabulary,sliced_ecd,local,local,,int8,64,1,1384,v2-ruled-vocabulary-2026-08-07,
P55344,surface,42,25,66,vocabulary,sliced_ecd,local,local,,int8,64,1,1385,v2-ruled-vocabulary-2026-08-07,
P31641,surface,65,151,215,vocabulary,sliced_ecd,local,local,,int8,64,2,1386,v2-ruled-vocabulary-2026-08-07,
Q14165,non_surface,241,29,269,vocabulary,sliced_ecd,local,local,,int8,64,3,1387,v2-ruled-vocabulary-2026-08-07,
P46531,surface,1717,19,1735,vocabulary,sliced_ecd,above_local,rental,over_local_ceiling,fp16,64,5,1388,v2-ruled-vocabulary-2026-08-07,
Q86VH4,surface,394,31,424,vocabulary,sliced_ecd,local,local,,int8,64,4,1389,v2-ruled-vocabulary-2026-08-07,
Q495W5,non_surface,468,25,492,vocabulary,sliced_ecd,untested_band,rental,unmeasured_local_ceiling,fp16,64,5,1390,v2-ruled-vocabulary-2026-08-07,
O94991,surface,624,41,664,vocabulary,sliced_ecd,untested_band,rental,unmeasured_local_ceiling,fp16,64,5,1391,v2-ruled-vocabulary-2026-08-07,
Q8NGB2,surface,46,1,46,vocabulary,sliced_ecd,local,local,,int8,64,1,1392,v2-ruled-vocabulary-2026-08-07,
Q8IX05,surface,146,23,168,vocabulary,sliced_ecd,local,local,,int8,64,2,1393,v2-ruled-vocabulary-2026-08-07,
Q9NYB5,surface,112,443,554,vocabulary,sliced_ecd,local,local,,int8,64,2,1394,v2-ruled-vocabulary-2026-08-07,
Q9NY72,surface,134,23,156,vocabulary,sliced_ecd,local,local,,int8,64,2,1395,v2-ruled-vocabulary-2026-08-07,
P35052,surface,506,24,529,gpi_rule_A,sliced_ecd,untested_band,rental,unmeasured_local_ceiling,fp16,64,5,1396,v2-ruled-vocabulary-2026-08-07,
Q8N4L1,non_surface,32,66,97,vocabulary,sliced_ecd,local,local,,int8,64,1,1397,v2-ruled-vocabulary-2026-08-07,
P01135,surface,75,24,98,vocabulary,sliced_ecd,local,local,,int8,64,2,1398,v2-ruled-vocabulary-2026-08-07,
P13688,surface,394,35,428,vocabulary,sliced_ecd,local,local,,int8,64,4,1399,v2-ruled-vocabulary-2026-08-07,
Q01814,surface,37,116,152,vocabulary,sliced_ecd,local,local,,int8,64,1,1400,v2-ruled-vocabulary-2026-08-07,
H3BV60,non_surface,228,17,244,vocabulary,sliced_ecd,local,local,,int8,64,3,1401,v2-ruled-vocabulary-2026-08-07,
Q9Y493,surface,2740,18,2757,vocabulary,sliced_ecd,above_local,rental,over_local_ceiling,fp16,64,5,1402,v2-ruled-vocabulary-2026-08-07,
Q9H340,surface,36,159,194,vocabulary,sliced_ecd,local,local,,int8,64,1,1403,v2-ruled-vocabulary-2026-08-07,
Q04771,surface,103,21,123,vocabulary,sliced_ecd,local,local,,int8,64,2,1404,v2-ruled-vocabulary-2026-08-07,
A2VDJ0,surface,829,41,869,vocabulary,sliced_ecd,above_local,rental,over_local_ceiling,fp16,64,5,1405,v2-ruled-vocabulary-2026-08-07,
P18627,surface,428,23,450,vocabulary,sliced_ecd,local,local,,int8,64,4,1406,v2-ruled-vocabulary-2026-08-07,
Q6UWJ8,surface,112,30,141,vocabulary,sliced_ecd,local,local,,int8,64,2,1407,v2-ruled-vocabulary-2026-08-07,
Q93070,surface,238,47,284,gpi_rule_A,sliced_ecd,local,local,,int8,64,3,1408,v2-ruled-vocabulary-2026-08-07,
Q96P69,surface,25,144,168,vocabulary,sliced_ecd,local,local,,int8,64,1,1409,v2-ruled-vocabulary-2026-08-07,
O95256,surface,337,20,356,vocabulary,sliced_ecd,local,local,,int8,64,4,1410,v2-ruled-vocabulary-2026-08-07,
Q9GZQ4,surface,43,1,43,vocabulary,sliced_ecd,local,local,,int8,64,1,1411,v2-ruled-vocabulary-2026-08-07,
P50052,surface,45,1,45,vocabulary,sliced_ecd,local,local,,int8,64,1,1412,v2-ruled-vocabulary-2026-08-07,
Q9Y5H3,surface,664,33,696,vocabulary,sliced_ecd,above_local,rental,over_local_ceiling,fp16,64,5,1413,v2-ruled-vocabulary-2026-08-07,
Q9UBQ6,non_surface,287,44,330,vocabulary,sliced_ecd,local,local,,int8,64,3,1414,v2-ruled-vocabulary-2026-08-07,
Q8NH81,surface,46,1,46,vocabulary,sliced_ecd,local,local,,int8,64,1,1415,v2-ruled-vocabulary-2026-08-07,
Q6MZM0,surface,1090,25,1114,vocabulary,sliced_ecd,above_local,rental,over_local_ceiling,fp16,64,5,1416,v2-ruled-vocabulary-2026-08-07,
P23470,surface,717,20,736,vocabulary,sliced_ecd,above_local,rental,over_local_ceiling,fp16,64,5,1417,v2-ruled-vocabulary-2026-08-07,
O60513,non_surface,306,39,344,vocabulary,sliced_ecd,local,local,,int8,64,4,1418,v2-ruled-vocabulary-2026-08-07,
Q02297,surface,223,20,242,vocabulary,sliced_ecd,local,local,,int8,64,3,1419,v2-ruled-vocabulary-2026-08-07,
O95452,surface,38,155,192,vocabulary,sliced_ecd,local,local,,int8,64,1,1420,v2-ruled-vocabulary-2026-08-07,
Q9HBX9,surface,409,1,409,vocabulary,sliced_ecd,local,local,,int8,64,4,1421,v2-ruled-vocabulary-2026-08-07,
Q10588,surface,260,33,292,gpi_rule_A,sliced_ecd,local,local,,int8,64,3,1422,v2-ruled-vocabulary-2026-08-07,
P29274,surface,30,144,173,vocabulary,sliced_ecd,local,local,,int8,64,1,1423,v2-ruled-vocabulary-2026-08-07,
P33032,surface,37,1,37,vocabulary,sliced_ecd,local,local,,int8,64,1,1424,v2-ruled-vocabulary-2026-08-07,
P33527,surface,37,989,1025,vocabulary,sliced_ecd,local,local,,int8,64,1,1425,v2-ruled-vocabulary-2026-08-07,
P52849,non_surface,844,40,883,vocabulary,sliced_ecd,above_local,rental,over_local_ceiling,fp16,64,5,1426,v2-ruled-vocabulary-2026-08-07,
O15269,non_surface,15,1,15,vocabulary,sliced_ecd,local,local,,int8,64,1,1427,v2-ruled-vocabulary-2026-08-07,
Q93033,surface,934,21,954,vocabulary,sliced_ecd,above_local,rental,over_local_ceiling,fp16,64,5,1428,v2-ruled-vocabulary-2026-08-07,
O75445,surface,5011,32,5042,vocabulary,sliced_ecd,above_local,rental,over_local_ceiling,fp16,64,5,1429,v2-ruled-vocabulary-2026-08-07,
P17643,surface,453,25,477,vocabulary,sliced_ecd,untested_band,rental,unmeasured_local_ceiling,fp16,64,5,1430,v2-ruled-vocabulary-2026-08-07,
Q9Y5Q5,surface,976,67,1042,vocabulary,sliced_ecd,above_local,rental,over_local_ceiling,fp16,64,5,1431,v2-ruled-vocabulary-2026-08-07,
Q8NGT2,surface,37,161,197,vocabulary,sliced_ecd,local,local,,int8,64,1,1432,v2-ruled-vocabulary-2026-08-07,
P30408,surface,47,115,161,vocabulary,sliced_ecd,local,local,,int8,64,1,1433,v2-ruled-vocabulary-2026-08-07,
Q9UQD0,surface,82,274,355,vocabulary,sliced_ecd,local,local,,int8,64,2,1434,v2-ruled-vocabulary-2026-08-07,
Q8TDM5,surface,77,20,96,gpi_rule_A,sliced_ecd,local,local,,int8,64,2,1435,v2-ruled-vocabulary-2026-08-07,
Q9Y2T5,surface,44,1,44,vocabulary,sliced_ecd,local,local,,int8,64,1,1436,v2-ruled-vocabulary-2026-08-07,
Q8NGR5,surface,38,160,197,vocabulary,sliced_ecd,local,local,,int8,64,1,1437,v2-ruled-vocabulary-2026-08-07,
Q9BXJ8,non_surface,10,295,304,vocabulary,sliced_ecd,local,local,,int8,64,1,1438,v2-ruled-vocabulary-2026-08-07,
Q11201,non_surface,306,35,340,vocabulary,sliced_ecd,local,local,,int8,64,4,1439,v2-ruled-vocabulary-2026-08-07,
O00574,surface,32,1,32,vocabulary,sliced_ecd,local,local,,int8,64,1,1440,v2-ruled-vocabulary-2026-08-07,
Q9UKX5,surface,1119,23,1141,vocabulary,sliced_ecd,above_local,rental,over_local_ceiling,fp16,64,5,1441,v2-ruled-vocabulary-2026-08-07,
Q9GZK3,surface,37,159,195,vocabulary,sliced_ecd,local,local,,int8,64,1,1442,v2-ruled-vocabulary-2026-08-07,
Q53HI1,non_surface,16,244,259,vocabulary,sliced_ecd,local,local,,int8,64,1,1443,v2-ruled-vocabulary-2026-08-07,
Q8NGG4,surface,37,160,196,vocabulary,sliced_ecd,local,local,,int8,64,1,1444,v2-ruled-vocabulary-2026-08-07,
Q19T08,surface,100,25,124,vocabulary,sliced_ecd,local,local,,int8,64,2,1445,v2-ruled-vocabulary-2026-08-07,
Q8N6G5,non_surface,510,33,542,vocabulary,sliced_ecd,untested_band,rental,unmeasured_local_ceiling,fp16,64,5,1446,v2-ruled-vocabulary-2026-08-07,
Q9Y6M0,surface,246,42,287,gpi_rule_A,sliced_ecd,local,local,,int8,64,3,1447,v2-ruled-vocabulary-2026-08-07,
Q70Z44,surface,208,25,232,vocabulary,sliced_ecd,local,local,,int8,64,3,1448,v2-ruled-vocabulary-2026-08-07,
Q12918,surface,159,67,225,vocabulary,sliced_ecd,local,local,,int8,64,3,1449,v2-ruled-vocabulary-2026-08-07,
P21452,surface,32,1,32,vocabulary,sliced_ecd,local,local,,int8,64,1,1450,v2-ruled-vocabulary-2026-08-07,
P20309,surface,67,1,67,vocabulary,sliced_ecd,local,local,,int8,64,2,1451,v2-ruled-vocabulary-2026-08-07,
Q96CE8,surface,43,115,157,vocabulary,sliced_ecd,local,local,,int8,64,1,1452,v2-ruled-vocabulary-2026-08-07,
Q86XL3,non_surface,12,1,12,vocabulary,sliced_ecd,local,local,,int8,64,1,1453,v2-ruled-vocabulary-2026-08-07,
Q9NRD8,surface,576,26,601,vocabulary,sliced_ecd,untested_band,rental,unmeasured_local_ceiling,fp16,64,5,1454,v2-ruled-vocabulary-2026-08-07,
Q6ZSJ9,surface,149,26,174,vocabulary,sliced_ecd,local,local,,int8,64,2,1455,v2-ruled-vocabulary-2026-08-07,
P11912,surface,111,33,143,vocabulary,sliced_ecd,local,local,,int8,64,2,1456,v2-ruled-vocabulary-2026-08-07,
P35346,surface,38,1,38,vocabulary,sliced_ecd,local,local,,int8,64,1,1457,v2-ruled-vocabulary-2026-08-07,
Q8NAT1,non_surface,555,26,580,vocabulary,sliced_ecd,untested_band,rental,unmeasured_local_ceiling,fp16,64,5,1458,v2-ruled-vocabulary-2026-08-07,
P35212,surface,42,166,207,vocabulary,sliced_ecd,local,local,,int8,64,1,1459,v2-ruled-vocabulary-2026-08-07,
Q8NGA8,surface,37,152,188,vocabulary,sliced_ecd,local,local,,int8,64,1,1460,v2-ruled-vocabulary-2026-08-07,
O00526,surface,71,85,155,vocabulary,sliced_ecd,local,local,,int8,64,2,1461,v2-ruled-vocabulary-2026-08-07,
P21453,surface,46,1,46,vocabulary,sliced_ecd,local,local,,int8,64,1,1462,v2-ruled-vocabulary-2026-08-07,
Q9BXC0,surface,31,152,182,vocabulary,sliced_ecd,local,local,,int8,64,1,1463,v2-ruled-vocabulary-2026-08-07,
Q9UKM7,non_surface,594,106,699,vocabulary,sliced_ecd,untested_band,rental,unmeasured_local_ceiling,fp16,64,5,1464,v2-ruled-vocabulary-2026-08-07,
Q9Y5F8,surface,661,31,691,vocabulary,sliced_ecd,above_local,rental,over_local_ceiling,fp16,64,5,1465,v2-ruled-vocabulary-2026-08-07,
Q5XG99,non_surface,217,1,217,vocabulary,sliced_ecd,local,local,,int8,64,3,1466,v2-ruled-vocabulary-2026-08-07,
Q8NG85,surface,37,158,194,vocabulary,sliced_ecd,local,local,,int8,64,1,1467,v2-ruled-vocabulary-2026-08-07,
Q1HG43,surface,102,73,174,vocabulary,sliced_ecd,local,local,,int8,64,2,1468,v2-ruled-vocabulary-2026-08-07,
Q969X2,non_surface,269,65,333,vocabulary,sliced_ecd,local,local,,int8,64,3,1469,v2-ruled-vocabulary-2026-08-07,
Q9UKJ8,surface,485,197,681,vocabulary,sliced_ecd,untested_band,rental,unmeasured_local_ceiling,fp16,64,5,1470,v2-ruled-vocabulary-2026-08-07,
Q7RTP0,non_surface,27,1,27,vocabulary,sliced_ecd,local,local,,int8,64,1,1471,v2-ruled-vocabulary-2026-08-07,
P40200,surface,498,22,519,vocabulary,sliced_ecd,untested_band,rental,unmeasured_local_ceiling,fp16,64,5,1472,v2-ruled-vocabulary-2026-08-07,
O14653,non_surface,1,212,212,vocabulary,sliced_ecd,local,local,,int8,64,1,1473,v2-ruled-vocabulary-2026-08-07,
Q9NP94,surface,36,68,103,vocabulary,sliced_ecd,local,local,,int8,64,1,1474,v2-ruled-vocabulary-2026-08-07,
P07550,surface,29,1,29,vocabulary,sliced_ecd,local,local,,int8,64,1,1475,v2-ruled-vocabulary-2026-08-07,
Q6IF82,surface,37,157,193,vocabulary,sliced_ecd,local,local,,int8,64,1,1476,v2-ruled-vocabulary-2026-08-07,
Q8NER1,non_surface,32,599,630,vocabulary,sliced_ecd,local,local,,int8,64,1,1477,v2-ruled-vocabulary-2026-08-07,
Q9Y4C0,surface,1541,28,1568,vocabulary,sliced_ecd,above_local,rental,over_local_ceiling,fp16,64,5,1478,v2-ruled-vocabulary-2026-08-07,
O76002,surface,37,160,196,vocabulary,sliced_ecd,local,local,,int8,64,1,1479,v2-ruled-vocabulary-2026-08-07,
A6NGY5,surface,41,171,211,vocabulary,sliced_ecd,local,local,,int8,64,1,1480,v2-ruled-vocabulary-2026-08-07,
P07510,surface,218,23,240,vocabulary,sliced_ecd,local,local,,int8,64,3,1481,v2-ruled-vocabulary-2026-08-07,
P12830,surface,555,155,709,vocabulary,sliced_ecd,untested_band,rental,unmeasured_local_ceiling,fp16,64,5,1482,v2-ruled-vocabulary-2026-08-07,
Q9Y3Q7,surface,511,177,687,vocabulary,sliced_ecd,untested_band,rental,unmeasured_local_ceiling,fp16,64,5,1483,v2-ruled-vocabulary-2026-08-07,
Q7Z5B4,non_surface,67,29,95,vocabulary,sliced_ecd,local,local,,int8,64,2,1484,v2-ruled-vocabulary-2026-08-07,
Q15768,surface,199,28,226,vocabulary,sliced_ecd,local,local,,int8,64,3,1485,v2-ruled-vocabulary-2026-08-07,
P61565,surface,543,89,631,vocabulary,sliced_ecd,untested_band,rental,unmeasured_local_ceiling,fp16,64,5,1486,v2-ruled-vocabulary-2026-08-07,
Q9BRL7,non_surface,19,205,223,vocabulary,sliced_ecd,local,local,,int8,64,1,1487,v2-ruled-vocabulary-2026-08-07,
O95206,surface,720,30,749,vocabulary,sliced_ecd,above_local,rental,over_local_ceiling,fp16,64,5,1488,v2-ruled-vocabulary-2026-08-07,
Q9Y5G3,surface,659,29,687,vocabulary,sliced_ecd,above_local,rental,over_local_ceiling,fp16,64,5,1489,v2-ruled-vocabulary-2026-08-07,
Q9UL19,non_surface,9,156,164,vocabulary,sliced_ecd,local,local,,int8,64,1,1490,v2-ruled-vocabulary-2026-08-07,
Q9P0L9,surface,232,125,356,vocabulary,sliced_ecd,local,local,,int8,64,3,1491,v2-ruled-vocabulary-2026-08-07,
Q9NP59,surface,62,392,453,vocabulary,sliced_ecd,local,local,,int8,64,2,1492,v2-ruled-vocabulary-2026-08-07,
P46721,surface,108,406,513,vocabulary,sliced_ecd,local,local,,int8,64,2,1493,v2-ruled-vocabulary-2026-08-07,
Q99680,surface,45,1,45,vocabulary,sliced_ecd,local,local,,int8,64,1,1494,v2-ruled-vocabulary-2026-08-07,
Q01113,surface,230,41,270,vocabulary,sliced_ecd,local,local,,int8,64,3,1495,v2-ruled-vocabulary-2026-08-07,
Q6IF00,surface,37,160,196,vocabulary,sliced_ecd,local,local,,int8,64,1,1496,v2-ruled-vocabulary-2026-08-07,
P07949,surface,607,29,635,vocabulary,sliced_ecd,untested_band,rental,unmeasured_local_ceiling,fp16,64,5,1497,v2-ruled-vocabulary-2026-08-07,
Q9BXA5,surface,30,252,281,vocabulary,sliced_ecd,local,local,,int8,64,1,1498,v2-ruled-vocabulary-2026-08-07,
Q9UHQ4,non_surface,39,65,103,vocabulary,sliced_ecd,local,local,,int8,64,1,1499,v2-ruled-vocabulary-2026-08-07,
Q9NQ90,surface,104,640,743,vocabulary,sliced_ecd,local,local,,int8,64,2,1500,v2-ruled-vocabulary-2026-08-07,
P55017,surface,60,394,453,vocabulary,sliced_ecd,local,local,,int8,64,2,1501,v2-ruled-vocabulary-2026-08-07,
Q8NGN6,surface,37,160,196,vocabulary,sliced_ecd,local,local,,int8,64,1,1502,v2-ruled-vocabulary-2026-08-07,
P36544,surface,211,23,233,vocabulary,sliced_ecd,local,local,,int8,64,3,1503,v2-ruled-vocabulary-2026-08-07,
P49019,surface,31,164,194,vocabulary,sliced_ecd,local,local,,int8,64,1,1504,v2-ruled-vocabulary-2026-08-07,
Q96MM7,non_surface,578,28,605,vocabulary,sliced_ecd,untested_band,rental,unmeasured_local_ceiling,fp16,64,5,1505,v2-ruled-vocabulary-2026-08-07,
Q9BPV8,surface,49,1,49,vocabulary,sliced_ecd,local,local,,int8,64,1,1506,v2-ruled-vocabulary-2026-08-07,
Q96D59,non_surface,10,183,192,vocabulary,sliced_ecd,local,local,,int8,64,1,1507,v2-ruled-vocabulary-2026-08-07,
A6NHS7,surface,260,25,284,vocabulary,sliced_ecd,local,local,,int8,64,3,1508,v2-ruled-vocabulary-2026-08-07,
O75354,non_surface,424,61,484,vocabulary,sliced_ecd,local,local,,int8,64,4,1509,v2-ruled-vocabulary-2026-08-07,
Q8WZ92,surface,36,157,192,vocabulary,sliced_ecd,local,local,,int8,64,1,1510,v2-ruled-vocabulary-2026-08-07,
P09326,surface,193,27,219,gpi_rule_A,sliced_ecd,local,local,,int8,64,3,1511,v2-ruled-vocabulary-2026-08-07,
Q9H5V8,surface,638,30,667,vocabulary,sliced_ecd,above_local,rental,over_local_ceiling,fp16,64,5,1512,v2-ruled-vocabulary-2026-08-07,
P50993,surface,52,864,915,vocabulary,sliced_ecd,local,local,,int8,64,2,1513,v2-ruled-vocabulary-2026-08-07,
Q8NFJ6,surface,54,1,54,vocabulary,sliced_ecd,local,local,,int8,64,2,1514,v2-ruled-vocabulary-2026-08-07,
Q8NES3,non_surface,350,30,379,vocabulary,sliced_ecd,local,local,,int8,64,4,1515,v2-ruled-vocabulary-2026-08-07,
O14511,surface,294,112,405,vocabulary,sliced_ecd,local,local,,int8,64,3,1516,v2-ruled-vocabulary-2026-08-07,
O43506,surface,487,207,693,vocabulary,sliced_ecd,untested_band,rental,unmeasured_local_ceiling,fp16,64,5,1517,v2-ruled-vocabulary-2026-08-07,
Q92824,surface,1629,115,1743,vocabulary,sliced_ecd,above_local,rental,over_local_ceiling,fp16,64,5,1518,v2-ruled-vocabulary-2026-08-07,
A6NNB3,non_surface,36,1,36,vocabulary,sliced_ecd,local,local,,int8,64,1,1519,v2-ruled-vocabulary-2026-08-07,
A6NM76,surface,32,164,195,vocabulary,sliced_ecd,local,local,,int8,64,1,1520,v2-ruled-vocabulary-2026-08-07,
Q9HCU4,surface,2349,32,2380,vocabulary,sliced_ecd,above_local,rental,over_local_ceiling,fp16,64,5,1521,v2-ruled-vocabulary-2026-08-07,
P78552,surface,322,22,343,vocabulary,sliced_ecd,local,local,,int8,64,4,1522,v2-ruled-vocabulary-2026-08-07,
Q13478,surface,308,22,329,vocabulary,sliced_ecd,local,local,,int8,64,4,1523,v2-ruled-vocabulary-2026-08-07,
Q14442,non_surface,2,61,62,vocabulary,sliced_ecd,local,local,,int8,64,1,1524,v2-ruled-vocabulary-2026-08-07,
Q9NR61,surface,503,27,529,vocabulary,sliced_ecd,untested_band,rental,unmeasured_local_ceiling,fp16,64,5,1525,v2-ruled-vocabulary-2026-08-07,
O75388,surface,44,1,44,vocabulary,sliced_ecd,local,local,,int8,64,1,1526,v2-ruled-vocabulary-2026-08-07,
P98196,non_surface,31,319,349,vocabulary,sliced_ecd,local,local,,int8,64,1,1527,v2-ruled-vocabulary-2026-08-07,
Q8NGP2,surface,37,161,197,vocabulary,sliced_ecd,local,local,,int8,64,1,1528,v2-ruled-vocabulary-2026-08-07,
Q08357,surface,27,504,530,vocabulary,sliced_ecd,local,local,,int8,64,1,1529,v2-ruled-vocabulary-2026-08-07,
Q9Y5Y7,surface,219,20,238,vocabulary,sliced_ecd,local,local,,int8,64,3,1530,v2-ruled-vocabulary-2026-08-07,
P28906,surface,259,32,290,vocabulary,sliced_ecd,local,local,,int8,64,3,1531,v2-ruled-vocabulary-2026-08-07,
Q5VY43,surface,735,21,755,vocabulary,sliced_ecd,above_local,rental,over_local_ceiling,fp16,64,5,1532,v2-ruled-vocabulary-2026-08-07,
P28222,surface,46,1,46,vocabulary,sliced_ecd,local,local,,int8,64,1,1533,v2-ruled-vocabulary-2026-08-07,
Q9BSK0,non_surface,23,116,138,vocabulary,sliced_ecd,local,local,,int8,64,1,1534,v2-ruled-vocabulary-2026-08-07,
Q9UQF0,surface,423,21,443,vocabulary,sliced_ecd,local,local,,int8,64,4,1535,v2-ruled-vocabulary-2026-08-07,
Q8IZN3,non_surface,26,230,255,vocabulary,sliced_ecd,local,local,,int8,64,1,1536,v2-ruled-vocabulary-2026-08-07,
Q6UX98,non_surface,62,223,284,vocabulary,sliced_ecd,local,local,,int8,64,2,1537,v2-ruled-vocabulary-2026-08-07,
Q5VU97,surface,1060,36,1095,vocabulary,sliced_ecd,above_local,rental,over_local_ceiling,fp16,64,5,1538,v2-ruled-vocabulary-2026-08-07,
Q8NGC8,surface,38,164,201,vocabulary,sliced_ecd,local,local,,int8,64,1,1539,v2-ruled-vocabulary-2026-08-07,
Q8NI17,surface,500,20,519,vocabulary,sliced_ecd,untested_band,rental,unmeasured_local_ceiling,fp16,64,5,1540,v2-ruled-vocabulary-2026-08-07,
O43731,non_surface,10,169,178,vocabulary,sliced_ecd,local,local,,int8,64,1,1541,v2-ruled-vocabulary-2026-08-07,
P30532,surface,232,23,254,vocabulary,sliced_ecd,local,local,,int8,64,3,1542,v2-ruled-vocabulary-2026-08-07,
P47804,surface,24,152,175,vocabulary,sliced_ecd,local,local,,int8,64,1,1543,v2-ruled-vocabulary-2026-08-07,
Q14108,surface,406,28,433,vocabulary,sliced_ecd,local,local,,int8,64,4,1544,v2-ruled-vocabulary-2026-08-07,
Q4G0N0,non_surface,73,28,100,vocabulary,sliced_ecd,local,local,,int8,64,2,1545,v2-ruled-vocabulary-2026-08-07,
Q9BYT9,surface,100,662,761,vocabulary,sliced_ecd,local,local,,int8,64,2,1546,v2-ruled-vocabulary-2026-08-07,
Q9BVK8,non_surface,8,59,66,vocabulary,sliced_ecd,local,local,,int8,64,1,1547,v2-ruled-vocabulary-2026-08-07,
Q9HC10,non_surface,13,1985,1997,vocabulary,sliced_ecd,local,local,,int8,64,1,1548,v2-ruled-vocabulary-2026-08-07,
Q9P0I2,non_surface,38,131,168,vocabulary,sliced_ecd,local,local,,int8,64,1,1549,v2-ruled-vocabulary-2026-08-07,
Q8N111,non_surface,3,147,149,vocabulary,sliced_ecd,local,local,,int8,64,1,1550,v2-ruled-vocabulary-2026-08-07,
Q9Y6R1,surface,83,610,692,vocabulary,sliced_ecd,local,local,,int8,64,2,1551,v2-ruled-vocabulary-2026-08-07,
Q8TDN1,surface,21,241,261,vocabulary,sliced_ecd,local,local,,int8,64,1,1552,v2-ruled-vocabulary-2026-08-07,
P21583,surface,189,26,214,vocabulary,sliced_ecd,local,local,,int8,64,3,1553,v2-ruled-vocabulary-2026-08-07,
Q9H255,surface,36,160,195,vocabulary,sliced_ecd,local,local,,int8,64,1,1554,v2-ruled-vocabulary-2026-08-07,
Q9HC24,non_surface,9,60,68,vocabulary,sliced_ecd,local,local,,int8,64,1,1555,v2-ruled-vocabulary-2026-08-07,
Q96QE4,surface,878,28,905,vocabulary,sliced_ecd,above_local,rental,over_local_ceiling,fp16,64,5,1556,v2-ruled-vocabulary-2026-08-07,
Q92911,surface,60,466,525,vocabulary,sliced_ecd,local,local,,int8,64,2,1557,v2-ruled-vocabulary-2026-08-07,
O76099,surface,37,161,197,vocabulary,sliced_ecd,local,local,,int8,64,1,1558,v2-ruled-vocabulary-2026-08-07,
P0C645,surface,44,165,208,vocabulary,sliced_ecd,local,local,,int8,64,1,1559,v2-ruled-vocabulary-2026-08-07,
O95665,surface,41,177,217,vocabulary,sliced_ecd,local,local,,int8,64,1,1560,v2-ruled-vocabulary-2026-08-07,
P07202,surface,828,19,846,vocabulary,sliced_ecd,above_local,rental,over_local_ceiling,fp16,64,5,1561,v2-ruled-vocabulary-2026-08-07,
O43493,surface,360,22,381,vocabulary,sliced_ecd,local,local,,int8,64,4,1562,v2-ruled-vocabulary-2026-08-07,
Q9Y639,surface,311,29,339,vocabulary,sliced_ecd,local,local,,int8,64,4,1563,v2-ruled-vocabulary-2026-08-07,
O60602,surface,619,21,639,vocabulary,sliced_ecd,untested_band,rental,unmeasured_local_ceiling,fp16,64,5,1564,v2-ruled-vocabulary-2026-08-07,
Q96JA1,surface,760,35,794,vocabulary,sliced_ecd,above_local,rental,over_local_ceiling,fp16,64,5,1565,v2-ruled-vocabulary-2026-08-07,
O75074,surface,460,37,496,vocabulary,sliced_ecd,untested_band,rental,unmeasured_local_ceiling,fp16,64,5,1566,v2-ruled-vocabulary-2026-08-07,
Q8NH16,surface,37,158,194,vocabulary,sliced_ecd,local,local,,int8,64,1,1567,v2-ruled-vocabulary-2026-08-07,
Q13308,surface,674,31,704,vocabulary,sliced_ecd,above_local,rental,over_local_ceiling,fp16,64,5,1568,v2-ruled-vocabulary-2026-08-07,
P78363,surface,604,43,646,vocabulary,sliced_ecd,untested_band,rental,unmeasured_local_ceiling,fp16,64,5,1569,v2-ruled-vocabulary-2026-08-07,
Q8NH21,surface,37,152,188,vocabulary,sliced_ecd,local,local,,int8,64,1,1570,v2-ruled-vocabulary-2026-08-07,
P27037,surface,116,20,135,vocabulary,sliced_ecd,local,local,,int8,64,2,1571,v2-ruled-vocabulary-2026-08-07,
Q9NX62,non_surface,326,34,359,vocabulary,sliced_ecd,local,local,,int8,64,4,1572,v2-ruled-vocabulary-2026-08-07,
O43511,surface,35,157,191,vocabulary,sliced_ecd,local,local,,int8,64,1,1573,v2-ruled-vocabulary-2026-08-07,
O00322,surface,118,113,230,vocabulary,sliced_ecd,local,local,,int8,64,2,1574,v2-ruled-vocabulary-2026-08-07,
A6NHA9,surface,40,163,202,vocabulary,sliced_ecd,local,local,,int8,64,1,1575,v2-ruled-vocabulary-2026-08-07,
Q9Y5G8,surface,663,30,692,vocabulary,sliced_ecd,above_local,rental,over_local_ceiling,fp16,64,5,1576,v2-ruled-vocabulary-2026-08-07,
Q9Y5G0,surface,657,31,687,vocabulary,sliced_ecd,above_local,rental,over_local_ceiling,fp16,64,5,1577,v2-ruled-vocabulary-2026-08-07,
Q8NGC2,surface,37,159,195,vocabulary,sliced_ecd,local,local,,int8,64,1,1578,v2-ruled-vocabulary-2026-08-07,
Q9BQ31,non_surface,16,205,220,vocabulary,sliced_ecd,local,local,,int8,64,1,1579,v2-ruled-vocabulary-2026-08-07,
P57738,non_surface,42,62,103,vocabulary,sliced_ecd,local,local,,int8,64,1,1580,v2-ruled-vocabulary-2026-08-07,
Q10471,non_surface,547,25,571,vocabulary,sliced_ecd,untested_band,rental,unmeasured_local_ceiling,fp16,64,5,1581,v2-ruled-vocabulary-2026-08-07,
P20023,surface,951,21,971,vocabulary,sliced_ecd,above_local,rental,over_local_ceiling,fp16,64,5,1582,v2-ruled-vocabulary-2026-08-07,
Q8NGR6,surface,36,166,201,vocabulary,sliced_ecd,local,local,,int8,64,1,1583,v2-ruled-vocabulary-2026-08-07,
Q9Y2T6,surface,22,159,180,vocabulary,sliced_ecd,local,local,,int8,64,1,1584,v2-ruled-vocabulary-2026-08-07,
Q8WVN6,surface,117,29,145,vocabulary,sliced_ecd,local,local,,int8,64,2,1585,v2-ruled-vocabulary-2026-08-07,
Q96R84,surface,38,158,195,vocabulary,sliced_ecd,local,local,,int8,64,1,1586,v2-ruled-vocabulary-2026-08-07,
Q8IZ08,non_surface,23,59,81,vocabulary,sliced_ecd,local,local,,int8,64,1,1587,v2-ruled-vocabulary-2026-08-07,
Q8TEY5,non_surface,79,317,395,vocabulary,sliced_ecd,local,local,,int8,64,2,1588,v2-ruled-vocabulary-2026-08-07,
Q8NH60,surface,36,163,198,vocabulary,sliced_ecd,local,local,,int8,64,1,1589,v2-ruled-vocabulary-2026-08-07,
Q86VR7,surface,749,28,776,vocabulary,sliced_ecd,above_local,rental,over_local_ceiling,fp16,64,5,1590,v2-ruled-vocabulary-2026-08-07,
Q8N146,surface,37,161,197,vocabulary,sliced_ecd,local,local,,int8,64,1,1591,v2-ruled-vocabulary-2026-08-07,
Q12999,surface,80,94,173,vocabulary,sliced_ecd,local,local,,int8,64,2,1592,v2-ruled-vocabulary-2026-08-07,
Q9NPA1,surface,126,82,207,vocabulary,sliced_ecd,local,local,,int8,64,2,1593,v2-ruled-vocabulary-2026-08-07,
Q8NGF1,surface,36,164,199,vocabulary,sliced_ecd,local,local,,int8,64,1,1594,v2-ruled-vocabulary-2026-08-07,
Q96J42,surface,289,33,321,vocabulary,sliced_ecd,local,local,,int8,64,3,1595,v2-ruled-vocabulary-2026-08-07,
O00220,surface,216,24,239,vocabulary,sliced_ecd,local,local,,int8,64,3,1596,v2-ruled-vocabulary-2026-08-07,
P56962,non_surface,5,250,254,vocabulary,sliced_ecd,local,local,,int8,64,1,1597,v2-ruled-vocabulary-2026-08-07,
Q6GTX8,surface,144,22,165,vocabulary,sliced_ecd,local,local,,int8,64,2,1598,v2-ruled-vocabulary-2026-08-07,
Q6PIZ9,surface,7,1,7,vocabulary,sliced_ecd,local,local,,int8,64,1,1599,v2-ruled-vocabulary-2026-08-07,
P55290,surface,554,139,692,gpi_rule_A,sliced_ecd,untested_band,rental,unmeasured_local_ceiling,fp16,64,5,1600,v2-ruled-vocabulary-2026-08-07,
Q8IZF4,surface,224,22,245,vocabulary,sliced_ecd,local,local,,int8,64,3,1601,v2-ruled-vocabulary-2026-08-07,
Q9Y6L6,surface,112,426,537,vocabulary,sliced_ecd,local,local,,int8,64,2,1602,v2-ruled-vocabulary-2026-08-07,
Q9BZA7,surface,789,24,812,vocabulary,sliced_ecd,above_local,rental,over_local_ceiling,fp16,64,5,1603,v2-ruled-vocabulary-2026-08-07,
Q5VWC8,non_surface,16,41,56,vocabulary,sliced_ecd,local,local,,int8,64,1,1604,v2-ruled-vocabulary-2026-08-07,
P42702,surface,789,45,833,vocabulary,sliced_ecd,above_local,rental,over_local_ceiling,fp16,64,5,1605,v2-ruled-vocabulary-2026-08-07,
O60391,surface,552,23,574,vocabulary,sliced_ecd,untested_band,rental,unmeasured_local_ceiling,fp16,64,5,1606,v2-ruled-vocabulary-2026-08-07,
Q9H3N8,surface,20,153,172,vocabulary,sliced_ecd,local,local,,int8,64,1,1607,v2-ruled-vocabulary-2026-08-07,
Q17RY6,surface,120,18,137,gpi_rule_A,sliced_ecd,local,local,,int8,64,2,1608,v2-ruled-vocabulary-2026-08-07,
Q3SXP7,surface,72,26,97,vocabulary,sliced_ecd,local,local,,int8,64,2,1609,v2-ruled-vocabulary-2026-08-07,
Q9GZS9,non_surface,363,49,411,vocabulary,sliced_ecd,local,local,,int8,64,4,1610,v2-ruled-vocabulary-2026-08-07,
A8MVZ5,surface,228,27,254,vocabulary,sliced_ecd,local,local,,int8,64,3,1611,v2-ruled-vocabulary-2026-08-07,
O95159,non_surface,23,288,310,vocabulary,sliced_ecd,local,local,,int8,64,1,1612,v2-ruled-vocabulary-2026-08-07,
Q9NS00,non_surface,334,30,363,vocabulary,sliced_ecd,local,local,,int8,64,4,1613,v2-ruled-vocabulary-2026-08-07,
Q06432,surface,79,30,108,vocabulary,sliced_ecd,local,local,,int8,64,2,1614,v2-ruled-vocabulary-2026-08-07,
Q96K78,surface,412,27,438,vocabulary,sliced_ecd,local,local,,int8,64,4,1615,v2-ruled-vocabulary-2026-08-07,
P13591,surface,699,20,718,vocabulary,sliced_ecd,above_local,rental,over_local_ceiling,fp16,64,5,1616,v2-ruled-vocabulary-2026-08-07,
Q8NGX3,surface,37,162,198,vocabulary,sliced_ecd,local,local,,int8,64,1,1617,v2-ruled-vocabulary-2026-08-07,
Q99467,surface,603,24,626,vocabulary,sliced_ecd,untested_band,rental,unmeasured_local_ceiling,fp16,64,5,1618,v2-ruled-vocabulary-2026-08-07,
Q86Z14,non_surface,996,1,996,vocabulary,sliced_ecd,above_local,rental,over_local_ceiling,fp16,64,5,1619,v2-ruled-vocabulary-2026-08-07,
O95013,surface,37,159,195,vocabulary,sliced_ecd,local,local,,int8,64,1,1620,v2-ruled-vocabulary-2026-08-07,
Q9BQ49,non_surface,36,18,53,vocabulary,sliced_ecd,local,local,,int8,64,1,1621,v2-ruled-vocabulary-2026-08-07,
P35590,surface,738,22,759,vocabulary,sliced_ecd,above_local,rental,over_local_ceiling,fp16,64,5,1622,v2-ruled-vocabulary-2026-08-07,
O60909,non_surface,336,37,372,vocabulary,sliced_ecd,local,local,,int8,64,4,1623,v2-ruled-vocabulary-2026-08-07,
P29323,surface,525,19,543,vocabulary,sliced_ecd,untested_band,rental,unmeasured_local_ceiling,fp16,64,5,1624,v2-ruled-vocabulary-2026-08-07,
Q9HB14,non_surface,83,42,124,vocabulary,sliced_ecd,local,local,,int8,64,2,1625,v2-ruled-vocabulary-2026-08-07,
Q6UVK1,surface,2195,30,2224,vocabulary,sliced_ecd,above_local,rental,over_local_ceiling,fp16,64,5,1626,v2-ruled-vocabulary-2026-08-07,
Q9H2W1,surface,48,138,185,vocabulary,sliced_ecd,local,local,,int8,64,1,1627,v2-ruled-vocabulary-2026-08-07,
Q8NH07,surface,44,1,44,vocabulary,sliced_ecd,local,local,,int8,64,1,1628,v2-ruled-vocabulary-2026-08-07,
Q496J9,surface,120,459,578,vocabulary,sliced_ecd,local,local,,int8,64,2,1629,v2-ruled-vocabulary-2026-08-07,
P49641,non_surface,770,27,796,vocabulary,sliced_ecd,above_local,rental,over_local_ceiling,fp16,64,5,1630,v2-ruled-vocabulary-2026-08-07,
Q8NH00,surface,57,1,57,vocabulary,sliced_ecd,local,local,,int8,64,2,1631,v2-ruled-vocabulary-2026-08-07,
P58182,surface,37,159,195,vocabulary,sliced_ecd,local,local,,int8,64,1,1632,v2-ruled-vocabulary-2026-08-07,
O00155,surface,39,1,39,vocabulary,sliced_ecd,local,local,,int8,64,1,1633,v2-ruled-vocabulary-2026-08-07,
Q8NGS0,surface,38,157,194,vocabulary,sliced_ecd,local,local,,int8,64,1,1634,v2-ruled-vocabulary-2026-08-07,
Q8NGF8,surface,37,157,193,vocabulary,sliced_ecd,local,local,,int8,64,1,1635,v2-ruled-vocabulary-2026-08-07,
Q6GV28,surface,43,30,72,vocabulary,sliced_ecd,local,local,,int8,64,1,1636,v2-ruled-vocabulary-2026-08-07,
P08514,surface,962,32,993,vocabulary,sliced_ecd,above_local,rental,over_local_ceiling,fp16,64,5,1637,v2-ruled-vocabulary-2026-08-07,
P58170,surface,38,159,196,vocabulary,sliced_ecd,local,local,,int8,64,1,1638,v2-ruled-vocabulary-2026-08-07,
Q8IWK6,surface,728,34,761,vocabulary,sliced_ecd,above_local,rental,over_local_ceiling,fp16,64,5,1639,v2-ruled-vocabulary-2026-08-07,
O14836,surface,165,1,165,vocabulary,sliced_ecd,local,local,,int8,64,3,1640,v2-ruled-vocabulary-2026-08-07,
P24046,surface,259,22,280,vocabulary,sliced_ecd,local,local,,int8,64,3,1641,v2-ruled-vocabulary-2026-08-07,
Q9HBW9,surface,413,20,432,vocabulary,sliced_ecd,local,local,,int8,64,4,1642,v2-ruled-vocabulary-2026-08-07,
Q9BWQ6,non_surface,39,278,316,vocabulary,sliced_ecd,local,local,,int8,64,1,1643,v2-ruled-vocabulary-2026-08-07,
Q8N9F7,non_surface,98,217,314,vocabulary,sliced_ecd,local,local,,int8,64,2,1644,v2-ruled-vocabulary-2026-08-07,
P34810,surface,298,22,319,vocabulary,sliced_ecd,local,local,,int8,64,3,1645,v2-ruled-vocabulary-2026-08-07,
P28476,surface,240,21,260,vocabulary,sliced_ecd,local,local,,int8,64,3,1646,v2-ruled-vocabulary-2026-08-07,
P30939,surface,24,1,24,vocabulary,sliced_ecd,local,local,,int8,64,1,1647,v2-ruled-vocabulary-2026-08-07,
Q9HCN3,surface,511,35,545,vocabulary,sliced_ecd,untested_band,rental,unmeasured_local_ceiling,fp16,64,5,1648,v2-ruled-vocabulary-2026-08-07,
Q13591,surface,946,23,968,vocabulary,sliced_ecd,above_local,rental,over_local_ceiling,fp16,64,5,1649,v2-ruled-vocabulary-2026-08-07,
P27701,surface,118,111,228,vocabulary,sliced_ecd,local,local,,int8,64,2,1650,v2-ruled-vocabulary-2026-08-07,
Q5VV43,surface,935,21,955,vocabulary,sliced_ecd,above_local,rental,over_local_ceiling,fp16,64,5,1651,v2-ruled-vocabulary-2026-08-07,
Q9C0I4,surface,1524,32,1555,vocabulary,sliced_ecd,above_local,rental,over_local_ceiling,fp16,64,5,1652,v2-ruled-vocabulary-2026-08-07,
P59922,surface,37,159,195,vocabulary,sliced_ecd,local,local,,int8,64,1,1653,v2-ruled-vocabulary-2026-08-07,
Q9UHM6,surface,72,1,72,vocabulary,sliced_ecd,local,local,,int8,64,2,1654,v2-ruled-vocabulary-2026-08-07,
Q8TBP5,surface,94,30,123,vocabulary,sliced_ecd,local,local,,int8,64,2,1655,v2-ruled-vocabulary-2026-08-07,
Q86XR5,surface,57,36,92,vocabulary,sliced_ecd,local,local,,int8,64,2,1656,v2-ruled-vocabulary-2026-08-07,
P04626,surface,630,23,652,vocabulary,sliced_ecd,above_local,rental,over_local_ceiling,fp16,64,5,1657,v2-ruled-vocabulary-2026-08-07,
Q8NGG7,surface,51,172,222,vocabulary,sliced_ecd,local,local,,int8,64,2,1658,v2-ruled-vocabulary-2026-08-07,
Q96HA9,non_surface,62,150,211,vocabulary,sliced_ecd,local,local,,int8,64,2,1659,v2-ruled-vocabulary-2026-08-07,
P08922,surface,1832,28,1859,vocabulary,sliced_ecd,above_local,rental,over_local_ceiling,fp16,64,5,1660,v2-ruled-vocabulary-2026-08-07,
Q8NEC5,non_surface,17,629,645,vocabulary,sliced_ecd,local,local,,int8,64,1,1661,v2-ruled-vocabulary-2026-08-07,
Q6T423,surface,115,31,145,vocabulary,sliced_ecd,local,local,,int8,64,2,1662,v2-ruled-vocabulary-2026-08-07,
P48167,surface,246,23,268,vocabulary,sliced_ecd,local,local,,int8,64,3,1663,v2-ruled-vocabulary-2026-08-07,
Q15109,surface,320,23,342,vocabulary,sliced_ecd,local,local,,int8,64,4,1664,v2-ruled-vocabulary-2026-08-07,
Q9H1B5,non_surface,829,37,865,vocabulary,sliced_ecd,above_local,rental,over_local_ceiling,fp16,64,5,1665,v2-ruled-vocabulary-2026-08-07,
Q8NGJ2,surface,32,1,32,vocabulary,sliced_ecd,local,local,,int8,64,1,1666,v2-ruled-vocabulary-2026-08-07,
P08F94,surface,3835,24,3858,vocabulary,sliced_ecd,above_local,rental,over_local_ceiling,fp16,64,5,1667,v2-ruled-vocabulary-2026-08-07,
Q8NGR1,surface,43,1,43,vocabulary,sliced_ecd,local,local,,int8,64,1,1668,v2-ruled-vocabulary-2026-08-07,
Q8NGK1,surface,36,163,198,vocabulary,sliced_ecd,local,local,,int8,64,1,1669,v2-ruled-vocabulary-2026-08-07,
P51572,non_surface,38,65,102,vocabulary,sliced_ecd,local,local,,int8,64,1,1670,v2-ruled-vocabulary-2026-08-07,
Q3ZAQ7,non_surface,19,47,65,vocabulary,sliced_ecd,local,local,,int8,64,1,1671,v2-ruled-vocabulary-2026-08-07,
P30550,surface,38,1,38,vocabulary,sliced_ecd,local,local,,int8,64,1,1672,v2-ruled-vocabulary-2026-08-07,
Q99706,surface,221,22,242,vocabulary,sliced_ecd,local,local,,int8,64,3,1673,v2-ruled-vocabulary-2026-08-07,
O95297,surface,127,36,162,vocabulary,sliced_ecd,local,local,,int8,64,2,1674,v2-ruled-vocabulary-2026-08-07,
Q96LB0,surface,31,1,31,vocabulary,sliced_ecd,local,local,,int8,64,1,1675,v2-ruled-vocabulary-2026-08-07,
Q6H3X3,surface,198,26,223,vocabulary,sliced_ecd,local,local,,int8,64,3,1676,v2-ruled-vocabulary-2026-08-07,
P55289,surface,555,55,609,vocabulary,sliced_ecd,untested_band,rental,unmeasured_local_ceiling,fp16,64,5,1677,v2-ruled-vocabulary-2026-08-07,
Q3MIP1,non_surface,5,39,43,vocabulary,sliced_ecd,local,local,,int8,64,1,1678,v2-ruled-vocabulary-2026-08-07,
P0C7N1,surface,61,144,204,vocabulary,sliced_ecd,local,local,,int8,64,2,1679,v2-ruled-vocabulary-2026-08-07,
O15120,non_surface,136,143,278,vocabulary,sliced_ecd,local,local,,int8,64,2,1680,v2-ruled-vocabulary-2026-08-07,
Q8NE00,surface,37,168,204,vocabulary,sliced_ecd,local,local,,int8,64,1,1681,v2-ruled-vocabulary-2026-08-07,
Q8WY07,surface,34,129,162,vocabulary,sliced_ecd,local,local,,int8,64,1,1682,v2-ruled-vocabulary-2026-08-07,
Q8NCG7,surface,20,39,58,vocabulary,sliced_ecd,local,local,,int8,64,1,1683,v2-ruled-vocabulary-2026-08-07,
Q9Y2C3,non_surface,282,29,310,vocabulary,sliced_ecd,local,local,,int8,64,3,1684,v2-ruled-vocabulary-2026-08-07,
Q96D42,surface,275,21,295,vocabulary,sliced_ecd,local,local,,int8,64,3,1685,v2-ruled-vocabulary-2026-08-07,
Q6ZWK6,non_surface,385,54,438,vocabulary,sliced_ecd,local,local,,int8,64,4,1686,v2-ruled-vocabulary-2026-08-07,
P20827,surface,163,19,181,gpi_rule_A,sliced_ecd,local,local,,int8,64,3,1687,v2-ruled-vocabulary-2026-08-07,
Q9NY28,non_surface,608,30,637,vocabulary,sliced_ecd,untested_band,rental,unmeasured_local_ceiling,fp16,64,5,1688,v2-ruled-vocabulary-2026-08-07,
P43146,surface,1072,26,1097,vocabulary,sliced_ecd,above_local,rental,over_local_ceiling,fp16,64,5,1689,v2-ruled-vocabulary-2026-08-07,
Q96J66,surface,36,828,863,vocabulary,sliced_ecd,local,local,,int8,64,1,1690,v2-ruled-vocabulary-2026-08-07,
Q969F8,surface,46,1,46,vocabulary,sliced_ecd,local,local,,int8,64,1,1691,v2-ruled-vocabulary-2026-08-07,
Q6IS24,non_surface,571,28,598,vocabulary,sliced_ecd,untested_band,rental,unmeasured_local_ceiling,fp16,64,5,1692,v2-ruled-vocabulary-2026-08-07,
O15400,non_surface,2,260,261,vocabulary,sliced_ecd,local,local,,int8,64,1,1693,v2-ruled-vocabulary-2026-08-07,
Q9HC56,surface,791,24,814,vocabulary,sliced_ecd,above_local,rental,over_local_ceiling,fp16,64,5,1694,v2-ruled-vocabulary-2026-08-07,
Q96SL1,surface,24,206,229,vocabulary,sliced_ecd,local,local,,int8,64,1,1695,v2-ruled-vocabulary-2026-08-07,
P78348,surface,361,67,427,vocabulary,sliced_ecd,local,local,,int8,64,4,1696,v2-ruled-vocabulary-2026-08-07,
Q93038,surface,175,25,199,vocabulary,sliced_ecd,local,local,,int8,64,3,1697,v2-ruled-vocabulary-2026-08-07,
O15245,surface,107,43,149,vocabulary,sliced_ecd,local,local,,int8,64,2,1698,v2-ruled-vocabulary-2026-08-07,
P02786,non_surface,672,89,760,vocabulary,sliced_ecd,above_local,rental,over_local_ceiling,fp16,64,5,1699,v2-ruled-vocabulary-2026-08-07,
Q9NP91,surface,92,298,389,vocabulary,sliced_ecd,local,local,,int8,64,2,1700,v2-ruled-vocabulary-2026-08-07,
Q9NYX4,surface,87,1,87,vocabulary,sliced_ecd,local,local,,int8,64,2,1701,v2-ruled-vocabulary-2026-08-07,
O15258,non_surface,1,62,62,vocabulary,sliced_ecd,local,local,,int8,64,1,1702,v2-ruled-vocabulary-2026-08-07,
Q8NFP4,surface,913,19,931,gpi_rule_A,sliced_ecd,above_local,rental,over_local_ceiling,fp16,64,5,1703,v2-ruled-vocabulary-2026-08-07,
Q13488,surface,64,469,532,vocabulary,sliced_ecd,local,local,,int8,64,2,1704,v2-ruled-vocabulary-2026-08-07,
Q5SY80,surface,884,20,903,vocabulary,sliced_ecd,above_local,rental,over_local_ceiling,fp16,64,5,1705,v2-ruled-vocabulary-2026-08-07,
Q9UQ53,non_surface,520,29,548,vocabulary,sliced_ecd,untested_band,rental,unmeasured_local_ceiling,fp16,64,5,1706,v2-ruled-vocabulary-2026-08-07,
P37173,surface,144,23,166,vocabulary,sliced_ecd,local,local,,int8,64,2,1707,v2-ruled-vocabulary-2026-08-07,
P38484,surface,220,28,247,vocabulary,sliced_ecd,local,local,,int8,64,3,1708,v2-ruled-vocabulary-2026-08-07,
P21579,non_surface,57,1,57,vocabulary,sliced_ecd,local,local,,int8,64,2,1709,v2-ruled-vocabulary-2026-08-07,
O95221,surface,36,161,196,vocabulary,sliced_ecd,local,local,,int8,64,1,1710,v2-ruled-vocabulary-2026-08-07,
Q7Z6M3,surface,208,20,227,vocabulary,sliced_ecd,local,local,,int8,64,3,1711,v2-ruled-vocabulary-2026-08-07,
P0C7T2,surface,37,152,188,vocabulary,sliced_ecd,local,local,,int8,64,1,1712,v2-ruled-vocabulary-2026-08-07,
Q902F8,surface,543,90,632,vocabulary,sliced_ecd,untested_band,rental,unmeasured_local_ceiling,fp16,64,5,1713,v2-ruled-vocabulary-2026-08-07,
P55285,surface,562,54,615,vocabulary,sliced_ecd,untested_band,rental,unmeasured_local_ceiling,fp16,64,5,1714,v2-ruled-vocabulary-2026-08-07,
Q9NQS5,surface,26,1,26,vocabulary,sliced_ecd,local,local,,int8,64,1,1715,v2-ruled-vocabulary-2026-08-07,
Q9Y6Q6,surface,183,30,212,vocabulary,sliced_ecd,local,local,,int8,64,3,1716,v2-ruled-vocabulary-2026-08-07,
O00590,surface,50,1,50,vocabulary,sliced_ecd,local,local,,int8,64,1,1717,v2-ruled-vocabulary-2026-08-07,
P04629,surface,391,33,423,vocabulary,sliced_ecd,local,local,,int8,64,4,1718,v2-ruled-vocabulary-2026-08-07,
A2RRL7,surface,16,92,107,vocabulary,sliced_ecd,local,local,,int8,64,1,1719,v2-ruled-vocabulary-2026-08-07,
Q9P1W8,surface,332,29,360,vocabulary,sliced_ecd,local,local,,int8,64,4,1720,v2-ruled-vocabulary-2026-08-07,
Q8N130,surface,113,210,322,vocabulary,sliced_ecd,local,local,,int8,64,2,1721,v2-ruled-vocabulary-2026-08-07,
P21918,surface,43,181,223,vocabulary,sliced_ecd,local,local,,int8,64,1,1722,v2-ruled-vocabulary-2026-08-07,
P19397,surface,75,107,181,vocabulary,sliced_ecd,local,local,,int8,64,2,1723,v2-ruled-vocabulary-2026-08-07,
Q8N0W7,non_surface,94,90,183,vocabulary,sliced_ecd,local,local,,int8,64,2,1724,v2-ruled-vocabulary-2026-08-07,
Q9NZH0,surface,28,29,56,vocabulary,sliced_ecd,local,local,,int8,64,1,1725,v2-ruled-vocabulary-2026-08-07,
Q16549,non_surface,526,142,667,vocabulary,sliced_ecd,untested_band,rental,unmeasured_local_ceiling,fp16,64,5,1726,v2-ruled-vocabulary-2026-08-07,
Q8N628,surface,37,160,196,vocabulary,sliced_ecd,local,local,,int8,64,1,1727,v2-ruled-vocabulary-2026-08-07,
Q8NGE1,surface,37,159,195,vocabulary,sliced_ecd,local,local,,int8,64,1,1728,v2-ruled-vocabulary-2026-08-07,
Q9H344,surface,36,161,196,vocabulary,sliced_ecd,local,local,,int8,64,1,1729,v2-ruled-vocabulary-2026-08-07,
Q13286,surface,69,59,127,vocabulary,sliced_ecd,local,local,,int8,64,2,1730,v2-ruled-vocabulary-2026-08-07,
Q49SQ1,surface,44,166,209,vocabulary,sliced_ecd,local,local,,int8,64,1,1731,v2-ruled-vocabulary-2026-08-07,
P0C629,surface,32,171,202,vocabulary,sliced_ecd,local,local,,int8,64,1,1732,v2-ruled-vocabulary-2026-08-07,
Q8WY21,surface,1066,34,1099,vocabulary,sliced_ecd,above_local,rental,over_local_ceiling,fp16,64,5,1733,v2-ruled-vocabulary-2026-08-07,
Q8N2Q7,surface,672,46,717,vocabulary,sliced_ecd,above_local,rental,over_local_ceiling,fp16,64,5,1734,v2-ruled-vocabulary-2026-08-07,
O43825,non_surface,377,46,422,vocabulary,sliced_ecd,local,local,,int8,64,4,1735,v2-ruled-vocabulary-2026-08-07,
O60431,surface,37,159,195,vocabulary,sliced_ecd,local,local,,int8,64,1,1736,v2-ruled-vocabulary-2026-08-07,
Q9BZJ6,surface,81,1,81,vocabulary,sliced_ecd,local,local,,int8,64,2,1737,v2-ruled-vocabulary-2026-08-07,
P14207,surface,213,17,229,gpi_rule_A,sliced_ecd,local,local,,int8,64,3,1738,v2-ruled-vocabulary-2026-08-07,
Q9NPI9,non_surface,23,95,117,vocabulary,sliced_ecd,local,local,,int8,64,1,1739,v2-ruled-vocabulary-2026-08-07,
Q9NZU0,surface,500,29,528,vocabulary,sliced_ecd,untested_band,rental,unmeasured_local_ceiling,fp16,64,5,1740,v2-ruled-vocabulary-2026-08-07,
Q8NH63,surface,36,163,198,vocabulary,sliced_ecd,local,local,,int8,64,1,1741,v2-ruled-vocabulary-2026-08-07,
Q9NV12,surface,45,33,77,vocabulary,sliced_ecd,local,local,,int8,64,1,1742,v2-ruled-vocabulary-2026-08-07,
Q8NGF3,surface,38,1,38,vocabulary,sliced_ecd,local,local,,int8,64,1,1743,v2-ruled-vocabulary-2026-08-07,
Q9Y5I2,surface,667,29,695,vocabulary,sliced_ecd,above_local,rental,over_local_ceiling,fp16,64,5,1744,v2-ruled-vocabulary-2026-08-07,
E2RYF6,surface,1634,27,1660,vocabulary,sliced_ecd,above_local,rental,over_local_ceiling,fp16,64,5,1745,v2-ruled-vocabulary-2026-08-07,
Q8NGR9,surface,33,167,199,vocabulary,sliced_ecd,local,local,,int8,64,1,1746,v2-ruled-vocabulary-2026-08-07,
Q9Y5I7,surface,55,25,79,vocabulary,sliced_ecd,local,local,,int8,64,2,1747,v2-ruled-vocabulary-2026-08-07,
Q9GZV3,surface,25,213,237,vocabulary,sliced_ecd,local,local,,int8,64,1,1748,v2-ruled-vocabulary-2026-08-07,
Q9NZS9,non_surface,170,162,331,vocabulary,sliced_ecd,local,local,,int8,64,3,1749,v2-ruled-vocabulary-2026-08-07,
Q9NS62,surface,389,25,413,vocabulary,sliced_ecd,local,local,,int8,64,4,1750,v2-ruled-vocabulary-2026-08-07,
Q09328,non_surface,711,31,741,vocabulary,sliced_ecd,above_local,rental,over_local_ceiling,fp16,64,5,1751,v2-ruled-vocabulary-2026-08-07,
Q8NBI6,non_surface,349,45,393,vocabulary,sliced_ecd,local,local,,int8,64,4,1752,v2-ruled-vocabulary-2026-08-07,
Q8WXG9,surface,5879,30,5908,vocabulary,sliced_ecd,above_local,rental,over_local_ceiling,fp16,64,5,1753,v2-ruled-vocabulary-2026-08-07,
P48067,surface,77,209,285,vocabulary,sliced_ecd,local,local,,int8,64,2,1754,v2-ruled-vocabulary-2026-08-07,
Q02413,surface,499,50,548,vocabulary,sliced_ecd,untested_band,rental,unmeasured_local_ceiling,fp16,64,5,1755,v2-ruled-vocabulary-2026-08-07,
P01730,surface,371,26,396,vocabulary,sliced_ecd,local,local,,int8,64,4,1756,v2-ruled-vocabulary-2026-08-07,
Q99677,surface,43,1,43,vocabulary,sliced_ecd,local,local,,int8,64,1,1757,v2-ruled-vocabulary-2026-08-07,
P15529,surface,309,35,343,vocabulary,sliced_ecd,local,local,,int8,64,4,1758,v2-ruled-vocabulary-2026-08-07,
P35348,surface,27,1,27,vocabulary,sliced_ecd,local,local,,int8,64,1,1759,v2-ruled-vocabulary-2026-08-07,
P22732,surface,29,40,68,vocabulary,sliced_ecd,local,local,,int8,64,1,1760,v2-ruled-vocabulary-2026-08-07,
Q9H208,surface,37,148,184,vocabulary,sliced_ecd,local,local,,int8,64,1,1761,v2-ruled-vocabulary-2026-08-07,
P60852,surface,576,26,601,vocabulary,sliced_ecd,untested_band,rental,unmeasured_local_ceiling,fp16,64,5,1762,v2-ruled-vocabulary-2026-08-07,
Q9GZK4,surface,37,157,193,vocabulary,sliced_ecd,local,local,,int8,64,1,1763,v2-ruled-vocabulary-2026-08-07,
Q9H013,surface,497,203,699,vocabulary,sliced_ecd,untested_band,rental,unmeasured_local_ceiling,fp16,64,5,1764,v2-ruled-vocabulary-2026-08-07,
Q8NGJ0,surface,37,162,198,vocabulary,sliced_ecd,local,local,,int8,64,1,1765,v2-ruled-vocabulary-2026-08-07,
P67812,non_surface,143,37,179,vocabulary,sliced_ecd,local,local,,int8,64,2,1766,v2-ruled-vocabulary-2026-08-07,
Q9NR97,surface,801,27,827,vocabulary,sliced_ecd,above_local,rental,over_local_ceiling,fp16,64,5,1767,v2-ruled-vocabulary-2026-08-07,
O95727,surface,270,18,287,vocabulary,sliced_ecd,local,local,,int8,64,3,1768,v2-ruled-vocabulary-2026-08-07,
Q7L0X0,surface,671,26,696,vocabulary,sliced_ecd,above_local,rental,over_local_ceiling,fp16,64,5,1769,v2-ruled-vocabulary-2026-08-07,
Q6IEY1,surface,37,159,195,vocabulary,sliced_ecd,local,local,,int8,64,1,1770,v2-ruled-vocabulary-2026-08-07,
P78536,surface,457,215,671,vocabulary,sliced_ecd,untested_band,rental,unmeasured_local_ceiling,fp16,64,5,1771,v2-ruled-vocabulary-2026-08-07,
Q8NGS2,surface,38,159,196,vocabulary,sliced_ecd,local,local,,int8,64,1,1772,v2-ruled-vocabulary-2026-08-07,
Q7Z5H5,surface,38,148,185,vocabulary,sliced_ecd,local,local,,int8,64,1,1773,v2-ruled-vocabulary-2026-08-07,
O75192,non_surface,114,106,219,vocabulary,sliced_ecd,local,local,,int8,64,2,1774,v2-ruled-vocabulary-2026-08-07,
Q9NQ84,surface,32,177,208,vocabulary,sliced_ecd,local,local,,int8,64,1,1775,v2-ruled-vocabulary-2026-08-07,
O14718,surface,26,1,26,vocabulary,sliced_ecd,local,local,,int8,64,1,1776,v2-ruled-vocabulary-2026-08-07,
Q8IUC8,non_surface,529,28,556,vocabulary,sliced_ecd,untested_band,rental,unmeasured_local_ceiling,fp16,64,5,1777,v2-ruled-vocabulary-2026-08-07,
O60669,surface,23,37,59,vocabulary,sliced_ecd,local,local,,int8,64,1,1778,v2-ruled-vocabulary-2026-08-07,
O95436,surface,129,234,362,vocabulary,sliced_ecd,local,local,,int8,64,2,1779,v2-ruled-vocabulary-2026-08-07,
Q8NGK4,surface,36,163,198,vocabulary,sliced_ecd,local,local,,int8,64,1,1780,v2-ruled-vocabulary-2026-08-07,
Q5VYJ5,surface,2045,32,2076,vocabulary,sliced_ecd,above_local,rental,over_local_ceiling,fp16,64,5,1781,v2-ruled-vocabulary-2026-08-07,
Q9H7M9,surface,162,33,194,vocabulary,sliced_ecd,local,local,,int8,64,3,1782,v2-ruled-vocabulary-2026-08-07,
P21462,surface,43,163,205,vocabulary,sliced_ecd,local,local,,int8,64,1,1783,v2-ruled-vocabulary-2026-08-07,
Q8NHX9,non_surface,34,602,635,vocabulary,sliced_ecd,local,local,,int8,64,1,1784,v2-ruled-vocabulary-2026-08-07,
Q9NV92,non_surface,28,309,336,vocabulary,sliced_ecd,local,local,,int8,64,1,1785,v2-ruled-vocabulary-2026-08-07,
Q9BZM4,surface,187,30,216,gpi_rule_A,sliced_ecd,local,local,,int8,64,3,1786,v2-ruled-vocabulary-2026-08-07,
Q5T3F8,surface,40,1,40,vocabulary,sliced_ecd,local,local,,int8,64,1,1787,v2-ruled-vocabulary-2026-08-07,
O95264,surface,217,22,238,vocabulary,sliced_ecd,local,local,,int8,64,3,1788,v2-ruled-vocabulary-2026-08-07,
Q8IU80,surface,735,77,811,vocabulary,sliced_ecd,above_local,rental,over_local_ceiling,fp16,64,5,1789,v2-ruled-vocabulary-2026-08-07,
Q8NG98,surface,37,161,197,vocabulary,sliced_ecd,local,local,,int8,64,1,1790,v2-ruled-vocabulary-2026-08-07,
Q9Y275,surface,218,68,285,vocabulary,sliced_ecd,local,local,,int8,64,3,1791,v2-ruled-vocabulary-2026-08-07,
Q8NG76,surface,37,157,193,vocabulary,sliced_ecd,local,local,,int8,64,1,1792,v2-ruled-vocabulary-2026-08-07,
P11215,surface,1088,17,1104,vocabulary,sliced_ecd,above_local,rental,over_local_ceiling,fp16,64,5,1793,v2-ruled-vocabulary-2026-08-07,
B2RUZ4,non_surface,11,68,78,vocabulary,sliced_ecd,local,local,,int8,64,1,1794,v2-ruled-vocabulary-2026-08-07,
Q96MH6,non_surface,178,147,324,vocabulary,sliced_ecd,local,local,,int8,64,3,1795,v2-ruled-vocabulary-2026-08-07,
Q53GD3,surface,174,56,229,vocabulary,sliced_ecd,local,local,,int8,64,3,1796,v2-ruled-vocabulary-2026-08-07,
P29376,surface,408,17,424,vocabulary,sliced_ecd,local,local,,int8,64,4,1797,v2-ruled-vocabulary-2026-08-07,
P28908,surface,367,19,385,vocabulary,sliced_ecd,local,local,,int8,64,4,1798,v2-ruled-vocabulary-2026-08-07,
Q68DV7,surface,174,24,197,vocabulary,sliced_ecd,local,local,,int8,64,3,1799,v2-ruled-vocabulary-2026-08-07,
Q01974,surface,370,34,403,vocabulary,sliced_ecd,local,local,,int8,64,4,1800,v2-ruled-vocabulary-2026-08-07,
Q8N0U8,non_surface,51,37,87,vocabulary,sliced_ecd,local,local,,int8,64,2,1801,v2-ruled-vocabulary-2026-08-07,
Q5XXA6,surface,87,806,892,vocabulary,sliced_ecd,local,local,,int8,64,2,1802,v2-ruled-vocabulary-2026-08-07,
O00206,surface,608,24,631,vocabulary,sliced_ecd,untested_band,rental,unmeasured_local_ceiling,fp16,64,5,1803,v2-ruled-vocabulary-2026-08-07,
Q8IYR6,surface,291,40,330,vocabulary,sliced_ecd,local,local,,int8,64,3,1804,v2-ruled-vocabulary-2026-08-07,
Q8NH43,surface,37,159,195,vocabulary,sliced_ecd,local,local,,int8,64,1,1805,v2-ruled-vocabulary-2026-08-07,
Q15303,surface,626,26,651,vocabulary,sliced_ecd,untested_band,rental,unmeasured_local_ceiling,fp16,64,5,1806,v2-ruled-vocabulary-2026-08-07,
Q16842,non_surface,323,28,350,vocabulary,sliced_ecd,local,local,,int8,64,4,1807,v2-ruled-vocabulary-2026-08-07,
Q7Z2K6,surface,315,85,399,vocabulary,sliced_ecd,local,local,,int8,64,4,1808,v2-ruled-vocabulary-2026-08-07,
Q8NGX9,surface,37,161,197,vocabulary,sliced_ecd,local,local,,int8,64,1,1809,v2-ruled-vocabulary-2026-08-07,
Q9ULL4,surface,1211,45,1255,vocabulary,sliced_ecd,above_local,rental,over_local_ceiling,fp16,64,5,1810,v2-ruled-vocabulary-2026-08-07,
Q8NF91,non_surface,30,8768,8797,vocabulary,sliced_ecd,local,local,,int8,64,1,1811,v2-ruled-vocabulary-2026-08-07,
Q9H6D8,surface,123,45,167,vocabulary,sliced_ecd,local,local,,int8,64,2,1812,v2-ruled-vocabulary-2026-08-07,
P57088,non_surface,34,122,155,vocabulary,sliced_ecd,local,local,,int8,64,1,1813,v2-ruled-vocabulary-2026-08-07,
Q7L985,surface,518,28,545,vocabulary,sliced_ecd,untested_band,rental,unmeasured_local_ceiling,fp16,64,5,1814,v2-ruled-vocabulary-2026-08-07,
Q96P67,surface,64,273,336,vocabulary,sliced_ecd,local,local,,int8,64,2,1815,v2-ruled-vocabulary-2026-08-07,
P10747,surface,134,19,152,vocabulary,sliced_ecd,local,local,,int8,64,2,1816,v2-ruled-vocabulary-2026-08-07,
O14764,surface,227,25,251,vocabulary,sliced_ecd,local,local,,int8,64,3,1817,v2-ruled-vocabulary-2026-08-07,
P47893,surface,38,168,205,vocabulary,sliced_ecd,local,local,,int8,64,1,1818,v2-ruled-vocabulary-2026-08-07,
P38570,surface,1108,19,1126,vocabulary,sliced_ecd,above_local,rental,over_local_ceiling,fp16,64,5,1819,v2-ruled-vocabulary-2026-08-07,
Q71RS6,surface,37,30,66,vocabulary,sliced_ecd,local,local,,int8,64,1,1820,v2-ruled-vocabulary-2026-08-07,
Q9UBH6,non_surface,7,423,429,vocabulary,sliced_ecd,local,local,,int8,64,1,1821,v2-ruled-vocabulary-2026-08-07,
Q96H72,non_surface,65,171,235,vocabulary,sliced_ecd,local,local,,int8,64,2,1822,v2-ruled-vocabulary-2026-08-07,
O95918,surface,37,157,193,vocabulary,sliced_ecd,local,local,,int8,64,1,1823,v2-ruled-vocabulary-2026-08-07,
P14616,surface,175,747,921,vocabulary,sliced_ecd,local,local,,int8,64,3,1824,v2-ruled-vocabulary-2026-08-07,
Q8NET6,non_surface,311,31,341,vocabulary,sliced_ecd,local,local,,int8,64,4,1825,v2-ruled-vocabulary-2026-08-07,
Q6DWJ6,surface,29,1,29,vocabulary,sliced_ecd,local,local,,int8,64,1,1826,v2-ruled-vocabulary-2026-08-07,
Q8NGP9,surface,45,161,205,vocabulary,sliced_ecd,local,local,,int8,64,1,1827,v2-ruled-vocabulary-2026-08-07,
Q11206,non_surface,307,27,333,vocabulary,sliced_ecd,local,local,,int8,64,4,1828,v2-ruled-vocabulary-2026-08-07,
A6NDX4,non_surface,101,24,124,vocabulary,sliced_ecd,local,local,,int8,64,2,1829,v2-ruled-vocabulary-2026-08-07,
Q3ZCQ3,surface,64,27,90,vocabulary,sliced_ecd,local,local,,int8,64,2,1830,v2-ruled-vocabulary-2026-08-07,
P49146,surface,45,1,45,vocabulary,sliced_ecd,local,local,,int8,64,1,1831,v2-ruled-vocabulary-2026-08-07,
Q6UWB4,non_surface,306,19,324,gpi_rule_A,sliced_ecd,local,local,,int8,64,4,1832,v2-ruled-vocabulary-2026-08-07,chain_end_exceeds_anchor
P21917,surface,29,1,29,vocabulary,sliced_ecd,local,local,,int8,64,1,1833,v2-ruled-vocabulary-2026-08-07,
Q8TDS7,surface,24,1,24,vocabulary,sliced_ecd,local,local,,int8,64,1,1834,v2-ruled-vocabulary-2026-08-07,
Q8NH18,surface,36,161,196,vocabulary,sliced_ecd,local,local,,int8,64,1,1835,v2-ruled-vocabulary-2026-08-07,
Q9BYE2,surface,400,187,586,vocabulary,sliced_ecd,local,local,,int8,64,4,1836,v2-ruled-vocabulary-2026-08-07,
Q9HAT1,non_surface,437,26,462,vocabulary,sliced_ecd,local,local,,int8,64,4,1837,v2-ruled-vocabulary-2026-08-07,
Q96AW1,non_surface,38,23,60,vocabulary,sliced_ecd,local,local,,int8,64,1,1838,v2-ruled-vocabulary-2026-08-07,
O43869,surface,76,1,76,vocabulary,sliced_ecd,local,local,,int8,64,2,1839,v2-ruled-vocabulary-2026-08-07,
Q6P995,surface,321,33,353,vocabulary,sliced_ecd,local,local,,int8,64,4,1840,v2-ruled-vocabulary-2026-08-07,
P47869,surface,221,29,249,vocabulary,sliced_ecd,local,local,,int8,64,3,1841,v2-ruled-vocabulary-2026-08-07,
Q14954,surface,224,22,245,vocabulary,sliced_ecd,local,local,,int8,64,3,1842,v2-ruled-vocabulary-2026-08-07,
Q6UWI2,surface,238,21,258,vocabulary,sliced_ecd,local,local,,int8,64,3,1843,v2-ruled-vocabulary-2026-08-07,
O60309,surface,1546,36,1581,vocabulary,sliced_ecd,above_local,rental,over_local_ceiling,fp16,64,5,1844,v2-ruled-vocabulary-2026-08-07,
Q9Y2C9,surface,555,32,586,vocabulary,sliced_ecd,untested_band,rental,unmeasured_local_ceiling,fp16,64,5,1845,v2-ruled-vocabulary-2026-08-07,
Q8NBI2,non_surface,27,176,202,vocabulary,sliced_ecd,local,local,,int8,64,1,1846,v2-ruled-vocabulary-2026-08-07,
P13498,non_surface,5,31,35,vocabulary,sliced_ecd,local,local,,int8,64,1,1847,v2-ruled-vocabulary-2026-08-07,
Q96JF0,non_surface,497,33,529,vocabulary,sliced_ecd,untested_band,rental,unmeasured_local_ceiling,fp16,64,5,1848,v2-ruled-vocabulary-2026-08-07,
Q16739,non_surface,72,216,287,vocabulary,sliced_ecd,local,local,,int8,64,2,1849,v2-ruled-vocabulary-2026-08-07,
Q8NGA5,surface,37,162,198,vocabulary,sliced_ecd,local,local,,int8,64,1,1850,v2-ruled-vocabulary-2026-08-07,
Q8NGZ6,surface,37,161,197,vocabulary,sliced_ecd,local,local,,int8,64,1,1851,v2-ruled-vocabulary-2026-08-07,
Q8NCR0,non_surface,477,24,500,vocabulary,sliced_ecd,untested_band,rental,unmeasured_local_ceiling,fp16,64,5,1852,v2-ruled-vocabulary-2026-08-07,
Q8N4V1,non_surface,21,23,43,vocabulary,sliced_ecd,local,local,,int8,64,1,1853,v2-ruled-vocabulary-2026-08-07,
Q14114,surface,785,42,826,vocabulary,sliced_ecd,above_local,rental,over_local_ceiling,fp16,64,5,1854,v2-ruled-vocabulary-2026-08-07,
Q8IVM8,surface,107,37,143,vocabulary,sliced_ecd,local,local,,int8,64,2,1855,v2-ruled-vocabulary-2026-08-07,
Q13724,non_surface,778,60,837,vocabulary,sliced_ecd,above_local,rental,over_local_ceiling,fp16,64,5,1856,v2-ruled-vocabulary-2026-08-07,
P32971,surface,172,63,234,vocabulary,sliced_ecd,local,local,,int8,64,3,1857,v2-ruled-vocabulary-2026-08-07,
O94778,surface,28,129,156,vocabulary,sliced_ecd,local,local,,int8,64,1,1858,v2-ruled-vocabulary-2026-08-07,
P34995,surface,35,1,35,vocabulary,sliced_ecd,local,local,,int8,64,1,1859,v2-ruled-vocabulary-2026-08-07,
P35968,surface,745,20,764,vocabulary,sliced_ecd,above_local,rental,over_local_ceiling,fp16,64,5,1860,v2-ruled-vocabulary-2026-08-07,
P21439,surface,45,74,118,vocabulary,sliced_ecd,local,local,,int8,64,1,1861,v2-ruled-vocabulary-2026-08-07,
Q96PE5,surface,29,1,29,vocabulary,sliced_ecd,local,local,,int8,64,1,1862,v2-ruled-vocabulary-2026-08-07,
Q4G148,non_surface,411,30,440,vocabulary,sliced_ecd,local,local,,int8,64,4,1863,v2-ruled-vocabulary-2026-08-07,
Q9NZQ8,non_surface,12,940,951,vocabulary,sliced_ecd,local,local,,int8,64,1,1864,v2-ruled-vocabulary-2026-08-07,
Q8NGI8,surface,42,156,197,vocabulary,sliced_ecd,local,local,,int8,64,1,1865,v2-ruled-vocabulary-2026-08-07,
P43119,surface,23,159,181,vocabulary,sliced_ecd,local,local,,int8,64,1,1866,v2-ruled-vocabulary-2026-08-07,
Q8NBD8,non_surface,15,95,109,vocabulary,sliced_ecd,local,local,,int8,64,1,1867,v2-ruled-vocabulary-2026-08-07,
Q8NGX5,surface,37,161,197,vocabulary,sliced_ecd,local,local,,int8,64,1,1868,v2-ruled-vocabulary-2026-08-07,
Q9BYF1,surface,723,18,740,vocabulary,sliced_ecd,above_local,rental,over_local_ceiling,fp16,64,5,1869,v2-ruled-vocabulary-2026-08-07,
O75631,surface,189,19,207,vocabulary,sliced_ecd,local,local,,int8,64,3,1870,v2-ruled-vocabulary-2026-08-07,
Q15155,non_surface,1124,32,1155,vocabulary,sliced_ecd,above_local,rental,over_local_ceiling,fp16,64,5,1871,v2-ruled-vocabulary-2026-08-07,
P0C626,surface,25,119,143,vocabulary,sliced_ecd,local,local,,int8,64,1,1872,v2-ruled-vocabulary-2026-08-07,
P48048,non_surface,25,103,127,vocabulary,sliced_ecd,local,local,,int8,64,1,1873,v2-ruled-vocabulary-2026-08-07,
Q96L58,non_surface,295,35,329,vocabulary,sliced_ecd,local,local,,int8,64,3,1874,v2-ruled-vocabulary-2026-08-07,
Q8NHA4,surface,37,159,195,vocabulary,sliced_ecd,local,local,,int8,64,1,1875,v2-ruled-vocabulary-2026-08-07,
A1KXE4,non_surface,100,43,142,vocabulary,sliced_ecd,local,local,,int8,64,2,1876,v2-ruled-vocabulary-2026-08-07,
Q9BX84,non_surface,79,763,841,vocabulary,sliced_ecd,local,local,,int8,64,2,1877,v2-ruled-vocabulary-2026-08-07,
P27487,surface,738,29,766,vocabulary,sliced_ecd,above_local,rental,over_local_ceiling,fp16,64,5,1878,v2-ruled-vocabulary-2026-08-07,
Q9NPD5,surface,112,426,537,vocabulary,sliced_ecd,local,local,,int8,64,2,1879,v2-ruled-vocabulary-2026-08-07,
Q13449,surface,286,29,314,gpi_rule_A,sliced_ecd,local,local,,int8,64,3,1880,v2-ruled-vocabulary-2026-08-07,
Q96RP7,non_surface,447,40,486,vocabulary,sliced_ecd,untested_band,rental,unmeasured_local_ceiling,fp16,64,5,1881,v2-ruled-vocabulary-2026-08-07,
Q96D96,non_surface,17,122,138,vocabulary,sliced_ecd,local,local,,int8,64,1,1882,v2-ruled-vocabulary-2026-08-07,
Q9NVV0,non_surface,19,1,19,vocabulary,sliced_ecd,local,local,,int8,64,1,1883,v2-ruled-vocabulary-2026-08-07,
Q8NGY1,surface,37,161,197,vocabulary,sliced_ecd,local,local,,int8,64,1,1884,v2-ruled-vocabulary-2026-08-07,
Q8NG77,surface,37,157,193,vocabulary,sliced_ecd,local,local,,int8,64,1,1885,v2-ruled-vocabulary-2026-08-07,
Q9NTJ5,non_surface,7,542,548,vocabulary,sliced_ecd,local,local,,int8,64,1,1886,v2-ruled-vocabulary-2026-08-07,
Q12791,non_surface,86,1,86,vocabulary,sliced_ecd,local,local,,int8,64,2,1887,v2-ruled-vocabulary-2026-08-07,
Q10981,non_surface,315,29,343,vocabulary,sliced_ecd,local,local,,int8,64,4,1888,v2-ruled-vocabulary-2026-08-07,
Q8N3G9,non_surface,315,25,339,vocabulary,sliced_ecd,local,local,,int8,64,4,1889,v2-ruled-vocabulary-2026-08-07,
Q92544,surface,258,24,281,vocabulary,sliced_ecd,local,local,,int8,64,3,1890,v2-ruled-vocabulary-2026-08-07,
Q9H7T0,non_surface,1053,1,1053,vocabulary,sliced_ecd,above_local,rental,over_local_ceiling,fp16,64,5,1891,v2-ruled-vocabulary-2026-08-07,
Q6DN72,surface,288,20,307,vocabulary,sliced_ecd,local,local,,int8,64,3,1892,v2-ruled-vocabulary-2026-08-07,
P23510,surface,133,51,183,vocabulary,sliced_ecd,local,local,,int8,64,2,1893,v2-ruled-vocabulary-2026-08-07,
Q8TDX9,surface,1748,1,1748,vocabulary,sliced_ecd,above_local,rental,over_local_ceiling,fp16,64,5,1894,v2-ruled-vocabulary-2026-08-07,
O14804,surface,34,1,34,vocabulary,sliced_ecd,local,local,,int8,64,1,1895,v2-ruled-vocabulary-2026-08-07,
Q2TAA5,non_surface,19,1,19,vocabulary,sliced_ecd,local,local,,int8,64,1,1896,v2-ruled-vocabulary-2026-08-07,
O43155,surface,506,36,541,vocabulary,sliced_ecd,untested_band,rental,unmeasured_local_ceiling,fp16,64,5,1897,v2-ruled-vocabulary-2026-08-07,
Q13332,surface,1253,30,1282,vocabulary,sliced_ecd,above_local,rental,over_local_ceiling,fp16,64,5,1898,v2-ruled-vocabulary-2026-08-07,
Q96FL9,non_surface,526,27,552,vocabulary,sliced_ecd,untested_band,rental,unmeasured_local_ceiling,fp16,64,5,1899,v2-ruled-vocabulary-2026-08-07,
Q9NS66,surface,28,161,188,vocabulary,sliced_ecd,local,local,,int8,64,1,1900,v2-ruled-vocabulary-2026-08-07,
P17693,surface,284,25,308,vocabulary,sliced_ecd,local,local,,int8,64,3,1901,v2-ruled-vocabulary-2026-08-07,
Q9BWL3,non_surface,7,1,7,vocabulary,sliced_ecd,local,local,,int8,64,1,1902,v2-ruled-vocabulary-2026-08-07,
O94901,non_surface,477,309,785,vocabulary,sliced_ecd,untested_band,rental,unmeasured_local_ceiling,fp16,64,5,1903,v2-ruled-vocabulary-2026-08-07,
Q9ULH4,surface,514,21,534,vocabulary,sliced_ecd,untested_band,rental,unmeasured_local_ceiling,fp16,64,5,1904,v2-ruled-vocabulary-2026-08-07,
O14931,surface,117,19,135,vocabulary,sliced_ecd,local,local,,int8,64,2,1905,v2-ruled-vocabulary-2026-08-07,
Q6UXK5,surface,606,26,631,vocabulary,sliced_ecd,untested_band,rental,unmeasured_local_ceiling,fp16,64,5,1906,v2-ruled-vocabulary-2026-08-07,
Q11128,non_surface,340,35,374,vocabulary,sliced_ecd,local,local,,int8,64,4,1907,v2-ruled-vocabulary-2026-08-07,
P32927,surface,427,17,443,vocabulary,sliced_ecd,local,local,,int8,64,4,1908,v2-ruled-vocabulary-2026-08-07,
Q9NX76,non_surface,7,61,67,vocabulary,sliced_ecd,local,local,,int8,64,1,1909,v2-ruled-vocabulary-2026-08-07,
P26010,surface,704,20,723,vocabulary,sliced_ecd,above_local,rental,over_local_ceiling,fp16,64,5,1910,v2-ruled-vocabulary-2026-08-07,
P49768,surface,29,104,132,vocabulary,sliced_ecd,local,local,,int8,64,1,1911,v2-ruled-vocabulary-2026-08-07,
Q8NGE8,surface,37,159,195,vocabulary,sliced_ecd,local,local,,int8,64,1,1912,v2-ruled-vocabulary-2026-08-07,
O00144,surface,207,23,229,vocabulary,sliced_ecd,local,local,,int8,64,3,1913,v2-ruled-vocabulary-2026-08-07,
Q9H2C8,surface,36,170,205,vocabulary,sliced_ecd,local,local,,int8,64,1,1914,v2-ruled-vocabulary-2026-08-07,
Q86V35,non_surface,6,210,215,vocabulary,sliced_ecd,local,local,,int8,64,1,1915,v2-ruled-vocabulary-2026-08-07,
Q6ZSY5,non_surface,10,790,799,vocabulary,sliced_ecd,local,local,,int8,64,1,1916,v2-ruled-vocabulary-2026-08-07,
Q6ZMI3,surface,512,40,551,vocabulary,sliced_ecd,untested_band,rental,unmeasured_local_ceiling,fp16,64,5,1917,v2-ruled-vocabulary-2026-08-07,
Q96DB9,non_surface,124,22,145,vocabulary,sliced_ecd,local,local,,int8,64,2,1918,v2-ruled-vocabulary-2026-08-07,
Q9BT76,surface,211,30,240,vocabulary,sliced_ecd,local,local,,int8,64,3,1919,v2-ruled-vocabulary-2026-08-07,
Q8NGJ5,surface,36,163,198,vocabulary,sliced_ecd,local,local,,int8,64,1,1920,v2-ruled-vocabulary-2026-08-07,
P23945,surface,349,18,366,vocabulary,sliced_ecd,local,local,,int8,64,4,1921,v2-ruled-vocabulary-2026-08-07,
P69849,non_surface,1124,32,1155,vocabulary,sliced_ecd,above_local,rental,over_local_ceiling,fp16,64,5,1922,v2-ruled-vocabulary-2026-08-07,
Q9Y5E6,surface,664,27,690,vocabulary,sliced_ecd,above_local,rental,over_local_ceiling,fp16,64,5,1923,v2-ruled-vocabulary-2026-08-07,
Q01344,surface,322,21,342,vocabulary,sliced_ecd,local,local,,int8,64,4,1924,v2-ruled-vocabulary-2026-08-07,
P57727,non_surface,385,70,454,vocabulary,sliced_ecd,local,local,,int8,64,4,1925,v2-ruled-vocabulary-2026-08-07,
Q96RI8,surface,34,169,202,vocabulary,sliced_ecd,local,local,,int8,64,1,1926,v2-ruled-vocabulary-2026-08-07,
Q9BRY0,non_surface,22,64,85,vocabulary,sliced_ecd,local,local,,int8,64,1,1927,v2-ruled-vocabulary-2026-08-07,
Q9HC58,surface,63,45,107,vocabulary,sliced_ecd,local,local,,int8,64,2,1928,v2-ruled-vocabulary-2026-08-07,
O95259,non_surface,49,400,448,vocabulary,sliced_ecd,local,local,,int8,64,1,1929,v2-ruled-vocabulary-2026-08-07,
Q8N131,surface,140,27,166,vocabulary,sliced_ecd,local,local,,int8,64,2,1930,v2-ruled-vocabulary-2026-08-07,
Q96R09,surface,37,157,193,vocabulary,sliced_ecd,local,local,,int8,64,1,1931,v2-ruled-vocabulary-2026-08-07,
O60279,surface,539,36,574,vocabulary,sliced_ecd,untested_band,rental,unmeasured_local_ceiling,fp16,64,5,1932,v2-ruled-vocabulary-2026-08-07,
Q8N114,non_surface,77,29,105,vocabulary,sliced_ecd,local,local,,int8,64,2,1933,v2-ruled-vocabulary-2026-08-07,
P30530,surface,426,26,451,vocabulary,sliced_ecd,local,local,,int8,64,4,1934,v2-ruled-vocabulary-2026-08-07,
Q96RN1,surface,35,168,202,vocabulary,sliced_ecd,local,local,,int8,64,1,1935,v2-ruled-vocabulary-2026-08-07,
Q8NGH3,surface,41,1,41,vocabulary,sliced_ecd,local,local,,int8,64,1,1936,v2-ruled-vocabulary-2026-08-07,
Q969N2,surface,504,22,525,vocabulary,sliced_ecd,untested_band,rental,unmeasured_local_ceiling,fp16,64,5,1937,v2-ruled-vocabulary-2026-08-07,
Q7Z7M8,non_surface,374,24,397,vocabulary,sliced_ecd,local,local,,int8,64,4,1938,v2-ruled-vocabulary-2026-08-07,
Q8IZT8,non_surface,314,33,346,vocabulary,sliced_ecd,local,local,,int8,64,4,1939,v2-ruled-vocabulary-2026-08-07,
Q16281,non_surface,26,322,347,vocabulary,sliced_ecd,local,local,,int8,64,1,1940,v2-ruled-vocabulary-2026-08-07,
Q14242,surface,303,18,320,vocabulary,sliced_ecd,local,local,,int8,64,4,1941,v2-ruled-vocabulary-2026-08-07,
Q9H209,surface,37,162,198,vocabulary,sliced_ecd,local,local,,int8,64,1,1942,v2-ruled-vocabulary-2026-08-07,
A6NMU1,surface,36,168,203,vocabulary,sliced_ecd,local,local,,int8,64,1,1943,v2-ruled-vocabulary-2026-08-07,
O43861,non_surface,17,1089,1105,vocabulary,sliced_ecd,local,local,,int8,64,1,1944,v2-ruled-vocabulary-2026-08-07,
A6NM03,surface,45,161,205,vocabulary,sliced_ecd,local,local,,int8,64,1,1945,v2-ruled-vocabulary-2026-08-07,
O75907,non_surface,12,119,130,vocabulary,sliced_ecd,local,local,,int8,64,1,1946,v2-ruled-vocabulary-2026-08-07,
P09564,surface,155,26,180,vocabulary,sliced_ecd,local,local,,int8,64,3,1947,v2-ruled-vocabulary-2026-08-07,
P23416,surface,229,28,256,vocabulary,sliced_ecd,local,local,,int8,64,3,1948,v2-ruled-vocabulary-2026-08-07,
Q9BX67,surface,210,32,241,vocabulary,sliced_ecd,local,local,,int8,64,3,1949,v2-ruled-vocabulary-2026-08-07,
Q9P2V4,surface,505,22,526,vocabulary,sliced_ecd,untested_band,rental,unmeasured_local_ceiling,fp16,64,5,1950,v2-ruled-vocabulary-2026-08-07,
Q9ULC0,surface,172,19,190,vocabulary,sliced_ecd,local,local,,int8,64,3,1951,v2-ruled-vocabulary-2026-08-07,
Q6P1J6,surface,1396,22,1417,vocabulary,sliced_ecd,above_local,rental,over_local_ceiling,fp16,64,5,1952,v2-ruled-vocabulary-2026-08-07,
Q9Y284,non_surface,11,96,106,vocabulary,sliced_ecd,local,local,,int8,64,1,1953,v2-ruled-vocabulary-2026-08-07,
O14522,surface,722,26,747,vocabulary,sliced_ecd,above_local,rental,over_local_ceiling,fp16,64,5,1954,v2-ruled-vocabulary-2026-08-07,
P15144,surface,935,33,967,vocabulary,sliced_ecd,above_local,rental,over_local_ceiling,fp16,64,5,1955,v2-ruled-vocabulary-2026-08-07,
P14784,surface,214,27,240,vocabulary,sliced_ecd,local,local,,int8,64,3,1956,v2-ruled-vocabulary-2026-08-07,
Q5I7T1,non_surface,37,28,64,vocabulary,sliced_ecd,local,local,,int8,64,1,1957,v2-ruled-vocabulary-2026-08-07,
Q9UNG2,surface,129,49,177,vocabulary,sliced_ecd,local,local,,int8,64,2,1958,v2-ruled-vocabulary-2026-08-07,
P43307,surface,189,19,207,vocabulary,sliced_ecd,local,local,,int8,64,3,1959,v2-ruled-vocabulary-2026-08-07,
Q9UKB5,surface,239,44,282,vocabulary,sliced_ecd,local,local,,int8,64,3,1960,v2-ruled-vocabulary-2026-08-07,
Q5SRI9,non_surface,433,30,462,vocabulary,sliced_ecd,local,local,,int8,64,4,1961,v2-ruled-vocabulary-2026-08-07,
Q9UL52,surface,383,41,423,vocabulary,sliced_ecd,local,local,,int8,64,4,1962,v2-ruled-vocabulary-2026-08-07,
Q9H237,non_surface,38,359,396,vocabulary,sliced_ecd,local,local,,int8,64,1,1963,v2-ruled-vocabulary-2026-08-07,
Q9BSA4,surface,127,262,388,vocabulary,sliced_ecd,local,local,,int8,64,2,1964,v2-ruled-vocabulary-2026-08-07,
Q9Y5U4,non_surface,19,52,70,vocabulary,sliced_ecd,local,local,,int8,64,1,1965,v2-ruled-vocabulary-2026-08-07,
O95395,non_surface,412,27,438,vocabulary,sliced_ecd,local,local,,int8,64,4,1966,v2-ruled-vocabulary-2026-08-07,
Q8NHC6,surface,43,1,43,vocabulary,sliced_ecd,local,local,,int8,64,1,1967,v2-ruled-vocabulary-2026-08-07,
Q6QNK2,surface,542,26,567,vocabulary,sliced_ecd,untested_band,rental,unmeasured_local_ceiling,fp16,64,5,1968,v2-ruled-vocabulary-2026-08-07,
Q9H252,non_surface,44,420,463,vocabulary,sliced_ecd,local,local,,int8,64,1,1969,v2-ruled-vocabulary-2026-08-07,
Q96KV6,surface,219,28,246,vocabulary,sliced_ecd,local,local,,int8,64,3,1970,v2-ruled-vocabulary-2026-08-07,
P29033,surface,33,41,73,vocabulary,sliced_ecd,local,local,,int8,64,1,1971,v2-ruled-vocabulary-2026-08-07,
O15374,surface,22,38,59,vocabulary,sliced_ecd,local,local,,int8,64,1,1972,v2-ruled-vocabulary-2026-08-07,
P0CG37,surface,132,26,157,gpi_rule_A,sliced_ecd,local,local,,int8,64,2,1973,v2-ruled-vocabulary-2026-08-07,
Q8N205,non_surface,28,377,404,vocabulary,sliced_ecd,local,local,,int8,64,1,1974,v2-ruled-vocabulary-2026-08-07,
Q96R69,surface,37,152,188,vocabulary,sliced_ecd,local,local,,int8,64,1,1975,v2-ruled-vocabulary-2026-08-07,
O95377,surface,38,150,187,vocabulary,sliced_ecd,local,local,,int8,64,1,1976,v2-ruled-vocabulary-2026-08-07,
Q9GZK7,surface,37,162,198,vocabulary,sliced_ecd,local,local,,int8,64,1,1977,v2-ruled-vocabulary-2026-08-07,
Q9Y219,surface,1054,27,1080,vocabulary,sliced_ecd,above_local,rental,over_local_ceiling,fp16,64,5,1978,v2-ruled-vocabulary-2026-08-07,
P32297,surface,219,32,250,vocabulary,sliced_ecd,local,local,,int8,64,3,1979,v2-ruled-vocabulary-2026-08-07,
Q9UGQ2,non_surface,4,54,57,vocabulary,sliced_ecd,local,local,,int8,64,1,1980,v2-ruled-vocabulary-2026-08-07,
Q96AP7,surface,219,30,248,vocabulary,sliced_ecd,local,local,,int8,64,3,1981,v2-ruled-vocabulary-2026-08-07,
Q8TDQ1,surface,137,20,156,vocabulary,sliced_ecd,local,local,,int8,64,2,1982,v2-ruled-vocabulary-2026-08-07,
Q9Y5H5,surface,668,30,697,vocabulary,sliced_ecd,above_local,rental,over_local_ceiling,fp16,64,5,1983,v2-ruled-vocabulary-2026-08-07,
O75078,surface,509,226,734,vocabulary,sliced_ecd,untested_band,rental,unmeasured_local_ceiling,fp16,64,5,1984,v2-ruled-vocabulary-2026-08-07,
Q8NFY4,surface,642,21,662,vocabulary,sliced_ecd,above_local,rental,over_local_ceiling,fp16,64,5,1985,v2-ruled-vocabulary-2026-08-07,
Q86VZ1,surface,28,160,187,vocabulary,sliced_ecd,local,local,,int8,64,1,1986,v2-ruled-vocabulary-2026-08-07,
Q8NH79,surface,37,159,195,vocabulary,sliced_ecd,local,local,,int8,64,1,1987,v2-ruled-vocabulary-2026-08-07,
Q9NYV7,surface,36,147,182,vocabulary,sliced_ecd,local,local,,int8,64,1,1988,v2-ruled-vocabulary-2026-08-07,
Q6UWN5,surface,199,26,224,gpi_rule_A,sliced_ecd,local,local,,int8,64,3,1989,v2-ruled-vocabulary-2026-08-07,
Q9GZN0,surface,35,1,35,vocabulary,sliced_ecd,local,local,,int8,64,1,1990,v2-ruled-vocabulary-2026-08-07,
Q13530,surface,96,1,96,vocabulary,sliced_ecd,local,local,,int8,64,2,1991,v2-ruled-vocabulary-2026-08-07,
Q9ULK0,surface,542,21,562,vocabulary,sliced_ecd,untested_band,rental,unmeasured_local_ceiling,fp16,64,5,1992,v2-ruled-vocabulary-2026-08-07,
Q10469,non_surface,418,30,447,vocabulary,sliced_ecd,local,local,,int8,64,4,1993,v2-ruled-vocabulary-2026-08-07,
O95497,surface,469,22,490,gpi_rule_A,sliced_ecd,untested_band,rental,unmeasured_local_ceiling,fp16,64,5,1994,v2-ruled-vocabulary-2026-08-07,
A6NGU5,surface,542,27,568,vocabulary,sliced_ecd,untested_band,rental,unmeasured_local_ceiling,fp16,64,5,1995,v2-ruled-vocabulary-2026-08-07,
Q8TBE1,non_surface,41,32,72,vocabulary,sliced_ecd,local,local,,int8,64,1,1996,v2-ruled-vocabulary-2026-08-07,
P56159,surface,404,25,428,gpi_rule_A,sliced_ecd,local,local,,int8,64,4,1997,v2-ruled-vocabulary-2026-08-07,
P0C7V7,non_surface,142,25,166,vocabulary,sliced_ecd,local,local,,int8,64,2,1998,v2-ruled-vocabulary-2026-08-07,
Q9UJQ1,surface,206,30,235,vocabulary,sliced_ecd,local,local,,int8,64,3,1999,v2-ruled-vocabulary-2026-08-07,
O60241,surface,904,33,936,vocabulary,sliced_ecd,above_local,rental,over_local_ceiling,fp16,64,5,2000,v2-ruled-vocabulary-2026-08-07,
P33151,surface,552,48,599,vocabulary,sliced_ecd,untested_band,rental,unmeasured_local_ceiling,fp16,64,5,2001,v2-ruled-vocabulary-2026-08-07,
Q9NSI5,surface,266,1,266,vocabulary,sliced_ecd,local,local,,int8,64,3,2002,v2-ruled-vocabulary-2026-08-07,
Q96A59,non_surface,39,322,360,vocabulary,sliced_ecd,local,local,,int8,64,1,2003,v2-ruled-vocabulary-2026-08-07,
O75185,non_surface,398,353,750,vocabulary,sliced_ecd,local,local,,int8,64,4,2004,v2-ruled-vocabulary-2026-08-07,
Q96RL6,surface,534,28,561,vocabulary,sliced_ecd,untested_band,rental,unmeasured_local_ceiling,fp16,64,5,2005,v2-ruled-vocabulary-2026-08-07,
O75871,surface,120,36,155,vocabulary,sliced_ecd,local,local,,int8,64,2,2006,v2-ruled-vocabulary-2026-08-07,
P55064,surface,18,109,126,vocabulary,sliced_ecd,local,local,,int8,64,1,2007,v2-ruled-vocabulary-2026-08-07,
P51686,surface,48,1,48,vocabulary,sliced_ecd,local,local,,int8,64,1,2008,v2-ruled-vocabulary-2026-08-07,
Q8NFU1,surface,19,256,274,vocabulary,sliced_ecd,local,local,,int8,64,1,2009,v2-ruled-vocabulary-2026-08-07,
Q9Y5H0,surface,663,30,692,vocabulary,sliced_ecd,above_local,rental,over_local_ceiling,fp16,64,5,2010,v2-ruled-vocabulary-2026-08-07,
Q9HDB5,surface,527,36,562,vocabulary,sliced_ecd,untested_band,rental,unmeasured_local_ceiling,fp16,64,5,2011,v2-ruled-vocabulary-2026-08-07,
P49286,surface,42,1,42,vocabulary,sliced_ecd,local,local,,int8,64,1,2012,v2-ruled-vocabulary-2026-08-07,
Q9H7F0,surface,53,1021,1073,vocabulary,sliced_ecd,local,local,,int8,64,2,2013,v2-ruled-vocabulary-2026-08-07,
Q99523,surface,678,78,755,vocabulary,sliced_ecd,above_local,rental,over_local_ceiling,fp16,64,5,2014,v2-ruled-vocabulary-2026-08-07,
P19440,surface,543,27,569,vocabulary,sliced_ecd,untested_band,rental,unmeasured_local_ceiling,fp16,64,5,2015,v2-ruled-vocabulary-2026-08-07,
Q13304,surface,64,1,64,vocabulary,sliced_ecd,local,local,,int8,64,2,2016,v2-ruled-vocabulary-2026-08-07,
O43525,non_surface,20,283,302,vocabulary,sliced_ecd,local,local,,int8,64,1,2017,v2-ruled-vocabulary-2026-08-07,
P22303,surface,556,32,587,gpi_rule_A,sliced_ecd,untested_band,rental,unmeasured_local_ceiling,fp16,64,5,2018,v2-ruled-vocabulary-2026-08-07,chain_end_exceeds_anchor
Q7L8C5,non_surface,6,1,6,vocabulary,sliced_ecd,local,local,,int8,64,1,2019,v2-ruled-vocabulary-2026-08-07,
Q8NGK5,surface,37,163,199,vocabulary,sliced_ecd,local,local,,int8,64,1,2020,v2-ruled-vocabulary-2026-08-07,
Q9HCK4,surface,838,22,859,vocabulary,sliced_ecd,above_local,rental,over_local_ceiling,fp16,64,5,2021,v2-ruled-vocabulary-2026-08-07,
P56746,surface,50,25,74,vocabulary,sliced_ecd,local,local,,int8,64,1,2022,v2-ruled-vocabulary-2026-08-07,
P32249,surface,31,1,31,vocabulary,sliced_ecd,local,local,,int8,64,1,2023,v2-ruled-vocabulary-2026-08-07,
P35498,surface,100,270,369,vocabulary,sliced_ecd,local,local,,int8,64,2,2024,v2-ruled-vocabulary-2026-08-07,
O76000,surface,37,159,195,vocabulary,sliced_ecd,local,local,,int8,64,1,2025,v2-ruled-vocabulary-2026-08-07,
Q8TAB3,surface,657,22,678,vocabulary,sliced_ecd,above_local,rental,over_local_ceiling,fp16,64,5,2026,v2-ruled-vocabulary-2026-08-07,
A6NMZ5,surface,41,159,199,vocabulary,sliced_ecd,local,local,,int8,64,1,2027,v2-ruled-vocabulary-2026-08-07,
Q8WZA6,surface,28,1,28,vocabulary,sliced_ecd,local,local,,int8,64,1,2028,v2-ruled-vocabulary-2026-08-07,
Q6UXU4,surface,103,30,132,vocabulary,sliced_ecd,local,local,,int8,64,2,2029,v2-ruled-vocabulary-2026-08-07,
Q6V0I7,surface,4466,39,4504,vocabulary,sliced_ecd,above_local,rental,over_local_ceiling,fp16,64,5,2030,v2-ruled-vocabulary-2026-08-07,
Q9Y2C2,non_surface,336,71,406,vocabulary,sliced_ecd,local,local,,int8,64,4,2031,v2-ruled-vocabulary-2026-08-07,
P17813,surface,561,26,586,vocabulary,sliced_ecd,untested_band,rental,unmeasured_local_ceiling,fp16,64,5,2032,v2-ruled-vocabulary-2026-08-07,
Q14392,surface,608,20,627,vocabulary,sliced_ecd,untested_band,rental,unmeasured_local_ceiling,fp16,64,5,2033,v2-ruled-vocabulary-2026-08-07,
O60487,surface,128,27,154,vocabulary,sliced_ecd,local,local,,int8,64,2,2034,v2-ruled-vocabulary-2026-08-07,
Q8NAC3,surface,518,21,538,vocabulary,sliced_ecd,untested_band,rental,unmeasured_local_ceiling,fp16,64,5,2035,v2-ruled-vocabulary-2026-08-07,
O15394,surface,678,20,697,vocabulary,sliced_ecd,above_local,rental,over_local_ceiling,fp16,64,5,2036,v2-ruled-vocabulary-2026-08-07,
Q9HBT6,surface,560,60,619,vocabulary,sliced_ecd,untested_band,rental,unmeasured_local_ceiling,fp16,64,5,2037,v2-ruled-vocabulary-2026-08-07,
P01375,non_surface,177,57,233,vocabulary,sliced_ecd,local,local,,int8,64,3,2038,v2-ruled-vocabulary-2026-08-07,
Q8TDN7,non_surface,27,1,27,vocabulary,sliced_ecd,local,local,,int8,64,1,2039,v2-ruled-vocabulary-2026-08-07,
P16410,surface,126,36,161,vocabulary,sliced_ecd,local,local,,int8,64,2,2040,v2-ruled-vocabulary-2026-08-07,
Q9UGP8,non_surface,98,91,188,vocabulary,sliced_ecd,local,local,,int8,64,2,2041,v2-ruled-vocabulary-2026-08-07,
Q9BRR3,non_surface,216,44,259,vocabulary,sliced_ecd,local,local,,int8,64,3,2042,v2-ruled-vocabulary-2026-08-07,
Q9NZV1,surface,905,35,939,vocabulary,sliced_ecd,above_local,rental,over_local_ceiling,fp16,64,5,2043,v2-ruled-vocabulary-2026-08-07,
Q16832,surface,378,22,399,vocabulary,sliced_ecd,local,local,,int8,64,4,2044,v2-ruled-vocabulary-2026-08-07,
O95498,surface,470,23,492,gpi_rule_A,sliced_ecd,untested_band,rental,unmeasured_local_ceiling,fp16,64,5,2045,v2-ruled-vocabulary-2026-08-07,
Q9H244,surface,27,1,27,vocabulary,sliced_ecd,local,local,,int8,64,1,2046,v2-ruled-vocabulary-2026-08-07,
Q96RA2,surface,37,161,197,vocabulary,sliced_ecd,local,local,,int8,64,1,2047,v2-ruled-vocabulary-2026-08-07,
P18850,non_surface,272,399,670,vocabulary,sliced_ecd,local,local,,int8,64,3,2048,v2-ruled-vocabulary-2026-08-07,
Q99463,surface,39,1,39,vocabulary,sliced_ecd,local,local,,int8,64,1,2049,v2-ruled-vocabulary-2026-08-07,
P42658,surface,749,117,865,vocabulary,sliced_ecd,above_local,rental,over_local_ceiling,fp16,64,5,2050,v2-ruled-vocabulary-2026-08-07,
P48549,surface,24,106,129,vocabulary,sliced_ecd,local,local,,int8,64,1,2051,v2-ruled-vocabulary-2026-08-07,
P21730,surface,37,1,37,vocabulary,sliced_ecd,local,local,,int8,64,1,2052,v2-ruled-vocabulary-2026-08-07,
Q9Y5G6,surface,664,29,692,vocabulary,sliced_ecd,above_local,rental,over_local_ceiling,fp16,64,5,2053,v2-ruled-vocabulary-2026-08-07,
Q7Z4T8,non_surface,416,28,443,vocabulary,sliced_ecd,local,local,,int8,64,4,2054,v2-ruled-vocabulary-2026-08-07,
Q6NUS6,surface,559,23,581,vocabulary,sliced_ecd,untested_band,rental,unmeasured_local_ceiling,fp16,64,5,2055,v2-ruled-vocabulary-2026-08-07,
Q8NGT0,surface,37,161,197,vocabulary,sliced_ecd,local,local,,int8,64,1,2056,v2-ruled-vocabulary-2026-08-07,
P30273,non_surface,5,19,23,vocabulary,sliced_ecd,local,local,,int8,64,1,2057,v2-ruled-vocabulary-2026-08-07,
P20594,surface,436,23,458,vocabulary,sliced_ecd,local,local,,int8,64,4,2058,v2-ruled-vocabulary-2026-08-07,
Q969M3,non_surface,2,195,196,vocabulary,sliced_ecd,local,local,,int8,64,1,2059,v2-ruled-vocabulary-2026-08-07,
Q8NGT7,surface,37,158,194,vocabulary,sliced_ecd,local,local,,int8,64,1,2060,v2-ruled-vocabulary-2026-08-07,
Q8NH70,surface,37,157,193,vocabulary,sliced_ecd,local,local,,int8,64,1,2061,v2-ruled-vocabulary-2026-08-07,
Q9BZM5,surface,191,26,216,gpi_rule_A,sliced_ecd,local,local,,int8,64,3,2062,v2-ruled-vocabulary-2026-08-07,
P10696,surface,483,20,502,gpi_rule_A,sliced_ecd,untested_band,rental,unmeasured_local_ceiling,fp16,64,5,2063,v2-ruled-vocabulary-2026-08-07,
Q96LB1,surface,28,1,28,vocabulary,sliced_ecd,local,local,,int8,64,1,2064,v2-ruled-vocabulary-2026-08-07,
Q9Y267,surface,93,92,184,vocabulary,sliced_ecd,local,local,,int8,64,2,2065,v2-ruled-vocabulary-2026-08-07,
Q9UMX9,surface,27,340,366,vocabulary,sliced_ecd,local,local,,int8,64,1,2066,v2-ruled-vocabulary-2026-08-07,
P26717,surface,138,94,231,vocabulary,sliced_ecd,local,local,,int8,64,2,2067,v2-ruled-vocabulary-2026-08-07,
Q8IZF2,surface,985,22,1006,vocabulary,sliced_ecd,above_local,rental,over_local_ceiling,fp16,64,5,2068,v2-ruled-vocabulary-2026-08-07,
O94886,surface,51,1,51,vocabulary,sliced_ecd,local,local,,int8,64,2,2069,v2-ruled-vocabulary-2026-08-07,
Q5VWK5,surface,332,24,355,vocabulary,sliced_ecd,local,local,,int8,64,4,2070,v2-ruled-vocabulary-2026-08-07,
Q96SJ8,surface,119,105,223,vocabulary,sliced_ecd,local,local,,int8,64,2,2071,v2-ruled-vocabulary-2026-08-07,
P11230,surface,221,24,244,vocabulary,sliced_ecd,local,local,,int8,64,3,2072,v2-ruled-vocabulary-2026-08-07,
Q13291,surface,217,21,237,vocabulary,sliced_ecd,local,local,,int8,64,3,2073,v2-ruled-vocabulary-2026-08-07,
Q9H1U4,surface,484,31,514,vocabulary,sliced_ecd,untested_band,rental,unmeasured_local_ceiling,fp16,64,5,2074,v2-ruled-vocabulary-2026-08-07,
Q86UW2,surface,34,1,34,vocabulary,sliced_ecd,local,local,,int8,64,1,2075,v2-ruled-vocabulary-2026-08-07,
Q14162,surface,402,20,421,vocabulary,sliced_ecd,local,local,,int8,64,4,2076,v2-ruled-vocabulary-2026-08-07,
P56748,surface,53,29,81,vocabulary,sliced_ecd,local,local,,int8,64,2,2077,v2-ruled-vocabulary-2026-08-07,
Q9H7Z7,non_surface,57,1,57,vocabulary,sliced_ecd,local,local,,int8,64,2,2078,v2-ruled-vocabulary-2026-08-07,
P47883,surface,38,162,199,vocabulary,sliced_ecd,local,local,,int8,64,1,2079,v2-ruled-vocabulary-2026-08-07,
Q5JTV8,non_surface,228,356,583,vocabulary,sliced_ecd,local,local,,int8,64,3,2080,v2-ruled-vocabulary-2026-08-07,
P59542,surface,33,149,181,vocabulary,sliced_ecd,local,local,,int8,64,1,2081,v2-ruled-vocabulary-2026-08-07,
Q9Y673,non_surface,7,1,7,vocabulary,sliced_ecd,local,local,,int8,64,1,2082,v2-ruled-vocabulary-2026-08-07,
O75129,surface,884,456,1339,vocabulary,sliced_ecd,above_local,rental,over_local_ceiling,fp16,64,5,2083,v2-ruled-vocabulary-2026-08-07,
Q9UBS5,surface,572,20,591,vocabulary,sliced_ecd,untested_band,rental,unmeasured_local_ceiling,fp16,64,5,2084,v2-ruled-vocabulary-2026-08-07,
Q13113,non_surface,28,1,28,vocabulary,sliced_ecd,local,local,,int8,64,1,2085,v2-ruled-vocabulary-2026-08-07,
Q76MJ5,non_surface,396,35,430,vocabulary,sliced_ecd,local,local,,int8,64,4,2086,v2-ruled-vocabulary-2026-08-07,
Q8N6L0,non_surface,20,543,562,vocabulary,sliced_ecd,local,local,,int8,64,1,2087,v2-ruled-vocabulary-2026-08-07,
Q9H2A9,non_surface,393,32,424,vocabulary,sliced_ecd,local,local,,int8,64,4,2088,v2-ruled-vocabulary-2026-08-07,
Q8NGU9,surface,54,184,237,vocabulary,sliced_ecd,local,local,,int8,64,2,2089,v2-ruled-vocabulary-2026-08-07,
Q14957,surface,535,20,554,vocabulary,sliced_ecd,untested_band,rental,unmeasured_local_ceiling,fp16,64,5,2090,v2-ruled-vocabulary-2026-08-07,
O00591,surface,218,24,241,vocabulary,sliced_ecd,local,local,,int8,64,3,2091,v2-ruled-vocabulary-2026-08-07,
P28827,surface,722,21,742,vocabulary,sliced_ecd,above_local,rental,over_local_ceiling,fp16,64,5,2092,v2-ruled-vocabulary-2026-08-07,
Q6UXZ0,surface,191,30,220,vocabulary,sliced_ecd,local,local,,int8,64,3,2093,v2-ruled-vocabulary-2026-08-07,
Q9N2K0,surface,488,36,523,vocabulary,sliced_ecd,untested_band,rental,unmeasured_local_ceiling,fp16,64,5,2094,v2-ruled-vocabulary-2026-08-07,
Q13586,surface,191,23,213,vocabulary,sliced_ecd,local,local,,int8,64,3,2095,v2-ruled-vocabulary-2026-08-07,
Q96PB1,surface,274,40,313,vocabulary,sliced_ecd,local,local,,int8,64,3,2096,v2-ruled-vocabulary-2026-08-07,
Q7Z7M1,surface,662,1,662,vocabulary,sliced_ecd,above_local,rental,over_local_ceiling,fp16,64,5,2097,v2-ruled-vocabulary-2026-08-07,
P29972,surface,24,110,133,vocabulary,sliced_ecd,local,local,,int8,64,1,2098,v2-ruled-vocabulary-2026-08-07,
P47901,surface,35,1,35,vocabulary,sliced_ecd,local,local,,int8,64,1,2099,v2-ruled-vocabulary-2026-08-07,
Q9Y5P1,surface,36,159,194,vocabulary,sliced_ecd,local,local,,int8,64,1,2100,v2-ruled-vocabulary-2026-08-07,
Q6Y1H2,non_surface,30,188,217,vocabulary,sliced_ecd,local,local,,int8,64,1,2101,v2-ruled-vocabulary-2026-08-07,
Q6P4E1,non_surface,401,36,436,vocabulary,sliced_ecd,local,local,,int8,64,4,2102,v2-ruled-vocabulary-2026-08-07,
Q5VTY9,non_surface,45,24,68,vocabulary,sliced_ecd,local,local,,int8,64,1,2103,v2-ruled-vocabulary-2026-08-07,
Q96AG4,non_surface,42,266,307,vocabulary,sliced_ecd,local,local,,int8,64,1,2104,v2-ruled-vocabulary-2026-08-07,
O43490,surface,285,508,792,vocabulary,sliced_ecd,local,local,,int8,64,3,2105,v2-ruled-vocabulary-2026-08-07,
Q9BQS7,surface,1087,24,1110,vocabulary,sliced_ecd,above_local,rental,over_local_ceiling,fp16,64,5,2106,v2-ruled-vocabulary-2026-08-07,
Q9BWV1,surface,825,31,855,vocabulary,sliced_ecd,above_local,rental,over_local_ceiling,fp16,64,5,2107,v2-ruled-vocabulary-2026-08-07,
P34903,surface,246,29,274,vocabulary,sliced_ecd,local,local,,int8,64,3,2108,v2-ruled-vocabulary-2026-08-07,
Q7L0J3,surface,130,469,598,vocabulary,sliced_ecd,local,local,,int8,64,2,2109,v2-ruled-vocabulary-2026-08-07,
P46093,surface,16,157,172,vocabulary,sliced_ecd,local,local,,int8,64,1,2110,v2-ruled-vocabulary-2026-08-07,
P13473,surface,347,29,375,vocabulary,sliced_ecd,local,local,,int8,64,4,2111,v2-ruled-vocabulary-2026-08-07,
O75063,non_surface,384,26,409,vocabulary,sliced_ecd,local,local,,int8,64,4,2112,v2-ruled-vocabulary-2026-08-07,
O15389,surface,425,17,441,vocabulary,sliced_ecd,local,local,,int8,64,4,2113,v2-ruled-vocabulary-2026-08-07,
Q9BS91,surface,60,169,228,vocabulary,sliced_ecd,local,local,,int8,64,2,2114,v2-ruled-vocabulary-2026-08-07,
Q9BSA9,non_surface,27,283,309,vocabulary,sliced_ecd,local,local,,int8,64,1,2115,v2-ruled-vocabulary-2026-08-07,
O15466,non_surface,338,39,376,vocabulary,sliced_ecd,local,local,,int8,64,4,2116,v2-ruled-vocabulary-2026-08-07,
Q5DID0,surface,1251,22,1272,vocabulary,sliced_ecd,above_local,rental,over_local_ceiling,fp16,64,5,2117,v2-ruled-vocabulary-2026-08-07,
O60637,surface,106,107,212,vocabulary,sliced_ecd,local,local,,int8,64,2,2118,v2-ruled-vocabulary-2026-08-07,
P13637,surface,42,863,904,vocabulary,sliced_ecd,local,local,,int8,64,1,2119,v2-ruled-vocabulary-2026-08-07,
Q8NGB6,surface,37,159,195,vocabulary,sliced_ecd,local,local,,int8,64,1,2120,v2-ruled-vocabulary-2026-08-07,
Q9P1W3,surface,37,1,37,vocabulary,sliced_ecd,local,local,,int8,64,1,2121,v2-ruled-vocabulary-2026-08-07,
Q99571,surface,284,55,338,vocabulary,sliced_ecd,local,local,,int8,64,3,2122,v2-ruled-vocabulary-2026-08-07,
P10321,surface,284,25,308,vocabulary,sliced_ecd,local,local,,int8,64,3,2123,v2-ruled-vocabulary-2026-08-07,
Q9UKF2,surface,489,199,687,vocabulary,sliced_ecd,untested_band,rental,unmeasured_local_ceiling,fp16,64,5,2124,v2-ruled-vocabulary-2026-08-07,
Q8N6F1,surface,53,29,81,vocabulary,sliced_ecd,local,local,,int8,64,2,2125,v2-ruled-vocabulary-2026-08-07,
Q96R08,surface,36,159,194,vocabulary,sliced_ecd,local,local,,int8,64,1,2126,v2-ruled-vocabulary-2026-08-07,
Q8IYV9,surface,271,22,292,vocabulary,sliced_ecd,local,local,,int8,64,3,2127,v2-ruled-vocabulary-2026-08-07,
Q96B42,non_surface,25,1,25,vocabulary,sliced_ecd,local,local,,int8,64,1,2128,v2-ruled-vocabulary-2026-08-07,
Q3SY77,non_surface,461,23,483,vocabulary,sliced_ecd,untested_band,rental,unmeasured_local_ceiling,fp16,64,5,2129,v2-ruled-vocabulary-2026-08-07,
P40189,surface,597,23,619,vocabulary,sliced_ecd,untested_band,rental,unmeasured_local_ceiling,fp16,64,5,2130,v2-ruled-vocabulary-2026-08-07,
Q8NH67,surface,55,1,55,vocabulary,sliced_ecd,local,local,,int8,64,2,2131,v2-ruled-vocabulary-2026-08-07,
P56937,non_surface,229,1,229,vocabulary,sliced_ecd,local,local,,int8,64,3,2132,v2-ruled-vocabulary-2026-08-07,
Q15612,surface,37,159,195,vocabulary,sliced_ecd,local,local,,int8,64,1,2133,v2-ruled-vocabulary-2026-08-07,
P04201,surface,36,1,36,vocabulary,sliced_ecd,local,local,,int8,64,1,2134,v2-ruled-vocabulary-2026-08-07,
Q96R67,surface,37,157,193,vocabulary,sliced_ecd,local,local,,int8,64,1,2135,v2-ruled-vocabulary-2026-08-07,
Q02094,surface,28,24,51,vocabulary,sliced_ecd,local,local,,int8,64,1,2136,v2-ruled-vocabulary-2026-08-07,
O43889,non_surface,124,248,371,vocabulary,sliced_ecd,local,local,,int8,64,2,2137,v2-ruled-vocabulary-2026-08-07,
O60500,surface,1032,23,1054,vocabulary,sliced_ecd,above_local,rental,over_local_ceiling,fp16,64,5,2138,v2-ruled-vocabulary-2026-08-07,
Q9P035,non_surface,24,299,322,vocabulary,sliced_ecd,local,local,,int8,64,1,2139,v2-ruled-vocabulary-2026-08-07,
Q96S52,non_surface,478,40,517,vocabulary,sliced_ecd,untested_band,rental,unmeasured_local_ceiling,fp16,64,5,2140,v2-ruled-vocabulary-2026-08-07,
P47881,surface,38,162,199,vocabulary,sliced_ecd,local,local,,int8,64,1,2141,v2-ruled-vocabulary-2026-08-07,
O60603,surface,568,21,588,vocabulary,sliced_ecd,untested_band,rental,unmeasured_local_ceiling,fp16,64,5,2142,v2-ruled-vocabulary-2026-08-07,
Q8NGK6,surface,36,165,200,vocabulary,sliced_ecd,local,local,,int8,64,1,2143,v2-ruled-vocabulary-2026-08-07,
P23229,surface,1027,24,1050,vocabulary,sliced_ecd,above_local,rental,over_local_ceiling,fp16,64,5,2144,v2-ruled-vocabulary-2026-08-07,
Q8NGF4,surface,54,157,210,vocabulary,sliced_ecd,local,local,,int8,64,2,2145,v2-ruled-vocabulary-2026-08-07,
P46695,non_surface,57,100,156,vocabulary,sliced_ecd,local,local,,int8,64,2,2146,v2-ruled-vocabulary-2026-08-07,
Q96EX2,non_surface,181,1,181,vocabulary,sliced_ecd,local,local,,int8,64,3,2147,v2-ruled-vocabulary-2026-08-07,
P41595,surface,56,1,56,vocabulary,sliced_ecd,local,local,,int8,64,2,2148,v2-ruled-vocabulary-2026-08-07,
Q9NYW7,surface,33,146,178,vocabulary,sliced_ecd,local,local,,int8,64,1,2149,v2-ruled-vocabulary-2026-08-07,
P78410,surface,219,30,248,vocabulary,sliced_ecd,local,local,,int8,64,3,2150,v2-ruled-vocabulary-2026-08-07,
P43007,surface,77,140,216,vocabulary,sliced_ecd,local,local,,int8,64,2,2151,v2-ruled-vocabulary-2026-08-07,
Q14028,non_surface,23,809,831,vocabulary,sliced_ecd,local,local,,int8,64,1,2152,v2-ruled-vocabulary-2026-08-07,
Q07011,surface,163,24,186,vocabulary,sliced_ecd,local,local,,int8,64,3,2153,v2-ruled-vocabulary-2026-08-07,
Q8NG92,surface,37,160,196,vocabulary,sliced_ecd,local,local,,int8,64,1,2154,v2-ruled-vocabulary-2026-08-07,
Q8WYK1,surface,1213,25,1237,vocabulary,sliced_ecd,above_local,rental,over_local_ceiling,fp16,64,5,2155,v2-ruled-vocabulary-2026-08-07,
Q8IXH8,surface,587,28,614,vocabulary,sliced_ecd,untested_band,rental,unmeasured_local_ceiling,fp16,64,5,2156,v2-ruled-vocabulary-2026-08-07,
Q9HBE5,surface,213,20,232,vocabulary,sliced_ecd,local,local,,int8,64,3,2157,v2-ruled-vocabulary-2026-08-07,
Q99884,surface,77,138,214,vocabulary,sliced_ecd,local,local,,int8,64,2,2158,v2-ruled-vocabulary-2026-08-07,
Q9UIK5,surface,280,41,320,vocabulary,sliced_ecd,local,local,,int8,64,3,2159,v2-ruled-vocabulary-2026-08-07,
P30301,surface,21,107,127,vocabulary,sliced_ecd,local,local,,int8,64,1,2160,v2-ruled-vocabulary-2026-08-07,
Q8NGJ9,surface,36,163,198,vocabulary,sliced_ecd,local,local,,int8,64,1,2161,v2-ruled-vocabulary-2026-08-07,
P46095,surface,74,1,74,vocabulary,sliced_ecd,local,local,,int8,64,2,2162,v2-ruled-vocabulary-2026-08-07,
Q9GZQ6,surface,43,1,43,vocabulary,sliced_ecd,local,local,,int8,64,1,2163,v2-ruled-vocabulary-2026-08-07,
Q9Y2Y6,non_surface,202,25,226,vocabulary,sliced_ecd,local,local,,int8,64,3,2164,v2-ruled-vocabulary-2026-08-07,
P40126,surface,449,24,472,vocabulary,sliced_ecd,untested_band,rental,unmeasured_local_ceiling,fp16,64,5,2165,v2-ruled-vocabulary-2026-08-07,
Q9NY37,surface,377,83,459,vocabulary,sliced_ecd,local,local,,int8,64,4,2166,v2-ruled-vocabulary-2026-08-07,
P21731,surface,29,1,29,vocabulary,sliced_ecd,local,local,,int8,64,1,2167,v2-ruled-vocabulary-2026-08-07,
Q14721,non_surface,20,209,228,vocabulary,sliced_ecd,local,local,,int8,64,1,2168,v2-ruled-vocabulary-2026-08-07,
Q96P68,surface,34,1,34,vocabulary,sliced_ecd,local,local,,int8,64,1,2169,v2-ruled-vocabulary-2026-08-07,
Q7Z4J2,non_surface,253,24,276,vocabulary,sliced_ecd,local,local,,int8,64,3,2170,v2-ruled-vocabulary-2026-08-07,
P0C623,surface,33,164,196,vocabulary,sliced_ecd,local,local,,int8,64,1,2171,v2-ruled-vocabulary-2026-08-07,
P27449,non_surface,16,77,92,vocabulary,sliced_ecd,local,local,,int8,64,1,2172,v2-ruled-vocabulary-2026-08-07,
B0YJ81,non_surface,30,222,251,vocabulary,sliced_ecd,local,local,,int8,64,1,2173,v2-ruled-vocabulary-2026-08-07,
Q8NGP3,surface,36,159,194,vocabulary,sliced_ecd,local,local,,int8,64,1,2174,v2-ruled-vocabulary-2026-08-07,
Q13948,non_surface,38,641,678,vocabulary,sliced_ecd,local,local,,int8,64,1,2175,v2-ruled-vocabulary-2026-08-07,
Q8TCG5,non_surface,28,76,103,vocabulary,sliced_ecd,local,local,,int8,64,1,2176,v2-ruled-vocabulary-2026-08-07,
Q5JUK3,non_surface,27,127,153,vocabulary,sliced_ecd,local,local,,int8,64,1,2177,v2-ruled-vocabulary-2026-08-07,
O15529,surface,25,154,178,vocabulary,sliced_ecd,local,local,,int8,64,1,2178,v2-ruled-vocabulary-2026-08-07,
Q6PIU2,non_surface,383,26,408,vocabulary,sliced_ecd,local,local,,int8,64,4,2179,v2-ruled-vocabulary-2026-08-07,
Q9NTG1,surface,1165,20,1184,vocabulary,sliced_ecd,above_local,rental,over_local_ceiling,fp16,64,5,2180,v2-ruled-vocabulary-2026-08-07,
Q9HAR2,surface,843,20,862,vocabulary,sliced_ecd,above_local,rental,over_local_ceiling,fp16,64,5,2181,v2-ruled-vocabulary-2026-08-07,
Q92823,surface,1143,25,1167,vocabulary,sliced_ecd,above_local,rental,over_local_ceiling,fp16,64,5,2182,v2-ruled-vocabulary-2026-08-07,
Q8NH69,surface,36,161,196,vocabulary,sliced_ecd,local,local,,int8,64,1,2183,v2-ruled-vocabulary-2026-08-07,
Q7Z404,non_surface,168,1,168,vocabulary,sliced_ecd,local,local,,int8,64,3,2184,v2-ruled-vocabulary-2026-08-07,
Q8IZF5,surface,750,26,775,vocabulary,sliced_ecd,above_local,rental,over_local_ceiling,fp16,64,5,2185,v2-ruled-vocabulary-2026-08-07,
Q7Z7M9,non_surface,905,36,940,vocabulary,sliced_ecd,above_local,rental,over_local_ceiling,fp16,64,5,2186,v2-ruled-vocabulary-2026-08-07,
P14415,surface,223,68,290,vocabulary,sliced_ecd,local,local,,int8,64,3,2187,v2-ruled-vocabulary-2026-08-07,
P17948,surface,732,27,758,vocabulary,sliced_ecd,above_local,rental,over_local_ceiling,fp16,64,5,2188,v2-ruled-vocabulary-2026-08-07,
Q6UXE8,surface,220,18,237,vocabulary,sliced_ecd,local,local,,int8,64,3,2189,v2-ruled-vocabulary-2026-08-07,
P07359,surface,515,17,531,vocabulary,sliced_ecd,untested_band,rental,unmeasured_local_ceiling,fp16,64,5,2190,v2-ruled-vocabulary-2026-08-07,
Q9H1D0,surface,37,389,425,vocabulary,sliced_ecd,local,local,,int8,64,1,2191,v2-ruled-vocabulary-2026-08-07,
P23763,non_surface,2,117,118,vocabulary,sliced_ecd,local,local,,int8,64,1,2192,v2-ruled-vocabulary-2026-08-07,
P0C646,surface,29,150,178,vocabulary,sliced_ecd,local,local,,int8,64,1,2193,v2-ruled-vocabulary-2026-08-07,
Q8NG81,surface,37,159,195,vocabulary,sliced_ecd,local,local,,int8,64,1,2194,v2-ruled-vocabulary-2026-08-07,
Q9Y663,non_surface,363,44,406,vocabulary,sliced_ecd,local,local,,int8,64,4,2195,v2-ruled-vocabulary-2026-08-07,
Q5VY80,surface,192,26,217,gpi_rule_A,sliced_ecd,local,local,,int8,64,3,2196,v2-ruled-vocabulary-2026-08-07,
P26715,surface,140,94,233,vocabulary,sliced_ecd,local,local,,int8,64,2,2197,v2-ruled-vocabulary-2026-08-07,
Q8TCU5,surface,651,24,674,vocabulary,sliced_ecd,above_local,rental,over_local_ceiling,fp16,64,5,2198,v2-ruled-vocabulary-2026-08-07,
Q902F9,surface,543,90,632,vocabulary,sliced_ecd,untested_band,rental,unmeasured_local_ceiling,fp16,64,5,2199,v2-ruled-vocabulary-2026-08-07,
Q9Y6N8,surface,559,55,613,vocabulary,sliced_ecd,untested_band,rental,unmeasured_local_ceiling,fp16,64,5,2200,v2-ruled-vocabulary-2026-08-07,
Q8NFZ8,surface,304,21,324,vocabulary,sliced_ecd,local,local,,int8,64,4,2201,v2-ruled-vocabulary-2026-08-07,
Q13683,surface,1049,34,1082,vocabulary,sliced_ecd,above_local,rental,over_local_ceiling,fp16,64,5,2202,v2-ruled-vocabulary-2026-08-07,
O43556,surface,317,1,317,vocabulary,sliced_ecd,local,local,,int8,64,4,2203,v2-ruled-vocabulary-2026-08-07,
Q92692,surface,329,32,360,vocabulary,sliced_ecd,local,local,,int8,64,4,2204,v2-ruled-vocabulary-2026-08-07,
O94823,non_surface,30,339,368,vocabulary,sliced_ecd,local,local,,int8,64,1,2205,v2-ruled-vocabulary-2026-08-07,
Q9BSR8,non_surface,8,188,195,vocabulary,sliced_ecd,local,local,,int8,64,1,2206,v2-ruled-vocabulary-2026-08-07,
Q04900,surface,139,24,162,vocabulary,sliced_ecd,local,local,,int8,64,2,2207,v2-ruled-vocabulary-2026-08-07,
Q13061,non_surface,661,69,729,vocabulary,sliced_ecd,above_local,rental,over_local_ceiling,fp16,64,5,2208,v2-ruled-vocabulary-2026-08-07,
Q8N967,surface,275,36,310,vocabulary,sliced_ecd,local,local,,int8,64,3,2209,v2-ruled-vocabulary-2026-08-07,
O15162,non_surface,13,306,318,vocabulary,sliced_ecd,local,local,,int8,64,1,2210,v2-ruled-vocabulary-2026-08-07,
P61647,non_surface,374,25,398,vocabulary,sliced_ecd,local,local,,int8,64,4,2211,v2-ruled-vocabulary-2026-08-07,
A1L3X0,non_surface,26,2,27,vocabulary,sliced_ecd,local,local,,int8,64,1,2212,v2-ruled-vocabulary-2026-08-07,
Q96P31,surface,556,18,573,vocabulary,sliced_ecd,untested_band,rental,unmeasured_local_ceiling,fp16,64,5,2213,v2-ruled-vocabulary-2026-08-07,
P35499,surface,119,273,391,vocabulary,sliced_ecd,local,local,,int8,64,2,2214,v2-ruled-vocabulary-2026-08-07,
Q8NH01,surface,37,156,192,vocabulary,sliced_ecd,local,local,,int8,64,1,2215,v2-ruled-vocabulary-2026-08-07,
P05067,surface,684,18,701,vocabulary,sliced_ecd,above_local,rental,over_local_ceiling,fp16,64,5,2216,v2-ruled-vocabulary-2026-08-07,
Q9Y328,non_surface,79,93,171,vocabulary,sliced_ecd,local,local,,int8,64,2,2217,v2-ruled-vocabulary-2026-08-07,
Q9NZ94,surface,672,38,709,vocabulary,sliced_ecd,above_local,rental,over_local_ceiling,fp16,64,5,2218,v2-ruled-vocabulary-2026-08-07,
Q3KNT9,surface,129,17,145,vocabulary,sliced_ecd,local,local,,int8,64,2,2219,v2-ruled-vocabulary-2026-08-07,
Q9Y6X5,surface,392,16,407,vocabulary,sliced_ecd,local,local,,int8,64,4,2220,v2-ruled-vocabulary-2026-08-07,
Q9NYQ6,surface,2448,22,2469,vocabulary,sliced_ecd,above_local,rental,over_local_ceiling,fp16,64,5,2221,v2-ruled-vocabulary-2026-08-07,
Q8NH89,surface,42,155,196,vocabulary,sliced_ecd,local,local,,int8,64,1,2222,v2-ruled-vocabulary-2026-08-07,
Q86WI1,surface,4190,21,4210,vocabulary,sliced_ecd,above_local,rental,over_local_ceiling,fp16,64,5,2223,v2-ruled-vocabulary-2026-08-07,
Q8WVP7,surface,27,84,110,vocabulary,sliced_ecd,local,local,,int8,64,1,2224,v2-ruled-vocabulary-2026-08-07,
Q5TFQ8,surface,342,30,371,vocabulary,sliced_ecd,local,local,,int8,64,4,2225,v2-ruled-vocabulary-2026-08-07,
O60512,non_surface,362,32,393,vocabulary,sliced_ecd,local,local,,int8,64,4,2226,v2-ruled-vocabulary-2026-08-07,
Q8N0Y5,surface,36,161,196,vocabulary,sliced_ecd,local,local,,int8,64,1,2227,v2-ruled-vocabulary-2026-08-07,
Q9BY67,surface,330,45,374,vocabulary,sliced_ecd,local,local,,int8,64,4,2228,v2-ruled-vocabulary-2026-08-07,
Q13410,surface,216,27,242,vocabulary,sliced_ecd,local,local,,int8,64,3,2229,v2-ruled-vocabulary-2026-08-07,
O43157,surface,1471,20,1490,vocabulary,sliced_ecd,above_local,rental,over_local_ceiling,fp16,64,5,2230,v2-ruled-vocabulary-2026-08-07,
O75923,non_surface,13,2068,2080,vocabulary,sliced_ecd,local,local,,int8,64,1,2231,v2-ruled-vocabulary-2026-08-07,
Q92887,surface,41,993,1033,vocabulary,sliced_ecd,local,local,,int8,64,1,2232,v2-ruled-vocabulary-2026-08-07,
P0DKB5,surface,281,27,307,vocabulary,sliced_ecd,local,local,,int8,64,3,2233,v2-ruled-vocabulary-2026-08-07,
Q16827,surface,793,30,822,vocabulary,sliced_ecd,above_local,rental,over_local_ceiling,fp16,64,5,2234,v2-ruled-vocabulary-2026-08-07,
Q5U4P2,non_surface,295,96,390,vocabulary,sliced_ecd,local,local,,int8,64,3,2235,v2-ruled-vocabulary-2026-08-07,
Q8NHU3,non_surface,27,101,127,vocabulary,sliced_ecd,local,local,,int8,64,1,2236,v2-ruled-vocabulary-2026-08-07,
Q86UG4,surface,109,473,581,vocabulary,sliced_ecd,local,local,,int8,64,2,2237,v2-ruled-vocabulary-2026-08-07,
Q13639,surface,31,158,188,vocabulary,sliced_ecd,local,local,,int8,64,1,2238,v2-ruled-vocabulary-2026-08-07,
O15431,surface,61,1,61,vocabulary,sliced_ecd,local,local,,int8,64,2,2239,v2-ruled-vocabulary-2026-08-07,
Q86UN3,surface,343,47,389,gpi_rule_A,sliced_ecd,local,local,,int8,64,4,2240,v2-ruled-vocabulary-2026-08-07,
Q8N5K1,non_surface,36,2,37,vocabulary,sliced_ecd,local,local,,int8,64,1,2241,v2-ruled-vocabulary-2026-08-07,
Q8NGK2,surface,36,163,198,vocabulary,sliced_ecd,local,local,,int8,64,1,2242,v2-ruled-vocabulary-2026-08-07,
Q9HD43,surface,727,28,754,vocabulary,sliced_ecd,above_local,rental,over_local_ceiling,fp16,64,5,2243,v2-ruled-vocabulary-2026-08-07,
O60636,surface,77,112,188,vocabulary,sliced_ecd,local,local,,int8,64,2,2244,v2-ruled-vocabulary-2026-08-07,
Q96RB7,surface,36,160,195,vocabulary,sliced_ecd,local,local,,int8,64,1,2245,v2-ruled-vocabulary-2026-08-07,
Q8NGY3,surface,41,1,41,vocabulary,sliced_ecd,local,local,,int8,64,1,2246,v2-ruled-vocabulary-2026-08-07,
P19320,surface,674,25,698,vocabulary,sliced_ecd,above_local,rental,over_local_ceiling,fp16,64,5,2247,v2-ruled-vocabulary-2026-08-07,
Q92956,surface,164,39,202,vocabulary,sliced_ecd,local,local,,int8,64,3,2248,v2-ruled-vocabulary-2026-08-07,
Q8NGN7,surface,37,159,195,vocabulary,sliced_ecd,local,local,,int8,64,1,2249,v2-ruled-vocabulary-2026-08-07,
Q86XM0,surface,703,21,723,vocabulary,sliced_ecd,above_local,rental,over_local_ceiling,fp16,64,5,2250,v2-ruled-vocabulary-2026-08-07,
P01732,surface,161,22,182,vocabulary,sliced_ecd,local,local,,int8,64,3,2251,v2-ruled-vocabulary-2026-08-07,
Q96NU0,surface,1220,26,1245,vocabulary,sliced_ecd,above_local,rental,over_local_ceiling,fp16,64,5,2252,v2-ruled-vocabulary-2026-08-07,
P25024,surface,39,1,39,vocabulary,sliced_ecd,local,local,,int8,64,1,2253,v2-ruled-vocabulary-2026-08-07,
Q9NR96,surface,793,26,818,vocabulary,sliced_ecd,above_local,rental,over_local_ceiling,fp16,64,5,2254,v2-ruled-vocabulary-2026-08-07,
Q99679,surface,32,1,32,vocabulary,sliced_ecd,local,local,,int8,64,1,2255,v2-ruled-vocabulary-2026-08-07,
Q53FP2,non_surface,35,27,61,vocabulary,sliced_ecd,local,local,,int8,64,1,2256,v2-ruled-vocabulary-2026-08-07,
Q6ZS10,surface,185,194,378,vocabulary,sliced_ecd,local,local,,int8,64,3,2257,v2-ruled-vocabulary-2026-08-07,
P58400,surface,346,51,396,vocabulary,sliced_ecd,local,local,,int8,64,4,2258,v2-ruled-vocabulary-2026-08-07,
P41273,non_surface,205,50,254,vocabulary,sliced_ecd,local,local,,int8,64,3,2259,v2-ruled-vocabulary-2026-08-07,
P32926,surface,566,50,615,vocabulary,sliced_ecd,untested_band,rental,unmeasured_local_ceiling,fp16,64,5,2260,v2-ruled-vocabulary-2026-08-07,
P58180,surface,37,159,195,vocabulary,sliced_ecd,local,local,,int8,64,1,2261,v2-ruled-vocabulary-2026-08-07,
Q9ULW2,surface,205,21,225,vocabulary,sliced_ecd,local,local,,int8,64,3,2262,v2-ruled-vocabulary-2026-08-07,
Q2QL34,non_surface,42,109,150,vocabulary,sliced_ecd,local,local,,int8,64,1,2263,v2-ruled-vocabulary-2026-08-07,
O60896,surface,90,24,113,vocabulary,sliced_ecd,local,local,,int8,64,2,2264,v2-ruled-vocabulary-2026-08-07,
Q9Y5Y3,surface,38,1,38,vocabulary,sliced_ecd,local,local,,int8,64,1,2265,v2-ruled-vocabulary-2026-08-07,
Q86T26,surface,378,39,416,vocabulary,sliced_ecd,local,local,,int8,64,4,2266,v2-ruled-vocabulary-2026-08-07,
Q9UHI5,non_surface,25,288,312,vocabulary,sliced_ecd,local,local,,int8,64,1,2267,v2-ruled-vocabulary-2026-08-07,
Q6UXG3,surface,229,19,247,vocabulary,sliced_ecd,local,local,,int8,64,3,2268,v2-ruled-vocabulary-2026-08-07,
O14569,non_surface,16,107,122,vocabulary,sliced_ecd,local,local,,int8,64,1,2269,v2-ruled-vocabulary-2026-08-07,
Q8WVV5,surface,233,33,265,vocabulary,sliced_ecd,local,local,,int8,64,3,2270,v2-ruled-vocabulary-2026-08-07,
Q8NGK9,surface,36,163,198,vocabulary,sliced_ecd,local,local,,int8,64,1,2271,v2-ruled-vocabulary-2026-08-07,
Q9NPZ5,non_surface,300,24,323,vocabulary,sliced_ecd,local,local,,int8,64,3,2272,v2-ruled-vocabulary-2026-08-07,
Q6P4F1,non_surface,448,32,479,vocabulary,sliced_ecd,untested_band,rental,unmeasured_local_ceiling,fp16,64,5,2273,v2-ruled-vocabulary-2026-08-07,
P22223,surface,547,108,654,vocabulary,sliced_ecd,untested_band,rental,unmeasured_local_ceiling,fp16,64,5,2274,v2-ruled-vocabulary-2026-08-07,
Q9BY19,non_surface,23,158,180,vocabulary,sliced_ecd,local,local,,int8,64,1,2275,v2-ruled-vocabulary-2026-08-07,
P48509,surface,109,113,221,vocabulary,sliced_ecd,local,local,,int8,64,2,2276,v2-ruled-vocabulary-2026-08-07,
Q9NXG6,non_surface,421,82,502,vocabulary,sliced_ecd,local,local,,int8,64,4,2277,v2-ruled-vocabulary-2026-08-07,
Q6P531,non_surface,418,76,493,vocabulary,sliced_ecd,local,local,,int8,64,4,2278,v2-ruled-vocabulary-2026-08-07,
Q9Y5F6,surface,664,30,693,vocabulary,sliced_ecd,above_local,rental,over_local_ceiling,fp16,64,5,2279,v2-ruled-vocabulary-2026-08-07,
P22794,surface,103,31,133,vocabulary,sliced_ecd,local,local,,int8,64,2,2280,v2-ruled-vocabulary-2026-08-07,
Q92633,surface,50,1,50,vocabulary,sliced_ecd,local,local,,int8,64,1,2281,v2-ruled-vocabulary-2026-08-07,
Q02487,surface,559,136,694,vocabulary,sliced_ecd,untested_band,rental,unmeasured_local_ceiling,fp16,64,5,2282,v2-ruled-vocabulary-2026-08-07,
Q8NGA4,surface,46,1,46,vocabulary,sliced_ecd,local,local,,int8,64,1,2283,v2-ruled-vocabulary-2026-08-07,
Q96KK4,surface,37,160,196,vocabulary,sliced_ecd,local,local,,int8,64,1,2284,v2-ruled-vocabulary-2026-08-07,
O14894,surface,46,112,157,vocabulary,sliced_ecd,local,local,,int8,64,1,2285,v2-ruled-vocabulary-2026-08-07,
Q9H172,surface,64,554,617,vocabulary,sliced_ecd,local,local,,int8,64,2,2286,v2-ruled-vocabulary-2026-08-07,
Q8NGI4,surface,37,159,195,vocabulary,sliced_ecd,local,local,,int8,64,1,2287,v2-ruled-vocabulary-2026-08-07,
Q07699,surface,139,19,157,vocabulary,sliced_ecd,local,local,,int8,64,2,2288,v2-ruled-vocabulary-2026-08-07,
Q8WVQ1,non_surface,339,63,401,vocabulary,sliced_ecd,local,local,,int8,64,4,2289,v2-ruled-vocabulary-2026-08-07,
Q8WWP7,non_surface,14,293,306,vocabulary,sliced_ecd,local,local,,int8,64,1,2290,v2-ruled-vocabulary-2026-08-07,
Q9BTX1,non_surface,30,136,165,vocabulary,sliced_ecd,local,local,,int8,64,1,2291,v2-ruled-vocabulary-2026-08-07,
Q14118,surface,96,654,749,vocabulary,sliced_ecd,local,local,,int8,64,2,2292,v2-ruled-vocabulary-2026-08-07,
Q6IWH7,surface,105,610,714,vocabulary,sliced_ecd,local,local,,int8,64,2,2293,v2-ruled-vocabulary-2026-08-07,
Q15619,surface,37,159,195,vocabulary,sliced_ecd,local,local,,int8,64,1,2294,v2-ruled-vocabulary-2026-08-07,
O95210,non_surface,6,1,6,vocabulary,sliced_ecd,local,local,,int8,64,1,2295,v2-ruled-vocabulary-2026-08-07,
Q2VWP7,surface,914,36,949,vocabulary,sliced_ecd,above_local,rental,over_local_ceiling,fp16,64,5,2296,v2-ruled-vocabulary-2026-08-07,
Q5VZR4,non_surface,49,1,49,vocabulary,sliced_ecd,local,local,,int8,64,1,2297,v2-ruled-vocabulary-2026-08-07,
P12314,surface,277,16,292,vocabulary,sliced_ecd,local,local,,int8,64,3,2298,v2-ruled-vocabulary-2026-08-07,
Q15629,non_surface,26,51,76,vocabulary,sliced_ecd,local,local,,int8,64,1,2299,v2-ruled-vocabulary-2026-08-07,
Q0VDE8,non_surface,13,1,13,vocabulary,sliced_ecd,local,local,,int8,64,1,2300,v2-ruled-vocabulary-2026-08-07,
O95406,non_surface,25,32,56,vocabulary,sliced_ecd,local,local,,int8,64,1,2301,v2-ruled-vocabulary-2026-08-07,
Q6GPH6,non_surface,79,25,103,vocabulary,sliced_ecd,local,local,,int8,64,2,2302,v2-ruled-vocabulary-2026-08-07,
Q8NH56,surface,36,170,205,vocabulary,sliced_ecd,local,local,,int8,64,1,2303,v2-ruled-vocabulary-2026-08-07,
Q99805,surface,272,29,300,vocabulary,sliced_ecd,local,local,,int8,64,3,2304,v2-ruled-vocabulary-2026-08-07,
Q9Y5X5,surface,147,1,147,vocabulary,sliced_ecd,local,local,,int8,64,2,2305,v2-ruled-vocabulary-2026-08-07,
P22748,surface,265,19,283,gpi_rule_A,sliced_ecd,local,local,,int8,64,3,2306,v2-ruled-vocabulary-2026-08-07,
Q6ZRH7,surface,1030,36,1065,vocabulary,sliced_ecd,above_local,rental,over_local_ceiling,fp16,64,5,2307,v2-ruled-vocabulary-2026-08-07,
Q9UP95,surface,122,298,419,vocabulary,sliced_ecd,local,local,,int8,64,2,2308,v2-ruled-vocabulary-2026-08-07,
A8MV81,non_surface,11,48,58,vocabulary,sliced_ecd,local,local,,int8,64,1,2309,v2-ruled-vocabulary-2026-08-07,
O60403,surface,37,161,197,vocabulary,sliced_ecd,local,local,,int8,64,1,2310,v2-ruled-vocabulary-2026-08-07,
Q9Y4A9,surface,37,161,197,vocabulary,sliced_ecd,local,local,,int8,64,1,2311,v2-ruled-vocabulary-2026-08-07,
Q8NGL9,surface,37,157,193,vocabulary,sliced_ecd,local,local,,int8,64,1,2312,v2-ruled-vocabulary-2026-08-07,
Q8TBG9,surface,56,26,81,vocabulary,sliced_ecd,local,local,,int8,64,2,2313,v2-ruled-vocabulary-2026-08-07,
Q13421,surface,302,296,597,gpi_rule_A,sliced_ecd,local,local,,int8,64,4,2314,v2-ruled-vocabulary-2026-08-07,chain_shorter_than_longest_candidate:0.538;chain_start_ambiguous
Q9HDD0,non_surface,9,160,168,vocabulary,sliced_ecd,local,local,,int8,64,1,2315,v2-ruled-vocabulary-2026-08-07,
Q9UQC9,surface,870,32,901,vocabulary,sliced_ecd,above_local,rental,over_local_ceiling,fp16,64,5,2316,v2-ruled-vocabulary-2026-08-07,
Q969P0,surface,552,28,579,vocabulary,sliced_ecd,untested_band,rental,unmeasured_local_ceiling,fp16,64,5,2317,v2-ruled-vocabulary-2026-08-07,
O60486,surface,910,35,944,vocabulary,sliced_ecd,above_local,rental,over_local_ceiling,fp16,64,5,2318,v2-ruled-vocabulary-2026-08-07,
Q99965,surface,512,175,686,vocabulary,sliced_ecd,untested_band,rental,unmeasured_local_ceiling,fp16,64,5,2319,v2-ruled-vocabulary-2026-08-07,
P29016,surface,286,18,303,vocabulary,sliced_ecd,local,local,,int8,64,3,2320,v2-ruled-vocabulary-2026-08-07,
P34925,surface,202,26,227,vocabulary,sliced_ecd,local,local,,int8,64,3,2321,v2-ruled-vocabulary-2026-08-07,
Q9H4A9,surface,430,33,462,gpi_rule_A,sliced_ecd,local,local,,int8,64,4,2322,v2-ruled-vocabulary-2026-08-07,
Q9Y5E9,surface,660,27,686,vocabulary,sliced_ecd,above_local,rental,over_local_ceiling,fp16,64,5,2323,v2-ruled-vocabulary-2026-08-07,
Q16819,surface,647,66,712,vocabulary,sliced_ecd,above_local,rental,over_local_ceiling,fp16,64,5,2324,v2-ruled-vocabulary-2026-08-07,
Q13563,surface,227,242,468,vocabulary,sliced_ecd,local,local,,int8,64,3,2325,v2-ruled-vocabulary-2026-08-07,
P10620,non_surface,7,3,9,vocabulary,sliced_ecd,local,local,,int8,64,1,2326,v2-ruled-vocabulary-2026-08-07,
Q8IYL9,surface,21,154,174,vocabulary,sliced_ecd,local,local,,int8,64,1,2327,v2-ruled-vocabulary-2026-08-07,
Q7Z3B1,surface,286,38,323,gpi_rule_A,sliced_ecd,local,local,,int8,64,3,2328,v2-ruled-vocabulary-2026-08-07,
O94766,non_surface,307,29,335,vocabulary,sliced_ecd,local,local,,int8,64,4,2329,v2-ruled-vocabulary-2026-08-07,
Q9NZM1,surface,15,2047,2061,vocabulary,sliced_ecd,local,local,,int8,64,1,2330,v2-ruled-vocabulary-2026-08-07,
Q9UPI3,surface,18,102,119,vocabulary,sliced_ecd,local,local,,int8,64,1,2331,v2-ruled-vocabulary-2026-08-07,
Q9H4B8,surface,427,36,462,gpi_rule_A,sliced_ecd,local,local,,int8,64,4,2332,v2-ruled-vocabulary-2026-08-07,
Q92537,surface,81,40,120,vocabulary,sliced_ecd,local,local,,int8,64,2,2333,v2-ruled-vocabulary-2026-08-07,
Q14524,surface,85,273,357,vocabulary,sliced_ecd,local,local,,int8,64,2,2334,v2-ruled-vocabulary-2026-08-07,
Q93063,non_surface,672,47,718,vocabulary,sliced_ecd,above_local,rental,over_local_ceiling,fp16,64,5,2335,v2-ruled-vocabulary-2026-08-07,
O75508,surface,60,23,82,vocabulary,sliced_ecd,local,local,,int8,64,2,2336,v2-ruled-vocabulary-2026-08-07,
P35575,non_surface,36,82,117,vocabulary,sliced_ecd,local,local,,int8,64,1,2337,v2-ruled-vocabulary-2026-08-07,
Q9UBD6,surface,30,31,60,vocabulary,sliced_ecd,local,local,,int8,64,1,2338,v2-ruled-vocabulary-2026-08-07,
Q2WGJ8,non_surface,11,83,93,vocabulary,sliced_ecd,local,local,,int8,64,1,2339,v2-ruled-vocabulary-2026-08-07,
P49683,surface,62,1,62,vocabulary,sliced_ecd,local,local,,int8,64,2,2340,v2-ruled-vocabulary-2026-08-07,
Q9UN76,surface,104,131,234,vocabulary,sliced_ecd,local,local,,int8,64,2,2341,v2-ruled-vocabulary-2026-08-07,
Q8NGE2,surface,37,157,193,vocabulary,sliced_ecd,local,local,,int8,64,1,2342,v2-ruled-vocabulary-2026-08-07,
Q9C0A0,surface,1216,26,1241,vocabulary,sliced_ecd,above_local,rental,over_local_ceiling,fp16,64,5,2343,v2-ruled-vocabulary-2026-08-07,
O95800,surface,46,1,46,vocabulary,sliced_ecd,local,local,,int8,64,1,2344,v2-ruled-vocabulary-2026-08-07,
P04439,surface,284,25,308,vocabulary,sliced_ecd,local,local,,int8,64,3,2345,v2-ruled-vocabulary-2026-08-07,
Q5VV63,surface,1178,53,1230,vocabulary,sliced_ecd,above_local,rental,over_local_ceiling,fp16,64,5,2346,v2-ruled-vocabulary-2026-08-07,
P42167,non_surface,20,435,454,vocabulary,sliced_ecd,local,local,,int8,64,1,2347,v2-ruled-vocabulary-2026-08-07,
Q9Y5Q0,non_surface,22,285,306,vocabulary,sliced_ecd,local,local,,int8,64,1,2348,v2-ruled-vocabulary-2026-08-07,
Q9C0H2,surface,129,258,386,vocabulary,sliced_ecd,local,local,,int8,64,2,2349,v2-ruled-vocabulary-2026-08-07,
Q9Y5S1,surface,64,557,620,vocabulary,sliced_ecd,local,local,,int8,64,2,2350,v2-ruled-vocabulary-2026-08-07,
Q01718,surface,27,1,27,vocabulary,sliced_ecd,local,local,,int8,64,1,2351,v2-ruled-vocabulary-2026-08-07,
Q86UE6,non_surface,393,35,427,vocabulary,sliced_ecd,local,local,,int8,64,4,2352,v2-ruled-vocabulary-2026-08-07,
Q8IU57,surface,208,21,228,vocabulary,sliced_ecd,local,local,,int8,64,3,2353,v2-ruled-vocabulary-2026-08-07,
P16234,surface,505,24,528,vocabulary,sliced_ecd,untested_band,rental,unmeasured_local_ceiling,fp16,64,5,2354,v2-ruled-vocabulary-2026-08-07,
Q9NR82,non_surface,11,288,298,vocabulary,sliced_ecd,local,local,,int8,64,1,2355,v2-ruled-vocabulary-2026-08-07,
Q6IFH4,surface,36,161,196,vocabulary,sliced_ecd,local,local,,int8,64,1,2356,v2-ruled-vocabulary-2026-08-07,
P31994,surface,175,43,217,vocabulary,sliced_ecd,local,local,,int8,64,3,2357,v2-ruled-vocabulary-2026-08-07,
P20036,surface,194,29,222,vocabulary,sliced_ecd,local,local,,int8,64,3,2358,v2-ruled-vocabulary-2026-08-07,
Q9UN71,surface,659,31,689,vocabulary,sliced_ecd,above_local,rental,over_local_ceiling,fp16,64,5,2359,v2-ruled-vocabulary-2026-08-07,
Q5SSG8,surface,455,25,479,vocabulary,sliced_ecd,untested_band,rental,unmeasured_local_ceiling,fp16,64,5,2360,v2-ruled-vocabulary-2026-08-07,
Q8N149,surface,426,24,449,vocabulary,sliced_ecd,local,local,,int8,64,4,2361,v2-ruled-vocabulary-2026-08-07,
P35368,surface,45,1,45,vocabulary,sliced_ecd,local,local,,int8,64,1,2362,v2-ruled-vocabulary-2026-08-07,
Q86YD5,surface,156,18,173,vocabulary,sliced_ecd,local,local,,int8,64,3,2363,v2-ruled-vocabulary-2026-08-07,
O75019,surface,445,17,461,vocabulary,sliced_ecd,untested_band,rental,unmeasured_local_ceiling,fp16,64,5,2364,v2-ruled-vocabulary-2026-08-07,
Q8NFK1,surface,41,154,194,vocabulary,sliced_ecd,local,local,,int8,64,1,2365,v2-ruled-vocabulary-2026-08-07,
Q12912,non_surface,39,517,555,vocabulary,sliced_ecd,local,local,,int8,64,1,2366,v2-ruled-vocabulary-2026-08-07,
Q9NRY7,non_surface,4,294,297,vocabulary,sliced_ecd,local,local,,int8,64,1,2367,v2-ruled-vocabulary-2026-08-07,
Q96P66,surface,35,1,35,vocabulary,sliced_ecd,local,local,,int8,64,1,2368,v2-ruled-vocabulary-2026-08-07,
Q9BVH7,non_surface,307,30,336,vocabulary,sliced_ecd,local,local,,int8,64,4,2369,v2-ruled-vocabulary-2026-08-07,
Q9GZZ7,surface,257,21,277,gpi_rule_A,sliced_ecd,local,local,,int8,64,3,2370,v2-ruled-vocabulary-2026-08-07,
O95237,non_surface,15,216,230,vocabulary,sliced_ecd,local,local,,int8,64,1,2371,v2-ruled-vocabulary-2026-08-07,
Q99527,surface,62,1,62,vocabulary,sliced_ecd,local,local,,int8,64,2,2372,v2-ruled-vocabulary-2026-08-07,
P15391,surface,272,20,291,vocabulary,sliced_ecd,local,local,,int8,64,3,2373,v2-ruled-vocabulary-2026-08-07,
P32238,surface,41,1,41,vocabulary,sliced_ecd,local,local,,int8,64,1,2374,v2-ruled-vocabulary-2026-08-07,
Q5ZPR3,surface,438,29,466,vocabulary,sliced_ecd,local,local,,int8,64,4,2375,v2-ruled-vocabulary-2026-08-07,
Q15615,surface,37,159,195,vocabulary,sliced_ecd,local,local,,int8,64,1,2376,v2-ruled-vocabulary-2026-08-07,
Q9Y5F2,surface,664,27,690,vocabulary,sliced_ecd,above_local,rental,over_local_ceiling,fp16,64,5,2377,v2-ruled-vocabulary-2026-08-07,
Q9NQ40,surface,62,159,220,vocabulary,sliced_ecd,local,local,,int8,64,2,2378,v2-ruled-vocabulary-2026-08-07,
Q86XQ3,non_surface,21,196,216,vocabulary,sliced_ecd,local,local,,int8,64,1,2379,v2-ruled-vocabulary-2026-08-07,
P20292,non_surface,33,129,161,vocabulary,sliced_ecd,local,local,,int8,64,1,2380,v2-ruled-vocabulary-2026-08-07,
O60706,surface,97,1149,1245,vocabulary,sliced_ecd,local,local,,int8,64,2,2381,v2-ruled-vocabulary-2026-08-07,
Q8N2G4,surface,96,21,116,gpi_rule_A,sliced_ecd,local,local,,int8,64,2,2382,v2-ruled-vocabulary-2026-08-07,
Q9NTN9,surface,658,18,675,vocabulary,sliced_ecd,above_local,rental,over_local_ceiling,fp16,64,5,2383,v2-ruled-vocabulary-2026-08-07,
Q8NH94,surface,75,1,75,vocabulary,sliced_ecd,local,local,,int8,64,2,2384,v2-ruled-vocabulary-2026-08-07,
O60243,non_surface,374,38,411,vocabulary,sliced_ecd,local,local,,int8,64,4,2385,v2-ruled-vocabulary-2026-08-07,
O00341,surface,102,115,216,vocabulary,sliced_ecd,local,local,,int8,64,2,2386,v2-ruled-vocabulary-2026-08-07,
Q8N428,non_surface,532,27,558,vocabulary,sliced_ecd,untested_band,rental,unmeasured_local_ceiling,fp16,64,5,2387,v2-ruled-vocabulary-2026-08-07,
Q96H15,surface,290,25,314,vocabulary,sliced_ecd,local,local,,int8,64,3,2388,v2-ruled-vocabulary-2026-08-07,
Q9HBG7,surface,407,48,454,vocabulary,sliced_ecd,local,local,,int8,64,4,2389,v2-ruled-vocabulary-2026-08-07,
P25025,surface,48,1,48,vocabulary,sliced_ecd,local,local,,int8,64,1,2390,v2-ruled-vocabulary-2026-08-07,
Q9H3T2,surface,580,25,604,vocabulary,sliced_ecd,untested_band,rental,unmeasured_local_ceiling,fp16,64,5,2391,v2-ruled-vocabulary-2026-08-07,
Q8NGY2,surface,39,160,198,vocabulary,sliced_ecd,local,local,,int8,64,1,2392,v2-ruled-vocabulary-2026-08-07,
P51512,surface,445,120,564,vocabulary,sliced_ecd,untested_band,rental,unmeasured_local_ceiling,fp16,64,5,2393,v2-ruled-vocabulary-2026-08-07,
B6SEH8,surface,300,22,321,vocabulary,sliced_ecd,local,local,,int8,64,3,2394,v2-ruled-vocabulary-2026-08-07,
Q9NZU1,surface,504,49,552,vocabulary,sliced_ecd,untested_band,rental,unmeasured_local_ceiling,fp16,64,5,2395,v2-ruled-vocabulary-2026-08-07,
P41180,surface,591,20,610,vocabulary,sliced_ecd,untested_band,rental,unmeasured_local_ceiling,fp16,64,5,2396,v2-ruled-vocabulary-2026-08-07,
P08247,surface,57,50,106,vocabulary,sliced_ecd,local,local,,int8,64,2,2397,v2-ruled-vocabulary-2026-08-07,
Q9UGF5,surface,36,159,194,vocabulary,sliced_ecd,local,local,,int8,64,1,2398,v2-ruled-vocabulary-2026-08-07,
P11717,surface,2264,41,2304,vocabulary,sliced_ecd,above_local,rental,over_local_ceiling,fp16,64,5,2399,v2-ruled-vocabulary-2026-08-07,
O60478,surface,46,1,46,vocabulary,sliced_ecd,local,local,,int8,64,1,2400,v2-ruled-vocabulary-2026-08-07,
O00548,surface,528,18,545,vocabulary,sliced_ecd,untested_band,rental,unmeasured_local_ceiling,fp16,64,5,2401,v2-ruled-vocabulary-2026-08-07,
O15244,surface,107,44,150,vocabulary,sliced_ecd,local,local,,int8,64,2,2402,v2-ruled-vocabulary-2026-08-07,
P08034,surface,38,154,191,vocabulary,sliced_ecd,local,local,,int8,64,1,2403,v2-ruled-vocabulary-2026-08-07,
Q9ULZ9,surface,439,126,564,gpi_rule_A,sliced_ecd,local,local,,int8,64,4,2404,v2-ruled-vocabulary-2026-08-07,
Q9Y226,surface,97,42,138,vocabulary,sliced_ecd,local,local,,int8,64,2,2405,v2-ruled-vocabulary-2026-08-07,
Q8IWA5,surface,178,55,232,vocabulary,sliced_ecd,local,local,,int8,64,3,2406,v2-ruled-vocabulary-2026-08-07,
Q8NGS1,surface,37,159,195,vocabulary,sliced_ecd,local,local,,int8,64,1,2407,v2-ruled-vocabulary-2026-08-07,
Q8N441,surface,354,25,378,vocabulary,sliced_ecd,local,local,,int8,64,4,2408,v2-ruled-vocabulary-2026-08-07,
Q9UL51,non_surface,23,391,413,vocabulary,sliced_ecd,local,local,,int8,64,1,2409,v2-ruled-vocabulary-2026-08-07,
Q9NP99,surface,185,21,205,vocabulary,sliced_ecd,local,local,,int8,64,3,2410,v2-ruled-vocabulary-2026-08-07,
P21589,surface,522,27,548,gpi_rule_A,sliced_ecd,untested_band,rental,unmeasured_local_ceiling,fp16,64,5,2411,v2-ruled-vocabulary-2026-08-07,
Q8NGV5,surface,57,1,57,vocabulary,sliced_ecd,local,local,,int8,64,2,2412,v2-ruled-vocabulary-2026-08-07,
Q9H6B4,surface,217,19,235,vocabulary,sliced_ecd,local,local,,int8,64,3,2413,v2-ruled-vocabulary-2026-08-07,
Q8WWV6,surface,434,17,450,vocabulary,sliced_ecd,local,local,,int8,64,4,2414,v2-ruled-vocabulary-2026-08-07,
Q8N271,surface,286,494,779,vocabulary,sliced_ecd,local,local,,int8,64,3,2415,v2-ruled-vocabulary-2026-08-07,
Q6P9G4,surface,53,23,75,vocabulary,sliced_ecd,local,local,,int8,64,2,2416,v2-ruled-vocabulary-2026-08-07,
Q8NH08,surface,26,1,26,vocabulary,sliced_ecd,local,local,,int8,64,1,2417,v2-ruled-vocabulary-2026-08-07,
Q96KA5,non_surface,253,32,284,vocabulary,sliced_ecd,local,local,,int8,64,3,2418,v2-ruled-vocabulary-2026-08-07,
Q9UKU6,surface,963,107,1069,vocabulary,sliced_ecd,above_local,rental,over_local_ceiling,fp16,64,5,2419,v2-ruled-vocabulary-2026-08-07,
Q9UPU3,surface,991,135,1125,vocabulary,sliced_ecd,above_local,rental,over_local_ceiling,fp16,64,5,2420,v2-ruled-vocabulary-2026-08-07,
O95944,surface,171,22,192,vocabulary,sliced_ecd,local,local,,int8,64,3,2421,v2-ruled-vocabulary-2026-08-07,
P47900,surface,51,1,51,vocabulary,sliced_ecd,local,local,,int8,64,2,2422,v2-ruled-vocabulary-2026-08-07,
P22897,surface,1371,19,1389,vocabulary,sliced_ecd,above_local,rental,over_local_ceiling,fp16,64,5,2423,v2-ruled-vocabulary-2026-08-07,
P17302,surface,32,45,76,vocabulary,sliced_ecd,local,local,,int8,64,1,2424,v2-ruled-vocabulary-2026-08-07,
P49810,surface,30,109,138,vocabulary,sliced_ecd,local,local,,int8,64,1,2425,v2-ruled-vocabulary-2026-08-07,
Q9NXL6,surface,290,20,309,vocabulary,sliced_ecd,local,local,,int8,64,3,2426,v2-ruled-vocabulary-2026-08-07,
P16066,surface,441,33,473,vocabulary,sliced_ecd,untested_band,rental,unmeasured_local_ceiling,fp16,64,5,2427,v2-ruled-vocabulary-2026-08-07,
P32302,surface,55,1,55,vocabulary,sliced_ecd,local,local,,int8,64,2,2428,v2-ruled-vocabulary-2026-08-07,
Q92637,surface,183,16,198,vocabulary,sliced_ecd,local,local,,int8,64,3,2429,v2-ruled-vocabulary-2026-08-07,
P80370,surface,280,24,303,vocabulary,sliced_ecd,local,local,,int8,64,3,2430,v2-ruled-vocabulary-2026-08-07,
Q9NST1,non_surface,419,63,481,vocabulary,sliced_ecd,local,local,,int8,64,4,2431,v2-ruled-vocabulary-2026-08-07,
A6NKK0,surface,31,165,195,vocabulary,sliced_ecd,local,local,,int8,64,1,2432,v2-ruled-vocabulary-2026-08-07,
Q8IZF7,surface,451,1,451,vocabulary,sliced_ecd,untested_band,rental,unmeasured_local_ceiling,fp16,64,5,2433,v2-ruled-vocabulary-2026-08-07,
Q9NUM4,surface,157,118,274,vocabulary,sliced_ecd,local,local,,int8,64,3,2434,v2-ruled-vocabulary-2026-08-07,
P23975,surface,67,167,233,vocabulary,sliced_ecd,local,local,,int8,64,2,2435,v2-ruled-vocabulary-2026-08-07,
P61550,surface,537,39,575,vocabulary,sliced_ecd,untested_band,rental,unmeasured_local_ceiling,fp16,64,5,2436,v2-ruled-vocabulary-2026-08-07,
Q8NGV6,surface,41,1,41,vocabulary,sliced_ecd,local,local,,int8,64,1,2437,v2-ruled-vocabulary-2026-08-07,
Q96E93,surface,136,60,195,vocabulary,sliced_ecd,local,local,,int8,64,2,2438,v2-ruled-vocabulary-2026-08-07,
P58335,surface,285,34,318,vocabulary,sliced_ecd,local,local,,int8,64,3,2439,v2-ruled-vocabulary-2026-08-07,
A6NDH6,surface,31,165,195,vocabulary,sliced_ecd,local,local,,int8,64,1,2440,v2-ruled-vocabulary-2026-08-07,
Q9UGQ3,surface,35,361,395,vocabulary,sliced_ecd,local,local,,int8,64,1,2441,v2-ruled-vocabulary-2026-08-07,
Q08554,surface,557,135,691,vocabulary,sliced_ecd,untested_band,rental,unmeasured_local_ceiling,fp16,64,5,2442,v2-ruled-vocabulary-2026-08-07,
P04233,surface,224,73,296,vocabulary,sliced_ecd,local,local,,int8,64,3,2443,v2-ruled-vocabulary-2026-08-07,
Q8NGS9,surface,37,161,197,vocabulary,sliced_ecd,local,local,,int8,64,1,2444,v2-ruled-vocabulary-2026-08-07,
Q8NH80,surface,37,161,197,vocabulary,sliced_ecd,local,local,,int8,64,1,2445,v2-ruled-vocabulary-2026-08-07,
Q8NGE9,surface,37,161,197,vocabulary,sliced_ecd,local,local,,int8,64,1,2446,v2-ruled-vocabulary-2026-08-07,
Q8NHL6,surface,438,24,461,vocabulary,sliced_ecd,local,local,,int8,64,4,2447,v2-ruled-vocabulary-2026-08-07,
Q8IZJ1,surface,351,27,377,vocabulary,sliced_ecd,local,local,,int8,64,4,2448,v2-ruled-vocabulary-2026-08-07,
Q10589,surface,113,49,161,vocabulary,sliced_ecd,local,local,,int8,64,2,2449,v2-ruled-vocabulary-2026-08-07,
P17342,surface,455,27,481,vocabulary,sliced_ecd,untested_band,rental,unmeasured_local_ceiling,fp16,64,5,2450,v2-ruled-vocabulary-2026-08-07,
A6ND01,surface,208,20,227,gpi_rule_A,sliced_ecd,local,local,,int8,64,3,2451,v2-ruled-vocabulary-2026-08-07,
Q9NVV5,non_surface,14,31,44,vocabulary,sliced_ecd,local,local,,int8,64,1,2452,v2-ruled-vocabulary-2026-08-07,
Q8TDI8,non_surface,51,221,271,vocabulary,sliced_ecd,local,local,,int8,64,2,2453,v2-ruled-vocabulary-2026-08-07,
Q96RJ3,non_surface,78,1,78,vocabulary,sliced_ecd,local,local,,int8,64,2,2454,v2-ruled-vocabulary-2026-08-07,
Q8NGP8,surface,36,161,196,vocabulary,sliced_ecd,local,local,,int8,64,1,2455,v2-ruled-vocabulary-2026-08-07,
Q99442,non_surface,17,218,234,vocabulary,sliced_ecd,local,local,,int8,64,1,2456,v2-ruled-vocabulary-2026-08-07,
Q7Z602,surface,31,153,183,vocabulary,sliced_ecd,local,local,,int8,64,1,2457,v2-ruled-vocabulary-2026-08-07,
Q9H343,surface,36,163,198,vocabulary,sliced_ecd,local,local,,int8,64,1,2458,v2-ruled-vocabulary-2026-08-07,
Q8TB68,non_surface,9,1,9,vocabulary,sliced_ecd,local,local,,int8,64,1,2459,v2-ruled-vocabulary-2026-08-07,
Q12981,non_surface,8,221,228,vocabulary,sliced_ecd,local,local,,int8,64,1,2460,v2-ruled-vocabulary-2026-08-07,
Q96RI0,surface,35,48,82,vocabulary,sliced_ecd,local,local,,int8,64,1,2461,v2-ruled-vocabulary-2026-08-07,
Q9ULG6,non_surface,519,239,757,vocabulary,sliced_ecd,untested_band,rental,unmeasured_local_ceiling,fp16,64,5,2462,v2-ruled-vocabulary-2026-08-07,
Q5SZK8,surface,3067,47,3113,vocabulary,sliced_ecd,above_local,rental,over_local_ceiling,fp16,64,5,2463,v2-ruled-vocabulary-2026-08-07,
P21217,non_surface,327,35,361,vocabulary,sliced_ecd,local,local,,int8,64,4,2464,v2-ruled-vocabulary-2026-08-07,
Q9Y5F1,surface,664,27,690,vocabulary,sliced_ecd,above_local,rental,over_local_ceiling,fp16,64,5,2465,v2-ruled-vocabulary-2026-08-07,
O43300,surface,389,34,422,vocabulary,sliced_ecd,local,local,,int8,64,4,2466,v2-ruled-vocabulary-2026-08-07,
Q9NU53,surface,245,24,268,vocabulary,sliced_ecd,local,local,,int8,64,3,2467,v2-ruled-vocabulary-2026-08-07,
Q401N2,surface,208,26,233,vocabulary,sliced_ecd,local,local,,int8,64,3,2468,v2-ruled-vocabulary-2026-08-07,
Q8ND94,surface,172,23,194,vocabulary,sliced_ecd,local,local,,int8,64,3,2469,v2-ruled-vocabulary-2026-08-07,
O95185,surface,340,41,380,vocabulary,sliced_ecd,local,local,,int8,64,4,2470,v2-ruled-vocabulary-2026-08-07,
P20333,surface,235,23,257,vocabulary,sliced_ecd,local,local,,int8,64,3,2471,v2-ruled-vocabulary-2026-08-07,
Q7Z692,surface,125,33,157,vocabulary,sliced_ecd,local,local,,int8,64,2,2472,v2-ruled-vocabulary-2026-08-07,
P55287,surface,564,54,617,vocabulary,sliced_ecd,untested_band,rental,unmeasured_local_ceiling,fp16,64,5,2473,v2-ruled-vocabulary-2026-08-07,
Q9H5K3,non_surface,307,44,350,vocabulary,sliced_ecd,local,local,,int8,64,4,2474,v2-ruled-vocabulary-2026-08-07,
Q9NS68,surface,141,30,170,vocabulary,sliced_ecd,local,local,,int8,64,2,2475,v2-ruled-vocabulary-2026-08-07,
Q8NH74,surface,37,161,197,vocabulary,sliced_ecd,local,local,,int8,64,1,2476,v2-ruled-vocabulary-2026-08-07,
Q15762,surface,236,19,254,vocabulary,sliced_ecd,local,local,,int8,64,3,2477,v2-ruled-vocabulary-2026-08-07,
Q5T4T1,non_surface,37,1,37,vocabulary,sliced_ecd,local,local,,int8,64,1,2478,v2-ruled-vocabulary-2026-08-07,
O95622,surface,53,857,909,vocabulary,sliced_ecd,local,local,,int8,64,2,2479,v2-ruled-vocabulary-2026-08-07,
Q9P2W7,non_surface,307,28,334,vocabulary,sliced_ecd,local,local,,int8,64,4,2480,v2-ruled-vocabulary-2026-08-07,
Q5JPE7,non_surface,1124,32,1155,vocabulary,sliced_ecd,above_local,rental,over_local_ceiling,fp16,64,5,2481,v2-ruled-vocabulary-2026-08-07,
Q6IFG1,surface,34,166,199,vocabulary,sliced_ecd,local,local,,int8,64,1,2482,v2-ruled-vocabulary-2026-08-07,
Q8NGI0,surface,36,163,198,vocabulary,sliced_ecd,local,local,,int8,64,1,2483,v2-ruled-vocabulary-2026-08-07,
A8MXK1,surface,119,29,147,vocabulary,sliced_ecd,local,local,,int8,64,2,2484,v2-ruled-vocabulary-2026-08-07,
Q9NR16,surface,1319,41,1359,vocabulary,sliced_ecd,above_local,rental,over_local_ceiling,fp16,64,5,2485,v2-ruled-vocabulary-2026-08-07,
Q8NCL8,surface,32,109,140,vocabulary,sliced_ecd,local,local,,int8,64,1,2486,v2-ruled-vocabulary-2026-08-07,
Q6U841,surface,73,648,720,vocabulary,sliced_ecd,local,local,,int8,64,2,2487,v2-ruled-vocabulary-2026-08-07,
P30203,surface,385,18,402,vocabulary,sliced_ecd,local,local,,int8,64,4,2488,v2-ruled-vocabulary-2026-08-07,
O14735,non_surface,14,161,174,vocabulary,sliced_ecd,local,local,,int8,64,1,2489,v2-ruled-vocabulary-2026-08-07,
Q14246,surface,579,21,599,vocabulary,sliced_ecd,untested_band,rental,unmeasured_local_ceiling,fp16,64,5,2490,v2-ruled-vocabulary-2026-08-07,
P30542,surface,26,148,173,vocabulary,sliced_ecd,local,local,,int8,64,1,2491,v2-ruled-vocabulary-2026-08-07,
P59551,non_surface,34,150,183,vocabulary,sliced_ecd,local,local,,int8,64,1,2492,v2-ruled-vocabulary-2026-08-07,
Q6NVV3,surface,67,1,67,vocabulary,sliced_ecd,local,local,,int8,64,2,2493,v2-ruled-vocabulary-2026-08-07,
O75477,non_surface,320,29,348,vocabulary,sliced_ecd,local,local,,int8,64,4,2494,v2-ruled-vocabulary-2026-08-07,
P33908,non_surface,591,63,653,vocabulary,sliced_ecd,untested_band,rental,unmeasured_local_ceiling,fp16,64,5,2495,v2-ruled-vocabulary-2026-08-07,
O14668,non_surface,63,21,83,vocabulary,sliced_ecd,local,local,,int8,64,2,2496,v2-ruled-vocabulary-2026-08-07,
P29965,surface,215,47,261,vocabulary,sliced_ecd,local,local,,int8,64,3,2497,v2-ruled-vocabulary-2026-08-07,
Q9UN67,surface,666,27,692,vocabulary,sliced_ecd,above_local,rental,over_local_ceiling,fp16,64,5,2498,v2-ruled-vocabulary-2026-08-07,
Q8WW62,non_surface,179,22,200,vocabulary,sliced_ecd,local,local,,int8,64,3,2499,v2-ruled-vocabulary-2026-08-07,
Q86SF2,non_surface,628,30,657,vocabulary,sliced_ecd,untested_band,rental,unmeasured_local_ceiling,fp16,64,5,2500,v2-ruled-vocabulary-2026-08-07,
Q9UHW9,surface,117,317,433,vocabulary,sliced_ecd,local,local,,int8,64,2,2501,v2-ruled-vocabulary-2026-08-07,
P08962,surface,101,103,203,vocabulary,sliced_ecd,local,local,,int8,64,2,2502,v2-ruled-vocabulary-2026-08-07,
O15127,non_surface,23,240,262,vocabulary,sliced_ecd,local,local,,int8,64,1,2503,v2-ruled-vocabulary-2026-08-07,
Q9H313,surface,129,262,390,vocabulary,sliced_ecd,local,local,,int8,64,2,2504,v2-ruled-vocabulary-2026-08-07,
Q6UWR7,surface,396,23,418,gpi_rule_A,sliced_ecd,local,local,,int8,64,4,2505,v2-ruled-vocabulary-2026-08-07,
Q96R28,surface,37,159,195,vocabulary,sliced_ecd,local,local,,int8,64,1,2506,v2-ruled-vocabulary-2026-08-07,
Q8TCT8,surface,147,26,172,vocabulary,sliced_ecd,local,local,,int8,64,2,2507,v2-ruled-vocabulary-2026-08-07,
Q5QGZ9,surface,201,65,265,vocabulary,sliced_ecd,local,local,,int8,64,3,2508,v2-ruled-vocabulary-2026-08-07,
Q9H2E6,surface,631,19,649,vocabulary,sliced_ecd,above_local,rental,over_local_ceiling,fp16,64,5,2509,v2-ruled-vocabulary-2026-08-07,
Q13705,surface,119,19,137,vocabulary,sliced_ecd,local,local,,int8,64,2,2510,v2-ruled-vocabulary-2026-08-07,
Q8J025,surface,466,27,492,vocabulary,sliced_ecd,untested_band,rental,unmeasured_local_ceiling,fp16,64,5,2511,v2-ruled-vocabulary-2026-08-07,
Q96RD1,surface,37,159,195,vocabulary,sliced_ecd,local,local,,int8,64,1,2512,v2-ruled-vocabulary-2026-08-07,
Q9NY64,surface,27,341,367,vocabulary,sliced_ecd,local,local,,int8,64,1,2513,v2-ruled-vocabulary-2026-08-07,
Q7Z601,surface,152,1,152,vocabulary,sliced_ecd,local,local,,int8,64,3,2514,v2-ruled-vocabulary-2026-08-07,
P98161,surface,3051,24,3074,vocabulary,sliced_ecd,above_local,rental,over_local_ceiling,fp16,64,5,2515,v2-ruled-vocabulary-2026-08-07,
Q5T601,surface,564,20,583,vocabulary,sliced_ecd,untested_band,rental,unmeasured_local_ceiling,fp16,64,5,2516,v2-ruled-vocabulary-2026-08-07,
A2RUT3,non_surface,39,25,63,vocabulary,sliced_ecd,local,local,,int8,64,1,2517,v2-ruled-vocabulary-2026-08-07,
Q969Z4,surface,137,26,162,vocabulary,sliced_ecd,local,local,,int8,64,2,2518,v2-ruled-vocabulary-2026-08-07,
P21854,non_surface,243,117,359,vocabulary,sliced_ecd,local,local,,int8,64,3,2519,v2-ruled-vocabulary-2026-08-07,
O43526,non_surface,13,184,196,vocabulary,sliced_ecd,local,local,,int8,64,1,2520,v2-ruled-vocabulary-2026-08-07,
Q12846,non_surface,1,297,297,vocabulary,sliced_ecd,local,local,,int8,64,1,2521,v2-ruled-vocabulary-2026-08-07,
Q0D2K0,surface,55,1,55,vocabulary,sliced_ecd,local,local,,int8,64,2,2522,v2-ruled-vocabulary-2026-08-07,
Q8NGS3,surface,38,159,196,vocabulary,sliced_ecd,local,local,,int8,64,1,2523,v2-ruled-vocabulary-2026-08-07,
Q9UHI7,surface,35,125,159,vocabulary,sliced_ecd,local,local,,int8,64,1,2524,v2-ruled-vocabulary-2026-08-07,
O14975,non_surface,134,128,261,vocabulary,sliced_ecd,local,local,,int8,64,2,2525,v2-ruled-vocabulary-2026-08-07,
O75460,non_surface,425,19,443,vocabulary,sliced_ecd,local,local,,int8,64,4,2526,v2-ruled-vocabulary-2026-08-07,
Q9BZA8,surface,816,29,844,vocabulary,sliced_ecd,above_local,rental,over_local_ceiling,fp16,64,5,2527,v2-ruled-vocabulary-2026-08-07,
Q9H3S1,surface,651,33,683,vocabulary,sliced_ecd,above_local,rental,over_local_ceiling,fp16,64,5,2528,v2-ruled-vocabulary-2026-08-07,
P29017,surface,285,18,302,vocabulary,sliced_ecd,local,local,,int8,64,3,2529,v2-ruled-vocabulary-2026-08-07,
P48029,surface,71,160,230,vocabulary,sliced_ecd,local,local,,int8,64,2,2530,v2-ruled-vocabulary-2026-08-07,
Q14789,non_surface,3,3257,3259,vocabulary,sliced_ecd,local,local,,int8,64,1,2531,v2-ruled-vocabulary-2026-08-07,
Q9H9P2,surface,195,22,216,vocabulary,sliced_ecd,local,local,,int8,64,3,2532,v2-ruled-vocabulary-2026-08-07,
P26572,non_surface,416,30,445,vocabulary,sliced_ecd,local,local,,int8,64,4,2533,v2-ruled-vocabulary-2026-08-07,
Q8N8Q9,non_surface,21,129,149,vocabulary,sliced_ecd,local,local,,int8,64,1,2534,v2-ruled-vocabulary-2026-08-07,
P43004,surface,93,143,235,vocabulary,sliced_ecd,local,local,,int8,64,2,2535,v2-ruled-vocabulary-2026-08-07,
Q8TDV0,surface,41,1,41,vocabulary,sliced_ecd,local,local,,int8,64,1,2536,v2-ruled-vocabulary-2026-08-07,
P49281,surface,38,323,360,vocabulary,sliced_ecd,local,local,,int8,64,1,2537,v2-ruled-vocabulary-2026-08-07,
P08582,surface,689,20,708,gpi_rule_A,sliced_ecd,above_local,rental,over_local_ceiling,fp16,64,5,2538,v2-ruled-vocabulary-2026-08-07,
Q96R45,surface,37,158,194,vocabulary,sliced_ecd,local,local,,int8,64,1,2539,v2-ruled-vocabulary-2026-08-07,
Q9Y3P8,surface,16,25,40,vocabulary,sliced_ecd,local,local,,int8,64,1,2540,v2-ruled-vocabulary-2026-08-07,
Q5R3F8,surface,375,23,397,vocabulary,sliced_ecd,local,local,,int8,64,4,2541,v2-ruled-vocabulary-2026-08-07,
Q96RD3,surface,36,163,198,vocabulary,sliced_ecd,local,local,,int8,64,1,2542,v2-ruled-vocabulary-2026-08-07,
Q9HCL0,surface,672,28,699,vocabulary,sliced_ecd,above_local,rental,over_local_ceiling,fp16,64,5,2543,v2-ruled-vocabulary-2026-08-07,
Q07075,surface,918,40,957,vocabulary,sliced_ecd,above_local,rental,over_local_ceiling,fp16,64,5,2544,v2-ruled-vocabulary-2026-08-07,
Q86XK7,surface,211,22,232,vocabulary,sliced_ecd,local,local,,int8,64,3,2545,v2-ruled-vocabulary-2026-08-07,
Q6DD88,non_surface,1,467,467,vocabulary,sliced_ecd,local,local,,int8,64,1,2546,v2-ruled-vocabulary-2026-08-07,
Q8IW52,surface,600,19,618,vocabulary,sliced_ecd,untested_band,rental,unmeasured_local_ceiling,fp16,64,5,2547,v2-ruled-vocabulary-2026-08-07,
Q07001,surface,224,22,245,vocabulary,sliced_ecd,local,local,,int8,64,3,2548,v2-ruled-vocabulary-2026-08-07,
O60883,surface,109,26,134,vocabulary,sliced_ecd,local,local,,int8,64,2,2549,v2-ruled-vocabulary-2026-08-07,
Q8NGJ6,surface,36,163,198,vocabulary,sliced_ecd,local,local,,int8,64,1,2550,v2-ruled-vocabulary-2026-08-07,
Q8NHC7,surface,36,159,194,vocabulary,sliced_ecd,local,local,,int8,64,1,2551,v2-ruled-vocabulary-2026-08-07,
Q5T442,surface,32,47,78,vocabulary,sliced_ecd,local,local,,int8,64,1,2552,v2-ruled-vocabulary-2026-08-07,
Q8IZF3,surface,385,22,406,vocabulary,sliced_ecd,local,local,,int8,64,4,2553,v2-ruled-vocabulary-2026-08-07,
Q9BY21,surface,47,1,47,vocabulary,sliced_ecd,local,local,,int8,64,1,2554,v2-ruled-vocabulary-2026-08-07,
Q8NG99,surface,37,161,197,vocabulary,sliced_ecd,local,local,,int8,64,1,2555,v2-ruled-vocabulary-2026-08-07,
O43286,non_surface,353,36,388,vocabulary,sliced_ecd,local,local,,int8,64,4,2556,v2-ruled-vocabulary-2026-08-07,
Q96QT4,non_surface,13,944,956,vocabulary,sliced_ecd,local,local,,int8,64,1,2557,v2-ruled-vocabulary-2026-08-07,
P30926,surface,218,22,239,vocabulary,sliced_ecd,local,local,,int8,64,3,2558,v2-ruled-vocabulary-2026-08-07,
Q8NGZ2,surface,42,153,194,vocabulary,sliced_ecd,local,local,,int8,64,1,2559,v2-ruled-vocabulary-2026-08-07,
A0ZSE6,surface,58,56,113,vocabulary,sliced_ecd,local,local,,int8,64,2,2560,v2-ruled-vocabulary-2026-08-07,
P41440,surface,14,51,64,vocabulary,sliced_ecd,local,local,,int8,64,1,2561,v2-ruled-vocabulary-2026-08-07,
Q8WZA1,non_surface,602,59,660,vocabulary,sliced_ecd,untested_band,rental,unmeasured_local_ceiling,fp16,64,5,2562,v2-ruled-vocabulary-2026-08-07,
P23276,surface,665,68,732,vocabulary,sliced_ecd,above_local,rental,over_local_ceiling,fp16,64,5,2563,v2-ruled-vocabulary-2026-08-07,
Q8N609,non_surface,31,51,81,vocabulary,sliced_ecd,local,local,,int8,64,1,2564,v2-ruled-vocabulary-2026-08-07,
O15303,surface,561,25,585,vocabulary,sliced_ecd,untested_band,rental,unmeasured_local_ceiling,fp16,64,5,2565,v2-ruled-vocabulary-2026-08-07,
Q16099,surface,525,21,545,vocabulary,sliced_ecd,untested_band,rental,unmeasured_local_ceiling,fp16,64,5,2566,v2-ruled-vocabulary-2026-08-07,
Q01740,non_surface,509,2,510,vocabulary,sliced_ecd,untested_band,rental,unmeasured_local_ceiling,fp16,64,5,2567,v2-ruled-vocabulary-2026-08-07,
P55061,non_surface,6,161,166,vocabulary,sliced_ecd,local,local,,int8,64,1,2568,v2-ruled-vocabulary-2026-08-07,
Q9Y274,non_surface,306,26,331,vocabulary,sliced_ecd,local,local,,int8,64,4,2569,v2-ruled-vocabulary-2026-08-07,
Q6XYQ8,non_surface,55,1,55,vocabulary,sliced_ecd,local,local,,int8,64,2,2570,v2-ruled-vocabulary-2026-08-07,
O00337,surface,57,593,649,vocabulary,sliced_ecd,local,local,,int8,64,2,2571,v2-ruled-vocabulary-2026-08-07,
Q9UHF4,surface,221,30,250,vocabulary,sliced_ecd,local,local,,int8,64,3,2572,v2-ruled-vocabulary-2026-08-07,
Q8TCB6,surface,32,167,198,vocabulary,sliced_ecd,local,local,,int8,64,1,2573,v2-ruled-vocabulary-2026-08-07,
Q8N0W4,surface,635,42,676,vocabulary,sliced_ecd,above_local,rental,over_local_ceiling,fp16,64,5,2574,v2-ruled-vocabulary-2026-08-07,
O43184,surface,501,208,708,vocabulary,sliced_ecd,untested_band,rental,unmeasured_local_ceiling,fp16,64,5,2575,v2-ruled-vocabulary-2026-08-07,
Q8TDW7,surface,4122,33,4154,vocabulary,sliced_ecd,above_local,rental,over_local_ceiling,fp16,64,5,2576,v2-ruled-vocabulary-2026-08-07,
Q9P126,surface,175,55,229,vocabulary,sliced_ecd,local,local,,int8,64,3,2577,v2-ruled-vocabulary-2026-08-07,
Q9Y6W8,surface,120,21,140,vocabulary,sliced_ecd,local,local,,int8,64,2,2578,v2-ruled-vocabulary-2026-08-07,
Q9Y5G9,surface,664,60,723,vocabulary,sliced_ecd,above_local,rental,over_local_ceiling,fp16,64,5,2579,v2-ruled-vocabulary-2026-08-07,
Q96AD5,non_surface,171,159,329,vocabulary,sliced_ecd,local,local,,int8,64,3,2580,v2-ruled-vocabulary-2026-08-07,
P58173,surface,37,159,195,vocabulary,sliced_ecd,local,local,,int8,64,1,2581,v2-ruled-vocabulary-2026-08-07,
P78562,surface,600,42,641,vocabulary,sliced_ecd,untested_band,rental,unmeasured_local_ceiling,fp16,64,5,2582,v2-ruled-vocabulary-2026-08-07,
Q9UKY0,surface,126,26,151,gpi_rule_A,sliced_ecd,local,local,,int8,64,2,2583,v2-ruled-vocabulary-2026-08-07,
Q8IZ52,non_surface,741,35,775,vocabulary,sliced_ecd,above_local,rental,over_local_ceiling,fp16,64,5,2584,v2-ruled-vocabulary-2026-08-07,
Q8NGG3,surface,55,1,55,vocabulary,sliced_ecd,local,local,,int8,64,2,2585,v2-ruled-vocabulary-2026-08-07,
Q7Z442,surface,1327,18,1344,vocabulary,sliced_ecd,above_local,rental,over_local_ceiling,fp16,64,5,2586,v2-ruled-vocabulary-2026-08-07,
Q8NGL3,surface,36,163,198,vocabulary,sliced_ecd,local,local,,int8,64,1,2587,v2-ruled-vocabulary-2026-08-07,
Q9Y3Q0,non_surface,709,32,740,vocabulary,sliced_ecd,above_local,rental,over_local_ceiling,fp16,64,5,2588,v2-ruled-vocabulary-2026-08-07,
P39086,surface,546,31,576,vocabulary,sliced_ecd,untested_band,rental,unmeasured_local_ceiling,fp16,64,5,2589,v2-ruled-vocabulary-2026-08-07,
P04216,surface,110,20,129,gpi_rule_A,sliced_ecd,local,local,,int8,64,2,2590,v2-ruled-vocabulary-2026-08-07,
Q5VTT2,non_surface,123,1,123,vocabulary,sliced_ecd,local,local,,int8,64,2,2591,v2-ruled-vocabulary-2026-08-07,
P08637,surface,192,17,208,vocabulary,sliced_ecd,local,local,,int8,64,3,2592,v2-ruled-vocabulary-2026-08-07,
Q8NH83,surface,36,157,192,vocabulary,sliced_ecd,local,local,,int8,64,1,2593,v2-ruled-vocabulary-2026-08-07,
P58743,surface,25,308,332,vocabulary,sliced_ecd,local,local,,int8,64,1,2594,v2-ruled-vocabulary-2026-08-07,
Q6UXL0,surface,204,30,233,vocabulary,sliced_ecd,local,local,,int8,64,3,2595,v2-ruled-vocabulary-2026-08-07,
P79483,surface,198,30,227,vocabulary,sliced_ecd,local,local,,int8,64,3,2596,v2-ruled-vocabulary-2026-08-07,
O15342,non_surface,25,57,81,vocabulary,sliced_ecd,local,local,,int8,64,1,2597,v2-ruled-vocabulary-2026-08-07,
Q9BXS0,non_surface,600,55,654,vocabulary,sliced_ecd,untested_band,rental,unmeasured_local_ceiling,fp16,64,5,2598,v2-ruled-vocabulary-2026-08-07,
Q9NPF2,non_surface,315,38,352,vocabulary,sliced_ecd,local,local,,int8,64,4,2599,v2-ruled-vocabulary-2026-08-07,
Q8N6P7,surface,213,16,228,vocabulary,sliced_ecd,local,local,,int8,64,3,2600,v2-ruled-vocabulary-2026-08-07,
Q8NGQ3,surface,38,1,38,vocabulary,sliced_ecd,local,local,,int8,64,1,2601,v2-ruled-vocabulary-2026-08-07,
P13762,surface,198,30,227,vocabulary,sliced_ecd,local,local,,int8,64,3,2602,v2-ruled-vocabulary-2026-08-07,
O60931,surface,103,23,125,vocabulary,sliced_ecd,local,local,,int8,64,2,2603,v2-ruled-vocabulary-2026-08-07,
Q9Y5Y0,surface,18,125,142,vocabulary,sliced_ecd,local,local,,int8,64,1,2604,v2-ruled-vocabulary-2026-08-07,
P17787,surface,213,26,238,vocabulary,sliced_ecd,local,local,,int8,64,3,2605,v2-ruled-vocabulary-2026-08-07,
Q5JRS4,surface,37,162,198,vocabulary,sliced_ecd,local,local,,int8,64,1,2606,v2-ruled-vocabulary-2026-08-07,
Q8NGV7,surface,29,165,193,vocabulary,sliced_ecd,local,local,,int8,64,1,2607,v2-ruled-vocabulary-2026-08-07,
Q6ZMH5,surface,192,21,212,vocabulary,sliced_ecd,local,local,,int8,64,3,2608,v2-ruled-vocabulary-2026-08-07,
Q9UN74,surface,668,30,697,vocabulary,sliced_ecd,above_local,rental,over_local_ceiling,fp16,64,5,2609,v2-ruled-vocabulary-2026-08-07,
O75197,surface,1353,32,1384,vocabulary,sliced_ecd,above_local,rental,over_local_ceiling,fp16,64,5,2610,v2-ruled-vocabulary-2026-08-07,
Q9UKZ4,surface,2380,346,2725,vocabulary,sliced_ecd,above_local,rental,over_local_ceiling,fp16,64,5,2611,v2-ruled-vocabulary-2026-08-07,
Q9NS67,surface,23,1,23,vocabulary,sliced_ecd,local,local,,int8,64,1,2612,v2-ruled-vocabulary-2026-08-07,
Q86Y34,surface,250,21,270,vocabulary,sliced_ecd,local,local,,int8,64,3,2613,v2-ruled-vocabulary-2026-08-07,
Q9H3R1,non_surface,838,35,872,vocabulary,sliced_ecd,above_local,rental,over_local_ceiling,fp16,64,5,2614,v2-ruled-vocabulary-2026-08-07,
Q9H3R2,surface,403,19,421,vocabulary,sliced_ecd,local,local,,int8,64,4,2615,v2-ruled-vocabulary-2026-08-07,
Q96GW7,surface,623,23,645,gpi_rule_A,sliced_ecd,untested_band,rental,unmeasured_local_ceiling,fp16,64,5,2616,v2-ruled-vocabulary-2026-08-07,chain_end_exceeds_anchor
P46092,surface,52,1,52,vocabulary,sliced_ecd,local,local,,int8,64,2,2617,v2-ruled-vocabulary-2026-08-07,
Q13258,surface,27,81,107,vocabulary,sliced_ecd,local,local,,int8,64,1,2618,v2-ruled-vocabulary-2026-08-07,
Q08345,surface,397,21,417,vocabulary,sliced_ecd,local,local,,int8,64,4,2619,v2-ruled-vocabulary-2026-08-07,
P43630,surface,319,22,340,vocabulary,sliced_ecd,local,local,,int8,64,4,2620,v2-ruled-vocabulary-2026-08-07,
Q9NRZ7,non_surface,171,146,316,vocabulary,sliced_ecd,local,local,,int8,64,3,2621,v2-ruled-vocabulary-2026-08-07,
Q5VW38,surface,224,40,263,vocabulary,sliced_ecd,local,local,,int8,64,3,2622,v2-ruled-vocabulary-2026-08-07,
P51575,surface,288,51,338,vocabulary,sliced_ecd,local,local,,int8,64,3,2623,v2-ruled-vocabulary-2026-08-07,
O14495,surface,50,144,193,vocabulary,sliced_ecd,local,local,,int8,64,1,2624,v2-ruled-vocabulary-2026-08-07,
O43462,non_surface,195,252,446,vocabulary,sliced_ecd,local,local,,int8,64,3,2625,v2-ruled-vocabulary-2026-08-07,
Q8TCT6,non_surface,51,212,262,vocabulary,sliced_ecd,local,local,,int8,64,2,2626,v2-ruled-vocabulary-2026-08-07,
Q9BYC5,non_surface,545,31,575,vocabulary,sliced_ecd,untested_band,rental,unmeasured_local_ceiling,fp16,64,5,2627,v2-ruled-vocabulary-2026-08-07,
P41587,surface,101,24,124,vocabulary,sliced_ecd,local,local,,int8,64,2,2628,v2-ruled-vocabulary-2026-08-07,
Q9HBA0,surface,29,637,665,vocabulary,sliced_ecd,local,local,,int8,64,1,2629,v2-ruled-vocabulary-2026-08-07,
O94933,surface,626,29,654,vocabulary,sliced_ecd,untested_band,rental,unmeasured_local_ceiling,fp16,64,5,2630,v2-ruled-vocabulary-2026-08-07,
P35613,surface,188,138,325,vocabulary,sliced_ecd,local,local,,int8,64,3,2631,v2-ruled-vocabulary-2026-08-07,
P17181,surface,409,28,436,vocabulary,sliced_ecd,local,local,,int8,64,4,2632,v2-ruled-vocabulary-2026-08-07,
Q8NGX2,surface,37,159,195,vocabulary,sliced_ecd,local,local,,int8,64,1,2633,v2-ruled-vocabulary-2026-08-07,
Q9HBX8,surface,543,25,567,vocabulary,sliced_ecd,untested_band,rental,unmeasured_local_ceiling,fp16,64,5,2634,v2-ruled-vocabulary-2026-08-07,
Q86VH5,surface,389,31,419,vocabulary,sliced_ecd,local,local,,int8,64,4,2635,v2-ruled-vocabulary-2026-08-07,
Q8TE99,non_surface,453,28,480,vocabulary,sliced_ecd,untested_band,rental,unmeasured_local_ceiling,fp16,64,5,2636,v2-ruled-vocabulary-2026-08-07,
Q496H8,surface,103,36,138,gpi_rule_A,sliced_ecd,local,local,,int8,64,2,2637,v2-ruled-vocabulary-2026-08-07,
Q9UJ99,surface,589,36,624,vocabulary,sliced_ecd,untested_band,rental,unmeasured_local_ceiling,fp16,64,5,2638,v2-ruled-vocabulary-2026-08-07,
P54760,surface,524,16,539,vocabulary,sliced_ecd,untested_band,rental,unmeasured_local_ceiling,fp16,64,5,2639,v2-ruled-vocabulary-2026-08-07,
Q9UIR0,non_surface,459,24,482,vocabulary,sliced_ecd,untested_band,rental,unmeasured_local_ceiling,fp16,64,5,2640,v2-ruled-vocabulary-2026-08-07,
Q8NGR4,surface,36,165,200,vocabulary,sliced_ecd,local,local,,int8,64,1,2641,v2-ruled-vocabulary-2026-08-07,
O95222,surface,36,166,201,vocabulary,sliced_ecd,local,local,,int8,64,1,2642,v2-ruled-vocabulary-2026-08-07,
Q8IV77,non_surface,23,191,213,vocabulary,sliced_ecd,local,local,,int8,64,1,2643,v2-ruled-vocabulary-2026-08-07,
Q8IZP7,non_surface,444,28,471,vocabulary,sliced_ecd,untested_band,rental,unmeasured_local_ceiling,fp16,64,5,2644,v2-ruled-vocabulary-2026-08-07,
O15399,surface,555,28,582,vocabulary,sliced_ecd,untested_band,rental,unmeasured_local_ceiling,fp16,64,5,2645,v2-ruled-vocabulary-2026-08-07,
P78382,non_surface,15,31,45,vocabulary,sliced_ecd,local,local,,int8,64,1,2646,v2-ruled-vocabulary-2026-08-07,
P35414,surface,34,165,198,vocabulary,sliced_ecd,local,local,,int8,64,1,2647,v2-ruled-vocabulary-2026-08-07,
P13866,surface,54,222,275,vocabulary,sliced_ecd,local,local,,int8,64,2,2648,v2-ruled-vocabulary-2026-08-07,
O15375,surface,15,39,53,vocabulary,sliced_ecd,local,local,,int8,64,1,2649,v2-ruled-vocabulary-2026-08-07,
Q7L1W4,non_surface,115,49,163,vocabulary,sliced_ecd,local,local,,int8,64,2,2650,v2-ruled-vocabulary-2026-08-07,
Q16348,surface,210,402,611,vocabulary,sliced_ecd,local,local,,int8,64,3,2651,v2-ruled-vocabulary-2026-08-07,
Q8NGP0,surface,37,157,193,vocabulary,sliced_ecd,local,local,,int8,64,1,2652,v2-ruled-vocabulary-2026-08-07,
P04001,surface,52,1,52,vocabulary,sliced_ecd,local,local,,int8,64,2,2653,v2-ruled-vocabulary-2026-08-07,
P56696,non_surface,12,259,270,vocabulary,sliced_ecd,local,local,,int8,64,1,2654,v2-ruled-vocabulary-2026-08-07,
Q92187,non_surface,339,21,359,vocabulary,sliced_ecd,local,local,,int8,64,4,2655,v2-ruled-vocabulary-2026-08-07,
A6NM45,surface,50,32,81,vocabulary,sliced_ecd,local,local,,int8,64,1,2656,v2-ruled-vocabulary-2026-08-07,
P25103,surface,31,1,31,vocabulary,sliced_ecd,local,local,,int8,64,1,2657,v2-ruled-vocabulary-2026-08-07,
Q9NRB3,non_surface,388,27,414,vocabulary,sliced_ecd,local,local,,int8,64,4,2658,v2-ruled-vocabulary-2026-08-07,
P35410,surface,77,1,77,vocabulary,sliced_ecd,local,local,,int8,64,2,2659,v2-ruled-vocabulary-2026-08-07,
Q9ULX7,surface,275,16,290,vocabulary,sliced_ecd,local,local,,int8,64,3,2660,v2-ruled-vocabulary-2026-08-07,
A5D6W6,non_surface,25,163,187,vocabulary,sliced_ecd,local,local,,int8,64,1,2661,v2-ruled-vocabulary-2026-08-07,
Q9NRS4,non_surface,384,54,437,vocabulary,sliced_ecd,local,local,,int8,64,4,2662,v2-ruled-vocabulary-2026-08-07,
P51693,surface,542,39,580,vocabulary,sliced_ecd,untested_band,rental,unmeasured_local_ceiling,fp16,64,5,2663,v2-ruled-vocabulary-2026-08-07,
Q9ULB5,surface,580,28,607,vocabulary,sliced_ecd,untested_band,rental,unmeasured_local_ceiling,fp16,64,5,2664,v2-ruled-vocabulary-2026-08-07,
P30518,surface,38,1,38,vocabulary,sliced_ecd,local,local,,int8,64,1,2665,v2-ruled-vocabulary-2026-08-07,
O75110,non_surface,12,863,874,vocabulary,sliced_ecd,local,local,,int8,64,1,2666,v2-ruled-vocabulary-2026-08-07,
Q8NBR0,surface,282,28,309,vocabulary,sliced_ecd,local,local,,int8,64,3,2667,v2-ruled-vocabulary-2026-08-07,
Q8WV19,non_surface,5,58,62,vocabulary,sliced_ecd,local,local,,int8,64,1,2668,v2-ruled-vocabulary-2026-08-07,
P43626,surface,224,22,245,vocabulary,sliced_ecd,local,local,,int8,64,3,2669,v2-ruled-vocabulary-2026-08-07,
P04156,surface,207,23,229,gpi_rule_A,sliced_ecd,local,local,,int8,64,3,2670,v2-ruled-vocabulary-2026-08-07,
O95150,surface,195,57,251,vocabulary,sliced_ecd,local,local,,int8,64,3,2671,v2-ruled-vocabulary-2026-08-07,
Q6NV75,surface,28,148,175,vocabulary,sliced_ecd,local,local,,int8,64,1,2672,v2-ruled-vocabulary-2026-08-07,
Q86Y38,non_surface,921,39,959,vocabulary,sliced_ecd,above_local,rental,over_local_ceiling,fp16,64,5,2673,v2-ruled-vocabulary-2026-08-07,
O94985,surface,831,29,859,vocabulary,sliced_ecd,above_local,rental,over_local_ceiling,fp16,64,5,2674,v2-ruled-vocabulary-2026-08-07,
P30511,surface,284,22,305,vocabulary,sliced_ecd,local,local,,int8,64,3,2675,v2-ruled-vocabulary-2026-08-07,
P34972,surface,33,1,33,vocabulary,sliced_ecd,local,local,,int8,64,1,2676,v2-ruled-vocabulary-2026-08-07,
P17927,surface,1930,42,1971,vocabulary,sliced_ecd,above_local,rental,over_local_ceiling,fp16,64,5,2677,v2-ruled-vocabulary-2026-08-07,
P48651,non_surface,69,405,473,vocabulary,sliced_ecd,local,local,,int8,64,2,2678,v2-ruled-vocabulary-2026-08-07,
Q6ZMC9,surface,244,20,263,vocabulary,sliced_ecd,local,local,,int8,64,3,2679,v2-ruled-vocabulary-2026-08-07,
Q495M3,surface,32,318,349,vocabulary,sliced_ecd,local,local,,int8,64,1,2680,v2-ruled-vocabulary-2026-08-07,
Q96P56,non_surface,20,295,314,vocabulary,sliced_ecd,local,local,,int8,64,1,2681,v2-ruled-vocabulary-2026-08-07,
Q8N6C5,surface,756,581,1336,vocabulary,sliced_ecd,above_local,rental,over_local_ceiling,fp16,64,5,2682,v2-ruled-vocabulary-2026-08-07,
B6SEH9,surface,300,22,321,vocabulary,sliced_ecd,local,local,,int8,64,3,2683,v2-ruled-vocabulary-2026-08-07,
O15432,non_surface,22,1,22,vocabulary,sliced_ecd,local,local,,int8,64,1,2684,v2-ruled-vocabulary-2026-08-07,
Q96PQ0,surface,1028,51,1078,vocabulary,sliced_ecd,above_local,rental,over_local_ceiling,fp16,64,5,2685,v2-ruled-vocabulary-2026-08-07,
Q7Z3D4,surface,217,1,217,vocabulary,sliced_ecd,local,local,,int8,64,3,2686,v2-ruled-vocabulary-2026-08-07,
P25106,surface,40,1,40,vocabulary,sliced_ecd,local,local,,int8,64,1,2687,v2-ruled-vocabulary-2026-08-07,
O95971,surface,134,25,158,gpi_rule_A,sliced_ecd,local,local,,int8,64,2,2688,v2-ruled-vocabulary-2026-08-07,
Q9H222,surface,74,550,623,vocabulary,sliced_ecd,local,local,,int8,64,2,2689,v2-ruled-vocabulary-2026-08-07,
Q9GZP9,non_surface,18,79,96,vocabulary,sliced_ecd,local,local,,int8,64,1,2690,v2-ruled-vocabulary-2026-08-07,
O15165,surface,64,1,64,vocabulary,sliced_ecd,local,local,,int8,64,2,2691,v2-ruled-vocabulary-2026-08-07,
Q8N1L4,non_surface,310,31,340,vocabulary,sliced_ecd,local,local,,int8,64,4,2692,v2-ruled-vocabulary-2026-08-07,
Q96A28,surface,218,19,236,vocabulary,sliced_ecd,local,local,,int8,64,3,2693,v2-ruled-vocabulary-2026-08-07,
Q8N423,surface,439,22,460,vocabulary,sliced_ecd,local,local,,int8,64,4,2694,v2-ruled-vocabulary-2026-08-07,
P46094,surface,31,1,31,vocabulary,sliced_ecd,local,local,,int8,64,1,2695,v2-ruled-vocabulary-2026-08-07,
Q9UIQ6,surface,894,132,1025,vocabulary,sliced_ecd,above_local,rental,over_local_ceiling,fp16,64,5,2696,v2-ruled-vocabulary-2026-08-07,
Q9HBV2,surface,192,30,221,vocabulary,sliced_ecd,local,local,,int8,64,3,2697,v2-ruled-vocabulary-2026-08-07,
Q15116,surface,146,25,170,vocabulary,sliced_ecd,local,local,,int8,64,2,2698,v2-ruled-vocabulary-2026-08-07,
Q14126,surface,560,50,609,vocabulary,sliced_ecd,untested_band,rental,unmeasured_local_ceiling,fp16,64,5,2699,v2-ruled-vocabulary-2026-08-07,
O14493,surface,53,29,81,vocabulary,sliced_ecd,local,local,,int8,64,2,2700,v2-ruled-vocabulary-2026-08-07,
P61009,non_surface,148,33,180,vocabulary,sliced_ecd,local,local,,int8,64,2,2701,v2-ruled-vocabulary-2026-08-07,
Q9Y3Q4,non_surface,28,437,464,vocabulary,sliced_ecd,local,local,,int8,64,1,2702,v2-ruled-vocabulary-2026-08-07,
Q8N1M1,non_surface,19,256,274,vocabulary,sliced_ecd,local,local,,int8,64,1,2703,v2-ruled-vocabulary-2026-08-07,
P28845,non_surface,268,25,292,vocabulary,sliced_ecd,local,local,,int8,64,3,2704,v2-ruled-vocabulary-2026-08-07,
Q9NZ01,non_surface,18,107,124,vocabulary,sliced_ecd,local,local,,int8,64,1,2705,v2-ruled-vocabulary-2026-08-07,
Q9NZP0,surface,37,158,194,vocabulary,sliced_ecd,local,local,,int8,64,1,2706,v2-ruled-vocabulary-2026-08-07,
Q6P9A2,non_surface,572,36,607,vocabulary,sliced_ecd,untested_band,rental,unmeasured_local_ceiling,fp16,64,5,2707,v2-ruled-vocabulary-2026-08-07,
O43581,non_surface,16,1,16,vocabulary,sliced_ecd,local,local,,int8,64,1,2708,v2-ruled-vocabulary-2026-08-07,
Q8NGC9,surface,37,171,207,vocabulary,sliced_ecd,local,local,,int8,64,1,2709,v2-ruled-vocabulary-2026-08-07,
P50391,surface,39,1,39,vocabulary,sliced_ecd,local,local,,int8,64,1,2710,v2-ruled-vocabulary-2026-08-07,
Q8N6M3,non_surface,31,115,145,vocabulary,sliced_ecd,local,local,,int8,64,1,2711,v2-ruled-vocabulary-2026-08-07,
P47890,surface,38,159,196,vocabulary,sliced_ecd,local,local,,int8,64,1,2712,v2-ruled-vocabulary-2026-08-07,
Q9NZQ7,surface,220,19,238,vocabulary,sliced_ecd,local,local,,int8,64,3,2713,v2-ruled-vocabulary-2026-08-07,
Q6UXU6,non_surface,31,27,57,vocabulary,sliced_ecd,local,local,,int8,64,1,2714,v2-ruled-vocabulary-2026-08-07,
Q8NGG1,surface,41,165,205,vocabulary,sliced_ecd,local,local,,int8,64,1,2715,v2-ruled-vocabulary-2026-08-07,
Q8NFN8,surface,47,1,47,vocabulary,sliced_ecd,local,local,,int8,64,1,2716,v2-ruled-vocabulary-2026-08-07,
Q8NH59,surface,36,163,198,vocabulary,sliced_ecd,local,local,,int8,64,1,2717,v2-ruled-vocabulary-2026-08-07,
Q9ULV1,surface,176,37,212,vocabulary,sliced_ecd,local,local,,int8,64,3,2718,v2-ruled-vocabulary-2026-08-07,
Q13183,surface,39,554,592,vocabulary,sliced_ecd,local,local,,int8,64,1,2719,v2-ruled-vocabulary-2026-08-07,
Q9Y3A6,non_surface,169,28,196,vocabulary,sliced_ecd,local,local,,int8,64,3,2720,v2-ruled-vocabulary-2026-08-07,
Q8TCT9,surface,31,1,31,vocabulary,sliced_ecd,local,local,,int8,64,1,2721,v2-ruled-vocabulary-2026-08-07,
P05106,surface,692,27,718,vocabulary,sliced_ecd,above_local,rental,over_local_ceiling,fp16,64,5,2722,v2-ruled-vocabulary-2026-08-07,
O95484,surface,53,29,81,vocabulary,sliced_ecd,local,local,,int8,64,2,2723,v2-ruled-vocabulary-2026-08-07,
Q8NGQ6,surface,37,161,197,vocabulary,sliced_ecd,local,local,,int8,64,1,2724,v2-ruled-vocabulary-2026-08-07,
O14863,non_surface,17,200,216,vocabulary,sliced_ecd,local,local,,int8,64,1,2725,v2-ruled-vocabulary-2026-08-07,
Q8NHB1,surface,31,1,31,vocabulary,sliced_ecd,local,local,,int8,64,1,2726,v2-ruled-vocabulary-2026-08-07,
Q9HA82,non_surface,31,1,31,vocabulary,sliced_ecd,local,local,,int8,64,1,2727,v2-ruled-vocabulary-2026-08-07,
Q49A17,non_surface,573,29,601,vocabulary,sliced_ecd,untested_band,rental,unmeasured_local_ceiling,fp16,64,5,2728,v2-ruled-vocabulary-2026-08-07,
Q8NGU4,surface,38,158,195,vocabulary,sliced_ecd,local,local,,int8,64,1,2729,v2-ruled-vocabulary-2026-08-07,
Q8N6Y1,surface,830,61,890,vocabulary,sliced_ecd,above_local,rental,over_local_ceiling,fp16,64,5,2730,v2-ruled-vocabulary-2026-08-07,
Q9H2Y9,surface,130,522,651,vocabulary,sliced_ecd,local,local,,int8,64,2,2731,v2-ruled-vocabulary-2026-08-07,
Q8NGI9,surface,42,156,197,vocabulary,sliced_ecd,local,local,,int8,64,1,2732,v2-ruled-vocabulary-2026-08-07,
P28223,surface,80,1,80,vocabulary,sliced_ecd,local,local,,int8,64,2,2733,v2-ruled-vocabulary-2026-08-07,
Q86WC4,surface,253,32,284,vocabulary,sliced_ecd,local,local,,int8,64,3,2734,v2-ruled-vocabulary-2026-08-07,
Q8NGY5,surface,37,161,197,vocabulary,sliced_ecd,local,local,,int8,64,1,2735,v2-ruled-vocabulary-2026-08-07,
Q92847,surface,40,1,40,vocabulary,sliced_ecd,local,local,,int8,64,1,2736,v2-ruled-vocabulary-2026-08-07,
O95528,surface,95,320,414,vocabulary,sliced_ecd,local,local,,int8,64,2,2737,v2-ruled-vocabulary-2026-08-07,
P16070,surface,629,21,649,vocabulary,sliced_ecd,untested_band,rental,unmeasured_local_ceiling,fp16,64,5,2738,v2-ruled-vocabulary-2026-08-07,
Q2LD37,non_surface,24,1,24,vocabulary,sliced_ecd,local,local,,int8,64,1,2739,v2-ruled-vocabulary-2026-08-07,
P04921,surface,57,1,57,vocabulary,sliced_ecd,local,local,,int8,64,2,2740,v2-ruled-vocabulary-2026-08-07,
Q7RTX0,surface,550,21,570,vocabulary,sliced_ecd,untested_band,rental,unmeasured_local_ceiling,fp16,64,5,2741,v2-ruled-vocabulary-2026-08-07,
Q9ULS6,non_surface,19,207,225,vocabulary,sliced_ecd,local,local,,int8,64,1,2742,v2-ruled-vocabulary-2026-08-07,
Q9NZD1,surface,27,1,27,vocabulary,sliced_ecd,local,local,,int8,64,1,2743,v2-ruled-vocabulary-2026-08-07,
O95471,surface,53,29,81,vocabulary,sliced_ecd,local,local,,int8,64,2,2744,v2-ruled-vocabulary-2026-08-07,
P47872,surface,119,23,141,vocabulary,sliced_ecd,local,local,,int8,64,2,2745,v2-ruled-vocabulary-2026-08-07,
Q9UI40,surface,73,60,132,vocabulary,sliced_ecd,local,local,,int8,64,2,2746,v2-ruled-vocabulary-2026-08-07,
A6NM10,non_surface,17,207,223,vocabulary,sliced_ecd,local,local,,int8,64,1,2747,v2-ruled-vocabulary-2026-08-07,
Q9UGF6,surface,36,161,196,vocabulary,sliced_ecd,local,local,,int8,64,1,2748,v2-ruled-vocabulary-2026-08-07,
P16422,surface,242,24,265,vocabulary,sliced_ecd,local,local,,int8,64,3,2749,v2-ruled-vocabulary-2026-08-07,
Q9NS40,non_surface,44,571,614,vocabulary,sliced_ecd,local,local,,int8,64,1,2750,v2-ruled-vocabulary-2026-08-07,
P18089,surface,22,149,170,vocabulary,sliced_ecd,local,local,,int8,64,1,2751,v2-ruled-vocabulary-2026-08-07,
Q8WWT9,surface,31,572,602,vocabulary,sliced_ecd,local,local,,int8,64,1,2752,v2-ruled-vocabulary-2026-08-07,
Q14210,surface,77,21,97,gpi_rule_A,sliced_ecd,local,local,,int8,64,2,2753,v2-ruled-vocabulary-2026-08-07,
O43567,surface,148,35,182,vocabulary,sliced_ecd,local,local,,int8,64,2,2754,v2-ruled-vocabulary-2026-08-07,
O14842,surface,36,143,178,vocabulary,sliced_ecd,local,local,,int8,64,1,2755,v2-ruled-vocabulary-2026-08-07,
Q15761,surface,42,1,42,vocabulary,sliced_ecd,local,local,,int8,64,1,2756,v2-ruled-vocabulary-2026-08-07,
Q9NZ42,non_surface,23,79,101,vocabulary,sliced_ecd,local,local,,int8,64,1,2757,v2-ruled-vocabulary-2026-08-07,
Q9BSE2,non_surface,31,364,394,vocabulary,sliced_ecd,local,local,,int8,64,1,2758,v2-ruled-vocabulary-2026-08-07,
Q99250,surface,99,271,369,vocabulary,sliced_ecd,local,local,,int8,64,2,2759,v2-ruled-vocabulary-2026-08-07,
Q8N608,surface,741,56,796,vocabulary,sliced_ecd,above_local,rental,over_local_ceiling,fp16,64,5,2760,v2-ruled-vocabulary-2026-08-07,
Q7Z3C6,surface,44,85,128,vocabulary,sliced_ecd,local,local,,int8,64,1,2761,v2-ruled-vocabulary-2026-08-07,
Q86UD5,non_surface,13,474,486,vocabulary,sliced_ecd,local,local,,int8,64,1,2762,v2-ruled-vocabulary-2026-08-07,
Q8IZF6,surface,2713,28,2740,vocabulary,sliced_ecd,above_local,rental,over_local_ceiling,fp16,64,5,2763,v2-ruled-vocabulary-2026-08-07,
P51685,surface,35,1,35,vocabulary,sliced_ecd,local,local,,int8,64,1,2764,v2-ruled-vocabulary-2026-08-07,
B0FP48,surface,171,34,204,vocabulary,sliced_ecd,local,local,,int8,64,3,2765,v2-ruled-vocabulary-2026-08-07,
P30953,surface,37,159,195,vocabulary,sliced_ecd,local,local,,int8,64,1,2766,v2-ruled-vocabulary-2026-08-07,
Q16602,surface,117,23,139,vocabulary,sliced_ecd,local,local,,int8,64,2,2767,v2-ruled-vocabulary-2026-08-07,
P30874,surface,43,1,43,vocabulary,sliced_ecd,local,local,,int8,64,1,2768,v2-ruled-vocabulary-2026-08-07,
Q5H943,non_surface,92,22,113,vocabulary,sliced_ecd,local,local,,int8,64,2,2769,v2-ruled-vocabulary-2026-08-07,
Q6Q8B3,surface,216,24,239,vocabulary,sliced_ecd,local,local,,int8,64,3,2770,v2-ruled-vocabulary-2026-08-07,
Q9UGH3,surface,36,183,218,vocabulary,sliced_ecd,local,local,,int8,64,1,2771,v2-ruled-vocabulary-2026-08-07,
Q13443,surface,669,29,697,vocabulary,sliced_ecd,above_local,rental,over_local_ceiling,fp16,64,5,2772,v2-ruled-vocabulary-2026-08-07,
Q8NGW1,surface,36,161,196,vocabulary,sliced_ecd,local,local,,int8,64,1,2773,v2-ruled-vocabulary-2026-08-07,
O15146,surface,472,24,495,vocabulary,sliced_ecd,untested_band,rental,unmeasured_local_ceiling,fp16,64,5,2774,v2-ruled-vocabulary-2026-08-07,
Q8N3T1,non_surface,605,35,639,vocabulary,sliced_ecd,untested_band,rental,unmeasured_local_ceiling,fp16,64,5,2775,v2-ruled-vocabulary-2026-08-07,
Q8N3J6,surface,343,25,367,vocabulary,sliced_ecd,local,local,,int8,64,4,2776,v2-ruled-vocabulary-2026-08-07,
Q8TAQ9,non_surface,293,65,357,vocabulary,sliced_ecd,local,local,,int8,64,3,2777,v2-ruled-vocabulary-2026-08-07,
P36888,surface,517,27,543,vocabulary,sliced_ecd,untested_band,rental,unmeasured_local_ceiling,fp16,64,5,2778,v2-ruled-vocabulary-2026-08-07,
Q2M3T9,non_surface,424,30,453,vocabulary,sliced_ecd,local,local,,int8,64,4,2779,v2-ruled-vocabulary-2026-08-07,
Q9HBB8,surface,644,26,669,vocabulary,sliced_ecd,above_local,rental,over_local_ceiling,fp16,64,5,2780,v2-ruled-vocabulary-2026-08-07,
Q8WTX9,non_surface,35,207,241,vocabulary,sliced_ecd,local,local,,int8,64,1,2781,v2-ruled-vocabulary-2026-08-07,
P06731,surface,641,35,675,gpi_rule_A,sliced_ecd,above_local,rental,over_local_ceiling,fp16,64,5,2782,v2-ruled-vocabulary-2026-08-07,chain_end_exceeds_anchor
P22607,surface,353,23,375,vocabulary,sliced_ecd,local,local,,int8,64,4,2783,v2-ruled-vocabulary-2026-08-07,
P23468,surface,1245,21,1265,vocabulary,sliced_ecd,above_local,rental,over_local_ceiling,fp16,64,5,2784,v2-ruled-vocabulary-2026-08-07,
Q6PI73,surface,424,24,447,vocabulary,sliced_ecd,local,local,,int8,64,4,2785,v2-ruled-vocabulary-2026-08-07,
Q01959,surface,65,172,236,vocabulary,sliced_ecd,local,local,,int8,64,2,2786,v2-ruled-vocabulary-2026-08-07,
Q9NQ60,surface,167,15,181,vocabulary,sliced_ecd,local,local,,int8,64,3,2787,v2-ruled-vocabulary-2026-08-07,
A6NIJ9,surface,32,163,194,vocabulary,sliced_ecd,local,local,,int8,64,1,2788,v2-ruled-vocabulary-2026-08-07,
Q9UN42,surface,226,132,357,vocabulary,sliced_ecd,local,local,,int8,64,3,2789,v2-ruled-vocabulary-2026-08-07,
O75355,surface,442,44,485,vocabulary,sliced_ecd,untested_band,rental,unmeasured_local_ceiling,fp16,64,5,2790,v2-ruled-vocabulary-2026-08-07,
P15813,surface,282,20,301,vocabulary,sliced_ecd,local,local,,int8,64,3,2791,v2-ruled-vocabulary-2026-08-07,
Q9UEU0,non_surface,3,230,232,vocabulary,sliced_ecd,local,local,,int8,64,1,2792,v2-ruled-vocabulary-2026-08-07,
Q13936,surface,60,291,350,vocabulary,sliced_ecd,local,local,,int8,64,2,2793,v2-ruled-vocabulary-2026-08-07,
Q92611,non_surface,632,26,657,vocabulary,sliced_ecd,above_local,rental,over_local_ceiling,fp16,64,5,2794,v2-ruled-vocabulary-2026-08-07,
Q96R30,surface,37,160,196,vocabulary,sliced_ecd,local,local,,int8,64,1,2795,v2-ruled-vocabulary-2026-08-07,
Q68CQ7,non_surface,343,29,371,vocabulary,sliced_ecd,local,local,,int8,64,4,2796,v2-ruled-vocabulary-2026-08-07,
P26012,surface,642,43,684,vocabulary,sliced_ecd,above_local,rental,over_local_ceiling,fp16,64,5,2797,v2-ruled-vocabulary-2026-08-07,
Q86UP6,surface,544,25,568,vocabulary,sliced_ecd,untested_band,rental,unmeasured_local_ceiling,fp16,64,5,2798,v2-ruled-vocabulary-2026-08-07,
Q9UNL2,non_surface,59,77,135,vocabulary,sliced_ecd,local,local,,int8,64,2,2799,v2-ruled-vocabulary-2026-08-07,
P0C6T2,non_surface,4,1,4,vocabulary,sliced_ecd,local,local,,int8,64,1,2800,v2-ruled-vocabulary-2026-08-07,
Q9BV23,non_surface,8,1,8,vocabulary,sliced_ecd,local,local,,int8,64,1,2801,v2-ruled-vocabulary-2026-08-07,
P48546,surface,117,22,138,vocabulary,sliced_ecd,local,local,,int8,64,2,2802,v2-ruled-vocabulary-2026-08-07,
Q15011,non_surface,5,285,289,vocabulary,sliced_ecd,local,local,,int8,64,1,2803,v2-ruled-vocabulary-2026-08-07,
P48230,surface,44,115,158,vocabulary,sliced_ecd,local,local,,int8,64,1,2804,v2-ruled-vocabulary-2026-08-07,
Q9UBV7,non_surface,276,52,327,vocabulary,sliced_ecd,local,local,,int8,64,3,2805,v2-ruled-vocabulary-2026-08-07,
Q6ICH7,non_surface,290,80,369,vocabulary,sliced_ecd,local,local,,int8,64,3,2806,v2-ruled-vocabulary-2026-08-07,
P35372,surface,68,1,68,vocabulary,sliced_ecd,local,local,,int8,64,2,2807,v2-ruled-vocabulary-2026-08-07,
O75379,non_surface,5,137,141,vocabulary,sliced_ecd,local,local,,int8,64,1,2808,v2-ruled-vocabulary-2026-08-07,
Q96PE1,surface,738,34,771,vocabulary,sliced_ecd,above_local,rental,over_local_ceiling,fp16,64,5,2809,v2-ruled-vocabulary-2026-08-07,
P37287,non_surface,42,443,484,vocabulary,sliced_ecd,local,local,,int8,64,1,2810,v2-ruled-vocabulary-2026-08-07,
Q9UM00,non_surface,55,1,55,vocabulary,sliced_ecd,local,local,,int8,64,2,2811,v2-ruled-vocabulary-2026-08-07,
Q9H6F2,non_surface,18,1,18,vocabulary,sliced_ecd,local,local,,int8,64,1,2812,v2-ruled-vocabulary-2026-08-07,
Q8NGJ7,surface,36,163,198,vocabulary,sliced_ecd,local,local,,int8,64,1,2813,v2-ruled-vocabulary-2026-08-07,
Q86SP6,surface,35,1,35,vocabulary,sliced_ecd,local,local,,int8,64,1,2814,v2-ruled-vocabulary-2026-08-07,
P51170,surface,465,77,541,vocabulary,sliced_ecd,untested_band,rental,unmeasured_local_ceiling,fp16,64,5,2815,v2-ruled-vocabulary-2026-08-07,
Q9Y5G7,surface,663,30,692,vocabulary,sliced_ecd,above_local,rental,over_local_ceiling,fp16,64,5,2816,v2-ruled-vocabulary-2026-08-07,
Q15758,surface,71,154,224,vocabulary,sliced_ecd,local,local,,int8,64,2,2817,v2-ruled-vocabulary-2026-08-07,
P11168,surface,67,32,98,vocabulary,sliced_ecd,local,local,,int8,64,2,2818,v2-ruled-vocabulary-2026-08-07,
Q29980,surface,287,23,309,vocabulary,sliced_ecd,local,local,,int8,64,3,2819,v2-ruled-vocabulary-2026-08-07,
Q8N9W7,non_surface,101,24,124,vocabulary,sliced_ecd,local,local,,int8,64,2,2820,v2-ruled-vocabulary-2026-08-07,
Q9H3H5,non_surface,23,144,166,vocabulary,sliced_ecd,local,local,,int8,64,1,2821,v2-ruled-vocabulary-2026-08-07,
Q13261,surface,175,31,205,vocabulary,sliced_ecd,local,local,,int8,64,3,2822,v2-ruled-vocabulary-2026-08-07,
A0PJK1,surface,43,222,264,vocabulary,sliced_ecd,local,local,,int8,64,1,2823,v2-ruled-vocabulary-2026-08-07,
Q05586,surface,541,19,559,vocabulary,sliced_ecd,untested_band,rental,unmeasured_local_ceiling,fp16,64,5,2824,v2-ruled-vocabulary-2026-08-07,
Q5T7P8,non_surface,59,1,59,vocabulary,sliced_ecd,local,local,,int8,64,2,2825,v2-ruled-vocabulary-2026-08-07,
O95371,surface,38,159,196,vocabulary,sliced_ecd,local,local,,int8,64,1,2826,v2-ruled-vocabulary-2026-08-07,
P16671,surface,410,30,439,vocabulary,sliced_ecd,local,local,,int8,64,4,2827,v2-ruled-vocabulary-2026-08-07,
P11362,surface,355,22,376,vocabulary,sliced_ecd,local,local,,int8,64,4,2828,v2-ruled-vocabulary-2026-08-07,
Q16538,surface,21,71,91,vocabulary,sliced_ecd,local,local,,int8,64,1,2829,v2-ruled-vocabulary-2026-08-07,
A6NFU0,non_surface,359,18,376,vocabulary,sliced_ecd,local,local,,int8,64,4,2830,v2-ruled-vocabulary-2026-08-07,
Q9ULI3,surface,1219,30,1248,vocabulary,sliced_ecd,above_local,rental,over_local_ceiling,fp16,64,5,2831,v2-ruled-vocabulary-2026-08-07,
Q13002,surface,520,32,551,vocabulary,sliced_ecd,untested_band,rental,unmeasured_local_ceiling,fp16,64,5,2832,v2-ruled-vocabulary-2026-08-07,
Q86VR2,non_surface,174,208,381,vocabulary,sliced_ecd,local,local,,int8,64,3,2833,v2-ruled-vocabulary-2026-08-07,
Q8TDV5,surface,23,59,81,vocabulary,sliced_ecd,local,local,,int8,64,1,2834,v2-ruled-vocabulary-2026-08-07,
P55085,surface,35,37,71,vocabulary,sliced_ecd,local,local,,int8,64,1,2835,v2-ruled-vocabulary-2026-08-07,
Q8NFM7,surface,283,17,299,vocabulary,sliced_ecd,local,local,,int8,64,3,2836,v2-ruled-vocabulary-2026-08-07,
P32246,surface,34,1,34,vocabulary,sliced_ecd,local,local,,int8,64,1,2837,v2-ruled-vocabulary-2026-08-07,
Q8NH19,surface,37,152,188,vocabulary,sliced_ecd,local,local,,int8,64,1,2838,v2-ruled-vocabulary-2026-08-07,
P57103,surface,43,31,73,vocabulary,sliced_ecd,local,local,,int8,64,1,2839,v2-ruled-vocabulary-2026-08-07,
Q9UJ42,surface,23,1,23,vocabulary,sliced_ecd,local,local,,int8,64,1,2840,v2-ruled-vocabulary-2026-08-07,
Q8NGP6,surface,36,160,195,vocabulary,sliced_ecd,local,local,,int8,64,1,2841,v2-ruled-vocabulary-2026-08-07,
P39656,non_surface,385,43,427,vocabulary,sliced_ecd,local,local,,int8,64,4,2842,v2-ruled-vocabulary-2026-08-07,
Q8NGN2,surface,38,1,38,vocabulary,sliced_ecd,local,local,,int8,64,1,2843,v2-ruled-vocabulary-2026-08-07,
O75072,non_surface,433,29,461,vocabulary,sliced_ecd,local,local,,int8,64,4,2844,v2-ruled-vocabulary-2026-08-07,
Q9H1Y3,surface,40,1,40,vocabulary,sliced_ecd,local,local,,int8,64,1,2845,v2-ruled-vocabulary-2026-08-07,
Q9BYG0,non_surface,343,36,378,vocabulary,sliced_ecd,local,local,,int8,64,4,2846,v2-ruled-vocabulary-2026-08-07,
Q8NGC1,surface,62,1,62,vocabulary,sliced_ecd,local,local,,int8,64,2,2847,v2-ruled-vocabulary-2026-08-07,
Q99808,surface,43,37,79,vocabulary,sliced_ecd,local,local,,int8,64,1,2848,v2-ruled-vocabulary-2026-08-07,
P25116,surface,61,42,102,vocabulary,sliced_ecd,local,local,,int8,64,2,2849,v2-ruled-vocabulary-2026-08-07,
Q8N127,surface,42,155,196,vocabulary,sliced_ecd,local,local,,int8,64,1,2850,v2-ruled-vocabulary-2026-08-07,
Q9BUN8,non_surface,38,32,69,vocabulary,sliced_ecd,local,local,,int8,64,1,2851,v2-ruled-vocabulary-2026-08-07,
Q5QJU3,non_surface,32,1,32,vocabulary,sliced_ecd,local,local,,int8,64,1,2852,v2-ruled-vocabulary-2026-08-07,
O95772,non_surface,23,75,97,vocabulary,sliced_ecd,local,local,,int8,64,1,2853,v2-ruled-vocabulary-2026-08-07,
Q9NS75,surface,42,1,42,vocabulary,sliced_ecd,local,local,,int8,64,1,2854,v2-ruled-vocabulary-2026-08-07,
Q9P244,surface,505,32,536,vocabulary,sliced_ecd,untested_band,rental,unmeasured_local_ceiling,fp16,64,5,2855,v2-ruled-vocabulary-2026-08-07,
Q96PS8,surface,37,122,158,vocabulary,sliced_ecd,local,local,,int8,64,1,2856,v2-ruled-vocabulary-2026-08-07,
Q6PI25,non_surface,41,32,72,vocabulary,sliced_ecd,local,local,,int8,64,1,2857,v2-ruled-vocabulary-2026-08-07,
Q495N2,surface,32,306,337,vocabulary,sliced_ecd,local,local,,int8,64,1,2858,v2-ruled-vocabulary-2026-08-07,
Q9NPC1,surface,30,246,275,vocabulary,sliced_ecd,local,local,,int8,64,1,2859,v2-ruled-vocabulary-2026-08-07,
Q9NZC3,non_surface,223,25,247,vocabulary,sliced_ecd,local,local,,int8,64,3,2860,v2-ruled-vocabulary-2026-08-07,
A1A5B4,surface,108,445,552,vocabulary,sliced_ecd,local,local,,int8,64,2,2861,v2-ruled-vocabulary-2026-08-07,
Q13508,surface,335,27,361,gpi_rule_A,sliced_ecd,local,local,,int8,64,4,2862,v2-ruled-vocabulary-2026-08-07,
O60635,surface,102,110,211,vocabulary,sliced_ecd,local,local,,int8,64,2,2863,v2-ruled-vocabulary-2026-08-07,
Q14627,surface,317,27,343,vocabulary,sliced_ecd,local,local,,int8,64,4,2864,v2-ruled-vocabulary-2026-08-07,
O95070,non_surface,15,160,174,vocabulary,sliced_ecd,local,local,,int8,64,1,2865,v2-ruled-vocabulary-2026-08-07,
Q9UKN1,surface,5364,17,5380,vocabulary,sliced_ecd,above_local,rental,over_local_ceiling,fp16,64,5,2866,v2-ruled-vocabulary-2026-08-07,
Q8NGJ3,surface,36,160,195,vocabulary,sliced_ecd,local,local,,int8,64,1,2867,v2-ruled-vocabulary-2026-08-07,
Q96L08,surface,103,1,103,vocabulary,sliced_ecd,local,local,,int8,64,2,2868,v2-ruled-vocabulary-2026-08-07,
Q9HCN6,surface,247,21,267,vocabulary,sliced_ecd,local,local,,int8,64,3,2869,v2-ruled-vocabulary-2026-08-07,
Q9UBM1,non_surface,43,115,157,vocabulary,sliced_ecd,local,local,,int8,64,1,2870,v2-ruled-vocabulary-2026-08-07,
Q8NFU0,surface,34,256,289,vocabulary,sliced_ecd,local,local,,int8,64,1,2871,v2-ruled-vocabulary-2026-08-07,
Q8NH92,surface,38,1,38,vocabulary,sliced_ecd,local,local,,int8,64,1,2872,v2-ruled-vocabulary-2026-08-07,
P40199,surface,285,35,319,gpi_rule_A,sliced_ecd,local,local,,int8,64,3,2873,v2-ruled-vocabulary-2026-08-07,
Q9P2U7,surface,32,85,116,vocabulary,sliced_ecd,local,local,,int8,64,1,2874,v2-ruled-vocabulary-2026-08-07,
P14867,surface,226,28,253,vocabulary,sliced_ecd,local,local,,int8,64,3,2875,v2-ruled-vocabulary-2026-08-07,
P13598,surface,199,25,223,vocabulary,sliced_ecd,local,local,,int8,64,3,2876,v2-ruled-vocabulary-2026-08-07,
P02730,surface,40,624,663,vocabulary,sliced_ecd,local,local,,int8,64,1,2877,v2-ruled-vocabulary-2026-08-07,
P24394,surface,207,26,232,vocabulary,sliced_ecd,local,local,,int8,64,3,2878,v2-ruled-vocabulary-2026-08-07,
Q8NC67,surface,325,23,347,vocabulary,sliced_ecd,local,local,,int8,64,4,2879,v2-ruled-vocabulary-2026-08-07,
Q8IUH4,non_surface,27,492,518,vocabulary,sliced_ecd,local,local,,int8,64,1,2880,v2-ruled-vocabulary-2026-08-07,
Q00973,non_surface,508,26,533,vocabulary,sliced_ecd,untested_band,rental,unmeasured_local_ceiling,fp16,64,5,2881,v2-ruled-vocabulary-2026-08-07,
O14788,surface,249,69,317,vocabulary,sliced_ecd,local,local,,int8,64,3,2882,v2-ruled-vocabulary-2026-08-07,
P30988,surface,122,25,146,vocabulary,sliced_ecd,local,local,,int8,64,2,2883,v2-ruled-vocabulary-2026-08-07,
Q6ZS82,non_surface,4,232,235,vocabulary,sliced_ecd,local,local,,int8,64,1,2884,v2-ruled-vocabulary-2026-08-07,
Q3KPI0,surface,206,35,240,vocabulary,sliced_ecd,local,local,,int8,64,3,2885,v2-ruled-vocabulary-2026-08-07,
Q6PIU1,non_surface,12,298,309,vocabulary,sliced_ecd,local,local,,int8,64,1,2886,v2-ruled-vocabulary-2026-08-07,
Q13606,surface,36,163,198,vocabulary,sliced_ecd,local,local,,int8,64,1,2887,v2-ruled-vocabulary-2026-08-07,
Q96LA9,surface,27,1,27,vocabulary,sliced_ecd,local,local,,int8,64,1,2888,v2-ruled-vocabulary-2026-08-07,
Q8NGA1,surface,38,159,196,vocabulary,sliced_ecd,local,local,,int8,64,1,2889,v2-ruled-vocabulary-2026-08-07,
Q8NGZ9,surface,37,159,195,vocabulary,sliced_ecd,local,local,,int8,64,1,2890,v2-ruled-vocabulary-2026-08-07,
Q9Y5H4,surface,664,29,692,vocabulary,sliced_ecd,above_local,rental,over_local_ceiling,fp16,64,5,2891,v2-ruled-vocabulary-2026-08-07,
P15260,surface,228,18,245,vocabulary,sliced_ecd,local,local,,int8,64,3,2892,v2-ruled-vocabulary-2026-08-07,
Q8N8Q1,non_surface,16,113,128,vocabulary,sliced_ecd,local,local,,int8,64,1,2893,v2-ruled-vocabulary-2026-08-07,
O76090,non_surface,19,256,274,vocabulary,sliced_ecd,local,local,,int8,64,1,2894,v2-ruled-vocabulary-2026-08-07,
O60939,surface,128,30,157,vocabulary,sliced_ecd,local,local,,int8,64,2,2895,v2-ruled-vocabulary-2026-08-07,
Q9Y320,non_surface,54,49,102,vocabulary,sliced_ecd,local,local,,int8,64,2,2896,v2-ruled-vocabulary-2026-08-07,
O43921,surface,163,25,187,gpi_rule_A,sliced_ecd,local,local,,int8,64,3,2897,v2-ruled-vocabulary-2026-08-07,
Q8NGX6,surface,45,1,45,vocabulary,sliced_ecd,local,local,,int8,64,1,2898,v2-ruled-vocabulary-2026-08-07,
P14151,surface,294,39,332,vocabulary,sliced_ecd,local,local,,int8,64,3,2899,v2-ruled-vocabulary-2026-08-07,
O75311,surface,222,34,255,vocabulary,sliced_ecd,local,local,,int8,64,3,2900,v2-ruled-vocabulary-2026-08-07,
P25105,surface,29,156,184,vocabulary,sliced_ecd,local,local,,int8,64,1,2901,v2-ruled-vocabulary-2026-08-07,
O15503,non_surface,19,108,126,vocabulary,sliced_ecd,local,local,,int8,64,1,2902,v2-ruled-vocabulary-2026-08-07,
P08172,surface,20,1,20,vocabulary,sliced_ecd,local,local,,int8,64,1,2903,v2-ruled-vocabulary-2026-08-07,
P48169,surface,224,36,259,vocabulary,sliced_ecd,local,local,,int8,64,3,2904,v2-ruled-vocabulary-2026-08-07,
Q5BKT4,non_surface,37,28,64,vocabulary,sliced_ecd,local,local,,int8,64,1,2905,v2-ruled-vocabulary-2026-08-07,
P04440,surface,196,30,225,vocabulary,sliced_ecd,local,local,,int8,64,3,2906,v2-ruled-vocabulary-2026-08-07,
Q6V1P9,surface,2919,68,2986,vocabulary,sliced_ecd,above_local,rental,over_local_ceiling,fp16,64,5,2907,v2-ruled-vocabulary-2026-08-07,
O00254,surface,56,39,94,vocabulary,sliced_ecd,local,local,,int8,64,2,2908,v2-ruled-vocabulary-2026-08-07,
Q8IXF9,non_surface,33,22,54,vocabulary,sliced_ecd,local,local,,int8,64,1,2909,v2-ruled-vocabulary-2026-08-07,
Q8NGI6,surface,37,159,195,vocabulary,sliced_ecd,local,local,,int8,64,1,2910,v2-ruled-vocabulary-2026-08-07,
Q9UF33,surface,528,23,550,vocabulary,sliced_ecd,untested_band,rental,unmeasured_local_ceiling,fp16,64,5,2911,v2-ruled-vocabulary-2026-08-07,
P59901,surface,423,24,446,vocabulary,sliced_ecd,local,local,,int8,64,4,2912,v2-ruled-vocabulary-2026-08-07,
Q8NGG5,surface,37,167,203,vocabulary,sliced_ecd,local,local,,int8,64,1,2913,v2-ruled-vocabulary-2026-08-07,
P30872,surface,56,1,56,vocabulary,sliced_ecd,local,local,,int8,64,2,2914,v2-ruled-vocabulary-2026-08-07,
P56749,surface,56,32,87,vocabulary,sliced_ecd,local,local,,int8,64,2,2915,v2-ruled-vocabulary-2026-08-07,
Q9P2E9,non_surface,7,1,7,vocabulary,sliced_ecd,local,local,,int8,64,1,2916,v2-ruled-vocabulary-2026-08-07,
P06756,surface,962,31,992,vocabulary,sliced_ecd,above_local,rental,over_local_ceiling,fp16,64,5,2917,v2-ruled-vocabulary-2026-08-07,
P98073,surface,972,48,1019,vocabulary,sliced_ecd,above_local,rental,over_local_ceiling,fp16,64,5,2918,v2-ruled-vocabulary-2026-08-07,
Q9Y3Q3,non_surface,157,24,180,vocabulary,sliced_ecd,local,local,,int8,64,3,2919,v2-ruled-vocabulary-2026-08-07,
Q9UMF0,surface,804,32,835,vocabulary,sliced_ecd,above_local,rental,over_local_ceiling,fp16,64,5,2920,v2-ruled-vocabulary-2026-08-07,
Q9H6X2,surface,289,33,321,vocabulary,sliced_ecd,local,local,,int8,64,3,2921,v2-ruled-vocabulary-2026-08-07,
P0C628,surface,31,165,195,vocabulary,sliced_ecd,local,local,,int8,64,1,2922,v2-ruled-vocabulary-2026-08-07,
Q9Y5Z6,non_surface,300,27,326,vocabulary,sliced_ecd,local,local,,int8,64,3,2923,v2-ruled-vocabulary-2026-08-07,
B4DS77,surface,126,24,149,vocabulary,sliced_ecd,local,local,,int8,64,2,2924,v2-ruled-vocabulary-2026-08-07,
Q6L9W6,non_surface,953,46,998,vocabulary,sliced_ecd,above_local,rental,over_local_ceiling,fp16,64,5,2925,v2-ruled-vocabulary-2026-08-07,
P42857,non_surface,82,104,185,vocabulary,sliced_ecd,local,local,,int8,64,2,2926,v2-ruled-vocabulary-2026-08-07,
P54764,surface,528,20,547,vocabulary,sliced_ecd,untested_band,rental,unmeasured_local_ceiling,fp16,64,5,2927,v2-ruled-vocabulary-2026-08-07,
O00421,surface,43,1,43,vocabulary,sliced_ecd,local,local,,int8,64,1,2928,v2-ruled-vocabulary-2026-08-07,
Q8N7P3,surface,51,31,81,vocabulary,sliced_ecd,local,local,,int8,64,2,2929,v2-ruled-vocabulary-2026-08-07,
A6NL88,surface,167,20,186,vocabulary,sliced_ecd,local,local,,int8,64,3,2930,v2-ruled-vocabulary-2026-08-07,
Q29983,surface,284,24,307,vocabulary,sliced_ecd,local,local,,int8,64,3,2931,v2-ruled-vocabulary-2026-08-07,
Q8NFT8,surface,606,35,640,vocabulary,sliced_ecd,untested_band,rental,unmeasured_local_ceiling,fp16,64,5,2932,v2-ruled-vocabulary-2026-08-07,
Q99572,surface,282,47,328,vocabulary,sliced_ecd,local,local,,int8,64,3,2933,v2-ruled-vocabulary-2026-08-07,
Q96MC6,surface,42,449,490,vocabulary,sliced_ecd,local,local,,int8,64,1,2934,v2-ruled-vocabulary-2026-08-07,
Q9P283,surface,1036,1,1036,vocabulary,sliced_ecd,above_local,rental,over_local_ceiling,fp16,64,5,2935,v2-ruled-vocabulary-2026-08-07,
Q96JP9,surface,681,20,700,vocabulary,sliced_ecd,above_local,rental,over_local_ceiling,fp16,64,5,2936,v2-ruled-vocabulary-2026-08-07,
Q6UWN0,surface,198,27,224,gpi_rule_A,sliced_ecd,local,local,,int8,64,3,2937,v2-ruled-vocabulary-2026-08-07,
Q16445,surface,224,20,243,vocabulary,sliced_ecd,local,local,,int8,64,3,2938,v2-ruled-vocabulary-2026-08-07,
O14672,surface,653,20,672,vocabulary,sliced_ecd,above_local,rental,over_local_ceiling,fp16,64,5,2939,v2-ruled-vocabulary-2026-08-07,
Q86SM8,surface,26,81,106,vocabulary,sliced_ecd,local,local,,int8,64,1,2940,v2-ruled-vocabulary-2026-08-07,
Q96KC8,non_surface,106,48,153,vocabulary,sliced_ecd,local,local,,int8,64,2,2941,v2-ruled-vocabulary-2026-08-07,
P03999,surface,30,1,30,vocabulary,sliced_ecd,local,local,,int8,64,1,2942,v2-ruled-vocabulary-2026-08-07,
Q8NH72,surface,37,157,193,vocabulary,sliced_ecd,local,local,,int8,64,1,2943,v2-ruled-vocabulary-2026-08-07,
Q96R72,surface,37,159,195,vocabulary,sliced_ecd,local,local,,int8,64,1,2944,v2-ruled-vocabulary-2026-08-07,
O60330,surface,663,30,692,vocabulary,sliced_ecd,above_local,rental,over_local_ceiling,fp16,64,5,2945,v2-ruled-vocabulary-2026-08-07,
Q8N148,surface,37,159,195,vocabulary,sliced_ecd,local,local,,int8,64,1,2946,v2-ruled-vocabulary-2026-08-07,
Q8NH42,surface,37,159,195,vocabulary,sliced_ecd,local,local,,int8,64,1,2947,v2-ruled-vocabulary-2026-08-07,
Q8NEA5,surface,71,30,100,vocabulary,sliced_ecd,local,local,,int8,64,2,2948,v2-ruled-vocabulary-2026-08-07,
O95866,surface,125,18,142,vocabulary,sliced_ecd,local,local,,int8,64,2,2949,v2-ruled-vocabulary-2026-08-07,
Q8NH57,surface,36,163,198,vocabulary,sliced_ecd,local,local,,int8,64,1,2950,v2-ruled-vocabulary-2026-08-07,
Q9UNK0,non_surface,4,233,236,vocabulary,sliced_ecd,local,local,,int8,64,1,2951,v2-ruled-vocabulary-2026-08-07,
Q9H2U9,surface,650,19,668,vocabulary,sliced_ecd,above_local,rental,over_local_ceiling,fp16,64,5,2952,v2-ruled-vocabulary-2026-08-07,
Q86V40,surface,458,22,479,gpi_rule_A,sliced_ecd,untested_band,rental,unmeasured_local_ceiling,fp16,64,5,2953,v2-ruled-vocabulary-2026-08-07,
Q8NG95,surface,37,161,197,vocabulary,sliced_ecd,local,local,,int8,64,1,2954,v2-ruled-vocabulary-2026-08-07,
Q75NE6,non_surface,27,44,70,vocabulary,sliced_ecd,local,local,,int8,64,1,2955,v2-ruled-vocabulary-2026-08-07,
P04000,surface,52,1,52,vocabulary,sliced_ecd,local,local,,int8,64,2,2956,v2-ruled-vocabulary-2026-08-07,
Q8NGL4,surface,36,163,198,vocabulary,sliced_ecd,local,local,,int8,64,1,2957,v2-ruled-vocabulary-2026-08-07,
Q5PT55,surface,123,20,142,vocabulary,sliced_ecd,local,local,,int8,64,2,2958,v2-ruled-vocabulary-2026-08-07,
Q9H4D0,surface,811,21,831,vocabulary,sliced_ecd,above_local,rental,over_local_ceiling,fp16,64,5,2959,v2-ruled-vocabulary-2026-08-07,
Q14849,non_surface,22,73,94,vocabulary,sliced_ecd,local,local,,int8,64,1,2960,v2-ruled-vocabulary-2026-08-07,
P0C7N5,surface,40,165,204,vocabulary,sliced_ecd,local,local,,int8,64,1,2961,v2-ruled-vocabulary-2026-08-07,
Q96QD8,surface,54,239,292,vocabulary,sliced_ecd,local,local,,int8,64,2,2962,v2-ruled-vocabulary-2026-08-07,
Q14973,surface,22,1,22,vocabulary,sliced_ecd,local,local,,int8,64,1,2963,v2-ruled-vocabulary-2026-08-07,
Q9NY15,surface,2453,26,2478,vocabulary,sliced_ecd,above_local,rental,over_local_ceiling,fp16,64,5,2964,v2-ruled-vocabulary-2026-08-07,
Q8N6U8,surface,33,159,191,vocabulary,sliced_ecd,local,local,,int8,64,1,2965,v2-ruled-vocabulary-2026-08-07,
P38435,non_surface,381,378,758,vocabulary,sliced_ecd,local,local,,int8,64,4,2966,v2-ruled-vocabulary-2026-08-07,
Q9Y336,surface,331,18,348,vocabulary,sliced_ecd,local,local,,int8,64,4,2967,v2-ruled-vocabulary-2026-08-07,
Q13797,surface,952,30,981,vocabulary,sliced_ecd,above_local,rental,over_local_ceiling,fp16,64,5,2968,v2-ruled-vocabulary-2026-08-07,
P48065,surface,73,138,210,vocabulary,sliced_ecd,local,local,,int8,64,2,2969,v2-ruled-vocabulary-2026-08-07,
Q587I9,non_surface,4,104,107,vocabulary,sliced_ecd,local,local,,int8,64,1,2970,v2-ruled-vocabulary-2026-08-07,
Q16570,surface,63,1,63,vocabulary,sliced_ecd,local,local,,int8,64,2,2971,v2-ruled-vocabulary-2026-08-07,
Q13585,surface,30,1,30,vocabulary,sliced_ecd,local,local,,int8,64,1,2972,v2-ruled-vocabulary-2026-08-07,
Q9NYZ4,surface,347,17,363,vocabulary,sliced_ecd,local,local,,int8,64,4,2973,v2-ruled-vocabulary-2026-08-07,
Q9H2X3,surface,329,71,399,vocabulary,sliced_ecd,local,local,,int8,64,4,2974,v2-ruled-vocabulary-2026-08-07,
Q9NTI2,non_surface,27,338,364,vocabulary,sliced_ecd,local,local,,int8,64,1,2975,v2-ruled-vocabulary-2026-08-07,
Q7Z6A9,surface,127,31,157,vocabulary,sliced_ecd,local,local,,int8,64,2,2976,v2-ruled-vocabulary-2026-08-07,
Q9UHE5,non_surface,164,64,227,vocabulary,sliced_ecd,local,local,,int8,64,3,2977,v2-ruled-vocabulary-2026-08-07,
Q8NFR3,non_surface,7,30,36,vocabulary,sliced_ecd,local,local,,int8,64,1,2978,v2-ruled-vocabulary-2026-08-07,
Q9Y3N9,surface,37,159,195,vocabulary,sliced_ecd,local,local,,int8,64,1,2979,v2-ruled-vocabulary-2026-08-07,
Q9BT22,non_surface,2,1,2,vocabulary,sliced_ecd,local,local,,int8,64,1,2980,v2-ruled-vocabulary-2026-08-07,
Q9NYG2,non_surface,22,193,214,vocabulary,sliced_ecd,local,local,,int8,64,1,2981,v2-ruled-vocabulary-2026-08-07,
Q96RD9,surface,836,16,851,vocabulary,sliced_ecd,above_local,rental,over_local_ceiling,fp16,64,5,2982,v2-ruled-vocabulary-2026-08-07,
P59025,non_surface,4,260,263,vocabulary,sliced_ecd,local,local,,int8,64,1,2983,v2-ruled-vocabulary-2026-08-07,
Q9BV40,non_surface,4,97,100,vocabulary,sliced_ecd,local,local,,int8,64,1,2984,v2-ruled-vocabulary-2026-08-07,
Q14330,surface,32,160,191,vocabulary,sliced_ecd,local,local,,int8,64,1,2985,v2-ruled-vocabulary-2026-08-07,
P46091,surface,41,1,41,vocabulary,sliced_ecd,local,local,,int8,64,1,2986,v2-ruled-vocabulary-2026-08-07,
P46663,surface,40,1,40,vocabulary,sliced_ecd,local,local,,int8,64,1,2987,v2-ruled-vocabulary-2026-08-07,
Q6UXD5,surface,817,28,844,vocabulary,sliced_ecd,above_local,rental,over_local_ceiling,fp16,64,5,2988,v2-ruled-vocabulary-2026-08-07,
P0C617,surface,44,1,44,vocabulary,sliced_ecd,local,local,,int8,64,1,2989,v2-ruled-vocabulary-2026-08-07,
Q9NSD7,surface,81,1,81,vocabulary,sliced_ecd,local,local,,int8,64,2,2990,v2-ruled-vocabulary-2026-08-07,
Q12797,non_surface,684,75,758,vocabulary,sliced_ecd,above_local,rental,over_local_ceiling,fp16,64,5,2991,v2-ruled-vocabulary-2026-08-07,
Q8TD07,surface,195,31,225,vocabulary,sliced_ecd,local,local,,int8,64,3,2992,v2-ruled-vocabulary-2026-08-07,
Q9ULK5,non_surface,18,130,147,vocabulary,sliced_ecd,local,local,,int8,64,1,2993,v2-ruled-vocabulary-2026-08-07,
Q8NGF6,surface,37,152,188,vocabulary,sliced_ecd,local,local,,int8,64,1,2994,v2-ruled-vocabulary-2026-08-07,
Q9Y5P0,surface,36,158,193,vocabulary,sliced_ecd,local,local,,int8,64,1,2995,v2-ruled-vocabulary-2026-08-07,
Q86VE9,surface,53,333,385,vocabulary,sliced_ecd,local,local,,int8,64,2,2996,v2-ruled-vocabulary-2026-08-07,
Q4KMQ2,surface,93,744,836,vocabulary,sliced_ecd,local,local,,int8,64,2,2997,v2-ruled-vocabulary-2026-08-07,
P46089,surface,42,1,42,vocabulary,sliced_ecd,local,local,,int8,64,1,2998,v2-ruled-vocabulary-2026-08-07,
O60755,surface,25,160,184,vocabulary,sliced_ecd,local,local,,int8,64,1,2999,v2-ruled-vocabulary-2026-08-07,
Q13740,surface,500,28,527,vocabulary,sliced_ecd,untested_band,rental,unmeasured_local_ceiling,fp16,64,5,3000,v2-ruled-vocabulary-2026-08-07,
P52569,surface,38,126,163,vocabulary,sliced_ecd,local,local,,int8,64,1,3001,v2-ruled-vocabulary-2026-08-07,
Q9C0B5,surface,22,170,191,vocabulary,sliced_ecd,local,local,,int8,64,1,3002,v2-ruled-vocabulary-2026-08-07,
Q9UIB8,surface,204,22,225,vocabulary,sliced_ecd,local,local,,int8,64,3,3003,v2-ruled-vocabulary-2026-08-07,
Q9HCC8,surface,281,210,490,vocabulary,sliced_ecd,local,local,,int8,64,3,3004,v2-ruled-vocabulary-2026-08-07,
Q86YC3,surface,632,19,650,vocabulary,sliced_ecd,above_local,rental,over_local_ceiling,fp16,64,5,3005,v2-ruled-vocabulary-2026-08-07,
Q5BJF2,non_surface,38,31,68,vocabulary,sliced_ecd,local,local,,int8,64,1,3006,v2-ruled-vocabulary-2026-08-07,
O14520,non_surface,38,133,170,vocabulary,sliced_ecd,local,local,,int8,64,1,3007,v2-ruled-vocabulary-2026-08-07,
P48357,surface,818,22,839,vocabulary,sliced_ecd,above_local,rental,over_local_ceiling,fp16,64,5,3008,v2-ruled-vocabulary-2026-08-07,
P17301,surface,1103,30,1132,vocabulary,sliced_ecd,above_local,rental,over_local_ceiling,fp16,64,5,3009,v2-ruled-vocabulary-2026-08-07,
Q9Y397,non_surface,24,205,228,vocabulary,sliced_ecd,local,local,,int8,64,1,3010,v2-ruled-vocabulary-2026-08-07,
P37088,surface,456,107,562,vocabulary,sliced_ecd,untested_band,rental,unmeasured_local_ceiling,fp16,64,5,3011,v2-ruled-vocabulary-2026-08-07,
Q9P109,non_surface,419,35,453,vocabulary,sliced_ecd,local,local,,int8,64,4,3012,v2-ruled-vocabulary-2026-08-07,
P49257,non_surface,447,31,477,vocabulary,sliced_ecd,untested_band,rental,unmeasured_local_ceiling,fp16,64,5,3013,v2-ruled-vocabulary-2026-08-07,
Q8NGH7,surface,43,1,43,vocabulary,sliced_ecd,local,local,,int8,64,1,3014,v2-ruled-vocabulary-2026-08-07,
Q86T13,surface,376,22,397,vocabulary,sliced_ecd,local,local,,int8,64,4,3015,v2-ruled-vocabulary-2026-08-07,
O60427,non_surface,17,289,305,vocabulary,sliced_ecd,local,local,,int8,64,1,3016,v2-ruled-vocabulary-2026-08-07,
P01589,surface,219,22,240,vocabulary,sliced_ecd,local,local,,int8,64,3,3017,v2-ruled-vocabulary-2026-08-07,
Q9HC07,non_surface,56,34,89,vocabulary,sliced_ecd,local,local,,int8,64,2,3018,v2-ruled-vocabulary-2026-08-07,
Q6NUT3,surface,27,192,218,vocabulary,sliced_ecd,local,local,,int8,64,1,3019,v2-ruled-vocabulary-2026-08-07,
Q12893,non_surface,57,41,97,vocabulary,sliced_ecd,local,local,,int8,64,2,3020,v2-ruled-vocabulary-2026-08-07,
Q8NG78,surface,60,1,60,vocabulary,sliced_ecd,local,local,,int8,64,2,3021,v2-ruled-vocabulary-2026-08-07,
Q9C0K1,surface,110,23,132,vocabulary,sliced_ecd,local,local,,int8,64,2,3022,v2-ruled-vocabulary-2026-08-07,
Q9UKL4,surface,33,43,75,vocabulary,sliced_ecd,local,local,,int8,64,1,3023,v2-ruled-vocabulary-2026-08-07,
Q9Y286,surface,335,19,353,vocabulary,sliced_ecd,local,local,,int8,64,4,3024,v2-ruled-vocabulary-2026-08-07,
Q9NY91,surface,89,335,423,vocabulary,sliced_ecd,local,local,,int8,64,2,3025,v2-ruled-vocabulary-2026-08-07,
Q8TDF5,surface,322,23,344,vocabulary,sliced_ecd,local,local,,int8,64,4,3026,v2-ruled-vocabulary-2026-08-07,
P51172,surface,423,272,694,vocabulary,sliced_ecd,local,local,,int8,64,4,3027,v2-ruled-vocabulary-2026-08-07,
Q96KK3,surface,31,240,270,vocabulary,sliced_ecd,local,local,,int8,64,1,3028,v2-ruled-vocabulary-2026-08-07,
Q95460,surface,280,23,302,vocabulary,sliced_ecd,local,local,,int8,64,3,3029,v2-ruled-vocabulary-2026-08-07,
Q5W0Z9,non_surface,18,36,53,vocabulary,sliced_ecd,local,local,,int8,64,1,3030,v2-ruled-vocabulary-2026-08-07,
Q5BKX6,surface,13,536,548,vocabulary,sliced_ecd,local,local,,int8,64,1,3031,v2-ruled-vocabulary-2026-08-07,
P49069,non_surface,8,289,296,vocabulary,sliced_ecd,local,local,,int8,64,1,3032,v2-ruled-vocabulary-2026-08-07,
O15551,surface,51,30,80,vocabulary,sliced_ecd,local,local,,int8,64,2,3033,v2-ruled-vocabulary-2026-08-07,
O75309,surface,768,19,786,vocabulary,sliced_ecd,above_local,rental,over_local_ceiling,fp16,64,5,3034,v2-ruled-vocabulary-2026-08-07,
Q01118,surface,79,260,338,vocabulary,sliced_ecd,local,local,,int8,64,2,3035,v2-ruled-vocabulary-2026-08-07,
Q8NGM9,surface,37,161,197,vocabulary,sliced_ecd,local,local,,int8,64,1,3036,v2-ruled-vocabulary-2026-08-07,
Q8NFZ4,surface,663,15,677,vocabulary,sliced_ecd,above_local,rental,over_local_ceiling,fp16,64,5,3037,v2-ruled-vocabulary-2026-08-07,
Q16394,non_surface,718,29,746,vocabulary,sliced_ecd,above_local,rental,over_local_ceiling,fp16,64,5,3038,v2-ruled-vocabulary-2026-08-07,
Q86VY9,non_surface,44,83,126,vocabulary,sliced_ecd,local,local,,int8,64,1,3039,v2-ruled-vocabulary-2026-08-07,
Q9P0K1,surface,514,223,736,vocabulary,sliced_ecd,untested_band,rental,unmeasured_local_ceiling,fp16,64,5,3040,v2-ruled-vocabulary-2026-08-07,
P08100,surface,36,1,36,vocabulary,sliced_ecd,local,local,,int8,64,1,3041,v2-ruled-vocabulary-2026-08-07,
Q8N1N0,non_surface,529,61,589,vocabulary,sliced_ecd,untested_band,rental,unmeasured_local_ceiling,fp16,64,5,3042,v2-ruled-vocabulary-2026-08-07,
O95980,surface,919,23,941,gpi_rule_A,sliced_ecd,above_local,rental,over_local_ceiling,fp16,64,5,3043,v2-ruled-vocabulary-2026-08-07,
Q9NZP5,surface,42,157,198,vocabulary,sliced_ecd,local,local,,int8,64,1,3044,v2-ruled-vocabulary-2026-08-07,
Q6UX15,surface,214,22,235,vocabulary,sliced_ecd,local,local,,int8,64,3,3045,v2-ruled-vocabulary-2026-08-07,
Q8NDV2,surface,24,145,168,vocabulary,sliced_ecd,local,local,,int8,64,1,3046,v2-ruled-vocabulary-2026-08-07,
Q8N394,non_surface,366,471,836,vocabulary,sliced_ecd,local,local,,int8,64,4,3047,v2-ruled-vocabulary-2026-08-07,
P04234,surface,84,22,105,vocabulary,sliced_ecd,local,local,,int8,64,2,3048,v2-ruled-vocabulary-2026-08-07,
Q9GZM6,surface,37,161,197,vocabulary,sliced_ecd,local,local,,int8,64,1,3049,v2-ruled-vocabulary-2026-08-07,
Q8NGI3,surface,36,170,205,vocabulary,sliced_ecd,local,local,,int8,64,1,3050,v2-ruled-vocabulary-2026-08-07,
Q9NY97,non_surface,369,29,397,vocabulary,sliced_ecd,local,local,,int8,64,4,3051,v2-ruled-vocabulary-2026-08-07,
Q75T13,surface,609,33,641,vocabulary,sliced_ecd,untested_band,rental,unmeasured_local_ceiling,fp16,64,5,3052,v2-ruled-vocabulary-2026-08-07,
P14384,surface,405,18,422,gpi_rule_A,sliced_ecd,local,local,,int8,64,4,3053,v2-ruled-vocabulary-2026-08-07,
Q6IEV9,surface,37,157,193,vocabulary,sliced_ecd,local,local,,int8,64,1,3054,v2-ruled-vocabulary-2026-08-07,
Q9BZW2,surface,33,442,474,vocabulary,sliced_ecd,local,local,,int8,64,1,3055,v2-ruled-vocabulary-2026-08-07,
C9JI98,non_surface,12,58,69,vocabulary,sliced_ecd,local,local,,int8,64,1,3056,v2-ruled-vocabulary-2026-08-07,
Q9H015,surface,100,42,141,vocabulary,sliced_ecd,local,local,,int8,64,2,3057,v2-ruled-vocabulary-2026-08-07,
Q16623,non_surface,2,287,288,vocabulary,sliced_ecd,local,local,,int8,64,1,3058,v2-ruled-vocabulary-2026-08-07,
O95977,surface,50,1,50,vocabulary,sliced_ecd,local,local,,int8,64,1,3059,v2-ruled-vocabulary-2026-08-07,
Q96A33,non_surface,328,156,483,vocabulary,sliced_ecd,local,local,,int8,64,4,3060,v2-ruled-vocabulary-2026-08-07,
Q7RTM1,surface,41,224,264,vocabulary,sliced_ecd,local,local,,int8,64,1,3061,v2-ruled-vocabulary-2026-08-07,
O14683,non_surface,24,85,108,vocabulary,sliced_ecd,local,local,,int8,64,1,3062,v2-ruled-vocabulary-2026-08-07,
Q8N109,surface,217,22,238,vocabulary,sliced_ecd,local,local,,int8,64,3,3063,v2-ruled-vocabulary-2026-08-07,
P55087,surface,19,137,155,vocabulary,sliced_ecd,local,local,,int8,64,1,3064,v2-ruled-vocabulary-2026-08-07,
P08648,surface,954,42,995,vocabulary,sliced_ecd,above_local,rental,over_local_ceiling,fp16,64,5,3065,v2-ruled-vocabulary-2026-08-07,
Q9UNE0,surface,161,27,187,vocabulary,sliced_ecd,local,local,,int8,64,3,3066,v2-ruled-vocabulary-2026-08-07,
Q9NPB9,surface,42,1,42,vocabulary,sliced_ecd,local,local,,int8,64,1,3067,v2-ruled-vocabulary-2026-08-07,
Q16873,non_surface,21,28,48,vocabulary,sliced_ecd,local,local,,int8,64,1,3068,v2-ruled-vocabulary-2026-08-07,
Q17R55,surface,318,18,335,vocabulary,sliced_ecd,local,local,,int8,64,4,3069,v2-ruled-vocabulary-2026-08-07,
P48995,non_surface,65,559,623,vocabulary,sliced_ecd,local,local,,int8,64,2,3070,v2-ruled-vocabulary-2026-08-07,
Q7LGA3,non_surface,328,29,356,vocabulary,sliced_ecd,local,local,,int8,64,4,3071,v2-ruled-vocabulary-2026-08-07,
P43116,surface,23,1,23,vocabulary,sliced_ecd,local,local,,int8,64,1,3072,v2-ruled-vocabulary-2026-08-07,
Q9Y561,surface,460,33,492,vocabulary,sliced_ecd,untested_band,rental,unmeasured_local_ceiling,fp16,64,5,3073,v2-ruled-vocabulary-2026-08-07,
Q86SM5,surface,22,142,163,vocabulary,sliced_ecd,local,local,,int8,64,1,3074,v2-ruled-vocabulary-2026-08-07,
P51582,surface,34,1,34,vocabulary,sliced_ecd,local,local,,int8,64,1,3075,v2-ruled-vocabulary-2026-08-07,
P48145,surface,37,1,37,vocabulary,sliced_ecd,local,local,,int8,64,1,3076,v2-ruled-vocabulary-2026-08-07,
A6NDV4,surface,233,1,233,vocabulary,sliced_ecd,local,local,,int8,64,3,3077,v2-ruled-vocabulary-2026-08-07,
Q9NZ53,surface,468,33,500,vocabulary,sliced_ecd,untested_band,rental,unmeasured_local_ceiling,fp16,64,5,3078,v2-ruled-vocabulary-2026-08-07,
Q7RTX7,non_surface,21,259,279,vocabulary,sliced_ecd,local,local,,int8,64,1,3079,v2-ruled-vocabulary-2026-08-07,
Q96FM1,non_surface,78,21,98,vocabulary,sliced_ecd,local,local,,int8,64,2,3080,v2-ruled-vocabulary-2026-08-07,
Q9H665,surface,141,23,163,vocabulary,sliced_ecd,local,local,,int8,64,2,3081,v2-ruled-vocabulary-2026-08-07,
Q96BD0,surface,109,472,580,vocabulary,sliced_ecd,local,local,,int8,64,2,3082,v2-ruled-vocabulary-2026-08-07,
P32241,surface,111,31,141,vocabulary,sliced_ecd,local,local,,int8,64,2,3083,v2-ruled-vocabulary-2026-08-07,
Q92854,surface,713,22,734,vocabulary,sliced_ecd,above_local,rental,over_local_ceiling,fp16,64,5,3084,v2-ruled-vocabulary-2026-08-07,
Q9H7V2,non_surface,26,203,228,vocabulary,sliced_ecd,local,local,,int8,64,1,3085,v2-ruled-vocabulary-2026-08-07,
O95754,surface,625,35,659,vocabulary,sliced_ecd,untested_band,rental,unmeasured_local_ceiling,fp16,64,5,3086,v2-ruled-vocabulary-2026-08-07,
Q8NGC0,surface,79,1,79,vocabulary,sliced_ecd,local,local,,int8,64,2,3087,v2-ruled-vocabulary-2026-08-07,
Q6ZNI0,non_surface,405,26,430,vocabulary,sliced_ecd,local,local,,int8,64,4,3088,v2-ruled-vocabulary-2026-08-07,
Q8WXF7,non_surface,1,471,471,vocabulary,sliced_ecd,local,local,,int8,64,1,3089,v2-ruled-vocabulary-2026-08-07,
Q8NGF7,surface,36,159,194,vocabulary,sliced_ecd,local,local,,int8,64,1,3090,v2-ruled-vocabulary-2026-08-07,
Q6UY11,surface,280,27,306,vocabulary,sliced_ecd,local,local,,int8,64,3,3091,v2-ruled-vocabulary-2026-08-07,
P41586,surface,132,21,152,vocabulary,sliced_ecd,local,local,,int8,64,2,3092,v2-ruled-vocabulary-2026-08-07,
P51684,surface,47,1,47,vocabulary,sliced_ecd,local,local,,int8,64,1,3093,v2-ruled-vocabulary-2026-08-07,
Q6Y288,non_surface,471,28,498,vocabulary,sliced_ecd,untested_band,rental,unmeasured_local_ceiling,fp16,64,5,3094,v2-ruled-vocabulary-2026-08-07,
P28907,surface,258,43,300,vocabulary,sliced_ecd,local,local,,int8,64,3,3095,v2-ruled-vocabulary-2026-08-07,
Q15363,non_surface,148,21,168,vocabulary,sliced_ecd,local,local,,int8,64,2,3096,v2-ruled-vocabulary-2026-08-07,
Q9NTQ9,surface,33,41,73,vocabulary,sliced_ecd,local,local,,int8,64,1,3097,v2-ruled-vocabulary-2026-08-07,
Q8WWA0,surface,279,19,297,gpi_rule_A,sliced_ecd,local,local,,int8,64,3,3098,v2-ruled-vocabulary-2026-08-07,
P28067,surface,207,27,233,vocabulary,sliced_ecd,local,local,,int8,64,3,3099,v2-ruled-vocabulary-2026-08-07,
Q13277,non_surface,5,285,289,vocabulary,sliced_ecd,local,local,,int8,64,1,3100,v2-ruled-vocabulary-2026-08-07,
Q13145,surface,132,21,152,vocabulary,sliced_ecd,local,local,,int8,64,2,3101,v2-ruled-vocabulary-2026-08-07,
P38567,surface,454,36,489,gpi_rule_A,sliced_ecd,untested_band,rental,unmeasured_local_ceiling,fp16,64,5,3102,v2-ruled-vocabulary-2026-08-07,
Q9NRM0,surface,35,73,107,vocabulary,sliced_ecd,local,local,,int8,64,1,3103,v2-ruled-vocabulary-2026-08-07,
Q8NHA8,surface,38,159,196,vocabulary,sliced_ecd,local,local,,int8,64,1,3104,v2-ruled-vocabulary-2026-08-07,
Q9C0C4,surface,643,21,663,vocabulary,sliced_ecd,above_local,rental,over_local_ceiling,fp16,64,5,3105,v2-ruled-vocabulary-2026-08-07,
Q6UXB3,surface,80,23,102,gpi_rule_A,sliced_ecd,local,local,,int8,64,2,3106,v2-ruled-vocabulary-2026-08-07,
A6NFA1,surface,466,20,485,gpi_rule_A,sliced_ecd,untested_band,rental,unmeasured_local_ceiling,fp16,64,5,3107,v2-ruled-vocabulary-2026-08-07,
Q96KG7,surface,832,26,857,vocabulary,sliced_ecd,above_local,rental,over_local_ceiling,fp16,64,5,3108,v2-ruled-vocabulary-2026-08-07,
Q8NH87,surface,37,160,196,vocabulary,sliced_ecd,local,local,,int8,64,1,3109,v2-ruled-vocabulary-2026-08-07,
Q9UBG0,surface,1384,31,1414,vocabulary,sliced_ecd,above_local,rental,over_local_ceiling,fp16,64,5,3110,v2-ruled-vocabulary-2026-08-07,
P21926,surface,84,112,195,vocabulary,sliced_ecd,local,local,,int8,64,2,3111,v2-ruled-vocabulary-2026-08-07,
Q8NGZ5,surface,37,162,198,vocabulary,sliced_ecd,local,local,,int8,64,1,3112,v2-ruled-vocabulary-2026-08-07,
Q5TZ20,surface,37,159,195,vocabulary,sliced_ecd,local,local,,int8,64,1,3113,v2-ruled-vocabulary-2026-08-07,
Q9Y5E5,surface,662,28,689,vocabulary,sliced_ecd,above_local,rental,over_local_ceiling,fp16,64,5,3114,v2-ruled-vocabulary-2026-08-07,
Q6YHK3,surface,1398,22,1419,gpi_rule_A,sliced_ecd,above_local,rental,over_local_ceiling,fp16,64,5,3115,v2-ruled-vocabulary-2026-08-07,
Q8WZ94,surface,36,161,196,vocabulary,sliced_ecd,local,local,,int8,64,1,3116,v2-ruled-vocabulary-2026-08-07,
Q9NYJ7,surface,466,27,492,vocabulary,sliced_ecd,untested_band,rental,unmeasured_local_ceiling,fp16,64,5,3117,v2-ruled-vocabulary-2026-08-07,
P42262,surface,519,25,543,vocabulary,sliced_ecd,untested_band,rental,unmeasured_local_ceiling,fp16,64,5,3118,v2-ruled-vocabulary-2026-08-07,
Q5JXA9,surface,255,33,287,vocabulary,sliced_ecd,local,local,,int8,64,3,3119,v2-ruled-vocabulary-2026-08-07,
Q9Y5L3,non_surface,434,29,462,vocabulary,sliced_ecd,local,local,,int8,64,4,3120,v2-ruled-vocabulary-2026-08-07,
P43629,surface,319,22,340,vocabulary,sliced_ecd,local,local,,int8,64,4,3121,v2-ruled-vocabulary-2026-08-07,
P09603,surface,464,33,496,vocabulary,sliced_ecd,untested_band,rental,unmeasured_local_ceiling,fp16,64,5,3122,v2-ruled-vocabulary-2026-08-07,
A8MPY1,surface,242,25,266,vocabulary,sliced_ecd,local,local,,int8,64,3,3123,v2-ruled-vocabulary-2026-08-07,
Q96P65,surface,46,1,46,vocabulary,sliced_ecd,local,local,,int8,64,1,3124,v2-ruled-vocabulary-2026-08-07,
P12318,surface,184,34,217,vocabulary,sliced_ecd,local,local,,int8,64,3,3125,v2-ruled-vocabulary-2026-08-07,
A0AVI4,non_surface,17,78,94,vocabulary,sliced_ecd,local,local,,int8,64,1,3126,v2-ruled-vocabulary-2026-08-07,
Q8NCS7,surface,183,60,242,vocabulary,sliced_ecd,local,local,,int8,64,3,3127,v2-ruled-vocabulary-2026-08-07,
O95136,surface,34,1,34,vocabulary,sliced_ecd,local,local,,int8,64,1,3128,v2-ruled-vocabulary-2026-08-07,
P15291,non_surface,354,45,398,vocabulary,sliced_ecd,local,local,,int8,64,4,3129,v2-ruled-vocabulary-2026-08-07,
Q8NHS3,surface,54,359,412,vocabulary,sliced_ecd,local,local,,int8,64,2,3130,v2-ruled-vocabulary-2026-08-07,
Q9HBJ8,surface,127,15,141,vocabulary,sliced_ecd,local,local,,int8,64,2,3131,v2-ruled-vocabulary-2026-08-07,
Q96N66,non_surface,165,262,426,vocabulary,sliced_ecd,local,local,,int8,64,3,3132,v2-ruled-vocabulary-2026-08-07,
Q6PRD1,surface,356,26,381,vocabulary,sliced_ecd,local,local,,int8,64,4,3133,v2-ruled-vocabulary-2026-08-07,
Q24JP5,surface,817,36,852,vocabulary,sliced_ecd,above_local,rental,over_local_ceiling,fp16,64,5,3134,v2-ruled-vocabulary-2026-08-07,
P48146,surface,45,1,45,vocabulary,sliced_ecd,local,local,,int8,64,1,3135,v2-ruled-vocabulary-2026-08-07,
Q9UM73,surface,1020,19,1038,vocabulary,sliced_ecd,above_local,rental,over_local_ceiling,fp16,64,5,3136,v2-ruled-vocabulary-2026-08-07,
Q5VX71,surface,278,42,319,vocabulary,sliced_ecd,local,local,,int8,64,3,3137,v2-ruled-vocabulary-2026-08-07,
P08575,surface,552,26,577,vocabulary,sliced_ecd,untested_band,rental,unmeasured_local_ceiling,fp16,64,5,3138,v2-ruled-vocabulary-2026-08-07,
Q8IW00,surface,157,24,180,vocabulary,sliced_ecd,local,local,,int8,64,3,3139,v2-ruled-vocabulary-2026-08-07,
P20702,surface,1088,20,1107,vocabulary,sliced_ecd,above_local,rental,over_local_ceiling,fp16,64,5,3140,v2-ruled-vocabulary-2026-08-07,
A8MWY0,surface,882,48,929,vocabulary,sliced_ecd,above_local,rental,over_local_ceiling,fp16,64,5,3141,v2-ruled-vocabulary-2026-08-07,
P23515,surface,392,25,416,gpi_rule_A,sliced_ecd,local,local,,int8,64,4,3142,v2-ruled-vocabulary-2026-08-07,
P57773,non_surface,37,41,77,vocabulary,sliced_ecd,local,local,,int8,64,1,3143,v2-ruled-vocabulary-2026-08-07,
P19438,surface,182,30,211,vocabulary,sliced_ecd,local,local,,int8,64,3,3144,v2-ruled-vocabulary-2026-08-07,
Q9UK23,surface,399,50,448,vocabulary,sliced_ecd,local,local,,int8,64,4,3145,v2-ruled-vocabulary-2026-08-07,
O00270,surface,28,153,180,vocabulary,sliced_ecd,local,local,,int8,64,1,3146,v2-ruled-vocabulary-2026-08-07,
Q16558,surface,118,40,157,vocabulary,sliced_ecd,local,local,,int8,64,2,3147,v2-ruled-vocabulary-2026-08-07,
P52797,surface,191,23,213,gpi_rule_A,sliced_ecd,local,local,,int8,64,3,3148,v2-ruled-vocabulary-2026-08-07,
Q92629,surface,233,57,289,vocabulary,sliced_ecd,local,local,,int8,64,3,3149,v2-ruled-vocabulary-2026-08-07,
Q86SU0,surface,144,24,167,vocabulary,sliced_ecd,local,local,,int8,64,2,3150,v2-ruled-vocabulary-2026-08-07,
Q12860,surface,972,21,992,gpi_rule_A,sliced_ecd,above_local,rental,over_local_ceiling,fp16,64,5,3151,v2-ruled-vocabulary-2026-08-07,
Q96F15,non_surface,2,306,307,vocabulary,sliced_ecd,local,local,,int8,64,1,3152,v2-ruled-vocabulary-2026-08-07,
Q9HCU5,non_surface,8,410,417,vocabulary,sliced_ecd,local,local,,int8,64,1,3153,v2-ruled-vocabulary-2026-08-07,
A6BM72,surface,829,20,848,vocabulary,sliced_ecd,above_local,rental,over_local_ceiling,fp16,64,5,3154,v2-ruled-vocabulary-2026-08-07,
Q9UBL9,surface,274,64,337,vocabulary,sliced_ecd,local,local,,int8,64,3,3155,v2-ruled-vocabulary-2026-08-07,
Q8NEW0,non_surface,17,124,140,vocabulary,sliced_ecd,local,local,,int8,64,1,3156,v2-ruled-vocabulary-2026-08-07,
Q8IUW5,surface,34,24,57,vocabulary,sliced_ecd,local,local,,int8,64,1,3157,v2-ruled-vocabulary-2026-08-07,
A6NMD0,non_surface,154,1,154,vocabulary,sliced_ecd,local,local,,int8,64,3,3158,v2-ruled-vocabulary-2026-08-07,
Q6IEU7,surface,36,161,196,vocabulary,sliced_ecd,local,local,,int8,64,1,3159,v2-ruled-vocabulary-2026-08-07,
Q9Y227,non_surface,505,55,559,vocabulary,sliced_ecd,untested_band,rental,unmeasured_local_ceiling,fp16,64,5,3160,v2-ruled-vocabulary-2026-08-07,
P49190,surface,119,27,145,vocabulary,sliced_ecd,local,local,,int8,64,2,3161,v2-ruled-vocabulary-2026-08-07,
O95007,surface,36,161,196,vocabulary,sliced_ecd,local,local,,int8,64,1,3162,v2-ruled-vocabulary-2026-08-07,
Q9Y5F9,surface,661,31,691,vocabulary,sliced_ecd,above_local,rental,over_local_ceiling,fp16,64,5,3163,v2-ruled-vocabulary-2026-08-07,
Q5T1S8,surface,30,1,30,vocabulary,sliced_ecd,local,local,,int8,64,1,3164,v2-ruled-vocabulary-2026-08-07,
A6NMS3,surface,45,161,205,vocabulary,sliced_ecd,local,local,,int8,64,1,3165,v2-ruled-vocabulary-2026-08-07,
Q6P5W5,surface,305,23,327,vocabulary,sliced_ecd,local,local,,int8,64,4,3166,v2-ruled-vocabulary-2026-08-07,
Q8NGG0,surface,37,161,197,vocabulary,sliced_ecd,local,local,,int8,64,1,3167,v2-ruled-vocabulary-2026-08-07,
Q8NGA0,surface,42,155,196,vocabulary,sliced_ecd,local,local,,int8,64,1,3168,v2-ruled-vocabulary-2026-08-07,
Q9BUV8,non_surface,10,128,137,vocabulary,sliced_ecd,local,local,,int8,64,1,3169,v2-ruled-vocabulary-2026-08-07,
Q8NGN3,surface,37,160,196,vocabulary,sliced_ecd,local,local,,int8,64,1,3170,v2-ruled-vocabulary-2026-08-07,
O75976,surface,1268,32,1299,vocabulary,sliced_ecd,above_local,rental,over_local_ceiling,fp16,64,5,3171,v2-ruled-vocabulary-2026-08-07,
P13224,surface,121,27,147,vocabulary,sliced_ecd,local,local,,int8,64,2,3172,v2-ruled-vocabulary-2026-08-07,
Q9BSJ8,non_surface,3,60,62,vocabulary,sliced_ecd,local,local,,int8,64,1,3173,v2-ruled-vocabulary-2026-08-07,
Q8TDB8,surface,38,51,88,vocabulary,sliced_ecd,local,local,,int8,64,1,3174,v2-ruled-vocabulary-2026-08-07,
Q9H342,surface,31,1,31,vocabulary,sliced_ecd,local,local,,int8,64,1,3175,v2-ruled-vocabulary-2026-08-07,
P08195,surface,425,105,529,vocabulary,sliced_ecd,local,local,,int8,64,4,3176,v2-ruled-vocabulary-2026-08-07,
Q9UPZ6,surface,1560,48,1607,vocabulary,sliced_ecd,above_local,rental,over_local_ceiling,fp16,64,5,3177,v2-ruled-vocabulary-2026-08-07,
O94910,surface,834,25,858,vocabulary,sliced_ecd,above_local,rental,over_local_ceiling,fp16,64,5,3178,v2-ruled-vocabulary-2026-08-07,
P50895,surface,516,32,547,vocabulary,sliced_ecd,untested_band,rental,unmeasured_local_ceiling,fp16,64,5,3179,v2-ruled-vocabulary-2026-08-07,
Q12772,non_surface,33,501,533,vocabulary,sliced_ecd,local,local,,int8,64,1,3180,v2-ruled-vocabulary-2026-08-07,
Q14CZ8,surface,207,34,240,vocabulary,sliced_ecd,local,local,,int8,64,3,3181,v2-ruled-vocabulary-2026-08-07,
P28335,surface,24,190,213,vocabulary,sliced_ecd,local,local,,int8,64,1,3182,v2-ruled-vocabulary-2026-08-07,
Q07954,surface,4400,20,4419,vocabulary,sliced_ecd,above_local,rental,over_local_ceiling,fp16,64,5,3183,v2-ruled-vocabulary-2026-08-07,
A6NKX4,non_surface,84,45,128,vocabulary,sliced_ecd,local,local,,int8,64,2,3184,v2-ruled-vocabulary-2026-08-07,
Q7Z403,non_surface,209,1,209,vocabulary,sliced_ecd,local,local,,int8,64,3,3185,v2-ruled-vocabulary-2026-08-07,
A6H8M9,surface,670,17,686,vocabulary,sliced_ecd,above_local,rental,over_local_ceiling,fp16,64,5,3186,v2-ruled-vocabulary-2026-08-07,
O76036,surface,237,22,258,vocabulary,sliced_ecd,local,local,,int8,64,3,3187,v2-ruled-vocabulary-2026-08-07,
Q9UKJ1,surface,178,20,197,vocabulary,sliced_ecd,local,local,,int8,64,3,3188,v2-ruled-vocabulary-2026-08-07,
P07911,surface,589,25,613,gpi_rule_A,sliced_ecd,untested_band,rental,unmeasured_local_ceiling,fp16,64,5,3189,v2-ruled-vocabulary-2026-08-07,
Q92838,surface,329,63,391,vocabulary,sliced_ecd,local,local,,int8,64,4,3190,v2-ruled-vocabulary-2026-08-07,
P51805,surface,1201,20,1220,vocabulary,sliced_ecd,above_local,rental,over_local_ceiling,fp16,64,5,3191,v2-ruled-vocabulary-2026-08-07,
P23942,surface,141,124,264,vocabulary,sliced_ecd,local,local,,int8,64,2,3192,v2-ruled-vocabulary-2026-08-07,
Q9Y6M7,surface,608,1,608,vocabulary,sliced_ecd,untested_band,rental,unmeasured_local_ceiling,fp16,64,5,3193,v2-ruled-vocabulary-2026-08-07,
Q9NRQ2,non_surface,9,321,329,vocabulary,sliced_ecd,local,local,,int8,64,1,3194,v2-ruled-vocabulary-2026-08-07,
P19634,surface,98,1,98,vocabulary,sliced_ecd,local,local,,int8,64,2,3195,v2-ruled-vocabulary-2026-08-07,
Q8IXK2,non_surface,544,38,581,vocabulary,sliced_ecd,untested_band,rental,unmeasured_local_ceiling,fp16,64,5,3196,v2-ruled-vocabulary-2026-08-07,
Q9C0J1,non_surface,329,50,378,vocabulary,sliced_ecd,local,local,,int8,64,4,3197,v2-ruled-vocabulary-2026-08-07,
Q674R7,non_surface,48,229,276,vocabulary,sliced_ecd,local,local,,int8,64,1,3198,v2-ruled-vocabulary-2026-08-07,
Q9BZD7,non_surface,59,20,78,vocabulary,sliced_ecd,local,local,,int8,64,2,3199,v2-ruled-vocabulary-2026-08-07,
Q96L42,non_surface,41,379,419,vocabulary,sliced_ecd,local,local,,int8,64,1,3200,v2-ruled-vocabulary-2026-08-07,
Q9Y5G2,surface,661,31,691,vocabulary,sliced_ecd,above_local,rental,over_local_ceiling,fp16,64,5,3201,v2-ruled-vocabulary-2026-08-07,
P48066,surface,74,152,225,vocabulary,sliced_ecd,local,local,,int8,64,2,3202,v2-ruled-vocabulary-2026-08-07,
Q96QE2,surface,94,415,508,vocabulary,sliced_ecd,local,local,,int8,64,2,3203,v2-ruled-vocabulary-2026-08-07,
P42263,surface,524,29,552,vocabulary,sliced_ecd,untested_band,rental,unmeasured_local_ceiling,fp16,64,5,3204,v2-ruled-vocabulary-2026-08-07,
Q04609,surface,707,44,750,vocabulary,sliced_ecd,above_local,rental,over_local_ceiling,fp16,64,5,3205,v2-ruled-vocabulary-2026-08-07,
O00398,surface,39,1,39,vocabulary,sliced_ecd,local,local,,int8,64,1,3206,v2-ruled-vocabulary-2026-08-07,
Q8NFZ6,surface,56,115,170,vocabulary,sliced_ecd,local,local,,int8,64,2,3207,v2-ruled-vocabulary-2026-08-07,
Q01973,surface,377,30,406,vocabulary,sliced_ecd,local,local,,int8,64,4,3208,v2-ruled-vocabulary-2026-08-07,
P52803,surface,182,21,202,gpi_rule_A,sliced_ecd,local,local,,int8,64,3,3209,v2-ruled-vocabulary-2026-08-07,
Q9BXU9,non_surface,6,256,261,vocabulary,sliced_ecd,local,local,,int8,64,1,3210,v2-ruled-vocabulary-2026-08-07,
Q2Y0W8,surface,478,1,478,vocabulary,sliced_ecd,untested_band,rental,unmeasured_local_ceiling,fp16,64,5,3211,v2-ruled-vocabulary-2026-08-07,
Q86SQ6,surface,20,156,175,vocabulary,sliced_ecd,local,local,,int8,64,1,3212,v2-ruled-vocabulary-2026-08-07,
Q496F6,surface,156,18,173,vocabulary,sliced_ecd,local,local,,int8,64,3,3213,v2-ruled-vocabulary-2026-08-07,
Q15077,surface,29,166,194,vocabulary,sliced_ecd,local,local,,int8,64,1,3214,v2-ruled-vocabulary-2026-08-07,
O43808,non_surface,57,224,280,vocabulary,sliced_ecd,local,local,,int8,64,2,3215,v2-ruled-vocabulary-2026-08-07,
P05538,surface,197,33,229,vocabulary,sliced_ecd,local,local,,int8,64,3,3216,v2-ruled-vocabulary-2026-08-07,
Q7Z553,surface,905,26,930,gpi_rule_A,sliced_ecd,above_local,rental,over_local_ceiling,fp16,64,5,3217,v2-ruled-vocabulary-2026-08-07,
Q9NQ25,surface,204,23,226,vocabulary,sliced_ecd,local,local,,int8,64,3,3218,v2-ruled-vocabulary-2026-08-07,
Q5FWE3,surface,447,28,474,vocabulary,sliced_ecd,untested_band,rental,unmeasured_local_ceiling,fp16,64,5,3219,v2-ruled-vocabulary-2026-08-07,
Q9P2B2,surface,807,26,832,vocabulary,sliced_ecd,above_local,rental,over_local_ceiling,fp16,64,5,3220,v2-ruled-vocabulary-2026-08-07,
Q14703,non_surface,812,187,998,vocabulary,sliced_ecd,above_local,rental,over_local_ceiling,fp16,64,5,3221,v2-ruled-vocabulary-2026-08-07,
Q5HYA8,surface,483,37,519,vocabulary,sliced_ecd,untested_band,rental,unmeasured_local_ceiling,fp16,64,5,3222,v2-ruled-vocabulary-2026-08-07,
P37288,surface,52,1,52,vocabulary,sliced_ecd,local,local,,int8,64,2,3223,v2-ruled-vocabulary-2026-08-07,
Q9NR34,non_surface,587,44,630,vocabulary,sliced_ecd,untested_band,rental,unmeasured_local_ceiling,fp16,64,5,3224,v2-ruled-vocabulary-2026-08-07,
Q6UVM3,non_surface,17,85,101,vocabulary,sliced_ecd,local,local,,int8,64,1,3225,v2-ruled-vocabulary-2026-08-07,
Q8TDS4,surface,33,1,33,vocabulary,sliced_ecd,local,local,,int8,64,1,3226,v2-ruled-vocabulary-2026-08-07,
P49447,non_surface,19,180,198,vocabulary,sliced_ecd,local,local,,int8,64,1,3227,v2-ruled-vocabulary-2026-08-07,
Q0VAQ4,non_surface,36,1,36,vocabulary,sliced_ecd,local,local,,int8,64,1,3228,v2-ruled-vocabulary-2026-08-07,
Q9P2J2,surface,714,21,734,vocabulary,sliced_ecd,above_local,rental,over_local_ceiling,fp16,64,5,3229,v2-ruled-vocabulary-2026-08-07,
P48023,surface,179,103,281,vocabulary,sliced_ecd,local,local,,int8,64,3,3230,v2-ruled-vocabulary-2026-08-07,
Q08174,surface,795,58,852,vocabulary,sliced_ecd,above_local,rental,over_local_ceiling,fp16,64,5,3231,v2-ruled-vocabulary-2026-08-07,
Q8NH02,surface,37,163,199,vocabulary,sliced_ecd,local,local,,int8,64,1,3232,v2-ruled-vocabulary-2026-08-07,
P52961,surface,272,23,294,gpi_rule_A,sliced_ecd,local,local,,int8,64,3,3233,v2-ruled-vocabulary-2026-08-07,
P32942,surface,456,30,485,vocabulary,sliced_ecd,untested_band,rental,unmeasured_local_ceiling,fp16,64,5,3234,v2-ruled-vocabulary-2026-08-07,
Q86TM6,non_surface,34,191,224,vocabulary,sliced_ecd,local,local,,int8,64,1,3235,v2-ruled-vocabulary-2026-08-07,
Q9UI33,surface,75,270,344,vocabulary,sliced_ecd,local,local,,int8,64,2,3236,v2-ruled-vocabulary-2026-08-07,
Q8TE23,surface,547,20,566,vocabulary,sliced_ecd,untested_band,rental,unmeasured_local_ceiling,fp16,64,5,3237,v2-ruled-vocabulary-2026-08-07,
A0AVI2,non_surface,75,1983,2057,vocabulary,sliced_ecd,local,local,,int8,64,2,3238,v2-ruled-vocabulary-2026-08-07,
O15552,surface,26,148,173,vocabulary,sliced_ecd,local,local,,int8,64,1,3239,v2-ruled-vocabulary-2026-08-07,
Q8NGE5,surface,37,161,197,vocabulary,sliced_ecd,local,local,,int8,64,1,3240,v2-ruled-vocabulary-2026-08-07,
Q9P1Z3,non_surface,23,275,297,vocabulary,sliced_ecd,local,local,,int8,64,1,3241,v2-ruled-vocabulary-2026-08-07,
Q969W0,non_surface,5,30,34,vocabulary,sliced_ecd,local,local,,int8,64,1,3242,v2-ruled-vocabulary-2026-08-07,
Q96PD7,non_surface,4,89,92,vocabulary,sliced_ecd,local,local,,int8,64,1,3243,v2-ruled-vocabulary-2026-08-07,
P36896,surface,103,24,126,vocabulary,sliced_ecd,local,local,,int8,64,2,3244,v2-ruled-vocabulary-2026-08-07,
Q6UXC1,surface,1129,23,1151,vocabulary,sliced_ecd,above_local,rental,over_local_ceiling,fp16,64,5,3245,v2-ruled-vocabulary-2026-08-07,
O60412,surface,37,161,197,vocabulary,sliced_ecd,local,local,,int8,64,1,3246,v2-ruled-vocabulary-2026-08-07,
Q13255,surface,574,19,592,vocabulary,sliced_ecd,untested_band,rental,unmeasured_local_ceiling,fp16,64,5,3247,v2-ruled-vocabulary-2026-08-07,
Q86W10,non_surface,475,31,505,vocabulary,sliced_ecd,untested_band,rental,unmeasured_local_ceiling,fp16,64,5,3248,v2-ruled-vocabulary-2026-08-07,
Q8NGQ1,surface,43,1,43,vocabulary,sliced_ecd,local,local,,int8,64,1,3249,v2-ruled-vocabulary-2026-08-07,
Q96P88,surface,28,1,28,vocabulary,sliced_ecd,local,local,,int8,64,1,3250,v2-ruled-vocabulary-2026-08-07,
P22459,non_surface,44,327,370,vocabulary,sliced_ecd,local,local,,int8,64,1,3251,v2-ruled-vocabulary-2026-08-07,
Q9Y342,non_surface,21,121,141,vocabulary,sliced_ecd,local,local,,int8,64,1,3252,v2-ruled-vocabulary-2026-08-07,
Q8TDV2,surface,51,1,51,vocabulary,sliced_ecd,local,local,,int8,64,2,3253,v2-ruled-vocabulary-2026-08-07,
Q5VSG8,non_surface,428,30,457,vocabulary,sliced_ecd,local,local,,int8,64,4,3254,v2-ruled-vocabulary-2026-08-07,
P46059,surface,202,383,584,vocabulary,sliced_ecd,local,local,,int8,64,3,3255,v2-ruled-vocabulary-2026-08-07,
Q8TDS5,surface,58,1,58,vocabulary,sliced_ecd,local,local,,int8,64,2,3256,v2-ruled-vocabulary-2026-08-07,
P35070,surface,87,32,118,vocabulary,sliced_ecd,local,local,,int8,64,2,3257,v2-ruled-vocabulary-2026-08-07,
P57739,surface,53,29,81,vocabulary,sliced_ecd,local,local,,int8,64,2,3258,v2-ruled-vocabulary-2026-08-07,
Q8TD84,surface,1573,19,1591,vocabulary,sliced_ecd,above_local,rental,over_local_ceiling,fp16,64,5,3259,v2-ruled-vocabulary-2026-08-07,
P30968,surface,38,1,38,vocabulary,sliced_ecd,local,local,,int8,64,1,3260,v2-ruled-vocabulary-2026-08-07,
Q8NGJ8,surface,35,169,203,vocabulary,sliced_ecd,local,local,,int8,64,1,3261,v2-ruled-vocabulary-2026-08-07,
Q5GH76,non_surface,10,478,487,vocabulary,sliced_ecd,local,local,,int8,64,1,3262,v2-ruled-vocabulary-2026-08-07,
P04843,surface,415,24,438,vocabulary,sliced_ecd,local,local,,int8,64,4,3263,v2-ruled-vocabulary-2026-08-07,
P13765,surface,198,27,224,vocabulary,sliced_ecd,local,local,,int8,64,3,3264,v2-ruled-vocabulary-2026-08-07,
Q76EJ3,non_surface,15,223,237,vocabulary,sliced_ecd,local,local,,int8,64,1,3265,v2-ruled-vocabulary-2026-08-07,
E9PQX1,non_surface,13,39,51,vocabulary,sliced_ecd,local,local,,int8,64,1,3266,v2-ruled-vocabulary-2026-08-07,
Q99705,surface,44,1,44,vocabulary,sliced_ecd,local,local,,int8,64,1,3267,v2-ruled-vocabulary-2026-08-07,
P35367,surface,29,1,29,vocabulary,sliced_ecd,local,local,,int8,64,1,3268,v2-ruled-vocabulary-2026-08-07,
Q9UN88,surface,247,22,268,vocabulary,sliced_ecd,local,local,,int8,64,3,3269,v2-ruled-vocabulary-2026-08-07,
Q9BZM6,surface,190,26,215,gpi_rule_A,sliced_ecd,local,local,,int8,64,3,3270,v2-ruled-vocabulary-2026-08-07,
Q9UGM1,surface,216,23,238,vocabulary,sliced_ecd,local,local,,int8,64,3,3271,v2-ruled-vocabulary-2026-08-07,
Q86SS6,non_surface,52,1,52,vocabulary,sliced_ecd,local,local,,int8,64,2,3272,v2-ruled-vocabulary-2026-08-07,
P15421,non_surface,33,20,52,vocabulary,sliced_ecd,local,local,,int8,64,1,3273,v2-ruled-vocabulary-2026-08-07,
Q9UNQ0,surface,74,557,630,vocabulary,sliced_ecd,local,local,,int8,64,2,3274,v2-ruled-vocabulary-2026-08-07,
Q969X5,non_surface,207,48,254,vocabulary,sliced_ecd,local,local,,int8,64,3,3275,v2-ruled-vocabulary-2026-08-07,
P35462,surface,32,1,32,vocabulary,sliced_ecd,local,local,,int8,64,1,3276,v2-ruled-vocabulary-2026-08-07,
P27930,surface,330,14,343,vocabulary,sliced_ecd,local,local,,int8,64,4,3277,v2-ruled-vocabulary-2026-08-07,
Q9H3Q3,non_surface,367,32,398,vocabulary,sliced_ecd,local,local,,int8,64,4,3278,v2-ruled-vocabulary-2026-08-07,
Q86UW1,surface,48,1,48,vocabulary,sliced_ecd,local,local,,int8,64,1,3279,v2-ruled-vocabulary-2026-08-07,
P98153,surface,329,21,349,vocabulary,sliced_ecd,local,local,,int8,64,4,3280,v2-ruled-vocabulary-2026-08-07,
Q9H8P0,non_surface,46,35,80,vocabulary,sliced_ecd,local,local,,int8,64,1,3281,v2-ruled-vocabulary-2026-08-07,
P01906,surface,194,24,217,vocabulary,sliced_ecd,local,local,,int8,64,3,3282,v2-ruled-vocabulary-2026-08-07,
P14416,surface,37,1,37,vocabulary,sliced_ecd,local,local,,int8,64,1,3283,v2-ruled-vocabulary-2026-08-07,
Q8NGE0,surface,37,162,198,vocabulary,sliced_ecd,local,local,,int8,64,1,3284,v2-ruled-vocabulary-2026-08-07,
Q8NCH0,non_surface,316,61,376,vocabulary,sliced_ecd,local,local,,int8,64,4,3285,v2-ruled-vocabulary-2026-08-07,
P48551,surface,217,27,243,vocabulary,sliced_ecd,local,local,,int8,64,3,3286,v2-ruled-vocabulary-2026-08-07,
Q8NGH6,surface,43,1,43,vocabulary,sliced_ecd,local,local,,int8,64,1,3287,v2-ruled-vocabulary-2026-08-07,
Q9HBW0,surface,30,1,30,vocabulary,sliced_ecd,local,local,,int8,64,1,3288,v2-ruled-vocabulary-2026-08-07,
Q02643,surface,108,23,130,vocabulary,sliced_ecd,local,local,,int8,64,2,3289,v2-ruled-vocabulary-2026-08-07,
Q9Y6A9,non_surface,1,115,115,vocabulary,sliced_ecd,local,local,,int8,64,1,3290,v2-ruled-vocabulary-2026-08-07,
P16435,non_surface,20,2,21,vocabulary,sliced_ecd,local,local,,int8,64,1,3291,v2-ruled-vocabulary-2026-08-07,
P49279,surface,42,308,349,vocabulary,sliced_ecd,local,local,,int8,64,1,3292,v2-ruled-vocabulary-2026-08-07,
O00533,surface,1058,25,1082,vocabulary,sliced_ecd,above_local,rental,over_local_ceiling,fp16,64,5,3293,v2-ruled-vocabulary-2026-08-07,
P28221,surface,38,1,38,vocabulary,sliced_ecd,local,local,,int8,64,1,3294,v2-ruled-vocabulary-2026-08-07,
Q15858,surface,79,268,346,vocabulary,sliced_ecd,local,local,,int8,64,2,3295,v2-ruled-vocabulary-2026-08-07,
Q9H228,surface,40,1,40,vocabulary,sliced_ecd,local,local,,int8,64,1,3296,v2-ruled-vocabulary-2026-08-07,
O15118,surface,249,372,620,vocabulary,sliced_ecd,local,local,,int8,64,3,3297,v2-ruled-vocabulary-2026-08-07,
Q8NGH8,surface,36,164,199,vocabulary,sliced_ecd,local,local,,int8,64,1,3298,v2-ruled-vocabulary-2026-08-07,
Q96RD7,surface,45,62,106,vocabulary,sliced_ecd,local,local,,int8,64,1,3299,v2-ruled-vocabulary-2026-08-07,
Q9UBX8,non_surface,347,36,382,vocabulary,sliced_ecd,local,local,,int8,64,4,3300,v2-ruled-vocabulary-2026-08-07,
Q7Z7M0,surface,2620,28,2647,vocabulary,sliced_ecd,above_local,rental,over_local_ceiling,fp16,64,5,3301,v2-ruled-vocabulary-2026-08-07,
Q6PEY0,surface,35,41,75,vocabulary,sliced_ecd,local,local,,int8,64,1,3302,v2-ruled-vocabulary-2026-08-07,
Q9Y5H9,surface,675,23,697,vocabulary,sliced_ecd,above_local,rental,over_local_ceiling,fp16,64,5,3303,v2-ruled-vocabulary-2026-08-07,
Q99678,surface,48,1,48,vocabulary,sliced_ecd,local,local,,int8,64,1,3304,v2-ruled-vocabulary-2026-08-07,
O75487,surface,510,19,528,gpi_rule_A,sliced_ecd,untested_band,rental,unmeasured_local_ceiling,fp16,64,5,3305,v2-ruled-vocabulary-2026-08-07,
Q9BZV3,surface,1077,23,1099,vocabulary,sliced_ecd,above_local,rental,over_local_ceiling,fp16,64,5,3306,v2-ruled-vocabulary-2026-08-07,
Q8N0Y3,surface,37,159,195,vocabulary,sliced_ecd,local,local,,int8,64,1,3307,v2-ruled-vocabulary-2026-08-07,
O43909,non_surface,868,52,919,vocabulary,sliced_ecd,above_local,rental,over_local_ceiling,fp16,64,5,3308,v2-ruled-vocabulary-2026-08-07,
P98172,surface,210,28,237,vocabulary,sliced_ecd,local,local,,int8,64,3,3309,v2-ruled-vocabulary-2026-08-07,
Q13324,surface,113,1,113,vocabulary,sliced_ecd,local,local,,int8,64,2,3310,v2-ruled-vocabulary-2026-08-07,
Q68D85,surface,238,25,262,vocabulary,sliced_ecd,local,local,,int8,64,3,3311,v2-ruled-vocabulary-2026-08-07,
Q5T848,surface,394,24,417,vocabulary,sliced_ecd,local,local,,int8,64,4,3312,v2-ruled-vocabulary-2026-08-07,
Q9UEF7,surface,948,34,981,vocabulary,sliced_ecd,above_local,rental,over_local_ceiling,fp16,64,5,3313,v2-ruled-vocabulary-2026-08-07,
O75900,non_surface,350,41,390,vocabulary,sliced_ecd,local,local,,int8,64,4,3314,v2-ruled-vocabulary-2026-08-07,
Q8IW70,non_surface,26,86,111,vocabulary,sliced_ecd,local,local,,int8,64,1,3315,v2-ruled-vocabulary-2026-08-07,
Q5SNT2,non_surface,63,235,297,vocabulary,sliced_ecd,local,local,,int8,64,2,3316,v2-ruled-vocabulary-2026-08-07,
Q8NGC4,surface,37,162,198,vocabulary,sliced_ecd,local,local,,int8,64,1,3317,v2-ruled-vocabulary-2026-08-07,
Q16478,surface,530,15,544,vocabulary,sliced_ecd,untested_band,rental,unmeasured_local_ceiling,fp16,64,5,3318,v2-ruled-vocabulary-2026-08-07,
Q6ZTQ4,surface,694,20,713,vocabulary,sliced_ecd,above_local,rental,over_local_ceiling,fp16,64,5,3319,v2-ruled-vocabulary-2026-08-07,
Q5JZY3,surface,532,34,565,vocabulary,sliced_ecd,untested_band,rental,unmeasured_local_ceiling,fp16,64,5,3320,v2-ruled-vocabulary-2026-08-07,
O95342,surface,64,84,147,vocabulary,sliced_ecd,local,local,,int8,64,2,3321,v2-ruled-vocabulary-2026-08-07,
Q9UNA3,non_surface,315,26,340,vocabulary,sliced_ecd,local,local,,int8,64,4,3322,v2-ruled-vocabulary-2026-08-07,
Q8NA29,surface,24,71,94,vocabulary,sliced_ecd,local,local,,int8,64,1,3323,v2-ruled-vocabulary-2026-08-07,
Q5T6X5,surface,576,19,594,vocabulary,sliced_ecd,untested_band,rental,unmeasured_local_ceiling,fp16,64,5,3324,v2-ruled-vocabulary-2026-08-07,
A6NL26,surface,41,159,199,vocabulary,sliced_ecd,local,local,,int8,64,1,3325,v2-ruled-vocabulary-2026-08-07,
Q92935,non_surface,646,31,676,vocabulary,sliced_ecd,above_local,rental,over_local_ceiling,fp16,64,5,3326,v2-ruled-vocabulary-2026-08-07,
Q9UN66,surface,662,30,691,vocabulary,sliced_ecd,above_local,rental,over_local_ceiling,fp16,64,5,3327,v2-ruled-vocabulary-2026-08-07,
P18433,surface,132,20,151,vocabulary,sliced_ecd,local,local,,int8,64,2,3328,v2-ruled-vocabulary-2026-08-07,
Q9BXR5,surface,557,20,576,vocabulary,sliced_ecd,untested_band,rental,unmeasured_local_ceiling,fp16,64,5,3329,v2-ruled-vocabulary-2026-08-07,
Q12770,surface,240,40,279,vocabulary,sliced_ecd,local,local,,int8,64,3,3330,v2-ruled-vocabulary-2026-08-07,
P60059,non_surface,7,62,68,vocabulary,sliced_ecd,local,local,,int8,64,1,3331,v2-ruled-vocabulary-2026-08-07,
Q8IUH8,surface,165,22,186,vocabulary,sliced_ecd,local,local,,int8,64,3,3332,v2-ruled-vocabulary-2026-08-07,
Q5T4F4,surface,1,88,88,vocabulary,sliced_ecd,local,local,,int8,64,1,3333,v2-ruled-vocabulary-2026-08-07,
Q9H5Y7,surface,582,27,608,vocabulary,sliced_ecd,untested_band,rental,unmeasured_local_ceiling,fp16,64,5,3334,v2-ruled-vocabulary-2026-08-07,
A6NDL8,surface,33,165,197,vocabulary,sliced_ecd,local,local,,int8,64,1,3335,v2-ruled-vocabulary-2026-08-07,
P52848,non_surface,843,40,882,vocabulary,sliced_ecd,above_local,rental,over_local_ceiling,fp16,64,5,3336,v2-ruled-vocabulary-2026-08-07,
P57087,surface,210,29,238,vocabulary,sliced_ecd,local,local,,int8,64,3,3337,v2-ruled-vocabulary-2026-08-07,
Q96A11,non_surface,391,41,431,vocabulary,sliced_ecd,local,local,,int8,64,4,3338,v2-ruled-vocabulary-2026-08-07,
Q9UMD9,non_surface,1009,489,1497,vocabulary,sliced_ecd,above_local,rental,over_local_ceiling,fp16,64,5,3339,v2-ruled-vocabulary-2026-08-07,
Q9H3S3,surface,387,71,457,vocabulary,sliced_ecd,local,local,,int8,64,4,3340,v2-ruled-vocabulary-2026-08-07,
P58181,surface,37,161,197,vocabulary,sliced_ecd,local,local,,int8,64,1,3341,v2-ruled-vocabulary-2026-08-07,
Q96EU7,non_surface,292,27,318,vocabulary,sliced_ecd,local,local,,int8,64,3,3342,v2-ruled-vocabulary-2026-08-07,
Q96BA8,non_surface,124,396,519,vocabulary,sliced_ecd,local,local,,int8,64,2,3343,v2-ruled-vocabulary-2026-08-07,
Q99835,surface,202,28,229,vocabulary,sliced_ecd,local,local,,int8,64,3,3344,v2-ruled-vocabulary-2026-08-07,
P43627,surface,224,22,245,vocabulary,sliced_ecd,local,local,,int8,64,3,3345,v2-ruled-vocabulary-2026-08-07,
Q9H9S3,non_surface,47,194,240,vocabulary,sliced_ecd,local,local,,int8,64,1,3346,v2-ruled-vocabulary-2026-08-07,
Q8NGL2,surface,36,161,196,vocabulary,sliced_ecd,local,local,,int8,64,1,3347,v2-ruled-vocabulary-2026-08-07,
Q9ULQ1,surface,35,595,629,vocabulary,sliced_ecd,local,local,,int8,64,1,3348,v2-ruled-vocabulary-2026-08-07,
Q16653,surface,125,30,154,vocabulary,sliced_ecd,local,local,,int8,64,2,3349,v2-ruled-vocabulary-2026-08-07,
Q96R54,surface,36,158,193,vocabulary,sliced_ecd,local,local,,int8,64,1,3350,v2-ruled-vocabulary-2026-08-07,
Q9NSA0,surface,111,32,142,vocabulary,sliced_ecd,local,local,,int8,64,2,3351,v2-ruled-vocabulary-2026-08-07,
Q96PD2,surface,462,67,528,vocabulary,sliced_ecd,untested_band,rental,unmeasured_local_ceiling,fp16,64,5,3352,v2-ruled-vocabulary-2026-08-07,
Q96CW9,surface,489,18,506,gpi_rule_A,sliced_ecd,untested_band,rental,unmeasured_local_ceiling,fp16,64,5,3353,v2-ruled-vocabulary-2026-08-07,
Q9NYW6,surface,37,150,186,vocabulary,sliced_ecd,local,local,,int8,64,1,3354,v2-ruled-vocabulary-2026-08-07,
Q58EX2,surface,1912,21,1932,vocabulary,sliced_ecd,above_local,rental,over_local_ceiling,fp16,64,5,3355,v2-ruled-vocabulary-2026-08-07,
Q53EL9,surface,906,20,925,vocabulary,sliced_ecd,above_local,rental,over_local_ceiling,fp16,64,5,3356,v2-ruled-vocabulary-2026-08-07,
Q9GZN6,surface,92,404,495,vocabulary,sliced_ecd,local,local,,int8,64,2,3357,v2-ruled-vocabulary-2026-08-07,
Q13733,surface,49,875,923,vocabulary,sliced_ecd,local,local,,int8,64,1,3358,v2-ruled-vocabulary-2026-08-07,
Q8N162,surface,37,161,197,vocabulary,sliced_ecd,local,local,,int8,64,1,3359,v2-ruled-vocabulary-2026-08-07,
O75326,surface,603,45,647,gpi_rule_A,sliced_ecd,untested_band,rental,unmeasured_local_ceiling,fp16,64,5,3360,v2-ruled-vocabulary-2026-08-07,
Q9UIJ5,non_surface,17,38,54,vocabulary,sliced_ecd,local,local,,int8,64,1,3361,v2-ruled-vocabulary-2026-08-07,
Q1HG44,non_surface,106,78,183,vocabulary,sliced_ecd,local,local,,int8,64,2,3362,v2-ruled-vocabulary-2026-08-07,
Q86WK9,non_surface,18,259,276,vocabulary,sliced_ecd,local,local,,int8,64,1,3363,v2-ruled-vocabulary-2026-08-07,
O75509,surface,308,42,349,vocabulary,sliced_ecd,local,local,,int8,64,4,3364,v2-ruled-vocabulary-2026-08-07,
Q06495,surface,162,186,347,vocabulary,sliced_ecd,local,local,,int8,64,3,3365,v2-ruled-vocabulary-2026-08-07,
Q8TC26,non_surface,17,239,255,vocabulary,sliced_ecd,local,local,,int8,64,1,3366,v2-ruled-vocabulary-2026-08-07,
Q96PX8,surface,605,18,622,vocabulary,sliced_ecd,untested_band,rental,unmeasured_local_ceiling,fp16,64,5,3367,v2-ruled-vocabulary-2026-08-07,
D3W0D1,surface,156,52,207,vocabulary,sliced_ecd,local,local,,int8,64,3,3368,v2-ruled-vocabulary-2026-08-07,
Q01629,non_surface,5,128,132,vocabulary,sliced_ecd,local,local,,int8,64,1,3369,v2-ruled-vocabulary-2026-08-07,
Q14802,non_surface,18,21,38,vocabulary,sliced_ecd,local,local,,int8,64,1,3370,v2-ruled-vocabulary-2026-08-07,
Q9Y2B1,non_surface,413,31,443,vocabulary,sliced_ecd,local,local,,int8,64,4,3371,v2-ruled-vocabulary-2026-08-07,
Q9NZJ5,non_surface,485,30,514,vocabulary,sliced_ecd,untested_band,rental,unmeasured_local_ceiling,fp16,64,5,3372,v2-ruled-vocabulary-2026-08-07,
Q92185,non_surface,308,49,356,vocabulary,sliced_ecd,local,local,,int8,64,4,3373,v2-ruled-vocabulary-2026-08-07,
O94898,surface,767,41,807,vocabulary,sliced_ecd,above_local,rental,over_local_ceiling,fp16,64,5,3374,v2-ruled-vocabulary-2026-08-07,
Q8IZY2,surface,507,43,549,vocabulary,sliced_ecd,untested_band,rental,unmeasured_local_ceiling,fp16,64,5,3375,v2-ruled-vocabulary-2026-08-07,
P29275,surface,34,145,178,vocabulary,sliced_ecd,local,local,,int8,64,1,3376,v2-ruled-vocabulary-2026-08-07,
Q9NPH5,surface,215,210,424,vocabulary,sliced_ecd,local,local,,int8,64,3,3377,v2-ruled-vocabulary-2026-08-07,
P98164,surface,4398,26,4423,vocabulary,sliced_ecd,above_local,rental,over_local_ceiling,fp16,64,5,3378,v2-ruled-vocabulary-2026-08-07,
Q14831,surface,556,35,590,vocabulary,sliced_ecd,untested_band,rental,unmeasured_local_ceiling,fp16,64,5,3379,v2-ruled-vocabulary-2026-08-07,
Q8NGC5,surface,37,160,196,vocabulary,sliced_ecd,local,local,,int8,64,1,3380,v2-ruled-vocabulary-2026-08-07,
P08069,surface,195,741,935,vocabulary,sliced_ecd,local,local,,int8,64,3,3381,v2-ruled-vocabulary-2026-08-07,
Q92806,non_surface,24,83,106,vocabulary,sliced_ecd,local,local,,int8,64,1,3382,v2-ruled-vocabulary-2026-08-07,
Q9Y271,surface,31,163,193,vocabulary,sliced_ecd,local,local,,int8,64,1,3383,v2-ruled-vocabulary-2026-08-07,
O43826,surface,18,248,265,vocabulary,sliced_ecd,local,local,,int8,64,1,3384,v2-ruled-vocabulary-2026-08-07,
Q9HB89,surface,65,1,65,vocabulary,sliced_ecd,local,local,,int8,64,2,3385,v2-ruled-vocabulary-2026-08-07,
P47211,surface,36,1,36,vocabulary,sliced_ecd,local,local,,int8,64,1,3386,v2-ruled-vocabulary-2026-08-07,
P46098,surface,218,24,241,vocabulary,sliced_ecd,local,local,,int8,64,3,3387,v2-ruled-vocabulary-2026-08-07,
Q96BF3,surface,128,23,150,vocabulary,sliced_ecd,local,local,,int8,64,2,3388,v2-ruled-vocabulary-2026-08-07,
Q9UQV4,surface,354,28,381,vocabulary,sliced_ecd,local,local,,int8,64,4,3389,v2-ruled-vocabulary-2026-08-07,
O00222,surface,550,34,583,vocabulary,sliced_ecd,untested_band,rental,unmeasured_local_ceiling,fp16,64,5,3390,v2-ruled-vocabulary-2026-08-07,
Q6UXV0,surface,333,19,351,vocabulary,sliced_ecd,local,local,,int8,64,4,3391,v2-ruled-vocabulary-2026-08-07,
O75443,surface,2068,23,2090,gpi_rule_A,sliced_ecd,above_local,rental,over_local_ceiling,fp16,64,5,3392,v2-ruled-vocabulary-2026-08-07,
P21709,surface,522,26,547,vocabulary,sliced_ecd,untested_band,rental,unmeasured_local_ceiling,fp16,64,5,3393,v2-ruled-vocabulary-2026-08-07,
Q5JX69,non_surface,33,20,52,vocabulary,sliced_ecd,local,local,,int8,64,1,3394,v2-ruled-vocabulary-2026-08-07,
Q9H2C5,surface,37,163,199,vocabulary,sliced_ecd,local,local,,int8,64,1,3395,v2-ruled-vocabulary-2026-08-07,
Q9Y4D7,surface,1225,47,1271,vocabulary,sliced_ecd,above_local,rental,over_local_ceiling,fp16,64,5,3396,v2-ruled-vocabulary-2026-08-07,
A6NLX4,non_surface,16,32,47,vocabulary,sliced_ecd,local,local,,int8,64,1,3397,v2-ruled-vocabulary-2026-08-07,
Q6UXG8,surface,222,35,256,vocabulary,sliced_ecd,local,local,,int8,64,3,3398,v2-ruled-vocabulary-2026-08-07,
Q8NI32,surface,124,40,163,gpi_rule_A,sliced_ecd,local,local,,int8,64,2,3399,v2-ruled-vocabulary-2026-08-07,
Q9NYW0,surface,37,64,100,vocabulary,sliced_ecd,local,local,,int8,64,1,3400,v2-ruled-vocabulary-2026-08-07,
P49682,surface,53,1,53,vocabulary,sliced_ecd,local,local,,int8,64,2,3401,v2-ruled-vocabulary-2026-08-07,
Q96FT7,surface,349,90,438,vocabulary,sliced_ecd,local,local,,int8,64,4,3402,v2-ruled-vocabulary-2026-08-07,
O75844,non_surface,21,103,123,vocabulary,sliced_ecd,local,local,,int8,64,1,3403,v2-ruled-vocabulary-2026-08-07,
Q15041,non_surface,28,176,203,vocabulary,sliced_ecd,local,local,,int8,64,1,3404,v2-ruled-vocabulary-2026-08-07,
Q96Q80,non_surface,38,120,157,vocabulary,sliced_ecd,local,local,,int8,64,1,3405,v2-ruled-vocabulary-2026-08-07,
Q96FE7,surface,147,22,168,vocabulary,sliced_ecd,local,local,,int8,64,2,3406,v2-ruled-vocabulary-2026-08-07,
A8MYU2,non_surface,24,1,24,vocabulary,sliced_ecd,local,local,,int8,64,1,3407,v2-ruled-vocabulary-2026-08-07,
P18564,surface,688,22,709,vocabulary,sliced_ecd,above_local,rental,over_local_ceiling,fp16,64,5,3408,v2-ruled-vocabulary-2026-08-07,
Q9HCQ5,non_surface,574,30,603,vocabulary,sliced_ecd,untested_band,rental,unmeasured_local_ceiling,fp16,64,5,3409,v2-ruled-vocabulary-2026-08-07,
A6NK97,surface,93,45,137,vocabulary,sliced_ecd,local,local,,int8,64,2,3410,v2-ruled-vocabulary-2026-08-07,
Q8NCW6,non_surface,579,30,608,vocabulary,sliced_ecd,untested_band,rental,unmeasured_local_ceiling,fp16,64,5,3411,v2-ruled-vocabulary-2026-08-07,
Q9NUE0,non_surface,21,257,277,vocabulary,sliced_ecd,local,local,,int8,64,1,3412,v2-ruled-vocabulary-2026-08-07,
Q9NT68,surface,2374,401,2774,vocabulary,sliced_ecd,above_local,rental,over_local_ceiling,fp16,64,5,3413,v2-ruled-vocabulary-2026-08-07,
Q5TAT6,non_surface,656,62,717,vocabulary,sliced_ecd,above_local,rental,over_local_ceiling,fp16,64,5,3414,v2-ruled-vocabulary-2026-08-07,
Q9Y6U7,non_surface,207,44,250,vocabulary,sliced_ecd,local,local,,int8,64,3,3415,v2-ruled-vocabulary-2026-08-07,
Q8N697,surface,32,423,454,vocabulary,sliced_ecd,local,local,,int8,64,1,3416,v2-ruled-vocabulary-2026-08-07,
Q8N5Y8,non_surface,14,309,322,vocabulary,sliced_ecd,local,local,,int8,64,1,3417,v2-ruled-vocabulary-2026-08-07,
Q08722,surface,123,19,141,vocabulary,sliced_ecd,local,local,,int8,64,2,3418,v2-ruled-vocabulary-2026-08-07,
P19235,surface,226,25,250,vocabulary,sliced_ecd,local,local,,int8,64,3,3419,v2-ruled-vocabulary-2026-08-07,
Q96QI5,non_surface,293,50,342,vocabulary,sliced_ecd,local,local,,int8,64,3,3420,v2-ruled-vocabulary-2026-08-07,
Q9BYE9,surface,1134,21,1154,vocabulary,sliced_ecd,above_local,rental,over_local_ceiling,fp16,64,5,3421,v2-ruled-vocabulary-2026-08-07,
P54753,surface,526,34,559,vocabulary,sliced_ecd,untested_band,rental,unmeasured_local_ceiling,fp16,64,5,3422,v2-ruled-vocabulary-2026-08-07,
Q99946,non_surface,31,245,275,vocabulary,sliced_ecd,local,local,,int8,64,1,3423,v2-ruled-vocabulary-2026-08-07,
Q6UXB4,surface,241,53,293,vocabulary,sliced_ecd,local,local,,int8,64,3,3424,v2-ruled-vocabulary-2026-08-07,
Q86T96,non_surface,7,586,592,vocabulary,sliced_ecd,local,local,,int8,64,1,3425,v2-ruled-vocabulary-2026-08-07,
Q96PL2,surface,287,18,304,gpi_rule_A,sliced_ecd,local,local,,int8,64,3,3426,v2-ruled-vocabulary-2026-08-07,
Q8IY95,non_surface,26,68,93,vocabulary,sliced_ecd,local,local,,int8,64,1,3427,v2-ruled-vocabulary-2026-08-07,
P47870,surface,216,26,241,vocabulary,sliced_ecd,local,local,,int8,64,3,3428,v2-ruled-vocabulary-2026-08-07,
O43529,non_surface,329,28,356,vocabulary,sliced_ecd,local,local,,int8,64,4,3429,v2-ruled-vocabulary-2026-08-07,
Q9UKF5,surface,481,194,674,vocabulary,sliced_ecd,untested_band,rental,unmeasured_local_ceiling,fp16,64,5,3430,v2-ruled-vocabulary-2026-08-07,
Q6ZP29,surface,37,1,37,vocabulary,sliced_ecd,local,local,,int8,64,1,3431,v2-ruled-vocabulary-2026-08-07,
Q6UXN8,surface,185,57,241,vocabulary,sliced_ecd,local,local,,int8,64,3,3432,v2-ruled-vocabulary-2026-08-07,
Q9NQN1,surface,37,160,196,vocabulary,sliced_ecd,local,local,,int8,64,1,3433,v2-ruled-vocabulary-2026-08-07,
Q86SJ6,surface,582,50,631,vocabulary,sliced_ecd,untested_band,rental,unmeasured_local_ceiling,fp16,64,5,3434,v2-ruled-vocabulary-2026-08-07,
Q8IWT1,surface,132,31,162,vocabulary,sliced_ecd,local,local,,int8,64,2,3435,v2-ruled-vocabulary-2026-08-07,
P50406,surface,27,1,27,vocabulary,sliced_ecd,local,local,,int8,64,1,3436,v2-ruled-vocabulary-2026-08-07,
Q09013,non_surface,18,612,629,vocabulary,sliced_ecd,local,local,,int8,64,1,3437,v2-ruled-vocabulary-2026-08-07,
Q6EMK4,surface,552,24,575,vocabulary,sliced_ecd,untested_band,rental,unmeasured_local_ceiling,fp16,64,5,3438,v2-ruled-vocabulary-2026-08-07,
P51164,surface,234,58,291,vocabulary,sliced_ecd,local,local,,int8,64,3,3439,v2-ruled-vocabulary-2026-08-07,
Q16853,surface,737,27,763,vocabulary,sliced_ecd,above_local,rental,over_local_ceiling,fp16,64,5,3440,v2-ruled-vocabulary-2026-08-07,
Q99928,surface,239,18,256,vocabulary,sliced_ecd,local,local,,int8,64,3,3441,v2-ruled-vocabulary-2026-08-07,
Q8NGN8,surface,37,157,193,vocabulary,sliced_ecd,local,local,,int8,64,1,3442,v2-ruled-vocabulary-2026-08-07,
Q6NXT4,non_surface,15,120,134,vocabulary,sliced_ecd,local,local,,int8,64,1,3443,v2-ruled-vocabulary-2026-08-07,
Q969W1,non_surface,47,220,266,vocabulary,sliced_ecd,local,local,,int8,64,1,3444,v2-ruled-vocabulary-2026-08-07,
Q8NGD0,surface,37,159,195,vocabulary,sliced_ecd,local,local,,int8,64,1,3445,v2-ruled-vocabulary-2026-08-07,
Q6UWB1,surface,484,33,516,vocabulary,sliced_ecd,untested_band,rental,unmeasured_local_ceiling,fp16,64,5,3446,v2-ruled-vocabulary-2026-08-07,
Q8TDU6,surface,21,1,21,vocabulary,sliced_ecd,local,local,,int8,64,1,3447,v2-ruled-vocabulary-2026-08-07,
Q92859,surface,1072,34,1105,vocabulary,sliced_ecd,above_local,rental,over_local_ceiling,fp16,64,5,3448,v2-ruled-vocabulary-2026-08-07,
B6A8C7,surface,220,17,236,vocabulary,sliced_ecd,local,local,,int8,64,3,3449,v2-ruled-vocabulary-2026-08-07,
Q6UQ28,surface,161,26,186,gpi_rule_A,sliced_ecd,local,local,,int8,64,3,3450,v2-ruled-vocabulary-2026-08-07,
Q02742,non_surface,396,33,428,vocabulary,sliced_ecd,local,local,,int8,64,4,3451,v2-ruled-vocabulary-2026-08-07,
Q8NGB8,surface,37,159,195,vocabulary,sliced_ecd,local,local,,int8,64,1,3452,v2-ruled-vocabulary-2026-08-07,
Q5T7M9,non_surface,380,49,428,vocabulary,sliced_ecd,local,local,,int8,64,4,3453,v2-ruled-vocabulary-2026-08-07,
Q4VC39,non_surface,14,68,81,vocabulary,sliced_ecd,local,local,,int8,64,1,3454,v2-ruled-vocabulary-2026-08-07,
P26992,surface,319,23,341,gpi_rule_A,sliced_ecd,local,local,,int8,64,4,3455,v2-ruled-vocabulary-2026-08-07,
Q12864,surface,765,23,787,vocabulary,sliced_ecd,above_local,rental,over_local_ceiling,fp16,64,5,3456,v2-ruled-vocabulary-2026-08-07,
O95868,surface,84,20,103,gpi_rule_A,sliced_ecd,local,local,,int8,64,2,3457,v2-ruled-vocabulary-2026-08-07,
Q13444,surface,490,207,696,vocabulary,sliced_ecd,untested_band,rental,unmeasured_local_ceiling,fp16,64,5,3458,v2-ruled-vocabulary-2026-08-07,
Q9Y345,surface,102,292,393,vocabulary,sliced_ecd,local,local,,int8,64,2,3459,v2-ruled-vocabulary-2026-08-07,
P53794,surface,98,206,303,vocabulary,sliced_ecd,local,local,,int8,64,2,3460,v2-ruled-vocabulary-2026-08-07,
P09619,surface,500,33,532,vocabulary,sliced_ecd,untested_band,rental,unmeasured_local_ceiling,fp16,64,5,3461,v2-ruled-vocabulary-2026-08-07,
Q03519,non_surface,21,78,98,vocabulary,sliced_ecd,local,local,,int8,64,1,3462,v2-ruled-vocabulary-2026-08-07,
P60508,surface,463,16,478,vocabulary,sliced_ecd,untested_band,rental,unmeasured_local_ceiling,fp16,64,5,3463,v2-ruled-vocabulary-2026-08-07,
P25445,surface,148,26,173,vocabulary,sliced_ecd,local,local,,int8,64,2,3464,v2-ruled-vocabulary-2026-08-07,
Q9NPG1,surface,183,23,205,vocabulary,sliced_ecd,local,local,,int8,64,3,3465,v2-ruled-vocabulary-2026-08-07,
P15328,surface,209,25,233,gpi_rule_A,sliced_ecd,local,local,,int8,64,3,3466,v2-ruled-vocabulary-2026-08-07,
P04920,non_surface,53,848,900,vocabulary,sliced_ecd,local,local,,int8,64,2,3467,v2-ruled-vocabulary-2026-08-07,
