census_accession,census_class,census_identity_status,source_identifiers,span_aa,no_topology_reason,fetch_failed,fetch_error,fetched_on,uniprot_release
P14060,non_surface,active,3BHS1_HUMAN,,no sliceable ECD span in the fetched entry,false,,2026-08-06,2007-01-23
P26439,non_surface,active,3BHS2_HUMAN,,no sliceable ECD span in the fetched entry,false,,2026-08-06,2007-01-23
Q9H2F3,non_surface,active,3BHS7_HUMAN,,no sliceable ECD span in the fetched entry,false,,2026-08-06,2004-05-24
P56378,non_surface,active,68MP_HUMAN,,no sliceable ECD span in the fetched entry,false,,2026-08-06,1998-07-15
Q9NPC4,non_surface,active,A4GAT_HUMAN,,no sliceable ECD span in the fetched entry,false,,2026-08-06,2000-10-01
Q9UNA3,non_surface,active,A4GCT_HUMAN,,no sliceable ECD span in the fetched entry,false,,2026-08-06,2000-05-01
P0DMS9,non_surface,merged,AA3RB_HUMAN,,no sliceable ECD span in the fetched entry,false,,2026-08-06,2015-04-01
P22760,non_surface,active,AAAD_HUMAN,,no sliceable ECD span in the fetched entry,false,,2026-08-06,2011-01-11
Q86V21,non_surface,active,AACS_HUMAN,,no sliceable ECD span in the fetched entry,false,,2026-08-06,2003-06-01
O75027,non_surface,active,ABCB7_HUMAN,,no sliceable ECD span in the fetched entry,false,,2026-08-06,2000-12-01
Q9NUT2,non_surface,active,ABCB8_HUMAN,,no sliceable ECD span in the fetched entry,false,,2026-08-06,2007-04-03
Q9NRK6,non_surface,active,ABCBA_HUMAN,,no sliceable ECD span in the fetched entry,false,,2026-08-06,2007-04-03
Q9NSE7,non_surface,inactive,ABCCD_HUMAN,,not fetched: uniprot_inactive,false,,,
P33897,non_surface,active,ABCD1_HUMAN,,no sliceable ECD span in the fetched entry,false,,2026-08-06,2005-06-07
Q9UBJ2,non_surface,active,ABCD2_HUMAN,,no sliceable ECD span in the fetched entry,false,,2026-08-06,2000-05-01
P28288,non_surface,active,ABCD3_HUMAN,,no sliceable ECD span in the fetched entry,false,,2026-08-06,1992-12-01
O14678,non_surface,active,ABCD4_HUMAN,,no sliceable ECD span in the fetched entry,false,,2026-08-06,1998-01-01
P45844,non_surface,active,ABCG1_HUMAN,63,,false,,2026-08-06,2001-12-05
Q8N2K0,non_surface,active,ABD12_HUMAN,303,,false,,2026-08-06,2003-11-28
Q96SE0,non_surface,active,ABHD1_HUMAN,,no sliceable ECD span in the fetched entry,false,,2026-08-06,2024-01-24
P08910,non_surface,active,ABHD2_HUMAN,395,,false,,2026-08-06,1988-11-01
Q8WU67,non_surface,active,ABHD3_HUMAN,,no sliceable ECD span in the fetched entry,false,,2026-08-06,2007-03-20
Q9BV23,non_surface,active,ABHD6_HUMAN,8,,false,,2026-08-06,2001-06-01
Q7L211,non_surface,active,ABHDD_HUMAN,,no sliceable ECD span in the fetched entry,false,,2026-08-06,2004-10-11
Q9BUJ0,non_surface,active,ABHEA_HUMAN,,no sliceable ECD span in the fetched entry,false,,2026-08-06,2007-04-03
O95870,non_surface,active,ABHGA_HUMAN,,no sliceable ECD span in the fetched entry,false,,2026-08-06,2007-01-23
Q5T8D3,non_surface,active,ACBD5_HUMAN,,no sliceable ECD span in the fetched entry,false,,2026-08-06,2004-12-21
Q6JQN1,non_surface,active,ACD10_HUMAN,,no sliceable ECD span in the fetched entry,false,,2026-08-06,2004-07-05
Q8TDN7,non_surface,active,ACER1_HUMAN,,no sliceable ECD span in the fetched entry,false,,2026-08-06,2002-06-01
Q5QJU3,non_surface,active,ACER2_HUMAN,,no sliceable ECD span in the fetched entry,false,,2026-08-06,2006-07-25
Q8TDX5,non_surface,active,ACMSD_HUMAN,,no sliceable ECD span in the fetched entry,false,,2026-08-06,2002-06-01
O00767,non_surface,active,ACOD_HUMAN,,no sliceable ECD span in the fetched entry,false,,2026-08-06,2002-06-06
P13798,non_surface,active,ACPH_HUMAN,,no sliceable ECD span in the fetched entry,false,,2026-08-06,2003-11-07
Q68CK6,non_surface,active,ACS2B_HUMAN,,no sliceable ECD span in the fetched entry,false,,2026-08-06,2010-05-18
P33121,non_surface,active,ACSL1_HUMAN,,no sliceable ECD span in the fetched entry,false,,2026-08-06,1993-10-01
O95573,non_surface,active,ACSL3_HUMAN,,no sliceable ECD span in the fetched entry,false,,2026-08-06,2006-10-03
O60488,non_surface,active,ACSL4_HUMAN,,no sliceable ECD span in the fetched entry,false,,2026-08-06,2001-04-27
Q9ULC5,non_surface,active,ACSL5_HUMAN,,no sliceable ECD span in the fetched entry,false,,2026-08-06,2000-05-01
Q9UKU0,non_surface,active,ACSL6_HUMAN,,no sliceable ECD span in the fetched entry,false,,2026-08-06,2007-03-06
Q08AH1,non_surface,active,ACSM1_HUMAN,,no sliceable ECD span in the fetched entry,false,,2026-08-06,2006-10-31
O75689,non_surface,active,ADAP1_HUMAN,,no sliceable ECD span in the fetched entry,false,,2026-08-06,2008-11-25
Q7Z695,non_surface,active,ADCK2_HUMAN,,no sliceable ECD span in the fetched entry,false,,2026-08-06,2003-10-01
Q96D53,non_surface,active,ADCK4_HUMAN,,no sliceable ECD span in the fetched entry,false,,2026-08-06,2002-10-01
Q3MIX3,non_surface,active,ADCK5_HUMAN,,no sliceable ECD span in the fetched entry,false,,2026-08-06,2018-09-12
Q5VUY2,non_surface,active,ADCL4_HUMAN,,no sliceable ECD span in the fetched entry,false,,2026-08-06,2004-12-07
Q96PN6,non_surface,active,ADCYA_HUMAN,,no sliceable ECD span in the fetched entry,false,,2026-08-06,2010-10-05
Q0VDE8,non_surface,active,ADIG_HUMAN,,no sliceable ECD span in the fetched entry,false,,2026-08-06,2007-02-20
Q96A54,non_surface,active,ADR1_HUMAN,17,,false,,2026-08-06,2001-12-01
P12235,non_surface,active,ADT1_HUMAN,,no sliceable ECD span in the fetched entry,false,,2026-08-06,2007-01-23
P05141,non_surface,active,ADT2_HUMAN,,no sliceable ECD span in the fetched entry,false,,2026-08-06,2011-01-11
P12236,non_surface,active,ADT3_HUMAN,,no sliceable ECD span in the fetched entry,false,,2026-08-06,2007-01-23
Q9H0C2,non_surface,active,ADT4_HUMAN,,no sliceable ECD span in the fetched entry,false,,2026-08-06,2001-03-01
Q96IZ2,non_surface,active,ADTRP_HUMAN,22,,false,,2026-08-06,2001-12-01
Q9Y4W6,non_surface,active,AFG32_HUMAN,,no sliceable ECD span in the fetched entry,false,,2026-08-06,2007-02-20
Q5BKT4,non_surface,active,AG10A_HUMAN,37,,false,,2026-08-06,2005-04-12
Q5I7T1,non_surface,active,AG10B_HUMAN,37,,false,,2026-08-06,2010-05-18
O95831,non_surface,active,AIFM1_HUMAN,,no sliceable ECD span in the fetched entry,false,,2026-08-06,1999-05-01
Q9NVV5,non_surface,active,AIG1_HUMAN,14,,false,,2026-08-06,2020-10-07
Q92667,non_surface,active,AKAP1_HUMAN,,no sliceable ECD span in the fetched entry,false,,2026-08-06,1997-02-01
Q60I27,non_surface,active,AL2CL_HUMAN,,no sliceable ECD span in the fetched entry,false,,2026-08-06,2004-11-23
P51648,non_surface,active,AL3A2_HUMAN,,no sliceable ECD span in the fetched entry,false,,2026-08-06,1996-10-01
P48448,non_surface,active,AL3B2_HUMAN,,no sliceable ECD span in the fetched entry,false,,2026-08-06,2010-02-09
P20292,non_surface,active,AL5AP_HUMAN,,no sliceable ECD span in the fetched entry,false,,2026-08-06,1992-12-01
Q2TAA5,non_surface,active,ALG11_HUMAN,,no sliceable ECD span in the fetched entry,false,,2026-08-06,2007-07-24
Q9BV10,non_surface,active,ALG12_HUMAN,,no sliceable ECD span in the fetched entry,false,,2026-08-06,2001-06-01
Q96F25,non_surface,active,ALG14_HUMAN,,no sliceable ECD span in the fetched entry,false,,2026-08-06,2001-12-01
Q9BT22,non_surface,active,ALG1_HUMAN,,no sliceable ECD span in the fetched entry,false,,2026-08-06,2005-08-30
Q92685,non_surface,active,ALG3_HUMAN,,no sliceable ECD span in the fetched entry,false,,2026-08-06,1997-02-01
Q9Y673,non_surface,active,ALG5_HUMAN,,no sliceable ECD span in the fetched entry,false,,2026-08-06,1999-11-01
Q9Y672,non_surface,active,ALG6_HUMAN,,no sliceable ECD span in the fetched entry,false,,2026-08-06,2017-09-27
Q9BVK2,non_surface,active,ALG8_HUMAN,,no sliceable ECD span in the fetched entry,false,,2026-08-06,2007-04-03
Q6ZNB7,non_surface,active,ALKMO_HUMAN,,no sliceable ECD span in the fetched entry,false,,2026-08-06,2004-07-05
Q9UHK6,non_surface,active,AMACR_HUMAN,,no sliceable ECD span in the fetched entry,false,,2026-08-06,2010-11-30
Q9UKV5,non_surface,active,AMFR_HUMAN,,no sliceable ECD span in the fetched entry,false,,2026-08-06,2003-06-01
P10275,non_surface,active,ANDR_HUMAN,,no sliceable ECD span in the fetched entry,false,,2026-08-06,2016-03-16
Q7Z5J8,non_surface,active,ANKAR_HUMAN,,no sliceable ECD span in the fetched entry,false,,2026-08-06,2010-10-05
Q86XL3,non_surface,active,ANKL2_HUMAN,,no sliceable ECD span in the fetched entry,false,,2026-08-06,2009-11-24
Q9NW15,non_surface,active,ANO10_HUMAN,79,,false,,2026-08-06,2007-05-29
Q9BQI6,non_surface,active,ANR32_HUMAN,,no sliceable ECD span in the fetched entry,false,,2026-08-06,2008-07-01
Q86W74,non_surface,active,ANR46_HUMAN,,no sliceable ECD span in the fetched entry,false,,2026-08-06,2020-08-12
P21397,non_surface,active,AOFA_HUMAN,,no sliceable ECD span in the fetched entry,false,,2026-08-06,1991-05-01
P27338,non_surface,active,AOFB_HUMAN,,no sliceable ECD span in the fetched entry,false,,2026-08-06,2007-01-23
Q96N21,non_surface,active,AP4AT_HUMAN,,no sliceable ECD span in the fetched entry,false,,2026-08-06,2001-12-01
Q9H1A4,non_surface,active,APC1_HUMAN,,no sliceable ECD span in the fetched entry,false,,2026-08-06,2001-03-01
Q96BI3,non_surface,active,APH1A_HUMAN,,no sliceable ECD span in the fetched entry,false,,2026-08-06,2001-12-01
Q8WW43,non_surface,active,APH1B_HUMAN,,no sliceable ECD span in the fetched entry,false,,2026-08-06,2005-03-15
Q96LR9,non_surface,active,APLD1_HUMAN,,no sliceable ECD span in the fetched entry,false,,2026-08-06,2006-07-25
Q9BQE5,non_surface,active,APOL2_HUMAN,,no sliceable ECD span in the fetched entry,false,,2026-08-06,2022-05-25
Q9BWW8,non_surface,active,APOL6_HUMAN,,no sliceable ECD span in the fetched entry,false,,2026-08-06,2001-06-01
Q9BUR5,non_surface,active,APOO_HUMAN,,no sliceable ECD span in the fetched entry,false,,2026-08-06,2001-06-01
Q8IVJ8,non_surface,active,APRG1_HUMAN,,no sliceable ECD span in the fetched entry,false,,2026-08-06,2008-11-25
F7VJQ1,non_surface,active,APRIO_HUMAN,,no sliceable ECD span in the fetched entry,false,,2026-08-06,2011-09-21
Q53RT3,non_surface,active,APRV1_HUMAN,267,,false,,2026-08-06,2005-05-24
Q8IXF9,non_surface,active,AQ12A_HUMAN,33,,false,,2026-08-06,2003-03-01
A6NM10,non_surface,active,AQ12B_HUMAN,17,,false,,2026-08-06,2007-07-24
A6NL99,non_surface,inactive,AQP73_HUMAN,,not fetched: uniprot_inactive,false,,,
O14520,non_surface,active,AQP7_HUMAN,38,,false,,2026-08-06,1998-01-01
Q15041,non_surface,active,AR6P1_HUMAN,,no sliceable ECD span in the fetched entry,false,,2026-08-06,2001-06-20
Q8N6S5,non_surface,active,AR6P6_HUMAN,,no sliceable ECD span in the fetched entry,false,,2026-08-06,2002-10-01
O15013,non_surface,active,ARHGA_HUMAN,,no sliceable ECD span in the fetched entry,false,,2026-08-06,2006-06-27
Q8N7S6,non_surface,active,ARI2O_HUMAN,,no sliceable ECD span in the fetched entry,false,,2026-08-06,2002-10-01
Q8N8L6,non_surface,active,ARL10_HUMAN,,no sliceable ECD span in the fetched entry,false,,2026-08-06,2002-10-01
Q8N2F6,non_surface,active,ARM10_HUMAN,,no sliceable ECD span in the fetched entry,false,,2026-08-06,2002-10-01
Q7L311,non_surface,active,ARMX2_HUMAN,,no sliceable ECD span in the fetched entry,false,,2026-08-06,2004-07-05
Q9UH62,non_surface,active,ARMX3_HUMAN,,no sliceable ECD span in the fetched entry,false,,2026-08-06,2000-05-01
Q5H9R4,non_surface,active,ARMX4_HUMAN,,no sliceable ECD span in the fetched entry,false,,2026-08-06,2019-09-18
Q7L4S7,non_surface,active,ARMX6_HUMAN,,no sliceable ECD span in the fetched entry,false,,2026-08-06,2004-07-05
Q5FYA8,non_surface,active,ARSH_HUMAN,,no sliceable ECD span in the fetched entry,false,,2026-08-06,2005-03-01
Q9H2C2,non_surface,active,ARV1_HUMAN,,no sliceable ECD span in the fetched entry,false,,2026-08-06,2001-03-01
P11245,non_surface,active,ARY2_HUMAN,,no sliceable ECD span in the fetched entry,false,,2026-08-06,2022-02-23
Q8WXH4,non_surface,active,ASB11_HUMAN,,no sliceable ECD span in the fetched entry,false,,2026-08-06,2002-03-01
Q8WWX0,non_surface,active,ASB5_HUMAN,,no sliceable ECD span in the fetched entry,false,,2026-08-06,2002-03-01
Q16515,non_surface,active,ASIC2_HUMAN,360,,false,,2026-08-06,1997-11-01
Q5U4P2,non_surface,active,ASPH1_HUMAN,,no sliceable ECD span in the fetched entry,false,,2026-08-06,2008-11-25
Q6ICH7,non_surface,active,ASPH2_HUMAN,,no sliceable ECD span in the fetched entry,false,,2026-08-06,2004-07-05
Q12797,non_surface,active,ASPH_HUMAN,,no sliceable ECD span in the fetched entry,false,,2026-08-06,2007-04-17
Q9Y284,non_surface,active,ASTER_HUMAN,,no sliceable ECD span in the fetched entry,false,,2026-08-06,1999-11-01
Q8WWH4,non_surface,active,ASZ1_HUMAN,,no sliceable ECD span in the fetched entry,false,,2026-08-06,2002-03-01
O94823,non_surface,active,AT10B_HUMAN,,no sliceable ECD span in the fetched entry,false,,2026-08-06,2003-04-30
P98196,non_surface,active,AT11A_HUMAN,31,,false,,2026-08-06,2006-01-24
Q8NB49,non_surface,active,AT11C_HUMAN,35,,false,,2026-08-06,2005-04-12
O14983,non_surface,active,AT2A1_HUMAN,,no sliceable ECD span in the fetched entry,false,,2026-08-06,1998-01-01
P98194,non_surface,active,AT2C1_HUMAN,,no sliceable ECD span in the fetched entry,false,,2026-08-06,2005-06-21
O75185,non_surface,active,AT2C2_HUMAN,398,,false,,2026-08-06,2018-09-12
P05496,non_surface,active,AT5G1_HUMAN,,no sliceable ECD span in the fetched entry,false,,2026-08-06,1994-02-01
Q06055,non_surface,active,AT5G2_HUMAN,,no sliceable ECD span in the fetched entry,false,,2026-08-06,1994-02-01
P48201,non_surface,active,AT5G3_HUMAN,,no sliceable ECD span in the fetched entry,false,,2026-08-06,1996-02-01
Q9NTI2,non_surface,active,AT8A2_HUMAN,27,,false,,2026-08-06,2018-09-12
O60423,non_surface,active,AT8B3_HUMAN,,no sliceable ECD span in the fetched entry,false,,2026-08-06,2010-10-05
Q8NBU5,non_surface,active,ATAD1_HUMAN,,no sliceable ECD span in the fetched entry,false,,2026-08-06,2002-10-01
Q86WG3,non_surface,active,ATCAY_HUMAN,,no sliceable ECD span in the fetched entry,false,,2026-08-06,2003-10-31
Q9NVI7,non_surface,active,ATD3A_HUMAN,,no sliceable ECD span in the fetched entry,false,,2026-08-06,2025-04-09
P18850,non_surface,active,ATF6A_HUMAN,,no sliceable ECD span in the fetched entry,false,,2026-08-06,2005-05-24
Q99941,non_surface,active,ATF6B_HUMAN,,no sliceable ECD span in the fetched entry,false,,2026-08-06,2002-01-23
Q674R7,non_surface,active,ATG9B_HUMAN,,no sliceable ECD span in the fetched entry,false,,2026-08-06,2004-10-11
Q8WXF7,non_surface,active,ATLA1_HUMAN,,no sliceable ECD span in the fetched entry,false,,2026-08-06,2002-03-01
Q8NHH9,non_surface,active,ATLA2_HUMAN,,no sliceable ECD span in the fetched entry,false,,2026-08-06,2007-05-15
Q6DD88,non_surface,active,ATLA3_HUMAN,,no sliceable ECD span in the fetched entry,false,,2026-08-06,2004-08-16
P54710,non_surface,active,ATNG_HUMAN,,no sliceable ECD span in the fetched entry,false,,2026-08-06,2002-01-23
P56385,non_surface,active,ATP5I_HUMAN,,no sliceable ECD span in the fetched entry,false,,2026-08-06,2007-01-23
P00846,non_surface,active,ATP6_HUMAN,,no sliceable ECD span in the fetched entry,false,,2026-08-06,1986-07-21
P03928,non_surface,active,ATP8_HUMAN,,no sliceable ECD span in the fetched entry,false,,2026-08-06,1986-07-21
O75110,non_surface,active,ATP9A_HUMAN,12,,false,,2026-08-06,2001-01-24
O43861,non_surface,active,ATP9B_HUMAN,17,,false,,2026-08-06,2008-11-25
P56134,non_surface,active,ATPK_HUMAN,,no sliceable ECD span in the fetched entry,false,,2026-08-06,2007-01-23
Q6RW13,non_surface,active,ATRAP_HUMAN,23,,false,,2026-08-06,2004-07-05
Q13535,non_surface,active,ATR_HUMAN,,no sliceable ECD span in the fetched entry,false,,2026-08-06,2004-07-05
P54252,non_surface,active,ATX3_HUMAN,,no sliceable ECD span in the fetched entry,false,,2026-08-06,2017-12-20
Q9Y679,non_surface,active,AUP1_HUMAN,,no sliceable ECD span in the fetched entry,false,,2026-08-06,2018-09-12
Q8NBF6,non_surface,active,AVL9_HUMAN,,no sliceable ECD span in the fetched entry,false,,2026-08-06,2002-10-01
Q58HT5,non_surface,active,AWAT1_HUMAN,,no sliceable ECD span in the fetched entry,false,,2026-08-06,2005-04-26
Q6E213,non_surface,active,AWAT2_HUMAN,,no sliceable ECD span in the fetched entry,false,,2026-08-06,2004-08-16
Q07817,non_surface,active,B2CL1_HUMAN,,no sliceable ECD span in the fetched entry,false,,2026-08-06,1995-02-01
Q92843,non_surface,active,B2CL2_HUMAN,,no sliceable ECD span in the fetched entry,false,,2026-08-06,2010-05-18
Q9HD36,non_surface,active,B2L10_HUMAN,,no sliceable ECD span in the fetched entry,false,,2026-08-06,2019-05-08
Q9BXK5,non_surface,active,B2L13_HUMAN,,no sliceable ECD span in the fetched entry,false,,2026-08-06,2001-06-01
P04920,non_surface,active,B3A2_HUMAN,53,,false,,2026-08-06,2006-01-24
Q9P2W7,non_surface,active,B3GA1_HUMAN,,no sliceable ECD span in the fetched entry,false,,2026-08-06,2008-07-22
Q9NPZ5,non_surface,active,B3GA2_HUMAN,,no sliceable ECD span in the fetched entry,false,,2026-08-06,2001-06-01
O94766,non_surface,active,B3GA3_HUMAN,,no sliceable ECD span in the fetched entry,false,,2026-08-06,2004-04-26
O75752,non_surface,active,B3GL1_HUMAN,,no sliceable ECD span in the fetched entry,false,,2026-08-06,1998-11-01
Q8NCR0,non_surface,active,B3GL2_HUMAN,,no sliceable ECD span in the fetched entry,false,,2026-08-06,2002-10-01
Q6Y288,non_surface,active,B3GLT_HUMAN,,no sliceable ECD span in the fetched entry,false,,2026-08-06,2006-10-17
Q9NY97,non_surface,active,B3GN2_HUMAN,,no sliceable ECD span in the fetched entry,false,,2026-08-06,2003-04-11
Q9C0J1,non_surface,active,B3GN4_HUMAN,,no sliceable ECD span in the fetched entry,false,,2026-08-06,2001-06-01
Q9BYG0,non_surface,active,B3GN5_HUMAN,,no sliceable ECD span in the fetched entry,false,,2026-08-06,2001-06-01
Q6ZMB0,non_surface,active,B3GN6_HUMAN,,no sliceable ECD span in the fetched entry,false,,2026-08-06,2007-05-29
Q8NFL0,non_surface,active,B3GN7_HUMAN,,no sliceable ECD span in the fetched entry,false,,2026-08-06,2002-10-01
Q7Z7M8,non_surface,active,B3GN8_HUMAN,,no sliceable ECD span in the fetched entry,false,,2026-08-06,2003-10-01
Q6UX72,non_surface,active,B3GN9_HUMAN,,no sliceable ECD span in the fetched entry,false,,2026-08-06,2004-07-05
Q9Y5Z6,non_surface,active,B3GT1_HUMAN,,no sliceable ECD span in the fetched entry,false,,2026-08-06,1999-11-01
O43825,non_surface,active,B3GT2_HUMAN,,no sliceable ECD span in the fetched entry,false,,2026-08-06,1998-06-01
O96024,non_surface,active,B3GT4_HUMAN,,no sliceable ECD span in the fetched entry,false,,2026-08-06,1999-05-01
Q9Y2C3,non_surface,active,B3GT5_HUMAN,,no sliceable ECD span in the fetched entry,false,,2026-08-06,1999-11-01
Q96L58,non_surface,active,B3GT6_HUMAN,,no sliceable ECD span in the fetched entry,false,,2026-08-06,2005-03-15
O43505,non_surface,active,B4GA1_HUMAN,,no sliceable ECD span in the fetched entry,false,,2026-08-06,1998-06-01
Q00973,non_surface,active,B4GN1_HUMAN,,no sliceable ECD span in the fetched entry,false,,2026-08-06,1995-11-01
Q8NHY0,non_surface,active,B4GN2_HUMAN,,no sliceable ECD span in the fetched entry,false,,2026-08-06,2010-05-18
Q6L9W6,non_surface,active,B4GN3_HUMAN,,no sliceable ECD span in the fetched entry,false,,2026-08-06,2007-12-04
Q76KP1,non_surface,active,B4GN4_HUMAN,,no sliceable ECD span in the fetched entry,false,,2026-08-06,2004-07-05
P15291,non_surface,active,B4GT1_HUMAN,,no sliceable ECD span in the fetched entry,false,,2026-08-06,2006-10-17
O60909,non_surface,active,B4GT2_HUMAN,,no sliceable ECD span in the fetched entry,false,,2026-08-06,1998-08-01
O60512,non_surface,active,B4GT3_HUMAN,,no sliceable ECD span in the fetched entry,false,,2026-08-06,2005-06-21
O60513,non_surface,active,B4GT4_HUMAN,,no sliceable ECD span in the fetched entry,false,,2026-08-06,1998-08-01
O43286,non_surface,active,B4GT5_HUMAN,,no sliceable ECD span in the fetched entry,false,,2026-08-06,1998-06-01
Q9UBX8,non_surface,active,B4GT6_HUMAN,,no sliceable ECD span in the fetched entry,false,,2026-08-06,2000-05-01
Q9UBV7,non_surface,active,B4GT7_HUMAN,,no sliceable ECD span in the fetched entry,false,,2026-08-06,2000-05-01
Q16611,non_surface,active,BAK_HUMAN,,no sliceable ECD span in the fetched entry,false,,2026-08-06,1996-11-01
Q9UHQ4,non_surface,active,BAP29_HUMAN,,no sliceable ECD span in the fetched entry,false,,2026-08-06,2002-11-08
P51572,non_surface,active,BAP31_HUMAN,,no sliceable ECD span in the fetched entry,false,,2026-08-06,2007-01-23
Q07812,non_surface,active,BAX_HUMAN,,no sliceable ECD span in the fetched entry,false,,2026-08-06,1995-02-01
O60756,non_surface,active,BCE1_HUMAN,,no sliceable ECD span in the fetched entry,false,,2026-08-06,1998-08-01
P10415,non_surface,active,BCL2_HUMAN,,no sliceable ECD span in the fetched entry,false,,2026-08-06,1993-04-01
P11274,non_surface,active,BCR_HUMAN,,no sliceable ECD span in the fetched entry,false,,2026-08-06,2007-04-03
Q9Y276,non_surface,active,BCS1_HUMAN,,no sliceable ECD span in the fetched entry,false,,2026-08-06,1999-11-01
A6H8Y1,non_surface,active,BDP1_HUMAN,,no sliceable ECD span in the fetched entry,false,,2026-08-06,2011-01-11
O76090,non_surface,active,BEST1_HUMAN,19,,false,,2026-08-06,1998-11-01
Q8N1M1,non_surface,active,BEST3_HUMAN,19,,false,,2026-08-06,2002-10-01
Q9NYM9,non_surface,active,BET1L_HUMAN,,no sliceable ECD span in the fetched entry,false,,2026-08-06,2000-10-01
O15155,non_surface,active,BET1_HUMAN,,no sliceable ECD span in the fetched entry,false,,2026-08-06,1998-01-01
Q9NZS9,non_surface,active,BFAR_HUMAN,,no sliceable ECD span in the fetched entry,false,,2026-08-06,2000-10-01
P16442,non_surface,active,BGAT_HUMAN,,no sliceable ECD span in the fetched entry,false,,2026-08-06,1992-12-01
P55061,non_surface,active,BI1_HUMAN,,no sliceable ECD span in the fetched entry,false,,2026-08-06,2002-05-15
Q5TH69,non_surface,active,BIG3_HUMAN,,no sliceable ECD span in the fetched entry,false,,2026-08-06,2007-05-15
Q13323,non_surface,active,BIK_HUMAN,,no sliceable ECD span in the fetched entry,false,,2026-08-06,1997-11-01
P62952,non_surface,active,BLCAP_HUMAN,,no sliceable ECD span in the fetched entry,false,,2026-08-06,2004-08-31
O60238,non_surface,active,BNI3L_HUMAN,,no sliceable ECD span in the fetched entry,false,,2026-08-06,1998-08-01
Q12983,non_surface,active,BNIP3_HUMAN,,no sliceable ECD span in the fetched entry,false,,2026-08-06,2022-05-25
Q7Z465,non_surface,active,BNIPL_HUMAN,,no sliceable ECD span in the fetched entry,false,,2026-08-06,2003-10-01
Q9UMX3,non_surface,active,BOK_HUMAN,,no sliceable ECD span in the fetched entry,false,,2026-08-06,2000-05-01
P38398,non_surface,active,BRCA1_HUMAN,,no sliceable ECD span in the fetched entry,false,,2026-08-06,1995-02-01
Q8WY22,non_surface,active,BRI3B_HUMAN,,no sliceable ECD span in the fetched entry,false,,2026-08-06,2002-03-01
O95415,non_surface,active,BRI3_HUMAN,,no sliceable ECD span in the fetched entry,false,,2026-08-06,1999-05-01
Q96NH3,non_surface,active,BROMI_HUMAN,,no sliceable ECD span in the fetched entry,false,,2026-08-06,2010-05-18
Q8TDC3,non_surface,active,BRSK1_HUMAN,,no sliceable ECD span in the fetched entry,false,,2026-08-06,2011-09-21
Q8IWQ3,non_surface,active,BRSK2_HUMAN,,no sliceable ECD span in the fetched entry,false,,2026-08-06,2006-10-17
Q8WZ55,non_surface,active,BSND_HUMAN,6,,false,,2026-08-06,2002-03-01
A6QL63,non_surface,active,BTBDB_HUMAN,,no sliceable ECD span in the fetched entry,false,,2026-08-06,2009-11-24
Q9UIR0,non_surface,active,BTNL2_HUMAN,459,,false,,2026-08-06,2024-01-24
A2RUR9,non_surface,active,C144A_HUMAN,,no sliceable ECD span in the fetched entry,false,,2026-08-06,2007-03-06
Q8IYA2,non_surface,active,C144C_HUMAN,,no sliceable ECD span in the fetched entry,false,,2026-08-06,2007-12-04
Q96EU7,non_surface,active,C1GLC_HUMAN,,no sliceable ECD span in the fetched entry,false,,2026-08-06,2001-12-01
Q9NS00,non_surface,active,C1GLT_HUMAN,,no sliceable ECD span in the fetched entry,false,,2026-08-06,2000-10-01
O14523,non_surface,active,C2C2L_HUMAN,,no sliceable ECD span in the fetched entry,false,,2026-08-06,2004-04-26
P33076,non_surface,active,C2TA_HUMAN,,no sliceable ECD span in the fetched entry,false,,2026-08-06,2025-06-18
Q99643,non_surface,active,C560_HUMAN,,no sliceable ECD span in the fetched entry,false,,2026-08-06,1997-05-01
Q8N8Q1,non_surface,active,C56D1_HUMAN,,no sliceable ECD span in the fetched entry,false,,2026-08-06,2002-10-01
O14569,non_surface,active,C56D2_HUMAN,,no sliceable ECD span in the fetched entry,false,,2026-08-06,1998-01-01
Q9BWL3,non_surface,active,CA043_HUMAN,,no sliceable ECD span in the fetched entry,false,,2026-08-06,2001-06-01
Q5T7R7,non_surface,active,CA185_HUMAN,,no sliceable ECD span in the fetched entry,false,,2026-08-06,2004-12-21
Q6ZWK4,non_surface,active,CA186_HUMAN,,no sliceable ECD span in the fetched entry,false,,2026-08-06,2004-07-05
Q9BTV7,non_surface,active,CABL2_HUMAN,,no sliceable ECD span in the fetched entry,false,,2026-08-06,2006-05-30
Q86V35,non_surface,active,CABP7_HUMAN,6,,false,,2026-08-06,2003-06-01
Q9BXU9,non_surface,active,CABP8_HUMAN,6,,false,,2026-08-06,2021-02-10
Q86XJ0,non_surface,active,CAHM3_HUMAN,52,,false,,2026-08-06,2018-12-05
P27824,non_surface,active,CALX_HUMAN,,no sliceable ECD span in the fetched entry,false,,2026-08-06,1994-06-01
P49069,non_surface,active,CAMLG_HUMAN,,no sliceable ECD span in the fetched entry,false,,2026-08-06,1996-02-01
Q8WVQ1,non_surface,active,CANT1_HUMAN,,no sliceable ECD span in the fetched entry,false,,2026-08-06,2002-03-01
Q6P4E1,non_surface,active,CASC4_HUMAN,,no sliceable ECD span in the fetched entry,false,,2026-08-06,2019-06-05
Q13948,non_surface,active,CASP_HUMAN,,no sliceable ECD span in the fetched entry,false,,2026-08-06,2006-01-10
A8MZ97,non_surface,active,CB074_HUMAN,,no sliceable ECD span in the fetched entry,false,,2026-08-06,2022-02-23
Q6NW34,non_surface,active,CC017_HUMAN,,no sliceable ECD span in the fetched entry,false,,2026-08-06,2007-03-20
Q6P1S2,non_surface,active,CC033_HUMAN,,no sliceable ECD span in the fetched entry,false,,2026-08-06,2011-01-11
Q6ZU64,non_surface,active,CC108_HUMAN,,no sliceable ECD span in the fetched entry,false,,2026-08-06,2007-05-29
Q96BQ5,non_surface,active,CC127_HUMAN,,no sliceable ECD span in the fetched entry,false,,2026-08-06,2001-12-01
Q96JN2,non_surface,active,CC136_HUMAN,,no sliceable ECD span in the fetched entry,false,,2026-08-06,2010-05-18
A4D256,non_surface,active,CC14C_HUMAN,,no sliceable ECD span in the fetched entry,false,,2026-08-06,2018-02-28
Q9P0B6,non_surface,active,CC167_HUMAN,,no sliceable ECD span in the fetched entry,false,,2026-08-06,2007-10-23
Q6TFL3,non_surface,active,CC171_HUMAN,,no sliceable ECD span in the fetched entry,false,,2026-08-06,2004-07-05
Q9P1Z9,non_surface,active,CC180_HUMAN,,no sliceable ECD span in the fetched entry,false,,2026-08-06,2018-09-12
Q9GZT6,non_surface,active,CC90B_HUMAN,,no sliceable ECD span in the fetched entry,false,,2026-08-06,2010-04-20
Q96A33,non_surface,active,CCD47_HUMAN,,no sliceable ECD span in the fetched entry,false,,2026-08-06,2001-12-01
Q96ER9,non_surface,active,CCD51_HUMAN,,no sliceable ECD span in the fetched entry,false,,2026-08-06,2007-05-29
P24863,non_surface,active,CCNC_HUMAN,,no sliceable ECD span in the fetched entry,false,,2026-08-06,2008-01-15
P41002,non_surface,active,CCNF_HUMAN,,no sliceable ECD span in the fetched entry,false,,2026-08-06,2002-04-16
Q9ULG6,non_surface,active,CCPG1_HUMAN,,no sliceable ECD span in the fetched entry,false,,2026-08-06,2007-11-13
Q8WVX3,non_surface,active,CD003_HUMAN,,no sliceable ECD span in the fetched entry,false,,2026-08-06,2010-05-18
Q8N8J7,non_surface,active,CD032_HUMAN,,no sliceable ECD span in the fetched entry,false,,2026-08-06,2010-05-18
A8MXV6,non_surface,active,CD15L_HUMAN,,no sliceable ECD span in the fetched entry,false,,2026-08-06,2007-12-04
Q9NNX6,non_surface,active,CD209_HUMAN,346,,false,,2026-08-06,2000-10-01
Q8N726,non_surface,active,CD2A2_HUMAN,,no sliceable ECD span in the fetched entry,false,,2026-08-06,2012-04-18
P20963,non_surface,active,CD3Z_HUMAN,9,,false,,2026-08-06,2002-10-10
P21854,non_surface,active,CD72_HUMAN,243,,false,,2026-08-06,1991-05-01
Q8IWY9,non_surface,active,CDAN1_HUMAN,,no sliceable ECD span in the fetched entry,false,,2026-08-06,2010-05-18
O14735,non_surface,active,CDIPT_HUMAN,,no sliceable ECD span in the fetched entry,false,,2026-08-06,1998-01-01
Q5VV42,non_surface,active,CDKAL_HUMAN,,no sliceable ECD span in the fetched entry,false,,2026-08-06,2004-12-07
Q92903,non_surface,active,CDS1_HUMAN,,no sliceable ECD span in the fetched entry,false,,2026-08-06,1998-07-15
O95674,non_surface,active,CDS2_HUMAN,,no sliceable ECD span in the fetched entry,false,,2026-08-06,1999-05-01
Q9Y6F8,non_surface,active,CDY1_HUMAN,,no sliceable ECD span in the fetched entry,false,,2026-08-06,1999-11-01
Q9Y6F7,non_surface,active,CDY2_HUMAN,,no sliceable ECD span in the fetched entry,false,,2026-08-06,1999-11-01
Q9Y232,non_surface,active,CDYL1_HUMAN,,no sliceable ECD span in the fetched entry,false,,2026-08-06,2007-06-26
Q8N8U2,non_surface,active,CDYL2_HUMAN,,no sliceable ECD span in the fetched entry,false,,2026-08-06,2009-05-05
Q0VDI3,non_surface,active,CE028_HUMAN,,no sliceable ECD span in the fetched entry,false,,2026-08-06,2006-09-05
Q9H799,non_surface,active,CE042_HUMAN,,no sliceable ECD span in the fetched entry,false,,2026-08-06,2012-09-05
A6NFR6,non_surface,active,CE060_HUMAN,,no sliceable ECD span in the fetched entry,false,,2026-08-06,2008-07-01
Q16739,non_surface,active,CEGT_HUMAN,,no sliceable ECD span in the fetched entry,false,,2026-08-06,1997-11-01
Q8N111,non_surface,active,CEND_HUMAN,3,,false,,2026-08-06,2002-10-01
P27544,non_surface,active,CERS1_HUMAN,,no sliceable ECD span in the fetched entry,false,,2026-08-06,1992-08-01
Q96G23,non_surface,active,CERS2_HUMAN,,no sliceable ECD span in the fetched entry,false,,2026-08-06,2001-12-01
Q8IU89,non_surface,active,CERS3_HUMAN,,no sliceable ECD span in the fetched entry,false,,2026-08-06,2011-02-08
Q9HA82,non_surface,active,CERS4_HUMAN,,no sliceable ECD span in the fetched entry,false,,2026-08-06,2010-05-18
Q8N5B7,non_surface,active,CERS5_HUMAN,,no sliceable ECD span in the fetched entry,false,,2026-08-06,2002-10-01
Q6ZMG9,non_surface,active,CERS6_HUMAN,,no sliceable ECD span in the fetched entry,false,,2026-08-06,2004-07-05
Q5SRN2,non_surface,active,CF010_HUMAN,,no sliceable ECD span in the fetched entry,false,,2026-08-06,2011-01-11
O95873,non_surface,active,CF047_HUMAN,,no sliceable ECD span in the fetched entry,false,,2026-08-06,2011-01-11
Q9HD87,non_surface,active,CF050_HUMAN,,no sliceable ECD span in the fetched entry,false,,2026-08-06,2001-03-01
Q5SQH8,non_surface,active,CF136_HUMAN,,no sliceable ECD span in the fetched entry,false,,2026-08-06,2004-12-21
A8K010,non_surface,active,CF176_HUMAN,,no sliceable ECD span in the fetched entry,false,,2026-08-06,2008-02-05
Q8NI28,non_surface,active,CG013_HUMAN,,no sliceable ECD span in the fetched entry,false,,2026-08-06,2002-10-01
A4D0T2,non_surface,inactive,CG066_HUMAN,,not fetched: uniprot_inactive,false,,,
Q8TDX6,non_surface,active,CGAT1_HUMAN,,no sliceable ECD span in the fetched entry,false,,2026-08-06,2010-10-05
Q8N6G5,non_surface,active,CGAT2_HUMAN,,no sliceable ECD span in the fetched entry,false,,2026-08-06,2002-10-01
Q99675,non_surface,active,CGRF1_HUMAN,,no sliceable ECD span in the fetched entry,false,,2026-08-06,1997-05-01
Q96NF6,non_surface,inactive,CH049_HUMAN,,not fetched: uniprot_inactive,false,,,
O95992,non_surface,active,CH25H_HUMAN,,no sliceable ECD span in the fetched entry,false,,2026-08-06,1999-05-01
Q6ZTR5,non_surface,merged,CHDC2_HUMAN,,no sliceable ECD span in the fetched entry,false,,2026-08-06,2018-03-28
Q5VXU3,non_surface,active,CHIC1_HUMAN,,no sliceable ECD span in the fetched entry,false,,2026-08-06,2005-02-01
Q9UKJ5,non_surface,active,CHIC2_HUMAN,,no sliceable ECD span in the fetched entry,false,,2026-08-06,2000-05-01
Q9P2E5,non_surface,active,CHPF2_HUMAN,,no sliceable ECD span in the fetched entry,false,,2026-08-06,2005-02-01
Q86X52,non_surface,active,CHSS1_HUMAN,,no sliceable ECD span in the fetched entry,false,,2026-08-06,2006-10-17
Q8IZ52,non_surface,active,CHSS2_HUMAN,,no sliceable ECD span in the fetched entry,false,,2026-08-06,2010-11-02
Q70JA7,non_surface,active,CHSS3_HUMAN,,no sliceable ECD span in the fetched entry,false,,2026-08-06,2007-04-17
O43916,non_surface,active,CHST1_HUMAN,,no sliceable ECD span in the fetched entry,false,,2026-08-06,1998-06-01
Q9Y4C5,non_surface,active,CHST2_HUMAN,,no sliceable ECD span in the fetched entry,false,,2026-08-06,2003-03-01
Q7LGC8,non_surface,active,CHST3_HUMAN,,no sliceable ECD span in the fetched entry,false,,2026-08-06,2006-10-17
Q8NCG5,non_surface,active,CHST4_HUMAN,,no sliceable ECD span in the fetched entry,false,,2026-08-06,2005-03-15
Q9GZS9,non_surface,active,CHST5_HUMAN,,no sliceable ECD span in the fetched entry,false,,2026-08-06,2009-06-16
Q9GZX3,non_surface,active,CHST6_HUMAN,,no sliceable ECD span in the fetched entry,false,,2026-08-06,2001-03-01
Q9NS84,non_surface,active,CHST7_HUMAN,,no sliceable ECD span in the fetched entry,false,,2026-08-06,2005-03-15
Q9H2A9,non_surface,active,CHST8_HUMAN,,no sliceable ECD span in the fetched entry,false,,2026-08-06,2005-03-15
O43529,non_surface,active,CHSTA_HUMAN,,no sliceable ECD span in the fetched entry,false,,2026-08-06,1998-06-01
Q9NPF2,non_surface,active,CHSTB_HUMAN,,no sliceable ECD span in the fetched entry,false,,2026-08-06,2000-10-01
Q9NRB3,non_surface,active,CHSTC_HUMAN,,no sliceable ECD span in the fetched entry,false,,2026-08-06,2005-03-15
Q8NET6,non_surface,active,CHSTD_HUMAN,,no sliceable ECD span in the fetched entry,false,,2026-08-06,2002-10-01
Q8NCH0,non_surface,active,CHSTE_HUMAN,,no sliceable ECD span in the fetched entry,false,,2026-08-06,2005-03-15
Q7LFX5,non_surface,active,CHSTF_HUMAN,,no sliceable ECD span in the fetched entry,false,,2026-08-06,2004-07-05
H0YL14,non_surface,active,CI069_HUMAN,,no sliceable ECD span in the fetched entry,false,,2026-08-06,2012-04-18
Q5VZI3,non_surface,active,CI091_HUMAN,,no sliceable ECD span in the fetched entry,false,,2026-08-06,2004-12-07
Q5VTT2,non_surface,active,CI135_HUMAN,123,,false,,2026-08-06,2004-12-07
Q8TCG1,non_surface,active,CIP2A_HUMAN,,no sliceable ECD span in the fetched entry,false,,2026-08-06,2007-05-15
Q9NZ45,non_surface,active,CISD1_HUMAN,,no sliceable ECD span in the fetched entry,false,,2026-08-06,2000-10-01
Q8N5K1,non_surface,active,CISD2_HUMAN,,no sliceable ECD span in the fetched entry,false,,2026-08-06,2002-10-01
O75390,non_surface,active,CISY_HUMAN,,no sliceable ECD span in the fetched entry,false,,2026-08-06,2005-01-04
Q96D05,non_surface,active,CJ035_HUMAN,,no sliceable ECD span in the fetched entry,false,,2026-08-06,2001-12-01
Q5T2E6,non_surface,active,CJ076_HUMAN,,no sliceable ECD span in the fetched entry,false,,2026-08-06,2004-12-21
Q8TEF2,non_surface,active,CJ105_HUMAN,,no sliceable ECD span in the fetched entry,false,,2026-08-06,2009-05-05
Q8N326,non_surface,active,CJ111_HUMAN,,no sliceable ECD span in the fetched entry,false,,2026-08-06,2002-10-01
Q5T292,non_surface,active,CJ128_HUMAN,19,,false,,2026-08-06,2004-12-21
Q07065,non_surface,active,CKAP4_HUMAN,475,,false,,2026-08-06,2002-06-01
Q8IZ96,non_surface,active,CKLF1_HUMAN,,no sliceable ECD span in the fetched entry,false,,2026-08-06,2003-03-01
Q8TAZ6,non_surface,active,CKLF2_HUMAN,,no sliceable ECD span in the fetched entry,false,,2026-08-06,2002-06-01
Q96MX0,non_surface,active,CKLF3_HUMAN,,no sliceable ECD span in the fetched entry,false,,2026-08-06,2001-12-01
Q8IZR5,non_surface,active,CKLF4_HUMAN,,no sliceable ECD span in the fetched entry,false,,2026-08-06,2003-03-01
Q9NX76,non_surface,active,CKLF6_HUMAN,7,,false,,2026-08-06,2000-10-01
Q96FZ5,non_surface,active,CKLF7_HUMAN,,no sliceable ECD span in the fetched entry,false,,2026-08-06,2001-12-01
Q8IZV2,non_surface,active,CKLF8_HUMAN,,no sliceable ECD span in the fetched entry,false,,2026-08-06,2007-04-17
Q9UBR5,non_surface,active,CKLF_HUMAN,,no sliceable ECD span in the fetched entry,false,,2026-08-06,2000-05-01
Q96N23,non_surface,merged,CL063_HUMAN,,no sliceable ECD span in the fetched entry,false,,2026-08-06,2015-02-04
Q96M19,non_surface,active,CL067_HUMAN,,no sliceable ECD span in the fetched entry,false,,2026-08-06,2001-12-01
P0C7M8,non_surface,active,CLC2L_HUMAN,,no sliceable ECD span in the fetched entry,false,,2026-08-06,2008-06-10
Q8N1N0,non_surface,active,CLC4F_HUMAN,529,,false,,2026-08-06,2009-02-10
P51788,non_surface,active,CLCN2_HUMAN,,no sliceable ECD span in the fetched entry,false,,2026-08-06,2010-02-09
P51793,non_surface,active,CLCN4_HUMAN,,no sliceable ECD span in the fetched entry,false,,2026-08-06,2002-02-11
P51798,non_surface,active,CLCN7_HUMAN,,no sliceable ECD span in the fetched entry,false,,2026-08-06,2001-01-11
C9JDP6,non_surface,active,CLD25_HUMAN,50,,false,,2026-08-06,2009-11-03
O14967,non_surface,active,CLGN_HUMAN,,no sliceable ECD span in the fetched entry,false,,2026-08-06,1998-01-01
Q96JQ2,non_surface,active,CLMN_HUMAN,,no sliceable ECD span in the fetched entry,false,,2026-08-06,2001-12-01
Q9NWW5,non_surface,active,CLN6_HUMAN,,no sliceable ECD span in the fetched entry,false,,2026-08-06,2000-10-01
Q9UBY8,non_surface,active,CLN8_HUMAN,,no sliceable ECD span in the fetched entry,false,,2026-08-06,2007-04-17
Q96KA5,non_surface,active,CLP1L_HUMAN,253,,false,,2026-08-06,2001-12-01
O75153,non_surface,active,CLU_HUMAN,,no sliceable ECD span in the fetched entry,false,,2026-08-06,2005-02-15
Q86VU5,non_surface,active,CMTD1_HUMAN,,no sliceable ECD span in the fetched entry,false,,2026-08-06,2003-06-01
Q8IYT2,non_surface,active,CMTR2_HUMAN,,no sliceable ECD span in the fetched entry,false,,2026-08-06,2009-11-24
Q86U02,non_surface,active,CN165_HUMAN,,no sliceable ECD span in the fetched entry,false,,2026-08-06,2003-06-01
Q86XI2,non_surface,active,CNDG2_HUMAN,,no sliceable ECD span in the fetched entry,false,,2026-08-06,2003-06-01
Q8IZM0,non_surface,active,CNG1O_HUMAN,,no sliceable ECD span in the fetched entry,false,,2026-08-06,2003-03-01
P29973,non_surface,active,CNGA1_HUMAN,23,,false,,2026-08-06,2022-02-23
Q16280,non_surface,active,CNGA2_HUMAN,23,,false,,2026-08-06,2006-12-12
Q16281,non_surface,active,CNGA3_HUMAN,26,,false,,2026-08-06,2001-05-04
Q8IV77,non_surface,active,CNGA4_HUMAN,23,,false,,2026-08-06,2010-11-02
Q14028,non_surface,active,CNGB1_HUMAN,23,,false,,2026-08-06,2009-09-01
Q9NQW8,non_surface,active,CNGB3_HUMAN,22,,false,,2026-08-06,2010-11-02
O95406,non_surface,active,CNIH1_HUMAN,,no sliceable ECD span in the fetched entry,false,,2026-08-06,1999-05-01
Q6PI25,non_surface,active,CNIH2_HUMAN,,no sliceable ECD span in the fetched entry,false,,2026-08-06,2004-07-05
Q8TBE1,non_surface,active,CNIH3_HUMAN,,no sliceable ECD span in the fetched entry,false,,2026-08-06,2002-06-01
Q9P003,non_surface,active,CNIH4_HUMAN,,no sliceable ECD span in the fetched entry,false,,2026-08-06,2000-10-01
Q6PJW8,non_surface,active,CNST_HUMAN,40,,false,,2026-08-06,2011-01-11
Q32M92,non_surface,active,CO032_HUMAN,,no sliceable ECD span in the fetched entry,false,,2026-08-06,2006-06-27
Q8N8G6,non_surface,active,CO054_HUMAN,,no sliceable ECD span in the fetched entry,false,,2026-08-06,2002-10-01
Q9GZY4,non_surface,active,COA1_HUMAN,,no sliceable ECD span in the fetched entry,false,,2026-08-06,2001-03-01
Q9Y2R0,non_surface,active,COA3_HUMAN,,no sliceable ECD span in the fetched entry,false,,2026-08-06,1999-11-01
Q5TAT6,non_surface,active,CODA1_HUMAN,656,,false,,2026-08-06,2004-12-21
Q9UMD9,non_surface,active,COHA1_HUMAN,1009,,false,,2026-08-06,2007-05-01
Q6ZS62,non_surface,active,COLC1_HUMAN,,no sliceable ECD span in the fetched entry,false,,2026-08-06,2004-07-05
Q86Y22,non_surface,active,CONA1_HUMAN,484,,false,,2026-08-06,2003-06-01
Q9BXS0,non_surface,active,COPA1_HUMAN,600,,false,,2026-08-06,2010-05-18
O15432,non_surface,active,COPT2_HUMAN,22,,false,,2026-08-06,1998-01-01
Q96H96,non_surface,active,COQ2_HUMAN,,no sliceable ECD span in the fetched entry,false,,2026-08-06,2022-10-12
Q12887,non_surface,active,COX10_HUMAN,,no sliceable ECD span in the fetched entry,false,,2026-08-06,2010-03-23
Q9Y6N1,non_surface,active,COX11_HUMAN,,no sliceable ECD span in the fetched entry,false,,2026-08-06,2005-03-01
Q96I36,non_surface,active,COX14_HUMAN,,no sliceable ECD span in the fetched entry,false,,2026-08-06,2001-12-01
Q7KZN9,non_surface,active,COX15_HUMAN,,no sliceable ECD span in the fetched entry,false,,2026-08-06,2004-07-05
Q8N8Q8,non_surface,active,COX18_HUMAN,,no sliceable ECD span in the fetched entry,false,,2026-08-06,2002-10-01
P00395,non_surface,active,COX1_HUMAN,,no sliceable ECD span in the fetched entry,false,,2026-08-06,1986-07-21
Q5RI15,non_surface,active,COX20_HUMAN,,no sliceable ECD span in the fetched entry,false,,2026-08-06,2005-07-19
P00403,non_surface,active,COX2_HUMAN,,no sliceable ECD span in the fetched entry,false,,2026-08-06,1986-07-21
P00414,non_surface,active,COX3_HUMAN,,no sliceable ECD span in the fetched entry,false,,2026-08-06,2000-05-30
P13073,non_surface,active,COX41_HUMAN,,no sliceable ECD span in the fetched entry,false,,2026-08-06,1990-01-01
Q96KJ9,non_surface,active,COX42_HUMAN,,no sliceable ECD span in the fetched entry,false,,2026-08-06,2005-08-16
P09669,non_surface,active,COX6C_HUMAN,,no sliceable ECD span in the fetched entry,false,,2026-08-06,1996-02-01
P24311,non_surface,active,COX7B_HUMAN,,no sliceable ECD span in the fetched entry,false,,2026-08-06,1994-02-01
P15954,non_surface,active,COX7C_HUMAN,,no sliceable ECD span in the fetched entry,false,,2026-08-06,1990-04-01
O14548,non_surface,active,COX7R_HUMAN,,no sliceable ECD span in the fetched entry,false,,2026-08-06,2002-04-03
O60397,non_surface,active,COX7S_HUMAN,,no sliceable ECD span in the fetched entry,false,,2026-08-06,1998-08-01
P10176,non_surface,active,COX8A_HUMAN,,no sliceable ECD span in the fetched entry,false,,2026-08-06,1991-02-01
Q7Z4L0,non_surface,active,COX8C_HUMAN,,no sliceable ECD span in the fetched entry,false,,2026-08-06,2003-10-01
Q6UWD8,non_surface,active,CP054_HUMAN,,no sliceable ECD span in the fetched entry,false,,2026-08-06,2004-07-05
Q96LL3,non_surface,active,CP092_HUMAN,,no sliceable ECD span in the fetched entry,false,,2026-08-06,2001-12-01
H3BN30,non_surface,inactive,CP097_HUMAN,,not fetched: uniprot_inactive,false,,,
P11511,non_surface,active,CP19A_HUMAN,,no sliceable ECD span in the fetched entry,false,,2026-08-06,2007-01-23
P05177,non_surface,active,CP1A2_HUMAN,,no sliceable ECD span in the fetched entry,false,,2026-08-06,2018-09-12
Q16678,non_surface,active,CP1B1_HUMAN,,no sliceable ECD span in the fetched entry,false,,2026-08-06,2004-06-07
P10635,non_surface,active,CP2D6_HUMAN,,no sliceable ECD span in the fetched entry,false,,2026-08-06,2005-12-20
Q96SQ9,non_surface,active,CP2S1_HUMAN,,no sliceable ECD span in the fetched entry,false,,2026-08-06,2004-06-07
Q7Z449,non_surface,active,CP2U1_HUMAN,,no sliceable ECD span in the fetched entry,false,,2026-08-06,2003-10-01
Q9HB55,non_surface,active,CP343_HUMAN,,no sliceable ECD span in the fetched entry,false,,2026-08-06,2001-03-01
Q9NYL5,non_surface,active,CP39A_HUMAN,,no sliceable ECD span in the fetched entry,false,,2026-08-06,2007-04-17
P08684,non_surface,active,CP3A4_HUMAN,,no sliceable ECD span in the fetched entry,false,,2026-08-06,2007-01-23
P20815,non_surface,active,CP3A5_HUMAN,,no sliceable ECD span in the fetched entry,false,,2026-08-06,1991-02-01
P24462,non_surface,active,CP3A7_HUMAN,,no sliceable ECD span in the fetched entry,false,,2026-08-06,2018-09-12
Q02928,non_surface,active,CP4AB_HUMAN,,no sliceable ECD span in the fetched entry,false,,2026-08-06,1997-11-01
Q5TCH4,non_surface,active,CP4AM_HUMAN,,no sliceable ECD span in the fetched entry,false,,2026-08-06,2004-12-21
P13584,non_surface,active,CP4B1_HUMAN,,no sliceable ECD span in the fetched entry,false,,2026-08-06,2004-06-07
P98187,non_surface,active,CP4F8_HUMAN,,no sliceable ECD span in the fetched entry,false,,2026-08-06,2000-05-01
Q6NT55,non_surface,active,CP4FN_HUMAN,,no sliceable ECD span in the fetched entry,false,,2026-08-06,2004-07-05
Q6ZWL3,non_surface,active,CP4V2_HUMAN,,no sliceable ECD span in the fetched entry,false,,2026-08-06,2010-05-18
Q8N118,non_surface,active,CP4X1_HUMAN,,no sliceable ECD span in the fetched entry,false,,2026-08-06,2002-10-01
Q86W10,non_surface,active,CP4Z1_HUMAN,,no sliceable ECD span in the fetched entry,false,,2026-08-06,2003-06-01
Q8N1L4,non_surface,active,CP4Z2_HUMAN,,no sliceable ECD span in the fetched entry,false,,2026-08-06,2008-04-29
Q16850,non_surface,active,CP51A_HUMAN,,no sliceable ECD span in the fetched entry,false,,2026-08-06,2021-09-29
P22680,non_surface,active,CP7A1_HUMAN,,no sliceable ECD span in the fetched entry,false,,2026-08-06,1994-06-01
O75881,non_surface,active,CP7B1_HUMAN,,no sliceable ECD span in the fetched entry,false,,2026-08-06,2002-02-11
Q9UNU6,non_surface,active,CP8B1_HUMAN,,no sliceable ECD span in the fetched entry,false,,2026-08-06,2010-10-05
P50416,non_surface,active,CPT1A_HUMAN,,no sliceable ECD span in the fetched entry,false,,2026-08-06,2004-12-07
Q92523,non_surface,active,CPT1B_HUMAN,,no sliceable ECD span in the fetched entry,false,,2026-08-06,1997-11-01
Q8TCG5,non_surface,active,CPT1C_HUMAN,,no sliceable ECD span in the fetched entry,false,,2026-08-06,2002-06-01
Q9BQA9,non_surface,active,CQ062_HUMAN,,no sliceable ECD span in the fetched entry,false,,2026-08-06,2001-06-01
Q0P670,non_surface,active,CQ074_HUMAN,,no sliceable ECD span in the fetched entry,false,,2026-08-06,2009-10-13
Q9BSJ5,non_surface,active,CQ080_HUMAN,,no sliceable ECD span in the fetched entry,false,,2026-08-06,2011-01-11
Q96KH6,non_surface,inactive,CR012_HUMAN,,not fetched: uniprot_inactive,false,,,
Q96N68,non_surface,active,CR015_HUMAN,,no sliceable ECD span in the fetched entry,false,,2026-08-06,2001-12-01
Q96BA8,non_surface,active,CR3L1_HUMAN,,no sliceable ECD span in the fetched entry,false,,2026-08-06,2001-12-01
Q70SY1,non_surface,active,CR3L2_HUMAN,,no sliceable ECD span in the fetched entry,false,,2026-08-06,2010-05-18
Q68CJ9,non_surface,active,CR3L3_HUMAN,,no sliceable ECD span in the fetched entry,false,,2026-08-06,2007-05-29
Q8TEY5,non_surface,active,CR3L4_HUMAN,,no sliceable ECD span in the fetched entry,false,,2026-08-06,2002-06-01
A6NIL9,non_surface,inactive,CRAS1_HUMAN,,not fetched: uniprot_inactive,false,,,
O43889,non_surface,active,CREB3_HUMAN,,no sliceable ECD span in the fetched entry,false,,2026-08-06,2018-03-28
Q494W8,non_surface,active,CRFM7_HUMAN,,no sliceable ECD span in the fetched entry,false,,2026-08-06,2005-09-13
Q9UJA2,non_surface,active,CRLS1_HUMAN,,no sliceable ECD span in the fetched entry,false,,2026-08-06,2000-05-01
Q13536,non_surface,active,CROC4_HUMAN,,no sliceable ECD span in the fetched entry,false,,2026-08-06,1996-11-01
O14936,non_surface,active,CSKP_HUMAN,,no sliceable ECD span in the fetched entry,false,,2026-08-06,2007-04-17
Q4G0I0,non_surface,active,CSMT1_HUMAN,,no sliceable ECD span in the fetched entry,false,,2026-08-06,2005-08-30
Q7L5N1,non_surface,active,CSN6_HUMAN,,no sliceable ECD span in the fetched entry,false,,2026-08-06,2004-07-05
Q9BUV8,non_surface,active,CT024_HUMAN,,no sliceable ECD span in the fetched entry,false,,2026-08-06,2001-06-01
Q9NUB4,non_surface,active,CT141_HUMAN,,no sliceable ECD span in the fetched entry,false,,2026-08-06,2000-10-01
Q2NKJ3,non_surface,active,CTC1_HUMAN,,no sliceable ECD span in the fetched entry,false,,2026-08-06,2010-03-23
P78358,non_surface,active,CTG1B_HUMAN,,no sliceable ECD span in the fetched entry,false,,2026-08-06,1997-05-01
Q9HC47,non_surface,active,CTGE1_HUMAN,,no sliceable ECD span in the fetched entry,false,,2026-08-06,2001-03-01
Q96RT6,non_surface,active,CTGE2_HUMAN,,no sliceable ECD span in the fetched entry,false,,2026-08-06,2008-10-14
Q8IX94,non_surface,active,CTGE4_HUMAN,,no sliceable ECD span in the fetched entry,false,,2026-08-06,2009-05-05
Q86UF2,non_surface,active,CTGE6_HUMAN,,no sliceable ECD span in the fetched entry,false,,2026-08-06,2009-09-22
P0CG41,non_surface,active,CTGE8_HUMAN,,no sliceable ECD span in the fetched entry,false,,2026-08-06,2010-07-13
A4FU28,non_surface,active,CTGE9_HUMAN,,no sliceable ECD span in the fetched entry,false,,2026-08-06,2010-07-13
A4D2H0,non_surface,active,CTGEF_HUMAN,,no sliceable ECD span in the fetched entry,false,,2026-08-06,2007-04-03
Q9UBT7,non_surface,active,CTNL1_HUMAN,,no sliceable ECD span in the fetched entry,false,,2026-08-06,2005-02-01
Q8NEC5,non_surface,active,CTSR1_HUMAN,17,,false,,2026-08-06,2010-05-18
Q96P56,non_surface,active,CTSR2_HUMAN,20,,false,,2026-08-06,2007-07-24
Q86XQ3,non_surface,active,CTSR3_HUMAN,21,,false,,2026-08-06,2003-06-01
Q7RTX7,non_surface,active,CTSR4_HUMAN,21,,false,,2026-08-06,2003-12-15
Q9H7T0,non_surface,active,CTSRB_HUMAN,1053,,false,,2026-08-06,2007-07-24
P60606,non_surface,active,CTXN1_HUMAN,,no sliceable ECD span in the fetched entry,false,,2026-08-06,2004-03-15
P0C2S0,non_surface,active,CTXN2_HUMAN,,no sliceable ECD span in the fetched entry,false,,2026-08-06,2007-04-17
Q4LDR2,non_surface,active,CTXN3_HUMAN,,no sliceable ECD span in the fetched entry,false,,2026-08-06,2005-08-02
A6NEN9,non_surface,active,CX065_HUMAN,,no sliceable ECD span in the fetched entry,false,,2026-08-06,2007-07-24
P12074,non_surface,active,CX6A1_HUMAN,,no sliceable ECD span in the fetched entry,false,,2026-08-06,1999-07-15
Q02221,non_surface,active,CX6A2_HUMAN,,no sliceable ECD span in the fetched entry,false,,2026-08-06,2006-10-17
P24310,non_surface,active,CX7A1_HUMAN,,no sliceable ECD span in the fetched entry,false,,2026-08-06,1993-07-01
P14406,non_surface,active,CX7A2_HUMAN,,no sliceable ECD span in the fetched entry,false,,2026-08-06,1990-01-01
Q8TF08,non_surface,active,CX7B2_HUMAN,,no sliceable ECD span in the fetched entry,false,,2026-08-06,2009-05-05
Q969M2,non_surface,active,CXA10_HUMAN,39,,false,,2026-08-06,2001-12-01
P57773,non_surface,active,CXA9_HUMAN,37,,false,,2026-08-06,2004-07-19
P36383,non_surface,active,CXG1_HUMAN,30,,false,,2026-08-06,2009-04-14
P08574,non_surface,active,CY1_HUMAN,,no sliceable ECD span in the fetched entry,false,,2026-08-06,2010-11-02
P13498,non_surface,active,CY24A_HUMAN,5,,false,,2026-08-06,2010-11-02
P49447,non_surface,active,CY561_HUMAN,,no sliceable ECD span in the fetched entry,false,,2026-08-06,2002-11-25
Q8NBI2,non_surface,active,CYAC3_HUMAN,,no sliceable ECD span in the fetched entry,false,,2026-08-06,2002-10-01
O43169,non_surface,active,CYB5B_HUMAN,,no sliceable ECD span in the fetched entry,false,,2026-08-06,2019-05-08
P00167,non_surface,active,CYB5_HUMAN,,no sliceable ECD span in the fetched entry,false,,2026-08-06,2007-01-23
Q53TN4,non_surface,active,CYBR1_HUMAN,18,,false,,2026-08-06,2005-05-24
P00156,non_surface,active,CYB_HUMAN,,no sliceable ECD span in the fetched entry,false,,2026-08-06,2012-10-03
Q2PZI1,non_surface,active,D19L1_HUMAN,,no sliceable ECD span in the fetched entry,false,,2026-08-06,2006-01-24
Q6NUT2,non_surface,active,D19L2_HUMAN,,no sliceable ECD span in the fetched entry,false,,2026-08-06,2007-12-04
Q6NXN4,non_surface,active,D19P1_HUMAN,,no sliceable ECD span in the fetched entry,false,,2026-08-06,2004-07-05
Q6ZN68,non_surface,active,D19P2_HUMAN,,no sliceable ECD span in the fetched entry,false,,2026-08-06,2008-04-29
Q8WUS8,non_surface,active,D42E1_HUMAN,,no sliceable ECD span in the fetched entry,false,,2026-08-06,2008-04-29
A6NKP2,non_surface,active,D42E2_HUMAN,,no sliceable ECD span in the fetched entry,false,,2026-08-06,2008-07-22
P61803,non_surface,active,DAD1_HUMAN,,no sliceable ECD span in the fetched entry,false,,2026-08-06,2007-01-23
Q5H9S7,non_surface,active,DCA17_HUMAN,,no sliceable ECD span in the fetched entry,false,,2026-08-06,2005-02-15
Q8WVC6,non_surface,active,DCAKD_HUMAN,,no sliceable ECD span in the fetched entry,false,,2026-08-06,2002-03-01
Q9C098,non_surface,active,DCLK3_HUMAN,,no sliceable ECD span in the fetched entry,false,,2026-08-06,2006-10-03
Q9BTE7,non_surface,active,DCNL5_HUMAN,,no sliceable ECD span in the fetched entry,false,,2026-08-06,2001-06-01
O15121,non_surface,active,DEGS1_HUMAN,,no sliceable ECD span in the fetched entry,false,,2026-08-06,1998-01-01
Q6QHC5,non_surface,active,DEGS2_HUMAN,,no sliceable ECD span in the fetched entry,false,,2026-08-06,2009-11-24
Q5VZ89,non_surface,active,DEN4C_HUMAN,,no sliceable ECD span in the fetched entry,false,,2026-08-06,2017-06-07
Q6ZUT9,non_surface,active,DEN5B_HUMAN,,no sliceable ECD span in the fetched entry,false,,2026-08-06,2008-04-08
A2RUS2,non_surface,active,DEND3_HUMAN,,no sliceable ECD span in the fetched entry,false,,2026-08-06,2007-09-11
Q9BUN8,non_surface,active,DERL1_HUMAN,,no sliceable ECD span in the fetched entry,false,,2026-08-06,2001-06-01
Q9GZP9,non_surface,active,DERL2_HUMAN,,no sliceable ECD span in the fetched entry,false,,2026-08-06,2001-03-01
Q96Q80,non_surface,active,DERL3_HUMAN,,no sliceable ECD span in the fetched entry,false,,2026-08-06,2004-07-19
O95424,non_surface,active,DEXI_HUMAN,,no sliceable ECD span in the fetched entry,false,,2026-08-06,2001-08-14
Q6ZPD8,non_surface,active,DG2L6_HUMAN,,no sliceable ECD span in the fetched entry,false,,2026-08-06,2004-07-05
O75907,non_surface,active,DGAT1_HUMAN,,no sliceable ECD span in the fetched entry,false,,2026-08-06,2003-07-25
Q96PD7,non_surface,active,DGAT2_HUMAN,,no sliceable ECD span in the fetched entry,false,,2026-08-06,2002-03-01
P52429,non_surface,active,DGKE_HUMAN,,no sliceable ECD span in the fetched entry,false,,2026-08-06,1996-10-01
Q53GQ0,non_surface,active,DHB12_HUMAN,,no sliceable ECD span in the fetched entry,false,,2026-08-06,2007-10-02
P37059,non_surface,active,DHB2_HUMAN,,no sliceable ECD span in the fetched entry,false,,2026-08-06,1994-06-01
P56937,non_surface,active,DHB7_HUMAN,229,,false,,2026-08-06,2000-05-30
Q15392,non_surface,active,DHC24_HUMAN,,no sliceable ECD span in the fetched entry,false,,2026-08-06,2002-01-31
Q9UBM7,non_surface,active,DHCR7_HUMAN,,no sliceable ECD span in the fetched entry,false,,2026-08-06,2000-05-01
P28845,non_surface,active,DHI1_HUMAN,,no sliceable ECD span in the fetched entry,false,,2026-08-06,2007-01-23
P80365,non_surface,active,DHI2_HUMAN,,no sliceable ECD span in the fetched entry,false,,2026-08-06,2003-04-30
O75911,non_surface,active,DHRS3_HUMAN,,no sliceable ECD span in the fetched entry,false,,2026-08-06,2005-03-29
O14521,non_surface,active,DHSD_HUMAN,,no sliceable ECD span in the fetched entry,false,,2026-08-06,1998-01-01
Q9H2U1,non_surface,active,DHX36_HUMAN,,no sliceable ECD span in the fetched entry,false,,2026-08-06,2010-11-30
Q9Y2E4,non_surface,active,DIP2C_HUMAN,,no sliceable ECD span in the fetched entry,false,,2026-08-06,2003-03-28
Q9NXW2,non_surface,active,DJB12_HUMAN,,no sliceable ECD span in the fetched entry,false,,2026-08-06,2018-10-10
Q8TBM8,non_surface,active,DJB14_HUMAN,,no sliceable ECD span in the fetched entry,false,,2026-08-06,2002-06-01
Q9NVH1,non_surface,active,DJC11_HUMAN,,no sliceable ECD span in the fetched entry,false,,2026-08-06,2006-07-25
O75165,non_surface,active,DJC13_HUMAN,,no sliceable ECD span in the fetched entry,false,,2026-08-06,2010-11-02
Q6Y2X3,non_surface,active,DJC14_HUMAN,,no sliceable ECD span in the fetched entry,false,,2026-08-06,2006-07-25
Q9Y5T4,non_surface,active,DJC15_HUMAN,,no sliceable ECD span in the fetched entry,false,,2026-08-06,2006-07-25
Q8N4W6,non_surface,active,DJC22_HUMAN,,no sliceable ECD span in the fetched entry,false,,2026-08-06,2002-10-01
Q9H1X3,non_surface,active,DJC25_HUMAN,,no sliceable ECD span in the fetched entry,false,,2026-08-06,2001-03-01
Q96LL9,non_surface,active,DJC30_HUMAN,,no sliceable ECD span in the fetched entry,false,,2026-08-06,2002-10-19
Q09013,non_surface,active,DMPK_HUMAN,,no sliceable ECD span in the fetched entry,false,,2026-08-06,2011-12-14
Q8TDJ6,non_surface,active,DMXL2_HUMAN,,no sliceable ECD span in the fetched entry,false,,2026-08-06,2010-05-18
Q8N7S2,non_surface,active,DNJ5G_HUMAN,,no sliceable ECD span in the fetched entry,false,,2026-08-06,2002-10-01
Q96KC8,non_surface,active,DNJC1_HUMAN,,no sliceable ECD span in the fetched entry,false,,2026-08-06,2001-12-01
Q9NNZ3,non_surface,active,DNJC4_HUMAN,,no sliceable ECD span in the fetched entry,false,,2026-08-06,2000-10-01
Q5JSL3,non_surface,active,DOC11_HUMAN,,no sliceable ECD span in the fetched entry,false,,2026-08-06,2007-09-11
Q8IZD9,non_surface,active,DOCK3_HUMAN,,no sliceable ECD span in the fetched entry,false,,2026-08-06,2003-03-01
Q8N1I0,non_surface,active,DOCK4_HUMAN,,no sliceable ECD span in the fetched entry,false,,2026-08-06,2010-05-18
Q9UPQ8,non_surface,active,DOLK_HUMAN,,no sliceable ECD span in the fetched entry,false,,2026-08-06,2000-05-01
Q5JWR5,non_surface,active,DOP1_HUMAN,,no sliceable ECD span in the fetched entry,false,,2026-08-06,2007-02-20
Q9Y3R5,non_surface,active,DOP2_HUMAN,,no sliceable ECD span in the fetched entry,false,,2026-08-06,2010-11-02
Q86YN1,non_surface,active,DOPP1_HUMAN,,no sliceable ECD span in the fetched entry,false,,2026-08-06,2003-06-01
Q8N350,non_surface,active,DOS_HUMAN,45,,false,,2026-08-06,2016-03-16
Q1HG44,non_surface,active,DOXA2_HUMAN,106,,false,,2026-08-06,2008-11-25
O94777,non_surface,active,DPM2_HUMAN,,no sliceable ECD span in the fetched entry,false,,2026-08-06,2007-01-23
Q9P2X0,non_surface,active,DPM3_HUMAN,,no sliceable ECD span in the fetched entry,false,,2026-08-06,2007-02-06
Q07864,non_surface,active,DPOE1_HUMAN,,no sliceable ECD span in the fetched entry,false,,2026-08-06,2006-10-17
Q8N682,non_surface,active,DRAM1_HUMAN,,no sliceable ECD span in the fetched entry,false,,2026-08-06,2002-10-01
Q6UX65,non_surface,active,DRAM2_HUMAN,,no sliceable ECD span in the fetched entry,false,,2026-08-06,2004-07-05
Q6IAN0,non_surface,active,DRS7B_HUMAN,,no sliceable ECD span in the fetched entry,false,,2026-08-06,2007-12-04
Q6B8I1,non_surface,active,DS13A_HUMAN,,no sliceable ECD span in the fetched entry,false,,2026-08-06,2004-09-13
Q5VZP5,non_surface,active,DUS27_HUMAN,,no sliceable ECD span in the fetched entry,false,,2026-08-06,2004-12-07
Q9P225,non_surface,active,DYH2_HUMAN,,no sliceable ECD span in the fetched entry,false,,2026-08-06,2008-02-26
Q9NYC9,non_surface,active,DYH9_HUMAN,,no sliceable ECD span in the fetched entry,false,,2026-08-06,2010-11-02
Q7RTS9,non_surface,active,DYM_HUMAN,,no sliceable ECD span in the fetched entry,false,,2026-08-06,2003-12-15
O75923,non_surface,active,DYSF_HUMAN,13,,false,,2026-08-06,1998-11-01
Q9NZJ5,non_surface,active,E2AK3_HUMAN,,no sliceable ECD span in the fetched entry,false,,2026-08-06,2010-05-18
Q9Y2J2,non_surface,active,E41L3_HUMAN,,no sliceable ECD span in the fetched entry,false,,2026-08-06,2001-12-05
P0CF75,non_surface,active,EBLN1_HUMAN,,no sliceable ECD span in the fetched entry,false,,2026-08-06,2014-03-19
Q9BY08,non_surface,active,EBPL_HUMAN,,no sliceable ECD span in the fetched entry,false,,2026-08-06,2001-06-01
O60344,non_surface,inactive,ECE2_HUMAN,,not fetched: uniprot_inactive,false,,,
Q92611,non_surface,active,EDEM1_HUMAN,,no sliceable ECD span in the fetched entry,false,,2026-08-06,1997-02-01
O14681,non_surface,active,EI24_HUMAN,,no sliceable ECD span in the fetched entry,false,,2026-08-06,2009-05-05
Q8N140,non_surface,active,EID3_HUMAN,,no sliceable ECD span in the fetched entry,false,,2026-08-06,2002-10-01
Q8N336,non_surface,active,ELMD1_HUMAN,,no sliceable ECD span in the fetched entry,false,,2026-08-06,2006-03-07
Q9BW60,non_surface,active,ELOV1_HUMAN,,no sliceable ECD span in the fetched entry,false,,2026-08-06,2001-06-01
Q9NXB9,non_surface,active,ELOV2_HUMAN,,no sliceable ECD span in the fetched entry,false,,2026-08-06,2008-02-26
Q9HB03,non_surface,active,ELOV3_HUMAN,,no sliceable ECD span in the fetched entry,false,,2026-08-06,2002-11-28
Q9GZR5,non_surface,active,ELOV4_HUMAN,,no sliceable ECD span in the fetched entry,false,,2026-08-06,2001-03-01
Q9NYP7,non_surface,active,ELOV5_HUMAN,,no sliceable ECD span in the fetched entry,false,,2026-08-06,2000-10-01
Q9H5J4,non_surface,active,ELOV6_HUMAN,,no sliceable ECD span in the fetched entry,false,,2026-08-06,2001-03-01
A1L3X0,non_surface,active,ELOV7_HUMAN,,no sliceable ECD span in the fetched entry,false,,2026-08-06,2007-02-06
O95834,non_surface,active,EMAL2_HUMAN,,no sliceable ECD span in the fetched entry,false,,2026-08-06,1999-05-01
Q5T6L9,non_surface,active,EMARD_HUMAN,,no sliceable ECD span in the fetched entry,false,,2026-08-06,2004-12-21
Q9P0I2,non_surface,active,EMC3_HUMAN,,no sliceable ECD span in the fetched entry,false,,2026-08-06,2007-01-23
Q5J8M3,non_surface,active,EMC4_HUMAN,,no sliceable ECD span in the fetched entry,false,,2026-08-06,2006-10-03
Q9BV81,non_surface,active,EMC6_HUMAN,,no sliceable ECD span in the fetched entry,false,,2026-08-06,2001-06-01
P50402,non_surface,active,EMD_HUMAN,,no sliceable ECD span in the fetched entry,false,,2026-08-06,1996-10-01
Q9H4I9,non_surface,active,EMRE_HUMAN,,no sliceable ECD span in the fetched entry,false,,2026-08-06,2001-03-01
Q9Y5L3,non_surface,active,ENTP2_HUMAN,434,,false,,2026-08-06,1999-11-01
Q9Y227,non_surface,active,ENTP4_HUMAN,,no sliceable ECD span in the fetched entry,false,,2026-08-06,1999-11-01
O75354,non_surface,active,ENTP6_HUMAN,,no sliceable ECD span in the fetched entry,false,,2026-08-06,2011-01-11
Q9NQZ7,non_surface,active,ENTP7_HUMAN,,no sliceable ECD span in the fetched entry,false,,2026-08-06,2000-10-01
Q8IUS5,non_surface,active,EPHX4_HUMAN,,no sliceable ECD span in the fetched entry,false,,2026-08-06,2007-03-20
Q9C0D9,non_surface,active,EPT1_HUMAN,,no sliceable ECD span in the fetched entry,false,,2026-08-06,2008-02-26
Q9NZ08,non_surface,active,ERAP1_HUMAN,,no sliceable ECD span in the fetched entry,false,,2026-08-06,2007-07-24
Q6P179,non_surface,active,ERAP2_HUMAN,,no sliceable ECD span in the fetched entry,false,,2026-08-06,2008-01-15
P24390,non_surface,active,ERD21_HUMAN,,no sliceable ECD span in the fetched entry,false,,2026-08-06,1992-03-01
P33947,non_surface,active,ERD22_HUMAN,,no sliceable ECD span in the fetched entry,false,,2026-08-06,1994-02-01
O43731,non_surface,active,ERD23_HUMAN,,no sliceable ECD span in the fetched entry,false,,2026-08-06,1998-06-01
Q14534,non_surface,active,ERG1_HUMAN,,no sliceable ECD span in the fetched entry,false,,2026-08-06,2010-05-18
Q9UKR5,non_surface,active,ERG28_HUMAN,,no sliceable ECD span in the fetched entry,false,,2026-08-06,2000-05-01
Q969X5,non_surface,active,ERGI1_HUMAN,,no sliceable ECD span in the fetched entry,false,,2026-08-06,2001-12-01
Q96RQ1,non_surface,active,ERGI2_HUMAN,,no sliceable ECD span in the fetched entry,false,,2026-08-06,2006-06-13
O75477,non_surface,active,ERLN1_HUMAN,,no sliceable ECD span in the fetched entry,false,,2026-08-06,2019-05-08
O94905,non_surface,active,ERLN2_HUMAN,,no sliceable ECD span in the fetched entry,false,,2026-08-06,1999-05-01
O75460,non_surface,active,ERN1_HUMAN,,no sliceable ECD span in the fetched entry,false,,2026-08-06,2008-07-01
Q76MJ5,non_surface,active,ERN2_HUMAN,,no sliceable ECD span in the fetched entry,false,,2026-08-06,2011-04-05
Q14674,non_surface,active,ESPL1_HUMAN,,no sliceable ECD span in the fetched entry,false,,2026-08-06,2010-10-05
Q9BSJ8,non_surface,active,ESYT1_HUMAN,,no sliceable ECD span in the fetched entry,false,,2026-08-06,2001-06-01
A0FGR8,non_surface,active,ESYT2_HUMAN,,no sliceable ECD span in the fetched entry,false,,2026-08-06,2006-11-28
Q16134,non_surface,active,ETFD_HUMAN,,no sliceable ECD span in the fetched entry,false,,2026-08-06,2010-03-23
Q9H8M9,non_surface,active,EVA1A_HUMAN,,no sliceable ECD span in the fetched entry,false,,2026-08-06,2001-03-01
Q9NVM1,non_surface,active,EVA1B_HUMAN,,no sliceable ECD span in the fetched entry,false,,2026-08-06,2000-10-01
P57679,non_surface,active,EVC_HUMAN,25,,false,,2026-08-06,2000-12-01
Q9NVH0,non_surface,active,EXD2_HUMAN,,no sliceable ECD span in the fetched entry,false,,2026-08-06,2012-10-31
Q16394,non_surface,active,EXT1_HUMAN,,no sliceable ECD span in the fetched entry,false,,2026-08-06,2002-03-27
Q93063,non_surface,active,EXT2_HUMAN,,no sliceable ECD span in the fetched entry,false,,2026-08-06,1997-02-01
Q92935,non_surface,active,EXTL1_HUMAN,,no sliceable ECD span in the fetched entry,false,,2026-08-06,2006-04-18
Q9UBQ6,non_surface,active,EXTL2_HUMAN,,no sliceable ECD span in the fetched entry,false,,2026-08-06,2000-05-01
O43909,non_surface,active,EXTL3_HUMAN,,no sliceable ECD span in the fetched entry,false,,2026-08-06,1998-06-01
Q9NUU6,non_surface,active,F105A_HUMAN,,no sliceable ECD span in the fetched entry,false,,2026-08-06,2000-10-01
Q9NWS6,non_surface,active,F118A_HUMAN,,no sliceable ECD span in the fetched entry,false,,2026-08-06,2010-05-18
Q8NC44,non_surface,active,F134A_HUMAN,,no sliceable ECD span in the fetched entry,false,,2026-08-06,2010-05-18
Q9H6L5,non_surface,active,F134B_HUMAN,,no sliceable ECD span in the fetched entry,false,,2026-08-06,2001-03-01
Q86VR2,non_surface,active,F134C_HUMAN,,no sliceable ECD span in the fetched entry,false,,2026-08-06,2003-06-01
Q8WW52,non_surface,active,F151A_HUMAN,,no sliceable ECD span in the fetched entry,false,,2026-08-06,2007-11-13
B1AL88,non_surface,active,F155A_HUMAN,,no sliceable ECD span in the fetched entry,false,,2026-08-06,2008-04-08
O75949,non_surface,active,F155B_HUMAN,,no sliceable ECD span in the fetched entry,false,,2026-08-06,2019-05-08
Q5T6X4,non_surface,active,F162B_HUMAN,,no sliceable ECD span in the fetched entry,false,,2026-08-06,2004-12-21
Q96GL9,non_surface,active,F163A_HUMAN,,no sliceable ECD span in the fetched entry,false,,2026-08-06,2001-12-01
P0C2L3,non_surface,active,F163B_HUMAN,,no sliceable ECD span in the fetched entry,false,,2026-08-06,2007-03-20
A1KXE4,non_surface,active,F168B_HUMAN,100,,false,,2026-08-06,2007-02-20
A6NC97,non_surface,active,F172B_HUMAN,,no sliceable ECD span in the fetched entry,false,,2026-08-06,2008-05-20
Q9BQD7,non_surface,active,F173A_HUMAN,,no sliceable ECD span in the fetched entry,false,,2026-08-06,2001-06-01
Q6P4H8,non_surface,active,F173B_HUMAN,,no sliceable ECD span in the fetched entry,false,,2026-08-06,2008-02-26
Q6P0A1,non_surface,active,F180B_HUMAN,,no sliceable ECD span in the fetched entry,false,,2026-08-06,2019-09-18
A6NFU0,non_surface,active,F187A_HUMAN,359,,false,,2026-08-06,2007-07-24
Q6UWH4,non_surface,active,F198B_HUMAN,464,,false,,2026-08-06,2004-07-05
Q7Z5A7,non_surface,active,F19A5_HUMAN,,no sliceable ECD span in the fetched entry,false,,2026-08-06,2008-09-02
Q8TCP9,non_surface,active,F200A_HUMAN,513,,false,,2026-08-06,2002-06-01
Q6ZU69,non_surface,active,F205A_HUMAN,,no sliceable ECD span in the fetched entry,false,,2026-08-06,2008-09-23
A6NFA0,non_surface,active,F205C_HUMAN,,no sliceable ECD span in the fetched entry,false,,2026-08-06,2008-07-22
Q5JX71,non_surface,active,F209A_HUMAN,33,,false,,2026-08-06,2005-02-15
Q5JX69,non_surface,active,F209B_HUMAN,33,,false,,2026-08-06,2005-02-15
Q96ND0,non_surface,active,F210A_HUMAN,,no sliceable ECD span in the fetched entry,false,,2026-08-06,2010-05-18
Q96KR6,non_surface,active,F210B_HUMAN,,no sliceable ECD span in the fetched entry,false,,2026-08-06,2003-10-10
Q9BRX8,non_surface,active,F213A_HUMAN,,no sliceable ECD span in the fetched entry,false,,2026-08-06,2004-11-23
Q6P4D5,non_surface,active,F222C_HUMAN,,no sliceable ECD span in the fetched entry,false,,2026-08-06,2004-07-05
Q5RGS3,non_surface,inactive,F74A1_HUMAN,,not fetched: uniprot_inactive,false,,,
Q4VXF1,non_surface,inactive,F74A3_HUMAN,,not fetched: uniprot_inactive,false,,,
A6NL05,non_surface,inactive,F74A7_HUMAN,,not fetched: uniprot_inactive,false,,,
Q5R3K3,non_surface,active,FA26F_HUMAN,42,,false,,2026-08-06,2004-12-21
Q7L5A8,non_surface,active,FA2H_HUMAN,,no sliceable ECD span in the fetched entry,false,,2026-08-06,2004-11-23
Q71RH2,non_surface,active,FA57B_HUMAN,,no sliceable ECD span in the fetched entry,false,,2026-08-06,2004-07-05
Q5T7M9,non_surface,active,FA69A_HUMAN,,no sliceable ECD span in the fetched entry,false,,2026-08-06,2004-12-21
Q5VUD6,non_surface,active,FA69B_HUMAN,,no sliceable ECD span in the fetched entry,false,,2026-08-06,2010-05-18
Q0P6D2,non_surface,active,FA69C_HUMAN,,no sliceable ECD span in the fetched entry,false,,2026-08-06,2010-05-18
Q8NAN2,non_surface,active,FA73A_HUMAN,,no sliceable ECD span in the fetched entry,false,,2026-08-06,2002-10-01
Q7L4E1,non_surface,active,FA73B_HUMAN,,no sliceable ECD span in the fetched entry,false,,2026-08-06,2004-12-21
Q6ZRV2,non_surface,active,FA83H_HUMAN,,no sliceable ECD span in the fetched entry,false,,2026-08-06,2010-05-18
P0C7U9,non_surface,active,FA87A_HUMAN,,no sliceable ECD span in the fetched entry,false,,2026-08-06,2008-07-22
Q9UBU6,non_surface,active,FA8A1_HUMAN,,no sliceable ECD span in the fetched entry,false,,2026-08-06,2000-05-01
Q52LJ0,non_surface,active,FA98B_HUMAN,,no sliceable ECD span in the fetched entry,false,,2026-08-06,2019-05-08
O00519,non_surface,active,FAAH1_HUMAN,,no sliceable ECD span in the fetched entry,false,,2026-08-06,2005-03-01
Q9BXW9,non_surface,active,FACD2_HUMAN,,no sliceable ECD span in the fetched entry,false,,2026-08-06,2014-11-26
O75844,non_surface,active,FACE1_HUMAN,,no sliceable ECD span in the fetched entry,false,,2026-08-06,2001-04-27
Q9Y256,non_surface,active,FACE2_HUMAN,,no sliceable ECD span in the fetched entry,false,,2026-08-06,1999-11-01
Q8WVX9,non_surface,active,FACR1_HUMAN,,no sliceable ECD span in the fetched entry,false,,2026-08-06,2002-03-01
Q96K12,non_surface,active,FACR2_HUMAN,,no sliceable ECD span in the fetched entry,false,,2026-08-06,2001-12-01
O60427,non_surface,active,FADS1_HUMAN,,no sliceable ECD span in the fetched entry,false,,2026-08-06,2013-12-11
O95864,non_surface,active,FADS2_HUMAN,,no sliceable ECD span in the fetched entry,false,,2026-08-06,1999-05-01
Q9Y5Q0,non_surface,active,FADS3_HUMAN,,no sliceable ECD span in the fetched entry,false,,2026-08-06,1999-11-01
Q8N9I5,non_surface,active,FADS6_HUMAN,,no sliceable ECD span in the fetched entry,false,,2026-08-06,2026-01-28
Q96CS3,non_surface,active,FAF2_HUMAN,,no sliceable ECD span in the fetched entry,false,,2026-08-06,2004-03-01
Q53R41,non_surface,active,FAKD1_HUMAN,,no sliceable ECD span in the fetched entry,false,,2026-08-06,2005-05-24
O15360,non_surface,active,FANCA_HUMAN,,no sliceable ECD span in the fetched entry,false,,2026-08-06,2007-05-15
Q969F0,non_surface,active,FATE1_HUMAN,,no sliceable ECD span in the fetched entry,false,,2026-08-06,2001-12-01
Q5TGI0,non_surface,active,FAXC_HUMAN,,no sliceable ECD span in the fetched entry,false,,2026-08-06,2005-08-30
Q6X9E4,non_surface,active,FBW12_HUMAN,,no sliceable ECD span in the fetched entry,false,,2026-08-06,2008-11-25
Q8NFZ0,non_surface,active,FBX18_HUMAN,,no sliceable ECD span in the fetched entry,false,,2026-08-06,2004-03-15
Q9NRD0,non_surface,active,FBX8_HUMAN,,no sliceable ECD span in the fetched entry,false,,2026-08-06,2000-10-01
P30273,non_surface,active,FCERG_HUMAN,5,,false,,2026-08-06,1993-04-01
P37268,non_surface,active,FDFT_HUMAN,,no sliceable ECD span in the fetched entry,false,,2026-08-06,1994-10-01
P0C7X4,non_surface,active,FHL19_HUMAN,,no sliceable ECD span in the fetched entry,false,,2026-08-06,2008-07-22
Q9BVA6,non_surface,active,FICD_HUMAN,,no sliceable ECD span in the fetched entry,false,,2026-08-06,2004-07-05
Q92562,non_surface,active,FIG4_HUMAN,,no sliceable ECD span in the fetched entry,false,,2026-08-06,1997-02-01
Q9Y3D6,non_surface,active,FIS1_HUMAN,,no sliceable ECD span in the fetched entry,false,,2026-08-06,2003-07-19
A5D6W6,non_surface,active,FITM1_HUMAN,,no sliceable ECD span in the fetched entry,false,,2026-08-06,2007-06-12
Q8N6M3,non_surface,active,FITM2_HUMAN,,no sliceable ECD span in the fetched entry,false,,2026-08-06,2002-10-01
Q14318,non_surface,active,FKBP8_HUMAN,,no sliceable ECD span in the fetched entry,false,,2026-08-06,2008-07-01
O75072,non_surface,active,FKTN_HUMAN,,no sliceable ECD span in the fetched entry,false,,2026-08-06,2003-02-12
Q9UGQ2,non_surface,active,FLOWR_HUMAN,4,,false,,2026-08-06,2000-05-01
Q01740,non_surface,active,FMO1_HUMAN,,no sliceable ECD span in the fetched entry,false,,2026-08-06,2007-01-23
P31513,non_surface,active,FMO3_HUMAN,,no sliceable ECD span in the fetched entry,false,,2026-08-06,2007-01-23
P31512,non_surface,active,FMO4_HUMAN,,no sliceable ECD span in the fetched entry,false,,2026-08-06,2007-01-23
P49326,non_surface,active,FMO5_HUMAN,,no sliceable ECD span in the fetched entry,false,,2026-08-06,2007-01-23
O60774,non_surface,active,FMO6_HUMAN,,no sliceable ECD span in the fetched entry,false,,2026-08-06,1998-08-01
Q8N0W7,non_surface,active,FMR1N_HUMAN,94,,false,,2026-08-06,2002-10-01
Q9Y2H6,non_surface,active,FND3A_HUMAN,,no sliceable ECD span in the fetched entry,false,,2026-08-06,2009-07-28
Q53EP0,non_surface,active,FND3B_HUMAN,,no sliceable ECD span in the fetched entry,false,,2026-08-06,2007-05-01
Q5VW36,non_surface,active,FOCAD_HUMAN,,no sliceable ECD span in the fetched entry,false,,2026-08-06,2022-02-23
P14324,non_surface,active,FPPS_HUMAN,,no sliceable ECD span in the fetched entry,false,,2026-08-06,2008-11-25
A9Z1Z3,non_surface,inactive,FR1L4_HUMAN,,not fetched: uniprot_inactive,false,,,
A0AVI2,non_surface,active,FR1L5_HUMAN,75,,false,,2026-08-06,2017-09-27
Q2WGJ9,non_surface,active,FR1L6_HUMAN,12,,false,,2026-08-06,2009-11-03
A2A2Y4,non_surface,active,FRMD3_HUMAN,,no sliceable ECD span in the fetched entry,false,,2026-08-06,2007-02-20
Q7Z6J6,non_surface,active,FRMD5_HUMAN,,no sliceable ECD span in the fetched entry,false,,2026-08-06,2003-10-01
Q9P0K9,non_surface,active,FRS1L_HUMAN,,no sliceable ECD span in the fetched entry,false,,2026-08-06,2022-02-23
Q5TBA9,non_surface,active,FRY_HUMAN,,no sliceable ECD span in the fetched entry,false,,2026-08-06,2004-12-21
A8MWK0,non_surface,active,FS2P1_HUMAN,,no sliceable ECD span in the fetched entry,false,,2026-08-06,2008-09-02
O95954,non_surface,active,FTCD_HUMAN,,no sliceable ECD span in the fetched entry,false,,2026-08-06,2000-05-30
Q96A29,non_surface,active,FUCT1_HUMAN,,no sliceable ECD span in the fetched entry,false,,2026-08-06,2001-12-01
Q8IVP5,non_surface,active,FUND1_HUMAN,,no sliceable ECD span in the fetched entry,false,,2026-08-06,2003-03-01
Q6P4F1,non_surface,active,FUT10_HUMAN,,no sliceable ECD span in the fetched entry,false,,2026-08-06,2007-08-21
Q495W5,non_surface,active,FUT11_HUMAN,,no sliceable ECD span in the fetched entry,false,,2026-08-06,2005-09-13
P19526,non_surface,active,FUT1_HUMAN,,no sliceable ECD span in the fetched entry,false,,2026-08-06,1991-02-01
Q10981,non_surface,active,FUT2_HUMAN,,no sliceable ECD span in the fetched entry,false,,2026-08-06,1996-10-01
P21217,non_surface,active,FUT3_HUMAN,,no sliceable ECD span in the fetched entry,false,,2026-08-06,2024-01-24
Q11128,non_surface,active,FUT5_HUMAN,,no sliceable ECD span in the fetched entry,false,,2026-08-06,2024-01-24
P51993,non_surface,active,FUT6_HUMAN,,no sliceable ECD span in the fetched entry,false,,2026-08-06,1996-10-01
Q11130,non_surface,active,FUT7_HUMAN,,no sliceable ECD span in the fetched entry,false,,2026-08-06,1996-10-01
Q9BYC5,non_surface,active,FUT8_HUMAN,,no sliceable ECD span in the fetched entry,false,,2026-08-06,2002-03-05
Q9Y231,non_surface,active,FUT9_HUMAN,,no sliceable ECD span in the fetched entry,false,,2026-08-06,2010-11-02
Q96IV6,non_surface,active,FXDC2_HUMAN,,no sliceable ECD span in the fetched entry,false,,2026-08-06,2001-12-01
Q96CU9,non_surface,active,FXRD1_HUMAN,,no sliceable ECD span in the fetched entry,false,,2026-08-06,2007-01-23
Q14802,non_surface,active,FXYD3_HUMAN,18,,false,,2026-08-06,1996-11-01
P59646,non_surface,active,FXYD4_HUMAN,18,,false,,2026-08-06,2006-09-05
Q96DB9,non_surface,active,FXYD5_HUMAN,124,,false,,2026-08-06,2010-11-02
Q9H0Q3,non_surface,active,FXYD6_HUMAN,17,,false,,2026-08-06,2001-03-01
P58549,non_surface,active,FXYD7_HUMAN,23,,false,,2026-08-06,2002-01-23
P58550,non_surface,active,FXYD8_HUMAN,16,,false,,2026-08-06,2005-08-16
P27469,non_surface,active,G0S2_HUMAN,,no sliceable ECD span in the fetched entry,false,,2026-08-06,1992-08-01
Q99999,non_surface,active,G3ST1_HUMAN,,no sliceable ECD span in the fetched entry,false,,2026-08-06,1997-05-01
Q9H3Q3,non_surface,active,G3ST2_HUMAN,,no sliceable ECD span in the fetched entry,false,,2026-08-06,2008-11-04
Q96A11,non_surface,active,G3ST3_HUMAN,,no sliceable ECD span in the fetched entry,false,,2026-08-06,2001-12-01
Q96RP7,non_surface,active,G3ST4_HUMAN,,no sliceable ECD span in the fetched entry,false,,2026-08-06,2001-12-01
Q9NQR9,non_surface,active,G6PC2_HUMAN,,no sliceable ECD span in the fetched entry,false,,2026-08-06,2000-10-01
Q9BUM1,non_surface,active,G6PC3_HUMAN,,no sliceable ECD span in the fetched entry,false,,2026-08-06,2004-03-01
P35575,non_surface,active,G6PC_HUMAN,,no sliceable ECD span in the fetched entry,false,,2026-08-06,2008-09-23
Q96PS6,non_surface,active,GAFA1_HUMAN,,no sliceable ECD span in the fetched entry,false,,2026-08-06,2001-12-01
Q10472,non_surface,active,GALT1_HUMAN,,no sliceable ECD span in the fetched entry,false,,2026-08-06,1996-10-01
Q10471,non_surface,active,GALT2_HUMAN,,no sliceable ECD span in the fetched entry,false,,2026-08-06,1996-11-01
Q14435,non_surface,active,GALT3_HUMAN,,no sliceable ECD span in the fetched entry,false,,2026-08-06,2008-10-14
Q8N4A0,non_surface,active,GALT4_HUMAN,,no sliceable ECD span in the fetched entry,false,,2026-08-06,2011-06-28
Q7Z7M9,non_surface,active,GALT5_HUMAN,,no sliceable ECD span in the fetched entry,false,,2026-08-06,2003-10-01
Q8NCL4,non_surface,active,GALT6_HUMAN,,no sliceable ECD span in the fetched entry,false,,2026-08-06,2004-08-16
Q86SF2,non_surface,active,GALT7_HUMAN,,no sliceable ECD span in the fetched entry,false,,2026-08-06,2003-06-01
Q9NY28,non_surface,active,GALT8_HUMAN,,no sliceable ECD span in the fetched entry,false,,2026-08-06,2000-10-01
Q9HCQ5,non_surface,active,GALT9_HUMAN,,no sliceable ECD span in the fetched entry,false,,2026-08-06,2007-04-03
Q8N292,non_surface,active,GAPT_HUMAN,,no sliceable ECD span in the fetched entry,false,,2026-08-06,2002-10-01
Q92538,non_surface,active,GBF1_HUMAN,,no sliceable ECD span in the fetched entry,false,,2026-08-06,2024-01-24
Q8N5D6,non_surface,active,GBGT1_HUMAN,,no sliceable ECD span in the fetched entry,false,,2026-08-06,2005-05-10
P32455,non_surface,active,GBP1_HUMAN,,no sliceable ECD span in the fetched entry,false,,2026-08-06,2010-11-02
P32456,non_surface,active,GBP2_HUMAN,,no sliceable ECD span in the fetched entry,false,,2026-08-06,2009-04-14
Q9H0R5,non_surface,active,GBP3_HUMAN,,no sliceable ECD span in the fetched entry,false,,2026-08-06,2009-01-20
Q96PP8,non_surface,active,GBP5_HUMAN,,no sliceable ECD span in the fetched entry,false,,2026-08-06,2001-12-01
Q6ZN66,non_surface,active,GBP6_HUMAN,,no sliceable ECD span in the fetched entry,false,,2026-08-06,2004-07-05
Q8N8V2,non_surface,active,GBP7_HUMAN,,no sliceable ECD span in the fetched entry,false,,2026-08-06,2010-11-02
Q8WZA8,non_surface,active,GC224_HUMAN,,no sliceable ECD span in the fetched entry,false,,2026-08-06,2002-03-01
Q02742,non_surface,active,GCNT1_HUMAN,,no sliceable ECD span in the fetched entry,false,,2026-08-06,2008-12-16
O95395,non_surface,active,GCNT3_HUMAN,,no sliceable ECD span in the fetched entry,false,,2026-08-06,1999-05-01
Q9P109,non_surface,active,GCNT4_HUMAN,,no sliceable ECD span in the fetched entry,false,,2026-08-06,2000-10-01
Q5T4J0,non_surface,inactive,GCNT6_HUMAN,,not fetched: uniprot_inactive,false,,,
Q6ZNI0,non_surface,active,GCNT7_HUMAN,405,,false,,2026-08-06,2007-08-21
P04150,non_surface,active,GCR_HUMAN,,no sliceable ECD span in the fetched entry,false,,2026-08-06,1986-11-01
Q96MZ0,non_surface,active,GD1L1_HUMAN,,no sliceable ECD span in the fetched entry,false,,2026-08-06,2003-11-07
Q8TB36,non_surface,active,GDAP1_HUMAN,,no sliceable ECD span in the fetched entry,false,,2026-08-06,2009-11-24
Q9NZC3,non_surface,active,GDE1_HUMAN,,no sliceable ECD span in the fetched entry,false,,2026-08-06,2000-10-01
Q8N9F7,non_surface,active,GDPD1_HUMAN,98,,false,,2026-08-06,2006-10-03
Q7L5L3,non_surface,active,GDPD3_HUMAN,175,,false,,2026-08-06,2009-04-14
Q6P531,non_surface,active,GGT6_HUMAN,418,,false,,2026-08-06,2008-01-15
Q4G0N0,non_surface,active,GGTA1_HUMAN,,no sliceable ECD span in the fetched entry,false,,2026-08-06,2010-10-05
Q9H936,non_surface,active,GHC1_HUMAN,,no sliceable ECD span in the fetched entry,false,,2026-08-06,2001-03-01
Q9H1K4,non_surface,active,GHC2_HUMAN,,no sliceable ECD span in the fetched entry,false,,2026-08-06,2001-03-01
Q9H3K2,non_surface,active,GHITM_HUMAN,,no sliceable ECD span in the fetched entry,false,,2026-08-06,2001-08-14
Q8WWP7,non_surface,active,GIMA1_HUMAN,,no sliceable ECD span in the fetched entry,false,,2026-08-06,2002-03-01
Q9UG22,non_surface,active,GIMA2_HUMAN,,no sliceable ECD span in the fetched entry,false,,2026-08-06,2003-11-14
Q9NUV9,non_surface,active,GIMA4_HUMAN,,no sliceable ECD span in the fetched entry,false,,2026-08-06,2000-10-01
Q96F15,non_surface,active,GIMA5_HUMAN,,no sliceable ECD span in the fetched entry,false,,2026-08-06,2001-12-01
Q7Z4J2,non_surface,active,GL6D1_HUMAN,,no sliceable ECD span in the fetched entry,false,,2026-08-06,2018-11-07
Q68CQ7,non_surface,active,GL8D1_HUMAN,,no sliceable ECD span in the fetched entry,false,,2026-08-06,2007-05-29
Q9H1C3,non_surface,active,GL8D2_HUMAN,,no sliceable ECD span in the fetched entry,false,,2026-08-06,2001-03-01
Q8NCI6,non_surface,active,GLBL3_HUMAN,,no sliceable ECD span in the fetched entry,false,,2026-08-06,2009-11-24
O94923,non_surface,active,GLCE_HUMAN,,no sliceable ECD span in the fetched entry,false,,2026-08-06,2009-06-16
P15421,non_surface,active,GLPE_HUMAN,33,,false,,2026-08-06,2002-05-27
Q14410,non_surface,active,GLPK2_HUMAN,,no sliceable ECD span in the fetched entry,false,,2026-08-06,2008-07-22
Q14409,non_surface,active,GLPK3_HUMAN,,no sliceable ECD span in the fetched entry,false,,2026-08-06,2008-07-22
P32189,non_surface,active,GLPK_HUMAN,,no sliceable ECD span in the fetched entry,false,,2026-08-06,2008-07-22
Q86SR1,non_surface,active,GLT10_HUMAN,,no sliceable ECD span in the fetched entry,false,,2026-08-06,2004-08-16
Q8NCW6,non_surface,active,GLT11_HUMAN,,no sliceable ECD span in the fetched entry,false,,2026-08-06,2004-08-16
Q8IXK2,non_surface,active,GLT12_HUMAN,,no sliceable ECD span in the fetched entry,false,,2026-08-06,2005-12-20
Q8IUC8,non_surface,active,GLT13_HUMAN,,no sliceable ECD span in the fetched entry,false,,2026-08-06,2006-10-17
Q96FL9,non_surface,active,GLT14_HUMAN,,no sliceable ECD span in the fetched entry,false,,2026-08-06,2001-12-01
Q8N3T1,non_surface,active,GLT15_HUMAN,,no sliceable ECD span in the fetched entry,false,,2026-08-06,2004-08-16
Q8N428,non_surface,active,GLT16_HUMAN,,no sliceable ECD span in the fetched entry,false,,2026-08-06,2004-08-16
Q6P9A2,non_surface,active,GLT18_HUMAN,,no sliceable ECD span in the fetched entry,false,,2026-08-06,2006-10-17
Q6IS24,non_surface,active,GLTL3_HUMAN,,no sliceable ECD span in the fetched entry,false,,2026-08-06,2004-08-16
Q7Z4T8,non_surface,active,GLTL5_HUMAN,,no sliceable ECD span in the fetched entry,false,,2026-08-06,2011-02-08
Q49A17,non_surface,active,GLTL6_HUMAN,,no sliceable ECD span in the fetched entry,false,,2026-08-06,2010-05-18
O95837,non_surface,active,GNA14_HUMAN,,no sliceable ECD span in the fetched entry,false,,2026-08-06,1999-05-01
P11488,non_surface,active,GNAT1_HUMAN,,no sliceable ECD span in the fetched entry,false,,2026-08-06,2007-01-23
P19087,non_surface,active,GNAT2_HUMAN,,no sliceable ECD span in the fetched entry,false,,2026-08-06,2007-01-23
Q3T906,non_surface,active,GNPTA_HUMAN,,no sliceable ECD span in the fetched entry,false,,2026-08-06,2005-10-11
Q8N0V5,non_surface,active,GNT2A_HUMAN|GNT2B_HUMAN|GNT2C_HUMAN,,no sliceable ECD span in the fetched entry,false,,2026-08-06,2002-10-01
Q8TBA6,non_surface,active,GOGA5_HUMAN,,no sliceable ECD span in the fetched entry,false,,2026-08-06,2010-05-18
Q14789,non_surface,active,GOGB1_HUMAN,,no sliceable ECD span in the fetched entry,false,,2026-08-06,2007-04-17
O00461,non_surface,active,GOLI4_HUMAN,,no sliceable ECD span in the fetched entry,false,,2026-08-06,1997-07-01
O95249,non_surface,active,GOSR1_HUMAN,,no sliceable ECD span in the fetched entry,false,,2026-08-06,1999-05-01
O14653,non_surface,active,GOSR2_HUMAN,,no sliceable ECD span in the fetched entry,false,,2026-08-06,2002-08-30
Q6ZVE7,non_surface,active,GOT1A_HUMAN,,no sliceable ECD span in the fetched entry,false,,2026-08-06,2004-07-05
Q9Y3E0,non_surface,active,GOT1B_HUMAN,,no sliceable ECD span in the fetched entry,false,,2026-08-06,1999-11-01
Q8IZ08,non_surface,active,GP135_HUMAN,23,,false,,2026-08-06,2004-11-23
O43292,non_surface,active,GPAA1_HUMAN,,no sliceable ECD span in the fetched entry,false,,2026-08-06,2007-01-23
Q9HCL2,non_surface,active,GPAT1_HUMAN,,no sliceable ECD span in the fetched entry,false,,2026-08-06,2005-02-15
Q6NUI2,non_surface,active,GPAT2_HUMAN,,no sliceable ECD span in the fetched entry,false,,2026-08-06,2008-03-18
Q53EU6,non_surface,active,GPAT3_HUMAN,,no sliceable ECD span in the fetched entry,false,,2026-08-06,2007-06-26
Q86UL3,non_surface,active,GPAT4_HUMAN,,no sliceable ECD span in the fetched entry,false,,2026-08-06,2003-06-01
B7ZAQ6,non_surface,active,GPHRA_HUMAN,,no sliceable ECD span in the fetched entry,false,,2026-08-06,2010-06-15
P0CG08,non_surface,active,GPHRB_HUMAN|GPHRC_HUMAN,,no sliceable ECD span in the fetched entry,false,,2026-08-06,2010-06-15
Q92643,non_surface,active,GPI8_HUMAN,,no sliceable ECD span in the fetched entry,false,,2026-08-06,2002-07-11
Q9H3H5,non_surface,active,GPT_HUMAN,,no sliceable ECD span in the fetched entry,false,,2026-08-06,2001-08-29
Q8TED1,non_surface,active,GPX8_HUMAN,,no sliceable ECD span in the fetched entry,false,,2026-08-06,2009-11-24
Q8IUY3,non_surface,active,GRAM2_HUMAN,,no sliceable ECD span in the fetched entry,false,,2026-08-06,2007-05-15
Q96HH9,non_surface,active,GRAM3_HUMAN,,no sliceable ECD span in the fetched entry,false,,2026-08-06,2001-12-01
Q6IC98,non_surface,active,GRAM4_HUMAN,,no sliceable ECD span in the fetched entry,false,,2026-08-06,2004-07-05
Q4ZG55,non_surface,active,GREB1_HUMAN,,no sliceable ECD span in the fetched entry,false,,2026-08-06,2005-06-07
Q96CP6,non_surface,active,GRM1A_HUMAN,,no sliceable ECD span in the fetched entry,false,,2026-08-06,2006-05-16
Q4G1C9,non_surface,active,GRPL2_HUMAN,,no sliceable ECD span in the fetched entry,false,,2026-08-06,2008-03-18
Q9NRJ2,non_surface,active,GSAS1_HUMAN,,no sliceable ECD span in the fetched entry,false,,2026-08-06,2000-10-01
Q86UQ5,non_surface,active,GTSC1_HUMAN,,no sliceable ECD span in the fetched entry,false,,2026-08-06,2014-09-03
Q4G148,non_surface,active,GXLT1_HUMAN,,no sliceable ECD span in the fetched entry,false,,2026-08-06,2009-11-24
A0PJZ3,non_surface,active,GXLT2_HUMAN,,no sliceable ECD span in the fetched entry,false,,2026-08-06,2007-05-29
Q9P0M6,non_surface,active,H2AW_HUMAN,,no sliceable ECD span in the fetched entry,false,,2026-08-06,2007-01-23
O60243,non_surface,active,H6ST1_HUMAN,,no sliceable ECD span in the fetched entry,false,,2026-08-06,2009-05-05
Q96MM7,non_surface,active,H6ST2_HUMAN,,no sliceable ECD span in the fetched entry,false,,2026-08-06,2005-10-11
Q8IZP7,non_surface,active,H6ST3_HUMAN,,no sliceable ECD span in the fetched entry,false,,2026-08-06,2006-10-17
B0YJ81,non_surface,active,HACD1_HUMAN,,no sliceable ECD span in the fetched entry,false,,2026-08-06,2008-04-08
Q6Y1H2,non_surface,active,HACD2_HUMAN,,no sliceable ECD span in the fetched entry,false,,2026-08-06,2004-07-05
Q9P035,non_surface,active,HACD3_HUMAN,,no sliceable ECD span in the fetched entry,false,,2026-08-06,2008-01-15
Q5VWC8,non_surface,active,HACD4_HUMAN,,no sliceable ECD span in the fetched entry,false,,2026-08-06,2004-12-07
Q9UJ83,non_surface,active,HACL1_HUMAN,,no sliceable ECD span in the fetched entry,false,,2026-08-06,2002-05-02
O60741,non_surface,active,HCN1_HUMAN,26,,false,,2026-08-06,2009-05-05
Q9UL51,non_surface,active,HCN2_HUMAN,23,,false,,2026-08-06,2006-06-13
Q9P1Z3,non_surface,active,HCN3_HUMAN,23,,false,,2026-08-06,2003-02-28
Q9Y3Q4,non_surface,active,HCN4_HUMAN,28,,false,,2026-08-06,1999-11-01
P42858,non_surface,active,HD_HUMAN,,no sliceable ECD span in the fetched entry,false,,2026-08-06,2010-05-18
Q9Y4D8,non_surface,active,HECD4_HUMAN,,no sliceable ECD span in the fetched entry,false,,2026-08-06,2010-07-13
P36551,non_surface,active,HEM6_HUMAN,,no sliceable ECD span in the fetched entry,false,,2026-08-06,2005-06-07
Q5GLZ8,non_surface,active,HERC4_HUMAN,,no sliceable ECD span in the fetched entry,false,,2026-08-06,2005-03-01
Q9UII4,non_surface,active,HERC5_HUMAN,,no sliceable ECD span in the fetched entry,false,,2026-08-06,2010-05-18
Q8IVU3,non_surface,active,HERC6_HUMAN,,no sliceable ECD span in the fetched entry,false,,2026-08-06,2005-07-05
Q15011,non_surface,active,HERP1_HUMAN,,no sliceable ECD span in the fetched entry,false,,2026-08-06,1996-11-01
Q9BSE4,non_surface,active,HERP2_HUMAN,,no sliceable ECD span in the fetched entry,false,,2026-08-06,2010-05-18
Q9HCP6,non_surface,active,HHATL_HUMAN,,no sliceable ECD span in the fetched entry,false,,2026-08-06,2001-03-01
Q5VTY9,non_surface,active,HHAT_HUMAN,,no sliceable ECD span in the fetched entry,false,,2026-08-06,2004-12-07
Q5VZR4,non_surface,active,HIAL2_HUMAN,49,,false,,2026-08-06,2018-11-07
Q8IV36,non_surface,active,HID1_HUMAN,,no sliceable ECD span in the fetched entry,false,,2026-08-06,2003-03-01
Q9Y241,non_surface,active,HIG1A_HUMAN,,no sliceable ECD span in the fetched entry,false,,2026-08-06,1999-11-01
Q9P298,non_surface,active,HIG1B_HUMAN,14,,false,,2026-08-06,2000-10-01
A8MV81,non_surface,active,HIG1C_HUMAN,11,,false,,2026-08-06,2008-07-01
Q9BW72,non_surface,active,HIG2A_HUMAN,,no sliceable ECD span in the fetched entry,false,,2026-08-06,2001-06-01
Q4VC39,non_surface,active,HIG2B_HUMAN,14,,false,,2026-08-06,2005-07-05
Q9Y5L2,non_surface,active,HLPDA_HUMAN,,no sliceable ECD span in the fetched entry,false,,2026-08-06,1999-11-01
P04035,non_surface,active,HMDH_HUMAN,,no sliceable ECD span in the fetched entry,false,,2026-08-06,1986-11-01
P09601,non_surface,active,HMOX1_HUMAN,,no sliceable ECD span in the fetched entry,false,,2026-08-06,1989-07-01
P30519,non_surface,active,HMOX2_HUMAN,,no sliceable ECD span in the fetched entry,false,,2026-08-06,1995-11-01
Q969F9,non_surface,active,HPS3_HUMAN,,no sliceable ECD span in the fetched entry,false,,2026-08-06,2001-12-01
Q6UXD1,non_surface,active,HRCT1_HUMAN,,no sliceable ECD span in the fetched entry,false,,2026-08-06,2004-07-05
Q6P1K1,non_surface,active,HRG1_HUMAN,,no sliceable ECD span in the fetched entry,false,,2026-08-06,2004-07-05
O00198,non_surface,active,HRK_HUMAN,,no sliceable ECD span in the fetched entry,false,,2026-08-06,1997-07-01
Q9HDD0,non_surface,active,HRSL1_HUMAN,,no sliceable ECD span in the fetched entry,false,,2026-08-06,2001-03-01
Q9NWW9,non_surface,active,HRSL2_HUMAN,,no sliceable ECD span in the fetched entry,false,,2026-08-06,2000-10-01
P53816,non_surface,active,HRSL3_HUMAN,,no sliceable ECD span in the fetched entry,false,,2026-08-06,2002-01-31
Q9UL19,non_surface,active,HRSL4_HUMAN,,no sliceable ECD span in the fetched entry,false,,2026-08-06,2000-05-01
Q7LGA3,non_surface,active,HS2ST_HUMAN,,no sliceable ECD span in the fetched entry,false,,2026-08-06,2004-07-05
Q9Y278,non_surface,active,HS3S2_HUMAN,,no sliceable ECD span in the fetched entry,false,,2026-08-06,1999-11-01
Q9Y661,non_surface,active,HS3S4_HUMAN,,no sliceable ECD span in the fetched entry,false,,2026-08-06,2013-07-24
Q8IZT8,non_surface,active,HS3S5_HUMAN,,no sliceable ECD span in the fetched entry,false,,2026-08-06,2003-03-01
Q96QI5,non_surface,active,HS3S6_HUMAN,,no sliceable ECD span in the fetched entry,false,,2026-08-06,2005-03-15
Q9Y663,non_surface,active,HS3SA_HUMAN,,no sliceable ECD span in the fetched entry,false,,2026-08-06,1999-11-01
Q86XA9,non_surface,active,HTR5A_HUMAN,,no sliceable ECD span in the fetched entry,false,,2026-08-06,2007-12-04
O43464,non_surface,active,HTRA2_HUMAN,,no sliceable ECD span in the fetched entry,false,,2026-08-06,2000-05-01
Q8TDB4,non_surface,active,HUMMR_HUMAN,,no sliceable ECD span in the fetched entry,false,,2026-08-06,2002-06-01
Q96NU7,non_surface,active,HUTI_HUMAN,,no sliceable ECD span in the fetched entry,false,,2026-08-06,2010-11-02
Q7Z6Z7,non_surface,active,HUWE1_HUMAN,,no sliceable ECD span in the fetched entry,false,,2026-08-06,2005-08-30
P01762,non_surface,active,HV301_HUMAN,,no sliceable ECD span in the fetched entry,false,,2026-08-06,2016-10-05
P01768,non_surface,merged,HV308_HUMAN,,no sliceable ECD span in the fetched entry,false,,2026-08-06,2016-10-05
Q96D96,non_surface,active,HVCN1_HUMAN,17,,false,,2026-08-06,2001-12-01
Q2M3T9,non_surface,active,HYAL4_HUMAN,424,,false,,2026-08-06,2007-09-11
Q92819,non_surface,active,HYAS2_HUMAN,25,,false,,2026-08-06,1997-02-01
Q96BM0,non_surface,active,I27L1_HUMAN,,no sliceable ECD span in the fetched entry,false,,2026-08-06,2001-12-01
O60725,non_surface,active,ICMT_HUMAN,,no sliceable ECD span in the fetched entry,false,,2026-08-06,1998-08-01
P46695,non_surface,active,IEX1_HUMAN,57,,false,,2026-08-06,2011-01-11
P40305,non_surface,active,IFI27_HUMAN,,no sliceable ECD span in the fetched entry,false,,2026-08-06,2018-10-10
A6NMD0,non_surface,active,IFM10_HUMAN,154,,false,,2026-08-06,2007-07-24
P13164,non_surface,active,IFM1_HUMAN,18,,false,,2026-08-06,2008-11-25
Q01629,non_surface,active,IFM2_HUMAN,5,,false,,2026-08-06,2010-03-02
Q01628,non_surface,active,IFM3_HUMAN,5,,false,,2026-08-06,2002-04-16
A6NNB3,non_surface,active,IFM5_HUMAN,36,,false,,2026-08-06,2007-07-24
O00458,non_surface,active,IFRD1_HUMAN,,no sliceable ECD span in the fetched entry,false,,2026-08-06,2005-07-05
Q70UQ0,non_surface,active,IKIP_HUMAN,,no sliceable ECD span in the fetched entry,false,,2026-08-06,2004-07-05
Q9NX62,non_surface,active,IMPA3_HUMAN,,no sliceable ECD span in the fetched entry,false,,2026-08-06,2000-10-01
C9JVW0,non_surface,active,INAM1_HUMAN,,no sliceable ECD span in the fetched entry,false,,2026-08-06,2009-11-03
P0DMQ5,non_surface,active,INAM2_HUMAN,,no sliceable ECD span in the fetched entry,false,,2026-08-06,2014-11-26
O15503,non_surface,active,INSI1_HUMAN,,no sliceable ECD span in the fetched entry,false,,2026-08-06,2006-10-03
Q9Y5U4,non_surface,active,INSI2_HUMAN,,no sliceable ECD span in the fetched entry,false,,2026-08-06,2007-05-15
Q8N201,non_surface,active,INT1_HUMAN,,no sliceable ECD span in the fetched entry,false,,2026-08-06,2006-05-16
Q9H0H0,non_surface,active,INT2_HUMAN,,no sliceable ECD span in the fetched entry,false,,2026-08-06,2026-01-28
Q6P9B9,non_surface,active,INT5_HUMAN,,no sliceable ECD span in the fetched entry,false,,2026-08-06,2004-07-05
Q9NVH2,non_surface,active,INT7_HUMAN,,no sliceable ECD span in the fetched entry,false,,2026-08-06,2000-10-01
P49895,non_surface,active,IOD1_HUMAN,12,,false,,2026-08-06,2008-02-26
Q92813,non_surface,active,IOD2_HUMAN,,no sliceable ECD span in the fetched entry,false,,2026-08-06,2008-02-26
P55073,non_surface,active,IOD3_HUMAN,237,,false,,2026-08-06,2014-05-14
Q6GPH6,non_surface,active,IPIL1_HUMAN,79,,false,,2026-08-06,2004-07-19
Q3MIP1,non_surface,active,IPIL2_HUMAN,5,,false,,2026-08-06,2005-10-25
Q8N6M8,non_surface,active,IQCF1_HUMAN,,no sliceable ECD span in the fetched entry,false,,2026-08-06,2009-05-05
P0C7M6,non_surface,active,IQCF3_HUMAN,,no sliceable ECD span in the fetched entry,false,,2026-08-06,2008-06-10
A8MTL0,non_surface,active,IQCF5_HUMAN,,no sliceable ECD span in the fetched entry,false,,2026-08-06,2008-09-02
Q6DN90,non_surface,active,IQEC1_HUMAN,,no sliceable ECD span in the fetched entry,false,,2026-08-06,2004-08-16
Q5JU85,non_surface,active,IQEC2_HUMAN,,no sliceable ECD span in the fetched entry,false,,2026-08-06,2018-03-28
Q9UPP2,non_surface,active,IQEC3_HUMAN,,no sliceable ECD span in the fetched entry,false,,2026-08-06,2008-11-25
Q9Y5U9,non_surface,active,IR3IP_HUMAN,,no sliceable ECD span in the fetched entry,false,,2026-08-06,1999-11-01
O43736,non_surface,active,ITM2A_HUMAN,,no sliceable ECD span in the fetched entry,false,,2026-08-06,1999-07-15
Q14571,non_surface,active,ITPR2_HUMAN,106,,false,,2026-08-06,2009-09-22
Q6PHW0,non_surface,active,IYD1_HUMAN,,no sliceable ECD span in the fetched entry,false,,2026-08-06,2006-04-04
Q8N5M9,non_surface,active,JAGN1_HUMAN,,no sliceable ECD span in the fetched entry,false,,2026-08-06,2002-10-01
Q5VZ66,non_surface,active,JKIP3_HUMAN,,no sliceable ECD span in the fetched entry,false,,2026-08-06,2007-08-21
Q8TAC2,non_surface,active,JOS2_HUMAN,,no sliceable ECD span in the fetched entry,false,,2026-08-06,2002-06-01
Q9HDC5,non_surface,active,JPH1_HUMAN,,no sliceable ECD span in the fetched entry,false,,2026-08-06,2003-01-17
Q9BR39,non_surface,active,JPH2_HUMAN,,no sliceable ECD span in the fetched entry,false,,2026-08-06,2003-01-17
Q8WXH2,non_surface,active,JPH3_HUMAN,,no sliceable ECD span in the fetched entry,false,,2026-08-06,2003-01-17
Q96JJ6,non_surface,active,JPH4_HUMAN,,no sliceable ECD span in the fetched entry,false,,2026-08-06,2003-09-09
Q9UPX6,non_surface,active,K1024_HUMAN,4,,false,,2026-08-06,2003-07-11
P59773,non_surface,active,K102L_HUMAN,,no sliceable ECD span in the fetched entry,false,,2026-08-06,2013-06-26
Q2LD37,non_surface,active,K1109_HUMAN,,no sliceable ECD span in the fetched entry,false,,2026-08-06,2011-01-11
A2RU67,non_surface,active,K1467_HUMAN,,no sliceable ECD span in the fetched entry,false,,2026-08-06,2007-03-06
Q8N6L0,non_surface,active,KASH5_HUMAN,,no sliceable ECD span in the fetched entry,false,,2026-08-06,2008-04-29
Q9UQM7,non_surface,active,KCC2A_HUMAN,,no sliceable ECD span in the fetched entry,false,,2026-08-06,2010-05-18
Q13554,non_surface,active,KCC2B_HUMAN,,no sliceable ECD span in the fetched entry,false,,2026-08-06,2011-05-31
Q13557,non_surface,active,KCC2D_HUMAN,,no sliceable ECD span in the fetched entry,false,,2026-08-06,2006-10-17
Q13555,non_surface,active,KCC2G_HUMAN,,no sliceable ECD span in the fetched entry,false,,2026-08-06,2018-03-28
Q14654,non_surface,active,KCJ11_HUMAN,24,,false,,2026-08-06,2022-05-25
Q9UNX9,non_surface,active,KCJ14_HUMAN,23,,false,,2026-08-06,2000-05-01
Q9NPI9,non_surface,active,KCJ16_HUMAN,23,,false,,2026-08-06,2000-10-01
Q12791,non_surface,active,KCMA1_HUMAN,86,,false,,2026-08-06,2004-04-13
P22459,non_surface,active,KCNA4_HUMAN,44,,false,,2026-08-06,2010-11-30
Q14721,non_surface,active,KCNB1_HUMAN,20,,false,,2026-08-06,2002-10-25
Q92953,non_surface,active,KCNB2_HUMAN,20,,false,,2026-08-06,2002-10-25
Q9H3M0,non_surface,active,KCNF1_HUMAN,,no sliceable ECD span in the fetched entry,false,,2026-08-06,2001-03-01
O95259,non_surface,active,KCNH1_HUMAN,49,,false,,2026-08-06,1999-05-01
Q12809,non_surface,active,KCNH2_HUMAN,43,,false,,2026-08-06,1996-11-01
Q9ULD8,non_surface,active,KCNH3_HUMAN,71,,false,,2026-08-06,2002-11-28
Q9UQ05,non_surface,active,KCNH4_HUMAN,45,,false,,2026-08-06,2000-05-01
Q9H252,non_surface,active,KCNH6_HUMAN,44,,false,,2026-08-06,2024-07-24
Q9NS40,non_surface,active,KCNH7_HUMAN,44,,false,,2026-08-06,2009-05-05
Q96L42,non_surface,active,KCNH8_HUMAN,41,,false,,2026-08-06,2009-05-05
P48048,non_surface,active,KCNJ1_HUMAN,25,,false,,2026-08-06,1996-02-01
P48051,non_surface,active,KCNJ6_HUMAN,24,,false,,2026-08-06,1996-02-01
Q15842,non_surface,active,KCNJ8_HUMAN,32,,false,,2026-08-06,1996-11-01
Q92806,non_surface,active,KCNJ9_HUMAN,24,,false,,2026-08-06,2007-02-06
Q9HB15,non_surface,active,KCNKC_HUMAN,,no sliceable ECD span in the fetched entry,false,,2026-08-06,2001-03-01
Q9HB14,non_surface,active,KCNKD_HUMAN,83,,false,,2026-08-06,2002-11-01
Q9H427,non_surface,active,KCNKF_HUMAN,,no sliceable ECD span in the fetched entry,false,,2026-08-06,2022-02-23
Q92952,non_surface,active,KCNN1_HUMAN,,no sliceable ECD span in the fetched entry,false,,2026-08-06,2007-01-23
Q9H2S1,non_surface,active,KCNN2_HUMAN,,no sliceable ECD span in the fetched entry,false,,2026-08-06,2008-10-14
O15554,non_surface,active,KCNN4_HUMAN,,no sliceable ECD span in the fetched entry,false,,2026-08-06,1998-01-01
P51787,non_surface,active,KCNQ1_HUMAN,16,,false,,2026-08-06,1999-07-15
O43526,non_surface,active,KCNQ2_HUMAN,13,,false,,2026-08-06,2001-06-01
O43525,non_surface,active,KCNQ3_HUMAN,20,,false,,2026-08-06,1999-07-15
P56696,non_surface,active,KCNQ4_HUMAN,12,,false,,2026-08-06,2009-09-22
Q9NR82,non_surface,active,KCNQ5_HUMAN,11,,false,,2026-08-06,2007-01-09
Q9ULS6,non_surface,active,KCNS2_HUMAN,19,,false,,2026-08-06,2002-10-25
Q9BQ31,non_surface,active,KCNS3_HUMAN,16,,false,,2026-08-06,2010-11-02
Q5JUK3,non_surface,active,KCNT1_HUMAN,27,,false,,2026-08-06,2005-08-30
Q6UVM3,non_surface,active,KCNT2_HUMAN,17,,false,,2026-08-06,2004-07-05
A8MYU2,non_surface,active,KCNU1_HUMAN,24,,false,,2026-08-06,2008-09-02
Q6PIU1,non_surface,active,KCNV1_HUMAN,12,,false,,2026-08-06,2007-10-23
P17540,non_surface,active,KCRS_HUMAN,,no sliceable ECD span in the fetched entry,false,,2026-08-06,2006-10-17
Q9ULH0,non_surface,active,KDIS_HUMAN,5,,false,,2026-08-06,2008-02-26
Q06136,non_surface,active,KDSR_HUMAN,,no sliceable ECD span in the fetched entry,false,,2026-08-06,1994-06-01
Q4VXA5,non_surface,active,KHDC1_HUMAN,,no sliceable ECD span in the fetched entry,false,,2026-08-06,2005-07-05
Q9NRX6,non_surface,active,KISHB_HUMAN,30,,false,,2026-08-06,2000-10-01
Q5H943,non_surface,active,KKLC1_HUMAN,92,,false,,2026-08-06,2005-02-15
Q5VTJ3,non_surface,active,KLD7A_HUMAN,,no sliceable ECD span in the fetched entry,false,,2026-08-06,2009-05-26
Q9H511,non_surface,active,KLH31_HUMAN,,no sliceable ECD span in the fetched entry,false,,2026-08-06,2001-03-01
Q86Z14,non_surface,active,KLOTB_HUMAN,996,,false,,2026-08-06,2003-06-01
A4D1S0,non_surface,active,KLRG2_HUMAN,,no sliceable ECD span in the fetched entry,false,,2026-08-06,2011-01-11
O15229,non_surface,active,KMO_HUMAN,,no sliceable ECD span in the fetched entry,false,,2026-08-06,2007-02-20
A6PVL3,non_surface,active,KNCN_HUMAN,,no sliceable ECD span in the fetched entry,false,,2026-08-06,2007-08-21
P11801,non_surface,active,KPSH1_HUMAN,,no sliceable ECD span in the fetched entry,false,,2026-08-06,2007-01-23
Q96QS6,non_surface,active,KPSH2_HUMAN,,no sliceable ECD span in the fetched entry,false,,2026-08-06,2001-12-01
Q8N6L1,non_surface,active,KTAP2_HUMAN,,no sliceable ECD span in the fetched entry,false,,2026-08-06,2013-11-13
Q9Y6C7,non_surface,active,L3R2A_HUMAN,,no sliceable ECD span in the fetched entry,false,,2026-08-06,1999-11-01
P42167,non_surface,active,LAP2B_HUMAN,,no sliceable ECD span in the fetched entry,false,,2026-08-06,2007-01-23
Q15012,non_surface,active,LAP4A_HUMAN,,no sliceable ECD span in the fetched entry,false,,2026-08-06,1996-11-01
Q86VI4,non_surface,active,LAP4B_HUMAN,,no sliceable ECD span in the fetched entry,false,,2026-08-06,2018-10-10
Q8N3Y3,non_surface,active,LARG2_HUMAN,,no sliceable ECD span in the fetched entry,false,,2026-08-06,2007-05-01
O95461,non_surface,active,LARGE_HUMAN,,no sliceable ECD span in the fetched entry,false,,2026-08-06,1999-05-01
Q9GIP4,non_surface,active,LAT1L_HUMAN,,no sliceable ECD span in the fetched entry,false,,2026-08-06,2011-01-11
Q8MH63,non_surface,active,LAT1N_HUMAN,,no sliceable ECD span in the fetched entry,false,,2026-08-06,2002-10-01
Q9UHI5,non_surface,active,LAT2_HUMAN,25,,false,,2026-08-06,2000-05-01
O43561,non_surface,active,LAT_HUMAN,4,,false,,2026-08-06,1998-06-01
Q8IWV1,non_surface,active,LAX1_HUMAN,37,,false,,2026-08-06,2003-03-01
Q14739,non_surface,active,LBR_HUMAN,,no sliceable ECD span in the fetched entry,false,,2026-08-06,2002-01-31
Q6UWP7,non_surface,active,LCLT1_HUMAN,,no sliceable ECD span in the fetched entry,false,,2026-08-06,2004-07-05
Q6UWM7,non_surface,active,LCTL_HUMAN,519,,false,,2026-08-06,2005-10-11
Q68G75,non_surface,active,LEMD1_HUMAN,,no sliceable ECD span in the fetched entry,false,,2026-08-06,2007-05-01
O95214,non_surface,active,LERL1_HUMAN,,no sliceable ECD span in the fetched entry,false,,2026-08-06,2004-04-13
O95202,non_surface,active,LETM1_HUMAN,,no sliceable ECD span in the fetched entry,false,,2026-08-06,1999-05-01
Q2VYF4,non_surface,active,LETM2_HUMAN,,no sliceable ECD span in the fetched entry,false,,2026-08-06,2007-10-23
Q7Z429,non_surface,active,LFG1_HUMAN,,no sliceable ECD span in the fetched entry,false,,2026-08-06,2003-10-01
Q9HC24,non_surface,active,LFG4_HUMAN,,no sliceable ECD span in the fetched entry,false,,2026-08-06,2011-02-08
Q8NES3,non_surface,active,LFNG_HUMAN,,no sliceable ECD span in the fetched entry,false,,2026-08-06,2003-01-10
Q92604,non_surface,active,LGAT1_HUMAN,,no sliceable ECD span in the fetched entry,false,,2026-08-06,1997-02-01
Q9H400,non_surface,active,LIME1_HUMAN,6,,false,,2026-08-06,2001-03-01
Q9HAT1,non_surface,active,LMA1L_HUMAN,,no sliceable ECD span in the fetched entry,false,,2026-08-06,2005-03-15
P49257,non_surface,active,LMAN1_HUMAN,,no sliceable ECD span in the fetched entry,false,,2026-08-06,2002-08-13
Q96S06,non_surface,active,LMF1_HUMAN,,no sliceable ECD span in the fetched entry,false,,2026-08-06,2001-12-01
Q96KR4,non_surface,active,LMLN_HUMAN,,no sliceable ECD span in the fetched entry,false,,2026-08-06,2024-01-24
Q8WWI1,non_surface,active,LMO7_HUMAN,,no sliceable ECD span in the fetched entry,false,,2026-08-06,2010-10-05
Q6ZMQ8,non_surface,active,LMTK1_HUMAN,,no sliceable ECD span in the fetched entry,false,,2026-08-06,2006-09-05
Q8IWU2,non_surface,active,LMTK2_HUMAN,,no sliceable ECD span in the fetched entry,false,,2026-08-06,2007-04-17
Q9C0E8,non_surface,active,LNP_HUMAN,,no sliceable ECD span in the fetched entry,false,,2026-08-06,2006-09-05
Q1L5Z9,non_surface,active,LONF2_HUMAN,,no sliceable ECD span in the fetched entry,false,,2026-08-06,2010-11-30
Q643R3,non_surface,active,LPCT4_HUMAN,,no sliceable ECD span in the fetched entry,false,,2026-08-06,2004-10-25
Q96GM1,non_surface,active,LPPR2_HUMAN,,no sliceable ECD span in the fetched entry,false,,2026-08-06,2001-12-01
Q6T4P5,non_surface,active,LPPR3_HUMAN,,no sliceable ECD span in the fetched entry,false,,2026-08-06,2004-07-05
Q0VAA2,non_surface,active,LR74A_HUMAN,,no sliceable ECD span in the fetched entry,false,,2026-08-06,2010-10-05
Q5T700,non_surface,active,LRAD1_HUMAN,,no sliceable ECD span in the fetched entry,false,,2026-08-06,2004-12-21
O95237,non_surface,active,LRAT_HUMAN,,no sliceable ECD span in the fetched entry,false,,2026-08-06,2004-04-26
P50851,non_surface,active,LRBA_HUMAN,,no sliceable ECD span in the fetched entry,false,,2026-08-06,2009-09-22
Q96AG4,non_surface,active,LRC59_HUMAN,,no sliceable ECD span in the fetched entry,false,,2026-08-06,2001-12-01
Q05C16,non_surface,active,LRC63_HUMAN,,no sliceable ECD span in the fetched entry,false,,2026-08-06,2023-11-08
Q68CR7,non_surface,active,LRC66_HUMAN,,no sliceable ECD span in the fetched entry,false,,2026-08-06,2004-10-11
Q7L1W4,non_surface,active,LRC8D_HUMAN,115,,false,,2026-08-06,2004-07-05
Q9Y2L9,non_surface,active,LRCH1_HUMAN,,no sliceable ECD span in the fetched entry,false,,2026-08-06,2010-05-18
O75427,non_surface,active,LRCH4_HUMAN,,no sliceable ECD span in the fetched entry,false,,2026-08-06,2004-06-21
Q12912,non_surface,active,LRMP_HUMAN,,no sliceable ECD span in the fetched entry,false,,2026-08-06,2011-01-11
A6NJW4,non_surface,active,LRR3C_HUMAN,,no sliceable ECD span in the fetched entry,false,,2026-08-06,2008-09-02
Q7Z2Q7,non_surface,active,LRR70_HUMAN,,no sliceable ECD span in the fetched entry,false,,2026-08-06,2003-10-01
Q86UE6,non_surface,active,LRRT1_HUMAN,393,,false,,2026-08-06,2007-03-06
Q8N112,non_surface,active,LSME2_HUMAN,,no sliceable ECD span in the fetched entry,false,,2026-08-06,2002-10-01
O00453,non_surface,active,LST1_HUMAN,,no sliceable ECD span in the fetched entry,false,,2026-08-06,2008-09-23
Q16873,non_surface,active,LTC4S_HUMAN,,no sliceable ECD span in the fetched entry,false,,2026-08-06,1996-11-01
Q6P1Q0,non_surface,active,LTMD1_HUMAN,,no sliceable ECD span in the fetched entry,false,,2026-08-06,2004-07-05
Q86UE4,non_surface,active,LYRIC_HUMAN,,no sliceable ECD span in the fetched entry,false,,2026-08-06,2004-12-21
Q5XG99,non_surface,active,LYSM4_HUMAN,217,,false,,2026-08-06,2007-11-13
Q567V2,non_surface,active,M17L2_HUMAN,,no sliceable ECD span in the fetched entry,false,,2026-08-06,2008-02-05
Q96PG2,non_surface,active,M4A10_HUMAN,29,,false,,2026-08-06,2010-05-18
Q5J8X5,non_surface,active,M4A13_HUMAN,,no sliceable ECD span in the fetched entry,false,,2026-08-06,2011-05-31
Q96JA4,non_surface,active,M4A14_HUMAN,,no sliceable ECD span in the fetched entry,false,,2026-08-06,2010-05-18
Q3C1V0,non_surface,active,M4A18_HUMAN,,no sliceable ECD span in the fetched entry,false,,2026-08-06,2024-05-29
Q96PG1,non_surface,active,M4A4E_HUMAN,,no sliceable ECD span in the fetched entry,false,,2026-08-06,2008-05-20
Q96DS6,non_surface,active,M4A6E_HUMAN,47,,false,,2026-08-06,2001-12-01
Q9BY19,non_surface,active,M4A8_HUMAN,23,,false,,2026-08-06,2001-06-01
Q12851,non_surface,active,M4K2_HUMAN,,no sliceable ECD span in the fetched entry,false,,2026-08-06,2008-11-25
P33908,non_surface,active,MA1A1_HUMAN,,no sliceable ECD span in the fetched entry,false,,2026-08-06,2005-04-26
O60476,non_surface,active,MA1A2_HUMAN,,no sliceable ECD span in the fetched entry,false,,2026-08-06,1998-08-01
Q9UKM7,non_surface,active,MA1B1_HUMAN,,no sliceable ECD span in the fetched entry,false,,2026-08-06,2006-03-07
Q9NR34,non_surface,active,MA1C1_HUMAN,,no sliceable ECD span in the fetched entry,false,,2026-08-06,2000-10-01
Q16706,non_surface,active,MA2A1_HUMAN,,no sliceable ECD span in the fetched entry,false,,2026-08-06,2007-05-01
P49641,non_surface,active,MA2A2_HUMAN,,no sliceable ECD span in the fetched entry,false,,2026-08-06,2011-09-21
Q8N5G2,non_surface,active,MACOI_HUMAN,,no sliceable ECD span in the fetched entry,false,,2026-08-06,2002-10-01
Q8WXG6,non_surface,active,MADD_HUMAN,,no sliceable ECD span in the fetched entry,false,,2026-08-06,2007-02-20
Q9H213,non_surface,active,MAGH1_HUMAN,,no sliceable ECD span in the fetched entry,false,,2026-08-06,2001-03-01
Q9BSK0,non_surface,active,MALD1_HUMAN,23,,false,,2026-08-06,2001-06-01
Q8N4S9,non_surface,active,MALD2_HUMAN,16,,false,,2026-08-06,2011-01-11
Q96A59,non_surface,active,MALD3_HUMAN,39,,false,,2026-08-06,2008-10-14
Q13021,non_surface,active,MALL_HUMAN,,no sliceable ECD span in the fetched entry,false,,2026-08-06,2002-05-27
P21145,non_surface,active,MAL_HUMAN,11,,false,,2026-08-06,1991-05-01
Q9Y2U8,non_surface,active,MAN1_HUMAN,,no sliceable ECD span in the fetched entry,false,,2026-08-06,2000-10-01
Q9NQG1,non_surface,active,MANBL_HUMAN,,no sliceable ECD span in the fetched entry,false,,2026-08-06,2000-10-01
Q5SRI9,non_surface,active,MANEA_HUMAN,,no sliceable ECD span in the fetched entry,false,,2026-08-06,2004-12-21
Q5VSG8,non_surface,active,MANEL_HUMAN,,no sliceable ECD span in the fetched entry,false,,2026-08-06,2004-12-07
Q8IW41,non_surface,active,MAPK5_HUMAN,,no sliceable ECD span in the fetched entry,false,,2026-08-06,2004-09-13
Q16655,non_surface,active,MAR1_HUMAN,,no sliceable ECD span in the fetched entry,false,,2026-08-06,1996-11-01
Q5VT66,non_surface,active,MARC1_HUMAN,,no sliceable ECD span in the fetched entry,false,,2026-08-06,2004-12-07
Q969Z3,non_surface,active,MARC2_HUMAN,,no sliceable ECD span in the fetched entry,false,,2026-08-06,2001-12-01
Q8TCQ1,non_surface,active,MARH1_HUMAN,,no sliceable ECD span in the fetched entry,false,,2026-08-06,2002-06-01
Q9P0N8,non_surface,active,MARH2_HUMAN,,no sliceable ECD span in the fetched entry,false,,2026-08-06,2000-10-01
Q86UD3,non_surface,active,MARH3_HUMAN,,no sliceable ECD span in the fetched entry,false,,2026-08-06,2003-06-01
Q9P2E8,non_surface,active,MARH4_HUMAN,,no sliceable ECD span in the fetched entry,false,,2026-08-06,2005-02-15
Q9NX47,non_surface,active,MARH5_HUMAN,,no sliceable ECD span in the fetched entry,false,,2026-08-06,2000-10-01
Q5T0T0,non_surface,active,MARH8_HUMAN,,no sliceable ECD span in the fetched entry,false,,2026-08-06,2005-04-12
Q86YJ5,non_surface,active,MARH9_HUMAN,,no sliceable ECD span in the fetched entry,false,,2026-08-06,2004-03-01
A6NNE9,non_surface,active,MARHB_HUMAN,,no sliceable ECD span in the fetched entry,false,,2026-08-06,2008-06-10
Q6P0Q8,non_surface,active,MAST2_HUMAN,,no sliceable ECD span in the fetched entry,false,,2026-08-06,2005-03-29
Q7Z434,non_surface,active,MAVS_HUMAN,,no sliceable ECD span in the fetched entry,false,,2026-08-06,2004-05-10
Q6ZNC8,non_surface,active,MBOA1_HUMAN,,no sliceable ECD span in the fetched entry,false,,2026-08-06,2004-07-05
Q6ZWT7,non_surface,active,MBOA2_HUMAN,,no sliceable ECD span in the fetched entry,false,,2026-08-06,2007-04-03
Q96T53,non_surface,active,MBOA4_HUMAN,,no sliceable ECD span in the fetched entry,false,,2026-08-06,2008-04-08
Q6P1A2,non_surface,active,MBOA5_HUMAN,,no sliceable ECD span in the fetched entry,false,,2026-08-06,2004-07-05
Q96N66,non_surface,active,MBOA7_HUMAN,,no sliceable ECD span in the fetched entry,false,,2026-08-06,2008-02-05
Q4ZIN3,non_surface,active,MBRL_HUMAN,,no sliceable ECD span in the fetched entry,false,,2026-08-06,2005-06-07
Q14703,non_surface,active,MBTP1_HUMAN,,no sliceable ECD span in the fetched entry,false,,2026-08-06,1996-11-01
O43462,non_surface,active,MBTP2_HUMAN,,no sliceable ECD span in the fetched entry,false,,2026-08-06,1998-06-01
O43772,non_surface,active,MCAT_HUMAN,,no sliceable ECD span in the fetched entry,false,,2026-08-06,1998-06-01
Q07820,non_surface,active,MCL1_HUMAN,,no sliceable ECD span in the fetched entry,false,,2026-08-06,2005-12-06
Q8IZK6,non_surface,active,MCLN2_HUMAN,202,,false,,2026-08-06,2008-07-22
Q6DN14,non_surface,active,MCTP1_HUMAN,,no sliceable ECD span in the fetched entry,false,,2026-08-06,2010-07-13
Q9NWR8,non_surface,active,MCUB_HUMAN,,no sliceable ECD span in the fetched entry,false,,2026-08-06,2007-04-03
Q96AQ8,non_surface,active,MCUR1_HUMAN,,no sliceable ECD span in the fetched entry,false,,2026-08-06,2001-12-01
Q8NE86,non_surface,active,MCU_HUMAN,,no sliceable ECD span in the fetched entry,false,,2026-08-06,2002-10-01
O75448,non_surface,active,MED24_HUMAN,,no sliceable ECD span in the fetched entry,false,,2026-08-06,1998-11-01
O95772,non_surface,active,MENTO_HUMAN,23,,false,,2026-08-06,1999-05-01
Q5EB52,non_surface,active,MEST_HUMAN,,no sliceable ECD span in the fetched entry,false,,2026-08-06,2007-04-17
Q86YR7,non_surface,active,MF2L2_HUMAN,,no sliceable ECD span in the fetched entry,false,,2026-08-06,2011-01-11
Q9GZY8,non_surface,active,MFF_HUMAN,,no sliceable ECD span in the fetched entry,false,,2026-08-06,2001-03-01
Q8IWA4,non_surface,active,MFN1_HUMAN,,no sliceable ECD span in the fetched entry,false,,2026-08-06,2018-03-28
O95140,non_surface,active,MFN2_HUMAN,,no sliceable ECD span in the fetched entry,false,,2026-08-06,2004-05-24
O00587,non_surface,active,MFNG_HUMAN,,no sliceable ECD span in the fetched entry,false,,2026-08-06,2002-03-27
Q14728,non_surface,active,MFS10_HUMAN,,no sliceable ECD span in the fetched entry,false,,2026-08-06,1996-11-01
Q96ES6,non_surface,active,MFSD3_HUMAN,,no sliceable ECD span in the fetched entry,false,,2026-08-06,2001-12-01
P26572,non_surface,active,MGAT1_HUMAN,,no sliceable ECD span in the fetched entry,false,,2026-08-06,2010-11-02
Q10469,non_surface,active,MGAT2_HUMAN,,no sliceable ECD span in the fetched entry,false,,2026-08-06,1996-10-01
Q09327,non_surface,active,MGAT3_HUMAN,,no sliceable ECD span in the fetched entry,false,,2026-08-06,2005-03-15
P10620,non_surface,active,MGST1_HUMAN,,no sliceable ECD span in the fetched entry,false,,2026-08-06,1989-07-01
Q99735,non_surface,active,MGST2_HUMAN,,no sliceable ECD span in the fetched entry,false,,2026-08-06,1997-05-01
O14880,non_surface,active,MGST3_HUMAN,,no sliceable ECD span in the fetched entry,false,,2026-08-06,1998-01-01
Q9UM21,non_surface,active,MGT4A_HUMAN,,no sliceable ECD span in the fetched entry,false,,2026-08-06,2000-05-01
Q9UQ53,non_surface,active,MGT4B_HUMAN,,no sliceable ECD span in the fetched entry,false,,2026-08-06,2000-05-01
Q9UBM8,non_surface,active,MGT4C_HUMAN,,no sliceable ECD span in the fetched entry,false,,2026-08-06,2010-05-18
Q09328,non_surface,active,MGT5A_HUMAN,,no sliceable ECD span in the fetched entry,false,,2026-08-06,1995-11-01
Q3V5L5,non_surface,active,MGT5B_HUMAN,,no sliceable ECD span in the fetched entry,false,,2026-08-06,2007-05-29
Q5TGZ0,non_surface,active,MIC10_HUMAN,,no sliceable ECD span in the fetched entry,false,,2026-08-06,2004-12-21
Q6UXV4,non_surface,active,MIC27_HUMAN,,no sliceable ECD span in the fetched entry,false,,2026-08-06,2004-07-05
Q16891,non_surface,active,MIC60_HUMAN,,no sliceable ECD span in the fetched entry,false,,2026-08-06,1996-11-01
Q86XE3,non_surface,active,MICU3_HUMAN,,no sliceable ECD span in the fetched entry,false,,2026-08-06,2003-06-01
Q96C03,non_surface,active,MID49_HUMAN,,no sliceable ECD span in the fetched entry,false,,2026-08-06,2001-12-01
Q9NQG6,non_surface,active,MID51_HUMAN,,no sliceable ECD span in the fetched entry,false,,2026-08-06,2000-10-01
Q75NE6,non_surface,active,MIRH1_HUMAN,27,,false,,2026-08-06,2004-07-05
Q8IXI2,non_surface,active,MIRO1_HUMAN,,no sliceable ECD span in the fetched entry,false,,2026-08-06,2006-06-13
Q8IXI1,non_surface,active,MIRO2_HUMAN,,no sliceable ECD span in the fetched entry,false,,2026-08-06,2006-06-13
Q14165,non_surface,active,MLEC_HUMAN,,no sliceable ECD span in the fetched entry,false,,2026-08-06,1996-11-01
Q8N4V1,non_surface,active,MMGT1_HUMAN,,no sliceable ECD span in the fetched entry,false,,2026-08-06,2002-10-01
O75900,non_surface,active,MMP23_HUMAN,,no sliceable ECD span in the fetched entry,false,,2026-08-06,2006-10-31
Q13724,non_surface,active,MOGS_HUMAN,,no sliceable ECD span in the fetched entry,false,,2026-08-06,2006-10-17
Q96PD6,non_surface,active,MOGT1_HUMAN,,no sliceable ECD span in the fetched entry,false,,2026-08-06,2010-03-23
Q3SYC2,non_surface,active,MOGT2_HUMAN,,no sliceable ECD span in the fetched entry,false,,2026-08-06,2006-09-05
Q86VF5,non_surface,active,MOGT3_HUMAN,,no sliceable ECD span in the fetched entry,false,,2026-08-06,2003-06-01
Q7RTY0,non_surface,active,MOT13_HUMAN,,no sliceable ECD span in the fetched entry,false,,2026-08-06,2003-12-15
Q2QL34,non_surface,active,MP17L_HUMAN,,no sliceable ECD span in the fetched entry,false,,2026-08-06,2006-01-24
P0DKB6,non_surface,active,MPC1L_HUMAN,,no sliceable ECD span in the fetched entry,false,,2026-08-06,2012-10-03
Q9Y5U8,non_surface,active,MPC1_HUMAN,,no sliceable ECD span in the fetched entry,false,,2026-08-06,1999-11-01
O95563,non_surface,active,MPC2_HUMAN,,no sliceable ECD span in the fetched entry,false,,2026-08-06,1999-05-01
Q00325,non_surface,active,MPCP_HUMAN,,no sliceable ECD span in the fetched entry,false,,2026-08-06,1995-02-01
Q53F39,non_surface,active,MPPE1_HUMAN,,no sliceable ECD span in the fetched entry,false,,2026-08-06,2008-11-25
Q86WK9,non_surface,active,MPRA_HUMAN,18,,false,,2026-08-06,2003-06-01
O75352,non_surface,active,MPU1_HUMAN,,no sliceable ECD span in the fetched entry,false,,2026-08-06,2008-11-25
P39210,non_surface,active,MPV17_HUMAN,,no sliceable ECD span in the fetched entry,false,,2026-08-06,1995-02-01
Q8TCY5,non_surface,active,MRAP_HUMAN,,no sliceable ECD span in the fetched entry,false,,2026-08-06,2006-10-17
Q68CQ1,non_surface,active,MROH7_HUMAN,,no sliceable ECD span in the fetched entry,false,,2026-08-06,2011-01-11
Q9HD23,non_surface,active,MRS2_HUMAN,,no sliceable ECD span in the fetched entry,false,,2026-08-06,2001-03-01
Q15800,non_surface,active,MSMO1_HUMAN,,no sliceable ECD span in the fetched entry,false,,2026-08-06,1997-11-01
Q9UJG1,non_surface,active,MSPD1_HUMAN,,no sliceable ECD span in the fetched entry,false,,2026-08-06,2000-05-01
Q8NHP6,non_surface,active,MSPD2_HUMAN,,no sliceable ECD span in the fetched entry,false,,2026-08-06,2002-10-01
O75425,non_surface,active,MSPD3_HUMAN,,no sliceable ECD span in the fetched entry,false,,2026-08-06,1998-11-01
Q8WXB1,non_surface,active,MT21A_HUMAN,,no sliceable ECD span in the fetched entry,false,,2026-08-06,2007-06-26
Q13613,non_surface,active,MTMR1_HUMAN,,no sliceable ECD span in the fetched entry,false,,2026-08-06,2003-07-19
Q13505,non_surface,active,MTX1_HUMAN,,no sliceable ECD span in the fetched entry,false,,2026-08-06,2018-03-28
Q969V5,non_surface,active,MUL1_HUMAN,,no sliceable ECD span in the fetched entry,false,,2026-08-06,2001-12-01
Q8N699,non_surface,active,MYCT1_HUMAN,,no sliceable ECD span in the fetched entry,false,,2026-08-06,2002-10-01
Q96EZ4,non_surface,active,MYEOV_HUMAN,,no sliceable ECD span in the fetched entry,false,,2026-08-06,2010-05-18
Q9NQX4,non_surface,active,MYO5C_HUMAN,,no sliceable ECD span in the fetched entry,false,,2026-08-06,2010-04-20
B2RTY4,non_surface,active,MYO9A_HUMAN,,no sliceable ECD span in the fetched entry,false,,2026-08-06,2010-05-18
Q14CX7,non_surface,active,NAA25_HUMAN,,no sliceable ECD span in the fetched entry,false,,2026-08-06,2006-08-22
Q9Y3Q0,non_surface,active,NALD2_HUMAN,709,,false,,2026-08-06,1999-11-01
Q9C000,non_surface,active,NALP1_HUMAN,,no sliceable ECD span in the fetched entry,false,,2026-08-06,2001-06-01
Q96P20,non_surface,active,NALP3_HUMAN,,no sliceable ECD span in the fetched entry,false,,2026-08-06,2009-11-03
P59044,non_surface,active,NALP6_HUMAN,,no sliceable ECD span in the fetched entry,false,,2026-08-06,2009-09-22
Q7RTR0,non_surface,active,NALP9_HUMAN,,no sliceable ECD span in the fetched entry,false,,2026-08-06,2003-12-15
Q9H0A0,non_surface,active,NAT10_HUMAN,,no sliceable ECD span in the fetched entry,false,,2026-08-06,2010-11-30
Q8WUY8,non_surface,active,NAT14_HUMAN,,no sliceable ECD span in the fetched entry,false,,2026-08-06,2002-03-01
Q9UHF3,non_surface,active,NAT8B_HUMAN,,no sliceable ECD span in the fetched entry,false,,2026-08-06,2000-05-01
Q8N9F0,non_surface,active,NAT8L_HUMAN,,no sliceable ECD span in the fetched entry,false,,2026-08-06,2009-09-22
Q9UHE5,non_surface,active,NAT8_HUMAN,,no sliceable ECD span in the fetched entry,false,,2026-08-06,2007-04-17
P00387,non_surface,active,NB5R3_HUMAN,,no sliceable ECD span in the fetched entry,false,,2026-08-06,2007-01-23
Q8NFP9,non_surface,active,NBEA_HUMAN,,no sliceable ECD span in the fetched entry,false,,2026-08-06,2010-05-18
Q8NCQ3,non_surface,active,NC301_HUMAN,,no sliceable ECD span in the fetched entry,false,,2026-08-06,2002-10-01
Q6PIU2,non_surface,active,NCEH1_HUMAN,,no sliceable ECD span in the fetched entry,false,,2026-08-06,2006-12-12
Q9Y2A7,non_surface,active,NCKP1_HUMAN,,no sliceable ECD span in the fetched entry,false,,2026-08-06,1999-11-01
P55160,non_surface,active,NCKPL_HUMAN,,no sliceable ECD span in the fetched entry,false,,2026-08-06,2008-12-16
P16435,non_surface,active,NCPR_HUMAN,,no sliceable ECD span in the fetched entry,false,,2026-08-06,2007-01-23
Q9BTX1,non_surface,active,NDC1_HUMAN,,no sliceable ECD span in the fetched entry,false,,2026-08-06,2006-05-16
P52848,non_surface,active,NDST1_HUMAN,,no sliceable ECD span in the fetched entry,false,,2026-08-06,1996-10-01
P52849,non_surface,active,NDST2_HUMAN,,no sliceable ECD span in the fetched entry,false,,2026-08-06,1996-10-01
O95803,non_surface,active,NDST3_HUMAN,,no sliceable ECD span in the fetched entry,false,,2026-08-06,1999-05-01
Q9H3R1,non_surface,active,NDST4_HUMAN,,no sliceable ECD span in the fetched entry,false,,2026-08-06,2001-03-01
O15239,non_surface,active,NDUA1_HUMAN,,no sliceable ECD span in the fetched entry,false,,2026-08-06,1998-01-01
O95167,non_surface,active,NDUA3_HUMAN,,no sliceable ECD span in the fetched entry,false,,2026-08-06,1999-05-01
O00483,non_surface,active,NDUA4_HUMAN,,no sliceable ECD span in the fetched entry,false,,2026-08-06,1997-07-01
Q9P0J0,non_surface,active,NDUAD_HUMAN,,no sliceable ECD span in the fetched entry,false,,2026-08-06,2007-01-23
O75438,non_surface,active,NDUB1_HUMAN,,no sliceable ECD span in the fetched entry,false,,2026-08-06,1998-11-01
O95178,non_surface,active,NDUB2_HUMAN,,no sliceable ECD span in the fetched entry,false,,2026-08-06,1999-05-01
O43676,non_surface,active,NDUB3_HUMAN,,no sliceable ECD span in the fetched entry,false,,2026-08-06,2007-01-23
O95168,non_surface,active,NDUB4_HUMAN,,no sliceable ECD span in the fetched entry,false,,2026-08-06,2007-01-23
O43674,non_surface,active,NDUB5_HUMAN,,no sliceable ECD span in the fetched entry,false,,2026-08-06,1998-06-01
O95139,non_surface,active,NDUB6_HUMAN,,no sliceable ECD span in the fetched entry,false,,2026-08-06,2007-01-23
O95169,non_surface,active,NDUB8_HUMAN,,no sliceable ECD span in the fetched entry,false,,2026-08-06,1999-05-01
Q9NX14,non_surface,active,NDUBB_HUMAN,,no sliceable ECD span in the fetched entry,false,,2026-08-06,2000-10-01
O43677,non_surface,active,NDUC1_HUMAN,,no sliceable ECD span in the fetched entry,false,,2026-08-06,1998-06-01
O95298,non_surface,active,NDUC2_HUMAN,,no sliceable ECD span in the fetched entry,false,,2026-08-06,1999-05-01
E9PQ53,non_surface,active,NDUCR_HUMAN,,no sliceable ECD span in the fetched entry,false,,2026-08-06,2011-04-05
Q99608,non_surface,active,NECD_HUMAN,,no sliceable ECD span in the fetched entry,false,,2026-08-06,1997-05-01
Q8N9A8,non_surface,active,NEPR1_HUMAN,,no sliceable ECD span in the fetched entry,false,,2026-08-06,2002-10-01
Q9BT67,non_surface,active,NFIP1_HUMAN,28,,false,,2026-08-06,2001-06-01
Q9NV92,non_surface,active,NFIP2_HUMAN,28,,false,,2026-08-06,2005-08-30
Q6ZNB6,non_surface,active,NFXL1_HUMAN,,no sliceable ECD span in the fetched entry,false,,2026-08-06,2007-03-06
Q8IY84,non_surface,active,NIM1_HUMAN,,no sliceable ECD span in the fetched entry,false,,2026-08-06,2003-03-01
Q9NZG7,non_surface,active,NINJ2_HUMAN,60,,false,,2026-08-06,2000-10-01
Q7RTP0,non_surface,active,NIPA1_HUMAN,27,,false,,2026-08-06,2003-12-15
Q8N8Q9,non_surface,active,NIPA2_HUMAN,21,,false,,2026-08-06,2002-10-01
Q8IVV8,non_surface,active,NKAI4_HUMAN,,no sliceable ECD span in the fetched entry,false,,2026-08-06,2004-04-26
Q16617,non_surface,active,NKG7_HUMAN,,no sliceable ECD span in the fetched entry,false,,2026-08-06,1996-11-01
Q17RQ9,non_surface,active,NKPD1_HUMAN,,no sliceable ECD span in the fetched entry,false,,2026-08-06,2006-07-25
Q7RTR2,non_surface,active,NLRC3_HUMAN,,no sliceable ECD span in the fetched entry,false,,2026-08-06,2007-07-24
Q9C002,non_surface,active,NMES1_HUMAN,,no sliceable ECD span in the fetched entry,false,,2026-08-06,2001-06-01
Q16517,non_surface,active,NNAT_HUMAN,,no sliceable ECD span in the fetched entry,false,,2026-08-06,1996-11-01
Q13423,non_surface,active,NNTM_HUMAN,,no sliceable ECD span in the fetched entry,false,,2026-08-06,2004-08-16
Q9Y3T9,non_surface,active,NOC2L_HUMAN,,no sliceable ECD span in the fetched entry,false,,2026-08-06,2011-01-11
Q15155,non_surface,active,NOMO1_HUMAN,1124,,false,,2026-08-06,2010-05-18
Q5JPE7,non_surface,active,NOMO2_HUMAN,,no sliceable ECD span in the fetched entry,false,,2026-08-06,2005-02-15
P69849,non_surface,active,NOMO3_HUMAN,1124,,false,,2026-08-06,2010-05-18
E5RHQ5,non_surface,active,NPB11_HUMAN,,no sliceable ECD span in the fetched entry,false,,2026-08-06,2011-02-08
Q92617,non_surface,active,NPIB3_HUMAN,,no sliceable ECD span in the fetched entry,false,,2026-08-06,2008-11-25
C9JG80,non_surface,active,NPIB4_HUMAN,,no sliceable ECD span in the fetched entry,false,,2026-08-06,2011-06-28
A8MRT5,non_surface,active,NPIB5_HUMAN,,no sliceable ECD span in the fetched entry,false,,2026-08-06,2011-03-08
E9PQR5,non_surface,active,NPIB8_HUMAN,,no sliceable ECD span in the fetched entry,false,,2026-08-06,2011-04-05
A6NJU9,non_surface,active,NPIL5_HUMAN,,no sliceable ECD span in the fetched entry,false,,2026-08-06,2011-03-08
O00624,non_surface,active,NPT3_HUMAN,,no sliceable ECD span in the fetched entry,false,,2026-08-06,2006-09-19
O95502,non_surface,active,NPTXR_HUMAN,477,,false,,2026-08-06,2009-05-05
P22736,non_surface,active,NR4A1_HUMAN,,no sliceable ECD span in the fetched entry,false,,2026-08-06,1991-08-01
Q8N912,non_surface,active,NRAC_HUMAN,,no sliceable ECD span in the fetched entry,false,,2026-08-06,2002-10-01
P56975,non_surface,active,NRG3_HUMAN,360,,false,,2026-08-06,2000-12-01
Q8IXM6,non_surface,active,NRM_HUMAN,,no sliceable ECD span in the fetched entry,false,,2026-08-06,2003-03-01
Q8IZ57,non_surface,active,NRSN1_HUMAN,,no sliceable ECD span in the fetched entry,false,,2026-08-06,2003-03-01
Q9GZP1,non_surface,active,NRSN2_HUMAN,,no sliceable ECD span in the fetched entry,false,,2026-08-06,2001-03-01
Q15738,non_surface,active,NSDHL_HUMAN,,no sliceable ECD span in the fetched entry,false,,2026-08-06,2000-05-30
P42857,non_surface,active,NSG1_HUMAN,,no sliceable ECD span in the fetched entry,false,,2026-08-06,1995-11-01
Q9Y328,non_surface,active,NSG2_HUMAN,,no sliceable ECD span in the fetched entry,false,,2026-08-06,1999-11-01
Q9NXE4,non_surface,active,NSMA3_HUMAN,,no sliceable ECD span in the fetched entry,false,,2026-08-06,2018-03-28
O60906,non_surface,active,NSMA_HUMAN,,no sliceable ECD span in the fetched entry,false,,2026-08-06,2007-11-13
Q9GZY6,non_surface,active,NTAL_HUMAN,5,,false,,2026-08-06,2001-03-01
P03886,non_surface,active,NU1M_HUMAN,,no sliceable ECD span in the fetched entry,false,,2026-08-06,1986-07-21
Q92621,non_surface,active,NU205_HUMAN,,no sliceable ECD span in the fetched entry,false,,2026-08-06,2010-05-18
P03891,non_surface,active,NU2M_HUMAN,,no sliceable ECD span in the fetched entry,false,,2026-08-06,1992-12-01
P03897,non_surface,active,NU3M_HUMAN,,no sliceable ECD span in the fetched entry,false,,2026-08-06,1986-07-21
P03901,non_surface,active,NU4LM_HUMAN,,no sliceable ECD span in the fetched entry,false,,2026-08-06,1986-07-21
P03905,non_surface,active,NU4M_HUMAN,,no sliceable ECD span in the fetched entry,false,,2026-08-06,1986-07-21
P03915,non_surface,active,NU5M_HUMAN,,no sliceable ECD span in the fetched entry,false,,2026-08-06,2000-05-30
P03923,non_surface,active,NU6M_HUMAN,,no sliceable ECD span in the fetched entry,false,,2026-08-06,2000-05-30
Q9NRX3,non_surface,active,NUA4L_HUMAN,,no sliceable ECD span in the fetched entry,false,,2026-08-06,2000-10-01
Q8N1F7,non_surface,active,NUP93_HUMAN,,no sliceable ECD span in the fetched entry,false,,2026-08-06,2006-10-17
Q96DL1,non_surface,active,NXPE2_HUMAN,,no sliceable ECD span in the fetched entry,false,,2026-08-06,2011-01-11
Q9P2P1,non_surface,active,NYNRI_HUMAN,,no sliceable ECD span in the fetched entry,false,,2026-08-06,2008-01-15
O15243,non_surface,active,OBRG_HUMAN,,no sliceable ECD span in the fetched entry,false,,2026-08-06,1998-01-01
Q2M2E3,non_surface,active,ODFP4_HUMAN,,no sliceable ECD span in the fetched entry,false,,2026-08-06,2007-09-11
Q5SWX8,non_surface,active,ODR4_HUMAN,,no sliceable ECD span in the fetched entry,false,,2026-08-06,2004-12-21
Q6PK18,non_surface,active,OGFD3_HUMAN,,no sliceable ECD span in the fetched entry,false,,2026-08-06,2008-03-18
Q96E52,non_surface,active,OMA1_HUMAN,,no sliceable ECD span in the fetched entry,false,,2026-08-06,2001-12-01
O60313,non_surface,active,OPA1_HUMAN,,no sliceable ECD span in the fetched entry,false,,2026-08-06,2008-11-25
Q96SN7,non_surface,active,ORAI2_HUMAN,,no sliceable ECD span in the fetched entry,false,,2026-08-06,2001-12-01
Q9P0S3,non_surface,active,ORML1_HUMAN,2,,false,,2026-08-06,2000-10-01
Q53FV1,non_surface,active,ORML2_HUMAN,27,,false,,2026-08-06,2005-11-08
Q8N138,non_surface,active,ORML3_HUMAN,,no sliceable ECD span in the fetched entry,false,,2026-08-06,2002-10-01
Q9BXI2,non_surface,active,ORNT2_HUMAN,,no sliceable ECD span in the fetched entry,false,,2026-08-06,2008-10-14
Q9H0X9,non_surface,active,OSBL5_HUMAN,,no sliceable ECD span in the fetched entry,false,,2026-08-06,2001-03-01
Q9BZF1,non_surface,active,OSBL8_HUMAN,,no sliceable ECD span in the fetched entry,false,,2026-08-06,2003-12-15
Q96SU4,non_surface,active,OSBL9_HUMAN,,no sliceable ECD span in the fetched entry,false,,2026-08-06,2002-02-11
P39656,non_surface,active,OST48_HUMAN,,no sliceable ECD span in the fetched entry,false,,2026-08-06,2009-06-16
P0C6T2,non_surface,active,OST4_HUMAN,,no sliceable ECD span in the fetched entry,false,,2026-08-06,2008-04-08
Q9NRP0,non_surface,active,OSTC_HUMAN,30,,false,,2026-08-06,2000-10-01
Q9HC10,non_surface,active,OTOF_HUMAN,13,,false,,2026-08-06,2006-10-17
Q15070,non_surface,active,OXA1L_HUMAN,,no sliceable ECD span in the fetched entry,false,,2026-08-06,2024-01-24
Q96HA1,non_surface,active,P121A_HUMAN,,no sliceable ECD span in the fetched entry,false,,2026-08-06,2008-09-02
A8CG34,non_surface,active,P121C_HUMAN,,no sliceable ECD span in the fetched entry,false,,2026-08-06,2018-03-28
A6NNC1,non_surface,active,P12LL_HUMAN,,no sliceable ECD span in the fetched entry,false,,2026-08-06,2008-09-02
Q93086,non_surface,active,P2RX5_HUMAN,268,,false,,2026-08-06,2024-05-29
Q9NXG6,non_surface,active,P4HTM_HUMAN,,no sliceable ECD span in the fetched entry,false,,2026-08-06,2003-06-16
Q6IN85,non_surface,active,P4R3A_HUMAN,,no sliceable ECD span in the fetched entry,false,,2026-08-06,2004-07-05
O14683,non_surface,active,P5I11_HUMAN,24,,false,,2026-08-06,2010-06-15
Q3MJ16,non_surface,active,PA24E_HUMAN,,no sliceable ECD span in the fetched entry,false,,2026-08-06,2018-03-28
Q8TE04,non_surface,active,PANK1_HUMAN,,no sliceable ECD span in the fetched entry,false,,2026-08-06,2003-01-17
Q9BZ23,non_surface,active,PANK2_HUMAN,,no sliceable ECD span in the fetched entry,false,,2026-08-06,2006-11-28
Q6QHF9,non_surface,active,PAOX_HUMAN,,no sliceable ECD span in the fetched entry,false,,2026-08-06,2019-12-11
Q5QFB9,non_surface,active,PAPAS_HUMAN,,no sliceable ECD span in the fetched entry,false,,2026-08-06,2005-01-04
Q9NVV4,non_surface,active,PAPD1_HUMAN,,no sliceable ECD span in the fetched entry,false,,2026-08-06,2000-10-01
Q5XG87,non_surface,active,PAPD7_HUMAN,,no sliceable ECD span in the fetched entry,false,,2026-08-06,2023-02-22
Q9BWT3,non_surface,active,PAPOG_HUMAN,,no sliceable ECD span in the fetched entry,false,,2026-08-06,2006-10-17
Q8N4S7,non_surface,active,PAQR4_HUMAN,,no sliceable ECD span in the fetched entry,false,,2026-08-06,2007-05-01
Q6TCH4,non_surface,active,PAQR6_HUMAN,31,,false,,2026-08-06,2004-08-31
Q8IY49,non_surface,active,PAQRA_HUMAN,,no sliceable ECD span in the fetched entry,false,,2026-08-06,2004-08-31
Q8N5Y8,non_surface,active,PAR16_HUMAN,,no sliceable ECD span in the fetched entry,false,,2026-08-06,2006-10-17
Q9H300,non_surface,active,PARL_HUMAN,,no sliceable ECD span in the fetched entry,false,,2026-08-06,2007-04-03
Q9Y6F1,non_surface,active,PARP3_HUMAN,,no sliceable ECD span in the fetched entry,false,,2026-08-06,2017-09-27
Q96AQ6,non_surface,active,PBIP1_HUMAN,,no sliceable ECD span in the fetched entry,false,,2026-08-06,2001-12-01
Q9GZY1,non_surface,active,PBOV1_HUMAN,,no sliceable ECD span in the fetched entry,false,,2026-08-06,2001-03-01
Q8NF37,non_surface,active,PCAT1_HUMAN,,no sliceable ECD span in the fetched entry,false,,2026-08-06,2006-07-25
Q7L5N7,non_surface,active,PCAT2_HUMAN,,no sliceable ECD span in the fetched entry,false,,2026-08-06,2004-07-05
Q96TA0,non_surface,active,PCDBI_HUMAN,,no sliceable ECD span in the fetched entry,false,,2026-08-06,2015-04-01
Q16549,non_surface,active,PCSK7_HUMAN,526,,false,,2026-08-06,2008-07-22
Q14432,non_surface,active,PDE3A_HUMAN,,no sliceable ECD span in the fetched entry,false,,2026-08-06,2004-05-10
Q13370,non_surface,active,PDE3B_HUMAN,,no sliceable ECD span in the fetched entry,false,,2026-08-06,2007-04-03
P16499,non_surface,active,PDE6A_HUMAN,,no sliceable ECD span in the fetched entry,false,,2026-08-06,2008-11-25
P35913,non_surface,active,PDE6B_HUMAN,,no sliceable ECD span in the fetched entry,false,,2026-08-06,2009-04-14
P51160,non_surface,active,PDE6C_HUMAN,,no sliceable ECD span in the fetched entry,false,,2026-08-06,2006-03-07
O00764,non_surface,active,PDXK_HUMAN,,no sliceable ECD span in the fetched entry,false,,2026-08-06,1997-07-01
Q13113,non_surface,active,PDZ1I_HUMAN,28,,false,,2026-08-06,1996-11-01
Q9UBM1,non_surface,active,PEMT_HUMAN,,no sliceable ECD span in the fetched entry,false,,2026-08-06,2007-06-12
Q9NZ42,non_surface,active,PEN2_HUMAN,,no sliceable ECD span in the fetched entry,false,,2026-08-06,2000-10-01
Q96FX8,non_surface,active,PERP_HUMAN,,no sliceable ECD span in the fetched entry,false,,2026-08-06,2001-12-01
O60683,non_surface,active,PEX10_HUMAN,,no sliceable ECD span in the fetched entry,false,,2026-08-06,1998-08-01
O00623,non_surface,active,PEX12_HUMAN,,no sliceable ECD span in the fetched entry,false,,2026-08-06,1997-07-01
Q92968,non_surface,active,PEX13_HUMAN,,no sliceable ECD span in the fetched entry,false,,2026-08-06,1998-12-15
O75381,non_surface,active,PEX14_HUMAN,,no sliceable ECD span in the fetched entry,false,,2026-08-06,1998-11-01
Q9Y5Y5,non_surface,active,PEX16_HUMAN,,no sliceable ECD span in the fetched entry,false,,2026-08-06,2011-05-03
Q7Z412,non_surface,active,PEX26_HUMAN,,no sliceable ECD span in the fetched entry,false,,2026-08-06,2004-05-24
P28328,non_surface,active,PEX2_HUMAN,,no sliceable ECD span in the fetched entry,false,,2026-08-06,2009-12-15
P56589,non_surface,active,PEX3_HUMAN,,no sliceable ECD span in the fetched entry,false,,2026-08-06,1998-12-15
Q9H720,non_surface,active,PG2IP_HUMAN,,no sliceable ECD span in the fetched entry,false,,2026-08-06,2010-05-18
Q96FM1,non_surface,active,PGAP3_HUMAN,,no sliceable ECD span in the fetched entry,false,,2026-08-06,2004-07-05
Q96DM1,non_surface,active,PGBD4_HUMAN,,no sliceable ECD span in the fetched entry,false,,2026-08-06,2009-11-24
Q8N414,non_surface,active,PGBD5_HUMAN,,no sliceable ECD span in the fetched entry,false,,2026-08-06,2017-10-25
Q9H7Z7,non_surface,active,PGES2_HUMAN,,no sliceable ECD span in the fetched entry,false,,2026-08-06,2001-03-01
O00264,non_surface,active,PGRC1_HUMAN,,no sliceable ECD span in the fetched entry,false,,2026-08-06,2007-01-23
O15173,non_surface,active,PGRC2_HUMAN,,no sliceable ECD span in the fetched entry,false,,2026-08-06,1998-01-01
Q9NWQ8,non_surface,active,PHAG1_HUMAN,16,,false,,2026-08-06,2005-12-20
Q16816,non_surface,active,PHKG1_HUMAN,,no sliceable ECD span in the fetched entry,false,,2026-08-06,2007-01-23
P15735,non_surface,active,PHKG2_HUMAN,,no sliceable ECD span in the fetched entry,false,,2026-08-06,1990-04-01
P42356,non_surface,active,PI4KA_HUMAN,,no sliceable ECD span in the fetched entry,false,,2026-08-06,2016-02-17
P37287,non_surface,active,PIGA_HUMAN,,no sliceable ECD span in the fetched entry,false,,2026-08-06,1994-10-01
Q92521,non_surface,active,PIGB_HUMAN,,no sliceable ECD span in the fetched entry,false,,2026-08-06,1997-02-01
Q92535,non_surface,active,PIGC_HUMAN,,no sliceable ECD span in the fetched entry,false,,2026-08-06,1997-02-01
Q07326,non_surface,active,PIGF_HUMAN,,no sliceable ECD span in the fetched entry,false,,2026-08-06,1995-02-01
Q14442,non_surface,active,PIGH_HUMAN,,no sliceable ECD span in the fetched entry,false,,2026-08-06,1996-11-01
Q9Y2B2,non_surface,active,PIGL_HUMAN,,no sliceable ECD span in the fetched entry,false,,2026-08-06,1999-11-01
Q9H3S5,non_surface,active,PIGM_HUMAN,,no sliceable ECD span in the fetched entry,false,,2026-08-06,2001-03-01
Q9BRB3,non_surface,active,PIGQ_HUMAN,,no sliceable ECD span in the fetched entry,false,,2026-08-06,2007-01-23
Q96S52,non_surface,active,PIGS_HUMAN,,no sliceable ECD span in the fetched entry,false,,2026-08-06,2007-01-23
Q9H490,non_surface,active,PIGU_HUMAN,,no sliceable ECD span in the fetched entry,false,,2026-08-06,2007-01-23
Q9NUD9,non_surface,active,PIGV_HUMAN,,no sliceable ECD span in the fetched entry,false,,2026-08-06,2000-10-01
Q3MUY2,non_surface,active,PIGY_HUMAN,,no sliceable ECD span in the fetched entry,false,,2026-08-06,2005-10-25
Q86VD9,non_surface,active,PIGZ_HUMAN,,no sliceable ECD span in the fetched entry,false,,2026-08-06,2010-11-02
Q9BXM7,non_surface,active,PINK1_HUMAN,,no sliceable ECD span in the fetched entry,false,,2026-08-06,2001-06-01
P0C851,non_surface,active,PIRT_HUMAN,,no sliceable ECD span in the fetched entry,false,,2026-08-06,2010-10-05
Q96CS7,non_surface,active,PKHB2_HUMAN,,no sliceable ECD span in the fetched entry,false,,2026-08-06,2001-12-01
Q8IVE3,non_surface,active,PKHH2_HUMAN,,no sliceable ECD span in the fetched entry,false,,2026-08-06,2007-10-02
O15120,non_surface,active,PLCB_HUMAN,,no sliceable ECD span in the fetched entry,false,,2026-08-06,1998-01-01
Q9NRZ7,non_surface,active,PLCC_HUMAN,,no sliceable ECD span in the fetched entry,false,,2026-08-06,2000-10-01
Q9NRZ5,non_surface,active,PLCD_HUMAN,,no sliceable ECD span in the fetched entry,false,,2026-08-06,2000-10-01
Q9NUQ2,non_surface,active,PLCE_HUMAN,,no sliceable ECD span in the fetched entry,false,,2026-08-06,2003-05-16
Q8N2A8,non_surface,active,PLD6_HUMAN,,no sliceable ECD span in the fetched entry,false,,2026-08-06,2002-10-01
Q9Y342,non_surface,active,PLLP_HUMAN,21,,false,,2026-08-06,1999-11-01
O00168,non_surface,active,PLM_HUMAN,15,,false,,2026-08-06,2002-08-30
Q96AD5,non_surface,active,PLPL2_HUMAN,171,,false,,2026-08-06,2001-12-01
Q9NST1,non_surface,active,PLPL3_HUMAN,,no sliceable ECD span in the fetched entry,false,,2026-08-06,2002-03-01
Q6ZV29,non_surface,active,PLPL7_HUMAN,,no sliceable ECD span in the fetched entry,false,,2026-08-06,2018-03-28
Q9NP80,non_surface,active,PLPL8_HUMAN,,no sliceable ECD span in the fetched entry,false,,2026-08-06,2000-10-01
O60733,non_surface,active,PLPL9_HUMAN,,no sliceable ECD span in the fetched entry,false,,2026-08-06,2000-05-30
Q9HBL7,non_surface,active,PLRKT_HUMAN,52,,false,,2026-08-06,2001-03-01
O15162,non_surface,active,PLS1_HUMAN,13,,false,,2026-08-06,1998-01-01
Q9NRY7,non_surface,active,PLS2_HUMAN,4,,false,,2026-08-06,2014-07-09
Q9NRY6,non_surface,active,PLS3_HUMAN,,no sliceable ECD span in the fetched entry,false,,2026-08-06,2010-05-18
Q9NRQ2,non_surface,active,PLS4_HUMAN,9,,false,,2026-08-06,2008-11-04
O43808,non_surface,active,PM34_HUMAN,,no sliceable ECD span in the fetched entry,false,,2026-08-06,1998-06-01
Q8WZA1,non_surface,active,PMGT1_HUMAN,,no sliceable ECD span in the fetched entry,false,,2026-08-06,2010-11-02
Q8NAT1,non_surface,active,PMGT2_HUMAN,,no sliceable ECD span in the fetched entry,false,,2026-08-06,2002-10-01
Q8N490,non_surface,active,PNKD_HUMAN,,no sliceable ECD span in the fetched entry,false,,2026-08-06,2007-09-11
Q9HBU9,non_surface,active,POPD2_HUMAN,,no sliceable ECD span in the fetched entry,false,,2026-08-06,2003-10-31
Q9HBV1,non_surface,active,POPD3_HUMAN,,no sliceable ECD span in the fetched entry,false,,2026-08-06,2003-10-31
Q9H237,non_surface,active,PORCN_HUMAN,38,,false,,2026-08-06,2006-10-17
Q9H8P0,non_surface,active,PORED_HUMAN,,no sliceable ECD span in the fetched entry,false,,2026-08-06,2001-03-01
Q6S8J3,non_surface,active,POTEE_HUMAN,,no sliceable ECD span in the fetched entry,false,,2026-08-06,2008-02-05
A5A3E0,non_surface,active,POTEF_HUMAN,,no sliceable ECD span in the fetched entry,false,,2026-08-06,2008-11-25
Q6S5H5,non_surface,active,POTEG_HUMAN,,no sliceable ECD span in the fetched entry,false,,2026-08-06,2010-11-30
P0CG38,non_surface,active,POTEI_HUMAN,,no sliceable ECD span in the fetched entry,false,,2026-08-06,2010-07-13
P0CG39,non_surface,active,POTEJ_HUMAN,,no sliceable ECD span in the fetched entry,false,,2026-08-06,2010-07-13
A6NI47,non_surface,active,POTEM_HUMAN,,no sliceable ECD span in the fetched entry,false,,2026-08-06,2008-01-15
Q8IY26,non_surface,active,PPAC2_HUMAN,,no sliceable ECD span in the fetched entry,false,,2026-08-06,2006-06-13
Q8NBV4,non_surface,active,PPAC3_HUMAN,16,,false,,2026-08-06,2002-10-01
Q5VZY2,non_surface,active,PPC1A_HUMAN,,no sliceable ECD span in the fetched entry,false,,2026-08-06,2007-05-15
Q8NEB5,non_surface,active,PPC1B_HUMAN,43,,false,,2026-08-06,2010-11-30
Q8TCE9,non_surface,active,PPL13_HUMAN,,no sliceable ECD span in the fetched entry,false,,2026-08-06,2009-05-05
P26678,non_surface,active,PPLA_HUMAN,,no sliceable ECD span in the fetched entry,false,,2026-08-06,1992-08-01
Q5SGD2,non_surface,active,PPM1L_HUMAN,25,,false,,2026-08-06,2004-12-21
Q16821,non_surface,active,PPR3A_HUMAN,,no sliceable ECD span in the fetched entry,false,,2026-08-06,2010-06-15
Q6ZSY5,non_surface,active,PPR3F_HUMAN,10,,false,,2026-08-06,2009-04-14
Q8N2U9,non_surface,active,PQLC1_HUMAN,,no sliceable ECD span in the fetched entry,false,,2026-08-06,2002-10-01
Q8N755,non_surface,active,PQLC3_HUMAN,,no sliceable ECD span in the fetched entry,false,,2026-08-06,2002-10-01
Q9UI14,non_surface,active,PRAF1_HUMAN,,no sliceable ECD span in the fetched entry,false,,2026-08-06,2000-05-01
O60831,non_surface,active,PRAF2_HUMAN,3,,false,,2026-08-06,1998-08-01
O75915,non_surface,active,PRAF3_HUMAN,,no sliceable ECD span in the fetched entry,false,,2026-08-06,1998-11-01
Q9HCU5,non_surface,active,PREB_HUMAN,,no sliceable ECD span in the fetched entry,false,,2026-08-06,2004-11-23
P06401,non_surface,active,PRGR_HUMAN,,no sliceable ECD span in the fetched entry,false,,2026-08-06,2006-03-21
Q8TB68,non_surface,active,PRR7_HUMAN,9,,false,,2026-08-06,2002-06-01
Q99946,non_surface,active,PRRT1_HUMAN,31,,false,,2026-08-06,2002-10-10
Q7Z6L0,non_surface,active,PRRT2_HUMAN,2,,false,,2026-08-06,2003-10-01
Q7RTY3,non_surface,active,PRS45_HUMAN,,no sliceable ECD span in the fetched entry,false,,2026-08-06,2003-12-15
Q6UWB4,non_surface,active,PRS55_HUMAN,,no sliceable ECD span in the fetched entry,false,,2026-08-06,2010-05-18
Q8WUY3,non_surface,active,PRUN2_HUMAN,,no sliceable ECD span in the fetched entry,false,,2026-08-06,2010-06-15
Q9BQI7,non_surface,active,PSD2_HUMAN,,no sliceable ECD span in the fetched entry,false,,2026-08-06,2010-11-30
Q99460,non_surface,active,PSMD1_HUMAN,,no sliceable ECD span in the fetched entry,false,,2026-08-06,2004-08-31
Q13200,non_surface,active,PSMD2_HUMAN,,no sliceable ECD span in the fetched entry,false,,2026-08-06,1999-07-15
P11686,non_surface,active,PSPC_HUMAN,,no sliceable ECD span in the fetched entry,false,,2026-08-06,2024-01-24
P0DJ07,non_surface,active,PT100_HUMAN,,no sliceable ECD span in the fetched entry,false,,2026-08-06,2011-10-19
Q14761,non_surface,active,PTCA_HUMAN,,no sliceable ECD span in the fetched entry,false,,2026-08-06,1996-11-01
O14684,non_surface,active,PTGES_HUMAN,,no sliceable ECD span in the fetched entry,false,,2026-08-06,2000-05-30
Q9Y3E5,non_surface,active,PTH2_HUMAN,,no sliceable ECD span in the fetched entry,false,,2026-08-06,1999-11-01
P18031,non_surface,active,PTN1_HUMAN,,no sliceable ECD span in the fetched entry,false,,2026-08-06,1990-11-01
P17706,non_surface,active,PTN2_HUMAN,,no sliceable ECD span in the fetched entry,false,,2026-08-06,2009-05-05
P54829,non_surface,active,PTN5_HUMAN,,no sliceable ECD span in the fetched entry,false,,2026-08-06,2011-01-11
Q8WUK0,non_surface,active,PTPM1_HUMAN,,no sliceable ECD span in the fetched entry,false,,2026-08-06,2002-03-01
P48651,non_surface,active,PTSS1_HUMAN,,no sliceable ECD span in the fetched entry,false,,2026-08-06,1996-02-01
Q9BVG9,non_surface,active,PTSS2_HUMAN,,no sliceable ECD span in the fetched entry,false,,2026-08-06,2001-06-01
O75192,non_surface,active,PX11A_HUMAN,,no sliceable ECD span in the fetched entry,false,,2026-08-06,1998-11-01
O96011,non_surface,active,PX11B_HUMAN,,no sliceable ECD span in the fetched entry,false,,2026-08-06,1999-05-01
Q96HA9,non_surface,active,PX11C_HUMAN,,no sliceable ECD span in the fetched entry,false,,2026-08-06,2001-12-01
Q9NR77,non_surface,active,PXMP2_HUMAN,,no sliceable ECD span in the fetched entry,false,,2026-08-06,2007-01-23
Q9Y6I8,non_surface,active,PXMP4_HUMAN,,no sliceable ECD span in the fetched entry,false,,2026-08-06,2007-01-23
Q8TE99,non_surface,active,PXYP1_HUMAN,,no sliceable ECD span in the fetched entry,false,,2026-08-06,2002-06-01
Q02127,non_surface,active,PYRD_HUMAN,,no sliceable ECD span in the fetched entry,false,,2026-08-06,2004-12-07
Q04671,non_surface,active,P_HUMAN,133,,false,,2026-08-06,2006-03-21
O14957,non_surface,active,QCR10_HUMAN,,no sliceable ECD span in the fetched entry,false,,2026-08-06,1998-01-01
O14949,non_surface,active,QCR8_HUMAN,,no sliceable ECD span in the fetched entry,false,,2026-08-06,2007-01-23
Q9UDW1,non_surface,active,QCR9_HUMAN,,no sliceable ECD span in the fetched entry,false,,2026-08-06,2007-01-23
Q9NXS2,non_surface,active,QPCTL_HUMAN,,no sliceable ECD span in the fetched entry,false,,2026-08-06,2010-05-18
P50876,non_surface,active,R144A_HUMAN,,no sliceable ECD span in the fetched entry,false,,2026-08-06,2007-10-23
Q7Z419,non_surface,active,R144B_HUMAN,,no sliceable ECD span in the fetched entry,false,,2026-08-06,2003-10-01
Q6ZS82,non_surface,active,R9BP_HUMAN,4,,false,,2026-08-06,2004-07-05
Q5R372,non_surface,active,RBG1L_HUMAN,,no sliceable ECD span in the fetched entry,false,,2026-08-06,2008-02-05
Q9Y3P9,non_surface,active,RBGP1_HUMAN,,no sliceable ECD span in the fetched entry,false,,2026-08-06,2007-08-21
O00559,non_surface,active,RCAS1_HUMAN,6,,false,,2026-08-06,1997-07-01
Q8IZV5,non_surface,active,RDH10_HUMAN,,no sliceable ECD span in the fetched entry,false,,2026-08-06,2003-03-01
Q8TC12,non_surface,active,RDH11_HUMAN,,no sliceable ECD span in the fetched entry,false,,2026-08-06,2003-08-29
O75452,non_surface,active,RDH16_HUMAN,,no sliceable ECD span in the fetched entry,false,,2026-08-06,2007-10-23
Q8N3Y7,non_surface,active,RDHE2_HUMAN,,no sliceable ECD span in the fetched entry,false,,2026-08-06,2004-03-01
O95072,non_surface,active,REC8_HUMAN,,no sliceable ECD span in the fetched entry,false,,2026-08-06,1999-05-01
P61575,non_surface,active,RECK8_HUMAN,,no sliceable ECD span in the fetched entry,false,,2026-08-06,2004-05-24
Q9H902,non_surface,active,REEP1_HUMAN,,no sliceable ECD span in the fetched entry,false,,2026-08-06,2001-03-01
Q9BRK0,non_surface,active,REEP2_HUMAN,,no sliceable ECD span in the fetched entry,false,,2026-08-06,2004-03-01
Q6NUK4,non_surface,active,REEP3_HUMAN,,no sliceable ECD span in the fetched entry,false,,2026-08-06,2004-07-05
Q9H6H4,non_surface,active,REEP4_HUMAN,,no sliceable ECD span in the fetched entry,false,,2026-08-06,2001-03-01
Q00765,non_surface,active,REEP5_HUMAN,,no sliceable ECD span in the fetched entry,false,,2026-08-06,2005-11-22
Q96HR9,non_surface,active,REEP6_HUMAN,,no sliceable ECD span in the fetched entry,false,,2026-08-06,2017-04-12
Q8NC24,non_surface,active,RELL2_HUMAN,,no sliceable ECD span in the fetched entry,false,,2026-08-06,2002-10-01
O15258,non_surface,active,RER1_HUMAN,,no sliceable ECD span in the fetched entry,false,,2026-08-06,1998-01-01
Q9Y644,non_surface,active,RFNG_HUMAN,,no sliceable ECD span in the fetched entry,false,,2026-08-06,2010-05-18
Q6GYQ0,non_surface,active,RGPA1_HUMAN,,no sliceable ECD span in the fetched entry,false,,2026-08-06,2004-07-19
Q2PPJ7,non_surface,active,RGPA2_HUMAN,,no sliceable ECD span in the fetched entry,false,,2026-08-06,2007-05-15
Q5JS13,non_surface,active,RGPS1_HUMAN,,no sliceable ECD span in the fetched entry,false,,2026-08-06,2008-02-05
A5PLK6,non_surface,active,RGSL_HUMAN,,no sliceable ECD span in the fetched entry,false,,2026-08-06,2007-07-10
Q6NTF9,non_surface,active,RHBD2_HUMAN,,no sliceable ECD span in the fetched entry,false,,2026-08-06,2006-10-31
Q9Y3P4,non_surface,active,RHBD3_HUMAN,,no sliceable ECD span in the fetched entry,false,,2026-08-06,1999-11-01
O75783,non_surface,active,RHBL1_HUMAN,,no sliceable ECD span in the fetched entry,false,,2026-08-06,1998-11-01
P58872,non_surface,active,RHBL3_HUMAN,,no sliceable ECD span in the fetched entry,false,,2026-08-06,2002-06-20
Q8TEB9,non_surface,active,RHBL4_HUMAN,64,,false,,2026-08-06,2002-06-01
P18577,non_surface,active,RHCE_HUMAN,,no sliceable ECD span in the fetched entry,false,,2026-08-06,2024-01-24
Q96CC6,non_surface,active,RHDF1_HUMAN,,no sliceable ECD span in the fetched entry,false,,2026-08-06,2008-06-10
Q02161,non_surface,active,RHD_HUMAN,,no sliceable ECD span in the fetched entry,false,,2026-08-06,2010-05-18
Q07960,non_surface,active,RHG01_HUMAN,,no sliceable ECD span in the fetched entry,false,,2026-08-06,1996-11-01
Q9UNA1,non_surface,active,RHG26_HUMAN,,no sliceable ECD span in the fetched entry,false,,2026-08-06,2000-05-01
Q9NRY4,non_surface,active,RHG35_HUMAN,,no sliceable ECD span in the fetched entry,false,,2026-08-06,2012-10-03
Q4ADV7,non_surface,active,RIC1_HUMAN,,no sliceable ECD span in the fetched entry,false,,2026-08-06,2008-02-26
Q7Z5B4,non_surface,active,RIC3_HUMAN,,no sliceable ECD span in the fetched entry,false,,2026-08-06,2003-10-01
Q7LG56,non_surface,active,RIR2B_HUMAN,,no sliceable ECD span in the fetched entry,false,,2026-08-06,2004-07-05
P31350,non_surface,active,RIR2_HUMAN,,no sliceable ECD span in the fetched entry,false,,2026-08-06,1993-07-01
Q96LZ7,non_surface,active,RMD2_HUMAN,,no sliceable ECD span in the fetched entry,false,,2026-08-06,2007-05-15
Q96TC7,non_surface,active,RMD3_HUMAN,,no sliceable ECD span in the fetched entry,false,,2026-08-06,2007-05-15
Q9NWS8,non_surface,active,RMND1_HUMAN,,no sliceable ECD span in the fetched entry,false,,2026-08-06,2006-04-04
O00237,non_surface,active,RN103_HUMAN,,no sliceable ECD span in the fetched entry,false,,2026-08-06,1997-07-01
Q9H920,non_surface,active,RN121_HUMAN,,no sliceable ECD span in the fetched entry,false,,2026-08-06,2001-03-01
Q8WVZ7,non_surface,active,RN133_HUMAN,,no sliceable ECD span in the fetched entry,false,,2026-08-06,2002-03-01
Q8WU17,non_surface,active,RN139_HUMAN,,no sliceable ECD span in the fetched entry,false,,2026-08-06,2002-03-01
Q96MT1,non_surface,active,RN145_HUMAN,,no sliceable ECD span in the fetched entry,false,,2026-08-06,2007-07-10
Q8N7C7,non_surface,active,RN148_HUMAN,,no sliceable ECD span in the fetched entry,false,,2026-08-06,2009-11-24
Q8N8N0,non_surface,active,RN152_HUMAN,,no sliceable ECD span in the fetched entry,false,,2026-08-06,2002-10-01
Q96K19,non_surface,active,RN170_HUMAN,,no sliceable ECD span in the fetched entry,false,,2026-08-06,2007-03-20
Q8N4F7,non_surface,active,RN175_HUMAN,,no sliceable ECD span in the fetched entry,false,,2026-08-06,2010-05-18
Q86T96,non_surface,active,RN180_HUMAN,7,,false,,2026-08-06,2006-11-28
Q96D59,non_surface,active,RN183_HUMAN,,no sliceable ECD span in the fetched entry,false,,2026-08-06,2014-04-16
Q96GF1,non_surface,active,RN185_HUMAN,,no sliceable ECD span in the fetched entry,false,,2026-08-06,2001-12-01
Q9NXI6,non_surface,active,RN186_HUMAN,,no sliceable ECD span in the fetched entry,false,,2026-08-06,2000-10-01
Q6ZMZ0,non_surface,active,RN19B_HUMAN,,no sliceable ECD span in the fetched entry,false,,2026-08-06,2007-10-23
Q63HN8,non_surface,active,RN213_HUMAN,,no sliceable ECD span in the fetched entry,false,,2026-08-06,2012-03-21
Q9Y6U7,non_surface,active,RN215_HUMAN,207,,false,,2026-08-06,2007-05-15
Q8TC41,non_surface,active,RN217_HUMAN,,no sliceable ECD span in the fetched entry,false,,2026-08-06,2014-05-14
A6NCQ9,non_surface,active,RN222_HUMAN,,no sliceable ECD span in the fetched entry,false,,2026-08-06,2007-07-24
E7ERA6,non_surface,active,RN223_HUMAN,,no sliceable ECD span in the fetched entry,false,,2026-08-06,2011-03-08
M0QZC1,non_surface,active,RN225_HUMAN,,no sliceable ECD span in the fetched entry,false,,2026-08-06,2014-10-29
Q9Y225,non_surface,active,RNF24_HUMAN,,no sliceable ECD span in the fetched entry,false,,2026-08-06,1999-11-01
Q99942,non_surface,active,RNF5_HUMAN,,no sliceable ECD span in the fetched entry,false,,2026-08-06,1997-05-01
Q96EX2,non_surface,active,RNFT2_HUMAN,181,,false,,2026-08-06,2007-03-06
Q6P5S7,non_surface,active,RNK_HUMAN,,no sliceable ECD span in the fetched entry,false,,2026-08-06,2013-05-01
Q03395,non_surface,active,ROM1_HUMAN,,no sliceable ECD span in the fetched entry,false,,2026-08-06,2007-03-06
P60602,non_surface,active,ROMO1_HUMAN,,no sliceable ECD span in the fetched entry,false,,2026-08-06,2004-03-15
Q9GZS1,non_surface,active,RPA49_HUMAN,,no sliceable ECD span in the fetched entry,false,,2026-08-06,2018-11-07
Q9BWH6,non_surface,active,RPAP1_HUMAN,,no sliceable ECD span in the fetched entry,false,,2026-08-06,2010-05-18
Q8IXW5,non_surface,active,RPAP2_HUMAN,,no sliceable ECD span in the fetched entry,false,,2026-08-06,2003-03-01
Q8WZA2,non_surface,active,RPGF4_HUMAN,,no sliceable ECD span in the fetched entry,false,,2026-08-06,2002-03-01
P04844,non_surface,active,RPN2_HUMAN,,no sliceable ECD span in the fetched entry,false,,2026-08-06,2000-12-01
Q8N122,non_surface,active,RPTOR_HUMAN,,no sliceable ECD span in the fetched entry,false,,2026-08-06,2002-10-01
Q9P2E9,non_surface,active,RRBP1_HUMAN,,no sliceable ECD span in the fetched entry,false,,2026-08-06,2018-04-25
Q96FB5,non_surface,active,RRNAD_HUMAN,,no sliceable ECD span in the fetched entry,false,,2026-08-06,2007-05-29
Q5JTH9,non_surface,active,RRP12_HUMAN,,no sliceable ECD span in the fetched entry,false,,2026-08-06,2005-07-19
Q8WXG1,non_surface,active,RSAD2_HUMAN,,no sliceable ECD span in the fetched entry,false,,2026-08-06,2002-03-01
A6NKG5,non_surface,active,RTL1_HUMAN,,no sliceable ECD span in the fetched entry,false,,2026-08-06,2012-09-05
Q16799,non_surface,active,RTN1_HUMAN,,no sliceable ECD span in the fetched entry,false,,2026-08-06,1996-11-01
O75298,non_surface,active,RTN2_HUMAN,,no sliceable ECD span in the fetched entry,false,,2026-08-06,1998-11-01
P59025,non_surface,active,RTP1_HUMAN,4,,false,,2026-08-06,2005-03-15
Q5QGT7,non_surface,active,RTP2_HUMAN,6,,false,,2026-08-06,2005-01-04
Q9BQQ7,non_surface,active,RTP3_HUMAN,,no sliceable ECD span in the fetched entry,false,,2026-08-06,2001-06-01
Q96DX8,non_surface,active,RTP4_HUMAN,,no sliceable ECD span in the fetched entry,false,,2026-08-06,2010-11-30
Q14D33,non_surface,active,RTP5_HUMAN,,no sliceable ECD span in the fetched entry,false,,2026-08-06,2009-12-15
Q96GQ5,non_surface,active,RUS1_HUMAN,,no sliceable ECD span in the fetched entry,false,,2026-08-06,2007-04-03
Q92736,non_surface,active,RYR2_HUMAN,,no sliceable ECD span in the fetched entry,false,,2026-08-06,2010-10-05
Q15413,non_surface,active,RYR3_HUMAN,,no sliceable ECD span in the fetched entry,false,,2026-08-06,2011-03-08
P60903,non_surface,active,S10AA_HUMAN,,no sliceable ECD span in the fetched entry,false,,2026-08-06,2007-01-23
Q96BI1,non_surface,active,S22AI_HUMAN,,no sliceable ECD span in the fetched entry,false,,2026-08-06,2009-05-26
A6NKX4,non_surface,active,S22AV_HUMAN,84,,false,,2026-08-06,2018-03-28
Q9BSK2,non_surface,active,S2533_HUMAN,,no sliceable ECD span in the fetched entry,false,,2026-08-06,2001-06-01
Q6PIV7,non_surface,active,S2534_HUMAN,,no sliceable ECD span in the fetched entry,false,,2026-08-06,2004-07-05
Q3KQZ1,non_surface,active,S2535_HUMAN,,no sliceable ECD span in the fetched entry,false,,2026-08-06,2005-11-08
Q9BZJ4,non_surface,active,S2539_HUMAN,,no sliceable ECD span in the fetched entry,false,,2026-08-06,2011-01-11
Q8TBP6,non_surface,active,S2540_HUMAN,,no sliceable ECD span in the fetched entry,false,,2026-08-06,2002-06-01
Q86VD7,non_surface,active,S2542_HUMAN,,no sliceable ECD span in the fetched entry,false,,2026-08-06,2007-06-26
Q8WUT9,non_surface,active,S2543_HUMAN,,no sliceable ECD span in the fetched entry,false,,2026-08-06,2008-10-14
Q96H78,non_surface,active,S2544_HUMAN,,no sliceable ECD span in the fetched entry,false,,2026-08-06,2001-12-01
Q8N413,non_surface,active,S2545_HUMAN,,no sliceable ECD span in the fetched entry,false,,2026-08-06,2007-06-26
Q96AG3,non_surface,active,S2546_HUMAN,,no sliceable ECD span in the fetched entry,false,,2026-08-06,2001-12-01
Q6ZT89,non_surface,active,S2548_HUMAN,,no sliceable ECD span in the fetched entry,false,,2026-08-06,2008-03-18
Q9H1U9,non_surface,active,S2551_HUMAN,,no sliceable ECD span in the fetched entry,false,,2026-08-06,2001-03-01
Q3SY17,non_surface,active,S2552_HUMAN,,no sliceable ECD span in the fetched entry,false,,2026-08-06,2010-05-18
Q8NG04,non_surface,active,S2610_HUMAN,,no sliceable ECD span in the fetched entry,false,,2026-08-06,2002-10-01
Q86WA9,non_surface,active,S2611_HUMAN,144,,false,,2026-08-06,2008-02-26
Q6PCB7,non_surface,active,S27A1_HUMAN,13,,false,,2026-08-06,2004-07-05
O14975,non_surface,active,S27A2_HUMAN,,no sliceable ECD span in the fetched entry,false,,2026-08-06,2010-10-05
Q5K4L6,non_surface,active,S27A3_HUMAN,,no sliceable ECD span in the fetched entry,false,,2026-08-06,2019-01-16
Q9Y2P5,non_surface,active,S27A5_HUMAN,,no sliceable ECD span in the fetched entry,false,,2026-08-06,1999-11-01
Q9Y2P4,non_surface,active,S27A6_HUMAN,,no sliceable ECD span in the fetched entry,false,,2026-08-06,1999-11-01
Q5TZJ5,non_surface,active,S31A1_HUMAN|S31A2_HUMAN,,no sliceable ECD span in the fetched entry,false,,2026-08-06,2004-12-07
Q5VYP0,non_surface,active,S31A3_HUMAN,,no sliceable ECD span in the fetched entry,false,,2026-08-06,2004-12-07
Q8IWB4,non_surface,active,S31A4_HUMAN|S31A7_HUMAN,,no sliceable ECD span in the fetched entry,false,,2026-08-06,2008-01-15
Q5VU36,non_surface,active,S31A5_HUMAN,,no sliceable ECD span in the fetched entry,false,,2026-08-06,2005-01-04
Q5VVP1,non_surface,active,S31A6_HUMAN,,no sliceable ECD span in the fetched entry,false,,2026-08-06,2004-12-07
P0DKV0,non_surface,active,S31C1_HUMAN,,no sliceable ECD span in the fetched entry,false,,2026-08-06,2013-02-06
B4DYI2,non_surface,active,S31C2_HUMAN,,no sliceable ECD span in the fetched entry,false,,2026-08-06,2013-01-09
Q6ZQQ2,non_surface,active,S31D1_HUMAN,,no sliceable ECD span in the fetched entry,false,,2026-08-06,2004-07-05
P0C874,non_surface,active,S31D3_HUMAN,,no sliceable ECD span in the fetched entry,false,,2026-08-06,2008-09-02
Q6ZUB0,non_surface,active,S31D4_HUMAN,,no sliceable ECD span in the fetched entry,false,,2026-08-06,2018-03-28
Q6ZUB1,non_surface,active,S31E1_HUMAN,,no sliceable ECD span in the fetched entry,false,,2026-08-06,2005-07-19
P0CK96,non_surface,active,S352B_HUMAN,,no sliceable ECD span in the fetched entry,false,,2026-08-06,2011-03-08
P78382,non_surface,active,S35A1_HUMAN,,no sliceable ECD span in the fetched entry,false,,2026-08-06,1997-05-01
P78381,non_surface,active,S35A2_HUMAN,,no sliceable ECD span in the fetched entry,false,,2026-08-06,1997-05-01
Q9Y2D2,non_surface,active,S35A3_HUMAN,,no sliceable ECD span in the fetched entry,false,,2026-08-06,1999-11-01
Q96G79,non_surface,active,S35A4_HUMAN,,no sliceable ECD span in the fetched entry,false,,2026-08-06,2001-12-01
Q8TB61,non_surface,active,S35B2_HUMAN,,no sliceable ECD span in the fetched entry,false,,2026-08-06,2002-06-01
Q9H1N7,non_surface,active,S35B3_HUMAN,,no sliceable ECD span in the fetched entry,false,,2026-08-06,2001-03-01
Q969S0,non_surface,active,S35B4_HUMAN,,no sliceable ECD span in the fetched entry,false,,2026-08-06,2001-12-01
Q9NQQ7,non_surface,active,S35C2_HUMAN,,no sliceable ECD span in the fetched entry,false,,2026-08-06,2001-06-01
Q9NTN3,non_surface,active,S35D1_HUMAN,,no sliceable ECD span in the fetched entry,false,,2026-08-06,2000-10-01
Q76EJ3,non_surface,active,S35D2_HUMAN,15,,false,,2026-08-06,2004-07-05
Q5M8T2,non_surface,active,S35D3_HUMAN,,no sliceable ECD span in the fetched entry,false,,2026-08-06,2005-02-01
P0CK97,non_surface,active,S35E2_HUMAN,,no sliceable ECD span in the fetched entry,false,,2026-08-06,2011-03-08
Q7Z769,non_surface,active,S35E3_HUMAN,,no sliceable ECD span in the fetched entry,false,,2026-08-06,2003-10-01
Q6ICL7,non_surface,active,S35E4_HUMAN,,no sliceable ECD span in the fetched entry,false,,2026-08-06,2004-07-05
Q5T1Q4,non_surface,active,S35F1_HUMAN,,no sliceable ECD span in the fetched entry,false,,2026-08-06,2007-02-20
Q8IXU6,non_surface,active,S35F2_HUMAN,15,,false,,2026-08-06,2003-03-01
Q8WV83,non_surface,active,S35F5_HUMAN,,no sliceable ECD span in the fetched entry,false,,2026-08-06,2002-03-01
Q8N357,non_surface,active,S35F6_HUMAN,,no sliceable ECD span in the fetched entry,false,,2026-08-06,2002-10-01
Q2M3R5,non_surface,active,S35G1_HUMAN,,no sliceable ECD span in the fetched entry,false,,2026-08-06,2006-02-21
Q8N808,non_surface,active,S35G3_HUMAN,,no sliceable ECD span in the fetched entry,false,,2026-08-06,2002-10-01
P0C7Q5,non_surface,active,S35G4_HUMAN,,no sliceable ECD span in the fetched entry,false,,2026-08-06,2008-07-01
Q9HBR0,non_surface,active,S38AA_HUMAN,,no sliceable ECD span in the fetched entry,false,,2026-08-06,2008-02-26
Q9BRY0,non_surface,active,S39A3_HUMAN,22,,false,,2026-08-06,2004-03-01
Q8N1S5,non_surface,active,S39AB_HUMAN,,no sliceable ECD span in the fetched entry,false,,2026-08-06,2010-11-30
Q96H72,non_surface,active,S39AD_HUMAN,,no sliceable ECD span in the fetched entry,false,,2026-08-06,2010-05-18
Q8TE82,non_surface,active,S3TC1_HUMAN,,no sliceable ECD span in the fetched entry,false,,2026-08-06,2010-11-30
P18405,non_surface,active,S5A1_HUMAN,,no sliceable ECD span in the fetched entry,false,,2026-08-06,1990-11-01
P31213,non_surface,active,S5A2_HUMAN,,no sliceable ECD span in the fetched entry,false,,2026-08-06,2023-06-28
P61619,non_surface,active,S61A1_HUMAN,,no sliceable ECD span in the fetched entry,false,,2026-08-06,2007-01-23
Q9H9S3,non_surface,active,S61A2_HUMAN,,no sliceable ECD span in the fetched entry,false,,2026-08-06,2007-01-23
Q9NTJ5,non_surface,active,SAC1_HUMAN,,no sliceable ECD span in the fetched entry,false,,2026-08-06,2008-02-05
Q8IXA5,non_surface,active,SACA3_HUMAN,131,,false,,2026-08-06,2003-03-01
Q70HW3,non_surface,active,SAMC_HUMAN,,no sliceable ECD span in the fetched entry,false,,2026-08-06,2018-03-28
Q96LT4,non_surface,active,SAMD8_HUMAN,,no sliceable ECD span in the fetched entry,false,,2026-08-06,2004-03-01
Q96BY9,non_surface,active,SARAF_HUMAN,,no sliceable ECD span in the fetched entry,false,,2026-08-06,2001-12-01
O00631,non_surface,active,SARCO_HUMAN,,no sliceable ECD span in the fetched entry,false,,2026-08-06,1997-07-01
P67812,non_surface,active,SC11A_HUMAN,,no sliceable ECD span in the fetched entry,false,,2026-08-06,2004-10-11
P0C7V7,non_surface,active,SC11B_HUMAN,142,,false,,2026-08-06,2008-07-22
Q9BY50,non_surface,active,SC11C_HUMAN,,no sliceable ECD span in the fetched entry,false,,2026-08-06,2007-01-23
Q96IW7,non_surface,active,SC22A_HUMAN,,no sliceable ECD span in the fetched entry,false,,2026-08-06,2001-12-01
O75396,non_surface,active,SC22B_HUMAN,,no sliceable ECD span in the fetched entry,false,,2026-08-06,2021-09-29
Q9BRL7,non_surface,active,SC22C_HUMAN,,no sliceable ECD span in the fetched entry,false,,2026-08-06,2001-06-01
O95486,non_surface,active,SC24A_HUMAN,,no sliceable ECD span in the fetched entry,false,,2026-08-06,2007-11-13
O75845,non_surface,active,SC5D_HUMAN,,no sliceable ECD span in the fetched entry,false,,2026-08-06,2007-01-23
P60468,non_surface,active,SC61B_HUMAN,,no sliceable ECD span in the fetched entry,false,,2026-08-06,2007-01-23
P60059,non_surface,active,SC61G_HUMAN,7,,false,,2026-08-06,2003-11-21
Q8N9R8,non_surface,active,SCAI_HUMAN,,no sliceable ECD span in the fetched entry,false,,2026-08-06,2009-07-07
O15127,non_surface,active,SCAM2_HUMAN,,no sliceable ECD span in the fetched entry,false,,2026-08-06,2001-07-11
O14828,non_surface,active,SCAM3_HUMAN,,no sliceable ECD span in the fetched entry,false,,2026-08-06,2008-09-23
Q969E2,non_surface,active,SCAM4_HUMAN,,no sliceable ECD span in the fetched entry,false,,2026-08-06,2001-12-01
Q86SK9,non_surface,active,SCD5_HUMAN,,no sliceable ECD span in the fetched entry,false,,2026-08-06,2007-12-04
Q6UWF3,non_surface,active,SCIMP_HUMAN,,no sliceable ECD span in the fetched entry,false,,2026-08-06,2004-07-05
Q6NUK1,non_surface,active,SCMC1_HUMAN,,no sliceable ECD span in the fetched entry,false,,2026-08-06,2008-02-05
Q6KCM7,non_surface,active,SCMC2_HUMAN,,no sliceable ECD span in the fetched entry,false,,2026-08-06,2004-07-05
Q9BV35,non_surface,active,SCMC3_HUMAN,,no sliceable ECD span in the fetched entry,false,,2026-08-06,2008-02-05
O75880,non_surface,active,SCO1_HUMAN,,no sliceable ECD span in the fetched entry,false,,2026-08-06,1998-11-01
O43819,non_surface,active,SCO2_HUMAN,,no sliceable ECD span in the fetched entry,false,,2026-08-06,2000-05-30
Q8NBX0,non_surface,active,SCPDL_HUMAN,,no sliceable ECD span in the fetched entry,false,,2026-08-06,2002-10-01
Q9NVU7,non_surface,active,SDA1_HUMAN,,no sliceable ECD span in the fetched entry,false,,2026-08-06,2010-05-18
O75056,non_surface,active,SDC3_HUMAN,387,,false,,2026-08-06,2006-09-05
O00560,non_surface,active,SDCB1_HUMAN,,no sliceable ECD span in the fetched entry,false,,2026-08-06,1997-07-01
Q6ZPB5,non_surface,active,SDIM1_HUMAN,40,,false,,2026-08-06,2011-04-05
Q68CR1,non_surface,active,SE1L3_HUMAN,,no sliceable ECD span in the fetched entry,false,,2026-08-06,2008-02-26
Q9BYH1,non_surface,active,SE6L1_HUMAN,930,,false,,2026-08-06,2001-06-01
Q12981,non_surface,active,SEC20_HUMAN,,no sliceable ECD span in the fetched entry,false,,2026-08-06,2006-04-18
Q99442,non_surface,active,SEC62_HUMAN,,no sliceable ECD span in the fetched entry,false,,2026-08-06,1997-05-01
Q9UGP8,non_surface,active,SEC63_HUMAN,,no sliceable ECD span in the fetched entry,false,,2026-08-06,2007-01-23
Q9Y6D0,non_surface,active,SELK_HUMAN,,no sliceable ECD span in the fetched entry,false,,2026-08-06,2008-02-26
Q9BQE4,non_surface,active,SELS_HUMAN,,no sliceable ECD span in the fetched entry,false,,2026-08-06,2008-02-26
O75920,non_surface,active,SERF1_HUMAN,,no sliceable ECD span in the fetched entry,false,,2026-08-06,1998-11-01
Q9Y6X1,non_surface,active,SERP1_HUMAN,,no sliceable ECD span in the fetched entry,false,,2026-08-06,1999-11-01
Q8N6R1,non_surface,active,SERP2_HUMAN,,no sliceable ECD span in the fetched entry,false,,2026-08-06,2002-10-01
O75533,non_surface,active,SF3B1_HUMAN,,no sliceable ECD span in the fetched entry,false,,2026-08-06,2009-11-24
A8K8P3,non_surface,active,SFI1_HUMAN,,no sliceable ECD span in the fetched entry,false,,2026-08-06,2008-05-20
Q8WV19,non_surface,active,SFT2A_HUMAN,,no sliceable ECD span in the fetched entry,false,,2026-08-06,2002-03-01
O95562,non_surface,active,SFT2B_HUMAN,,no sliceable ECD span in the fetched entry,false,,2026-08-06,1999-05-01
Q587I9,non_surface,active,SFT2C_HUMAN,,no sliceable ECD span in the fetched entry,false,,2026-08-06,2005-05-10
Q9H9B4,non_surface,active,SFXN1_HUMAN,,no sliceable ECD span in the fetched entry,false,,2026-08-06,2007-01-23
Q96NB2,non_surface,active,SFXN2_HUMAN,,no sliceable ECD span in the fetched entry,false,,2026-08-06,2002-03-27
Q9BWM7,non_surface,active,SFXN3_HUMAN,,no sliceable ECD span in the fetched entry,false,,2026-08-06,2017-01-18
Q6P4A7,non_surface,active,SFXN4_HUMAN,,no sliceable ECD span in the fetched entry,false,,2026-08-06,2004-07-05
Q8TD22,non_surface,active,SFXN5_HUMAN,,no sliceable ECD span in the fetched entry,false,,2026-08-06,2002-06-01
Q9H5K3,non_surface,active,SG196_HUMAN,,no sliceable ECD span in the fetched entry,false,,2026-08-06,2001-03-01
Q99720,non_surface,active,SGMR1_HUMAN,,no sliceable ECD span in the fetched entry,false,,2026-08-06,1997-05-01
O95470,non_surface,active,SGPL1_HUMAN,,no sliceable ECD span in the fetched entry,false,,2026-08-06,2003-10-24
Q9BX95,non_surface,active,SGPP1_HUMAN,,no sliceable ECD span in the fetched entry,false,,2026-08-06,2004-04-26
Q8IWX5,non_surface,active,SGPP2_HUMAN,,no sliceable ECD span in the fetched entry,false,,2026-08-06,2003-03-01
O14796,non_surface,active,SH21B_HUMAN,,no sliceable ECD span in the fetched entry,false,,2026-08-06,2002-09-19
Q6UWI4,non_surface,active,SHSA2_HUMAN,77,,false,,2026-08-06,2004-07-05
A0PJX4,non_surface,active,SHSA3_HUMAN,,no sliceable ECD span in the fetched entry,false,,2026-08-06,2007-01-09
Q8N114,non_surface,active,SHSA5_HUMAN,77,,false,,2026-08-06,2002-10-01
Q5T5W8,non_surface,inactive,SI11L_HUMAN,,not fetched: uniprot_inactive,false,,,
Q9Y274,non_surface,active,SIA10_HUMAN,,no sliceable ECD span in the fetched entry,false,,2026-08-06,1999-11-01
Q11201,non_surface,active,SIA4A_HUMAN,,no sliceable ECD span in the fetched entry,false,,2026-08-06,1996-10-01
Q16842,non_surface,active,SIA4B_HUMAN,,no sliceable ECD span in the fetched entry,false,,2026-08-06,1996-11-01
Q11206,non_surface,active,SIA4C_HUMAN,,no sliceable ECD span in the fetched entry,false,,2026-08-06,1996-10-01
Q9NSC7,non_surface,active,SIA7A_HUMAN,,no sliceable ECD span in the fetched entry,false,,2026-08-06,2000-10-01
Q9UJ37,non_surface,active,SIA7B_HUMAN,,no sliceable ECD span in the fetched entry,false,,2026-08-06,2000-05-01
Q8NDV1,non_surface,active,SIA7C_HUMAN,,no sliceable ECD span in the fetched entry,false,,2026-08-06,2002-10-01
Q9H4F1,non_surface,active,SIA7D_HUMAN,,no sliceable ECD span in the fetched entry,false,,2026-08-06,2002-07-11
Q9BVH7,non_surface,active,SIA7E_HUMAN,,no sliceable ECD span in the fetched entry,false,,2026-08-06,2001-06-01
Q969X2,non_surface,active,SIA7F_HUMAN,,no sliceable ECD span in the fetched entry,false,,2026-08-06,2001-12-01
Q92185,non_surface,active,SIA8A_HUMAN,,no sliceable ECD span in the fetched entry,false,,2026-08-06,1997-02-01
Q92186,non_surface,active,SIA8B_HUMAN,,no sliceable ECD span in the fetched entry,false,,2026-08-06,1997-02-01
O43173,non_surface,active,SIA8C_HUMAN,,no sliceable ECD span in the fetched entry,false,,2026-08-06,2006-10-17
Q92187,non_surface,active,SIA8D_HUMAN,,no sliceable ECD span in the fetched entry,false,,2026-08-06,1997-02-01
O15466,non_surface,active,SIA8E_HUMAN,,no sliceable ECD span in the fetched entry,false,,2026-08-06,2008-09-23
P61647,non_surface,active,SIA8F_HUMAN,,no sliceable ECD span in the fetched entry,false,,2026-08-06,2004-06-07
P15907,non_surface,active,SIAT1_HUMAN,,no sliceable ECD span in the fetched entry,false,,2026-08-06,1990-04-01
Q96JF0,non_surface,active,SIAT2_HUMAN,,no sliceable ECD span in the fetched entry,false,,2026-08-06,2008-01-15
Q11203,non_surface,active,SIAT6_HUMAN,,no sliceable ECD span in the fetched entry,false,,2026-08-06,1996-10-01
Q96HG1,non_surface,active,SIM10_HUMAN,,no sliceable ECD span in the fetched entry,false,,2026-08-06,2011-10-19
P58511,non_surface,active,SIM11_HUMAN,,no sliceable ECD span in the fetched entry,false,,2026-08-06,2002-01-23
Q96EX1,non_surface,active,SIM12_HUMAN,,no sliceable ECD span in the fetched entry,false,,2026-08-06,2011-12-14
P0DJ93,non_surface,active,SIM13_HUMAN,,no sliceable ECD span in the fetched entry,false,,2026-08-06,2011-12-14
Q96QK8,non_surface,active,SIM14_HUMAN,,no sliceable ECD span in the fetched entry,false,,2026-08-06,2001-12-01
Q7Z3B0,non_surface,active,SIM15_HUMAN,,no sliceable ECD span in the fetched entry,false,,2026-08-06,2003-10-01
A6NCI5,non_surface,active,SIM16_HUMAN,,no sliceable ECD span in the fetched entry,false,,2026-08-06,2007-07-24
P0DL12,non_surface,active,SIM17_HUMAN,,no sliceable ECD span in the fetched entry,false,,2026-08-06,2013-04-03
K7EJ46,non_surface,active,SIM22_HUMAN,,no sliceable ECD span in the fetched entry,false,,2026-08-06,2019-07-03
A6NLE4,non_surface,active,SIM23_HUMAN,119,,false,,2026-08-06,2016-09-07
O75264,non_surface,active,SIM24_HUMAN,,no sliceable ECD span in the fetched entry,false,,2026-08-06,2008-02-26
A8MVG2,non_surface,inactive,SKIT1_HUMAN,,not fetched: uniprot_inactive,false,,,
Q9Y2E8,non_surface,active,SL9A8_HUMAN,,no sliceable ECD span in the fetched entry,false,,2026-08-06,2009-07-28
Q4ZJI4,non_surface,active,SL9B1_HUMAN,,no sliceable ECD span in the fetched entry,false,,2026-08-06,2010-05-18
Q86UD5,non_surface,active,SL9B2_HUMAN,13,,false,,2026-08-06,2005-08-30
Q5TAH2,non_surface,active,SL9C2_HUMAN,,no sliceable ECD span in the fetched entry,false,,2026-08-06,2004-12-21
A6NJY1,non_surface,active,SL9P1_HUMAN,,no sliceable ECD span in the fetched entry,false,,2026-08-06,2012-10-31
Q14BN4,non_surface,active,SLMAP_HUMAN,5,,false,,2026-08-06,2006-08-22
Q0VAQ4,non_surface,active,SMAGP_HUMAN,36,,false,,2026-08-06,2006-09-05
A6NFE2,non_surface,active,SMCO2_HUMAN,,no sliceable ECD span in the fetched entry,false,,2026-08-06,2011-01-11
Q9NRQ5,non_surface,active,SMCO4_HUMAN,,no sliceable ECD span in the fetched entry,false,,2026-08-06,2000-10-01
Q9UPR3,non_surface,active,SMG5_HUMAN,,no sliceable ECD span in the fetched entry,false,,2026-08-06,2005-12-20
Q96E16,non_surface,active,SMI19_HUMAN,,no sliceable ECD span in the fetched entry,false,,2026-08-06,2010-04-20
Q8N5G0,non_surface,active,SMI20_HUMAN,,no sliceable ECD span in the fetched entry,false,,2026-08-06,2016-11-02
Q3B7S5,non_surface,active,SMI21_HUMAN,,no sliceable ECD span in the fetched entry,false,,2026-08-06,2005-11-22
B2RUZ4,non_surface,active,SMIM1_HUMAN,11,,false,,2026-08-06,2008-07-01
Q9BVW6,non_surface,active,SMIM2_HUMAN,,no sliceable ECD span in the fetched entry,false,,2026-08-06,2001-06-01
Q9BZL3,non_surface,active,SMIM3_HUMAN,,no sliceable ECD span in the fetched entry,false,,2026-08-06,2001-06-01
Q8WVI0,non_surface,active,SMIM4_HUMAN,,no sliceable ECD span in the fetched entry,false,,2026-08-06,2008-09-02
Q71RC9,non_surface,active,SMIM5_HUMAN,,no sliceable ECD span in the fetched entry,false,,2026-08-06,2011-06-28
P0DI80,non_surface,active,SMIM6_HUMAN,,no sliceable ECD span in the fetched entry,false,,2026-08-06,2011-09-21
Q9BQ49,non_surface,active,SMIM7_HUMAN,36,,false,,2026-08-06,2008-07-01
Q96KF7,non_surface,active,SMIM8_HUMAN,,no sliceable ECD span in the fetched entry,false,,2026-08-06,2005-07-19
H3BR10,non_surface,active,SMLR1_HUMAN,,no sliceable ECD span in the fetched entry,false,,2026-08-06,2012-04-18
Q9NWM0,non_surface,active,SMOX_HUMAN,,no sliceable ECD span in the fetched entry,false,,2026-08-06,2000-10-01
Q86VZ5,non_surface,active,SMS1_HUMAN,,no sliceable ECD span in the fetched entry,false,,2026-08-06,2018-03-28
Q8NHU3,non_surface,active,SMS2_HUMAN,,no sliceable ECD span in the fetched entry,false,,2026-08-06,2002-10-01
Q6IEE8,non_surface,active,SN12L_HUMAN,,no sliceable ECD span in the fetched entry,false,,2026-08-06,2014-05-14
O95473,non_surface,active,SNG4_HUMAN,,no sliceable ECD span in the fetched entry,false,,2026-08-06,2007-11-13
Q9HBX3,non_surface,active,SNIT1_HUMAN,,no sliceable ECD span in the fetched entry,false,,2026-08-06,2001-03-01
O75324,non_surface,active,SNN_HUMAN,,no sliceable ECD span in the fetched entry,false,,2026-08-06,1998-11-01
O15079,non_surface,active,SNPH_HUMAN,,no sliceable ECD span in the fetched entry,false,,2026-08-06,2009-06-16
Q9Y5W8,non_surface,active,SNX13_HUMAN,,no sliceable ECD span in the fetched entry,false,,2026-08-06,2002-10-25
Q9Y5W7,non_surface,active,SNX14_HUMAN,,no sliceable ECD span in the fetched entry,false,,2026-08-06,2009-07-28
Q92543,non_surface,active,SNX19_HUMAN,,no sliceable ECD span in the fetched entry,false,,2026-08-06,2010-05-18
Q13596,non_surface,active,SNX1_HUMAN,,no sliceable ECD span in the fetched entry,false,,2026-08-06,2001-11-16
P35610,non_surface,active,SOAT1_HUMAN,,no sliceable ECD span in the fetched entry,false,,2026-08-06,2003-07-25
O75908,non_surface,active,SOAT2_HUMAN,,no sliceable ECD span in the fetched entry,false,,2026-08-06,1998-11-01
Q9NPE6,non_surface,active,SPAG4_HUMAN,,no sliceable ECD span in the fetched entry,false,,2026-08-06,2000-10-01
Q9UBP0,non_surface,active,SPAST_HUMAN,,no sliceable ECD span in the fetched entry,false,,2026-08-06,2000-05-01
Q9BWV2,non_surface,active,SPAT9_HUMAN,,no sliceable ECD span in the fetched entry,false,,2026-08-06,2007-02-20
Q96P15,non_surface,active,SPB11_HUMAN,,no sliceable ECD span in the fetched entry,false,,2026-08-06,2024-01-24
P29508,non_surface,active,SPB3_HUMAN,,no sliceable ECD span in the fetched entry,false,,2026-08-06,2002-01-23
O75635,non_surface,active,SPB7_HUMAN,,no sliceable ECD span in the fetched entry,false,,2026-08-06,1998-11-01
Q9Y6A9,non_surface,active,SPCS1_HUMAN,,no sliceable ECD span in the fetched entry,false,,2026-08-06,2019-10-16
Q15005,non_surface,active,SPCS2_HUMAN,,no sliceable ECD span in the fetched entry,false,,2026-08-06,2000-05-30
P61009,non_surface,active,SPCS3_HUMAN,,no sliceable ECD span in the fetched entry,false,,2026-08-06,2004-04-26
Q8N4L4,non_surface,active,SPEM1_HUMAN,,no sliceable ECD span in the fetched entry,false,,2026-08-06,2002-10-01
Q9UQ90,non_surface,active,SPG7_HUMAN,,no sliceable ECD span in the fetched entry,false,,2026-08-06,2006-10-17
Q9NZQ3,non_surface,active,SPN90_HUMAN,,no sliceable ECD span in the fetched entry,false,,2026-08-06,2000-10-01
Q9H2V7,non_surface,active,SPNS1_HUMAN,,no sliceable ECD span in the fetched entry,false,,2026-08-06,2001-03-01
Q8TCT6,non_surface,active,SPPL3_HUMAN,,no sliceable ECD span in the fetched entry,false,,2026-08-06,2018-03-28
Q7Z699,non_surface,active,SPRE1_HUMAN,,no sliceable ECD span in the fetched entry,false,,2026-08-06,2005-01-04
Q7Z698,non_surface,active,SPRE2_HUMAN,,no sliceable ECD span in the fetched entry,false,,2026-08-06,2006-07-25
O15269,non_surface,active,SPTC1_HUMAN,,no sliceable ECD span in the fetched entry,false,,2026-08-06,1998-01-01
O15270,non_surface,active,SPTC2_HUMAN,,no sliceable ECD span in the fetched entry,false,,2026-08-06,1998-01-01
Q96JI7,non_surface,active,SPTCS_HUMAN,,no sliceable ECD span in the fetched entry,false,,2026-08-06,2010-05-18
Q969W0,non_surface,active,SPTSA_HUMAN,,no sliceable ECD span in the fetched entry,false,,2026-08-06,2009-05-26
Q8NFR3,non_surface,active,SPTSB_HUMAN,,no sliceable ECD span in the fetched entry,false,,2026-08-06,2002-10-01
O43609,non_surface,active,SPY1_HUMAN,,no sliceable ECD span in the fetched entry,false,,2026-08-06,2004-05-10
O43597,non_surface,active,SPY2_HUMAN,,no sliceable ECD span in the fetched entry,false,,2026-08-06,1998-06-01
O43610,non_surface,active,SPY3_HUMAN,,no sliceable ECD span in the fetched entry,false,,2026-08-06,2001-02-21
Q9C004,non_surface,active,SPY4_HUMAN,,no sliceable ECD span in the fetched entry,false,,2026-08-06,2001-07-11
P36956,non_surface,active,SRBP1_HUMAN,,no sliceable ECD span in the fetched entry,false,,2026-08-06,2008-02-05
Q12772,non_surface,active,SRBP2_HUMAN,,no sliceable ECD span in the fetched entry,false,,2026-08-06,2006-10-17
Q9Y5M8,non_surface,active,SRPRB_HUMAN,,no sliceable ECD span in the fetched entry,false,,2026-08-06,2003-05-30
Q8WWF3,non_surface,active,SSMM1_HUMAN,,no sliceable ECD span in the fetched entry,false,,2026-08-06,2002-03-01
P51571,non_surface,active,SSRD_HUMAN,,no sliceable ECD span in the fetched entry,false,,2026-08-06,1996-10-01
Q9UNL2,non_surface,active,SSRG_HUMAN,,no sliceable ECD span in the fetched entry,false,,2026-08-06,2000-05-01
Q8TDW4,non_surface,active,ST7L_HUMAN,,no sliceable ECD span in the fetched entry,false,,2026-08-06,2002-06-01
Q9NRC1,non_surface,active,ST7_HUMAN,,no sliceable ECD span in the fetched entry,false,,2026-08-06,2000-10-01
Q14849,non_surface,active,STAR3_HUMAN,22,,false,,2026-08-06,2006-10-17
O95210,non_surface,active,STBD1_HUMAN,6,,false,,2026-08-06,1999-05-01
Q9UHE8,non_surface,active,STEA1_HUMAN,,no sliceable ECD span in the fetched entry,false,,2026-08-06,2000-05-01
Q6NZ63,non_surface,active,STEAL_HUMAN,,no sliceable ECD span in the fetched entry,false,,2026-08-06,2004-07-05
Q86WV6,non_surface,active,STING_HUMAN,,no sliceable ECD span in the fetched entry,false,,2026-08-06,2003-06-01
Q8N2I9,non_surface,active,STK40_HUMAN,,no sliceable ECD span in the fetched entry,false,,2026-08-06,2006-10-17
Q9UBI4,non_surface,active,STML1_HUMAN,,no sliceable ECD span in the fetched entry,false,,2026-08-06,2000-05-01
Q8TAV4,non_surface,active,STML3_HUMAN,,no sliceable ECD span in the fetched entry,false,,2026-08-06,2002-06-01
Q8WXE9,non_surface,active,STON2_HUMAN,,no sliceable ECD span in the fetched entry,false,,2026-08-06,2002-03-01
Q69YW2,non_surface,active,STUM_HUMAN,,no sliceable ECD span in the fetched entry,false,,2026-08-06,2004-09-13
O60499,non_surface,active,STX10_HUMAN,,no sliceable ECD span in the fetched entry,false,,2026-08-06,1998-08-01
Q86Y82,non_surface,active,STX12_HUMAN,,no sliceable ECD span in the fetched entry,false,,2026-08-06,2003-06-01
O14662,non_surface,active,STX16_HUMAN,,no sliceable ECD span in the fetched entry,false,,2026-08-06,2006-01-24
P56962,non_surface,active,STX17_HUMAN,,no sliceable ECD span in the fetched entry,false,,2026-08-06,2008-07-22
Q9P2W9,non_surface,active,STX18_HUMAN,,no sliceable ECD span in the fetched entry,false,,2026-08-06,2000-10-01
Q16623,non_surface,active,STX1A_HUMAN,2,,false,,2026-08-06,1996-11-01
P61266,non_surface,active,STX1B_HUMAN,,no sliceable ECD span in the fetched entry,false,,2026-08-06,2004-05-10
P32856,non_surface,active,STX2_HUMAN,,no sliceable ECD span in the fetched entry,false,,2026-08-06,2010-03-23
Q13277,non_surface,active,STX3_HUMAN,5,,false,,2026-08-06,2006-10-17
Q12846,non_surface,active,STX4_HUMAN,1,,false,,2026-08-06,1998-07-15
Q13190,non_surface,active,STX5_HUMAN,,no sliceable ECD span in the fetched entry,false,,2026-08-06,2006-09-05
O43752,non_surface,active,STX6_HUMAN,,no sliceable ECD span in the fetched entry,false,,2026-08-06,1998-06-01
O15400,non_surface,active,STX7_HUMAN,,no sliceable ECD span in the fetched entry,false,,2026-08-06,2007-01-23
Q9UNK0,non_surface,active,STX8_HUMAN,,no sliceable ECD span in the fetched entry,false,,2026-08-06,2000-12-01
Q6J9G0,non_surface,active,STYK1_HUMAN,,no sliceable ECD span in the fetched entry,false,,2026-08-06,2011-01-11
O94901,non_surface,active,SUN1_HUMAN,,no sliceable ECD span in the fetched entry,false,,2026-08-06,2021-09-29
Q9UH99,non_surface,active,SUN2_HUMAN,,no sliceable ECD span in the fetched entry,false,,2026-08-06,2003-03-25
Q8TAQ9,non_surface,active,SUN3_HUMAN,,no sliceable ECD span in the fetched entry,false,,2026-08-06,2007-12-04
Q8TC36,non_surface,active,SUN5_HUMAN,,no sliceable ECD span in the fetched entry,false,,2026-08-06,2002-06-01
Q15526,non_surface,active,SURF1_HUMAN,,no sliceable ECD span in the fetched entry,false,,2026-08-06,1996-11-01
O15260,non_surface,active,SURF4_HUMAN,,no sliceable ECD span in the fetched entry,false,,2026-08-06,2000-12-01
Q9BRV3,non_surface,active,SWET1_HUMAN,,no sliceable ECD span in the fetched entry,false,,2026-08-06,2001-06-01
Q58G82,non_surface,active,SY14L_HUMAN,,no sliceable ECD span in the fetched entry,false,,2026-08-06,2008-02-05
Q9NX95,non_surface,active,SYBU_HUMAN,,no sliceable ECD span in the fetched entry,false,,2026-08-06,2006-07-11
P57105,non_surface,active,SYJ2B_HUMAN,,no sliceable ECD span in the fetched entry,false,,2026-08-06,2002-08-13
Q8NF91,non_surface,active,SYNE1_HUMAN,,no sliceable ECD span in the fetched entry,false,,2026-08-06,2012-11-28
Q8WXH0,non_surface,active,SYNE2_HUMAN,,no sliceable ECD span in the fetched entry,false,,2026-08-06,2006-10-17
Q6ZMZ3,non_surface,active,SYNE3_HUMAN,,no sliceable ECD span in the fetched entry,false,,2026-08-06,2007-03-20
Q8N205,non_surface,active,SYNE4_HUMAN,,no sliceable ECD span in the fetched entry,false,,2026-08-06,2007-10-02
Q9H7V2,non_surface,active,SYNG1_HUMAN,26,,false,,2026-08-06,2001-03-01
O15056,non_surface,active,SYNJ2_HUMAN,,no sliceable ECD span in the fetched entry,false,,2026-08-06,2005-03-01
Q8N2H4,non_surface,active,SYS1_HUMAN,,no sliceable ECD span in the fetched entry,false,,2026-08-06,2002-10-01
Q6XYQ8,non_surface,active,SYT10_HUMAN,,no sliceable ECD span in the fetched entry,false,,2026-08-06,2004-07-05
Q9BT88,non_surface,active,SYT11_HUMAN,,no sliceable ECD span in the fetched entry,false,,2026-08-06,2008-11-25
Q8IV01,non_surface,active,SYT12_HUMAN,,no sliceable ECD span in the fetched entry,false,,2026-08-06,2003-03-01
Q7L8C5,non_surface,active,SYT13_HUMAN,,no sliceable ECD span in the fetched entry,false,,2026-08-06,2004-07-05
Q8NB59,non_surface,active,SYT14_HUMAN,24,,false,,2026-08-06,2006-10-17
Q9BQS2,non_surface,active,SYT15_HUMAN,4,,false,,2026-08-06,2011-01-11
Q17RD7,non_surface,active,SYT16_HUMAN,,no sliceable ECD span in the fetched entry,false,,2026-08-06,2010-11-30
P21579,non_surface,active,SYT1_HUMAN,,no sliceable ECD span in the fetched entry,false,,2026-08-06,1991-05-01
Q8N9I0,non_surface,active,SYT2_HUMAN,,no sliceable ECD span in the fetched entry,false,,2026-08-06,2006-10-17
Q9BQG1,non_surface,active,SYT3_HUMAN,,no sliceable ECD span in the fetched entry,false,,2026-08-06,2001-06-01
Q9H2B2,non_surface,active,SYT4_HUMAN,,no sliceable ECD span in the fetched entry,false,,2026-08-06,2001-03-01
O00445,non_surface,active,SYT5_HUMAN,,no sliceable ECD span in the fetched entry,false,,2026-08-06,2003-07-11
Q5T7P8,non_surface,active,SYT6_HUMAN,,no sliceable ECD span in the fetched entry,false,,2026-08-06,2008-10-14
O43581,non_surface,active,SYT7_HUMAN,,no sliceable ECD span in the fetched entry,false,,2026-08-06,2008-09-23
Q8NBV8,non_surface,active,SYT8_HUMAN,34,,false,,2026-08-06,2023-11-08
Q86SS6,non_surface,active,SYT9_HUMAN,,no sliceable ECD span in the fetched entry,false,,2026-08-06,2003-06-01
Q86TM6,non_surface,active,SYVN1_HUMAN,,no sliceable ECD span in the fetched entry,false,,2026-08-06,2007-03-20
Q9BXJ8,non_surface,active,T120A_HUMAN,10,,false,,2026-08-06,2001-06-01
A0PK00,non_surface,active,T120B_HUMAN,,no sliceable ECD span in the fetched entry,false,,2026-08-06,2007-01-09
Q9H061,non_surface,active,T126A_HUMAN,,no sliceable ECD span in the fetched entry,false,,2026-08-06,2001-03-01
Q8IUX1,non_surface,active,T126B_HUMAN,,no sliceable ECD span in the fetched entry,false,,2026-08-06,2007-03-20
Q8N4L1,non_surface,active,T151A_HUMAN,32,,false,,2026-08-06,2002-10-01
Q8IW70,non_surface,active,T151B_HUMAN,26,,false,,2026-08-06,2007-10-23
Q8NDZ6,non_surface,active,T161B_HUMAN,,no sliceable ECD span in the fetched entry,false,,2026-08-06,2002-10-01
Q5T4T1,non_surface,active,T170B_HUMAN,37,,false,,2026-08-06,2004-12-21
Q3YBM2,non_surface,active,T176B_HUMAN,,no sliceable ECD span in the fetched entry,false,,2026-08-06,2010-11-30
Q8IXX5,non_surface,active,T183A_HUMAN,,no sliceable ECD span in the fetched entry,false,,2026-08-06,2007-02-20
Q1AE95,non_surface,active,T183B_HUMAN,,no sliceable ECD span in the fetched entry,false,,2026-08-06,2006-07-11
Q9H0A3,non_surface,active,T191A_HUMAN,,no sliceable ECD span in the fetched entry,false,,2026-08-06,2001-03-01
A6NGB0,non_surface,active,T191C_HUMAN,,no sliceable ECD span in the fetched entry,false,,2026-08-06,2024-01-24
A6NFY4,non_surface,active,T194B_HUMAN,,no sliceable ECD span in the fetched entry,false,,2026-08-06,2009-02-10
Q86VY9,non_surface,active,T200A_HUMAN,44,,false,,2026-08-06,2003-06-01
Q69YZ2,non_surface,active,T200B_HUMAN,,no sliceable ECD span in the fetched entry,false,,2026-08-06,2004-09-13
B2RXF0,non_surface,active,T229A_HUMAN,,no sliceable ECD span in the fetched entry,false,,2026-08-06,2010-03-02
Q8NBD8,non_surface,active,T229B_HUMAN,15,,false,,2026-08-06,2002-10-01
P59551,non_surface,active,T2R60_HUMAN,34,,false,,2026-08-06,2003-04-11
Q9Y228,non_surface,active,T3JAM_HUMAN,7,,false,,2026-08-06,2006-02-21
Q9UL54,non_surface,active,TAOK2_HUMAN,,no sliceable ECD span in the fetched entry,false,,2026-08-06,2006-10-17
Q03519,non_surface,active,TAP2_HUMAN,,no sliceable ECD span in the fetched entry,false,,2026-08-06,1994-06-01
Q6NXT6,non_surface,active,TAPT1_HUMAN,,no sliceable ECD span in the fetched entry,false,,2026-08-06,2004-07-05
Q16635,non_surface,active,TAZ_HUMAN,,no sliceable ECD span in the fetched entry,false,,2026-08-06,2022-02-23
Q8N5T2,non_surface,active,TBC19_HUMAN,,no sliceable ECD span in the fetched entry,false,,2026-08-06,2010-05-18
Q96BZ9,non_surface,active,TBC20_HUMAN,,no sliceable ECD span in the fetched entry,false,,2026-08-06,2001-12-01
Q92609,non_surface,active,TBCD5_HUMAN,,no sliceable ECD span in the fetched entry,false,,2026-08-06,1997-02-01
P01848,non_surface,active,TCA_HUMAN,,no sliceable ECD span in the fetched entry,false,,2026-08-06,2018-07-18
Q8WWU5,non_surface,active,TCP11_HUMAN,,no sliceable ECD span in the fetched entry,false,,2026-08-06,2002-03-01
P57738,non_surface,active,TCTA_HUMAN,42,,false,,2026-08-06,2001-01-11
P51864,non_surface,active,TDGF3_HUMAN,,no sliceable ECD span in the fetched entry,false,,2026-08-06,1996-10-01
Q9Y2W6,non_surface,active,TDRKH_HUMAN,,no sliceable ECD span in the fetched entry,false,,2026-08-06,2011-05-03
Q5HYJ1,non_surface,active,TECRL_HUMAN,,no sliceable ECD span in the fetched entry,false,,2026-08-06,2005-02-15
Q9NZ01,non_surface,active,TECR_HUMAN,,no sliceable ECD span in the fetched entry,false,,2026-08-06,2000-10-01
Q5T9Z0,non_surface,active,TEDM1_HUMAN,,no sliceable ECD span in the fetched entry,false,,2026-08-06,2004-12-21
Q9Y4R8,non_surface,active,TELO2_HUMAN,,no sliceable ECD span in the fetched entry,false,,2026-08-06,2008-02-05
Q9NXF1,non_surface,active,TEX10_HUMAN,,no sliceable ECD span in the fetched entry,false,,2026-08-06,2005-07-19
O15482,non_surface,active,TEX28_HUMAN,,no sliceable ECD span in the fetched entry,false,,2026-08-06,1998-01-01
Q8IWB9,non_surface,active,TEX2_HUMAN,,no sliceable ECD span in the fetched entry,false,,2026-08-06,2006-06-27
Q6PEX7,non_surface,active,TEX38_HUMAN,,no sliceable ECD span in the fetched entry,false,,2026-08-06,2011-01-11
Q9Y5Q9,non_surface,active,TF3C3_HUMAN,,no sliceable ECD span in the fetched entry,false,,2026-08-06,1999-11-01
P02786,non_surface,active,TFR1_HUMAN,672,,false,,2026-08-06,2006-05-30
H3BV60,non_surface,active,TGR3L_HUMAN,228,,false,,2026-08-06,2023-06-28
P24557,non_surface,active,THAS_HUMAN,,no sliceable ECD span in the fetched entry,false,,2026-08-06,2009-07-28
P09110,non_surface,active,THIK_HUMAN,,no sliceable ECD span in the fetched entry,false,,2026-08-06,1989-10-01
O60830,non_surface,active,TI17B_HUMAN,,no sliceable ECD span in the fetched entry,false,,2026-08-06,1998-08-01
Q5SRD1,non_surface,active,TI23B_HUMAN,,no sliceable ECD span in the fetched entry,false,,2026-08-06,2020-08-12
P49788,non_surface,active,TIG1_HUMAN,,no sliceable ECD span in the fetched entry,false,,2026-08-06,2004-07-05
Q96DA6,non_surface,active,TIM14_HUMAN,,no sliceable ECD span in the fetched entry,false,,2026-08-06,2007-01-23
Q9BVV7,non_surface,active,TIM21_HUMAN,,no sliceable ECD span in the fetched entry,false,,2026-08-06,2001-06-01
Q9Y584,non_surface,active,TIM22_HUMAN,,no sliceable ECD span in the fetched entry,false,,2026-08-06,2002-11-01
O14925,non_surface,active,TIM23_HUMAN,,no sliceable ECD span in the fetched entry,false,,2026-08-06,1998-01-01
Q3ZCQ8,non_surface,active,TIM50_HUMAN,,no sliceable ECD span in the fetched entry,false,,2026-08-06,2005-12-06
Q9Y5M6,non_surface,inactive,TISR_HUMAN,,not fetched: uniprot_inactive,false,,,
Q96CP7,non_surface,active,TLCD1_HUMAN,29,,false,,2026-08-06,2001-12-01
Q9NV29,non_surface,active,TM100_HUMAN,,no sliceable ECD span in the fetched entry,false,,2026-08-06,2006-06-27
Q96IK0,non_surface,active,TM101_HUMAN,,no sliceable ECD span in the fetched entry,false,,2026-08-06,2001-12-01
Q8N9M5,non_surface,active,TM102_HUMAN,260,,false,,2026-08-06,2002-10-01
Q8N8V8,non_surface,active,TM105_HUMAN,,no sliceable ECD span in the fetched entry,false,,2026-08-06,2002-10-01
Q6UX40,non_surface,active,TM107_HUMAN,,no sliceable ECD span in the fetched entry,false,,2026-08-06,2004-07-05
Q9BVC6,non_surface,active,TM109_HUMAN,,no sliceable ECD span in the fetched entry,false,,2026-08-06,2001-06-01
Q12893,non_surface,active,TM115_HUMAN,,no sliceable ECD span in the fetched entry,false,,2026-08-06,1996-11-01
Q6ZWK6,non_surface,active,TM11F_HUMAN,385,,false,,2026-08-06,2008-09-23
Q9BTD3,non_surface,active,TM121_HUMAN,,no sliceable ECD span in the fetched entry,false,,2026-08-06,2001-06-01
O75204,non_surface,active,TM127_HUMAN,,no sliceable ECD span in the fetched entry,false,,2026-08-06,1998-11-01
Q5BJH2,non_surface,active,TM128_HUMAN,,no sliceable ECD span in the fetched entry,false,,2026-08-06,2018-03-28
A0AVI4,non_surface,active,TM129_HUMAN,,no sliceable ECD span in the fetched entry,false,,2026-08-06,2006-11-28
Q8N3G9,non_surface,active,TM130_HUMAN,315,,false,,2026-08-06,2002-10-01
Q9H2Q1,non_surface,inactive,TM133_HUMAN,,not fetched: uniprot_inactive,false,,,
Q9H6X4,non_surface,active,TM134_HUMAN,11,,false,,2026-08-06,2001-03-01
Q86UB9,non_surface,active,TM135_HUMAN,,no sliceable ECD span in the fetched entry,false,,2026-08-06,2008-11-25
Q6ZRR5,non_surface,active,TM136_HUMAN,,no sliceable ECD span in the fetched entry,false,,2026-08-06,2010-10-05
Q9NPI0,non_surface,active,TM138_HUMAN,,no sliceable ECD span in the fetched entry,false,,2026-08-06,2000-10-01
Q8IV31,non_surface,active,TM139_HUMAN,9,,false,,2026-08-06,2003-03-01
Q96I45,non_surface,active,TM141_HUMAN,,no sliceable ECD span in the fetched entry,false,,2026-08-06,2001-12-01
Q96AN5,non_surface,active,TM143_HUMAN,,no sliceable ECD span in the fetched entry,false,,2026-08-06,2001-12-01
Q9BVK8,non_surface,active,TM147_HUMAN,,no sliceable ECD span in the fetched entry,false,,2026-08-06,2001-06-01
Q9Y6G1,non_surface,active,TM14A_HUMAN,,no sliceable ECD span in the fetched entry,false,,2026-08-06,1999-11-01
Q9NUH8,non_surface,active,TM14B_HUMAN,,no sliceable ECD span in the fetched entry,false,,2026-08-06,2000-10-01
Q9P0S9,non_surface,active,TM14C_HUMAN,,no sliceable ECD span in the fetched entry,false,,2026-08-06,2000-10-01
A8MWL7,non_surface,active,TM14D_HUMAN,,no sliceable ECD span in the fetched entry,false,,2026-08-06,2008-07-22
Q6UXP3,non_surface,active,TM14E_HUMAN,,no sliceable ECD span in the fetched entry,false,,2026-08-06,2004-07-05
Q8N614,non_surface,active,TM156_HUMAN,186,,false,,2026-08-06,2007-04-17
Q9NX00,non_surface,active,TM160_HUMAN,,no sliceable ECD span in the fetched entry,false,,2026-08-06,2000-10-01
Q8TC26,non_surface,active,TM163_HUMAN,17,,false,,2026-08-06,2002-06-01
Q5U3C3,non_surface,active,TM164_HUMAN,,no sliceable ECD span in the fetched entry,false,,2026-08-06,2004-12-07
Q9HC07,non_surface,active,TM165_HUMAN,,no sliceable ECD span in the fetched entry,false,,2026-08-06,2001-03-01
Q96HH4,non_surface,active,TM169_HUMAN,159,,false,,2026-08-06,2001-12-01
Q8WUU8,non_surface,active,TM174_HUMAN,,no sliceable ECD span in the fetched entry,false,,2026-08-06,2002-03-01
Q9BSA9,non_surface,active,TM175_HUMAN,,no sliceable ECD span in the fetched entry,false,,2026-08-06,2001-06-01
Q53S58,non_surface,active,TM177_HUMAN,,no sliceable ECD span in the fetched entry,false,,2026-08-06,2005-05-24
Q96B77,non_surface,active,TM186_HUMAN,,no sliceable ECD span in the fetched entry,false,,2026-08-06,2001-12-01
Q14656,non_surface,active,TM187_HUMAN,,no sliceable ECD span in the fetched entry,false,,2026-08-06,1997-11-01
A5PLL7,non_surface,active,TM189_HUMAN,,no sliceable ECD span in the fetched entry,false,,2026-08-06,2010-11-02
Q8IY95,non_surface,active,TM192_HUMAN,,no sliceable ECD span in the fetched entry,false,,2026-08-06,2003-03-01
Q5HYL7,non_surface,active,TM196_HUMAN,,no sliceable ECD span in the fetched entry,false,,2026-08-06,2008-02-05
Q66K66,non_surface,active,TM198_HUMAN,,no sliceable ECD span in the fetched entry,false,,2026-08-06,2004-10-11
Q8N511,non_surface,active,TM199_HUMAN,,no sliceable ECD span in the fetched entry,false,,2026-08-06,2002-10-01
Q5SNT2,non_surface,active,TM201_HUMAN,,no sliceable ECD span in the fetched entry,false,,2026-08-06,2004-12-21
Q969S6,non_surface,active,TM203_HUMAN,,no sliceable ECD span in the fetched entry,false,,2026-08-06,2001-12-01
Q6UW68,non_surface,active,TM205_HUMAN,,no sliceable ECD span in the fetched entry,false,,2026-08-06,2004-07-05
Q9BTX3,non_surface,active,TM208_HUMAN,,no sliceable ECD span in the fetched entry,false,,2026-08-06,2001-06-01
Q96SK2,non_surface,active,TM209_HUMAN,,no sliceable ECD span in the fetched entry,false,,2026-08-06,2008-04-29
A6NLX4,non_surface,active,TM210_HUMAN,16,,false,,2026-08-06,2007-07-24
A6NML5,non_surface,active,TM212_HUMAN,,no sliceable ECD span in the fetched entry,false,,2026-08-06,2008-01-15
Q6NUQ4,non_surface,active,TM214_HUMAN,,no sliceable ECD span in the fetched entry,false,,2026-08-06,2008-02-26
Q68D42,non_surface,active,TM215_HUMAN,,no sliceable ECD span in the fetched entry,false,,2026-08-06,2004-10-11
Q9P0N5,non_surface,active,TM216_HUMAN,,no sliceable ECD span in the fetched entry,false,,2026-08-06,2012-03-21
A2RU14,non_surface,active,TM218_HUMAN,,no sliceable ECD span in the fetched entry,false,,2026-08-06,2007-03-06
Q6QAJ8,non_surface,active,TM220_HUMAN,,no sliceable ECD span in the fetched entry,false,,2026-08-06,2004-07-05
A6NGB7,non_surface,active,TM221_HUMAN,,no sliceable ECD span in the fetched entry,false,,2026-08-06,2012-10-31
Q9H0R3,non_surface,active,TM222_HUMAN,55,,false,,2026-08-06,2006-08-22
A0PJW6,non_surface,active,TM223_HUMAN,,no sliceable ECD span in the fetched entry,false,,2026-08-06,2007-01-09
Q96A57,non_surface,active,TM230_HUMAN,,no sliceable ECD span in the fetched entry,false,,2026-08-06,2001-12-01
C9JQI7,non_surface,active,TM232_HUMAN,,no sliceable ECD span in the fetched entry,false,,2026-08-06,2010-06-15
B4DJY2,non_surface,active,TM233_HUMAN,4,,false,,2026-08-06,2008-09-23
C9JI98,non_surface,active,TM238_HUMAN,12,,false,,2026-08-06,2009-11-03
Q8WW34,non_surface,active,TM239_HUMAN,,no sliceable ECD span in the fetched entry,false,,2026-08-06,2014-02-19
Q24JQ0,non_surface,active,TM241_HUMAN,,no sliceable ECD span in the fetched entry,false,,2026-08-06,2006-04-18
Q9NWH2,non_surface,active,TM242_HUMAN,,no sliceable ECD span in the fetched entry,false,,2026-08-06,2000-10-01
Q9BU79,non_surface,active,TM243_HUMAN,,no sliceable ECD span in the fetched entry,false,,2026-08-06,2001-06-01
Q5VVB8,non_surface,active,TM244_HUMAN,,no sliceable ECD span in the fetched entry,false,,2026-08-06,2004-12-07
Q9BRR3,non_surface,active,TM246_HUMAN,,no sliceable ECD span in the fetched entry,false,,2026-08-06,2001-06-01
A6NEH6,non_surface,active,TM247_HUMAN,,no sliceable ECD span in the fetched entry,false,,2026-08-06,2008-04-08
Q9NWD8,non_surface,active,TM248_HUMAN,,no sliceable ECD span in the fetched entry,false,,2026-08-06,2000-10-01
Q2WGJ8,non_surface,active,TM249_HUMAN,11,,false,,2026-08-06,2006-01-10
Q8N6I4,non_surface,active,TM251_HUMAN,,no sliceable ECD span in the fetched entry,false,,2026-08-06,2009-01-20
Q8N6L7,non_surface,active,TM252_HUMAN,,no sliceable ECD span in the fetched entry,false,,2026-08-06,2002-10-01
Q8TBM7,non_surface,active,TM254_HUMAN,,no sliceable ECD span in the fetched entry,false,,2026-08-06,2002-06-01
Q8N2U0,non_surface,active,TM256_HUMAN,34,,false,,2026-08-06,2002-10-01
O96002,non_surface,active,TM257_HUMAN,,no sliceable ECD span in the fetched entry,false,,2026-08-06,1999-05-01
P61165,non_surface,active,TM258_HUMAN,,no sliceable ECD span in the fetched entry,false,,2026-08-06,2004-05-10
Q96GE9,non_surface,active,TM261_HUMAN,,no sliceable ECD span in the fetched entry,false,,2026-08-06,2001-12-01
E9PQX1,non_surface,active,TM262_HUMAN,13,,false,,2026-08-06,2011-04-05
Q9H6F2,non_surface,active,TM38A_HUMAN,,no sliceable ECD span in the fetched entry,false,,2026-08-06,2001-03-01
Q9NVV0,non_surface,active,TM38B_HUMAN,,no sliceable ECD span in the fetched entry,false,,2026-08-06,2000-10-01
Q9GZU3,non_surface,active,TM39B_HUMAN,,no sliceable ECD span in the fetched entry,false,,2026-08-06,2001-03-01
Q5BJD5,non_surface,active,TM41B_HUMAN,,no sliceable ECD span in the fetched entry,false,,2026-08-06,2005-04-12
Q96B21,non_surface,active,TM45B_HUMAN,,no sliceable ECD span in the fetched entry,false,,2026-08-06,2001-12-01
O95807,non_surface,active,TM50A_HUMAN,,no sliceable ECD span in the fetched entry,false,,2026-08-06,1999-05-01
P56557,non_surface,active,TM50B_HUMAN,,no sliceable ECD span in the fetched entry,false,,2026-08-06,2000-12-01
Q8N4L2,non_surface,active,TM55A_HUMAN,,no sliceable ECD span in the fetched entry,false,,2026-08-06,2002-10-01
Q86T03,non_surface,active,TM55B_HUMAN,,no sliceable ECD span in the fetched entry,false,,2026-08-06,2003-06-01
Q9UK28,non_surface,active,TM59L_HUMAN,,no sliceable ECD span in the fetched entry,false,,2026-08-06,2000-05-01
Q9BZW5,non_surface,active,TM6S1_HUMAN,,no sliceable ECD span in the fetched entry,false,,2026-08-06,2008-10-14
Q9BZW4,non_surface,active,TM6S2_HUMAN,,no sliceable ECD span in the fetched entry,false,,2026-08-06,2010-11-30
Q9NUR3,non_surface,active,TM74B_HUMAN,,no sliceable ECD span in the fetched entry,false,,2026-08-06,2000-10-01
Q8N2M4,non_surface,active,TM86A_HUMAN,11,,false,,2026-08-06,2002-10-01
Q8N661,non_surface,active,TM86B_HUMAN,11,,false,,2026-08-06,2010-05-18
A6NKF7,non_surface,active,TM88B_HUMAN,,no sliceable ECD span in the fetched entry,false,,2026-08-06,2007-07-24
Q8TDI8,non_surface,active,TMC1_HUMAN,51,,false,,2026-08-06,2008-07-22
Q7Z404,non_surface,active,TMC4_HUMAN,168,,false,,2026-08-06,2010-05-18
Q8N6Q1,non_surface,active,TMC5A_HUMAN,,no sliceable ECD span in the fetched entry,false,,2026-08-06,2004-03-01
A8MYB1,non_surface,active,TMC5B_HUMAN,,no sliceable ECD span in the fetched entry,false,,2026-08-06,2007-12-04
Q7Z403,non_surface,active,TMC6_HUMAN,,no sliceable ECD span in the fetched entry,false,,2026-08-06,2005-12-06
Q8IU68,non_surface,active,TMC8_HUMAN,,no sliceable ECD span in the fetched entry,false,,2026-08-06,2003-03-01
O94876,non_surface,active,TMCC1_HUMAN,,no sliceable ECD span in the fetched entry,false,,2026-08-06,2010-11-30
O75069,non_surface,active,TMCC2_HUMAN,,no sliceable ECD span in the fetched entry,false,,2026-08-06,2005-04-12
Q9ULS5,non_surface,active,TMCC3_HUMAN,,no sliceable ECD span in the fetched entry,false,,2026-08-06,2010-05-18
Q9UM00,non_surface,active,TMCO1_HUMAN,,no sliceable ECD span in the fetched entry,false,,2026-08-06,2019-04-10
Q7Z6W1,non_surface,active,TMCO2_HUMAN,,no sliceable ECD span in the fetched entry,false,,2026-08-06,2003-10-01
Q5TGY1,non_surface,active,TMCO4_HUMAN,,no sliceable ECD span in the fetched entry,false,,2026-08-06,2004-12-21
Q96DC7,non_surface,active,TMCO6_HUMAN,,no sliceable ECD span in the fetched entry,false,,2026-08-06,2007-10-02
Q15363,non_surface,active,TMED2_HUMAN,,no sliceable ECD span in the fetched entry,false,,2026-08-06,1996-11-01
Q9Y3Q3,non_surface,active,TMED3_HUMAN,,no sliceable ECD span in the fetched entry,false,,2026-08-06,1999-11-01
Q7Z7H5,non_surface,active,TMED4_HUMAN,,no sliceable ECD span in the fetched entry,false,,2026-08-06,2003-10-01
Q9Y3A6,non_surface,active,TMED5_HUMAN,,no sliceable ECD span in the fetched entry,false,,2026-08-06,1999-11-01
Q8WW62,non_surface,active,TMED6_HUMAN,,no sliceable ECD span in the fetched entry,false,,2026-08-06,2008-02-05
Q9Y2B1,non_surface,active,TMEM5_HUMAN,413,,false,,2026-08-06,1999-11-01
O14668,non_surface,active,TMG1_HUMAN,63,,false,,2026-08-06,1998-01-01
Q9BZD7,non_surface,active,TMG3_HUMAN,59,,false,,2026-08-06,2008-10-14
Q8NEW7,non_surface,active,TMIE_HUMAN,30,,false,,2026-08-06,2008-11-04
Q86X19,non_surface,active,TMM17_HUMAN,,no sliceable ECD span in the fetched entry,false,,2026-08-06,2006-10-31
Q96B42,non_surface,active,TMM18_HUMAN,,no sliceable ECD span in the fetched entry,false,,2026-08-06,2005-11-08
Q5JXX7,non_surface,active,TMM31_HUMAN,,no sliceable ECD span in the fetched entry,false,,2026-08-06,2005-02-15
P57088,non_surface,active,TMM33_HUMAN,,no sliceable ECD span in the fetched entry,false,,2026-08-06,2002-09-19
Q53FP2,non_surface,active,TMM35_HUMAN,,no sliceable ECD span in the fetched entry,false,,2026-08-06,2007-01-09
Q8WWA1,non_surface,active,TMM40_HUMAN,,no sliceable ECD span in the fetched entry,false,,2026-08-06,2007-03-20
Q69YG0,non_surface,active,TMM42_HUMAN,,no sliceable ECD span in the fetched entry,false,,2026-08-06,2007-04-17
Q9BTV4,non_surface,active,TMM43_HUMAN,,no sliceable ECD span in the fetched entry,false,,2026-08-06,2001-06-01
Q2T9K0,non_surface,active,TMM44_HUMAN,29,,false,,2026-08-06,2012-02-22
Q9NW97,non_surface,active,TMM51_HUMAN,,no sliceable ECD span in the fetched entry,false,,2026-08-06,2000-10-01
Q6P2H8,non_surface,active,TMM53_HUMAN,,no sliceable ECD span in the fetched entry,false,,2026-08-06,2004-07-05
Q96MV1,non_surface,active,TMM56_HUMAN,,no sliceable ECD span in the fetched entry,false,,2026-08-06,2001-12-01
Q9BXS4,non_surface,active,TMM59_HUMAN,203,,false,,2026-08-06,2001-06-01
Q8N0U2,non_surface,active,TMM61_HUMAN,,no sliceable ECD span in the fetched entry,false,,2026-08-06,2002-10-01
Q6YI46,non_surface,active,TMM64_HUMAN,,no sliceable ECD span in the fetched entry,false,,2026-08-06,2007-05-15
Q6PI78,non_surface,active,TMM65_HUMAN,,no sliceable ECD span in the fetched entry,false,,2026-08-06,2010-05-18
Q96MH6,non_surface,active,TMM68_HUMAN,,no sliceable ECD span in the fetched entry,false,,2026-08-06,2006-10-31
Q5SWH9,non_surface,active,TMM69_HUMAN,,no sliceable ECD span in the fetched entry,false,,2026-08-06,2004-12-21
Q9BUB7,non_surface,active,TMM70_HUMAN,,no sliceable ECD span in the fetched entry,false,,2026-08-06,2004-03-01
Q6P5X7,non_surface,active,TMM71_HUMAN,,no sliceable ECD span in the fetched entry,false,,2026-08-06,2007-02-20
A0PK05,non_surface,active,TMM72_HUMAN,,no sliceable ECD span in the fetched entry,false,,2026-08-06,2007-01-09
Q96NL1,non_surface,active,TMM74_HUMAN,,no sliceable ECD span in the fetched entry,false,,2026-08-06,2001-12-01
Q8N9X5,non_surface,active,TMM75_HUMAN,,no sliceable ECD span in the fetched entry,false,,2026-08-06,2002-10-01
Q5T7P6,non_surface,active,TMM78_HUMAN,,no sliceable ECD span in the fetched entry,false,,2026-08-06,2004-12-21
Q9BSE2,non_surface,active,TMM79_HUMAN,31,,false,,2026-08-06,2001-06-01
Q96HE8,non_surface,active,TMM80_HUMAN,,no sliceable ECD span in the fetched entry,false,,2026-08-06,2024-01-24
A0PJX8,non_surface,active,TMM82_HUMAN,,no sliceable ECD span in the fetched entry,false,,2026-08-06,2009-03-03
Q96N35,non_surface,active,TMM83_HUMAN,,no sliceable ECD span in the fetched entry,false,,2026-08-06,2001-12-01
Q6PEY1,non_surface,active,TMM88_HUMAN,,no sliceable ECD span in the fetched entry,false,,2026-08-06,2004-07-05
A2RUT3,non_surface,active,TMM89_HUMAN,39,,false,,2026-08-06,2007-03-06
A6NI61,non_surface,active,TMM8C_HUMAN,9,,false,,2026-08-06,2007-07-24
Q6ZNR0,non_surface,active,TMM91_HUMAN,97,,false,,2026-08-06,2004-07-05
Q6UXU6,non_surface,active,TMM92_HUMAN,31,,false,,2026-08-06,2004-07-05
Q5BJF2,non_surface,active,TMM97_HUMAN,,no sliceable ECD span in the fetched entry,false,,2026-08-06,2005-04-12
Q9Y2Y6,non_surface,active,TMM98_HUMAN,202,,false,,2026-08-06,1999-11-01
Q6ZT21,non_surface,active,TMPPE_HUMAN,,no sliceable ECD span in the fetched entry,false,,2026-08-06,2008-02-26
P57727,non_surface,active,TMPS3_HUMAN,385,,false,,2026-08-06,2001-02-21
Q9NRS4,non_surface,active,TMPS4_HUMAN,384,,false,,2026-08-06,2011-01-11
Q8N394,non_surface,active,TMTC2_HUMAN,366,,false,,2026-08-06,2002-10-01
Q6ZXV5,non_surface,active,TMTC3_HUMAN,492,,false,,2026-08-06,2007-03-20
Q5T4D3,non_surface,active,TMTC4_HUMAN,280,,false,,2026-08-06,2007-03-20
Q9BVT8,non_surface,active,TMUB1_HUMAN,,no sliceable ECD span in the fetched entry,false,,2026-08-06,2001-06-01
Q71RG4,non_surface,active,TMUB2_HUMAN,,no sliceable ECD span in the fetched entry,false,,2026-08-06,2006-07-11
Q9Y320,non_surface,active,TMX2_HUMAN,54,,false,,2026-08-06,1999-11-01
O75888,non_surface,active,TNF13_HUMAN,,no sliceable ECD span in the fetched entry,false,,2026-08-06,1998-11-01
P01375,non_surface,active,TNFA_HUMAN,177,,false,,2026-08-06,1986-07-21
P41273,non_surface,active,TNFL9_HUMAN,205,,false,,2026-08-06,1995-02-01
Q9C0B7,non_surface,active,TNG6_HUMAN,,no sliceable ECD span in the fetched entry,false,,2026-08-06,2007-10-02
Q9H2S6,non_surface,active,TNMD_HUMAN,267,,false,,2026-08-06,2001-03-01
Q6UXN7,non_surface,active,TO20L_HUMAN,,no sliceable ECD span in the fetched entry,false,,2026-08-06,2004-07-05
Q5JTV8,non_surface,active,TOIP1_HUMAN,,no sliceable ECD span in the fetched entry,false,,2026-08-06,2006-03-21
Q15388,non_surface,active,TOM20_HUMAN,,no sliceable ECD span in the fetched entry,false,,2026-08-06,1996-11-01
Q9NS69,non_surface,active,TOM22_HUMAN,,no sliceable ECD span in the fetched entry,false,,2026-08-06,2007-01-23
Q8N4H5,non_surface,active,TOM5_HUMAN,,no sliceable ECD span in the fetched entry,false,,2026-08-06,2002-10-01
O94826,non_surface,active,TOM70_HUMAN,,no sliceable ECD span in the fetched entry,false,,2026-08-06,1999-05-01
Q9P0U1,non_surface,active,TOM7_HUMAN,,no sliceable ECD span in the fetched entry,false,,2026-08-06,2000-10-01
Q8WZ04,non_surface,active,TOMT_HUMAN,,no sliceable ECD span in the fetched entry,false,,2026-08-06,2009-04-14
Q9NXH8,non_surface,active,TOR4A_HUMAN,,no sliceable ECD span in the fetched entry,false,,2026-08-06,2007-05-15
Q8TEL6,non_surface,active,TP4AP_HUMAN,,no sliceable ECD span in the fetched entry,false,,2026-08-06,2002-11-15
Q8NHX9,non_surface,active,TPC2_HUMAN,34,,false,,2026-08-06,2007-02-06
O60507,non_surface,active,TPST1_HUMAN,,no sliceable ECD span in the fetched entry,false,,2026-08-06,1998-08-01
O60704,non_surface,active,TPST2_HUMAN,,no sliceable ECD span in the fetched entry,false,,2026-08-06,1998-08-01
Q5T6R2,non_surface,active,TPT2L_HUMAN,,no sliceable ECD span in the fetched entry,false,,2026-08-06,2004-12-21
Q6XPS3,non_surface,active,TPTE2_HUMAN,,no sliceable ECD span in the fetched entry,false,,2026-08-06,2008-11-25
P56180,non_surface,active,TPTE_HUMAN,,no sliceable ECD span in the fetched entry,false,,2026-08-06,2010-11-30
Q96RJ3,non_surface,active,TR13C_HUMAN,78,,false,,2026-08-06,2001-12-01
Q8N609,non_surface,active,TR1L1_HUMAN,,no sliceable ECD span in the fetched entry,false,,2026-08-06,2008-01-15
Q9H4I3,non_surface,active,TRABD_HUMAN,,no sliceable ECD span in the fetched entry,false,,2026-08-06,2001-03-01
Q15629,non_surface,active,TRAM1_HUMAN,,no sliceable ECD span in the fetched entry,false,,2026-08-06,2007-01-23
Q15035,non_surface,active,TRAM2_HUMAN,32,,false,,2026-08-06,1996-11-01
P01850,non_surface,active,TRBC1_HUMAN,,no sliceable ECD span in the fetched entry,false,,2026-08-06,2018-07-18
A0A5B9,non_surface,active,TRBC2_HUMAN,,no sliceable ECD span in the fetched entry,false,,2026-08-06,2018-07-18
B7Z8K6,non_surface,active,TRDC_HUMAN,,no sliceable ECD span in the fetched entry,false,,2026-08-06,2010-04-20
Q13061,non_surface,active,TRDN_HUMAN,,no sliceable ECD span in the fetched entry,false,,2026-08-06,2011-06-28
Q9NSU2,non_surface,active,TREX1_HUMAN,,no sliceable ECD span in the fetched entry,false,,2026-08-06,2017-12-20
O60858,non_surface,active,TRI13_HUMAN,,no sliceable ECD span in the fetched entry,false,,2026-08-06,2005-07-19
Q8IWR1,non_surface,active,TRI59_HUMAN,,no sliceable ECD span in the fetched entry,false,,2026-08-06,2003-03-01
Q629K1,non_surface,active,TRIQK_HUMAN,,no sliceable ECD span in the fetched entry,false,,2026-08-06,2004-10-25
Q96GJ1,non_surface,active,TRM2_HUMAN,,no sliceable ECD span in the fetched entry,false,,2026-08-06,2001-12-01
P48995,non_surface,active,TRPC1_HUMAN,65,,false,,2026-08-06,1996-02-01
Q9UBN4,non_surface,active,TRPC4_HUMAN,65,,false,,2026-08-06,2000-05-01
Q9HCX4,non_surface,active,TRPC7_HUMAN,51,,false,,2026-08-06,2001-03-01
Q9HCF6,non_surface,active,TRPM3_HUMAN,55,,false,,2026-08-06,2011-02-08
Q8TD43,non_surface,active,TRPM4_HUMAN,35,,false,,2026-08-06,2002-06-01
Q9NZQ8,non_surface,active,TRPM5_HUMAN,12,,false,,2026-08-06,2000-10-01
Q9BX84,non_surface,active,TRPM6_HUMAN,79,,false,,2026-08-06,2002-06-01
Q96QT4,non_surface,active,TRPM7_HUMAN,13,,false,,2026-08-06,2001-12-01
Q8NER1,non_surface,active,TRPV1_HUMAN,32,,false,,2026-08-06,2010-05-18
Q8NET8,non_surface,active,TRPV3_HUMAN,19,,false,,2026-08-06,2005-04-26
Q9Y4A5,non_surface,active,TRRAP_HUMAN,,no sliceable ECD span in the fetched entry,false,,2026-08-06,2006-10-17
Q92574,non_surface,active,TSC1_HUMAN,,no sliceable ECD span in the fetched entry,false,,2026-08-06,1998-11-01
P49815,non_surface,active,TSC2_HUMAN,,no sliceable ECD span in the fetched entry,false,,2026-08-06,2009-11-24
Q9UKR8,non_surface,active,TSN16_HUMAN,14,,false,,2026-08-06,2000-05-01
Q96NA8,non_surface,active,TSNA1_HUMAN,,no sliceable ECD span in the fetched entry,false,,2026-08-06,2009-05-05
Q5TGU0,non_surface,active,TSPO2_HUMAN,,no sliceable ECD span in the fetched entry,false,,2026-08-06,2004-12-21
P30536,non_surface,active,TSPOA_HUMAN,,no sliceable ECD span in the fetched entry,false,,2026-08-06,2010-11-30
Q9UJK0,non_surface,active,TSR3_HUMAN,,no sliceable ECD span in the fetched entry,false,,2026-08-06,2000-05-01
Q9BXA7,non_surface,active,TSSK1_HUMAN,,no sliceable ECD span in the fetched entry,false,,2026-08-06,2001-06-01
Q96PF2,non_surface,active,TSSK2_HUMAN,,no sliceable ECD span in the fetched entry,false,,2026-08-06,2003-04-30
Q6PGP7,non_surface,active,TTC37_HUMAN,,no sliceable ECD span in the fetched entry,false,,2026-08-06,2004-07-05
P53804,non_surface,active,TTC3_HUMAN,,no sliceable ECD span in the fetched entry,false,,2026-08-06,2010-11-30
Q5BVD1,non_surface,active,TTMP_HUMAN,,no sliceable ECD span in the fetched entry,false,,2026-08-06,2011-01-11
Q9BZ97,non_surface,active,TTY13_HUMAN,,no sliceable ECD span in the fetched entry,false,,2026-08-06,2001-06-01
Q8IXB3,non_surface,active,TUSC5_HUMAN,3,,false,,2026-08-06,2009-05-05
A6NH52,non_surface,active,TV23A_HUMAN,,no sliceable ECD span in the fetched entry,false,,2026-08-06,2008-04-08
Q9NYZ1,non_surface,active,TV23B_HUMAN,,no sliceable ECD span in the fetched entry,false,,2026-08-06,2010-05-18
Q96ET8,non_surface,active,TV23C_HUMAN,,no sliceable ECD span in the fetched entry,false,,2026-08-06,2010-05-18
Q6UWH6,non_surface,active,TX261_HUMAN,,no sliceable ECD span in the fetched entry,false,,2026-08-06,2004-07-05
Q6PKC3,non_surface,active,TXD11_HUMAN,,no sliceable ECD span in the fetched entry,false,,2026-08-06,2005-07-05
Q6NUM6,non_surface,active,TYW1B_HUMAN,,no sliceable ECD span in the fetched entry,false,,2026-08-06,2018-03-28
Q9NV66,non_surface,active,TYW1_HUMAN,,no sliceable ECD span in the fetched entry,false,,2026-08-06,2007-04-03
Q9Y385,non_surface,active,UB2J1_HUMAN,,no sliceable ECD span in the fetched entry,false,,2026-08-06,2004-09-13
Q8N2K1,non_surface,active,UB2J2_HUMAN,,no sliceable ECD span in the fetched entry,false,,2026-08-06,2009-07-07
P22314,non_surface,active,UBA1_HUMAN,,no sliceable ECD span in the fetched entry,false,,2026-08-06,2002-10-25
P41226,non_surface,active,UBA7_HUMAN,,no sliceable ECD span in the fetched entry,false,,2026-08-06,2008-11-25
Q9Y5Z9,non_surface,active,UBIA1_HUMAN,,no sliceable ECD span in the fetched entry,false,,2026-08-06,1999-11-01
O94966,non_surface,active,UBP19_HUMAN,,no sliceable ECD span in the fetched entry,false,,2026-08-06,2007-07-10
Q70CQ3,non_surface,active,UBP30_HUMAN,,no sliceable ECD span in the fetched entry,false,,2026-08-06,2004-07-05
Q8IWV7,non_surface,active,UBR1_HUMAN,,no sliceable ECD span in the fetched entry,false,,2026-08-06,2003-03-01
Q6ZT12,non_surface,active,UBR3_HUMAN,,no sliceable ECD span in the fetched entry,false,,2026-08-06,2008-01-15
Q5T4S7,non_surface,active,UBR4_HUMAN,,no sliceable ECD span in the fetched entry,false,,2026-08-06,2004-12-21
O00124,non_surface,active,UBXN8_HUMAN,,no sliceable ECD span in the fetched entry,false,,2026-08-06,1998-12-15
P55851,non_surface,active,UCP2_HUMAN,,no sliceable ECD span in the fetched entry,false,,2026-08-06,1997-11-01
Q9HAW8,non_surface,active,UD110_HUMAN,,no sliceable ECD span in the fetched entry,false,,2026-08-06,2001-03-01
P22309,non_surface,active,UD11_HUMAN,,no sliceable ECD span in the fetched entry,false,,2026-08-06,1991-08-01
P35503,non_surface,active,UD13_HUMAN,,no sliceable ECD span in the fetched entry,false,,2026-08-06,1994-06-01
P22310,non_surface,active,UD14_HUMAN,,no sliceable ECD span in the fetched entry,false,,2026-08-06,1991-08-01
P35504,non_surface,active,UD15_HUMAN,,no sliceable ECD span in the fetched entry,false,,2026-08-06,1994-06-01
P19224,non_surface,active,UD16_HUMAN,,no sliceable ECD span in the fetched entry,false,,2026-08-06,2003-04-11
Q9HAW7,non_surface,active,UD17_HUMAN,,no sliceable ECD span in the fetched entry,false,,2026-08-06,2003-04-23
Q9HAW9,non_surface,active,UD18_HUMAN,,no sliceable ECD span in the fetched entry,false,,2026-08-06,2001-03-01
O60656,non_surface,active,UD19_HUMAN,,no sliceable ECD span in the fetched entry,false,,2026-08-06,1998-08-01
P06133,non_surface,active,UD2B4_HUMAN,,no sliceable ECD span in the fetched entry,false,,2026-08-06,1998-12-15
P16662,non_surface,active,UD2B7_HUMAN,,no sliceable ECD span in the fetched entry,false,,2026-08-06,2018-04-25
Q6NUS8,non_surface,active,UD3A1_HUMAN,461,,false,,2026-08-06,2004-07-05
Q3SY77,non_surface,active,UD3A2_HUMAN,461,,false,,2026-08-06,2005-10-11
P36537,non_surface,active,UDB10_HUMAN,,no sliceable ECD span in the fetched entry,false,,2026-08-06,1994-06-01
O75310,non_surface,active,UDB11_HUMAN,,no sliceable ECD span in the fetched entry,false,,2026-08-06,1998-11-01
P54855,non_surface,active,UDB15_HUMAN,,no sliceable ECD span in the fetched entry,false,,2026-08-06,2011-05-03
O75795,non_surface,active,UDB17_HUMAN,,no sliceable ECD span in the fetched entry,false,,2026-08-06,1998-11-01
Q9BY64,non_surface,active,UDB28_HUMAN,,no sliceable ECD span in the fetched entry,false,,2026-08-06,2001-06-01
Q96C45,non_surface,active,ULK4_HUMAN,,no sliceable ECD span in the fetched entry,false,,2026-08-06,2006-11-28
Q8IV45,non_surface,active,UN5CL_HUMAN,10,,false,,2026-08-06,2007-11-13
Q53HI1,non_surface,active,UNC50_HUMAN,,no sliceable ECD span in the fetched entry,false,,2026-08-06,2007-11-13
Q9P2D8,non_surface,active,UNC79_HUMAN,,no sliceable ECD span in the fetched entry,false,,2026-08-06,2013-11-13
Q9NVA1,non_surface,active,UQCC1_HUMAN,,no sliceable ECD span in the fetched entry,false,,2026-08-06,2010-10-05
Q6UW78,non_surface,active,UQCC3_HUMAN,,no sliceable ECD span in the fetched entry,false,,2026-08-06,2010-05-18
Q9NZ43,non_surface,active,USE1_HUMAN,,no sliceable ECD span in the fetched entry,false,,2026-08-06,2010-05-18
Q96IX5,non_surface,active,USMG5_HUMAN,,no sliceable ECD span in the fetched entry,false,,2026-08-06,2001-12-01
Q9Y2C2,non_surface,active,UST_HUMAN,,no sliceable ECD span in the fetched entry,false,,2026-08-06,1999-11-01
Q8NBZ7,non_surface,active,UXS1_HUMAN,,no sliceable ECD span in the fetched entry,false,,2026-08-06,2002-10-01
O15342,non_surface,active,VA0E1_HUMAN,,no sliceable ECD span in the fetched entry,false,,2026-08-06,2007-01-23
Q8NHE4,non_surface,active,VA0E2_HUMAN,,no sliceable ECD span in the fetched entry,false,,2026-08-06,2002-10-01
P23763,non_surface,active,VAMP1_HUMAN,,no sliceable ECD span in the fetched entry,false,,2026-08-06,1991-11-01
P63027,non_surface,active,VAMP2_HUMAN,,no sliceable ECD span in the fetched entry,false,,2026-08-06,2010-02-09
Q15836,non_surface,active,VAMP3_HUMAN,,no sliceable ECD span in the fetched entry,false,,2026-08-06,2007-01-23
O75379,non_surface,active,VAMP4_HUMAN,,no sliceable ECD span in the fetched entry,false,,2026-08-06,2002-04-03
O95183,non_surface,active,VAMP5_HUMAN,,no sliceable ECD span in the fetched entry,false,,2026-08-06,1999-05-01
P51809,non_surface,active,VAMP7_HUMAN,,no sliceable ECD span in the fetched entry,false,,2026-08-06,2007-01-23
Q9BV40,non_surface,active,VAMP8_HUMAN,,no sliceable ECD span in the fetched entry,false,,2026-08-06,2001-06-01
Q8TAA9,non_surface,active,VANG1_HUMAN,19,,false,,2026-08-06,2002-06-01
Q9ULK5,non_surface,active,VANG2_HUMAN,18,,false,,2026-08-06,2003-10-31
Q9P0L0,non_surface,active,VAPA_HUMAN,,no sliceable ECD span in the fetched entry,false,,2026-08-06,2007-01-09
O95292,non_surface,active,VAPB_HUMAN,,no sliceable ECD span in the fetched entry,false,,2026-08-06,2007-01-23
Q52LC2,non_surface,active,VAS1L_HUMAN,,no sliceable ECD span in the fetched entry,false,,2026-08-06,2005-05-24
P27449,non_surface,active,VATL_HUMAN,,no sliceable ECD span in the fetched entry,false,,2026-08-06,1992-08-01
Q99437,non_surface,active,VATO_HUMAN,,no sliceable ECD span in the fetched entry,false,,2026-08-06,1997-05-01
Q9HBM0,non_surface,active,VEZA_HUMAN,,no sliceable ECD span in the fetched entry,false,,2026-08-06,2009-03-03
P38435,non_surface,active,VKGC_HUMAN,,no sliceable ECD span in the fetched entry,false,,2026-08-06,2005-12-20
Q9BQB6,non_surface,active,VKOR1_HUMAN,,no sliceable ECD span in the fetched entry,false,,2026-08-06,2001-06-01
Q8N0U8,non_surface,active,VKORL_HUMAN,,no sliceable ECD span in the fetched entry,false,,2026-08-06,2004-08-16
Q3ZAQ7,non_surface,active,VMA21_HUMAN,,no sliceable ECD span in the fetched entry,false,,2026-08-06,2005-09-27
Q96GC9,non_surface,active,VMP1_HUMAN,120,,false,,2026-08-06,2001-12-01
Q96AW1,non_surface,active,VOPP1_HUMAN,38,,false,,2026-08-06,2001-12-01
Q96AX1,non_surface,active,VP33A_HUMAN,,no sliceable ECD span in the fetched entry,false,,2026-08-06,2001-12-01
Q9H267,non_surface,active,VP33B_HUMAN,,no sliceable ECD span in the fetched entry,false,,2026-08-06,2010-11-30
Q86Y07,non_surface,active,VRK2_HUMAN,,no sliceable ECD span in the fetched entry,false,,2026-08-06,2006-03-07
Q96AJ9,non_surface,active,VTI1A_HUMAN,4,,false,,2026-08-06,2012-01-25
Q9UEU0,non_surface,active,VTI1B_HUMAN,,no sliceable ECD span in the fetched entry,false,,2026-08-06,2007-02-20
Q9NX94,non_surface,active,WBP1L_HUMAN,,no sliceable ECD span in the fetched entry,false,,2026-08-06,2006-06-27
Q96G27,non_surface,active,WBP1_HUMAN,,no sliceable ECD span in the fetched entry,false,,2026-08-06,2001-12-01
O43709,non_surface,active,WBS22_HUMAN,,no sliceable ECD span in the fetched entry,false,,2026-08-06,2002-10-10
Q6UE05,non_surface,active,WBS28_HUMAN,,no sliceable ECD span in the fetched entry,false,,2026-08-06,2007-10-23
Q8IZQ1,non_surface,active,WDFY3_HUMAN,,no sliceable ECD span in the fetched entry,false,,2026-08-06,2006-06-27
Q6ZS81,non_surface,active,WDFY4_HUMAN,,no sliceable ECD span in the fetched entry,false,,2026-08-06,2008-11-25
Q9BZH6,non_surface,active,WDR11_HUMAN,,no sliceable ECD span in the fetched entry,false,,2026-08-06,2001-06-01
O76024,non_surface,active,WFS1_HUMAN,,no sliceable ECD span in the fetched entry,false,,2026-08-06,2011-01-11
Q96J92,non_surface,active,WNK4_HUMAN,,no sliceable ECD span in the fetched entry,false,,2026-08-06,2001-12-01
Q93097,non_surface,active,WNT2B_HUMAN,,no sliceable ECD span in the fetched entry,false,,2026-08-06,2001-06-20
O00258,non_surface,active,WRB_HUMAN,,no sliceable ECD span in the fetched entry,false,,2026-08-06,2000-12-01
Q5GH76,non_surface,active,XKR4_HUMAN,10,,false,,2026-08-06,2005-03-01
Q5GH73,non_surface,active,XKR6_HUMAN,,no sliceable ECD span in the fetched entry,false,,2026-08-06,2005-03-01
Q9H6D3,non_surface,active,XKR8_HUMAN,17,,false,,2026-08-06,2001-03-01
A2RUG3,non_surface,inactive,XKRY2_HUMAN,,not fetched: uniprot_inactive,false,,,
O14609,non_surface,active,XKRY_HUMAN,,no sliceable ECD span in the fetched entry,false,,2026-08-06,1998-01-01
Q9UBH6,non_surface,active,XPR1_HUMAN,7,,false,,2026-08-06,2000-05-01
Q8NBI6,non_surface,active,XXLT1_HUMAN,,no sliceable ECD span in the fetched entry,false,,2026-08-06,2002-10-01
O75063,non_surface,active,XYLK_HUMAN,,no sliceable ECD span in the fetched entry,false,,2026-08-06,1998-11-01
Q86Y38,non_surface,active,XYLT1_HUMAN,,no sliceable ECD span in the fetched entry,false,,2026-08-06,2003-06-01
Q9H1B5,non_surface,active,XYLT2_HUMAN,,no sliceable ECD span in the fetched entry,false,,2026-08-06,2007-02-20
Q7L0L9,non_surface,inactive,YA043_HUMAN,,not fetched: uniprot_inactive,false,,,
Q8NCU8,non_surface,active,YB039_HUMAN,,no sliceable ECD span in the fetched entry,false,,2026-08-06,2018-10-10
Q6UWF5,non_surface,active,YF002_HUMAN,,no sliceable ECD span in the fetched entry,false,,2026-08-06,2004-07-05
Q8N814,non_surface,active,YG045_HUMAN,,no sliceable ECD span in the fetched entry,false,,2026-08-06,2002-10-01
A4D0T7,non_surface,active,YG055_HUMAN,5,,false,,2026-08-06,2014-06-11
A8MXE2,non_surface,active,YI036_HUMAN,,no sliceable ECD span in the fetched entry,false,,2026-08-06,2008-09-02
O95070,non_surface,active,YIF1A_HUMAN,,no sliceable ECD span in the fetched entry,false,,2026-08-06,2006-05-02
Q5BJH7,non_surface,active,YIF1B_HUMAN,15,,false,,2026-08-06,2005-09-27
Q9BWQ6,non_surface,active,YIPF2_HUMAN,,no sliceable ECD span in the fetched entry,false,,2026-08-06,2001-06-01
Q9BSR8,non_surface,active,YIPF4_HUMAN,8,,false,,2026-08-06,2001-06-01
Q969M3,non_surface,active,YIPF5_HUMAN,,no sliceable ECD span in the fetched entry,false,,2026-08-06,2001-12-01
Q96EC8,non_surface,active,YIPF6_HUMAN,,no sliceable ECD span in the fetched entry,false,,2026-08-06,2006-06-27
Q8N8F6,non_surface,active,YIPF7_HUMAN,3,,false,,2026-08-06,2024-01-24
Q9H354,non_surface,active,YJ001_HUMAN,,no sliceable ECD span in the fetched entry,false,,2026-08-06,2001-03-01
Q96TA2,non_surface,active,YMEL1_HUMAN,,no sliceable ECD span in the fetched entry,false,,2026-08-06,2004-04-13
Q8N9W7,non_surface,active,YO010_HUMAN,101,,false,,2026-08-06,2002-10-01
A6NDX4,non_surface,active,YO011_HUMAN,101,,false,,2026-08-06,2007-07-24
A6NJY4,non_surface,active,YQ041_HUMAN,,no sliceable ECD span in the fetched entry,false,,2026-08-06,2021-04-07
Q6ZSZ5,non_surface,merged,YS060_HUMAN,,no sliceable ECD span in the fetched entry,false,,2026-08-06,2018-10-10
Q9UI54,non_surface,active,YT001_HUMAN,,no sliceable ECD span in the fetched entry,false,,2026-08-06,2000-05-01
A8MWV9,non_surface,active,YU007_HUMAN,,no sliceable ECD span in the fetched entry,false,,2026-08-06,2007-12-04
Q8N8P6,non_surface,active,YX004_HUMAN,,no sliceable ECD span in the fetched entry,false,,2026-08-06,2002-10-01
Q8IUH4,non_surface,active,ZDH13_HUMAN,,no sliceable ECD span in the fetched entry,false,,2026-08-06,2009-11-24
Q8IZN3,non_surface,active,ZDH14_HUMAN,,no sliceable ECD span in the fetched entry,false,,2026-08-06,2003-03-01
Q96MV8,non_surface,active,ZDH15_HUMAN,,no sliceable ECD span in the fetched entry,false,,2026-08-06,2001-12-01
Q969W1,non_surface,active,ZDH16_HUMAN,,no sliceable ECD span in the fetched entry,false,,2026-08-06,2001-12-01
Q8IUH5,non_surface,active,ZDH17_HUMAN,,no sliceable ECD span in the fetched entry,false,,2026-08-06,2004-04-13
Q9NUE0,non_surface,active,ZDH18_HUMAN,,no sliceable ECD span in the fetched entry,false,,2026-08-06,2003-08-29
Q5W0Z9,non_surface,active,ZDH20_HUMAN,,no sliceable ECD span in the fetched entry,false,,2026-08-06,2004-12-07
Q8IVQ6,non_surface,active,ZDH21_HUMAN,31,,false,,2026-08-06,2003-03-01
Q6UX98,non_surface,active,ZDH24_HUMAN,62,,false,,2026-08-06,2004-07-05
Q8WTX9,non_surface,active,ZDHC1_HUMAN,,no sliceable ECD span in the fetched entry,false,,2026-08-06,2002-03-01
Q9UIJ5,non_surface,active,ZDHC2_HUMAN,,no sliceable ECD span in the fetched entry,false,,2026-08-06,2000-05-01
Q9NYG2,non_surface,active,ZDHC3_HUMAN,22,,false,,2026-08-06,2013-04-03
Q9H6R6,non_surface,active,ZDHC6_HUMAN,,no sliceable ECD span in the fetched entry,false,,2026-08-06,2001-03-01
Q9ULC8,non_surface,active,ZDHC8_HUMAN,,no sliceable ECD span in the fetched entry,false,,2026-08-06,2005-01-04
Q9Y397,non_surface,active,ZDHC9_HUMAN,,no sliceable ECD span in the fetched entry,false,,2026-08-06,2003-02-01
O95159,non_surface,active,ZFPL1_HUMAN,,no sliceable ECD span in the fetched entry,false,,2026-08-06,2004-07-05
Q86YA3,non_surface,active,ZGRF1_HUMAN,,no sliceable ECD span in the fetched entry,false,,2026-08-06,2013-10-16
Q9H0C1,non_surface,active,ZMY12_HUMAN,,no sliceable ECD span in the fetched entry,false,,2026-08-06,2011-02-08
Q8NCS4,non_surface,active,ZMYNB_HUMAN,,no sliceable ECD span in the fetched entry,false,,2026-08-06,2002-10-01
Q9NW07,non_surface,active,ZN358_HUMAN,,no sliceable ECD span in the fetched entry,false,,2026-08-06,2009-07-07
Q5T7W0,non_surface,active,ZN618_HUMAN,,no sliceable ECD span in the fetched entry,false,,2026-08-06,2004-12-21
Q99726,non_surface,active,ZNT3_HUMAN,,no sliceable ECD span in the fetched entry,false,,2026-08-06,2008-11-25
O14863,non_surface,active,ZNT4_HUMAN,,no sliceable ECD span in the fetched entry,false,,2026-08-06,2008-09-23
Q8TAD4,non_surface,active,ZNT5_HUMAN,,no sliceable ECD span in the fetched entry,false,,2026-08-06,2002-06-01
Q6NXT4,non_surface,active,ZNT6_HUMAN,15,,false,,2026-08-06,2007-12-04
Q8NEW0,non_surface,active,ZNT7_HUMAN,,no sliceable ECD span in the fetched entry,false,,2026-08-06,2002-10-01
Q6PML9,non_surface,active,ZNT9_HUMAN,,no sliceable ECD span in the fetched entry,false,,2026-08-06,2004-07-05
Q9BR11,non_surface,active,ZSWM1_HUMAN,,no sliceable ECD span in the fetched entry,false,,2026-08-06,2005-08-30
