census_accession,census_class,census_identity_status,source_identifiers,fetch_failed,fetch_error,fetched_on,uniprot_release,span_aa_v1,span_aa,span_rule,span_category,no_span_reason,span_boundary_coordinate,terms_unruled,terms_held,guards,parsed_under
P04439,surface,active,1A01_HUMAN|1A02_HUMAN|1A03_HUMAN|1A11_HUMAN|1A23_HUMAN|1A24_HUMAN|1A25_HUMAN|1A26_HUMAN|1A29_HUMAN|1A30_HUMAN|1A31_HUMAN|1A32_HUMAN|1A33_HUMAN|1A34_HUMAN|1A36_HUMAN|1A43_HUMAN|1A66_HUMAN|1A68_HUMAN|1A69_HUMAN|1A74_HUMAN|1A80_HUMAN,false,,2026-08-06,2003-08-22,284,284,vocabulary,,,,,,,v2-ruled-vocabulary-2026-08-07@a32d132-mslnfix
P01889,surface,active,1B07_HUMAN|1B08_HUMAN|1B13_HUMAN|1B14_HUMAN|1B15_HUMAN|1B18_HUMAN|1B27_HUMAN|1B35_HUMAN|1B37_HUMAN|1B38_HUMAN|1B39_HUMAN|1B40_HUMAN|1B41_HUMAN|1B42_HUMAN|1B44_HUMAN|1B45_HUMAN|1B46_HUMAN|1B47_HUMAN|1B48_HUMAN|1B49_HUMAN|1B50_HUMAN|1B51_HUMAN|1B52_HUMAN|1B53_HUMAN|1B54_HUMAN|1B55_HUMAN|1B56_HUMAN|1B57_HUMAN|1B58_HUMAN|1B59_HUMAN|1B67_HUMAN|1B73_HUMAN|1B78_HUMAN|1B81_HUMAN|1B82_HUMAN,false,,2026-08-06,1991-02-01,285,285,vocabulary,,,,,,,v2-ruled-vocabulary-2026-08-07@a32d132-mslnfix
P10321,surface,active,1C01_HUMAN|1C02_HUMAN|1C03_HUMAN|1C04_HUMAN|1C05_HUMAN|1C06_HUMAN|1C07_HUMAN|1C08_HUMAN|1C12_HUMAN|1C14_HUMAN|1C15_HUMAN|1C16_HUMAN|1C17_HUMAN|1C18_HUMAN,false,,2026-08-06,2005-12-20,284,284,vocabulary,,,,,,,v2-ruled-vocabulary-2026-08-07@a32d132-mslnfix
P01911,surface,active,2B11_HUMAN|2B13_HUMAN|2B14_HUMAN|2B17_HUMAN|2B18_HUMAN|2B19_HUMAN|2B1A_HUMAN|2B1B_HUMAN|2B1C_HUMAN|2B1D_HUMAN|2B1E_HUMAN|2B1F_HUMAN|2B1G_HUMAN,false,,2026-08-06,2008-01-15,198,198,vocabulary,,,,,,,v2-ruled-vocabulary-2026-08-07@a32d132-mslnfix
P08195,surface,active,4F2_HUMAN,false,,2026-08-06,2026-01-28,425,425,vocabulary,,,,,,,v2-ruled-vocabulary-2026-08-07@a32d132-mslnfix
P08908,surface,active,5HT1A_HUMAN,false,,2026-08-06,1993-04-01,38,38,vocabulary,,,,,,,v2-ruled-vocabulary-2026-08-07@a32d132-mslnfix
P28222,surface,active,5HT1B_HUMAN,false,,2026-08-06,1992-12-01,46,46,vocabulary,,,,,,,v2-ruled-vocabulary-2026-08-07@a32d132-mslnfix
P28221,surface,active,5HT1D_HUMAN,false,,2026-08-06,1992-12-01,38,38,vocabulary,,,,,,,v2-ruled-vocabulary-2026-08-07@a32d132-mslnfix
P28566,surface,active,5HT1E_HUMAN,false,,2026-08-06,1992-12-01,22,22,vocabulary,,,,,,,v2-ruled-vocabulary-2026-08-07@a32d132-mslnfix
P30939,surface,active,5HT1F_HUMAN,false,,2026-08-06,1993-07-01,24,24,vocabulary,,,,,,,v2-ruled-vocabulary-2026-08-07@a32d132-mslnfix
P28223,surface,active,5HT2A_HUMAN,false,,2026-08-06,1994-06-01,80,80,vocabulary,,,,,,,v2-ruled-vocabulary-2026-08-07@a32d132-mslnfix
P41595,surface,active,5HT2B_HUMAN,false,,2026-08-06,1995-11-01,56,56,vocabulary,,,,,,,v2-ruled-vocabulary-2026-08-07@a32d132-mslnfix
P28335,surface,active,5HT2C_HUMAN,false,,2026-08-06,2022-02-23,24,24,vocabulary,,,,,,,v2-ruled-vocabulary-2026-08-07@a32d132-mslnfix
P46098,surface,active,5HT3A_HUMAN,false,,2026-08-06,1995-11-01,218,218,vocabulary,,,,,,,v2-ruled-vocabulary-2026-08-07@a32d132-mslnfix
O95264,surface,active,5HT3B_HUMAN,false,,2026-08-06,1999-05-01,217,217,vocabulary,,,,,,,v2-ruled-vocabulary-2026-08-07@a32d132-mslnfix
Q8WXA8,surface,active,5HT3C_HUMAN,false,,2026-08-06,2008-01-15,221,221,vocabulary,,,,,,,v2-ruled-vocabulary-2026-08-07@a32d132-mslnfix
Q70Z44,surface,active,5HT3D_HUMAN,false,,2026-08-06,2011-06-28,208,208,vocabulary,,,,,,,v2-ruled-vocabulary-2026-08-07@a32d132-mslnfix
A5X5Y0,surface,active,5HT3E_HUMAN,false,,2026-08-06,2007-07-10,223,223,vocabulary,,,,,,,v2-ruled-vocabulary-2026-08-07@a32d132-mslnfix
Q13639,surface,active,5HT4R_HUMAN,false,,2026-08-06,2001-01-11,31,31,vocabulary,,,,,,,v2-ruled-vocabulary-2026-08-07@a32d132-mslnfix
P47898,surface,active,5HT5A_HUMAN,false,,2026-08-06,1996-02-01,36,36,vocabulary,,,,,,,v2-ruled-vocabulary-2026-08-07@a32d132-mslnfix
P50406,surface,active,5HT6R_HUMAN,false,,2026-08-06,1996-10-01,27,27,vocabulary,,,,,,,v2-ruled-vocabulary-2026-08-07@a32d132-mslnfix
P34969,surface,active,5HT7R_HUMAN,false,,2026-08-06,2000-05-30,83,83,vocabulary,,,,,,,v2-ruled-vocabulary-2026-08-07@a32d132-mslnfix
P21589,surface,active,5NTD_HUMAN,false,,2026-08-06,1991-05-01,,522,gpi_rule_A,,,,,,,v2-ruled-vocabulary-2026-08-07@a32d132-mslnfix
P05067,surface,active,A4_HUMAN,false,,2026-08-06,1991-11-01,684,684,vocabulary,,,,,,,v2-ruled-vocabulary-2026-08-07@a32d132-mslnfix
P30542,surface,active,AA1R_HUMAN,false,,2026-08-06,1993-04-01,26,26,vocabulary,,,,,,,v2-ruled-vocabulary-2026-08-07@a32d132-mslnfix
P29274,surface,active,AA2AR_HUMAN,false,,2026-08-06,1994-06-01,30,30,vocabulary,,,,,,,v2-ruled-vocabulary-2026-08-07@a32d132-mslnfix
P29275,surface,active,AA2BR_HUMAN,false,,2026-08-06,1992-12-01,34,34,vocabulary,,,,,,,v2-ruled-vocabulary-2026-08-07@a32d132-mslnfix
P33765,surface,inactive,AA3R_HUMAN,false,,,,,,,,not fetched: uniprot_inactive,,,,,
Q9NS82,surface,active,AAA1_HUMAN,false,,2026-08-06,2000-10-01,,,,no_extracellular_span,"no topological domain with an accepted description, and no GPI anchor",,,,,v2-ruled-vocabulary-2026-08-07@a32d132-mslnfix
Q15758,surface,active,AAAT_HUMAN,false,,2026-08-06,2002-06-20,71,71,vocabulary,,,,,,,v2-ruled-vocabulary-2026-08-07@a32d132-mslnfix
O95477,surface,active,ABCA1_HUMAN,false,,2026-08-06,2010-10-05,597,597,vocabulary,,,,,,,v2-ruled-vocabulary-2026-08-07@a32d132-mslnfix
Q9BZC7,surface,active,ABCA2_HUMAN,false,,2026-08-06,2018-09-12,,,,no_extracellular_span,"no topological domain with an accepted description, and no GPI anchor",,,,,v2-ruled-vocabulary-2026-08-07@a32d132-mslnfix
Q99758,surface,active,ABCA3_HUMAN,false,,2026-08-06,2006-01-24,,,,no_extracellular_span,"no topological domain with an accepted description, and no GPI anchor",,,,,v2-ruled-vocabulary-2026-08-07@a32d132-mslnfix
P78363,surface,active,ABCA4_HUMAN,false,,2026-08-06,2000-05-30,604,604,vocabulary,,,,,,,v2-ruled-vocabulary-2026-08-07@a32d132-mslnfix
Q8WWZ7,surface,active,ABCA5_HUMAN,false,,2026-08-06,2006-10-03,,,,no_extracellular_span,"no topological domain with an accepted description, and no GPI anchor",,,,,v2-ruled-vocabulary-2026-08-07@a32d132-mslnfix
Q8N139,surface,active,ABCA6_HUMAN,false,,2026-08-06,2006-10-03,,,,no_extracellular_span,"no topological domain with an accepted description, and no GPI anchor",,,,,v2-ruled-vocabulary-2026-08-07@a32d132-mslnfix
Q8IZY2,surface,active,ABCA7_HUMAN,false,,2026-08-06,2007-12-04,507,507,vocabulary,,,,,,,v2-ruled-vocabulary-2026-08-07@a32d132-mslnfix
O94911,surface,active,ABCA8_HUMAN,false,,2026-08-06,2021-02-10,,,,no_extracellular_span,"no topological domain with an accepted description, and no GPI anchor",,,,,v2-ruled-vocabulary-2026-08-07@a32d132-mslnfix
Q8IUA7,surface,active,ABCA9_HUMAN,false,,2026-08-06,2003-03-01,,,,no_extracellular_span,"no topological domain with an accepted description, and no GPI anchor",,,,,v2-ruled-vocabulary-2026-08-07@a32d132-mslnfix
Q86UK0,surface,active,ABCAC_HUMAN,false,,2026-08-06,2009-11-24,,,,no_extracellular_span,"no topological domain with an accepted description, and no GPI anchor",,,,,v2-ruled-vocabulary-2026-08-07@a32d132-mslnfix
Q86UQ4,surface,active,ABCAD_HUMAN,false,,2026-08-06,2025-06-18,,,,no_extracellular_span,"no topological domain with an accepted description, and no GPI anchor",,,,,v2-ruled-vocabulary-2026-08-07@a32d132-mslnfix
Q2M3G0,surface,active,ABCB5_HUMAN,false,,2026-08-06,2014-10-01,,,,no_extracellular_span,"no topological domain with an accepted description, and no GPI anchor",,,,,v2-ruled-vocabulary-2026-08-07@a32d132-mslnfix
Q9NP78,surface,active,ABCB9_HUMAN,false,,2026-08-06,2000-10-01,,,,no_extracellular_span,"no topological domain with an accepted description, and no GPI anchor",,,,,v2-ruled-vocabulary-2026-08-07@a32d132-mslnfix
O95342,surface,active,ABCBB_HUMAN,false,,2026-08-06,2009-11-03,64,64,vocabulary,,,,,,,v2-ruled-vocabulary-2026-08-07@a32d132-mslnfix
O60706,surface,active,ABCC9_HUMAN,false,,2026-08-06,2008-11-25,97,97,vocabulary,,,,,,,v2-ruled-vocabulary-2026-08-07@a32d132-mslnfix
Q96J66,surface,active,ABCCB_HUMAN,false,,2026-08-06,2001-12-01,36,36,vocabulary,,,,,,,v2-ruled-vocabulary-2026-08-07@a32d132-mslnfix
Q9UNQ0,surface,active,ABCG2_HUMAN,false,,2026-08-06,2005-05-10,74,74,vocabulary,,,,,,,v2-ruled-vocabulary-2026-08-07@a32d132-mslnfix
Q9H172,surface,active,ABCG4_HUMAN,false,,2026-08-06,2001-12-05,64,64,vocabulary,,,,,,,v2-ruled-vocabulary-2026-08-07@a32d132-mslnfix
Q9H222,surface,active,ABCG5_HUMAN,false,,2026-08-06,2001-03-01,74,74,vocabulary,,,,,,,v2-ruled-vocabulary-2026-08-07@a32d132-mslnfix
O00400,surface,active,ACATN_HUMAN,false,,2026-08-06,1997-07-01,23,23,vocabulary,,,,,,,v2-ruled-vocabulary-2026-08-07@a32d132-mslnfix
Q9BYF1,surface,active,ACE2_HUMAN,false,,2026-08-06,2005-08-02,723,723,vocabulary,,,,,,,v2-ruled-vocabulary-2026-08-07@a32d132-mslnfix
P22303,surface,active,ACES_HUMAN,false,,2026-08-06,1991-08-01,,,,absent_with_reason,gpi_mature_chain_ambiguous,,,,chain_end_exceeds_anchor,v2-ruled-vocabulary-2026-08-07@a32d132-mslnfix
P12821,surface,active,ACE_HUMAN,false,,2026-08-06,1989-10-01,1227,1227,vocabulary,,,,,,,v2-ruled-vocabulary-2026-08-07@a32d132-mslnfix
Q9GZZ6,surface,active,ACH10_HUMAN,false,,2026-08-06,2001-03-01,213,213,vocabulary,,,,,,,v2-ruled-vocabulary-2026-08-07@a32d132-mslnfix
Q15822,surface,active,ACHA2_HUMAN,false,,2026-08-06,2010-10-05,238,238,vocabulary,,,,,,,v2-ruled-vocabulary-2026-08-07@a32d132-mslnfix
P32297,surface,active,ACHA3_HUMAN,false,,2026-08-06,2009-07-28,219,219,vocabulary,,,,,,,v2-ruled-vocabulary-2026-08-07@a32d132-mslnfix
P43681,surface,active,ACHA4_HUMAN,false,,2026-08-06,1996-02-01,223,223,vocabulary,,,,,,,v2-ruled-vocabulary-2026-08-07@a32d132-mslnfix
P30532,surface,active,ACHA5_HUMAN,false,,2026-08-06,1997-11-01,232,232,vocabulary,,,,,,,v2-ruled-vocabulary-2026-08-07@a32d132-mslnfix
Q15825,surface,active,ACHA6_HUMAN,false,,2026-08-06,1997-11-01,214,214,vocabulary,,,,,,,v2-ruled-vocabulary-2026-08-07@a32d132-mslnfix
P36544,surface,active,ACHA7_HUMAN,false,,2026-08-06,1997-11-01,211,211,vocabulary,,,,,,,v2-ruled-vocabulary-2026-08-07@a32d132-mslnfix
Q9UGM1,surface,active,ACHA9_HUMAN,false,,2026-08-06,2010-10-05,216,216,vocabulary,,,,,,,v2-ruled-vocabulary-2026-08-07@a32d132-mslnfix
P02708,surface,active,ACHA_HUMAN,false,,2026-08-06,2022-05-25,212,212,vocabulary,,,,,,,v2-ruled-vocabulary-2026-08-07@a32d132-mslnfix
P17787,surface,active,ACHB2_HUMAN,false,,2026-08-06,1990-08-01,213,213,vocabulary,,,,,,,v2-ruled-vocabulary-2026-08-07@a32d132-mslnfix
Q05901,surface,active,ACHB3_HUMAN,false,,2026-08-06,1997-11-01,216,216,vocabulary,,,,,,,v2-ruled-vocabulary-2026-08-07@a32d132-mslnfix
P30926,surface,active,ACHB4_HUMAN,false,,2026-08-06,1997-11-01,218,218,vocabulary,,,,,,,v2-ruled-vocabulary-2026-08-07@a32d132-mslnfix
P11230,surface,active,ACHB_HUMAN,false,,2026-08-06,2002-07-11,221,221,vocabulary,,,,,,,v2-ruled-vocabulary-2026-08-07@a32d132-mslnfix
Q07001,surface,active,ACHD_HUMAN,false,,2026-08-06,1994-06-01,224,224,vocabulary,,,,,,,v2-ruled-vocabulary-2026-08-07@a32d132-mslnfix
Q04844,surface,active,ACHE_HUMAN,false,,2026-08-06,1995-11-01,219,219,vocabulary,,,,,,,v2-ruled-vocabulary-2026-08-07@a32d132-mslnfix
P07510,surface,active,ACHG_HUMAN,false,,2026-08-06,2007-02-20,218,218,vocabulary,,,,,,,v2-ruled-vocabulary-2026-08-07@a32d132-mslnfix
Q16570,surface,active,ACKR1_HUMAN,false,,2026-08-06,2005-06-07,63,63,vocabulary,,,,,,,v2-ruled-vocabulary-2026-08-07@a32d132-mslnfix
O00590,surface,active,ACKR2_HUMAN,false,,2026-08-06,2002-05-02,50,50,vocabulary,,,,,,,v2-ruled-vocabulary-2026-08-07@a32d132-mslnfix
P25106,surface,active,ACKR3_HUMAN,false,,2026-08-06,2006-10-03,40,40,vocabulary,,,,,,,v2-ruled-vocabulary-2026-08-07@a32d132-mslnfix
Q9NPB9,surface,active,ACKR4_HUMAN,false,,2026-08-06,2000-10-01,42,42,vocabulary,,,,,,,v2-ruled-vocabulary-2026-08-07@a32d132-mslnfix
P11229,surface,active,ACM1_HUMAN,false,,2026-08-06,1990-11-01,22,22,vocabulary,,,,,,,v2-ruled-vocabulary-2026-08-07@a32d132-mslnfix
P08172,surface,active,ACM2_HUMAN,false,,2026-08-06,1988-08-01,20,20,vocabulary,,,,,,,v2-ruled-vocabulary-2026-08-07@a32d132-mslnfix
P20309,surface,active,ACM3_HUMAN,false,,2026-08-06,1991-02-01,67,67,vocabulary,,,,,,,v2-ruled-vocabulary-2026-08-07@a32d132-mslnfix
P08173,surface,active,ACM4_HUMAN,false,,2026-08-06,2002-09-19,31,31,vocabulary,,,,,,,v2-ruled-vocabulary-2026-08-07@a32d132-mslnfix
P08912,surface,active,ACM5_HUMAN,false,,2026-08-06,1994-06-01,29,29,vocabulary,,,,,,,v2-ruled-vocabulary-2026-08-07@a32d132-mslnfix
Q01718,surface,active,ACTHR_HUMAN,false,,2026-08-06,1993-07-01,27,27,vocabulary,,,,,,,v2-ruled-vocabulary-2026-08-07@a32d132-mslnfix
P36896,surface,active,ACV1B_HUMAN,false,,2026-08-06,1994-06-01,103,103,vocabulary,,,,,,,v2-ruled-vocabulary-2026-08-07@a32d132-mslnfix
Q8NER5,surface,active,ACV1C_HUMAN,false,,2026-08-06,2002-10-01,92,92,vocabulary,,,,,,,v2-ruled-vocabulary-2026-08-07@a32d132-mslnfix
P37023,surface,active,ACVL1_HUMAN,false,,2026-08-06,1998-12-15,97,97,vocabulary,,,,,,,v2-ruled-vocabulary-2026-08-07@a32d132-mslnfix
Q04771,surface,active,ACVR1_HUMAN,false,,2026-08-06,1994-02-01,103,103,vocabulary,,,,,,,v2-ruled-vocabulary-2026-08-07@a32d132-mslnfix
O14672,surface,active,ADA10_HUMAN,false,,2026-08-06,1998-01-01,653,653,vocabulary,,,,,,,v2-ruled-vocabulary-2026-08-07@a32d132-mslnfix
O75078,surface,active,ADA11_HUMAN,false,,2026-08-06,2006-10-03,509,509,vocabulary,,,,,,,v2-ruled-vocabulary-2026-08-07@a32d132-mslnfix
O43184,surface,active,ADA12_HUMAN,false,,2026-08-06,2009-05-05,501,501,vocabulary,,,,,,,v2-ruled-vocabulary-2026-08-07@a32d132-mslnfix
Q13444,surface,active,ADA15_HUMAN,false,,2026-08-06,2010-07-13,490,490,vocabulary,,,,,,,v2-ruled-vocabulary-2026-08-07@a32d132-mslnfix
P78536,surface,active,ADA17_HUMAN,false,,2026-08-06,1997-05-01,457,457,vocabulary,,,,,,,v2-ruled-vocabulary-2026-08-07@a32d132-mslnfix
Q9Y3Q7,surface,active,ADA18_HUMAN,false,,2026-08-06,1999-11-01,511,511,vocabulary,,,,,,,v2-ruled-vocabulary-2026-08-07@a32d132-mslnfix
Q9H013,surface,active,ADA19_HUMAN,false,,2026-08-06,2010-08-10,497,497,vocabulary,,,,,,,v2-ruled-vocabulary-2026-08-07@a32d132-mslnfix
P35348,surface,active,ADA1A_HUMAN,false,,2026-08-06,1995-11-01,27,27,vocabulary,,,,,,,v2-ruled-vocabulary-2026-08-07@a32d132-mslnfix
P35368,surface,active,ADA1B_HUMAN,false,,2026-08-06,2006-10-17,45,45,vocabulary,,,,,,,v2-ruled-vocabulary-2026-08-07@a32d132-mslnfix
P25100,surface,active,ADA1D_HUMAN,false,,2026-08-06,1995-11-01,95,95,vocabulary,,,,,,,v2-ruled-vocabulary-2026-08-07@a32d132-mslnfix
O43506,surface,active,ADA20_HUMAN,false,,2026-08-06,2008-11-25,487,487,vocabulary,,,,,,,v2-ruled-vocabulary-2026-08-07@a32d132-mslnfix
Q9UKJ8,surface,active,ADA21_HUMAN,false,,2026-08-06,2010-05-18,485,485,vocabulary,,,,,,,v2-ruled-vocabulary-2026-08-07@a32d132-mslnfix
Q9P0K1,surface,active,ADA22_HUMAN,false,,2026-08-06,2000-10-01,514,514,vocabulary,,,,,,,v2-ruled-vocabulary-2026-08-07@a32d132-mslnfix
O75077,surface,active,ADA23_HUMAN,false,,2026-08-06,1998-11-01,506,506,vocabulary,,,,,,,v2-ruled-vocabulary-2026-08-07@a32d132-mslnfix
Q9UKQ2,surface,active,ADA28_HUMAN,false,,2026-08-06,2011-01-11,467,467,vocabulary,,,,,,,v2-ruled-vocabulary-2026-08-07@a32d132-mslnfix
Q9UKF5,surface,active,ADA29_HUMAN,false,,2026-08-06,2007-04-17,481,481,vocabulary,,,,,,,v2-ruled-vocabulary-2026-08-07@a32d132-mslnfix
P08913,surface,active,ADA2A_HUMAN,false,,2026-08-06,2019-12-11,47,47,vocabulary,,,,,,,v2-ruled-vocabulary-2026-08-07@a32d132-mslnfix
P18089,surface,active,ADA2B_HUMAN,false,,2026-08-06,2017-03-15,22,22,vocabulary,,,,,,,v2-ruled-vocabulary-2026-08-07@a32d132-mslnfix
P18825,surface,active,ADA2C_HUMAN,false,,2026-08-06,2002-02-11,48,48,vocabulary,,,,,,,v2-ruled-vocabulary-2026-08-07@a32d132-mslnfix
Q9UKF2,surface,active,ADA30_HUMAN,false,,2026-08-06,2004-05-10,489,489,vocabulary,,,,,,,v2-ruled-vocabulary-2026-08-07@a32d132-mslnfix
Q8TC27,surface,active,ADA32_HUMAN,false,,2026-08-06,2010-05-18,508,508,vocabulary,,,,,,,v2-ruled-vocabulary-2026-08-07@a32d132-mslnfix
Q9BZ11,surface,active,ADA33_HUMAN,false,,2026-08-06,2002-03-27,672,672,vocabulary,,,,,,,v2-ruled-vocabulary-2026-08-07@a32d132-mslnfix
Q99965,surface,active,ADAM2_HUMAN,false,,2026-08-06,2003-02-01,512,512,vocabulary,,,,,,,v2-ruled-vocabulary-2026-08-07@a32d132-mslnfix
Q9H2U9,surface,active,ADAM7_HUMAN,false,,2026-08-06,2010-05-18,650,650,vocabulary,,,,,,,v2-ruled-vocabulary-2026-08-07@a32d132-mslnfix
P78325,surface,active,ADAM8_HUMAN,false,,2026-08-06,2012-10-03,639,639,vocabulary,,,,,,,v2-ruled-vocabulary-2026-08-07@a32d132-mslnfix
Q13443,surface,active,ADAM9_HUMAN,false,,2026-08-06,1996-11-01,669,669,vocabulary,,,,,,,v2-ruled-vocabulary-2026-08-07@a32d132-mslnfix
Q08462,surface,active,ADCY2_HUMAN,false,,2026-08-06,2006-11-28,,,,no_extracellular_span,"no topological domain with an accepted description, and no GPI anchor",,,,,v2-ruled-vocabulary-2026-08-07@a32d132-mslnfix
O60266,surface,active,ADCY3_HUMAN,false,,2026-08-06,2006-11-28,,,,no_extracellular_span,"no topological domain with an accepted description, and no GPI anchor",,,,,v2-ruled-vocabulary-2026-08-07@a32d132-mslnfix
O95622,surface,active,ADCY5_HUMAN,false,,2026-08-06,2006-11-28,53,53,vocabulary,,,,,,,v2-ruled-vocabulary-2026-08-07@a32d132-mslnfix
O43306,surface,active,ADCY6_HUMAN,false,,2026-08-06,2001-01-11,60,60,vocabulary,,,,,,,v2-ruled-vocabulary-2026-08-07@a32d132-mslnfix
P51828,surface,active,ADCY7_HUMAN,false,,2026-08-06,1996-10-01,,,,no_extracellular_span,"no topological domain with an accepted description, and no GPI anchor",,,,,v2-ruled-vocabulary-2026-08-07@a32d132-mslnfix
O60503,surface,active,ADCY9_HUMAN,false,,2026-08-06,2002-12-13,34,34,vocabulary,,,,,,,v2-ruled-vocabulary-2026-08-07@a32d132-mslnfix
Q86V24,surface,active,ADR2_HUMAN,false,,2026-08-06,2003-06-01,17,17,vocabulary,,,,,,,v2-ruled-vocabulary-2026-08-07@a32d132-mslnfix
P08588,surface,active,ADRB1_HUMAN,false,,2026-08-06,2023-09-13,57,57,vocabulary,,,,,,,v2-ruled-vocabulary-2026-08-07@a32d132-mslnfix
P07550,surface,active,ADRB2_HUMAN,false,,2026-08-06,2010-05-18,29,29,vocabulary,,,,,,,v2-ruled-vocabulary-2026-08-07@a32d132-mslnfix
P13945,surface,active,ADRB3_HUMAN,false,,2026-08-06,1994-02-01,39,39,vocabulary,,,,,,,v2-ruled-vocabulary-2026-08-07@a32d132-mslnfix
Q6UXC1,surface,active,AEGP_HUMAN,false,,2026-08-06,2007-05-15,1129,1129,vocabulary,,,,,,,v2-ruled-vocabulary-2026-08-07@a32d132-mslnfix
P30556,surface,active,AGTR1_HUMAN,false,,2026-08-06,1993-04-01,25,25,vocabulary,,,,,,,v2-ruled-vocabulary-2026-08-07@a32d132-mslnfix
P50052,surface,active,AGTR2_HUMAN,false,,2026-08-06,1996-10-01,45,45,vocabulary,,,,,,,v2-ruled-vocabulary-2026-08-07@a32d132-mslnfix
Q9UKB5,surface,active,AJAP1_HUMAN,false,,2026-08-06,2000-05-01,239,239,vocabulary,,,,,,,v2-ruled-vocabulary-2026-08-07@a32d132-mslnfix
Q9UM73,surface,active,ALK_HUMAN,false,,2026-08-06,2010-05-18,1020,1020,vocabulary,,,,,,,v2-ruled-vocabulary-2026-08-07@a32d132-mslnfix
P19021,surface,active,AMD_HUMAN,false,,2026-08-06,2002-09-19,,833,vocabulary,,,,,,,v2-ruled-vocabulary-2026-08-07@a32d132-mslnfix
Q86WK6,surface,active,AMGO1_HUMAN,false,,2026-08-06,2003-06-01,345,345,vocabulary,,,,,,,v2-ruled-vocabulary-2026-08-07@a32d132-mslnfix
Q86SJ2,surface,active,AMGO2_HUMAN,false,,2026-08-06,2003-06-01,359,359,vocabulary,,,,,,,v2-ruled-vocabulary-2026-08-07@a32d132-mslnfix
Q86WK7,surface,active,AMGO3_HUMAN,false,,2026-08-06,2003-06-01,364,364,vocabulary,,,,,,,v2-ruled-vocabulary-2026-08-07@a32d132-mslnfix
Q16671,surface,active,AMHR2_HUMAN,false,,2026-08-06,1996-11-01,132,132,vocabulary,,,,,,,v2-ruled-vocabulary-2026-08-07@a32d132-mslnfix
Q9BXJ7,surface,active,AMNLS_HUMAN,false,,2026-08-06,2010-05-18,338,338,vocabulary,,,,,,,v2-ruled-vocabulary-2026-08-07@a32d132-mslnfix
Q07075,surface,active,AMPE_HUMAN,false,,2026-08-06,2010-05-18,918,918,vocabulary,,,,,,,v2-ruled-vocabulary-2026-08-07@a32d132-mslnfix
P15144,surface,active,AMPN_HUMAN,false,,2026-08-06,2007-04-03,935,935,vocabulary,,,,,,,v2-ruled-vocabulary-2026-08-07@a32d132-mslnfix
Q9HCJ1,surface,active,ANKH_HUMAN,false,,2026-08-06,2001-11-16,25,25,vocabulary,,,,,,,v2-ruled-vocabulary-2026-08-07@a32d132-mslnfix
Q5XXA6,surface,active,ANO1_HUMAN,false,,2026-08-06,2004-11-23,87,87,vocabulary,,,,,,,v2-ruled-vocabulary-2026-08-07@a32d132-mslnfix
Q9NQ90,surface,active,ANO2_HUMAN,false,,2026-08-06,2026-01-28,104,104,vocabulary,,,,,,,v2-ruled-vocabulary-2026-08-07@a32d132-mslnfix
Q9BYT9,surface,active,ANO3_HUMAN,false,,2026-08-06,2010-05-18,100,100,vocabulary,,,,,,,v2-ruled-vocabulary-2026-08-07@a32d132-mslnfix
Q75V66,surface,active,ANO5_HUMAN,false,,2026-08-06,2004-07-05,101,101,vocabulary,,,,,,,v2-ruled-vocabulary-2026-08-07@a32d132-mslnfix
Q4KMQ2,surface,active,ANO6_HUMAN,false,,2026-08-06,2006-10-17,93,93,vocabulary,,,,,,,v2-ruled-vocabulary-2026-08-07@a32d132-mslnfix
Q6IWH7,surface,active,ANO7_HUMAN,false,,2026-08-06,2011-05-31,105,105,vocabulary,,,,,,,v2-ruled-vocabulary-2026-08-07@a32d132-mslnfix
A1A5B4,surface,active,ANO9_HUMAN,false,,2026-08-06,2015-05-27,108,108,vocabulary,,,,,,,v2-ruled-vocabulary-2026-08-07@a32d132-mslnfix
P16066,surface,active,ANPRA_HUMAN,false,,2026-08-06,1990-04-01,441,441,vocabulary,,,,,,,v2-ruled-vocabulary-2026-08-07@a32d132-mslnfix
P20594,surface,active,ANPRB_HUMAN,false,,2026-08-06,1991-02-01,436,436,vocabulary,,,,,,,v2-ruled-vocabulary-2026-08-07@a32d132-mslnfix
P17342,surface,active,ANPRC_HUMAN,false,,2026-08-06,2003-01-10,455,455,vocabulary,,,,,,,v2-ruled-vocabulary-2026-08-07@a32d132-mslnfix
Q9H6X2,surface,active,ANTR1_HUMAN,false,,2026-08-06,2001-11-02,289,289,vocabulary,,,,,,,v2-ruled-vocabulary-2026-08-07@a32d132-mslnfix
P58335,surface,active,ANTR2_HUMAN,false,,2026-08-06,2010-10-05,285,285,vocabulary,,,,,,,v2-ruled-vocabulary-2026-08-07@a32d132-mslnfix
A6NF34,surface,active,ANTRL_HUMAN,false,,2026-08-06,2014-05-14,326,326,vocabulary,,,,,,,v2-ruled-vocabulary-2026-08-07@a32d132-mslnfix
Q16853,surface,active,AOC3_HUMAN,false,,2026-08-06,2007-01-23,737,737,vocabulary,,,,,,,v2-ruled-vocabulary-2026-08-07@a32d132-mslnfix
Q8J025,surface,active,APCD1_HUMAN,false,,2026-08-06,2003-03-01,466,466,vocabulary,,,,,,,v2-ruled-vocabulary-2026-08-07@a32d132-mslnfix
P35414,surface,active,APJ_HUMAN,false,,2026-08-06,1994-06-01,34,34,vocabulary,,,,,,,v2-ruled-vocabulary-2026-08-07@a32d132-mslnfix
P51693,surface,active,APLP1_HUMAN,false,,2026-08-06,2003-02-22,542,542,vocabulary,,,,,,,v2-ruled-vocabulary-2026-08-07@a32d132-mslnfix
Q06481,surface,active,APLP2_HUMAN,false,,2026-08-06,1996-10-01,661,661,vocabulary,,,,,,,v2-ruled-vocabulary-2026-08-07@a32d132-mslnfix
Q96PS8,surface,active,AQP10_HUMAN,false,,2026-08-06,2004-05-10,37,37,vocabulary,,,,,,,v2-ruled-vocabulary-2026-08-07@a32d132-mslnfix
P29972,surface,active,AQP1_HUMAN,false,,2026-08-06,2007-01-23,24,24,vocabulary,,,,,,,v2-ruled-vocabulary-2026-08-07@a32d132-mslnfix
P41181,surface,active,AQP2_HUMAN,false,,2026-08-06,1995-02-01,20,20,vocabulary,,,,,,,v2-ruled-vocabulary-2026-08-07@a32d132-mslnfix
P55087,surface,active,AQP4_HUMAN,false,,2026-08-06,1997-11-01,19,19,vocabulary,,,,,,,v2-ruled-vocabulary-2026-08-07@a32d132-mslnfix
P55064,surface,active,AQP5_HUMAN,false,,2026-08-06,1996-10-01,18,18,vocabulary,,,,,,,v2-ruled-vocabulary-2026-08-07@a32d132-mslnfix
O94778,surface,active,AQP8_HUMAN,false,,2026-08-06,2004-05-10,28,28,vocabulary,,,,,,,v2-ruled-vocabulary-2026-08-07@a32d132-mslnfix
O43315,surface,active,AQP9_HUMAN,false,,2026-08-06,2011-01-11,37,37,vocabulary,,,,,,,v2-ruled-vocabulary-2026-08-07@a32d132-mslnfix
Q6UW56,surface,active,ARAID_HUMAN,false,,2026-08-06,2009-06-16,169,169,vocabulary,,,,,,,v2-ruled-vocabulary-2026-08-07@a32d132-mslnfix
P15514,surface,active,AREG_HUMAN,false,,2026-08-06,1991-02-01,,,,no_extracellular_span,"no topological domain with an accepted description, and no GPI anchor",,,,,v2-ruled-vocabulary-2026-08-07@a32d132-mslnfix
P07306,surface,active,ASGR1_HUMAN,false,,2026-08-06,2007-01-23,230,230,vocabulary,,,,,,,v2-ruled-vocabulary-2026-08-07@a32d132-mslnfix
P07307,surface,active,ASGR2_HUMAN,false,,2026-08-06,2008-12-16,232,232,vocabulary,,,,,,,v2-ruled-vocabulary-2026-08-07@a32d132-mslnfix
P78348,surface,active,ASIC1_HUMAN,false,,2026-08-06,2010-05-18,361,361,vocabulary,,,,,,,v2-ruled-vocabulary-2026-08-07@a32d132-mslnfix
Q96FT7,surface,active,ASIC4_HUMAN,false,,2026-08-06,2022-02-23,349,349,vocabulary,,,,,,,v2-ruled-vocabulary-2026-08-07@a32d132-mslnfix
Q9NY37,surface,active,ASIC5_HUMAN,false,,2026-08-06,2000-10-01,377,377,vocabulary,,,,,,,v2-ruled-vocabulary-2026-08-07@a32d132-mslnfix
O14525,surface,active,ASTN1_HUMAN,false,,2026-08-06,2005-05-10,900,900,vocabulary,,,,,,,v2-ruled-vocabulary-2026-08-07@a32d132-mslnfix
O75129,surface,active,ASTN2_HUMAN,false,,2026-08-06,2007-10-23,,884,vocabulary,,,,,,,v2-ruled-vocabulary-2026-08-07@a32d132-mslnfix
Q9HD20,surface,active,AT131_HUMAN,false,,2026-08-06,2001-10-18,179,179,vocabulary,,,,,,,v2-ruled-vocabulary-2026-08-07@a32d132-mslnfix
Q9NQ11,surface,active,AT132_HUMAN,false,,2026-08-06,2001-06-01,,33,vocabulary,,,,,,,v2-ruled-vocabulary-2026-08-07@a32d132-mslnfix
Q9H7F0,surface,active,AT133_HUMAN,false,,2026-08-06,2009-02-10,,53,vocabulary,,,,,,,v2-ruled-vocabulary-2026-08-07@a32d132-mslnfix
Q4VNC0,surface,active,AT135_HUMAN,false,,2026-08-06,2005-07-05,,,,no_extracellular_span,"no topological domain with an accepted description, and no GPI anchor",,,,,v2-ruled-vocabulary-2026-08-07@a32d132-mslnfix
P05023,surface,active,AT1A1_HUMAN,false,,2026-08-06,1987-08-13,47,47,vocabulary,,,,,,,v2-ruled-vocabulary-2026-08-07@a32d132-mslnfix
P50993,surface,active,AT1A2_HUMAN,false,,2026-08-06,1996-10-01,52,52,vocabulary,,,,,,,v2-ruled-vocabulary-2026-08-07@a32d132-mslnfix
P13637,surface,active,AT1A3_HUMAN,false,,2026-08-06,2006-10-17,42,42,vocabulary,,,,,,,v2-ruled-vocabulary-2026-08-07@a32d132-mslnfix
Q13733,surface,active,AT1A4_HUMAN,false,,2026-08-06,2002-10-10,49,49,vocabulary,,,,,,,v2-ruled-vocabulary-2026-08-07@a32d132-mslnfix
P05026,surface,active,AT1B1_HUMAN,false,,2026-08-06,1987-08-13,241,241,vocabulary,,,,,,,v2-ruled-vocabulary-2026-08-07@a32d132-mslnfix
P14415,surface,active,AT1B2_HUMAN,false,,2026-08-06,2007-02-06,223,223,vocabulary,,,,,,,v2-ruled-vocabulary-2026-08-07@a32d132-mslnfix
P54709,surface,active,AT1B3_HUMAN,false,,2026-08-06,1996-10-01,223,223,vocabulary,,,,,,,v2-ruled-vocabulary-2026-08-07@a32d132-mslnfix
Q9UN42,surface,active,AT1B4_HUMAN,false,,2026-08-06,2000-05-01,,226,vocabulary,,,,,,,v2-ruled-vocabulary-2026-08-07@a32d132-mslnfix
Q01814,surface,active,AT2B2_HUMAN,false,,2026-08-06,2001-06-01,37,37,vocabulary,,,,,,,v2-ruled-vocabulary-2026-08-07@a32d132-mslnfix
Q16720,surface,active,AT2B3_HUMAN,false,,2026-08-06,2006-10-17,37,37,vocabulary,,,,,,,v2-ruled-vocabulary-2026-08-07@a32d132-mslnfix
P23634,surface,active,AT2B4_HUMAN,false,,2026-08-06,2001-06-01,37,37,vocabulary,,,,,,,v2-ruled-vocabulary-2026-08-07@a32d132-mslnfix
Q7Z3C6,surface,active,ATG9A_HUMAN,false,,2026-08-06,2010-05-18,,44,vocabulary,,,,,,,v2-ruled-vocabulary-2026-08-07@a32d132-mslnfix
P51164,surface,active,ATP4B_HUMAN,false,,2026-08-06,1996-10-01,234,234,vocabulary,,,,,,,v2-ruled-vocabulary-2026-08-07@a32d132-mslnfix
Q5VV63,surface,active,ATRN1_HUMAN,false,,2026-08-06,2007-02-20,1178,1178,vocabulary,,,,,,,v2-ruled-vocabulary-2026-08-07@a32d132-mslnfix
O75882,surface,active,ATRN_HUMAN,false,,2026-08-06,2001-04-27,1196,1196,vocabulary,,,,,,,v2-ruled-vocabulary-2026-08-07@a32d132-mslnfix
P27037,surface,active,AVR2A_HUMAN,false,,2026-08-06,1992-08-01,116,116,vocabulary,,,,,,,v2-ruled-vocabulary-2026-08-07@a32d132-mslnfix
Q13705,surface,active,AVR2B_HUMAN,false,,2026-08-06,2006-05-16,119,119,vocabulary,,,,,,,v2-ruled-vocabulary-2026-08-07@a32d132-mslnfix
P02730,surface,active,B3AT_HUMAN,false,,2026-08-06,1990-04-01,40,40,vocabulary,,,,,,,v2-ruled-vocabulary-2026-08-07@a32d132-mslnfix
P56817,surface,active,BACE1_HUMAN,false,,2026-08-06,2017-06-07,436,436,vocabulary,,,,,,,v2-ruled-vocabulary-2026-08-07@a32d132-mslnfix
Q9Y5Z0,surface,active,BACE2_HUMAN,false,,2026-08-06,1999-11-01,453,453,vocabulary,,,,,,,v2-ruled-vocabulary-2026-08-07@a32d132-mslnfix
O14514,surface,active,BAI1_HUMAN,false,,2026-08-06,2012-10-31,918,918,vocabulary,,,,,,,v2-ruled-vocabulary-2026-08-07@a32d132-mslnfix
O60241,surface,active,BAI2_HUMAN,false,,2026-08-06,2009-05-05,904,904,vocabulary,,,,,,,v2-ruled-vocabulary-2026-08-07@a32d132-mslnfix
O60242,surface,active,BAI3_HUMAN,false,,2026-08-06,2010-11-02,856,856,vocabulary,,,,,,,v2-ruled-vocabulary-2026-08-07@a32d132-mslnfix
Q13145,surface,active,BAMBI_HUMAN,false,,2026-08-06,1997-11-01,132,132,vocabulary,,,,,,,v2-ruled-vocabulary-2026-08-07@a32d132-mslnfix
P35613,surface,active,BASI_HUMAN,false,,2026-08-06,2004-08-31,188,188,vocabulary,,,,,,,v2-ruled-vocabulary-2026-08-07@a32d132-mslnfix
P82251,surface,active,BAT1_HUMAN,false,,2026-08-06,2000-05-01,28,28,vocabulary,,,,,,,v2-ruled-vocabulary-2026-08-07@a32d132-mslnfix
P50895,surface,active,BCAM_HUMAN,false,,2026-08-06,2006-03-07,516,516,vocabulary,,,,,,,v2-ruled-vocabulary-2026-08-07@a32d132-mslnfix
Q8NFU1,surface,active,BEST2_HUMAN,false,,2026-08-06,2002-10-01,19,19,vocabulary,,,,,,,v2-ruled-vocabulary-2026-08-07@a32d132-mslnfix
Q8NFU0,surface,active,BEST4_HUMAN,false,,2026-08-06,2002-10-01,34,34,vocabulary,,,,,,,v2-ruled-vocabulary-2026-08-07@a32d132-mslnfix
P46663,surface,active,BKRB1_HUMAN,false,,2026-08-06,2006-01-10,40,40,vocabulary,,,,,,,v2-ruled-vocabulary-2026-08-07@a32d132-mslnfix
P30411,surface,active,BKRB2_HUMAN,false,,2026-08-06,1997-11-01,60,60,vocabulary,,,,,,,v2-ruled-vocabulary-2026-08-07@a32d132-mslnfix
Q13873,surface,active,BMPR2_HUMAN,false,,2026-08-06,2000-12-01,124,124,vocabulary,,,,,,,v2-ruled-vocabulary-2026-08-07@a32d132-mslnfix
P36894,surface,active,BMR1A_HUMAN,false,,2026-08-06,2005-03-15,129,129,vocabulary,,,,,,,v2-ruled-vocabulary-2026-08-07@a32d132-mslnfix
Q9BWV1,surface,active,BOC_HUMAN,false,,2026-08-06,2001-06-01,825,825,vocabulary,,,,,,,v2-ruled-vocabulary-2026-08-07@a32d132-mslnfix
P32247,surface,active,BRS3_HUMAN,false,,2026-08-06,1993-10-01,41,41,vocabulary,,,,,,,v2-ruled-vocabulary-2026-08-07@a32d132-mslnfix
Q10588,surface,active,BST1_HUMAN,false,,2026-08-06,2006-10-17,,260,gpi_rule_A,,,,,,,v2-ruled-vocabulary-2026-08-07@a32d132-mslnfix
Q10589,surface,active,BST2_HUMAN,false,,2026-08-06,1996-10-01,113,113,vocabulary,,,,,,,v2-ruled-vocabulary-2026-08-07@a32d132-mslnfix
Q13410,surface,active,BT1A1_HUMAN,false,,2026-08-06,2011-01-11,216,216,vocabulary,,,,,,,v2-ruled-vocabulary-2026-08-07@a32d132-mslnfix
Q7KYR7,surface,active,BT2A1_HUMAN,false,,2026-08-06,2008-11-25,220,220,vocabulary,,,,,,,v2-ruled-vocabulary-2026-08-07@a32d132-mslnfix
Q8WVV5,surface,active,BT2A2_HUMAN,false,,2026-08-06,2005-02-01,233,233,vocabulary,,,,,,,v2-ruled-vocabulary-2026-08-07@a32d132-mslnfix
Q96KV6,surface,active,BT2A3_HUMAN,false,,2026-08-06,2007-07-10,219,219,vocabulary,,,,,,,v2-ruled-vocabulary-2026-08-07@a32d132-mslnfix
O00481,surface,active,BT3A1_HUMAN,false,,2026-08-06,2006-10-31,225,225,vocabulary,,,,,,,v2-ruled-vocabulary-2026-08-07@a32d132-mslnfix
P78410,surface,active,BT3A2_HUMAN,false,,2026-08-06,2005-02-01,219,219,vocabulary,,,,,,,v2-ruled-vocabulary-2026-08-07@a32d132-mslnfix
O00478,surface,active,BT3A3_HUMAN,false,,2026-08-06,1997-07-01,219,219,vocabulary,,,,,,,v2-ruled-vocabulary-2026-08-07@a32d132-mslnfix
P35070,surface,active,BTC_HUMAN,false,,2026-08-06,1994-02-01,87,87,vocabulary,,,,,,,v2-ruled-vocabulary-2026-08-07@a32d132-mslnfix
Q7Z6A9,surface,active,BTLA_HUMAN,false,,2026-08-06,2010-05-18,127,127,vocabulary,,,,,,,v2-ruled-vocabulary-2026-08-07@a32d132-mslnfix
Q6UXE8,surface,active,BTNL3_HUMAN,false,,2026-08-06,2010-05-18,220,220,vocabulary,,,,,,,v2-ruled-vocabulary-2026-08-07@a32d132-mslnfix
Q6UXG8,surface,active,BTNL9_HUMAN,false,,2026-08-06,2004-07-05,222,222,vocabulary,,,,,,,v2-ruled-vocabulary-2026-08-07@a32d132-mslnfix
A8MVZ5,surface,active,BTNLA_HUMAN,false,,2026-08-06,2012-05-16,228,228,vocabulary,,,,,,,v2-ruled-vocabulary-2026-08-07@a32d132-mslnfix
O95971,surface,active,BY55_HUMAN,false,,2026-08-06,1999-05-01,,134,gpi_rule_A,,,,,,,v2-ruled-vocabulary-2026-08-07@a32d132-mslnfix
Q86VB7,surface,active,C163A_HUMAN,false,,2026-08-06,2010-11-30,1009,1009,vocabulary,,,,,,,v2-ruled-vocabulary-2026-08-07@a32d132-mslnfix
Q9NR16,surface,active,C163B_HUMAN,false,,2026-08-06,2010-05-18,1319,1319,vocabulary,,,,,,,v2-ruled-vocabulary-2026-08-07@a32d132-mslnfix
Q6UWJ8,surface,active,C16L2_HUMAN,false,,2026-08-06,2018-09-12,112,112,vocabulary,,,,,,,v2-ruled-vocabulary-2026-08-07@a32d132-mslnfix
Q9NPY3,surface,active,C1QR1_HUMAN,false,,2026-08-06,2002-07-11,557,557,vocabulary,,,,,,,v2-ruled-vocabulary-2026-08-07@a32d132-mslnfix
Q16581,surface,active,C3AR_HUMAN,false,,2026-08-06,2003-10-03,172,172,vocabulary,,,,,,,v2-ruled-vocabulary-2026-08-07@a32d132-mslnfix
P21730,surface,active,C5AR1_HUMAN,false,,2026-08-06,2010-11-02,37,37,vocabulary,,,,,,,v2-ruled-vocabulary-2026-08-07@a32d132-mslnfix
Q9P296,surface,active,C5AR2_HUMAN,false,,2026-08-06,2000-10-01,38,38,vocabulary,,,,,,,v2-ruled-vocabulary-2026-08-07@a32d132-mslnfix
Q5SY80,surface,active,CA101_HUMAN,false,,2026-08-06,2004-12-21,884,884,vocabulary,,,,,,,v2-ruled-vocabulary-2026-08-07@a32d132-mslnfix
Q96HA4,surface,active,CA159_HUMAN,false,,2026-08-06,2006-10-31,,,,no_extracellular_span,"no topological domain with an accepted description, and no GPI anchor",,,,,v2-ruled-vocabulary-2026-08-07@a32d132-mslnfix
F2Z333,surface,active,CA233_HUMAN,false,,2026-08-06,2011-05-31,162,162,vocabulary,,,,,,,v2-ruled-vocabulary-2026-08-07@a32d132-mslnfix
Q13936,surface,active,CAC1C_HUMAN,false,,2026-08-06,2010-10-05,60,60,vocabulary,,,,,,,v2-ruled-vocabulary-2026-08-07@a32d132-mslnfix
O43497,surface,active,CAC1G_HUMAN,false,,2026-08-06,2000-12-01,136,136,vocabulary,,,,,,,v2-ruled-vocabulary-2026-08-07@a32d132-mslnfix
Q9P0X4,surface,active,CAC1I_HUMAN,false,,2026-08-06,2000-10-01,145,145,vocabulary,,,,,,,v2-ruled-vocabulary-2026-08-07@a32d132-mslnfix
Q9Y6N8,surface,active,CAD10_HUMAN,false,,2026-08-06,2006-10-17,559,559,vocabulary,,,,,,,v2-ruled-vocabulary-2026-08-07@a32d132-mslnfix
P55287,surface,active,CAD11_HUMAN,false,,2026-08-06,2007-05-01,564,564,vocabulary,,,,,,,v2-ruled-vocabulary-2026-08-07@a32d132-mslnfix
P55289,surface,active,CAD12_HUMAN,false,,2026-08-06,2007-08-21,555,555,vocabulary,,,,,,,v2-ruled-vocabulary-2026-08-07@a32d132-mslnfix
P55290,surface,active,CAD13_HUMAN,false,,2026-08-06,1996-10-01,,554,gpi_rule_A,,,,,,,v2-ruled-vocabulary-2026-08-07@a32d132-mslnfix
P55291,surface,active,CAD15_HUMAN,false,,2026-08-06,1996-10-01,546,546,vocabulary,,,,,,,v2-ruled-vocabulary-2026-08-07@a32d132-mslnfix
O75309,surface,active,CAD16_HUMAN,false,,2026-08-06,1998-11-01,768,768,vocabulary,,,,,,,v2-ruled-vocabulary-2026-08-07@a32d132-mslnfix
Q12864,surface,active,CAD17_HUMAN,false,,2026-08-06,2010-10-05,765,765,vocabulary,,,,,,,v2-ruled-vocabulary-2026-08-07@a32d132-mslnfix
Q13634,surface,active,CAD18_HUMAN,false,,2026-08-06,1996-11-01,555,555,vocabulary,,,,,,,v2-ruled-vocabulary-2026-08-07@a32d132-mslnfix
Q9H159,surface,active,CAD19_HUMAN,false,,2026-08-06,2001-03-01,553,553,vocabulary,,,,,,,v2-ruled-vocabulary-2026-08-07@a32d132-mslnfix
Q9HBT6,surface,active,CAD20_HUMAN,false,,2026-08-06,2008-02-26,560,560,vocabulary,,,,,,,v2-ruled-vocabulary-2026-08-07@a32d132-mslnfix
Q9UJ99,surface,active,CAD22_HUMAN,false,,2026-08-06,2001-03-01,589,589,vocabulary,,,,,,,v2-ruled-vocabulary-2026-08-07@a32d132-mslnfix
Q9H251,surface,active,CAD23_HUMAN,false,,2026-08-06,2012-10-03,3041,3041,vocabulary,,,,,,,v2-ruled-vocabulary-2026-08-07@a32d132-mslnfix
Q86UP0,surface,active,CAD24_HUMAN,false,,2026-08-06,2003-06-01,597,597,vocabulary,,,,,,,v2-ruled-vocabulary-2026-08-07@a32d132-mslnfix
Q8IXH8,surface,active,CAD26_HUMAN,false,,2026-08-06,2018-09-12,587,587,vocabulary,,,,,,,v2-ruled-vocabulary-2026-08-07@a32d132-mslnfix
P12830,surface,active,CADH1_HUMAN,false,,2026-08-06,1993-07-01,555,555,vocabulary,,,,,,,v2-ruled-vocabulary-2026-08-07@a32d132-mslnfix
P19022,surface,active,CADH2_HUMAN,false,,2026-08-06,2006-10-17,565,565,vocabulary,,,,,,,v2-ruled-vocabulary-2026-08-07@a32d132-mslnfix
P22223,surface,active,CADH3_HUMAN,false,,2026-08-06,2007-05-01,547,547,vocabulary,,,,,,,v2-ruled-vocabulary-2026-08-07@a32d132-mslnfix
P55283,surface,active,CADH4_HUMAN,false,,2026-08-06,2005-11-08,565,565,vocabulary,,,,,,,v2-ruled-vocabulary-2026-08-07@a32d132-mslnfix
P33151,surface,active,CADH5_HUMAN,false,,2026-08-06,2011-02-08,552,552,vocabulary,,,,,,,v2-ruled-vocabulary-2026-08-07@a32d132-mslnfix
P55285,surface,active,CADH6_HUMAN,false,,2026-08-06,1996-10-01,562,562,vocabulary,,,,,,,v2-ruled-vocabulary-2026-08-07@a32d132-mslnfix
Q9ULB5,surface,active,CADH7_HUMAN,false,,2026-08-06,2010-05-18,580,580,vocabulary,,,,,,,v2-ruled-vocabulary-2026-08-07@a32d132-mslnfix
P55286,surface,active,CADH8_HUMAN,false,,2026-08-06,2001-04-27,560,560,vocabulary,,,,,,,v2-ruled-vocabulary-2026-08-07@a32d132-mslnfix
Q9ULB4,surface,active,CADH9_HUMAN,false,,2026-08-06,2006-12-12,562,562,vocabulary,,,,,,,v2-ruled-vocabulary-2026-08-07@a32d132-mslnfix
Q9BY67,surface,active,CADM1_HUMAN,false,,2026-08-06,2007-06-26,330,330,vocabulary,,,,,,,v2-ruled-vocabulary-2026-08-07@a32d132-mslnfix
Q8N3J6,surface,active,CADM2_HUMAN,false,,2026-08-06,2002-10-01,343,343,vocabulary,,,,,,,v2-ruled-vocabulary-2026-08-07@a32d132-mslnfix
Q8N126,surface,active,CADM3_HUMAN,false,,2026-08-06,2002-10-01,306,306,vocabulary,,,,,,,v2-ruled-vocabulary-2026-08-07@a32d132-mslnfix
Q8NFZ8,surface,active,CADM4_HUMAN,false,,2026-08-06,2002-10-01,304,304,vocabulary,,,,,,,v2-ruled-vocabulary-2026-08-07@a32d132-mslnfix
O43570,surface,active,CAH12_HUMAN,false,,2026-08-06,1998-06-01,277,277,vocabulary,,,,,,,v2-ruled-vocabulary-2026-08-07@a32d132-mslnfix
Q9ULX7,surface,active,CAH14_HUMAN,false,,2026-08-06,2000-05-01,275,275,vocabulary,,,,,,,v2-ruled-vocabulary-2026-08-07@a32d132-mslnfix
P22748,surface,active,CAH4_HUMAN,false,,2026-08-06,1992-08-01,,265,gpi_rule_A,,,,,,,v2-ruled-vocabulary-2026-08-07@a32d132-mslnfix
Q5VU97,surface,active,CAHD1_HUMAN,false,,2026-08-06,2007-09-11,1060,1060,vocabulary,,,,,,,v2-ruled-vocabulary-2026-08-07@a32d132-mslnfix
Q9HA72,surface,active,CAHM2_HUMAN,false,,2026-08-06,2001-03-01,47,47,vocabulary,,,,,,,v2-ruled-vocabulary-2026-08-07@a32d132-mslnfix
P30988,surface,active,CALCR_HUMAN,false,,2026-08-06,2022-10-12,122,122,vocabulary,,,,,,,v2-ruled-vocabulary-2026-08-07@a32d132-mslnfix
Q16602,surface,active,CALRL_HUMAN,false,,2026-08-06,2022-02-23,117,117,vocabulary,,,,,,,v2-ruled-vocabulary-2026-08-07@a32d132-mslnfix
Q9NYX4,surface,active,CALY_HUMAN,false,,2026-08-06,2000-10-01,87,87,vocabulary,,,,,,,v2-ruled-vocabulary-2026-08-07@a32d132-mslnfix
Q96PB1,surface,active,CASD1_HUMAN,false,,2026-08-06,2001-12-01,,274,vocabulary,,,,,,,v2-ruled-vocabulary-2026-08-07@a32d132-mslnfix
P41180,surface,active,CASR_HUMAN,false,,2026-08-06,2017-05-10,591,591,vocabulary,,,,,,,v2-ruled-vocabulary-2026-08-07@a32d132-mslnfix
O75976,surface,active,CBPD_HUMAN,false,,2026-08-06,2006-10-03,1268,1268,vocabulary,,,,,,,v2-ruled-vocabulary-2026-08-07@a32d132-mslnfix
P14384,surface,active,CBPM_HUMAN,false,,2026-08-06,2001-07-11,,405,gpi_rule_A,,,,,,,v2-ruled-vocabulary-2026-08-07@a32d132-mslnfix
F5H4A9,surface,active,CC080_HUMAN,false,,2026-08-06,2011-06-28,,,,no_extracellular_span,"no topological domain with an accepted description, and no GPI anchor",,,,,v2-ruled-vocabulary-2026-08-07@a32d132-mslnfix
Q9NV96,surface,active,CC50A_HUMAN,false,,2026-08-06,2000-10-01,,255,vocabulary,,,,,,,v2-ruled-vocabulary-2026-08-07@a32d132-mslnfix
A0ZSE6,surface,active,CC50C_HUMAN,false,,2026-08-06,2007-06-26,58,58,vocabulary,,,,,,,v2-ruled-vocabulary-2026-08-07@a32d132-mslnfix
Q06432,surface,active,CCG1_HUMAN,false,,2026-08-06,1995-11-01,79,79,vocabulary,,,,,,,v2-ruled-vocabulary-2026-08-07@a32d132-mslnfix
Q9Y698,surface,active,CCG2_HUMAN,false,,2026-08-06,1999-11-01,,,,no_extracellular_span,"no topological domain with an accepted description, and no GPI anchor",,,,,v2-ruled-vocabulary-2026-08-07@a32d132-mslnfix
O60359,surface,active,CCG3_HUMAN,false,,2026-08-06,1998-08-01,,,,no_extracellular_span,"no topological domain with an accepted description, and no GPI anchor",,,,,v2-ruled-vocabulary-2026-08-07@a32d132-mslnfix
Q9UBN1,surface,active,CCG4_HUMAN,false,,2026-08-06,2000-05-01,77,77,vocabulary,,,,,,,v2-ruled-vocabulary-2026-08-07@a32d132-mslnfix
Q9UF02,surface,active,CCG5_HUMAN,false,,2026-08-06,2002-05-10,,,,no_extracellular_span,"no topological domain with an accepted description, and no GPI anchor",,,,,v2-ruled-vocabulary-2026-08-07@a32d132-mslnfix
Q9BXT2,surface,active,CCG6_HUMAN,false,,2026-08-06,2001-06-01,,,,no_extracellular_span,"no topological domain with an accepted description, and no GPI anchor",,,,,v2-ruled-vocabulary-2026-08-07@a32d132-mslnfix
P62955,surface,active,CCG7_HUMAN,false,,2026-08-06,2004-08-31,,,,no_extracellular_span,"no topological domain with an accepted description, and no GPI anchor",,,,,v2-ruled-vocabulary-2026-08-07@a32d132-mslnfix
Q8WXS5,surface,active,CCG8_HUMAN,false,,2026-08-06,2010-11-30,,,,no_extracellular_span,"no topological domain with an accepted description, and no GPI anchor",,,,,v2-ruled-vocabulary-2026-08-07@a32d132-mslnfix
Q8WXS4,surface,active,CCGL_HUMAN,false,,2026-08-06,2010-05-18,,,,no_extracellular_span,"no topological domain with an accepted description, and no GPI anchor",,,,,v2-ruled-vocabulary-2026-08-07@a32d132-mslnfix
P32238,surface,active,CCKAR_HUMAN,false,,2026-08-06,1993-10-01,41,41,vocabulary,,,,,,,v2-ruled-vocabulary-2026-08-07@a32d132-mslnfix
P46092,surface,active,CCR10_HUMAN,false,,2026-08-06,2005-03-29,52,52,vocabulary,,,,,,,v2-ruled-vocabulary-2026-08-07@a32d132-mslnfix
P32246,surface,active,CCR1_HUMAN,false,,2026-08-06,1993-10-01,34,34,vocabulary,,,,,,,v2-ruled-vocabulary-2026-08-07@a32d132-mslnfix
P41597,surface,active,CCR2_HUMAN,false,,2026-08-06,1995-11-01,42,42,vocabulary,,,,,,,v2-ruled-vocabulary-2026-08-07@a32d132-mslnfix
P51677,surface,active,CCR3_HUMAN,false,,2026-08-06,1996-10-01,34,34,vocabulary,,,,,,,v2-ruled-vocabulary-2026-08-07@a32d132-mslnfix
P51679,surface,active,CCR4_HUMAN,false,,2026-08-06,1996-10-01,39,39,vocabulary,,,,,,,v2-ruled-vocabulary-2026-08-07@a32d132-mslnfix
P51681,surface,active,CCR5_HUMAN,false,,2026-08-06,1996-10-01,32,32,vocabulary,,,,,,,v2-ruled-vocabulary-2026-08-07@a32d132-mslnfix
P51684,surface,active,CCR6_HUMAN,false,,2026-08-06,1998-07-15,47,47,vocabulary,,,,,,,v2-ruled-vocabulary-2026-08-07@a32d132-mslnfix
P32248,surface,active,CCR7_HUMAN,false,,2026-08-06,1996-02-01,35,35,vocabulary,,,,,,,v2-ruled-vocabulary-2026-08-07@a32d132-mslnfix
P51685,surface,active,CCR8_HUMAN,false,,2026-08-06,1996-10-01,35,35,vocabulary,,,,,,,v2-ruled-vocabulary-2026-08-07@a32d132-mslnfix
P51686,surface,active,CCR9_HUMAN,false,,2026-08-06,2006-09-05,48,48,vocabulary,,,,,,,v2-ruled-vocabulary-2026-08-07@a32d132-mslnfix
O00421,surface,active,CCRL2_HUMAN,false,,2026-08-06,2006-05-30,43,43,vocabulary,,,,,,,v2-ruled-vocabulary-2026-08-07@a32d132-mslnfix
Q6YHK3,surface,active,CD109_HUMAN,false,,2026-08-06,2006-10-31,,1398,gpi_rule_A,,,,,,,v2-ruled-vocabulary-2026-08-07@a32d132-mslnfix
P08571,surface,active,CD14_HUMAN,false,,2026-08-06,2002-03-27,,325,gpi_rule_A,,,,,,chain_end_exceeds_anchor,v2-ruled-vocabulary-2026-08-07@a32d132-mslnfix
P48509,surface,active,CD151_HUMAN,false,,2026-08-06,2006-01-24,109,109,vocabulary,,,,,,,v2-ruled-vocabulary-2026-08-07@a32d132-mslnfix
Q13740,surface,active,CD166_HUMAN,false,,2026-08-06,2006-11-28,500,500,vocabulary,,,,,,,v2-ruled-vocabulary-2026-08-07@a32d132-mslnfix
Q8N6Q3,surface,active,CD177_HUMAN,false,,2026-08-06,2006-04-04,,386,gpi_rule_A,,,,,,,v2-ruled-vocabulary-2026-08-07@a32d132-mslnfix
Q99467,surface,active,CD180_HUMAN,false,,2026-08-06,2010-05-18,603,603,vocabulary,,,,,,,v2-ruled-vocabulary-2026-08-07@a32d132-mslnfix
P15391,surface,active,CD19_HUMAN,false,,2026-08-06,2007-11-13,272,272,vocabulary,,,,,,,v2-ruled-vocabulary-2026-08-07@a32d132-mslnfix
P06126,surface,active,CD1A_HUMAN,false,,2026-08-06,2010-02-09,284,284,vocabulary,,,,,,,v2-ruled-vocabulary-2026-08-07@a32d132-mslnfix
P29016,surface,active,CD1B_HUMAN,false,,2026-08-06,1992-12-01,286,286,vocabulary,,,,,,,v2-ruled-vocabulary-2026-08-07@a32d132-mslnfix
P29017,surface,active,CD1C_HUMAN,false,,2026-08-06,2007-04-03,285,285,vocabulary,,,,,,,v2-ruled-vocabulary-2026-08-07@a32d132-mslnfix
P15813,surface,active,CD1D_HUMAN,false,,2026-08-06,1990-04-01,282,282,vocabulary,,,,,,,v2-ruled-vocabulary-2026-08-07@a32d132-mslnfix
P15812,surface,active,CD1E_HUMAN,false,,2026-08-06,2009-07-28,,,,no_extracellular_span,"no topological domain with an accepted description, and no GPI anchor",,,,,v2-ruled-vocabulary-2026-08-07@a32d132-mslnfix
P11836,surface,active,CD20_HUMAN,false,,2026-08-06,1989-10-01,47,47,vocabulary,,,,,,,v2-ruled-vocabulary-2026-08-07@a32d132-mslnfix
Q15762,surface,active,CD226_HUMAN,false,,2026-08-06,2011-01-11,236,236,vocabulary,,,,,,,v2-ruled-vocabulary-2026-08-07@a32d132-mslnfix
P20273,surface,active,CD22_HUMAN,false,,2026-08-06,1999-07-15,668,668,vocabulary,,,,,,,v2-ruled-vocabulary-2026-08-07@a32d132-mslnfix
Q9BZW8,surface,active,CD244_HUMAN,false,,2026-08-06,2004-05-24,208,208,vocabulary,,,,,,,v2-ruled-vocabulary-2026-08-07@a32d132-mslnfix
Q9HCU0,surface,active,CD248_HUMAN,false,,2026-08-06,2001-03-01,670,670,vocabulary,,,,,,,v2-ruled-vocabulary-2026-08-07@a32d132-mslnfix
P25063,surface,active,CD24_HUMAN,false,,2026-08-06,2018-03-28,,,,absent_with_reason,gpi_chain_unannotated,,,,,v2-ruled-vocabulary-2026-08-07@a32d132-mslnfix
Q5ZPR3,surface,active,CD276_HUMAN,false,,2026-08-06,2004-11-23,438,438,vocabulary,,,,,,,v2-ruled-vocabulary-2026-08-07@a32d132-mslnfix
P26842,surface,active,CD27_HUMAN,false,,2026-08-06,2009-11-24,172,172,vocabulary,,,,,,,v2-ruled-vocabulary-2026-08-07@a32d132-mslnfix
P10747,surface,active,CD28_HUMAN,false,,2026-08-06,1989-07-01,134,134,vocabulary,,,,,,,v2-ruled-vocabulary-2026-08-07@a32d132-mslnfix
P06729,surface,active,CD2_HUMAN,false,,2026-08-06,2007-10-23,185,185,vocabulary,,,,,,,v2-ruled-vocabulary-2026-08-07@a32d132-mslnfix
Q8IX05,surface,active,CD302_HUMAN,false,,2026-08-06,2003-03-01,146,146,vocabulary,,,,,,,v2-ruled-vocabulary-2026-08-07@a32d132-mslnfix
Q9NPF0,surface,active,CD320_HUMAN,false,,2026-08-06,2000-10-01,194,194,vocabulary,,,,,,,v2-ruled-vocabulary-2026-08-07@a32d132-mslnfix
P20138,surface,active,CD33_HUMAN,false,,2026-08-06,2006-10-17,242,242,vocabulary,,,,,,,v2-ruled-vocabulary-2026-08-07@a32d132-mslnfix
P28906,surface,active,CD34_HUMAN,false,,2026-08-06,1998-07-15,259,259,vocabulary,,,,,,,v2-ruled-vocabulary-2026-08-07@a32d132-mslnfix
P16671,surface,active,CD36_HUMAN,false,,2026-08-06,2007-01-23,410,410,vocabulary,,,,,,,v2-ruled-vocabulary-2026-08-07@a32d132-mslnfix
P11049,surface,active,CD37_HUMAN,false,,2026-08-06,1990-11-01,130,130,vocabulary,,,,,,,v2-ruled-vocabulary-2026-08-07@a32d132-mslnfix
P28907,surface,active,CD38_HUMAN,false,,2026-08-06,2004-11-23,258,258,vocabulary,,,,,,,v2-ruled-vocabulary-2026-08-07@a32d132-mslnfix
P04234,surface,active,CD3D_HUMAN,false,,2026-08-06,1987-03-20,84,84,vocabulary,,,,,,,v2-ruled-vocabulary-2026-08-07@a32d132-mslnfix
P09693,surface,active,CD3G_HUMAN,false,,2026-08-06,1989-07-01,94,94,vocabulary,,,,,,,v2-ruled-vocabulary-2026-08-07@a32d132-mslnfix
P29965,surface,active,CD40L_HUMAN,false,,2026-08-06,1993-04-01,215,215,vocabulary,,,,,,,v2-ruled-vocabulary-2026-08-07@a32d132-mslnfix
P16070,surface,active,CD44_HUMAN,false,,2026-08-06,2010-10-05,629,629,vocabulary,,,,,,,v2-ruled-vocabulary-2026-08-07@a32d132-mslnfix
Q08722,surface,active,CD47_HUMAN,false,,2026-08-06,1995-11-01,123,123,vocabulary,,,,,,,v2-ruled-vocabulary-2026-08-07@a32d132-mslnfix
P09326,surface,active,CD48_HUMAN,false,,2026-08-06,1991-11-01,,193,gpi_rule_A,,,,,,,v2-ruled-vocabulary-2026-08-07@a32d132-mslnfix
P01730,surface,active,CD4_HUMAN,false,,2026-08-06,1988-11-01,371,371,vocabulary,,,,,,,v2-ruled-vocabulary-2026-08-07@a32d132-mslnfix
P31358,surface,active,CD52_HUMAN,false,,2026-08-06,1993-07-01,,,,absent_with_reason,gpi_chain_unannotated,,,,,v2-ruled-vocabulary-2026-08-07@a32d132-mslnfix
P19397,surface,active,CD53_HUMAN,false,,2026-08-06,1990-11-01,75,75,vocabulary,,,,,,,v2-ruled-vocabulary-2026-08-07@a32d132-mslnfix
P13987,surface,active,CD59_HUMAN,false,,2026-08-06,1990-01-01,,76,gpi_rule_A,,,,,,,v2-ruled-vocabulary-2026-08-07@a32d132-mslnfix
P06127,surface,active,CD5_HUMAN,false,,2026-08-06,2010-11-30,348,348,vocabulary,,,,,,,v2-ruled-vocabulary-2026-08-07@a32d132-mslnfix
P08962,surface,active,CD63_HUMAN,false,,2026-08-06,2007-01-23,101,101,vocabulary,,,,,,,v2-ruled-vocabulary-2026-08-07@a32d132-mslnfix
P34810,surface,active,CD68_HUMAN,false,,2026-08-06,2007-05-15,298,298,vocabulary,,,,,,,v2-ruled-vocabulary-2026-08-07@a32d132-mslnfix
Q07108,surface,active,CD69_HUMAN,false,,2026-08-06,1994-10-01,138,138,vocabulary,,,,,,,v2-ruled-vocabulary-2026-08-07@a32d132-mslnfix
P30203,surface,active,CD6_HUMAN,false,,2026-08-06,2009-12-15,385,385,vocabulary,,,,,,,v2-ruled-vocabulary-2026-08-07@a32d132-mslnfix
P32970,surface,active,CD70_HUMAN,false,,2026-08-06,2002-06-06,155,155,vocabulary,,,,,,,v2-ruled-vocabulary-2026-08-07@a32d132-mslnfix
P11912,surface,active,CD79A_HUMAN,false,,2026-08-06,1994-06-01,111,111,vocabulary,,,,,,,v2-ruled-vocabulary-2026-08-07@a32d132-mslnfix
P40259,surface,active,CD79B_HUMAN,false,,2026-08-06,1995-02-01,131,131,vocabulary,,,,,,,v2-ruled-vocabulary-2026-08-07@a32d132-mslnfix
P09564,surface,active,CD7_HUMAN,false,,2026-08-06,1989-07-01,155,155,vocabulary,,,,,,,v2-ruled-vocabulary-2026-08-07@a32d132-mslnfix
P33681,surface,active,CD80_HUMAN,false,,2026-08-06,1994-02-01,208,208,vocabulary,,,,,,,v2-ruled-vocabulary-2026-08-07@a32d132-mslnfix
P27701,surface,active,CD82_HUMAN,false,,2026-08-06,1992-08-01,118,118,vocabulary,,,,,,,v2-ruled-vocabulary-2026-08-07@a32d132-mslnfix
Q01151,surface,active,CD83_HUMAN,false,,2026-08-06,1993-04-01,125,125,vocabulary,,,,,,,v2-ruled-vocabulary-2026-08-07@a32d132-mslnfix
P42081,surface,active,CD86_HUMAN,false,,2026-08-06,2011-01-11,224,224,vocabulary,,,,,,,v2-ruled-vocabulary-2026-08-07@a32d132-mslnfix
P01732,surface,active,CD8A_HUMAN,false,,2026-08-06,1986-07-21,161,161,vocabulary,,,,,,,v2-ruled-vocabulary-2026-08-07@a32d132-mslnfix
A6NJW9,surface,active,CD8BL_HUMAN,false,,2026-08-06,2019-07-31,152,152,vocabulary,,,,,,,v2-ruled-vocabulary-2026-08-07@a32d132-mslnfix
P10966,surface,active,CD8B_HUMAN,false,,2026-08-06,1989-07-01,149,149,vocabulary,,,,,,,v2-ruled-vocabulary-2026-08-07@a32d132-mslnfix
P48960,surface,active,CD97_HUMAN,false,,2026-08-06,2006-03-21,532,532,vocabulary,,,,,,,v2-ruled-vocabulary-2026-08-07@a32d132-mslnfix
P21926,surface,active,CD9_HUMAN,false,,2026-08-06,2007-01-23,84,84,vocabulary,,,,,,,v2-ruled-vocabulary-2026-08-07@a32d132-mslnfix
Q9H5V8,surface,active,CDCP1_HUMAN,false,,2026-08-06,2011-01-11,638,638,vocabulary,,,,,,,v2-ruled-vocabulary-2026-08-07@a32d132-mslnfix
Q96JP9,surface,active,CDHR1_HUMAN,false,,2026-08-06,2008-02-05,681,681,vocabulary,,,,,,,v2-ruled-vocabulary-2026-08-07@a32d132-mslnfix
Q9BYE9,surface,active,CDHR2_HUMAN,false,,2026-08-06,2008-10-14,1134,1134,vocabulary,,,,,,,v2-ruled-vocabulary-2026-08-07@a32d132-mslnfix
Q6ZTQ4,surface,active,CDHR3_HUMAN,false,,2026-08-06,2004-07-05,694,694,vocabulary,,,,,,,v2-ruled-vocabulary-2026-08-07@a32d132-mslnfix
A6H8M9,surface,active,CDHR4_HUMAN,false,,2026-08-06,2007-07-24,670,670,vocabulary,,,,,,,v2-ruled-vocabulary-2026-08-07@a32d132-mslnfix
Q9HBB8,surface,active,CDHR5_HUMAN,false,,2026-08-06,2010-05-18,644,644,vocabulary,,,,,,,v2-ruled-vocabulary-2026-08-07@a32d132-mslnfix
Q4KMG0,surface,active,CDON_HUMAN,false,,2026-08-06,2010-10-05,938,938,vocabulary,,,,,,,v2-ruled-vocabulary-2026-08-07@a32d132-mslnfix
Q7Z692,surface,active,CEA19_HUMAN,false,,2026-08-06,2004-07-05,125,125,vocabulary,,,,,,,v2-ruled-vocabulary-2026-08-07@a32d132-mslnfix
Q6UY09,surface,active,CEA20_HUMAN,false,,2026-08-06,2018-03-28,420,420,vocabulary,,,,,,,v2-ruled-vocabulary-2026-08-07@a32d132-mslnfix
Q3KPI0,surface,active,CEA21_HUMAN,false,,2026-08-06,2022-02-23,206,206,vocabulary,,,,,,,v2-ruled-vocabulary-2026-08-07@a32d132-mslnfix
P13688,surface,active,CEAM1_HUMAN,false,,2026-08-06,1993-07-01,394,394,vocabulary,,,,,,,v2-ruled-vocabulary-2026-08-07@a32d132-mslnfix
P40198,surface,active,CEAM3_HUMAN,false,,2026-08-06,2008-12-16,121,121,vocabulary,,,,,,,v2-ruled-vocabulary-2026-08-07@a32d132-mslnfix
O75871,surface,active,CEAM4_HUMAN,false,,2026-08-06,1999-08-01,120,120,vocabulary,,,,,,,v2-ruled-vocabulary-2026-08-07@a32d132-mslnfix
P06731,surface,active,CEAM5_HUMAN,false,,2026-08-06,2022-02-23,,,,absent_with_reason,gpi_mature_chain_ambiguous,,,,chain_end_exceeds_anchor,v2-ruled-vocabulary-2026-08-07@a32d132-mslnfix
P40199,surface,active,CEAM6_HUMAN,false,,2026-08-06,2022-02-23,,285,gpi_rule_A,,,,,,,v2-ruled-vocabulary-2026-08-07@a32d132-mslnfix
Q14002,surface,active,CEAM7_HUMAN,false,,2026-08-06,2022-02-23,,206,gpi_rule_A,,,,,,,v2-ruled-vocabulary-2026-08-07@a32d132-mslnfix
P31997,surface,active,CEAM8_HUMAN,false,,2026-08-06,1999-07-15,,285,gpi_rule_A,,,,,,,v2-ruled-vocabulary-2026-08-07@a32d132-mslnfix
Q9NYQ6,surface,active,CELR1_HUMAN,false,,2026-08-06,2000-10-01,2448,2448,vocabulary,,,,,,,v2-ruled-vocabulary-2026-08-07@a32d132-mslnfix
Q9HCU4,surface,active,CELR2_HUMAN,false,,2026-08-06,2001-03-01,2349,2349,vocabulary,,,,,,,v2-ruled-vocabulary-2026-08-07@a32d132-mslnfix
Q9NYQ7,surface,active,CELR3_HUMAN,false,,2026-08-06,2009-05-05,2508,2508,vocabulary,,,,,,,v2-ruled-vocabulary-2026-08-07@a32d132-mslnfix
P0CG37,surface,active,CFC1_HUMAN,false,,2026-08-06,2010-07-13,,132,gpi_rule_A,,,,,,,v2-ruled-vocabulary-2026-08-07@a32d132-mslnfix
Q16880,surface,active,CGT_HUMAN,false,,2026-08-06,2010-05-18,,,,no_extracellular_span,"no topological domain with an accepted description, and no GPI anchor",,,,,v2-ruled-vocabulary-2026-08-07@a32d132-mslnfix
Q9H9P2,surface,active,CHODL_HUMAN,false,,2026-08-06,2001-10-18,195,195,vocabulary,,,,,,,v2-ruled-vocabulary-2026-08-07@a32d132-mslnfix
Q8WUD6,surface,active,CHPT1_HUMAN,false,,2026-08-06,2002-03-01,,15,vocabulary,,,,,,,v2-ruled-vocabulary-2026-08-07@a32d132-mslnfix
Q96F05,surface,active,CK024_HUMAN,false,,2026-08-06,2007-04-03,380,380,vocabulary,,,,,,,v2-ruled-vocabulary-2026-08-07@a32d132-mslnfix
Q6NUJ2,surface,active,CK087_HUMAN,false,,2026-08-06,2010-05-18,38,38,vocabulary,,,,,,,v2-ruled-vocabulary-2026-08-07@a32d132-mslnfix
Q5QGZ9,surface,active,CL12A_HUMAN,false,,2026-08-06,2010-10-05,201,201,vocabulary,,,,,,,v2-ruled-vocabulary-2026-08-07@a32d132-mslnfix
Q2HXU8,surface,active,CL12B_HUMAN,false,,2026-08-06,2006-03-07,212,212,vocabulary,,,,,,,v2-ruled-vocabulary-2026-08-07@a32d132-mslnfix
Q6ZS10,surface,active,CL17A_HUMAN,false,,2026-08-06,2010-07-13,185,185,vocabulary,,,,,,,v2-ruled-vocabulary-2026-08-07@a32d132-mslnfix
Q86T13,surface,active,CLC14_HUMAN,false,,2026-08-06,2003-06-01,376,376,vocabulary,,,,,,,v2-ruled-vocabulary-2026-08-07@a32d132-mslnfix
Q8NC01,surface,active,CLC1A_HUMAN,false,,2026-08-06,2006-10-17,207,207,vocabulary,,,,,,,v2-ruled-vocabulary-2026-08-07@a32d132-mslnfix
Q9P126,surface,active,CLC1B_HUMAN,false,,2026-08-06,2007-03-06,175,175,vocabulary,,,,,,,v2-ruled-vocabulary-2026-08-07@a32d132-mslnfix
Q9UHP7,surface,active,CLC2D_HUMAN,false,,2026-08-06,2000-05-01,132,132,vocabulary,,,,,,,v2-ruled-vocabulary-2026-08-07@a32d132-mslnfix
Q6UXB4,surface,active,CLC4G_HUMAN,false,,2026-08-06,2004-07-05,241,241,vocabulary,,,,,,,v2-ruled-vocabulary-2026-08-07@a32d132-mslnfix
Q9H2X3,surface,active,CLC4M_HUMAN,false,,2026-08-06,2001-03-01,329,329,vocabulary,,,,,,,v2-ruled-vocabulary-2026-08-07@a32d132-mslnfix
Q9NY25,surface,active,CLC5A_HUMAN,false,,2026-08-06,2000-10-01,161,161,vocabulary,,,,,,,v2-ruled-vocabulary-2026-08-07@a32d132-mslnfix
Q9BXN2,surface,active,CLC7A_HUMAN,false,,2026-08-06,2001-06-01,182,182,vocabulary,,,,,,,v2-ruled-vocabulary-2026-08-07@a32d132-mslnfix
Q6UXN8,surface,active,CLC9A_HUMAN,false,,2026-08-06,2004-07-05,185,185,vocabulary,,,,,,,v2-ruled-vocabulary-2026-08-07@a32d132-mslnfix
Q9UQC9,surface,active,CLCA2_HUMAN,false,,2026-08-06,2008-05-20,870,870,vocabulary,,,,,,,v2-ruled-vocabulary-2026-08-07@a32d132-mslnfix
Q14CN2,surface,active,CLCA4_HUMAN,false,,2026-08-06,2008-07-22,,,,no_extracellular_span,"no topological domain with an accepted description, and no GPI anchor",,,,,v2-ruled-vocabulary-2026-08-07@a32d132-mslnfix
P51801,surface,active,CLCKB_HUMAN,false,,2026-08-06,2010-02-09,,,,no_extracellular_span,"no topological domain with an accepted description, and no GPI anchor",,,,,v2-ruled-vocabulary-2026-08-07@a32d132-mslnfix
P78369,surface,active,CLD10_HUMAN,false,,2026-08-06,1998-08-01,59,59,vocabulary,,,,,,,v2-ruled-vocabulary-2026-08-07@a32d132-mslnfix
O75508,surface,active,CLD11_HUMAN,false,,2026-08-06,2000-05-30,60,60,vocabulary,,,,,,,v2-ruled-vocabulary-2026-08-07@a32d132-mslnfix
P56749,surface,active,CLD12_HUMAN,false,,2026-08-06,2000-05-30,56,56,vocabulary,,,,,,,v2-ruled-vocabulary-2026-08-07@a32d132-mslnfix
P56746,surface,active,CLD15_HUMAN,false,,2026-08-06,2000-05-30,50,50,vocabulary,,,,,,,v2-ruled-vocabulary-2026-08-07@a32d132-mslnfix
Q9Y5I7,surface,active,CLD16_HUMAN,false,,2026-08-06,2022-02-23,55,55,vocabulary,,,,,,,v2-ruled-vocabulary-2026-08-07@a32d132-mslnfix
P56856,surface,active,CLD18_HUMAN,false,,2026-08-06,2000-05-30,53,53,vocabulary,,,,,,,v2-ruled-vocabulary-2026-08-07@a32d132-mslnfix
Q8N6F1,surface,active,CLD19_HUMAN,false,,2026-08-06,2004-05-24,53,53,vocabulary,,,,,,,v2-ruled-vocabulary-2026-08-07@a32d132-mslnfix
O95832,surface,active,CLD1_HUMAN,false,,2026-08-06,1999-05-01,53,53,vocabulary,,,,,,,v2-ruled-vocabulary-2026-08-07@a32d132-mslnfix
P56880,surface,active,CLD20_HUMAN,false,,2026-08-06,2000-05-30,53,53,vocabulary,,,,,,,v2-ruled-vocabulary-2026-08-07@a32d132-mslnfix
Q8N7P3,surface,active,CLD22_HUMAN,false,,2026-08-06,2005-03-29,51,51,vocabulary,,,,,,,v2-ruled-vocabulary-2026-08-07@a32d132-mslnfix
A6NM45,surface,active,CLD24_HUMAN,false,,2026-08-06,2013-06-26,50,50,vocabulary,,,,,,,v2-ruled-vocabulary-2026-08-07@a32d132-mslnfix
P57739,surface,active,CLD2_HUMAN,false,,2026-08-06,2001-01-11,53,53,vocabulary,,,,,,,v2-ruled-vocabulary-2026-08-07@a32d132-mslnfix
O15551,surface,active,CLD3_HUMAN,false,,2026-08-06,1998-01-01,51,51,vocabulary,,,,,,,v2-ruled-vocabulary-2026-08-07@a32d132-mslnfix
O14493,surface,active,CLD4_HUMAN,false,,2026-08-06,1998-01-01,53,53,vocabulary,,,,,,,v2-ruled-vocabulary-2026-08-07@a32d132-mslnfix
P56747,surface,active,CLD6_HUMAN,false,,2026-08-06,2006-03-07,53,53,vocabulary,,,,,,,v2-ruled-vocabulary-2026-08-07@a32d132-mslnfix
O95471,surface,active,CLD7_HUMAN,false,,2026-08-06,2010-11-02,53,53,vocabulary,,,,,,,v2-ruled-vocabulary-2026-08-07@a32d132-mslnfix
P56748,surface,active,CLD8_HUMAN,false,,2026-08-06,2000-05-30,53,53,vocabulary,,,,,,,v2-ruled-vocabulary-2026-08-07@a32d132-mslnfix
O95484,surface,active,CLD9_HUMAN,false,,2026-08-06,1999-05-01,53,53,vocabulary,,,,,,,v2-ruled-vocabulary-2026-08-07@a32d132-mslnfix
Q9NY35,surface,active,CLDN1_HUMAN,false,,2026-08-06,2000-10-01,,,,no_extracellular_span,"no topological domain with an accepted description, and no GPI anchor",,,,,v2-ruled-vocabulary-2026-08-07@a32d132-mslnfix
Q8TDQ1,surface,active,CLM1_HUMAN,false,,2026-08-06,2010-05-18,137,137,vocabulary,,,,,,,v2-ruled-vocabulary-2026-08-07@a32d132-mslnfix
Q496F6,surface,active,CLM2_HUMAN,false,,2026-08-06,2010-05-18,156,156,vocabulary,,,,,,,v2-ruled-vocabulary-2026-08-07@a32d132-mslnfix
Q6UXZ3,surface,active,CLM4_HUMAN,false,,2026-08-06,2004-07-05,147,147,vocabulary,,,,,,,v2-ruled-vocabulary-2026-08-07@a32d132-mslnfix
Q08708,surface,active,CLM6_HUMAN,false,,2026-08-06,1996-10-01,163,163,vocabulary,,,,,,,v2-ruled-vocabulary-2026-08-07@a32d132-mslnfix
Q9UGN4,surface,active,CLM8_HUMAN,false,,2026-08-06,2007-02-20,163,163,vocabulary,,,,,,,v2-ruled-vocabulary-2026-08-07@a32d132-mslnfix
Q6UXG3,surface,active,CLM9_HUMAN,false,,2026-08-06,2010-05-18,229,229,vocabulary,,,,,,,v2-ruled-vocabulary-2026-08-07@a32d132-mslnfix
Q9H6B4,surface,active,CLMP_HUMAN,false,,2026-08-06,2001-03-01,217,217,vocabulary,,,,,,,v2-ruled-vocabulary-2026-08-07@a32d132-mslnfix
Q13286,surface,active,CLN3_HUMAN,false,,2026-08-06,1996-11-01,,69,vocabulary,,,,,,,v2-ruled-vocabulary-2026-08-07@a32d132-mslnfix
P58418,surface,active,CLRN1_HUMAN,false,,2026-08-06,2007-02-06,,,,no_extracellular_span,"no topological domain with an accepted description, and no GPI anchor",,,,,v2-ruled-vocabulary-2026-08-07@a32d132-mslnfix
A0PK11,surface,active,CLRN2_HUMAN,false,,2026-08-06,2007-01-09,,,,no_extracellular_span,"no topological domain with an accepted description, and no GPI anchor",,,,,v2-ruled-vocabulary-2026-08-07@a32d132-mslnfix
Q9Y271,surface,active,CLTR1_HUMAN,false,,2026-08-06,1999-11-01,31,31,vocabulary,,,,,,,v2-ruled-vocabulary-2026-08-07@a32d132-mslnfix
Q9NS75,surface,active,CLTR2_HUMAN,false,,2026-08-06,2000-10-01,42,42,vocabulary,,,,,,,v2-ruled-vocabulary-2026-08-07@a32d132-mslnfix
Q99788,surface,active,CML1_HUMAN,false,,2026-08-06,2001-11-16,48,48,vocabulary,,,,,,,v2-ruled-vocabulary-2026-08-07@a32d132-mslnfix
Q86TY3,surface,active,CN037_HUMAN,false,,2026-08-06,2003-06-01,687,687,vocabulary,,,,,,,v2-ruled-vocabulary-2026-08-07@a32d132-mslnfix
Q9NPU4,surface,active,CN132_HUMAN,false,,2026-08-06,2015-03-04,,,,no_extracellular_span,"no topological domain with an accepted description, and no GPI anchor",,,,,v2-ruled-vocabulary-2026-08-07@a32d132-mslnfix
Q9H8M5,surface,active,CNNM2_HUMAN,false,,2026-08-06,2007-07-24,250,250,vocabulary,,,,,,,v2-ruled-vocabulary-2026-08-07@a32d132-mslnfix
Q8NE01,surface,active,CNNM3_HUMAN,false,,2026-08-06,2002-10-01,,,,no_extracellular_span,"no topological domain with an accepted description, and no GPI anchor",,,,,v2-ruled-vocabulary-2026-08-07@a32d132-mslnfix
Q6P4Q7,surface,active,CNNM4_HUMAN,false,,2026-08-06,2009-03-03,178,178,vocabulary,,,,,,,v2-ruled-vocabulary-2026-08-07@a32d132-mslnfix
P21554,surface,active,CNR1_HUMAN,false,,2026-08-06,1991-05-01,116,116,vocabulary,,,,,,,v2-ruled-vocabulary-2026-08-07@a32d132-mslnfix
P34972,surface,active,CNR2_HUMAN,false,,2026-08-06,1994-02-01,33,33,vocabulary,,,,,,,v2-ruled-vocabulary-2026-08-07@a32d132-mslnfix
Q96NU0,surface,active,CNT3B_HUMAN,false,,2026-08-06,2018-03-28,1220,1220,vocabulary,,,,,,,v2-ruled-vocabulary-2026-08-07@a32d132-mslnfix
P26992,surface,active,CNTFR_HUMAN,false,,2026-08-06,1996-02-01,,319,gpi_rule_A,,,,,,,v2-ruled-vocabulary-2026-08-07@a32d132-mslnfix
Q12860,surface,active,CNTN1_HUMAN,false,,2026-08-06,1996-11-01,,972,gpi_rule_A,,,,,,,v2-ruled-vocabulary-2026-08-07@a32d132-mslnfix
Q02246,surface,active,CNTN2_HUMAN,false,,2026-08-06,1993-07-01,,981,gpi_rule_A,,,,,,,v2-ruled-vocabulary-2026-08-07@a32d132-mslnfix
Q9P232,surface,active,CNTN3_HUMAN,false,,2026-08-06,2010-05-18,,982,gpi_rule_A,,,,,,,v2-ruled-vocabulary-2026-08-07@a32d132-mslnfix
Q8IWV2,surface,active,CNTN4_HUMAN,false,,2026-08-06,2003-03-01,,981,gpi_rule_A,,,,,,,v2-ruled-vocabulary-2026-08-07@a32d132-mslnfix
O94779,surface,active,CNTN5_HUMAN,false,,2026-08-06,1999-11-01,,1053,gpi_rule_A,,,,,,,v2-ruled-vocabulary-2026-08-07@a32d132-mslnfix
Q9UQ52,surface,active,CNTN6_HUMAN,false,,2026-08-06,2000-05-01,,979,gpi_rule_A,,,,,,,v2-ruled-vocabulary-2026-08-07@a32d132-mslnfix
P78357,surface,active,CNTP1_HUMAN,false,,2026-08-06,1997-05-01,1264,1264,vocabulary,,,,,,,v2-ruled-vocabulary-2026-08-07@a32d132-mslnfix
Q9UHC6,surface,active,CNTP2_HUMAN,false,,2026-08-06,2000-05-01,1235,1235,vocabulary,,,,,,,v2-ruled-vocabulary-2026-08-07@a32d132-mslnfix
Q9BZ76,surface,active,CNTP3_HUMAN,false,,2026-08-06,2008-10-14,1220,1220,vocabulary,,,,,,,v2-ruled-vocabulary-2026-08-07@a32d132-mslnfix
Q9C0A0,surface,active,CNTP4_HUMAN,false,,2026-08-06,2008-10-14,1216,1216,vocabulary,,,,,,,v2-ruled-vocabulary-2026-08-07@a32d132-mslnfix
Q8WYK1,surface,active,CNTP5_HUMAN,false,,2026-08-06,2002-03-01,1213,1213,vocabulary,,,,,,,v2-ruled-vocabulary-2026-08-07@a32d132-mslnfix
O15431,surface,active,COPT1_HUMAN,false,,2026-08-06,1998-01-01,61,61,vocabulary,,,,,,,v2-ruled-vocabulary-2026-08-07@a32d132-mslnfix
Q9Y5Q5,surface,active,CORIN_HUMAN,false,,2026-08-06,2011-01-11,976,976,vocabulary,,,,,,,v2-ruled-vocabulary-2026-08-07@a32d132-mslnfix
Q8NHV5,surface,active,CP052_HUMAN,false,,2026-08-06,2014-05-14,,,,no_extracellular_span,"no topological domain with an accepted description, and no GPI anchor",,,,,v2-ruled-vocabulary-2026-08-07@a32d132-mslnfix
P17927,surface,active,CR1_HUMAN,false,,2026-08-06,2010-03-02,1930,1930,vocabulary,,,,,,,v2-ruled-vocabulary-2026-08-07@a32d132-mslnfix
P20023,surface,active,CR2_HUMAN,false,,2026-08-06,2008-11-25,951,951,vocabulary,,,,,,,v2-ruled-vocabulary-2026-08-07@a32d132-mslnfix
P34998,surface,active,CRFR1_HUMAN,false,,2026-08-06,2024-05-29,90,90,vocabulary,,,,,,,v2-ruled-vocabulary-2026-08-07@a32d132-mslnfix
Q13324,surface,active,CRFR2_HUMAN,false,,2026-08-06,2000-05-30,113,113,vocabulary,,,,,,,v2-ruled-vocabulary-2026-08-07@a32d132-mslnfix
Q9NZV1,surface,active,CRIM1_HUMAN,false,,2026-08-06,2000-10-01,905,905,vocabulary,,,,,,,v2-ruled-vocabulary-2026-08-07@a32d132-mslnfix
Q9HC73,surface,active,CRLF2_HUMAN,false,,2026-08-06,2001-03-01,209,209,vocabulary,,,,,,,v2-ruled-vocabulary-2026-08-07@a32d132-mslnfix
O95727,surface,active,CRTAM_HUMAN,false,,2026-08-06,2007-06-26,270,270,vocabulary,,,,,,,v2-ruled-vocabulary-2026-08-07@a32d132-mslnfix
P82279,surface,active,CRUM1_HUMAN,false,,2026-08-06,2005-07-19,1322,1322,vocabulary,,,,,,,v2-ruled-vocabulary-2026-08-07@a32d132-mslnfix
Q5IJ48,surface,active,CRUM2_HUMAN,false,,2026-08-06,2006-10-17,,,,no_extracellular_span,"no topological domain with an accepted description, and no GPI anchor",,,,,v2-ruled-vocabulary-2026-08-07@a32d132-mslnfix
Q9BUF7,surface,active,CRUM3_HUMAN,false,,2026-08-06,2005-06-07,33,33,vocabulary,,,,,,,v2-ruled-vocabulary-2026-08-07@a32d132-mslnfix
Q8NEA5,surface,active,CS018_HUMAN,false,,2026-08-06,2002-10-01,71,71,vocabulary,,,,,,,v2-ruled-vocabulary-2026-08-07@a32d132-mslnfix
Q9P1W3,surface,active,CSC1_HUMAN,false,,2026-08-06,2000-10-01,37,37,vocabulary,,,,,,,v2-ruled-vocabulary-2026-08-07@a32d132-mslnfix
O94886,surface,active,CSCL1_HUMAN,false,,2026-08-06,2007-03-20,51,51,vocabulary,,,,,,,v2-ruled-vocabulary-2026-08-07@a32d132-mslnfix
Q5T3F8,surface,active,CSCL2_HUMAN,false,,2026-08-06,2004-12-21,40,40,vocabulary,,,,,,,v2-ruled-vocabulary-2026-08-07@a32d132-mslnfix
P07333,surface,active,CSF1R_HUMAN,false,,2026-08-06,1994-06-01,498,498,vocabulary,,,,,,,v2-ruled-vocabulary-2026-08-07@a32d132-mslnfix
P09603,surface,active,CSF1_HUMAN,false,,2026-08-06,2010-11-02,,464,vocabulary,,,,,,,v2-ruled-vocabulary-2026-08-07@a32d132-mslnfix
P15509,surface,active,CSF2R_HUMAN,false,,2026-08-06,1990-04-01,298,298,vocabulary,,,,,,,v2-ruled-vocabulary-2026-08-07@a32d132-mslnfix
Q99062,surface,active,CSF3R_HUMAN,false,,2026-08-06,1995-02-01,603,603,vocabulary,,,,,,,v2-ruled-vocabulary-2026-08-07@a32d132-mslnfix
Q96PZ7,surface,active,CSMD1_HUMAN,false,,2026-08-06,2018-03-28,3461,3461,vocabulary,,,,,,,v2-ruled-vocabulary-2026-08-07@a32d132-mslnfix
Q7Z408,surface,active,CSMD2_HUMAN,false,,2026-08-06,2006-10-17,3408,3408,vocabulary,,,,,,,v2-ruled-vocabulary-2026-08-07@a32d132-mslnfix
Q6UVK1,surface,active,CSPG4_HUMAN,false,,2026-08-06,2010-05-18,2195,2195,vocabulary,,,,,,,v2-ruled-vocabulary-2026-08-07@a32d132-mslnfix
O95196,surface,active,CSPG5_HUMAN,false,,2026-08-06,2009-05-05,393,393,vocabulary,,,,,,,v2-ruled-vocabulary-2026-08-07@a32d132-mslnfix
O94985,surface,active,CSTN1_HUMAN,false,,2026-08-06,1999-05-01,831,831,vocabulary,,,,,,,v2-ruled-vocabulary-2026-08-07@a32d132-mslnfix
Q9H4D0,surface,active,CSTN2_HUMAN,false,,2026-08-06,2010-05-18,811,811,vocabulary,,,,,,,v2-ruled-vocabulary-2026-08-07@a32d132-mslnfix
Q9BQT9,surface,active,CSTN3_HUMAN,false,,2026-08-06,2001-06-01,828,828,vocabulary,,,,,,,v2-ruled-vocabulary-2026-08-07@a32d132-mslnfix
Q8WWI5,surface,active,CTL1_HUMAN,false,,2026-08-06,2002-03-01,,,,no_extracellular_span,"no topological domain with an accepted description, and no GPI anchor",,,,,v2-ruled-vocabulary-2026-08-07@a32d132-mslnfix
Q8IWA5,surface,active,CTL2_HUMAN,false,,2026-08-06,2010-11-02,178,178,vocabulary,,,,,,,v2-ruled-vocabulary-2026-08-07@a32d132-mslnfix
Q8N4M1,surface,active,CTL3_HUMAN,false,,2026-08-06,2009-09-22,,,,no_extracellular_span,"no topological domain with an accepted description, and no GPI anchor",,,,,v2-ruled-vocabulary-2026-08-07@a32d132-mslnfix
Q53GD3,surface,active,CTL4_HUMAN,false,,2026-08-06,2010-11-02,174,174,vocabulary,,,,,,,v2-ruled-vocabulary-2026-08-07@a32d132-mslnfix
Q8NCS7,surface,active,CTL5_HUMAN,false,,2026-08-06,2018-09-12,183,183,vocabulary,,,,,,,v2-ruled-vocabulary-2026-08-07@a32d132-mslnfix
P16410,surface,active,CTLA4_HUMAN,false,,2026-08-06,2003-01-10,126,126,vocabulary,,,,,,,v2-ruled-vocabulary-2026-08-07@a32d132-mslnfix
O60931,surface,active,CTNS_HUMAN,false,,2026-08-06,2009-11-24,,103,vocabulary,,,,,,,v2-ruled-vocabulary-2026-08-07@a32d132-mslnfix
P30825,surface,active,CTR1_HUMAN,false,,2026-08-06,1996-10-01,39,39,vocabulary,,,,,,,v2-ruled-vocabulary-2026-08-07@a32d132-mslnfix
P52569,surface,active,CTR2_HUMAN,false,,2026-08-06,2007-02-20,38,38,vocabulary,,,,,,,v2-ruled-vocabulary-2026-08-07@a32d132-mslnfix
Q8WY07,surface,active,CTR3_HUMAN,false,,2026-08-06,2002-03-01,34,34,vocabulary,,,,,,,v2-ruled-vocabulary-2026-08-07@a32d132-mslnfix
O43246,surface,active,CTR4_HUMAN,false,,2026-08-06,2005-03-15,,,,no_extracellular_span,"no topological domain with an accepted description, and no GPI anchor",,,,,v2-ruled-vocabulary-2026-08-07@a32d132-mslnfix
Q86XM0,surface,active,CTSRD_HUMAN,false,,2026-08-06,2007-05-15,703,703,vocabulary,,,,,,,v2-ruled-vocabulary-2026-08-07@a32d132-mslnfix
Q6ZRH7,surface,active,CTSRG_HUMAN,false,,2026-08-06,2008-11-25,1030,1030,vocabulary,,,,,,,v2-ruled-vocabulary-2026-08-07@a32d132-mslnfix
Q86UP6,surface,active,CUZD1_HUMAN,false,,2026-08-06,2003-06-01,,544,vocabulary,,,,,,,v2-ruled-vocabulary-2026-08-07@a32d132-mslnfix
P49238,surface,active,CX3C1_HUMAN,false,,2026-08-06,1996-02-01,31,31,vocabulary,,,,,,,v2-ruled-vocabulary-2026-08-07@a32d132-mslnfix
P17302,surface,active,CXA1_HUMAN,false,,2026-08-06,2007-01-23,32,32,vocabulary,,,,,,,v2-ruled-vocabulary-2026-08-07@a32d132-mslnfix
Q9Y6H8,surface,active,CXA3_HUMAN,false,,2026-08-06,2010-11-02,31,31,vocabulary,,,,,,,v2-ruled-vocabulary-2026-08-07@a32d132-mslnfix
P35212,surface,active,CXA4_HUMAN,false,,2026-08-06,2007-01-23,42,42,vocabulary,,,,,,,v2-ruled-vocabulary-2026-08-07@a32d132-mslnfix
P78310,surface,active,CXAR_HUMAN,false,,2026-08-06,1997-05-01,218,218,vocabulary,,,,,,,v2-ruled-vocabulary-2026-08-07@a32d132-mslnfix
P08034,surface,active,CXB1_HUMAN,false,,2026-08-06,1988-08-01,38,38,vocabulary,,,,,,,v2-ruled-vocabulary-2026-08-07@a32d132-mslnfix
P29033,surface,active,CXB2_HUMAN,false,,2026-08-06,2005-10-11,33,33,vocabulary,,,,,,,v2-ruled-vocabulary-2026-08-07@a32d132-mslnfix
O75712,surface,active,CXB3_HUMAN,false,,2026-08-06,1998-11-01,38,38,vocabulary,,,,,,,v2-ruled-vocabulary-2026-08-07@a32d132-mslnfix
Q9NTQ9,surface,active,CXB4_HUMAN,false,,2026-08-06,2000-10-01,33,33,vocabulary,,,,,,,v2-ruled-vocabulary-2026-08-07@a32d132-mslnfix
O95377,surface,active,CXB5_HUMAN,false,,2026-08-06,2000-12-01,38,38,vocabulary,,,,,,,v2-ruled-vocabulary-2026-08-07@a32d132-mslnfix
O95452,surface,active,CXB6_HUMAN,false,,2026-08-06,2003-09-19,38,38,vocabulary,,,,,,,v2-ruled-vocabulary-2026-08-07@a32d132-mslnfix
Q6PEY0,surface,active,CXB7_HUMAN,false,,2026-08-06,2004-07-05,35,35,vocabulary,,,,,,,v2-ruled-vocabulary-2026-08-07@a32d132-mslnfix
P25024,surface,active,CXCR1_HUMAN,false,,2026-08-06,2006-05-30,39,39,vocabulary,,,,,,,v2-ruled-vocabulary-2026-08-07@a32d132-mslnfix
P25025,surface,active,CXCR2_HUMAN,false,,2026-08-06,1996-02-01,48,48,vocabulary,,,,,,,v2-ruled-vocabulary-2026-08-07@a32d132-mslnfix
P49682,surface,active,CXCR3_HUMAN,false,,2026-08-06,1997-11-01,53,53,vocabulary,,,,,,,v2-ruled-vocabulary-2026-08-07@a32d132-mslnfix
P61073,surface,active,CXCR4_HUMAN,false,,2026-08-06,2004-04-26,38,38,vocabulary,,,,,,,v2-ruled-vocabulary-2026-08-07@a32d132-mslnfix
P32302,surface,active,CXCR5_HUMAN,false,,2026-08-06,1993-10-01,55,55,vocabulary,,,,,,,v2-ruled-vocabulary-2026-08-07@a32d132-mslnfix
O00574,surface,active,CXCR6_HUMAN,false,,2026-08-06,1997-07-01,32,32,vocabulary,,,,,,,v2-ruled-vocabulary-2026-08-07@a32d132-mslnfix
Q9UKL4,surface,active,CXD2_HUMAN,false,,2026-08-06,2000-05-01,33,33,vocabulary,,,,,,,v2-ruled-vocabulary-2026-08-07@a32d132-mslnfix
Q5T442,surface,active,CXG2_HUMAN,false,,2026-08-06,2004-12-21,32,32,vocabulary,,,,,,,v2-ruled-vocabulary-2026-08-07@a32d132-mslnfix
Q8NFK1,surface,active,CXG3_HUMAN,false,,2026-08-06,2002-10-01,41,41,vocabulary,,,,,,,v2-ruled-vocabulary-2026-08-07@a32d132-mslnfix
Q9H2A7,surface,active,CXL16_HUMAN,false,,2026-08-06,2008-10-14,176,176,vocabulary,,,,,,,v2-ruled-vocabulary-2026-08-07@a32d132-mslnfix
P04839,surface,active,CY24B_HUMAN,false,,2026-08-06,2007-01-23,45,45,vocabulary,,,,,,,v2-ruled-vocabulary-2026-08-07@a32d132-mslnfix
P08174,surface,active,DAF_HUMAN,false,,2026-08-06,2005-03-01,,318,gpi_rule_A,,,,,,,v2-ruled-vocabulary-2026-08-07@a32d132-mslnfix
Q14118,surface,active,DAG1_HUMAN,false,,2026-08-06,2009-05-05,96,96,vocabulary,,,,,,,v2-ruled-vocabulary-2026-08-07@a32d132-mslnfix
Q8N8Z6,surface,active,DCBD1_HUMAN,false,,2026-08-06,2004-07-19,425,425,vocabulary,,,,,,,v2-ruled-vocabulary-2026-08-07@a32d132-mslnfix
Q96PD2,surface,active,DCBD2_HUMAN,false,,2026-08-06,2001-12-01,462,462,vocabulary,,,,,,,v2-ruled-vocabulary-2026-08-07@a32d132-mslnfix
P43146,surface,active,DCC_HUMAN,false,,2026-08-06,2010-05-18,1072,1072,vocabulary,,,,,,,v2-ruled-vocabulary-2026-08-07@a32d132-mslnfix
Q9H295,surface,active,DCSTP_HUMAN,false,,2026-08-06,2001-03-01,91,91,vocabulary,,,,,,,v2-ruled-vocabulary-2026-08-07@a32d132-mslnfix
Q08345,surface,active,DDR1_HUMAN,false,,2026-08-06,1995-02-01,397,397,vocabulary,,,,,,,v2-ruled-vocabulary-2026-08-07@a32d132-mslnfix
Q16832,surface,active,DDR2_HUMAN,false,,2026-08-06,2008-11-25,378,378,vocabulary,,,,,,,v2-ruled-vocabulary-2026-08-07@a32d132-mslnfix
Q9Y4D2,surface,active,DGLA_HUMAN,false,,2026-08-06,2006-09-05,17,17,vocabulary,,,,,,,v2-ruled-vocabulary-2026-08-07@a32d132-mslnfix
Q8NCG7,surface,active,DGLB_HUMAN,false,,2026-08-06,2006-09-05,20,20,vocabulary,,,,,,,v2-ruled-vocabulary-2026-08-07@a32d132-mslnfix
Q96SL1,surface,active,DIRC2_HUMAN,false,,2026-08-06,2001-12-01,,24,vocabulary,,,,,,,v2-ruled-vocabulary-2026-08-07@a32d132-mslnfix
Q96F81,surface,active,DISP1_HUMAN,false,,2026-08-06,2007-11-13,,,,no_extracellular_span,"no topological domain with an accepted description, and no GPI anchor",,,,,v2-ruled-vocabulary-2026-08-07@a32d132-mslnfix
A7MBM2,surface,active,DISP2_HUMAN,false,,2026-08-06,2007-11-13,,,,no_extracellular_span,"no topological domain with an accepted description, and no GPI anchor",,,,,v2-ruled-vocabulary-2026-08-07@a32d132-mslnfix
P80370,surface,active,DLK1_HUMAN,false,,2026-08-06,2010-05-18,280,280,vocabulary,,,,,,,v2-ruled-vocabulary-2026-08-07@a32d132-mslnfix
Q6UY11,surface,active,DLK2_HUMAN,false,,2026-08-06,2004-07-05,280,280,vocabulary,,,,,,,v2-ruled-vocabulary-2026-08-07@a32d132-mslnfix
O00548,surface,active,DLL1_HUMAN,false,,2026-08-06,2006-10-31,528,528,vocabulary,,,,,,,v2-ruled-vocabulary-2026-08-07@a32d132-mslnfix
Q9NYJ7,surface,active,DLL3_HUMAN,false,,2026-08-06,2000-10-01,466,466,vocabulary,,,,,,,v2-ruled-vocabulary-2026-08-07@a32d132-mslnfix
Q9NR61,surface,active,DLL4_HUMAN,false,,2026-08-06,2000-10-01,503,503,vocabulary,,,,,,,v2-ruled-vocabulary-2026-08-07@a32d132-mslnfix
P28067,surface,active,DMA_HUMAN,false,,2026-08-06,2024-11-27,,207,vocabulary,,,,,,,v2-ruled-vocabulary-2026-08-07@a32d132-mslnfix
P28068,surface,active,DMB_HUMAN,false,,2026-08-06,2022-02-23,,200,vocabulary,,,,,,,v2-ruled-vocabulary-2026-08-07@a32d132-mslnfix
Q8NFT8,surface,active,DNER_HUMAN,false,,2026-08-06,2002-10-01,606,606,vocabulary,,,,,,,v2-ruled-vocabulary-2026-08-07@a32d132-mslnfix
P06340,surface,active,DOA_HUMAN,false,,2026-08-06,1988-01-01,192,192,vocabulary,,,,,,,v2-ruled-vocabulary-2026-08-07@a32d132-mslnfix
P13765,surface,active,DOB_HUMAN,false,,2026-08-06,1990-01-01,198,198,vocabulary,,,,,,,v2-ruled-vocabulary-2026-08-07@a32d132-mslnfix
Q1HG43,surface,active,DOXA1_HUMAN,false,,2026-08-06,2006-06-13,102,102,vocabulary,,,,,,,v2-ruled-vocabulary-2026-08-07@a32d132-mslnfix
P20036,surface,active,DPA1_HUMAN,false,,2026-08-06,1991-02-01,194,194,vocabulary,,,,,,,v2-ruled-vocabulary-2026-08-07@a32d132-mslnfix
P04440,surface,active,DPB1_HUMAN,false,,2026-08-06,1987-08-13,196,196,vocabulary,,,,,,,v2-ruled-vocabulary-2026-08-07@a32d132-mslnfix
Q3MIW9,surface,active,DPCR1_HUMAN,false,,2026-08-06,2008-02-26,419,419,vocabulary,,,,,,,v2-ruled-vocabulary-2026-08-07@a32d132-mslnfix
P16444,surface,active,DPEP1_HUMAN,false,,2026-08-06,2006-03-07,,368,gpi_rule_A,,,,,,,v2-ruled-vocabulary-2026-08-07@a32d132-mslnfix
Q9H4A9,surface,active,DPEP2_HUMAN,false,,2026-08-06,2018-03-28,,430,gpi_rule_A,,,,,,,v2-ruled-vocabulary-2026-08-07@a32d132-mslnfix
Q9H4B8,surface,active,DPEP3_HUMAN,false,,2026-08-06,2006-04-04,,427,gpi_rule_A,,,,,,,v2-ruled-vocabulary-2026-08-07@a32d132-mslnfix
Q8N608,surface,active,DPP10_HUMAN,false,,2026-08-06,2010-05-18,741,741,vocabulary,,,,,,,v2-ruled-vocabulary-2026-08-07@a32d132-mslnfix
P27487,surface,active,DPP4_HUMAN,false,,2026-08-06,1996-02-01,738,738,vocabulary,,,,,,,v2-ruled-vocabulary-2026-08-07@a32d132-mslnfix
P42658,surface,active,DPP6_HUMAN,false,,2026-08-06,2008-12-16,749,749,vocabulary,,,,,,,v2-ruled-vocabulary-2026-08-07@a32d132-mslnfix
P01909,surface,active,DQA1_HUMAN,false,,2026-08-06,1986-07-21,193,193,vocabulary,,,,,,,v2-ruled-vocabulary-2026-08-07@a32d132-mslnfix
P01906,surface,active,DQA2_HUMAN,false,,2026-08-06,1991-02-01,194,194,vocabulary,,,,,,,v2-ruled-vocabulary-2026-08-07@a32d132-mslnfix
P01920,surface,active,DQB1_HUMAN,false,,2026-08-06,2010-03-02,198,198,vocabulary,,,,,,,v2-ruled-vocabulary-2026-08-07@a32d132-mslnfix
P05538,surface,active,DQB2_HUMAN,false,,2026-08-06,1991-02-01,197,197,vocabulary,,,,,,,v2-ruled-vocabulary-2026-08-07@a32d132-mslnfix
P01903,surface,active,DRA_HUMAN,false,,2026-08-06,2021-02-10,191,191,vocabulary,,,,,,,v2-ruled-vocabulary-2026-08-07@a32d132-mslnfix
P79483,surface,active,DRB3_HUMAN,false,,2026-08-06,1997-05-01,198,198,vocabulary,,,,,,,v2-ruled-vocabulary-2026-08-07@a32d132-mslnfix
P13762,surface,active,DRB4_HUMAN,false,,2026-08-06,2009-12-15,198,198,vocabulary,,,,,,,v2-ruled-vocabulary-2026-08-07@a32d132-mslnfix
Q30154,surface,active,DRB5_HUMAN,false,,2026-08-06,1996-11-01,198,198,vocabulary,,,,,,,v2-ruled-vocabulary-2026-08-07@a32d132-mslnfix
P21728,surface,active,DRD1_HUMAN,false,,2026-08-06,1991-05-01,29,29,vocabulary,,,,,,,v2-ruled-vocabulary-2026-08-07@a32d132-mslnfix
P14416,surface,active,DRD2_HUMAN,false,,2026-08-06,1990-04-01,37,37,vocabulary,,,,,,,v2-ruled-vocabulary-2026-08-07@a32d132-mslnfix
P35462,surface,active,DRD3_HUMAN,false,,2026-08-06,2022-02-23,32,32,vocabulary,,,,,,,v2-ruled-vocabulary-2026-08-07@a32d132-mslnfix
P21917,surface,active,DRD4_HUMAN,false,,2026-08-06,2019-04-10,29,29,vocabulary,,,,,,,v2-ruled-vocabulary-2026-08-07@a32d132-mslnfix
P21918,surface,active,DRD5_HUMAN,false,,2026-08-06,1992-03-01,43,43,vocabulary,,,,,,,v2-ruled-vocabulary-2026-08-07@a32d132-mslnfix
Q08554,surface,active,DSC1_HUMAN,false,,2026-08-06,2009-02-10,557,557,vocabulary,,,,,,,v2-ruled-vocabulary-2026-08-07@a32d132-mslnfix
Q02487,surface,active,DSC2_HUMAN,false,,2026-08-06,1994-02-01,559,559,vocabulary,,,,,,,v2-ruled-vocabulary-2026-08-07@a32d132-mslnfix
Q14574,surface,active,DSC3_HUMAN,false,,2026-08-06,2006-10-17,555,555,vocabulary,,,,,,,v2-ruled-vocabulary-2026-08-07@a32d132-mslnfix
O60469,surface,active,DSCAM_HUMAN,false,,2026-08-06,2000-12-01,1578,1578,vocabulary,,,,,,,v2-ruled-vocabulary-2026-08-07@a32d132-mslnfix
Q8TD84,surface,active,DSCL1_HUMAN,false,,2026-08-06,2005-08-16,1573,1573,vocabulary,,,,,,,v2-ruled-vocabulary-2026-08-07@a32d132-mslnfix
Q02413,surface,active,DSG1_HUMAN,false,,2026-08-06,2010-03-23,499,499,vocabulary,,,,,,,v2-ruled-vocabulary-2026-08-07@a32d132-mslnfix
Q14126,surface,active,DSG2_HUMAN,false,,2026-08-06,2007-05-29,560,560,vocabulary,,,,,,,v2-ruled-vocabulary-2026-08-07@a32d132-mslnfix
P32926,surface,active,DSG3_HUMAN,false,,2026-08-06,2009-06-16,566,566,vocabulary,,,,,,,v2-ruled-vocabulary-2026-08-07@a32d132-mslnfix
Q86SJ6,surface,active,DSG4_HUMAN,false,,2026-08-06,2003-06-01,582,582,vocabulary,,,,,,,v2-ruled-vocabulary-2026-08-07@a32d132-mslnfix
Q9NRD9,surface,active,DUOX1_HUMAN,false,,2026-08-06,2000-10-01,570,570,vocabulary,,,,,,,v2-ruled-vocabulary-2026-08-07@a32d132-mslnfix
Q9NRD8,surface,active,DUOX2_HUMAN,false,,2026-08-06,2010-05-18,576,576,vocabulary,,,,,,,v2-ruled-vocabulary-2026-08-07@a32d132-mslnfix
Q8N1N2,surface,active,DYNAP_HUMAN,false,,2026-08-06,2026-01-28,76,76,vocabulary,,,,,,,v2-ruled-vocabulary-2026-08-07@a32d132-mslnfix
P43003,surface,active,EAA1_HUMAN,false,,2026-08-06,1995-11-01,91,91,vocabulary,,,,,,,v2-ruled-vocabulary-2026-08-07@a32d132-mslnfix
P43004,surface,active,EAA2_HUMAN,false,,2026-08-06,1998-07-15,93,93,vocabulary,,,,,,,v2-ruled-vocabulary-2026-08-07@a32d132-mslnfix
P43005,surface,active,EAA3_HUMAN,false,,2026-08-06,1996-02-01,91,91,vocabulary,,,,,,,v2-ruled-vocabulary-2026-08-07@a32d132-mslnfix
P48664,surface,active,EAA4_HUMAN,false,,2026-08-06,1996-02-01,,,,no_extracellular_span,"no topological domain with an accepted description, and no GPI anchor",,,,,v2-ruled-vocabulary-2026-08-07@a32d132-mslnfix
O00341,surface,active,EAA5_HUMAN,false,,2026-08-06,2008-09-23,102,102,vocabulary,,,,,,,v2-ruled-vocabulary-2026-08-07@a32d132-mslnfix
Q15125,surface,active,EBP_HUMAN,false,,2026-08-06,2007-01-23,,,,no_extracellular_span,"no topological domain with an accepted description, and no GPI anchor",,,,,v2-ruled-vocabulary-2026-08-07@a32d132-mslnfix
P42892,surface,active,ECE1_HUMAN,false,,2026-08-06,1996-10-01,681,681,vocabulary,,,,,,,v2-ruled-vocabulary-2026-08-07@a32d132-mslnfix
Q19T08,surface,active,ECSCR_HUMAN,false,,2026-08-06,2006-07-11,100,100,vocabulary,,,,,,,v2-ruled-vocabulary-2026-08-07@a32d132-mslnfix
Q9UNE0,surface,active,EDAR_HUMAN,false,,2026-08-06,2000-05-01,161,161,vocabulary,,,,,,,v2-ruled-vocabulary-2026-08-07@a32d132-mslnfix
Q92838,surface,active,EDA_HUMAN,false,,2026-08-06,1999-07-15,329,329,vocabulary,,,,,,,v2-ruled-vocabulary-2026-08-07@a32d132-mslnfix
P25101,surface,active,EDNRA_HUMAN,false,,2026-08-06,1992-05-01,60,60,vocabulary,,,,,,,v2-ruled-vocabulary-2026-08-07@a32d132-mslnfix
P24530,surface,active,EDNRB_HUMAN,false,,2026-08-06,1992-03-01,75,75,vocabulary,,,,,,,v2-ruled-vocabulary-2026-08-07@a32d132-mslnfix
P60507,surface,active,EFC1_HUMAN,false,,2026-08-06,2004-03-01,496,496,vocabulary,,,,,,,v2-ruled-vocabulary-2026-08-07@a32d132-mslnfix
P20827,surface,active,EFNA1_HUMAN,false,,2026-08-06,2005-08-30,,163,gpi_rule_A,,,,,,,v2-ruled-vocabulary-2026-08-07@a32d132-mslnfix
O43921,surface,active,EFNA2_HUMAN,false,,2026-08-06,1998-06-01,,163,gpi_rule_A,,,,,,,v2-ruled-vocabulary-2026-08-07@a32d132-mslnfix
P52797,surface,active,EFNA3_HUMAN,false,,2026-08-06,1996-10-01,,191,gpi_rule_A,,,,,,,v2-ruled-vocabulary-2026-08-07@a32d132-mslnfix
P52798,surface,active,EFNA4_HUMAN,false,,2026-08-06,1996-10-01,,144,gpi_rule_A,,,,,,,v2-ruled-vocabulary-2026-08-07@a32d132-mslnfix
P52803,surface,active,EFNA5_HUMAN,false,,2026-08-06,1996-10-01,,182,gpi_rule_A,,,,,,,v2-ruled-vocabulary-2026-08-07@a32d132-mslnfix
P98172,surface,active,EFNB1_HUMAN,false,,2026-08-06,1996-10-01,210,210,vocabulary,,,,,,,v2-ruled-vocabulary-2026-08-07@a32d132-mslnfix
P52799,surface,active,EFNB2_HUMAN,false,,2026-08-06,1996-10-01,202,202,vocabulary,,,,,,,v2-ruled-vocabulary-2026-08-07@a32d132-mslnfix
Q15768,surface,active,EFNB3_HUMAN,false,,2026-08-06,1996-11-01,199,199,vocabulary,,,,,,,v2-ruled-vocabulary-2026-08-07@a32d132-mslnfix
P00533,surface,active,EGFR_HUMAN,false,,2026-08-06,1997-11-01,621,621,vocabulary,,,,,,,v2-ruled-vocabulary-2026-08-07@a32d132-mslnfix
P01133,surface,active,EGF_HUMAN,false,,2026-08-06,2009-07-07,1010,1010,vocabulary,,,,,,,v2-ruled-vocabulary-2026-08-07@a32d132-mslnfix
P17813,surface,active,EGLN_HUMAN,false,,2026-08-06,1998-07-15,561,561,vocabulary,,,,,,,v2-ruled-vocabulary-2026-08-07@a32d132-mslnfix
P0C7U0,surface,active,ELFN1_HUMAN,false,,2026-08-06,2013-06-26,391,391,vocabulary,,,,,,,v2-ruled-vocabulary-2026-08-07@a32d132-mslnfix
Q9HBW9,surface,active,ELTD1_HUMAN,false,,2026-08-06,2008-11-04,413,413,vocabulary,,,,,,,v2-ruled-vocabulary-2026-08-07@a32d132-mslnfix
Q6PCB8,surface,active,EMB_HUMAN,false,,2026-08-06,2004-07-05,228,228,vocabulary,,,,,,,v2-ruled-vocabulary-2026-08-07@a32d132-mslnfix
P54849,surface,active,EMP1_HUMAN,false,,2026-08-06,1998-07-15,,,,no_extracellular_span,"no topological domain with an accepted description, and no GPI anchor",,,,,v2-ruled-vocabulary-2026-08-07@a32d132-mslnfix
P54851,surface,active,EMP2_HUMAN,false,,2026-08-06,1996-10-01,,,,no_extracellular_span,"no topological domain with an accepted description, and no GPI anchor",,,,,v2-ruled-vocabulary-2026-08-07@a32d132-mslnfix
P54852,surface,active,EMP3_HUMAN,false,,2026-08-06,1996-10-01,,,,no_extracellular_span,"no topological domain with an accepted description, and no GPI anchor",,,,,v2-ruled-vocabulary-2026-08-07@a32d132-mslnfix
Q14246,surface,active,EMR1_HUMAN,false,,2026-08-06,2010-03-02,579,579,vocabulary,,,,,,,v2-ruled-vocabulary-2026-08-07@a32d132-mslnfix
Q9UHX3,surface,active,EMR2_HUMAN,false,,2026-08-06,2006-06-13,517,517,vocabulary,,,,,,,v2-ruled-vocabulary-2026-08-07@a32d132-mslnfix
Q9BY15,surface,active,EMR3_HUMAN,false,,2026-08-06,2010-05-18,336,336,vocabulary,,,,,,,v2-ruled-vocabulary-2026-08-07@a32d132-mslnfix
Q86SQ3,surface,active,EMR4_HUMAN,false,,2026-08-06,2003-06-01,176,176,vocabulary,,,,,,,v2-ruled-vocabulary-2026-08-07@a32d132-mslnfix
Q902F9,surface,active,EN113_HUMAN,false,,2026-08-06,2024-10-02,543,543,vocabulary,,,,,,,v2-ruled-vocabulary-2026-08-07@a32d132-mslnfix
Q9N2K0,surface,active,ENH1_HUMAN,false,,2026-08-06,2000-10-01,488,488,vocabulary,,,,,,,v2-ruled-vocabulary-2026-08-07@a32d132-mslnfix
Q9N2J8,surface,active,ENH3_HUMAN,false,,2026-08-06,2000-10-01,480,480,vocabulary,,,,,,,v2-ruled-vocabulary-2026-08-07@a32d132-mslnfix
Q9NX77,surface,active,ENK13_HUMAN,false,,2026-08-06,2004-05-24,,,,no_extracellular_span,"no topological domain with an accepted description, and no GPI anchor",,,,,v2-ruled-vocabulary-2026-08-07@a32d132-mslnfix
O42043,surface,active,ENK18_HUMAN,false,,2026-08-06,2004-05-24,,,,no_extracellular_span,"no topological domain with an accepted description, and no GPI anchor",,,,,v2-ruled-vocabulary-2026-08-07@a32d132-mslnfix
O71037,surface,active,ENK19_HUMAN,false,,2026-08-06,2004-05-24,543,543,vocabulary,,,,,,,v2-ruled-vocabulary-2026-08-07@a32d132-mslnfix
P61565,surface,active,ENK21_HUMAN,false,,2026-08-06,2004-05-24,543,543,vocabulary,,,,,,,v2-ruled-vocabulary-2026-08-07@a32d132-mslnfix
P61566,surface,active,ENK24_HUMAN,false,,2026-08-06,2004-05-24,,,,no_extracellular_span,"no topological domain with an accepted description, and no GPI anchor",,,,,v2-ruled-vocabulary-2026-08-07@a32d132-mslnfix
P61570,surface,active,ENK25_HUMAN,false,,2026-08-06,2004-05-24,,,,no_extracellular_span,"no topological domain with an accepted description, and no GPI anchor",,,,,v2-ruled-vocabulary-2026-08-07@a32d132-mslnfix
Q69384,surface,active,ENK6_HUMAN,false,,2026-08-06,1996-11-01,543,543,vocabulary,,,,,,,v2-ruled-vocabulary-2026-08-07@a32d132-mslnfix
P61567,surface,active,ENK7_HUMAN,false,,2026-08-06,2004-05-24,,,,no_extracellular_span,"no topological domain with an accepted description, and no GPI anchor",,,,,v2-ruled-vocabulary-2026-08-07@a32d132-mslnfix
Q902F8,surface,active,ENK8_HUMAN,false,,2026-08-06,2001-12-01,543,543,vocabulary,,,,,,,v2-ruled-vocabulary-2026-08-07@a32d132-mslnfix
Q9UKH3,surface,active,ENK9_HUMAN,false,,2026-08-06,2000-05-01,542,542,vocabulary,,,,,,,v2-ruled-vocabulary-2026-08-07@a32d132-mslnfix
P22413,surface,active,ENPP1_HUMAN,false,,2026-08-06,2002-09-19,828,828,vocabulary,,,,,,,v2-ruled-vocabulary-2026-08-07@a32d132-mslnfix
Q9Y6X5,surface,active,ENPP4_HUMAN,false,,2026-08-06,2008-03-18,392,392,vocabulary,,,,,,,v2-ruled-vocabulary-2026-08-07@a32d132-mslnfix
Q9UJA9,surface,active,ENPP5_HUMAN,false,,2026-08-06,2000-05-01,,,,no_extracellular_span,"no topological domain with an accepted description, and no GPI anchor",,,,,v2-ruled-vocabulary-2026-08-07@a32d132-mslnfix
Q6UWR7,surface,active,ENPP6_HUMAN,false,,2026-08-06,2006-06-13,,396,gpi_rule_A,,,,,,,v2-ruled-vocabulary-2026-08-07@a32d132-mslnfix
P98073,surface,active,ENTK_HUMAN,false,,2026-08-06,2011-01-11,972,972,vocabulary,,,,,,,v2-ruled-vocabulary-2026-08-07@a32d132-mslnfix
P49961,surface,active,ENTP1_HUMAN,false,,2026-08-06,1996-10-01,441,441,vocabulary,,,,,,,v2-ruled-vocabulary-2026-08-07@a32d132-mslnfix
O75355,surface,active,ENTP3_HUMAN,false,,2026-08-06,2006-09-19,442,442,vocabulary,,,,,,,v2-ruled-vocabulary-2026-08-07@a32d132-mslnfix
P61550,surface,active,ENVT1_HUMAN,false,,2026-08-06,2004-05-24,537,537,vocabulary,,,,,,,v2-ruled-vocabulary-2026-08-07@a32d132-mslnfix
P16422,surface,active,EPCAM_HUMAN,false,,2026-08-06,2007-11-13,242,242,vocabulary,,,,,,,v2-ruled-vocabulary-2026-08-07@a32d132-mslnfix
Q9UNN8,surface,active,EPCR_HUMAN,false,,2026-08-06,2000-05-01,193,193,vocabulary,,,,,,,v2-ruled-vocabulary-2026-08-07@a32d132-mslnfix
Q6UW88,surface,active,EPGN_HUMAN,false,,2026-08-06,2009-03-24,88,88,vocabulary,,,,,,,v2-ruled-vocabulary-2026-08-07@a32d132-mslnfix
P21709,surface,active,EPHA1_HUMAN,false,,2026-08-06,2011-01-11,522,522,vocabulary,,,,,,,v2-ruled-vocabulary-2026-08-07@a32d132-mslnfix
P29317,surface,active,EPHA2_HUMAN,false,,2026-08-06,2009-05-05,514,514,vocabulary,,,,,,,v2-ruled-vocabulary-2026-08-07@a32d132-mslnfix
P29320,surface,active,EPHA3_HUMAN,false,,2026-08-06,2006-10-17,521,521,vocabulary,,,,,,,v2-ruled-vocabulary-2026-08-07@a32d132-mslnfix
P54764,surface,active,EPHA4_HUMAN,false,,2026-08-06,1996-10-01,528,528,vocabulary,,,,,,,v2-ruled-vocabulary-2026-08-07@a32d132-mslnfix
P54756,surface,active,EPHA5_HUMAN,false,,2026-08-06,2009-09-22,549,549,vocabulary,,,,,,,v2-ruled-vocabulary-2026-08-07@a32d132-mslnfix
Q9UF33,surface,active,EPHA6_HUMAN,false,,2026-08-06,2014-05-14,528,528,vocabulary,,,,,,,v2-ruled-vocabulary-2026-08-07@a32d132-mslnfix
Q15375,surface,active,EPHA7_HUMAN,false,,2026-08-06,2007-05-01,528,528,vocabulary,,,,,,,v2-ruled-vocabulary-2026-08-07@a32d132-mslnfix
P29322,surface,active,EPHA8_HUMAN,false,,2026-08-06,2001-10-18,515,515,vocabulary,,,,,,,v2-ruled-vocabulary-2026-08-07@a32d132-mslnfix
Q5JZY3,surface,active,EPHAA_HUMAN,false,,2026-08-06,2013-04-03,532,532,vocabulary,,,,,,,v2-ruled-vocabulary-2026-08-07@a32d132-mslnfix
P54762,surface,active,EPHB1_HUMAN,false,,2026-08-06,1996-10-01,523,523,vocabulary,,,,,,,v2-ruled-vocabulary-2026-08-07@a32d132-mslnfix
P29323,surface,active,EPHB2_HUMAN,false,,2026-08-06,2005-09-27,525,525,vocabulary,,,,,,,v2-ruled-vocabulary-2026-08-07@a32d132-mslnfix
P54753,surface,active,EPHB3_HUMAN,false,,2026-08-06,2005-09-27,526,526,vocabulary,,,,,,,v2-ruled-vocabulary-2026-08-07@a32d132-mslnfix
P54760,surface,active,EPHB4_HUMAN,false,,2026-08-06,2001-10-18,524,524,vocabulary,,,,,,,v2-ruled-vocabulary-2026-08-07@a32d132-mslnfix
O15197,surface,active,EPHB6_HUMAN,false,,2026-08-06,2010-04-20,563,563,vocabulary,,,,,,,v2-ruled-vocabulary-2026-08-07@a32d132-mslnfix
P19235,surface,active,EPOR_HUMAN,false,,2026-08-06,1990-11-01,226,226,vocabulary,,,,,,,v2-ruled-vocabulary-2026-08-07@a32d132-mslnfix
Q9NQ60,surface,active,EQTN_HUMAN,false,,2026-08-06,2007-05-15,,167,vocabulary,,,,,,,v2-ruled-vocabulary-2026-08-07@a32d132-mslnfix
P60509,surface,active,ERB1_HUMAN,false,,2026-08-06,2004-03-01,,,,no_extracellular_span,"no topological domain with an accepted description, and no GPI anchor",,,,,v2-ruled-vocabulary-2026-08-07@a32d132-mslnfix
P04626,surface,active,ERBB2_HUMAN,false,,2026-08-06,1987-08-13,630,630,vocabulary,,,,,,,v2-ruled-vocabulary-2026-08-07@a32d132-mslnfix
P21860,surface,active,ERBB3_HUMAN,false,,2026-08-06,1991-05-01,624,624,vocabulary,,,,,,,v2-ruled-vocabulary-2026-08-07@a32d132-mslnfix
Q15303,surface,active,ERBB4_HUMAN,false,,2026-08-06,1996-11-01,626,626,vocabulary,,,,,,,v2-ruled-vocabulary-2026-08-07@a32d132-mslnfix
O14944,surface,active,EREG_HUMAN,false,,2026-08-06,1998-01-01,60,60,vocabulary,,,,,,,v2-ruled-vocabulary-2026-08-07@a32d132-mslnfix
Q96PL5,surface,active,ERMAP_HUMAN,false,,2026-08-06,2001-12-01,126,126,vocabulary,,,,,,,v2-ruled-vocabulary-2026-08-07@a32d132-mslnfix
Q7Z2K6,surface,active,ERMP1_HUMAN,false,,2026-08-06,2006-10-31,,315,vocabulary,,,,,,,v2-ruled-vocabulary-2026-08-07@a32d132-mslnfix
B6SEH8,surface,active,ERVV1_HUMAN,false,,2026-08-06,2008-12-16,300,300,vocabulary,,,,,,,v2-ruled-vocabulary-2026-08-07@a32d132-mslnfix
B6SEH9,surface,active,ERVV2_HUMAN,false,,2026-08-06,2008-12-16,300,300,vocabulary,,,,,,,v2-ruled-vocabulary-2026-08-07@a32d132-mslnfix
Q96AP7,surface,active,ESAM_HUMAN,false,,2026-08-06,2001-12-01,219,219,vocabulary,,,,,,,v2-ruled-vocabulary-2026-08-07@a32d132-mslnfix
A0FGR9,surface,active,ESYT3_HUMAN,false,,2026-08-06,2006-11-28,,,,no_extracellular_span,"no topological domain with an accepted description, and no GPI anchor",,,,,v2-ruled-vocabulary-2026-08-07@a32d132-mslnfix
O60883,surface,active,ETBR2_HUMAN,false,,2026-08-06,2010-11-02,109,109,vocabulary,,,,,,,v2-ruled-vocabulary-2026-08-07@a32d132-mslnfix
P58658,surface,active,EVA1C_HUMAN,false,,2026-08-06,2002-01-23,274,274,vocabulary,,,,,,,v2-ruled-vocabulary-2026-08-07@a32d132-mslnfix
P22794,surface,active,EVI2A_HUMAN,false,,2026-08-06,2010-03-23,103,103,vocabulary,,,,,,,v2-ruled-vocabulary-2026-08-07@a32d132-mslnfix
P34910,surface,active,EVI2B_HUMAN,false,,2026-08-06,2009-12-15,181,181,vocabulary,,,,,,,v2-ruled-vocabulary-2026-08-07@a32d132-mslnfix
Q5VUB5,surface,active,F1711_HUMAN,false,,2026-08-06,2004-12-07,282,282,vocabulary,,,,,,,v2-ruled-vocabulary-2026-08-07@a32d132-mslnfix
A8MVW0,surface,active,F1712_HUMAN,false,,2026-08-06,2007-12-04,286,286,vocabulary,,,,,,,v2-ruled-vocabulary-2026-08-07@a32d132-mslnfix
Q6P995,surface,active,F171B_HUMAN,false,,2026-08-06,2010-11-30,321,321,vocabulary,,,,,,,v2-ruled-vocabulary-2026-08-07@a32d132-mslnfix
Q8TBP5,surface,active,F174A_HUMAN,false,,2026-08-06,2002-06-01,94,94,vocabulary,,,,,,,v2-ruled-vocabulary-2026-08-07@a32d132-mslnfix
Q3ZCQ3,surface,active,F174B_HUMAN,false,,2026-08-06,2011-03-08,64,64,vocabulary,,,,,,,v2-ruled-vocabulary-2026-08-07@a32d132-mslnfix
Q17R55,surface,active,F187B_HUMAN,false,,2026-08-06,2007-04-17,318,318,vocabulary,,,,,,,v2-ruled-vocabulary-2026-08-07@a32d132-mslnfix
P81408,surface,active,F189B_HUMAN,false,,2026-08-06,2010-04-20,,,,no_extracellular_span,"no topological domain with an accepted description, and no GPI anchor",,,,,v2-ruled-vocabulary-2026-08-07@a32d132-mslnfix
Q8N5C1,surface,active,FA26E_HUMAN,false,,2026-08-06,2002-10-01,45,45,vocabulary,,,,,,,v2-ruled-vocabulary-2026-08-07@a32d132-mslnfix
Q14517,surface,active,FAT1_HUMAN,false,,2026-08-06,2011-05-31,4160,4160,vocabulary,,,,,,,v2-ruled-vocabulary-2026-08-07@a32d132-mslnfix
Q9NYQ8,surface,active,FAT2_HUMAN,false,,2026-08-06,2010-05-18,4030,4030,vocabulary,,,,,,,v2-ruled-vocabulary-2026-08-07@a32d132-mslnfix
Q8TDW7,surface,active,FAT3_HUMAN,false,,2026-08-06,2018-09-12,4122,4122,vocabulary,,,,,,,v2-ruled-vocabulary-2026-08-07@a32d132-mslnfix
Q6V0I7,surface,active,FAT4_HUMAN,false,,2026-08-06,2008-03-18,4466,4466,vocabulary,,,,,,,v2-ruled-vocabulary-2026-08-07@a32d132-mslnfix
Q8WWV6,surface,active,FCAMR_HUMAN,false,,2026-08-06,2002-03-01,434,434,vocabulary,,,,,,,v2-ruled-vocabulary-2026-08-07@a32d132-mslnfix
P24071,surface,active,FCAR_HUMAN,false,,2026-08-06,1992-03-01,206,206,vocabulary,,,,,,,v2-ruled-vocabulary-2026-08-07@a32d132-mslnfix
P12319,surface,active,FCERA_HUMAN,false,,2026-08-06,1989-10-01,180,180,vocabulary,,,,,,,v2-ruled-vocabulary-2026-08-07@a32d132-mslnfix
P12318,surface,active,FCG2A_HUMAN,false,,2026-08-06,2007-11-13,184,184,vocabulary,,,,,,,v2-ruled-vocabulary-2026-08-07@a32d132-mslnfix
P31994,surface,active,FCG2B_HUMAN,false,,2026-08-06,2000-05-30,175,175,vocabulary,,,,,,,v2-ruled-vocabulary-2026-08-07@a32d132-mslnfix
P31995,surface,active,FCG2C_HUMAN,false,,2026-08-06,1993-07-01,181,181,vocabulary,,,,,,,v2-ruled-vocabulary-2026-08-07@a32d132-mslnfix
P08637,surface,active,FCG3A_HUMAN,false,,2026-08-06,1990-08-01,192,192,vocabulary,,,,,,,v2-ruled-vocabulary-2026-08-07@a32d132-mslnfix
O75015,surface,active,FCG3B_HUMAN,false,,2026-08-06,2024-01-24,,183,gpi_rule_A,,,,,,,v2-ruled-vocabulary-2026-08-07@a32d132-mslnfix
P12314,surface,active,FCGR1_HUMAN,false,,2026-08-06,2004-07-19,277,277,vocabulary,,,,,,,v2-ruled-vocabulary-2026-08-07@a32d132-mslnfix
Q92637,surface,active,FCGRB_HUMAN,false,,2026-08-06,1997-02-01,183,183,vocabulary,,,,,,,v2-ruled-vocabulary-2026-08-07@a32d132-mslnfix
A6NKC4,surface,inactive,FCGRC_HUMAN,false,,,,,,,,not fetched: uniprot_inactive,,,,,
P55899,surface,active,FCGRN_HUMAN,false,,2026-08-06,1997-11-01,274,274,vocabulary,,,,,,,v2-ruled-vocabulary-2026-08-07@a32d132-mslnfix
Q96LA6,surface,active,FCRL1_HUMAN,false,,2026-08-06,2001-12-01,291,291,vocabulary,,,,,,,v2-ruled-vocabulary-2026-08-07@a32d132-mslnfix
Q96LA5,surface,active,FCRL2_HUMAN,false,,2026-08-06,2001-12-01,382,382,vocabulary,,,,,,,v2-ruled-vocabulary-2026-08-07@a32d132-mslnfix
Q96P31,surface,active,FCRL3_HUMAN,false,,2026-08-06,2001-12-01,556,556,vocabulary,,,,,,,v2-ruled-vocabulary-2026-08-07@a32d132-mslnfix
Q96PJ5,surface,active,FCRL4_HUMAN,false,,2026-08-06,2001-12-01,368,368,vocabulary,,,,,,,v2-ruled-vocabulary-2026-08-07@a32d132-mslnfix
Q96RD9,surface,active,FCRL5_HUMAN,false,,2026-08-06,2010-05-18,836,836,vocabulary,,,,,,,v2-ruled-vocabulary-2026-08-07@a32d132-mslnfix
Q6DN72,surface,active,FCRL6_HUMAN,false,,2026-08-06,2007-03-20,288,288,vocabulary,,,,,,,v2-ruled-vocabulary-2026-08-07@a32d132-mslnfix
O14842,surface,active,FFAR1_HUMAN,false,,2026-08-06,1998-01-01,36,36,vocabulary,,,,,,,v2-ruled-vocabulary-2026-08-07@a32d132-mslnfix
O15552,surface,active,FFAR2_HUMAN,false,,2026-08-06,1998-01-01,26,26,vocabulary,,,,,,,v2-ruled-vocabulary-2026-08-07@a32d132-mslnfix
O14843,surface,active,FFAR3_HUMAN,false,,2026-08-06,1998-01-01,25,25,vocabulary,,,,,,,v2-ruled-vocabulary-2026-08-07@a32d132-mslnfix
Q5NUL3,surface,active,FFAR4_HUMAN,false,,2026-08-06,2020-04-22,45,45,vocabulary,,,,,,,v2-ruled-vocabulary-2026-08-07@a32d132-mslnfix
P11362,surface,active,FGFR1_HUMAN,false,,2026-08-06,1991-05-01,355,355,vocabulary,,,,,,,v2-ruled-vocabulary-2026-08-07@a32d132-mslnfix
P21802,surface,active,FGFR2_HUMAN,false,,2026-08-06,1991-05-01,356,356,vocabulary,,,,,,,v2-ruled-vocabulary-2026-08-07@a32d132-mslnfix
P22607,surface,active,FGFR3_HUMAN,false,,2026-08-06,1991-08-01,353,353,vocabulary,,,,,,,v2-ruled-vocabulary-2026-08-07@a32d132-mslnfix
P22455,surface,active,FGFR4_HUMAN,false,,2026-08-06,2001-04-27,348,348,vocabulary,,,,,,,v2-ruled-vocabulary-2026-08-07@a32d132-mslnfix
Q8N441,surface,active,FGRL1_HUMAN,false,,2026-08-06,2002-10-01,354,354,vocabulary,,,,,,,v2-ruled-vocabulary-2026-08-07@a32d132-mslnfix
Q9H9S5,surface,active,FKRP_HUMAN,false,,2026-08-06,2001-03-01,,466,vocabulary,,,,,,,v2-ruled-vocabulary-2026-08-07@a32d132-mslnfix
Q9NZU1,surface,active,FLRT1_HUMAN,false,,2026-08-06,2024-01-24,504,504,vocabulary,,,,,,,v2-ruled-vocabulary-2026-08-07@a32d132-mslnfix
O43155,surface,active,FLRT2_HUMAN,false,,2026-08-06,1998-06-01,506,506,vocabulary,,,,,,,v2-ruled-vocabulary-2026-08-07@a32d132-mslnfix
Q9NZU0,surface,active,FLRT3_HUMAN,false,,2026-08-06,2000-10-01,500,500,vocabulary,,,,,,,v2-ruled-vocabulary-2026-08-07@a32d132-mslnfix
P49771,surface,active,FLT3L_HUMAN,false,,2026-08-06,1996-10-01,158,158,vocabulary,,,,,,,v2-ruled-vocabulary-2026-08-07@a32d132-mslnfix
P36888,surface,active,FLT3_HUMAN,false,,2026-08-06,2007-08-21,517,517,vocabulary,,,,,,,v2-ruled-vocabulary-2026-08-07@a32d132-mslnfix
Q9Y5Y0,surface,active,FLVC1_HUMAN,false,,2026-08-06,1999-11-01,18,18,vocabulary,,,,,,,v2-ruled-vocabulary-2026-08-07@a32d132-mslnfix
Q9UPI3,surface,active,FLVC2_HUMAN,false,,2026-08-06,2000-05-01,18,18,vocabulary,,,,,,,v2-ruled-vocabulary-2026-08-07@a32d132-mslnfix
Q9H6D8,surface,active,FNDC4_HUMAN,false,,2026-08-06,2001-03-01,123,123,vocabulary,,,,,,,v2-ruled-vocabulary-2026-08-07@a32d132-mslnfix
Q8NAU1,surface,active,FNDC5_HUMAN,false,,2026-08-06,2025-02-05,,,,no_extracellular_span,"no topological domain with an accepted description, and no GPI anchor",,,,,v2-ruled-vocabulary-2026-08-07@a32d132-mslnfix
Q8TBE3,surface,active,FNDC9_HUMAN,false,,2026-08-06,2008-11-04,,,,no_extracellular_span,"no topological domain with an accepted description, and no GPI anchor",,,,,v2-ruled-vocabulary-2026-08-07@a32d132-mslnfix
Q04609,surface,active,FOLH1_HUMAN,false,,2026-08-06,1994-06-01,707,707,vocabulary,,,,,,,v2-ruled-vocabulary-2026-08-07@a32d132-mslnfix
P15328,surface,active,FOLR1_HUMAN,false,,2026-08-06,1994-06-01,,209,gpi_rule_A,,,,,,,v2-ruled-vocabulary-2026-08-07@a32d132-mslnfix
P14207,surface,active,FOLR2_HUMAN,false,,2026-08-06,2006-10-17,,213,gpi_rule_A,,,,,,,v2-ruled-vocabulary-2026-08-07@a32d132-mslnfix
P21462,surface,active,FPR1_HUMAN,false,,2026-08-06,2010-02-09,43,43,vocabulary,,,,,,,v2-ruled-vocabulary-2026-08-07@a32d132-mslnfix
P25090,surface,active,FPR2_HUMAN,false,,2026-08-06,1993-07-01,29,29,vocabulary,,,,,,,v2-ruled-vocabulary-2026-08-07@a32d132-mslnfix
P25089,surface,active,FPR3_HUMAN,false,,2026-08-06,2003-11-07,43,43,vocabulary,,,,,,,v2-ruled-vocabulary-2026-08-07@a32d132-mslnfix
Q9P2B2,surface,active,FPRP_HUMAN,false,,2026-08-06,2003-02-01,807,807,vocabulary,,,,,,,v2-ruled-vocabulary-2026-08-07@a32d132-mslnfix
Q86XX4,surface,active,FRAS1_HUMAN,false,,2026-08-06,2013-04-03,3875,3875,vocabulary,,,,,,,v2-ruled-vocabulary-2026-08-07@a32d132-mslnfix
Q5SZK8,surface,active,FREM2_HUMAN,false,,2026-08-06,2022-02-23,3067,3067,vocabulary,,,,,,,v2-ruled-vocabulary-2026-08-07@a32d132-mslnfix
Q6ZNA5,surface,active,FRRS1_HUMAN,false,,2026-08-06,2008-01-15,,,,no_extracellular_span,"no topological domain with an accepted description, and no GPI anchor",,,,,v2-ruled-vocabulary-2026-08-07@a32d132-mslnfix
P23945,surface,active,FSHR_HUMAN,false,,2026-08-06,2024-05-29,349,349,vocabulary,,,,,,,v2-ruled-vocabulary-2026-08-07@a32d132-mslnfix
P09958,surface,active,FURIN_HUMAN,false,,2026-08-06,1990-04-01,,608,vocabulary,,,,,,,v2-ruled-vocabulary-2026-08-07@a32d132-mslnfix
Q9ULW2,surface,active,FZD10_HUMAN,false,,2026-08-06,2000-05-01,205,205,vocabulary,,,,,,,v2-ruled-vocabulary-2026-08-07@a32d132-mslnfix
Q9UP38,surface,active,FZD1_HUMAN,false,,2026-08-06,2006-03-07,250,250,vocabulary,,,,,,,v2-ruled-vocabulary-2026-08-07@a32d132-mslnfix
Q14332,surface,active,FZD2_HUMAN,false,,2026-08-06,1996-11-01,224,224,vocabulary,,,,,,,v2-ruled-vocabulary-2026-08-07@a32d132-mslnfix
Q9NPG1,surface,active,FZD3_HUMAN,false,,2026-08-06,2000-10-01,183,183,vocabulary,,,,,,,v2-ruled-vocabulary-2026-08-07@a32d132-mslnfix
Q9ULV1,surface,active,FZD4_HUMAN,false,,2026-08-06,2005-03-29,176,176,vocabulary,,,,,,,v2-ruled-vocabulary-2026-08-07@a32d132-mslnfix
Q13467,surface,active,FZD5_HUMAN,false,,2026-08-06,2006-10-17,212,212,vocabulary,,,,,,,v2-ruled-vocabulary-2026-08-07@a32d132-mslnfix
O60353,surface,active,FZD6_HUMAN,false,,2026-08-06,2008-11-25,183,183,vocabulary,,,,,,,v2-ruled-vocabulary-2026-08-07@a32d132-mslnfix
O75084,surface,active,FZD7_HUMAN,false,,2026-08-06,2004-09-27,224,224,vocabulary,,,,,,,v2-ruled-vocabulary-2026-08-07@a32d132-mslnfix
Q9H461,surface,active,FZD8_HUMAN,false,,2026-08-06,2001-03-01,248,248,vocabulary,,,,,,,v2-ruled-vocabulary-2026-08-07@a32d132-mslnfix
O00144,surface,active,FZD9_HUMAN,false,,2026-08-06,1997-07-01,207,207,vocabulary,,,,,,,v2-ruled-vocabulary-2026-08-07@a32d132-mslnfix
Q96N19,surface,active,G137A_HUMAN,false,,2026-08-06,2007-02-20,,33,vocabulary,,,,,,,v2-ruled-vocabulary-2026-08-07@a32d132-mslnfix
O60478,surface,active,G137B_HUMAN,false,,2026-08-06,1998-08-01,,46,vocabulary,,,,,,,v2-ruled-vocabulary-2026-08-07@a32d132-mslnfix
Q8N3F9,surface,active,G137C_HUMAN,false,,2026-08-06,2007-09-11,,48,vocabulary,,,,,,,v2-ruled-vocabulary-2026-08-07@a32d132-mslnfix
Q8NGA4,surface,active,G32P1_HUMAN,false,,2026-08-06,2008-09-02,46,46,vocabulary,,,,,,,v2-ruled-vocabulary-2026-08-07@a32d132-mslnfix
O95866,surface,active,G6B_HUMAN,false,,2026-08-06,1999-05-01,125,125,vocabulary,,,,,,,v2-ruled-vocabulary-2026-08-07@a32d132-mslnfix
O43826,surface,active,G6PT1_HUMAN,false,,2026-08-06,1998-06-01,,18,vocabulary,,,,,,,v2-ruled-vocabulary-2026-08-07@a32d132-mslnfix
Q9UBS5,surface,active,GABR1_HUMAN,false,,2026-08-06,2000-05-01,572,572,vocabulary,,,,,,,v2-ruled-vocabulary-2026-08-07@a32d132-mslnfix
O75899,surface,active,GABR2_HUMAN,false,,2026-08-06,1998-11-01,442,442,vocabulary,,,,,,,v2-ruled-vocabulary-2026-08-07@a32d132-mslnfix
P47211,surface,active,GALR1_HUMAN,false,,2026-08-06,2010-11-02,36,36,vocabulary,,,,,,,v2-ruled-vocabulary-2026-08-07@a32d132-mslnfix
O43603,surface,active,GALR2_HUMAN,false,,2026-08-06,1998-06-01,28,28,vocabulary,,,,,,,v2-ruled-vocabulary-2026-08-07@a32d132-mslnfix
O60755,surface,active,GALR3_HUMAN,false,,2026-08-06,1998-08-01,25,25,vocabulary,,,,,,,v2-ruled-vocabulary-2026-08-07@a32d132-mslnfix
P54826,surface,active,GAS1_HUMAN,false,,2026-08-06,2008-12-16,,277,gpi_rule_A,,,,,,,v2-ruled-vocabulary-2026-08-07@a32d132-mslnfix
P32239,surface,active,GASR_HUMAN,false,,2026-08-06,1993-10-01,55,55,vocabulary,,,,,,,v2-ruled-vocabulary-2026-08-07@a32d132-mslnfix
P14867,surface,active,GBRA1_HUMAN,false,,2026-08-06,2003-01-17,226,226,vocabulary,,,,,,,v2-ruled-vocabulary-2026-08-07@a32d132-mslnfix
P47869,surface,active,GBRA2_HUMAN,false,,2026-08-06,2007-02-20,221,221,vocabulary,,,,,,,v2-ruled-vocabulary-2026-08-07@a32d132-mslnfix
P34903,surface,active,GBRA3_HUMAN,false,,2026-08-06,1994-02-01,246,246,vocabulary,,,,,,,v2-ruled-vocabulary-2026-08-07@a32d132-mslnfix
P48169,surface,active,GBRA4_HUMAN,false,,2026-08-06,2008-09-23,224,224,vocabulary,,,,,,,v2-ruled-vocabulary-2026-08-07@a32d132-mslnfix
P31644,surface,active,GBRA5_HUMAN,false,,2026-08-06,1993-07-01,229,229,vocabulary,,,,,,,v2-ruled-vocabulary-2026-08-07@a32d132-mslnfix
Q16445,surface,active,GBRA6_HUMAN,false,,2026-08-06,2007-02-20,224,224,vocabulary,,,,,,,v2-ruled-vocabulary-2026-08-07@a32d132-mslnfix
P18505,surface,active,GBRB1_HUMAN,false,,2026-08-06,2002-10-10,220,220,vocabulary,,,,,,,v2-ruled-vocabulary-2026-08-07@a32d132-mslnfix
P47870,surface,active,GBRB2_HUMAN,false,,2026-08-06,2010-03-23,216,216,vocabulary,,,,,,,v2-ruled-vocabulary-2026-08-07@a32d132-mslnfix
P28472,surface,active,GBRB3_HUMAN,false,,2026-08-06,1992-12-01,221,221,vocabulary,,,,,,,v2-ruled-vocabulary-2026-08-07@a32d132-mslnfix
O14764,surface,active,GBRD_HUMAN,false,,2026-08-06,2005-02-15,227,227,vocabulary,,,,,,,v2-ruled-vocabulary-2026-08-07@a32d132-mslnfix
P78334,surface,active,GBRE_HUMAN,false,,2026-08-06,2001-02-21,258,258,vocabulary,,,,,,,v2-ruled-vocabulary-2026-08-07@a32d132-mslnfix
Q8N1C3,surface,active,GBRG1_HUMAN,false,,2026-08-06,2008-10-14,238,238,vocabulary,,,,,,,v2-ruled-vocabulary-2026-08-07@a32d132-mslnfix
P18507,surface,active,GBRG2_HUMAN,false,,2026-08-06,2023-06-28,236,236,vocabulary,,,,,,,v2-ruled-vocabulary-2026-08-07@a32d132-mslnfix
Q99928,surface,active,GBRG3_HUMAN,false,,2026-08-06,2001-05-04,239,239,vocabulary,,,,,,,v2-ruled-vocabulary-2026-08-07@a32d132-mslnfix
O00591,surface,active,GBRP_HUMAN,false,,2026-08-06,1997-07-01,218,218,vocabulary,,,,,,,v2-ruled-vocabulary-2026-08-07@a32d132-mslnfix
P24046,surface,active,GBRR1_HUMAN,false,,2026-08-06,2009-02-10,259,259,vocabulary,,,,,,,v2-ruled-vocabulary-2026-08-07@a32d132-mslnfix
P28476,surface,active,GBRR2_HUMAN,false,,2026-08-06,2012-10-31,240,240,vocabulary,,,,,,,v2-ruled-vocabulary-2026-08-07@a32d132-mslnfix
A8MPY1,surface,active,GBRR3_HUMAN,false,,2026-08-06,2008-04-29,242,242,vocabulary,,,,,,,v2-ruled-vocabulary-2026-08-07@a32d132-mslnfix
Q9UN88,surface,active,GBRT_HUMAN,false,,2026-08-06,2022-05-25,247,247,vocabulary,,,,,,,v2-ruled-vocabulary-2026-08-07@a32d132-mslnfix
Q9HCC8,surface,active,GDPD2_HUMAN,false,,2026-08-06,2001-03-01,281,281,vocabulary,,,,,,,v2-ruled-vocabulary-2026-08-07@a32d132-mslnfix
Q8WTR4,surface,active,GDPD5_HUMAN,false,,2026-08-06,2006-10-03,283,283,vocabulary,,,,,,,v2-ruled-vocabulary-2026-08-07@a32d132-mslnfix
P56159,surface,active,GFRA1_HUMAN,false,,2026-08-06,2002-01-23,,404,gpi_rule_A,,,,,,,v2-ruled-vocabulary-2026-08-07@a32d132-mslnfix
O00451,surface,active,GFRA2_HUMAN,false,,2026-08-06,2006-10-31,,422,gpi_rule_A,,,,,,,v2-ruled-vocabulary-2026-08-07@a32d132-mslnfix
O60609,surface,active,GFRA3_HUMAN,false,,2026-08-06,2004-07-19,,342,gpi_rule_A,,,,,,,v2-ruled-vocabulary-2026-08-07@a32d132-mslnfix
Q9GZZ7,surface,active,GFRA4_HUMAN,false,,2026-08-06,2003-04-23,,257,gpi_rule_A,,,,,,,v2-ruled-vocabulary-2026-08-07@a32d132-mslnfix
Q6UXV0,surface,active,GFRAL_HUMAN,false,,2026-08-06,2006-06-13,333,333,vocabulary,,,,,,,v2-ruled-vocabulary-2026-08-07@a32d132-mslnfix
I3L273,surface,active,GFY_HUMAN,false,,2026-08-06,2012-07-11,390,390,vocabulary,,,,,,,v2-ruled-vocabulary-2026-08-07@a32d132-mslnfix
P19440,surface,active,GGT1_HUMAN,false,,2026-08-06,2006-03-07,543,543,vocabulary,,,,,,,v2-ruled-vocabulary-2026-08-07@a32d132-mslnfix
A6NGU5,surface,active,GGT3_HUMAN,false,,2026-08-06,2008-01-15,542,542,vocabulary,,,,,,,v2-ruled-vocabulary-2026-08-07@a32d132-mslnfix
Q9UJ14,surface,active,GGT7_HUMAN,false,,2026-08-06,2007-07-10,535,535,vocabulary,,,,,,,v2-ruled-vocabulary-2026-08-07@a32d132-mslnfix
Q02643,surface,active,GHRHR_HUMAN,false,,2026-08-06,1998-07-15,108,108,vocabulary,,,,,,,v2-ruled-vocabulary-2026-08-07@a32d132-mslnfix
P10912,surface,active,GHR_HUMAN,false,,2026-08-06,1989-07-01,246,246,vocabulary,,,,,,,v2-ruled-vocabulary-2026-08-07@a32d132-mslnfix
Q92847,surface,active,GHSR_HUMAN,false,,2026-08-06,1997-02-01,40,40,vocabulary,,,,,,,v2-ruled-vocabulary-2026-08-07@a32d132-mslnfix
Q9H7M9,surface,active,GI24_HUMAN,false,,2026-08-06,2010-11-02,162,162,vocabulary,,,,,,,v2-ruled-vocabulary-2026-08-07@a32d132-mslnfix
Q9NU53,surface,active,GINM1_HUMAN,false,,2026-08-06,2000-10-01,245,245,vocabulary,,,,,,,v2-ruled-vocabulary-2026-08-07@a32d132-mslnfix
P48546,surface,active,GIPR_HUMAN,false,,2026-08-06,1996-02-01,117,117,vocabulary,,,,,,,v2-ruled-vocabulary-2026-08-07@a32d132-mslnfix
Q6ZMI3,surface,active,GLDN_HUMAN,false,,2026-08-06,2004-07-05,512,512,vocabulary,,,,,,,v2-ruled-vocabulary-2026-08-07@a32d132-mslnfix
P48060,surface,active,GLIP1_HUMAN,false,,2026-08-06,2003-01-10,,,,no_extracellular_span,"no topological domain with an accepted description, and no GPI anchor",,,,,v2-ruled-vocabulary-2026-08-07@a32d132-mslnfix
P43220,surface,active,GLP1R_HUMAN,false,,2026-08-06,2010-11-02,116,116,vocabulary,,,,,,,v2-ruled-vocabulary-2026-08-07@a32d132-mslnfix
O95838,surface,active,GLP2R_HUMAN,false,,2026-08-06,1999-05-01,173,173,vocabulary,,,,,,,v2-ruled-vocabulary-2026-08-07@a32d132-mslnfix
P02724,surface,active,GLPA_HUMAN,false,,2026-08-06,2024-11-27,72,72,vocabulary,,,,,,,v2-ruled-vocabulary-2026-08-07@a32d132-mslnfix
P04921,surface,active,GLPC_HUMAN,false,,2026-08-06,1987-08-13,57,57,vocabulary,,,,,,,v2-ruled-vocabulary-2026-08-07@a32d132-mslnfix
P57057,surface,active,GLPT_HUMAN,false,,2026-08-06,2011-01-11,,,,no_extracellular_span,"no topological domain with an accepted description, and no GPI anchor",,,,,v2-ruled-vocabulary-2026-08-07@a32d132-mslnfix
P23415,surface,active,GLRA1_HUMAN,false,,2026-08-06,2006-10-17,222,222,vocabulary,,,,,,,v2-ruled-vocabulary-2026-08-07@a32d132-mslnfix
P23416,surface,active,GLRA2_HUMAN,false,,2026-08-06,1991-11-01,229,229,vocabulary,,,,,,,v2-ruled-vocabulary-2026-08-07@a32d132-mslnfix
O75311,surface,active,GLRA3_HUMAN,false,,2026-08-06,2006-10-17,222,222,vocabulary,,,,,,,v2-ruled-vocabulary-2026-08-07@a32d132-mslnfix
Q5JXX5,surface,inactive,GLRA4_HUMAN,false,,,,,,,,not fetched: uniprot_inactive,,,,,
P48167,surface,active,GLRB_HUMAN,false,,2026-08-06,1996-02-01,246,246,vocabulary,,,,,,,v2-ruled-vocabulary-2026-08-07@a32d132-mslnfix
P47871,surface,active,GLR_HUMAN,false,,2026-08-06,1996-02-01,111,111,vocabulary,,,,,,,v2-ruled-vocabulary-2026-08-07@a32d132-mslnfix
Q99445,surface,active,GML_HUMAN,false,,2026-08-06,1997-05-01,,,,no_extracellular_span,"no topological domain with an accepted description, and no GPI anchor",,,,,v2-ruled-vocabulary-2026-08-07@a32d132-mslnfix
P30968,surface,active,GNRHR_HUMAN,false,,2026-08-06,1993-07-01,38,38,vocabulary,,,,,,,v2-ruled-vocabulary-2026-08-07@a32d132-mslnfix
Q96P88,surface,active,GNRR2_HUMAN,false,,2026-08-06,2012-10-03,28,28,vocabulary,,,,,,,v2-ruled-vocabulary-2026-08-07@a32d132-mslnfix
Q86XS8,surface,active,GOLI_HUMAN,false,,2026-08-06,2003-06-01,167,167,vocabulary,,,,,,,v2-ruled-vocabulary-2026-08-07@a32d132-mslnfix
Q96P66,surface,active,GP101_HUMAN,false,,2026-08-06,2001-12-01,35,35,vocabulary,,,,,,,v2-ruled-vocabulary-2026-08-07@a32d132-mslnfix
Q5VW38,surface,active,GP107_HUMAN,false,,2026-08-06,2004-12-07,224,224,vocabulary,,,,,,,v2-ruled-vocabulary-2026-08-07@a32d132-mslnfix
Q9NPR9,surface,active,GP108_HUMAN,false,,2026-08-06,2010-05-18,,,,no_extracellular_span,"no topological domain with an accepted description, and no GPI anchor",,,,,v2-ruled-vocabulary-2026-08-07@a32d132-mslnfix
Q5T601,surface,active,GP110_HUMAN,false,,2026-08-06,2010-08-10,564,564,vocabulary,,,,,,,v2-ruled-vocabulary-2026-08-07@a32d132-mslnfix
Q8IZF7,surface,active,GP111_HUMAN,false,,2026-08-06,2003-03-01,451,451,vocabulary,,,,,,,v2-ruled-vocabulary-2026-08-07@a32d132-mslnfix
Q8IZF6,surface,active,GP112_HUMAN,false,,2026-08-06,2009-09-22,2713,2713,vocabulary,,,,,,,v2-ruled-vocabulary-2026-08-07@a32d132-mslnfix
Q8IZF5,surface,active,GP113_HUMAN,false,,2026-08-06,2003-03-01,750,750,vocabulary,,,,,,,v2-ruled-vocabulary-2026-08-07@a32d132-mslnfix
Q8IZF4,surface,active,GP114_HUMAN,false,,2026-08-06,2007-05-29,224,224,vocabulary,,,,,,,v2-ruled-vocabulary-2026-08-07@a32d132-mslnfix
Q8IZF3,surface,active,GP115_HUMAN,false,,2026-08-06,2010-05-18,385,385,vocabulary,,,,,,,v2-ruled-vocabulary-2026-08-07@a32d132-mslnfix
Q8IZF2,surface,active,GP116_HUMAN,false,,2026-08-06,2009-05-05,985,985,vocabulary,,,,,,,v2-ruled-vocabulary-2026-08-07@a32d132-mslnfix
Q8TDV5,surface,active,GP119_HUMAN,false,,2026-08-06,2002-06-01,23,23,vocabulary,,,,,,,v2-ruled-vocabulary-2026-08-07@a32d132-mslnfix
Q86SQ6,surface,active,GP123_HUMAN,false,,2026-08-06,2010-11-30,20,20,vocabulary,,,,,,,v2-ruled-vocabulary-2026-08-07@a32d132-mslnfix
Q96PE1,surface,active,GP124_HUMAN,false,,2026-08-06,2009-01-20,738,738,vocabulary,,,,,,,v2-ruled-vocabulary-2026-08-07@a32d132-mslnfix
Q8IWK6,surface,active,GP125_HUMAN,false,,2026-08-06,2004-07-19,728,728,vocabulary,,,,,,,v2-ruled-vocabulary-2026-08-07@a32d132-mslnfix
Q86SQ4,surface,active,GP126_HUMAN,false,,2026-08-06,2008-11-25,825,825,vocabulary,,,,,,,v2-ruled-vocabulary-2026-08-07@a32d132-mslnfix
Q96K78,surface,active,GP128_HUMAN,false,,2026-08-06,2009-05-05,412,412,vocabulary,,,,,,,v2-ruled-vocabulary-2026-08-07@a32d132-mslnfix
Q9UNW8,surface,active,GP132_HUMAN,false,,2026-08-06,2000-05-01,45,45,vocabulary,,,,,,,v2-ruled-vocabulary-2026-08-07@a32d132-mslnfix
Q6QNK2,surface,active,GP133_HUMAN,false,,2026-08-06,2004-07-05,542,542,vocabulary,,,,,,,v2-ruled-vocabulary-2026-08-07@a32d132-mslnfix
Q6DWJ6,surface,active,GP139_HUMAN,false,,2026-08-06,2004-08-16,29,29,vocabulary,,,,,,,v2-ruled-vocabulary-2026-08-07@a32d132-mslnfix
Q7Z602,surface,active,GP141_HUMAN,false,,2026-08-06,2003-10-01,31,31,vocabulary,,,,,,,v2-ruled-vocabulary-2026-08-07@a32d132-mslnfix
Q7Z601,surface,active,GP142_HUMAN,false,,2026-08-06,2003-10-01,152,152,vocabulary,,,,,,,v2-ruled-vocabulary-2026-08-07@a32d132-mslnfix
P51810,surface,active,GP143_HUMAN,false,,2026-08-06,1998-07-15,28,28,vocabulary,,,,,,,v2-ruled-vocabulary-2026-08-07@a32d132-mslnfix
Q7Z7M1,surface,active,GP144_HUMAN,false,,2026-08-06,2003-10-01,662,662,vocabulary,,,,,,,v2-ruled-vocabulary-2026-08-07@a32d132-mslnfix
Q96CH1,surface,active,GP146_HUMAN,false,,2026-08-06,2001-12-01,30,30,vocabulary,,,,,,,v2-ruled-vocabulary-2026-08-07@a32d132-mslnfix
Q8TDV2,surface,active,GP148_HUMAN,false,,2026-08-06,2010-11-02,51,51,vocabulary,,,,,,,v2-ruled-vocabulary-2026-08-07@a32d132-mslnfix
Q86SP6,surface,active,GP149_HUMAN,false,,2026-08-06,2005-12-20,35,35,vocabulary,,,,,,,v2-ruled-vocabulary-2026-08-07@a32d132-mslnfix
Q8NGU9,surface,active,GP150_HUMAN,false,,2026-08-06,2002-10-01,54,54,vocabulary,,,,,,,v2-ruled-vocabulary-2026-08-07@a32d132-mslnfix
Q8TDV0,surface,active,GP151_HUMAN,false,,2026-08-06,2002-06-01,41,41,vocabulary,,,,,,,v2-ruled-vocabulary-2026-08-07@a32d132-mslnfix
Q8TDT2,surface,active,GP152_HUMAN,false,,2026-08-06,2002-06-01,33,33,vocabulary,,,,,,,v2-ruled-vocabulary-2026-08-07@a32d132-mslnfix
Q6NV75,surface,active,GP153_HUMAN,false,,2026-08-06,2005-11-08,28,28,vocabulary,,,,,,,v2-ruled-vocabulary-2026-08-07@a32d132-mslnfix
Q7Z3F1,surface,active,GP155_HUMAN,false,,2026-08-06,2005-06-21,,38,vocabulary,,,,,,,v2-ruled-vocabulary-2026-08-07@a32d132-mslnfix
Q8NFN8,surface,active,GP156_HUMAN,false,,2026-08-06,2010-05-18,47,47,vocabulary,,,,,,,v2-ruled-vocabulary-2026-08-07@a32d132-mslnfix
Q5UAW9,surface,active,GP157_HUMAN,false,,2026-08-06,2005-08-16,26,26,vocabulary,,,,,,,v2-ruled-vocabulary-2026-08-07@a32d132-mslnfix
Q5T848,surface,active,GP158_HUMAN,false,,2026-08-06,2004-12-21,394,394,vocabulary,,,,,,,v2-ruled-vocabulary-2026-08-07@a32d132-mslnfix
Q9UJ42,surface,active,GP160_HUMAN,false,,2026-08-06,2000-05-01,23,23,vocabulary,,,,,,,v2-ruled-vocabulary-2026-08-07@a32d132-mslnfix
Q8N6U8,surface,active,GP161_HUMAN,false,,2026-08-06,2002-10-01,33,33,vocabulary,,,,,,,v2-ruled-vocabulary-2026-08-07@a32d132-mslnfix
Q16538,surface,active,GP162_HUMAN,false,,2026-08-06,1996-11-01,21,21,vocabulary,,,,,,,v2-ruled-vocabulary-2026-08-07@a32d132-mslnfix
O14626,surface,active,GP171_HUMAN,false,,2026-08-06,1998-01-01,28,28,vocabulary,,,,,,,v2-ruled-vocabulary-2026-08-07@a32d132-mslnfix
Q9NS66,surface,active,GP173_HUMAN,false,,2026-08-06,2000-10-01,28,28,vocabulary,,,,,,,v2-ruled-vocabulary-2026-08-07@a32d132-mslnfix
Q9BXC1,surface,active,GP174_HUMAN,false,,2026-08-06,2001-06-01,27,27,vocabulary,,,,,,,v2-ruled-vocabulary-2026-08-07@a32d132-mslnfix
Q14439,surface,active,GP176_HUMAN,false,,2026-08-06,1996-11-01,42,42,vocabulary,,,,,,,v2-ruled-vocabulary-2026-08-07@a32d132-mslnfix
Q6PRD1,surface,active,GP179_HUMAN,false,,2026-08-06,2006-01-10,356,356,vocabulary,,,,,,,v2-ruled-vocabulary-2026-08-07@a32d132-mslnfix
Q86V85,surface,active,GP180_HUMAN,false,,2026-08-06,2003-06-01,,,,no_extracellular_span,"no topological domain with an accepted description, and no GPI anchor",,,,,v2-ruled-vocabulary-2026-08-07@a32d132-mslnfix
O15218,surface,active,GP182_HUMAN,false,,2026-08-06,1998-01-01,57,57,vocabulary,,,,,,,v2-ruled-vocabulary-2026-08-07@a32d132-mslnfix
P32249,surface,active,GP183_HUMAN,false,,2026-08-06,2008-09-02,31,31,vocabulary,,,,,,,v2-ruled-vocabulary-2026-08-07@a32d132-mslnfix
P07359,surface,active,GP1BA_HUMAN,false,,2026-08-06,2014-04-16,515,515,vocabulary,,,,,,,v2-ruled-vocabulary-2026-08-07@a32d132-mslnfix
P13224,surface,active,GP1BB_HUMAN,false,,2026-08-06,1990-01-01,121,121,vocabulary,,,,,,,v2-ruled-vocabulary-2026-08-07@a32d132-mslnfix
P55259,surface,active,GP2_HUMAN,false,,2026-08-06,2008-11-25,,483,gpi_rule_A,,,,,,,v2-ruled-vocabulary-2026-08-07@a32d132-mslnfix
Q99795,surface,active,GPA33_HUMAN,false,,2026-08-06,1997-05-01,214,214,vocabulary,,,,,,,v2-ruled-vocabulary-2026-08-07@a32d132-mslnfix
Q8TDU6,surface,active,GPBAR_HUMAN,false,,2026-08-06,2002-06-01,21,21,vocabulary,,,,,,,v2-ruled-vocabulary-2026-08-07@a32d132-mslnfix
P35052,surface,active,GPC1_HUMAN,false,,2026-08-06,2010-03-23,,506,gpi_rule_A,,,,,,,v2-ruled-vocabulary-2026-08-07@a32d132-mslnfix
Q8N158,surface,active,GPC2_HUMAN,false,,2026-08-06,2002-10-01,,530,gpi_rule_A,,,,,,,v2-ruled-vocabulary-2026-08-07@a32d132-mslnfix
P51654,surface,active,GPC3_HUMAN,false,,2026-08-06,1996-10-01,,195,gpi_rule_A,,,,,,chain_start_ambiguous,v2-ruled-vocabulary-2026-08-07@a32d132-mslnfix
O75487,surface,active,GPC4_HUMAN,false,,2026-08-06,2003-05-16,,510,gpi_rule_A,,,,,,,v2-ruled-vocabulary-2026-08-07@a32d132-mslnfix
Q9NZH0,surface,active,GPC5B_HUMAN,false,,2026-08-06,2004-04-13,28,28,vocabulary,,,,,,,v2-ruled-vocabulary-2026-08-07@a32d132-mslnfix
Q9NQ84,surface,active,GPC5C_HUMAN,false,,2026-08-06,2004-04-13,32,32,vocabulary,,,,,,,v2-ruled-vocabulary-2026-08-07@a32d132-mslnfix
Q9NZD1,surface,active,GPC5D_HUMAN,false,,2026-08-06,2000-10-01,27,27,vocabulary,,,,,,,v2-ruled-vocabulary-2026-08-07@a32d132-mslnfix
P78333,surface,active,GPC5_HUMAN,false,,2026-08-06,1997-05-01,,,,no_extracellular_span,"no topological domain with an accepted description, and no GPI anchor",,,,,v2-ruled-vocabulary-2026-08-07@a32d132-mslnfix
Q5T6X5,surface,active,GPC6A_HUMAN,false,,2026-08-06,2004-12-21,576,576,vocabulary,,,,,,,v2-ruled-vocabulary-2026-08-07@a32d132-mslnfix
Q9Y625,surface,active,GPC6_HUMAN,false,,2026-08-06,1999-11-01,,505,gpi_rule_A,,,,,,,v2-ruled-vocabulary-2026-08-07@a32d132-mslnfix
Q99527,surface,active,GPER1_HUMAN,false,,2026-08-06,1997-05-01,62,62,vocabulary,,,,,,,v2-ruled-vocabulary-2026-08-07@a32d132-mslnfix
P51674,surface,active,GPM6A_HUMAN,false,,2026-08-06,1997-11-01,65,65,vocabulary,,,,,,,v2-ruled-vocabulary-2026-08-07@a32d132-mslnfix
Q13491,surface,active,GPM6B_HUMAN,false,,2026-08-06,2002-04-03,,,,no_extracellular_span,"no topological domain with an accepted description, and no GPI anchor",,,,,v2-ruled-vocabulary-2026-08-07@a32d132-mslnfix
Q14956,surface,active,GPNMB_HUMAN,false,,2026-08-06,2005-03-15,476,476,vocabulary,,,,,,,v2-ruled-vocabulary-2026-08-07@a32d132-mslnfix
P47775,surface,active,GPR12_HUMAN,false,,2026-08-06,1996-02-01,48,48,vocabulary,,,,,,,v2-ruled-vocabulary-2026-08-07@a32d132-mslnfix
P49685,surface,active,GPR15_HUMAN,false,,2026-08-06,1996-02-01,33,33,vocabulary,,,,,,,v2-ruled-vocabulary-2026-08-07@a32d132-mslnfix
Q13304,surface,active,GPR17_HUMAN,false,,2026-08-06,2002-05-27,64,64,vocabulary,,,,,,,v2-ruled-vocabulary-2026-08-07@a32d132-mslnfix
Q14330,surface,active,GPR18_HUMAN,false,,2026-08-06,2006-03-07,32,32,vocabulary,,,,,,,v2-ruled-vocabulary-2026-08-07@a32d132-mslnfix
Q15760,surface,active,GPR19_HUMAN,false,,2026-08-06,2011-02-08,69,69,vocabulary,,,,,,,v2-ruled-vocabulary-2026-08-07@a32d132-mslnfix
P46091,surface,active,GPR1_HUMAN,false,,2026-08-06,2005-11-22,41,41,vocabulary,,,,,,,v2-ruled-vocabulary-2026-08-07@a32d132-mslnfix
Q99678,surface,active,GPR20_HUMAN,false,,2026-08-06,2009-12-15,48,48,vocabulary,,,,,,,v2-ruled-vocabulary-2026-08-07@a32d132-mslnfix
Q99679,surface,active,GPR21_HUMAN,false,,2026-08-06,1997-05-01,32,32,vocabulary,,,,,,,v2-ruled-vocabulary-2026-08-07@a32d132-mslnfix
Q99680,surface,active,GPR22_HUMAN,false,,2026-08-06,2006-10-17,45,45,vocabulary,,,,,,,v2-ruled-vocabulary-2026-08-07@a32d132-mslnfix
O00155,surface,active,GPR25_HUMAN,false,,2026-08-06,2004-05-10,39,39,vocabulary,,,,,,,v2-ruled-vocabulary-2026-08-07@a32d132-mslnfix
Q8NDV2,surface,active,GPR26_HUMAN,false,,2026-08-06,2002-10-01,24,24,vocabulary,,,,,,,v2-ruled-vocabulary-2026-08-07@a32d132-mslnfix
Q9NS67,surface,active,GPR27_HUMAN,false,,2026-08-06,2000-10-01,23,23,vocabulary,,,,,,,v2-ruled-vocabulary-2026-08-07@a32d132-mslnfix
O00270,surface,active,GPR31_HUMAN,false,,2026-08-06,2005-03-01,28,28,vocabulary,,,,,,,v2-ruled-vocabulary-2026-08-07@a32d132-mslnfix
O75388,surface,active,GPR32_HUMAN,false,,2026-08-06,1998-11-01,44,44,vocabulary,,,,,,,v2-ruled-vocabulary-2026-08-07@a32d132-mslnfix
Q49SQ1,surface,active,GPR33_HUMAN,false,,2026-08-06,2005-09-13,44,44,vocabulary,,,,,,,v2-ruled-vocabulary-2026-08-07@a32d132-mslnfix
Q9UPC5,surface,active,GPR34_HUMAN,false,,2026-08-06,2001-01-24,61,61,vocabulary,,,,,,,v2-ruled-vocabulary-2026-08-07@a32d132-mslnfix
Q9HC97,surface,active,GPR35_HUMAN,false,,2026-08-06,2005-06-21,17,17,vocabulary,,,,,,,v2-ruled-vocabulary-2026-08-07@a32d132-mslnfix
O15354,surface,active,GPR37_HUMAN,false,,2026-08-06,1999-01-01,239,239,vocabulary,,,,,,,v2-ruled-vocabulary-2026-08-07@a32d132-mslnfix
O43194,surface,active,GPR39_HUMAN,false,,2026-08-06,1998-06-01,45,45,vocabulary,,,,,,,v2-ruled-vocabulary-2026-08-07@a32d132-mslnfix
P46089,surface,active,GPR3_HUMAN,false,,2026-08-06,1995-11-01,42,42,vocabulary,,,,,,,v2-ruled-vocabulary-2026-08-07@a32d132-mslnfix
O15529,surface,active,GPR42_HUMAN,false,,2026-08-06,2023-06-28,25,25,vocabulary,,,,,,,v2-ruled-vocabulary-2026-08-07@a32d132-mslnfix
Q9Y5Y3,surface,active,GPR45_HUMAN,false,,2026-08-06,2005-11-22,38,38,vocabulary,,,,,,,v2-ruled-vocabulary-2026-08-07@a32d132-mslnfix
P46093,surface,active,GPR4_HUMAN,false,,2026-08-06,1996-10-01,16,16,vocabulary,,,,,,,v2-ruled-vocabulary-2026-08-07@a32d132-mslnfix
Q9Y2T5,surface,active,GPR52_HUMAN,false,,2026-08-06,2005-09-27,44,44,vocabulary,,,,,,,v2-ruled-vocabulary-2026-08-07@a32d132-mslnfix
Q9Y2T6,surface,active,GPR55_HUMAN,false,,2026-08-06,2005-05-10,22,22,vocabulary,,,,,,,v2-ruled-vocabulary-2026-08-07@a32d132-mslnfix
Q9Y653,surface,active,GPR56_HUMAN,false,,2026-08-06,2004-03-15,376,376,vocabulary,,,,,,,v2-ruled-vocabulary-2026-08-07@a32d132-mslnfix
Q9BZJ8,surface,active,GPR61_HUMAN,false,,2026-08-06,2005-09-27,44,44,vocabulary,,,,,,,v2-ruled-vocabulary-2026-08-07@a32d132-mslnfix
Q9BZJ7,surface,active,GPR62_HUMAN,false,,2026-08-06,2010-05-18,27,27,vocabulary,,,,,,,v2-ruled-vocabulary-2026-08-07@a32d132-mslnfix
Q9BZJ6,surface,active,GPR63_HUMAN,false,,2026-08-06,2001-10-01,81,81,vocabulary,,,,,,,v2-ruled-vocabulary-2026-08-07@a32d132-mslnfix
Q8IZP9,surface,active,GPR64_HUMAN,false,,2026-08-06,2009-05-05,590,590,vocabulary,,,,,,,v2-ruled-vocabulary-2026-08-07@a32d132-mslnfix
P46095,surface,active,GPR6_HUMAN,false,,2026-08-06,1995-11-01,74,74,vocabulary,,,,,,,v2-ruled-vocabulary-2026-08-07@a32d132-mslnfix
O95800,surface,active,GPR75_HUMAN,false,,2026-08-06,1999-05-01,46,46,vocabulary,,,,,,,v2-ruled-vocabulary-2026-08-07@a32d132-mslnfix
Q96P69,surface,active,GPR78_HUMAN,false,,2026-08-06,2004-04-13,25,25,vocabulary,,,,,,,v2-ruled-vocabulary-2026-08-07@a32d132-mslnfix
Q96P67,surface,active,GPR82_HUMAN,false,,2026-08-06,2001-12-01,64,64,vocabulary,,,,,,,v2-ruled-vocabulary-2026-08-07@a32d132-mslnfix
Q9NYM4,surface,active,GPR83_HUMAN,false,,2026-08-06,2008-11-04,54,54,vocabulary,,,,,,,v2-ruled-vocabulary-2026-08-07@a32d132-mslnfix
Q9NQS5,surface,active,GPR84_HUMAN,false,,2026-08-06,2000-10-01,26,26,vocabulary,,,,,,,v2-ruled-vocabulary-2026-08-07@a32d132-mslnfix
P60893,surface,active,GPR85_HUMAN,false,,2026-08-06,2004-04-13,30,30,vocabulary,,,,,,,v2-ruled-vocabulary-2026-08-07@a32d132-mslnfix
Q9BY21,surface,active,GPR87_HUMAN,false,,2026-08-06,2001-06-01,47,47,vocabulary,,,,,,,v2-ruled-vocabulary-2026-08-07@a32d132-mslnfix
Q9GZN0,surface,active,GPR88_HUMAN,false,,2026-08-06,2009-03-24,35,35,vocabulary,,,,,,,v2-ruled-vocabulary-2026-08-07@a32d132-mslnfix
Q86Y34,surface,active,GPR97_HUMAN,false,,2026-08-06,2003-06-01,250,250,vocabulary,,,,,,,v2-ruled-vocabulary-2026-08-07@a32d132-mslnfix
Q8WXG9,surface,active,GPR98_HUMAN,false,,2026-08-06,2011-04-05,5879,5879,vocabulary,,,,,,,v2-ruled-vocabulary-2026-08-07@a32d132-mslnfix
Q9HCN6,surface,active,GPVI_HUMAN,false,,2026-08-06,2011-04-05,247,247,vocabulary,,,,,,,v2-ruled-vocabulary-2026-08-07@a32d132-mslnfix
P40197,surface,active,GPV_HUMAN,false,,2026-08-06,1995-02-01,507,507,vocabulary,,,,,,,v2-ruled-vocabulary-2026-08-07@a32d132-mslnfix
P42261,surface,active,GRIA1_HUMAN,false,,2026-08-06,2006-10-17,518,518,vocabulary,,,,,,,v2-ruled-vocabulary-2026-08-07@a32d132-mslnfix
P42262,surface,active,GRIA2_HUMAN,false,,2026-08-06,2002-10-10,519,519,vocabulary,,,,,,,v2-ruled-vocabulary-2026-08-07@a32d132-mslnfix
P42263,surface,active,GRIA3_HUMAN,false,,2026-08-06,2005-10-11,524,524,vocabulary,,,,,,,v2-ruled-vocabulary-2026-08-07@a32d132-mslnfix
P48058,surface,active,GRIA4_HUMAN,false,,2026-08-06,2008-12-16,523,523,vocabulary,,,,,,,v2-ruled-vocabulary-2026-08-07@a32d132-mslnfix
Q9ULK0,surface,active,GRID1_HUMAN,false,,2026-08-06,2003-11-14,542,542,vocabulary,,,,,,,v2-ruled-vocabulary-2026-08-07@a32d132-mslnfix
O43424,surface,active,GRID2_HUMAN,false,,2026-08-06,2009-05-05,543,543,vocabulary,,,,,,,v2-ruled-vocabulary-2026-08-07@a32d132-mslnfix
P39086,surface,active,GRIK1_HUMAN,false,,2026-08-06,1995-02-01,546,546,vocabulary,,,,,,,v2-ruled-vocabulary-2026-08-07@a32d132-mslnfix
Q13002,surface,active,GRIK2_HUMAN,false,,2026-08-06,1996-11-01,520,520,vocabulary,,,,,,,v2-ruled-vocabulary-2026-08-07@a32d132-mslnfix
Q13003,surface,active,GRIK3_HUMAN,false,,2026-08-06,2008-11-04,532,532,vocabulary,,,,,,,v2-ruled-vocabulary-2026-08-07@a32d132-mslnfix
Q16099,surface,active,GRIK4_HUMAN,false,,2026-08-06,2008-10-14,525,525,vocabulary,,,,,,,v2-ruled-vocabulary-2026-08-07@a32d132-mslnfix
Q16478,surface,active,GRIK5_HUMAN,false,,2026-08-06,2008-10-14,530,530,vocabulary,,,,,,,v2-ruled-vocabulary-2026-08-07@a32d132-mslnfix
Q3KR37,surface,active,GRM1B_HUMAN,false,,2026-08-06,2005-11-08,,,,no_extracellular_span,"no topological domain with an accepted description, and no GPI anchor",,,,,v2-ruled-vocabulary-2026-08-07@a32d132-mslnfix
Q13255,surface,active,GRM1_HUMAN,false,,2026-08-06,2010-11-02,574,574,vocabulary,,,,,,,v2-ruled-vocabulary-2026-08-07@a32d132-mslnfix
Q14416,surface,active,GRM2_HUMAN,false,,2026-08-06,2005-09-27,549,549,vocabulary,,,,,,,v2-ruled-vocabulary-2026-08-07@a32d132-mslnfix
Q14832,surface,active,GRM3_HUMAN,false,,2026-08-06,2005-09-27,554,554,vocabulary,,,,,,,v2-ruled-vocabulary-2026-08-07@a32d132-mslnfix
Q14833,surface,active,GRM4_HUMAN,false,,2026-08-06,1997-11-01,555,555,vocabulary,,,,,,,v2-ruled-vocabulary-2026-08-07@a32d132-mslnfix
P41594,surface,active,GRM5_HUMAN,false,,2026-08-06,1996-10-01,559,559,vocabulary,,,,,,,v2-ruled-vocabulary-2026-08-07@a32d132-mslnfix
O15303,surface,active,GRM6_HUMAN,false,,2026-08-06,2009-06-16,561,561,vocabulary,,,,,,,v2-ruled-vocabulary-2026-08-07@a32d132-mslnfix
Q14831,surface,active,GRM7_HUMAN,false,,2026-08-06,1997-11-01,556,556,vocabulary,,,,,,,v2-ruled-vocabulary-2026-08-07@a32d132-mslnfix
O00222,surface,active,GRM8_HUMAN,false,,2026-08-06,2000-12-01,550,550,vocabulary,,,,,,,v2-ruled-vocabulary-2026-08-07@a32d132-mslnfix
P30550,surface,active,GRPR_HUMAN,false,,2026-08-06,1993-04-01,38,38,vocabulary,,,,,,,v2-ruled-vocabulary-2026-08-07@a32d132-mslnfix
Q6UXU4,surface,active,GSG1L_HUMAN,false,,2026-08-06,2008-04-29,103,103,vocabulary,,,,,,,v2-ruled-vocabulary-2026-08-07@a32d132-mslnfix
A8MUP6,surface,active,GSG1M_HUMAN,false,,2026-08-06,2015-10-14,91,91,vocabulary,,,,,,,v2-ruled-vocabulary-2026-08-07@a32d132-mslnfix
Q2KHT4,surface,active,GSG1_HUMAN,false,,2026-08-06,2008-04-29,,,,no_extracellular_span,"no topological domain with an accepted description, and no GPI anchor",,,,,v2-ruled-vocabulary-2026-08-07@a32d132-mslnfix
O95528,surface,active,GTR10_HUMAN,false,,2026-08-06,2001-06-01,95,95,vocabulary,,,,,,,v2-ruled-vocabulary-2026-08-07@a32d132-mslnfix
Q9BYW1,surface,active,GTR11_HUMAN,false,,2026-08-06,2001-06-01,29,29,vocabulary,,,,,,,v2-ruled-vocabulary-2026-08-07@a32d132-mslnfix
Q8TD20,surface,active,GTR12_HUMAN,false,,2026-08-06,2002-06-01,100,100,vocabulary,,,,,,,v2-ruled-vocabulary-2026-08-07@a32d132-mslnfix
Q8TDB8,surface,active,GTR14_HUMAN,false,,2026-08-06,2002-06-01,38,38,vocabulary,,,,,,,v2-ruled-vocabulary-2026-08-07@a32d132-mslnfix
P11166,surface,active,GTR1_HUMAN,false,,2026-08-06,2006-10-03,33,33,vocabulary,,,,,,,v2-ruled-vocabulary-2026-08-07@a32d132-mslnfix
P11168,surface,active,GTR2_HUMAN,false,,2026-08-06,1989-07-01,67,67,vocabulary,,,,,,,v2-ruled-vocabulary-2026-08-07@a32d132-mslnfix
P11169,surface,active,GTR3_HUMAN,false,,2026-08-06,1989-07-01,32,32,vocabulary,,,,,,,v2-ruled-vocabulary-2026-08-07@a32d132-mslnfix
P14672,surface,active,GTR4_HUMAN,false,,2026-08-06,1990-04-01,36,36,vocabulary,,,,,,,v2-ruled-vocabulary-2026-08-07@a32d132-mslnfix
P22732,surface,active,GTR5_HUMAN,false,,2026-08-06,1991-08-01,29,29,vocabulary,,,,,,,v2-ruled-vocabulary-2026-08-07@a32d132-mslnfix
Q9UGQ3,surface,active,GTR6_HUMAN,false,,2026-08-06,2007-06-26,35,35,vocabulary,,,,,,,v2-ruled-vocabulary-2026-08-07@a32d132-mslnfix
Q6PXP3,surface,active,GTR7_HUMAN,false,,2026-08-06,2007-05-01,36,36,vocabulary,,,,,,,v2-ruled-vocabulary-2026-08-07@a32d132-mslnfix
Q9NY64,surface,active,GTR8_HUMAN,false,,2026-08-06,2007-04-17,27,27,vocabulary,,,,,,,v2-ruled-vocabulary-2026-08-07@a32d132-mslnfix
Q9NRM0,surface,active,GTR9_HUMAN,false,,2026-08-06,2010-07-13,35,35,vocabulary,,,,,,,v2-ruled-vocabulary-2026-08-07@a32d132-mslnfix
P25092,surface,active,GUC2C_HUMAN,false,,2026-08-06,2010-11-02,407,407,vocabulary,,,,,,,v2-ruled-vocabulary-2026-08-07@a32d132-mslnfix
Q96D42,surface,active,HAVR1_HUMAN,false,,2026-08-06,2019-04-10,275,275,vocabulary,,,,,,,v2-ruled-vocabulary-2026-08-07@a32d132-mslnfix
Q8TDQ0,surface,active,HAVR2_HUMAN,false,,2026-08-06,2010-11-02,181,181,vocabulary,,,,,,,v2-ruled-vocabulary-2026-08-07@a32d132-mslnfix
Q99075,surface,active,HBEGF_HUMAN,false,,2026-08-06,1994-06-01,141,141,vocabulary,,,,,,,v2-ruled-vocabulary-2026-08-07@a32d132-mslnfix
Q9BXC0,surface,active,HCAR1_HUMAN,false,,2026-08-06,2001-06-01,31,31,vocabulary,,,,,,,v2-ruled-vocabulary-2026-08-07@a32d132-mslnfix
Q8TDS4,surface,active,HCAR2_HUMAN,false,,2026-08-06,2002-06-01,33,33,vocabulary,,,,,,,v2-ruled-vocabulary-2026-08-07@a32d132-mslnfix
P49019,surface,active,HCAR3_HUMAN,false,,2026-08-06,2013-06-26,31,31,vocabulary,,,,,,,v2-ruled-vocabulary-2026-08-07@a32d132-mslnfix
Q8IV16,surface,active,HDBP1_HUMAN,false,,2026-08-06,2022-02-23,,130,gpi_rule_A,,,,,,,v2-ruled-vocabulary-2026-08-07@a32d132-mslnfix
A8MVW5,surface,active,HECA2_HUMAN,false,,2026-08-06,2007-12-04,,,,no_extracellular_span,"no topological domain with an accepted description, and no GPI anchor",,,,,v2-ruled-vocabulary-2026-08-07@a32d132-mslnfix
Q14CZ8,surface,active,HECAM_HUMAN,false,,2026-08-06,2006-08-22,207,207,vocabulary,,,,,,,v2-ruled-vocabulary-2026-08-07@a32d132-mslnfix
Q9ULI3,surface,active,HEG1_HUMAN,false,,2026-08-06,2007-05-15,1219,1219,vocabulary,,,,,,,v2-ruled-vocabulary-2026-08-07@a32d132-mslnfix
Q9BQS7,surface,active,HEPH_HUMAN,false,,2026-08-06,2004-09-27,1087,1087,vocabulary,,,,,,,v2-ruled-vocabulary-2026-08-07@a32d132-mslnfix
Q30201,surface,active,HFE_HUMAN,false,,2026-08-06,1997-11-01,284,284,vocabulary,,,,,,,v2-ruled-vocabulary-2026-08-07@a32d132-mslnfix
P04233,surface,active,HG2A_HUMAN,false,,2026-08-06,2002-04-16,224,224,vocabulary,,,,,,,v2-ruled-vocabulary-2026-08-07@a32d132-mslnfix
Q9UM44,surface,active,HHLA2_HUMAN,false,,2026-08-06,2000-05-01,,,,no_extracellular_span,"no topological domain with an accepted description, and no GPI anchor",,,,,v2-ruled-vocabulary-2026-08-07@a32d132-mslnfix
Q96MC6,surface,active,HIAT1_HUMAN,false,,2026-08-06,2004-10-11,42,42,vocabulary,,,,,,,v2-ruled-vocabulary-2026-08-07@a32d132-mslnfix
A8MVS5,surface,active,HIDE1_HUMAN,false,,2026-08-06,2009-04-14,98,98,vocabulary,,,,,,,v2-ruled-vocabulary-2026-08-07@a32d132-mslnfix
P13747,surface,active,HLAE_HUMAN,false,,2026-08-06,2018-12-05,284,284,vocabulary,,,,,,,v2-ruled-vocabulary-2026-08-07@a32d132-mslnfix
P30511,surface,active,HLAF_HUMAN,false,,2026-08-06,2011-01-11,284,284,vocabulary,,,,,,,v2-ruled-vocabulary-2026-08-07@a32d132-mslnfix
P17693,surface,active,HLAG_HUMAN,false,,2026-08-06,1990-08-01,284,284,vocabulary,,,,,,,v2-ruled-vocabulary-2026-08-07@a32d132-mslnfix
P01893,surface,active,HLAH_HUMAN,false,,2026-08-06,2010-10-05,284,284,vocabulary,,,,,,,v2-ruled-vocabulary-2026-08-07@a32d132-mslnfix
Q8TCT9,surface,active,HM13_HUMAN,false,,2026-08-06,2002-06-01,,31,vocabulary,,,,,,,v2-ruled-vocabulary-2026-08-07@a32d132-mslnfix
Q95460,surface,active,HMR1_HUMAN,false,,2026-08-06,1997-02-01,280,280,vocabulary,,,,,,,v2-ruled-vocabulary-2026-08-07@a32d132-mslnfix
Q6MZM0,surface,active,HPHL1_HUMAN,false,,2026-08-06,2008-09-02,1090,1090,vocabulary,,,,,,,v2-ruled-vocabulary-2026-08-07@a32d132-mslnfix
P35367,surface,active,HRH1_HUMAN,false,,2026-08-06,1994-06-01,29,29,vocabulary,,,,,,,v2-ruled-vocabulary-2026-08-07@a32d132-mslnfix
P25021,surface,active,HRH2_HUMAN,false,,2026-08-06,1992-05-01,20,20,vocabulary,,,,,,,v2-ruled-vocabulary-2026-08-07@a32d132-mslnfix
Q9Y5N1,surface,active,HRH3_HUMAN,false,,2026-08-06,2001-11-16,39,39,vocabulary,,,,,,,v2-ruled-vocabulary-2026-08-07@a32d132-mslnfix
Q9H3N8,surface,active,HRH4_HUMAN,false,,2026-08-06,2001-06-01,20,20,vocabulary,,,,,,,v2-ruled-vocabulary-2026-08-07@a32d132-mslnfix
Q12891,surface,active,HYAL2_HUMAN,false,,2026-08-06,2010-11-02,,427,gpi_rule_A,,,,,,,v2-ruled-vocabulary-2026-08-07@a32d132-mslnfix
P38567,surface,active,HYALP_HUMAN,false,,2026-08-06,1994-10-01,,454,gpi_rule_A,,,,,,,v2-ruled-vocabulary-2026-08-07@a32d132-mslnfix
Q13651,surface,active,I10R1_HUMAN,false,,2026-08-06,2011-02-08,214,214,vocabulary,,,,,,,v2-ruled-vocabulary-2026-08-07@a32d132-mslnfix
Q08334,surface,active,I10R2_HUMAN,false,,2026-08-06,2004-12-21,201,201,vocabulary,,,,,,,v2-ruled-vocabulary-2026-08-07@a32d132-mslnfix
Q14626,surface,active,I11RA_HUMAN,false,,2026-08-06,2004-11-23,347,347,vocabulary,,,,,,,v2-ruled-vocabulary-2026-08-07@a32d132-mslnfix
P42701,surface,active,I12R1_HUMAN,false,,2026-08-06,1995-11-01,522,522,vocabulary,,,,,,,v2-ruled-vocabulary-2026-08-07@a32d132-mslnfix
Q99665,surface,active,I12R2_HUMAN,false,,2026-08-06,1997-05-01,599,599,vocabulary,,,,,,,v2-ruled-vocabulary-2026-08-07@a32d132-mslnfix
P78552,surface,active,I13R1_HUMAN,false,,2026-08-06,1997-05-01,322,322,vocabulary,,,,,,,v2-ruled-vocabulary-2026-08-07@a32d132-mslnfix
Q14627,surface,active,I13R2_HUMAN,false,,2026-08-06,1996-11-01,317,317,vocabulary,,,,,,,v2-ruled-vocabulary-2026-08-07@a32d132-mslnfix
Q13261,surface,active,I15RA_HUMAN,false,,2026-08-06,1996-11-01,175,175,vocabulary,,,,,,,v2-ruled-vocabulary-2026-08-07@a32d132-mslnfix
Q96F46,surface,active,I17RA_HUMAN,false,,2026-08-06,2006-10-17,288,288,vocabulary,,,,,,,v2-ruled-vocabulary-2026-08-07@a32d132-mslnfix
Q9NRM6,surface,active,I17RB_HUMAN,false,,2026-08-06,2002-05-27,275,275,vocabulary,,,,,,,v2-ruled-vocabulary-2026-08-07@a32d132-mslnfix
Q8NAC3,surface,active,I17RC_HUMAN,false,,2026-08-06,2009-05-05,518,518,vocabulary,,,,,,,v2-ruled-vocabulary-2026-08-07@a32d132-mslnfix
Q8NFM7,surface,active,I17RD_HUMAN,false,,2026-08-06,2007-02-20,283,283,vocabulary,,,,,,,v2-ruled-vocabulary-2026-08-07@a32d132-mslnfix
Q8NFR9,surface,active,I17RE_HUMAN,false,,2026-08-06,2002-10-01,431,431,vocabulary,,,,,,,v2-ruled-vocabulary-2026-08-07@a32d132-mslnfix
O95256,surface,active,I18RA_HUMAN,false,,2026-08-06,1999-05-01,337,337,vocabulary,,,,,,,v2-ruled-vocabulary-2026-08-07@a32d132-mslnfix
Q9UHF4,surface,active,I20RA_HUMAN,false,,2026-08-06,2007-04-17,221,221,vocabulary,,,,,,,v2-ruled-vocabulary-2026-08-07@a32d132-mslnfix
Q6UXL0,surface,active,I20RB_HUMAN,false,,2026-08-06,2004-07-05,204,204,vocabulary,,,,,,,v2-ruled-vocabulary-2026-08-07@a32d132-mslnfix
Q8N6P7,surface,active,I22R1_HUMAN,false,,2026-08-06,2002-10-01,213,213,vocabulary,,,,,,,v2-ruled-vocabulary-2026-08-07@a32d132-mslnfix
Q6UWB1,surface,active,I27RA_HUMAN,false,,2026-08-06,2006-10-17,484,484,vocabulary,,,,,,,v2-ruled-vocabulary-2026-08-07@a32d132-mslnfix
P05362,surface,active,ICAM1_HUMAN,false,,2026-08-06,2005-06-21,453,453,vocabulary,,,,,,,v2-ruled-vocabulary-2026-08-07@a32d132-mslnfix
P13598,surface,active,ICAM2_HUMAN,false,,2026-08-06,2006-10-03,199,199,vocabulary,,,,,,,v2-ruled-vocabulary-2026-08-07@a32d132-mslnfix
P32942,surface,active,ICAM3_HUMAN,false,,2026-08-06,2008-09-23,456,456,vocabulary,,,,,,,v2-ruled-vocabulary-2026-08-07@a32d132-mslnfix
Q14773,surface,active,ICAM4_HUMAN,false,,2026-08-06,1997-11-01,210,210,vocabulary,,,,,,,v2-ruled-vocabulary-2026-08-07@a32d132-mslnfix
Q9UMF0,surface,active,ICAM5_HUMAN,false,,2026-08-06,2010-05-18,804,804,vocabulary,,,,,,,v2-ruled-vocabulary-2026-08-07@a32d132-mslnfix
O75144,surface,active,ICOSL_HUMAN,false,,2026-08-06,2001-08-14,238,238,vocabulary,,,,,,,v2-ruled-vocabulary-2026-08-07@a32d132-mslnfix
Q9Y6W8,surface,active,ICOS_HUMAN,false,,2026-08-06,1999-11-01,120,120,vocabulary,,,,,,,v2-ruled-vocabulary-2026-08-07@a32d132-mslnfix
P98153,surface,active,IDD_HUMAN,false,,2026-08-06,1996-10-01,329,329,vocabulary,,,,,,,v2-ruled-vocabulary-2026-08-07@a32d132-mslnfix
Q8IVU1,surface,active,IGDC3_HUMAN,false,,2026-08-06,2010-05-18,,,,no_extracellular_span,"no topological domain with an accepted description, and no GPI anchor",,,,,v2-ruled-vocabulary-2026-08-07@a32d132-mslnfix
Q8TDY8,surface,active,IGDC4_HUMAN,false,,2026-08-06,2002-06-01,933,933,vocabulary,,,,,,,v2-ruled-vocabulary-2026-08-07@a32d132-mslnfix
P08069,surface,active,IGF1R_HUMAN,false,,2026-08-06,1988-08-01,195,195,vocabulary,,,,,,,v2-ruled-vocabulary-2026-08-07@a32d132-mslnfix
Q9H665,surface,active,IGFR1_HUMAN,false,,2026-08-06,2001-03-01,141,141,vocabulary,,,,,,,v2-ruled-vocabulary-2026-08-07@a32d132-mslnfix
Q5DX21,surface,active,IGS11_HUMAN,false,,2026-08-06,2010-11-02,219,219,vocabulary,,,,,,,v2-ruled-vocabulary-2026-08-07@a32d132-mslnfix
Q8N6C5,surface,active,IGSF1_HUMAN,false,,2026-08-06,2009-04-14,756,756,vocabulary,,,,,,,v2-ruled-vocabulary-2026-08-07@a32d132-mslnfix
Q93033,surface,active,IGSF2_HUMAN,false,,2026-08-06,2009-02-10,934,934,vocabulary,,,,,,,v2-ruled-vocabulary-2026-08-07@a32d132-mslnfix
O75054,surface,active,IGSF3_HUMAN,false,,2026-08-06,2008-02-26,1105,1105,vocabulary,,,,,,,v2-ruled-vocabulary-2026-08-07@a32d132-mslnfix
Q9NSI5,surface,active,IGSF5_HUMAN,false,,2026-08-06,2008-02-05,266,266,vocabulary,,,,,,,v2-ruled-vocabulary-2026-08-07@a32d132-mslnfix
O95976,surface,active,IGSF6_HUMAN,false,,2026-08-06,2008-02-26,126,126,vocabulary,,,,,,,v2-ruled-vocabulary-2026-08-07@a32d132-mslnfix
Q969P0,surface,active,IGSF8_HUMAN,false,,2026-08-06,2001-12-01,552,552,vocabulary,,,,,,,v2-ruled-vocabulary-2026-08-07@a32d132-mslnfix
Q13478,surface,active,IL18R_HUMAN,false,,2026-08-06,1996-11-01,308,308,vocabulary,,,,,,,v2-ruled-vocabulary-2026-08-07@a32d132-mslnfix
Q9NPH3,surface,active,IL1AP_HUMAN,false,,2026-08-06,2003-08-22,347,347,vocabulary,,,,,,,v2-ruled-vocabulary-2026-08-07@a32d132-mslnfix
P14778,surface,active,IL1R1_HUMAN,false,,2026-08-06,1990-04-01,319,319,vocabulary,,,,,,,v2-ruled-vocabulary-2026-08-07@a32d132-mslnfix
P27930,surface,active,IL1R2_HUMAN,false,,2026-08-06,1992-08-01,330,330,vocabulary,,,,,,,v2-ruled-vocabulary-2026-08-07@a32d132-mslnfix
Q9HBE5,surface,active,IL21R_HUMAN,false,,2026-08-06,2001-03-01,213,213,vocabulary,,,,,,,v2-ruled-vocabulary-2026-08-07@a32d132-mslnfix
Q5VWK5,surface,active,IL23R_HUMAN,false,,2026-08-06,2010-11-02,332,332,vocabulary,,,,,,,v2-ruled-vocabulary-2026-08-07@a32d132-mslnfix
P01589,surface,active,IL2RA_HUMAN,false,,2026-08-06,1986-07-21,219,219,vocabulary,,,,,,,v2-ruled-vocabulary-2026-08-07@a32d132-mslnfix
P14784,surface,active,IL2RB_HUMAN,false,,2026-08-06,1990-04-01,214,214,vocabulary,,,,,,,v2-ruled-vocabulary-2026-08-07@a32d132-mslnfix
P31785,surface,active,IL2RG_HUMAN,false,,2026-08-06,1993-07-01,240,240,vocabulary,,,,,,,v2-ruled-vocabulary-2026-08-07@a32d132-mslnfix
Q8NI17,surface,active,IL31R_HUMAN,false,,2026-08-06,2002-10-01,500,500,vocabulary,,,,,,,v2-ruled-vocabulary-2026-08-07@a32d132-mslnfix
P26951,surface,active,IL3RA_HUMAN,false,,2026-08-06,1993-10-01,287,287,vocabulary,,,,,,,v2-ruled-vocabulary-2026-08-07@a32d132-mslnfix
P32927,surface,active,IL3RB_HUMAN,false,,2026-08-06,1996-02-01,427,427,vocabulary,,,,,,,v2-ruled-vocabulary-2026-08-07@a32d132-mslnfix
P24394,surface,active,IL4RA_HUMAN,false,,2026-08-06,1992-03-01,207,207,vocabulary,,,,,,,v2-ruled-vocabulary-2026-08-07@a32d132-mslnfix
Q01344,surface,active,IL5RA_HUMAN,false,,2026-08-06,2006-10-17,322,322,vocabulary,,,,,,,v2-ruled-vocabulary-2026-08-07@a32d132-mslnfix
P08887,surface,active,IL6RA_HUMAN,false,,2026-08-06,1988-11-01,346,346,vocabulary,,,,,,,v2-ruled-vocabulary-2026-08-07@a32d132-mslnfix
P40189,surface,active,IL6RB_HUMAN,false,,2026-08-06,2008-11-25,597,597,vocabulary,,,,,,,v2-ruled-vocabulary-2026-08-07@a32d132-mslnfix
P16871,surface,active,IL7RA_HUMAN,false,,2026-08-06,2018-09-12,219,219,vocabulary,,,,,,,v2-ruled-vocabulary-2026-08-07@a32d132-mslnfix
Q01113,surface,active,IL9R_HUMAN,false,,2026-08-06,2006-10-17,230,230,vocabulary,,,,,,,v2-ruled-vocabulary-2026-08-07@a32d132-mslnfix
Q86SU0,surface,active,ILDR1_HUMAN,false,,2026-08-06,2006-07-11,144,144,vocabulary,,,,,,,v2-ruled-vocabulary-2026-08-07@a32d132-mslnfix
Q01638,surface,active,ILRL1_HUMAN,false,,2026-08-06,2006-10-17,310,310,vocabulary,,,,,,,v2-ruled-vocabulary-2026-08-07@a32d132-mslnfix
Q9HB29,surface,active,ILRL2_HUMAN,false,,2026-08-06,2006-02-07,316,316,vocabulary,,,,,,,v2-ruled-vocabulary-2026-08-07@a32d132-mslnfix
Q9BZV3,surface,active,IMPG2_HUMAN,false,,2026-08-06,2010-05-18,1077,1077,vocabulary,,,,,,,v2-ruled-vocabulary-2026-08-07@a32d132-mslnfix
P17181,surface,active,INAR1_HUMAN,false,,2026-08-06,2006-03-07,409,409,vocabulary,,,,,,,v2-ruled-vocabulary-2026-08-07@a32d132-mslnfix
P48551,surface,active,INAR2_HUMAN,false,,2026-08-06,1996-02-01,217,217,vocabulary,,,,,,,v2-ruled-vocabulary-2026-08-07@a32d132-mslnfix
P15260,surface,active,INGR1_HUMAN,false,,2026-08-06,1990-04-01,228,228,vocabulary,,,,,,,v2-ruled-vocabulary-2026-08-07@a32d132-mslnfix
P38484,surface,active,INGR2_HUMAN,false,,2026-08-06,2007-03-06,220,220,vocabulary,,,,,,,v2-ruled-vocabulary-2026-08-07@a32d132-mslnfix
Q8IU57,surface,active,INLR1_HUMAN,false,,2026-08-06,2003-03-01,208,208,vocabulary,,,,,,,v2-ruled-vocabulary-2026-08-07@a32d132-mslnfix
P14616,surface,active,INSRR_HUMAN,false,,2026-08-06,2001-01-11,175,175,vocabulary,,,,,,,v2-ruled-vocabulary-2026-08-07@a32d132-mslnfix
P06213,surface,active,INSR_HUMAN,false,,2026-08-06,2010-10-05,731,731,vocabulary,,,,,,,v2-ruled-vocabulary-2026-08-07@a32d132-mslnfix
Q9NZN1,surface,active,IRPL1_HUMAN,false,,2026-08-06,2003-08-22,339,339,vocabulary,,,,,,,v2-ruled-vocabulary-2026-08-07@a32d132-mslnfix
Q9NP60,surface,active,IRPL2_HUMAN,false,,2026-08-06,2000-10-01,338,338,vocabulary,,,,,,,v2-ruled-vocabulary-2026-08-07@a32d132-mslnfix
Q6UXK2,surface,active,ISLR2_HUMAN,false,,2026-08-06,2004-07-05,571,571,vocabulary,,,,,,,v2-ruled-vocabulary-2026-08-07@a32d132-mslnfix
O75578,surface,active,ITA10_HUMAN,false,,2026-08-06,2006-10-03,1100,1100,vocabulary,,,,,,,v2-ruled-vocabulary-2026-08-07@a32d132-mslnfix
Q9UKX5,surface,active,ITA11_HUMAN,false,,2026-08-06,2010-11-30,1119,1119,vocabulary,,,,,,,v2-ruled-vocabulary-2026-08-07@a32d132-mslnfix
P56199,surface,active,ITA1_HUMAN,false,,2026-08-06,2007-01-23,1113,1113,vocabulary,,,,,,,v2-ruled-vocabulary-2026-08-07@a32d132-mslnfix
P08514,surface,active,ITA2B_HUMAN,false,,2026-08-06,2009-04-14,962,962,vocabulary,,,,,,,v2-ruled-vocabulary-2026-08-07@a32d132-mslnfix
P17301,surface,active,ITA2_HUMAN,false,,2026-08-06,2022-02-23,1103,1103,vocabulary,,,,,,,v2-ruled-vocabulary-2026-08-07@a32d132-mslnfix
P26006,surface,active,ITA3_HUMAN,false,,2026-08-06,2011-09-21,959,959,vocabulary,,,,,,,v2-ruled-vocabulary-2026-08-07@a32d132-mslnfix
P13612,surface,active,ITA4_HUMAN,false,,2026-08-06,2010-11-02,943,943,vocabulary,,,,,,,v2-ruled-vocabulary-2026-08-07@a32d132-mslnfix
P08648,surface,active,ITA5_HUMAN,false,,2026-08-06,2002-10-10,954,954,vocabulary,,,,,,,v2-ruled-vocabulary-2026-08-07@a32d132-mslnfix
P23229,surface,active,ITA6_HUMAN,false,,2026-08-06,2013-06-26,1027,1027,vocabulary,,,,,,,v2-ruled-vocabulary-2026-08-07@a32d132-mslnfix
Q13683,surface,active,ITA7_HUMAN,false,,2026-08-06,2010-10-05,1049,1049,vocabulary,,,,,,,v2-ruled-vocabulary-2026-08-07@a32d132-mslnfix
P53708,surface,active,ITA8_HUMAN,false,,2026-08-06,2010-11-02,974,974,vocabulary,,,,,,,v2-ruled-vocabulary-2026-08-07@a32d132-mslnfix
Q13797,surface,active,ITA9_HUMAN,false,,2026-08-06,2009-05-05,952,952,vocabulary,,,,,,,v2-ruled-vocabulary-2026-08-07@a32d132-mslnfix
Q13349,surface,active,ITAD_HUMAN,false,,2026-08-06,2010-05-18,1082,1082,vocabulary,,,,,,,v2-ruled-vocabulary-2026-08-07@a32d132-mslnfix
P38570,surface,active,ITAE_HUMAN,false,,2026-08-06,2009-04-14,1108,1108,vocabulary,,,,,,,v2-ruled-vocabulary-2026-08-07@a32d132-mslnfix
P20701,surface,active,ITAL_HUMAN,false,,2026-08-06,2006-02-07,1065,1065,vocabulary,,,,,,,v2-ruled-vocabulary-2026-08-07@a32d132-mslnfix
P11215,surface,active,ITAM_HUMAN,false,,2026-08-06,1996-10-01,1088,1088,vocabulary,,,,,,,v2-ruled-vocabulary-2026-08-07@a32d132-mslnfix
P06756,surface,active,ITAV_HUMAN,false,,2026-08-06,2007-04-03,962,962,vocabulary,,,,,,,v2-ruled-vocabulary-2026-08-07@a32d132-mslnfix
P20702,surface,active,ITAX_HUMAN,false,,2026-08-06,2007-05-01,1088,1088,vocabulary,,,,,,,v2-ruled-vocabulary-2026-08-07@a32d132-mslnfix
P05556,surface,active,ITB1_HUMAN,false,,2026-08-06,2008-12-16,708,708,vocabulary,,,,,,,v2-ruled-vocabulary-2026-08-07@a32d132-mslnfix
P05107,surface,active,ITB2_HUMAN,false,,2026-08-06,2024-01-24,678,678,vocabulary,,,,,,,v2-ruled-vocabulary-2026-08-07@a32d132-mslnfix
P05106,surface,active,ITB3_HUMAN,false,,2026-08-06,2007-02-06,692,692,vocabulary,,,,,,,v2-ruled-vocabulary-2026-08-07@a32d132-mslnfix
P16144,surface,active,ITB4_HUMAN,false,,2026-08-06,2011-01-11,683,683,vocabulary,,,,,,,v2-ruled-vocabulary-2026-08-07@a32d132-mslnfix
P18084,surface,active,ITB5_HUMAN,false,,2026-08-06,1990-11-01,696,696,vocabulary,,,,,,,v2-ruled-vocabulary-2026-08-07@a32d132-mslnfix
P18564,surface,active,ITB6_HUMAN,false,,2026-08-06,2001-04-27,688,688,vocabulary,,,,,,,v2-ruled-vocabulary-2026-08-07@a32d132-mslnfix
P26010,surface,active,ITB7_HUMAN,false,,2026-08-06,1992-05-01,704,704,vocabulary,,,,,,,v2-ruled-vocabulary-2026-08-07@a32d132-mslnfix
P26012,surface,active,ITB8_HUMAN,false,,2026-08-06,1992-05-01,642,642,vocabulary,,,,,,,v2-ruled-vocabulary-2026-08-07@a32d132-mslnfix
Q8WWA0,surface,active,ITLN1_HUMAN,false,,2026-08-06,2002-03-01,,279,gpi_rule_A,,,,,,,v2-ruled-vocabulary-2026-08-07@a32d132-mslnfix
Q9Y287,surface,active,ITM2B_HUMAN,false,,2026-08-06,1999-11-01,,191,vocabulary,,,,,,,v2-ruled-vocabulary-2026-08-07@a32d132-mslnfix
Q9NQX7,surface,active,ITM2C_HUMAN,false,,2026-08-06,2000-10-01,,,,no_extracellular_span,"no topological domain with an accepted description, and no GPI anchor",,,,,v2-ruled-vocabulary-2026-08-07@a32d132-mslnfix
Q8IYV9,surface,active,IZUM1_HUMAN,false,,2026-08-06,2010-05-18,271,271,vocabulary,,,,,,,v2-ruled-vocabulary-2026-08-07@a32d132-mslnfix
Q5VZ72,surface,active,IZUM3_HUMAN,false,,2026-08-06,2009-05-26,154,154,vocabulary,,,,,,,v2-ruled-vocabulary-2026-08-07@a32d132-mslnfix
P78504,surface,active,JAG1_HUMAN,false,,2026-08-06,2002-05-02,1034,1034,vocabulary,,,,,,,v2-ruled-vocabulary-2026-08-07@a32d132-mslnfix
Q9Y219,surface,active,JAG2_HUMAN,false,,2026-08-06,2006-10-17,1054,1054,vocabulary,,,,,,,v2-ruled-vocabulary-2026-08-07@a32d132-mslnfix
Q9Y624,surface,active,JAM1_HUMAN,false,,2026-08-06,1999-11-01,211,211,vocabulary,,,,,,,v2-ruled-vocabulary-2026-08-07@a32d132-mslnfix
P57087,surface,active,JAM2_HUMAN,false,,2026-08-06,2000-12-01,210,210,vocabulary,,,,,,,v2-ruled-vocabulary-2026-08-07@a32d132-mslnfix
Q9BX67,surface,active,JAM3_HUMAN,false,,2026-08-06,2001-06-01,210,210,vocabulary,,,,,,,v2-ruled-vocabulary-2026-08-07@a32d132-mslnfix
Q86YT9,surface,active,JAML1_HUMAN,false,,2026-08-06,2003-06-01,256,256,vocabulary,,,,,,,v2-ruled-vocabulary-2026-08-07@a32d132-mslnfix
A6ND01,surface,active,JUNO_HUMAN,false,,2026-08-06,2011-01-11,,208,gpi_rule_A,,,,,,,v2-ruled-vocabulary-2026-08-07@a32d132-mslnfix
Q92537,surface,active,K0247_HUMAN,false,,2026-08-06,1997-02-01,81,81,vocabulary,,,,,,,v2-ruled-vocabulary-2026-08-07@a32d132-mslnfix
Q5VV43,surface,active,K0319_HUMAN,false,,2026-08-06,2004-12-07,935,935,vocabulary,,,,,,,v2-ruled-vocabulary-2026-08-07@a32d132-mslnfix
Q6UXG2,surface,active,K1324_HUMAN,false,,2026-08-06,2007-05-15,869,869,vocabulary,,,,,,,v2-ruled-vocabulary-2026-08-07@a32d132-mslnfix
A8MWY0,surface,active,K132L_HUMAN,false,,2026-08-06,2008-05-20,882,882,vocabulary,,,,,,,v2-ruled-vocabulary-2026-08-07@a32d132-mslnfix
Q6ZVL6,surface,active,K154L_HUMAN,false,,2026-08-06,2008-07-01,,,,no_extracellular_span,"no topological domain with an accepted description, and no GPI anchor",,,,,v2-ruled-vocabulary-2026-08-07@a32d132-mslnfix
Q3SXP7,surface,active,K1644_HUMAN,false,,2026-08-06,2008-02-26,72,72,vocabulary,,,,,,,v2-ruled-vocabulary-2026-08-07@a32d132-mslnfix
Q14500,surface,active,KCJ12_HUMAN,false,,2026-08-06,2005-10-11,25,25,vocabulary,,,,,,,v2-ruled-vocabulary-2026-08-07@a32d132-mslnfix
Q16558,surface,active,KCMB1_HUMAN,false,,2026-08-06,2010-03-23,118,118,vocabulary,,,,,,,v2-ruled-vocabulary-2026-08-07@a32d132-mslnfix
Q9Y691,surface,active,KCMB2_HUMAN,false,,2026-08-06,1999-11-01,127,127,vocabulary,,,,,,,v2-ruled-vocabulary-2026-08-07@a32d132-mslnfix
Q9NPA1,surface,active,KCMB3_HUMAN,false,,2026-08-06,2006-03-07,126,126,vocabulary,,,,,,,v2-ruled-vocabulary-2026-08-07@a32d132-mslnfix
Q86W47,surface,active,KCMB4_HUMAN,false,,2026-08-06,2004-03-01,127,127,vocabulary,,,,,,,v2-ruled-vocabulary-2026-08-07@a32d132-mslnfix
P22001,surface,active,KCNA3_HUMAN,false,,2026-08-06,2008-11-25,41,41,vocabulary,,,,,,,v2-ruled-vocabulary-2026-08-07@a32d132-mslnfix
Q8TDN1,surface,active,KCNG4_HUMAN,false,,2026-08-06,2002-06-01,21,21,vocabulary,,,,,,,v2-ruled-vocabulary-2026-08-07@a32d132-mslnfix
P48549,surface,active,KCNJ3_HUMAN,false,,2026-08-06,1996-02-01,24,24,vocabulary,,,,,,,v2-ruled-vocabulary-2026-08-07@a32d132-mslnfix
P48050,surface,active,KCNJ4_HUMAN,false,,2026-08-06,1996-02-01,40,40,vocabulary,,,,,,,v2-ruled-vocabulary-2026-08-07@a32d132-mslnfix
O95279,surface,active,KCNK5_HUMAN,false,,2026-08-06,1999-05-01,,,,no_extracellular_span,"no topological domain with an accepted description, and no GPI anchor",,,,,v2-ruled-vocabulary-2026-08-07@a32d132-mslnfix
Q7Z418,surface,active,KCNKI_HUMAN,false,,2026-08-06,2003-10-01,,,,no_extracellular_span,"no topological domain with an accepted description, and no GPI anchor",,,,,v2-ruled-vocabulary-2026-08-07@a32d132-mslnfix
Q96KK3,surface,active,KCNS1_HUMAN,false,,2026-08-06,2002-03-01,31,31,vocabulary,,,,,,,v2-ruled-vocabulary-2026-08-07@a32d132-mslnfix
Q8TDN2,surface,active,KCNV2_HUMAN,false,,2026-08-06,2002-06-01,85,85,vocabulary,,,,,,,v2-ruled-vocabulary-2026-08-07@a32d132-mslnfix
Q8NC54,surface,active,KCT2_HUMAN,false,,2026-08-06,2005-07-05,147,147,vocabulary,,,,,,,v2-ruled-vocabulary-2026-08-07@a32d132-mslnfix
P23276,surface,active,KELL_HUMAN,false,,2026-08-06,1996-02-01,665,665,vocabulary,,,,,,,v2-ruled-vocabulary-2026-08-07@a32d132-mslnfix
P43626,surface,active,KI2L1_HUMAN,false,,2026-08-06,2024-01-24,224,224,vocabulary,,,,,,,v2-ruled-vocabulary-2026-08-07@a32d132-mslnfix
P43627,surface,active,KI2L2_HUMAN,false,,2026-08-06,1995-11-01,224,224,vocabulary,,,,,,,v2-ruled-vocabulary-2026-08-07@a32d132-mslnfix
P43628,surface,active,KI2L3_HUMAN,false,,2026-08-06,1995-11-01,224,224,vocabulary,,,,,,,v2-ruled-vocabulary-2026-08-07@a32d132-mslnfix
Q99706,surface,active,KI2L4_HUMAN,false,,2026-08-06,2011-03-08,221,221,vocabulary,,,,,,,v2-ruled-vocabulary-2026-08-07@a32d132-mslnfix
Q8N109,surface,active,KI2LA_HUMAN,false,,2026-08-06,2002-10-01,217,217,vocabulary,,,,,,,v2-ruled-vocabulary-2026-08-07@a32d132-mslnfix
Q8NHK3,surface,active,KI2LB_HUMAN,false,,2026-08-06,2018-03-28,217,217,vocabulary,,,,,,,v2-ruled-vocabulary-2026-08-07@a32d132-mslnfix
Q14954,surface,active,KI2S1_HUMAN,false,,2026-08-06,2018-03-28,224,224,vocabulary,,,,,,,v2-ruled-vocabulary-2026-08-07@a32d132-mslnfix
P43631,surface,active,KI2S2_HUMAN,false,,2026-08-06,2001-02-21,224,224,vocabulary,,,,,,,v2-ruled-vocabulary-2026-08-07@a32d132-mslnfix
Q14952,surface,active,KI2S3_HUMAN,false,,2026-08-06,1996-11-01,224,224,vocabulary,,,,,,,v2-ruled-vocabulary-2026-08-07@a32d132-mslnfix
P43632,surface,active,KI2S4_HUMAN,false,,2026-08-06,1997-11-01,224,224,vocabulary,,,,,,,v2-ruled-vocabulary-2026-08-07@a32d132-mslnfix
Q14953,surface,active,KI2S5_HUMAN,false,,2026-08-06,2018-02-28,224,224,vocabulary,,,,,,,v2-ruled-vocabulary-2026-08-07@a32d132-mslnfix
P43629,surface,active,KI3L1_HUMAN,false,,2026-08-06,1995-11-01,319,319,vocabulary,,,,,,,v2-ruled-vocabulary-2026-08-07@a32d132-mslnfix
P43630,surface,active,KI3L2_HUMAN,false,,2026-08-06,1995-11-01,319,319,vocabulary,,,,,,,v2-ruled-vocabulary-2026-08-07@a32d132-mslnfix
Q8N743,surface,active,KI3L3_HUMAN,false,,2026-08-06,2009-11-24,297,297,vocabulary,,,,,,,v2-ruled-vocabulary-2026-08-07@a32d132-mslnfix
Q14943,surface,active,KI3S1_HUMAN,false,,2026-08-06,2017-09-27,319,319,vocabulary,,,,,,,v2-ruled-vocabulary-2026-08-07@a32d132-mslnfix
Q96J84,surface,active,KIRR1_HUMAN,false,,2026-08-06,2004-10-11,483,483,vocabulary,,,,,,,v2-ruled-vocabulary-2026-08-07@a32d132-mslnfix
Q6UWL6,surface,active,KIRR2_HUMAN,false,,2026-08-06,2022-02-23,490,490,vocabulary,,,,,,,v2-ruled-vocabulary-2026-08-07@a32d132-mslnfix
Q8IZU9,surface,active,KIRR3_HUMAN,false,,2026-08-06,2003-03-01,514,514,vocabulary,,,,,,,v2-ruled-vocabulary-2026-08-07@a32d132-mslnfix
Q969F8,surface,active,KISSR_HUMAN,false,,2026-08-06,2007-02-06,46,46,vocabulary,,,,,,,v2-ruled-vocabulary-2026-08-07@a32d132-mslnfix
P10721,surface,active,KIT_HUMAN,false,,2026-08-06,1989-07-01,499,499,vocabulary,,,,,,,v2-ruled-vocabulary-2026-08-07@a32d132-mslnfix
Q9UEF7,surface,active,KLOT_HUMAN,false,,2026-08-06,2005-10-11,948,948,vocabulary,,,,,,,v2-ruled-vocabulary-2026-08-07@a32d132-mslnfix
Q12918,surface,active,KLRB1_HUMAN,false,,2026-08-06,1996-11-01,159,159,vocabulary,,,,,,,v2-ruled-vocabulary-2026-08-07@a32d132-mslnfix
Q9NZS2,surface,active,KLRF1_HUMAN,false,,2026-08-06,2019-02-13,172,172,vocabulary,,,,,,,v2-ruled-vocabulary-2026-08-07@a32d132-mslnfix
D3W0D1,surface,active,KLRF2_HUMAN,false,,2026-08-06,2010-04-20,156,156,vocabulary,,,,,,,v2-ruled-vocabulary-2026-08-07@a32d132-mslnfix
Q96E93,surface,active,KLRG1_HUMAN,false,,2026-08-06,2001-12-01,136,136,vocabulary,,,,,,,v2-ruled-vocabulary-2026-08-07@a32d132-mslnfix
Q96MU8,surface,active,KREM1_HUMAN,false,,2026-08-06,2008-07-22,372,372,vocabulary,,,,,,,v2-ruled-vocabulary-2026-08-07@a32d132-mslnfix
Q8NCW0,surface,active,KREM2_HUMAN,false,,2026-08-06,2002-10-01,339,339,vocabulary,,,,,,,v2-ruled-vocabulary-2026-08-07@a32d132-mslnfix
P32004,surface,active,L1CAM_HUMAN,false,,2026-08-06,1996-10-01,1101,1101,vocabulary,,,,,,,v2-ruled-vocabulary-2026-08-07@a32d132-mslnfix
A6NMS7,surface,active,L37A1_HUMAN,false,,2026-08-06,2011-05-31,1547,1547,vocabulary,,,,,,,v2-ruled-vocabulary-2026-08-07@a32d132-mslnfix
A6NM11,surface,active,L37A2_HUMAN,false,,2026-08-06,2008-01-15,1547,1547,vocabulary,,,,,,,v2-ruled-vocabulary-2026-08-07@a32d132-mslnfix
O60309,surface,active,L37A3_HUMAN,false,,2026-08-06,2005-12-06,1546,1546,vocabulary,,,,,,,v2-ruled-vocabulary-2026-08-07@a32d132-mslnfix
Q6ZP29,surface,active,LAAT1_HUMAN,false,,2026-08-06,2004-07-05,,37,vocabulary,,,,,,,v2-ruled-vocabulary-2026-08-07@a32d132-mslnfix
P18627,surface,active,LAG3_HUMAN,false,,2026-08-06,2009-07-07,428,428,vocabulary,,,,,,,v2-ruled-vocabulary-2026-08-07@a32d132-mslnfix
Q6GTX8,surface,active,LAIR1_HUMAN,false,,2026-08-06,2022-05-25,144,144,vocabulary,,,,,,,v2-ruled-vocabulary-2026-08-07@a32d132-mslnfix
P11279,surface,active,LAMP1_HUMAN,false,,2026-08-06,2008-09-23,,354,vocabulary,,,,,,,v2-ruled-vocabulary-2026-08-07@a32d132-mslnfix
P13473,surface,active,LAMP2_HUMAN,false,,2026-08-06,1996-10-01,,347,vocabulary,,,,,,,v2-ruled-vocabulary-2026-08-07@a32d132-mslnfix
Q9UQV4,surface,active,LAMP3_HUMAN,false,,2026-08-06,2007-02-20,,354,vocabulary,,,,,,,v2-ruled-vocabulary-2026-08-07@a32d132-mslnfix
Q9UJQ1,surface,active,LAMP5_HUMAN,false,,2026-08-06,2000-05-01,206,206,vocabulary,,,,,,,v2-ruled-vocabulary-2026-08-07@a32d132-mslnfix
Q01650,surface,active,LAT1_HUMAN,false,,2026-08-06,2001-01-24,28,28,vocabulary,,,,,,,v2-ruled-vocabulary-2026-08-07@a32d132-mslnfix
O75387,surface,active,LAT3_HUMAN,false,,2026-08-06,1998-11-01,,,,no_extracellular_span,"no topological domain with an accepted description, and no GPI anchor",,,,,v2-ruled-vocabulary-2026-08-07@a32d132-mslnfix
Q8N370,surface,active,LAT4_HUMAN,false,,2026-08-06,2002-10-01,,,,no_extracellular_span,"no topological domain with an accepted description, and no GPI anchor",,,,,v2-ruled-vocabulary-2026-08-07@a32d132-mslnfix
Q6UX15,surface,active,LAYN_HUMAN,false,,2026-08-06,2004-07-05,214,214,vocabulary,,,,,,,v2-ruled-vocabulary-2026-08-07@a32d132-mslnfix
Q86UK5,surface,active,LBN_HUMAN,false,,2026-08-06,2003-06-01,274,274,vocabulary,,,,,,,v2-ruled-vocabulary-2026-08-07@a32d132-mslnfix
Q9UIQ6,surface,active,LCAP_HUMAN,false,,2026-08-06,2007-04-17,894,894,vocabulary,,,,,,,v2-ruled-vocabulary-2026-08-07@a32d132-mslnfix
P01130,surface,active,LDLR_HUMAN,false,,2026-08-06,1986-07-21,767,767,vocabulary,,,,,,,v2-ruled-vocabulary-2026-08-07@a32d132-mslnfix
P48357,surface,active,LEPR_HUMAN,false,,2026-08-06,2006-10-17,818,818,vocabulary,,,,,,,v2-ruled-vocabulary-2026-08-07@a32d132-mslnfix
P16150,surface,active,LEUK_HUMAN,false,,2026-08-06,1990-04-01,234,234,vocabulary,,,,,,,v2-ruled-vocabulary-2026-08-07@a32d132-mslnfix
P19256,surface,active,LFA3_HUMAN,false,,2026-08-06,1990-11-01,187,187,vocabulary,,,,,,,v2-ruled-vocabulary-2026-08-07@a32d132-mslnfix
Q9BWQ8,surface,active,LFG2_HUMAN,false,,2026-08-06,2001-06-01,,,,no_extracellular_span,"no topological domain with an accepted description, and no GPI anchor",,,,,v2-ruled-vocabulary-2026-08-07@a32d132-mslnfix
Q9BXB1,surface,active,LGR4_HUMAN,false,,2026-08-06,2008-07-22,520,520,vocabulary,,,,,,,v2-ruled-vocabulary-2026-08-07@a32d132-mslnfix
O75473,surface,active,LGR5_HUMAN,false,,2026-08-06,1998-11-01,540,540,vocabulary,,,,,,,v2-ruled-vocabulary-2026-08-07@a32d132-mslnfix
Q9HBX8,surface,active,LGR6_HUMAN,false,,2026-08-06,2007-09-11,543,543,vocabulary,,,,,,,v2-ruled-vocabulary-2026-08-07@a32d132-mslnfix
Q86WI0,surface,active,LHPL1_HUMAN,false,,2026-08-06,2003-06-01,,,,no_extracellular_span,"no topological domain with an accepted description, and no GPI anchor",,,,,v2-ruled-vocabulary-2026-08-07@a32d132-mslnfix
Q7Z7J7,surface,active,LHPL4_HUMAN,false,,2026-08-06,2003-10-01,,,,no_extracellular_span,"no topological domain with an accepted description, and no GPI anchor",,,,,v2-ruled-vocabulary-2026-08-07@a32d132-mslnfix
P42702,surface,active,LIFR_HUMAN,false,,2026-08-06,1995-11-01,789,789,vocabulary,,,,,,,v2-ruled-vocabulary-2026-08-07@a32d132-mslnfix
Q96FE5,surface,active,LIGO1_HUMAN,false,,2026-08-06,2004-10-11,520,520,vocabulary,,,,,,,v2-ruled-vocabulary-2026-08-07@a32d132-mslnfix
Q7L985,surface,active,LIGO2_HUMAN,false,,2026-08-06,2008-02-05,518,518,vocabulary,,,,,,,v2-ruled-vocabulary-2026-08-07@a32d132-mslnfix
P0C6S8,surface,active,LIGO3_HUMAN,false,,2026-08-06,2008-04-08,507,507,vocabulary,,,,,,,v2-ruled-vocabulary-2026-08-07@a32d132-mslnfix
Q6UY18,surface,active,LIGO4_HUMAN,false,,2026-08-06,2004-07-05,505,505,vocabulary,,,,,,,v2-ruled-vocabulary-2026-08-07@a32d132-mslnfix
P06858,surface,active,LIPL_HUMAN,false,,2026-08-06,1988-01-01,,,,no_extracellular_span,"no topological domain with an accepted description, and no GPI anchor",,,,,v2-ruled-vocabulary-2026-08-07@a32d132-mslnfix
O75019,surface,active,LIRA1_HUMAN,false,,2026-08-06,1998-11-01,445,445,vocabulary,,,,,,,v2-ruled-vocabulary-2026-08-07@a32d132-mslnfix
Q8N149,surface,active,LIRA2_HUMAN,false,,2026-08-06,2022-05-25,426,426,vocabulary,,,,,,,v2-ruled-vocabulary-2026-08-07@a32d132-mslnfix
P59901,surface,active,LIRA4_HUMAN,false,,2026-08-06,2022-02-23,423,423,vocabulary,,,,,,,v2-ruled-vocabulary-2026-08-07@a32d132-mslnfix
A6NI73,surface,active,LIRA5_HUMAN,false,,2026-08-06,2007-07-24,227,227,vocabulary,,,,,,,v2-ruled-vocabulary-2026-08-07@a32d132-mslnfix
Q6PI73,surface,active,LIRA6_HUMAN,false,,2026-08-06,2007-07-10,424,424,vocabulary,,,,,,,v2-ruled-vocabulary-2026-08-07@a32d132-mslnfix
Q8NHL6,surface,active,LIRB1_HUMAN,false,,2026-08-06,2002-10-01,438,438,vocabulary,,,,,,,v2-ruled-vocabulary-2026-08-07@a32d132-mslnfix
Q8N423,surface,active,LIRB2_HUMAN,false,,2026-08-06,2022-02-23,439,439,vocabulary,,,,,,,v2-ruled-vocabulary-2026-08-07@a32d132-mslnfix
O75022,surface,active,LIRB3_HUMAN,false,,2026-08-06,2010-11-30,420,420,vocabulary,,,,,,,v2-ruled-vocabulary-2026-08-07@a32d132-mslnfix
O75023,surface,active,LIRB5_HUMAN,false,,2026-08-06,2022-02-23,435,435,vocabulary,,,,,,,v2-ruled-vocabulary-2026-08-07@a32d132-mslnfix
Q9H0V9,surface,active,LMA2L_HUMAN,false,,2026-08-06,2001-03-01,,269,vocabulary,,,,,,,v2-ruled-vocabulary-2026-08-07@a32d132-mslnfix
Q12907,surface,active,LMAN2_HUMAN,false,,2026-08-06,1996-11-01,,278,vocabulary,,,,,,,v2-ruled-vocabulary-2026-08-07@a32d132-mslnfix
Q9NUN5,surface,active,LMBD1_HUMAN,false,,2026-08-06,2000-10-01,57,57,vocabulary,,,,,,,v2-ruled-vocabulary-2026-08-07@a32d132-mslnfix
Q68DH5,surface,active,LMBD2_HUMAN,false,,2026-08-06,2004-10-11,52,52,vocabulary,,,,,,,v2-ruled-vocabulary-2026-08-07@a32d132-mslnfix
Q8WVP7,surface,active,LMBR1_HUMAN,false,,2026-08-06,2002-03-01,27,27,vocabulary,,,,,,,v2-ruled-vocabulary-2026-08-07@a32d132-mslnfix
Q6UX01,surface,active,LMBRL_HUMAN,false,,2026-08-06,2006-01-10,27,27,vocabulary,,,,,,,v2-ruled-vocabulary-2026-08-07@a32d132-mslnfix
P55344,surface,active,LMIP_HUMAN,false,,2026-08-06,2001-12-05,42,42,vocabulary,,,,,,,v2-ruled-vocabulary-2026-08-07@a32d132-mslnfix
Q92633,surface,active,LPAR1_HUMAN,false,,2026-08-06,2002-12-06,50,50,vocabulary,,,,,,,v2-ruled-vocabulary-2026-08-07@a32d132-mslnfix
Q9HBW0,surface,active,LPAR2_HUMAN,false,,2026-08-06,2022-02-23,30,30,vocabulary,,,,,,,v2-ruled-vocabulary-2026-08-07@a32d132-mslnfix
Q9UBY5,surface,active,LPAR3_HUMAN,false,,2026-08-06,2000-05-01,31,31,vocabulary,,,,,,,v2-ruled-vocabulary-2026-08-07@a32d132-mslnfix
Q99677,surface,active,LPAR4_HUMAN,false,,2026-08-06,1997-05-01,43,43,vocabulary,,,,,,,v2-ruled-vocabulary-2026-08-07@a32d132-mslnfix
Q9H1C0,surface,active,LPAR5_HUMAN,false,,2026-08-06,2001-03-01,30,30,vocabulary,,,,,,,v2-ruled-vocabulary-2026-08-07@a32d132-mslnfix
P43657,surface,active,LPAR6_HUMAN,false,,2026-08-06,2003-08-22,27,27,vocabulary,,,,,,,v2-ruled-vocabulary-2026-08-07@a32d132-mslnfix
Q8NI32,surface,active,LPD6B_HUMAN,false,,2026-08-06,2002-10-01,,124,gpi_rule_A,,,,,,,v2-ruled-vocabulary-2026-08-07@a32d132-mslnfix
O94910,surface,active,LPHN1_HUMAN,false,,2026-08-06,1999-05-01,834,834,vocabulary,,,,,,,v2-ruled-vocabulary-2026-08-07@a32d132-mslnfix
O95490,surface,active,LPHN2_HUMAN,false,,2026-08-06,2004-04-26,826,826,vocabulary,,,,,,,v2-ruled-vocabulary-2026-08-07@a32d132-mslnfix
Q9HAR2,surface,active,LPHN3_HUMAN,false,,2026-08-06,2004-05-10,843,843,vocabulary,,,,,,,v2-ruled-vocabulary-2026-08-07@a32d132-mslnfix
P09848,surface,active,LPH_HUMAN,false,,2026-08-06,2010-11-02,1863,1863,vocabulary,,,,,,,v2-ruled-vocabulary-2026-08-07@a32d132-mslnfix
O14494,surface,active,LPP1_HUMAN,false,,2026-08-06,1998-01-01,49,49,vocabulary,,,,,,,v2-ruled-vocabulary-2026-08-07@a32d132-mslnfix
O43688,surface,active,LPP2_HUMAN,false,,2026-08-06,1998-06-01,,54,vocabulary,,,,,,,v2-ruled-vocabulary-2026-08-07@a32d132-mslnfix
O14495,surface,active,LPP3_HUMAN,false,,2026-08-06,1998-01-01,50,50,vocabulary,,,,,,,v2-ruled-vocabulary-2026-08-07@a32d132-mslnfix
Q8TBJ4,surface,active,LPPR1_HUMAN,false,,2026-08-06,2002-06-01,,,,no_extracellular_span,"no topological domain with an accepted description, and no GPI anchor",,,,,v2-ruled-vocabulary-2026-08-07@a32d132-mslnfix
Q7Z2D5,surface,active,LPPR4_HUMAN,false,,2026-08-06,2003-10-01,,,,no_extracellular_span,"no topological domain with an accepted description, and no GPI anchor",,,,,v2-ruled-vocabulary-2026-08-07@a32d132-mslnfix
Q32ZL2,surface,active,LPPR5_HUMAN,false,,2026-08-06,2008-02-26,,,,no_extracellular_span,"no topological domain with an accepted description, and no GPI anchor",,,,,v2-ruled-vocabulary-2026-08-07@a32d132-mslnfix
Q96QE4,surface,active,LR37B_HUMAN,false,,2026-08-06,2010-05-18,878,878,vocabulary,,,,,,,v2-ruled-vocabulary-2026-08-07@a32d132-mslnfix
Q86YD5,surface,active,LRAD3_HUMAN,false,,2026-08-06,2009-11-24,156,156,vocabulary,,,,,,,v2-ruled-vocabulary-2026-08-07@a32d132-mslnfix
O15165,surface,active,LRAD4_HUMAN,false,,2026-08-06,1998-01-01,,64,vocabulary,,,,,,,v2-ruled-vocabulary-2026-08-07@a32d132-mslnfix
Q8TF66,surface,active,LRC15_HUMAN,false,,2026-08-06,2011-05-31,517,517,vocabulary,,,,,,,v2-ruled-vocabulary-2026-08-07@a32d132-mslnfix
Q9H756,surface,active,LRC19_HUMAN,false,,2026-08-06,2001-03-01,246,246,vocabulary,,,,,,,v2-ruled-vocabulary-2026-08-07@a32d132-mslnfix
Q50LG9,surface,active,LRC24_HUMAN,false,,2026-08-06,2010-05-18,,,,no_extracellular_span,"no topological domain with an accepted description, and no GPI anchor",,,,,v2-ruled-vocabulary-2026-08-07@a32d132-mslnfix
Q8N386,surface,active,LRC25_HUMAN,false,,2026-08-06,2004-05-24,145,145,vocabulary,,,,,,,v2-ruled-vocabulary-2026-08-07@a32d132-mslnfix
Q14392,surface,active,LRC32_HUMAN,false,,2026-08-06,1996-11-01,608,608,vocabulary,,,,,,,v2-ruled-vocabulary-2026-08-07@a32d132-mslnfix
Q5VT99,surface,active,LRC38_HUMAN,false,,2026-08-06,2004-12-07,,,,no_extracellular_span,"no topological domain with an accepted description, and no GPI anchor",,,,,v2-ruled-vocabulary-2026-08-07@a32d132-mslnfix
Q96PB8,surface,active,LRC3B_HUMAN,false,,2026-08-06,2001-12-01,,,,no_extracellular_span,"no topological domain with an accepted description, and no GPI anchor",,,,,v2-ruled-vocabulary-2026-08-07@a32d132-mslnfix
Q9NT99,surface,active,LRC4B_HUMAN,false,,2026-08-06,2006-04-04,541,541,vocabulary,,,,,,,v2-ruled-vocabulary-2026-08-07@a32d132-mslnfix
Q9HCJ2,surface,active,LRC4C_HUMAN,false,,2026-08-06,2001-03-01,,,,no_extracellular_span,"no topological domain with an accepted description, and no GPI anchor",,,,,v2-ruled-vocabulary-2026-08-07@a32d132-mslnfix
Q8N7C0,surface,active,LRC52_HUMAN,false,,2026-08-06,2006-03-07,221,221,vocabulary,,,,,,,v2-ruled-vocabulary-2026-08-07@a32d132-mslnfix
Q9P244,surface,active,LRFN1_HUMAN,false,,2026-08-06,2008-05-20,505,505,vocabulary,,,,,,,v2-ruled-vocabulary-2026-08-07@a32d132-mslnfix
Q9ULH4,surface,active,LRFN2_HUMAN,false,,2026-08-06,2005-03-29,514,514,vocabulary,,,,,,,v2-ruled-vocabulary-2026-08-07@a32d132-mslnfix
Q9BTN0,surface,active,LRFN3_HUMAN,false,,2026-08-06,2001-06-01,523,523,vocabulary,,,,,,,v2-ruled-vocabulary-2026-08-07@a32d132-mslnfix
Q6PJG9,surface,active,LRFN4_HUMAN,false,,2026-08-06,2004-07-05,502,502,vocabulary,,,,,,,v2-ruled-vocabulary-2026-08-07@a32d132-mslnfix
Q96NI6,surface,active,LRFN5_HUMAN,false,,2026-08-06,2006-10-17,512,512,vocabulary,,,,,,,v2-ruled-vocabulary-2026-08-07@a32d132-mslnfix
Q96JA1,surface,active,LRIG1_HUMAN,false,,2026-08-06,2007-04-03,760,760,vocabulary,,,,,,,v2-ruled-vocabulary-2026-08-07@a32d132-mslnfix
O94898,surface,active,LRIG2_HUMAN,false,,2026-08-06,2004-10-11,767,767,vocabulary,,,,,,,v2-ruled-vocabulary-2026-08-07@a32d132-mslnfix
Q6UXM1,surface,active,LRIG3_HUMAN,false,,2026-08-06,2004-07-05,,,,no_extracellular_span,"no topological domain with an accepted description, and no GPI anchor",,,,,v2-ruled-vocabulary-2026-08-07@a32d132-mslnfix
Q9P2V4,surface,active,LRIT1_HUMAN,false,,2026-08-06,2000-10-01,,505,vocabulary,,,,,,,v2-ruled-vocabulary-2026-08-07@a32d132-mslnfix
A6NDA9,surface,active,LRIT2_HUMAN,false,,2026-08-06,2007-07-24,,,,no_extracellular_span,"no topological domain with an accepted description, and no GPI anchor",,,,,v2-ruled-vocabulary-2026-08-07@a32d132-mslnfix
Q3SXY7,surface,active,LRIT3_HUMAN,false,,2026-08-06,2013-04-03,,563,vocabulary,,,,,,,v2-ruled-vocabulary-2026-08-07@a32d132-mslnfix
Q8ND94,surface,active,LRN4L_HUMAN,false,,2026-08-06,2002-10-01,172,172,vocabulary,,,,,,,v2-ruled-vocabulary-2026-08-07@a32d132-mslnfix
Q7Z4F1,surface,active,LRP10_HUMAN,false,,2026-08-06,2004-04-13,424,424,vocabulary,,,,,,,v2-ruled-vocabulary-2026-08-07@a32d132-mslnfix
Q86VZ4,surface,active,LRP11_HUMAN,false,,2026-08-06,2006-03-07,413,413,vocabulary,,,,,,,v2-ruled-vocabulary-2026-08-07@a32d132-mslnfix
Q9Y561,surface,active,LRP12_HUMAN,false,,2026-08-06,1999-11-01,460,460,vocabulary,,,,,,,v2-ruled-vocabulary-2026-08-07@a32d132-mslnfix
Q9NZR2,surface,active,LRP1B_HUMAN,false,,2026-08-06,2005-01-04,4420,4420,vocabulary,,,,,,,v2-ruled-vocabulary-2026-08-07@a32d132-mslnfix
Q07954,surface,active,LRP1_HUMAN,false,,2026-08-06,2011-01-11,4400,4400,vocabulary,,,,,,,v2-ruled-vocabulary-2026-08-07@a32d132-mslnfix
P98164,surface,active,LRP2_HUMAN,false,,2026-08-06,2007-11-13,4398,4398,vocabulary,,,,,,,v2-ruled-vocabulary-2026-08-07@a32d132-mslnfix
O75074,surface,active,LRP3_HUMAN,false,,2026-08-06,2005-12-20,460,460,vocabulary,,,,,,,v2-ruled-vocabulary-2026-08-07@a32d132-mslnfix
O75096,surface,active,LRP4_HUMAN,false,,2026-08-06,2009-11-24,1705,1705,vocabulary,,,,,,,v2-ruled-vocabulary-2026-08-07@a32d132-mslnfix
O75197,surface,active,LRP5_HUMAN,false,,2026-08-06,2005-04-12,1353,1353,vocabulary,,,,,,,v2-ruled-vocabulary-2026-08-07@a32d132-mslnfix
O75581,surface,active,LRP6_HUMAN,false,,2026-08-06,2011-01-11,1351,1351,vocabulary,,,,,,,v2-ruled-vocabulary-2026-08-07@a32d132-mslnfix
Q14114,surface,active,LRP8_HUMAN,false,,2026-08-06,2009-09-22,785,785,vocabulary,,,,,,,v2-ruled-vocabulary-2026-08-07@a32d132-mslnfix
Q9HBW1,surface,active,LRRC4_HUMAN,false,,2026-08-06,2001-10-01,489,489,vocabulary,,,,,,,v2-ruled-vocabulary-2026-08-07@a32d132-mslnfix
Q6UXK5,surface,active,LRRN1_HUMAN,false,,2026-08-06,2004-07-05,606,606,vocabulary,,,,,,,v2-ruled-vocabulary-2026-08-07@a32d132-mslnfix
O75325,surface,active,LRRN2_HUMAN,false,,2026-08-06,2005-03-15,612,612,vocabulary,,,,,,,v2-ruled-vocabulary-2026-08-07@a32d132-mslnfix
Q9H3W5,surface,active,LRRN3_HUMAN,false,,2026-08-06,2001-03-01,606,606,vocabulary,,,,,,,v2-ruled-vocabulary-2026-08-07@a32d132-mslnfix
Q8WUT4,surface,active,LRRN4_HUMAN,false,,2026-08-06,2006-03-21,661,661,vocabulary,,,,,,,v2-ruled-vocabulary-2026-08-07@a32d132-mslnfix
O43300,surface,active,LRRT2_HUMAN,false,,2026-08-06,2004-07-19,389,389,vocabulary,,,,,,,v2-ruled-vocabulary-2026-08-07@a32d132-mslnfix
Q86VH5,surface,active,LRRT3_HUMAN,false,,2026-08-06,2005-06-21,389,389,vocabulary,,,,,,,v2-ruled-vocabulary-2026-08-07@a32d132-mslnfix
Q86VH4,surface,active,LRRT4_HUMAN,false,,2026-08-06,2008-02-05,394,394,vocabulary,,,,,,,v2-ruled-vocabulary-2026-08-07@a32d132-mslnfix
Q9HBL6,surface,active,LRTM1_HUMAN,false,,2026-08-06,2001-03-01,261,261,vocabulary,,,,,,,v2-ruled-vocabulary-2026-08-07@a32d132-mslnfix
Q8N967,surface,active,LRTM2_HUMAN,false,,2026-08-06,2002-10-01,275,275,vocabulary,,,,,,,v2-ruled-vocabulary-2026-08-07@a32d132-mslnfix
Q13449,surface,active,LSAMP_HUMAN,false,,2026-08-06,2006-10-17,,286,gpi_rule_A,,,,,,,v2-ruled-vocabulary-2026-08-07@a32d132-mslnfix
P22888,surface,active,LSHR_HUMAN,false,,2026-08-06,2009-12-15,337,337,vocabulary,,,,,,,v2-ruled-vocabulary-2026-08-07@a32d132-mslnfix
Q8N8F7,surface,active,LSME1_HUMAN,false,,2026-08-06,2002-10-01,,,,no_extracellular_span,"no topological domain with an accepted description, and no GPI anchor",,,,,v2-ruled-vocabulary-2026-08-07@a32d132-mslnfix
Q15722,surface,active,LT4R1_HUMAN,false,,2026-08-06,1998-07-15,26,26,vocabulary,,,,,,,v2-ruled-vocabulary-2026-08-07@a32d132-mslnfix
Q9NPC1,surface,active,LT4R2_HUMAN,false,,2026-08-06,2019-02-13,30,30,vocabulary,,,,,,,v2-ruled-vocabulary-2026-08-07@a32d132-mslnfix
P29376,surface,active,LTK_HUMAN,false,,2026-08-06,2007-04-03,408,408,vocabulary,,,,,,,v2-ruled-vocabulary-2026-08-07@a32d132-mslnfix
O95867,surface,active,LY66C_HUMAN,false,,2026-08-06,1999-05-01,,80,gpi_rule_A,,,,,,,v2-ruled-vocabulary-2026-08-07@a32d132-mslnfix
O95868,surface,active,LY66D_HUMAN,false,,2026-08-06,1999-05-01,,84,gpi_rule_A,,,,,,,v2-ruled-vocabulary-2026-08-07@a32d132-mslnfix
Q5SQ64,surface,active,LY66F_HUMAN,false,,2026-08-06,2008-02-26,219,219,vocabulary,,,,,,,v2-ruled-vocabulary-2026-08-07@a32d132-mslnfix
Q14210,surface,active,LY6D_HUMAN,false,,2026-08-06,1997-11-01,,77,gpi_rule_A,,,,,,,v2-ruled-vocabulary-2026-08-07@a32d132-mslnfix
Q16553,surface,active,LY6E_HUMAN,false,,2026-08-06,1996-11-01,,80,gpi_rule_A,,,,,,,v2-ruled-vocabulary-2026-08-07@a32d132-mslnfix
O94772,surface,active,LY6H_HUMAN,false,,2026-08-06,1999-05-01,,89,gpi_rule_A,,,,,,,v2-ruled-vocabulary-2026-08-07@a32d132-mslnfix
Q17RY6,surface,active,LY6K_HUMAN,false,,2026-08-06,2008-05-20,,120,gpi_rule_A,,,,,,,v2-ruled-vocabulary-2026-08-07@a32d132-mslnfix
O60449,surface,active,LY75_HUMAN,false,,2026-08-06,2011-01-11,1639,1639,vocabulary,,,,,,,v2-ruled-vocabulary-2026-08-07@a32d132-mslnfix
Q9HBG7,surface,active,LY9_HUMAN,false,,2026-08-06,2005-07-19,407,407,vocabulary,,,,,,,v2-ruled-vocabulary-2026-08-07@a32d132-mslnfix
P14151,surface,active,LYAM1_HUMAN,false,,2026-08-06,1991-02-01,294,294,vocabulary,,,,,,,v2-ruled-vocabulary-2026-08-07@a32d132-mslnfix
P16581,surface,active,LYAM2_HUMAN,false,,2026-08-06,1990-08-01,535,535,vocabulary,,,,,,,v2-ruled-vocabulary-2026-08-07@a32d132-mslnfix
P16109,surface,active,LYAM3_HUMAN,false,,2026-08-06,2024-01-24,730,730,vocabulary,,,,,,,v2-ruled-vocabulary-2026-08-07@a32d132-mslnfix
Q9BZG9,surface,inactive,LYNX1_HUMAN,false,,,,,,,,not fetched: uniprot_inactive,,,,,
Q8N2G4,surface,active,LYPD1_HUMAN,false,,2026-08-06,2006-03-07,,96,gpi_rule_A,,,,,,,v2-ruled-vocabulary-2026-08-07@a32d132-mslnfix
Q6UXB3,surface,active,LYPD2_HUMAN,false,,2026-08-06,2004-07-05,,80,gpi_rule_A,,,,,,,v2-ruled-vocabulary-2026-08-07@a32d132-mslnfix
O95274,surface,active,LYPD3_HUMAN,false,,2026-08-06,2006-03-07,,295,gpi_rule_A,,,,,,,v2-ruled-vocabulary-2026-08-07@a32d132-mslnfix
Q6UWN0,surface,active,LYPD4_HUMAN,false,,2026-08-06,2006-03-07,,198,gpi_rule_A,,,,,,,v2-ruled-vocabulary-2026-08-07@a32d132-mslnfix
Q6UWN5,surface,active,LYPD5_HUMAN,false,,2026-08-06,2006-03-07,,199,gpi_rule_A,,,,,,,v2-ruled-vocabulary-2026-08-07@a32d132-mslnfix
Q6UX82,surface,active,LYPD8_HUMAN,false,,2026-08-06,2016-06-08,,195,gpi_rule_A,,,,,,,v2-ruled-vocabulary-2026-08-07@a32d132-mslnfix
Q7Z3D4,surface,active,LYSM3_HUMAN,false,,2026-08-06,2006-09-05,217,217,vocabulary,,,,,,,v2-ruled-vocabulary-2026-08-07@a32d132-mslnfix
Q9Y5Y7,surface,active,LYVE1_HUMAN,false,,2026-08-06,2006-10-03,219,219,vocabulary,,,,,,,v2-ruled-vocabulary-2026-08-07@a32d132-mslnfix
Q8N5U1,surface,active,M4A15_HUMAN,false,,2026-08-06,2008-02-26,,,,no_extracellular_span,"no topological domain with an accepted description, and no GPI anchor",,,,,v2-ruled-vocabulary-2026-08-07@a32d132-mslnfix
Q9H2W1,surface,active,M4A6A_HUMAN,false,,2026-08-06,2001-03-01,48,48,vocabulary,,,,,,,v2-ruled-vocabulary-2026-08-07@a32d132-mslnfix
A6NDP7,surface,active,MADL2_HUMAN,false,,2026-08-06,2009-11-24,,,,no_extracellular_span,"no topological domain with an accepted description, and no GPI anchor",,,,,v2-ruled-vocabulary-2026-08-07@a32d132-mslnfix
P20916,surface,active,MAG_HUMAN,false,,2026-08-06,1991-02-01,497,497,vocabulary,,,,,,,v2-ruled-vocabulary-2026-08-07@a32d132-mslnfix
Q5VYJ5,surface,active,MALR1_HUMAN,false,,2026-08-06,2016-07-06,,2045,vocabulary,,,,,,,v2-ruled-vocabulary-2026-08-07@a32d132-mslnfix
Q9H8J5,surface,active,MANS1_HUMAN,false,,2026-08-06,2001-03-01,359,359,vocabulary,,,,,,,v2-ruled-vocabulary-2026-08-07@a32d132-mslnfix
A6NHS7,surface,active,MANS4_HUMAN,false,,2026-08-06,2012-10-31,260,260,vocabulary,,,,,,,v2-ruled-vocabulary-2026-08-07@a32d132-mslnfix
P35410,surface,active,MAS1L_HUMAN,false,,2026-08-06,1994-06-01,77,77,vocabulary,,,,,,,v2-ruled-vocabulary-2026-08-07@a32d132-mslnfix
P04201,surface,active,MAS_HUMAN,false,,2026-08-06,1987-03-20,36,36,vocabulary,,,,,,,v2-ruled-vocabulary-2026-08-07@a32d132-mslnfix
P41968,surface,active,MC3R_HUMAN,false,,2026-08-06,2012-07-11,37,37,vocabulary,,,,,,,v2-ruled-vocabulary-2026-08-07@a32d132-mslnfix
P32245,surface,active,MC4R_HUMAN,false,,2026-08-06,2004-10-25,47,47,vocabulary,,,,,,,v2-ruled-vocabulary-2026-08-07@a32d132-mslnfix
P33032,surface,active,MC5R_HUMAN,false,,2026-08-06,1995-02-01,37,37,vocabulary,,,,,,,v2-ruled-vocabulary-2026-08-07@a32d132-mslnfix
Q99705,surface,active,MCHR1_HUMAN,false,,2026-08-06,2024-01-24,44,44,vocabulary,,,,,,,v2-ruled-vocabulary-2026-08-07@a32d132-mslnfix
Q969V1,surface,active,MCHR2_HUMAN,false,,2026-08-06,2001-12-01,39,39,vocabulary,,,,,,,v2-ruled-vocabulary-2026-08-07@a32d132-mslnfix
Q9GZU1,surface,active,MCLN1_HUMAN,false,,2026-08-06,2001-03-01,212,212,vocabulary,,,,,,,v2-ruled-vocabulary-2026-08-07@a32d132-mslnfix
P15529,surface,active,MCP_HUMAN,false,,2026-08-06,2004-01-16,309,309,vocabulary,,,,,,,v2-ruled-vocabulary-2026-08-07@a32d132-mslnfix
Q8NFP4,surface,active,MDGA1_HUMAN,false,,2026-08-06,2002-10-01,,913,gpi_rule_A,,,,,,,v2-ruled-vocabulary-2026-08-07@a32d132-mslnfix
Q7Z553,surface,active,MDGA2_HUMAN,false,,2026-08-06,2004-04-13,,905,gpi_rule_A,,,,,,,v2-ruled-vocabulary-2026-08-07@a32d132-mslnfix
P08183,surface,active,MDR1_HUMAN,false,,2026-08-06,2009-05-26,49,49,vocabulary,,,,,,,v2-ruled-vocabulary-2026-08-07@a32d132-mslnfix
P21439,surface,active,MDR3_HUMAN,false,,2026-08-06,2007-02-20,45,45,vocabulary,,,,,,,v2-ruled-vocabulary-2026-08-07@a32d132-mslnfix
Q96KG7,surface,active,MEG10_HUMAN,false,,2026-08-06,2001-12-01,832,832,vocabulary,,,,,,,v2-ruled-vocabulary-2026-08-07@a32d132-mslnfix
A6BM72,surface,active,MEG11_HUMAN,false,,2026-08-06,2009-03-24,829,829,vocabulary,,,,,,,v2-ruled-vocabulary-2026-08-07@a32d132-mslnfix
Q7Z7M0,surface,active,MEGF8_HUMAN,false,,2026-08-06,2008-12-16,2620,2620,vocabulary,,,,,,,v2-ruled-vocabulary-2026-08-07@a32d132-mslnfix
Q9H1U4,surface,active,MEGF9_HUMAN,false,,2026-08-06,2006-10-17,484,484,vocabulary,,,,,,,v2-ruled-vocabulary-2026-08-07@a32d132-mslnfix
Q16819,surface,active,MEP1A_HUMAN,false,,2026-08-06,2008-07-22,647,647,vocabulary,,,,,,,v2-ruled-vocabulary-2026-08-07@a32d132-mslnfix
Q16820,surface,active,MEP1B_HUMAN,false,,2026-08-06,2010-05-18,630,630,vocabulary,,,,,,,v2-ruled-vocabulary-2026-08-07@a32d132-mslnfix
Q9H9K5,surface,active,MER34_HUMAN,false,,2026-08-06,2001-03-01,462,462,vocabulary,,,,,,,v2-ruled-vocabulary-2026-08-07@a32d132-mslnfix
Q12866,surface,active,MERTK_HUMAN,false,,2026-08-06,2007-11-13,485,485,vocabulary,,,,,,,v2-ruled-vocabulary-2026-08-07@a32d132-mslnfix
P08581,surface,active,MET_HUMAN,false,,2026-08-06,2009-07-07,908,908,vocabulary,,,,,,,v2-ruled-vocabulary-2026-08-07@a32d132-mslnfix
O75121,surface,active,MFA3L_HUMAN,false,,2026-08-06,2004-07-19,121,121,vocabulary,,,,,,,v2-ruled-vocabulary-2026-08-07@a32d132-mslnfix
P55082,surface,active,MFAP3_HUMAN,false,,2026-08-06,1996-10-01,129,129,vocabulary,,,,,,,v2-ruled-vocabulary-2026-08-07@a32d132-mslnfix
Q9BY79,surface,active,MFRP_HUMAN,false,,2026-08-06,2001-06-01,489,489,vocabulary,,,,,,,v2-ruled-vocabulary-2026-08-07@a32d132-mslnfix
O43934,surface,active,MFS11_HUMAN,false,,2026-08-06,2007-10-02,,,,no_extracellular_span,"no topological domain with an accepted description, and no GPI anchor",,,,,v2-ruled-vocabulary-2026-08-07@a32d132-mslnfix
Q6NUT3,surface,active,MFS12_HUMAN,false,,2026-08-06,2007-02-06,,27,vocabulary,,,,,,,v2-ruled-vocabulary-2026-08-07@a32d132-mslnfix
A6NFX1,surface,active,MFS2B_HUMAN,false,,2026-08-06,2017-12-20,,,,no_extracellular_span,"no topological domain with an accepted description, and no GPI anchor",,,,,v2-ruled-vocabulary-2026-08-07@a32d132-mslnfix
Q8IWD5,surface,active,MFS6L_HUMAN,false,,2026-08-06,2008-02-26,,,,no_extracellular_span,"no topological domain with an accepted description, and no GPI anchor",,,,,v2-ruled-vocabulary-2026-08-07@a32d132-mslnfix
Q8N468,surface,active,MFSD4_HUMAN,false,,2026-08-06,2007-01-23,,,,no_extracellular_span,"no topological domain with an accepted description, and no GPI anchor",,,,,v2-ruled-vocabulary-2026-08-07@a32d132-mslnfix
Q6N075,surface,active,MFSD5_HUMAN,false,,2026-08-06,2007-01-23,,,,no_extracellular_span,"no topological domain with an accepted description, and no GPI anchor",,,,,v2-ruled-vocabulary-2026-08-07@a32d132-mslnfix
Q6ZSS7,surface,active,MFSD6_HUMAN,false,,2026-08-06,2008-02-26,,,,no_extracellular_span,"no topological domain with an accepted description, and no GPI anchor",,,,,v2-ruled-vocabulary-2026-08-07@a32d132-mslnfix
Q6UXD7,surface,active,MFSD7_HUMAN,false,,2026-08-06,2004-07-05,,,,no_extracellular_span,"no topological domain with an accepted description, and no GPI anchor",,,,,v2-ruled-vocabulary-2026-08-07@a32d132-mslnfix
Q8NHS3,surface,active,MFSD8_HUMAN,false,,2026-08-06,2002-10-01,54,54,vocabulary,,,,,,,v2-ruled-vocabulary-2026-08-07@a32d132-mslnfix
Q29983,surface,active,MICA_HUMAN,false,,2026-08-06,1996-11-01,284,284,vocabulary,,,,,,,v2-ruled-vocabulary-2026-08-07@a32d132-mslnfix
Q29980,surface,active,MICB_HUMAN,false,,2026-08-06,2020-08-12,287,287,vocabulary,,,,,,,v2-ruled-vocabulary-2026-08-07@a32d132-mslnfix
Q7Z6M3,surface,active,MILR1_HUMAN,false,,2026-08-06,2007-10-23,208,208,vocabulary,,,,,,,v2-ruled-vocabulary-2026-08-07@a32d132-mslnfix
P30301,surface,active,MIP_HUMAN,false,,2026-08-06,1993-04-01,21,21,vocabulary,,,,,,,v2-ruled-vocabulary-2026-08-07@a32d132-mslnfix
Q5HYA8,surface,active,MKS3_HUMAN,false,,2026-08-06,2011-01-11,483,483,vocabulary,,,,,,,v2-ruled-vocabulary-2026-08-07@a32d132-mslnfix
Q495T6,surface,active,MMEL1_HUMAN,false,,2026-08-06,2006-09-05,,731,vocabulary,,,,,,,v2-ruled-vocabulary-2026-08-07@a32d132-mslnfix
P50281,surface,active,MMP14_HUMAN,false,,2026-08-06,2011-01-11,430,430,vocabulary,,,,,,,v2-ruled-vocabulary-2026-08-07@a32d132-mslnfix
P51512,surface,active,MMP16_HUMAN,false,,2026-08-06,1998-07-15,445,445,vocabulary,,,,,,,v2-ruled-vocabulary-2026-08-07@a32d132-mslnfix
Q9ULZ9,surface,active,MMP17_HUMAN,false,,2026-08-06,2010-05-18,,439,gpi_rule_A,,,,,,,v2-ruled-vocabulary-2026-08-07@a32d132-mslnfix
Q9NPA2,surface,active,MMP25_HUMAN,false,,2026-08-06,2000-10-01,,431,gpi_rule_A,,,,,,,v2-ruled-vocabulary-2026-08-07@a32d132-mslnfix
Q8TD46,surface,active,MO2R1_HUMAN,false,,2026-08-06,2023-05-03,237,237,vocabulary,,,,,,,v2-ruled-vocabulary-2026-08-07@a32d132-mslnfix
Q6Q8B3,surface,active,MO2R2_HUMAN,false,,2026-08-06,2008-09-02,216,216,vocabulary,,,,,,,v2-ruled-vocabulary-2026-08-07@a32d132-mslnfix
Q16653,surface,active,MOG_HUMAN,false,,2026-08-06,2011-01-11,125,125,vocabulary,,,,,,,v2-ruled-vocabulary-2026-08-07@a32d132-mslnfix
Q6ZSM3,surface,active,MOT12_HUMAN,false,,2026-08-06,2018-11-07,,,,no_extracellular_span,"no topological domain with an accepted description, and no GPI anchor",,,,,v2-ruled-vocabulary-2026-08-07@a32d132-mslnfix
P53985,surface,active,MOT1_HUMAN,false,,2026-08-06,2010-11-30,11,11,vocabulary,,,,,,,v2-ruled-vocabulary-2026-08-07@a32d132-mslnfix
O60669,surface,active,MOT2_HUMAN,false,,2026-08-06,2010-11-30,23,23,vocabulary,,,,,,,v2-ruled-vocabulary-2026-08-07@a32d132-mslnfix
O95907,surface,active,MOT3_HUMAN,false,,2026-08-06,1999-05-01,23,23,vocabulary,,,,,,,v2-ruled-vocabulary-2026-08-07@a32d132-mslnfix
O15374,surface,active,MOT5_HUMAN,false,,2026-08-06,1998-01-01,22,22,vocabulary,,,,,,,v2-ruled-vocabulary-2026-08-07@a32d132-mslnfix
O15375,surface,active,MOT6_HUMAN,false,,2026-08-06,1998-01-01,15,15,vocabulary,,,,,,,v2-ruled-vocabulary-2026-08-07@a32d132-mslnfix
O15403,surface,active,MOT7_HUMAN,false,,2026-08-06,2008-09-23,20,20,vocabulary,,,,,,,v2-ruled-vocabulary-2026-08-07@a32d132-mslnfix
Q2M385,surface,active,MPEG1_HUMAN,false,,2026-08-06,2006-02-21,,,,no_extracellular_span,"no topological domain with an accepted description, and no GPI anchor",,,,,v2-ruled-vocabulary-2026-08-07@a32d132-mslnfix
P20645,surface,active,MPRD_HUMAN,false,,2026-08-06,1991-02-01,,159,vocabulary,,,,,,,v2-ruled-vocabulary-2026-08-07@a32d132-mslnfix
P11717,surface,active,MPRI_HUMAN,false,,2026-08-06,2011-01-11,,2264,vocabulary,,,,,,,v2-ruled-vocabulary-2026-08-07@a32d132-mslnfix
O95297,surface,active,MPZL1_HUMAN,false,,2026-08-06,1999-05-01,127,127,vocabulary,,,,,,,v2-ruled-vocabulary-2026-08-07@a32d132-mslnfix
O60487,surface,active,MPZL2_HUMAN,false,,2026-08-06,1998-08-01,128,128,vocabulary,,,,,,,v2-ruled-vocabulary-2026-08-07@a32d132-mslnfix
Q6UWV2,surface,active,MPZL3_HUMAN,false,,2026-08-06,2004-07-05,127,127,vocabulary,,,,,,,v2-ruled-vocabulary-2026-08-07@a32d132-mslnfix
P22897,surface,active,MRC1_HUMAN,false,,2026-08-06,1991-08-01,1371,1371,vocabulary,,,,,,,v2-ruled-vocabulary-2026-08-07@a32d132-mslnfix
Q9UBG0,surface,active,MRC2_HUMAN,false,,2026-08-06,2011-01-11,1384,1384,vocabulary,,,,,,,v2-ruled-vocabulary-2026-08-07@a32d132-mslnfix
Q8TDS7,surface,active,MRGRD_HUMAN,false,,2026-08-06,2002-06-01,24,24,vocabulary,,,,,,,v2-ruled-vocabulary-2026-08-07@a32d132-mslnfix
Q86SM8,surface,active,MRGRE_HUMAN,false,,2026-08-06,2014-07-09,26,26,vocabulary,,,,,,,v2-ruled-vocabulary-2026-08-07@a32d132-mslnfix
Q96AM1,surface,active,MRGRF_HUMAN,false,,2026-08-06,2001-12-01,44,44,vocabulary,,,,,,,v2-ruled-vocabulary-2026-08-07@a32d132-mslnfix
Q86SM5,surface,active,MRGRG_HUMAN,false,,2026-08-06,2006-10-03,22,22,vocabulary,,,,,,,v2-ruled-vocabulary-2026-08-07@a32d132-mslnfix
Q96LB2,surface,active,MRGX1_HUMAN,false,,2026-08-06,2001-12-01,24,24,vocabulary,,,,,,,v2-ruled-vocabulary-2026-08-07@a32d132-mslnfix
Q96LB1,surface,active,MRGX2_HUMAN,false,,2026-08-06,2001-12-01,28,28,vocabulary,,,,,,,v2-ruled-vocabulary-2026-08-07@a32d132-mslnfix
Q96LB0,surface,active,MRGX3_HUMAN,false,,2026-08-06,2010-11-02,31,31,vocabulary,,,,,,,v2-ruled-vocabulary-2026-08-07@a32d132-mslnfix
Q96LA9,surface,active,MRGX4_HUMAN,false,,2026-08-06,2011-02-08,27,27,vocabulary,,,,,,,v2-ruled-vocabulary-2026-08-07@a32d132-mslnfix
P33527,surface,active,MRP1_HUMAN,false,,2026-08-06,2010-05-18,37,37,vocabulary,,,,,,,v2-ruled-vocabulary-2026-08-07@a32d132-mslnfix
Q92887,surface,active,MRP2_HUMAN,false,,2026-08-06,2010-10-05,41,41,vocabulary,,,,,,,v2-ruled-vocabulary-2026-08-07@a32d132-mslnfix
O15438,surface,active,MRP3_HUMAN,false,,2026-08-06,2000-05-30,37,37,vocabulary,,,,,,,v2-ruled-vocabulary-2026-08-07@a32d132-mslnfix
O15439,surface,active,MRP4_HUMAN,false,,2026-08-06,2008-09-23,13,13,vocabulary,,,,,,,v2-ruled-vocabulary-2026-08-07@a32d132-mslnfix
O15440,surface,active,MRP5_HUMAN,false,,2026-08-06,2000-12-01,,,,no_extracellular_span,"no topological domain with an accepted description, and no GPI anchor",,,,,v2-ruled-vocabulary-2026-08-07@a32d132-mslnfix
Q5T3U5,surface,active,MRP7_HUMAN,false,,2026-08-06,2004-12-21,,,,no_extracellular_span,"no topological domain with an accepted description, and no GPI anchor",,,,,v2-ruled-vocabulary-2026-08-07@a32d132-mslnfix
Q96J65,surface,active,MRP9_HUMAN,false,,2026-08-06,2025-06-18,,,,no_extracellular_span,"no topological domain with an accepted description, and no GPI anchor",,,,,v2-ruled-vocabulary-2026-08-07@a32d132-mslnfix
Q9Y6F6,surface,active,MRVI1_HUMAN,false,,2026-08-06,2019-07-31,,,,no_extracellular_span,"no topological domain with an accepted description, and no GPI anchor",,,,,v2-ruled-vocabulary-2026-08-07@a32d132-mslnfix
Q01726,surface,active,MSHR_HUMAN,false,,2026-08-06,2000-12-01,41,41,vocabulary,,,,,,,v2-ruled-vocabulary-2026-08-07@a32d132-mslnfix
Q96KJ4,surface,active,MSLNL_HUMAN,false,,2026-08-06,2010-11-30,603,603,vocabulary,,,,,,,v2-ruled-vocabulary-2026-08-07@a32d132-mslnfix
Q13421,surface,active,MSLN_HUMAN,false,,2026-08-06,2026-06-10,,,,absent_with_reason,gpi_mature_chain_ambiguous,,,,chain_start_ambiguous,v2-ruled-vocabulary-2026-08-07@a32d132-mslnfix
P21757,surface,active,MSRE_HUMAN,false,,2026-08-06,1991-05-01,375,375,vocabulary,,,,,,,v2-ruled-vocabulary-2026-08-07@a32d132-mslnfix
O43193,surface,active,MTLR_HUMAN,false,,2026-08-06,1998-06-01,68,68,vocabulary,,,,,,,v2-ruled-vocabulary-2026-08-07@a32d132-mslnfix
P48039,surface,active,MTR1A_HUMAN,false,,2026-08-06,1996-02-01,29,29,vocabulary,,,,,,,v2-ruled-vocabulary-2026-08-07@a32d132-mslnfix
P49286,surface,active,MTR1B_HUMAN,false,,2026-08-06,1996-02-01,42,42,vocabulary,,,,,,,v2-ruled-vocabulary-2026-08-07@a32d132-mslnfix
Q13585,surface,active,MTR1L_HUMAN,false,,2026-08-06,2010-05-18,30,30,vocabulary,,,,,,,v2-ruled-vocabulary-2026-08-07@a32d132-mslnfix
Q9UKN1,surface,active,MUC12_HUMAN,false,,2026-08-06,2008-04-29,5364,5364,vocabulary,,,,,,,v2-ruled-vocabulary-2026-08-07@a32d132-mslnfix
Q9H3R2,surface,active,MUC13_HUMAN,false,,2026-08-06,2014-05-14,403,403,vocabulary,,,,,,,v2-ruled-vocabulary-2026-08-07@a32d132-mslnfix
Q8N387,surface,active,MUC15_HUMAN,false,,2026-08-06,2005-12-20,213,213,vocabulary,,,,,,,v2-ruled-vocabulary-2026-08-07@a32d132-mslnfix
Q8WXI7,surface,active,MUC16_HUMAN,false,,2026-08-06,2016-05-11,14451,14451,vocabulary,,,,,,,v2-ruled-vocabulary-2026-08-07@a32d132-mslnfix
Q685J3,surface,active,MUC17_HUMAN,false,,2026-08-06,2010-05-18,4368,4368,vocabulary,,,,,,,v2-ruled-vocabulary-2026-08-07@a32d132-mslnfix
P43121,surface,active,MUC18_HUMAN,false,,2026-08-06,2006-01-10,536,536,vocabulary,,,,,,,v2-ruled-vocabulary-2026-08-07@a32d132-mslnfix
P15941,surface,active,MUC1_HUMAN,false,,2026-08-06,2010-05-18,1135,1135,vocabulary,,,,,,,v2-ruled-vocabulary-2026-08-07@a32d132-mslnfix
Q5SSG8,surface,active,MUC21_HUMAN,false,,2026-08-06,2010-05-18,455,455,vocabulary,,,,,,,v2-ruled-vocabulary-2026-08-07@a32d132-mslnfix
E2RYF6,surface,active,MUC22_HUMAN,false,,2026-08-06,2012-10-03,1634,1634,vocabulary,,,,,,,v2-ruled-vocabulary-2026-08-07@a32d132-mslnfix
Q04900,surface,active,MUC24_HUMAN,false,,2026-08-06,2009-09-01,139,139,vocabulary,,,,,,,v2-ruled-vocabulary-2026-08-07@a32d132-mslnfix
Q02505,surface,active,MUC3A_HUMAN,false,,2026-08-06,2016-04-13,,,,no_extracellular_span,"no topological domain with an accepted description, and no GPI anchor",,,,,v2-ruled-vocabulary-2026-08-07@a32d132-mslnfix
Q9H195,surface,active,MUC3B_HUMAN,false,,2026-08-06,2023-09-13,,,,no_extracellular_span,"no topological domain with an accepted description, and no GPI anchor",,,,,v2-ruled-vocabulary-2026-08-07@a32d132-mslnfix
Q99102,surface,active,MUC4_HUMAN,false,,2026-08-06,2021-09-29,,,,no_extracellular_span,"no topological domain with an accepted description, and no GPI anchor",,,,,v2-ruled-vocabulary-2026-08-07@a32d132-mslnfix
Q9ULC0,surface,active,MUCEN_HUMAN,false,,2026-08-06,2004-07-19,172,172,vocabulary,,,,,,,v2-ruled-vocabulary-2026-08-07@a32d132-mslnfix
O15146,surface,active,MUSK_HUMAN,false,,2026-08-06,1998-01-01,472,472,vocabulary,,,,,,,v2-ruled-vocabulary-2026-08-07@a32d132-mslnfix
Q9BRK3,surface,active,MXRA8_HUMAN,false,,2026-08-06,2001-06-01,322,322,vocabulary,,,,,,,v2-ruled-vocabulary-2026-08-07@a32d132-mslnfix
Q96S97,surface,active,MYADM_HUMAN,false,,2026-08-06,2002-03-01,,,,no_extracellular_span,"no topological domain with an accepted description, and no GPI anchor",,,,,v2-ruled-vocabulary-2026-08-07@a32d132-mslnfix
Q96QE2,surface,active,MYCT_HUMAN,false,,2026-08-06,2010-04-20,94,94,vocabulary,,,,,,,v2-ruled-vocabulary-2026-08-07@a32d132-mslnfix
Q9NZM1,surface,active,MYOF_HUMAN,false,,2026-08-06,2000-10-01,15,15,vocabulary,,,,,,,v2-ruled-vocabulary-2026-08-07@a32d132-mslnfix
P25189,surface,active,MYP0_HUMAN,false,,2026-08-06,1992-05-01,124,124,vocabulary,,,,,,,v2-ruled-vocabulary-2026-08-07@a32d132-mslnfix
P60201,surface,active,MYPR_HUMAN,false,,2026-08-06,2007-01-23,56,56,vocabulary,,,,,,,v2-ruled-vocabulary-2026-08-07@a32d132-mslnfix
Q9BZM6,surface,active,N2DL1_HUMAN,false,,2026-08-06,2001-06-01,,190,gpi_rule_A,,,,,,,v2-ruled-vocabulary-2026-08-07@a32d132-mslnfix
Q9BZM5,surface,active,N2DL2_HUMAN,false,,2026-08-06,2001-06-01,,191,gpi_rule_A,,,,,,,v2-ruled-vocabulary-2026-08-07@a32d132-mslnfix
Q9BZM4,surface,active,N2DL3_HUMAN,false,,2026-08-06,2001-06-01,,187,gpi_rule_A,,,,,,,v2-ruled-vocabulary-2026-08-07@a32d132-mslnfix
Q8TD07,surface,active,N2DL4_HUMAN,false,,2026-08-06,2002-06-01,195,195,vocabulary,,,,,,,v2-ruled-vocabulary-2026-08-07@a32d132-mslnfix
P32418,surface,active,NAC1_HUMAN,false,,2026-08-06,2000-12-01,39,39,vocabulary,,,,,,,v2-ruled-vocabulary-2026-08-07@a32d132-mslnfix
Q9UPR5,surface,active,NAC2_HUMAN,false,,2026-08-06,2000-12-01,48,48,vocabulary,,,,,,,v2-ruled-vocabulary-2026-08-07@a32d132-mslnfix
P57103,surface,active,NAC3_HUMAN,false,,2026-08-06,2003-08-29,43,43,vocabulary,,,,,,,v2-ruled-vocabulary-2026-08-07@a32d132-mslnfix
Q9UK23,surface,active,NAGPA_HUMAN,false,,2026-08-06,2010-05-18,,399,vocabulary,,,,,,,v2-ruled-vocabulary-2026-08-07@a32d132-mslnfix
Q5TF39,surface,active,NAGT1_HUMAN,false,,2026-08-06,2004-12-21,,,,no_extracellular_span,"no topological domain with an accepted description, and no GPI anchor",,,,,v2-ruled-vocabulary-2026-08-07@a32d132-mslnfix
Q8IZF0,surface,active,NALCN_HUMAN,false,,2026-08-06,2003-03-01,70,70,vocabulary,,,,,,,v2-ruled-vocabulary-2026-08-07@a32d132-mslnfix
Q9UQQ1,surface,active,NALDL_HUMAN,false,,2026-08-06,2010-11-30,712,712,vocabulary,,,,,,,v2-ruled-vocabulary-2026-08-07@a32d132-mslnfix
P52961,surface,active,NAR1_HUMAN,false,,2026-08-06,2008-09-23,,272,gpi_rule_A,,,,,,,v2-ruled-vocabulary-2026-08-07@a32d132-mslnfix
Q13508,surface,active,NAR3_HUMAN,false,,2026-08-06,2002-08-13,,335,gpi_rule_A,,,,,,,v2-ruled-vocabulary-2026-08-07@a32d132-mslnfix
Q93070,surface,active,NAR4_HUMAN,false,,2026-08-06,2024-01-24,,238,gpi_rule_A,,,,,,,v2-ruled-vocabulary-2026-08-07@a32d132-mslnfix
P13591,surface,active,NCAM1_HUMAN,false,,2026-08-06,2008-07-22,699,699,vocabulary,,,,,,,v2-ruled-vocabulary-2026-08-07@a32d132-mslnfix
O15394,surface,active,NCAM2_HUMAN,false,,2026-08-06,2008-07-22,678,678,vocabulary,,,,,,,v2-ruled-vocabulary-2026-08-07@a32d132-mslnfix
O00533,surface,active,NCHL1_HUMAN,false,,2026-08-06,2011-01-11,1058,1058,vocabulary,,,,,,,v2-ruled-vocabulary-2026-08-07@a32d132-mslnfix
Q9UI40,surface,active,NCKX2_HUMAN,false,,2026-08-06,2000-05-01,73,73,vocabulary,,,,,,,v2-ruled-vocabulary-2026-08-07@a32d132-mslnfix
Q9HC58,surface,active,NCKX3_HUMAN,false,,2026-08-06,2006-10-17,63,63,vocabulary,,,,,,,v2-ruled-vocabulary-2026-08-07@a32d132-mslnfix
Q8NFF2,surface,active,NCKX4_HUMAN,false,,2026-08-06,2011-07-27,59,59,vocabulary,,,,,,,v2-ruled-vocabulary-2026-08-07@a32d132-mslnfix
Q71RS6,surface,active,NCKX5_HUMAN,false,,2026-08-06,2004-07-05,37,37,vocabulary,,,,,,,v2-ruled-vocabulary-2026-08-07@a32d132-mslnfix
Q6J4K2,surface,active,NCKX6_HUMAN,false,,2026-08-06,2006-01-10,,,,no_extracellular_span,"no topological domain with an accepted description, and no GPI anchor",,,,,v2-ruled-vocabulary-2026-08-07@a32d132-mslnfix
Q5T1S8,surface,active,NCMAP_HUMAN,false,,2026-08-06,2004-12-21,30,30,vocabulary,,,,,,,v2-ruled-vocabulary-2026-08-07@a32d132-mslnfix
O76036,surface,active,NCTR1_HUMAN,false,,2026-08-06,2024-10-02,237,237,vocabulary,,,,,,,v2-ruled-vocabulary-2026-08-07@a32d132-mslnfix
O95944,surface,active,NCTR2_HUMAN,false,,2026-08-06,2009-07-07,171,171,vocabulary,,,,,,,v2-ruled-vocabulary-2026-08-07@a32d132-mslnfix
O14931,surface,active,NCTR3_HUMAN,false,,2026-08-06,1998-01-01,117,117,vocabulary,,,,,,,v2-ruled-vocabulary-2026-08-07@a32d132-mslnfix
Q8WWB7,surface,active,NCUG1_HUMAN,false,,2026-08-06,2002-03-01,,337,vocabulary,,,,,,,v2-ruled-vocabulary-2026-08-07@a32d132-mslnfix
Q7Z3B1,surface,active,NEGR1_HUMAN,false,,2026-08-06,2006-02-21,,286,gpi_rule_A,,,,,,,v2-ruled-vocabulary-2026-08-07@a32d132-mslnfix
Q92859,surface,active,NEO1_HUMAN,false,,2026-08-06,2006-10-17,1072,1072,vocabulary,,,,,,,v2-ruled-vocabulary-2026-08-07@a32d132-mslnfix
P08473,surface,active,NEP_HUMAN,false,,2026-08-06,2007-01-23,699,699,vocabulary,,,,,,,v2-ruled-vocabulary-2026-08-07@a32d132-mslnfix
Q8TDF5,surface,active,NETO1_HUMAN,false,,2026-08-06,2011-05-31,322,322,vocabulary,,,,,,,v2-ruled-vocabulary-2026-08-07@a32d132-mslnfix
Q8NC67,surface,active,NETO2_HUMAN,false,,2026-08-06,2002-10-01,325,325,vocabulary,,,,,,,v2-ruled-vocabulary-2026-08-07@a32d132-mslnfix
Q8NET5,surface,active,NFAM1_HUMAN,false,,2026-08-06,2002-10-01,121,121,vocabulary,,,,,,,v2-ruled-vocabulary-2026-08-07@a32d132-mslnfix
O94856,surface,active,NFASC_HUMAN,false,,2026-08-06,2005-12-06,1193,1193,vocabulary,,,,,,,v2-ruled-vocabulary-2026-08-07@a32d132-mslnfix
Q92542,surface,active,NICA_HUMAN,false,,2026-08-06,2001-01-11,636,636,vocabulary,,,,,,,v2-ruled-vocabulary-2026-08-07@a32d132-mslnfix
Q6NVV3,surface,active,NIPA3_HUMAN,false,,2026-08-06,2004-07-05,67,67,vocabulary,,,,,,,v2-ruled-vocabulary-2026-08-07@a32d132-mslnfix
Q0D2K0,surface,active,NIPA4_HUMAN,false,,2026-08-06,2022-02-23,55,55,vocabulary,,,,,,,v2-ruled-vocabulary-2026-08-07@a32d132-mslnfix
P25103,surface,active,NK1R_HUMAN,false,,2026-08-06,1992-05-01,31,31,vocabulary,,,,,,,v2-ruled-vocabulary-2026-08-07@a32d132-mslnfix
P21452,surface,active,NK2R_HUMAN,false,,2026-08-06,2009-05-05,32,32,vocabulary,,,,,,,v2-ruled-vocabulary-2026-08-07@a32d132-mslnfix
P29371,surface,active,NK3R_HUMAN,false,,2026-08-06,1992-12-01,84,84,vocabulary,,,,,,,v2-ruled-vocabulary-2026-08-07@a32d132-mslnfix
Q4KMZ8,surface,active,NKAI1_HUMAN,false,,2026-08-06,2011-07-27,64,64,vocabulary,,,,,,,v2-ruled-vocabulary-2026-08-07@a32d132-mslnfix
Q5VXU1,surface,active,NKAI2_HUMAN,false,,2026-08-06,2004-12-07,,,,no_extracellular_span,"no topological domain with an accepted description, and no GPI anchor",,,,,v2-ruled-vocabulary-2026-08-07@a32d132-mslnfix
Q8N8D7,surface,active,NKAI3_HUMAN,false,,2026-08-06,2002-10-01,,,,no_extracellular_span,"no topological domain with an accepted description, and no GPI anchor",,,,,v2-ruled-vocabulary-2026-08-07@a32d132-mslnfix
P26715,surface,active,NKG2A_HUMAN,false,,2026-08-06,2011-01-11,140,140,vocabulary,,,,,,,v2-ruled-vocabulary-2026-08-07@a32d132-mslnfix
P26717,surface,active,NKG2C_HUMAN,false,,2026-08-06,2022-05-25,138,138,vocabulary,,,,,,,v2-ruled-vocabulary-2026-08-07@a32d132-mslnfix
P26718,surface,active,NKG2D_HUMAN,false,,2026-08-06,2022-02-23,144,144,vocabulary,,,,,,,v2-ruled-vocabulary-2026-08-07@a32d132-mslnfix
Q07444,surface,active,NKG2E_HUMAN,false,,2026-08-06,2010-05-18,147,147,vocabulary,,,,,,,v2-ruled-vocabulary-2026-08-07@a32d132-mslnfix
Q8N2Q7,surface,active,NLGN1_HUMAN,false,,2026-08-06,2019-07-31,672,672,vocabulary,,,,,,,v2-ruled-vocabulary-2026-08-07@a32d132-mslnfix
Q8NFZ4,surface,active,NLGN2_HUMAN,false,,2026-08-06,2002-10-01,663,663,vocabulary,,,,,,,v2-ruled-vocabulary-2026-08-07@a32d132-mslnfix
Q9NZ94,surface,active,NLGN3_HUMAN,false,,2026-08-06,2003-05-23,672,672,vocabulary,,,,,,,v2-ruled-vocabulary-2026-08-07@a32d132-mslnfix
Q8N0W4,surface,active,NLGNX_HUMAN,false,,2026-08-06,2002-10-01,635,635,vocabulary,,,,,,,v2-ruled-vocabulary-2026-08-07@a32d132-mslnfix
Q8NFZ3,surface,active,NLGNY_HUMAN,false,,2026-08-06,2002-10-01,633,633,vocabulary,,,,,,,v2-ruled-vocabulary-2026-08-07@a32d132-mslnfix
Q8NA29,surface,active,NLS1_HUMAN,false,,2026-08-06,2002-10-01,24,24,vocabulary,,,,,,,v2-ruled-vocabulary-2026-08-07@a32d132-mslnfix
P28336,surface,active,NMBR_HUMAN,false,,2026-08-06,2008-07-22,41,41,vocabulary,,,,,,,v2-ruled-vocabulary-2026-08-07@a32d132-mslnfix
Q8TCU5,surface,active,NMD3A_HUMAN,false,,2026-08-06,2008-11-04,651,651,vocabulary,,,,,,,v2-ruled-vocabulary-2026-08-07@a32d132-mslnfix
O60391,surface,active,NMD3B_HUMAN,false,,2026-08-06,2005-07-19,552,552,vocabulary,,,,,,,v2-ruled-vocabulary-2026-08-07@a32d132-mslnfix
Q12879,surface,active,NMDE1_HUMAN,false,,2026-08-06,1996-11-01,534,534,vocabulary,,,,,,,v2-ruled-vocabulary-2026-08-07@a32d132-mslnfix
Q13224,surface,active,NMDE2_HUMAN,false,,2026-08-06,2001-06-20,529,529,vocabulary,,,,,,,v2-ruled-vocabulary-2026-08-07@a32d132-mslnfix
Q14957,surface,active,NMDE3_HUMAN,false,,2026-08-06,2010-11-30,535,535,vocabulary,,,,,,,v2-ruled-vocabulary-2026-08-07@a32d132-mslnfix
O15399,surface,active,NMDE4_HUMAN,false,,2026-08-06,2009-05-05,555,555,vocabulary,,,,,,,v2-ruled-vocabulary-2026-08-07@a32d132-mslnfix
Q05586,surface,active,NMDZ1_HUMAN,false,,2026-08-06,1994-06-01,541,541,vocabulary,,,,,,,v2-ruled-vocabulary-2026-08-07@a32d132-mslnfix
Q9HB89,surface,active,NMUR1_HUMAN,false,,2026-08-06,2001-03-01,65,65,vocabulary,,,,,,,v2-ruled-vocabulary-2026-08-07@a32d132-mslnfix
Q9GZQ4,surface,active,NMUR2_HUMAN,false,,2026-08-06,2010-11-02,43,43,vocabulary,,,,,,,v2-ruled-vocabulary-2026-08-07@a32d132-mslnfix
P46531,surface,active,NOTC1_HUMAN,false,,2026-08-06,2008-09-23,1717,1717,vocabulary,,,,,,,v2-ruled-vocabulary-2026-08-07@a32d132-mslnfix
Q04721,surface,active,NOTC2_HUMAN,false,,2026-08-06,2007-04-03,1652,1652,vocabulary,,,,,,,v2-ruled-vocabulary-2026-08-07@a32d132-mslnfix
Q9UM47,surface,active,NOTC3_HUMAN,false,,2026-08-06,2011-02-08,1604,1604,vocabulary,,,,,,,v2-ruled-vocabulary-2026-08-07@a32d132-mslnfix
Q99466,surface,active,NOTC4_HUMAN,false,,2026-08-06,2002-03-27,1424,1424,vocabulary,,,,,,,v2-ruled-vocabulary-2026-08-07@a32d132-mslnfix
Q9NPH5,surface,active,NOX4_HUMAN,false,,2026-08-06,2008-11-04,215,215,vocabulary,,,,,,,v2-ruled-vocabulary-2026-08-07@a32d132-mslnfix
Q9H841,surface,active,NPAL2_HUMAN,false,,2026-08-06,2020-08-12,,,,no_extracellular_span,"no topological domain with an accepted description, and no GPI anchor",,,,,v2-ruled-vocabulary-2026-08-07@a32d132-mslnfix
Q6P499,surface,active,NPAL3_HUMAN,false,,2026-08-06,2004-07-05,,,,no_extracellular_span,"no topological domain with an accepted description, and no GPI anchor",,,,,v2-ruled-vocabulary-2026-08-07@a32d132-mslnfix
P48145,surface,active,NPBW1_HUMAN,false,,2026-08-06,2008-11-25,37,37,vocabulary,,,,,,,v2-ruled-vocabulary-2026-08-07@a32d132-mslnfix
P48146,surface,active,NPBW2_HUMAN,false,,2026-08-06,2007-11-13,45,45,vocabulary,,,,,,,v2-ruled-vocabulary-2026-08-07@a32d132-mslnfix
O15118,surface,active,NPC1_HUMAN,false,,2026-08-06,2005-05-10,,249,vocabulary,,,,,,,v2-ruled-vocabulary-2026-08-07@a32d132-mslnfix
Q9UHC9,surface,active,NPCL1_HUMAN,false,,2026-08-06,2012-11-28,272,272,vocabulary,,,,,,,v2-ruled-vocabulary-2026-08-07@a32d132-mslnfix
Q9GZQ6,surface,active,NPFF1_HUMAN,false,,2026-08-06,2001-03-01,43,43,vocabulary,,,,,,,v2-ruled-vocabulary-2026-08-07@a32d132-mslnfix
Q9Y5X5,surface,active,NPFF2_HUMAN,false,,2026-08-06,2001-04-27,147,147,vocabulary,,,,,,,v2-ruled-vocabulary-2026-08-07@a32d132-mslnfix
O60500,surface,active,NPHN_HUMAN,false,,2026-08-06,1998-08-01,1032,1032,vocabulary,,,,,,,v2-ruled-vocabulary-2026-08-07@a32d132-mslnfix
Q6W5P4,surface,active,NPSR1_HUMAN,false,,2026-08-06,2004-07-05,52,52,vocabulary,,,,,,,v2-ruled-vocabulary-2026-08-07@a32d132-mslnfix
Q14916,surface,active,NPT1_HUMAN,false,,2026-08-06,2008-09-02,,,,no_extracellular_span,"no topological domain with an accepted description, and no GPI anchor",,,,,v2-ruled-vocabulary-2026-08-07@a32d132-mslnfix
Q06495,surface,active,NPT2A_HUMAN,false,,2026-08-06,1995-02-01,162,162,vocabulary,,,,,,,v2-ruled-vocabulary-2026-08-07@a32d132-mslnfix
O95436,surface,active,NPT2B_HUMAN,false,,2026-08-06,2010-11-30,129,129,vocabulary,,,,,,,v2-ruled-vocabulary-2026-08-07@a32d132-mslnfix
Q8N130,surface,active,NPT2C_HUMAN,false,,2026-08-06,2010-11-30,113,113,vocabulary,,,,,,,v2-ruled-vocabulary-2026-08-07@a32d132-mslnfix
Q9Y639,surface,active,NPTN_HUMAN,false,,2026-08-06,2010-06-15,311,311,vocabulary,,,,,,,v2-ruled-vocabulary-2026-08-07@a32d132-mslnfix
P25929,surface,active,NPY1R_HUMAN,false,,2026-08-06,1992-05-01,37,37,vocabulary,,,,,,,v2-ruled-vocabulary-2026-08-07@a32d132-mslnfix
P49146,surface,active,NPY2R_HUMAN,false,,2026-08-06,1996-02-01,45,45,vocabulary,,,,,,,v2-ruled-vocabulary-2026-08-07@a32d132-mslnfix
P50391,surface,active,NPY4R_HUMAN,false,,2026-08-06,2024-01-24,39,39,vocabulary,,,,,,,v2-ruled-vocabulary-2026-08-07@a32d132-mslnfix
Q15761,surface,active,NPY5R_HUMAN,false,,2026-08-06,2008-11-25,42,42,vocabulary,,,,,,,v2-ruled-vocabulary-2026-08-07@a32d132-mslnfix
Q99463,surface,active,NPY6R_HUMAN,false,,2026-08-06,1997-05-01,39,39,vocabulary,,,,,,,v2-ruled-vocabulary-2026-08-07@a32d132-mslnfix
Q68D85,surface,active,NR3L1_HUMAN,false,,2026-08-06,2004-10-11,238,238,vocabulary,,,,,,,v2-ruled-vocabulary-2026-08-07@a32d132-mslnfix
P49279,surface,active,NRAM1_HUMAN,false,,2026-08-06,1996-02-01,42,42,vocabulary,,,,,,,v2-ruled-vocabulary-2026-08-07@a32d132-mslnfix
P49281,surface,active,NRAM2_HUMAN,false,,2026-08-06,2000-05-30,38,38,vocabulary,,,,,,,v2-ruled-vocabulary-2026-08-07@a32d132-mslnfix
Q92823,surface,active,NRCAM_HUMAN,false,,2026-08-06,2008-11-25,1143,1143,vocabulary,,,,,,,v2-ruled-vocabulary-2026-08-07@a32d132-mslnfix
Q02297,surface,active,NRG1_HUMAN,false,,2026-08-06,2007-01-23,223,223,vocabulary,,,,,,,v2-ruled-vocabulary-2026-08-07@a32d132-mslnfix
O14511,surface,active,NRG2_HUMAN,false,,2026-08-06,1998-01-01,294,294,vocabulary,,,,,,,v2-ruled-vocabulary-2026-08-07@a32d132-mslnfix
Q8WWG1,surface,active,NRG4_HUMAN,false,,2026-08-06,2002-03-01,62,62,vocabulary,,,,,,,v2-ruled-vocabulary-2026-08-07@a32d132-mslnfix
Q496H8,surface,active,NRN1L_HUMAN,false,,2026-08-06,2008-02-26,,103,gpi_rule_A,,,,,,,v2-ruled-vocabulary-2026-08-07@a32d132-mslnfix
Q9NPD7,surface,active,NRN1_HUMAN,false,,2026-08-06,2000-10-01,,88,gpi_rule_A,,,,,,,v2-ruled-vocabulary-2026-08-07@a32d132-mslnfix
O14786,surface,active,NRP1_HUMAN,false,,2026-08-06,2008-09-23,835,835,vocabulary,,,,,,,v2-ruled-vocabulary-2026-08-07@a32d132-mslnfix
O60462,surface,active,NRP2_HUMAN,false,,2026-08-06,2018-03-28,844,844,vocabulary,,,,,,,v2-ruled-vocabulary-2026-08-07@a32d132-mslnfix
Q86YC3,surface,active,NRROS_HUMAN,false,,2026-08-06,2003-06-01,632,632,vocabulary,,,,,,,v2-ruled-vocabulary-2026-08-07@a32d132-mslnfix
Q9ULB1,surface,active,NRX1A_HUMAN,false,,2026-08-06,2000-05-01,1371,1371,vocabulary,,,,,,,v2-ruled-vocabulary-2026-08-07@a32d132-mslnfix
P58400,surface,active,NRX1B_HUMAN,false,,2026-08-06,2017-08-30,346,346,vocabulary,,,,,,,v2-ruled-vocabulary-2026-08-07@a32d132-mslnfix
Q9P2S2,surface,active,NRX2A_HUMAN,false,,2026-08-06,2000-10-01,1608,1608,vocabulary,,,,,,,v2-ruled-vocabulary-2026-08-07@a32d132-mslnfix
P58401,surface,active,NRX2B_HUMAN,false,,2026-08-06,2001-11-16,540,540,vocabulary,,,,,,,v2-ruled-vocabulary-2026-08-07@a32d132-mslnfix
Q9Y4C0,surface,active,NRX3A_HUMAN,false,,2026-08-06,2009-03-03,1541,1541,vocabulary,,,,,,,v2-ruled-vocabulary-2026-08-07@a32d132-mslnfix
Q9HDB5,surface,active,NRX3B_HUMAN,false,,2026-08-06,2008-12-16,527,527,vocabulary,,,,,,,v2-ruled-vocabulary-2026-08-07@a32d132-mslnfix
Q12908,surface,active,NTCP2_HUMAN,false,,2026-08-06,2011-02-08,39,39,vocabulary,,,,,,,v2-ruled-vocabulary-2026-08-07@a32d132-mslnfix
Q96EP9,surface,active,NTCP4_HUMAN,false,,2026-08-06,2004-03-01,103,103,vocabulary,,,,,,,v2-ruled-vocabulary-2026-08-07@a32d132-mslnfix
Q5PT55,surface,active,NTCP5_HUMAN,false,,2026-08-06,2005-01-04,123,123,vocabulary,,,,,,,v2-ruled-vocabulary-2026-08-07@a32d132-mslnfix
Q14973,surface,active,NTCP_HUMAN,false,,2026-08-06,1996-11-01,22,22,vocabulary,,,,,,,v2-ruled-vocabulary-2026-08-07@a32d132-mslnfix
Q9Y2I2,surface,active,NTNG1_HUMAN,false,,2026-08-06,2005-01-04,,481,gpi_rule_A,,,,,,,v2-ruled-vocabulary-2026-08-07@a32d132-mslnfix
Q96CW9,surface,active,NTNG2_HUMAN,false,,2026-08-06,2011-01-11,,489,gpi_rule_A,,,,,,,v2-ruled-vocabulary-2026-08-07@a32d132-mslnfix
P30989,surface,active,NTR1_HUMAN,false,,2026-08-06,2005-03-29,67,67,vocabulary,,,,,,,v2-ruled-vocabulary-2026-08-07@a32d132-mslnfix
O95665,surface,active,NTR2_HUMAN,false,,2026-08-06,2010-11-02,41,41,vocabulary,,,,,,,v2-ruled-vocabulary-2026-08-07@a32d132-mslnfix
Q9P121,surface,active,NTRI_HUMAN,false,,2026-08-06,2000-10-01,,287,gpi_rule_A,,,,,,,v2-ruled-vocabulary-2026-08-07@a32d132-mslnfix
P04629,surface,active,NTRK1_HUMAN,false,,2026-08-06,2006-05-02,391,391,vocabulary,,,,,,,v2-ruled-vocabulary-2026-08-07@a32d132-mslnfix
Q16620,surface,active,NTRK2_HUMAN,false,,2026-08-06,1996-11-01,399,399,vocabulary,,,,,,,v2-ruled-vocabulary-2026-08-07@a32d132-mslnfix
Q16288,surface,active,NTRK3_HUMAN,false,,2026-08-06,2007-03-06,398,398,vocabulary,,,,,,,v2-ruled-vocabulary-2026-08-07@a32d132-mslnfix
Q9H208,surface,active,O10A2_HUMAN,false,,2026-08-06,2006-11-28,37,37,vocabulary,,,,,,,v2-ruled-vocabulary-2026-08-07@a32d132-mslnfix
P58181,surface,active,O10A3_HUMAN,false,,2026-08-06,2001-06-20,37,37,vocabulary,,,,,,,v2-ruled-vocabulary-2026-08-07@a32d132-mslnfix
Q9H209,surface,active,O10A4_HUMAN,false,,2026-08-06,2010-05-18,37,37,vocabulary,,,,,,,v2-ruled-vocabulary-2026-08-07@a32d132-mslnfix
Q9H207,surface,active,O10A5_HUMAN,false,,2026-08-06,2001-03-01,37,37,vocabulary,,,,,,,v2-ruled-vocabulary-2026-08-07@a32d132-mslnfix
Q8NH74,surface,active,O10A6_HUMAN,false,,2026-08-06,2002-10-01,37,37,vocabulary,,,,,,,v2-ruled-vocabulary-2026-08-07@a32d132-mslnfix
Q8NGE5,surface,active,O10A7_HUMAN,false,,2026-08-06,2002-10-01,37,37,vocabulary,,,,,,,v2-ruled-vocabulary-2026-08-07@a32d132-mslnfix
Q8NH08,surface,active,O10AC_HUMAN,false,,2026-08-06,2009-12-15,26,26,vocabulary,,,,,,,v2-ruled-vocabulary-2026-08-07@a32d132-mslnfix
Q8NGE0,surface,active,O10AD_HUMAN,false,,2026-08-06,2002-10-01,37,37,vocabulary,,,,,,,v2-ruled-vocabulary-2026-08-07@a32d132-mslnfix
Q8NH19,surface,active,O10AG_HUMAN,false,,2026-08-06,2002-10-01,37,37,vocabulary,,,,,,,v2-ruled-vocabulary-2026-08-07@a32d132-mslnfix
Q96KK4,surface,active,O10C1_HUMAN,false,,2026-08-06,2010-05-18,37,37,vocabulary,,,,,,,v2-ruled-vocabulary-2026-08-07@a32d132-mslnfix
Q8NH80,surface,active,O10D3_HUMAN,false,,2026-08-06,2002-10-01,37,37,vocabulary,,,,,,,v2-ruled-vocabulary-2026-08-07@a32d132-mslnfix
Q8NGN7,surface,active,O10D4_HUMAN,false,,2026-08-06,2002-10-01,37,37,vocabulary,,,,,,,v2-ruled-vocabulary-2026-08-07@a32d132-mslnfix
Q8NGC3,surface,active,O10G2_HUMAN,false,,2026-08-06,2022-02-23,37,37,vocabulary,,,,,,,v2-ruled-vocabulary-2026-08-07@a32d132-mslnfix
Q8NGC4,surface,active,O10G3_HUMAN,false,,2026-08-06,2002-10-01,37,37,vocabulary,,,,,,,v2-ruled-vocabulary-2026-08-07@a32d132-mslnfix
Q8NGN3,surface,active,O10G4_HUMAN,false,,2026-08-06,2002-10-01,37,37,vocabulary,,,,,,,v2-ruled-vocabulary-2026-08-07@a32d132-mslnfix
Q8NH81,surface,active,O10G6_HUMAN,false,,2026-08-06,2002-10-01,46,46,vocabulary,,,,,,,v2-ruled-vocabulary-2026-08-07@a32d132-mslnfix
Q8NGN6,surface,active,O10G7_HUMAN,false,,2026-08-06,2002-10-01,37,37,vocabulary,,,,,,,v2-ruled-vocabulary-2026-08-07@a32d132-mslnfix
Q8NGN5,surface,active,O10G8_HUMAN,false,,2026-08-06,2002-10-01,37,37,vocabulary,,,,,,,v2-ruled-vocabulary-2026-08-07@a32d132-mslnfix
Q8NGN4,surface,active,O10G9_HUMAN,false,,2026-08-06,2002-10-01,37,37,vocabulary,,,,,,,v2-ruled-vocabulary-2026-08-07@a32d132-mslnfix
Q9Y4A9,surface,active,O10H1_HUMAN,false,,2026-08-06,1999-11-01,37,37,vocabulary,,,,,,,v2-ruled-vocabulary-2026-08-07@a32d132-mslnfix
O60403,surface,active,O10H2_HUMAN,false,,2026-08-06,1998-08-01,37,37,vocabulary,,,,,,,v2-ruled-vocabulary-2026-08-07@a32d132-mslnfix
O60404,surface,active,O10H3_HUMAN,false,,2026-08-06,1998-08-01,37,37,vocabulary,,,,,,,v2-ruled-vocabulary-2026-08-07@a32d132-mslnfix
Q8NGA5,surface,active,O10H4_HUMAN,false,,2026-08-06,2002-10-01,37,37,vocabulary,,,,,,,v2-ruled-vocabulary-2026-08-07@a32d132-mslnfix
Q8NGA6,surface,active,O10H5_HUMAN,false,,2026-08-06,2002-10-01,37,37,vocabulary,,,,,,,v2-ruled-vocabulary-2026-08-07@a32d132-mslnfix
P30954,surface,active,O10J1_HUMAN,false,,2026-08-06,2010-03-23,36,36,vocabulary,,,,,,,v2-ruled-vocabulary-2026-08-07@a32d132-mslnfix
Q5JRS4,surface,active,O10J3_HUMAN,false,,2026-08-06,2005-02-15,37,37,vocabulary,,,,,,,v2-ruled-vocabulary-2026-08-07@a32d132-mslnfix
P0C629,surface,active,O10J4_HUMAN,false,,2026-08-06,2022-05-25,32,32,vocabulary,,,,,,,v2-ruled-vocabulary-2026-08-07@a32d132-mslnfix
Q8NHC4,surface,active,O10J5_HUMAN,false,,2026-08-06,2002-10-01,36,36,vocabulary,,,,,,,v2-ruled-vocabulary-2026-08-07@a32d132-mslnfix
Q8NGY7,surface,active,O10J6_HUMAN,false,,2026-08-06,2002-10-01,36,36,vocabulary,,,,,,,v2-ruled-vocabulary-2026-08-07@a32d132-mslnfix
Q8NGX5,surface,active,O10K1_HUMAN,false,,2026-08-06,2002-10-01,37,37,vocabulary,,,,,,,v2-ruled-vocabulary-2026-08-07@a32d132-mslnfix
Q6IF99,surface,active,O10K2_HUMAN,false,,2026-08-06,2004-07-05,37,37,vocabulary,,,,,,,v2-ruled-vocabulary-2026-08-07@a32d132-mslnfix
Q8NGE3,surface,active,O10P1_HUMAN,false,,2026-08-06,2002-10-01,37,37,vocabulary,,,,,,,v2-ruled-vocabulary-2026-08-07@a32d132-mslnfix
Q8NGQ4,surface,active,O10Q1_HUMAN,false,,2026-08-06,2002-10-01,38,38,vocabulary,,,,,,,v2-ruled-vocabulary-2026-08-07@a32d132-mslnfix
Q8NGX6,surface,active,O10R2_HUMAN,false,,2026-08-06,2009-02-10,45,45,vocabulary,,,,,,,v2-ruled-vocabulary-2026-08-07@a32d132-mslnfix
Q8NGN2,surface,active,O10S1_HUMAN,false,,2026-08-06,2009-02-10,38,38,vocabulary,,,,,,,v2-ruled-vocabulary-2026-08-07@a32d132-mslnfix
Q8NGX3,surface,active,O10T2_HUMAN,false,,2026-08-06,2002-10-01,37,37,vocabulary,,,,,,,v2-ruled-vocabulary-2026-08-07@a32d132-mslnfix
Q8NGI7,surface,active,O10V1_HUMAN,false,,2026-08-06,2006-10-17,37,37,vocabulary,,,,,,,v2-ruled-vocabulary-2026-08-07@a32d132-mslnfix
Q8NGF6,surface,active,O10W1_HUMAN,false,,2026-08-06,2002-10-01,37,37,vocabulary,,,,,,,v2-ruled-vocabulary-2026-08-07@a32d132-mslnfix
Q8NGY0,surface,active,O10X1_HUMAN,false,,2026-08-06,2008-01-15,41,41,vocabulary,,,,,,,v2-ruled-vocabulary-2026-08-07@a32d132-mslnfix
Q8NGY1,surface,active,O10Z1_HUMAN,false,,2026-08-06,2002-10-01,37,37,vocabulary,,,,,,,v2-ruled-vocabulary-2026-08-07@a32d132-mslnfix
Q9GZK7,surface,active,O11A1_HUMAN,false,,2026-08-06,2001-03-01,37,37,vocabulary,,,,,,,v2-ruled-vocabulary-2026-08-07@a32d132-mslnfix
Q8NGC1,surface,active,O11G2_HUMAN,false,,2026-08-06,2008-11-04,62,62,vocabulary,,,,,,,v2-ruled-vocabulary-2026-08-07@a32d132-mslnfix
Q8NG94,surface,active,O11H1_HUMAN,false,,2026-08-06,2008-11-04,44,44,vocabulary,,,,,,,v2-ruled-vocabulary-2026-08-07@a32d132-mslnfix
Q8NH07,surface,active,O11H2_HUMAN,false,,2026-08-06,2002-10-01,44,44,vocabulary,,,,,,,v2-ruled-vocabulary-2026-08-07@a32d132-mslnfix
Q8NGC9,surface,active,O11H4_HUMAN,false,,2026-08-06,2002-10-01,37,37,vocabulary,,,,,,,v2-ruled-vocabulary-2026-08-07@a32d132-mslnfix
Q8NGC7,surface,active,O11H6_HUMAN,false,,2026-08-06,2002-10-01,43,43,vocabulary,,,,,,,v2-ruled-vocabulary-2026-08-07@a32d132-mslnfix
Q8NGC8,surface,active,O11H7_HUMAN,false,,2026-08-06,2008-01-15,38,38,vocabulary,,,,,,,v2-ruled-vocabulary-2026-08-07@a32d132-mslnfix
B2RN74,surface,active,O11HC_HUMAN,false,,2026-08-06,2008-07-01,44,44,vocabulary,,,,,,,v2-ruled-vocabulary-2026-08-07@a32d132-mslnfix
Q8NGX0,surface,active,O11L1_HUMAN,false,,2026-08-06,2002-10-01,37,37,vocabulary,,,,,,,v2-ruled-vocabulary-2026-08-07@a32d132-mslnfix
P58182,surface,active,O12D2_HUMAN,false,,2026-08-06,2010-02-09,37,37,vocabulary,,,,,,,v2-ruled-vocabulary-2026-08-07@a32d132-mslnfix
Q9UGF7,surface,active,O12D3_HUMAN,false,,2026-08-06,2000-05-01,37,37,vocabulary,,,,,,,v2-ruled-vocabulary-2026-08-07@a32d132-mslnfix
Q8NGR1,surface,active,O13A1_HUMAN,false,,2026-08-06,2009-05-05,43,43,vocabulary,,,,,,,v2-ruled-vocabulary-2026-08-07@a32d132-mslnfix
Q8NGS9,surface,active,O13C2_HUMAN,false,,2026-08-06,2002-10-01,37,37,vocabulary,,,,,,,v2-ruled-vocabulary-2026-08-07@a32d132-mslnfix
Q8NGS6,surface,active,O13C3_HUMAN,false,,2026-08-06,2008-12-16,55,55,vocabulary,,,,,,,v2-ruled-vocabulary-2026-08-07@a32d132-mslnfix
Q8NGS5,surface,active,O13C4_HUMAN,false,,2026-08-06,2002-10-01,37,37,vocabulary,,,,,,,v2-ruled-vocabulary-2026-08-07@a32d132-mslnfix
Q8NGS8,surface,active,O13C5_HUMAN,false,,2026-08-06,2002-10-01,37,37,vocabulary,,,,,,,v2-ruled-vocabulary-2026-08-07@a32d132-mslnfix
Q8NH95,surface,active,O13C6_HUMAN,false,,2026-08-06,2014-09-03,27,27,vocabulary,,,,,,,v2-ruled-vocabulary-2026-08-07@a32d132-mslnfix
Q8NGS7,surface,active,O13C8_HUMAN,false,,2026-08-06,2002-10-01,37,37,vocabulary,,,,,,,v2-ruled-vocabulary-2026-08-07@a32d132-mslnfix
Q8NGT0,surface,active,O13C9_HUMAN,false,,2026-08-06,2002-10-01,37,37,vocabulary,,,,,,,v2-ruled-vocabulary-2026-08-07@a32d132-mslnfix
Q8NGV5,surface,active,O13D1_HUMAN,false,,2026-08-06,2009-05-05,57,57,vocabulary,,,,,,,v2-ruled-vocabulary-2026-08-07@a32d132-mslnfix
Q8NGS4,surface,active,O13F1_HUMAN,false,,2026-08-06,2002-10-01,37,37,vocabulary,,,,,,,v2-ruled-vocabulary-2026-08-07@a32d132-mslnfix
Q8NGZ3,surface,active,O13G1_HUMAN,false,,2026-08-06,2002-10-01,37,37,vocabulary,,,,,,,v2-ruled-vocabulary-2026-08-07@a32d132-mslnfix
Q8NG92,surface,active,O13H1_HUMAN,false,,2026-08-06,2002-10-01,37,37,vocabulary,,,,,,,v2-ruled-vocabulary-2026-08-07@a32d132-mslnfix
Q8NGT2,surface,active,O13J1_HUMAN,false,,2026-08-06,2002-10-01,37,37,vocabulary,,,,,,,v2-ruled-vocabulary-2026-08-07@a32d132-mslnfix
Q96R54,surface,active,O14A2_HUMAN,false,,2026-08-06,2008-07-22,36,36,vocabulary,,,,,,,v2-ruled-vocabulary-2026-08-07@a32d132-mslnfix
Q8NHC5,surface,active,O14AG_HUMAN,false,,2026-08-06,2002-10-01,42,42,vocabulary,,,,,,,v2-ruled-vocabulary-2026-08-07@a32d132-mslnfix
Q8NHC7,surface,active,O14CZ_HUMAN,false,,2026-08-06,2002-10-01,36,36,vocabulary,,,,,,,v2-ruled-vocabulary-2026-08-07@a32d132-mslnfix
A6ND48,surface,active,O14I1_HUMAN,false,,2026-08-06,2007-07-24,27,27,vocabulary,,,,,,,v2-ruled-vocabulary-2026-08-07@a32d132-mslnfix
Q9UGF5,surface,active,O14J1_HUMAN,false,,2026-08-06,2000-05-01,36,36,vocabulary,,,,,,,v2-ruled-vocabulary-2026-08-07@a32d132-mslnfix
Q8NGZ2,surface,active,O14K1_HUMAN,false,,2026-08-06,2008-10-14,42,42,vocabulary,,,,,,,v2-ruled-vocabulary-2026-08-07@a32d132-mslnfix
Q8NHC6,surface,active,O14L1_HUMAN,false,,2026-08-06,2023-06-28,43,43,vocabulary,,,,,,,v2-ruled-vocabulary-2026-08-07@a32d132-mslnfix
Q8NGT7,surface,active,O2A12_HUMAN,false,,2026-08-06,2002-10-01,37,37,vocabulary,,,,,,,v2-ruled-vocabulary-2026-08-07@a32d132-mslnfix
Q96R47,surface,active,O2A14_HUMAN,false,,2026-08-06,2010-05-18,37,37,vocabulary,,,,,,,v2-ruled-vocabulary-2026-08-07@a32d132-mslnfix
A4D2G3,surface,active,O2A25_HUMAN,false,,2026-08-06,2009-03-24,38,38,vocabulary,,,,,,,v2-ruled-vocabulary-2026-08-07@a32d132-mslnfix
Q8NHA4,surface,active,O2AE1_HUMAN,false,,2026-08-06,2002-10-01,37,37,vocabulary,,,,,,,v2-ruled-vocabulary-2026-08-07@a32d132-mslnfix
Q9H205,surface,active,O2AG1_HUMAN,false,,2026-08-06,2001-06-20,37,37,vocabulary,,,,,,,v2-ruled-vocabulary-2026-08-07@a32d132-mslnfix
A6NM03,surface,active,O2AG2_HUMAN,false,,2026-08-06,2007-07-24,45,45,vocabulary,,,,,,,v2-ruled-vocabulary-2026-08-07@a32d132-mslnfix
Q8NGZ0,surface,active,O2AJ1_HUMAN,false,,2026-08-06,2002-10-01,37,37,vocabulary,,,,,,,v2-ruled-vocabulary-2026-08-07@a32d132-mslnfix
Q8NG84,surface,active,O2AK2_HUMAN,false,,2026-08-06,2009-05-05,40,40,vocabulary,,,,,,,v2-ruled-vocabulary-2026-08-07@a32d132-mslnfix
Q8NGE2,surface,active,O2AP1_HUMAN,false,,2026-08-06,2002-10-01,37,37,vocabulary,,,,,,,v2-ruled-vocabulary-2026-08-07@a32d132-mslnfix
A6NND4,surface,active,O2AT4_HUMAN,false,,2026-08-06,2007-07-24,34,34,vocabulary,,,,,,,v2-ruled-vocabulary-2026-08-07@a32d132-mslnfix
Q8NGZ9,surface,active,O2T10_HUMAN,false,,2026-08-06,2002-10-01,37,37,vocabulary,,,,,,,v2-ruled-vocabulary-2026-08-07@a32d132-mslnfix
Q8NH01,surface,active,O2T11_HUMAN,false,,2026-08-06,2002-10-01,37,37,vocabulary,,,,,,,v2-ruled-vocabulary-2026-08-07@a32d132-mslnfix
Q8NG77,surface,active,O2T12_HUMAN,false,,2026-08-06,2002-10-01,37,37,vocabulary,,,,,,,v2-ruled-vocabulary-2026-08-07@a32d132-mslnfix
Q8NH04,surface,active,O2T27_HUMAN,false,,2026-08-06,2002-10-01,37,37,vocabulary,,,,,,,v2-ruled-vocabulary-2026-08-07@a32d132-mslnfix
Q8NH02,surface,active,O2T29_HUMAN,false,,2026-08-06,2003-10-10,37,37,vocabulary,,,,,,,v2-ruled-vocabulary-2026-08-07@a32d132-mslnfix
Q8NG76,surface,active,O2T33_HUMAN,false,,2026-08-06,2002-10-01,37,37,vocabulary,,,,,,,v2-ruled-vocabulary-2026-08-07@a32d132-mslnfix
Q8NGX1,surface,active,O2T34_HUMAN,false,,2026-08-06,2002-10-01,37,37,vocabulary,,,,,,,v2-ruled-vocabulary-2026-08-07@a32d132-mslnfix
Q8NGX2,surface,active,O2T35_HUMAN,false,,2026-08-06,2002-10-01,37,37,vocabulary,,,,,,,v2-ruled-vocabulary-2026-08-07@a32d132-mslnfix
Q8NGL6,surface,active,O4A15_HUMAN,false,,2026-08-06,2009-05-05,53,53,vocabulary,,,,,,,v2-ruled-vocabulary-2026-08-07@a32d132-mslnfix
Q8NH70,surface,active,O4A16_HUMAN,false,,2026-08-06,2002-10-01,37,37,vocabulary,,,,,,,v2-ruled-vocabulary-2026-08-07@a32d132-mslnfix
Q6IF82,surface,active,O4A47_HUMAN,false,,2026-08-06,2008-11-25,37,37,vocabulary,,,,,,,v2-ruled-vocabulary-2026-08-07@a32d132-mslnfix
A6NMZ5,surface,active,O4C45_HUMAN,false,,2026-08-06,2022-05-25,41,41,vocabulary,,,,,,,v2-ruled-vocabulary-2026-08-07@a32d132-mslnfix
A6NHA9,surface,active,O4C46_HUMAN,false,,2026-08-06,2007-07-24,40,40,vocabulary,,,,,,,v2-ruled-vocabulary-2026-08-07@a32d132-mslnfix
Q8NGB8,surface,active,O4F15_HUMAN,false,,2026-08-06,2002-10-01,37,37,vocabulary,,,,,,,v2-ruled-vocabulary-2026-08-07@a32d132-mslnfix
Q8NGA8,surface,active,O4F17_HUMAN,false,,2026-08-06,2002-10-01,37,37,vocabulary,,,,,,,v2-ruled-vocabulary-2026-08-07@a32d132-mslnfix
O95013,surface,active,O4F21_HUMAN,false,,2026-08-06,2007-11-13,37,37,vocabulary,,,,,,,v2-ruled-vocabulary-2026-08-07@a32d132-mslnfix
Q8NGJ7,surface,active,O51A2_HUMAN,false,,2026-08-06,2002-10-01,36,36,vocabulary,,,,,,,v2-ruled-vocabulary-2026-08-07@a32d132-mslnfix
Q8NGJ6,surface,active,O51A4_HUMAN,false,,2026-08-06,2002-10-01,36,36,vocabulary,,,,,,,v2-ruled-vocabulary-2026-08-07@a32d132-mslnfix
Q8NH64,surface,active,O51A7_HUMAN,false,,2026-08-06,2002-10-01,36,36,vocabulary,,,,,,,v2-ruled-vocabulary-2026-08-07@a32d132-mslnfix
Q9Y5P1,surface,active,O51B2_HUMAN,false,,2026-08-06,2010-05-18,36,36,vocabulary,,,,,,,v2-ruled-vocabulary-2026-08-07@a32d132-mslnfix
Q9Y5P0,surface,active,O51B4_HUMAN,false,,2026-08-06,2010-11-02,36,36,vocabulary,,,,,,,v2-ruled-vocabulary-2026-08-07@a32d132-mslnfix
Q9H339,surface,active,O51B5_HUMAN,false,,2026-08-06,2010-05-18,36,36,vocabulary,,,,,,,v2-ruled-vocabulary-2026-08-07@a32d132-mslnfix
Q9H340,surface,active,O51B6_HUMAN,false,,2026-08-06,2008-10-14,36,36,vocabulary,,,,,,,v2-ruled-vocabulary-2026-08-07@a32d132-mslnfix
Q8NGF3,surface,active,O51D1_HUMAN,false,,2026-08-06,2002-10-01,38,38,vocabulary,,,,,,,v2-ruled-vocabulary-2026-08-07@a32d132-mslnfix
Q8TCB6,surface,active,O51E1_HUMAN,false,,2026-08-06,2024-01-24,32,32,vocabulary,,,,,,,v2-ruled-vocabulary-2026-08-07@a32d132-mslnfix
Q9H255,surface,active,O51E2_HUMAN,false,,2026-08-06,2001-03-01,36,36,vocabulary,,,,,,,v2-ruled-vocabulary-2026-08-07@a32d132-mslnfix
A6NGY5,surface,active,O51F1_HUMAN,false,,2026-08-06,2007-07-24,41,41,vocabulary,,,,,,,v2-ruled-vocabulary-2026-08-07@a32d132-mslnfix
Q8NH61,surface,active,O51F2_HUMAN,false,,2026-08-06,2009-02-10,39,39,vocabulary,,,,,,,v2-ruled-vocabulary-2026-08-07@a32d132-mslnfix
Q8NGK1,surface,active,O51G1_HUMAN,false,,2026-08-06,2002-10-01,36,36,vocabulary,,,,,,,v2-ruled-vocabulary-2026-08-07@a32d132-mslnfix
Q8NGK0,surface,active,O51G2_HUMAN,false,,2026-08-06,2002-10-01,36,36,vocabulary,,,,,,,v2-ruled-vocabulary-2026-08-07@a32d132-mslnfix
Q8NH63,surface,active,O51H1_HUMAN,false,,2026-08-06,2002-10-01,36,36,vocabulary,,,,,,,v2-ruled-vocabulary-2026-08-07@a32d132-mslnfix
Q9H343,surface,active,O51I1_HUMAN,false,,2026-08-06,2001-03-01,36,36,vocabulary,,,,,,,v2-ruled-vocabulary-2026-08-07@a32d132-mslnfix
Q9H344,surface,active,O51I2_HUMAN,false,,2026-08-06,2001-03-01,36,36,vocabulary,,,,,,,v2-ruled-vocabulary-2026-08-07@a32d132-mslnfix
Q9H342,surface,active,O51J1_HUMAN,false,,2026-08-06,2008-06-10,31,31,vocabulary,,,,,,,v2-ruled-vocabulary-2026-08-07@a32d132-mslnfix
Q8NGJ5,surface,active,O51L1_HUMAN,false,,2026-08-06,2002-10-01,36,36,vocabulary,,,,,,,v2-ruled-vocabulary-2026-08-07@a32d132-mslnfix
Q9H341,surface,active,O51M1_HUMAN,false,,2026-08-06,2014-03-19,40,40,vocabulary,,,,,,,v2-ruled-vocabulary-2026-08-07@a32d132-mslnfix
Q8NH59,surface,active,O51Q1_HUMAN,false,,2026-08-06,2003-10-31,36,36,vocabulary,,,,,,,v2-ruled-vocabulary-2026-08-07@a32d132-mslnfix
Q8NGJ8,surface,active,O51S1_HUMAN,false,,2026-08-06,2002-10-01,35,35,vocabulary,,,,,,,v2-ruled-vocabulary-2026-08-07@a32d132-mslnfix
Q8NGJ9,surface,active,O51T1_HUMAN,false,,2026-08-06,2002-10-01,36,36,vocabulary,,,,,,,v2-ruled-vocabulary-2026-08-07@a32d132-mslnfix
Q9H2C8,surface,active,O51V1_HUMAN,false,,2026-08-06,2010-05-18,36,36,vocabulary,,,,,,,v2-ruled-vocabulary-2026-08-07@a32d132-mslnfix
Q9UKL2,surface,active,O52A1_HUMAN,false,,2026-08-06,2010-05-18,37,37,vocabulary,,,,,,,v2-ruled-vocabulary-2026-08-07@a32d132-mslnfix
A6NMU1,surface,active,O52A4_HUMAN,false,,2026-08-06,2007-07-24,36,36,vocabulary,,,,,,,v2-ruled-vocabulary-2026-08-07@a32d132-mslnfix
Q9H2C5,surface,active,O52A5_HUMAN,false,,2026-08-06,2001-03-01,37,37,vocabulary,,,,,,,v2-ruled-vocabulary-2026-08-07@a32d132-mslnfix
Q96RD2,surface,active,O52B2_HUMAN,false,,2026-08-06,2009-01-20,36,36,vocabulary,,,,,,,v2-ruled-vocabulary-2026-08-07@a32d132-mslnfix
Q8NGK2,surface,active,O52B4_HUMAN,false,,2026-08-06,2005-07-05,36,36,vocabulary,,,,,,,v2-ruled-vocabulary-2026-08-07@a32d132-mslnfix
Q8NGF0,surface,active,O52B6_HUMAN,false,,2026-08-06,2008-12-16,45,45,vocabulary,,,,,,,v2-ruled-vocabulary-2026-08-07@a32d132-mslnfix
Q9H346,surface,active,O52D1_HUMAN,false,,2026-08-06,2001-03-01,36,36,vocabulary,,,,,,,v2-ruled-vocabulary-2026-08-07@a32d132-mslnfix
Q8NGJ3,surface,active,O52E1_HUMAN,false,,2026-08-06,2002-10-01,36,36,vocabulary,,,,,,,v2-ruled-vocabulary-2026-08-07@a32d132-mslnfix
Q8NGJ4,surface,active,O52E2_HUMAN,false,,2026-08-06,2010-05-18,36,36,vocabulary,,,,,,,v2-ruled-vocabulary-2026-08-07@a32d132-mslnfix
Q8NGH9,surface,active,O52E4_HUMAN,false,,2026-08-06,2002-10-01,36,36,vocabulary,,,,,,,v2-ruled-vocabulary-2026-08-07@a32d132-mslnfix
Q8NH55,surface,active,O52E5_HUMAN,false,,2026-08-06,2013-11-13,30,30,vocabulary,,,,,,,v2-ruled-vocabulary-2026-08-07@a32d132-mslnfix
Q96RD3,surface,active,O52E6_HUMAN,false,,2026-08-06,2002-05-10,36,36,vocabulary,,,,,,,v2-ruled-vocabulary-2026-08-07@a32d132-mslnfix
Q6IFG1,surface,active,O52E8_HUMAN,false,,2026-08-06,2024-01-24,34,34,vocabulary,,,,,,,v2-ruled-vocabulary-2026-08-07@a32d132-mslnfix
Q8NGJ2,surface,active,O52H1_HUMAN,false,,2026-08-06,2024-01-24,32,32,vocabulary,,,,,,,v2-ruled-vocabulary-2026-08-07@a32d132-mslnfix
Q8NGK6,surface,active,O52I1_HUMAN,false,,2026-08-06,2003-10-10,36,36,vocabulary,,,,,,,v2-ruled-vocabulary-2026-08-07@a32d132-mslnfix
Q8NH67,surface,active,O52I2_HUMAN,false,,2026-08-06,2008-12-16,55,55,vocabulary,,,,,,,v2-ruled-vocabulary-2026-08-07@a32d132-mslnfix
Q8NH60,surface,active,O52J3_HUMAN,false,,2026-08-06,2010-05-18,36,36,vocabulary,,,,,,,v2-ruled-vocabulary-2026-08-07@a32d132-mslnfix
Q8NGK4,surface,active,O52K1_HUMAN,false,,2026-08-06,2010-05-18,36,36,vocabulary,,,,,,,v2-ruled-vocabulary-2026-08-07@a32d132-mslnfix
Q8NGK3,surface,active,O52K2_HUMAN,false,,2026-08-06,2008-12-16,36,36,vocabulary,,,,,,,v2-ruled-vocabulary-2026-08-07@a32d132-mslnfix
Q8NGH7,surface,active,O52L1_HUMAN,false,,2026-08-06,2023-06-28,43,43,vocabulary,,,,,,,v2-ruled-vocabulary-2026-08-07@a32d132-mslnfix
Q8NGH6,surface,active,O52L2_HUMAN,false,,2026-08-06,2008-12-16,43,43,vocabulary,,,,,,,v2-ruled-vocabulary-2026-08-07@a32d132-mslnfix
Q8NGK5,surface,active,O52M1_HUMAN,false,,2026-08-06,2002-10-01,37,37,vocabulary,,,,,,,v2-ruled-vocabulary-2026-08-07@a32d132-mslnfix
Q8NH53,surface,active,O52N1_HUMAN,false,,2026-08-06,2002-10-01,36,36,vocabulary,,,,,,,v2-ruled-vocabulary-2026-08-07@a32d132-mslnfix
Q8NGI0,surface,active,O52N2_HUMAN,false,,2026-08-06,2002-10-01,36,36,vocabulary,,,,,,,v2-ruled-vocabulary-2026-08-07@a32d132-mslnfix
Q8NGI2,surface,active,O52N4_HUMAN,false,,2026-08-06,2010-05-18,36,36,vocabulary,,,,,,,v2-ruled-vocabulary-2026-08-07@a32d132-mslnfix
Q8NH56,surface,active,O52N5_HUMAN,false,,2026-08-06,2008-11-04,36,36,vocabulary,,,,,,,v2-ruled-vocabulary-2026-08-07@a32d132-mslnfix
Q8NH57,surface,active,O52P1_HUMAN,false,,2026-08-06,2003-10-10,36,36,vocabulary,,,,,,,v2-ruled-vocabulary-2026-08-07@a32d132-mslnfix
Q8NGF1,surface,active,O52R1_HUMAN,false,,2026-08-06,2009-02-10,36,36,vocabulary,,,,,,,v2-ruled-vocabulary-2026-08-07@a32d132-mslnfix
Q6IF63,surface,active,O52W1_HUMAN,false,,2026-08-06,2008-07-22,36,36,vocabulary,,,,,,,v2-ruled-vocabulary-2026-08-07@a32d132-mslnfix
P0C646,surface,active,O52Z1_HUMAN,false,,2026-08-06,2018-03-28,29,29,vocabulary,,,,,,,v2-ruled-vocabulary-2026-08-07@a32d132-mslnfix
Q8NGH5,surface,active,O56A1_HUMAN,false,,2026-08-06,2009-05-05,36,36,vocabulary,,,,,,,v2-ruled-vocabulary-2026-08-07@a32d132-mslnfix
Q8NH54,surface,active,O56A3_HUMAN,false,,2026-08-06,2003-10-10,36,36,vocabulary,,,,,,,v2-ruled-vocabulary-2026-08-07@a32d132-mslnfix
Q8NGH8,surface,active,O56A4_HUMAN,false,,2026-08-06,2009-09-22,36,36,vocabulary,,,,,,,v2-ruled-vocabulary-2026-08-07@a32d132-mslnfix
P0C7T3,surface,active,O56A5_HUMAN,false,,2026-08-06,2008-07-22,36,36,vocabulary,,,,,,,v2-ruled-vocabulary-2026-08-07@a32d132-mslnfix
Q8NGI3,surface,active,O56B1_HUMAN,false,,2026-08-06,2009-05-05,36,36,vocabulary,,,,,,,v2-ruled-vocabulary-2026-08-07@a32d132-mslnfix
Q8NGI1,surface,active,O56B2_HUMAN,false,,2026-08-06,2025-02-05,36,36,vocabulary,,,,,,,v2-ruled-vocabulary-2026-08-07@a32d132-mslnfix
Q8NH76,surface,active,O56B4_HUMAN,false,,2026-08-06,2002-10-01,36,36,vocabulary,,,,,,,v2-ruled-vocabulary-2026-08-07@a32d132-mslnfix
P0C628,surface,active,O5AC1_HUMAN,false,,2026-08-06,2008-01-15,31,31,vocabulary,,,,,,,v2-ruled-vocabulary-2026-08-07@a32d132-mslnfix
Q9NZP5,surface,active,O5AC2_HUMAN,false,,2026-08-06,2006-01-10,42,42,vocabulary,,,,,,,v2-ruled-vocabulary-2026-08-07@a32d132-mslnfix
Q8NH90,surface,active,O5AK2_HUMAN,false,,2026-08-06,2002-10-01,42,42,vocabulary,,,,,,,v2-ruled-vocabulary-2026-08-07@a32d132-mslnfix
Q8NH89,surface,active,O5AK3_HUMAN,false,,2026-08-06,2002-10-01,42,42,vocabulary,,,,,,,v2-ruled-vocabulary-2026-08-07@a32d132-mslnfix
P0C617,surface,active,O5AL1_HUMAN,false,,2026-08-06,2020-02-26,44,44,vocabulary,,,,,,,v2-ruled-vocabulary-2026-08-07@a32d132-mslnfix
Q8NGI8,surface,active,O5AN1_HUMAN,false,,2026-08-06,2002-10-01,42,42,vocabulary,,,,,,,v2-ruled-vocabulary-2026-08-07@a32d132-mslnfix
Q8NGF4,surface,active,O5AP2_HUMAN,false,,2026-08-06,2002-10-01,54,54,vocabulary,,,,,,,v2-ruled-vocabulary-2026-08-07@a32d132-mslnfix
Q8NGP9,surface,active,O5AR1_HUMAN,false,,2026-08-06,2002-10-01,45,45,vocabulary,,,,,,,v2-ruled-vocabulary-2026-08-07@a32d132-mslnfix
Q8N127,surface,active,O5AS1_HUMAN,false,,2026-08-06,2002-10-01,42,42,vocabulary,,,,,,,v2-ruled-vocabulary-2026-08-07@a32d132-mslnfix
Q8NGC0,surface,active,O5AU1_HUMAN,false,,2026-08-06,2008-11-04,79,79,vocabulary,,,,,,,v2-ruled-vocabulary-2026-08-07@a32d132-mslnfix
A6NHG9,surface,active,O5H14_HUMAN,false,,2026-08-06,2007-07-24,31,31,vocabulary,,,,,,,v2-ruled-vocabulary-2026-08-07@a32d132-mslnfix
A6NDH6,surface,active,O5H15_HUMAN,false,,2026-08-06,2007-07-24,31,31,vocabulary,,,,,,,v2-ruled-vocabulary-2026-08-07@a32d132-mslnfix
A6NJZ3,surface,active,O6C65_HUMAN,false,,2026-08-06,2007-07-24,32,32,vocabulary,,,,,,,v2-ruled-vocabulary-2026-08-07@a32d132-mslnfix
A6NDL8,surface,active,O6C68_HUMAN,false,,2026-08-06,2007-11-13,33,33,vocabulary,,,,,,,v2-ruled-vocabulary-2026-08-07@a32d132-mslnfix
A6NIJ9,surface,active,O6C70_HUMAN,false,,2026-08-06,2007-07-24,32,32,vocabulary,,,,,,,v2-ruled-vocabulary-2026-08-07@a32d132-mslnfix
A6NCV1,surface,active,O6C74_HUMAN,false,,2026-08-06,2007-07-24,33,33,vocabulary,,,,,,,v2-ruled-vocabulary-2026-08-07@a32d132-mslnfix
A6NL08,surface,active,O6C75_HUMAN,false,,2026-08-06,2007-07-24,33,33,vocabulary,,,,,,,v2-ruled-vocabulary-2026-08-07@a32d132-mslnfix
A6NM76,surface,active,O6C76_HUMAN,false,,2026-08-06,2007-07-24,32,32,vocabulary,,,,,,,v2-ruled-vocabulary-2026-08-07@a32d132-mslnfix
Q6IFN5,surface,active,O7E24_HUMAN,false,,2026-08-06,2004-07-05,43,43,vocabulary,,,,,,,v2-ruled-vocabulary-2026-08-07@a32d132-mslnfix
Q15743,surface,active,OGR1_HUMAN,false,,2026-08-06,1996-11-01,16,16,vocabulary,,,,,,,v2-ruled-vocabulary-2026-08-07@a32d132-mslnfix
P78380,surface,active,OLR1_HUMAN,false,,2026-08-06,1997-05-01,216,216,vocabulary,,,,,,,v2-ruled-vocabulary-2026-08-07@a32d132-mslnfix
P23515,surface,active,OMGP_HUMAN,false,,2026-08-06,1992-05-01,,392,gpi_rule_A,,,,,,,v2-ruled-vocabulary-2026-08-07@a32d132-mslnfix
Q96PE5,surface,active,OPALI_HUMAN,false,,2026-08-06,2001-12-01,29,29,vocabulary,,,,,,,v2-ruled-vocabulary-2026-08-07@a32d132-mslnfix
Q14982,surface,active,OPCM_HUMAN,false,,2026-08-06,1996-11-01,,294,gpi_rule_A,,,,,,,v2-ruled-vocabulary-2026-08-07@a32d132-mslnfix
Q9H1Y3,surface,active,OPN3_HUMAN,false,,2026-08-06,2001-03-01,40,40,vocabulary,,,,,,,v2-ruled-vocabulary-2026-08-07@a32d132-mslnfix
Q9UHM6,surface,active,OPN4_HUMAN,false,,2026-08-06,2000-05-01,72,72,vocabulary,,,,,,,v2-ruled-vocabulary-2026-08-07@a32d132-mslnfix
Q6U736,surface,active,OPN5_HUMAN,false,,2026-08-06,2006-10-17,33,33,vocabulary,,,,,,,v2-ruled-vocabulary-2026-08-07@a32d132-mslnfix
P41143,surface,active,OPRD_HUMAN,false,,2026-08-06,2010-11-02,47,47,vocabulary,,,,,,,v2-ruled-vocabulary-2026-08-07@a32d132-mslnfix
P41145,surface,active,OPRK_HUMAN,false,,2026-08-06,2006-10-17,57,57,vocabulary,,,,,,,v2-ruled-vocabulary-2026-08-07@a32d132-mslnfix
P35372,surface,active,OPRM_HUMAN,false,,2026-08-06,1998-07-15,68,68,vocabulary,,,,,,,v2-ruled-vocabulary-2026-08-07@a32d132-mslnfix
P41146,surface,active,OPRX_HUMAN,false,,2026-08-06,1995-02-01,48,48,vocabulary,,,,,,,v2-ruled-vocabulary-2026-08-07@a32d132-mslnfix
P03999,surface,active,OPSB_HUMAN,false,,2026-08-06,2023-06-28,30,30,vocabulary,,,,,,,v2-ruled-vocabulary-2026-08-07@a32d132-mslnfix
P08100,surface,active,OPSD_HUMAN,false,,2026-08-06,1988-08-01,36,36,vocabulary,,,,,,,v2-ruled-vocabulary-2026-08-07@a32d132-mslnfix
P04001,surface,active,OPSG_HUMAN,false,,2026-08-06,1986-10-23,52,52,vocabulary,,,,,,,v2-ruled-vocabulary-2026-08-07@a32d132-mslnfix
P04000,surface,active,OPSR_HUMAN,false,,2026-08-06,2022-02-23,52,52,vocabulary,,,,,,,v2-ruled-vocabulary-2026-08-07@a32d132-mslnfix
O14718,surface,active,OPSX_HUMAN,false,,2026-08-06,1998-01-01,26,26,vocabulary,,,,,,,v2-ruled-vocabulary-2026-08-07@a32d132-mslnfix
Q9P1Q5,surface,active,OR1A1_HUMAN,false,,2026-08-06,2008-11-04,37,37,vocabulary,,,,,,,v2-ruled-vocabulary-2026-08-07@a32d132-mslnfix
Q9Y585,surface,active,OR1A2_HUMAN,false,,2026-08-06,1999-11-01,37,37,vocabulary,,,,,,,v2-ruled-vocabulary-2026-08-07@a32d132-mslnfix
Q8NGR6,surface,active,OR1B1_HUMAN,false,,2026-08-06,2024-05-29,36,36,vocabulary,,,,,,,v2-ruled-vocabulary-2026-08-07@a32d132-mslnfix
Q15619,surface,active,OR1C1_HUMAN,false,,2026-08-06,2005-07-05,37,37,vocabulary,,,,,,,v2-ruled-vocabulary-2026-08-07@a32d132-mslnfix
P34982,surface,active,OR1D2_HUMAN,false,,2026-08-06,2005-06-07,38,38,vocabulary,,,,,,,v2-ruled-vocabulary-2026-08-07@a32d132-mslnfix
P47884,surface,active,OR1D4_HUMAN,false,,2026-08-06,2003-10-03,38,38,vocabulary,,,,,,,v2-ruled-vocabulary-2026-08-07@a32d132-mslnfix
P58170,surface,active,OR1D5_HUMAN,false,,2026-08-06,2001-06-20,38,38,vocabulary,,,,,,,v2-ruled-vocabulary-2026-08-07@a32d132-mslnfix
P30953,surface,active,OR1E1_HUMAN,false,,2026-08-06,1993-07-01,37,37,vocabulary,,,,,,,v2-ruled-vocabulary-2026-08-07@a32d132-mslnfix
P47887,surface,active,OR1E2_HUMAN,false,,2026-08-06,2000-12-01,38,38,vocabulary,,,,,,,v2-ruled-vocabulary-2026-08-07@a32d132-mslnfix
Q8WZA6,surface,active,OR1E3_HUMAN,false,,2026-08-06,2008-01-15,28,28,vocabulary,,,,,,,v2-ruled-vocabulary-2026-08-07@a32d132-mslnfix
O43749,surface,active,OR1F1_HUMAN,false,,2026-08-06,1998-06-01,38,38,vocabulary,,,,,,,v2-ruled-vocabulary-2026-08-07@a32d132-mslnfix
Q96R84,surface,active,OR1F2_HUMAN,false,,2026-08-06,2003-10-10,38,38,vocabulary,,,,,,,v2-ruled-vocabulary-2026-08-07@a32d132-mslnfix
Q8NHA8,surface,active,OR1FC_HUMAN,false,,2026-08-06,2002-10-01,38,38,vocabulary,,,,,,,v2-ruled-vocabulary-2026-08-07@a32d132-mslnfix
P47890,surface,active,OR1G1_HUMAN,false,,2026-08-06,2000-12-01,38,38,vocabulary,,,,,,,v2-ruled-vocabulary-2026-08-07@a32d132-mslnfix
O60431,surface,active,OR1I1_HUMAN,false,,2026-08-06,1998-08-01,37,37,vocabulary,,,,,,,v2-ruled-vocabulary-2026-08-07@a32d132-mslnfix
Q8NGS3,surface,active,OR1J1_HUMAN,false,,2026-08-06,2002-10-01,38,38,vocabulary,,,,,,,v2-ruled-vocabulary-2026-08-07@a32d132-mslnfix
Q8NGS2,surface,active,OR1J2_HUMAN,false,,2026-08-06,2002-10-01,38,38,vocabulary,,,,,,,v2-ruled-vocabulary-2026-08-07@a32d132-mslnfix
Q8NGS1,surface,active,OR1J4_HUMAN,false,,2026-08-06,2002-10-01,37,37,vocabulary,,,,,,,v2-ruled-vocabulary-2026-08-07@a32d132-mslnfix
Q8NGR3,surface,active,OR1K1_HUMAN,false,,2026-08-06,2002-10-01,38,38,vocabulary,,,,,,,v2-ruled-vocabulary-2026-08-07@a32d132-mslnfix
Q8NH94,surface,active,OR1L1_HUMAN,false,,2026-08-06,2009-05-05,75,75,vocabulary,,,,,,,v2-ruled-vocabulary-2026-08-07@a32d132-mslnfix
Q8NH93,surface,active,OR1L3_HUMAN,false,,2026-08-06,2002-10-01,38,38,vocabulary,,,,,,,v2-ruled-vocabulary-2026-08-07@a32d132-mslnfix
Q8NGR5,surface,active,OR1L4_HUMAN,false,,2026-08-06,2002-10-01,38,38,vocabulary,,,,,,,v2-ruled-vocabulary-2026-08-07@a32d132-mslnfix
Q8NGR2,surface,active,OR1L6_HUMAN,false,,2026-08-06,2009-05-05,62,62,vocabulary,,,,,,,v2-ruled-vocabulary-2026-08-07@a32d132-mslnfix
Q8NGR8,surface,active,OR1L8_HUMAN,false,,2026-08-06,2002-10-01,38,38,vocabulary,,,,,,,v2-ruled-vocabulary-2026-08-07@a32d132-mslnfix
Q8NGA1,surface,active,OR1M1_HUMAN,false,,2026-08-06,2002-10-01,38,38,vocabulary,,,,,,,v2-ruled-vocabulary-2026-08-07@a32d132-mslnfix
Q8NGS0,surface,active,OR1N1_HUMAN,false,,2026-08-06,2002-10-01,38,38,vocabulary,,,,,,,v2-ruled-vocabulary-2026-08-07@a32d132-mslnfix
Q8NGR9,surface,active,OR1N2_HUMAN,false,,2026-08-06,2024-01-24,33,33,vocabulary,,,,,,,v2-ruled-vocabulary-2026-08-07@a32d132-mslnfix
Q8NH06,surface,active,OR1P1_HUMAN,false,,2026-08-06,2022-05-25,51,51,vocabulary,,,,,,,v2-ruled-vocabulary-2026-08-07@a32d132-mslnfix
Q15612,surface,active,OR1Q1_HUMAN,false,,2026-08-06,2006-01-10,37,37,vocabulary,,,,,,,v2-ruled-vocabulary-2026-08-07@a32d132-mslnfix
Q8NH92,surface,active,OR1S1_HUMAN,false,,2026-08-06,2008-12-16,38,38,vocabulary,,,,,,,v2-ruled-vocabulary-2026-08-07@a32d132-mslnfix
Q8NGQ3,surface,active,OR1S2_HUMAN,false,,2026-08-06,2009-02-10,38,38,vocabulary,,,,,,,v2-ruled-vocabulary-2026-08-07@a32d132-mslnfix
Q8NGT9,surface,active,OR2A1_HUMAN,false,,2026-08-06,2003-10-10,38,38,vocabulary,,,,,,,v2-ruled-vocabulary-2026-08-07@a32d132-mslnfix
Q6IF42,surface,active,OR2A2_HUMAN,false,,2026-08-06,2005-12-20,37,37,vocabulary,,,,,,,v2-ruled-vocabulary-2026-08-07@a32d132-mslnfix
O95047,surface,active,OR2A4_HUMAN,false,,2026-08-06,1999-05-01,37,37,vocabulary,,,,,,,v2-ruled-vocabulary-2026-08-07@a32d132-mslnfix
Q96R48,surface,active,OR2A5_HUMAN,false,,2026-08-06,2006-01-10,38,38,vocabulary,,,,,,,v2-ruled-vocabulary-2026-08-07@a32d132-mslnfix
Q96R45,surface,active,OR2A7_HUMAN,false,,2026-08-06,2007-07-10,37,37,vocabulary,,,,,,,v2-ruled-vocabulary-2026-08-07@a32d132-mslnfix
Q9GZK3,surface,active,OR2B2_HUMAN,false,,2026-08-06,2001-03-01,37,37,vocabulary,,,,,,,v2-ruled-vocabulary-2026-08-07@a32d132-mslnfix
O76000,surface,active,OR2B3_HUMAN,false,,2026-08-06,1998-11-01,37,37,vocabulary,,,,,,,v2-ruled-vocabulary-2026-08-07@a32d132-mslnfix
P58173,surface,active,OR2B6_HUMAN,false,,2026-08-06,2001-06-20,37,37,vocabulary,,,,,,,v2-ruled-vocabulary-2026-08-07@a32d132-mslnfix
P59922,surface,active,OR2B8_HUMAN,false,,2026-08-06,2003-10-10,37,37,vocabulary,,,,,,,v2-ruled-vocabulary-2026-08-07@a32d132-mslnfix
Q5JQS5,surface,active,OR2BB_HUMAN,false,,2026-08-06,2005-02-15,37,37,vocabulary,,,,,,,v2-ruled-vocabulary-2026-08-07@a32d132-mslnfix
O95371,surface,active,OR2C1_HUMAN,false,,2026-08-06,2010-11-02,38,38,vocabulary,,,,,,,v2-ruled-vocabulary-2026-08-07@a32d132-mslnfix
Q8N628,surface,active,OR2C3_HUMAN,false,,2026-08-06,2008-12-16,37,37,vocabulary,,,,,,,v2-ruled-vocabulary-2026-08-07@a32d132-mslnfix
Q9H210,surface,active,OR2D2_HUMAN,false,,2026-08-06,2008-10-14,37,37,vocabulary,,,,,,,v2-ruled-vocabulary-2026-08-07@a32d132-mslnfix
Q8NGH3,surface,active,OR2D3_HUMAN,false,,2026-08-06,2009-02-10,41,41,vocabulary,,,,,,,v2-ruled-vocabulary-2026-08-07@a32d132-mslnfix
Q13607,surface,active,OR2F1_HUMAN,false,,2026-08-06,2000-12-01,40,40,vocabulary,,,,,,,v2-ruled-vocabulary-2026-08-07@a32d132-mslnfix
O95006,surface,active,OR2F2_HUMAN,false,,2026-08-06,1999-05-01,37,37,vocabulary,,,,,,,v2-ruled-vocabulary-2026-08-07@a32d132-mslnfix
Q8NGZ5,surface,active,OR2G2_HUMAN,false,,2026-08-06,2002-10-01,37,37,vocabulary,,,,,,,v2-ruled-vocabulary-2026-08-07@a32d132-mslnfix
Q8NGZ4,surface,active,OR2G3_HUMAN,false,,2026-08-06,2002-10-01,37,37,vocabulary,,,,,,,v2-ruled-vocabulary-2026-08-07@a32d132-mslnfix
Q5TZ20,surface,active,OR2G6_HUMAN,false,,2026-08-06,2004-12-07,37,37,vocabulary,,,,,,,v2-ruled-vocabulary-2026-08-07@a32d132-mslnfix
Q9GZK4,surface,active,OR2H1_HUMAN,false,,2026-08-06,2001-03-01,37,37,vocabulary,,,,,,,v2-ruled-vocabulary-2026-08-07@a32d132-mslnfix
O95918,surface,active,OR2H2_HUMAN,false,,2026-08-06,2010-11-02,37,37,vocabulary,,,,,,,v2-ruled-vocabulary-2026-08-07@a32d132-mslnfix
Q8NGU4,surface,active,OR2I1_HUMAN,false,,2026-08-06,2025-02-05,38,38,vocabulary,,,,,,,v2-ruled-vocabulary-2026-08-07@a32d132-mslnfix
Q9GZK6,surface,active,OR2J1_HUMAN,false,,2026-08-06,2007-05-15,37,37,vocabulary,,,,,,,v2-ruled-vocabulary-2026-08-07@a32d132-mslnfix
O76002,surface,active,OR2J2_HUMAN,false,,2026-08-06,1998-11-01,37,37,vocabulary,,,,,,,v2-ruled-vocabulary-2026-08-07@a32d132-mslnfix
O76001,surface,active,OR2J3_HUMAN,false,,2026-08-06,1998-11-01,37,37,vocabulary,,,,,,,v2-ruled-vocabulary-2026-08-07@a32d132-mslnfix
Q8NGT1,surface,active,OR2K2_HUMAN,false,,2026-08-06,2019-04-10,35,35,vocabulary,,,,,,,v2-ruled-vocabulary-2026-08-07@a32d132-mslnfix
Q8NH16,surface,active,OR2L2_HUMAN,false,,2026-08-06,2002-10-01,37,37,vocabulary,,,,,,,v2-ruled-vocabulary-2026-08-07@a32d132-mslnfix
Q8NG85,surface,active,OR2L3_HUMAN,false,,2026-08-06,2002-10-01,37,37,vocabulary,,,,,,,v2-ruled-vocabulary-2026-08-07@a32d132-mslnfix
Q8NG80,surface,active,OR2L5_HUMAN,false,,2026-08-06,2002-10-01,37,37,vocabulary,,,,,,,v2-ruled-vocabulary-2026-08-07@a32d132-mslnfix
Q8NGY9,surface,active,OR2L8_HUMAN,false,,2026-08-06,2002-10-01,37,37,vocabulary,,,,,,,v2-ruled-vocabulary-2026-08-07@a32d132-mslnfix
Q8N349,surface,active,OR2LD_HUMAN,false,,2026-08-06,2002-10-01,37,37,vocabulary,,,,,,,v2-ruled-vocabulary-2026-08-07@a32d132-mslnfix
Q96R28,surface,active,OR2M2_HUMAN,false,,2026-08-06,2006-01-10,37,37,vocabulary,,,,,,,v2-ruled-vocabulary-2026-08-07@a32d132-mslnfix
Q8NG83,surface,active,OR2M3_HUMAN,false,,2026-08-06,2002-10-01,37,37,vocabulary,,,,,,,v2-ruled-vocabulary-2026-08-07@a32d132-mslnfix
Q96R27,surface,active,OR2M4_HUMAN,false,,2026-08-06,2004-11-23,37,37,vocabulary,,,,,,,v2-ruled-vocabulary-2026-08-07@a32d132-mslnfix
A3KFT3,surface,active,OR2M5_HUMAN,false,,2026-08-06,2007-04-03,37,37,vocabulary,,,,,,,v2-ruled-vocabulary-2026-08-07@a32d132-mslnfix
Q8NG81,surface,active,OR2M7_HUMAN,false,,2026-08-06,2002-10-01,37,37,vocabulary,,,,,,,v2-ruled-vocabulary-2026-08-07@a32d132-mslnfix
Q9NQN1,surface,active,OR2S1_HUMAN,false,,2026-08-06,2001-06-20,37,37,vocabulary,,,,,,,v2-ruled-vocabulary-2026-08-07@a32d132-mslnfix
O43869,surface,active,OR2T1_HUMAN,false,,2026-08-06,2009-05-05,76,76,vocabulary,,,,,,,v2-ruled-vocabulary-2026-08-07@a32d132-mslnfix
Q6IF00,surface,active,OR2T2_HUMAN,false,,2026-08-06,2004-07-05,37,37,vocabulary,,,,,,,v2-ruled-vocabulary-2026-08-07@a32d132-mslnfix
Q8NH03,surface,active,OR2T3_HUMAN,false,,2026-08-06,2006-01-10,37,37,vocabulary,,,,,,,v2-ruled-vocabulary-2026-08-07@a32d132-mslnfix
Q8NH00,surface,active,OR2T4_HUMAN,false,,2026-08-06,2009-05-05,57,57,vocabulary,,,,,,,v2-ruled-vocabulary-2026-08-07@a32d132-mslnfix
Q6IEZ7,surface,active,OR2T5_HUMAN,false,,2026-08-06,2004-07-05,37,37,vocabulary,,,,,,,v2-ruled-vocabulary-2026-08-07@a32d132-mslnfix
Q8NHC8,surface,active,OR2T6_HUMAN,false,,2026-08-06,2008-01-15,37,37,vocabulary,,,,,,,v2-ruled-vocabulary-2026-08-07@a32d132-mslnfix
P0C7T2,surface,active,OR2T7_HUMAN,false,,2026-08-06,2008-07-22,37,37,vocabulary,,,,,,,v2-ruled-vocabulary-2026-08-07@a32d132-mslnfix
A6NH00,surface,active,OR2T8_HUMAN,false,,2026-08-06,2007-07-24,37,37,vocabulary,,,,,,,v2-ruled-vocabulary-2026-08-07@a32d132-mslnfix
Q8NHB1,surface,active,OR2V1_HUMAN,false,,2026-08-06,2007-12-04,31,31,vocabulary,,,,,,,v2-ruled-vocabulary-2026-08-07@a32d132-mslnfix
Q96R30,surface,active,OR2V2_HUMAN,false,,2026-08-06,2004-11-23,37,37,vocabulary,,,,,,,v2-ruled-vocabulary-2026-08-07@a32d132-mslnfix
Q9Y3N9,surface,active,OR2W1_HUMAN,false,,2026-08-06,1999-11-01,37,37,vocabulary,,,,,,,v2-ruled-vocabulary-2026-08-07@a32d132-mslnfix
Q7Z3T1,surface,active,OR2W3_HUMAN,false,,2026-08-06,2005-12-06,37,37,vocabulary,,,,,,,v2-ruled-vocabulary-2026-08-07@a32d132-mslnfix
Q8NHA6,surface,active,OR2W6_HUMAN,false,,2026-08-06,2002-10-01,36,36,vocabulary,,,,,,,v2-ruled-vocabulary-2026-08-07@a32d132-mslnfix
Q8NGV0,surface,active,OR2Y1_HUMAN,false,,2026-08-06,2002-10-01,36,36,vocabulary,,,,,,,v2-ruled-vocabulary-2026-08-07@a32d132-mslnfix
Q8NG97,surface,active,OR2Z1_HUMAN,false,,2026-08-06,2002-10-01,37,37,vocabulary,,,,,,,v2-ruled-vocabulary-2026-08-07@a32d132-mslnfix
P47881,surface,active,OR3A1_HUMAN,false,,2026-08-06,2007-05-29,38,38,vocabulary,,,,,,,v2-ruled-vocabulary-2026-08-07@a32d132-mslnfix
P47893,surface,active,OR3A2_HUMAN,false,,2026-08-06,2009-04-14,38,38,vocabulary,,,,,,,v2-ruled-vocabulary-2026-08-07@a32d132-mslnfix
P47888,surface,active,OR3A3_HUMAN,false,,2026-08-06,2009-04-14,38,38,vocabulary,,,,,,,v2-ruled-vocabulary-2026-08-07@a32d132-mslnfix
P47883,surface,active,OR3A4_HUMAN,false,,2026-08-06,2009-11-24,38,38,vocabulary,,,,,,,v2-ruled-vocabulary-2026-08-07@a32d132-mslnfix
Q8NGN8,surface,active,OR4A4_HUMAN,false,,2026-08-06,2002-10-01,37,37,vocabulary,,,,,,,v2-ruled-vocabulary-2026-08-07@a32d132-mslnfix
Q8NH83,surface,active,OR4A5_HUMAN,false,,2026-08-06,2011-04-05,36,36,vocabulary,,,,,,,v2-ruled-vocabulary-2026-08-07@a32d132-mslnfix
P0C604,surface,active,OR4A8_HUMAN,false,,2026-08-06,2008-01-15,33,33,vocabulary,,,,,,,v2-ruled-vocabulary-2026-08-07@a32d132-mslnfix
Q8NGF8,surface,active,OR4B1_HUMAN,false,,2026-08-06,2002-10-01,37,37,vocabulary,,,,,,,v2-ruled-vocabulary-2026-08-07@a32d132-mslnfix
Q8NH37,surface,active,OR4C3_HUMAN,false,,2026-08-06,2003-10-10,37,37,vocabulary,,,,,,,v2-ruled-vocabulary-2026-08-07@a32d132-mslnfix
Q8NGB2,surface,active,OR4C5_HUMAN,false,,2026-08-06,2002-10-01,46,46,vocabulary,,,,,,,v2-ruled-vocabulary-2026-08-07@a32d132-mslnfix
Q8NH72,surface,active,OR4C6_HUMAN,false,,2026-08-06,2002-10-01,37,37,vocabulary,,,,,,,v2-ruled-vocabulary-2026-08-07@a32d132-mslnfix
Q6IEV9,surface,active,OR4CB_HUMAN,false,,2026-08-06,2004-07-05,37,37,vocabulary,,,,,,,v2-ruled-vocabulary-2026-08-07@a32d132-mslnfix
Q96R67,surface,active,OR4CC_HUMAN,false,,2026-08-06,2003-10-10,37,37,vocabulary,,,,,,,v2-ruled-vocabulary-2026-08-07@a32d132-mslnfix
Q8NGP0,surface,active,OR4CD_HUMAN,false,,2026-08-06,2008-11-04,37,37,vocabulary,,,,,,,v2-ruled-vocabulary-2026-08-07@a32d132-mslnfix
Q8NGM1,surface,active,OR4CF_HUMAN,false,,2026-08-06,2002-10-01,37,37,vocabulary,,,,,,,v2-ruled-vocabulary-2026-08-07@a32d132-mslnfix
Q8NGL9,surface,active,OR4CG_HUMAN,false,,2026-08-06,2005-12-06,37,37,vocabulary,,,,,,,v2-ruled-vocabulary-2026-08-07@a32d132-mslnfix
Q15615,surface,active,OR4D1_HUMAN,false,,2026-08-06,2010-03-02,37,37,vocabulary,,,,,,,v2-ruled-vocabulary-2026-08-07@a32d132-mslnfix
P58180,surface,active,OR4D2_HUMAN,false,,2026-08-06,2001-06-20,37,37,vocabulary,,,,,,,v2-ruled-vocabulary-2026-08-07@a32d132-mslnfix
Q8NGN0,surface,active,OR4D5_HUMAN,false,,2026-08-06,2002-10-01,37,37,vocabulary,,,,,,,v2-ruled-vocabulary-2026-08-07@a32d132-mslnfix
Q8NGJ1,surface,active,OR4D6_HUMAN,false,,2026-08-06,2002-10-01,37,37,vocabulary,,,,,,,v2-ruled-vocabulary-2026-08-07@a32d132-mslnfix
Q8NGE8,surface,active,OR4D9_HUMAN,false,,2026-08-06,2007-03-20,37,37,vocabulary,,,,,,,v2-ruled-vocabulary-2026-08-07@a32d132-mslnfix
Q8NGI6,surface,active,OR4DA_HUMAN,false,,2026-08-06,2002-10-01,37,37,vocabulary,,,,,,,v2-ruled-vocabulary-2026-08-07@a32d132-mslnfix
Q8NGI4,surface,active,OR4DB_HUMAN,false,,2026-08-06,2002-10-01,37,37,vocabulary,,,,,,,v2-ruled-vocabulary-2026-08-07@a32d132-mslnfix
P0C645,surface,active,OR4E1_HUMAN,false,,2026-08-06,2018-03-28,44,44,vocabulary,,,,,,,v2-ruled-vocabulary-2026-08-07@a32d132-mslnfix
Q8NGC2,surface,active,OR4E2_HUMAN,false,,2026-08-06,2002-10-01,37,37,vocabulary,,,,,,,v2-ruled-vocabulary-2026-08-07@a32d132-mslnfix
Q6IEY1,surface,active,OR4F3_HUMAN,false,,2026-08-06,2004-07-05,37,37,vocabulary,,,,,,,v2-ruled-vocabulary-2026-08-07@a32d132-mslnfix
Q96R69,surface,active,OR4F4_HUMAN,false,,2026-08-06,2003-10-10,37,37,vocabulary,,,,,,,v2-ruled-vocabulary-2026-08-07@a32d132-mslnfix
Q8NH21,surface,active,OR4F5_HUMAN,false,,2026-08-06,2002-10-01,37,37,vocabulary,,,,,,,v2-ruled-vocabulary-2026-08-07@a32d132-mslnfix
Q8NGB9,surface,active,OR4F6_HUMAN,false,,2026-08-06,2002-10-01,37,37,vocabulary,,,,,,,v2-ruled-vocabulary-2026-08-07@a32d132-mslnfix
Q8NGD4,surface,active,OR4K1_HUMAN,false,,2026-08-06,2002-10-01,37,37,vocabulary,,,,,,,v2-ruled-vocabulary-2026-08-07@a32d132-mslnfix
Q8NGD2,surface,active,OR4K2_HUMAN,false,,2026-08-06,2002-10-01,37,37,vocabulary,,,,,,,v2-ruled-vocabulary-2026-08-07@a32d132-mslnfix
Q96R72,surface,active,OR4K3_HUMAN,false,,2026-08-06,2008-01-15,37,37,vocabulary,,,,,,,v2-ruled-vocabulary-2026-08-07@a32d132-mslnfix
Q8NGD3,surface,active,OR4K5_HUMAN,false,,2026-08-06,2002-10-01,37,37,vocabulary,,,,,,,v2-ruled-vocabulary-2026-08-07@a32d132-mslnfix
Q8NH42,surface,active,OR4KD_HUMAN,false,,2026-08-06,2002-10-01,37,37,vocabulary,,,,,,,v2-ruled-vocabulary-2026-08-07@a32d132-mslnfix
Q8NGD5,surface,active,OR4KE_HUMAN,false,,2026-08-06,2002-10-01,37,37,vocabulary,,,,,,,v2-ruled-vocabulary-2026-08-07@a32d132-mslnfix
Q8NH41,surface,active,OR4KF_HUMAN,false,,2026-08-06,2022-02-23,37,37,vocabulary,,,,,,,v2-ruled-vocabulary-2026-08-07@a32d132-mslnfix
Q8NGC6,surface,active,OR4KH_HUMAN,false,,2026-08-06,2023-11-08,37,37,vocabulary,,,,,,,v2-ruled-vocabulary-2026-08-07@a32d132-mslnfix
Q8NH43,surface,active,OR4L1_HUMAN,false,,2026-08-06,2002-10-01,37,37,vocabulary,,,,,,,v2-ruled-vocabulary-2026-08-07@a32d132-mslnfix
Q8NGD0,surface,active,OR4M1_HUMAN,false,,2026-08-06,2002-10-01,37,37,vocabulary,,,,,,,v2-ruled-vocabulary-2026-08-07@a32d132-mslnfix
Q8NGB6,surface,active,OR4M2_HUMAN,false,,2026-08-06,2010-11-02,37,37,vocabulary,,,,,,,v2-ruled-vocabulary-2026-08-07@a32d132-mslnfix
Q8NGD1,surface,active,OR4N2_HUMAN,false,,2026-08-06,2002-10-01,37,37,vocabulary,,,,,,,v2-ruled-vocabulary-2026-08-07@a32d132-mslnfix
Q8N0Y3,surface,active,OR4N4_HUMAN,false,,2026-08-06,2008-12-16,37,37,vocabulary,,,,,,,v2-ruled-vocabulary-2026-08-07@a32d132-mslnfix
Q8IXE1,surface,active,OR4N5_HUMAN,false,,2026-08-06,2003-03-01,37,37,vocabulary,,,,,,,v2-ruled-vocabulary-2026-08-07@a32d132-mslnfix
Q8NGL7,surface,active,OR4P4_HUMAN,false,,2026-08-06,2002-10-01,37,37,vocabulary,,,,,,,v2-ruled-vocabulary-2026-08-07@a32d132-mslnfix
P0C623,surface,active,OR4Q2_HUMAN,false,,2026-08-06,2022-08-03,33,33,vocabulary,,,,,,,v2-ruled-vocabulary-2026-08-07@a32d132-mslnfix
Q8NH05,surface,active,OR4Q3_HUMAN,false,,2026-08-06,2002-10-01,37,37,vocabulary,,,,,,,v2-ruled-vocabulary-2026-08-07@a32d132-mslnfix
Q8NGB4,surface,active,OR4S1_HUMAN,false,,2026-08-06,2002-10-01,37,37,vocabulary,,,,,,,v2-ruled-vocabulary-2026-08-07@a32d132-mslnfix
Q8NH73,surface,active,OR4S2_HUMAN,false,,2026-08-06,2010-05-18,37,37,vocabulary,,,,,,,v2-ruled-vocabulary-2026-08-07@a32d132-mslnfix
Q8NH49,surface,active,OR4X1_HUMAN,false,,2026-08-06,2002-10-01,37,37,vocabulary,,,,,,,v2-ruled-vocabulary-2026-08-07@a32d132-mslnfix
Q8NGF9,surface,active,OR4X2_HUMAN,false,,2026-08-06,2002-10-01,37,37,vocabulary,,,,,,,v2-ruled-vocabulary-2026-08-07@a32d132-mslnfix
Q8NGJ0,surface,active,OR5A1_HUMAN,false,,2026-08-06,2002-10-01,37,37,vocabulary,,,,,,,v2-ruled-vocabulary-2026-08-07@a32d132-mslnfix
Q8NGI9,surface,active,OR5A2_HUMAN,false,,2026-08-06,2002-10-01,42,42,vocabulary,,,,,,,v2-ruled-vocabulary-2026-08-07@a32d132-mslnfix
Q96R09,surface,active,OR5B2_HUMAN,false,,2026-08-06,2003-10-10,37,37,vocabulary,,,,,,,v2-ruled-vocabulary-2026-08-07@a32d132-mslnfix
Q8NH48,surface,active,OR5B3_HUMAN,false,,2026-08-06,2002-10-01,42,42,vocabulary,,,,,,,v2-ruled-vocabulary-2026-08-07@a32d132-mslnfix
Q96R08,surface,active,OR5BC_HUMAN,false,,2026-08-06,2002-05-10,36,36,vocabulary,,,,,,,v2-ruled-vocabulary-2026-08-07@a32d132-mslnfix
Q8NGF7,surface,active,OR5BH_HUMAN,false,,2026-08-06,2002-10-01,36,36,vocabulary,,,,,,,v2-ruled-vocabulary-2026-08-07@a32d132-mslnfix
A6NL26,surface,active,OR5BL_HUMAN,false,,2026-08-06,2007-07-24,41,41,vocabulary,,,,,,,v2-ruled-vocabulary-2026-08-07@a32d132-mslnfix
Q8NGR4,surface,active,OR5C1_HUMAN,false,,2026-08-06,2002-10-01,36,36,vocabulary,,,,,,,v2-ruled-vocabulary-2026-08-07@a32d132-mslnfix
Q8NGL4,surface,active,OR5DD_HUMAN,false,,2026-08-06,2003-10-10,36,36,vocabulary,,,,,,,v2-ruled-vocabulary-2026-08-07@a32d132-mslnfix
Q8NGL3,surface,active,OR5DE_HUMAN,false,,2026-08-06,2002-10-01,36,36,vocabulary,,,,,,,v2-ruled-vocabulary-2026-08-07@a32d132-mslnfix
Q8NGK9,surface,active,OR5DG_HUMAN,false,,2026-08-06,2002-10-01,36,36,vocabulary,,,,,,,v2-ruled-vocabulary-2026-08-07@a32d132-mslnfix
Q8NGL1,surface,active,OR5DI_HUMAN,false,,2026-08-06,2002-10-01,36,36,vocabulary,,,,,,,v2-ruled-vocabulary-2026-08-07@a32d132-mslnfix
O95221,surface,active,OR5F1_HUMAN,false,,2026-08-06,2001-06-20,36,36,vocabulary,,,,,,,v2-ruled-vocabulary-2026-08-07@a32d132-mslnfix
P0C626,surface,active,OR5G3_HUMAN,false,,2026-08-06,2008-01-15,25,25,vocabulary,,,,,,,v2-ruled-vocabulary-2026-08-07@a32d132-mslnfix
A6NKK0,surface,active,OR5H1_HUMAN,false,,2026-08-06,2007-07-24,31,31,vocabulary,,,,,,,v2-ruled-vocabulary-2026-08-07@a32d132-mslnfix
Q8NGV7,surface,active,OR5H2_HUMAN,false,,2026-08-06,2023-06-28,29,29,vocabulary,,,,,,,v2-ruled-vocabulary-2026-08-07@a32d132-mslnfix
Q8NGV6,surface,active,OR5H6_HUMAN,false,,2026-08-06,2009-02-10,41,41,vocabulary,,,,,,,v2-ruled-vocabulary-2026-08-07@a32d132-mslnfix
Q13606,surface,active,OR5I1_HUMAN,false,,2026-08-06,1997-11-01,36,36,vocabulary,,,,,,,v2-ruled-vocabulary-2026-08-07@a32d132-mslnfix
Q8NH18,surface,active,OR5J2_HUMAN,false,,2026-08-06,2002-10-01,36,36,vocabulary,,,,,,,v2-ruled-vocabulary-2026-08-07@a32d132-mslnfix
Q8NHB7,surface,active,OR5K1_HUMAN,false,,2026-08-06,2011-01-11,36,36,vocabulary,,,,,,,v2-ruled-vocabulary-2026-08-07@a32d132-mslnfix
Q8NHB8,surface,active,OR5K2_HUMAN,false,,2026-08-06,2007-03-20,36,36,vocabulary,,,,,,,v2-ruled-vocabulary-2026-08-07@a32d132-mslnfix
A6NET4,surface,active,OR5K3_HUMAN,false,,2026-08-06,2007-07-24,32,32,vocabulary,,,,,,,v2-ruled-vocabulary-2026-08-07@a32d132-mslnfix
A6NMS3,surface,active,OR5K4_HUMAN,false,,2026-08-06,2007-07-24,45,45,vocabulary,,,,,,,v2-ruled-vocabulary-2026-08-07@a32d132-mslnfix
Q8NGL2,surface,active,OR5L1_HUMAN,false,,2026-08-06,2002-10-01,36,36,vocabulary,,,,,,,v2-ruled-vocabulary-2026-08-07@a32d132-mslnfix
Q8NGL0,surface,active,OR5L2_HUMAN,false,,2026-08-06,2002-10-01,36,36,vocabulary,,,,,,,v2-ruled-vocabulary-2026-08-07@a32d132-mslnfix
Q8NGP8,surface,active,OR5M1_HUMAN,false,,2026-08-06,2002-10-01,36,36,vocabulary,,,,,,,v2-ruled-vocabulary-2026-08-07@a32d132-mslnfix
Q8NGP4,surface,active,OR5M3_HUMAN,false,,2026-08-06,2006-10-17,36,36,vocabulary,,,,,,,v2-ruled-vocabulary-2026-08-07@a32d132-mslnfix
Q8NGP6,surface,active,OR5M8_HUMAN,false,,2026-08-06,2002-10-01,36,36,vocabulary,,,,,,,v2-ruled-vocabulary-2026-08-07@a32d132-mslnfix
Q8NGP3,surface,active,OR5M9_HUMAN,false,,2026-08-06,2002-10-01,36,36,vocabulary,,,,,,,v2-ruled-vocabulary-2026-08-07@a32d132-mslnfix
Q6IEU7,surface,active,OR5MA_HUMAN,false,,2026-08-06,2004-07-05,36,36,vocabulary,,,,,,,v2-ruled-vocabulary-2026-08-07@a32d132-mslnfix
Q96RB7,surface,active,OR5MB_HUMAN,false,,2026-08-06,2003-10-10,36,36,vocabulary,,,,,,,v2-ruled-vocabulary-2026-08-07@a32d132-mslnfix
Q8WZ92,surface,active,OR5P2_HUMAN,false,,2026-08-06,2002-03-01,36,36,vocabulary,,,,,,,v2-ruled-vocabulary-2026-08-07@a32d132-mslnfix
Q8WZ94,surface,active,OR5P3_HUMAN,false,,2026-08-06,2002-03-01,36,36,vocabulary,,,,,,,v2-ruled-vocabulary-2026-08-07@a32d132-mslnfix
Q8NH85,surface,active,OR5R1_HUMAN,false,,2026-08-06,2002-10-01,36,36,vocabulary,,,,,,,v2-ruled-vocabulary-2026-08-07@a32d132-mslnfix
Q8NG75,surface,active,OR5T1_HUMAN,false,,2026-08-06,2002-10-01,37,37,vocabulary,,,,,,,v2-ruled-vocabulary-2026-08-07@a32d132-mslnfix
Q8NGG2,surface,active,OR5T2_HUMAN,false,,2026-08-06,2009-02-10,64,64,vocabulary,,,,,,,v2-ruled-vocabulary-2026-08-07@a32d132-mslnfix
Q8NGG3,surface,active,OR5T3_HUMAN,false,,2026-08-06,2008-12-16,55,55,vocabulary,,,,,,,v2-ruled-vocabulary-2026-08-07@a32d132-mslnfix
Q9UGF6,surface,active,OR5V1_HUMAN,false,,2026-08-06,2000-05-01,36,36,vocabulary,,,,,,,v2-ruled-vocabulary-2026-08-07@a32d132-mslnfix
Q8NH69,surface,active,OR5W2_HUMAN,false,,2026-08-06,2002-10-01,36,36,vocabulary,,,,,,,v2-ruled-vocabulary-2026-08-07@a32d132-mslnfix
O95222,surface,active,OR6A2_HUMAN,false,,2026-08-06,2004-08-16,36,36,vocabulary,,,,,,,v2-ruled-vocabulary-2026-08-07@a32d132-mslnfix
O95007,surface,active,OR6B1_HUMAN,false,,2026-08-06,1999-05-01,36,36,vocabulary,,,,,,,v2-ruled-vocabulary-2026-08-07@a32d132-mslnfix
Q6IFH4,surface,active,OR6B2_HUMAN,false,,2026-08-06,2005-12-20,36,36,vocabulary,,,,,,,v2-ruled-vocabulary-2026-08-07@a32d132-mslnfix
Q8NGW1,surface,active,OR6B3_HUMAN,false,,2026-08-06,2002-10-01,36,36,vocabulary,,,,,,,v2-ruled-vocabulary-2026-08-07@a32d132-mslnfix
Q96RD1,surface,active,OR6C1_HUMAN,false,,2026-08-06,2006-01-10,37,37,vocabulary,,,,,,,v2-ruled-vocabulary-2026-08-07@a32d132-mslnfix
Q9NZP2,surface,active,OR6C2_HUMAN,false,,2026-08-06,2006-01-10,37,37,vocabulary,,,,,,,v2-ruled-vocabulary-2026-08-07@a32d132-mslnfix
Q9NZP0,surface,active,OR6C3_HUMAN,false,,2026-08-06,2006-01-10,37,37,vocabulary,,,,,,,v2-ruled-vocabulary-2026-08-07@a32d132-mslnfix
Q8NGE1,surface,active,OR6C4_HUMAN,false,,2026-08-06,2002-10-01,37,37,vocabulary,,,,,,,v2-ruled-vocabulary-2026-08-07@a32d132-mslnfix
A6NF89,surface,active,OR6C6_HUMAN,false,,2026-08-06,2007-07-24,37,37,vocabulary,,,,,,,v2-ruled-vocabulary-2026-08-07@a32d132-mslnfix
Q8NGZ6,surface,active,OR6F1_HUMAN,false,,2026-08-06,2002-10-01,37,37,vocabulary,,,,,,,v2-ruled-vocabulary-2026-08-07@a32d132-mslnfix
Q8NGC5,surface,active,OR6J1_HUMAN,false,,2026-08-06,2023-05-03,37,37,vocabulary,,,,,,,v2-ruled-vocabulary-2026-08-07@a32d132-mslnfix
Q8NGY2,surface,active,OR6K2_HUMAN,false,,2026-08-06,2002-10-01,39,39,vocabulary,,,,,,,v2-ruled-vocabulary-2026-08-07@a32d132-mslnfix
Q8NGY3,surface,active,OR6K3_HUMAN,false,,2026-08-06,2009-05-05,41,41,vocabulary,,,,,,,v2-ruled-vocabulary-2026-08-07@a32d132-mslnfix
Q8NGW6,surface,active,OR6K6_HUMAN,false,,2026-08-06,2009-02-10,53,53,vocabulary,,,,,,,v2-ruled-vocabulary-2026-08-07@a32d132-mslnfix
Q8NGM8,surface,active,OR6M1_HUMAN,false,,2026-08-06,2002-10-01,36,36,vocabulary,,,,,,,v2-ruled-vocabulary-2026-08-07@a32d132-mslnfix
Q8NGY5,surface,active,OR6N1_HUMAN,false,,2026-08-06,2002-10-01,37,37,vocabulary,,,,,,,v2-ruled-vocabulary-2026-08-07@a32d132-mslnfix
Q8NGY6,surface,active,OR6N2_HUMAN,false,,2026-08-06,2002-10-01,37,37,vocabulary,,,,,,,v2-ruled-vocabulary-2026-08-07@a32d132-mslnfix
Q8NGX9,surface,active,OR6P1_HUMAN,false,,2026-08-06,2002-10-01,37,37,vocabulary,,,,,,,v2-ruled-vocabulary-2026-08-07@a32d132-mslnfix
Q8NGQ2,surface,active,OR6Q1_HUMAN,false,,2026-08-06,2010-05-18,37,37,vocabulary,,,,,,,v2-ruled-vocabulary-2026-08-07@a32d132-mslnfix
Q8NH40,surface,active,OR6S1_HUMAN,false,,2026-08-06,2009-02-10,39,39,vocabulary,,,,,,,v2-ruled-vocabulary-2026-08-07@a32d132-mslnfix
Q8NGN1,surface,active,OR6T1_HUMAN,false,,2026-08-06,2002-10-01,37,37,vocabulary,,,,,,,v2-ruled-vocabulary-2026-08-07@a32d132-mslnfix
Q8N148,surface,active,OR6V1_HUMAN,false,,2026-08-06,2002-10-01,37,37,vocabulary,,,,,,,v2-ruled-vocabulary-2026-08-07@a32d132-mslnfix
Q8NH79,surface,active,OR6X1_HUMAN,false,,2026-08-06,2002-10-01,37,37,vocabulary,,,,,,,v2-ruled-vocabulary-2026-08-07@a32d132-mslnfix
Q8NGX8,surface,active,OR6Y1_HUMAN,false,,2026-08-06,2002-10-01,37,37,vocabulary,,,,,,,v2-ruled-vocabulary-2026-08-07@a32d132-mslnfix
Q8NGA2,surface,active,OR7A2_HUMAN,false,,2026-08-06,2002-10-01,37,37,vocabulary,,,,,,,v2-ruled-vocabulary-2026-08-07@a32d132-mslnfix
Q15622,surface,active,OR7A5_HUMAN,false,,2026-08-06,1998-11-01,37,37,vocabulary,,,,,,,v2-ruled-vocabulary-2026-08-07@a32d132-mslnfix
O76100,surface,active,OR7AA_HUMAN,false,,2026-08-06,1998-11-01,37,37,vocabulary,,,,,,,v2-ruled-vocabulary-2026-08-07@a32d132-mslnfix
O14581,surface,active,OR7AH_HUMAN,false,,2026-08-06,1998-01-01,37,37,vocabulary,,,,,,,v2-ruled-vocabulary-2026-08-07@a32d132-mslnfix
O76099,surface,active,OR7C1_HUMAN,false,,2026-08-06,1998-11-01,37,37,vocabulary,,,,,,,v2-ruled-vocabulary-2026-08-07@a32d132-mslnfix
O60412,surface,active,OR7C2_HUMAN,false,,2026-08-06,2006-10-17,37,37,vocabulary,,,,,,,v2-ruled-vocabulary-2026-08-07@a32d132-mslnfix
Q96RA2,surface,active,OR7D2_HUMAN,false,,2026-08-06,2003-09-26,37,37,vocabulary,,,,,,,v2-ruled-vocabulary-2026-08-07@a32d132-mslnfix
Q8NG98,surface,active,OR7D4_HUMAN,false,,2026-08-06,2002-10-01,37,37,vocabulary,,,,,,,v2-ruled-vocabulary-2026-08-07@a32d132-mslnfix
Q8NGA0,surface,active,OR7G1_HUMAN,false,,2026-08-06,2008-12-16,42,42,vocabulary,,,,,,,v2-ruled-vocabulary-2026-08-07@a32d132-mslnfix
Q8NG99,surface,active,OR7G2_HUMAN,false,,2026-08-06,2002-10-01,37,37,vocabulary,,,,,,,v2-ruled-vocabulary-2026-08-07@a32d132-mslnfix
Q8NG95,surface,active,OR7G3_HUMAN,false,,2026-08-06,2002-10-01,37,37,vocabulary,,,,,,,v2-ruled-vocabulary-2026-08-07@a32d132-mslnfix
Q8NGG7,surface,active,OR8A1_HUMAN,false,,2026-08-06,2008-11-04,51,51,vocabulary,,,,,,,v2-ruled-vocabulary-2026-08-07@a32d132-mslnfix
Q96RD0,surface,active,OR8B2_HUMAN,false,,2026-08-06,2009-05-05,37,37,vocabulary,,,,,,,v2-ruled-vocabulary-2026-08-07@a32d132-mslnfix
Q8NGG8,surface,active,OR8B3_HUMAN,false,,2026-08-06,2010-11-02,37,37,vocabulary,,,,,,,v2-ruled-vocabulary-2026-08-07@a32d132-mslnfix
Q96RC9,surface,active,OR8B4_HUMAN,false,,2026-08-06,2002-05-10,37,37,vocabulary,,,,,,,v2-ruled-vocabulary-2026-08-07@a32d132-mslnfix
Q15620,surface,active,OR8B8_HUMAN,false,,2026-08-06,2001-06-20,37,37,vocabulary,,,,,,,v2-ruled-vocabulary-2026-08-07@a32d132-mslnfix
Q8NGG6,surface,active,OR8BC_HUMAN,false,,2026-08-06,2002-10-01,37,37,vocabulary,,,,,,,v2-ruled-vocabulary-2026-08-07@a32d132-mslnfix
Q8WZ84,surface,active,OR8D1_HUMAN,false,,2026-08-06,2002-03-01,37,37,vocabulary,,,,,,,v2-ruled-vocabulary-2026-08-07@a32d132-mslnfix
Q9GZM6,surface,active,OR8D2_HUMAN,false,,2026-08-06,2001-03-01,37,37,vocabulary,,,,,,,v2-ruled-vocabulary-2026-08-07@a32d132-mslnfix
Q8NGM9,surface,active,OR8D4_HUMAN,false,,2026-08-06,2002-10-01,37,37,vocabulary,,,,,,,v2-ruled-vocabulary-2026-08-07@a32d132-mslnfix
Q15617,surface,active,OR8G1_HUMAN,false,,2026-08-06,2005-11-22,37,37,vocabulary,,,,,,,v2-ruled-vocabulary-2026-08-07@a32d132-mslnfix
Q15614,surface,inactive,OR8G2_HUMAN,false,,,,,,,,not fetched: uniprot_inactive,,,,,
Q8NG78,surface,active,OR8G5_HUMAN,false,,2026-08-06,2014-04-16,60,60,vocabulary,,,,,,,v2-ruled-vocabulary-2026-08-07@a32d132-mslnfix
Q8NGG4,surface,active,OR8H1_HUMAN,false,,2026-08-06,2002-10-01,37,37,vocabulary,,,,,,,v2-ruled-vocabulary-2026-08-07@a32d132-mslnfix
Q8N162,surface,active,OR8H2_HUMAN,false,,2026-08-06,2002-10-01,37,37,vocabulary,,,,,,,v2-ruled-vocabulary-2026-08-07@a32d132-mslnfix
Q8N146,surface,active,OR8H3_HUMAN,false,,2026-08-06,2002-10-01,37,37,vocabulary,,,,,,,v2-ruled-vocabulary-2026-08-07@a32d132-mslnfix
Q8N0Y5,surface,active,OR8I2_HUMAN,false,,2026-08-06,2002-10-01,36,36,vocabulary,,,,,,,v2-ruled-vocabulary-2026-08-07@a32d132-mslnfix
Q8NGP2,surface,active,OR8J1_HUMAN,false,,2026-08-06,2010-05-18,37,37,vocabulary,,,,,,,v2-ruled-vocabulary-2026-08-07@a32d132-mslnfix
Q8NGG1,surface,active,OR8J2_HUMAN,false,,2026-08-06,2008-01-15,41,41,vocabulary,,,,,,,v2-ruled-vocabulary-2026-08-07@a32d132-mslnfix
Q8NGG0,surface,active,OR8J3_HUMAN,false,,2026-08-06,2002-10-01,37,37,vocabulary,,,,,,,v2-ruled-vocabulary-2026-08-07@a32d132-mslnfix
Q8NGG5,surface,active,OR8K1_HUMAN,false,,2026-08-06,2002-10-01,37,37,vocabulary,,,,,,,v2-ruled-vocabulary-2026-08-07@a32d132-mslnfix
Q8NH51,surface,active,OR8K3_HUMAN,false,,2026-08-06,2002-10-01,37,37,vocabulary,,,,,,,v2-ruled-vocabulary-2026-08-07@a32d132-mslnfix
Q8NH50,surface,active,OR8K5_HUMAN,false,,2026-08-06,2002-10-01,37,37,vocabulary,,,,,,,v2-ruled-vocabulary-2026-08-07@a32d132-mslnfix
Q8NH09,surface,active,OR8S1_HUMAN,false,,2026-08-06,2010-05-18,37,37,vocabulary,,,,,,,v2-ruled-vocabulary-2026-08-07@a32d132-mslnfix
Q8NH10,surface,active,OR8U1_HUMAN,false,,2026-08-06,2002-10-01,37,37,vocabulary,,,,,,,v2-ruled-vocabulary-2026-08-07@a32d132-mslnfix
P0C7N1,surface,active,OR8U8_HUMAN,false,,2026-08-06,2008-06-10,61,61,vocabulary,,,,,,,v2-ruled-vocabulary-2026-08-07@a32d132-mslnfix
P0C7N5,surface,active,OR8U9_HUMAN,false,,2026-08-06,2008-06-10,40,40,vocabulary,,,,,,,v2-ruled-vocabulary-2026-08-07@a32d132-mslnfix
Q8NGU1,surface,active,OR9A1_HUMAN,false,,2026-08-06,2022-05-25,35,35,vocabulary,,,,,,,v2-ruled-vocabulary-2026-08-07@a32d132-mslnfix
Q8NGT5,surface,active,OR9A2_HUMAN,false,,2026-08-06,2002-10-01,37,37,vocabulary,,,,,,,v2-ruled-vocabulary-2026-08-07@a32d132-mslnfix
Q8NGU2,surface,active,OR9A4_HUMAN,false,,2026-08-06,2002-10-01,37,37,vocabulary,,,,,,,v2-ruled-vocabulary-2026-08-07@a32d132-mslnfix
Q8NH87,surface,active,OR9G1_HUMAN,false,,2026-08-06,2002-10-01,37,37,vocabulary,,,,,,,v2-ruled-vocabulary-2026-08-07@a32d132-mslnfix
Q8NGQ1,surface,active,OR9G4_HUMAN,false,,2026-08-06,2008-11-04,43,43,vocabulary,,,,,,,v2-ruled-vocabulary-2026-08-07@a32d132-mslnfix
P0C7N8,surface,active,OR9G9_HUMAN,false,,2026-08-06,2008-06-10,41,41,vocabulary,,,,,,,v2-ruled-vocabulary-2026-08-07@a32d132-mslnfix
Q8NGQ6,surface,active,OR9I1_HUMAN,false,,2026-08-06,2002-10-01,37,37,vocabulary,,,,,,,v2-ruled-vocabulary-2026-08-07@a32d132-mslnfix
Q8NGE7,surface,active,OR9K2_HUMAN,false,,2026-08-06,2008-12-16,50,50,vocabulary,,,,,,,v2-ruled-vocabulary-2026-08-07@a32d132-mslnfix
Q8NGQ5,surface,active,OR9Q1_HUMAN,false,,2026-08-06,2002-10-01,37,37,vocabulary,,,,,,,v2-ruled-vocabulary-2026-08-07@a32d132-mslnfix
Q8NGE9,surface,active,OR9Q2_HUMAN,false,,2026-08-06,2002-10-01,37,37,vocabulary,,,,,,,v2-ruled-vocabulary-2026-08-07@a32d132-mslnfix
Q99650,surface,active,OSMR_HUMAN,false,,2026-08-06,1997-05-01,713,713,vocabulary,,,,,,,v2-ruled-vocabulary-2026-08-07@a32d132-mslnfix
Q86UW1,surface,active,OSTA_HUMAN,false,,2026-08-06,2003-06-01,48,48,vocabulary,,,,,,,v2-ruled-vocabulary-2026-08-07@a32d132-mslnfix
Q86UW2,surface,active,OSTB_HUMAN,false,,2026-08-06,2008-04-29,34,34,vocabulary,,,,,,,v2-ruled-vocabulary-2026-08-07@a32d132-mslnfix
Q86WC4,surface,active,OSTM1_HUMAN,false,,2026-08-06,2003-06-01,,253,vocabulary,,,,,,,v2-ruled-vocabulary-2026-08-07@a32d132-mslnfix
Q7RTW8,surface,active,OTOAN_HUMAN,false,,2026-08-06,2003-12-15,,1107,gpi_rule_A,,,,,,,v2-ruled-vocabulary-2026-08-07@a32d132-mslnfix
Q7RTM1,surface,active,OTOP1_HUMAN,false,,2026-08-06,2003-12-15,41,41,vocabulary,,,,,,,v2-ruled-vocabulary-2026-08-07@a32d132-mslnfix
Q7RTS6,surface,active,OTOP2_HUMAN,false,,2026-08-06,2010-05-18,,,,no_extracellular_span,"no topological domain with an accepted description, and no GPI anchor",,,,,v2-ruled-vocabulary-2026-08-07@a32d132-mslnfix
O43613,surface,active,OX1R_HUMAN,false,,2026-08-06,2008-07-22,46,46,vocabulary,,,,,,,v2-ruled-vocabulary-2026-08-07@a32d132-mslnfix
P41217,surface,active,OX2G_HUMAN,false,,2026-08-06,2010-11-02,202,202,vocabulary,,,,,,,v2-ruled-vocabulary-2026-08-07@a32d132-mslnfix
O43614,surface,active,OX2R_HUMAN,false,,2026-08-06,2008-09-23,54,54,vocabulary,,,,,,,v2-ruled-vocabulary-2026-08-07@a32d132-mslnfix
Q8TDS5,surface,active,OXER1_HUMAN,false,,2026-08-06,2024-01-24,58,58,vocabulary,,,,,,,v2-ruled-vocabulary-2026-08-07@a32d132-mslnfix
Q96P68,surface,active,OXGR1_HUMAN,false,,2026-08-06,2001-12-01,34,34,vocabulary,,,,,,,v2-ruled-vocabulary-2026-08-07@a32d132-mslnfix
P30559,surface,active,OXYR_HUMAN,false,,2026-08-06,2007-04-03,35,35,vocabulary,,,,,,,v2-ruled-vocabulary-2026-08-07@a32d132-mslnfix
Q5VU65,surface,active,P210L_HUMAN,false,,2026-08-06,2004-12-07,,,,no_extracellular_span,"no topological domain with an accepted description, and no GPI anchor",,,,,v2-ruled-vocabulary-2026-08-07@a32d132-mslnfix
P51575,surface,active,P2RX1_HUMAN,false,,2026-08-06,1996-10-01,288,288,vocabulary,,,,,,,v2-ruled-vocabulary-2026-08-07@a32d132-mslnfix
Q9UBL9,surface,active,P2RX2_HUMAN,false,,2026-08-06,2000-05-01,274,274,vocabulary,,,,,,,v2-ruled-vocabulary-2026-08-07@a32d132-mslnfix
P56373,surface,active,P2RX3_HUMAN,false,,2026-08-06,2009-09-22,279,279,vocabulary,,,,,,,v2-ruled-vocabulary-2026-08-07@a32d132-mslnfix
Q99571,surface,active,P2RX4_HUMAN,false,,2026-08-06,2006-10-17,284,284,vocabulary,,,,,,,v2-ruled-vocabulary-2026-08-07@a32d132-mslnfix
O15547,surface,active,P2RX6_HUMAN,false,,2026-08-06,2010-11-02,273,273,vocabulary,,,,,,,v2-ruled-vocabulary-2026-08-07@a32d132-mslnfix
Q99572,surface,active,P2RX7_HUMAN,false,,2026-08-06,2012-07-11,282,282,vocabulary,,,,,,,v2-ruled-vocabulary-2026-08-07@a32d132-mslnfix
P47900,surface,active,P2RY1_HUMAN,false,,2026-08-06,1996-02-01,51,51,vocabulary,,,,,,,v2-ruled-vocabulary-2026-08-07@a32d132-mslnfix
P41231,surface,active,P2RY2_HUMAN,false,,2026-08-06,2010-11-02,32,32,vocabulary,,,,,,,v2-ruled-vocabulary-2026-08-07@a32d132-mslnfix
P51582,surface,active,P2RY4_HUMAN,false,,2026-08-06,1996-10-01,34,34,vocabulary,,,,,,,v2-ruled-vocabulary-2026-08-07@a32d132-mslnfix
Q15077,surface,active,P2RY6_HUMAN,false,,2026-08-06,1996-11-01,29,29,vocabulary,,,,,,,v2-ruled-vocabulary-2026-08-07@a32d132-mslnfix
Q86VZ1,surface,active,P2RY8_HUMAN,false,,2026-08-06,2003-06-01,28,28,vocabulary,,,,,,,v2-ruled-vocabulary-2026-08-07@a32d132-mslnfix
O00398,surface,active,P2Y10_HUMAN,false,,2026-08-06,1997-07-01,39,39,vocabulary,,,,,,,v2-ruled-vocabulary-2026-08-07@a32d132-mslnfix
Q96G91,surface,active,P2Y11_HUMAN,false,,2026-08-06,2002-05-27,42,42,vocabulary,,,,,,,v2-ruled-vocabulary-2026-08-07@a32d132-mslnfix
Q9H244,surface,active,P2Y12_HUMAN,false,,2026-08-06,2001-03-01,27,27,vocabulary,,,,,,,v2-ruled-vocabulary-2026-08-07@a32d132-mslnfix
Q9BPV8,surface,active,P2Y13_HUMAN,false,,2026-08-06,2011-02-08,49,49,vocabulary,,,,,,,v2-ruled-vocabulary-2026-08-07@a32d132-mslnfix
Q15391,surface,active,P2Y14_HUMAN,false,,2026-08-06,1996-11-01,29,29,vocabulary,,,,,,,v2-ruled-vocabulary-2026-08-07@a32d132-mslnfix
Q96FE7,surface,active,P3IP1_HUMAN,false,,2026-08-06,2007-03-20,147,147,vocabulary,,,,,,,v2-ruled-vocabulary-2026-08-07@a32d132-mslnfix
P09131,surface,active,P3_HUMAN,false,,2026-08-06,1989-07-01,,,,no_extracellular_span,"no topological domain with an accepted description, and no GPI anchor",,,,,v2-ruled-vocabulary-2026-08-07@a32d132-mslnfix
Q8NBR0,surface,active,P5I13_HUMAN,false,,2026-08-06,2002-10-01,282,282,vocabulary,,,,,,,v2-ruled-vocabulary-2026-08-07@a32d132-mslnfix
P41586,surface,active,PACR_HUMAN,false,,2026-08-06,1995-11-01,132,132,vocabulary,,,,,,,v2-ruled-vocabulary-2026-08-07@a32d132-mslnfix
Q96RD7,surface,active,PANX1_HUMAN,false,,2026-08-06,2011-01-11,45,45,vocabulary,,,,,,,v2-ruled-vocabulary-2026-08-07@a32d132-mslnfix
Q96RD6,surface,active,PANX2_HUMAN,false,,2026-08-06,2010-05-18,53,53,vocabulary,,,,,,,v2-ruled-vocabulary-2026-08-07@a32d132-mslnfix
P25116,surface,active,PAR1_HUMAN,false,,2026-08-06,2002-04-16,61,61,vocabulary,,,,,,,v2-ruled-vocabulary-2026-08-07@a32d132-mslnfix
P55085,surface,active,PAR2_HUMAN,false,,2026-08-06,1996-10-01,35,35,vocabulary,,,,,,,v2-ruled-vocabulary-2026-08-07@a32d132-mslnfix
O00254,surface,active,PAR3_HUMAN,false,,2026-08-06,1997-07-01,56,56,vocabulary,,,,,,,v2-ruled-vocabulary-2026-08-07@a32d132-mslnfix
Q96RI0,surface,active,PAR4_HUMAN,false,,2026-08-06,2006-10-17,35,35,vocabulary,,,,,,,v2-ruled-vocabulary-2026-08-07@a32d132-mslnfix
Q6UWI2,surface,active,PARM1_HUMAN,false,,2026-08-06,2004-07-05,238,238,vocabulary,,,,,,,v2-ruled-vocabulary-2026-08-07@a32d132-mslnfix
Q9BZA7,surface,active,PC11X_HUMAN,false,,2026-08-06,2001-06-01,789,789,vocabulary,,,,,,,v2-ruled-vocabulary-2026-08-07@a32d132-mslnfix
Q9BZA8,surface,active,PC11Y_HUMAN,false,,2026-08-06,2001-06-01,816,816,vocabulary,,,,,,,v2-ruled-vocabulary-2026-08-07@a32d132-mslnfix
Q9P2E7,surface,active,PCD10_HUMAN,false,,2026-08-06,2004-01-16,697,697,vocabulary,,,,,,,v2-ruled-vocabulary-2026-08-07@a32d132-mslnfix
Q9NPG4,surface,active,PCD12_HUMAN,false,,2026-08-06,2000-10-01,694,694,vocabulary,,,,,,,v2-ruled-vocabulary-2026-08-07@a32d132-mslnfix
Q96QU1,surface,active,PCD15_HUMAN,false,,2026-08-06,2006-10-17,1350,1350,vocabulary,,,,,,,v2-ruled-vocabulary-2026-08-07@a32d132-mslnfix
Q96JQ0,surface,active,PCD16_HUMAN,false,,2026-08-06,2001-12-01,2898,2898,vocabulary,,,,,,,v2-ruled-vocabulary-2026-08-07@a32d132-mslnfix
O14917,surface,active,PCD17_HUMAN,false,,2026-08-06,2006-11-28,690,690,vocabulary,,,,,,,v2-ruled-vocabulary-2026-08-07@a32d132-mslnfix
Q9HCL0,surface,active,PCD18_HUMAN,false,,2026-08-06,2008-11-04,672,672,vocabulary,,,,,,,v2-ruled-vocabulary-2026-08-07@a32d132-mslnfix
Q8TAB3,surface,active,PCD19_HUMAN,false,,2026-08-06,2005-08-16,657,657,vocabulary,,,,,,,v2-ruled-vocabulary-2026-08-07@a32d132-mslnfix
Q8N6Y1,surface,active,PCD20_HUMAN,false,,2026-08-06,2013-09-18,830,830,vocabulary,,,,,,,v2-ruled-vocabulary-2026-08-07@a32d132-mslnfix
Q6V1P9,surface,active,PCD23_HUMAN,false,,2026-08-06,2020-08-12,2919,2919,vocabulary,,,,,,,v2-ruled-vocabulary-2026-08-07@a32d132-mslnfix
Q9Y5I3,surface,active,PCDA1_HUMAN,false,,2026-08-06,1999-11-01,668,668,vocabulary,,,,,,,v2-ruled-vocabulary-2026-08-07@a32d132-mslnfix
Q9Y5H9,surface,active,PCDA2_HUMAN,false,,2026-08-06,1999-11-01,675,675,vocabulary,,,,,,,v2-ruled-vocabulary-2026-08-07@a32d132-mslnfix
Q9Y5H8,surface,active,PCDA3_HUMAN,false,,2026-08-06,1999-11-01,668,668,vocabulary,,,,,,,v2-ruled-vocabulary-2026-08-07@a32d132-mslnfix
Q9UN74,surface,active,PCDA4_HUMAN,false,,2026-08-06,2000-05-01,668,668,vocabulary,,,,,,,v2-ruled-vocabulary-2026-08-07@a32d132-mslnfix
Q9Y5H7,surface,active,PCDA5_HUMAN,false,,2026-08-06,1999-11-01,668,668,vocabulary,,,,,,,v2-ruled-vocabulary-2026-08-07@a32d132-mslnfix
Q9UN73,surface,active,PCDA6_HUMAN,false,,2026-08-06,2000-05-01,668,668,vocabulary,,,,,,,v2-ruled-vocabulary-2026-08-07@a32d132-mslnfix
Q9UN72,surface,active,PCDA7_HUMAN,false,,2026-08-06,2000-05-01,668,668,vocabulary,,,,,,,v2-ruled-vocabulary-2026-08-07@a32d132-mslnfix
Q9Y5H6,surface,active,PCDA8_HUMAN,false,,2026-08-06,1999-11-01,668,668,vocabulary,,,,,,,v2-ruled-vocabulary-2026-08-07@a32d132-mslnfix
Q9Y5H5,surface,active,PCDA9_HUMAN,false,,2026-08-06,1999-11-01,668,668,vocabulary,,,,,,,v2-ruled-vocabulary-2026-08-07@a32d132-mslnfix
Q9Y5I2,surface,active,PCDAA_HUMAN,false,,2026-08-06,1999-11-01,667,667,vocabulary,,,,,,,v2-ruled-vocabulary-2026-08-07@a32d132-mslnfix
Q9Y5I1,surface,active,PCDAB_HUMAN,false,,2026-08-06,1999-11-01,667,667,vocabulary,,,,,,,v2-ruled-vocabulary-2026-08-07@a32d132-mslnfix
Q9UN75,surface,active,PCDAC_HUMAN,false,,2026-08-06,2000-05-01,668,668,vocabulary,,,,,,,v2-ruled-vocabulary-2026-08-07@a32d132-mslnfix
Q9Y5I0,surface,active,PCDAD_HUMAN,false,,2026-08-06,1999-11-01,668,668,vocabulary,,,,,,,v2-ruled-vocabulary-2026-08-07@a32d132-mslnfix
Q9Y5F3,surface,active,PCDB1_HUMAN,false,,2026-08-06,2008-09-02,663,663,vocabulary,,,,,,,v2-ruled-vocabulary-2026-08-07@a32d132-mslnfix
Q9Y5E7,surface,active,PCDB2_HUMAN,false,,2026-08-06,1999-11-01,662,662,vocabulary,,,,,,,v2-ruled-vocabulary-2026-08-07@a32d132-mslnfix
Q9Y5E6,surface,active,PCDB3_HUMAN,false,,2026-08-06,2019-07-31,664,664,vocabulary,,,,,,,v2-ruled-vocabulary-2026-08-07@a32d132-mslnfix
Q9Y5E5,surface,active,PCDB4_HUMAN,false,,2026-08-06,1999-11-01,662,662,vocabulary,,,,,,,v2-ruled-vocabulary-2026-08-07@a32d132-mslnfix
Q9Y5E4,surface,active,PCDB5_HUMAN,false,,2026-08-06,2022-02-23,659,659,vocabulary,,,,,,,v2-ruled-vocabulary-2026-08-07@a32d132-mslnfix
Q9Y5E3,surface,active,PCDB6_HUMAN,false,,2026-08-06,2023-06-28,661,661,vocabulary,,,,,,,v2-ruled-vocabulary-2026-08-07@a32d132-mslnfix
Q9Y5E2,surface,active,PCDB7_HUMAN,false,,2026-08-06,1999-11-01,662,662,vocabulary,,,,,,,v2-ruled-vocabulary-2026-08-07@a32d132-mslnfix
Q9UN66,surface,active,PCDB8_HUMAN,false,,2026-08-06,2020-02-26,662,662,vocabulary,,,,,,,v2-ruled-vocabulary-2026-08-07@a32d132-mslnfix
Q9Y5E1,surface,active,PCDB9_HUMAN,false,,2026-08-06,2022-02-23,664,664,vocabulary,,,,,,,v2-ruled-vocabulary-2026-08-07@a32d132-mslnfix
Q9UN67,surface,active,PCDBA_HUMAN,false,,2026-08-06,2000-05-01,666,666,vocabulary,,,,,,,v2-ruled-vocabulary-2026-08-07@a32d132-mslnfix
Q9Y5F2,surface,active,PCDBB_HUMAN,false,,2026-08-06,1999-11-01,664,664,vocabulary,,,,,,,v2-ruled-vocabulary-2026-08-07@a32d132-mslnfix
Q9Y5F1,surface,active,PCDBC_HUMAN,false,,2026-08-06,1999-11-01,664,664,vocabulary,,,,,,,v2-ruled-vocabulary-2026-08-07@a32d132-mslnfix
Q9Y5F0,surface,active,PCDBD_HUMAN,false,,2026-08-06,1999-11-01,662,662,vocabulary,,,,,,,v2-ruled-vocabulary-2026-08-07@a32d132-mslnfix
Q9Y5E9,surface,active,PCDBE_HUMAN,false,,2026-08-06,1999-11-01,660,660,vocabulary,,,,,,,v2-ruled-vocabulary-2026-08-07@a32d132-mslnfix
Q9Y5E8,surface,active,PCDBF_HUMAN,false,,2026-08-06,1999-11-01,664,664,vocabulary,,,,,,,v2-ruled-vocabulary-2026-08-07@a32d132-mslnfix
Q9NRJ7,surface,active,PCDBG_HUMAN,false,,2026-08-06,2021-09-29,662,662,vocabulary,,,,,,,v2-ruled-vocabulary-2026-08-07@a32d132-mslnfix
Q9H158,surface,active,PCDC1_HUMAN,false,,2026-08-06,2007-04-03,665,665,vocabulary,,,,,,,v2-ruled-vocabulary-2026-08-07@a32d132-mslnfix
Q9Y5I4,surface,active,PCDC2_HUMAN,false,,2026-08-06,1999-11-01,666,666,vocabulary,,,,,,,v2-ruled-vocabulary-2026-08-07@a32d132-mslnfix
Q9Y5H4,surface,active,PCDG1_HUMAN,false,,2026-08-06,1999-11-01,664,664,vocabulary,,,,,,,v2-ruled-vocabulary-2026-08-07@a32d132-mslnfix
Q9Y5H1,surface,active,PCDG2_HUMAN,false,,2026-08-06,1999-11-01,664,664,vocabulary,,,,,,,v2-ruled-vocabulary-2026-08-07@a32d132-mslnfix
Q9Y5H0,surface,active,PCDG3_HUMAN,false,,2026-08-06,2010-05-18,663,663,vocabulary,,,,,,,v2-ruled-vocabulary-2026-08-07@a32d132-mslnfix
Q9Y5G9,surface,active,PCDG4_HUMAN,false,,2026-08-06,2017-09-27,664,664,vocabulary,,,,,,,v2-ruled-vocabulary-2026-08-07@a32d132-mslnfix
Q9Y5G8,surface,active,PCDG5_HUMAN,false,,2026-08-06,1999-11-01,663,663,vocabulary,,,,,,,v2-ruled-vocabulary-2026-08-07@a32d132-mslnfix
Q9Y5G7,surface,active,PCDG6_HUMAN,false,,2026-08-06,1999-11-01,663,663,vocabulary,,,,,,,v2-ruled-vocabulary-2026-08-07@a32d132-mslnfix
Q9Y5G6,surface,active,PCDG7_HUMAN,false,,2026-08-06,1999-11-01,664,664,vocabulary,,,,,,,v2-ruled-vocabulary-2026-08-07@a32d132-mslnfix
Q9Y5G5,surface,active,PCDG8_HUMAN,false,,2026-08-06,1999-11-01,663,663,vocabulary,,,,,,,v2-ruled-vocabulary-2026-08-07@a32d132-mslnfix
Q9Y5G4,surface,active,PCDG9_HUMAN,false,,2026-08-06,1999-11-01,664,664,vocabulary,,,,,,,v2-ruled-vocabulary-2026-08-07@a32d132-mslnfix
Q9Y5H3,surface,active,PCDGA_HUMAN,false,,2026-08-06,1999-11-01,664,664,vocabulary,,,,,,,v2-ruled-vocabulary-2026-08-07@a32d132-mslnfix
Q9Y5H2,surface,active,PCDGB_HUMAN,false,,2026-08-06,1999-11-01,664,664,vocabulary,,,,,,,v2-ruled-vocabulary-2026-08-07@a32d132-mslnfix
O60330,surface,active,PCDGC_HUMAN,false,,2026-08-06,1998-08-01,663,663,vocabulary,,,,,,,v2-ruled-vocabulary-2026-08-07@a32d132-mslnfix
Q9Y5G3,surface,active,PCDGD_HUMAN,false,,2026-08-06,1999-11-01,659,659,vocabulary,,,,,,,v2-ruled-vocabulary-2026-08-07@a32d132-mslnfix
Q9Y5G2,surface,active,PCDGE_HUMAN,false,,2026-08-06,1999-11-01,661,661,vocabulary,,,,,,,v2-ruled-vocabulary-2026-08-07@a32d132-mslnfix
Q9Y5G1,surface,active,PCDGF_HUMAN,false,,2026-08-06,2017-09-27,661,661,vocabulary,,,,,,,v2-ruled-vocabulary-2026-08-07@a32d132-mslnfix
Q9UN71,surface,active,PCDGG_HUMAN,false,,2026-08-06,2000-05-01,659,659,vocabulary,,,,,,,v2-ruled-vocabulary-2026-08-07@a32d132-mslnfix
Q9Y5G0,surface,active,PCDGH_HUMAN,false,,2026-08-06,1999-11-01,657,657,vocabulary,,,,,,,v2-ruled-vocabulary-2026-08-07@a32d132-mslnfix
Q9Y5F9,surface,active,PCDGI_HUMAN,false,,2026-08-06,1999-11-01,661,661,vocabulary,,,,,,,v2-ruled-vocabulary-2026-08-07@a32d132-mslnfix
Q9Y5F8,surface,active,PCDGJ_HUMAN,false,,2026-08-06,1999-11-01,661,661,vocabulary,,,,,,,v2-ruled-vocabulary-2026-08-07@a32d132-mslnfix
Q9UN70,surface,active,PCDGK_HUMAN,false,,2026-08-06,2000-05-01,662,662,vocabulary,,,,,,,v2-ruled-vocabulary-2026-08-07@a32d132-mslnfix
Q9Y5F7,surface,active,PCDGL_HUMAN,false,,2026-08-06,1999-11-01,663,663,vocabulary,,,,,,,v2-ruled-vocabulary-2026-08-07@a32d132-mslnfix
Q9Y5F6,surface,active,PCDGM_HUMAN,false,,2026-08-06,1999-11-01,664,664,vocabulary,,,,,,,v2-ruled-vocabulary-2026-08-07@a32d132-mslnfix
Q08174,surface,active,PCDH1_HUMAN,false,,2026-08-06,2008-11-25,795,795,vocabulary,,,,,,,v2-ruled-vocabulary-2026-08-07@a32d132-mslnfix
O60245,surface,active,PCDH7_HUMAN,false,,2026-08-06,2009-07-28,851,851,vocabulary,,,,,,,v2-ruled-vocabulary-2026-08-07@a32d132-mslnfix
O95206,surface,active,PCDH8_HUMAN,false,,2026-08-06,2000-05-01,720,720,vocabulary,,,,,,,v2-ruled-vocabulary-2026-08-07@a32d132-mslnfix
Q9HC56,surface,active,PCDH9_HUMAN,false,,2026-08-06,2008-09-23,791,791,vocabulary,,,,,,,v2-ruled-vocabulary-2026-08-07@a32d132-mslnfix
Q96NT5,surface,active,PCFT_HUMAN,false,,2026-08-06,2001-12-01,38,38,vocabulary,,,,,,,v2-ruled-vocabulary-2026-08-07@a32d132-mslnfix
Q92824,surface,active,PCSK5_HUMAN,false,,2026-08-06,2011-11-16,1629,1629,vocabulary,,,,,,,v2-ruled-vocabulary-2026-08-07@a32d132-mslnfix
Q96RV3,surface,active,PCX1_HUMAN,false,,2026-08-06,2006-10-17,,,,no_extracellular_span,"no topological domain with an accepted description, and no GPI anchor",,,,,v2-ruled-vocabulary-2026-08-07@a32d132-mslnfix
A6NKB5,surface,active,PCX2_HUMAN,false,,2026-08-06,2008-05-20,,,,no_extracellular_span,"no topological domain with an accepted description, and no GPI anchor",,,,,v2-ruled-vocabulary-2026-08-07@a32d132-mslnfix
Q9NZQ7,surface,active,PD1L1_HUMAN,false,,2026-08-06,2000-10-01,220,220,vocabulary,,,,,,,v2-ruled-vocabulary-2026-08-07@a32d132-mslnfix
Q9BQ51,surface,active,PD1L2_HUMAN,false,,2026-08-06,2005-05-10,201,201,vocabulary,,,,,,,v2-ruled-vocabulary-2026-08-07@a32d132-mslnfix
Q9Y5Y4,surface,active,PD2R2_HUMAN,false,,2026-08-06,2010-05-18,42,42,vocabulary,,,,,,,v2-ruled-vocabulary-2026-08-07@a32d132-mslnfix
Q13258,surface,active,PD2R_HUMAN,false,,2026-08-06,1997-11-01,27,27,vocabulary,,,,,,,v2-ruled-vocabulary-2026-08-07@a32d132-mslnfix
Q15116,surface,active,PDCD1_HUMAN,false,,2026-08-06,2007-04-17,146,146,vocabulary,,,,,,,v2-ruled-vocabulary-2026-08-07@a32d132-mslnfix
Q9NZ53,surface,active,PDXL2_HUMAN,false,,2026-08-06,2000-10-01,468,468,vocabulary,,,,,,,v2-ruled-vocabulary-2026-08-07@a32d132-mslnfix
P34995,surface,active,PE2R1_HUMAN,false,,2026-08-06,2005-05-10,35,35,vocabulary,,,,,,,v2-ruled-vocabulary-2026-08-07@a32d132-mslnfix
P43116,surface,active,PE2R2_HUMAN,false,,2026-08-06,2003-11-07,23,23,vocabulary,,,,,,,v2-ruled-vocabulary-2026-08-07@a32d132-mslnfix
P43115,surface,active,PE2R3_HUMAN,false,,2026-08-06,1995-11-01,53,53,vocabulary,,,,,,,v2-ruled-vocabulary-2026-08-07@a32d132-mslnfix
P35408,surface,active,PE2R4_HUMAN,false,,2026-08-06,1994-06-01,24,24,vocabulary,,,,,,,v2-ruled-vocabulary-2026-08-07@a32d132-mslnfix
Q5VY43,surface,active,PEAR1_HUMAN,false,,2026-08-06,2004-12-07,735,735,vocabulary,,,,,,,v2-ruled-vocabulary-2026-08-07@a32d132-mslnfix
P16284,surface,active,PECA1_HUMAN,false,,2026-08-06,2018-03-28,574,574,vocabulary,,,,,,,v2-ruled-vocabulary-2026-08-07@a32d132-mslnfix
P07202,surface,active,PERT_HUMAN,false,,2026-08-06,2007-11-13,828,828,vocabulary,,,,,,,v2-ruled-vocabulary-2026-08-07@a32d132-mslnfix
P43088,surface,active,PF2R_HUMAN,false,,2026-08-06,1995-11-01,31,31,vocabulary,,,,,,,v2-ruled-vocabulary-2026-08-07@a32d132-mslnfix
Q75T13,surface,active,PGAP1_HUMAN,false,,2026-08-06,2004-07-05,,609,vocabulary,,,,,,,v2-ruled-vocabulary-2026-08-07@a32d132-mslnfix
Q96GW7,surface,active,PGCB_HUMAN,false,,2026-08-06,2005-06-21,,,,absent_with_reason,gpi_mature_chain_ambiguous,,,,chain_end_exceeds_anchor,v2-ruled-vocabulary-2026-08-07@a32d132-mslnfix
P16234,surface,active,PGFRA_HUMAN,false,,2026-08-06,1990-04-01,505,505,vocabulary,,,,,,,v2-ruled-vocabulary-2026-08-07@a32d132-mslnfix
P09619,surface,active,PGFRB_HUMAN,false,,2026-08-06,1989-07-01,500,500,vocabulary,,,,,,,v2-ruled-vocabulary-2026-08-07@a32d132-mslnfix
P78562,surface,active,PHEX_HUMAN,false,,2026-08-06,1997-05-01,600,600,vocabulary,,,,,,,v2-ruled-vocabulary-2026-08-07@a32d132-mslnfix
Q6UXB8,surface,active,PI16_HUMAN,false,,2026-08-06,2004-07-05,,,,no_extracellular_span,"no topological domain with an accepted description, and no GPI anchor",,,,,v2-ruled-vocabulary-2026-08-07@a32d132-mslnfix
P43119,surface,active,PI2R_HUMAN,false,,2026-08-06,1995-11-01,23,23,vocabulary,,,,,,,v2-ruled-vocabulary-2026-08-07@a32d132-mslnfix
Q92508,surface,active,PIEZ1_HUMAN,false,,2026-08-06,2011-01-11,234,234,vocabulary,,,,,,,v2-ruled-vocabulary-2026-08-07@a32d132-mslnfix
Q9H5I5,surface,active,PIEZ2_HUMAN,false,,2026-08-06,2011-01-11,248,248,vocabulary,,,,,,,v2-ruled-vocabulary-2026-08-07@a32d132-mslnfix
Q8TEQ8,surface,active,PIGO_HUMAN,false,,2026-08-06,2005-03-15,,,,no_extracellular_span,"no topological domain with an accepted description, and no GPI anchor",,,,,v2-ruled-vocabulary-2026-08-07@a32d132-mslnfix
P01833,surface,active,PIGR_HUMAN,false,,2026-08-06,2007-06-26,620,620,vocabulary,,,,,,,v2-ruled-vocabulary-2026-08-07@a32d132-mslnfix
Q969N2,surface,active,PIGT_HUMAN,false,,2026-08-06,2001-12-01,,504,vocabulary,,,,,,,v2-ruled-vocabulary-2026-08-07@a32d132-mslnfix
Q9UKJ1,surface,active,PILRA_HUMAN,false,,2026-08-06,2010-05-18,178,178,vocabulary,,,,,,,v2-ruled-vocabulary-2026-08-07@a32d132-mslnfix
Q9UKJ0,surface,active,PILRB_HUMAN,false,,2026-08-06,2000-05-01,172,172,vocabulary,,,,,,,v2-ruled-vocabulary-2026-08-07@a32d132-mslnfix
Q8TDX9,surface,active,PK1L1_HUMAN,false,,2026-08-06,2002-06-01,1748,1748,vocabulary,,,,,,,v2-ruled-vocabulary-2026-08-07@a32d132-mslnfix
Q7Z442,surface,active,PK1L2_HUMAN,false,,2026-08-06,2018-03-28,1327,1327,vocabulary,,,,,,,v2-ruled-vocabulary-2026-08-07@a32d132-mslnfix
Q7Z443,surface,active,PK1L3_HUMAN,false,,2026-08-06,2003-10-01,674,674,vocabulary,,,,,,,v2-ruled-vocabulary-2026-08-07@a32d132-mslnfix
Q9P0L9,surface,active,PK2L1_HUMAN,false,,2026-08-06,2000-10-01,232,232,vocabulary,,,,,,,v2-ruled-vocabulary-2026-08-07@a32d132-mslnfix
P98161,surface,active,PKD1_HUMAN,false,,2026-08-06,2010-03-23,3051,3051,vocabulary,,,,,,,v2-ruled-vocabulary-2026-08-07@a32d132-mslnfix
Q13563,surface,active,PKD2_HUMAN,false,,2026-08-06,2006-10-17,227,227,vocabulary,,,,,,,v2-ruled-vocabulary-2026-08-07@a32d132-mslnfix
Q9NTG1,surface,active,PKDRE_HUMAN,false,,2026-08-06,2002-09-19,1165,1165,vocabulary,,,,,,,v2-ruled-vocabulary-2026-08-07@a32d132-mslnfix
P08F94,surface,active,PKHD1_HUMAN,false,,2026-08-06,2010-05-18,3835,3835,vocabulary,,,,,,,v2-ruled-vocabulary-2026-08-07@a32d132-mslnfix
Q86WI1,surface,active,PKHL1_HUMAN,false,,2026-08-06,2009-11-24,4190,4190,vocabulary,,,,,,,v2-ruled-vocabulary-2026-08-07@a32d132-mslnfix
Q8TCW9,surface,active,PKR1_HUMAN,false,,2026-08-06,2002-06-01,62,62,vocabulary,,,,,,,v2-ruled-vocabulary-2026-08-07@a32d132-mslnfix
Q8NFJ6,surface,active,PKR2_HUMAN,false,,2026-08-06,2002-10-01,54,54,vocabulary,,,,,,,v2-ruled-vocabulary-2026-08-07@a32d132-mslnfix
Q13018,surface,active,PLA2R_HUMAN,false,,2026-08-06,2007-11-13,1377,1377,vocabulary,,,,,,,v2-ruled-vocabulary-2026-08-07@a32d132-mslnfix
Q6P1J6,surface,active,PLB1_HUMAN,false,,2026-08-06,2010-05-18,1396,1396,vocabulary,,,,,,,v2-ruled-vocabulary-2026-08-07@a32d132-mslnfix
Q8N7P1,surface,active,PLD5_HUMAN,false,,2026-08-06,2007-05-29,,,,no_extracellular_span,"no topological domain with an accepted description, and no GPI anchor",,,,,v2-ruled-vocabulary-2026-08-07@a32d132-mslnfix
Q8IUK5,surface,active,PLDX1_HUMAN,false,,2026-08-06,2006-04-18,408,408,vocabulary,,,,,,,v2-ruled-vocabulary-2026-08-07@a32d132-mslnfix
Q6UQ28,surface,active,PLET1_HUMAN,false,,2026-08-06,2008-02-26,,161,gpi_rule_A,,,,,,,v2-ruled-vocabulary-2026-08-07@a32d132-mslnfix
Q9BX97,surface,active,PLVAP_HUMAN,false,,2026-08-06,2001-06-01,394,394,vocabulary,,,,,,,v2-ruled-vocabulary-2026-08-07@a32d132-mslnfix
Q9UIW2,surface,active,PLXA1_HUMAN,false,,2026-08-06,2010-11-30,1218,1218,vocabulary,,,,,,,v2-ruled-vocabulary-2026-08-07@a32d132-mslnfix
O75051,surface,active,PLXA2_HUMAN,false,,2026-08-06,2009-07-07,1203,1203,vocabulary,,,,,,,v2-ruled-vocabulary-2026-08-07@a32d132-mslnfix
P51805,surface,active,PLXA3_HUMAN,false,,2026-08-06,2022-02-23,1201,1201,vocabulary,,,,,,,v2-ruled-vocabulary-2026-08-07@a32d132-mslnfix
Q9HCM2,surface,active,PLXA4_HUMAN,false,,2026-08-06,2006-06-13,1214,1214,vocabulary,,,,,,,v2-ruled-vocabulary-2026-08-07@a32d132-mslnfix
O43157,surface,active,PLXB1_HUMAN,false,,2026-08-06,2004-08-31,1471,1471,vocabulary,,,,,,,v2-ruled-vocabulary-2026-08-07@a32d132-mslnfix
O15031,surface,active,PLXB2_HUMAN,false,,2026-08-06,2007-02-20,1178,1178,vocabulary,,,,,,,v2-ruled-vocabulary-2026-08-07@a32d132-mslnfix
Q9ULL4,surface,active,PLXB3_HUMAN,false,,2026-08-06,2004-08-31,1211,1211,vocabulary,,,,,,,v2-ruled-vocabulary-2026-08-07@a32d132-mslnfix
O60486,surface,active,PLXC1_HUMAN,false,,2026-08-06,1998-08-01,910,910,vocabulary,,,,,,,v2-ruled-vocabulary-2026-08-07@a32d132-mslnfix
Q9Y4D7,surface,active,PLXD1_HUMAN,false,,2026-08-06,2010-05-18,1225,1225,vocabulary,,,,,,,v2-ruled-vocabulary-2026-08-07@a32d132-mslnfix
P40967,surface,active,PMEL_HUMAN,false,,2026-08-06,1997-11-01,,126,vocabulary,,,,,,,v2-ruled-vocabulary-2026-08-07@a32d132-mslnfix
Q969W9,surface,active,PMEPA_HUMAN,false,,2026-08-06,2001-12-01,,40,vocabulary,,,,,,,v2-ruled-vocabulary-2026-08-07@a32d132-mslnfix
Q8TEM1,surface,active,PO210_HUMAN,false,,2026-08-06,2006-10-17,,1782,vocabulary,,,,,,,v2-ruled-vocabulary-2026-08-07@a32d132-mslnfix
O00592,surface,active,PODXL_HUMAN,false,,2026-08-06,2009-05-05,439,439,vocabulary,,,,,,,v2-ruled-vocabulary-2026-08-07@a32d132-mslnfix
Q8NE79,surface,active,POPD1_HUMAN,false,,2026-08-06,2002-10-01,48,48,vocabulary,,,,,,,v2-ruled-vocabulary-2026-08-07@a32d132-mslnfix
Q8N131,surface,active,PORIM_HUMAN,false,,2026-08-06,2002-10-01,140,140,vocabulary,,,,,,,v2-ruled-vocabulary-2026-08-07@a32d132-mslnfix
P11117,surface,active,PPAL_HUMAN,false,,2026-08-06,2006-10-03,,350,vocabulary,,,,,,,v2-ruled-vocabulary-2026-08-07@a32d132-mslnfix
Q9BZG2,surface,active,PPAT_HUMAN,false,,2026-08-06,2001-06-01,367,367,vocabulary,,,,,,,v2-ruled-vocabulary-2026-08-07@a32d132-mslnfix
P05187,surface,active,PPB1_HUMAN,false,,2026-08-06,1989-07-01,,483,gpi_rule_A,,,,,,,v2-ruled-vocabulary-2026-08-07@a32d132-mslnfix
P09923,surface,active,PPBI_HUMAN,false,,2026-08-06,1990-04-01,,483,gpi_rule_A,,,,,,,v2-ruled-vocabulary-2026-08-07@a32d132-mslnfix
P10696,surface,active,PPBN_HUMAN,false,,2026-08-06,2007-03-06,,483,gpi_rule_A,,,,,,,v2-ruled-vocabulary-2026-08-07@a32d132-mslnfix
P05186,surface,active,PPBT_HUMAN,false,,2026-08-06,2005-06-21,,483,gpi_rule_A,,,,,,,v2-ruled-vocabulary-2026-08-07@a32d132-mslnfix
Q5R3F8,surface,active,PPR29_HUMAN,false,,2026-08-06,2004-12-21,375,375,vocabulary,,,,,,,v2-ruled-vocabulary-2026-08-07@a32d132-mslnfix
Q86XR5,surface,active,PRIMA_HUMAN,false,,2026-08-06,2003-10-03,57,57,vocabulary,,,,,,,v2-ruled-vocabulary-2026-08-07@a32d132-mslnfix
P04156,surface,active,PRIO_HUMAN,false,,2026-08-06,1986-11-01,,207,gpi_rule_A,,,,,,,v2-ruled-vocabulary-2026-08-07@a32d132-mslnfix
P49683,surface,active,PRLHR_HUMAN,false,,2026-08-06,2010-11-02,62,62,vocabulary,,,,,,,v2-ruled-vocabulary-2026-08-07@a32d132-mslnfix
P16471,surface,active,PRLR_HUMAN,false,,2026-08-06,1990-08-01,210,210,vocabulary,,,,,,,v2-ruled-vocabulary-2026-08-07@a32d132-mslnfix
Q9UKY0,surface,active,PRND_HUMAN,false,,2026-08-06,2005-06-21,,126,gpi_rule_A,,,,,,,v2-ruled-vocabulary-2026-08-07@a32d132-mslnfix
O43490,surface,active,PROM1_HUMAN,false,,2026-08-06,1998-06-01,285,285,vocabulary,,,,,,,v2-ruled-vocabulary-2026-08-07@a32d132-mslnfix
Q8N271,surface,active,PROM2_HUMAN,false,,2026-08-06,2002-10-01,286,286,vocabulary,,,,,,,v2-ruled-vocabulary-2026-08-07@a32d132-mslnfix
P23942,surface,active,PRPH2_HUMAN,false,,2026-08-06,2023-06-28,,141,vocabulary,,,,,,,v2-ruled-vocabulary-2026-08-07@a32d132-mslnfix
Q5FWE3,surface,active,PRRT3_HUMAN,false,,2026-08-06,2007-11-13,447,447,vocabulary,,,,,,,v2-ruled-vocabulary-2026-08-07@a32d132-mslnfix
Q7RTY9,surface,active,PRS41_HUMAN,false,,2026-08-06,2003-12-15,,244,gpi_rule_A,,,,,,,v2-ruled-vocabulary-2026-08-07@a32d132-mslnfix
Q16651,surface,active,PRSS8_HUMAN,false,,2026-08-06,1996-11-01,,,,no_extracellular_span,"no topological domain with an accepted description, and no GPI anchor",,,,,v2-ruled-vocabulary-2026-08-07@a32d132-mslnfix
Q2VWP7,surface,active,PRTG_HUMAN,false,,2026-08-06,2006-01-10,914,914,vocabulary,,,,,,,v2-ruled-vocabulary-2026-08-07@a32d132-mslnfix
O43653,surface,active,PSCA_HUMAN,false,,2026-08-06,2018-10-10,,71,gpi_rule_A,,,,,,,v2-ruled-vocabulary-2026-08-07@a32d132-mslnfix
P49768,surface,active,PSN1_HUMAN,false,,2026-08-06,1996-10-01,,29,vocabulary,,,,,,,v2-ruled-vocabulary-2026-08-07@a32d132-mslnfix
P49810,surface,active,PSN2_HUMAN,false,,2026-08-06,1996-10-01,,30,vocabulary,,,,,,,v2-ruled-vocabulary-2026-08-07@a32d132-mslnfix
Q8IYL9,surface,active,PSYR_HUMAN,false,,2026-08-06,2003-03-01,21,21,vocabulary,,,,,,,v2-ruled-vocabulary-2026-08-07@a32d132-mslnfix
P25105,surface,active,PTAFR_HUMAN,false,,2026-08-06,1992-05-01,29,29,vocabulary,,,,,,,v2-ruled-vocabulary-2026-08-07@a32d132-mslnfix
Q13635,surface,active,PTC1_HUMAN,false,,2026-08-06,2007-10-23,320,320,vocabulary,,,,,,,v2-ruled-vocabulary-2026-08-07@a32d132-mslnfix
Q6ISU1,surface,active,PTCRA_HUMAN,false,,2026-08-06,2004-07-05,123,123,vocabulary,,,,,,,v2-ruled-vocabulary-2026-08-07@a32d132-mslnfix
Q03431,surface,active,PTH1R_HUMAN,false,,2026-08-06,1993-10-01,160,160,vocabulary,,,,,,,v2-ruled-vocabulary-2026-08-07@a32d132-mslnfix
P49190,surface,active,PTH2R_HUMAN,false,,2026-08-06,1996-02-01,119,119,vocabulary,,,,,,,v2-ruled-vocabulary-2026-08-07@a32d132-mslnfix
Q96NR3,surface,active,PTHD1_HUMAN,false,,2026-08-06,2007-03-06,,,,no_extracellular_span,"no topological domain with an accepted description, and no GPI anchor",,,,,v2-ruled-vocabulary-2026-08-07@a32d132-mslnfix
Q9P2K9,surface,active,PTHD2_HUMAN,false,,2026-08-06,2007-10-23,,432,vocabulary,,,,,,,v2-ruled-vocabulary-2026-08-07@a32d132-mslnfix
Q3KNS1,surface,active,PTHD3_HUMAN,false,,2026-08-06,2022-05-25,,,,no_extracellular_span,"no topological domain with an accepted description, and no GPI anchor",,,,,v2-ruled-vocabulary-2026-08-07@a32d132-mslnfix
Q6ZW05,surface,active,PTHD4_HUMAN,false,,2026-08-06,2009-11-24,,,,no_extracellular_span,"no topological domain with an accepted description, and no GPI anchor",,,,,v2-ruled-vocabulary-2026-08-07@a32d132-mslnfix
Q13308,surface,active,PTK7_HUMAN,false,,2026-08-06,2006-10-17,674,674,vocabulary,,,,,,,v2-ruled-vocabulary-2026-08-07@a32d132-mslnfix
Q92932,surface,active,PTPR2_HUMAN,false,,2026-08-06,2006-10-17,594,594,vocabulary,,,,,,,v2-ruled-vocabulary-2026-08-07@a32d132-mslnfix
P18433,surface,active,PTPRA_HUMAN,false,,2026-08-06,2018-03-28,132,132,vocabulary,,,,,,,v2-ruled-vocabulary-2026-08-07@a32d132-mslnfix
P23467,surface,active,PTPRB_HUMAN,false,,2026-08-06,2011-01-11,1599,1599,vocabulary,,,,,,,v2-ruled-vocabulary-2026-08-07@a32d132-mslnfix
P08575,surface,active,PTPRC_HUMAN,false,,2026-08-06,2018-03-28,552,552,vocabulary,,,,,,,v2-ruled-vocabulary-2026-08-07@a32d132-mslnfix
P23468,surface,active,PTPRD_HUMAN,false,,2026-08-06,1996-10-01,1245,1245,vocabulary,,,,,,,v2-ruled-vocabulary-2026-08-07@a32d132-mslnfix
P10586,surface,active,PTPRF_HUMAN,false,,2026-08-06,2009-03-24,1234,1234,vocabulary,,,,,,,v2-ruled-vocabulary-2026-08-07@a32d132-mslnfix
P23470,surface,active,PTPRG_HUMAN,false,,2026-08-06,2009-05-05,717,717,vocabulary,,,,,,,v2-ruled-vocabulary-2026-08-07@a32d132-mslnfix
Q9HD43,surface,active,PTPRH_HUMAN,false,,2026-08-06,2018-03-28,727,727,vocabulary,,,,,,,v2-ruled-vocabulary-2026-08-07@a32d132-mslnfix
Q12913,surface,active,PTPRJ_HUMAN,false,,2026-08-06,2008-02-05,940,940,vocabulary,,,,,,,v2-ruled-vocabulary-2026-08-07@a32d132-mslnfix
Q15262,surface,active,PTPRK_HUMAN,false,,2026-08-06,2007-05-01,726,726,vocabulary,,,,,,,v2-ruled-vocabulary-2026-08-07@a32d132-mslnfix
P28827,surface,active,PTPRM_HUMAN,false,,2026-08-06,2008-09-23,722,722,vocabulary,,,,,,,v2-ruled-vocabulary-2026-08-07@a32d132-mslnfix
Q16849,surface,active,PTPRN_HUMAN,false,,2026-08-06,1997-11-01,,541,vocabulary,,,,,,,v2-ruled-vocabulary-2026-08-07@a32d132-mslnfix
Q16827,surface,active,PTPRO_HUMAN,false,,2026-08-06,2008-10-14,793,793,vocabulary,,,,,,,v2-ruled-vocabulary-2026-08-07@a32d132-mslnfix
Q9UMZ3,surface,active,PTPRQ_HUMAN,false,,2026-08-06,2007-09-11,1912,1912,vocabulary,,,,,,,v2-ruled-vocabulary-2026-08-07@a32d132-mslnfix
Q15256,surface,active,PTPRR_HUMAN,false,,2026-08-06,2007-03-06,206,206,vocabulary,,,,,,,v2-ruled-vocabulary-2026-08-07@a32d132-mslnfix
Q13332,surface,active,PTPRS_HUMAN,false,,2026-08-06,2011-01-11,1253,1253,vocabulary,,,,,,,v2-ruled-vocabulary-2026-08-07@a32d132-mslnfix
O14522,surface,active,PTPRT_HUMAN,false,,2026-08-06,2011-01-11,722,722,vocabulary,,,,,,,v2-ruled-vocabulary-2026-08-07@a32d132-mslnfix
Q92729,surface,active,PTPRU_HUMAN,false,,2026-08-06,2009-05-05,731,731,vocabulary,,,,,,,v2-ruled-vocabulary-2026-08-07@a32d132-mslnfix
P23471,surface,active,PTPRZ_HUMAN,false,,2026-08-06,2009-03-24,1612,1612,vocabulary,,,,,,,v2-ruled-vocabulary-2026-08-07@a32d132-mslnfix
P53801,surface,active,PTTG_HUMAN,false,,2026-08-06,1996-10-01,64,64,vocabulary,,,,,,,v2-ruled-vocabulary-2026-08-07@a32d132-mslnfix
Q15223,surface,active,PVRL1_HUMAN,false,,2026-08-06,2001-09-26,325,325,vocabulary,,,,,,,v2-ruled-vocabulary-2026-08-07@a32d132-mslnfix
Q92692,surface,active,PVRL2_HUMAN,false,,2026-08-06,1997-02-01,329,329,vocabulary,,,,,,,v2-ruled-vocabulary-2026-08-07@a32d132-mslnfix
Q9NQS3,surface,active,PVRL3_HUMAN,false,,2026-08-06,2000-10-01,347,347,vocabulary,,,,,,,v2-ruled-vocabulary-2026-08-07@a32d132-mslnfix
Q96NY8,surface,active,PVRL4_HUMAN,false,,2026-08-06,2001-12-01,318,318,vocabulary,,,,,,,v2-ruled-vocabulary-2026-08-07@a32d132-mslnfix
P15151,surface,active,PVR_HUMAN,false,,2026-08-06,1996-02-01,323,323,vocabulary,,,,,,,v2-ruled-vocabulary-2026-08-07@a32d132-mslnfix
Q6UX71,surface,active,PXDC2_HUMAN,false,,2026-08-06,2004-07-05,424,424,vocabulary,,,,,,,v2-ruled-vocabulary-2026-08-07@a32d132-mslnfix
Q96P65,surface,active,QRFPR_HUMAN,false,,2026-08-06,2004-05-10,46,46,vocabulary,,,,,,,v2-ruled-vocabulary-2026-08-07@a32d132-mslnfix
O00391,surface,active,QSOX1_HUMAN,false,,2026-08-06,2001-06-01,,,,no_extracellular_span,"no topological domain with an accepted description, and no GPI anchor",,,,,v2-ruled-vocabulary-2026-08-07@a32d132-mslnfix
Q6ZRP7,surface,active,QSOX2_HUMAN,false,,2026-08-06,2007-07-24,,,,no_extracellular_span,"no topological domain with an accepted description, and no GPI anchor",,,,,v2-ruled-vocabulary-2026-08-07@a32d132-mslnfix
Q86UN2,surface,active,R4RL1_HUMAN,false,,2026-08-06,2003-06-01,,395,gpi_rule_A,,,,,,,v2-ruled-vocabulary-2026-08-07@a32d132-mslnfix
Q86UN3,surface,active,R4RL2_HUMAN,false,,2026-08-06,2003-06-01,,343,gpi_rule_A,,,,,,,v2-ruled-vocabulary-2026-08-07@a32d132-mslnfix
Q15109,surface,active,RAGE_HUMAN,false,,2026-08-06,1997-11-01,320,320,vocabulary,,,,,,,v2-ruled-vocabulary-2026-08-07@a32d132-mslnfix
Q8NFJ5,surface,active,RAI3_HUMAN,false,,2026-08-06,2004-04-13,33,33,vocabulary,,,,,,,v2-ruled-vocabulary-2026-08-07@a32d132-mslnfix
O60895,surface,active,RAMP2_HUMAN,false,,2026-08-06,2003-01-10,101,101,vocabulary,,,,,,,v2-ruled-vocabulary-2026-08-07@a32d132-mslnfix
O60896,surface,active,RAMP3_HUMAN,false,,2026-08-06,1998-08-01,90,90,vocabulary,,,,,,,v2-ruled-vocabulary-2026-08-07@a32d132-mslnfix
O95980,surface,active,RECK_HUMAN,false,,2026-08-06,1999-05-01,,919,gpi_rule_A,,,,,,,v2-ruled-vocabulary-2026-08-07@a32d132-mslnfix
Q8IUW5,surface,active,RELL1_HUMAN,false,,2026-08-06,2003-03-01,34,34,vocabulary,,,,,,,v2-ruled-vocabulary-2026-08-07@a32d132-mslnfix
Q6H3X3,surface,active,RET1G_HUMAN,false,,2026-08-06,2004-07-19,198,198,vocabulary,,,,,,,v2-ruled-vocabulary-2026-08-07@a32d132-mslnfix
Q5VY80,surface,active,RET1L_HUMAN,false,,2026-08-06,2004-12-07,,192,gpi_rule_A,,,,,,,v2-ruled-vocabulary-2026-08-07@a32d132-mslnfix
P07949,surface,active,RET_HUMAN,false,,2026-08-06,1994-06-01,607,607,vocabulary,,,,,,,v2-ruled-vocabulary-2026-08-07@a32d132-mslnfix
Q96B86,surface,active,RGMA_HUMAN,false,,2026-08-06,2022-02-23,,255,gpi_rule_A,,,,,,,v2-ruled-vocabulary-2026-08-07@a32d132-mslnfix
Q6NW40,surface,active,RGMB_HUMAN,false,,2026-08-06,2011-04-05,,367,gpi_rule_A,,,,,,,v2-ruled-vocabulary-2026-08-07@a32d132-mslnfix
Q6ZVN8,surface,active,RGMC_HUMAN,false,,2026-08-06,2004-07-05,,364,gpi_rule_A,,,,,,,v2-ruled-vocabulary-2026-08-07@a32d132-mslnfix
P47804,surface,active,RGR_HUMAN,false,,2026-08-06,1996-02-01,24,24,vocabulary,,,,,,,v2-ruled-vocabulary-2026-08-07@a32d132-mslnfix
Q02094,surface,active,RHAG_HUMAN,false,,2026-08-06,2008-12-16,28,28,vocabulary,,,,,,,v2-ruled-vocabulary-2026-08-07@a32d132-mslnfix
Q9NX52,surface,active,RHBL2_HUMAN,false,,2026-08-06,2005-02-01,,,,no_extracellular_span,"no topological domain with an accepted description, and no GPI anchor",,,,,v2-ruled-vocabulary-2026-08-07@a32d132-mslnfix
Q9UBD6,surface,active,RHCG_HUMAN,false,,2026-08-06,2000-05-01,30,30,vocabulary,,,,,,,v2-ruled-vocabulary-2026-08-07@a32d132-mslnfix
Q6PJF5,surface,active,RHDF2_HUMAN,false,,2026-08-06,2008-07-01,,230,vocabulary,,,,,,,v2-ruled-vocabulary-2026-08-07@a32d132-mslnfix
Q9NSD7,surface,active,RL3R1_HUMAN,false,,2026-08-06,2000-10-01,81,81,vocabulary,,,,,,,v2-ruled-vocabulary-2026-08-07@a32d132-mslnfix
Q8TDU9,surface,active,RL3R2_HUMAN,false,,2026-08-06,2002-06-01,43,43,vocabulary,,,,,,,v2-ruled-vocabulary-2026-08-07@a32d132-mslnfix
Q8TEB7,surface,active,RN128_HUMAN,false,,2026-08-06,2002-06-01,,,,no_extracellular_span,"no topological domain with an accepted description, and no GPI anchor",,,,,v2-ruled-vocabulary-2026-08-07@a32d132-mslnfix
Q8NC42,surface,active,RN149_HUMAN,false,,2026-08-06,2007-11-13,,,,no_extracellular_span,"no topological domain with an accepted description, and no GPI anchor",,,,,v2-ruled-vocabulary-2026-08-07@a32d132-mslnfix
Q9ULK6,surface,active,RN150_HUMAN,false,,2026-08-06,2007-03-20,174,174,vocabulary,,,,,,,v2-ruled-vocabulary-2026-08-07@a32d132-mslnfix
Q9H6Y7,surface,active,RN167_HUMAN,false,,2026-08-06,2001-03-01,,,,no_extracellular_span,"no topological domain with an accepted description, and no GPI anchor",,,,,v2-ruled-vocabulary-2026-08-07@a32d132-mslnfix
O43567,surface,active,RNF13_HUMAN,false,,2026-08-06,1998-06-01,,148,vocabulary,,,,,,,v2-ruled-vocabulary-2026-08-07@a32d132-mslnfix
Q68DV7,surface,active,RNF43_HUMAN,false,,2026-08-06,2004-10-11,174,174,vocabulary,,,,,,,v2-ruled-vocabulary-2026-08-07@a32d132-mslnfix
Q5M7Z0,surface,active,RNFT1_HUMAN,false,,2026-08-06,2006-09-19,,,,no_extracellular_span,"no topological domain with an accepted description, and no GPI anchor",,,,,v2-ruled-vocabulary-2026-08-07@a32d132-mslnfix
Q9Y6N7,surface,active,ROBO1_HUMAN,false,,2026-08-06,1999-11-01,872,872,vocabulary,,,,,,,v2-ruled-vocabulary-2026-08-07@a32d132-mslnfix
Q9HCK4,surface,active,ROBO2_HUMAN,false,,2026-08-06,2004-06-21,838,838,vocabulary,,,,,,,v2-ruled-vocabulary-2026-08-07@a32d132-mslnfix
Q96MS0,surface,active,ROBO3_HUMAN,false,,2026-08-06,2004-06-21,871,871,vocabulary,,,,,,,v2-ruled-vocabulary-2026-08-07@a32d132-mslnfix
Q04912,surface,active,RON_HUMAN,false,,2026-08-06,2018-03-28,933,933,vocabulary,,,,,,,v2-ruled-vocabulary-2026-08-07@a32d132-mslnfix
Q01973,surface,active,ROR1_HUMAN,false,,2026-08-06,2006-11-28,377,377,vocabulary,,,,,,,v2-ruled-vocabulary-2026-08-07@a32d132-mslnfix
Q01974,surface,active,ROR2_HUMAN,false,,2026-08-06,2006-03-07,370,370,vocabulary,,,,,,,v2-ruled-vocabulary-2026-08-07@a32d132-mslnfix
P08922,surface,active,ROS1_HUMAN,false,,2026-08-06,2007-02-20,1832,1832,vocabulary,,,,,,,v2-ruled-vocabulary-2026-08-07@a32d132-mslnfix
P04843,surface,active,RPN1_HUMAN,false,,2026-08-06,1987-08-13,,415,vocabulary,,,,,,,v2-ruled-vocabulary-2026-08-07@a32d132-mslnfix
Q8N4K4,surface,active,RPRML_HUMAN,false,,2026-08-06,2003-06-01,,,,no_extracellular_span,"no topological domain with an accepted description, and no GPI anchor",,,,,v2-ruled-vocabulary-2026-08-07@a32d132-mslnfix
Q9NS64,surface,active,RPRM_HUMAN,false,,2026-08-06,2000-10-01,,,,no_extracellular_span,"no topological domain with an accepted description, and no GPI anchor",,,,,v2-ruled-vocabulary-2026-08-07@a32d132-mslnfix
Q9BZR6,surface,active,RTN4R_HUMAN,false,,2026-08-06,2001-06-01,,420,gpi_rule_A,,,,,,,v2-ruled-vocabulary-2026-08-07@a32d132-mslnfix
Q9HBX9,surface,active,RXFP1_HUMAN,false,,2026-08-06,2007-12-04,409,409,vocabulary,,,,,,,v2-ruled-vocabulary-2026-08-07@a32d132-mslnfix
Q8WXD0,surface,active,RXFP2_HUMAN,false,,2026-08-06,2002-03-01,416,416,vocabulary,,,,,,,v2-ruled-vocabulary-2026-08-07@a32d132-mslnfix
P34925,surface,active,RYK_HUMAN,false,,2026-08-06,2018-03-28,202,202,vocabulary,,,,,,,v2-ruled-vocabulary-2026-08-07@a32d132-mslnfix
Q13621,surface,active,S12A1_HUMAN,false,,2026-08-06,2008-11-04,112,112,vocabulary,,,,,,,v2-ruled-vocabulary-2026-08-07@a32d132-mslnfix
P55011,surface,active,S12A2_HUMAN,false,,2026-08-06,1996-10-01,57,57,vocabulary,,,,,,,v2-ruled-vocabulary-2026-08-07@a32d132-mslnfix
P55017,surface,active,S12A3_HUMAN,false,,2026-08-06,2010-11-30,60,60,vocabulary,,,,,,,v2-ruled-vocabulary-2026-08-07@a32d132-mslnfix
Q9UP95,surface,active,S12A4_HUMAN,false,,2026-08-06,2002-12-13,122,122,vocabulary,,,,,,,v2-ruled-vocabulary-2026-08-07@a32d132-mslnfix
Q9H2X9,surface,active,S12A5_HUMAN,false,,2026-08-06,2007-12-04,126,126,vocabulary,,,,,,,v2-ruled-vocabulary-2026-08-07@a32d132-mslnfix
Q9UHW9,surface,active,S12A6_HUMAN,false,,2026-08-06,2002-12-13,117,117,vocabulary,,,,,,,v2-ruled-vocabulary-2026-08-07@a32d132-mslnfix
Q9Y666,surface,active,S12A7_HUMAN,false,,2026-08-06,2007-12-04,119,119,vocabulary,,,,,,,v2-ruled-vocabulary-2026-08-07@a32d132-mslnfix
A0AV02,surface,active,S12A8_HUMAN,false,,2026-08-06,2015-05-27,,,,no_extracellular_span,"no topological domain with an accepted description, and no GPI anchor",,,,,v2-ruled-vocabulary-2026-08-07@a32d132-mslnfix
Q9BXP2,surface,active,S12A9_HUMAN,false,,2026-08-06,2001-06-01,253,253,vocabulary,,,,,,,v2-ruled-vocabulary-2026-08-07@a32d132-mslnfix
Q9BZW2,surface,active,S13A1_HUMAN,false,,2026-08-06,2001-06-01,33,33,vocabulary,,,,,,,v2-ruled-vocabulary-2026-08-07@a32d132-mslnfix
Q13183,surface,active,S13A2_HUMAN,false,,2026-08-06,1996-11-01,39,39,vocabulary,,,,,,,v2-ruled-vocabulary-2026-08-07@a32d132-mslnfix
Q8WWT9,surface,active,S13A3_HUMAN,false,,2026-08-06,2002-03-01,31,31,vocabulary,,,,,,,v2-ruled-vocabulary-2026-08-07@a32d132-mslnfix
Q9UKG4,surface,active,S13A4_HUMAN,false,,2026-08-06,2009-01-20,,,,no_extracellular_span,"no topological domain with an accepted description, and no GPI anchor",,,,,v2-ruled-vocabulary-2026-08-07@a32d132-mslnfix
P46059,surface,active,S15A1_HUMAN,false,,2026-08-06,1995-11-01,202,202,vocabulary,,,,,,,v2-ruled-vocabulary-2026-08-07@a32d132-mslnfix
Q16348,surface,active,S15A2_HUMAN,false,,2026-08-06,2008-10-14,210,210,vocabulary,,,,,,,v2-ruled-vocabulary-2026-08-07@a32d132-mslnfix
Q8IY34,surface,active,S15A3_HUMAN,false,,2026-08-06,2010-05-18,41,41,vocabulary,,,,,,,v2-ruled-vocabulary-2026-08-07@a32d132-mslnfix
Q8N697,surface,active,S15A4_HUMAN,false,,2026-08-06,2002-10-01,32,32,vocabulary,,,,,,,v2-ruled-vocabulary-2026-08-07@a32d132-mslnfix
A6NIM6,surface,active,S15A5_HUMAN,false,,2026-08-06,2008-04-29,,,,no_extracellular_span,"no topological domain with an accepted description, and no GPI anchor",,,,,v2-ruled-vocabulary-2026-08-07@a32d132-mslnfix
Q9NRA2,surface,active,S17A5_HUMAN,false,,2026-08-06,2004-06-07,,47,vocabulary,,,,,,,v2-ruled-vocabulary-2026-08-07@a32d132-mslnfix
Q9BYT1,surface,active,S17A9_HUMAN,false,,2026-08-06,2004-05-24,,,,no_extracellular_span,"no topological domain with an accepted description, and no GPI anchor",,,,,v2-ruled-vocabulary-2026-08-07@a32d132-mslnfix
P41440,surface,active,S19A1_HUMAN,false,,2026-08-06,2000-12-01,14,14,vocabulary,,,,,,,v2-ruled-vocabulary-2026-08-07@a32d132-mslnfix
O60779,surface,active,S19A2_HUMAN,false,,2026-08-06,2001-01-24,27,27,vocabulary,,,,,,,v2-ruled-vocabulary-2026-08-07@a32d132-mslnfix
Q9BZV2,surface,active,S19A3_HUMAN,false,,2026-08-06,2001-06-01,25,25,vocabulary,,,,,,,v2-ruled-vocabulary-2026-08-07@a32d132-mslnfix
P21453,surface,active,S1PR1_HUMAN,false,,2026-08-06,2008-09-02,46,46,vocabulary,,,,,,,v2-ruled-vocabulary-2026-08-07@a32d132-mslnfix
O95136,surface,active,S1PR2_HUMAN,false,,2026-08-06,2003-11-07,34,34,vocabulary,,,,,,,v2-ruled-vocabulary-2026-08-07@a32d132-mslnfix
Q99500,surface,active,S1PR3_HUMAN,false,,2026-08-06,2004-02-16,40,40,vocabulary,,,,,,,v2-ruled-vocabulary-2026-08-07@a32d132-mslnfix
O95977,surface,active,S1PR4_HUMAN,false,,2026-08-06,1999-05-01,50,50,vocabulary,,,,,,,v2-ruled-vocabulary-2026-08-07@a32d132-mslnfix
Q9H228,surface,active,S1PR5_HUMAN,false,,2026-08-06,2001-03-01,40,40,vocabulary,,,,,,,v2-ruled-vocabulary-2026-08-07@a32d132-mslnfix
Q08357,surface,active,S20A2_HUMAN,false,,2026-08-06,1996-11-01,27,27,vocabulary,,,,,,,v2-ruled-vocabulary-2026-08-07@a32d132-mslnfix
O15245,surface,active,S22A1_HUMAN,false,,2026-08-06,2010-11-30,107,107,vocabulary,,,,,,,v2-ruled-vocabulary-2026-08-07@a32d132-mslnfix
O15244,surface,active,S22A2_HUMAN,false,,2026-08-06,2010-11-30,107,107,vocabulary,,,,,,,v2-ruled-vocabulary-2026-08-07@a32d132-mslnfix
O75751,surface,active,S22A3_HUMAN,false,,2026-08-06,1998-11-01,,,,no_extracellular_span,"no topological domain with an accepted description, and no GPI anchor",,,,,v2-ruled-vocabulary-2026-08-07@a32d132-mslnfix
Q9H015,surface,active,S22A4_HUMAN,false,,2026-08-06,2007-05-01,100,100,vocabulary,,,,,,,v2-ruled-vocabulary-2026-08-07@a32d132-mslnfix
O76082,surface,active,S22A5_HUMAN,false,,2026-08-06,1998-11-01,101,101,vocabulary,,,,,,,v2-ruled-vocabulary-2026-08-07@a32d132-mslnfix
Q4U2R8,surface,active,S22A6_HUMAN,false,,2026-08-06,2005-07-19,105,105,vocabulary,,,,,,,v2-ruled-vocabulary-2026-08-07@a32d132-mslnfix
Q9Y694,surface,active,S22A7_HUMAN,false,,2026-08-06,1999-11-01,,,,no_extracellular_span,"no topological domain with an accepted description, and no GPI anchor",,,,,v2-ruled-vocabulary-2026-08-07@a32d132-mslnfix
Q8TCC7,surface,active,S22A8_HUMAN,false,,2026-08-06,2002-06-01,93,93,vocabulary,,,,,,,v2-ruled-vocabulary-2026-08-07@a32d132-mslnfix
Q8IVM8,surface,active,S22A9_HUMAN,false,,2026-08-06,2003-03-01,107,107,vocabulary,,,,,,,v2-ruled-vocabulary-2026-08-07@a32d132-mslnfix
Q9NSA0,surface,active,S22AB_HUMAN,false,,2026-08-06,2000-10-01,111,111,vocabulary,,,,,,,v2-ruled-vocabulary-2026-08-07@a32d132-mslnfix
Q96S37,surface,active,S22AC_HUMAN,false,,2026-08-06,2001-12-01,,,,no_extracellular_span,"no topological domain with an accepted description, and no GPI anchor",,,,,v2-ruled-vocabulary-2026-08-07@a32d132-mslnfix
Q9Y226,surface,active,S22AD_HUMAN,false,,2026-08-06,2006-04-04,97,97,vocabulary,,,,,,,v2-ruled-vocabulary-2026-08-07@a32d132-mslnfix
Q9Y267,surface,active,S22AE_HUMAN,false,,2026-08-06,2010-11-30,93,93,vocabulary,,,,,,,v2-ruled-vocabulary-2026-08-07@a32d132-mslnfix
Q8IZD6,surface,active,S22AF_HUMAN,false,,2026-08-06,2003-03-01,,,,no_extracellular_span,"no topological domain with an accepted description, and no GPI anchor",,,,,v2-ruled-vocabulary-2026-08-07@a32d132-mslnfix
Q86VW1,surface,active,S22AG_HUMAN,false,,2026-08-06,2003-06-01,,,,no_extracellular_span,"no topological domain with an accepted description, and no GPI anchor",,,,,v2-ruled-vocabulary-2026-08-07@a32d132-mslnfix
Q8WUG5,surface,active,S22AH_HUMAN,false,,2026-08-06,2024-01-24,,,,no_extracellular_span,"no topological domain with an accepted description, and no GPI anchor",,,,,v2-ruled-vocabulary-2026-08-07@a32d132-mslnfix
A6NK97,surface,active,S22AK_HUMAN,false,,2026-08-06,2007-07-24,93,93,vocabulary,,,,,,,v2-ruled-vocabulary-2026-08-07@a32d132-mslnfix
A1A5C7,surface,active,S22AN_HUMAN,false,,2026-08-06,2007-10-23,,,,no_extracellular_span,"no topological domain with an accepted description, and no GPI anchor",,,,,v2-ruled-vocabulary-2026-08-07@a32d132-mslnfix
Q6T423,surface,active,S22AP_HUMAN,false,,2026-08-06,2010-05-18,115,115,vocabulary,,,,,,,v2-ruled-vocabulary-2026-08-07@a32d132-mslnfix
Q9UHI7,surface,active,S23A1_HUMAN,false,,2026-08-06,2022-02-23,35,35,vocabulary,,,,,,,v2-ruled-vocabulary-2026-08-07@a32d132-mslnfix
Q9UGH3,surface,active,S23A2_HUMAN,false,,2026-08-06,2000-05-01,36,36,vocabulary,,,,,,,v2-ruled-vocabulary-2026-08-07@a32d132-mslnfix
Q9H2B4,surface,active,S26A1_HUMAN,false,,2026-08-06,2008-10-14,,,,no_extracellular_span,"no topological domain with an accepted description, and no GPI anchor",,,,,v2-ruled-vocabulary-2026-08-07@a32d132-mslnfix
P50443,surface,active,S26A2_HUMAN,false,,2026-08-06,2009-07-28,,,,no_extracellular_span,"no topological domain with an accepted description, and no GPI anchor",,,,,v2-ruled-vocabulary-2026-08-07@a32d132-mslnfix
P40879,surface,active,S26A3_HUMAN,false,,2026-08-06,1995-02-01,39,39,vocabulary,,,,,,,v2-ruled-vocabulary-2026-08-07@a32d132-mslnfix
O43511,surface,active,S26A4_HUMAN,false,,2026-08-06,1998-06-01,35,35,vocabulary,,,,,,,v2-ruled-vocabulary-2026-08-07@a32d132-mslnfix
P58743,surface,active,S26A5_HUMAN,false,,2026-08-06,2002-03-27,25,25,vocabulary,,,,,,,v2-ruled-vocabulary-2026-08-07@a32d132-mslnfix
Q9BXS9,surface,active,S26A6_HUMAN,false,,2026-08-06,2001-06-01,50,50,vocabulary,,,,,,,v2-ruled-vocabulary-2026-08-07@a32d132-mslnfix
Q96RN1,surface,active,S26A8_HUMAN,false,,2026-08-06,2001-12-01,35,35,vocabulary,,,,,,,v2-ruled-vocabulary-2026-08-07@a32d132-mslnfix
Q7LBE3,surface,active,S26A9_HUMAN,false,,2026-08-06,2004-07-05,30,30,vocabulary,,,,,,,v2-ruled-vocabulary-2026-08-07@a32d132-mslnfix
O00337,surface,active,S28A1_HUMAN,false,,2026-08-06,2009-05-05,57,57,vocabulary,,,,,,,v2-ruled-vocabulary-2026-08-07@a32d132-mslnfix
O43868,surface,active,S28A2_HUMAN,false,,2026-08-06,2006-10-17,,,,no_extracellular_span,"no topological domain with an accepted description, and no GPI anchor",,,,,v2-ruled-vocabulary-2026-08-07@a32d132-mslnfix
Q9HAS3,surface,active,S28A3_HUMAN,false,,2026-08-06,2001-03-01,78,78,vocabulary,,,,,,,v2-ruled-vocabulary-2026-08-07@a32d132-mslnfix
Q99808,surface,active,S29A1_HUMAN,false,,2026-08-06,2007-01-23,43,43,vocabulary,,,,,,,v2-ruled-vocabulary-2026-08-07@a32d132-mslnfix
Q14542,surface,active,S29A2_HUMAN,false,,2026-08-06,2006-10-17,,,,no_extracellular_span,"no topological domain with an accepted description, and no GPI anchor",,,,,v2-ruled-vocabulary-2026-08-07@a32d132-mslnfix
Q9BZD2,surface,active,S29A3_HUMAN,false,,2026-08-06,2010-11-30,31,31,vocabulary,,,,,,,v2-ruled-vocabulary-2026-08-07@a32d132-mslnfix
Q7RTT9,surface,active,S29A4_HUMAN,false,,2026-08-06,2003-12-15,68,68,vocabulary,,,,,,,v2-ruled-vocabulary-2026-08-07@a32d132-mslnfix
Q9BS91,surface,active,S35A5_HUMAN,false,,2026-08-06,2007-11-13,,60,vocabulary,,,,,,,v2-ruled-vocabulary-2026-08-07@a32d132-mslnfix
A4IF30,surface,active,S35F4_HUMAN,false,,2026-08-06,2007-12-04,,,,no_extracellular_span,"no topological domain with an accepted description, and no GPI anchor",,,,,v2-ruled-vocabulary-2026-08-07@a32d132-mslnfix
Q7Z2H8,surface,active,S36A1_HUMAN,false,,2026-08-06,2003-10-01,32,32,vocabulary,,,,,,,v2-ruled-vocabulary-2026-08-07@a32d132-mslnfix
Q495M3,surface,active,S36A2_HUMAN,false,,2026-08-06,2005-09-13,32,32,vocabulary,,,,,,,v2-ruled-vocabulary-2026-08-07@a32d132-mslnfix
Q495N2,surface,active,S36A3_HUMAN,false,,2026-08-06,2008-03-18,32,32,vocabulary,,,,,,,v2-ruled-vocabulary-2026-08-07@a32d132-mslnfix
Q6YBV0,surface,active,S36A4_HUMAN,false,,2026-08-06,2004-07-05,,,,no_extracellular_span,"no topological domain with an accepted description, and no GPI anchor",,,,,v2-ruled-vocabulary-2026-08-07@a32d132-mslnfix
Q9H2H9,surface,active,S38A1_HUMAN,false,,2026-08-06,2001-03-01,38,38,vocabulary,,,,,,,v2-ruled-vocabulary-2026-08-07@a32d132-mslnfix
Q96QD8,surface,active,S38A2_HUMAN,false,,2026-08-06,2007-12-04,54,54,vocabulary,,,,,,,v2-ruled-vocabulary-2026-08-07@a32d132-mslnfix
Q969I6,surface,active,S38A4_HUMAN,false,,2026-08-06,2001-12-01,104,104,vocabulary,,,,,,,v2-ruled-vocabulary-2026-08-07@a32d132-mslnfix
Q8WUX1,surface,active,S38A5_HUMAN,false,,2026-08-06,2002-03-01,44,44,vocabulary,,,,,,,v2-ruled-vocabulary-2026-08-07@a32d132-mslnfix
A6NNN8,surface,active,S38A8_HUMAN,false,,2026-08-06,2007-07-24,,,,no_extracellular_span,"no topological domain with an accepted description, and no GPI anchor",,,,,v2-ruled-vocabulary-2026-08-07@a32d132-mslnfix
Q8NBW4,surface,active,S38A9_HUMAN,false,,2026-08-06,2010-05-18,,58,vocabulary,,,,,,,v2-ruled-vocabulary-2026-08-07@a32d132-mslnfix
Q08AI6,surface,active,S38AB_HUMAN,false,,2026-08-06,2006-10-31,,,,no_extracellular_span,"no topological domain with an accepted description, and no GPI anchor",,,,,v2-ruled-vocabulary-2026-08-07@a32d132-mslnfix
Q9NP94,surface,active,S39A2_HUMAN,false,,2026-08-06,2010-05-18,36,36,vocabulary,,,,,,,v2-ruled-vocabulary-2026-08-07@a32d132-mslnfix
Q6P5W5,surface,active,S39A4_HUMAN,false,,2026-08-06,2017-04-12,305,305,vocabulary,,,,,,,v2-ruled-vocabulary-2026-08-07@a32d132-mslnfix
Q6ZMH5,surface,active,S39A5_HUMAN,false,,2026-08-06,2011-05-03,192,192,vocabulary,,,,,,,v2-ruled-vocabulary-2026-08-07@a32d132-mslnfix
Q13433,surface,active,S39A6_HUMAN,false,,2026-08-06,2010-03-23,297,297,vocabulary,,,,,,,v2-ruled-vocabulary-2026-08-07@a32d132-mslnfix
Q9C0K1,surface,active,S39A8_HUMAN,false,,2026-08-06,2001-06-01,110,110,vocabulary,,,,,,,v2-ruled-vocabulary-2026-08-07@a32d132-mslnfix
Q9NUM3,surface,active,S39A9_HUMAN,false,,2026-08-06,2007-08-21,,,,no_extracellular_span,"no topological domain with an accepted description, and no GPI anchor",,,,,v2-ruled-vocabulary-2026-08-07@a32d132-mslnfix
Q9ULF5,surface,active,S39AA_HUMAN,false,,2026-08-06,2007-08-21,,,,no_extracellular_span,"no topological domain with an accepted description, and no GPI anchor",,,,,v2-ruled-vocabulary-2026-08-07@a32d132-mslnfix
Q504Y0,surface,active,S39AC_HUMAN,false,,2026-08-06,2010-11-30,202,202,vocabulary,,,,,,,v2-ruled-vocabulary-2026-08-07@a32d132-mslnfix
Q15043,surface,active,S39AE_HUMAN,false,,2026-08-06,2010-11-30,127,127,vocabulary,,,,,,,v2-ruled-vocabulary-2026-08-07@a32d132-mslnfix
Q9NP59,surface,active,S40A1_HUMAN,false,,2026-08-06,2000-10-01,62,62,vocabulary,,,,,,,v2-ruled-vocabulary-2026-08-07@a32d132-mslnfix
Q8IVJ1,surface,active,S41A1_HUMAN,false,,2026-08-06,2007-07-10,,,,no_extracellular_span,"no topological domain with an accepted description, and no GPI anchor",,,,,v2-ruled-vocabulary-2026-08-07@a32d132-mslnfix
Q96JW4,surface,active,S41A2_HUMAN,false,,2026-08-06,2007-07-10,162,162,vocabulary,,,,,,,v2-ruled-vocabulary-2026-08-07@a32d132-mslnfix
Q96GZ6,surface,active,S41A3_HUMAN,false,,2026-08-06,2010-11-30,,,,no_extracellular_span,"no topological domain with an accepted description, and no GPI anchor",,,,,v2-ruled-vocabulary-2026-08-07@a32d132-mslnfix
Q8NBI5,surface,active,S43A3_HUMAN,false,,2026-08-06,2007-10-02,,,,no_extracellular_span,"no topological domain with an accepted description, and no GPI anchor",,,,,v2-ruled-vocabulary-2026-08-07@a32d132-mslnfix
Q9UMX9,surface,active,S45A2_HUMAN,false,,2026-08-06,2007-03-06,27,27,vocabulary,,,,,,,v2-ruled-vocabulary-2026-08-07@a32d132-mslnfix
Q5BKX6,surface,active,S45A4_HUMAN,false,,2026-08-06,2008-05-20,13,13,vocabulary,,,,,,,v2-ruled-vocabulary-2026-08-07@a32d132-mslnfix
Q7Z3Q1,surface,active,S46A3_HUMAN,false,,2026-08-06,2003-10-01,48,48,vocabulary,,,,,,,v2-ruled-vocabulary-2026-08-07@a32d132-mslnfix
Q96FL8,surface,active,S47A1_HUMAN,false,,2026-08-06,2001-12-01,19,19,vocabulary,,,,,,,v2-ruled-vocabulary-2026-08-07@a32d132-mslnfix
Q6U841,surface,active,S4A10_HUMAN,false,,2026-08-06,2004-07-05,73,73,vocabulary,,,,,,,v2-ruled-vocabulary-2026-08-07@a32d132-mslnfix
Q9Y6R1,surface,active,S4A4_HUMAN,false,,2026-08-06,1999-11-01,83,83,vocabulary,,,,,,,v2-ruled-vocabulary-2026-08-07@a32d132-mslnfix
Q9BY07,surface,active,S4A5_HUMAN,false,,2026-08-06,2008-04-08,114,114,vocabulary,,,,,,,v2-ruled-vocabulary-2026-08-07@a32d132-mslnfix
Q9Y6M7,surface,active,S4A7_HUMAN,false,,2026-08-06,2009-05-05,608,608,vocabulary,,,,,,,v2-ruled-vocabulary-2026-08-07@a32d132-mslnfix
Q2Y0W8,surface,active,S4A8_HUMAN,false,,2026-08-06,2005-12-20,478,478,vocabulary,,,,,,,v2-ruled-vocabulary-2026-08-07@a32d132-mslnfix
Q9NWF4,surface,active,S52A1_HUMAN,false,,2026-08-06,2010-10-05,,,,no_extracellular_span,"no topological domain with an accepted description, and no GPI anchor",,,,,v2-ruled-vocabulary-2026-08-07@a32d132-mslnfix
Q9HAB3,surface,active,S52A2_HUMAN,false,,2026-08-06,2001-03-01,,,,no_extracellular_span,"no topological domain with an accepted description, and no GPI anchor",,,,,v2-ruled-vocabulary-2026-08-07@a32d132-mslnfix
Q9NQ40,surface,active,S52A3_HUMAN,false,,2026-08-06,2005-11-22,62,62,vocabulary,,,,,,,v2-ruled-vocabulary-2026-08-07@a32d132-mslnfix
P48066,surface,active,S6A11_HUMAN,false,,2026-08-06,1996-02-01,74,74,vocabulary,,,,,,,v2-ruled-vocabulary-2026-08-07@a32d132-mslnfix
P48065,surface,active,S6A12_HUMAN,false,,2026-08-06,2009-09-01,73,73,vocabulary,,,,,,,v2-ruled-vocabulary-2026-08-07@a32d132-mslnfix
Q9NSD5,surface,active,S6A13_HUMAN,false,,2026-08-06,2008-10-14,65,65,vocabulary,,,,,,,v2-ruled-vocabulary-2026-08-07@a32d132-mslnfix
Q9UN76,surface,active,S6A14_HUMAN,false,,2026-08-06,2000-05-01,104,104,vocabulary,,,,,,,v2-ruled-vocabulary-2026-08-07@a32d132-mslnfix
Q9H2J7,surface,active,S6A15_HUMAN,false,,2026-08-06,2001-03-01,96,96,vocabulary,,,,,,,v2-ruled-vocabulary-2026-08-07@a32d132-mslnfix
Q9GZN6,surface,active,S6A16_HUMAN,false,,2026-08-06,2001-03-01,92,92,vocabulary,,,,,,,v2-ruled-vocabulary-2026-08-07@a32d132-mslnfix
Q9H1V8,surface,active,S6A17_HUMAN,false,,2026-08-06,2005-02-01,105,105,vocabulary,,,,,,,v2-ruled-vocabulary-2026-08-07@a32d132-mslnfix
Q96N87,surface,active,S6A18_HUMAN,false,,2026-08-06,2010-11-30,88,88,vocabulary,,,,,,,v2-ruled-vocabulary-2026-08-07@a32d132-mslnfix
Q695T7,surface,active,S6A19_HUMAN,false,,2026-08-06,2004-09-13,88,88,vocabulary,,,,,,,v2-ruled-vocabulary-2026-08-07@a32d132-mslnfix
Q9NP91,surface,active,S6A20_HUMAN,false,,2026-08-06,2000-10-01,92,92,vocabulary,,,,,,,v2-ruled-vocabulary-2026-08-07@a32d132-mslnfix
Q8TBB6,surface,active,S7A14_HUMAN,false,,2026-08-06,2010-05-18,,,,no_extracellular_span,"no topological domain with an accepted description, and no GPI anchor",,,,,v2-ruled-vocabulary-2026-08-07@a32d132-mslnfix
Q9HBV2,surface,active,SACA1_HUMAN,false,,2026-08-06,2001-03-01,192,192,vocabulary,,,,,,,v2-ruled-vocabulary-2026-08-07@a32d132-mslnfix
Q8TDM5,surface,active,SACA4_HUMAN,false,,2026-08-06,2002-06-01,,77,gpi_rule_A,,,,,,,v2-ruled-vocabulary-2026-08-07@a32d132-mslnfix
P43007,surface,active,SATT_HUMAN,false,,2026-08-06,1995-11-01,77,77,vocabulary,,,,,,,v2-ruled-vocabulary-2026-08-07@a32d132-mslnfix
P13866,surface,active,SC5A1_HUMAN,false,,2026-08-06,1990-01-01,54,54,vocabulary,,,,,,,v2-ruled-vocabulary-2026-08-07@a32d132-mslnfix
P31639,surface,active,SC5A2_HUMAN,false,,2026-08-06,1993-07-01,58,58,vocabulary,,,,,,,v2-ruled-vocabulary-2026-08-07@a32d132-mslnfix
P53794,surface,active,SC5A3_HUMAN,false,,2026-08-06,2024-01-24,98,98,vocabulary,,,,,,,v2-ruled-vocabulary-2026-08-07@a32d132-mslnfix
Q9NY91,surface,active,SC5A4_HUMAN,false,,2026-08-06,2000-10-01,89,89,vocabulary,,,,,,,v2-ruled-vocabulary-2026-08-07@a32d132-mslnfix
Q92911,surface,active,SC5A5_HUMAN,false,,2026-08-06,1997-02-01,60,60,vocabulary,,,,,,,v2-ruled-vocabulary-2026-08-07@a32d132-mslnfix
Q9Y289,surface,active,SC5A6_HUMAN,false,,2026-08-06,2009-05-05,,,,no_extracellular_span,"no topological domain with an accepted description, and no GPI anchor",,,,,v2-ruled-vocabulary-2026-08-07@a32d132-mslnfix
Q9GZV3,surface,active,SC5A7_HUMAN,false,,2026-08-06,2001-03-01,25,25,vocabulary,,,,,,,v2-ruled-vocabulary-2026-08-07@a32d132-mslnfix
Q8N695,surface,active,SC5A8_HUMAN,false,,2026-08-06,2010-05-18,58,58,vocabulary,,,,,,,v2-ruled-vocabulary-2026-08-07@a32d132-mslnfix
Q2M3M2,surface,active,SC5A9_HUMAN,false,,2026-08-06,2008-05-20,45,45,vocabulary,,,,,,,v2-ruled-vocabulary-2026-08-07@a32d132-mslnfix
A0PJK1,surface,active,SC5AA_HUMAN,false,,2026-08-06,2007-11-13,43,43,vocabulary,,,,,,,v2-ruled-vocabulary-2026-08-07@a32d132-mslnfix
Q8WWX8,surface,active,SC5AB_HUMAN,false,,2026-08-06,2002-03-01,46,46,vocabulary,,,,,,,v2-ruled-vocabulary-2026-08-07@a32d132-mslnfix
Q1EHB4,surface,active,SC5AC_HUMAN,false,,2026-08-06,2008-05-20,46,46,vocabulary,,,,,,,v2-ruled-vocabulary-2026-08-07@a32d132-mslnfix
P30531,surface,active,SC6A1_HUMAN,false,,2026-08-06,2009-05-05,67,67,vocabulary,,,,,,,v2-ruled-vocabulary-2026-08-07@a32d132-mslnfix
P23975,surface,active,SC6A2_HUMAN,false,,2026-08-06,1992-03-01,67,67,vocabulary,,,,,,,v2-ruled-vocabulary-2026-08-07@a32d132-mslnfix
Q01959,surface,active,SC6A3_HUMAN,false,,2026-08-06,1993-04-01,65,65,vocabulary,,,,,,,v2-ruled-vocabulary-2026-08-07@a32d132-mslnfix
P31645,surface,active,SC6A4_HUMAN,false,,2026-08-06,1993-07-01,66,66,vocabulary,,,,,,,v2-ruled-vocabulary-2026-08-07@a32d132-mslnfix
Q9Y345,surface,active,SC6A5_HUMAN,false,,2026-08-06,2010-05-18,102,102,vocabulary,,,,,,,v2-ruled-vocabulary-2026-08-07@a32d132-mslnfix
P31641,surface,active,SC6A6_HUMAN,false,,2026-08-06,1996-02-01,65,65,vocabulary,,,,,,,v2-ruled-vocabulary-2026-08-07@a32d132-mslnfix
Q99884,surface,active,SC6A7_HUMAN,false,,2026-08-06,2010-05-18,77,77,vocabulary,,,,,,,v2-ruled-vocabulary-2026-08-07@a32d132-mslnfix
P48029,surface,active,SC6A8_HUMAN,false,,2026-08-06,1996-02-01,71,71,vocabulary,,,,,,,v2-ruled-vocabulary-2026-08-07@a32d132-mslnfix
P48067,surface,active,SC6A9_HUMAN,false,,2026-08-06,2010-08-10,77,77,vocabulary,,,,,,,v2-ruled-vocabulary-2026-08-07@a32d132-mslnfix
Q12770,surface,active,SCAP_HUMAN,false,,2026-08-06,2006-10-17,,240,vocabulary,,,,,,,v2-ruled-vocabulary-2026-08-07@a32d132-mslnfix
Q6ZMJ2,surface,active,SCAR5_HUMAN,false,,2026-08-06,2004-07-05,414,414,vocabulary,,,,,,,v2-ruled-vocabulary-2026-08-07@a32d132-mslnfix
P21583,surface,active,SCF_HUMAN,false,,2026-08-06,1991-05-01,189,189,vocabulary,,,,,,,v2-ruled-vocabulary-2026-08-07@a32d132-mslnfix
P35498,surface,active,SCN1A_HUMAN,false,,2026-08-06,2000-12-08,100,100,vocabulary,,,,,,,v2-ruled-vocabulary-2026-08-07@a32d132-mslnfix
Q07699,surface,active,SCN1B_HUMAN,false,,2026-08-06,1996-10-01,139,139,vocabulary,,,,,,,v2-ruled-vocabulary-2026-08-07@a32d132-mslnfix
Q99250,surface,active,SCN2A_HUMAN,false,,2026-08-06,2002-11-08,99,99,vocabulary,,,,,,,v2-ruled-vocabulary-2026-08-07@a32d132-mslnfix
O60939,surface,active,SCN2B_HUMAN,false,,2026-08-06,1998-08-01,128,128,vocabulary,,,,,,,v2-ruled-vocabulary-2026-08-07@a32d132-mslnfix
Q9NY46,surface,active,SCN3A_HUMAN,false,,2026-08-06,2002-11-08,100,100,vocabulary,,,,,,,v2-ruled-vocabulary-2026-08-07@a32d132-mslnfix
Q9NY72,surface,active,SCN3B_HUMAN,false,,2026-08-06,2000-10-01,134,134,vocabulary,,,,,,,v2-ruled-vocabulary-2026-08-07@a32d132-mslnfix
P35499,surface,active,SCN4A_HUMAN,false,,2026-08-06,2010-03-23,119,119,vocabulary,,,,,,,v2-ruled-vocabulary-2026-08-07@a32d132-mslnfix
Q8IWT1,surface,active,SCN4B_HUMAN,false,,2026-08-06,2003-03-01,132,132,vocabulary,,,,,,,v2-ruled-vocabulary-2026-08-07@a32d132-mslnfix
Q14524,surface,active,SCN5A_HUMAN,false,,2026-08-06,2008-11-25,85,85,vocabulary,,,,,,,v2-ruled-vocabulary-2026-08-07@a32d132-mslnfix
Q01118,surface,active,SCN7A_HUMAN,false,,2026-08-06,2010-05-18,79,79,vocabulary,,,,,,,v2-ruled-vocabulary-2026-08-07@a32d132-mslnfix
Q9UQD0,surface,active,SCN8A_HUMAN,false,,2026-08-06,2000-05-01,82,82,vocabulary,,,,,,,v2-ruled-vocabulary-2026-08-07@a32d132-mslnfix
Q15858,surface,active,SCN9A_HUMAN,false,,2026-08-06,2011-04-05,79,79,vocabulary,,,,,,,v2-ruled-vocabulary-2026-08-07@a32d132-mslnfix
Q9Y5Y9,surface,active,SCNAA_HUMAN,false,,2026-08-06,2008-09-02,69,69,vocabulary,,,,,,,v2-ruled-vocabulary-2026-08-07@a32d132-mslnfix
Q9UI33,surface,active,SCNBA_HUMAN,false,,2026-08-06,2007-01-23,75,75,vocabulary,,,,,,,v2-ruled-vocabulary-2026-08-07@a32d132-mslnfix
P37088,surface,active,SCNNA_HUMAN,false,,2026-08-06,1994-10-01,456,456,vocabulary,,,,,,,v2-ruled-vocabulary-2026-08-07@a32d132-mslnfix
P51168,surface,active,SCNNB_HUMAN,false,,2026-08-06,2000-12-01,461,461,vocabulary,,,,,,,v2-ruled-vocabulary-2026-08-07@a32d132-mslnfix
P51172,surface,active,SCNND_HUMAN,false,,2026-08-06,2019-01-16,423,423,vocabulary,,,,,,,v2-ruled-vocabulary-2026-08-07@a32d132-mslnfix
P51170,surface,active,SCNNG_HUMAN,false,,2026-08-06,2006-05-30,465,465,vocabulary,,,,,,,v2-ruled-vocabulary-2026-08-07@a32d132-mslnfix
Q8WTV0,surface,active,SCRB1_HUMAN,false,,2026-08-06,2002-03-01,411,411,vocabulary,,,,,,,v2-ruled-vocabulary-2026-08-07@a32d132-mslnfix
Q14108,surface,active,SCRB2_HUMAN,false,,2026-08-06,2007-01-23,,406,vocabulary,,,,,,,v2-ruled-vocabulary-2026-08-07@a32d132-mslnfix
Q8WVN6,surface,active,SCTM1_HUMAN,false,,2026-08-06,2002-11-08,117,117,vocabulary,,,,,,,v2-ruled-vocabulary-2026-08-07@a32d132-mslnfix
P47872,surface,active,SCTR_HUMAN,false,,2026-08-06,1997-11-01,119,119,vocabulary,,,,,,,v2-ruled-vocabulary-2026-08-07@a32d132-mslnfix
P18827,surface,active,SDC1_HUMAN,false,,2026-08-06,2009-05-05,232,232,vocabulary,,,,,,,v2-ruled-vocabulary-2026-08-07@a32d132-mslnfix
P34741,surface,active,SDC2_HUMAN,false,,2026-08-06,2007-08-21,126,126,vocabulary,,,,,,,v2-ruled-vocabulary-2026-08-07@a32d132-mslnfix
Q7Z5N4,surface,active,SDK1_HUMAN,false,,2026-08-06,2010-05-18,,,,span_boundary_unknown,an accepted topological domain matched and a coordinate is UNKNOWN; no coordinate is invented,Extracellular: start=None/UNKNOWN end=2009/EXACT,,,,v2-ruled-vocabulary-2026-08-07@a32d132-mslnfix
Q58EX2,surface,active,SDK2_HUMAN,false,,2026-08-06,2010-05-18,1912,1912,vocabulary,,,,,,,v2-ruled-vocabulary-2026-08-07@a32d132-mslnfix
Q6UXD5,surface,active,SE6L2_HUMAN,false,,2026-08-06,2011-05-31,817,817,vocabulary,,,,,,,v2-ruled-vocabulary-2026-08-07@a32d132-mslnfix
Q14242,surface,active,SELPL_HUMAN,false,,2026-08-06,1996-11-01,303,303,vocabulary,,,,,,,v2-ruled-vocabulary-2026-08-07@a32d132-mslnfix
Q9H3S1,surface,active,SEM4A_HUMAN,false,,2026-08-06,2003-04-11,651,651,vocabulary,,,,,,,v2-ruled-vocabulary-2026-08-07@a32d132-mslnfix
Q9NPR2,surface,active,SEM4B_HUMAN,false,,2026-08-06,2019-06-05,674,674,vocabulary,,,,,,,v2-ruled-vocabulary-2026-08-07@a32d132-mslnfix
Q9C0C4,surface,active,SEM4C_HUMAN,false,,2026-08-06,2004-05-24,643,643,vocabulary,,,,,,,v2-ruled-vocabulary-2026-08-07@a32d132-mslnfix
Q92854,surface,active,SEM4D_HUMAN,false,,2026-08-06,1997-02-01,713,713,vocabulary,,,,,,,v2-ruled-vocabulary-2026-08-07@a32d132-mslnfix
O95754,surface,active,SEM4F_HUMAN,false,,2026-08-06,2000-05-30,625,625,vocabulary,,,,,,,v2-ruled-vocabulary-2026-08-07@a32d132-mslnfix
Q9NTN9,surface,active,SEM4G_HUMAN,false,,2026-08-06,2000-10-01,658,658,vocabulary,,,,,,,v2-ruled-vocabulary-2026-08-07@a32d132-mslnfix
Q13591,surface,active,SEM5A_HUMAN,false,,2026-08-06,2006-05-30,946,946,vocabulary,,,,,,,v2-ruled-vocabulary-2026-08-07@a32d132-mslnfix
Q9P283,surface,active,SEM5B_HUMAN,false,,2026-08-06,2008-11-04,1036,1036,vocabulary,,,,,,,v2-ruled-vocabulary-2026-08-07@a32d132-mslnfix
Q9H2E6,surface,active,SEM6A_HUMAN,false,,2026-08-06,2022-02-23,631,631,vocabulary,,,,,,,v2-ruled-vocabulary-2026-08-07@a32d132-mslnfix
Q9H3T3,surface,active,SEM6B_HUMAN,false,,2026-08-06,2006-10-17,578,578,vocabulary,,,,,,,v2-ruled-vocabulary-2026-08-07@a32d132-mslnfix
Q9H3T2,surface,active,SEM6C_HUMAN,false,,2026-08-06,2010-11-30,580,580,vocabulary,,,,,,,v2-ruled-vocabulary-2026-08-07@a32d132-mslnfix
Q8NFY4,surface,active,SEM6D_HUMAN,false,,2026-08-06,2002-10-01,642,642,vocabulary,,,,,,,v2-ruled-vocabulary-2026-08-07@a32d132-mslnfix
O75326,surface,active,SEM7A_HUMAN,false,,2026-08-06,1998-11-01,,603,gpi_rule_A,,,,,,,v2-ruled-vocabulary-2026-08-07@a32d132-mslnfix
Q12884,surface,active,SEPR_HUMAN,false,,2026-08-06,2010-03-23,735,735,vocabulary,,,,,,,v2-ruled-vocabulary-2026-08-07@a32d132-mslnfix
Q9NRX5,surface,active,SERC1_HUMAN,false,,2026-08-06,2000-10-01,,29,vocabulary,,,,,,,v2-ruled-vocabulary-2026-08-07@a32d132-mslnfix
Q96SA4,surface,active,SERC2_HUMAN,false,,2026-08-06,2012-03-21,,,,no_extracellular_span,"no topological domain with an accepted description, and no GPI anchor",,,,,v2-ruled-vocabulary-2026-08-07@a32d132-mslnfix
Q13530,surface,active,SERC3_HUMAN,false,,2026-08-06,2002-11-25,96,96,vocabulary,,,,,,,v2-ruled-vocabulary-2026-08-07@a32d132-mslnfix
A6NH21,surface,active,SERC4_HUMAN,false,,2026-08-06,2007-07-24,,,,no_extracellular_span,"no topological domain with an accepted description, and no GPI anchor",,,,,v2-ruled-vocabulary-2026-08-07@a32d132-mslnfix
Q86VE9,surface,active,SERC5_HUMAN,false,,2026-08-06,2003-06-01,53,53,vocabulary,,,,,,,v2-ruled-vocabulary-2026-08-07@a32d132-mslnfix
Q53EL9,surface,active,SEZ6_HUMAN,false,,2026-08-06,2008-06-10,906,906,vocabulary,,,,,,,v2-ruled-vocabulary-2026-08-07@a32d132-mslnfix
Q16586,surface,active,SGCA_HUMAN,false,,2026-08-06,1996-11-01,267,267,vocabulary,,,,,,,v2-ruled-vocabulary-2026-08-07@a32d132-mslnfix
Q16585,surface,active,SGCB_HUMAN,false,,2026-08-06,1996-11-01,232,232,vocabulary,,,,,,,v2-ruled-vocabulary-2026-08-07@a32d132-mslnfix
Q92629,surface,active,SGCD_HUMAN,false,,2026-08-06,2008-11-04,233,233,vocabulary,,,,,,,v2-ruled-vocabulary-2026-08-07@a32d132-mslnfix
O43556,surface,active,SGCE_HUMAN,false,,2026-08-06,2009-07-07,317,317,vocabulary,,,,,,,v2-ruled-vocabulary-2026-08-07@a32d132-mslnfix
Q96LD1,surface,active,SGCZ_HUMAN,false,,2026-08-06,2001-12-01,241,241,vocabulary,,,,,,,v2-ruled-vocabulary-2026-08-07@a32d132-mslnfix
P78324,surface,active,SHPS1_HUMAN,false,,2026-08-06,2011-04-05,343,343,vocabulary,,,,,,,v2-ruled-vocabulary-2026-08-07@a32d132-mslnfix
Q96DD7,surface,active,SHSA4_HUMAN,false,,2026-08-06,2010-11-30,60,60,vocabulary,,,,,,,v2-ruled-vocabulary-2026-08-07@a32d132-mslnfix
Q6ZSJ9,surface,active,SHSA6_HUMAN,false,,2026-08-06,2008-03-18,149,149,vocabulary,,,,,,,v2-ruled-vocabulary-2026-08-07@a32d132-mslnfix
A6NL88,surface,active,SHSA7_HUMAN,false,,2026-08-06,2009-03-24,167,167,vocabulary,,,,,,,v2-ruled-vocabulary-2026-08-07@a32d132-mslnfix
B8ZZ34,surface,active,SHSA8_HUMAN,false,,2026-08-06,2018-03-28,100,100,vocabulary,,,,,,,v2-ruled-vocabulary-2026-08-07@a32d132-mslnfix
B4DS77,surface,active,SHSA9_HUMAN,false,,2026-08-06,2010-05-18,126,126,vocabulary,,,,,,,v2-ruled-vocabulary-2026-08-07@a32d132-mslnfix
Q9NXL6,surface,active,SIDT1_HUMAN,false,,2026-08-06,2010-05-18,290,290,vocabulary,,,,,,,v2-ruled-vocabulary-2026-08-07@a32d132-mslnfix
Q8NBJ9,surface,active,SIDT2_HUMAN,false,,2026-08-06,2005-04-26,278,278,vocabulary,,,,,,,v2-ruled-vocabulary-2026-08-07@a32d132-mslnfix
Q96LC7,surface,active,SIG10_HUMAN,false,,2026-08-06,2006-11-28,534,534,vocabulary,,,,,,,v2-ruled-vocabulary-2026-08-07@a32d132-mslnfix
Q96RL6,surface,active,SIG11_HUMAN,false,,2026-08-06,2010-04-20,534,534,vocabulary,,,,,,,v2-ruled-vocabulary-2026-08-07@a32d132-mslnfix
Q96PQ1,surface,active,SIG12_HUMAN,false,,2026-08-06,2001-12-01,463,463,vocabulary,,,,,,,v2-ruled-vocabulary-2026-08-07@a32d132-mslnfix
Q08ET2,surface,active,SIG14_HUMAN,false,,2026-08-06,2006-10-31,342,342,vocabulary,,,,,,,v2-ruled-vocabulary-2026-08-07@a32d132-mslnfix
Q6ZMC9,surface,active,SIG15_HUMAN,false,,2026-08-06,2004-07-05,244,244,vocabulary,,,,,,,v2-ruled-vocabulary-2026-08-07@a32d132-mslnfix
A6NMB1,surface,active,SIG16_HUMAN,false,,2026-08-06,2008-04-29,418,418,vocabulary,,,,,,,v2-ruled-vocabulary-2026-08-07@a32d132-mslnfix
Q6IA17,surface,active,SIGIR_HUMAN,false,,2026-08-06,2010-11-02,118,118,vocabulary,,,,,,,v2-ruled-vocabulary-2026-08-07@a32d132-mslnfix
Q8N7X8,surface,active,SIGL1_HUMAN,false,,2026-08-06,2002-10-01,,,,no_extracellular_span,"no topological domain with an accepted description, and no GPI anchor",,,,,v2-ruled-vocabulary-2026-08-07@a32d132-mslnfix
O15389,surface,active,SIGL5_HUMAN,false,,2026-08-06,1998-01-01,425,425,vocabulary,,,,,,,v2-ruled-vocabulary-2026-08-07@a32d132-mslnfix
O43699,surface,active,SIGL6_HUMAN,false,,2026-08-06,2008-11-25,321,321,vocabulary,,,,,,,v2-ruled-vocabulary-2026-08-07@a32d132-mslnfix
Q9Y286,surface,active,SIGL7_HUMAN,false,,2026-08-06,1999-11-01,335,335,vocabulary,,,,,,,v2-ruled-vocabulary-2026-08-07@a32d132-mslnfix
Q9NYZ4,surface,active,SIGL8_HUMAN,false,,2026-08-06,2002-11-08,347,347,vocabulary,,,,,,,v2-ruled-vocabulary-2026-08-07@a32d132-mslnfix
Q9Y336,surface,active,SIGL9_HUMAN,false,,2026-08-06,2000-05-01,331,331,vocabulary,,,,,,,v2-ruled-vocabulary-2026-08-07@a32d132-mslnfix
O00241,surface,active,SIRB1_HUMAN,false,,2026-08-06,2010-11-02,342,342,vocabulary,,,,,,,v2-ruled-vocabulary-2026-08-07@a32d132-mslnfix
Q5JXA9,surface,active,SIRB2_HUMAN,false,,2026-08-06,2005-02-15,255,255,vocabulary,,,,,,,v2-ruled-vocabulary-2026-08-07@a32d132-mslnfix
Q5TFQ8,surface,active,SIRBL_HUMAN,false,,2026-08-06,2008-02-05,342,342,vocabulary,,,,,,,v2-ruled-vocabulary-2026-08-07@a32d132-mslnfix
Q9P1W8,surface,active,SIRPG_HUMAN,false,,2026-08-06,2007-01-23,332,332,vocabulary,,,,,,,v2-ruled-vocabulary-2026-08-07@a32d132-mslnfix
Q9Y3P8,surface,active,SIT1_HUMAN,false,,2026-08-06,1999-11-01,16,16,vocabulary,,,,,,,v2-ruled-vocabulary-2026-08-07@a32d132-mslnfix
P19634,surface,active,SL9A1_HUMAN,false,,2026-08-06,1991-11-01,98,98,vocabulary,,,,,,,v2-ruled-vocabulary-2026-08-07@a32d132-mslnfix
Q9UBY0,surface,active,SL9A2_HUMAN,false,,2026-08-06,2000-05-01,,,,no_extracellular_span,"no topological domain with an accepted description, and no GPI anchor",,,,,v2-ruled-vocabulary-2026-08-07@a32d132-mslnfix
P48764,surface,active,SL9A3_HUMAN,false,,2026-08-06,2009-11-24,26,26,vocabulary,,,,,,,v2-ruled-vocabulary-2026-08-07@a32d132-mslnfix
Q92581,surface,active,SL9A6_HUMAN,false,,2026-08-06,2023-02-22,,,,no_extracellular_span,"no topological domain with an accepted description, and no GPI anchor",,,,,v2-ruled-vocabulary-2026-08-07@a32d132-mslnfix
Q96T83,surface,active,SL9A7_HUMAN,false,,2026-08-06,2001-12-01,,59,vocabulary,,,,,,,v2-ruled-vocabulary-2026-08-07@a32d132-mslnfix
Q13291,surface,active,SLAF1_HUMAN,false,,2026-08-06,1996-11-01,217,217,vocabulary,,,,,,,v2-ruled-vocabulary-2026-08-07@a32d132-mslnfix
Q9UIB8,surface,active,SLAF5_HUMAN,false,,2026-08-06,2000-05-01,204,204,vocabulary,,,,,,,v2-ruled-vocabulary-2026-08-07@a32d132-mslnfix
Q96DU3,surface,active,SLAF6_HUMAN,false,,2026-08-06,2008-07-22,205,205,vocabulary,,,,,,,v2-ruled-vocabulary-2026-08-07@a32d132-mslnfix
Q9NQ25,surface,active,SLAF7_HUMAN,false,,2026-08-06,2000-10-01,204,204,vocabulary,,,,,,,v2-ruled-vocabulary-2026-08-07@a32d132-mslnfix
Q9P0V8,surface,active,SLAF8_HUMAN,false,,2026-08-06,2000-10-01,211,211,vocabulary,,,,,,,v2-ruled-vocabulary-2026-08-07@a32d132-mslnfix
Q96A28,surface,active,SLAF9_HUMAN,false,,2026-08-06,2010-11-02,218,218,vocabulary,,,,,,,v2-ruled-vocabulary-2026-08-07@a32d132-mslnfix
Q07837,surface,active,SLC31_HUMAN,false,,2026-08-06,2005-05-10,577,577,vocabulary,,,,,,,v2-ruled-vocabulary-2026-08-07@a32d132-mslnfix
Q96PX8,surface,active,SLIK1_HUMAN,false,,2026-08-06,2004-03-29,605,605,vocabulary,,,,,,,v2-ruled-vocabulary-2026-08-07@a32d132-mslnfix
Q9H156,surface,active,SLIK2_HUMAN,false,,2026-08-06,2001-03-01,600,600,vocabulary,,,,,,,v2-ruled-vocabulary-2026-08-07@a32d132-mslnfix
O94933,surface,active,SLIK3_HUMAN,false,,2026-08-06,2008-11-25,626,626,vocabulary,,,,,,,v2-ruled-vocabulary-2026-08-07@a32d132-mslnfix
Q8IW52,surface,active,SLIK4_HUMAN,false,,2026-08-06,2003-03-01,600,600,vocabulary,,,,,,,v2-ruled-vocabulary-2026-08-07@a32d132-mslnfix
O94991,surface,active,SLIK5_HUMAN,false,,2026-08-06,2004-04-13,624,624,vocabulary,,,,,,,v2-ruled-vocabulary-2026-08-07@a32d132-mslnfix
Q9H5Y7,surface,active,SLIK6_HUMAN,false,,2026-08-06,2005-02-15,582,582,vocabulary,,,,,,,v2-ruled-vocabulary-2026-08-07@a32d132-mslnfix
Q99835,surface,active,SMO_HUMAN,false,,2026-08-06,1997-05-01,202,202,vocabulary,,,,,,,v2-ruled-vocabulary-2026-08-07@a32d132-mslnfix
Q9BZZ2,surface,active,SN_HUMAN,false,,2026-08-06,2001-10-18,1622,1622,vocabulary,,,,,,,v2-ruled-vocabulary-2026-08-07@a32d132-mslnfix
P46721,surface,active,SO1A2_HUMAN,false,,2026-08-06,1995-11-01,108,108,vocabulary,,,,,,,v2-ruled-vocabulary-2026-08-07@a32d132-mslnfix
Q9Y6L6,surface,active,SO1B1_HUMAN,false,,2026-08-06,2000-12-01,112,112,vocabulary,,,,,,,v2-ruled-vocabulary-2026-08-07@a32d132-mslnfix
Q9NPD5,surface,active,SO1B3_HUMAN,false,,2026-08-06,2000-10-01,112,112,vocabulary,,,,,,,v2-ruled-vocabulary-2026-08-07@a32d132-mslnfix
G3V0H7,surface,active,SO1B7_HUMAN,false,,2026-08-06,2011-11-16,109,109,vocabulary,,,,,,,v2-ruled-vocabulary-2026-08-07@a32d132-mslnfix
Q9NYB5,surface,active,SO1C1_HUMAN,false,,2026-08-06,2000-10-01,112,112,vocabulary,,,,,,,v2-ruled-vocabulary-2026-08-07@a32d132-mslnfix
Q92959,surface,active,SO2A1_HUMAN,false,,2026-08-06,2008-12-16,103,103,vocabulary,,,,,,,v2-ruled-vocabulary-2026-08-07@a32d132-mslnfix
O94956,surface,active,SO2B1_HUMAN,false,,2026-08-06,2024-01-24,104,104,vocabulary,,,,,,,v2-ruled-vocabulary-2026-08-07@a32d132-mslnfix
Q9UIG8,surface,active,SO3A1_HUMAN,false,,2026-08-06,2010-05-18,101,101,vocabulary,,,,,,,v2-ruled-vocabulary-2026-08-07@a32d132-mslnfix
Q96BD0,surface,active,SO4A1_HUMAN,false,,2026-08-06,2003-01-10,109,109,vocabulary,,,,,,,v2-ruled-vocabulary-2026-08-07@a32d132-mslnfix
Q6ZQN7,surface,active,SO4C1_HUMAN,false,,2026-08-06,2004-07-05,109,109,vocabulary,,,,,,,v2-ruled-vocabulary-2026-08-07@a32d132-mslnfix
Q9H2Y9,surface,active,SO5A1_HUMAN,false,,2026-08-06,2010-05-18,130,130,vocabulary,,,,,,,v2-ruled-vocabulary-2026-08-07@a32d132-mslnfix
Q86UG4,surface,active,SO6A1_HUMAN,false,,2026-08-06,2007-10-23,109,109,vocabulary,,,,,,,v2-ruled-vocabulary-2026-08-07@a32d132-mslnfix
Q3KNW5,surface,active,SOAT_HUMAN,false,,2026-08-06,2007-11-13,29,29,vocabulary,,,,,,,v2-ruled-vocabulary-2026-08-07@a32d132-mslnfix
Q8WY21,surface,active,SORC1_HUMAN,false,,2026-08-06,2005-05-24,,1066,vocabulary,,,,,,,v2-ruled-vocabulary-2026-08-07@a32d132-mslnfix
Q96PQ0,surface,active,SORC2_HUMAN,false,,2026-08-06,2010-05-18,1028,1028,vocabulary,,,,,,,v2-ruled-vocabulary-2026-08-07@a32d132-mslnfix
Q9UPU3,surface,active,SORC3_HUMAN,false,,2026-08-06,2002-03-01,,991,vocabulary,,,,,,,v2-ruled-vocabulary-2026-08-07@a32d132-mslnfix
Q92673,surface,active,SORL_HUMAN,false,,2026-08-06,2010-05-18,,2056,vocabulary,,,,,,,v2-ruled-vocabulary-2026-08-07@a32d132-mslnfix
Q99523,surface,active,SORT_HUMAN,false,,2026-08-06,2005-12-20,678,678,vocabulary,,,,,,,v2-ruled-vocabulary-2026-08-07@a32d132-mslnfix
O43291,surface,active,SPIT2_HUMAN,false,,2026-08-06,2001-02-21,170,170,vocabulary,,,,,,,v2-ruled-vocabulary-2026-08-07@a32d132-mslnfix
Q8IVW8,surface,active,SPNS2_HUMAN,false,,2026-08-06,2005-08-30,,,,no_extracellular_span,"no topological domain with an accepted description, and no GPI anchor",,,,,v2-ruled-vocabulary-2026-08-07@a32d132-mslnfix
Q6ZMD2,surface,active,SPNS3_HUMAN,false,,2026-08-06,2010-05-18,,,,no_extracellular_span,"no topological domain with an accepted description, and no GPI anchor",,,,,v2-ruled-vocabulary-2026-08-07@a32d132-mslnfix
Q8TCT8,surface,active,SPP2A_HUMAN,false,,2026-08-06,2002-11-08,,147,vocabulary,,,,,,,v2-ruled-vocabulary-2026-08-07@a32d132-mslnfix
Q8TCT7,surface,active,SPP2B_HUMAN,false,,2026-08-06,2006-05-16,,149,vocabulary,,,,,,,v2-ruled-vocabulary-2026-08-07@a32d132-mslnfix
Q8IUH8,surface,active,SPP2C_HUMAN,false,,2026-08-06,2009-11-24,,165,vocabulary,,,,,,,v2-ruled-vocabulary-2026-08-07@a32d132-mslnfix
Q5BIV9,surface,active,SPRN_HUMAN,false,,2026-08-06,2005-04-12,,101,gpi_rule_A,,,,,,,v2-ruled-vocabulary-2026-08-07@a32d132-mslnfix
Q8TED4,surface,active,SPX2_HUMAN,false,,2026-08-06,2007-10-23,,,,no_extracellular_span,"no topological domain with an accepted description, and no GPI anchor",,,,,v2-ruled-vocabulary-2026-08-07@a32d132-mslnfix
Q8NCC5,surface,active,SPX3_HUMAN,false,,2026-08-06,2007-11-13,,,,no_extracellular_span,"no topological domain with an accepted description, and no GPI anchor",,,,,v2-ruled-vocabulary-2026-08-07@a32d132-mslnfix
Q4G0T1,surface,active,SRCRM_HUMAN,false,,2026-08-06,2010-10-05,887,887,vocabulary,,,,,,,v2-ruled-vocabulary-2026-08-07@a32d132-mslnfix
Q96GP6,surface,active,SREC2_HUMAN,false,,2026-08-06,2019-01-16,398,398,vocabulary,,,,,,,v2-ruled-vocabulary-2026-08-07@a32d132-mslnfix
Q14162,surface,active,SREC_HUMAN,false,,2026-08-06,2010-11-02,402,402,vocabulary,,,,,,,v2-ruled-vocabulary-2026-08-07@a32d132-mslnfix
Q14714,surface,active,SSPN_HUMAN,false,,2026-08-06,2000-10-01,50,50,vocabulary,,,,,,,v2-ruled-vocabulary-2026-08-07@a32d132-mslnfix
P30872,surface,active,SSR1_HUMAN,false,,2026-08-06,1993-07-01,56,56,vocabulary,,,,,,,v2-ruled-vocabulary-2026-08-07@a32d132-mslnfix
P30874,surface,active,SSR2_HUMAN,false,,2026-08-06,1993-07-01,43,43,vocabulary,,,,,,,v2-ruled-vocabulary-2026-08-07@a32d132-mslnfix
P32745,surface,active,SSR3_HUMAN,false,,2026-08-06,1993-10-01,43,43,vocabulary,,,,,,,v2-ruled-vocabulary-2026-08-07@a32d132-mslnfix
P31391,surface,active,SSR4_HUMAN,false,,2026-08-06,2008-09-23,46,46,vocabulary,,,,,,,v2-ruled-vocabulary-2026-08-07@a32d132-mslnfix
P35346,surface,active,SSR5_HUMAN,false,,2026-08-06,2000-12-01,38,38,vocabulary,,,,,,,v2-ruled-vocabulary-2026-08-07@a32d132-mslnfix
P43307,surface,active,SSRA_HUMAN,false,,2026-08-06,2002-08-13,,189,vocabulary,,,,,,,v2-ruled-vocabulary-2026-08-07@a32d132-mslnfix
Q9NY15,surface,active,STAB1_HUMAN,false,,2026-08-06,2010-05-18,2453,2453,vocabulary,,,,,,,v2-ruled-vocabulary-2026-08-07@a32d132-mslnfix
Q8WWQ8,surface,active,STAB2_HUMAN,false,,2026-08-06,2007-04-17,2439,2439,vocabulary,,,,,,,v2-ruled-vocabulary-2026-08-07@a32d132-mslnfix
Q687X5,surface,active,STEA4_HUMAN,false,,2026-08-06,2004-10-11,,,,no_extracellular_span,"no topological domain with an accepted description, and no GPI anchor",,,,,v2-ruled-vocabulary-2026-08-07@a32d132-mslnfix
Q13586,surface,active,STIM1_HUMAN,false,,2026-08-06,2008-10-14,191,191,vocabulary,,,,,,,v2-ruled-vocabulary-2026-08-07@a32d132-mslnfix
P08842,surface,active,STS_HUMAN,false,,2026-08-06,1990-04-01,,349,vocabulary,,,,,,,v2-ruled-vocabulary-2026-08-07@a32d132-mslnfix
Q8TCJ2,surface,active,STT3B_HUMAN,false,,2026-08-06,2002-06-01,,274,vocabulary,,,,,,,v2-ruled-vocabulary-2026-08-07@a32d132-mslnfix
Q9UBS9,surface,active,SUCO_HUMAN,false,,2026-08-06,2000-05-01,,,,no_extracellular_span,"no topological domain with an accepted description, and no GPI anchor",,,,,v2-ruled-vocabulary-2026-08-07@a32d132-mslnfix
Q9BXA5,surface,active,SUCR1_HUMAN,false,,2026-08-06,2009-09-22,30,30,vocabulary,,,,,,,v2-ruled-vocabulary-2026-08-07@a32d132-mslnfix
Q6UWL2,surface,active,SUSD1_HUMAN,false,,2026-08-06,2004-07-05,692,692,vocabulary,,,,,,,v2-ruled-vocabulary-2026-08-07@a32d132-mslnfix
Q9UGT4,surface,active,SUSD2_HUMAN,false,,2026-08-06,2000-05-01,758,758,vocabulary,,,,,,,v2-ruled-vocabulary-2026-08-07@a32d132-mslnfix
Q96L08,surface,active,SUSD3_HUMAN,false,,2026-08-06,2001-12-01,103,103,vocabulary,,,,,,,v2-ruled-vocabulary-2026-08-07@a32d132-mslnfix
Q5VX71,surface,active,SUSD4_HUMAN,false,,2026-08-06,2004-12-07,278,278,vocabulary,,,,,,,v2-ruled-vocabulary-2026-08-07@a32d132-mslnfix
O60279,surface,active,SUSD5_HUMAN,false,,2026-08-06,2008-04-08,539,539,vocabulary,,,,,,,v2-ruled-vocabulary-2026-08-07@a32d132-mslnfix
Q7L0J3,surface,active,SV2A_HUMAN,false,,2026-08-06,2004-07-05,130,130,vocabulary,,,,,,,v2-ruled-vocabulary-2026-08-07@a32d132-mslnfix
Q7L1I2,surface,active,SV2B_HUMAN,false,,2026-08-06,2004-07-05,124,124,vocabulary,,,,,,,v2-ruled-vocabulary-2026-08-07@a32d132-mslnfix
Q496J9,surface,active,SV2C_HUMAN,false,,2026-08-06,2005-09-13,120,120,vocabulary,,,,,,,v2-ruled-vocabulary-2026-08-07@a32d132-mslnfix
Q8N434,surface,active,SVOPL_HUMAN,false,,2026-08-06,2007-07-10,,,,no_extracellular_span,"no topological domain with an accepted description, and no GPI anchor",,,,,v2-ruled-vocabulary-2026-08-07@a32d132-mslnfix
Q9UQF0,surface,active,SYCY1_HUMAN,false,,2026-08-06,2000-05-01,423,423,vocabulary,,,,,,,v2-ruled-vocabulary-2026-08-07@a32d132-mslnfix
P60508,surface,active,SYCY2_HUMAN,false,,2026-08-06,2004-03-01,463,463,vocabulary,,,,,,,v2-ruled-vocabulary-2026-08-07@a32d132-mslnfix
Q8TBG9,surface,active,SYNPR_HUMAN,false,,2026-08-06,2002-06-01,,56,vocabulary,,,,,,,v2-ruled-vocabulary-2026-08-07@a32d132-mslnfix
P08247,surface,active,SYPH_HUMAN,false,,2026-08-06,1991-08-01,,57,vocabulary,,,,,,,v2-ruled-vocabulary-2026-08-07@a32d132-mslnfix
Q16563,surface,active,SYPL1_HUMAN,false,,2026-08-06,1996-11-01,,62,vocabulary,,,,,,,v2-ruled-vocabulary-2026-08-07@a32d132-mslnfix
Q96A25,surface,active,T106A_HUMAN,false,,2026-08-06,2001-12-01,,,,no_extracellular_span,"no topological domain with an accepted description, and no GPI anchor",,,,,v2-ruled-vocabulary-2026-08-07@a32d132-mslnfix
Q9NUM4,surface,active,T106B_HUMAN,false,,2026-08-06,2006-06-27,,157,vocabulary,,,,,,,v2-ruled-vocabulary-2026-08-07@a32d132-mslnfix
A2VDJ0,surface,active,T131L_HUMAN,false,,2026-08-06,2008-04-08,829,829,vocabulary,,,,,,,v2-ruled-vocabulary-2026-08-07@a32d132-mslnfix
Q24JP5,surface,active,T132A_HUMAN,false,,2026-08-06,2006-04-18,817,817,vocabulary,,,,,,,v2-ruled-vocabulary-2026-08-07@a32d132-mslnfix
Q14DG7,surface,active,T132B_HUMAN,false,,2026-08-06,2007-04-17,903,903,vocabulary,,,,,,,v2-ruled-vocabulary-2026-08-07@a32d132-mslnfix
Q8N3T6,surface,active,T132C_HUMAN,false,,2026-08-06,2010-02-09,895,895,vocabulary,,,,,,,v2-ruled-vocabulary-2026-08-07@a32d132-mslnfix
Q14C87,surface,active,T132D_HUMAN,false,,2026-08-06,2006-08-22,885,885,vocabulary,,,,,,,v2-ruled-vocabulary-2026-08-07@a32d132-mslnfix
Q6IEE7,surface,active,T132E_HUMAN,false,,2026-08-06,2019-04-10,868,868,vocabulary,,,,,,,v2-ruled-vocabulary-2026-08-07@a32d132-mslnfix
Q86TG1,surface,active,T150A_HUMAN,false,,2026-08-06,2003-06-01,52,52,vocabulary,,,,,,,v2-ruled-vocabulary-2026-08-07@a32d132-mslnfix
A6NC51,surface,active,T150B_HUMAN,false,,2026-08-06,2007-07-24,23,23,vocabulary,,,,,,,v2-ruled-vocabulary-2026-08-07@a32d132-mslnfix
Q9NX61,surface,active,T161A_HUMAN,false,,2026-08-06,2000-10-01,70,70,vocabulary,,,,,,,v2-ruled-vocabulary-2026-08-07@a32d132-mslnfix
Q8NBL3,surface,active,T178A_HUMAN,false,,2026-08-06,2002-10-01,154,154,vocabulary,,,,,,,v2-ruled-vocabulary-2026-08-07@a32d132-mslnfix
H3BS89,surface,active,T178B_HUMAN,false,,2026-08-06,2012-04-18,,,,no_extracellular_span,"no topological domain with an accepted description, and no GPI anchor",,,,,v2-ruled-vocabulary-2026-08-07@a32d132-mslnfix
Q7Z7N9,surface,active,T179B_HUMAN,false,,2026-08-06,2003-10-01,,,,no_extracellular_span,"no topological domain with an accepted description, and no GPI anchor",,,,,v2-ruled-vocabulary-2026-08-07@a32d132-mslnfix
Q6ZMB5,surface,active,T184A_HUMAN,false,,2026-08-06,2004-07-05,,,,no_extracellular_span,"no topological domain with an accepted description, and no GPI anchor",,,,,v2-ruled-vocabulary-2026-08-07@a32d132-mslnfix
O14524,surface,active,T194A_HUMAN,false,,2026-08-06,2004-11-23,,,,no_extracellular_span,"no topological domain with an accepted description, and no GPI anchor",,,,,v2-ruled-vocabulary-2026-08-07@a32d132-mslnfix
Q5JRV8,surface,active,T255A_HUMAN,false,,2026-08-06,2005-02-15,,,,no_extracellular_span,"no topological domain with an accepted description, and no GPI anchor",,,,,v2-ruled-vocabulary-2026-08-07@a32d132-mslnfix
Q8WV15,surface,active,T255B_HUMAN,false,,2026-08-06,2002-03-01,,,,no_extracellular_span,"no topological domain with an accepted description, and no GPI anchor",,,,,v2-ruled-vocabulary-2026-08-07@a32d132-mslnfix
Q9NYW0,surface,active,T2R10_HUMAN,false,,2026-08-06,2010-11-02,37,37,vocabulary,,,,,,,v2-ruled-vocabulary-2026-08-07@a32d132-mslnfix
Q9NYV8,surface,active,T2R14_HUMAN,false,,2026-08-06,2000-10-01,34,34,vocabulary,,,,,,,v2-ruled-vocabulary-2026-08-07@a32d132-mslnfix
Q9NYV7,surface,active,T2R16_HUMAN,false,,2026-08-06,2000-10-01,36,36,vocabulary,,,,,,,v2-ruled-vocabulary-2026-08-07@a32d132-mslnfix
P59542,surface,active,T2R19_HUMAN,false,,2026-08-06,2003-04-11,33,33,vocabulary,,,,,,,v2-ruled-vocabulary-2026-08-07@a32d132-mslnfix
P59543,surface,active,T2R20_HUMAN,false,,2026-08-06,2004-11-23,32,32,vocabulary,,,,,,,v2-ruled-vocabulary-2026-08-07@a32d132-mslnfix
P59541,surface,active,T2R30_HUMAN,false,,2026-08-06,2014-04-16,31,31,vocabulary,,,,,,,v2-ruled-vocabulary-2026-08-07@a32d132-mslnfix
P59533,surface,active,T2R38_HUMAN,false,,2026-08-06,2005-06-21,27,27,vocabulary,,,,,,,v2-ruled-vocabulary-2026-08-07@a32d132-mslnfix
P59534,surface,active,T2R39_HUMAN,false,,2026-08-06,2004-11-23,30,30,vocabulary,,,,,,,v2-ruled-vocabulary-2026-08-07@a32d132-mslnfix
P59540,surface,active,T2R46_HUMAN,false,,2026-08-06,2004-11-23,31,31,vocabulary,,,,,,,v2-ruled-vocabulary-2026-08-07@a32d132-mslnfix
Q96CE8,surface,active,T4S18_HUMAN,false,,2026-08-06,2001-12-01,43,43,vocabulary,,,,,,,v2-ruled-vocabulary-2026-08-07@a32d132-mslnfix
P30408,surface,active,T4S1_HUMAN,false,,2026-08-06,1993-04-01,47,47,vocabulary,,,,,,,v2-ruled-vocabulary-2026-08-07@a32d132-mslnfix
Q53R12,surface,active,T4S20_HUMAN,false,,2026-08-06,2005-05-24,,23,vocabulary,,,,,,,v2-ruled-vocabulary-2026-08-07@a32d132-mslnfix
P48230,surface,active,T4S4_HUMAN,false,,2026-08-06,1996-02-01,44,44,vocabulary,,,,,,,v2-ruled-vocabulary-2026-08-07@a32d132-mslnfix
O14894,surface,active,T4S5_HUMAN,false,,2026-08-06,2005-06-21,46,46,vocabulary,,,,,,,v2-ruled-vocabulary-2026-08-07@a32d132-mslnfix
Q9NYW7,surface,active,TA2R1_HUMAN,false,,2026-08-06,2000-10-01,33,33,vocabulary,,,,,,,v2-ruled-vocabulary-2026-08-07@a32d132-mslnfix
Q9NYW6,surface,active,TA2R3_HUMAN,false,,2026-08-06,2006-09-05,37,37,vocabulary,,,,,,,v2-ruled-vocabulary-2026-08-07@a32d132-mslnfix
Q9NYW5,surface,active,TA2R4_HUMAN,false,,2026-08-06,2000-10-01,20,20,vocabulary,,,,,,,v2-ruled-vocabulary-2026-08-07@a32d132-mslnfix
Q9NYW3,surface,active,TA2R7_HUMAN,false,,2026-08-06,2000-10-01,38,38,vocabulary,,,,,,,v2-ruled-vocabulary-2026-08-07@a32d132-mslnfix
Q9NYW2,surface,active,TA2R8_HUMAN,false,,2026-08-06,2000-10-01,32,32,vocabulary,,,,,,,v2-ruled-vocabulary-2026-08-07@a32d132-mslnfix
Q9NYW1,surface,active,TA2R9_HUMAN,false,,2026-08-06,2000-10-01,34,34,vocabulary,,,,,,,v2-ruled-vocabulary-2026-08-07@a32d132-mslnfix
P21731,surface,active,TA2R_HUMAN,false,,2026-08-06,2009-05-05,29,29,vocabulary,,,,,,,v2-ruled-vocabulary-2026-08-07@a32d132-mslnfix
Q96RJ0,surface,active,TAAR1_HUMAN,false,,2026-08-06,2001-12-01,27,27,vocabulary,,,,,,,v2-ruled-vocabulary-2026-08-07@a32d132-mslnfix
Q9P1P5,surface,active,TAAR2_HUMAN,false,,2026-08-06,2005-11-22,48,48,vocabulary,,,,,,,v2-ruled-vocabulary-2026-08-07@a32d132-mslnfix
O14804,surface,active,TAAR5_HUMAN,false,,2026-08-06,2005-11-22,34,34,vocabulary,,,,,,,v2-ruled-vocabulary-2026-08-07@a32d132-mslnfix
Q96RI8,surface,active,TAAR6_HUMAN,false,,2026-08-06,2001-12-01,34,34,vocabulary,,,,,,,v2-ruled-vocabulary-2026-08-07@a32d132-mslnfix
Q969N4,surface,active,TAAR8_HUMAN,false,,2026-08-06,2001-12-01,31,31,vocabulary,,,,,,,v2-ruled-vocabulary-2026-08-07@a32d132-mslnfix
Q96RI9,surface,active,TAAR9_HUMAN,false,,2026-08-06,2001-12-01,33,33,vocabulary,,,,,,,v2-ruled-vocabulary-2026-08-07@a32d132-mslnfix
P09758,surface,active,TACD2_HUMAN,false,,2026-08-06,2007-11-13,248,248,vocabulary,,,,,,,v2-ruled-vocabulary-2026-08-07@a32d132-mslnfix
P40200,surface,active,TACT_HUMAN,false,,2026-08-06,2007-12-04,498,498,vocabulary,,,,,,,v2-ruled-vocabulary-2026-08-07@a32d132-mslnfix
B6A8C7,surface,active,TARM1_HUMAN,false,,2026-08-06,2023-06-28,220,220,vocabulary,,,,,,,v2-ruled-vocabulary-2026-08-07@a32d132-mslnfix
P13385,surface,active,TDGF1_HUMAN,false,,2026-08-06,1990-01-01,,119,gpi_rule_A,,,,,,,v2-ruled-vocabulary-2026-08-07@a32d132-mslnfix
Q96GX1,surface,active,TECT2_HUMAN,false,,2026-08-06,2001-12-01,643,643,vocabulary,,,,,,,v2-ruled-vocabulary-2026-08-07@a32d132-mslnfix
Q6NUS6,surface,active,TECT3_HUMAN,false,,2026-08-06,2006-04-04,559,559,vocabulary,,,,,,,v2-ruled-vocabulary-2026-08-07@a32d132-mslnfix
O75443,surface,active,TECTA_HUMAN,false,,2026-08-06,2010-11-30,,2068,gpi_rule_A,,,,,,,v2-ruled-vocabulary-2026-08-07@a32d132-mslnfix
Q96PL2,surface,active,TECTB_HUMAN,false,,2026-08-06,2001-12-01,,287,gpi_rule_A,,,,,,,v2-ruled-vocabulary-2026-08-07@a32d132-mslnfix
Q8IYR6,surface,active,TEFF1_HUMAN,false,,2026-08-06,2003-03-01,291,291,vocabulary,,,,,,,v2-ruled-vocabulary-2026-08-07@a32d132-mslnfix
Q9UIK5,surface,active,TEFF2_HUMAN,false,,2026-08-06,2000-05-01,280,280,vocabulary,,,,,,,v2-ruled-vocabulary-2026-08-07@a32d132-mslnfix
Q9UKZ4,surface,active,TEN1_HUMAN,false,,2026-08-06,2006-10-31,2380,2380,vocabulary,,,,,,,v2-ruled-vocabulary-2026-08-07@a32d132-mslnfix
Q9NT68,surface,active,TEN2_HUMAN,false,,2026-08-06,2010-03-02,2374,2374,vocabulary,,,,,,,v2-ruled-vocabulary-2026-08-07@a32d132-mslnfix
Q9P273,surface,active,TEN3_HUMAN,false,,2026-08-06,2006-10-31,2368,2368,vocabulary,,,,,,,v2-ruled-vocabulary-2026-08-07@a32d132-mslnfix
Q6N022,surface,active,TEN4_HUMAN,false,,2026-08-06,2006-10-31,2403,2403,vocabulary,,,,,,,v2-ruled-vocabulary-2026-08-07@a32d132-mslnfix
Q9Y6M0,surface,active,TEST_HUMAN,false,,2026-08-06,1999-11-01,,246,gpi_rule_A,,,,,,,v2-ruled-vocabulary-2026-08-07@a32d132-mslnfix
P10646,surface,active,TFPI1_HUMAN,false,,2026-08-06,1989-07-01,,,,no_extracellular_span,"no topological domain with an accepted description, and no GPI anchor",,,,,v2-ruled-vocabulary-2026-08-07@a32d132-mslnfix
P13726,surface,active,TF_HUMAN,false,,2026-08-06,1990-01-01,219,219,vocabulary,,,,,,,v2-ruled-vocabulary-2026-08-07@a32d132-mslnfix
Q03167,surface,active,TGBR3_HUMAN,false,,2026-08-06,2010-11-02,767,767,vocabulary,,,,,,,v2-ruled-vocabulary-2026-08-07@a32d132-mslnfix
P01135,surface,active,TGFA_HUMAN,false,,2026-08-06,1986-07-21,75,75,vocabulary,,,,,,,v2-ruled-vocabulary-2026-08-07@a32d132-mslnfix
P36897,surface,active,TGFR1_HUMAN,false,,2026-08-06,1994-06-01,93,93,vocabulary,,,,,,,v2-ruled-vocabulary-2026-08-07@a32d132-mslnfix
P37173,surface,active,TGFR2_HUMAN,false,,2026-08-06,2006-10-17,144,144,vocabulary,,,,,,,v2-ruled-vocabulary-2026-08-07@a32d132-mslnfix
O43493,surface,active,TGON2_HUMAN,false,,2026-08-06,2019-09-18,360,360,vocabulary,,,,,,,v2-ruled-vocabulary-2026-08-07@a32d132-mslnfix
Q9UPZ6,surface,active,THS7A_HUMAN,false,,2026-08-06,2010-05-18,1560,1560,vocabulary,,,,,,,v2-ruled-vocabulary-2026-08-07@a32d132-mslnfix
Q9C0I4,surface,active,THS7B_HUMAN,false,,2026-08-06,2019-11-13,1524,1524,vocabulary,,,,,,,v2-ruled-vocabulary-2026-08-07@a32d132-mslnfix
Q9NS62,surface,active,THSD1_HUMAN,false,,2026-08-06,2000-10-01,389,389,vocabulary,,,,,,,v2-ruled-vocabulary-2026-08-07@a32d132-mslnfix
P04216,surface,active,THY1_HUMAN,false,,2026-08-06,2002-05-02,,110,gpi_rule_A,,,,,,,v2-ruled-vocabulary-2026-08-07@a32d132-mslnfix
P35590,surface,active,TIE1_HUMAN,false,,2026-08-06,1994-06-01,738,738,vocabulary,,,,,,,v2-ruled-vocabulary-2026-08-07@a32d132-mslnfix
Q02763,surface,active,TIE2_HUMAN,false,,2026-08-06,2008-12-16,726,726,vocabulary,,,,,,,v2-ruled-vocabulary-2026-08-07@a32d132-mslnfix
Q495A1,surface,active,TIGIT_HUMAN,false,,2026-08-06,2005-09-13,120,120,vocabulary,,,,,,,v2-ruled-vocabulary-2026-08-07@a32d132-mslnfix
Q86V40,surface,active,TIKI1_HUMAN,false,,2026-08-06,2010-03-23,,458,gpi_rule_A,,,,,,,v2-ruled-vocabulary-2026-08-07@a32d132-mslnfix
A6NFA1,surface,active,TIKI2_HUMAN,false,,2026-08-06,2008-09-02,,466,gpi_rule_A,,,,,,,v2-ruled-vocabulary-2026-08-07@a32d132-mslnfix
Q96H15,surface,active,TIMD4_HUMAN,false,,2026-08-06,2010-05-18,290,290,vocabulary,,,,,,,v2-ruled-vocabulary-2026-08-07@a32d132-mslnfix
Q8TB96,surface,active,TIP_HUMAN,false,,2026-08-06,2002-06-01,,,,no_extracellular_span,"no topological domain with an accepted description, and no GPI anchor",,,,,v2-ruled-vocabulary-2026-08-07@a32d132-mslnfix
Q9BXR5,surface,active,TLR10_HUMAN,false,,2026-08-06,2006-10-17,557,557,vocabulary,,,,,,,v2-ruled-vocabulary-2026-08-07@a32d132-mslnfix
Q15399,surface,active,TLR1_HUMAN,false,,2026-08-06,2007-05-01,556,556,vocabulary,,,,,,,v2-ruled-vocabulary-2026-08-07@a32d132-mslnfix
O60603,surface,active,TLR2_HUMAN,false,,2026-08-06,1998-08-01,568,568,vocabulary,,,,,,,v2-ruled-vocabulary-2026-08-07@a32d132-mslnfix
O15455,surface,active,TLR3_HUMAN,false,,2026-08-06,1998-01-01,,681,vocabulary,,,,,,,v2-ruled-vocabulary-2026-08-07@a32d132-mslnfix
O00206,surface,active,TLR4_HUMAN,false,,2026-08-06,1998-01-01,608,608,vocabulary,,,,,,,v2-ruled-vocabulary-2026-08-07@a32d132-mslnfix
O60602,surface,active,TLR5_HUMAN,false,,2026-08-06,2024-01-24,619,619,vocabulary,,,,,,,v2-ruled-vocabulary-2026-08-07@a32d132-mslnfix
Q9Y2C9,surface,active,TLR6_HUMAN,false,,2026-08-06,2010-05-18,555,555,vocabulary,,,,,,,v2-ruled-vocabulary-2026-08-07@a32d132-mslnfix
Q9NYK1,surface,active,TLR7_HUMAN,false,,2026-08-06,2000-10-01,813,813,vocabulary,,,,,,,v2-ruled-vocabulary-2026-08-07@a32d132-mslnfix
Q9NR97,surface,active,TLR8_HUMAN,false,,2026-08-06,2000-10-01,801,801,vocabulary,,,,,,,v2-ruled-vocabulary-2026-08-07@a32d132-mslnfix
Q9NR96,surface,active,TLR9_HUMAN,false,,2026-08-06,2002-01-31,793,793,vocabulary,,,,,,,v2-ruled-vocabulary-2026-08-07@a32d132-mslnfix
Q8NE00,surface,active,TM104_HUMAN,false,,2026-08-06,2006-10-31,37,37,vocabulary,,,,,,,v2-ruled-vocabulary-2026-08-07@a32d132-mslnfix
Q6UXF1,surface,active,TM108_HUMAN,false,,2026-08-06,2006-06-27,,,,no_extracellular_span,"no topological domain with an accepted description, and no GPI anchor",,,,,v2-ruled-vocabulary-2026-08-07@a32d132-mslnfix
Q86TL2,surface,active,TM110_HUMAN,false,,2026-08-06,2003-06-01,,,,no_extracellular_span,"no topological domain with an accepted description, and no GPI anchor",,,,,v2-ruled-vocabulary-2026-08-07@a32d132-mslnfix
B3SHH9,surface,active,TM114_HUMAN,false,,2026-08-06,2008-10-14,,,,no_extracellular_span,"no topological domain with an accepted description, and no GPI anchor",,,,,v2-ruled-vocabulary-2026-08-07@a32d132-mslnfix
Q8NCL8,surface,active,TM116_HUMAN,false,,2026-08-06,2002-10-01,,32,vocabulary,,,,,,,v2-ruled-vocabulary-2026-08-07@a32d132-mslnfix
Q86T26,surface,active,TM11B_HUMAN,false,,2026-08-06,2011-01-11,378,378,vocabulary,,,,,,,v2-ruled-vocabulary-2026-08-07@a32d132-mslnfix
O60235,surface,active,TM11D_HUMAN,false,,2026-08-06,1998-08-01,377,377,vocabulary,,,,,,,v2-ruled-vocabulary-2026-08-07@a32d132-mslnfix
Q9UL52,surface,active,TM11E_HUMAN,false,,2026-08-06,2005-01-04,383,383,vocabulary,,,,,,,v2-ruled-vocabulary-2026-08-07@a32d132-mslnfix
Q9NV12,surface,active,TM140_HUMAN,false,,2026-08-06,2010-05-18,45,45,vocabulary,,,,,,,v2-ruled-vocabulary-2026-08-07@a32d132-mslnfix
Q8NBT3,surface,active,TM145_HUMAN,false,,2026-08-06,2010-05-18,,,,no_extracellular_span,"no topological domain with an accepted description, and no GPI anchor",,,,,v2-ruled-vocabulary-2026-08-07@a32d132-mslnfix
Q6P9G4,surface,active,TM154_HUMAN,false,,2026-08-06,2007-04-17,53,53,vocabulary,,,,,,,v2-ruled-vocabulary-2026-08-07@a32d132-mslnfix
Q8WZ71,surface,active,TM158_HUMAN,false,,2026-08-06,2012-10-03,,,,no_extracellular_span,"no topological domain with an accepted description, and no GPI anchor",,,,,v2-ruled-vocabulary-2026-08-07@a32d132-mslnfix
Q8WVE6,surface,active,TM171_HUMAN,false,,2026-08-06,2006-09-19,,,,no_extracellular_span,"no topological domain with an accepted description, and no GPI anchor",,,,,v2-ruled-vocabulary-2026-08-07@a32d132-mslnfix
Q6ZP80,surface,active,TM182_HUMAN,false,,2026-08-06,2010-11-30,88,88,vocabulary,,,,,,,v2-ruled-vocabulary-2026-08-07@a32d132-mslnfix
Q9BSN7,surface,active,TM204_HUMAN,false,,2026-08-06,2001-06-01,77,77,vocabulary,,,,,,,v2-ruled-vocabulary-2026-08-07@a32d132-mslnfix
Q6ICI0,surface,active,TM211_HUMAN,false,,2026-08-06,2008-05-20,,,,no_extracellular_span,"no topological domain with an accepted description, and no GPI anchor",,,,,v2-ruled-vocabulary-2026-08-07@a32d132-mslnfix
A2RRL7,surface,active,TM213_HUMAN,false,,2026-08-06,2010-08-10,,16,vocabulary,,,,,,,v2-ruled-vocabulary-2026-08-07@a32d132-mslnfix
Q8N7C4,surface,active,TM217_HUMAN,false,,2026-08-06,2002-10-01,,,,no_extracellular_span,"no topological domain with an accepted description, and no GPI anchor",,,,,v2-ruled-vocabulary-2026-08-07@a32d132-mslnfix
Q86XT9,surface,active,TM219_HUMAN,false,,2026-08-06,2003-06-01,166,166,vocabulary,,,,,,,v2-ruled-vocabulary-2026-08-07@a32d132-mslnfix
Q6GV28,surface,active,TM225_HUMAN,false,,2026-08-06,2023-06-28,43,43,vocabulary,,,,,,,v2-ruled-vocabulary-2026-08-07@a32d132-mslnfix
Q9H6L2,surface,active,TM231_HUMAN,false,,2026-08-06,2001-03-01,,,,no_extracellular_span,"no topological domain with an accepted description, and no GPI anchor",,,,,v2-ruled-vocabulary-2026-08-07@a32d132-mslnfix
A6NFC5,surface,active,TM235_HUMAN,false,,2026-08-06,2011-04-05,,,,no_extracellular_span,"no topological domain with an accepted description, and no GPI anchor",,,,,v2-ruled-vocabulary-2026-08-07@a32d132-mslnfix
Q9H330,surface,active,TM245_HUMAN,false,,2026-08-06,2018-03-28,,,,no_extracellular_span,"no topological domain with an accepted description, and no GPI anchor",,,,,v2-ruled-vocabulary-2026-08-07@a32d132-mslnfix
Q9NS93,surface,active,TM7S3_HUMAN,false,,2026-08-06,2000-10-01,,,,no_extracellular_span,"no topological domain with an accepted description, and no GPI anchor",,,,,v2-ruled-vocabulary-2026-08-07@a32d132-mslnfix
Q8NBN3,surface,active,TM87A_HUMAN,false,,2026-08-06,2007-02-20,,204,vocabulary,,,,,,,v2-ruled-vocabulary-2026-08-07@a32d132-mslnfix
Q96K49,surface,active,TM87B_HUMAN,false,,2026-08-06,2001-12-01,,172,vocabulary,,,,,,,v2-ruled-vocabulary-2026-08-07@a32d132-mslnfix
O15321,surface,active,TM9S1_HUMAN,false,,2026-08-06,2005-03-29,,,,no_extracellular_span,"no topological domain with an accepted description, and no GPI anchor",,,,,v2-ruled-vocabulary-2026-08-07@a32d132-mslnfix
Q99805,surface,active,TM9S2_HUMAN,false,,2026-08-06,1997-05-01,,272,vocabulary,,,,,,,v2-ruled-vocabulary-2026-08-07@a32d132-mslnfix
Q9HD45,surface,active,TM9S3_HUMAN,false,,2026-08-06,2001-04-27,,,,no_extracellular_span,"no topological domain with an accepted description, and no GPI anchor",,,,,v2-ruled-vocabulary-2026-08-07@a32d132-mslnfix
Q92544,surface,active,TM9S4_HUMAN,false,,2026-08-06,2008-02-26,258,258,vocabulary,,,,,,,v2-ruled-vocabulary-2026-08-07@a32d132-mslnfix
Q7Z402,surface,active,TMC7_HUMAN,false,,2026-08-06,2003-10-01,168,168,vocabulary,,,,,,,v2-ruled-vocabulary-2026-08-07@a32d132-mslnfix
Q6UWJ1,surface,active,TMCO3_HUMAN,false,,2026-08-06,2004-07-05,,,,no_extracellular_span,"no topological domain with an accepted description, and no GPI anchor",,,,,v2-ruled-vocabulary-2026-08-07@a32d132-mslnfix
Q9Y3B3,surface,active,TMED7_HUMAN,false,,2026-08-06,2005-03-29,,153,vocabulary,,,,,,,v2-ruled-vocabulary-2026-08-07@a32d132-mslnfix
Q9P0T7,surface,active,TMEM9_HUMAN,false,,2026-08-06,2000-10-01,69,69,vocabulary,,,,,,,v2-ruled-vocabulary-2026-08-07@a32d132-mslnfix
Q8TAF8,surface,active,TMHS_HUMAN,false,,2026-08-06,2002-06-01,54,54,vocabulary,,,,,,,v2-ruled-vocabulary-2026-08-07@a32d132-mslnfix
Q6UXZ0,surface,active,TMIG1_HUMAN,false,,2026-08-06,2004-07-05,191,191,vocabulary,,,,,,,v2-ruled-vocabulary-2026-08-07@a32d132-mslnfix
Q96BF3,surface,active,TMIG2_HUMAN,false,,2026-08-06,2007-02-06,128,128,vocabulary,,,,,,,v2-ruled-vocabulary-2026-08-07@a32d132-mslnfix
Q86YD3,surface,active,TMM25_HUMAN,false,,2026-08-06,2003-06-01,206,206,vocabulary,,,,,,,v2-ruled-vocabulary-2026-08-07@a32d132-mslnfix
Q6ZUK4,surface,active,TMM26_HUMAN,false,,2026-08-06,2004-07-05,,,,no_extracellular_span,"no topological domain with an accepted description, and no GPI anchor",,,,,v2-ruled-vocabulary-2026-08-07@a32d132-mslnfix
Q9HBJ8,surface,active,TMM27_HUMAN,false,,2026-08-06,2001-03-01,127,127,vocabulary,,,,,,,v2-ruled-vocabulary-2026-08-07@a32d132-mslnfix
Q0P6H9,surface,active,TMM62_HUMAN,false,,2026-08-06,2006-09-19,,,,no_extracellular_span,"no topological domain with an accepted description, and no GPI anchor",,,,,v2-ruled-vocabulary-2026-08-07@a32d132-mslnfix
Q9HCN3,surface,active,TMM8A_HUMAN,false,,2026-08-06,2010-05-18,511,511,vocabulary,,,,,,,v2-ruled-vocabulary-2026-08-07@a32d132-mslnfix
A6NDV4,surface,active,TMM8B_HUMAN,false,,2026-08-06,2008-01-15,233,233,vocabulary,,,,,,,v2-ruled-vocabulary-2026-08-07@a32d132-mslnfix
Q3KNT9,surface,active,TMM95_HUMAN,false,,2026-08-06,2005-11-08,129,129,vocabulary,,,,,,,v2-ruled-vocabulary-2026-08-07@a32d132-mslnfix
Q9NQ34,surface,active,TMM9B_HUMAN,false,,2026-08-06,2000-10-01,,,,no_extracellular_span,"no topological domain with an accepted description, and no GPI anchor",,,,,v2-ruled-vocabulary-2026-08-07@a32d132-mslnfix
Q9H3S3,surface,active,TMPS5_HUMAN,false,,2026-08-06,2010-05-18,387,387,vocabulary,,,,,,,v2-ruled-vocabulary-2026-08-07@a32d132-mslnfix
Q8IU80,surface,active,TMPS6_HUMAN,false,,2026-08-06,2008-10-14,735,735,vocabulary,,,,,,,v2-ruled-vocabulary-2026-08-07@a32d132-mslnfix
Q9BYE2,surface,active,TMPSD_HUMAN,false,,2026-08-06,2019-04-10,400,400,vocabulary,,,,,,,v2-ruled-vocabulary-2026-08-07@a32d132-mslnfix
Q96JJ7,surface,active,TMX3_HUMAN,false,,2026-08-06,2005-05-10,,351,vocabulary,,,,,,,v2-ruled-vocabulary-2026-08-07@a32d132-mslnfix
Q9H1E5,surface,active,TMX4_HUMAN,false,,2026-08-06,2001-03-01,,,,no_extracellular_span,"no topological domain with an accepted description, and no GPI anchor",,,,,v2-ruled-vocabulary-2026-08-07@a32d132-mslnfix
Q9Y275,surface,active,TN13B_HUMAN,false,,2026-08-06,1999-11-01,218,218,vocabulary,,,,,,,v2-ruled-vocabulary-2026-08-07@a32d132-mslnfix
O14788,surface,active,TNF11_HUMAN,false,,2026-08-06,1998-01-01,249,249,vocabulary,,,,,,,v2-ruled-vocabulary-2026-08-07@a32d132-mslnfix
O95150,surface,active,TNF15_HUMAN,false,,2026-08-06,2008-05-20,195,195,vocabulary,,,,,,,v2-ruled-vocabulary-2026-08-07@a32d132-mslnfix
Q9UNG2,surface,active,TNF18_HUMAN,false,,2026-08-06,2022-02-23,129,129,vocabulary,,,,,,,v2-ruled-vocabulary-2026-08-07@a32d132-mslnfix
P23510,surface,active,TNFL4_HUMAN,false,,2026-08-06,1991-11-01,133,133,vocabulary,,,,,,,v2-ruled-vocabulary-2026-08-07@a32d132-mslnfix
P48023,surface,active,TNFL6_HUMAN,false,,2026-08-06,1996-02-01,179,179,vocabulary,,,,,,,v2-ruled-vocabulary-2026-08-07@a32d132-mslnfix
P32971,surface,active,TNFL8_HUMAN,false,,2026-08-06,1993-10-01,172,172,vocabulary,,,,,,,v2-ruled-vocabulary-2026-08-07@a32d132-mslnfix
Q9Y6Q6,surface,active,TNR11_HUMAN,false,,2026-08-06,1999-11-01,183,183,vocabulary,,,,,,,v2-ruled-vocabulary-2026-08-07@a32d132-mslnfix
Q92956,surface,active,TNR14_HUMAN,false,,2026-08-06,2001-04-27,164,164,vocabulary,,,,,,,v2-ruled-vocabulary-2026-08-07@a32d132-mslnfix
P08138,surface,active,TNR16_HUMAN,false,,2026-08-06,1988-08-01,222,222,vocabulary,,,,,,,v2-ruled-vocabulary-2026-08-07@a32d132-mslnfix
Q02223,surface,active,TNR17_HUMAN,false,,2026-08-06,2010-11-30,54,54,vocabulary,,,,,,,v2-ruled-vocabulary-2026-08-07@a32d132-mslnfix
Q9Y5U5,surface,active,TNR18_HUMAN,false,,2026-08-06,1999-11-01,137,137,vocabulary,,,,,,,v2-ruled-vocabulary-2026-08-07@a32d132-mslnfix
Q9NS68,surface,active,TNR19_HUMAN,false,,2026-08-06,2000-10-01,141,141,vocabulary,,,,,,,v2-ruled-vocabulary-2026-08-07@a32d132-mslnfix
P19438,surface,active,TNR1A_HUMAN,false,,2026-08-06,1991-02-01,182,182,vocabulary,,,,,,,v2-ruled-vocabulary-2026-08-07@a32d132-mslnfix
P20333,surface,active,TNR1B_HUMAN,false,,2026-08-06,2002-05-27,235,235,vocabulary,,,,,,,v2-ruled-vocabulary-2026-08-07@a32d132-mslnfix
O75509,surface,active,TNR21_HUMAN,false,,2026-08-06,1998-11-01,308,308,vocabulary,,,,,,,v2-ruled-vocabulary-2026-08-07@a32d132-mslnfix
Q93038,surface,active,TNR25_HUMAN,false,,2026-08-06,1997-11-01,175,175,vocabulary,,,,,,,v2-ruled-vocabulary-2026-08-07@a32d132-mslnfix
Q9HAV5,surface,active,TNR27_HUMAN,false,,2026-08-06,2010-11-30,138,138,vocabulary,,,,,,,v2-ruled-vocabulary-2026-08-07@a32d132-mslnfix
P36941,surface,active,TNR3_HUMAN,false,,2026-08-06,1994-06-01,197,197,vocabulary,,,,,,,v2-ruled-vocabulary-2026-08-07@a32d132-mslnfix
P43489,surface,active,TNR4_HUMAN,false,,2026-08-06,1995-11-01,186,186,vocabulary,,,,,,,v2-ruled-vocabulary-2026-08-07@a32d132-mslnfix
P25942,surface,active,TNR5_HUMAN,false,,2026-08-06,1992-05-01,173,173,vocabulary,,,,,,,v2-ruled-vocabulary-2026-08-07@a32d132-mslnfix
P25445,surface,active,TNR6_HUMAN,false,,2026-08-06,1992-05-01,148,148,vocabulary,,,,,,,v2-ruled-vocabulary-2026-08-07@a32d132-mslnfix
P28908,surface,active,TNR8_HUMAN,false,,2026-08-06,1992-12-01,367,367,vocabulary,,,,,,,v2-ruled-vocabulary-2026-08-07@a32d132-mslnfix
Q07011,surface,active,TNR9_HUMAN,false,,2026-08-06,1995-02-01,163,163,vocabulary,,,,,,,v2-ruled-vocabulary-2026-08-07@a32d132-mslnfix
P0DKB5,surface,active,TPBGL_HUMAN,false,,2026-08-06,2012-10-03,281,281,vocabulary,,,,,,,v2-ruled-vocabulary-2026-08-07@a32d132-mslnfix
Q13641,surface,active,TPBG_HUMAN,false,,2026-08-06,1996-11-01,324,324,vocabulary,,,,,,,v2-ruled-vocabulary-2026-08-07@a32d132-mslnfix
Q9ULQ1,surface,active,TPC1_HUMAN,false,,2026-08-06,2007-02-06,35,35,vocabulary,,,,,,,v2-ruled-vocabulary-2026-08-07@a32d132-mslnfix
P40238,surface,active,TPOR_HUMAN,false,,2026-08-06,1995-02-01,466,466,vocabulary,,,,,,,v2-ruled-vocabulary-2026-08-07@a32d132-mslnfix
Q86W33,surface,active,TPRA1_HUMAN,false,,2026-08-06,2003-06-01,,,,no_extracellular_span,"no topological domain with an accepted description, and no GPI anchor",,,,,v2-ruled-vocabulary-2026-08-07@a32d132-mslnfix
O00220,surface,active,TR10A_HUMAN,false,,2026-08-06,2010-11-30,216,216,vocabulary,,,,,,,v2-ruled-vocabulary-2026-08-07@a32d132-mslnfix
O14798,surface,active,TR10C_HUMAN,false,,2026-08-06,2009-11-24,,210,gpi_rule_A,,,,,,,v2-ruled-vocabulary-2026-08-07@a32d132-mslnfix
Q9UBN6,surface,active,TR10D_HUMAN,false,,2026-08-06,2022-02-23,156,156,vocabulary,,,,,,,v2-ruled-vocabulary-2026-08-07@a32d132-mslnfix
O14836,surface,active,TR13B_HUMAN,false,,2026-08-06,1998-01-01,165,165,vocabulary,,,,,,,v2-ruled-vocabulary-2026-08-07@a32d132-mslnfix
Q969Z4,surface,active,TR19L_HUMAN,false,,2026-08-06,2001-12-01,137,137,vocabulary,,,,,,,v2-ruled-vocabulary-2026-08-07@a32d132-mslnfix
Q6PIZ9,surface,active,TRAT1_HUMAN,false,,2026-08-06,2004-07-05,7,7,vocabulary,,,,,,,v2-ruled-vocabulary-2026-08-07@a32d132-mslnfix
P07204,surface,active,TRBM_HUMAN,false,,2026-08-06,1991-02-01,497,497,vocabulary,,,,,,,v2-ruled-vocabulary-2026-08-07@a32d132-mslnfix
O43280,surface,active,TREA_HUMAN,false,,2026-08-06,2008-09-23,,532,gpi_rule_A,,,,,,,v2-ruled-vocabulary-2026-08-07@a32d132-mslnfix
Q9NP99,surface,active,TREM1_HUMAN,false,,2026-08-06,2000-10-01,185,185,vocabulary,,,,,,,v2-ruled-vocabulary-2026-08-07@a32d132-mslnfix
Q9NZC2,surface,active,TREM2_HUMAN,false,,2026-08-06,2000-10-01,156,156,vocabulary,,,,,,,v2-ruled-vocabulary-2026-08-07@a32d132-mslnfix
P08582,surface,active,TRFM_HUMAN,false,,2026-08-06,2011-06-28,,689,gpi_rule_A,,,,,,,v2-ruled-vocabulary-2026-08-07@a32d132-mslnfix
P34981,surface,active,TRFR_HUMAN,false,,2026-08-06,1994-02-01,28,28,vocabulary,,,,,,,v2-ruled-vocabulary-2026-08-07@a32d132-mslnfix
P03986,surface,active,TRGC2_HUMAN,false,,2026-08-06,2018-12-05,,,,no_extracellular_span,"no topological domain with an accepted description, and no GPI anchor",,,,,v2-ruled-vocabulary-2026-08-07@a32d132-mslnfix
Q9UKU6,surface,active,TRHDE_HUMAN,false,,2026-08-06,2024-01-24,963,963,vocabulary,,,,,,,v2-ruled-vocabulary-2026-08-07@a32d132-mslnfix
Q7L0X0,surface,active,TRIL_HUMAN,false,,2026-08-06,2010-11-02,671,671,vocabulary,,,,,,,v2-ruled-vocabulary-2026-08-07@a32d132-mslnfix
Q5T2D2,surface,active,TRML2_HUMAN,false,,2026-08-06,2006-10-17,250,250,vocabulary,,,,,,,v2-ruled-vocabulary-2026-08-07@a32d132-mslnfix
Q9Y5S1,surface,active,TRPV2_HUMAN,false,,2026-08-06,1999-11-01,64,64,vocabulary,,,,,,,v2-ruled-vocabulary-2026-08-07@a32d132-mslnfix
Q9HBA0,surface,active,TRPV4_HUMAN,false,,2026-08-06,2005-04-26,29,29,vocabulary,,,,,,,v2-ruled-vocabulary-2026-08-07@a32d132-mslnfix
Q9NQA5,surface,active,TRPV5_HUMAN,false,,2026-08-06,2024-01-24,37,37,vocabulary,,,,,,,v2-ruled-vocabulary-2026-08-07@a32d132-mslnfix
Q9H1D0,surface,active,TRPV6_HUMAN,false,,2026-08-06,2015-04-01,37,37,vocabulary,,,,,,,v2-ruled-vocabulary-2026-08-07@a32d132-mslnfix
Q9NRR2,surface,active,TRYG1_HUMAN,false,,2026-08-06,2022-02-23,,,,no_extracellular_span,"no topological domain with an accepted description, and no GPI anchor",,,,,v2-ruled-vocabulary-2026-08-07@a32d132-mslnfix
Q7RTX1,surface,active,TS1R1_HUMAN,false,,2026-08-06,2003-12-15,547,547,vocabulary,,,,,,,v2-ruled-vocabulary-2026-08-07@a32d132-mslnfix
Q8TE23,surface,active,TS1R2_HUMAN,false,,2026-08-06,2006-10-17,547,547,vocabulary,,,,,,,v2-ruled-vocabulary-2026-08-07@a32d132-mslnfix
Q7RTX0,surface,active,TS1R3_HUMAN,false,,2026-08-06,2005-03-29,550,550,vocabulary,,,,,,,v2-ruled-vocabulary-2026-08-07@a32d132-mslnfix
Q9BY10,surface,active,TSCOT_HUMAN,false,,2026-08-06,2001-06-01,34,34,vocabulary,,,,,,,v2-ruled-vocabulary-2026-08-07@a32d132-mslnfix
P16473,surface,active,TSHR_HUMAN,false,,2026-08-06,2024-10-02,394,394,vocabulary,,,,,,,v2-ruled-vocabulary-2026-08-07@a32d132-mslnfix
A1L157,surface,active,TSN11_HUMAN,false,,2026-08-06,2007-12-04,,,,no_extracellular_span,"no topological domain with an accepted description, and no GPI anchor",,,,,v2-ruled-vocabulary-2026-08-07@a32d132-mslnfix
O95857,surface,active,TSN13_HUMAN,false,,2026-08-06,1999-05-01,74,74,vocabulary,,,,,,,v2-ruled-vocabulary-2026-08-07@a32d132-mslnfix
Q8NG11,surface,active,TSN14_HUMAN,false,,2026-08-06,2002-10-01,119,119,vocabulary,,,,,,,v2-ruled-vocabulary-2026-08-07@a32d132-mslnfix
O95858,surface,active,TSN15_HUMAN,false,,2026-08-06,1999-05-01,121,121,vocabulary,,,,,,,v2-ruled-vocabulary-2026-08-07@a32d132-mslnfix
Q96FV3,surface,active,TSN17_HUMAN,false,,2026-08-06,2007-05-15,119,119,vocabulary,,,,,,,v2-ruled-vocabulary-2026-08-07@a32d132-mslnfix
Q96SJ8,surface,active,TSN18_HUMAN,false,,2026-08-06,2001-12-01,119,119,vocabulary,,,,,,,v2-ruled-vocabulary-2026-08-07@a32d132-mslnfix
O60635,surface,active,TSN1_HUMAN,false,,2026-08-06,2000-12-01,102,102,vocabulary,,,,,,,v2-ruled-vocabulary-2026-08-07@a32d132-mslnfix
O60636,surface,active,TSN2_HUMAN,false,,2026-08-06,2002-09-19,77,77,vocabulary,,,,,,,v2-ruled-vocabulary-2026-08-07@a32d132-mslnfix
Q12999,surface,active,TSN31_HUMAN,false,,2026-08-06,1996-11-01,80,80,vocabulary,,,,,,,v2-ruled-vocabulary-2026-08-07@a32d132-mslnfix
Q86UF1,surface,active,TSN33_HUMAN,false,,2026-08-06,2003-06-01,118,118,vocabulary,,,,,,,v2-ruled-vocabulary-2026-08-07@a32d132-mslnfix
O60637,surface,active,TSN3_HUMAN,false,,2026-08-06,1998-08-01,106,106,vocabulary,,,,,,,v2-ruled-vocabulary-2026-08-07@a32d132-mslnfix
O14817,surface,active,TSN4_HUMAN,false,,2026-08-06,1998-01-01,95,95,vocabulary,,,,,,,v2-ruled-vocabulary-2026-08-07@a32d132-mslnfix
P62079,surface,active,TSN5_HUMAN,false,,2026-08-06,2004-06-21,119,119,vocabulary,,,,,,,v2-ruled-vocabulary-2026-08-07@a32d132-mslnfix
O43657,surface,active,TSN6_HUMAN,false,,2026-08-06,1998-06-01,94,94,vocabulary,,,,,,,v2-ruled-vocabulary-2026-08-07@a32d132-mslnfix
P41732,surface,active,TSN7_HUMAN,false,,2026-08-06,2001-11-16,101,101,vocabulary,,,,,,,v2-ruled-vocabulary-2026-08-07@a32d132-mslnfix
P19075,surface,active,TSN8_HUMAN,false,,2026-08-06,1990-11-01,96,96,vocabulary,,,,,,,v2-ruled-vocabulary-2026-08-07@a32d132-mslnfix
O75954,surface,active,TSN9_HUMAN,false,,2026-08-06,1998-11-01,97,97,vocabulary,,,,,,,v2-ruled-vocabulary-2026-08-07@a32d132-mslnfix
Q9H313,surface,active,TTYH1_HUMAN,false,,2026-08-06,2001-03-01,129,129,vocabulary,,,,,,,v2-ruled-vocabulary-2026-08-07@a32d132-mslnfix
Q9BSA4,surface,active,TTYH2_HUMAN,false,,2026-08-06,2010-05-18,127,127,vocabulary,,,,,,,v2-ruled-vocabulary-2026-08-07@a32d132-mslnfix
Q9C0H2,surface,active,TTYH3_HUMAN,false,,2026-08-06,2007-12-04,129,129,vocabulary,,,,,,,v2-ruled-vocabulary-2026-08-07@a32d132-mslnfix
Q9P2J2,surface,active,TUTLA_HUMAN,false,,2026-08-06,2007-10-02,714,714,vocabulary,,,,,,,v2-ruled-vocabulary-2026-08-07@a32d132-mslnfix
Q9UPX0,surface,active,TUTLB_HUMAN,false,,2026-08-06,2007-10-02,702,702,vocabulary,,,,,,,v2-ruled-vocabulary-2026-08-07@a32d132-mslnfix
Q9BY14,surface,active,TX101_HUMAN,false,,2026-08-06,2006-07-25,,196,gpi_rule_A,,,,,,,v2-ruled-vocabulary-2026-08-07@a32d132-mslnfix
Q96J42,surface,active,TXD15_HUMAN,false,,2026-08-06,2001-12-01,289,289,vocabulary,,,,,,,v2-ruled-vocabulary-2026-08-07@a32d132-mslnfix
Q06418,surface,active,TYRO3_HUMAN,false,,2026-08-06,1996-10-01,389,389,vocabulary,,,,,,,v2-ruled-vocabulary-2026-08-07@a32d132-mslnfix
P14679,surface,active,TYRO_HUMAN,false,,2026-08-06,1993-07-01,,458,vocabulary,,,,,,,v2-ruled-vocabulary-2026-08-07@a32d132-mslnfix
P17643,surface,active,TYRP1_HUMAN,false,,2026-08-06,2001-01-11,,453,vocabulary,,,,,,,v2-ruled-vocabulary-2026-08-07@a32d132-mslnfix
P40126,surface,active,TYRP2_HUMAN,false,,2026-08-06,1995-02-01,,449,vocabulary,,,,,,,v2-ruled-vocabulary-2026-08-07@a32d132-mslnfix
Q8NBM4,surface,active,UBAC2_HUMAN,false,,2026-08-06,2002-10-01,56,56,vocabulary,,,,,,,v2-ruled-vocabulary-2026-08-07@a32d132-mslnfix
P30530,surface,active,UFO_HUMAN,false,,2026-08-06,2018-03-28,426,426,vocabulary,,,,,,,v2-ruled-vocabulary-2026-08-07@a32d132-mslnfix
Q86WB7,surface,active,UN93A_HUMAN,false,,2026-08-06,2003-06-01,,,,no_extracellular_span,"no topological domain with an accepted description, and no GPI anchor",,,,,v2-ruled-vocabulary-2026-08-07@a32d132-mslnfix
Q9H1C4,surface,active,UN93B_HUMAN,false,,2026-08-06,2005-06-07,,,,no_extracellular_span,"no topological domain with an accepted description, and no GPI anchor",,,,,v2-ruled-vocabulary-2026-08-07@a32d132-mslnfix
Q6ZN44,surface,active,UNC5A_HUMAN,false,,2026-08-06,2010-05-18,281,281,vocabulary,,,,,,,v2-ruled-vocabulary-2026-08-07@a32d132-mslnfix
Q8IZJ1,surface,active,UNC5B_HUMAN,false,,2026-08-06,2004-10-11,351,351,vocabulary,,,,,,,v2-ruled-vocabulary-2026-08-07@a32d132-mslnfix
O95185,surface,active,UNC5C_HUMAN,false,,2026-08-06,2009-05-05,340,340,vocabulary,,,,,,,v2-ruled-vocabulary-2026-08-07@a32d132-mslnfix
Q6UXZ4,surface,active,UNC5D_HUMAN,false,,2026-08-06,2004-07-05,347,347,vocabulary,,,,,,,v2-ruled-vocabulary-2026-08-07@a32d132-mslnfix
Q03405,surface,active,UPAR_HUMAN,false,,2026-08-06,1994-02-01,,282,gpi_rule_A,,,,,,,v2-ruled-vocabulary-2026-08-07@a32d132-mslnfix
O00322,surface,active,UPK1A_HUMAN,false,,2026-08-06,1997-07-01,118,118,vocabulary,,,,,,,v2-ruled-vocabulary-2026-08-07@a32d132-mslnfix
O75841,surface,active,UPK1B_HUMAN,false,,2026-08-06,2010-11-30,122,122,vocabulary,,,,,,,v2-ruled-vocabulary-2026-08-07@a32d132-mslnfix
O00526,surface,active,UPK2_HUMAN,false,,2026-08-06,2000-05-30,,71,vocabulary,,,,,,,v2-ruled-vocabulary-2026-08-07@a32d132-mslnfix
O75631,surface,active,UPK3A_HUMAN,false,,2026-08-06,2004-10-11,,189,vocabulary,,,,,,,v2-ruled-vocabulary-2026-08-07@a32d132-mslnfix
Q9BT76,surface,active,UPK3B_HUMAN,false,,2026-08-06,2008-11-25,,211,vocabulary,,,,,,,v2-ruled-vocabulary-2026-08-07@a32d132-mslnfix
B0FP48,surface,active,UPK3L_HUMAN,false,,2026-08-06,2008-02-26,171,171,vocabulary,,,,,,,v2-ruled-vocabulary-2026-08-07@a32d132-mslnfix
Q9UKP6,surface,active,UR2R_HUMAN,false,,2026-08-06,2000-05-01,54,54,vocabulary,,,,,,,v2-ruled-vocabulary-2026-08-07@a32d132-mslnfix
Q5DID0,surface,active,UROL1_HUMAN,false,,2026-08-06,2006-03-21,1251,1251,vocabulary,,,,,,,v2-ruled-vocabulary-2026-08-07@a32d132-mslnfix
P07911,surface,active,UROM_HUMAN,false,,2026-08-06,1988-08-01,,589,gpi_rule_A,,,,,,,v2-ruled-vocabulary-2026-08-07@a32d132-mslnfix
O75445,surface,active,USH2A_HUMAN,false,,2026-08-06,2006-04-04,5011,5011,vocabulary,,,,,,,v2-ruled-vocabulary-2026-08-07@a32d132-mslnfix
Q13336,surface,active,UT1_HUMAN,false,,2026-08-06,1998-12-15,,,,no_extracellular_span,"no topological domain with an accepted description, and no GPI anchor",,,,,v2-ruled-vocabulary-2026-08-07@a32d132-mslnfix
Q15849,surface,active,UT2_HUMAN,false,,2026-08-06,2010-03-23,,,,no_extracellular_span,"no topological domain with an accepted description, and no GPI anchor",,,,,v2-ruled-vocabulary-2026-08-07@a32d132-mslnfix
P37288,surface,active,V1AR_HUMAN,false,,2026-08-06,1994-10-01,52,52,vocabulary,,,,,,,v2-ruled-vocabulary-2026-08-07@a32d132-mslnfix
P47901,surface,active,V1BR_HUMAN,false,,2026-08-06,1996-02-01,35,35,vocabulary,,,,,,,v2-ruled-vocabulary-2026-08-07@a32d132-mslnfix
P30518,surface,active,V2R_HUMAN,false,,2026-08-06,1993-04-01,38,38,vocabulary,,,,,,,v2-ruled-vocabulary-2026-08-07@a32d132-mslnfix
Q16572,surface,active,VACHT_HUMAN,false,,2026-08-06,2010-11-30,,71,vocabulary,,,,,,,v2-ruled-vocabulary-2026-08-07@a32d132-mslnfix
Q6EMK4,surface,active,VASN_HUMAN,false,,2026-08-06,2004-08-16,552,552,vocabulary,,,,,,,v2-ruled-vocabulary-2026-08-07@a32d132-mslnfix
P19320,surface,active,VCAM1_HUMAN,false,,2026-08-06,1990-11-01,674,674,vocabulary,,,,,,,v2-ruled-vocabulary-2026-08-07@a32d132-mslnfix
P17948,surface,active,VGFR1_HUMAN,false,,2026-08-06,2007-04-03,732,732,vocabulary,,,,,,,v2-ruled-vocabulary-2026-08-07@a32d132-mslnfix
P35968,surface,active,VGFR2_HUMAN,false,,2026-08-06,2000-12-01,745,745,vocabulary,,,,,,,v2-ruled-vocabulary-2026-08-07@a32d132-mslnfix
P35916,surface,active,VGFR3_HUMAN,false,,2026-08-06,2011-11-16,751,751,vocabulary,,,,,,,v2-ruled-vocabulary-2026-08-07@a32d132-mslnfix
Q9P2U7,surface,active,VGLU1_HUMAN,false,,2026-08-06,2000-10-01,32,32,vocabulary,,,,,,,v2-ruled-vocabulary-2026-08-07@a32d132-mslnfix
Q9P2U8,surface,active,VGLU2_HUMAN,false,,2026-08-06,2000-10-01,,33,vocabulary,,,,,,,v2-ruled-vocabulary-2026-08-07@a32d132-mslnfix
Q8NDX2,surface,active,VGLU3_HUMAN,false,,2026-08-06,2002-10-01,,33,vocabulary,,,,,,,v2-ruled-vocabulary-2026-08-07@a32d132-mslnfix
Q9H598,surface,active,VIAAT_HUMAN,false,,2026-08-06,2001-06-01,,51,vocabulary,,,,,,,v2-ruled-vocabulary-2026-08-07@a32d132-mslnfix
P32241,surface,active,VIPR1_HUMAN,false,,2026-08-06,1993-10-01,111,111,vocabulary,,,,,,,v2-ruled-vocabulary-2026-08-07@a32d132-mslnfix
P41587,surface,active,VIPR2_HUMAN,false,,2026-08-06,1997-11-01,101,101,vocabulary,,,,,,,v2-ruled-vocabulary-2026-08-07@a32d132-mslnfix
P98155,surface,active,VLDLR_HUMAN,false,,2026-08-06,1996-10-01,770,770,vocabulary,,,,,,,v2-ruled-vocabulary-2026-08-07@a32d132-mslnfix
P54219,surface,active,VMAT1_HUMAN,false,,2026-08-06,1996-10-01,,96,vocabulary,,,,,,,v2-ruled-vocabulary-2026-08-07@a32d132-mslnfix
Q05940,surface,active,VMAT2_HUMAN,false,,2026-08-06,1996-10-01,,88,vocabulary,,,,,,,v2-ruled-vocabulary-2026-08-07@a32d132-mslnfix
Q9GZP7,surface,active,VN1R1_HUMAN,false,,2026-08-06,2001-03-01,56,56,vocabulary,,,,,,,v2-ruled-vocabulary-2026-08-07@a32d132-mslnfix
Q8NFZ6,surface,active,VN1R2_HUMAN,false,,2026-08-06,2007-03-06,56,56,vocabulary,,,,,,,v2-ruled-vocabulary-2026-08-07@a32d132-mslnfix
Q9BXE9,surface,active,VN1R3_HUMAN,false,,2026-08-06,2001-06-01,36,36,vocabulary,,,,,,,v2-ruled-vocabulary-2026-08-07@a32d132-mslnfix
Q7Z5H5,surface,active,VN1R4_HUMAN,false,,2026-08-06,2024-01-24,38,38,vocabulary,,,,,,,v2-ruled-vocabulary-2026-08-07@a32d132-mslnfix
O95497,surface,active,VNN1_HUMAN,false,,2026-08-06,2005-09-27,,469,gpi_rule_A,,,,,,,v2-ruled-vocabulary-2026-08-07@a32d132-mslnfix
O95498,surface,active,VNN2_HUMAN,false,,2026-08-06,2007-03-20,,470,gpi_rule_A,,,,,,,v2-ruled-vocabulary-2026-08-07@a32d132-mslnfix
Q9NY84,surface,inactive,VNN3_HUMAN,false,,,,,,,,not fetched: uniprot_inactive,,,,,
Q9Y487,surface,active,VPP2_HUMAN,false,,2026-08-06,2008-03-18,,74,vocabulary,,,,,,,v2-ruled-vocabulary-2026-08-07@a32d132-mslnfix
Q13488,surface,active,VPP3_HUMAN,false,,2026-08-06,2009-02-10,,64,vocabulary,,,,,,,v2-ruled-vocabulary-2026-08-07@a32d132-mslnfix
Q86VR7,surface,active,VS10L_HUMAN,false,,2026-08-06,2010-06-15,749,749,vocabulary,,,,,,,v2-ruled-vocabulary-2026-08-07@a32d132-mslnfix
Q8N0Z9,surface,active,VSI10_HUMAN,false,,2026-08-06,2002-10-01,383,383,vocabulary,,,,,,,v2-ruled-vocabulary-2026-08-07@a32d132-mslnfix
Q86XK7,surface,active,VSIG1_HUMAN,false,,2026-08-06,2003-06-01,211,211,vocabulary,,,,,,,v2-ruled-vocabulary-2026-08-07@a32d132-mslnfix
Q96IQ7,surface,active,VSIG2_HUMAN,false,,2026-08-06,2001-12-01,220,220,vocabulary,,,,,,,v2-ruled-vocabulary-2026-08-07@a32d132-mslnfix
Q5VU13,surface,inactive,VSIG8_HUMAN,false,,,,,,,,not fetched: uniprot_inactive,,,,,
Q6UX27,surface,active,VSTM1_HUMAN,false,,2026-08-06,2010-05-18,119,119,vocabulary,,,,,,,v2-ruled-vocabulary-2026-08-07@a32d132-mslnfix
Q8IW00,surface,active,VSTM4_HUMAN,false,,2026-08-06,2011-05-31,157,157,vocabulary,,,,,,,v2-ruled-vocabulary-2026-08-07@a32d132-mslnfix
A8MXK1,surface,active,VSTM5_HUMAN,false,,2026-08-06,2007-12-04,119,119,vocabulary,,,,,,,v2-ruled-vocabulary-2026-08-07@a32d132-mslnfix
Q7Z7D3,surface,active,VTCN1_HUMAN,false,,2026-08-06,2003-10-01,235,235,vocabulary,,,,,,,v2-ruled-vocabulary-2026-08-07@a32d132-mslnfix
P78423,surface,active,X3CL1_HUMAN,false,,2026-08-06,1997-05-01,317,317,vocabulary,,,,,,,v2-ruled-vocabulary-2026-08-07@a32d132-mslnfix
P46094,surface,active,XCR1_HUMAN,false,,2026-08-06,1995-11-01,31,31,vocabulary,,,,,,,v2-ruled-vocabulary-2026-08-07@a32d132-mslnfix
Q5GH77,surface,active,XKR3_HUMAN,false,,2026-08-06,2005-03-01,,,,no_extracellular_span,"no topological domain with an accepted description, and no GPI anchor",,,,,v2-ruled-vocabulary-2026-08-07@a32d132-mslnfix
O43895,surface,active,XPP2_HUMAN,false,,2026-08-06,2002-11-15,,627,gpi_rule_A,,,,,,,v2-ruled-vocabulary-2026-08-07@a32d132-mslnfix
Q92536,surface,active,YLAT2_HUMAN,false,,2026-08-06,2008-06-10,32,32,vocabulary,,,,,,,v2-ruled-vocabulary-2026-08-07@a32d132-mslnfix
Q401N2,surface,active,ZACN_HUMAN,false,,2026-08-06,2008-02-05,208,208,vocabulary,,,,,,,v2-ruled-vocabulary-2026-08-07@a32d132-mslnfix
Q9Y493,surface,active,ZAN_HUMAN,false,,2026-08-06,2018-09-12,2740,2740,vocabulary,,,,,,,v2-ruled-vocabulary-2026-08-07@a32d132-mslnfix
Q9H8X9,surface,active,ZDH11_HUMAN,false,,2026-08-06,2001-03-01,,33,vocabulary,,,,,,,v2-ruled-vocabulary-2026-08-07@a32d132-mslnfix
Q9C0B5,surface,active,ZDHC5_HUMAN,false,,2026-08-06,2003-02-01,22,22,vocabulary,,,,,,,v2-ruled-vocabulary-2026-08-07@a32d132-mslnfix
Q5T4F4,surface,active,ZFY27_HUMAN,false,,2026-08-06,2004-12-21,,1,vocabulary,,,,,,,v2-ruled-vocabulary-2026-08-07@a32d132-mslnfix
P0C7U3,surface,active,ZH11B_HUMAN,false,,2026-08-06,2008-07-22,,,,no_extracellular_span,"no topological domain with an accepted description, and no GPI anchor",,,,,v2-ruled-vocabulary-2026-08-07@a32d132-mslnfix
Q8WWF5,surface,active,ZNRF4_HUMAN,false,,2026-08-06,2007-02-20,,223,vocabulary,,,,,,,v2-ruled-vocabulary-2026-08-07@a32d132-mslnfix
Q9Y6M5,surface,active,ZNT1_HUMAN,false,,2026-08-06,2009-07-07,39,39,vocabulary,,,,,,,v2-ruled-vocabulary-2026-08-07@a32d132-mslnfix
P60852,surface,active,ZP1_HUMAN,false,,2026-08-06,2004-04-13,576,576,vocabulary,,,,,,,v2-ruled-vocabulary-2026-08-07@a32d132-mslnfix
Q05996,surface,active,ZP2_HUMAN,false,,2026-08-06,1994-02-01,678,678,vocabulary,,,,,,,v2-ruled-vocabulary-2026-08-07@a32d132-mslnfix
P21754,surface,active,ZP3_HUMAN,false,,2026-08-06,2009-07-07,365,365,vocabulary,,,,,,,v2-ruled-vocabulary-2026-08-07@a32d132-mslnfix
Q12836,surface,active,ZP4_HUMAN,false,,2026-08-06,1996-11-01,487,487,vocabulary,,,,,,,v2-ruled-vocabulary-2026-08-07@a32d132-mslnfix
Q8TCW7,surface,active,ZPLD1_HUMAN,false,,2026-08-06,2007-10-23,353,353,vocabulary,,,,,,,v2-ruled-vocabulary-2026-08-07@a32d132-mslnfix
