census_accession,census_class,census_identity_status,source_identifiers,span_aa,no_topology_reason,fetch_failed,fetch_error,fetched_on,uniprot_release
P04439,surface,active,1A01_HUMAN|1A02_HUMAN|1A03_HUMAN|1A11_HUMAN|1A23_HUMAN|1A24_HUMAN|1A25_HUMAN|1A26_HUMAN|1A29_HUMAN|1A30_HUMAN|1A31_HUMAN|1A32_HUMAN|1A33_HUMAN|1A34_HUMAN|1A36_HUMAN|1A43_HUMAN|1A66_HUMAN|1A68_HUMAN|1A69_HUMAN|1A74_HUMAN|1A80_HUMAN,284,,false,,2026-08-06,2003-08-22
P01889,surface,active,1B07_HUMAN|1B08_HUMAN|1B13_HUMAN|1B14_HUMAN|1B15_HUMAN|1B18_HUMAN|1B27_HUMAN|1B35_HUMAN|1B37_HUMAN|1B38_HUMAN|1B39_HUMAN|1B40_HUMAN|1B41_HUMAN|1B42_HUMAN|1B44_HUMAN|1B45_HUMAN|1B46_HUMAN|1B47_HUMAN|1B48_HUMAN|1B49_HUMAN|1B50_HUMAN|1B51_HUMAN|1B52_HUMAN|1B53_HUMAN|1B54_HUMAN|1B55_HUMAN|1B56_HUMAN|1B57_HUMAN|1B58_HUMAN|1B59_HUMAN|1B67_HUMAN|1B73_HUMAN|1B78_HUMAN|1B81_HUMAN|1B82_HUMAN,285,,false,,2026-08-06,1991-02-01
P10321,surface,active,1C01_HUMAN|1C02_HUMAN|1C03_HUMAN|1C04_HUMAN|1C05_HUMAN|1C06_HUMAN|1C07_HUMAN|1C08_HUMAN|1C12_HUMAN|1C14_HUMAN|1C15_HUMAN|1C16_HUMAN|1C17_HUMAN|1C18_HUMAN,284,,false,,2026-08-06,2005-12-20
P01911,surface,active,2B11_HUMAN|2B13_HUMAN|2B14_HUMAN|2B17_HUMAN|2B18_HUMAN|2B19_HUMAN|2B1A_HUMAN|2B1B_HUMAN|2B1C_HUMAN|2B1D_HUMAN|2B1E_HUMAN|2B1F_HUMAN|2B1G_HUMAN,198,,false,,2026-08-06,2008-01-15
P08195,surface,active,4F2_HUMAN,425,,false,,2026-08-06,2026-01-28
P08908,surface,active,5HT1A_HUMAN,38,,false,,2026-08-06,1993-04-01
P28222,surface,active,5HT1B_HUMAN,46,,false,,2026-08-06,1992-12-01
P28221,surface,active,5HT1D_HUMAN,38,,false,,2026-08-06,1992-12-01
P28566,surface,active,5HT1E_HUMAN,22,,false,,2026-08-06,1992-12-01
P30939,surface,active,5HT1F_HUMAN,24,,false,,2026-08-06,1993-07-01
P28223,surface,active,5HT2A_HUMAN,80,,false,,2026-08-06,1994-06-01
P41595,surface,active,5HT2B_HUMAN,56,,false,,2026-08-06,1995-11-01
P28335,surface,active,5HT2C_HUMAN,24,,false,,2026-08-06,2022-02-23
P46098,surface,active,5HT3A_HUMAN,218,,false,,2026-08-06,1995-11-01
O95264,surface,active,5HT3B_HUMAN,217,,false,,2026-08-06,1999-05-01
Q8WXA8,surface,active,5HT3C_HUMAN,221,,false,,2026-08-06,2008-01-15
Q70Z44,surface,active,5HT3D_HUMAN,208,,false,,2026-08-06,2011-06-28
A5X5Y0,surface,active,5HT3E_HUMAN,223,,false,,2026-08-06,2007-07-10
Q13639,surface,active,5HT4R_HUMAN,31,,false,,2026-08-06,2001-01-11
P47898,surface,active,5HT5A_HUMAN,36,,false,,2026-08-06,1996-02-01
P50406,surface,active,5HT6R_HUMAN,27,,false,,2026-08-06,1996-10-01
P34969,surface,active,5HT7R_HUMAN,83,,false,,2026-08-06,2000-05-30
P21589,surface,active,5NTD_HUMAN,,no sliceable ECD span in the fetched entry,false,,2026-08-06,1991-05-01
P05067,surface,active,A4_HUMAN,684,,false,,2026-08-06,1991-11-01
P30542,surface,active,AA1R_HUMAN,26,,false,,2026-08-06,1993-04-01
P29274,surface,active,AA2AR_HUMAN,30,,false,,2026-08-06,1994-06-01
P29275,surface,active,AA2BR_HUMAN,34,,false,,2026-08-06,1992-12-01
P33765,surface,inactive,AA3R_HUMAN,,not fetched: uniprot_inactive,false,,,
Q9NS82,surface,active,AAA1_HUMAN,,no sliceable ECD span in the fetched entry,false,,2026-08-06,2000-10-01
Q15758,surface,active,AAAT_HUMAN,71,,false,,2026-08-06,2002-06-20
O95477,surface,active,ABCA1_HUMAN,597,,false,,2026-08-06,2010-10-05
Q9BZC7,surface,active,ABCA2_HUMAN,,no sliceable ECD span in the fetched entry,false,,2026-08-06,2018-09-12
Q99758,surface,active,ABCA3_HUMAN,,no sliceable ECD span in the fetched entry,false,,2026-08-06,2006-01-24
P78363,surface,active,ABCA4_HUMAN,604,,false,,2026-08-06,2000-05-30
Q8WWZ7,surface,active,ABCA5_HUMAN,,no sliceable ECD span in the fetched entry,false,,2026-08-06,2006-10-03
Q8N139,surface,active,ABCA6_HUMAN,,no sliceable ECD span in the fetched entry,false,,2026-08-06,2006-10-03
Q8IZY2,surface,active,ABCA7_HUMAN,507,,false,,2026-08-06,2007-12-04
O94911,surface,active,ABCA8_HUMAN,,no sliceable ECD span in the fetched entry,false,,2026-08-06,2021-02-10
Q8IUA7,surface,active,ABCA9_HUMAN,,no sliceable ECD span in the fetched entry,false,,2026-08-06,2003-03-01
Q86UK0,surface,active,ABCAC_HUMAN,,no sliceable ECD span in the fetched entry,false,,2026-08-06,2009-11-24
Q86UQ4,surface,active,ABCAD_HUMAN,,no sliceable ECD span in the fetched entry,false,,2026-08-06,2025-06-18
Q2M3G0,surface,active,ABCB5_HUMAN,,no sliceable ECD span in the fetched entry,false,,2026-08-06,2014-10-01
Q9NP78,surface,active,ABCB9_HUMAN,,no sliceable ECD span in the fetched entry,false,,2026-08-06,2000-10-01
O95342,surface,active,ABCBB_HUMAN,64,,false,,2026-08-06,2009-11-03
O60706,surface,active,ABCC9_HUMAN,97,,false,,2026-08-06,2008-11-25
Q96J66,surface,active,ABCCB_HUMAN,36,,false,,2026-08-06,2001-12-01
Q9UNQ0,surface,active,ABCG2_HUMAN,74,,false,,2026-08-06,2005-05-10
Q9H172,surface,active,ABCG4_HUMAN,64,,false,,2026-08-06,2001-12-05
Q9H222,surface,active,ABCG5_HUMAN,74,,false,,2026-08-06,2001-03-01
O00400,surface,active,ACATN_HUMAN,23,,false,,2026-08-06,1997-07-01
Q9BYF1,surface,active,ACE2_HUMAN,723,,false,,2026-08-06,2005-08-02
P22303,surface,active,ACES_HUMAN,,no sliceable ECD span in the fetched entry,false,,2026-08-06,1991-08-01
P12821,surface,active,ACE_HUMAN,1227,,false,,2026-08-06,1989-10-01
Q9GZZ6,surface,active,ACH10_HUMAN,213,,false,,2026-08-06,2001-03-01
Q15822,surface,active,ACHA2_HUMAN,238,,false,,2026-08-06,2010-10-05
P32297,surface,active,ACHA3_HUMAN,219,,false,,2026-08-06,2009-07-28
P43681,surface,active,ACHA4_HUMAN,223,,false,,2026-08-06,1996-02-01
P30532,surface,active,ACHA5_HUMAN,232,,false,,2026-08-06,1997-11-01
Q15825,surface,active,ACHA6_HUMAN,214,,false,,2026-08-06,1997-11-01
P36544,surface,active,ACHA7_HUMAN,211,,false,,2026-08-06,1997-11-01
Q9UGM1,surface,active,ACHA9_HUMAN,216,,false,,2026-08-06,2010-10-05
P02708,surface,active,ACHA_HUMAN,212,,false,,2026-08-06,2022-05-25
P17787,surface,active,ACHB2_HUMAN,213,,false,,2026-08-06,1990-08-01
Q05901,surface,active,ACHB3_HUMAN,216,,false,,2026-08-06,1997-11-01
P30926,surface,active,ACHB4_HUMAN,218,,false,,2026-08-06,1997-11-01
P11230,surface,active,ACHB_HUMAN,221,,false,,2026-08-06,2002-07-11
Q07001,surface,active,ACHD_HUMAN,224,,false,,2026-08-06,1994-06-01
Q04844,surface,active,ACHE_HUMAN,219,,false,,2026-08-06,1995-11-01
P07510,surface,active,ACHG_HUMAN,218,,false,,2026-08-06,2007-02-20
Q16570,surface,active,ACKR1_HUMAN,63,,false,,2026-08-06,2005-06-07
O00590,surface,active,ACKR2_HUMAN,50,,false,,2026-08-06,2002-05-02
P25106,surface,active,ACKR3_HUMAN,40,,false,,2026-08-06,2006-10-03
Q9NPB9,surface,active,ACKR4_HUMAN,42,,false,,2026-08-06,2000-10-01
P11229,surface,active,ACM1_HUMAN,22,,false,,2026-08-06,1990-11-01
P08172,surface,active,ACM2_HUMAN,20,,false,,2026-08-06,1988-08-01
P20309,surface,active,ACM3_HUMAN,67,,false,,2026-08-06,1991-02-01
P08173,surface,active,ACM4_HUMAN,31,,false,,2026-08-06,2002-09-19
P08912,surface,active,ACM5_HUMAN,29,,false,,2026-08-06,1994-06-01
Q01718,surface,active,ACTHR_HUMAN,27,,false,,2026-08-06,1993-07-01
P36896,surface,active,ACV1B_HUMAN,103,,false,,2026-08-06,1994-06-01
Q8NER5,surface,active,ACV1C_HUMAN,92,,false,,2026-08-06,2002-10-01
P37023,surface,active,ACVL1_HUMAN,97,,false,,2026-08-06,1998-12-15
Q04771,surface,active,ACVR1_HUMAN,103,,false,,2026-08-06,1994-02-01
O14672,surface,active,ADA10_HUMAN,653,,false,,2026-08-06,1998-01-01
O75078,surface,active,ADA11_HUMAN,509,,false,,2026-08-06,2006-10-03
O43184,surface,active,ADA12_HUMAN,501,,false,,2026-08-06,2009-05-05
Q13444,surface,active,ADA15_HUMAN,490,,false,,2026-08-06,2010-07-13
P78536,surface,active,ADA17_HUMAN,457,,false,,2026-08-06,1997-05-01
Q9Y3Q7,surface,active,ADA18_HUMAN,511,,false,,2026-08-06,1999-11-01
Q9H013,surface,active,ADA19_HUMAN,497,,false,,2026-08-06,2010-08-10
P35348,surface,active,ADA1A_HUMAN,27,,false,,2026-08-06,1995-11-01
P35368,surface,active,ADA1B_HUMAN,45,,false,,2026-08-06,2006-10-17
P25100,surface,active,ADA1D_HUMAN,95,,false,,2026-08-06,1995-11-01
O43506,surface,active,ADA20_HUMAN,487,,false,,2026-08-06,2008-11-25
Q9UKJ8,surface,active,ADA21_HUMAN,485,,false,,2026-08-06,2010-05-18
Q9P0K1,surface,active,ADA22_HUMAN,514,,false,,2026-08-06,2000-10-01
O75077,surface,active,ADA23_HUMAN,506,,false,,2026-08-06,1998-11-01
Q9UKQ2,surface,active,ADA28_HUMAN,467,,false,,2026-08-06,2011-01-11
Q9UKF5,surface,active,ADA29_HUMAN,481,,false,,2026-08-06,2007-04-17
P08913,surface,active,ADA2A_HUMAN,47,,false,,2026-08-06,2019-12-11
P18089,surface,active,ADA2B_HUMAN,22,,false,,2026-08-06,2017-03-15
P18825,surface,active,ADA2C_HUMAN,48,,false,,2026-08-06,2002-02-11
Q9UKF2,surface,active,ADA30_HUMAN,489,,false,,2026-08-06,2004-05-10
Q8TC27,surface,active,ADA32_HUMAN,508,,false,,2026-08-06,2010-05-18
Q9BZ11,surface,active,ADA33_HUMAN,672,,false,,2026-08-06,2002-03-27
Q99965,surface,active,ADAM2_HUMAN,512,,false,,2026-08-06,2003-02-01
Q9H2U9,surface,active,ADAM7_HUMAN,650,,false,,2026-08-06,2010-05-18
P78325,surface,active,ADAM8_HUMAN,639,,false,,2026-08-06,2012-10-03
Q13443,surface,active,ADAM9_HUMAN,669,,false,,2026-08-06,1996-11-01
Q08462,surface,active,ADCY2_HUMAN,,no sliceable ECD span in the fetched entry,false,,2026-08-06,2006-11-28
O60266,surface,active,ADCY3_HUMAN,,no sliceable ECD span in the fetched entry,false,,2026-08-06,2006-11-28
O95622,surface,active,ADCY5_HUMAN,53,,false,,2026-08-06,2006-11-28
O43306,surface,active,ADCY6_HUMAN,60,,false,,2026-08-06,2001-01-11
P51828,surface,active,ADCY7_HUMAN,,no sliceable ECD span in the fetched entry,false,,2026-08-06,1996-10-01
O60503,surface,active,ADCY9_HUMAN,34,,false,,2026-08-06,2002-12-13
Q86V24,surface,active,ADR2_HUMAN,17,,false,,2026-08-06,2003-06-01
P08588,surface,active,ADRB1_HUMAN,57,,false,,2026-08-06,2023-09-13
P07550,surface,active,ADRB2_HUMAN,29,,false,,2026-08-06,2010-05-18
P13945,surface,active,ADRB3_HUMAN,39,,false,,2026-08-06,1994-02-01
Q6UXC1,surface,active,AEGP_HUMAN,1129,,false,,2026-08-06,2007-05-15
P30556,surface,active,AGTR1_HUMAN,25,,false,,2026-08-06,1993-04-01
P50052,surface,active,AGTR2_HUMAN,45,,false,,2026-08-06,1996-10-01
Q9UKB5,surface,active,AJAP1_HUMAN,239,,false,,2026-08-06,2000-05-01
Q9UM73,surface,active,ALK_HUMAN,1020,,false,,2026-08-06,2010-05-18
P19021,surface,active,AMD_HUMAN,,no sliceable ECD span in the fetched entry,false,,2026-08-06,2002-09-19
Q86WK6,surface,active,AMGO1_HUMAN,345,,false,,2026-08-06,2003-06-01
Q86SJ2,surface,active,AMGO2_HUMAN,359,,false,,2026-08-06,2003-06-01
Q86WK7,surface,active,AMGO3_HUMAN,364,,false,,2026-08-06,2003-06-01
Q16671,surface,active,AMHR2_HUMAN,132,,false,,2026-08-06,1996-11-01
Q9BXJ7,surface,active,AMNLS_HUMAN,338,,false,,2026-08-06,2010-05-18
Q07075,surface,active,AMPE_HUMAN,918,,false,,2026-08-06,2010-05-18
P15144,surface,active,AMPN_HUMAN,935,,false,,2026-08-06,2007-04-03
Q9HCJ1,surface,active,ANKH_HUMAN,25,,false,,2026-08-06,2001-11-16
Q5XXA6,surface,active,ANO1_HUMAN,87,,false,,2026-08-06,2004-11-23
Q9NQ90,surface,active,ANO2_HUMAN,104,,false,,2026-08-06,2026-01-28
Q9BYT9,surface,active,ANO3_HUMAN,100,,false,,2026-08-06,2010-05-18
Q75V66,surface,active,ANO5_HUMAN,101,,false,,2026-08-06,2004-07-05
Q4KMQ2,surface,active,ANO6_HUMAN,93,,false,,2026-08-06,2006-10-17
Q6IWH7,surface,active,ANO7_HUMAN,105,,false,,2026-08-06,2011-05-31
A1A5B4,surface,active,ANO9_HUMAN,108,,false,,2026-08-06,2015-05-27
P16066,surface,active,ANPRA_HUMAN,441,,false,,2026-08-06,1990-04-01
P20594,surface,active,ANPRB_HUMAN,436,,false,,2026-08-06,1991-02-01
P17342,surface,active,ANPRC_HUMAN,455,,false,,2026-08-06,2003-01-10
Q9H6X2,surface,active,ANTR1_HUMAN,289,,false,,2026-08-06,2001-11-02
P58335,surface,active,ANTR2_HUMAN,285,,false,,2026-08-06,2010-10-05
A6NF34,surface,active,ANTRL_HUMAN,326,,false,,2026-08-06,2014-05-14
Q16853,surface,active,AOC3_HUMAN,737,,false,,2026-08-06,2007-01-23
Q8J025,surface,active,APCD1_HUMAN,466,,false,,2026-08-06,2003-03-01
P35414,surface,active,APJ_HUMAN,34,,false,,2026-08-06,1994-06-01
P51693,surface,active,APLP1_HUMAN,542,,false,,2026-08-06,2003-02-22
Q06481,surface,active,APLP2_HUMAN,661,,false,,2026-08-06,1996-10-01
Q96PS8,surface,active,AQP10_HUMAN,37,,false,,2026-08-06,2004-05-10
P29972,surface,active,AQP1_HUMAN,24,,false,,2026-08-06,2007-01-23
P41181,surface,active,AQP2_HUMAN,20,,false,,2026-08-06,1995-02-01
P55087,surface,active,AQP4_HUMAN,19,,false,,2026-08-06,1997-11-01
P55064,surface,active,AQP5_HUMAN,18,,false,,2026-08-06,1996-10-01
O94778,surface,active,AQP8_HUMAN,28,,false,,2026-08-06,2004-05-10
O43315,surface,active,AQP9_HUMAN,37,,false,,2026-08-06,2011-01-11
Q6UW56,surface,active,ARAID_HUMAN,169,,false,,2026-08-06,2009-06-16
P15514,surface,active,AREG_HUMAN,,no sliceable ECD span in the fetched entry,false,,2026-08-06,1991-02-01
P07306,surface,active,ASGR1_HUMAN,230,,false,,2026-08-06,2007-01-23
P07307,surface,active,ASGR2_HUMAN,232,,false,,2026-08-06,2008-12-16
P78348,surface,active,ASIC1_HUMAN,361,,false,,2026-08-06,2010-05-18
Q96FT7,surface,active,ASIC4_HUMAN,349,,false,,2026-08-06,2022-02-23
Q9NY37,surface,active,ASIC5_HUMAN,377,,false,,2026-08-06,2000-10-01
O14525,surface,active,ASTN1_HUMAN,900,,false,,2026-08-06,2005-05-10
O75129,surface,active,ASTN2_HUMAN,,no sliceable ECD span in the fetched entry,false,,2026-08-06,2007-10-23
Q9HD20,surface,active,AT131_HUMAN,179,,false,,2026-08-06,2001-10-18
Q9NQ11,surface,active,AT132_HUMAN,,no sliceable ECD span in the fetched entry,false,,2026-08-06,2001-06-01
Q9H7F0,surface,active,AT133_HUMAN,,no sliceable ECD span in the fetched entry,false,,2026-08-06,2009-02-10
Q4VNC0,surface,active,AT135_HUMAN,,no sliceable ECD span in the fetched entry,false,,2026-08-06,2005-07-05
P05023,surface,active,AT1A1_HUMAN,47,,false,,2026-08-06,1987-08-13
P50993,surface,active,AT1A2_HUMAN,52,,false,,2026-08-06,1996-10-01
P13637,surface,active,AT1A3_HUMAN,42,,false,,2026-08-06,2006-10-17
Q13733,surface,active,AT1A4_HUMAN,49,,false,,2026-08-06,2002-10-10
P05026,surface,active,AT1B1_HUMAN,241,,false,,2026-08-06,1987-08-13
P14415,surface,active,AT1B2_HUMAN,223,,false,,2026-08-06,2007-02-06
P54709,surface,active,AT1B3_HUMAN,223,,false,,2026-08-06,1996-10-01
Q9UN42,surface,active,AT1B4_HUMAN,,no sliceable ECD span in the fetched entry,false,,2026-08-06,2000-05-01
Q01814,surface,active,AT2B2_HUMAN,37,,false,,2026-08-06,2001-06-01
Q16720,surface,active,AT2B3_HUMAN,37,,false,,2026-08-06,2006-10-17
P23634,surface,active,AT2B4_HUMAN,37,,false,,2026-08-06,2001-06-01
Q7Z3C6,surface,active,ATG9A_HUMAN,,no sliceable ECD span in the fetched entry,false,,2026-08-06,2010-05-18
P51164,surface,active,ATP4B_HUMAN,234,,false,,2026-08-06,1996-10-01
Q5VV63,surface,active,ATRN1_HUMAN,1178,,false,,2026-08-06,2007-02-20
O75882,surface,active,ATRN_HUMAN,1196,,false,,2026-08-06,2001-04-27
P27037,surface,active,AVR2A_HUMAN,116,,false,,2026-08-06,1992-08-01
Q13705,surface,active,AVR2B_HUMAN,119,,false,,2026-08-06,2006-05-16
P02730,surface,active,B3AT_HUMAN,40,,false,,2026-08-06,1990-04-01
P56817,surface,active,BACE1_HUMAN,436,,false,,2026-08-06,2017-06-07
Q9Y5Z0,surface,active,BACE2_HUMAN,453,,false,,2026-08-06,1999-11-01
O14514,surface,active,BAI1_HUMAN,918,,false,,2026-08-06,2012-10-31
O60241,surface,active,BAI2_HUMAN,904,,false,,2026-08-06,2009-05-05
O60242,surface,active,BAI3_HUMAN,856,,false,,2026-08-06,2010-11-02
Q13145,surface,active,BAMBI_HUMAN,132,,false,,2026-08-06,1997-11-01
P35613,surface,active,BASI_HUMAN,188,,false,,2026-08-06,2004-08-31
P82251,surface,active,BAT1_HUMAN,28,,false,,2026-08-06,2000-05-01
P50895,surface,active,BCAM_HUMAN,516,,false,,2026-08-06,2006-03-07
Q8NFU1,surface,active,BEST2_HUMAN,19,,false,,2026-08-06,2002-10-01
Q8NFU0,surface,active,BEST4_HUMAN,34,,false,,2026-08-06,2002-10-01
P46663,surface,active,BKRB1_HUMAN,40,,false,,2026-08-06,2006-01-10
P30411,surface,active,BKRB2_HUMAN,60,,false,,2026-08-06,1997-11-01
Q13873,surface,active,BMPR2_HUMAN,124,,false,,2026-08-06,2000-12-01
P36894,surface,active,BMR1A_HUMAN,129,,false,,2026-08-06,2005-03-15
Q9BWV1,surface,active,BOC_HUMAN,825,,false,,2026-08-06,2001-06-01
P32247,surface,active,BRS3_HUMAN,41,,false,,2026-08-06,1993-10-01
Q10588,surface,active,BST1_HUMAN,,no sliceable ECD span in the fetched entry,false,,2026-08-06,2006-10-17
Q10589,surface,active,BST2_HUMAN,113,,false,,2026-08-06,1996-10-01
Q13410,surface,active,BT1A1_HUMAN,216,,false,,2026-08-06,2011-01-11
Q7KYR7,surface,active,BT2A1_HUMAN,220,,false,,2026-08-06,2008-11-25
Q8WVV5,surface,active,BT2A2_HUMAN,233,,false,,2026-08-06,2005-02-01
Q96KV6,surface,active,BT2A3_HUMAN,219,,false,,2026-08-06,2007-07-10
O00481,surface,active,BT3A1_HUMAN,225,,false,,2026-08-06,2006-10-31
P78410,surface,active,BT3A2_HUMAN,219,,false,,2026-08-06,2005-02-01
O00478,surface,active,BT3A3_HUMAN,219,,false,,2026-08-06,1997-07-01
P35070,surface,active,BTC_HUMAN,87,,false,,2026-08-06,1994-02-01
Q7Z6A9,surface,active,BTLA_HUMAN,127,,false,,2026-08-06,2010-05-18
Q6UXE8,surface,active,BTNL3_HUMAN,220,,false,,2026-08-06,2010-05-18
Q6UXG8,surface,active,BTNL9_HUMAN,222,,false,,2026-08-06,2004-07-05
A8MVZ5,surface,active,BTNLA_HUMAN,228,,false,,2026-08-06,2012-05-16
O95971,surface,active,BY55_HUMAN,,no sliceable ECD span in the fetched entry,false,,2026-08-06,1999-05-01
Q86VB7,surface,active,C163A_HUMAN,1009,,false,,2026-08-06,2010-11-30
Q9NR16,surface,active,C163B_HUMAN,1319,,false,,2026-08-06,2010-05-18
Q6UWJ8,surface,active,C16L2_HUMAN,112,,false,,2026-08-06,2018-09-12
Q9NPY3,surface,active,C1QR1_HUMAN,557,,false,,2026-08-06,2002-07-11
Q16581,surface,active,C3AR_HUMAN,172,,false,,2026-08-06,2003-10-03
P21730,surface,active,C5AR1_HUMAN,37,,false,,2026-08-06,2010-11-02
Q9P296,surface,active,C5AR2_HUMAN,38,,false,,2026-08-06,2000-10-01
Q5SY80,surface,active,CA101_HUMAN,884,,false,,2026-08-06,2004-12-21
Q96HA4,surface,active,CA159_HUMAN,,no sliceable ECD span in the fetched entry,false,,2026-08-06,2006-10-31
F2Z333,surface,active,CA233_HUMAN,162,,false,,2026-08-06,2011-05-31
Q13936,surface,active,CAC1C_HUMAN,60,,false,,2026-08-06,2010-10-05
O43497,surface,active,CAC1G_HUMAN,136,,false,,2026-08-06,2000-12-01
Q9P0X4,surface,active,CAC1I_HUMAN,145,,false,,2026-08-06,2000-10-01
Q9Y6N8,surface,active,CAD10_HUMAN,559,,false,,2026-08-06,2006-10-17
P55287,surface,active,CAD11_HUMAN,564,,false,,2026-08-06,2007-05-01
P55289,surface,active,CAD12_HUMAN,555,,false,,2026-08-06,2007-08-21
P55290,surface,active,CAD13_HUMAN,,no sliceable ECD span in the fetched entry,false,,2026-08-06,1996-10-01
P55291,surface,active,CAD15_HUMAN,546,,false,,2026-08-06,1996-10-01
O75309,surface,active,CAD16_HUMAN,768,,false,,2026-08-06,1998-11-01
Q12864,surface,active,CAD17_HUMAN,765,,false,,2026-08-06,2010-10-05
Q13634,surface,active,CAD18_HUMAN,555,,false,,2026-08-06,1996-11-01
Q9H159,surface,active,CAD19_HUMAN,553,,false,,2026-08-06,2001-03-01
Q9HBT6,surface,active,CAD20_HUMAN,560,,false,,2026-08-06,2008-02-26
Q9UJ99,surface,active,CAD22_HUMAN,589,,false,,2026-08-06,2001-03-01
Q9H251,surface,active,CAD23_HUMAN,3041,,false,,2026-08-06,2012-10-03
Q86UP0,surface,active,CAD24_HUMAN,597,,false,,2026-08-06,2003-06-01
Q8IXH8,surface,active,CAD26_HUMAN,587,,false,,2026-08-06,2018-09-12
P12830,surface,active,CADH1_HUMAN,555,,false,,2026-08-06,1993-07-01
P19022,surface,active,CADH2_HUMAN,565,,false,,2026-08-06,2006-10-17
P22223,surface,active,CADH3_HUMAN,547,,false,,2026-08-06,2007-05-01
P55283,surface,active,CADH4_HUMAN,565,,false,,2026-08-06,2005-11-08
P33151,surface,active,CADH5_HUMAN,552,,false,,2026-08-06,2011-02-08
P55285,surface,active,CADH6_HUMAN,562,,false,,2026-08-06,1996-10-01
Q9ULB5,surface,active,CADH7_HUMAN,580,,false,,2026-08-06,2010-05-18
P55286,surface,active,CADH8_HUMAN,560,,false,,2026-08-06,2001-04-27
Q9ULB4,surface,active,CADH9_HUMAN,562,,false,,2026-08-06,2006-12-12
Q9BY67,surface,active,CADM1_HUMAN,330,,false,,2026-08-06,2007-06-26
Q8N3J6,surface,active,CADM2_HUMAN,343,,false,,2026-08-06,2002-10-01
Q8N126,surface,active,CADM3_HUMAN,306,,false,,2026-08-06,2002-10-01
Q8NFZ8,surface,active,CADM4_HUMAN,304,,false,,2026-08-06,2002-10-01
O43570,surface,active,CAH12_HUMAN,277,,false,,2026-08-06,1998-06-01
Q9ULX7,surface,active,CAH14_HUMAN,275,,false,,2026-08-06,2000-05-01
P22748,surface,active,CAH4_HUMAN,,no sliceable ECD span in the fetched entry,false,,2026-08-06,1992-08-01
Q5VU97,surface,active,CAHD1_HUMAN,1060,,false,,2026-08-06,2007-09-11
Q9HA72,surface,active,CAHM2_HUMAN,47,,false,,2026-08-06,2001-03-01
P30988,surface,active,CALCR_HUMAN,122,,false,,2026-08-06,2022-10-12
Q16602,surface,active,CALRL_HUMAN,117,,false,,2026-08-06,2022-02-23
Q9NYX4,surface,active,CALY_HUMAN,87,,false,,2026-08-06,2000-10-01
Q96PB1,surface,active,CASD1_HUMAN,,no sliceable ECD span in the fetched entry,false,,2026-08-06,2001-12-01
P41180,surface,active,CASR_HUMAN,591,,false,,2026-08-06,2017-05-10
O75976,surface,active,CBPD_HUMAN,1268,,false,,2026-08-06,2006-10-03
P14384,surface,active,CBPM_HUMAN,,no sliceable ECD span in the fetched entry,false,,2026-08-06,2001-07-11
F5H4A9,surface,active,CC080_HUMAN,,no sliceable ECD span in the fetched entry,false,,2026-08-06,2011-06-28
Q9NV96,surface,active,CC50A_HUMAN,,no sliceable ECD span in the fetched entry,false,,2026-08-06,2000-10-01
A0ZSE6,surface,active,CC50C_HUMAN,58,,false,,2026-08-06,2007-06-26
Q06432,surface,active,CCG1_HUMAN,79,,false,,2026-08-06,1995-11-01
Q9Y698,surface,active,CCG2_HUMAN,,no sliceable ECD span in the fetched entry,false,,2026-08-06,1999-11-01
O60359,surface,active,CCG3_HUMAN,,no sliceable ECD span in the fetched entry,false,,2026-08-06,1998-08-01
Q9UBN1,surface,active,CCG4_HUMAN,77,,false,,2026-08-06,2000-05-01
Q9UF02,surface,active,CCG5_HUMAN,,no sliceable ECD span in the fetched entry,false,,2026-08-06,2002-05-10
Q9BXT2,surface,active,CCG6_HUMAN,,no sliceable ECD span in the fetched entry,false,,2026-08-06,2001-06-01
P62955,surface,active,CCG7_HUMAN,,no sliceable ECD span in the fetched entry,false,,2026-08-06,2004-08-31
Q8WXS5,surface,active,CCG8_HUMAN,,no sliceable ECD span in the fetched entry,false,,2026-08-06,2010-11-30
Q8WXS4,surface,active,CCGL_HUMAN,,no sliceable ECD span in the fetched entry,false,,2026-08-06,2010-05-18
P32238,surface,active,CCKAR_HUMAN,41,,false,,2026-08-06,1993-10-01
P46092,surface,active,CCR10_HUMAN,52,,false,,2026-08-06,2005-03-29
P32246,surface,active,CCR1_HUMAN,34,,false,,2026-08-06,1993-10-01
P41597,surface,active,CCR2_HUMAN,42,,false,,2026-08-06,1995-11-01
P51677,surface,active,CCR3_HUMAN,34,,false,,2026-08-06,1996-10-01
P51679,surface,active,CCR4_HUMAN,39,,false,,2026-08-06,1996-10-01
P51681,surface,active,CCR5_HUMAN,32,,false,,2026-08-06,1996-10-01
P51684,surface,active,CCR6_HUMAN,47,,false,,2026-08-06,1998-07-15
P32248,surface,active,CCR7_HUMAN,35,,false,,2026-08-06,1996-02-01
P51685,surface,active,CCR8_HUMAN,35,,false,,2026-08-06,1996-10-01
P51686,surface,active,CCR9_HUMAN,48,,false,,2026-08-06,2006-09-05
O00421,surface,active,CCRL2_HUMAN,43,,false,,2026-08-06,2006-05-30
Q6YHK3,surface,active,CD109_HUMAN,,no sliceable ECD span in the fetched entry,false,,2026-08-06,2006-10-31
P08571,surface,active,CD14_HUMAN,,no sliceable ECD span in the fetched entry,false,,2026-08-06,2002-03-27
P48509,surface,active,CD151_HUMAN,109,,false,,2026-08-06,2006-01-24
Q13740,surface,active,CD166_HUMAN,500,,false,,2026-08-06,2006-11-28
Q8N6Q3,surface,active,CD177_HUMAN,,no sliceable ECD span in the fetched entry,false,,2026-08-06,2006-04-04
Q99467,surface,active,CD180_HUMAN,603,,false,,2026-08-06,2010-05-18
P15391,surface,active,CD19_HUMAN,272,,false,,2026-08-06,2007-11-13
P06126,surface,active,CD1A_HUMAN,284,,false,,2026-08-06,2010-02-09
P29016,surface,active,CD1B_HUMAN,286,,false,,2026-08-06,1992-12-01
P29017,surface,active,CD1C_HUMAN,285,,false,,2026-08-06,2007-04-03
P15813,surface,active,CD1D_HUMAN,282,,false,,2026-08-06,1990-04-01
P15812,surface,active,CD1E_HUMAN,,no sliceable ECD span in the fetched entry,false,,2026-08-06,2009-07-28
P11836,surface,active,CD20_HUMAN,47,,false,,2026-08-06,1989-10-01
Q15762,surface,active,CD226_HUMAN,236,,false,,2026-08-06,2011-01-11
P20273,surface,active,CD22_HUMAN,668,,false,,2026-08-06,1999-07-15
Q9BZW8,surface,active,CD244_HUMAN,208,,false,,2026-08-06,2004-05-24
Q9HCU0,surface,active,CD248_HUMAN,670,,false,,2026-08-06,2001-03-01
P25063,surface,active,CD24_HUMAN,,no sliceable ECD span in the fetched entry,false,,2026-08-06,2018-03-28
Q5ZPR3,surface,active,CD276_HUMAN,438,,false,,2026-08-06,2004-11-23
P26842,surface,active,CD27_HUMAN,172,,false,,2026-08-06,2009-11-24
P10747,surface,active,CD28_HUMAN,134,,false,,2026-08-06,1989-07-01
P06729,surface,active,CD2_HUMAN,185,,false,,2026-08-06,2007-10-23
Q8IX05,surface,active,CD302_HUMAN,146,,false,,2026-08-06,2003-03-01
Q9NPF0,surface,active,CD320_HUMAN,194,,false,,2026-08-06,2000-10-01
P20138,surface,active,CD33_HUMAN,242,,false,,2026-08-06,2006-10-17
P28906,surface,active,CD34_HUMAN,259,,false,,2026-08-06,1998-07-15
P16671,surface,active,CD36_HUMAN,410,,false,,2026-08-06,2007-01-23
P11049,surface,active,CD37_HUMAN,130,,false,,2026-08-06,1990-11-01
P28907,surface,active,CD38_HUMAN,258,,false,,2026-08-06,2004-11-23
P04234,surface,active,CD3D_HUMAN,84,,false,,2026-08-06,1987-03-20
P09693,surface,active,CD3G_HUMAN,94,,false,,2026-08-06,1989-07-01
P29965,surface,active,CD40L_HUMAN,215,,false,,2026-08-06,1993-04-01
P16070,surface,active,CD44_HUMAN,629,,false,,2026-08-06,2010-10-05
Q08722,surface,active,CD47_HUMAN,123,,false,,2026-08-06,1995-11-01
P09326,surface,active,CD48_HUMAN,,no sliceable ECD span in the fetched entry,false,,2026-08-06,1991-11-01
P01730,surface,active,CD4_HUMAN,371,,false,,2026-08-06,1988-11-01
P31358,surface,active,CD52_HUMAN,,no sliceable ECD span in the fetched entry,false,,2026-08-06,1993-07-01
P19397,surface,active,CD53_HUMAN,75,,false,,2026-08-06,1990-11-01
P13987,surface,active,CD59_HUMAN,,no sliceable ECD span in the fetched entry,false,,2026-08-06,1990-01-01
P06127,surface,active,CD5_HUMAN,348,,false,,2026-08-06,2010-11-30
P08962,surface,active,CD63_HUMAN,101,,false,,2026-08-06,2007-01-23
P34810,surface,active,CD68_HUMAN,298,,false,,2026-08-06,2007-05-15
Q07108,surface,active,CD69_HUMAN,138,,false,,2026-08-06,1994-10-01
P30203,surface,active,CD6_HUMAN,385,,false,,2026-08-06,2009-12-15
P32970,surface,active,CD70_HUMAN,155,,false,,2026-08-06,2002-06-06
P11912,surface,active,CD79A_HUMAN,111,,false,,2026-08-06,1994-06-01
P40259,surface,active,CD79B_HUMAN,131,,false,,2026-08-06,1995-02-01
P09564,surface,active,CD7_HUMAN,155,,false,,2026-08-06,1989-07-01
P33681,surface,active,CD80_HUMAN,208,,false,,2026-08-06,1994-02-01
P27701,surface,active,CD82_HUMAN,118,,false,,2026-08-06,1992-08-01
Q01151,surface,active,CD83_HUMAN,125,,false,,2026-08-06,1993-04-01
P42081,surface,active,CD86_HUMAN,224,,false,,2026-08-06,2011-01-11
P01732,surface,active,CD8A_HUMAN,161,,false,,2026-08-06,1986-07-21
A6NJW9,surface,active,CD8BL_HUMAN,152,,false,,2026-08-06,2019-07-31
P10966,surface,active,CD8B_HUMAN,149,,false,,2026-08-06,1989-07-01
P48960,surface,active,CD97_HUMAN,532,,false,,2026-08-06,2006-03-21
P21926,surface,active,CD9_HUMAN,84,,false,,2026-08-06,2007-01-23
Q9H5V8,surface,active,CDCP1_HUMAN,638,,false,,2026-08-06,2011-01-11
Q96JP9,surface,active,CDHR1_HUMAN,681,,false,,2026-08-06,2008-02-05
Q9BYE9,surface,active,CDHR2_HUMAN,1134,,false,,2026-08-06,2008-10-14
Q6ZTQ4,surface,active,CDHR3_HUMAN,694,,false,,2026-08-06,2004-07-05
A6H8M9,surface,active,CDHR4_HUMAN,670,,false,,2026-08-06,2007-07-24
Q9HBB8,surface,active,CDHR5_HUMAN,644,,false,,2026-08-06,2010-05-18
Q4KMG0,surface,active,CDON_HUMAN,938,,false,,2026-08-06,2010-10-05
Q7Z692,surface,active,CEA19_HUMAN,125,,false,,2026-08-06,2004-07-05
Q6UY09,surface,active,CEA20_HUMAN,420,,false,,2026-08-06,2018-03-28
Q3KPI0,surface,active,CEA21_HUMAN,206,,false,,2026-08-06,2022-02-23
P13688,surface,active,CEAM1_HUMAN,394,,false,,2026-08-06,1993-07-01
P40198,surface,active,CEAM3_HUMAN,121,,false,,2026-08-06,2008-12-16
O75871,surface,active,CEAM4_HUMAN,120,,false,,2026-08-06,1999-08-01
P06731,surface,active,CEAM5_HUMAN,,no sliceable ECD span in the fetched entry,false,,2026-08-06,2022-02-23
P40199,surface,active,CEAM6_HUMAN,,no sliceable ECD span in the fetched entry,false,,2026-08-06,2022-02-23
Q14002,surface,active,CEAM7_HUMAN,,no sliceable ECD span in the fetched entry,false,,2026-08-06,2022-02-23
P31997,surface,active,CEAM8_HUMAN,,no sliceable ECD span in the fetched entry,false,,2026-08-06,1999-07-15
Q9NYQ6,surface,active,CELR1_HUMAN,2448,,false,,2026-08-06,2000-10-01
Q9HCU4,surface,active,CELR2_HUMAN,2349,,false,,2026-08-06,2001-03-01
Q9NYQ7,surface,active,CELR3_HUMAN,2508,,false,,2026-08-06,2009-05-05
P0CG37,surface,active,CFC1_HUMAN,,no sliceable ECD span in the fetched entry,false,,2026-08-06,2010-07-13
Q16880,surface,active,CGT_HUMAN,,no sliceable ECD span in the fetched entry,false,,2026-08-06,2010-05-18
Q9H9P2,surface,active,CHODL_HUMAN,195,,false,,2026-08-06,2001-10-18
Q8WUD6,surface,active,CHPT1_HUMAN,,no sliceable ECD span in the fetched entry,false,,2026-08-06,2002-03-01
Q96F05,surface,active,CK024_HUMAN,380,,false,,2026-08-06,2007-04-03
Q6NUJ2,surface,active,CK087_HUMAN,38,,false,,2026-08-06,2010-05-18
Q5QGZ9,surface,active,CL12A_HUMAN,201,,false,,2026-08-06,2010-10-05
Q2HXU8,surface,active,CL12B_HUMAN,212,,false,,2026-08-06,2006-03-07
Q6ZS10,surface,active,CL17A_HUMAN,185,,false,,2026-08-06,2010-07-13
Q86T13,surface,active,CLC14_HUMAN,376,,false,,2026-08-06,2003-06-01
Q8NC01,surface,active,CLC1A_HUMAN,207,,false,,2026-08-06,2006-10-17
Q9P126,surface,active,CLC1B_HUMAN,175,,false,,2026-08-06,2007-03-06
Q9UHP7,surface,active,CLC2D_HUMAN,132,,false,,2026-08-06,2000-05-01
Q6UXB4,surface,active,CLC4G_HUMAN,241,,false,,2026-08-06,2004-07-05
Q9H2X3,surface,active,CLC4M_HUMAN,329,,false,,2026-08-06,2001-03-01
Q9NY25,surface,active,CLC5A_HUMAN,161,,false,,2026-08-06,2000-10-01
Q9BXN2,surface,active,CLC7A_HUMAN,182,,false,,2026-08-06,2001-06-01
Q6UXN8,surface,active,CLC9A_HUMAN,185,,false,,2026-08-06,2004-07-05
Q9UQC9,surface,active,CLCA2_HUMAN,870,,false,,2026-08-06,2008-05-20
Q14CN2,surface,active,CLCA4_HUMAN,,no sliceable ECD span in the fetched entry,false,,2026-08-06,2008-07-22
P51801,surface,active,CLCKB_HUMAN,,no sliceable ECD span in the fetched entry,false,,2026-08-06,2010-02-09
P78369,surface,active,CLD10_HUMAN,59,,false,,2026-08-06,1998-08-01
O75508,surface,active,CLD11_HUMAN,60,,false,,2026-08-06,2000-05-30
P56749,surface,active,CLD12_HUMAN,56,,false,,2026-08-06,2000-05-30
P56746,surface,active,CLD15_HUMAN,50,,false,,2026-08-06,2000-05-30
Q9Y5I7,surface,active,CLD16_HUMAN,55,,false,,2026-08-06,2022-02-23
P56856,surface,active,CLD18_HUMAN,53,,false,,2026-08-06,2000-05-30
Q8N6F1,surface,active,CLD19_HUMAN,53,,false,,2026-08-06,2004-05-24
O95832,surface,active,CLD1_HUMAN,53,,false,,2026-08-06,1999-05-01
P56880,surface,active,CLD20_HUMAN,53,,false,,2026-08-06,2000-05-30
Q8N7P3,surface,active,CLD22_HUMAN,51,,false,,2026-08-06,2005-03-29
A6NM45,surface,active,CLD24_HUMAN,50,,false,,2026-08-06,2013-06-26
P57739,surface,active,CLD2_HUMAN,53,,false,,2026-08-06,2001-01-11
O15551,surface,active,CLD3_HUMAN,51,,false,,2026-08-06,1998-01-01
O14493,surface,active,CLD4_HUMAN,53,,false,,2026-08-06,1998-01-01
P56747,surface,active,CLD6_HUMAN,53,,false,,2026-08-06,2006-03-07
O95471,surface,active,CLD7_HUMAN,53,,false,,2026-08-06,2010-11-02
P56748,surface,active,CLD8_HUMAN,53,,false,,2026-08-06,2000-05-30
O95484,surface,active,CLD9_HUMAN,53,,false,,2026-08-06,1999-05-01
Q9NY35,surface,active,CLDN1_HUMAN,,no sliceable ECD span in the fetched entry,false,,2026-08-06,2000-10-01
Q8TDQ1,surface,active,CLM1_HUMAN,137,,false,,2026-08-06,2010-05-18
Q496F6,surface,active,CLM2_HUMAN,156,,false,,2026-08-06,2010-05-18
Q6UXZ3,surface,active,CLM4_HUMAN,147,,false,,2026-08-06,2004-07-05
Q08708,surface,active,CLM6_HUMAN,163,,false,,2026-08-06,1996-10-01
Q9UGN4,surface,active,CLM8_HUMAN,163,,false,,2026-08-06,2007-02-20
Q6UXG3,surface,active,CLM9_HUMAN,229,,false,,2026-08-06,2010-05-18
Q9H6B4,surface,active,CLMP_HUMAN,217,,false,,2026-08-06,2001-03-01
Q13286,surface,active,CLN3_HUMAN,,no sliceable ECD span in the fetched entry,false,,2026-08-06,1996-11-01
P58418,surface,active,CLRN1_HUMAN,,no sliceable ECD span in the fetched entry,false,,2026-08-06,2007-02-06
A0PK11,surface,active,CLRN2_HUMAN,,no sliceable ECD span in the fetched entry,false,,2026-08-06,2007-01-09
Q9Y271,surface,active,CLTR1_HUMAN,31,,false,,2026-08-06,1999-11-01
Q9NS75,surface,active,CLTR2_HUMAN,42,,false,,2026-08-06,2000-10-01
Q99788,surface,active,CML1_HUMAN,48,,false,,2026-08-06,2001-11-16
Q86TY3,surface,active,CN037_HUMAN,687,,false,,2026-08-06,2003-06-01
Q9NPU4,surface,active,CN132_HUMAN,,no sliceable ECD span in the fetched entry,false,,2026-08-06,2015-03-04
Q9H8M5,surface,active,CNNM2_HUMAN,250,,false,,2026-08-06,2007-07-24
Q8NE01,surface,active,CNNM3_HUMAN,,no sliceable ECD span in the fetched entry,false,,2026-08-06,2002-10-01
Q6P4Q7,surface,active,CNNM4_HUMAN,178,,false,,2026-08-06,2009-03-03
P21554,surface,active,CNR1_HUMAN,116,,false,,2026-08-06,1991-05-01
P34972,surface,active,CNR2_HUMAN,33,,false,,2026-08-06,1994-02-01
Q96NU0,surface,active,CNT3B_HUMAN,1220,,false,,2026-08-06,2018-03-28
P26992,surface,active,CNTFR_HUMAN,,no sliceable ECD span in the fetched entry,false,,2026-08-06,1996-02-01
Q12860,surface,active,CNTN1_HUMAN,,no sliceable ECD span in the fetched entry,false,,2026-08-06,1996-11-01
Q02246,surface,active,CNTN2_HUMAN,,no sliceable ECD span in the fetched entry,false,,2026-08-06,1993-07-01
Q9P232,surface,active,CNTN3_HUMAN,,no sliceable ECD span in the fetched entry,false,,2026-08-06,2010-05-18
Q8IWV2,surface,active,CNTN4_HUMAN,,no sliceable ECD span in the fetched entry,false,,2026-08-06,2003-03-01
O94779,surface,active,CNTN5_HUMAN,,no sliceable ECD span in the fetched entry,false,,2026-08-06,1999-11-01
Q9UQ52,surface,active,CNTN6_HUMAN,,no sliceable ECD span in the fetched entry,false,,2026-08-06,2000-05-01
P78357,surface,active,CNTP1_HUMAN,1264,,false,,2026-08-06,1997-05-01
Q9UHC6,surface,active,CNTP2_HUMAN,1235,,false,,2026-08-06,2000-05-01
Q9BZ76,surface,active,CNTP3_HUMAN,1220,,false,,2026-08-06,2008-10-14
Q9C0A0,surface,active,CNTP4_HUMAN,1216,,false,,2026-08-06,2008-10-14
Q8WYK1,surface,active,CNTP5_HUMAN,1213,,false,,2026-08-06,2002-03-01
O15431,surface,active,COPT1_HUMAN,61,,false,,2026-08-06,1998-01-01
Q9Y5Q5,surface,active,CORIN_HUMAN,976,,false,,2026-08-06,2011-01-11
Q8NHV5,surface,active,CP052_HUMAN,,no sliceable ECD span in the fetched entry,false,,2026-08-06,2014-05-14
P17927,surface,active,CR1_HUMAN,1930,,false,,2026-08-06,2010-03-02
P20023,surface,active,CR2_HUMAN,951,,false,,2026-08-06,2008-11-25
P34998,surface,active,CRFR1_HUMAN,90,,false,,2026-08-06,2024-05-29
Q13324,surface,active,CRFR2_HUMAN,113,,false,,2026-08-06,2000-05-30
Q9NZV1,surface,active,CRIM1_HUMAN,905,,false,,2026-08-06,2000-10-01
Q9HC73,surface,active,CRLF2_HUMAN,209,,false,,2026-08-06,2001-03-01
O95727,surface,active,CRTAM_HUMAN,270,,false,,2026-08-06,2007-06-26
P82279,surface,active,CRUM1_HUMAN,1322,,false,,2026-08-06,2005-07-19
Q5IJ48,surface,active,CRUM2_HUMAN,,no sliceable ECD span in the fetched entry,false,,2026-08-06,2006-10-17
Q9BUF7,surface,active,CRUM3_HUMAN,33,,false,,2026-08-06,2005-06-07
Q8NEA5,surface,active,CS018_HUMAN,71,,false,,2026-08-06,2002-10-01
Q9P1W3,surface,active,CSC1_HUMAN,37,,false,,2026-08-06,2000-10-01
O94886,surface,active,CSCL1_HUMAN,51,,false,,2026-08-06,2007-03-20
Q5T3F8,surface,active,CSCL2_HUMAN,40,,false,,2026-08-06,2004-12-21
P07333,surface,active,CSF1R_HUMAN,498,,false,,2026-08-06,1994-06-01
P09603,surface,active,CSF1_HUMAN,,no sliceable ECD span in the fetched entry,false,,2026-08-06,2010-11-02
P15509,surface,active,CSF2R_HUMAN,298,,false,,2026-08-06,1990-04-01
Q99062,surface,active,CSF3R_HUMAN,603,,false,,2026-08-06,1995-02-01
Q96PZ7,surface,active,CSMD1_HUMAN,3461,,false,,2026-08-06,2018-03-28
Q7Z408,surface,active,CSMD2_HUMAN,3408,,false,,2026-08-06,2006-10-17
Q6UVK1,surface,active,CSPG4_HUMAN,2195,,false,,2026-08-06,2010-05-18
O95196,surface,active,CSPG5_HUMAN,393,,false,,2026-08-06,2009-05-05
O94985,surface,active,CSTN1_HUMAN,831,,false,,2026-08-06,1999-05-01
Q9H4D0,surface,active,CSTN2_HUMAN,811,,false,,2026-08-06,2010-05-18
Q9BQT9,surface,active,CSTN3_HUMAN,828,,false,,2026-08-06,2001-06-01
Q8WWI5,surface,active,CTL1_HUMAN,,no sliceable ECD span in the fetched entry,false,,2026-08-06,2002-03-01
Q8IWA5,surface,active,CTL2_HUMAN,178,,false,,2026-08-06,2010-11-02
Q8N4M1,surface,active,CTL3_HUMAN,,no sliceable ECD span in the fetched entry,false,,2026-08-06,2009-09-22
Q53GD3,surface,active,CTL4_HUMAN,174,,false,,2026-08-06,2010-11-02
Q8NCS7,surface,active,CTL5_HUMAN,183,,false,,2026-08-06,2018-09-12
P16410,surface,active,CTLA4_HUMAN,126,,false,,2026-08-06,2003-01-10
O60931,surface,active,CTNS_HUMAN,,no sliceable ECD span in the fetched entry,false,,2026-08-06,2009-11-24
P30825,surface,active,CTR1_HUMAN,39,,false,,2026-08-06,1996-10-01
P52569,surface,active,CTR2_HUMAN,38,,false,,2026-08-06,2007-02-20
Q8WY07,surface,active,CTR3_HUMAN,34,,false,,2026-08-06,2002-03-01
O43246,surface,active,CTR4_HUMAN,,no sliceable ECD span in the fetched entry,false,,2026-08-06,2005-03-15
Q86XM0,surface,active,CTSRD_HUMAN,703,,false,,2026-08-06,2007-05-15
Q6ZRH7,surface,active,CTSRG_HUMAN,1030,,false,,2026-08-06,2008-11-25
Q86UP6,surface,active,CUZD1_HUMAN,,no sliceable ECD span in the fetched entry,false,,2026-08-06,2003-06-01
P49238,surface,active,CX3C1_HUMAN,31,,false,,2026-08-06,1996-02-01
P17302,surface,active,CXA1_HUMAN,32,,false,,2026-08-06,2007-01-23
Q9Y6H8,surface,active,CXA3_HUMAN,31,,false,,2026-08-06,2010-11-02
P35212,surface,active,CXA4_HUMAN,42,,false,,2026-08-06,2007-01-23
P78310,surface,active,CXAR_HUMAN,218,,false,,2026-08-06,1997-05-01
P08034,surface,active,CXB1_HUMAN,38,,false,,2026-08-06,1988-08-01
P29033,surface,active,CXB2_HUMAN,33,,false,,2026-08-06,2005-10-11
O75712,surface,active,CXB3_HUMAN,38,,false,,2026-08-06,1998-11-01
Q9NTQ9,surface,active,CXB4_HUMAN,33,,false,,2026-08-06,2000-10-01
O95377,surface,active,CXB5_HUMAN,38,,false,,2026-08-06,2000-12-01
O95452,surface,active,CXB6_HUMAN,38,,false,,2026-08-06,2003-09-19
Q6PEY0,surface,active,CXB7_HUMAN,35,,false,,2026-08-06,2004-07-05
P25024,surface,active,CXCR1_HUMAN,39,,false,,2026-08-06,2006-05-30
P25025,surface,active,CXCR2_HUMAN,48,,false,,2026-08-06,1996-02-01
P49682,surface,active,CXCR3_HUMAN,53,,false,,2026-08-06,1997-11-01
P61073,surface,active,CXCR4_HUMAN,38,,false,,2026-08-06,2004-04-26
P32302,surface,active,CXCR5_HUMAN,55,,false,,2026-08-06,1993-10-01
O00574,surface,active,CXCR6_HUMAN,32,,false,,2026-08-06,1997-07-01
Q9UKL4,surface,active,CXD2_HUMAN,33,,false,,2026-08-06,2000-05-01
Q5T442,surface,active,CXG2_HUMAN,32,,false,,2026-08-06,2004-12-21
Q8NFK1,surface,active,CXG3_HUMAN,41,,false,,2026-08-06,2002-10-01
Q9H2A7,surface,active,CXL16_HUMAN,176,,false,,2026-08-06,2008-10-14
P04839,surface,active,CY24B_HUMAN,45,,false,,2026-08-06,2007-01-23
P08174,surface,active,DAF_HUMAN,,no sliceable ECD span in the fetched entry,false,,2026-08-06,2005-03-01
Q14118,surface,active,DAG1_HUMAN,96,,false,,2026-08-06,2009-05-05
Q8N8Z6,surface,active,DCBD1_HUMAN,425,,false,,2026-08-06,2004-07-19
Q96PD2,surface,active,DCBD2_HUMAN,462,,false,,2026-08-06,2001-12-01
P43146,surface,active,DCC_HUMAN,1072,,false,,2026-08-06,2010-05-18
Q9H295,surface,active,DCSTP_HUMAN,91,,false,,2026-08-06,2001-03-01
Q08345,surface,active,DDR1_HUMAN,397,,false,,2026-08-06,1995-02-01
Q16832,surface,active,DDR2_HUMAN,378,,false,,2026-08-06,2008-11-25
Q9Y4D2,surface,active,DGLA_HUMAN,17,,false,,2026-08-06,2006-09-05
Q8NCG7,surface,active,DGLB_HUMAN,20,,false,,2026-08-06,2006-09-05
Q96SL1,surface,active,DIRC2_HUMAN,,no sliceable ECD span in the fetched entry,false,,2026-08-06,2001-12-01
Q96F81,surface,active,DISP1_HUMAN,,no sliceable ECD span in the fetched entry,false,,2026-08-06,2007-11-13
A7MBM2,surface,active,DISP2_HUMAN,,no sliceable ECD span in the fetched entry,false,,2026-08-06,2007-11-13
P80370,surface,active,DLK1_HUMAN,280,,false,,2026-08-06,2010-05-18
Q6UY11,surface,active,DLK2_HUMAN,280,,false,,2026-08-06,2004-07-05
O00548,surface,active,DLL1_HUMAN,528,,false,,2026-08-06,2006-10-31
Q9NYJ7,surface,active,DLL3_HUMAN,466,,false,,2026-08-06,2000-10-01
Q9NR61,surface,active,DLL4_HUMAN,503,,false,,2026-08-06,2000-10-01
P28067,surface,active,DMA_HUMAN,,no sliceable ECD span in the fetched entry,false,,2026-08-06,2024-11-27
P28068,surface,active,DMB_HUMAN,,no sliceable ECD span in the fetched entry,false,,2026-08-06,2022-02-23
Q8NFT8,surface,active,DNER_HUMAN,606,,false,,2026-08-06,2002-10-01
P06340,surface,active,DOA_HUMAN,192,,false,,2026-08-06,1988-01-01
P13765,surface,active,DOB_HUMAN,198,,false,,2026-08-06,1990-01-01
Q1HG43,surface,active,DOXA1_HUMAN,102,,false,,2026-08-06,2006-06-13
P20036,surface,active,DPA1_HUMAN,194,,false,,2026-08-06,1991-02-01
P04440,surface,active,DPB1_HUMAN,196,,false,,2026-08-06,1987-08-13
Q3MIW9,surface,active,DPCR1_HUMAN,419,,false,,2026-08-06,2008-02-26
P16444,surface,active,DPEP1_HUMAN,,no sliceable ECD span in the fetched entry,false,,2026-08-06,2006-03-07
Q9H4A9,surface,active,DPEP2_HUMAN,,no sliceable ECD span in the fetched entry,false,,2026-08-06,2018-03-28
Q9H4B8,surface,active,DPEP3_HUMAN,,no sliceable ECD span in the fetched entry,false,,2026-08-06,2006-04-04
Q8N608,surface,active,DPP10_HUMAN,741,,false,,2026-08-06,2010-05-18
P27487,surface,active,DPP4_HUMAN,738,,false,,2026-08-06,1996-02-01
P42658,surface,active,DPP6_HUMAN,749,,false,,2026-08-06,2008-12-16
P01909,surface,active,DQA1_HUMAN,193,,false,,2026-08-06,1986-07-21
P01906,surface,active,DQA2_HUMAN,194,,false,,2026-08-06,1991-02-01
P01920,surface,active,DQB1_HUMAN,198,,false,,2026-08-06,2010-03-02
P05538,surface,active,DQB2_HUMAN,197,,false,,2026-08-06,1991-02-01
P01903,surface,active,DRA_HUMAN,191,,false,,2026-08-06,2021-02-10
P79483,surface,active,DRB3_HUMAN,198,,false,,2026-08-06,1997-05-01
P13762,surface,active,DRB4_HUMAN,198,,false,,2026-08-06,2009-12-15
Q30154,surface,active,DRB5_HUMAN,198,,false,,2026-08-06,1996-11-01
P21728,surface,active,DRD1_HUMAN,29,,false,,2026-08-06,1991-05-01
P14416,surface,active,DRD2_HUMAN,37,,false,,2026-08-06,1990-04-01
P35462,surface,active,DRD3_HUMAN,32,,false,,2026-08-06,2022-02-23
P21917,surface,active,DRD4_HUMAN,29,,false,,2026-08-06,2019-04-10
P21918,surface,active,DRD5_HUMAN,43,,false,,2026-08-06,1992-03-01
Q08554,surface,active,DSC1_HUMAN,557,,false,,2026-08-06,2009-02-10
Q02487,surface,active,DSC2_HUMAN,559,,false,,2026-08-06,1994-02-01
Q14574,surface,active,DSC3_HUMAN,555,,false,,2026-08-06,2006-10-17
O60469,surface,active,DSCAM_HUMAN,1578,,false,,2026-08-06,2000-12-01
Q8TD84,surface,active,DSCL1_HUMAN,1573,,false,,2026-08-06,2005-08-16
Q02413,surface,active,DSG1_HUMAN,499,,false,,2026-08-06,2010-03-23
Q14126,surface,active,DSG2_HUMAN,560,,false,,2026-08-06,2007-05-29
P32926,surface,active,DSG3_HUMAN,566,,false,,2026-08-06,2009-06-16
Q86SJ6,surface,active,DSG4_HUMAN,582,,false,,2026-08-06,2003-06-01
Q9NRD9,surface,active,DUOX1_HUMAN,570,,false,,2026-08-06,2000-10-01
Q9NRD8,surface,active,DUOX2_HUMAN,576,,false,,2026-08-06,2010-05-18
Q8N1N2,surface,active,DYNAP_HUMAN,76,,false,,2026-08-06,2026-01-28
P43003,surface,active,EAA1_HUMAN,91,,false,,2026-08-06,1995-11-01
P43004,surface,active,EAA2_HUMAN,93,,false,,2026-08-06,1998-07-15
P43005,surface,active,EAA3_HUMAN,91,,false,,2026-08-06,1996-02-01
P48664,surface,active,EAA4_HUMAN,,no sliceable ECD span in the fetched entry,false,,2026-08-06,1996-02-01
O00341,surface,active,EAA5_HUMAN,102,,false,,2026-08-06,2008-09-23
Q15125,surface,active,EBP_HUMAN,,no sliceable ECD span in the fetched entry,false,,2026-08-06,2007-01-23
P42892,surface,active,ECE1_HUMAN,681,,false,,2026-08-06,1996-10-01
Q19T08,surface,active,ECSCR_HUMAN,100,,false,,2026-08-06,2006-07-11
Q9UNE0,surface,active,EDAR_HUMAN,161,,false,,2026-08-06,2000-05-01
Q92838,surface,active,EDA_HUMAN,329,,false,,2026-08-06,1999-07-15
P25101,surface,active,EDNRA_HUMAN,60,,false,,2026-08-06,1992-05-01
P24530,surface,active,EDNRB_HUMAN,75,,false,,2026-08-06,1992-03-01
P60507,surface,active,EFC1_HUMAN,496,,false,,2026-08-06,2004-03-01
P20827,surface,active,EFNA1_HUMAN,,no sliceable ECD span in the fetched entry,false,,2026-08-06,2005-08-30
O43921,surface,active,EFNA2_HUMAN,,no sliceable ECD span in the fetched entry,false,,2026-08-06,1998-06-01
P52797,surface,active,EFNA3_HUMAN,,no sliceable ECD span in the fetched entry,false,,2026-08-06,1996-10-01
P52798,surface,active,EFNA4_HUMAN,,no sliceable ECD span in the fetched entry,false,,2026-08-06,1996-10-01
P52803,surface,active,EFNA5_HUMAN,,no sliceable ECD span in the fetched entry,false,,2026-08-06,1996-10-01
P98172,surface,active,EFNB1_HUMAN,210,,false,,2026-08-06,1996-10-01
P52799,surface,active,EFNB2_HUMAN,202,,false,,2026-08-06,1996-10-01
Q15768,surface,active,EFNB3_HUMAN,199,,false,,2026-08-06,1996-11-01
P00533,surface,active,EGFR_HUMAN,621,,false,,2026-08-06,1997-11-01
P01133,surface,active,EGF_HUMAN,1010,,false,,2026-08-06,2009-07-07
P17813,surface,active,EGLN_HUMAN,561,,false,,2026-08-06,1998-07-15
P0C7U0,surface,active,ELFN1_HUMAN,391,,false,,2026-08-06,2013-06-26
Q9HBW9,surface,active,ELTD1_HUMAN,413,,false,,2026-08-06,2008-11-04
Q6PCB8,surface,active,EMB_HUMAN,228,,false,,2026-08-06,2004-07-05
P54849,surface,active,EMP1_HUMAN,,no sliceable ECD span in the fetched entry,false,,2026-08-06,1998-07-15
P54851,surface,active,EMP2_HUMAN,,no sliceable ECD span in the fetched entry,false,,2026-08-06,1996-10-01
P54852,surface,active,EMP3_HUMAN,,no sliceable ECD span in the fetched entry,false,,2026-08-06,1996-10-01
Q14246,surface,active,EMR1_HUMAN,579,,false,,2026-08-06,2010-03-02
Q9UHX3,surface,active,EMR2_HUMAN,517,,false,,2026-08-06,2006-06-13
Q9BY15,surface,active,EMR3_HUMAN,336,,false,,2026-08-06,2010-05-18
Q86SQ3,surface,active,EMR4_HUMAN,176,,false,,2026-08-06,2003-06-01
Q902F9,surface,active,EN113_HUMAN,543,,false,,2026-08-06,2024-10-02
Q9N2K0,surface,active,ENH1_HUMAN,488,,false,,2026-08-06,2000-10-01
Q9N2J8,surface,active,ENH3_HUMAN,480,,false,,2026-08-06,2000-10-01
Q9NX77,surface,active,ENK13_HUMAN,,no sliceable ECD span in the fetched entry,false,,2026-08-06,2004-05-24
O42043,surface,active,ENK18_HUMAN,,no sliceable ECD span in the fetched entry,false,,2026-08-06,2004-05-24
O71037,surface,active,ENK19_HUMAN,543,,false,,2026-08-06,2004-05-24
P61565,surface,active,ENK21_HUMAN,543,,false,,2026-08-06,2004-05-24
P61566,surface,active,ENK24_HUMAN,,no sliceable ECD span in the fetched entry,false,,2026-08-06,2004-05-24
P61570,surface,active,ENK25_HUMAN,,no sliceable ECD span in the fetched entry,false,,2026-08-06,2004-05-24
Q69384,surface,active,ENK6_HUMAN,543,,false,,2026-08-06,1996-11-01
P61567,surface,active,ENK7_HUMAN,,no sliceable ECD span in the fetched entry,false,,2026-08-06,2004-05-24
Q902F8,surface,active,ENK8_HUMAN,543,,false,,2026-08-06,2001-12-01
Q9UKH3,surface,active,ENK9_HUMAN,542,,false,,2026-08-06,2000-05-01
P22413,surface,active,ENPP1_HUMAN,828,,false,,2026-08-06,2002-09-19
Q9Y6X5,surface,active,ENPP4_HUMAN,392,,false,,2026-08-06,2008-03-18
Q9UJA9,surface,active,ENPP5_HUMAN,,no sliceable ECD span in the fetched entry,false,,2026-08-06,2000-05-01
Q6UWR7,surface,active,ENPP6_HUMAN,,no sliceable ECD span in the fetched entry,false,,2026-08-06,2006-06-13
P98073,surface,active,ENTK_HUMAN,972,,false,,2026-08-06,2011-01-11
P49961,surface,active,ENTP1_HUMAN,441,,false,,2026-08-06,1996-10-01
O75355,surface,active,ENTP3_HUMAN,442,,false,,2026-08-06,2006-09-19
P61550,surface,active,ENVT1_HUMAN,537,,false,,2026-08-06,2004-05-24
P16422,surface,active,EPCAM_HUMAN,242,,false,,2026-08-06,2007-11-13
Q9UNN8,surface,active,EPCR_HUMAN,193,,false,,2026-08-06,2000-05-01
Q6UW88,surface,active,EPGN_HUMAN,88,,false,,2026-08-06,2009-03-24
P21709,surface,active,EPHA1_HUMAN,522,,false,,2026-08-06,2011-01-11
P29317,surface,active,EPHA2_HUMAN,514,,false,,2026-08-06,2009-05-05
P29320,surface,active,EPHA3_HUMAN,521,,false,,2026-08-06,2006-10-17
P54764,surface,active,EPHA4_HUMAN,528,,false,,2026-08-06,1996-10-01
P54756,surface,active,EPHA5_HUMAN,549,,false,,2026-08-06,2009-09-22
Q9UF33,surface,active,EPHA6_HUMAN,528,,false,,2026-08-06,2014-05-14
Q15375,surface,active,EPHA7_HUMAN,528,,false,,2026-08-06,2007-05-01
P29322,surface,active,EPHA8_HUMAN,515,,false,,2026-08-06,2001-10-18
Q5JZY3,surface,active,EPHAA_HUMAN,532,,false,,2026-08-06,2013-04-03
P54762,surface,active,EPHB1_HUMAN,523,,false,,2026-08-06,1996-10-01
P29323,surface,active,EPHB2_HUMAN,525,,false,,2026-08-06,2005-09-27
P54753,surface,active,EPHB3_HUMAN,526,,false,,2026-08-06,2005-09-27
P54760,surface,active,EPHB4_HUMAN,524,,false,,2026-08-06,2001-10-18
O15197,surface,active,EPHB6_HUMAN,563,,false,,2026-08-06,2010-04-20
P19235,surface,active,EPOR_HUMAN,226,,false,,2026-08-06,1990-11-01
Q9NQ60,surface,active,EQTN_HUMAN,,no sliceable ECD span in the fetched entry,false,,2026-08-06,2007-05-15
P60509,surface,active,ERB1_HUMAN,,no sliceable ECD span in the fetched entry,false,,2026-08-06,2004-03-01
P04626,surface,active,ERBB2_HUMAN,630,,false,,2026-08-06,1987-08-13
P21860,surface,active,ERBB3_HUMAN,624,,false,,2026-08-06,1991-05-01
Q15303,surface,active,ERBB4_HUMAN,626,,false,,2026-08-06,1996-11-01
O14944,surface,active,EREG_HUMAN,60,,false,,2026-08-06,1998-01-01
Q96PL5,surface,active,ERMAP_HUMAN,126,,false,,2026-08-06,2001-12-01
Q7Z2K6,surface,active,ERMP1_HUMAN,,no sliceable ECD span in the fetched entry,false,,2026-08-06,2006-10-31
B6SEH8,surface,active,ERVV1_HUMAN,300,,false,,2026-08-06,2008-12-16
B6SEH9,surface,active,ERVV2_HUMAN,300,,false,,2026-08-06,2008-12-16
Q96AP7,surface,active,ESAM_HUMAN,219,,false,,2026-08-06,2001-12-01
A0FGR9,surface,active,ESYT3_HUMAN,,no sliceable ECD span in the fetched entry,false,,2026-08-06,2006-11-28
O60883,surface,active,ETBR2_HUMAN,109,,false,,2026-08-06,2010-11-02
P58658,surface,active,EVA1C_HUMAN,274,,false,,2026-08-06,2002-01-23
P22794,surface,active,EVI2A_HUMAN,103,,false,,2026-08-06,2010-03-23
P34910,surface,active,EVI2B_HUMAN,181,,false,,2026-08-06,2009-12-15
Q5VUB5,surface,active,F1711_HUMAN,282,,false,,2026-08-06,2004-12-07
A8MVW0,surface,active,F1712_HUMAN,286,,false,,2026-08-06,2007-12-04
Q6P995,surface,active,F171B_HUMAN,321,,false,,2026-08-06,2010-11-30
Q8TBP5,surface,active,F174A_HUMAN,94,,false,,2026-08-06,2002-06-01
Q3ZCQ3,surface,active,F174B_HUMAN,64,,false,,2026-08-06,2011-03-08
Q17R55,surface,active,F187B_HUMAN,318,,false,,2026-08-06,2007-04-17
P81408,surface,active,F189B_HUMAN,,no sliceable ECD span in the fetched entry,false,,2026-08-06,2010-04-20
Q8N5C1,surface,active,FA26E_HUMAN,45,,false,,2026-08-06,2002-10-01
Q14517,surface,active,FAT1_HUMAN,4160,,false,,2026-08-06,2011-05-31
Q9NYQ8,surface,active,FAT2_HUMAN,4030,,false,,2026-08-06,2010-05-18
Q8TDW7,surface,active,FAT3_HUMAN,4122,,false,,2026-08-06,2018-09-12
Q6V0I7,surface,active,FAT4_HUMAN,4466,,false,,2026-08-06,2008-03-18
Q8WWV6,surface,active,FCAMR_HUMAN,434,,false,,2026-08-06,2002-03-01
P24071,surface,active,FCAR_HUMAN,206,,false,,2026-08-06,1992-03-01
P12319,surface,active,FCERA_HUMAN,180,,false,,2026-08-06,1989-10-01
P12318,surface,active,FCG2A_HUMAN,184,,false,,2026-08-06,2007-11-13
P31994,surface,active,FCG2B_HUMAN,175,,false,,2026-08-06,2000-05-30
P31995,surface,active,FCG2C_HUMAN,181,,false,,2026-08-06,1993-07-01
P08637,surface,active,FCG3A_HUMAN,192,,false,,2026-08-06,1990-08-01
O75015,surface,active,FCG3B_HUMAN,,no sliceable ECD span in the fetched entry,false,,2026-08-06,2024-01-24
P12314,surface,active,FCGR1_HUMAN,277,,false,,2026-08-06,2004-07-19
Q92637,surface,active,FCGRB_HUMAN,183,,false,,2026-08-06,1997-02-01
A6NKC4,surface,inactive,FCGRC_HUMAN,,not fetched: uniprot_inactive,false,,,
P55899,surface,active,FCGRN_HUMAN,274,,false,,2026-08-06,1997-11-01
Q96LA6,surface,active,FCRL1_HUMAN,291,,false,,2026-08-06,2001-12-01
Q96LA5,surface,active,FCRL2_HUMAN,382,,false,,2026-08-06,2001-12-01
Q96P31,surface,active,FCRL3_HUMAN,556,,false,,2026-08-06,2001-12-01
Q96PJ5,surface,active,FCRL4_HUMAN,368,,false,,2026-08-06,2001-12-01
Q96RD9,surface,active,FCRL5_HUMAN,836,,false,,2026-08-06,2010-05-18
Q6DN72,surface,active,FCRL6_HUMAN,288,,false,,2026-08-06,2007-03-20
O14842,surface,active,FFAR1_HUMAN,36,,false,,2026-08-06,1998-01-01
O15552,surface,active,FFAR2_HUMAN,26,,false,,2026-08-06,1998-01-01
O14843,surface,active,FFAR3_HUMAN,25,,false,,2026-08-06,1998-01-01
Q5NUL3,surface,active,FFAR4_HUMAN,45,,false,,2026-08-06,2020-04-22
P11362,surface,active,FGFR1_HUMAN,355,,false,,2026-08-06,1991-05-01
P21802,surface,active,FGFR2_HUMAN,356,,false,,2026-08-06,1991-05-01
P22607,surface,active,FGFR3_HUMAN,353,,false,,2026-08-06,1991-08-01
P22455,surface,active,FGFR4_HUMAN,348,,false,,2026-08-06,2001-04-27
Q8N441,surface,active,FGRL1_HUMAN,354,,false,,2026-08-06,2002-10-01
Q9H9S5,surface,active,FKRP_HUMAN,,no sliceable ECD span in the fetched entry,false,,2026-08-06,2001-03-01
Q9NZU1,surface,active,FLRT1_HUMAN,504,,false,,2026-08-06,2024-01-24
O43155,surface,active,FLRT2_HUMAN,506,,false,,2026-08-06,1998-06-01
Q9NZU0,surface,active,FLRT3_HUMAN,500,,false,,2026-08-06,2000-10-01
P49771,surface,active,FLT3L_HUMAN,158,,false,,2026-08-06,1996-10-01
P36888,surface,active,FLT3_HUMAN,517,,false,,2026-08-06,2007-08-21
Q9Y5Y0,surface,active,FLVC1_HUMAN,18,,false,,2026-08-06,1999-11-01
Q9UPI3,surface,active,FLVC2_HUMAN,18,,false,,2026-08-06,2000-05-01
Q9H6D8,surface,active,FNDC4_HUMAN,123,,false,,2026-08-06,2001-03-01
Q8NAU1,surface,active,FNDC5_HUMAN,,no sliceable ECD span in the fetched entry,false,,2026-08-06,2025-02-05
Q8TBE3,surface,active,FNDC9_HUMAN,,no sliceable ECD span in the fetched entry,false,,2026-08-06,2008-11-04
Q04609,surface,active,FOLH1_HUMAN,707,,false,,2026-08-06,1994-06-01
P15328,surface,active,FOLR1_HUMAN,,no sliceable ECD span in the fetched entry,false,,2026-08-06,1994-06-01
P14207,surface,active,FOLR2_HUMAN,,no sliceable ECD span in the fetched entry,false,,2026-08-06,2006-10-17
P21462,surface,active,FPR1_HUMAN,43,,false,,2026-08-06,2010-02-09
P25090,surface,active,FPR2_HUMAN,29,,false,,2026-08-06,1993-07-01
P25089,surface,active,FPR3_HUMAN,43,,false,,2026-08-06,2003-11-07
Q9P2B2,surface,active,FPRP_HUMAN,807,,false,,2026-08-06,2003-02-01
Q86XX4,surface,active,FRAS1_HUMAN,3875,,false,,2026-08-06,2013-04-03
Q5SZK8,surface,active,FREM2_HUMAN,3067,,false,,2026-08-06,2022-02-23
Q6ZNA5,surface,active,FRRS1_HUMAN,,no sliceable ECD span in the fetched entry,false,,2026-08-06,2008-01-15
P23945,surface,active,FSHR_HUMAN,349,,false,,2026-08-06,2024-05-29
P09958,surface,active,FURIN_HUMAN,,no sliceable ECD span in the fetched entry,false,,2026-08-06,1990-04-01
Q9ULW2,surface,active,FZD10_HUMAN,205,,false,,2026-08-06,2000-05-01
Q9UP38,surface,active,FZD1_HUMAN,250,,false,,2026-08-06,2006-03-07
Q14332,surface,active,FZD2_HUMAN,224,,false,,2026-08-06,1996-11-01
Q9NPG1,surface,active,FZD3_HUMAN,183,,false,,2026-08-06,2000-10-01
Q9ULV1,surface,active,FZD4_HUMAN,176,,false,,2026-08-06,2005-03-29
Q13467,surface,active,FZD5_HUMAN,212,,false,,2026-08-06,2006-10-17
O60353,surface,active,FZD6_HUMAN,183,,false,,2026-08-06,2008-11-25
O75084,surface,active,FZD7_HUMAN,224,,false,,2026-08-06,2004-09-27
Q9H461,surface,active,FZD8_HUMAN,248,,false,,2026-08-06,2001-03-01
O00144,surface,active,FZD9_HUMAN,207,,false,,2026-08-06,1997-07-01
Q96N19,surface,active,G137A_HUMAN,,no sliceable ECD span in the fetched entry,false,,2026-08-06,2007-02-20
O60478,surface,active,G137B_HUMAN,,no sliceable ECD span in the fetched entry,false,,2026-08-06,1998-08-01
Q8N3F9,surface,active,G137C_HUMAN,,no sliceable ECD span in the fetched entry,false,,2026-08-06,2007-09-11
Q8NGA4,surface,active,G32P1_HUMAN,46,,false,,2026-08-06,2008-09-02
O95866,surface,active,G6B_HUMAN,125,,false,,2026-08-06,1999-05-01
O43826,surface,active,G6PT1_HUMAN,,no sliceable ECD span in the fetched entry,false,,2026-08-06,1998-06-01
Q9UBS5,surface,active,GABR1_HUMAN,572,,false,,2026-08-06,2000-05-01
O75899,surface,active,GABR2_HUMAN,442,,false,,2026-08-06,1998-11-01
P47211,surface,active,GALR1_HUMAN,36,,false,,2026-08-06,2010-11-02
O43603,surface,active,GALR2_HUMAN,28,,false,,2026-08-06,1998-06-01
O60755,surface,active,GALR3_HUMAN,25,,false,,2026-08-06,1998-08-01
P54826,surface,active,GAS1_HUMAN,,no sliceable ECD span in the fetched entry,false,,2026-08-06,2008-12-16
P32239,surface,active,GASR_HUMAN,55,,false,,2026-08-06,1993-10-01
P14867,surface,active,GBRA1_HUMAN,226,,false,,2026-08-06,2003-01-17
P47869,surface,active,GBRA2_HUMAN,221,,false,,2026-08-06,2007-02-20
P34903,surface,active,GBRA3_HUMAN,246,,false,,2026-08-06,1994-02-01
P48169,surface,active,GBRA4_HUMAN,224,,false,,2026-08-06,2008-09-23
P31644,surface,active,GBRA5_HUMAN,229,,false,,2026-08-06,1993-07-01
Q16445,surface,active,GBRA6_HUMAN,224,,false,,2026-08-06,2007-02-20
P18505,surface,active,GBRB1_HUMAN,220,,false,,2026-08-06,2002-10-10
P47870,surface,active,GBRB2_HUMAN,216,,false,,2026-08-06,2010-03-23
P28472,surface,active,GBRB3_HUMAN,221,,false,,2026-08-06,1992-12-01
O14764,surface,active,GBRD_HUMAN,227,,false,,2026-08-06,2005-02-15
P78334,surface,active,GBRE_HUMAN,258,,false,,2026-08-06,2001-02-21
Q8N1C3,surface,active,GBRG1_HUMAN,238,,false,,2026-08-06,2008-10-14
P18507,surface,active,GBRG2_HUMAN,236,,false,,2026-08-06,2023-06-28
Q99928,surface,active,GBRG3_HUMAN,239,,false,,2026-08-06,2001-05-04
O00591,surface,active,GBRP_HUMAN,218,,false,,2026-08-06,1997-07-01
P24046,surface,active,GBRR1_HUMAN,259,,false,,2026-08-06,2009-02-10
P28476,surface,active,GBRR2_HUMAN,240,,false,,2026-08-06,2012-10-31
A8MPY1,surface,active,GBRR3_HUMAN,242,,false,,2026-08-06,2008-04-29
Q9UN88,surface,active,GBRT_HUMAN,247,,false,,2026-08-06,2022-05-25
Q9HCC8,surface,active,GDPD2_HUMAN,281,,false,,2026-08-06,2001-03-01
Q8WTR4,surface,active,GDPD5_HUMAN,283,,false,,2026-08-06,2006-10-03
P56159,surface,active,GFRA1_HUMAN,,no sliceable ECD span in the fetched entry,false,,2026-08-06,2002-01-23
O00451,surface,active,GFRA2_HUMAN,,no sliceable ECD span in the fetched entry,false,,2026-08-06,2006-10-31
O60609,surface,active,GFRA3_HUMAN,,no sliceable ECD span in the fetched entry,false,,2026-08-06,2004-07-19
Q9GZZ7,surface,active,GFRA4_HUMAN,,no sliceable ECD span in the fetched entry,false,,2026-08-06,2003-04-23
Q6UXV0,surface,active,GFRAL_HUMAN,333,,false,,2026-08-06,2006-06-13
I3L273,surface,active,GFY_HUMAN,390,,false,,2026-08-06,2012-07-11
P19440,surface,active,GGT1_HUMAN,543,,false,,2026-08-06,2006-03-07
A6NGU5,surface,active,GGT3_HUMAN,542,,false,,2026-08-06,2008-01-15
Q9UJ14,surface,active,GGT7_HUMAN,535,,false,,2026-08-06,2007-07-10
Q02643,surface,active,GHRHR_HUMAN,108,,false,,2026-08-06,1998-07-15
P10912,surface,active,GHR_HUMAN,246,,false,,2026-08-06,1989-07-01
Q92847,surface,active,GHSR_HUMAN,40,,false,,2026-08-06,1997-02-01
Q9H7M9,surface,active,GI24_HUMAN,162,,false,,2026-08-06,2010-11-02
Q9NU53,surface,active,GINM1_HUMAN,245,,false,,2026-08-06,2000-10-01
P48546,surface,active,GIPR_HUMAN,117,,false,,2026-08-06,1996-02-01
Q6ZMI3,surface,active,GLDN_HUMAN,512,,false,,2026-08-06,2004-07-05
P48060,surface,active,GLIP1_HUMAN,,no sliceable ECD span in the fetched entry,false,,2026-08-06,2003-01-10
P43220,surface,active,GLP1R_HUMAN,116,,false,,2026-08-06,2010-11-02
O95838,surface,active,GLP2R_HUMAN,173,,false,,2026-08-06,1999-05-01
P02724,surface,active,GLPA_HUMAN,72,,false,,2026-08-06,2024-11-27
P04921,surface,active,GLPC_HUMAN,57,,false,,2026-08-06,1987-08-13
P57057,surface,active,GLPT_HUMAN,,no sliceable ECD span in the fetched entry,false,,2026-08-06,2011-01-11
P23415,surface,active,GLRA1_HUMAN,222,,false,,2026-08-06,2006-10-17
P23416,surface,active,GLRA2_HUMAN,229,,false,,2026-08-06,1991-11-01
O75311,surface,active,GLRA3_HUMAN,222,,false,,2026-08-06,2006-10-17
Q5JXX5,surface,inactive,GLRA4_HUMAN,,not fetched: uniprot_inactive,false,,,
P48167,surface,active,GLRB_HUMAN,246,,false,,2026-08-06,1996-02-01
P47871,surface,active,GLR_HUMAN,111,,false,,2026-08-06,1996-02-01
Q99445,surface,active,GML_HUMAN,,no sliceable ECD span in the fetched entry,false,,2026-08-06,1997-05-01
P30968,surface,active,GNRHR_HUMAN,38,,false,,2026-08-06,1993-07-01
Q96P88,surface,active,GNRR2_HUMAN,28,,false,,2026-08-06,2012-10-03
Q86XS8,surface,active,GOLI_HUMAN,167,,false,,2026-08-06,2003-06-01
Q96P66,surface,active,GP101_HUMAN,35,,false,,2026-08-06,2001-12-01
Q5VW38,surface,active,GP107_HUMAN,224,,false,,2026-08-06,2004-12-07
Q9NPR9,surface,active,GP108_HUMAN,,no sliceable ECD span in the fetched entry,false,,2026-08-06,2010-05-18
Q5T601,surface,active,GP110_HUMAN,564,,false,,2026-08-06,2010-08-10
Q8IZF7,surface,active,GP111_HUMAN,451,,false,,2026-08-06,2003-03-01
Q8IZF6,surface,active,GP112_HUMAN,2713,,false,,2026-08-06,2009-09-22
Q8IZF5,surface,active,GP113_HUMAN,750,,false,,2026-08-06,2003-03-01
Q8IZF4,surface,active,GP114_HUMAN,224,,false,,2026-08-06,2007-05-29
Q8IZF3,surface,active,GP115_HUMAN,385,,false,,2026-08-06,2010-05-18
Q8IZF2,surface,active,GP116_HUMAN,985,,false,,2026-08-06,2009-05-05
Q8TDV5,surface,active,GP119_HUMAN,23,,false,,2026-08-06,2002-06-01
Q86SQ6,surface,active,GP123_HUMAN,20,,false,,2026-08-06,2010-11-30
Q96PE1,surface,active,GP124_HUMAN,738,,false,,2026-08-06,2009-01-20
Q8IWK6,surface,active,GP125_HUMAN,728,,false,,2026-08-06,2004-07-19
Q86SQ4,surface,active,GP126_HUMAN,825,,false,,2026-08-06,2008-11-25
Q96K78,surface,active,GP128_HUMAN,412,,false,,2026-08-06,2009-05-05
Q9UNW8,surface,active,GP132_HUMAN,45,,false,,2026-08-06,2000-05-01
Q6QNK2,surface,active,GP133_HUMAN,542,,false,,2026-08-06,2004-07-05
Q6DWJ6,surface,active,GP139_HUMAN,29,,false,,2026-08-06,2004-08-16
Q7Z602,surface,active,GP141_HUMAN,31,,false,,2026-08-06,2003-10-01
Q7Z601,surface,active,GP142_HUMAN,152,,false,,2026-08-06,2003-10-01
P51810,surface,active,GP143_HUMAN,28,,false,,2026-08-06,1998-07-15
Q7Z7M1,surface,active,GP144_HUMAN,662,,false,,2026-08-06,2003-10-01
Q96CH1,surface,active,GP146_HUMAN,30,,false,,2026-08-06,2001-12-01
Q8TDV2,surface,active,GP148_HUMAN,51,,false,,2026-08-06,2010-11-02
Q86SP6,surface,active,GP149_HUMAN,35,,false,,2026-08-06,2005-12-20
Q8NGU9,surface,active,GP150_HUMAN,54,,false,,2026-08-06,2002-10-01
Q8TDV0,surface,active,GP151_HUMAN,41,,false,,2026-08-06,2002-06-01
Q8TDT2,surface,active,GP152_HUMAN,33,,false,,2026-08-06,2002-06-01
Q6NV75,surface,active,GP153_HUMAN,28,,false,,2026-08-06,2005-11-08
Q7Z3F1,surface,active,GP155_HUMAN,,no sliceable ECD span in the fetched entry,false,,2026-08-06,2005-06-21
Q8NFN8,surface,active,GP156_HUMAN,47,,false,,2026-08-06,2010-05-18
Q5UAW9,surface,active,GP157_HUMAN,26,,false,,2026-08-06,2005-08-16
Q5T848,surface,active,GP158_HUMAN,394,,false,,2026-08-06,2004-12-21
Q9UJ42,surface,active,GP160_HUMAN,23,,false,,2026-08-06,2000-05-01
Q8N6U8,surface,active,GP161_HUMAN,33,,false,,2026-08-06,2002-10-01
Q16538,surface,active,GP162_HUMAN,21,,false,,2026-08-06,1996-11-01
O14626,surface,active,GP171_HUMAN,28,,false,,2026-08-06,1998-01-01
Q9NS66,surface,active,GP173_HUMAN,28,,false,,2026-08-06,2000-10-01
Q9BXC1,surface,active,GP174_HUMAN,27,,false,,2026-08-06,2001-06-01
Q14439,surface,active,GP176_HUMAN,42,,false,,2026-08-06,1996-11-01
Q6PRD1,surface,active,GP179_HUMAN,356,,false,,2026-08-06,2006-01-10
Q86V85,surface,active,GP180_HUMAN,,no sliceable ECD span in the fetched entry,false,,2026-08-06,2003-06-01
O15218,surface,active,GP182_HUMAN,57,,false,,2026-08-06,1998-01-01
P32249,surface,active,GP183_HUMAN,31,,false,,2026-08-06,2008-09-02
P07359,surface,active,GP1BA_HUMAN,515,,false,,2026-08-06,2014-04-16
P13224,surface,active,GP1BB_HUMAN,121,,false,,2026-08-06,1990-01-01
P55259,surface,active,GP2_HUMAN,,no sliceable ECD span in the fetched entry,false,,2026-08-06,2008-11-25
Q99795,surface,active,GPA33_HUMAN,214,,false,,2026-08-06,1997-05-01
Q8TDU6,surface,active,GPBAR_HUMAN,21,,false,,2026-08-06,2002-06-01
P35052,surface,active,GPC1_HUMAN,,no sliceable ECD span in the fetched entry,false,,2026-08-06,2010-03-23
Q8N158,surface,active,GPC2_HUMAN,,no sliceable ECD span in the fetched entry,false,,2026-08-06,2002-10-01
P51654,surface,active,GPC3_HUMAN,,no sliceable ECD span in the fetched entry,false,,2026-08-06,1996-10-01
O75487,surface,active,GPC4_HUMAN,,no sliceable ECD span in the fetched entry,false,,2026-08-06,2003-05-16
Q9NZH0,surface,active,GPC5B_HUMAN,28,,false,,2026-08-06,2004-04-13
Q9NQ84,surface,active,GPC5C_HUMAN,32,,false,,2026-08-06,2004-04-13
Q9NZD1,surface,active,GPC5D_HUMAN,27,,false,,2026-08-06,2000-10-01
P78333,surface,active,GPC5_HUMAN,,no sliceable ECD span in the fetched entry,false,,2026-08-06,1997-05-01
Q5T6X5,surface,active,GPC6A_HUMAN,576,,false,,2026-08-06,2004-12-21
Q9Y625,surface,active,GPC6_HUMAN,,no sliceable ECD span in the fetched entry,false,,2026-08-06,1999-11-01
Q99527,surface,active,GPER1_HUMAN,62,,false,,2026-08-06,1997-05-01
P51674,surface,active,GPM6A_HUMAN,65,,false,,2026-08-06,1997-11-01
Q13491,surface,active,GPM6B_HUMAN,,no sliceable ECD span in the fetched entry,false,,2026-08-06,2002-04-03
Q14956,surface,active,GPNMB_HUMAN,476,,false,,2026-08-06,2005-03-15
P47775,surface,active,GPR12_HUMAN,48,,false,,2026-08-06,1996-02-01
P49685,surface,active,GPR15_HUMAN,33,,false,,2026-08-06,1996-02-01
Q13304,surface,active,GPR17_HUMAN,64,,false,,2026-08-06,2002-05-27
Q14330,surface,active,GPR18_HUMAN,32,,false,,2026-08-06,2006-03-07
Q15760,surface,active,GPR19_HUMAN,69,,false,,2026-08-06,2011-02-08
P46091,surface,active,GPR1_HUMAN,41,,false,,2026-08-06,2005-11-22
Q99678,surface,active,GPR20_HUMAN,48,,false,,2026-08-06,2009-12-15
Q99679,surface,active,GPR21_HUMAN,32,,false,,2026-08-06,1997-05-01
Q99680,surface,active,GPR22_HUMAN,45,,false,,2026-08-06,2006-10-17
O00155,surface,active,GPR25_HUMAN,39,,false,,2026-08-06,2004-05-10
Q8NDV2,surface,active,GPR26_HUMAN,24,,false,,2026-08-06,2002-10-01
Q9NS67,surface,active,GPR27_HUMAN,23,,false,,2026-08-06,2000-10-01
O00270,surface,active,GPR31_HUMAN,28,,false,,2026-08-06,2005-03-01
O75388,surface,active,GPR32_HUMAN,44,,false,,2026-08-06,1998-11-01
Q49SQ1,surface,active,GPR33_HUMAN,44,,false,,2026-08-06,2005-09-13
Q9UPC5,surface,active,GPR34_HUMAN,61,,false,,2026-08-06,2001-01-24
Q9HC97,surface,active,GPR35_HUMAN,17,,false,,2026-08-06,2005-06-21
O15354,surface,active,GPR37_HUMAN,239,,false,,2026-08-06,1999-01-01
O43194,surface,active,GPR39_HUMAN,45,,false,,2026-08-06,1998-06-01
P46089,surface,active,GPR3_HUMAN,42,,false,,2026-08-06,1995-11-01
O15529,surface,active,GPR42_HUMAN,25,,false,,2026-08-06,2023-06-28
Q9Y5Y3,surface,active,GPR45_HUMAN,38,,false,,2026-08-06,2005-11-22
P46093,surface,active,GPR4_HUMAN,16,,false,,2026-08-06,1996-10-01
Q9Y2T5,surface,active,GPR52_HUMAN,44,,false,,2026-08-06,2005-09-27
Q9Y2T6,surface,active,GPR55_HUMAN,22,,false,,2026-08-06,2005-05-10
Q9Y653,surface,active,GPR56_HUMAN,376,,false,,2026-08-06,2004-03-15
Q9BZJ8,surface,active,GPR61_HUMAN,44,,false,,2026-08-06,2005-09-27
Q9BZJ7,surface,active,GPR62_HUMAN,27,,false,,2026-08-06,2010-05-18
Q9BZJ6,surface,active,GPR63_HUMAN,81,,false,,2026-08-06,2001-10-01
Q8IZP9,surface,active,GPR64_HUMAN,590,,false,,2026-08-06,2009-05-05
P46095,surface,active,GPR6_HUMAN,74,,false,,2026-08-06,1995-11-01
O95800,surface,active,GPR75_HUMAN,46,,false,,2026-08-06,1999-05-01
Q96P69,surface,active,GPR78_HUMAN,25,,false,,2026-08-06,2004-04-13
Q96P67,surface,active,GPR82_HUMAN,64,,false,,2026-08-06,2001-12-01
Q9NYM4,surface,active,GPR83_HUMAN,54,,false,,2026-08-06,2008-11-04
Q9NQS5,surface,active,GPR84_HUMAN,26,,false,,2026-08-06,2000-10-01
P60893,surface,active,GPR85_HUMAN,30,,false,,2026-08-06,2004-04-13
Q9BY21,surface,active,GPR87_HUMAN,47,,false,,2026-08-06,2001-06-01
Q9GZN0,surface,active,GPR88_HUMAN,35,,false,,2026-08-06,2009-03-24
Q86Y34,surface,active,GPR97_HUMAN,250,,false,,2026-08-06,2003-06-01
Q8WXG9,surface,active,GPR98_HUMAN,5879,,false,,2026-08-06,2011-04-05
Q9HCN6,surface,active,GPVI_HUMAN,247,,false,,2026-08-06,2011-04-05
P40197,surface,active,GPV_HUMAN,507,,false,,2026-08-06,1995-02-01
P42261,surface,active,GRIA1_HUMAN,518,,false,,2026-08-06,2006-10-17
P42262,surface,active,GRIA2_HUMAN,519,,false,,2026-08-06,2002-10-10
P42263,surface,active,GRIA3_HUMAN,524,,false,,2026-08-06,2005-10-11
P48058,surface,active,GRIA4_HUMAN,523,,false,,2026-08-06,2008-12-16
Q9ULK0,surface,active,GRID1_HUMAN,542,,false,,2026-08-06,2003-11-14
O43424,surface,active,GRID2_HUMAN,543,,false,,2026-08-06,2009-05-05
P39086,surface,active,GRIK1_HUMAN,546,,false,,2026-08-06,1995-02-01
Q13002,surface,active,GRIK2_HUMAN,520,,false,,2026-08-06,1996-11-01
Q13003,surface,active,GRIK3_HUMAN,532,,false,,2026-08-06,2008-11-04
Q16099,surface,active,GRIK4_HUMAN,525,,false,,2026-08-06,2008-10-14
Q16478,surface,active,GRIK5_HUMAN,530,,false,,2026-08-06,2008-10-14
Q3KR37,surface,active,GRM1B_HUMAN,,no sliceable ECD span in the fetched entry,false,,2026-08-06,2005-11-08
Q13255,surface,active,GRM1_HUMAN,574,,false,,2026-08-06,2010-11-02
Q14416,surface,active,GRM2_HUMAN,549,,false,,2026-08-06,2005-09-27
Q14832,surface,active,GRM3_HUMAN,554,,false,,2026-08-06,2005-09-27
Q14833,surface,active,GRM4_HUMAN,555,,false,,2026-08-06,1997-11-01
P41594,surface,active,GRM5_HUMAN,559,,false,,2026-08-06,1996-10-01
O15303,surface,active,GRM6_HUMAN,561,,false,,2026-08-06,2009-06-16
Q14831,surface,active,GRM7_HUMAN,556,,false,,2026-08-06,1997-11-01
O00222,surface,active,GRM8_HUMAN,550,,false,,2026-08-06,2000-12-01
P30550,surface,active,GRPR_HUMAN,38,,false,,2026-08-06,1993-04-01
Q6UXU4,surface,active,GSG1L_HUMAN,103,,false,,2026-08-06,2008-04-29
A8MUP6,surface,active,GSG1M_HUMAN,91,,false,,2026-08-06,2015-10-14
Q2KHT4,surface,active,GSG1_HUMAN,,no sliceable ECD span in the fetched entry,false,,2026-08-06,2008-04-29
O95528,surface,active,GTR10_HUMAN,95,,false,,2026-08-06,2001-06-01
Q9BYW1,surface,active,GTR11_HUMAN,29,,false,,2026-08-06,2001-06-01
Q8TD20,surface,active,GTR12_HUMAN,100,,false,,2026-08-06,2002-06-01
Q8TDB8,surface,active,GTR14_HUMAN,38,,false,,2026-08-06,2002-06-01
P11166,surface,active,GTR1_HUMAN,33,,false,,2026-08-06,2006-10-03
P11168,surface,active,GTR2_HUMAN,67,,false,,2026-08-06,1989-07-01
P11169,surface,active,GTR3_HUMAN,32,,false,,2026-08-06,1989-07-01
P14672,surface,active,GTR4_HUMAN,36,,false,,2026-08-06,1990-04-01
P22732,surface,active,GTR5_HUMAN,29,,false,,2026-08-06,1991-08-01
Q9UGQ3,surface,active,GTR6_HUMAN,35,,false,,2026-08-06,2007-06-26
Q6PXP3,surface,active,GTR7_HUMAN,36,,false,,2026-08-06,2007-05-01
Q9NY64,surface,active,GTR8_HUMAN,27,,false,,2026-08-06,2007-04-17
Q9NRM0,surface,active,GTR9_HUMAN,35,,false,,2026-08-06,2010-07-13
P25092,surface,active,GUC2C_HUMAN,407,,false,,2026-08-06,2010-11-02
Q96D42,surface,active,HAVR1_HUMAN,275,,false,,2026-08-06,2019-04-10
Q8TDQ0,surface,active,HAVR2_HUMAN,181,,false,,2026-08-06,2010-11-02
Q99075,surface,active,HBEGF_HUMAN,141,,false,,2026-08-06,1994-06-01
Q9BXC0,surface,active,HCAR1_HUMAN,31,,false,,2026-08-06,2001-06-01
Q8TDS4,surface,active,HCAR2_HUMAN,33,,false,,2026-08-06,2002-06-01
P49019,surface,active,HCAR3_HUMAN,31,,false,,2026-08-06,2013-06-26
Q8IV16,surface,active,HDBP1_HUMAN,,no sliceable ECD span in the fetched entry,false,,2026-08-06,2022-02-23
A8MVW5,surface,active,HECA2_HUMAN,,no sliceable ECD span in the fetched entry,false,,2026-08-06,2007-12-04
Q14CZ8,surface,active,HECAM_HUMAN,207,,false,,2026-08-06,2006-08-22
Q9ULI3,surface,active,HEG1_HUMAN,1219,,false,,2026-08-06,2007-05-15
Q9BQS7,surface,active,HEPH_HUMAN,1087,,false,,2026-08-06,2004-09-27
Q30201,surface,active,HFE_HUMAN,284,,false,,2026-08-06,1997-11-01
P04233,surface,active,HG2A_HUMAN,224,,false,,2026-08-06,2002-04-16
Q9UM44,surface,active,HHLA2_HUMAN,,no sliceable ECD span in the fetched entry,false,,2026-08-06,2000-05-01
Q96MC6,surface,active,HIAT1_HUMAN,42,,false,,2026-08-06,2004-10-11
A8MVS5,surface,active,HIDE1_HUMAN,98,,false,,2026-08-06,2009-04-14
P13747,surface,active,HLAE_HUMAN,284,,false,,2026-08-06,2018-12-05
P30511,surface,active,HLAF_HUMAN,284,,false,,2026-08-06,2011-01-11
P17693,surface,active,HLAG_HUMAN,284,,false,,2026-08-06,1990-08-01
P01893,surface,active,HLAH_HUMAN,284,,false,,2026-08-06,2010-10-05
Q8TCT9,surface,active,HM13_HUMAN,,no sliceable ECD span in the fetched entry,false,,2026-08-06,2002-06-01
Q95460,surface,active,HMR1_HUMAN,280,,false,,2026-08-06,1997-02-01
Q6MZM0,surface,active,HPHL1_HUMAN,1090,,false,,2026-08-06,2008-09-02
P35367,surface,active,HRH1_HUMAN,29,,false,,2026-08-06,1994-06-01
P25021,surface,active,HRH2_HUMAN,20,,false,,2026-08-06,1992-05-01
Q9Y5N1,surface,active,HRH3_HUMAN,39,,false,,2026-08-06,2001-11-16
Q9H3N8,surface,active,HRH4_HUMAN,20,,false,,2026-08-06,2001-06-01
Q12891,surface,active,HYAL2_HUMAN,,no sliceable ECD span in the fetched entry,false,,2026-08-06,2010-11-02
P38567,surface,active,HYALP_HUMAN,,no sliceable ECD span in the fetched entry,false,,2026-08-06,1994-10-01
Q13651,surface,active,I10R1_HUMAN,214,,false,,2026-08-06,2011-02-08
Q08334,surface,active,I10R2_HUMAN,201,,false,,2026-08-06,2004-12-21
Q14626,surface,active,I11RA_HUMAN,347,,false,,2026-08-06,2004-11-23
P42701,surface,active,I12R1_HUMAN,522,,false,,2026-08-06,1995-11-01
Q99665,surface,active,I12R2_HUMAN,599,,false,,2026-08-06,1997-05-01
P78552,surface,active,I13R1_HUMAN,322,,false,,2026-08-06,1997-05-01
Q14627,surface,active,I13R2_HUMAN,317,,false,,2026-08-06,1996-11-01
Q13261,surface,active,I15RA_HUMAN,175,,false,,2026-08-06,1996-11-01
Q96F46,surface,active,I17RA_HUMAN,288,,false,,2026-08-06,2006-10-17
Q9NRM6,surface,active,I17RB_HUMAN,275,,false,,2026-08-06,2002-05-27
Q8NAC3,surface,active,I17RC_HUMAN,518,,false,,2026-08-06,2009-05-05
Q8NFM7,surface,active,I17RD_HUMAN,283,,false,,2026-08-06,2007-02-20
Q8NFR9,surface,active,I17RE_HUMAN,431,,false,,2026-08-06,2002-10-01
O95256,surface,active,I18RA_HUMAN,337,,false,,2026-08-06,1999-05-01
Q9UHF4,surface,active,I20RA_HUMAN,221,,false,,2026-08-06,2007-04-17
Q6UXL0,surface,active,I20RB_HUMAN,204,,false,,2026-08-06,2004-07-05
Q8N6P7,surface,active,I22R1_HUMAN,213,,false,,2026-08-06,2002-10-01
Q6UWB1,surface,active,I27RA_HUMAN,484,,false,,2026-08-06,2006-10-17
P05362,surface,active,ICAM1_HUMAN,453,,false,,2026-08-06,2005-06-21
P13598,surface,active,ICAM2_HUMAN,199,,false,,2026-08-06,2006-10-03
P32942,surface,active,ICAM3_HUMAN,456,,false,,2026-08-06,2008-09-23
Q14773,surface,active,ICAM4_HUMAN,210,,false,,2026-08-06,1997-11-01
Q9UMF0,surface,active,ICAM5_HUMAN,804,,false,,2026-08-06,2010-05-18
O75144,surface,active,ICOSL_HUMAN,238,,false,,2026-08-06,2001-08-14
Q9Y6W8,surface,active,ICOS_HUMAN,120,,false,,2026-08-06,1999-11-01
P98153,surface,active,IDD_HUMAN,329,,false,,2026-08-06,1996-10-01
Q8IVU1,surface,active,IGDC3_HUMAN,,no sliceable ECD span in the fetched entry,false,,2026-08-06,2010-05-18
Q8TDY8,surface,active,IGDC4_HUMAN,933,,false,,2026-08-06,2002-06-01
P08069,surface,active,IGF1R_HUMAN,195,,false,,2026-08-06,1988-08-01
Q9H665,surface,active,IGFR1_HUMAN,141,,false,,2026-08-06,2001-03-01
Q5DX21,surface,active,IGS11_HUMAN,219,,false,,2026-08-06,2010-11-02
Q8N6C5,surface,active,IGSF1_HUMAN,756,,false,,2026-08-06,2009-04-14
Q93033,surface,active,IGSF2_HUMAN,934,,false,,2026-08-06,2009-02-10
O75054,surface,active,IGSF3_HUMAN,1105,,false,,2026-08-06,2008-02-26
Q9NSI5,surface,active,IGSF5_HUMAN,266,,false,,2026-08-06,2008-02-05
O95976,surface,active,IGSF6_HUMAN,126,,false,,2026-08-06,2008-02-26
Q969P0,surface,active,IGSF8_HUMAN,552,,false,,2026-08-06,2001-12-01
Q13478,surface,active,IL18R_HUMAN,308,,false,,2026-08-06,1996-11-01
Q9NPH3,surface,active,IL1AP_HUMAN,347,,false,,2026-08-06,2003-08-22
P14778,surface,active,IL1R1_HUMAN,319,,false,,2026-08-06,1990-04-01
P27930,surface,active,IL1R2_HUMAN,330,,false,,2026-08-06,1992-08-01
Q9HBE5,surface,active,IL21R_HUMAN,213,,false,,2026-08-06,2001-03-01
Q5VWK5,surface,active,IL23R_HUMAN,332,,false,,2026-08-06,2010-11-02
P01589,surface,active,IL2RA_HUMAN,219,,false,,2026-08-06,1986-07-21
P14784,surface,active,IL2RB_HUMAN,214,,false,,2026-08-06,1990-04-01
P31785,surface,active,IL2RG_HUMAN,240,,false,,2026-08-06,1993-07-01
Q8NI17,surface,active,IL31R_HUMAN,500,,false,,2026-08-06,2002-10-01
P26951,surface,active,IL3RA_HUMAN,287,,false,,2026-08-06,1993-10-01
P32927,surface,active,IL3RB_HUMAN,427,,false,,2026-08-06,1996-02-01
P24394,surface,active,IL4RA_HUMAN,207,,false,,2026-08-06,1992-03-01
Q01344,surface,active,IL5RA_HUMAN,322,,false,,2026-08-06,2006-10-17
P08887,surface,active,IL6RA_HUMAN,346,,false,,2026-08-06,1988-11-01
P40189,surface,active,IL6RB_HUMAN,597,,false,,2026-08-06,2008-11-25
P16871,surface,active,IL7RA_HUMAN,219,,false,,2026-08-06,2018-09-12
Q01113,surface,active,IL9R_HUMAN,230,,false,,2026-08-06,2006-10-17
Q86SU0,surface,active,ILDR1_HUMAN,144,,false,,2026-08-06,2006-07-11
Q01638,surface,active,ILRL1_HUMAN,310,,false,,2026-08-06,2006-10-17
Q9HB29,surface,active,ILRL2_HUMAN,316,,false,,2026-08-06,2006-02-07
Q9BZV3,surface,active,IMPG2_HUMAN,1077,,false,,2026-08-06,2010-05-18
P17181,surface,active,INAR1_HUMAN,409,,false,,2026-08-06,2006-03-07
P48551,surface,active,INAR2_HUMAN,217,,false,,2026-08-06,1996-02-01
P15260,surface,active,INGR1_HUMAN,228,,false,,2026-08-06,1990-04-01
P38484,surface,active,INGR2_HUMAN,220,,false,,2026-08-06,2007-03-06
Q8IU57,surface,active,INLR1_HUMAN,208,,false,,2026-08-06,2003-03-01
P14616,surface,active,INSRR_HUMAN,175,,false,,2026-08-06,2001-01-11
P06213,surface,active,INSR_HUMAN,731,,false,,2026-08-06,2010-10-05
Q9NZN1,surface,active,IRPL1_HUMAN,339,,false,,2026-08-06,2003-08-22
Q9NP60,surface,active,IRPL2_HUMAN,338,,false,,2026-08-06,2000-10-01
Q6UXK2,surface,active,ISLR2_HUMAN,571,,false,,2026-08-06,2004-07-05
O75578,surface,active,ITA10_HUMAN,1100,,false,,2026-08-06,2006-10-03
Q9UKX5,surface,active,ITA11_HUMAN,1119,,false,,2026-08-06,2010-11-30
P56199,surface,active,ITA1_HUMAN,1113,,false,,2026-08-06,2007-01-23
P08514,surface,active,ITA2B_HUMAN,962,,false,,2026-08-06,2009-04-14
P17301,surface,active,ITA2_HUMAN,1103,,false,,2026-08-06,2022-02-23
P26006,surface,active,ITA3_HUMAN,959,,false,,2026-08-06,2011-09-21
P13612,surface,active,ITA4_HUMAN,943,,false,,2026-08-06,2010-11-02
P08648,surface,active,ITA5_HUMAN,954,,false,,2026-08-06,2002-10-10
P23229,surface,active,ITA6_HUMAN,1027,,false,,2026-08-06,2013-06-26
Q13683,surface,active,ITA7_HUMAN,1049,,false,,2026-08-06,2010-10-05
P53708,surface,active,ITA8_HUMAN,974,,false,,2026-08-06,2010-11-02
Q13797,surface,active,ITA9_HUMAN,952,,false,,2026-08-06,2009-05-05
Q13349,surface,active,ITAD_HUMAN,1082,,false,,2026-08-06,2010-05-18
P38570,surface,active,ITAE_HUMAN,1108,,false,,2026-08-06,2009-04-14
P20701,surface,active,ITAL_HUMAN,1065,,false,,2026-08-06,2006-02-07
P11215,surface,active,ITAM_HUMAN,1088,,false,,2026-08-06,1996-10-01
P06756,surface,active,ITAV_HUMAN,962,,false,,2026-08-06,2007-04-03
P20702,surface,active,ITAX_HUMAN,1088,,false,,2026-08-06,2007-05-01
P05556,surface,active,ITB1_HUMAN,708,,false,,2026-08-06,2008-12-16
P05107,surface,active,ITB2_HUMAN,678,,false,,2026-08-06,2024-01-24
P05106,surface,active,ITB3_HUMAN,692,,false,,2026-08-06,2007-02-06
P16144,surface,active,ITB4_HUMAN,683,,false,,2026-08-06,2011-01-11
P18084,surface,active,ITB5_HUMAN,696,,false,,2026-08-06,1990-11-01
P18564,surface,active,ITB6_HUMAN,688,,false,,2026-08-06,2001-04-27
P26010,surface,active,ITB7_HUMAN,704,,false,,2026-08-06,1992-05-01
P26012,surface,active,ITB8_HUMAN,642,,false,,2026-08-06,1992-05-01
Q8WWA0,surface,active,ITLN1_HUMAN,,no sliceable ECD span in the fetched entry,false,,2026-08-06,2002-03-01
Q9Y287,surface,active,ITM2B_HUMAN,,no sliceable ECD span in the fetched entry,false,,2026-08-06,1999-11-01
Q9NQX7,surface,active,ITM2C_HUMAN,,no sliceable ECD span in the fetched entry,false,,2026-08-06,2000-10-01
Q8IYV9,surface,active,IZUM1_HUMAN,271,,false,,2026-08-06,2010-05-18
Q5VZ72,surface,active,IZUM3_HUMAN,154,,false,,2026-08-06,2009-05-26
P78504,surface,active,JAG1_HUMAN,1034,,false,,2026-08-06,2002-05-02
Q9Y219,surface,active,JAG2_HUMAN,1054,,false,,2026-08-06,2006-10-17
Q9Y624,surface,active,JAM1_HUMAN,211,,false,,2026-08-06,1999-11-01
P57087,surface,active,JAM2_HUMAN,210,,false,,2026-08-06,2000-12-01
Q9BX67,surface,active,JAM3_HUMAN,210,,false,,2026-08-06,2001-06-01
Q86YT9,surface,active,JAML1_HUMAN,256,,false,,2026-08-06,2003-06-01
A6ND01,surface,active,JUNO_HUMAN,,no sliceable ECD span in the fetched entry,false,,2026-08-06,2011-01-11
Q92537,surface,active,K0247_HUMAN,81,,false,,2026-08-06,1997-02-01
Q5VV43,surface,active,K0319_HUMAN,935,,false,,2026-08-06,2004-12-07
Q6UXG2,surface,active,K1324_HUMAN,869,,false,,2026-08-06,2007-05-15
A8MWY0,surface,active,K132L_HUMAN,882,,false,,2026-08-06,2008-05-20
Q6ZVL6,surface,active,K154L_HUMAN,,no sliceable ECD span in the fetched entry,false,,2026-08-06,2008-07-01
Q3SXP7,surface,active,K1644_HUMAN,72,,false,,2026-08-06,2008-02-26
Q14500,surface,active,KCJ12_HUMAN,25,,false,,2026-08-06,2005-10-11
Q16558,surface,active,KCMB1_HUMAN,118,,false,,2026-08-06,2010-03-23
Q9Y691,surface,active,KCMB2_HUMAN,127,,false,,2026-08-06,1999-11-01
Q9NPA1,surface,active,KCMB3_HUMAN,126,,false,,2026-08-06,2006-03-07
Q86W47,surface,active,KCMB4_HUMAN,127,,false,,2026-08-06,2004-03-01
P22001,surface,active,KCNA3_HUMAN,41,,false,,2026-08-06,2008-11-25
Q8TDN1,surface,active,KCNG4_HUMAN,21,,false,,2026-08-06,2002-06-01
P48549,surface,active,KCNJ3_HUMAN,24,,false,,2026-08-06,1996-02-01
P48050,surface,active,KCNJ4_HUMAN,40,,false,,2026-08-06,1996-02-01
O95279,surface,active,KCNK5_HUMAN,,no sliceable ECD span in the fetched entry,false,,2026-08-06,1999-05-01
Q7Z418,surface,active,KCNKI_HUMAN,,no sliceable ECD span in the fetched entry,false,,2026-08-06,2003-10-01
Q96KK3,surface,active,KCNS1_HUMAN,31,,false,,2026-08-06,2002-03-01
Q8TDN2,surface,active,KCNV2_HUMAN,85,,false,,2026-08-06,2002-06-01
Q8NC54,surface,active,KCT2_HUMAN,147,,false,,2026-08-06,2005-07-05
P23276,surface,active,KELL_HUMAN,665,,false,,2026-08-06,1996-02-01
P43626,surface,active,KI2L1_HUMAN,224,,false,,2026-08-06,2024-01-24
P43627,surface,active,KI2L2_HUMAN,224,,false,,2026-08-06,1995-11-01
P43628,surface,active,KI2L3_HUMAN,224,,false,,2026-08-06,1995-11-01
Q99706,surface,active,KI2L4_HUMAN,221,,false,,2026-08-06,2011-03-08
Q8N109,surface,active,KI2LA_HUMAN,217,,false,,2026-08-06,2002-10-01
Q8NHK3,surface,active,KI2LB_HUMAN,217,,false,,2026-08-06,2018-03-28
Q14954,surface,active,KI2S1_HUMAN,224,,false,,2026-08-06,2018-03-28
P43631,surface,active,KI2S2_HUMAN,224,,false,,2026-08-06,2001-02-21
Q14952,surface,active,KI2S3_HUMAN,224,,false,,2026-08-06,1996-11-01
P43632,surface,active,KI2S4_HUMAN,224,,false,,2026-08-06,1997-11-01
Q14953,surface,active,KI2S5_HUMAN,224,,false,,2026-08-06,2018-02-28
P43629,surface,active,KI3L1_HUMAN,319,,false,,2026-08-06,1995-11-01
P43630,surface,active,KI3L2_HUMAN,319,,false,,2026-08-06,1995-11-01
Q8N743,surface,active,KI3L3_HUMAN,297,,false,,2026-08-06,2009-11-24
Q14943,surface,active,KI3S1_HUMAN,319,,false,,2026-08-06,2017-09-27
Q96J84,surface,active,KIRR1_HUMAN,483,,false,,2026-08-06,2004-10-11
Q6UWL6,surface,active,KIRR2_HUMAN,490,,false,,2026-08-06,2022-02-23
Q8IZU9,surface,active,KIRR3_HUMAN,514,,false,,2026-08-06,2003-03-01
Q969F8,surface,active,KISSR_HUMAN,46,,false,,2026-08-06,2007-02-06
P10721,surface,active,KIT_HUMAN,499,,false,,2026-08-06,1989-07-01
Q9UEF7,surface,active,KLOT_HUMAN,948,,false,,2026-08-06,2005-10-11
Q12918,surface,active,KLRB1_HUMAN,159,,false,,2026-08-06,1996-11-01
Q9NZS2,surface,active,KLRF1_HUMAN,172,,false,,2026-08-06,2019-02-13
D3W0D1,surface,active,KLRF2_HUMAN,156,,false,,2026-08-06,2010-04-20
Q96E93,surface,active,KLRG1_HUMAN,136,,false,,2026-08-06,2001-12-01
Q96MU8,surface,active,KREM1_HUMAN,372,,false,,2026-08-06,2008-07-22
Q8NCW0,surface,active,KREM2_HUMAN,339,,false,,2026-08-06,2002-10-01
P32004,surface,active,L1CAM_HUMAN,1101,,false,,2026-08-06,1996-10-01
A6NMS7,surface,active,L37A1_HUMAN,1547,,false,,2026-08-06,2011-05-31
A6NM11,surface,active,L37A2_HUMAN,1547,,false,,2026-08-06,2008-01-15
O60309,surface,active,L37A3_HUMAN,1546,,false,,2026-08-06,2005-12-06
Q6ZP29,surface,active,LAAT1_HUMAN,,no sliceable ECD span in the fetched entry,false,,2026-08-06,2004-07-05
P18627,surface,active,LAG3_HUMAN,428,,false,,2026-08-06,2009-07-07
Q6GTX8,surface,active,LAIR1_HUMAN,144,,false,,2026-08-06,2022-05-25
P11279,surface,active,LAMP1_HUMAN,,no sliceable ECD span in the fetched entry,false,,2026-08-06,2008-09-23
P13473,surface,active,LAMP2_HUMAN,,no sliceable ECD span in the fetched entry,false,,2026-08-06,1996-10-01
Q9UQV4,surface,active,LAMP3_HUMAN,,no sliceable ECD span in the fetched entry,false,,2026-08-06,2007-02-20
Q9UJQ1,surface,active,LAMP5_HUMAN,206,,false,,2026-08-06,2000-05-01
Q01650,surface,active,LAT1_HUMAN,28,,false,,2026-08-06,2001-01-24
O75387,surface,active,LAT3_HUMAN,,no sliceable ECD span in the fetched entry,false,,2026-08-06,1998-11-01
Q8N370,surface,active,LAT4_HUMAN,,no sliceable ECD span in the fetched entry,false,,2026-08-06,2002-10-01
Q6UX15,surface,active,LAYN_HUMAN,214,,false,,2026-08-06,2004-07-05
Q86UK5,surface,active,LBN_HUMAN,274,,false,,2026-08-06,2003-06-01
Q9UIQ6,surface,active,LCAP_HUMAN,894,,false,,2026-08-06,2007-04-17
P01130,surface,active,LDLR_HUMAN,767,,false,,2026-08-06,1986-07-21
P48357,surface,active,LEPR_HUMAN,818,,false,,2026-08-06,2006-10-17
P16150,surface,active,LEUK_HUMAN,234,,false,,2026-08-06,1990-04-01
P19256,surface,active,LFA3_HUMAN,187,,false,,2026-08-06,1990-11-01
Q9BWQ8,surface,active,LFG2_HUMAN,,no sliceable ECD span in the fetched entry,false,,2026-08-06,2001-06-01
Q9BXB1,surface,active,LGR4_HUMAN,520,,false,,2026-08-06,2008-07-22
O75473,surface,active,LGR5_HUMAN,540,,false,,2026-08-06,1998-11-01
Q9HBX8,surface,active,LGR6_HUMAN,543,,false,,2026-08-06,2007-09-11
Q86WI0,surface,active,LHPL1_HUMAN,,no sliceable ECD span in the fetched entry,false,,2026-08-06,2003-06-01
Q7Z7J7,surface,active,LHPL4_HUMAN,,no sliceable ECD span in the fetched entry,false,,2026-08-06,2003-10-01
P42702,surface,active,LIFR_HUMAN,789,,false,,2026-08-06,1995-11-01
Q96FE5,surface,active,LIGO1_HUMAN,520,,false,,2026-08-06,2004-10-11
Q7L985,surface,active,LIGO2_HUMAN,518,,false,,2026-08-06,2008-02-05
P0C6S8,surface,active,LIGO3_HUMAN,507,,false,,2026-08-06,2008-04-08
Q6UY18,surface,active,LIGO4_HUMAN,505,,false,,2026-08-06,2004-07-05
P06858,surface,active,LIPL_HUMAN,,no sliceable ECD span in the fetched entry,false,,2026-08-06,1988-01-01
O75019,surface,active,LIRA1_HUMAN,445,,false,,2026-08-06,1998-11-01
Q8N149,surface,active,LIRA2_HUMAN,426,,false,,2026-08-06,2022-05-25
P59901,surface,active,LIRA4_HUMAN,423,,false,,2026-08-06,2022-02-23
A6NI73,surface,active,LIRA5_HUMAN,227,,false,,2026-08-06,2007-07-24
Q6PI73,surface,active,LIRA6_HUMAN,424,,false,,2026-08-06,2007-07-10
Q8NHL6,surface,active,LIRB1_HUMAN,438,,false,,2026-08-06,2002-10-01
Q8N423,surface,active,LIRB2_HUMAN,439,,false,,2026-08-06,2022-02-23
O75022,surface,active,LIRB3_HUMAN,420,,false,,2026-08-06,2010-11-30
O75023,surface,active,LIRB5_HUMAN,435,,false,,2026-08-06,2022-02-23
Q9H0V9,surface,active,LMA2L_HUMAN,,no sliceable ECD span in the fetched entry,false,,2026-08-06,2001-03-01
Q12907,surface,active,LMAN2_HUMAN,,no sliceable ECD span in the fetched entry,false,,2026-08-06,1996-11-01
Q9NUN5,surface,active,LMBD1_HUMAN,57,,false,,2026-08-06,2000-10-01
Q68DH5,surface,active,LMBD2_HUMAN,52,,false,,2026-08-06,2004-10-11
Q8WVP7,surface,active,LMBR1_HUMAN,27,,false,,2026-08-06,2002-03-01
Q6UX01,surface,active,LMBRL_HUMAN,27,,false,,2026-08-06,2006-01-10
P55344,surface,active,LMIP_HUMAN,42,,false,,2026-08-06,2001-12-05
Q92633,surface,active,LPAR1_HUMAN,50,,false,,2026-08-06,2002-12-06
Q9HBW0,surface,active,LPAR2_HUMAN,30,,false,,2026-08-06,2022-02-23
Q9UBY5,surface,active,LPAR3_HUMAN,31,,false,,2026-08-06,2000-05-01
Q99677,surface,active,LPAR4_HUMAN,43,,false,,2026-08-06,1997-05-01
Q9H1C0,surface,active,LPAR5_HUMAN,30,,false,,2026-08-06,2001-03-01
P43657,surface,active,LPAR6_HUMAN,27,,false,,2026-08-06,2003-08-22
Q8NI32,surface,active,LPD6B_HUMAN,,no sliceable ECD span in the fetched entry,false,,2026-08-06,2002-10-01
O94910,surface,active,LPHN1_HUMAN,834,,false,,2026-08-06,1999-05-01
O95490,surface,active,LPHN2_HUMAN,826,,false,,2026-08-06,2004-04-26
Q9HAR2,surface,active,LPHN3_HUMAN,843,,false,,2026-08-06,2004-05-10
P09848,surface,active,LPH_HUMAN,1863,,false,,2026-08-06,2010-11-02
O14494,surface,active,LPP1_HUMAN,49,,false,,2026-08-06,1998-01-01
O43688,surface,active,LPP2_HUMAN,,no sliceable ECD span in the fetched entry,false,,2026-08-06,1998-06-01
O14495,surface,active,LPP3_HUMAN,50,,false,,2026-08-06,1998-01-01
Q8TBJ4,surface,active,LPPR1_HUMAN,,no sliceable ECD span in the fetched entry,false,,2026-08-06,2002-06-01
Q7Z2D5,surface,active,LPPR4_HUMAN,,no sliceable ECD span in the fetched entry,false,,2026-08-06,2003-10-01
Q32ZL2,surface,active,LPPR5_HUMAN,,no sliceable ECD span in the fetched entry,false,,2026-08-06,2008-02-26
Q96QE4,surface,active,LR37B_HUMAN,878,,false,,2026-08-06,2010-05-18
Q86YD5,surface,active,LRAD3_HUMAN,156,,false,,2026-08-06,2009-11-24
O15165,surface,active,LRAD4_HUMAN,,no sliceable ECD span in the fetched entry,false,,2026-08-06,1998-01-01
Q8TF66,surface,active,LRC15_HUMAN,517,,false,,2026-08-06,2011-05-31
Q9H756,surface,active,LRC19_HUMAN,246,,false,,2026-08-06,2001-03-01
Q50LG9,surface,active,LRC24_HUMAN,,no sliceable ECD span in the fetched entry,false,,2026-08-06,2010-05-18
Q8N386,surface,active,LRC25_HUMAN,145,,false,,2026-08-06,2004-05-24
Q14392,surface,active,LRC32_HUMAN,608,,false,,2026-08-06,1996-11-01
Q5VT99,surface,active,LRC38_HUMAN,,no sliceable ECD span in the fetched entry,false,,2026-08-06,2004-12-07
Q96PB8,surface,active,LRC3B_HUMAN,,no sliceable ECD span in the fetched entry,false,,2026-08-06,2001-12-01
Q9NT99,surface,active,LRC4B_HUMAN,541,,false,,2026-08-06,2006-04-04
Q9HCJ2,surface,active,LRC4C_HUMAN,,no sliceable ECD span in the fetched entry,false,,2026-08-06,2001-03-01
Q8N7C0,surface,active,LRC52_HUMAN,221,,false,,2026-08-06,2006-03-07
Q9P244,surface,active,LRFN1_HUMAN,505,,false,,2026-08-06,2008-05-20
Q9ULH4,surface,active,LRFN2_HUMAN,514,,false,,2026-08-06,2005-03-29
Q9BTN0,surface,active,LRFN3_HUMAN,523,,false,,2026-08-06,2001-06-01
Q6PJG9,surface,active,LRFN4_HUMAN,502,,false,,2026-08-06,2004-07-05
Q96NI6,surface,active,LRFN5_HUMAN,512,,false,,2026-08-06,2006-10-17
Q96JA1,surface,active,LRIG1_HUMAN,760,,false,,2026-08-06,2007-04-03
O94898,surface,active,LRIG2_HUMAN,767,,false,,2026-08-06,2004-10-11
Q6UXM1,surface,active,LRIG3_HUMAN,,no sliceable ECD span in the fetched entry,false,,2026-08-06,2004-07-05
Q9P2V4,surface,active,LRIT1_HUMAN,,no sliceable ECD span in the fetched entry,false,,2026-08-06,2000-10-01
A6NDA9,surface,active,LRIT2_HUMAN,,no sliceable ECD span in the fetched entry,false,,2026-08-06,2007-07-24
Q3SXY7,surface,active,LRIT3_HUMAN,,no sliceable ECD span in the fetched entry,false,,2026-08-06,2013-04-03
Q8ND94,surface,active,LRN4L_HUMAN,172,,false,,2026-08-06,2002-10-01
Q7Z4F1,surface,active,LRP10_HUMAN,424,,false,,2026-08-06,2004-04-13
Q86VZ4,surface,active,LRP11_HUMAN,413,,false,,2026-08-06,2006-03-07
Q9Y561,surface,active,LRP12_HUMAN,460,,false,,2026-08-06,1999-11-01
Q9NZR2,surface,active,LRP1B_HUMAN,4420,,false,,2026-08-06,2005-01-04
Q07954,surface,active,LRP1_HUMAN,4400,,false,,2026-08-06,2011-01-11
P98164,surface,active,LRP2_HUMAN,4398,,false,,2026-08-06,2007-11-13
O75074,surface,active,LRP3_HUMAN,460,,false,,2026-08-06,2005-12-20
O75096,surface,active,LRP4_HUMAN,1705,,false,,2026-08-06,2009-11-24
O75197,surface,active,LRP5_HUMAN,1353,,false,,2026-08-06,2005-04-12
O75581,surface,active,LRP6_HUMAN,1351,,false,,2026-08-06,2011-01-11
Q14114,surface,active,LRP8_HUMAN,785,,false,,2026-08-06,2009-09-22
Q9HBW1,surface,active,LRRC4_HUMAN,489,,false,,2026-08-06,2001-10-01
Q6UXK5,surface,active,LRRN1_HUMAN,606,,false,,2026-08-06,2004-07-05
O75325,surface,active,LRRN2_HUMAN,612,,false,,2026-08-06,2005-03-15
Q9H3W5,surface,active,LRRN3_HUMAN,606,,false,,2026-08-06,2001-03-01
Q8WUT4,surface,active,LRRN4_HUMAN,661,,false,,2026-08-06,2006-03-21
O43300,surface,active,LRRT2_HUMAN,389,,false,,2026-08-06,2004-07-19
Q86VH5,surface,active,LRRT3_HUMAN,389,,false,,2026-08-06,2005-06-21
Q86VH4,surface,active,LRRT4_HUMAN,394,,false,,2026-08-06,2008-02-05
Q9HBL6,surface,active,LRTM1_HUMAN,261,,false,,2026-08-06,2001-03-01
Q8N967,surface,active,LRTM2_HUMAN,275,,false,,2026-08-06,2002-10-01
Q13449,surface,active,LSAMP_HUMAN,,no sliceable ECD span in the fetched entry,false,,2026-08-06,2006-10-17
P22888,surface,active,LSHR_HUMAN,337,,false,,2026-08-06,2009-12-15
Q8N8F7,surface,active,LSME1_HUMAN,,no sliceable ECD span in the fetched entry,false,,2026-08-06,2002-10-01
Q15722,surface,active,LT4R1_HUMAN,26,,false,,2026-08-06,1998-07-15
Q9NPC1,surface,active,LT4R2_HUMAN,30,,false,,2026-08-06,2019-02-13
P29376,surface,active,LTK_HUMAN,408,,false,,2026-08-06,2007-04-03
O95867,surface,active,LY66C_HUMAN,,no sliceable ECD span in the fetched entry,false,,2026-08-06,1999-05-01
O95868,surface,active,LY66D_HUMAN,,no sliceable ECD span in the fetched entry,false,,2026-08-06,1999-05-01
Q5SQ64,surface,active,LY66F_HUMAN,219,,false,,2026-08-06,2008-02-26
Q14210,surface,active,LY6D_HUMAN,,no sliceable ECD span in the fetched entry,false,,2026-08-06,1997-11-01
Q16553,surface,active,LY6E_HUMAN,,no sliceable ECD span in the fetched entry,false,,2026-08-06,1996-11-01
O94772,surface,active,LY6H_HUMAN,,no sliceable ECD span in the fetched entry,false,,2026-08-06,1999-05-01
Q17RY6,surface,active,LY6K_HUMAN,,no sliceable ECD span in the fetched entry,false,,2026-08-06,2008-05-20
O60449,surface,active,LY75_HUMAN,1639,,false,,2026-08-06,2011-01-11
Q9HBG7,surface,active,LY9_HUMAN,407,,false,,2026-08-06,2005-07-19
P14151,surface,active,LYAM1_HUMAN,294,,false,,2026-08-06,1991-02-01
P16581,surface,active,LYAM2_HUMAN,535,,false,,2026-08-06,1990-08-01
P16109,surface,active,LYAM3_HUMAN,730,,false,,2026-08-06,2024-01-24
Q9BZG9,surface,inactive,LYNX1_HUMAN,,not fetched: uniprot_inactive,false,,,
Q8N2G4,surface,active,LYPD1_HUMAN,,no sliceable ECD span in the fetched entry,false,,2026-08-06,2006-03-07
Q6UXB3,surface,active,LYPD2_HUMAN,,no sliceable ECD span in the fetched entry,false,,2026-08-06,2004-07-05
O95274,surface,active,LYPD3_HUMAN,,no sliceable ECD span in the fetched entry,false,,2026-08-06,2006-03-07
Q6UWN0,surface,active,LYPD4_HUMAN,,no sliceable ECD span in the fetched entry,false,,2026-08-06,2006-03-07
Q6UWN5,surface,active,LYPD5_HUMAN,,no sliceable ECD span in the fetched entry,false,,2026-08-06,2006-03-07
Q6UX82,surface,active,LYPD8_HUMAN,,no sliceable ECD span in the fetched entry,false,,2026-08-06,2016-06-08
Q7Z3D4,surface,active,LYSM3_HUMAN,217,,false,,2026-08-06,2006-09-05
Q9Y5Y7,surface,active,LYVE1_HUMAN,219,,false,,2026-08-06,2006-10-03
Q8N5U1,surface,active,M4A15_HUMAN,,no sliceable ECD span in the fetched entry,false,,2026-08-06,2008-02-26
Q9H2W1,surface,active,M4A6A_HUMAN,48,,false,,2026-08-06,2001-03-01
A6NDP7,surface,active,MADL2_HUMAN,,no sliceable ECD span in the fetched entry,false,,2026-08-06,2009-11-24
P20916,surface,active,MAG_HUMAN,497,,false,,2026-08-06,1991-02-01
Q5VYJ5,surface,active,MALR1_HUMAN,,no sliceable ECD span in the fetched entry,false,,2026-08-06,2016-07-06
Q9H8J5,surface,active,MANS1_HUMAN,359,,false,,2026-08-06,2001-03-01
A6NHS7,surface,active,MANS4_HUMAN,260,,false,,2026-08-06,2012-10-31
P35410,surface,active,MAS1L_HUMAN,77,,false,,2026-08-06,1994-06-01
P04201,surface,active,MAS_HUMAN,36,,false,,2026-08-06,1987-03-20
P41968,surface,active,MC3R_HUMAN,37,,false,,2026-08-06,2012-07-11
P32245,surface,active,MC4R_HUMAN,47,,false,,2026-08-06,2004-10-25
P33032,surface,active,MC5R_HUMAN,37,,false,,2026-08-06,1995-02-01
Q99705,surface,active,MCHR1_HUMAN,44,,false,,2026-08-06,2024-01-24
Q969V1,surface,active,MCHR2_HUMAN,39,,false,,2026-08-06,2001-12-01
Q9GZU1,surface,active,MCLN1_HUMAN,212,,false,,2026-08-06,2001-03-01
P15529,surface,active,MCP_HUMAN,309,,false,,2026-08-06,2004-01-16
Q8NFP4,surface,active,MDGA1_HUMAN,,no sliceable ECD span in the fetched entry,false,,2026-08-06,2002-10-01
Q7Z553,surface,active,MDGA2_HUMAN,,no sliceable ECD span in the fetched entry,false,,2026-08-06,2004-04-13
P08183,surface,active,MDR1_HUMAN,49,,false,,2026-08-06,2009-05-26
P21439,surface,active,MDR3_HUMAN,45,,false,,2026-08-06,2007-02-20
Q96KG7,surface,active,MEG10_HUMAN,832,,false,,2026-08-06,2001-12-01
A6BM72,surface,active,MEG11_HUMAN,829,,false,,2026-08-06,2009-03-24
Q7Z7M0,surface,active,MEGF8_HUMAN,2620,,false,,2026-08-06,2008-12-16
Q9H1U4,surface,active,MEGF9_HUMAN,484,,false,,2026-08-06,2006-10-17
Q16819,surface,active,MEP1A_HUMAN,647,,false,,2026-08-06,2008-07-22
Q16820,surface,active,MEP1B_HUMAN,630,,false,,2026-08-06,2010-05-18
Q9H9K5,surface,active,MER34_HUMAN,462,,false,,2026-08-06,2001-03-01
Q12866,surface,active,MERTK_HUMAN,485,,false,,2026-08-06,2007-11-13
P08581,surface,active,MET_HUMAN,908,,false,,2026-08-06,2009-07-07
O75121,surface,active,MFA3L_HUMAN,121,,false,,2026-08-06,2004-07-19
P55082,surface,active,MFAP3_HUMAN,129,,false,,2026-08-06,1996-10-01
Q9BY79,surface,active,MFRP_HUMAN,489,,false,,2026-08-06,2001-06-01
O43934,surface,active,MFS11_HUMAN,,no sliceable ECD span in the fetched entry,false,,2026-08-06,2007-10-02
Q6NUT3,surface,active,MFS12_HUMAN,,no sliceable ECD span in the fetched entry,false,,2026-08-06,2007-02-06
A6NFX1,surface,active,MFS2B_HUMAN,,no sliceable ECD span in the fetched entry,false,,2026-08-06,2017-12-20
Q8IWD5,surface,active,MFS6L_HUMAN,,no sliceable ECD span in the fetched entry,false,,2026-08-06,2008-02-26
Q8N468,surface,active,MFSD4_HUMAN,,no sliceable ECD span in the fetched entry,false,,2026-08-06,2007-01-23
Q6N075,surface,active,MFSD5_HUMAN,,no sliceable ECD span in the fetched entry,false,,2026-08-06,2007-01-23
Q6ZSS7,surface,active,MFSD6_HUMAN,,no sliceable ECD span in the fetched entry,false,,2026-08-06,2008-02-26
Q6UXD7,surface,active,MFSD7_HUMAN,,no sliceable ECD span in the fetched entry,false,,2026-08-06,2004-07-05
Q8NHS3,surface,active,MFSD8_HUMAN,54,,false,,2026-08-06,2002-10-01
Q29983,surface,active,MICA_HUMAN,284,,false,,2026-08-06,1996-11-01
Q29980,surface,active,MICB_HUMAN,287,,false,,2026-08-06,2020-08-12
Q7Z6M3,surface,active,MILR1_HUMAN,208,,false,,2026-08-06,2007-10-23
P30301,surface,active,MIP_HUMAN,21,,false,,2026-08-06,1993-04-01
Q5HYA8,surface,active,MKS3_HUMAN,483,,false,,2026-08-06,2011-01-11
Q495T6,surface,active,MMEL1_HUMAN,,no sliceable ECD span in the fetched entry,false,,2026-08-06,2006-09-05
P50281,surface,active,MMP14_HUMAN,430,,false,,2026-08-06,2011-01-11
P51512,surface,active,MMP16_HUMAN,445,,false,,2026-08-06,1998-07-15
Q9ULZ9,surface,active,MMP17_HUMAN,,no sliceable ECD span in the fetched entry,false,,2026-08-06,2010-05-18
Q9NPA2,surface,active,MMP25_HUMAN,,no sliceable ECD span in the fetched entry,false,,2026-08-06,2000-10-01
Q8TD46,surface,active,MO2R1_HUMAN,237,,false,,2026-08-06,2023-05-03
Q6Q8B3,surface,active,MO2R2_HUMAN,216,,false,,2026-08-06,2008-09-02
Q16653,surface,active,MOG_HUMAN,125,,false,,2026-08-06,2011-01-11
Q6ZSM3,surface,active,MOT12_HUMAN,,no sliceable ECD span in the fetched entry,false,,2026-08-06,2018-11-07
P53985,surface,active,MOT1_HUMAN,11,,false,,2026-08-06,2010-11-30
O60669,surface,active,MOT2_HUMAN,23,,false,,2026-08-06,2010-11-30
O95907,surface,active,MOT3_HUMAN,23,,false,,2026-08-06,1999-05-01
O15374,surface,active,MOT5_HUMAN,22,,false,,2026-08-06,1998-01-01
O15375,surface,active,MOT6_HUMAN,15,,false,,2026-08-06,1998-01-01
O15403,surface,active,MOT7_HUMAN,20,,false,,2026-08-06,2008-09-23
Q2M385,surface,active,MPEG1_HUMAN,,no sliceable ECD span in the fetched entry,false,,2026-08-06,2006-02-21
P20645,surface,active,MPRD_HUMAN,,no sliceable ECD span in the fetched entry,false,,2026-08-06,1991-02-01
P11717,surface,active,MPRI_HUMAN,,no sliceable ECD span in the fetched entry,false,,2026-08-06,2011-01-11
O95297,surface,active,MPZL1_HUMAN,127,,false,,2026-08-06,1999-05-01
O60487,surface,active,MPZL2_HUMAN,128,,false,,2026-08-06,1998-08-01
Q6UWV2,surface,active,MPZL3_HUMAN,127,,false,,2026-08-06,2004-07-05
P22897,surface,active,MRC1_HUMAN,1371,,false,,2026-08-06,1991-08-01
Q9UBG0,surface,active,MRC2_HUMAN,1384,,false,,2026-08-06,2011-01-11
Q8TDS7,surface,active,MRGRD_HUMAN,24,,false,,2026-08-06,2002-06-01
Q86SM8,surface,active,MRGRE_HUMAN,26,,false,,2026-08-06,2014-07-09
Q96AM1,surface,active,MRGRF_HUMAN,44,,false,,2026-08-06,2001-12-01
Q86SM5,surface,active,MRGRG_HUMAN,22,,false,,2026-08-06,2006-10-03
Q96LB2,surface,active,MRGX1_HUMAN,24,,false,,2026-08-06,2001-12-01
Q96LB1,surface,active,MRGX2_HUMAN,28,,false,,2026-08-06,2001-12-01
Q96LB0,surface,active,MRGX3_HUMAN,31,,false,,2026-08-06,2010-11-02
Q96LA9,surface,active,MRGX4_HUMAN,27,,false,,2026-08-06,2011-02-08
P33527,surface,active,MRP1_HUMAN,37,,false,,2026-08-06,2010-05-18
Q92887,surface,active,MRP2_HUMAN,41,,false,,2026-08-06,2010-10-05
O15438,surface,active,MRP3_HUMAN,37,,false,,2026-08-06,2000-05-30
O15439,surface,active,MRP4_HUMAN,13,,false,,2026-08-06,2008-09-23
O15440,surface,active,MRP5_HUMAN,,no sliceable ECD span in the fetched entry,false,,2026-08-06,2000-12-01
Q5T3U5,surface,active,MRP7_HUMAN,,no sliceable ECD span in the fetched entry,false,,2026-08-06,2004-12-21
Q96J65,surface,active,MRP9_HUMAN,,no sliceable ECD span in the fetched entry,false,,2026-08-06,2025-06-18
Q9Y6F6,surface,active,MRVI1_HUMAN,,no sliceable ECD span in the fetched entry,false,,2026-08-06,2019-07-31
Q01726,surface,active,MSHR_HUMAN,41,,false,,2026-08-06,2000-12-01
Q96KJ4,surface,active,MSLNL_HUMAN,603,,false,,2026-08-06,2010-11-30
Q13421,surface,active,MSLN_HUMAN,,no sliceable ECD span in the fetched entry,false,,2026-08-06,2026-06-10
P21757,surface,active,MSRE_HUMAN,375,,false,,2026-08-06,1991-05-01
O43193,surface,active,MTLR_HUMAN,68,,false,,2026-08-06,1998-06-01
P48039,surface,active,MTR1A_HUMAN,29,,false,,2026-08-06,1996-02-01
P49286,surface,active,MTR1B_HUMAN,42,,false,,2026-08-06,1996-02-01
Q13585,surface,active,MTR1L_HUMAN,30,,false,,2026-08-06,2010-05-18
Q9UKN1,surface,active,MUC12_HUMAN,5364,,false,,2026-08-06,2008-04-29
Q9H3R2,surface,active,MUC13_HUMAN,403,,false,,2026-08-06,2014-05-14
Q8N387,surface,active,MUC15_HUMAN,213,,false,,2026-08-06,2005-12-20
Q8WXI7,surface,active,MUC16_HUMAN,14451,,false,,2026-08-06,2016-05-11
Q685J3,surface,active,MUC17_HUMAN,4368,,false,,2026-08-06,2010-05-18
P43121,surface,active,MUC18_HUMAN,536,,false,,2026-08-06,2006-01-10
P15941,surface,active,MUC1_HUMAN,1135,,false,,2026-08-06,2010-05-18
Q5SSG8,surface,active,MUC21_HUMAN,455,,false,,2026-08-06,2010-05-18
E2RYF6,surface,active,MUC22_HUMAN,1634,,false,,2026-08-06,2012-10-03
Q04900,surface,active,MUC24_HUMAN,139,,false,,2026-08-06,2009-09-01
Q02505,surface,active,MUC3A_HUMAN,,no sliceable ECD span in the fetched entry,false,,2026-08-06,2016-04-13
Q9H195,surface,active,MUC3B_HUMAN,,no sliceable ECD span in the fetched entry,false,,2026-08-06,2023-09-13
Q99102,surface,active,MUC4_HUMAN,,no sliceable ECD span in the fetched entry,false,,2026-08-06,2021-09-29
Q9ULC0,surface,active,MUCEN_HUMAN,172,,false,,2026-08-06,2004-07-19
O15146,surface,active,MUSK_HUMAN,472,,false,,2026-08-06,1998-01-01
Q9BRK3,surface,active,MXRA8_HUMAN,322,,false,,2026-08-06,2001-06-01
Q96S97,surface,active,MYADM_HUMAN,,no sliceable ECD span in the fetched entry,false,,2026-08-06,2002-03-01
Q96QE2,surface,active,MYCT_HUMAN,94,,false,,2026-08-06,2010-04-20
Q9NZM1,surface,active,MYOF_HUMAN,15,,false,,2026-08-06,2000-10-01
P25189,surface,active,MYP0_HUMAN,124,,false,,2026-08-06,1992-05-01
P60201,surface,active,MYPR_HUMAN,56,,false,,2026-08-06,2007-01-23
Q9BZM6,surface,active,N2DL1_HUMAN,,no sliceable ECD span in the fetched entry,false,,2026-08-06,2001-06-01
Q9BZM5,surface,active,N2DL2_HUMAN,,no sliceable ECD span in the fetched entry,false,,2026-08-06,2001-06-01
Q9BZM4,surface,active,N2DL3_HUMAN,,no sliceable ECD span in the fetched entry,false,,2026-08-06,2001-06-01
Q8TD07,surface,active,N2DL4_HUMAN,195,,false,,2026-08-06,2002-06-01
P32418,surface,active,NAC1_HUMAN,39,,false,,2026-08-06,2000-12-01
Q9UPR5,surface,active,NAC2_HUMAN,48,,false,,2026-08-06,2000-12-01
P57103,surface,active,NAC3_HUMAN,43,,false,,2026-08-06,2003-08-29
Q9UK23,surface,active,NAGPA_HUMAN,,no sliceable ECD span in the fetched entry,false,,2026-08-06,2010-05-18
Q5TF39,surface,active,NAGT1_HUMAN,,no sliceable ECD span in the fetched entry,false,,2026-08-06,2004-12-21
Q8IZF0,surface,active,NALCN_HUMAN,70,,false,,2026-08-06,2003-03-01
Q9UQQ1,surface,active,NALDL_HUMAN,712,,false,,2026-08-06,2010-11-30
P52961,surface,active,NAR1_HUMAN,,no sliceable ECD span in the fetched entry,false,,2026-08-06,2008-09-23
Q13508,surface,active,NAR3_HUMAN,,no sliceable ECD span in the fetched entry,false,,2026-08-06,2002-08-13
Q93070,surface,active,NAR4_HUMAN,,no sliceable ECD span in the fetched entry,false,,2026-08-06,2024-01-24
P13591,surface,active,NCAM1_HUMAN,699,,false,,2026-08-06,2008-07-22
O15394,surface,active,NCAM2_HUMAN,678,,false,,2026-08-06,2008-07-22
O00533,surface,active,NCHL1_HUMAN,1058,,false,,2026-08-06,2011-01-11
Q9UI40,surface,active,NCKX2_HUMAN,73,,false,,2026-08-06,2000-05-01
Q9HC58,surface,active,NCKX3_HUMAN,63,,false,,2026-08-06,2006-10-17
Q8NFF2,surface,active,NCKX4_HUMAN,59,,false,,2026-08-06,2011-07-27
Q71RS6,surface,active,NCKX5_HUMAN,37,,false,,2026-08-06,2004-07-05
Q6J4K2,surface,active,NCKX6_HUMAN,,no sliceable ECD span in the fetched entry,false,,2026-08-06,2006-01-10
Q5T1S8,surface,active,NCMAP_HUMAN,30,,false,,2026-08-06,2004-12-21
O76036,surface,active,NCTR1_HUMAN,237,,false,,2026-08-06,2024-10-02
O95944,surface,active,NCTR2_HUMAN,171,,false,,2026-08-06,2009-07-07
O14931,surface,active,NCTR3_HUMAN,117,,false,,2026-08-06,1998-01-01
Q8WWB7,surface,active,NCUG1_HUMAN,,no sliceable ECD span in the fetched entry,false,,2026-08-06,2002-03-01
Q7Z3B1,surface,active,NEGR1_HUMAN,,no sliceable ECD span in the fetched entry,false,,2026-08-06,2006-02-21
Q92859,surface,active,NEO1_HUMAN,1072,,false,,2026-08-06,2006-10-17
P08473,surface,active,NEP_HUMAN,699,,false,,2026-08-06,2007-01-23
Q8TDF5,surface,active,NETO1_HUMAN,322,,false,,2026-08-06,2011-05-31
Q8NC67,surface,active,NETO2_HUMAN,325,,false,,2026-08-06,2002-10-01
Q8NET5,surface,active,NFAM1_HUMAN,121,,false,,2026-08-06,2002-10-01
O94856,surface,active,NFASC_HUMAN,1193,,false,,2026-08-06,2005-12-06
Q92542,surface,active,NICA_HUMAN,636,,false,,2026-08-06,2001-01-11
Q6NVV3,surface,active,NIPA3_HUMAN,67,,false,,2026-08-06,2004-07-05
Q0D2K0,surface,active,NIPA4_HUMAN,55,,false,,2026-08-06,2022-02-23
P25103,surface,active,NK1R_HUMAN,31,,false,,2026-08-06,1992-05-01
P21452,surface,active,NK2R_HUMAN,32,,false,,2026-08-06,2009-05-05
P29371,surface,active,NK3R_HUMAN,84,,false,,2026-08-06,1992-12-01
Q4KMZ8,surface,active,NKAI1_HUMAN,64,,false,,2026-08-06,2011-07-27
Q5VXU1,surface,active,NKAI2_HUMAN,,no sliceable ECD span in the fetched entry,false,,2026-08-06,2004-12-07
Q8N8D7,surface,active,NKAI3_HUMAN,,no sliceable ECD span in the fetched entry,false,,2026-08-06,2002-10-01
P26715,surface,active,NKG2A_HUMAN,140,,false,,2026-08-06,2011-01-11
P26717,surface,active,NKG2C_HUMAN,138,,false,,2026-08-06,2022-05-25
P26718,surface,active,NKG2D_HUMAN,144,,false,,2026-08-06,2022-02-23
Q07444,surface,active,NKG2E_HUMAN,147,,false,,2026-08-06,2010-05-18
Q8N2Q7,surface,active,NLGN1_HUMAN,672,,false,,2026-08-06,2019-07-31
Q8NFZ4,surface,active,NLGN2_HUMAN,663,,false,,2026-08-06,2002-10-01
Q9NZ94,surface,active,NLGN3_HUMAN,672,,false,,2026-08-06,2003-05-23
Q8N0W4,surface,active,NLGNX_HUMAN,635,,false,,2026-08-06,2002-10-01
Q8NFZ3,surface,active,NLGNY_HUMAN,633,,false,,2026-08-06,2002-10-01
Q8NA29,surface,active,NLS1_HUMAN,24,,false,,2026-08-06,2002-10-01
P28336,surface,active,NMBR_HUMAN,41,,false,,2026-08-06,2008-07-22
Q8TCU5,surface,active,NMD3A_HUMAN,651,,false,,2026-08-06,2008-11-04
O60391,surface,active,NMD3B_HUMAN,552,,false,,2026-08-06,2005-07-19
Q12879,surface,active,NMDE1_HUMAN,534,,false,,2026-08-06,1996-11-01
Q13224,surface,active,NMDE2_HUMAN,529,,false,,2026-08-06,2001-06-20
Q14957,surface,active,NMDE3_HUMAN,535,,false,,2026-08-06,2010-11-30
O15399,surface,active,NMDE4_HUMAN,555,,false,,2026-08-06,2009-05-05
Q05586,surface,active,NMDZ1_HUMAN,541,,false,,2026-08-06,1994-06-01
Q9HB89,surface,active,NMUR1_HUMAN,65,,false,,2026-08-06,2001-03-01
Q9GZQ4,surface,active,NMUR2_HUMAN,43,,false,,2026-08-06,2010-11-02
P46531,surface,active,NOTC1_HUMAN,1717,,false,,2026-08-06,2008-09-23
Q04721,surface,active,NOTC2_HUMAN,1652,,false,,2026-08-06,2007-04-03
Q9UM47,surface,active,NOTC3_HUMAN,1604,,false,,2026-08-06,2011-02-08
Q99466,surface,active,NOTC4_HUMAN,1424,,false,,2026-08-06,2002-03-27
Q9NPH5,surface,active,NOX4_HUMAN,215,,false,,2026-08-06,2008-11-04
Q9H841,surface,active,NPAL2_HUMAN,,no sliceable ECD span in the fetched entry,false,,2026-08-06,2020-08-12
Q6P499,surface,active,NPAL3_HUMAN,,no sliceable ECD span in the fetched entry,false,,2026-08-06,2004-07-05
P48145,surface,active,NPBW1_HUMAN,37,,false,,2026-08-06,2008-11-25
P48146,surface,active,NPBW2_HUMAN,45,,false,,2026-08-06,2007-11-13
O15118,surface,active,NPC1_HUMAN,,no sliceable ECD span in the fetched entry,false,,2026-08-06,2005-05-10
Q9UHC9,surface,active,NPCL1_HUMAN,272,,false,,2026-08-06,2012-11-28
Q9GZQ6,surface,active,NPFF1_HUMAN,43,,false,,2026-08-06,2001-03-01
Q9Y5X5,surface,active,NPFF2_HUMAN,147,,false,,2026-08-06,2001-04-27
O60500,surface,active,NPHN_HUMAN,1032,,false,,2026-08-06,1998-08-01
Q6W5P4,surface,active,NPSR1_HUMAN,52,,false,,2026-08-06,2004-07-05
Q14916,surface,active,NPT1_HUMAN,,no sliceable ECD span in the fetched entry,false,,2026-08-06,2008-09-02
Q06495,surface,active,NPT2A_HUMAN,162,,false,,2026-08-06,1995-02-01
O95436,surface,active,NPT2B_HUMAN,129,,false,,2026-08-06,2010-11-30
Q8N130,surface,active,NPT2C_HUMAN,113,,false,,2026-08-06,2010-11-30
Q9Y639,surface,active,NPTN_HUMAN,311,,false,,2026-08-06,2010-06-15
P25929,surface,active,NPY1R_HUMAN,37,,false,,2026-08-06,1992-05-01
P49146,surface,active,NPY2R_HUMAN,45,,false,,2026-08-06,1996-02-01
P50391,surface,active,NPY4R_HUMAN,39,,false,,2026-08-06,2024-01-24
Q15761,surface,active,NPY5R_HUMAN,42,,false,,2026-08-06,2008-11-25
Q99463,surface,active,NPY6R_HUMAN,39,,false,,2026-08-06,1997-05-01
Q68D85,surface,active,NR3L1_HUMAN,238,,false,,2026-08-06,2004-10-11
P49279,surface,active,NRAM1_HUMAN,42,,false,,2026-08-06,1996-02-01
P49281,surface,active,NRAM2_HUMAN,38,,false,,2026-08-06,2000-05-30
Q92823,surface,active,NRCAM_HUMAN,1143,,false,,2026-08-06,2008-11-25
Q02297,surface,active,NRG1_HUMAN,223,,false,,2026-08-06,2007-01-23
O14511,surface,active,NRG2_HUMAN,294,,false,,2026-08-06,1998-01-01
Q8WWG1,surface,active,NRG4_HUMAN,62,,false,,2026-08-06,2002-03-01
Q496H8,surface,active,NRN1L_HUMAN,,no sliceable ECD span in the fetched entry,false,,2026-08-06,2008-02-26
Q9NPD7,surface,active,NRN1_HUMAN,,no sliceable ECD span in the fetched entry,false,,2026-08-06,2000-10-01
O14786,surface,active,NRP1_HUMAN,835,,false,,2026-08-06,2008-09-23
O60462,surface,active,NRP2_HUMAN,844,,false,,2026-08-06,2018-03-28
Q86YC3,surface,active,NRROS_HUMAN,632,,false,,2026-08-06,2003-06-01
Q9ULB1,surface,active,NRX1A_HUMAN,1371,,false,,2026-08-06,2000-05-01
P58400,surface,active,NRX1B_HUMAN,346,,false,,2026-08-06,2017-08-30
Q9P2S2,surface,active,NRX2A_HUMAN,1608,,false,,2026-08-06,2000-10-01
P58401,surface,active,NRX2B_HUMAN,540,,false,,2026-08-06,2001-11-16
Q9Y4C0,surface,active,NRX3A_HUMAN,1541,,false,,2026-08-06,2009-03-03
Q9HDB5,surface,active,NRX3B_HUMAN,527,,false,,2026-08-06,2008-12-16
Q12908,surface,active,NTCP2_HUMAN,39,,false,,2026-08-06,2011-02-08
Q96EP9,surface,active,NTCP4_HUMAN,103,,false,,2026-08-06,2004-03-01
Q5PT55,surface,active,NTCP5_HUMAN,123,,false,,2026-08-06,2005-01-04
Q14973,surface,active,NTCP_HUMAN,22,,false,,2026-08-06,1996-11-01
Q9Y2I2,surface,active,NTNG1_HUMAN,,no sliceable ECD span in the fetched entry,false,,2026-08-06,2005-01-04
Q96CW9,surface,active,NTNG2_HUMAN,,no sliceable ECD span in the fetched entry,false,,2026-08-06,2011-01-11
P30989,surface,active,NTR1_HUMAN,67,,false,,2026-08-06,2005-03-29
O95665,surface,active,NTR2_HUMAN,41,,false,,2026-08-06,2010-11-02
Q9P121,surface,active,NTRI_HUMAN,,no sliceable ECD span in the fetched entry,false,,2026-08-06,2000-10-01
P04629,surface,active,NTRK1_HUMAN,391,,false,,2026-08-06,2006-05-02
Q16620,surface,active,NTRK2_HUMAN,399,,false,,2026-08-06,1996-11-01
Q16288,surface,active,NTRK3_HUMAN,398,,false,,2026-08-06,2007-03-06
Q9H208,surface,active,O10A2_HUMAN,37,,false,,2026-08-06,2006-11-28
P58181,surface,active,O10A3_HUMAN,37,,false,,2026-08-06,2001-06-20
Q9H209,surface,active,O10A4_HUMAN,37,,false,,2026-08-06,2010-05-18
Q9H207,surface,active,O10A5_HUMAN,37,,false,,2026-08-06,2001-03-01
Q8NH74,surface,active,O10A6_HUMAN,37,,false,,2026-08-06,2002-10-01
Q8NGE5,surface,active,O10A7_HUMAN,37,,false,,2026-08-06,2002-10-01
Q8NH08,surface,active,O10AC_HUMAN,26,,false,,2026-08-06,2009-12-15
Q8NGE0,surface,active,O10AD_HUMAN,37,,false,,2026-08-06,2002-10-01
Q8NH19,surface,active,O10AG_HUMAN,37,,false,,2026-08-06,2002-10-01
Q96KK4,surface,active,O10C1_HUMAN,37,,false,,2026-08-06,2010-05-18
Q8NH80,surface,active,O10D3_HUMAN,37,,false,,2026-08-06,2002-10-01
Q8NGN7,surface,active,O10D4_HUMAN,37,,false,,2026-08-06,2002-10-01
Q8NGC3,surface,active,O10G2_HUMAN,37,,false,,2026-08-06,2022-02-23
Q8NGC4,surface,active,O10G3_HUMAN,37,,false,,2026-08-06,2002-10-01
Q8NGN3,surface,active,O10G4_HUMAN,37,,false,,2026-08-06,2002-10-01
Q8NH81,surface,active,O10G6_HUMAN,46,,false,,2026-08-06,2002-10-01
Q8NGN6,surface,active,O10G7_HUMAN,37,,false,,2026-08-06,2002-10-01
Q8NGN5,surface,active,O10G8_HUMAN,37,,false,,2026-08-06,2002-10-01
Q8NGN4,surface,active,O10G9_HUMAN,37,,false,,2026-08-06,2002-10-01
Q9Y4A9,surface,active,O10H1_HUMAN,37,,false,,2026-08-06,1999-11-01
O60403,surface,active,O10H2_HUMAN,37,,false,,2026-08-06,1998-08-01
O60404,surface,active,O10H3_HUMAN,37,,false,,2026-08-06,1998-08-01
Q8NGA5,surface,active,O10H4_HUMAN,37,,false,,2026-08-06,2002-10-01
Q8NGA6,surface,active,O10H5_HUMAN,37,,false,,2026-08-06,2002-10-01
P30954,surface,active,O10J1_HUMAN,36,,false,,2026-08-06,2010-03-23
Q5JRS4,surface,active,O10J3_HUMAN,37,,false,,2026-08-06,2005-02-15
P0C629,surface,active,O10J4_HUMAN,32,,false,,2026-08-06,2022-05-25
Q8NHC4,surface,active,O10J5_HUMAN,36,,false,,2026-08-06,2002-10-01
Q8NGY7,surface,active,O10J6_HUMAN,36,,false,,2026-08-06,2002-10-01
Q8NGX5,surface,active,O10K1_HUMAN,37,,false,,2026-08-06,2002-10-01
Q6IF99,surface,active,O10K2_HUMAN,37,,false,,2026-08-06,2004-07-05
Q8NGE3,surface,active,O10P1_HUMAN,37,,false,,2026-08-06,2002-10-01
Q8NGQ4,surface,active,O10Q1_HUMAN,38,,false,,2026-08-06,2002-10-01
Q8NGX6,surface,active,O10R2_HUMAN,45,,false,,2026-08-06,2009-02-10
Q8NGN2,surface,active,O10S1_HUMAN,38,,false,,2026-08-06,2009-02-10
Q8NGX3,surface,active,O10T2_HUMAN,37,,false,,2026-08-06,2002-10-01
Q8NGI7,surface,active,O10V1_HUMAN,37,,false,,2026-08-06,2006-10-17
Q8NGF6,surface,active,O10W1_HUMAN,37,,false,,2026-08-06,2002-10-01
Q8NGY0,surface,active,O10X1_HUMAN,41,,false,,2026-08-06,2008-01-15
Q8NGY1,surface,active,O10Z1_HUMAN,37,,false,,2026-08-06,2002-10-01
Q9GZK7,surface,active,O11A1_HUMAN,37,,false,,2026-08-06,2001-03-01
Q8NGC1,surface,active,O11G2_HUMAN,62,,false,,2026-08-06,2008-11-04
Q8NG94,surface,active,O11H1_HUMAN,44,,false,,2026-08-06,2008-11-04
Q8NH07,surface,active,O11H2_HUMAN,44,,false,,2026-08-06,2002-10-01
Q8NGC9,surface,active,O11H4_HUMAN,37,,false,,2026-08-06,2002-10-01
Q8NGC7,surface,active,O11H6_HUMAN,43,,false,,2026-08-06,2002-10-01
Q8NGC8,surface,active,O11H7_HUMAN,38,,false,,2026-08-06,2008-01-15
B2RN74,surface,active,O11HC_HUMAN,44,,false,,2026-08-06,2008-07-01
Q8NGX0,surface,active,O11L1_HUMAN,37,,false,,2026-08-06,2002-10-01
P58182,surface,active,O12D2_HUMAN,37,,false,,2026-08-06,2010-02-09
Q9UGF7,surface,active,O12D3_HUMAN,37,,false,,2026-08-06,2000-05-01
Q8NGR1,surface,active,O13A1_HUMAN,43,,false,,2026-08-06,2009-05-05
Q8NGS9,surface,active,O13C2_HUMAN,37,,false,,2026-08-06,2002-10-01
Q8NGS6,surface,active,O13C3_HUMAN,55,,false,,2026-08-06,2008-12-16
Q8NGS5,surface,active,O13C4_HUMAN,37,,false,,2026-08-06,2002-10-01
Q8NGS8,surface,active,O13C5_HUMAN,37,,false,,2026-08-06,2002-10-01
Q8NH95,surface,active,O13C6_HUMAN,27,,false,,2026-08-06,2014-09-03
Q8NGS7,surface,active,O13C8_HUMAN,37,,false,,2026-08-06,2002-10-01
Q8NGT0,surface,active,O13C9_HUMAN,37,,false,,2026-08-06,2002-10-01
Q8NGV5,surface,active,O13D1_HUMAN,57,,false,,2026-08-06,2009-05-05
Q8NGS4,surface,active,O13F1_HUMAN,37,,false,,2026-08-06,2002-10-01
Q8NGZ3,surface,active,O13G1_HUMAN,37,,false,,2026-08-06,2002-10-01
Q8NG92,surface,active,O13H1_HUMAN,37,,false,,2026-08-06,2002-10-01
Q8NGT2,surface,active,O13J1_HUMAN,37,,false,,2026-08-06,2002-10-01
Q96R54,surface,active,O14A2_HUMAN,36,,false,,2026-08-06,2008-07-22
Q8NHC5,surface,active,O14AG_HUMAN,42,,false,,2026-08-06,2002-10-01
Q8NHC7,surface,active,O14CZ_HUMAN,36,,false,,2026-08-06,2002-10-01
A6ND48,surface,active,O14I1_HUMAN,27,,false,,2026-08-06,2007-07-24
Q9UGF5,surface,active,O14J1_HUMAN,36,,false,,2026-08-06,2000-05-01
Q8NGZ2,surface,active,O14K1_HUMAN,42,,false,,2026-08-06,2008-10-14
Q8NHC6,surface,active,O14L1_HUMAN,43,,false,,2026-08-06,2023-06-28
Q8NGT7,surface,active,O2A12_HUMAN,37,,false,,2026-08-06,2002-10-01
Q96R47,surface,active,O2A14_HUMAN,37,,false,,2026-08-06,2010-05-18
A4D2G3,surface,active,O2A25_HUMAN,38,,false,,2026-08-06,2009-03-24
Q8NHA4,surface,active,O2AE1_HUMAN,37,,false,,2026-08-06,2002-10-01
Q9H205,surface,active,O2AG1_HUMAN,37,,false,,2026-08-06,2001-06-20
A6NM03,surface,active,O2AG2_HUMAN,45,,false,,2026-08-06,2007-07-24
Q8NGZ0,surface,active,O2AJ1_HUMAN,37,,false,,2026-08-06,2002-10-01
Q8NG84,surface,active,O2AK2_HUMAN,40,,false,,2026-08-06,2009-05-05
Q8NGE2,surface,active,O2AP1_HUMAN,37,,false,,2026-08-06,2002-10-01
A6NND4,surface,active,O2AT4_HUMAN,34,,false,,2026-08-06,2007-07-24
Q8NGZ9,surface,active,O2T10_HUMAN,37,,false,,2026-08-06,2002-10-01
Q8NH01,surface,active,O2T11_HUMAN,37,,false,,2026-08-06,2002-10-01
Q8NG77,surface,active,O2T12_HUMAN,37,,false,,2026-08-06,2002-10-01
Q8NH04,surface,active,O2T27_HUMAN,37,,false,,2026-08-06,2002-10-01
Q8NH02,surface,active,O2T29_HUMAN,37,,false,,2026-08-06,2003-10-10
Q8NG76,surface,active,O2T33_HUMAN,37,,false,,2026-08-06,2002-10-01
Q8NGX1,surface,active,O2T34_HUMAN,37,,false,,2026-08-06,2002-10-01
Q8NGX2,surface,active,O2T35_HUMAN,37,,false,,2026-08-06,2002-10-01
Q8NGL6,surface,active,O4A15_HUMAN,53,,false,,2026-08-06,2009-05-05
Q8NH70,surface,active,O4A16_HUMAN,37,,false,,2026-08-06,2002-10-01
Q6IF82,surface,active,O4A47_HUMAN,37,,false,,2026-08-06,2008-11-25
A6NMZ5,surface,active,O4C45_HUMAN,41,,false,,2026-08-06,2022-05-25
A6NHA9,surface,active,O4C46_HUMAN,40,,false,,2026-08-06,2007-07-24
Q8NGB8,surface,active,O4F15_HUMAN,37,,false,,2026-08-06,2002-10-01
Q8NGA8,surface,active,O4F17_HUMAN,37,,false,,2026-08-06,2002-10-01
O95013,surface,active,O4F21_HUMAN,37,,false,,2026-08-06,2007-11-13
Q8NGJ7,surface,active,O51A2_HUMAN,36,,false,,2026-08-06,2002-10-01
Q8NGJ6,surface,active,O51A4_HUMAN,36,,false,,2026-08-06,2002-10-01
Q8NH64,surface,active,O51A7_HUMAN,36,,false,,2026-08-06,2002-10-01
Q9Y5P1,surface,active,O51B2_HUMAN,36,,false,,2026-08-06,2010-05-18
Q9Y5P0,surface,active,O51B4_HUMAN,36,,false,,2026-08-06,2010-11-02
Q9H339,surface,active,O51B5_HUMAN,36,,false,,2026-08-06,2010-05-18
Q9H340,surface,active,O51B6_HUMAN,36,,false,,2026-08-06,2008-10-14
Q8NGF3,surface,active,O51D1_HUMAN,38,,false,,2026-08-06,2002-10-01
Q8TCB6,surface,active,O51E1_HUMAN,32,,false,,2026-08-06,2024-01-24
Q9H255,surface,active,O51E2_HUMAN,36,,false,,2026-08-06,2001-03-01
A6NGY5,surface,active,O51F1_HUMAN,41,,false,,2026-08-06,2007-07-24
Q8NH61,surface,active,O51F2_HUMAN,39,,false,,2026-08-06,2009-02-10
Q8NGK1,surface,active,O51G1_HUMAN,36,,false,,2026-08-06,2002-10-01
Q8NGK0,surface,active,O51G2_HUMAN,36,,false,,2026-08-06,2002-10-01
Q8NH63,surface,active,O51H1_HUMAN,36,,false,,2026-08-06,2002-10-01
Q9H343,surface,active,O51I1_HUMAN,36,,false,,2026-08-06,2001-03-01
Q9H344,surface,active,O51I2_HUMAN,36,,false,,2026-08-06,2001-03-01
Q9H342,surface,active,O51J1_HUMAN,31,,false,,2026-08-06,2008-06-10
Q8NGJ5,surface,active,O51L1_HUMAN,36,,false,,2026-08-06,2002-10-01
Q9H341,surface,active,O51M1_HUMAN,40,,false,,2026-08-06,2014-03-19
Q8NH59,surface,active,O51Q1_HUMAN,36,,false,,2026-08-06,2003-10-31
Q8NGJ8,surface,active,O51S1_HUMAN,35,,false,,2026-08-06,2002-10-01
Q8NGJ9,surface,active,O51T1_HUMAN,36,,false,,2026-08-06,2002-10-01
Q9H2C8,surface,active,O51V1_HUMAN,36,,false,,2026-08-06,2010-05-18
Q9UKL2,surface,active,O52A1_HUMAN,37,,false,,2026-08-06,2010-05-18
A6NMU1,surface,active,O52A4_HUMAN,36,,false,,2026-08-06,2007-07-24
Q9H2C5,surface,active,O52A5_HUMAN,37,,false,,2026-08-06,2001-03-01
Q96RD2,surface,active,O52B2_HUMAN,36,,false,,2026-08-06,2009-01-20
Q8NGK2,surface,active,O52B4_HUMAN,36,,false,,2026-08-06,2005-07-05
Q8NGF0,surface,active,O52B6_HUMAN,45,,false,,2026-08-06,2008-12-16
Q9H346,surface,active,O52D1_HUMAN,36,,false,,2026-08-06,2001-03-01
Q8NGJ3,surface,active,O52E1_HUMAN,36,,false,,2026-08-06,2002-10-01
Q8NGJ4,surface,active,O52E2_HUMAN,36,,false,,2026-08-06,2010-05-18
Q8NGH9,surface,active,O52E4_HUMAN,36,,false,,2026-08-06,2002-10-01
Q8NH55,surface,active,O52E5_HUMAN,30,,false,,2026-08-06,2013-11-13
Q96RD3,surface,active,O52E6_HUMAN,36,,false,,2026-08-06,2002-05-10
Q6IFG1,surface,active,O52E8_HUMAN,34,,false,,2026-08-06,2024-01-24
Q8NGJ2,surface,active,O52H1_HUMAN,32,,false,,2026-08-06,2024-01-24
Q8NGK6,surface,active,O52I1_HUMAN,36,,false,,2026-08-06,2003-10-10
Q8NH67,surface,active,O52I2_HUMAN,55,,false,,2026-08-06,2008-12-16
Q8NH60,surface,active,O52J3_HUMAN,36,,false,,2026-08-06,2010-05-18
Q8NGK4,surface,active,O52K1_HUMAN,36,,false,,2026-08-06,2010-05-18
Q8NGK3,surface,active,O52K2_HUMAN,36,,false,,2026-08-06,2008-12-16
Q8NGH7,surface,active,O52L1_HUMAN,43,,false,,2026-08-06,2023-06-28
Q8NGH6,surface,active,O52L2_HUMAN,43,,false,,2026-08-06,2008-12-16
Q8NGK5,surface,active,O52M1_HUMAN,37,,false,,2026-08-06,2002-10-01
Q8NH53,surface,active,O52N1_HUMAN,36,,false,,2026-08-06,2002-10-01
Q8NGI0,surface,active,O52N2_HUMAN,36,,false,,2026-08-06,2002-10-01
Q8NGI2,surface,active,O52N4_HUMAN,36,,false,,2026-08-06,2010-05-18
Q8NH56,surface,active,O52N5_HUMAN,36,,false,,2026-08-06,2008-11-04
Q8NH57,surface,active,O52P1_HUMAN,36,,false,,2026-08-06,2003-10-10
Q8NGF1,surface,active,O52R1_HUMAN,36,,false,,2026-08-06,2009-02-10
Q6IF63,surface,active,O52W1_HUMAN,36,,false,,2026-08-06,2008-07-22
P0C646,surface,active,O52Z1_HUMAN,29,,false,,2026-08-06,2018-03-28
Q8NGH5,surface,active,O56A1_HUMAN,36,,false,,2026-08-06,2009-05-05
Q8NH54,surface,active,O56A3_HUMAN,36,,false,,2026-08-06,2003-10-10
Q8NGH8,surface,active,O56A4_HUMAN,36,,false,,2026-08-06,2009-09-22
P0C7T3,surface,active,O56A5_HUMAN,36,,false,,2026-08-06,2008-07-22
Q8NGI3,surface,active,O56B1_HUMAN,36,,false,,2026-08-06,2009-05-05
Q8NGI1,surface,active,O56B2_HUMAN,36,,false,,2026-08-06,2025-02-05
Q8NH76,surface,active,O56B4_HUMAN,36,,false,,2026-08-06,2002-10-01
P0C628,surface,active,O5AC1_HUMAN,31,,false,,2026-08-06,2008-01-15
Q9NZP5,surface,active,O5AC2_HUMAN,42,,false,,2026-08-06,2006-01-10
Q8NH90,surface,active,O5AK2_HUMAN,42,,false,,2026-08-06,2002-10-01
Q8NH89,surface,active,O5AK3_HUMAN,42,,false,,2026-08-06,2002-10-01
P0C617,surface,active,O5AL1_HUMAN,44,,false,,2026-08-06,2020-02-26
Q8NGI8,surface,active,O5AN1_HUMAN,42,,false,,2026-08-06,2002-10-01
Q8NGF4,surface,active,O5AP2_HUMAN,54,,false,,2026-08-06,2002-10-01
Q8NGP9,surface,active,O5AR1_HUMAN,45,,false,,2026-08-06,2002-10-01
Q8N127,surface,active,O5AS1_HUMAN,42,,false,,2026-08-06,2002-10-01
Q8NGC0,surface,active,O5AU1_HUMAN,79,,false,,2026-08-06,2008-11-04
A6NHG9,surface,active,O5H14_HUMAN,31,,false,,2026-08-06,2007-07-24
A6NDH6,surface,active,O5H15_HUMAN,31,,false,,2026-08-06,2007-07-24
A6NJZ3,surface,active,O6C65_HUMAN,32,,false,,2026-08-06,2007-07-24
A6NDL8,surface,active,O6C68_HUMAN,33,,false,,2026-08-06,2007-11-13
A6NIJ9,surface,active,O6C70_HUMAN,32,,false,,2026-08-06,2007-07-24
A6NCV1,surface,active,O6C74_HUMAN,33,,false,,2026-08-06,2007-07-24
A6NL08,surface,active,O6C75_HUMAN,33,,false,,2026-08-06,2007-07-24
A6NM76,surface,active,O6C76_HUMAN,32,,false,,2026-08-06,2007-07-24
Q6IFN5,surface,active,O7E24_HUMAN,43,,false,,2026-08-06,2004-07-05
Q15743,surface,active,OGR1_HUMAN,16,,false,,2026-08-06,1996-11-01
P78380,surface,active,OLR1_HUMAN,216,,false,,2026-08-06,1997-05-01
P23515,surface,active,OMGP_HUMAN,,no sliceable ECD span in the fetched entry,false,,2026-08-06,1992-05-01
Q96PE5,surface,active,OPALI_HUMAN,29,,false,,2026-08-06,2001-12-01
Q14982,surface,active,OPCM_HUMAN,,no sliceable ECD span in the fetched entry,false,,2026-08-06,1996-11-01
Q9H1Y3,surface,active,OPN3_HUMAN,40,,false,,2026-08-06,2001-03-01
Q9UHM6,surface,active,OPN4_HUMAN,72,,false,,2026-08-06,2000-05-01
Q6U736,surface,active,OPN5_HUMAN,33,,false,,2026-08-06,2006-10-17
P41143,surface,active,OPRD_HUMAN,47,,false,,2026-08-06,2010-11-02
P41145,surface,active,OPRK_HUMAN,57,,false,,2026-08-06,2006-10-17
P35372,surface,active,OPRM_HUMAN,68,,false,,2026-08-06,1998-07-15
P41146,surface,active,OPRX_HUMAN,48,,false,,2026-08-06,1995-02-01
P03999,surface,active,OPSB_HUMAN,30,,false,,2026-08-06,2023-06-28
P08100,surface,active,OPSD_HUMAN,36,,false,,2026-08-06,1988-08-01
P04001,surface,active,OPSG_HUMAN,52,,false,,2026-08-06,1986-10-23
P04000,surface,active,OPSR_HUMAN,52,,false,,2026-08-06,2022-02-23
O14718,surface,active,OPSX_HUMAN,26,,false,,2026-08-06,1998-01-01
Q9P1Q5,surface,active,OR1A1_HUMAN,37,,false,,2026-08-06,2008-11-04
Q9Y585,surface,active,OR1A2_HUMAN,37,,false,,2026-08-06,1999-11-01
Q8NGR6,surface,active,OR1B1_HUMAN,36,,false,,2026-08-06,2024-05-29
Q15619,surface,active,OR1C1_HUMAN,37,,false,,2026-08-06,2005-07-05
P34982,surface,active,OR1D2_HUMAN,38,,false,,2026-08-06,2005-06-07
P47884,surface,active,OR1D4_HUMAN,38,,false,,2026-08-06,2003-10-03
P58170,surface,active,OR1D5_HUMAN,38,,false,,2026-08-06,2001-06-20
P30953,surface,active,OR1E1_HUMAN,37,,false,,2026-08-06,1993-07-01
P47887,surface,active,OR1E2_HUMAN,38,,false,,2026-08-06,2000-12-01
Q8WZA6,surface,active,OR1E3_HUMAN,28,,false,,2026-08-06,2008-01-15
O43749,surface,active,OR1F1_HUMAN,38,,false,,2026-08-06,1998-06-01
Q96R84,surface,active,OR1F2_HUMAN,38,,false,,2026-08-06,2003-10-10
Q8NHA8,surface,active,OR1FC_HUMAN,38,,false,,2026-08-06,2002-10-01
P47890,surface,active,OR1G1_HUMAN,38,,false,,2026-08-06,2000-12-01
O60431,surface,active,OR1I1_HUMAN,37,,false,,2026-08-06,1998-08-01
Q8NGS3,surface,active,OR1J1_HUMAN,38,,false,,2026-08-06,2002-10-01
Q8NGS2,surface,active,OR1J2_HUMAN,38,,false,,2026-08-06,2002-10-01
Q8NGS1,surface,active,OR1J4_HUMAN,37,,false,,2026-08-06,2002-10-01
Q8NGR3,surface,active,OR1K1_HUMAN,38,,false,,2026-08-06,2002-10-01
Q8NH94,surface,active,OR1L1_HUMAN,75,,false,,2026-08-06,2009-05-05
Q8NH93,surface,active,OR1L3_HUMAN,38,,false,,2026-08-06,2002-10-01
Q8NGR5,surface,active,OR1L4_HUMAN,38,,false,,2026-08-06,2002-10-01
Q8NGR2,surface,active,OR1L6_HUMAN,62,,false,,2026-08-06,2009-05-05
Q8NGR8,surface,active,OR1L8_HUMAN,38,,false,,2026-08-06,2002-10-01
Q8NGA1,surface,active,OR1M1_HUMAN,38,,false,,2026-08-06,2002-10-01
Q8NGS0,surface,active,OR1N1_HUMAN,38,,false,,2026-08-06,2002-10-01
Q8NGR9,surface,active,OR1N2_HUMAN,33,,false,,2026-08-06,2024-01-24
Q8NH06,surface,active,OR1P1_HUMAN,51,,false,,2026-08-06,2022-05-25
Q15612,surface,active,OR1Q1_HUMAN,37,,false,,2026-08-06,2006-01-10
Q8NH92,surface,active,OR1S1_HUMAN,38,,false,,2026-08-06,2008-12-16
Q8NGQ3,surface,active,OR1S2_HUMAN,38,,false,,2026-08-06,2009-02-10
Q8NGT9,surface,active,OR2A1_HUMAN,38,,false,,2026-08-06,2003-10-10
Q6IF42,surface,active,OR2A2_HUMAN,37,,false,,2026-08-06,2005-12-20
O95047,surface,active,OR2A4_HUMAN,37,,false,,2026-08-06,1999-05-01
Q96R48,surface,active,OR2A5_HUMAN,38,,false,,2026-08-06,2006-01-10
Q96R45,surface,active,OR2A7_HUMAN,37,,false,,2026-08-06,2007-07-10
Q9GZK3,surface,active,OR2B2_HUMAN,37,,false,,2026-08-06,2001-03-01
O76000,surface,active,OR2B3_HUMAN,37,,false,,2026-08-06,1998-11-01
P58173,surface,active,OR2B6_HUMAN,37,,false,,2026-08-06,2001-06-20
P59922,surface,active,OR2B8_HUMAN,37,,false,,2026-08-06,2003-10-10
Q5JQS5,surface,active,OR2BB_HUMAN,37,,false,,2026-08-06,2005-02-15
O95371,surface,active,OR2C1_HUMAN,38,,false,,2026-08-06,2010-11-02
Q8N628,surface,active,OR2C3_HUMAN,37,,false,,2026-08-06,2008-12-16
Q9H210,surface,active,OR2D2_HUMAN,37,,false,,2026-08-06,2008-10-14
Q8NGH3,surface,active,OR2D3_HUMAN,41,,false,,2026-08-06,2009-02-10
Q13607,surface,active,OR2F1_HUMAN,40,,false,,2026-08-06,2000-12-01
O95006,surface,active,OR2F2_HUMAN,37,,false,,2026-08-06,1999-05-01
Q8NGZ5,surface,active,OR2G2_HUMAN,37,,false,,2026-08-06,2002-10-01
Q8NGZ4,surface,active,OR2G3_HUMAN,37,,false,,2026-08-06,2002-10-01
Q5TZ20,surface,active,OR2G6_HUMAN,37,,false,,2026-08-06,2004-12-07
Q9GZK4,surface,active,OR2H1_HUMAN,37,,false,,2026-08-06,2001-03-01
O95918,surface,active,OR2H2_HUMAN,37,,false,,2026-08-06,2010-11-02
Q8NGU4,surface,active,OR2I1_HUMAN,38,,false,,2026-08-06,2025-02-05
Q9GZK6,surface,active,OR2J1_HUMAN,37,,false,,2026-08-06,2007-05-15
O76002,surface,active,OR2J2_HUMAN,37,,false,,2026-08-06,1998-11-01
O76001,surface,active,OR2J3_HUMAN,37,,false,,2026-08-06,1998-11-01
Q8NGT1,surface,active,OR2K2_HUMAN,35,,false,,2026-08-06,2019-04-10
Q8NH16,surface,active,OR2L2_HUMAN,37,,false,,2026-08-06,2002-10-01
Q8NG85,surface,active,OR2L3_HUMAN,37,,false,,2026-08-06,2002-10-01
Q8NG80,surface,active,OR2L5_HUMAN,37,,false,,2026-08-06,2002-10-01
Q8NGY9,surface,active,OR2L8_HUMAN,37,,false,,2026-08-06,2002-10-01
Q8N349,surface,active,OR2LD_HUMAN,37,,false,,2026-08-06,2002-10-01
Q96R28,surface,active,OR2M2_HUMAN,37,,false,,2026-08-06,2006-01-10
Q8NG83,surface,active,OR2M3_HUMAN,37,,false,,2026-08-06,2002-10-01
Q96R27,surface,active,OR2M4_HUMAN,37,,false,,2026-08-06,2004-11-23
A3KFT3,surface,active,OR2M5_HUMAN,37,,false,,2026-08-06,2007-04-03
Q8NG81,surface,active,OR2M7_HUMAN,37,,false,,2026-08-06,2002-10-01
Q9NQN1,surface,active,OR2S1_HUMAN,37,,false,,2026-08-06,2001-06-20
O43869,surface,active,OR2T1_HUMAN,76,,false,,2026-08-06,2009-05-05
Q6IF00,surface,active,OR2T2_HUMAN,37,,false,,2026-08-06,2004-07-05
Q8NH03,surface,active,OR2T3_HUMAN,37,,false,,2026-08-06,2006-01-10
Q8NH00,surface,active,OR2T4_HUMAN,57,,false,,2026-08-06,2009-05-05
Q6IEZ7,surface,active,OR2T5_HUMAN,37,,false,,2026-08-06,2004-07-05
Q8NHC8,surface,active,OR2T6_HUMAN,37,,false,,2026-08-06,2008-01-15
P0C7T2,surface,active,OR2T7_HUMAN,37,,false,,2026-08-06,2008-07-22
A6NH00,surface,active,OR2T8_HUMAN,37,,false,,2026-08-06,2007-07-24
Q8NHB1,surface,active,OR2V1_HUMAN,31,,false,,2026-08-06,2007-12-04
Q96R30,surface,active,OR2V2_HUMAN,37,,false,,2026-08-06,2004-11-23
Q9Y3N9,surface,active,OR2W1_HUMAN,37,,false,,2026-08-06,1999-11-01
Q7Z3T1,surface,active,OR2W3_HUMAN,37,,false,,2026-08-06,2005-12-06
Q8NHA6,surface,active,OR2W6_HUMAN,36,,false,,2026-08-06,2002-10-01
Q8NGV0,surface,active,OR2Y1_HUMAN,36,,false,,2026-08-06,2002-10-01
Q8NG97,surface,active,OR2Z1_HUMAN,37,,false,,2026-08-06,2002-10-01
P47881,surface,active,OR3A1_HUMAN,38,,false,,2026-08-06,2007-05-29
P47893,surface,active,OR3A2_HUMAN,38,,false,,2026-08-06,2009-04-14
P47888,surface,active,OR3A3_HUMAN,38,,false,,2026-08-06,2009-04-14
P47883,surface,active,OR3A4_HUMAN,38,,false,,2026-08-06,2009-11-24
Q8NGN8,surface,active,OR4A4_HUMAN,37,,false,,2026-08-06,2002-10-01
Q8NH83,surface,active,OR4A5_HUMAN,36,,false,,2026-08-06,2011-04-05
P0C604,surface,active,OR4A8_HUMAN,33,,false,,2026-08-06,2008-01-15
Q8NGF8,surface,active,OR4B1_HUMAN,37,,false,,2026-08-06,2002-10-01
Q8NH37,surface,active,OR4C3_HUMAN,37,,false,,2026-08-06,2003-10-10
Q8NGB2,surface,active,OR4C5_HUMAN,46,,false,,2026-08-06,2002-10-01
Q8NH72,surface,active,OR4C6_HUMAN,37,,false,,2026-08-06,2002-10-01
Q6IEV9,surface,active,OR4CB_HUMAN,37,,false,,2026-08-06,2004-07-05
Q96R67,surface,active,OR4CC_HUMAN,37,,false,,2026-08-06,2003-10-10
Q8NGP0,surface,active,OR4CD_HUMAN,37,,false,,2026-08-06,2008-11-04
Q8NGM1,surface,active,OR4CF_HUMAN,37,,false,,2026-08-06,2002-10-01
Q8NGL9,surface,active,OR4CG_HUMAN,37,,false,,2026-08-06,2005-12-06
Q15615,surface,active,OR4D1_HUMAN,37,,false,,2026-08-06,2010-03-02
P58180,surface,active,OR4D2_HUMAN,37,,false,,2026-08-06,2001-06-20
Q8NGN0,surface,active,OR4D5_HUMAN,37,,false,,2026-08-06,2002-10-01
Q8NGJ1,surface,active,OR4D6_HUMAN,37,,false,,2026-08-06,2002-10-01
Q8NGE8,surface,active,OR4D9_HUMAN,37,,false,,2026-08-06,2007-03-20
Q8NGI6,surface,active,OR4DA_HUMAN,37,,false,,2026-08-06,2002-10-01
Q8NGI4,surface,active,OR4DB_HUMAN,37,,false,,2026-08-06,2002-10-01
P0C645,surface,active,OR4E1_HUMAN,44,,false,,2026-08-06,2018-03-28
Q8NGC2,surface,active,OR4E2_HUMAN,37,,false,,2026-08-06,2002-10-01
Q6IEY1,surface,active,OR4F3_HUMAN,37,,false,,2026-08-06,2004-07-05
Q96R69,surface,active,OR4F4_HUMAN,37,,false,,2026-08-06,2003-10-10
Q8NH21,surface,active,OR4F5_HUMAN,37,,false,,2026-08-06,2002-10-01
Q8NGB9,surface,active,OR4F6_HUMAN,37,,false,,2026-08-06,2002-10-01
Q8NGD4,surface,active,OR4K1_HUMAN,37,,false,,2026-08-06,2002-10-01
Q8NGD2,surface,active,OR4K2_HUMAN,37,,false,,2026-08-06,2002-10-01
Q96R72,surface,active,OR4K3_HUMAN,37,,false,,2026-08-06,2008-01-15
Q8NGD3,surface,active,OR4K5_HUMAN,37,,false,,2026-08-06,2002-10-01
Q8NH42,surface,active,OR4KD_HUMAN,37,,false,,2026-08-06,2002-10-01
Q8NGD5,surface,active,OR4KE_HUMAN,37,,false,,2026-08-06,2002-10-01
Q8NH41,surface,active,OR4KF_HUMAN,37,,false,,2026-08-06,2022-02-23
Q8NGC6,surface,active,OR4KH_HUMAN,37,,false,,2026-08-06,2023-11-08
Q8NH43,surface,active,OR4L1_HUMAN,37,,false,,2026-08-06,2002-10-01
Q8NGD0,surface,active,OR4M1_HUMAN,37,,false,,2026-08-06,2002-10-01
Q8NGB6,surface,active,OR4M2_HUMAN,37,,false,,2026-08-06,2010-11-02
Q8NGD1,surface,active,OR4N2_HUMAN,37,,false,,2026-08-06,2002-10-01
Q8N0Y3,surface,active,OR4N4_HUMAN,37,,false,,2026-08-06,2008-12-16
Q8IXE1,surface,active,OR4N5_HUMAN,37,,false,,2026-08-06,2003-03-01
Q8NGL7,surface,active,OR4P4_HUMAN,37,,false,,2026-08-06,2002-10-01
P0C623,surface,active,OR4Q2_HUMAN,33,,false,,2026-08-06,2022-08-03
Q8NH05,surface,active,OR4Q3_HUMAN,37,,false,,2026-08-06,2002-10-01
Q8NGB4,surface,active,OR4S1_HUMAN,37,,false,,2026-08-06,2002-10-01
Q8NH73,surface,active,OR4S2_HUMAN,37,,false,,2026-08-06,2010-05-18
Q8NH49,surface,active,OR4X1_HUMAN,37,,false,,2026-08-06,2002-10-01
Q8NGF9,surface,active,OR4X2_HUMAN,37,,false,,2026-08-06,2002-10-01
Q8NGJ0,surface,active,OR5A1_HUMAN,37,,false,,2026-08-06,2002-10-01
Q8NGI9,surface,active,OR5A2_HUMAN,42,,false,,2026-08-06,2002-10-01
Q96R09,surface,active,OR5B2_HUMAN,37,,false,,2026-08-06,2003-10-10
Q8NH48,surface,active,OR5B3_HUMAN,42,,false,,2026-08-06,2002-10-01
Q96R08,surface,active,OR5BC_HUMAN,36,,false,,2026-08-06,2002-05-10
Q8NGF7,surface,active,OR5BH_HUMAN,36,,false,,2026-08-06,2002-10-01
A6NL26,surface,active,OR5BL_HUMAN,41,,false,,2026-08-06,2007-07-24
Q8NGR4,surface,active,OR5C1_HUMAN,36,,false,,2026-08-06,2002-10-01
Q8NGL4,surface,active,OR5DD_HUMAN,36,,false,,2026-08-06,2003-10-10
Q8NGL3,surface,active,OR5DE_HUMAN,36,,false,,2026-08-06,2002-10-01
Q8NGK9,surface,active,OR5DG_HUMAN,36,,false,,2026-08-06,2002-10-01
Q8NGL1,surface,active,OR5DI_HUMAN,36,,false,,2026-08-06,2002-10-01
O95221,surface,active,OR5F1_HUMAN,36,,false,,2026-08-06,2001-06-20
P0C626,surface,active,OR5G3_HUMAN,25,,false,,2026-08-06,2008-01-15
A6NKK0,surface,active,OR5H1_HUMAN,31,,false,,2026-08-06,2007-07-24
Q8NGV7,surface,active,OR5H2_HUMAN,29,,false,,2026-08-06,2023-06-28
Q8NGV6,surface,active,OR5H6_HUMAN,41,,false,,2026-08-06,2009-02-10
Q13606,surface,active,OR5I1_HUMAN,36,,false,,2026-08-06,1997-11-01
Q8NH18,surface,active,OR5J2_HUMAN,36,,false,,2026-08-06,2002-10-01
Q8NHB7,surface,active,OR5K1_HUMAN,36,,false,,2026-08-06,2011-01-11
Q8NHB8,surface,active,OR5K2_HUMAN,36,,false,,2026-08-06,2007-03-20
A6NET4,surface,active,OR5K3_HUMAN,32,,false,,2026-08-06,2007-07-24
A6NMS3,surface,active,OR5K4_HUMAN,45,,false,,2026-08-06,2007-07-24
Q8NGL2,surface,active,OR5L1_HUMAN,36,,false,,2026-08-06,2002-10-01
Q8NGL0,surface,active,OR5L2_HUMAN,36,,false,,2026-08-06,2002-10-01
Q8NGP8,surface,active,OR5M1_HUMAN,36,,false,,2026-08-06,2002-10-01
Q8NGP4,surface,active,OR5M3_HUMAN,36,,false,,2026-08-06,2006-10-17
Q8NGP6,surface,active,OR5M8_HUMAN,36,,false,,2026-08-06,2002-10-01
Q8NGP3,surface,active,OR5M9_HUMAN,36,,false,,2026-08-06,2002-10-01
Q6IEU7,surface,active,OR5MA_HUMAN,36,,false,,2026-08-06,2004-07-05
Q96RB7,surface,active,OR5MB_HUMAN,36,,false,,2026-08-06,2003-10-10
Q8WZ92,surface,active,OR5P2_HUMAN,36,,false,,2026-08-06,2002-03-01
Q8WZ94,surface,active,OR5P3_HUMAN,36,,false,,2026-08-06,2002-03-01
Q8NH85,surface,active,OR5R1_HUMAN,36,,false,,2026-08-06,2002-10-01
Q8NG75,surface,active,OR5T1_HUMAN,37,,false,,2026-08-06,2002-10-01
Q8NGG2,surface,active,OR5T2_HUMAN,64,,false,,2026-08-06,2009-02-10
Q8NGG3,surface,active,OR5T3_HUMAN,55,,false,,2026-08-06,2008-12-16
Q9UGF6,surface,active,OR5V1_HUMAN,36,,false,,2026-08-06,2000-05-01
Q8NH69,surface,active,OR5W2_HUMAN,36,,false,,2026-08-06,2002-10-01
O95222,surface,active,OR6A2_HUMAN,36,,false,,2026-08-06,2004-08-16
O95007,surface,active,OR6B1_HUMAN,36,,false,,2026-08-06,1999-05-01
Q6IFH4,surface,active,OR6B2_HUMAN,36,,false,,2026-08-06,2005-12-20
Q8NGW1,surface,active,OR6B3_HUMAN,36,,false,,2026-08-06,2002-10-01
Q96RD1,surface,active,OR6C1_HUMAN,37,,false,,2026-08-06,2006-01-10
Q9NZP2,surface,active,OR6C2_HUMAN,37,,false,,2026-08-06,2006-01-10
Q9NZP0,surface,active,OR6C3_HUMAN,37,,false,,2026-08-06,2006-01-10
Q8NGE1,surface,active,OR6C4_HUMAN,37,,false,,2026-08-06,2002-10-01
A6NF89,surface,active,OR6C6_HUMAN,37,,false,,2026-08-06,2007-07-24
Q8NGZ6,surface,active,OR6F1_HUMAN,37,,false,,2026-08-06,2002-10-01
Q8NGC5,surface,active,OR6J1_HUMAN,37,,false,,2026-08-06,2023-05-03
Q8NGY2,surface,active,OR6K2_HUMAN,39,,false,,2026-08-06,2002-10-01
Q8NGY3,surface,active,OR6K3_HUMAN,41,,false,,2026-08-06,2009-05-05
Q8NGW6,surface,active,OR6K6_HUMAN,53,,false,,2026-08-06,2009-02-10
Q8NGM8,surface,active,OR6M1_HUMAN,36,,false,,2026-08-06,2002-10-01
Q8NGY5,surface,active,OR6N1_HUMAN,37,,false,,2026-08-06,2002-10-01
Q8NGY6,surface,active,OR6N2_HUMAN,37,,false,,2026-08-06,2002-10-01
Q8NGX9,surface,active,OR6P1_HUMAN,37,,false,,2026-08-06,2002-10-01
Q8NGQ2,surface,active,OR6Q1_HUMAN,37,,false,,2026-08-06,2010-05-18
Q8NH40,surface,active,OR6S1_HUMAN,39,,false,,2026-08-06,2009-02-10
Q8NGN1,surface,active,OR6T1_HUMAN,37,,false,,2026-08-06,2002-10-01
Q8N148,surface,active,OR6V1_HUMAN,37,,false,,2026-08-06,2002-10-01
Q8NH79,surface,active,OR6X1_HUMAN,37,,false,,2026-08-06,2002-10-01
Q8NGX8,surface,active,OR6Y1_HUMAN,37,,false,,2026-08-06,2002-10-01
Q8NGA2,surface,active,OR7A2_HUMAN,37,,false,,2026-08-06,2002-10-01
Q15622,surface,active,OR7A5_HUMAN,37,,false,,2026-08-06,1998-11-01
O76100,surface,active,OR7AA_HUMAN,37,,false,,2026-08-06,1998-11-01
O14581,surface,active,OR7AH_HUMAN,37,,false,,2026-08-06,1998-01-01
O76099,surface,active,OR7C1_HUMAN,37,,false,,2026-08-06,1998-11-01
O60412,surface,active,OR7C2_HUMAN,37,,false,,2026-08-06,2006-10-17
Q96RA2,surface,active,OR7D2_HUMAN,37,,false,,2026-08-06,2003-09-26
Q8NG98,surface,active,OR7D4_HUMAN,37,,false,,2026-08-06,2002-10-01
Q8NGA0,surface,active,OR7G1_HUMAN,42,,false,,2026-08-06,2008-12-16
Q8NG99,surface,active,OR7G2_HUMAN,37,,false,,2026-08-06,2002-10-01
Q8NG95,surface,active,OR7G3_HUMAN,37,,false,,2026-08-06,2002-10-01
Q8NGG7,surface,active,OR8A1_HUMAN,51,,false,,2026-08-06,2008-11-04
Q96RD0,surface,active,OR8B2_HUMAN,37,,false,,2026-08-06,2009-05-05
Q8NGG8,surface,active,OR8B3_HUMAN,37,,false,,2026-08-06,2010-11-02
Q96RC9,surface,active,OR8B4_HUMAN,37,,false,,2026-08-06,2002-05-10
Q15620,surface,active,OR8B8_HUMAN,37,,false,,2026-08-06,2001-06-20
Q8NGG6,surface,active,OR8BC_HUMAN,37,,false,,2026-08-06,2002-10-01
Q8WZ84,surface,active,OR8D1_HUMAN,37,,false,,2026-08-06,2002-03-01
Q9GZM6,surface,active,OR8D2_HUMAN,37,,false,,2026-08-06,2001-03-01
Q8NGM9,surface,active,OR8D4_HUMAN,37,,false,,2026-08-06,2002-10-01
Q15617,surface,active,OR8G1_HUMAN,37,,false,,2026-08-06,2005-11-22
Q15614,surface,inactive,OR8G2_HUMAN,,not fetched: uniprot_inactive,false,,,
Q8NG78,surface,active,OR8G5_HUMAN,60,,false,,2026-08-06,2014-04-16
Q8NGG4,surface,active,OR8H1_HUMAN,37,,false,,2026-08-06,2002-10-01
Q8N162,surface,active,OR8H2_HUMAN,37,,false,,2026-08-06,2002-10-01
Q8N146,surface,active,OR8H3_HUMAN,37,,false,,2026-08-06,2002-10-01
Q8N0Y5,surface,active,OR8I2_HUMAN,36,,false,,2026-08-06,2002-10-01
Q8NGP2,surface,active,OR8J1_HUMAN,37,,false,,2026-08-06,2010-05-18
Q8NGG1,surface,active,OR8J2_HUMAN,41,,false,,2026-08-06,2008-01-15
Q8NGG0,surface,active,OR8J3_HUMAN,37,,false,,2026-08-06,2002-10-01
Q8NGG5,surface,active,OR8K1_HUMAN,37,,false,,2026-08-06,2002-10-01
Q8NH51,surface,active,OR8K3_HUMAN,37,,false,,2026-08-06,2002-10-01
Q8NH50,surface,active,OR8K5_HUMAN,37,,false,,2026-08-06,2002-10-01
Q8NH09,surface,active,OR8S1_HUMAN,37,,false,,2026-08-06,2010-05-18
Q8NH10,surface,active,OR8U1_HUMAN,37,,false,,2026-08-06,2002-10-01
P0C7N1,surface,active,OR8U8_HUMAN,61,,false,,2026-08-06,2008-06-10
P0C7N5,surface,active,OR8U9_HUMAN,40,,false,,2026-08-06,2008-06-10
Q8NGU1,surface,active,OR9A1_HUMAN,35,,false,,2026-08-06,2022-05-25
Q8NGT5,surface,active,OR9A2_HUMAN,37,,false,,2026-08-06,2002-10-01
Q8NGU2,surface,active,OR9A4_HUMAN,37,,false,,2026-08-06,2002-10-01
Q8NH87,surface,active,OR9G1_HUMAN,37,,false,,2026-08-06,2002-10-01
Q8NGQ1,surface,active,OR9G4_HUMAN,43,,false,,2026-08-06,2008-11-04
P0C7N8,surface,active,OR9G9_HUMAN,41,,false,,2026-08-06,2008-06-10
Q8NGQ6,surface,active,OR9I1_HUMAN,37,,false,,2026-08-06,2002-10-01
Q8NGE7,surface,active,OR9K2_HUMAN,50,,false,,2026-08-06,2008-12-16
Q8NGQ5,surface,active,OR9Q1_HUMAN,37,,false,,2026-08-06,2002-10-01
Q8NGE9,surface,active,OR9Q2_HUMAN,37,,false,,2026-08-06,2002-10-01
Q99650,surface,active,OSMR_HUMAN,713,,false,,2026-08-06,1997-05-01
Q86UW1,surface,active,OSTA_HUMAN,48,,false,,2026-08-06,2003-06-01
Q86UW2,surface,active,OSTB_HUMAN,34,,false,,2026-08-06,2008-04-29
Q86WC4,surface,active,OSTM1_HUMAN,,no sliceable ECD span in the fetched entry,false,,2026-08-06,2003-06-01
Q7RTW8,surface,active,OTOAN_HUMAN,,no sliceable ECD span in the fetched entry,false,,2026-08-06,2003-12-15
Q7RTM1,surface,active,OTOP1_HUMAN,41,,false,,2026-08-06,2003-12-15
Q7RTS6,surface,active,OTOP2_HUMAN,,no sliceable ECD span in the fetched entry,false,,2026-08-06,2010-05-18
O43613,surface,active,OX1R_HUMAN,46,,false,,2026-08-06,2008-07-22
P41217,surface,active,OX2G_HUMAN,202,,false,,2026-08-06,2010-11-02
O43614,surface,active,OX2R_HUMAN,54,,false,,2026-08-06,2008-09-23
Q8TDS5,surface,active,OXER1_HUMAN,58,,false,,2026-08-06,2024-01-24
Q96P68,surface,active,OXGR1_HUMAN,34,,false,,2026-08-06,2001-12-01
P30559,surface,active,OXYR_HUMAN,35,,false,,2026-08-06,2007-04-03
Q5VU65,surface,active,P210L_HUMAN,,no sliceable ECD span in the fetched entry,false,,2026-08-06,2004-12-07
P51575,surface,active,P2RX1_HUMAN,288,,false,,2026-08-06,1996-10-01
Q9UBL9,surface,active,P2RX2_HUMAN,274,,false,,2026-08-06,2000-05-01
P56373,surface,active,P2RX3_HUMAN,279,,false,,2026-08-06,2009-09-22
Q99571,surface,active,P2RX4_HUMAN,284,,false,,2026-08-06,2006-10-17
O15547,surface,active,P2RX6_HUMAN,273,,false,,2026-08-06,2010-11-02
Q99572,surface,active,P2RX7_HUMAN,282,,false,,2026-08-06,2012-07-11
P47900,surface,active,P2RY1_HUMAN,51,,false,,2026-08-06,1996-02-01
P41231,surface,active,P2RY2_HUMAN,32,,false,,2026-08-06,2010-11-02
P51582,surface,active,P2RY4_HUMAN,34,,false,,2026-08-06,1996-10-01
Q15077,surface,active,P2RY6_HUMAN,29,,false,,2026-08-06,1996-11-01
Q86VZ1,surface,active,P2RY8_HUMAN,28,,false,,2026-08-06,2003-06-01
O00398,surface,active,P2Y10_HUMAN,39,,false,,2026-08-06,1997-07-01
Q96G91,surface,active,P2Y11_HUMAN,42,,false,,2026-08-06,2002-05-27
Q9H244,surface,active,P2Y12_HUMAN,27,,false,,2026-08-06,2001-03-01
Q9BPV8,surface,active,P2Y13_HUMAN,49,,false,,2026-08-06,2011-02-08
Q15391,surface,active,P2Y14_HUMAN,29,,false,,2026-08-06,1996-11-01
Q96FE7,surface,active,P3IP1_HUMAN,147,,false,,2026-08-06,2007-03-20
P09131,surface,active,P3_HUMAN,,no sliceable ECD span in the fetched entry,false,,2026-08-06,1989-07-01
Q8NBR0,surface,active,P5I13_HUMAN,282,,false,,2026-08-06,2002-10-01
P41586,surface,active,PACR_HUMAN,132,,false,,2026-08-06,1995-11-01
Q96RD7,surface,active,PANX1_HUMAN,45,,false,,2026-08-06,2011-01-11
Q96RD6,surface,active,PANX2_HUMAN,53,,false,,2026-08-06,2010-05-18
P25116,surface,active,PAR1_HUMAN,61,,false,,2026-08-06,2002-04-16
P55085,surface,active,PAR2_HUMAN,35,,false,,2026-08-06,1996-10-01
O00254,surface,active,PAR3_HUMAN,56,,false,,2026-08-06,1997-07-01
Q96RI0,surface,active,PAR4_HUMAN,35,,false,,2026-08-06,2006-10-17
Q6UWI2,surface,active,PARM1_HUMAN,238,,false,,2026-08-06,2004-07-05
Q9BZA7,surface,active,PC11X_HUMAN,789,,false,,2026-08-06,2001-06-01
Q9BZA8,surface,active,PC11Y_HUMAN,816,,false,,2026-08-06,2001-06-01
Q9P2E7,surface,active,PCD10_HUMAN,697,,false,,2026-08-06,2004-01-16
Q9NPG4,surface,active,PCD12_HUMAN,694,,false,,2026-08-06,2000-10-01
Q96QU1,surface,active,PCD15_HUMAN,1350,,false,,2026-08-06,2006-10-17
Q96JQ0,surface,active,PCD16_HUMAN,2898,,false,,2026-08-06,2001-12-01
O14917,surface,active,PCD17_HUMAN,690,,false,,2026-08-06,2006-11-28
Q9HCL0,surface,active,PCD18_HUMAN,672,,false,,2026-08-06,2008-11-04
Q8TAB3,surface,active,PCD19_HUMAN,657,,false,,2026-08-06,2005-08-16
Q8N6Y1,surface,active,PCD20_HUMAN,830,,false,,2026-08-06,2013-09-18
Q6V1P9,surface,active,PCD23_HUMAN,2919,,false,,2026-08-06,2020-08-12
Q9Y5I3,surface,active,PCDA1_HUMAN,668,,false,,2026-08-06,1999-11-01
Q9Y5H9,surface,active,PCDA2_HUMAN,675,,false,,2026-08-06,1999-11-01
Q9Y5H8,surface,active,PCDA3_HUMAN,668,,false,,2026-08-06,1999-11-01
Q9UN74,surface,active,PCDA4_HUMAN,668,,false,,2026-08-06,2000-05-01
Q9Y5H7,surface,active,PCDA5_HUMAN,668,,false,,2026-08-06,1999-11-01
Q9UN73,surface,active,PCDA6_HUMAN,668,,false,,2026-08-06,2000-05-01
Q9UN72,surface,active,PCDA7_HUMAN,668,,false,,2026-08-06,2000-05-01
Q9Y5H6,surface,active,PCDA8_HUMAN,668,,false,,2026-08-06,1999-11-01
Q9Y5H5,surface,active,PCDA9_HUMAN,668,,false,,2026-08-06,1999-11-01
Q9Y5I2,surface,active,PCDAA_HUMAN,667,,false,,2026-08-06,1999-11-01
Q9Y5I1,surface,active,PCDAB_HUMAN,667,,false,,2026-08-06,1999-11-01
Q9UN75,surface,active,PCDAC_HUMAN,668,,false,,2026-08-06,2000-05-01
Q9Y5I0,surface,active,PCDAD_HUMAN,668,,false,,2026-08-06,1999-11-01
Q9Y5F3,surface,active,PCDB1_HUMAN,663,,false,,2026-08-06,2008-09-02
Q9Y5E7,surface,active,PCDB2_HUMAN,662,,false,,2026-08-06,1999-11-01
Q9Y5E6,surface,active,PCDB3_HUMAN,664,,false,,2026-08-06,2019-07-31
Q9Y5E5,surface,active,PCDB4_HUMAN,662,,false,,2026-08-06,1999-11-01
Q9Y5E4,surface,active,PCDB5_HUMAN,659,,false,,2026-08-06,2022-02-23
Q9Y5E3,surface,active,PCDB6_HUMAN,661,,false,,2026-08-06,2023-06-28
Q9Y5E2,surface,active,PCDB7_HUMAN,662,,false,,2026-08-06,1999-11-01
Q9UN66,surface,active,PCDB8_HUMAN,662,,false,,2026-08-06,2020-02-26
Q9Y5E1,surface,active,PCDB9_HUMAN,664,,false,,2026-08-06,2022-02-23
Q9UN67,surface,active,PCDBA_HUMAN,666,,false,,2026-08-06,2000-05-01
Q9Y5F2,surface,active,PCDBB_HUMAN,664,,false,,2026-08-06,1999-11-01
Q9Y5F1,surface,active,PCDBC_HUMAN,664,,false,,2026-08-06,1999-11-01
Q9Y5F0,surface,active,PCDBD_HUMAN,662,,false,,2026-08-06,1999-11-01
Q9Y5E9,surface,active,PCDBE_HUMAN,660,,false,,2026-08-06,1999-11-01
Q9Y5E8,surface,active,PCDBF_HUMAN,664,,false,,2026-08-06,1999-11-01
Q9NRJ7,surface,active,PCDBG_HUMAN,662,,false,,2026-08-06,2021-09-29
Q9H158,surface,active,PCDC1_HUMAN,665,,false,,2026-08-06,2007-04-03
Q9Y5I4,surface,active,PCDC2_HUMAN,666,,false,,2026-08-06,1999-11-01
Q9Y5H4,surface,active,PCDG1_HUMAN,664,,false,,2026-08-06,1999-11-01
Q9Y5H1,surface,active,PCDG2_HUMAN,664,,false,,2026-08-06,1999-11-01
Q9Y5H0,surface,active,PCDG3_HUMAN,663,,false,,2026-08-06,2010-05-18
Q9Y5G9,surface,active,PCDG4_HUMAN,664,,false,,2026-08-06,2017-09-27
Q9Y5G8,surface,active,PCDG5_HUMAN,663,,false,,2026-08-06,1999-11-01
Q9Y5G7,surface,active,PCDG6_HUMAN,663,,false,,2026-08-06,1999-11-01
Q9Y5G6,surface,active,PCDG7_HUMAN,664,,false,,2026-08-06,1999-11-01
Q9Y5G5,surface,active,PCDG8_HUMAN,663,,false,,2026-08-06,1999-11-01
Q9Y5G4,surface,active,PCDG9_HUMAN,664,,false,,2026-08-06,1999-11-01
Q9Y5H3,surface,active,PCDGA_HUMAN,664,,false,,2026-08-06,1999-11-01
Q9Y5H2,surface,active,PCDGB_HUMAN,664,,false,,2026-08-06,1999-11-01
O60330,surface,active,PCDGC_HUMAN,663,,false,,2026-08-06,1998-08-01
Q9Y5G3,surface,active,PCDGD_HUMAN,659,,false,,2026-08-06,1999-11-01
Q9Y5G2,surface,active,PCDGE_HUMAN,661,,false,,2026-08-06,1999-11-01
Q9Y5G1,surface,active,PCDGF_HUMAN,661,,false,,2026-08-06,2017-09-27
Q9UN71,surface,active,PCDGG_HUMAN,659,,false,,2026-08-06,2000-05-01
Q9Y5G0,surface,active,PCDGH_HUMAN,657,,false,,2026-08-06,1999-11-01
Q9Y5F9,surface,active,PCDGI_HUMAN,661,,false,,2026-08-06,1999-11-01
Q9Y5F8,surface,active,PCDGJ_HUMAN,661,,false,,2026-08-06,1999-11-01
Q9UN70,surface,active,PCDGK_HUMAN,662,,false,,2026-08-06,2000-05-01
Q9Y5F7,surface,active,PCDGL_HUMAN,663,,false,,2026-08-06,1999-11-01
Q9Y5F6,surface,active,PCDGM_HUMAN,664,,false,,2026-08-06,1999-11-01
Q08174,surface,active,PCDH1_HUMAN,795,,false,,2026-08-06,2008-11-25
O60245,surface,active,PCDH7_HUMAN,851,,false,,2026-08-06,2009-07-28
O95206,surface,active,PCDH8_HUMAN,720,,false,,2026-08-06,2000-05-01
Q9HC56,surface,active,PCDH9_HUMAN,791,,false,,2026-08-06,2008-09-23
Q96NT5,surface,active,PCFT_HUMAN,38,,false,,2026-08-06,2001-12-01
Q92824,surface,active,PCSK5_HUMAN,1629,,false,,2026-08-06,2011-11-16
Q96RV3,surface,active,PCX1_HUMAN,,no sliceable ECD span in the fetched entry,false,,2026-08-06,2006-10-17
A6NKB5,surface,active,PCX2_HUMAN,,no sliceable ECD span in the fetched entry,false,,2026-08-06,2008-05-20
Q9NZQ7,surface,active,PD1L1_HUMAN,220,,false,,2026-08-06,2000-10-01
Q9BQ51,surface,active,PD1L2_HUMAN,201,,false,,2026-08-06,2005-05-10
Q9Y5Y4,surface,active,PD2R2_HUMAN,42,,false,,2026-08-06,2010-05-18
Q13258,surface,active,PD2R_HUMAN,27,,false,,2026-08-06,1997-11-01
Q15116,surface,active,PDCD1_HUMAN,146,,false,,2026-08-06,2007-04-17
Q9NZ53,surface,active,PDXL2_HUMAN,468,,false,,2026-08-06,2000-10-01
P34995,surface,active,PE2R1_HUMAN,35,,false,,2026-08-06,2005-05-10
P43116,surface,active,PE2R2_HUMAN,23,,false,,2026-08-06,2003-11-07
P43115,surface,active,PE2R3_HUMAN,53,,false,,2026-08-06,1995-11-01
P35408,surface,active,PE2R4_HUMAN,24,,false,,2026-08-06,1994-06-01
Q5VY43,surface,active,PEAR1_HUMAN,735,,false,,2026-08-06,2004-12-07
P16284,surface,active,PECA1_HUMAN,574,,false,,2026-08-06,2018-03-28
P07202,surface,active,PERT_HUMAN,828,,false,,2026-08-06,2007-11-13
P43088,surface,active,PF2R_HUMAN,31,,false,,2026-08-06,1995-11-01
Q75T13,surface,active,PGAP1_HUMAN,,no sliceable ECD span in the fetched entry,false,,2026-08-06,2004-07-05
Q96GW7,surface,active,PGCB_HUMAN,,no sliceable ECD span in the fetched entry,false,,2026-08-06,2005-06-21
P16234,surface,active,PGFRA_HUMAN,505,,false,,2026-08-06,1990-04-01
P09619,surface,active,PGFRB_HUMAN,500,,false,,2026-08-06,1989-07-01
P78562,surface,active,PHEX_HUMAN,600,,false,,2026-08-06,1997-05-01
Q6UXB8,surface,active,PI16_HUMAN,,no sliceable ECD span in the fetched entry,false,,2026-08-06,2004-07-05
P43119,surface,active,PI2R_HUMAN,23,,false,,2026-08-06,1995-11-01
Q92508,surface,active,PIEZ1_HUMAN,234,,false,,2026-08-06,2011-01-11
Q9H5I5,surface,active,PIEZ2_HUMAN,248,,false,,2026-08-06,2011-01-11
Q8TEQ8,surface,active,PIGO_HUMAN,,no sliceable ECD span in the fetched entry,false,,2026-08-06,2005-03-15
P01833,surface,active,PIGR_HUMAN,620,,false,,2026-08-06,2007-06-26
Q969N2,surface,active,PIGT_HUMAN,,no sliceable ECD span in the fetched entry,false,,2026-08-06,2001-12-01
Q9UKJ1,surface,active,PILRA_HUMAN,178,,false,,2026-08-06,2010-05-18
Q9UKJ0,surface,active,PILRB_HUMAN,172,,false,,2026-08-06,2000-05-01
Q8TDX9,surface,active,PK1L1_HUMAN,1748,,false,,2026-08-06,2002-06-01
Q7Z442,surface,active,PK1L2_HUMAN,1327,,false,,2026-08-06,2018-03-28
Q7Z443,surface,active,PK1L3_HUMAN,674,,false,,2026-08-06,2003-10-01
Q9P0L9,surface,active,PK2L1_HUMAN,232,,false,,2026-08-06,2000-10-01
P98161,surface,active,PKD1_HUMAN,3051,,false,,2026-08-06,2010-03-23
Q13563,surface,active,PKD2_HUMAN,227,,false,,2026-08-06,2006-10-17
Q9NTG1,surface,active,PKDRE_HUMAN,1165,,false,,2026-08-06,2002-09-19
P08F94,surface,active,PKHD1_HUMAN,3835,,false,,2026-08-06,2010-05-18
Q86WI1,surface,active,PKHL1_HUMAN,4190,,false,,2026-08-06,2009-11-24
Q8TCW9,surface,active,PKR1_HUMAN,62,,false,,2026-08-06,2002-06-01
Q8NFJ6,surface,active,PKR2_HUMAN,54,,false,,2026-08-06,2002-10-01
Q13018,surface,active,PLA2R_HUMAN,1377,,false,,2026-08-06,2007-11-13
Q6P1J6,surface,active,PLB1_HUMAN,1396,,false,,2026-08-06,2010-05-18
Q8N7P1,surface,active,PLD5_HUMAN,,no sliceable ECD span in the fetched entry,false,,2026-08-06,2007-05-29
Q8IUK5,surface,active,PLDX1_HUMAN,408,,false,,2026-08-06,2006-04-18
Q6UQ28,surface,active,PLET1_HUMAN,,no sliceable ECD span in the fetched entry,false,,2026-08-06,2008-02-26
Q9BX97,surface,active,PLVAP_HUMAN,394,,false,,2026-08-06,2001-06-01
Q9UIW2,surface,active,PLXA1_HUMAN,1218,,false,,2026-08-06,2010-11-30
O75051,surface,active,PLXA2_HUMAN,1203,,false,,2026-08-06,2009-07-07
P51805,surface,active,PLXA3_HUMAN,1201,,false,,2026-08-06,2022-02-23
Q9HCM2,surface,active,PLXA4_HUMAN,1214,,false,,2026-08-06,2006-06-13
O43157,surface,active,PLXB1_HUMAN,1471,,false,,2026-08-06,2004-08-31
O15031,surface,active,PLXB2_HUMAN,1178,,false,,2026-08-06,2007-02-20
Q9ULL4,surface,active,PLXB3_HUMAN,1211,,false,,2026-08-06,2004-08-31
O60486,surface,active,PLXC1_HUMAN,910,,false,,2026-08-06,1998-08-01
Q9Y4D7,surface,active,PLXD1_HUMAN,1225,,false,,2026-08-06,2010-05-18
P40967,surface,active,PMEL_HUMAN,,no sliceable ECD span in the fetched entry,false,,2026-08-06,1997-11-01
Q969W9,surface,active,PMEPA_HUMAN,,no sliceable ECD span in the fetched entry,false,,2026-08-06,2001-12-01
Q8TEM1,surface,active,PO210_HUMAN,,no sliceable ECD span in the fetched entry,false,,2026-08-06,2006-10-17
O00592,surface,active,PODXL_HUMAN,439,,false,,2026-08-06,2009-05-05
Q8NE79,surface,active,POPD1_HUMAN,48,,false,,2026-08-06,2002-10-01
Q8N131,surface,active,PORIM_HUMAN,140,,false,,2026-08-06,2002-10-01
P11117,surface,active,PPAL_HUMAN,,no sliceable ECD span in the fetched entry,false,,2026-08-06,2006-10-03
Q9BZG2,surface,active,PPAT_HUMAN,367,,false,,2026-08-06,2001-06-01
P05187,surface,active,PPB1_HUMAN,,no sliceable ECD span in the fetched entry,false,,2026-08-06,1989-07-01
P09923,surface,active,PPBI_HUMAN,,no sliceable ECD span in the fetched entry,false,,2026-08-06,1990-04-01
P10696,surface,active,PPBN_HUMAN,,no sliceable ECD span in the fetched entry,false,,2026-08-06,2007-03-06
P05186,surface,active,PPBT_HUMAN,,no sliceable ECD span in the fetched entry,false,,2026-08-06,2005-06-21
Q5R3F8,surface,active,PPR29_HUMAN,375,,false,,2026-08-06,2004-12-21
Q86XR5,surface,active,PRIMA_HUMAN,57,,false,,2026-08-06,2003-10-03
P04156,surface,active,PRIO_HUMAN,,no sliceable ECD span in the fetched entry,false,,2026-08-06,1986-11-01
P49683,surface,active,PRLHR_HUMAN,62,,false,,2026-08-06,2010-11-02
P16471,surface,active,PRLR_HUMAN,210,,false,,2026-08-06,1990-08-01
Q9UKY0,surface,active,PRND_HUMAN,,no sliceable ECD span in the fetched entry,false,,2026-08-06,2005-06-21
O43490,surface,active,PROM1_HUMAN,285,,false,,2026-08-06,1998-06-01
Q8N271,surface,active,PROM2_HUMAN,286,,false,,2026-08-06,2002-10-01
P23942,surface,active,PRPH2_HUMAN,,no sliceable ECD span in the fetched entry,false,,2026-08-06,2023-06-28
Q5FWE3,surface,active,PRRT3_HUMAN,447,,false,,2026-08-06,2007-11-13
Q7RTY9,surface,active,PRS41_HUMAN,,no sliceable ECD span in the fetched entry,false,,2026-08-06,2003-12-15
Q16651,surface,active,PRSS8_HUMAN,,no sliceable ECD span in the fetched entry,false,,2026-08-06,1996-11-01
Q2VWP7,surface,active,PRTG_HUMAN,914,,false,,2026-08-06,2006-01-10
O43653,surface,active,PSCA_HUMAN,,no sliceable ECD span in the fetched entry,false,,2026-08-06,2018-10-10
P49768,surface,active,PSN1_HUMAN,,no sliceable ECD span in the fetched entry,false,,2026-08-06,1996-10-01
P49810,surface,active,PSN2_HUMAN,,no sliceable ECD span in the fetched entry,false,,2026-08-06,1996-10-01
Q8IYL9,surface,active,PSYR_HUMAN,21,,false,,2026-08-06,2003-03-01
P25105,surface,active,PTAFR_HUMAN,29,,false,,2026-08-06,1992-05-01
Q13635,surface,active,PTC1_HUMAN,320,,false,,2026-08-06,2007-10-23
Q6ISU1,surface,active,PTCRA_HUMAN,123,,false,,2026-08-06,2004-07-05
Q03431,surface,active,PTH1R_HUMAN,160,,false,,2026-08-06,1993-10-01
P49190,surface,active,PTH2R_HUMAN,119,,false,,2026-08-06,1996-02-01
Q96NR3,surface,active,PTHD1_HUMAN,,no sliceable ECD span in the fetched entry,false,,2026-08-06,2007-03-06
Q9P2K9,surface,active,PTHD2_HUMAN,,no sliceable ECD span in the fetched entry,false,,2026-08-06,2007-10-23
Q3KNS1,surface,active,PTHD3_HUMAN,,no sliceable ECD span in the fetched entry,false,,2026-08-06,2022-05-25
Q6ZW05,surface,active,PTHD4_HUMAN,,no sliceable ECD span in the fetched entry,false,,2026-08-06,2009-11-24
Q13308,surface,active,PTK7_HUMAN,674,,false,,2026-08-06,2006-10-17
Q92932,surface,active,PTPR2_HUMAN,594,,false,,2026-08-06,2006-10-17
P18433,surface,active,PTPRA_HUMAN,132,,false,,2026-08-06,2018-03-28
P23467,surface,active,PTPRB_HUMAN,1599,,false,,2026-08-06,2011-01-11
P08575,surface,active,PTPRC_HUMAN,552,,false,,2026-08-06,2018-03-28
P23468,surface,active,PTPRD_HUMAN,1245,,false,,2026-08-06,1996-10-01
P10586,surface,active,PTPRF_HUMAN,1234,,false,,2026-08-06,2009-03-24
P23470,surface,active,PTPRG_HUMAN,717,,false,,2026-08-06,2009-05-05
Q9HD43,surface,active,PTPRH_HUMAN,727,,false,,2026-08-06,2018-03-28
Q12913,surface,active,PTPRJ_HUMAN,940,,false,,2026-08-06,2008-02-05
Q15262,surface,active,PTPRK_HUMAN,726,,false,,2026-08-06,2007-05-01
P28827,surface,active,PTPRM_HUMAN,722,,false,,2026-08-06,2008-09-23
Q16849,surface,active,PTPRN_HUMAN,,no sliceable ECD span in the fetched entry,false,,2026-08-06,1997-11-01
Q16827,surface,active,PTPRO_HUMAN,793,,false,,2026-08-06,2008-10-14
Q9UMZ3,surface,active,PTPRQ_HUMAN,1912,,false,,2026-08-06,2007-09-11
Q15256,surface,active,PTPRR_HUMAN,206,,false,,2026-08-06,2007-03-06
Q13332,surface,active,PTPRS_HUMAN,1253,,false,,2026-08-06,2011-01-11
O14522,surface,active,PTPRT_HUMAN,722,,false,,2026-08-06,2011-01-11
Q92729,surface,active,PTPRU_HUMAN,731,,false,,2026-08-06,2009-05-05
P23471,surface,active,PTPRZ_HUMAN,1612,,false,,2026-08-06,2009-03-24
P53801,surface,active,PTTG_HUMAN,64,,false,,2026-08-06,1996-10-01
Q15223,surface,active,PVRL1_HUMAN,325,,false,,2026-08-06,2001-09-26
Q92692,surface,active,PVRL2_HUMAN,329,,false,,2026-08-06,1997-02-01
Q9NQS3,surface,active,PVRL3_HUMAN,347,,false,,2026-08-06,2000-10-01
Q96NY8,surface,active,PVRL4_HUMAN,318,,false,,2026-08-06,2001-12-01
P15151,surface,active,PVR_HUMAN,323,,false,,2026-08-06,1996-02-01
Q6UX71,surface,active,PXDC2_HUMAN,424,,false,,2026-08-06,2004-07-05
Q96P65,surface,active,QRFPR_HUMAN,46,,false,,2026-08-06,2004-05-10
O00391,surface,active,QSOX1_HUMAN,,no sliceable ECD span in the fetched entry,false,,2026-08-06,2001-06-01
Q6ZRP7,surface,active,QSOX2_HUMAN,,no sliceable ECD span in the fetched entry,false,,2026-08-06,2007-07-24
Q86UN2,surface,active,R4RL1_HUMAN,,no sliceable ECD span in the fetched entry,false,,2026-08-06,2003-06-01
Q86UN3,surface,active,R4RL2_HUMAN,,no sliceable ECD span in the fetched entry,false,,2026-08-06,2003-06-01
Q15109,surface,active,RAGE_HUMAN,320,,false,,2026-08-06,1997-11-01
Q8NFJ5,surface,active,RAI3_HUMAN,33,,false,,2026-08-06,2004-04-13
O60895,surface,active,RAMP2_HUMAN,101,,false,,2026-08-06,2003-01-10
O60896,surface,active,RAMP3_HUMAN,90,,false,,2026-08-06,1998-08-01
O95980,surface,active,RECK_HUMAN,,no sliceable ECD span in the fetched entry,false,,2026-08-06,1999-05-01
Q8IUW5,surface,active,RELL1_HUMAN,34,,false,,2026-08-06,2003-03-01
Q6H3X3,surface,active,RET1G_HUMAN,198,,false,,2026-08-06,2004-07-19
Q5VY80,surface,active,RET1L_HUMAN,,no sliceable ECD span in the fetched entry,false,,2026-08-06,2004-12-07
P07949,surface,active,RET_HUMAN,607,,false,,2026-08-06,1994-06-01
Q96B86,surface,active,RGMA_HUMAN,,no sliceable ECD span in the fetched entry,false,,2026-08-06,2022-02-23
Q6NW40,surface,active,RGMB_HUMAN,,no sliceable ECD span in the fetched entry,false,,2026-08-06,2011-04-05
Q6ZVN8,surface,active,RGMC_HUMAN,,no sliceable ECD span in the fetched entry,false,,2026-08-06,2004-07-05
P47804,surface,active,RGR_HUMAN,24,,false,,2026-08-06,1996-02-01
Q02094,surface,active,RHAG_HUMAN,28,,false,,2026-08-06,2008-12-16
Q9NX52,surface,active,RHBL2_HUMAN,,no sliceable ECD span in the fetched entry,false,,2026-08-06,2005-02-01
Q9UBD6,surface,active,RHCG_HUMAN,30,,false,,2026-08-06,2000-05-01
Q6PJF5,surface,active,RHDF2_HUMAN,,no sliceable ECD span in the fetched entry,false,,2026-08-06,2008-07-01
Q9NSD7,surface,active,RL3R1_HUMAN,81,,false,,2026-08-06,2000-10-01
Q8TDU9,surface,active,RL3R2_HUMAN,43,,false,,2026-08-06,2002-06-01
Q8TEB7,surface,active,RN128_HUMAN,,no sliceable ECD span in the fetched entry,false,,2026-08-06,2002-06-01
Q8NC42,surface,active,RN149_HUMAN,,no sliceable ECD span in the fetched entry,false,,2026-08-06,2007-11-13
Q9ULK6,surface,active,RN150_HUMAN,174,,false,,2026-08-06,2007-03-20
Q9H6Y7,surface,active,RN167_HUMAN,,no sliceable ECD span in the fetched entry,false,,2026-08-06,2001-03-01
O43567,surface,active,RNF13_HUMAN,,no sliceable ECD span in the fetched entry,false,,2026-08-06,1998-06-01
Q68DV7,surface,active,RNF43_HUMAN,174,,false,,2026-08-06,2004-10-11
Q5M7Z0,surface,active,RNFT1_HUMAN,,no sliceable ECD span in the fetched entry,false,,2026-08-06,2006-09-19
Q9Y6N7,surface,active,ROBO1_HUMAN,872,,false,,2026-08-06,1999-11-01
Q9HCK4,surface,active,ROBO2_HUMAN,838,,false,,2026-08-06,2004-06-21
Q96MS0,surface,active,ROBO3_HUMAN,871,,false,,2026-08-06,2004-06-21
Q04912,surface,active,RON_HUMAN,933,,false,,2026-08-06,2018-03-28
Q01973,surface,active,ROR1_HUMAN,377,,false,,2026-08-06,2006-11-28
Q01974,surface,active,ROR2_HUMAN,370,,false,,2026-08-06,2006-03-07
P08922,surface,active,ROS1_HUMAN,1832,,false,,2026-08-06,2007-02-20
P04843,surface,active,RPN1_HUMAN,,no sliceable ECD span in the fetched entry,false,,2026-08-06,1987-08-13
Q8N4K4,surface,active,RPRML_HUMAN,,no sliceable ECD span in the fetched entry,false,,2026-08-06,2003-06-01
Q9NS64,surface,active,RPRM_HUMAN,,no sliceable ECD span in the fetched entry,false,,2026-08-06,2000-10-01
Q9BZR6,surface,active,RTN4R_HUMAN,,no sliceable ECD span in the fetched entry,false,,2026-08-06,2001-06-01
Q9HBX9,surface,active,RXFP1_HUMAN,409,,false,,2026-08-06,2007-12-04
Q8WXD0,surface,active,RXFP2_HUMAN,416,,false,,2026-08-06,2002-03-01
P34925,surface,active,RYK_HUMAN,202,,false,,2026-08-06,2018-03-28
Q13621,surface,active,S12A1_HUMAN,112,,false,,2026-08-06,2008-11-04
P55011,surface,active,S12A2_HUMAN,57,,false,,2026-08-06,1996-10-01
P55017,surface,active,S12A3_HUMAN,60,,false,,2026-08-06,2010-11-30
Q9UP95,surface,active,S12A4_HUMAN,122,,false,,2026-08-06,2002-12-13
Q9H2X9,surface,active,S12A5_HUMAN,126,,false,,2026-08-06,2007-12-04
Q9UHW9,surface,active,S12A6_HUMAN,117,,false,,2026-08-06,2002-12-13
Q9Y666,surface,active,S12A7_HUMAN,119,,false,,2026-08-06,2007-12-04
A0AV02,surface,active,S12A8_HUMAN,,no sliceable ECD span in the fetched entry,false,,2026-08-06,2015-05-27
Q9BXP2,surface,active,S12A9_HUMAN,253,,false,,2026-08-06,2001-06-01
Q9BZW2,surface,active,S13A1_HUMAN,33,,false,,2026-08-06,2001-06-01
Q13183,surface,active,S13A2_HUMAN,39,,false,,2026-08-06,1996-11-01
Q8WWT9,surface,active,S13A3_HUMAN,31,,false,,2026-08-06,2002-03-01
Q9UKG4,surface,active,S13A4_HUMAN,,no sliceable ECD span in the fetched entry,false,,2026-08-06,2009-01-20
P46059,surface,active,S15A1_HUMAN,202,,false,,2026-08-06,1995-11-01
Q16348,surface,active,S15A2_HUMAN,210,,false,,2026-08-06,2008-10-14
Q8IY34,surface,active,S15A3_HUMAN,41,,false,,2026-08-06,2010-05-18
Q8N697,surface,active,S15A4_HUMAN,32,,false,,2026-08-06,2002-10-01
A6NIM6,surface,active,S15A5_HUMAN,,no sliceable ECD span in the fetched entry,false,,2026-08-06,2008-04-29
Q9NRA2,surface,active,S17A5_HUMAN,,no sliceable ECD span in the fetched entry,false,,2026-08-06,2004-06-07
Q9BYT1,surface,active,S17A9_HUMAN,,no sliceable ECD span in the fetched entry,false,,2026-08-06,2004-05-24
P41440,surface,active,S19A1_HUMAN,14,,false,,2026-08-06,2000-12-01
O60779,surface,active,S19A2_HUMAN,27,,false,,2026-08-06,2001-01-24
Q9BZV2,surface,active,S19A3_HUMAN,25,,false,,2026-08-06,2001-06-01
P21453,surface,active,S1PR1_HUMAN,46,,false,,2026-08-06,2008-09-02
O95136,surface,active,S1PR2_HUMAN,34,,false,,2026-08-06,2003-11-07
Q99500,surface,active,S1PR3_HUMAN,40,,false,,2026-08-06,2004-02-16
O95977,surface,active,S1PR4_HUMAN,50,,false,,2026-08-06,1999-05-01
Q9H228,surface,active,S1PR5_HUMAN,40,,false,,2026-08-06,2001-03-01
Q08357,surface,active,S20A2_HUMAN,27,,false,,2026-08-06,1996-11-01
O15245,surface,active,S22A1_HUMAN,107,,false,,2026-08-06,2010-11-30
O15244,surface,active,S22A2_HUMAN,107,,false,,2026-08-06,2010-11-30
O75751,surface,active,S22A3_HUMAN,,no sliceable ECD span in the fetched entry,false,,2026-08-06,1998-11-01
Q9H015,surface,active,S22A4_HUMAN,100,,false,,2026-08-06,2007-05-01
O76082,surface,active,S22A5_HUMAN,101,,false,,2026-08-06,1998-11-01
Q4U2R8,surface,active,S22A6_HUMAN,105,,false,,2026-08-06,2005-07-19
Q9Y694,surface,active,S22A7_HUMAN,,no sliceable ECD span in the fetched entry,false,,2026-08-06,1999-11-01
Q8TCC7,surface,active,S22A8_HUMAN,93,,false,,2026-08-06,2002-06-01
Q8IVM8,surface,active,S22A9_HUMAN,107,,false,,2026-08-06,2003-03-01
Q9NSA0,surface,active,S22AB_HUMAN,111,,false,,2026-08-06,2000-10-01
Q96S37,surface,active,S22AC_HUMAN,,no sliceable ECD span in the fetched entry,false,,2026-08-06,2001-12-01
Q9Y226,surface,active,S22AD_HUMAN,97,,false,,2026-08-06,2006-04-04
Q9Y267,surface,active,S22AE_HUMAN,93,,false,,2026-08-06,2010-11-30
Q8IZD6,surface,active,S22AF_HUMAN,,no sliceable ECD span in the fetched entry,false,,2026-08-06,2003-03-01
Q86VW1,surface,active,S22AG_HUMAN,,no sliceable ECD span in the fetched entry,false,,2026-08-06,2003-06-01
Q8WUG5,surface,active,S22AH_HUMAN,,no sliceable ECD span in the fetched entry,false,,2026-08-06,2024-01-24
A6NK97,surface,active,S22AK_HUMAN,93,,false,,2026-08-06,2007-07-24
A1A5C7,surface,active,S22AN_HUMAN,,no sliceable ECD span in the fetched entry,false,,2026-08-06,2007-10-23
Q6T423,surface,active,S22AP_HUMAN,115,,false,,2026-08-06,2010-05-18
Q9UHI7,surface,active,S23A1_HUMAN,35,,false,,2026-08-06,2022-02-23
Q9UGH3,surface,active,S23A2_HUMAN,36,,false,,2026-08-06,2000-05-01
Q9H2B4,surface,active,S26A1_HUMAN,,no sliceable ECD span in the fetched entry,false,,2026-08-06,2008-10-14
P50443,surface,active,S26A2_HUMAN,,no sliceable ECD span in the fetched entry,false,,2026-08-06,2009-07-28
P40879,surface,active,S26A3_HUMAN,39,,false,,2026-08-06,1995-02-01
O43511,surface,active,S26A4_HUMAN,35,,false,,2026-08-06,1998-06-01
P58743,surface,active,S26A5_HUMAN,25,,false,,2026-08-06,2002-03-27
Q9BXS9,surface,active,S26A6_HUMAN,50,,false,,2026-08-06,2001-06-01
Q96RN1,surface,active,S26A8_HUMAN,35,,false,,2026-08-06,2001-12-01
Q7LBE3,surface,active,S26A9_HUMAN,30,,false,,2026-08-06,2004-07-05
O00337,surface,active,S28A1_HUMAN,57,,false,,2026-08-06,2009-05-05
O43868,surface,active,S28A2_HUMAN,,no sliceable ECD span in the fetched entry,false,,2026-08-06,2006-10-17
Q9HAS3,surface,active,S28A3_HUMAN,78,,false,,2026-08-06,2001-03-01
Q99808,surface,active,S29A1_HUMAN,43,,false,,2026-08-06,2007-01-23
Q14542,surface,active,S29A2_HUMAN,,no sliceable ECD span in the fetched entry,false,,2026-08-06,2006-10-17
Q9BZD2,surface,active,S29A3_HUMAN,31,,false,,2026-08-06,2010-11-30
Q7RTT9,surface,active,S29A4_HUMAN,68,,false,,2026-08-06,2003-12-15
Q9BS91,surface,active,S35A5_HUMAN,,no sliceable ECD span in the fetched entry,false,,2026-08-06,2007-11-13
A4IF30,surface,active,S35F4_HUMAN,,no sliceable ECD span in the fetched entry,false,,2026-08-06,2007-12-04
Q7Z2H8,surface,active,S36A1_HUMAN,32,,false,,2026-08-06,2003-10-01
Q495M3,surface,active,S36A2_HUMAN,32,,false,,2026-08-06,2005-09-13
Q495N2,surface,active,S36A3_HUMAN,32,,false,,2026-08-06,2008-03-18
Q6YBV0,surface,active,S36A4_HUMAN,,no sliceable ECD span in the fetched entry,false,,2026-08-06,2004-07-05
Q9H2H9,surface,active,S38A1_HUMAN,38,,false,,2026-08-06,2001-03-01
Q96QD8,surface,active,S38A2_HUMAN,54,,false,,2026-08-06,2007-12-04
Q969I6,surface,active,S38A4_HUMAN,104,,false,,2026-08-06,2001-12-01
Q8WUX1,surface,active,S38A5_HUMAN,44,,false,,2026-08-06,2002-03-01
A6NNN8,surface,active,S38A8_HUMAN,,no sliceable ECD span in the fetched entry,false,,2026-08-06,2007-07-24
Q8NBW4,surface,active,S38A9_HUMAN,,no sliceable ECD span in the fetched entry,false,,2026-08-06,2010-05-18
Q08AI6,surface,active,S38AB_HUMAN,,no sliceable ECD span in the fetched entry,false,,2026-08-06,2006-10-31
Q9NP94,surface,active,S39A2_HUMAN,36,,false,,2026-08-06,2010-05-18
Q6P5W5,surface,active,S39A4_HUMAN,305,,false,,2026-08-06,2017-04-12
Q6ZMH5,surface,active,S39A5_HUMAN,192,,false,,2026-08-06,2011-05-03
Q13433,surface,active,S39A6_HUMAN,297,,false,,2026-08-06,2010-03-23
Q9C0K1,surface,active,S39A8_HUMAN,110,,false,,2026-08-06,2001-06-01
Q9NUM3,surface,active,S39A9_HUMAN,,no sliceable ECD span in the fetched entry,false,,2026-08-06,2007-08-21
Q9ULF5,surface,active,S39AA_HUMAN,,no sliceable ECD span in the fetched entry,false,,2026-08-06,2007-08-21
Q504Y0,surface,active,S39AC_HUMAN,202,,false,,2026-08-06,2010-11-30
Q15043,surface,active,S39AE_HUMAN,127,,false,,2026-08-06,2010-11-30
Q9NP59,surface,active,S40A1_HUMAN,62,,false,,2026-08-06,2000-10-01
Q8IVJ1,surface,active,S41A1_HUMAN,,no sliceable ECD span in the fetched entry,false,,2026-08-06,2007-07-10
Q96JW4,surface,active,S41A2_HUMAN,162,,false,,2026-08-06,2007-07-10
Q96GZ6,surface,active,S41A3_HUMAN,,no sliceable ECD span in the fetched entry,false,,2026-08-06,2010-11-30
Q8NBI5,surface,active,S43A3_HUMAN,,no sliceable ECD span in the fetched entry,false,,2026-08-06,2007-10-02
Q9UMX9,surface,active,S45A2_HUMAN,27,,false,,2026-08-06,2007-03-06
Q5BKX6,surface,active,S45A4_HUMAN,13,,false,,2026-08-06,2008-05-20
Q7Z3Q1,surface,active,S46A3_HUMAN,48,,false,,2026-08-06,2003-10-01
Q96FL8,surface,active,S47A1_HUMAN,19,,false,,2026-08-06,2001-12-01
Q6U841,surface,active,S4A10_HUMAN,73,,false,,2026-08-06,2004-07-05
Q9Y6R1,surface,active,S4A4_HUMAN,83,,false,,2026-08-06,1999-11-01
Q9BY07,surface,active,S4A5_HUMAN,114,,false,,2026-08-06,2008-04-08
Q9Y6M7,surface,active,S4A7_HUMAN,608,,false,,2026-08-06,2009-05-05
Q2Y0W8,surface,active,S4A8_HUMAN,478,,false,,2026-08-06,2005-12-20
Q9NWF4,surface,active,S52A1_HUMAN,,no sliceable ECD span in the fetched entry,false,,2026-08-06,2010-10-05
Q9HAB3,surface,active,S52A2_HUMAN,,no sliceable ECD span in the fetched entry,false,,2026-08-06,2001-03-01
Q9NQ40,surface,active,S52A3_HUMAN,62,,false,,2026-08-06,2005-11-22
P48066,surface,active,S6A11_HUMAN,74,,false,,2026-08-06,1996-02-01
P48065,surface,active,S6A12_HUMAN,73,,false,,2026-08-06,2009-09-01
Q9NSD5,surface,active,S6A13_HUMAN,65,,false,,2026-08-06,2008-10-14
Q9UN76,surface,active,S6A14_HUMAN,104,,false,,2026-08-06,2000-05-01
Q9H2J7,surface,active,S6A15_HUMAN,96,,false,,2026-08-06,2001-03-01
Q9GZN6,surface,active,S6A16_HUMAN,92,,false,,2026-08-06,2001-03-01
Q9H1V8,surface,active,S6A17_HUMAN,105,,false,,2026-08-06,2005-02-01
Q96N87,surface,active,S6A18_HUMAN,88,,false,,2026-08-06,2010-11-30
Q695T7,surface,active,S6A19_HUMAN,88,,false,,2026-08-06,2004-09-13
Q9NP91,surface,active,S6A20_HUMAN,92,,false,,2026-08-06,2000-10-01
Q8TBB6,surface,active,S7A14_HUMAN,,no sliceable ECD span in the fetched entry,false,,2026-08-06,2010-05-18
Q9HBV2,surface,active,SACA1_HUMAN,192,,false,,2026-08-06,2001-03-01
Q8TDM5,surface,active,SACA4_HUMAN,,no sliceable ECD span in the fetched entry,false,,2026-08-06,2002-06-01
P43007,surface,active,SATT_HUMAN,77,,false,,2026-08-06,1995-11-01
P13866,surface,active,SC5A1_HUMAN,54,,false,,2026-08-06,1990-01-01
P31639,surface,active,SC5A2_HUMAN,58,,false,,2026-08-06,1993-07-01
P53794,surface,active,SC5A3_HUMAN,98,,false,,2026-08-06,2024-01-24
Q9NY91,surface,active,SC5A4_HUMAN,89,,false,,2026-08-06,2000-10-01
Q92911,surface,active,SC5A5_HUMAN,60,,false,,2026-08-06,1997-02-01
Q9Y289,surface,active,SC5A6_HUMAN,,no sliceable ECD span in the fetched entry,false,,2026-08-06,2009-05-05
Q9GZV3,surface,active,SC5A7_HUMAN,25,,false,,2026-08-06,2001-03-01
Q8N695,surface,active,SC5A8_HUMAN,58,,false,,2026-08-06,2010-05-18
Q2M3M2,surface,active,SC5A9_HUMAN,45,,false,,2026-08-06,2008-05-20
A0PJK1,surface,active,SC5AA_HUMAN,43,,false,,2026-08-06,2007-11-13
Q8WWX8,surface,active,SC5AB_HUMAN,46,,false,,2026-08-06,2002-03-01
Q1EHB4,surface,active,SC5AC_HUMAN,46,,false,,2026-08-06,2008-05-20
P30531,surface,active,SC6A1_HUMAN,67,,false,,2026-08-06,2009-05-05
P23975,surface,active,SC6A2_HUMAN,67,,false,,2026-08-06,1992-03-01
Q01959,surface,active,SC6A3_HUMAN,65,,false,,2026-08-06,1993-04-01
P31645,surface,active,SC6A4_HUMAN,66,,false,,2026-08-06,1993-07-01
Q9Y345,surface,active,SC6A5_HUMAN,102,,false,,2026-08-06,2010-05-18
P31641,surface,active,SC6A6_HUMAN,65,,false,,2026-08-06,1996-02-01
Q99884,surface,active,SC6A7_HUMAN,77,,false,,2026-08-06,2010-05-18
P48029,surface,active,SC6A8_HUMAN,71,,false,,2026-08-06,1996-02-01
P48067,surface,active,SC6A9_HUMAN,77,,false,,2026-08-06,2010-08-10
Q12770,surface,active,SCAP_HUMAN,,no sliceable ECD span in the fetched entry,false,,2026-08-06,2006-10-17
Q6ZMJ2,surface,active,SCAR5_HUMAN,414,,false,,2026-08-06,2004-07-05
P21583,surface,active,SCF_HUMAN,189,,false,,2026-08-06,1991-05-01
P35498,surface,active,SCN1A_HUMAN,100,,false,,2026-08-06,2000-12-08
Q07699,surface,active,SCN1B_HUMAN,139,,false,,2026-08-06,1996-10-01
Q99250,surface,active,SCN2A_HUMAN,99,,false,,2026-08-06,2002-11-08
O60939,surface,active,SCN2B_HUMAN,128,,false,,2026-08-06,1998-08-01
Q9NY46,surface,active,SCN3A_HUMAN,100,,false,,2026-08-06,2002-11-08
Q9NY72,surface,active,SCN3B_HUMAN,134,,false,,2026-08-06,2000-10-01
P35499,surface,active,SCN4A_HUMAN,119,,false,,2026-08-06,2010-03-23
Q8IWT1,surface,active,SCN4B_HUMAN,132,,false,,2026-08-06,2003-03-01
Q14524,surface,active,SCN5A_HUMAN,85,,false,,2026-08-06,2008-11-25
Q01118,surface,active,SCN7A_HUMAN,79,,false,,2026-08-06,2010-05-18
Q9UQD0,surface,active,SCN8A_HUMAN,82,,false,,2026-08-06,2000-05-01
Q15858,surface,active,SCN9A_HUMAN,79,,false,,2026-08-06,2011-04-05
Q9Y5Y9,surface,active,SCNAA_HUMAN,69,,false,,2026-08-06,2008-09-02
Q9UI33,surface,active,SCNBA_HUMAN,75,,false,,2026-08-06,2007-01-23
P37088,surface,active,SCNNA_HUMAN,456,,false,,2026-08-06,1994-10-01
P51168,surface,active,SCNNB_HUMAN,461,,false,,2026-08-06,2000-12-01
P51172,surface,active,SCNND_HUMAN,423,,false,,2026-08-06,2019-01-16
P51170,surface,active,SCNNG_HUMAN,465,,false,,2026-08-06,2006-05-30
Q8WTV0,surface,active,SCRB1_HUMAN,411,,false,,2026-08-06,2002-03-01
Q14108,surface,active,SCRB2_HUMAN,,no sliceable ECD span in the fetched entry,false,,2026-08-06,2007-01-23
Q8WVN6,surface,active,SCTM1_HUMAN,117,,false,,2026-08-06,2002-11-08
P47872,surface,active,SCTR_HUMAN,119,,false,,2026-08-06,1997-11-01
P18827,surface,active,SDC1_HUMAN,232,,false,,2026-08-06,2009-05-05
P34741,surface,active,SDC2_HUMAN,126,,false,,2026-08-06,2007-08-21
Q7Z5N4,surface,active,SDK1_HUMAN,,no sliceable ECD span in the fetched entry,false,,2026-08-06,2010-05-18
Q58EX2,surface,active,SDK2_HUMAN,1912,,false,,2026-08-06,2010-05-18
Q6UXD5,surface,active,SE6L2_HUMAN,817,,false,,2026-08-06,2011-05-31
Q14242,surface,active,SELPL_HUMAN,303,,false,,2026-08-06,1996-11-01
Q9H3S1,surface,active,SEM4A_HUMAN,651,,false,,2026-08-06,2003-04-11
Q9NPR2,surface,active,SEM4B_HUMAN,674,,false,,2026-08-06,2019-06-05
Q9C0C4,surface,active,SEM4C_HUMAN,643,,false,,2026-08-06,2004-05-24
Q92854,surface,active,SEM4D_HUMAN,713,,false,,2026-08-06,1997-02-01
O95754,surface,active,SEM4F_HUMAN,625,,false,,2026-08-06,2000-05-30
Q9NTN9,surface,active,SEM4G_HUMAN,658,,false,,2026-08-06,2000-10-01
Q13591,surface,active,SEM5A_HUMAN,946,,false,,2026-08-06,2006-05-30
Q9P283,surface,active,SEM5B_HUMAN,1036,,false,,2026-08-06,2008-11-04
Q9H2E6,surface,active,SEM6A_HUMAN,631,,false,,2026-08-06,2022-02-23
Q9H3T3,surface,active,SEM6B_HUMAN,578,,false,,2026-08-06,2006-10-17
Q9H3T2,surface,active,SEM6C_HUMAN,580,,false,,2026-08-06,2010-11-30
Q8NFY4,surface,active,SEM6D_HUMAN,642,,false,,2026-08-06,2002-10-01
O75326,surface,active,SEM7A_HUMAN,,no sliceable ECD span in the fetched entry,false,,2026-08-06,1998-11-01
Q12884,surface,active,SEPR_HUMAN,735,,false,,2026-08-06,2010-03-23
Q9NRX5,surface,active,SERC1_HUMAN,,no sliceable ECD span in the fetched entry,false,,2026-08-06,2000-10-01
Q96SA4,surface,active,SERC2_HUMAN,,no sliceable ECD span in the fetched entry,false,,2026-08-06,2012-03-21
Q13530,surface,active,SERC3_HUMAN,96,,false,,2026-08-06,2002-11-25
A6NH21,surface,active,SERC4_HUMAN,,no sliceable ECD span in the fetched entry,false,,2026-08-06,2007-07-24
Q86VE9,surface,active,SERC5_HUMAN,53,,false,,2026-08-06,2003-06-01
Q53EL9,surface,active,SEZ6_HUMAN,906,,false,,2026-08-06,2008-06-10
Q16586,surface,active,SGCA_HUMAN,267,,false,,2026-08-06,1996-11-01
Q16585,surface,active,SGCB_HUMAN,232,,false,,2026-08-06,1996-11-01
Q92629,surface,active,SGCD_HUMAN,233,,false,,2026-08-06,2008-11-04
O43556,surface,active,SGCE_HUMAN,317,,false,,2026-08-06,2009-07-07
Q96LD1,surface,active,SGCZ_HUMAN,241,,false,,2026-08-06,2001-12-01
P78324,surface,active,SHPS1_HUMAN,343,,false,,2026-08-06,2011-04-05
Q96DD7,surface,active,SHSA4_HUMAN,60,,false,,2026-08-06,2010-11-30
Q6ZSJ9,surface,active,SHSA6_HUMAN,149,,false,,2026-08-06,2008-03-18
A6NL88,surface,active,SHSA7_HUMAN,167,,false,,2026-08-06,2009-03-24
B8ZZ34,surface,active,SHSA8_HUMAN,100,,false,,2026-08-06,2018-03-28
B4DS77,surface,active,SHSA9_HUMAN,126,,false,,2026-08-06,2010-05-18
Q9NXL6,surface,active,SIDT1_HUMAN,290,,false,,2026-08-06,2010-05-18
Q8NBJ9,surface,active,SIDT2_HUMAN,278,,false,,2026-08-06,2005-04-26
Q96LC7,surface,active,SIG10_HUMAN,534,,false,,2026-08-06,2006-11-28
Q96RL6,surface,active,SIG11_HUMAN,534,,false,,2026-08-06,2010-04-20
Q96PQ1,surface,active,SIG12_HUMAN,463,,false,,2026-08-06,2001-12-01
Q08ET2,surface,active,SIG14_HUMAN,342,,false,,2026-08-06,2006-10-31
Q6ZMC9,surface,active,SIG15_HUMAN,244,,false,,2026-08-06,2004-07-05
A6NMB1,surface,active,SIG16_HUMAN,418,,false,,2026-08-06,2008-04-29
Q6IA17,surface,active,SIGIR_HUMAN,118,,false,,2026-08-06,2010-11-02
Q8N7X8,surface,active,SIGL1_HUMAN,,no sliceable ECD span in the fetched entry,false,,2026-08-06,2002-10-01
O15389,surface,active,SIGL5_HUMAN,425,,false,,2026-08-06,1998-01-01
O43699,surface,active,SIGL6_HUMAN,321,,false,,2026-08-06,2008-11-25
Q9Y286,surface,active,SIGL7_HUMAN,335,,false,,2026-08-06,1999-11-01
Q9NYZ4,surface,active,SIGL8_HUMAN,347,,false,,2026-08-06,2002-11-08
Q9Y336,surface,active,SIGL9_HUMAN,331,,false,,2026-08-06,2000-05-01
O00241,surface,active,SIRB1_HUMAN,342,,false,,2026-08-06,2010-11-02
Q5JXA9,surface,active,SIRB2_HUMAN,255,,false,,2026-08-06,2005-02-15
Q5TFQ8,surface,active,SIRBL_HUMAN,342,,false,,2026-08-06,2008-02-05
Q9P1W8,surface,active,SIRPG_HUMAN,332,,false,,2026-08-06,2007-01-23
Q9Y3P8,surface,active,SIT1_HUMAN,16,,false,,2026-08-06,1999-11-01
P19634,surface,active,SL9A1_HUMAN,98,,false,,2026-08-06,1991-11-01
Q9UBY0,surface,active,SL9A2_HUMAN,,no sliceable ECD span in the fetched entry,false,,2026-08-06,2000-05-01
P48764,surface,active,SL9A3_HUMAN,26,,false,,2026-08-06,2009-11-24
Q92581,surface,active,SL9A6_HUMAN,,no sliceable ECD span in the fetched entry,false,,2026-08-06,2023-02-22
Q96T83,surface,active,SL9A7_HUMAN,,no sliceable ECD span in the fetched entry,false,,2026-08-06,2001-12-01
Q13291,surface,active,SLAF1_HUMAN,217,,false,,2026-08-06,1996-11-01
Q9UIB8,surface,active,SLAF5_HUMAN,204,,false,,2026-08-06,2000-05-01
Q96DU3,surface,active,SLAF6_HUMAN,205,,false,,2026-08-06,2008-07-22
Q9NQ25,surface,active,SLAF7_HUMAN,204,,false,,2026-08-06,2000-10-01
Q9P0V8,surface,active,SLAF8_HUMAN,211,,false,,2026-08-06,2000-10-01
Q96A28,surface,active,SLAF9_HUMAN,218,,false,,2026-08-06,2010-11-02
Q07837,surface,active,SLC31_HUMAN,577,,false,,2026-08-06,2005-05-10
Q96PX8,surface,active,SLIK1_HUMAN,605,,false,,2026-08-06,2004-03-29
Q9H156,surface,active,SLIK2_HUMAN,600,,false,,2026-08-06,2001-03-01
O94933,surface,active,SLIK3_HUMAN,626,,false,,2026-08-06,2008-11-25
Q8IW52,surface,active,SLIK4_HUMAN,600,,false,,2026-08-06,2003-03-01
O94991,surface,active,SLIK5_HUMAN,624,,false,,2026-08-06,2004-04-13
Q9H5Y7,surface,active,SLIK6_HUMAN,582,,false,,2026-08-06,2005-02-15
Q99835,surface,active,SMO_HUMAN,202,,false,,2026-08-06,1997-05-01
Q9BZZ2,surface,active,SN_HUMAN,1622,,false,,2026-08-06,2001-10-18
P46721,surface,active,SO1A2_HUMAN,108,,false,,2026-08-06,1995-11-01
Q9Y6L6,surface,active,SO1B1_HUMAN,112,,false,,2026-08-06,2000-12-01
Q9NPD5,surface,active,SO1B3_HUMAN,112,,false,,2026-08-06,2000-10-01
G3V0H7,surface,active,SO1B7_HUMAN,109,,false,,2026-08-06,2011-11-16
Q9NYB5,surface,active,SO1C1_HUMAN,112,,false,,2026-08-06,2000-10-01
Q92959,surface,active,SO2A1_HUMAN,103,,false,,2026-08-06,2008-12-16
O94956,surface,active,SO2B1_HUMAN,104,,false,,2026-08-06,2024-01-24
Q9UIG8,surface,active,SO3A1_HUMAN,101,,false,,2026-08-06,2010-05-18
Q96BD0,surface,active,SO4A1_HUMAN,109,,false,,2026-08-06,2003-01-10
Q6ZQN7,surface,active,SO4C1_HUMAN,109,,false,,2026-08-06,2004-07-05
Q9H2Y9,surface,active,SO5A1_HUMAN,130,,false,,2026-08-06,2010-05-18
Q86UG4,surface,active,SO6A1_HUMAN,109,,false,,2026-08-06,2007-10-23
Q3KNW5,surface,active,SOAT_HUMAN,29,,false,,2026-08-06,2007-11-13
Q8WY21,surface,active,SORC1_HUMAN,,no sliceable ECD span in the fetched entry,false,,2026-08-06,2005-05-24
Q96PQ0,surface,active,SORC2_HUMAN,1028,,false,,2026-08-06,2010-05-18
Q9UPU3,surface,active,SORC3_HUMAN,,no sliceable ECD span in the fetched entry,false,,2026-08-06,2002-03-01
Q92673,surface,active,SORL_HUMAN,,no sliceable ECD span in the fetched entry,false,,2026-08-06,2010-05-18
Q99523,surface,active,SORT_HUMAN,678,,false,,2026-08-06,2005-12-20
O43291,surface,active,SPIT2_HUMAN,170,,false,,2026-08-06,2001-02-21
Q8IVW8,surface,active,SPNS2_HUMAN,,no sliceable ECD span in the fetched entry,false,,2026-08-06,2005-08-30
Q6ZMD2,surface,active,SPNS3_HUMAN,,no sliceable ECD span in the fetched entry,false,,2026-08-06,2010-05-18
Q8TCT8,surface,active,SPP2A_HUMAN,,no sliceable ECD span in the fetched entry,false,,2026-08-06,2002-11-08
Q8TCT7,surface,active,SPP2B_HUMAN,,no sliceable ECD span in the fetched entry,false,,2026-08-06,2006-05-16
Q8IUH8,surface,active,SPP2C_HUMAN,,no sliceable ECD span in the fetched entry,false,,2026-08-06,2009-11-24
Q5BIV9,surface,active,SPRN_HUMAN,,no sliceable ECD span in the fetched entry,false,,2026-08-06,2005-04-12
Q8TED4,surface,active,SPX2_HUMAN,,no sliceable ECD span in the fetched entry,false,,2026-08-06,2007-10-23
Q8NCC5,surface,active,SPX3_HUMAN,,no sliceable ECD span in the fetched entry,false,,2026-08-06,2007-11-13
Q4G0T1,surface,active,SRCRM_HUMAN,887,,false,,2026-08-06,2010-10-05
Q96GP6,surface,active,SREC2_HUMAN,398,,false,,2026-08-06,2019-01-16
Q14162,surface,active,SREC_HUMAN,402,,false,,2026-08-06,2010-11-02
Q14714,surface,active,SSPN_HUMAN,50,,false,,2026-08-06,2000-10-01
P30872,surface,active,SSR1_HUMAN,56,,false,,2026-08-06,1993-07-01
P30874,surface,active,SSR2_HUMAN,43,,false,,2026-08-06,1993-07-01
P32745,surface,active,SSR3_HUMAN,43,,false,,2026-08-06,1993-10-01
P31391,surface,active,SSR4_HUMAN,46,,false,,2026-08-06,2008-09-23
P35346,surface,active,SSR5_HUMAN,38,,false,,2026-08-06,2000-12-01
P43307,surface,active,SSRA_HUMAN,,no sliceable ECD span in the fetched entry,false,,2026-08-06,2002-08-13
Q9NY15,surface,active,STAB1_HUMAN,2453,,false,,2026-08-06,2010-05-18
Q8WWQ8,surface,active,STAB2_HUMAN,2439,,false,,2026-08-06,2007-04-17
Q687X5,surface,active,STEA4_HUMAN,,no sliceable ECD span in the fetched entry,false,,2026-08-06,2004-10-11
Q13586,surface,active,STIM1_HUMAN,191,,false,,2026-08-06,2008-10-14
P08842,surface,active,STS_HUMAN,,no sliceable ECD span in the fetched entry,false,,2026-08-06,1990-04-01
Q8TCJ2,surface,active,STT3B_HUMAN,,no sliceable ECD span in the fetched entry,false,,2026-08-06,2002-06-01
Q9UBS9,surface,active,SUCO_HUMAN,,no sliceable ECD span in the fetched entry,false,,2026-08-06,2000-05-01
Q9BXA5,surface,active,SUCR1_HUMAN,30,,false,,2026-08-06,2009-09-22
Q6UWL2,surface,active,SUSD1_HUMAN,692,,false,,2026-08-06,2004-07-05
Q9UGT4,surface,active,SUSD2_HUMAN,758,,false,,2026-08-06,2000-05-01
Q96L08,surface,active,SUSD3_HUMAN,103,,false,,2026-08-06,2001-12-01
Q5VX71,surface,active,SUSD4_HUMAN,278,,false,,2026-08-06,2004-12-07
O60279,surface,active,SUSD5_HUMAN,539,,false,,2026-08-06,2008-04-08
Q7L0J3,surface,active,SV2A_HUMAN,130,,false,,2026-08-06,2004-07-05
Q7L1I2,surface,active,SV2B_HUMAN,124,,false,,2026-08-06,2004-07-05
Q496J9,surface,active,SV2C_HUMAN,120,,false,,2026-08-06,2005-09-13
Q8N434,surface,active,SVOPL_HUMAN,,no sliceable ECD span in the fetched entry,false,,2026-08-06,2007-07-10
Q9UQF0,surface,active,SYCY1_HUMAN,423,,false,,2026-08-06,2000-05-01
P60508,surface,active,SYCY2_HUMAN,463,,false,,2026-08-06,2004-03-01
Q8TBG9,surface,active,SYNPR_HUMAN,,no sliceable ECD span in the fetched entry,false,,2026-08-06,2002-06-01
P08247,surface,active,SYPH_HUMAN,,no sliceable ECD span in the fetched entry,false,,2026-08-06,1991-08-01
Q16563,surface,active,SYPL1_HUMAN,,no sliceable ECD span in the fetched entry,false,,2026-08-06,1996-11-01
Q96A25,surface,active,T106A_HUMAN,,no sliceable ECD span in the fetched entry,false,,2026-08-06,2001-12-01
Q9NUM4,surface,active,T106B_HUMAN,,no sliceable ECD span in the fetched entry,false,,2026-08-06,2006-06-27
A2VDJ0,surface,active,T131L_HUMAN,829,,false,,2026-08-06,2008-04-08
Q24JP5,surface,active,T132A_HUMAN,817,,false,,2026-08-06,2006-04-18
Q14DG7,surface,active,T132B_HUMAN,903,,false,,2026-08-06,2007-04-17
Q8N3T6,surface,active,T132C_HUMAN,895,,false,,2026-08-06,2010-02-09
Q14C87,surface,active,T132D_HUMAN,885,,false,,2026-08-06,2006-08-22
Q6IEE7,surface,active,T132E_HUMAN,868,,false,,2026-08-06,2019-04-10
Q86TG1,surface,active,T150A_HUMAN,52,,false,,2026-08-06,2003-06-01
A6NC51,surface,active,T150B_HUMAN,23,,false,,2026-08-06,2007-07-24
Q9NX61,surface,active,T161A_HUMAN,70,,false,,2026-08-06,2000-10-01
Q8NBL3,surface,active,T178A_HUMAN,154,,false,,2026-08-06,2002-10-01
H3BS89,surface,active,T178B_HUMAN,,no sliceable ECD span in the fetched entry,false,,2026-08-06,2012-04-18
Q7Z7N9,surface,active,T179B_HUMAN,,no sliceable ECD span in the fetched entry,false,,2026-08-06,2003-10-01
Q6ZMB5,surface,active,T184A_HUMAN,,no sliceable ECD span in the fetched entry,false,,2026-08-06,2004-07-05
O14524,surface,active,T194A_HUMAN,,no sliceable ECD span in the fetched entry,false,,2026-08-06,2004-11-23
Q5JRV8,surface,active,T255A_HUMAN,,no sliceable ECD span in the fetched entry,false,,2026-08-06,2005-02-15
Q8WV15,surface,active,T255B_HUMAN,,no sliceable ECD span in the fetched entry,false,,2026-08-06,2002-03-01
Q9NYW0,surface,active,T2R10_HUMAN,37,,false,,2026-08-06,2010-11-02
Q9NYV8,surface,active,T2R14_HUMAN,34,,false,,2026-08-06,2000-10-01
Q9NYV7,surface,active,T2R16_HUMAN,36,,false,,2026-08-06,2000-10-01
P59542,surface,active,T2R19_HUMAN,33,,false,,2026-08-06,2003-04-11
P59543,surface,active,T2R20_HUMAN,32,,false,,2026-08-06,2004-11-23
P59541,surface,active,T2R30_HUMAN,31,,false,,2026-08-06,2014-04-16
P59533,surface,active,T2R38_HUMAN,27,,false,,2026-08-06,2005-06-21
P59534,surface,active,T2R39_HUMAN,30,,false,,2026-08-06,2004-11-23
P59540,surface,active,T2R46_HUMAN,31,,false,,2026-08-06,2004-11-23
Q96CE8,surface,active,T4S18_HUMAN,43,,false,,2026-08-06,2001-12-01
P30408,surface,active,T4S1_HUMAN,47,,false,,2026-08-06,1993-04-01
Q53R12,surface,active,T4S20_HUMAN,,no sliceable ECD span in the fetched entry,false,,2026-08-06,2005-05-24
P48230,surface,active,T4S4_HUMAN,44,,false,,2026-08-06,1996-02-01
O14894,surface,active,T4S5_HUMAN,46,,false,,2026-08-06,2005-06-21
Q9NYW7,surface,active,TA2R1_HUMAN,33,,false,,2026-08-06,2000-10-01
Q9NYW6,surface,active,TA2R3_HUMAN,37,,false,,2026-08-06,2006-09-05
Q9NYW5,surface,active,TA2R4_HUMAN,20,,false,,2026-08-06,2000-10-01
Q9NYW3,surface,active,TA2R7_HUMAN,38,,false,,2026-08-06,2000-10-01
Q9NYW2,surface,active,TA2R8_HUMAN,32,,false,,2026-08-06,2000-10-01
Q9NYW1,surface,active,TA2R9_HUMAN,34,,false,,2026-08-06,2000-10-01
P21731,surface,active,TA2R_HUMAN,29,,false,,2026-08-06,2009-05-05
Q96RJ0,surface,active,TAAR1_HUMAN,27,,false,,2026-08-06,2001-12-01
Q9P1P5,surface,active,TAAR2_HUMAN,48,,false,,2026-08-06,2005-11-22
O14804,surface,active,TAAR5_HUMAN,34,,false,,2026-08-06,2005-11-22
Q96RI8,surface,active,TAAR6_HUMAN,34,,false,,2026-08-06,2001-12-01
Q969N4,surface,active,TAAR8_HUMAN,31,,false,,2026-08-06,2001-12-01
Q96RI9,surface,active,TAAR9_HUMAN,33,,false,,2026-08-06,2001-12-01
P09758,surface,active,TACD2_HUMAN,248,,false,,2026-08-06,2007-11-13
P40200,surface,active,TACT_HUMAN,498,,false,,2026-08-06,2007-12-04
B6A8C7,surface,active,TARM1_HUMAN,220,,false,,2026-08-06,2023-06-28
P13385,surface,active,TDGF1_HUMAN,,no sliceable ECD span in the fetched entry,false,,2026-08-06,1990-01-01
Q96GX1,surface,active,TECT2_HUMAN,643,,false,,2026-08-06,2001-12-01
Q6NUS6,surface,active,TECT3_HUMAN,559,,false,,2026-08-06,2006-04-04
O75443,surface,active,TECTA_HUMAN,,no sliceable ECD span in the fetched entry,false,,2026-08-06,2010-11-30
Q96PL2,surface,active,TECTB_HUMAN,,no sliceable ECD span in the fetched entry,false,,2026-08-06,2001-12-01
Q8IYR6,surface,active,TEFF1_HUMAN,291,,false,,2026-08-06,2003-03-01
Q9UIK5,surface,active,TEFF2_HUMAN,280,,false,,2026-08-06,2000-05-01
Q9UKZ4,surface,active,TEN1_HUMAN,2380,,false,,2026-08-06,2006-10-31
Q9NT68,surface,active,TEN2_HUMAN,2374,,false,,2026-08-06,2010-03-02
Q9P273,surface,active,TEN3_HUMAN,2368,,false,,2026-08-06,2006-10-31
Q6N022,surface,active,TEN4_HUMAN,2403,,false,,2026-08-06,2006-10-31
Q9Y6M0,surface,active,TEST_HUMAN,,no sliceable ECD span in the fetched entry,false,,2026-08-06,1999-11-01
P10646,surface,active,TFPI1_HUMAN,,no sliceable ECD span in the fetched entry,false,,2026-08-06,1989-07-01
P13726,surface,active,TF_HUMAN,219,,false,,2026-08-06,1990-01-01
Q03167,surface,active,TGBR3_HUMAN,767,,false,,2026-08-06,2010-11-02
P01135,surface,active,TGFA_HUMAN,75,,false,,2026-08-06,1986-07-21
P36897,surface,active,TGFR1_HUMAN,93,,false,,2026-08-06,1994-06-01
P37173,surface,active,TGFR2_HUMAN,144,,false,,2026-08-06,2006-10-17
O43493,surface,active,TGON2_HUMAN,360,,false,,2026-08-06,2019-09-18
Q9UPZ6,surface,active,THS7A_HUMAN,1560,,false,,2026-08-06,2010-05-18
Q9C0I4,surface,active,THS7B_HUMAN,1524,,false,,2026-08-06,2019-11-13
Q9NS62,surface,active,THSD1_HUMAN,389,,false,,2026-08-06,2000-10-01
P04216,surface,active,THY1_HUMAN,,no sliceable ECD span in the fetched entry,false,,2026-08-06,2002-05-02
P35590,surface,active,TIE1_HUMAN,738,,false,,2026-08-06,1994-06-01
Q02763,surface,active,TIE2_HUMAN,726,,false,,2026-08-06,2008-12-16
Q495A1,surface,active,TIGIT_HUMAN,120,,false,,2026-08-06,2005-09-13
Q86V40,surface,active,TIKI1_HUMAN,,no sliceable ECD span in the fetched entry,false,,2026-08-06,2010-03-23
A6NFA1,surface,active,TIKI2_HUMAN,,no sliceable ECD span in the fetched entry,false,,2026-08-06,2008-09-02
Q96H15,surface,active,TIMD4_HUMAN,290,,false,,2026-08-06,2010-05-18
Q8TB96,surface,active,TIP_HUMAN,,no sliceable ECD span in the fetched entry,false,,2026-08-06,2002-06-01
Q9BXR5,surface,active,TLR10_HUMAN,557,,false,,2026-08-06,2006-10-17
Q15399,surface,active,TLR1_HUMAN,556,,false,,2026-08-06,2007-05-01
O60603,surface,active,TLR2_HUMAN,568,,false,,2026-08-06,1998-08-01
O15455,surface,active,TLR3_HUMAN,,no sliceable ECD span in the fetched entry,false,,2026-08-06,1998-01-01
O00206,surface,active,TLR4_HUMAN,608,,false,,2026-08-06,1998-01-01
O60602,surface,active,TLR5_HUMAN,619,,false,,2026-08-06,2024-01-24
Q9Y2C9,surface,active,TLR6_HUMAN,555,,false,,2026-08-06,2010-05-18
Q9NYK1,surface,active,TLR7_HUMAN,813,,false,,2026-08-06,2000-10-01
Q9NR97,surface,active,TLR8_HUMAN,801,,false,,2026-08-06,2000-10-01
Q9NR96,surface,active,TLR9_HUMAN,793,,false,,2026-08-06,2002-01-31
Q8NE00,surface,active,TM104_HUMAN,37,,false,,2026-08-06,2006-10-31
Q6UXF1,surface,active,TM108_HUMAN,,no sliceable ECD span in the fetched entry,false,,2026-08-06,2006-06-27
Q86TL2,surface,active,TM110_HUMAN,,no sliceable ECD span in the fetched entry,false,,2026-08-06,2003-06-01
B3SHH9,surface,active,TM114_HUMAN,,no sliceable ECD span in the fetched entry,false,,2026-08-06,2008-10-14
Q8NCL8,surface,active,TM116_HUMAN,,no sliceable ECD span in the fetched entry,false,,2026-08-06,2002-10-01
Q86T26,surface,active,TM11B_HUMAN,378,,false,,2026-08-06,2011-01-11
O60235,surface,active,TM11D_HUMAN,377,,false,,2026-08-06,1998-08-01
Q9UL52,surface,active,TM11E_HUMAN,383,,false,,2026-08-06,2005-01-04
Q9NV12,surface,active,TM140_HUMAN,45,,false,,2026-08-06,2010-05-18
Q8NBT3,surface,active,TM145_HUMAN,,no sliceable ECD span in the fetched entry,false,,2026-08-06,2010-05-18
Q6P9G4,surface,active,TM154_HUMAN,53,,false,,2026-08-06,2007-04-17
Q8WZ71,surface,active,TM158_HUMAN,,no sliceable ECD span in the fetched entry,false,,2026-08-06,2012-10-03
Q8WVE6,surface,active,TM171_HUMAN,,no sliceable ECD span in the fetched entry,false,,2026-08-06,2006-09-19
Q6ZP80,surface,active,TM182_HUMAN,88,,false,,2026-08-06,2010-11-30
Q9BSN7,surface,active,TM204_HUMAN,77,,false,,2026-08-06,2001-06-01
Q6ICI0,surface,active,TM211_HUMAN,,no sliceable ECD span in the fetched entry,false,,2026-08-06,2008-05-20
A2RRL7,surface,active,TM213_HUMAN,,no sliceable ECD span in the fetched entry,false,,2026-08-06,2010-08-10
Q8N7C4,surface,active,TM217_HUMAN,,no sliceable ECD span in the fetched entry,false,,2026-08-06,2002-10-01
Q86XT9,surface,active,TM219_HUMAN,166,,false,,2026-08-06,2003-06-01
Q6GV28,surface,active,TM225_HUMAN,43,,false,,2026-08-06,2023-06-28
Q9H6L2,surface,active,TM231_HUMAN,,no sliceable ECD span in the fetched entry,false,,2026-08-06,2001-03-01
A6NFC5,surface,active,TM235_HUMAN,,no sliceable ECD span in the fetched entry,false,,2026-08-06,2011-04-05
Q9H330,surface,active,TM245_HUMAN,,no sliceable ECD span in the fetched entry,false,,2026-08-06,2018-03-28
Q9NS93,surface,active,TM7S3_HUMAN,,no sliceable ECD span in the fetched entry,false,,2026-08-06,2000-10-01
Q8NBN3,surface,active,TM87A_HUMAN,,no sliceable ECD span in the fetched entry,false,,2026-08-06,2007-02-20
Q96K49,surface,active,TM87B_HUMAN,,no sliceable ECD span in the fetched entry,false,,2026-08-06,2001-12-01
O15321,surface,active,TM9S1_HUMAN,,no sliceable ECD span in the fetched entry,false,,2026-08-06,2005-03-29
Q99805,surface,active,TM9S2_HUMAN,,no sliceable ECD span in the fetched entry,false,,2026-08-06,1997-05-01
Q9HD45,surface,active,TM9S3_HUMAN,,no sliceable ECD span in the fetched entry,false,,2026-08-06,2001-04-27
Q92544,surface,active,TM9S4_HUMAN,258,,false,,2026-08-06,2008-02-26
Q7Z402,surface,active,TMC7_HUMAN,168,,false,,2026-08-06,2003-10-01
Q6UWJ1,surface,active,TMCO3_HUMAN,,no sliceable ECD span in the fetched entry,false,,2026-08-06,2004-07-05
Q9Y3B3,surface,active,TMED7_HUMAN,,no sliceable ECD span in the fetched entry,false,,2026-08-06,2005-03-29
Q9P0T7,surface,active,TMEM9_HUMAN,69,,false,,2026-08-06,2000-10-01
Q8TAF8,surface,active,TMHS_HUMAN,54,,false,,2026-08-06,2002-06-01
Q6UXZ0,surface,active,TMIG1_HUMAN,191,,false,,2026-08-06,2004-07-05
Q96BF3,surface,active,TMIG2_HUMAN,128,,false,,2026-08-06,2007-02-06
Q86YD3,surface,active,TMM25_HUMAN,206,,false,,2026-08-06,2003-06-01
Q6ZUK4,surface,active,TMM26_HUMAN,,no sliceable ECD span in the fetched entry,false,,2026-08-06,2004-07-05
Q9HBJ8,surface,active,TMM27_HUMAN,127,,false,,2026-08-06,2001-03-01
Q0P6H9,surface,active,TMM62_HUMAN,,no sliceable ECD span in the fetched entry,false,,2026-08-06,2006-09-19
Q9HCN3,surface,active,TMM8A_HUMAN,511,,false,,2026-08-06,2010-05-18
A6NDV4,surface,active,TMM8B_HUMAN,233,,false,,2026-08-06,2008-01-15
Q3KNT9,surface,active,TMM95_HUMAN,129,,false,,2026-08-06,2005-11-08
Q9NQ34,surface,active,TMM9B_HUMAN,,no sliceable ECD span in the fetched entry,false,,2026-08-06,2000-10-01
Q9H3S3,surface,active,TMPS5_HUMAN,387,,false,,2026-08-06,2010-05-18
Q8IU80,surface,active,TMPS6_HUMAN,735,,false,,2026-08-06,2008-10-14
Q9BYE2,surface,active,TMPSD_HUMAN,400,,false,,2026-08-06,2019-04-10
Q96JJ7,surface,active,TMX3_HUMAN,,no sliceable ECD span in the fetched entry,false,,2026-08-06,2005-05-10
Q9H1E5,surface,active,TMX4_HUMAN,,no sliceable ECD span in the fetched entry,false,,2026-08-06,2001-03-01
Q9Y275,surface,active,TN13B_HUMAN,218,,false,,2026-08-06,1999-11-01
O14788,surface,active,TNF11_HUMAN,249,,false,,2026-08-06,1998-01-01
O95150,surface,active,TNF15_HUMAN,195,,false,,2026-08-06,2008-05-20
Q9UNG2,surface,active,TNF18_HUMAN,129,,false,,2026-08-06,2022-02-23
P23510,surface,active,TNFL4_HUMAN,133,,false,,2026-08-06,1991-11-01
P48023,surface,active,TNFL6_HUMAN,179,,false,,2026-08-06,1996-02-01
P32971,surface,active,TNFL8_HUMAN,172,,false,,2026-08-06,1993-10-01
Q9Y6Q6,surface,active,TNR11_HUMAN,183,,false,,2026-08-06,1999-11-01
Q92956,surface,active,TNR14_HUMAN,164,,false,,2026-08-06,2001-04-27
P08138,surface,active,TNR16_HUMAN,222,,false,,2026-08-06,1988-08-01
Q02223,surface,active,TNR17_HUMAN,54,,false,,2026-08-06,2010-11-30
Q9Y5U5,surface,active,TNR18_HUMAN,137,,false,,2026-08-06,1999-11-01
Q9NS68,surface,active,TNR19_HUMAN,141,,false,,2026-08-06,2000-10-01
P19438,surface,active,TNR1A_HUMAN,182,,false,,2026-08-06,1991-02-01
P20333,surface,active,TNR1B_HUMAN,235,,false,,2026-08-06,2002-05-27
O75509,surface,active,TNR21_HUMAN,308,,false,,2026-08-06,1998-11-01
Q93038,surface,active,TNR25_HUMAN,175,,false,,2026-08-06,1997-11-01
Q9HAV5,surface,active,TNR27_HUMAN,138,,false,,2026-08-06,2010-11-30
P36941,surface,active,TNR3_HUMAN,197,,false,,2026-08-06,1994-06-01
P43489,surface,active,TNR4_HUMAN,186,,false,,2026-08-06,1995-11-01
P25942,surface,active,TNR5_HUMAN,173,,false,,2026-08-06,1992-05-01
P25445,surface,active,TNR6_HUMAN,148,,false,,2026-08-06,1992-05-01
P28908,surface,active,TNR8_HUMAN,367,,false,,2026-08-06,1992-12-01
Q07011,surface,active,TNR9_HUMAN,163,,false,,2026-08-06,1995-02-01
P0DKB5,surface,active,TPBGL_HUMAN,281,,false,,2026-08-06,2012-10-03
Q13641,surface,active,TPBG_HUMAN,324,,false,,2026-08-06,1996-11-01
Q9ULQ1,surface,active,TPC1_HUMAN,35,,false,,2026-08-06,2007-02-06
P40238,surface,active,TPOR_HUMAN,466,,false,,2026-08-06,1995-02-01
Q86W33,surface,active,TPRA1_HUMAN,,no sliceable ECD span in the fetched entry,false,,2026-08-06,2003-06-01
O00220,surface,active,TR10A_HUMAN,216,,false,,2026-08-06,2010-11-30
O14798,surface,active,TR10C_HUMAN,,no sliceable ECD span in the fetched entry,false,,2026-08-06,2009-11-24
Q9UBN6,surface,active,TR10D_HUMAN,156,,false,,2026-08-06,2022-02-23
O14836,surface,active,TR13B_HUMAN,165,,false,,2026-08-06,1998-01-01
Q969Z4,surface,active,TR19L_HUMAN,137,,false,,2026-08-06,2001-12-01
Q6PIZ9,surface,active,TRAT1_HUMAN,7,,false,,2026-08-06,2004-07-05
P07204,surface,active,TRBM_HUMAN,497,,false,,2026-08-06,1991-02-01
O43280,surface,active,TREA_HUMAN,,no sliceable ECD span in the fetched entry,false,,2026-08-06,2008-09-23
Q9NP99,surface,active,TREM1_HUMAN,185,,false,,2026-08-06,2000-10-01
Q9NZC2,surface,active,TREM2_HUMAN,156,,false,,2026-08-06,2000-10-01
P08582,surface,active,TRFM_HUMAN,,no sliceable ECD span in the fetched entry,false,,2026-08-06,2011-06-28
P34981,surface,active,TRFR_HUMAN,28,,false,,2026-08-06,1994-02-01
P03986,surface,active,TRGC2_HUMAN,,no sliceable ECD span in the fetched entry,false,,2026-08-06,2018-12-05
Q9UKU6,surface,active,TRHDE_HUMAN,963,,false,,2026-08-06,2024-01-24
Q7L0X0,surface,active,TRIL_HUMAN,671,,false,,2026-08-06,2010-11-02
Q5T2D2,surface,active,TRML2_HUMAN,250,,false,,2026-08-06,2006-10-17
Q9Y5S1,surface,active,TRPV2_HUMAN,64,,false,,2026-08-06,1999-11-01
Q9HBA0,surface,active,TRPV4_HUMAN,29,,false,,2026-08-06,2005-04-26
Q9NQA5,surface,active,TRPV5_HUMAN,37,,false,,2026-08-06,2024-01-24
Q9H1D0,surface,active,TRPV6_HUMAN,37,,false,,2026-08-06,2015-04-01
Q9NRR2,surface,active,TRYG1_HUMAN,,no sliceable ECD span in the fetched entry,false,,2026-08-06,2022-02-23
Q7RTX1,surface,active,TS1R1_HUMAN,547,,false,,2026-08-06,2003-12-15
Q8TE23,surface,active,TS1R2_HUMAN,547,,false,,2026-08-06,2006-10-17
Q7RTX0,surface,active,TS1R3_HUMAN,550,,false,,2026-08-06,2005-03-29
Q9BY10,surface,active,TSCOT_HUMAN,34,,false,,2026-08-06,2001-06-01
P16473,surface,active,TSHR_HUMAN,394,,false,,2026-08-06,2024-10-02
A1L157,surface,active,TSN11_HUMAN,,no sliceable ECD span in the fetched entry,false,,2026-08-06,2007-12-04
O95857,surface,active,TSN13_HUMAN,74,,false,,2026-08-06,1999-05-01
Q8NG11,surface,active,TSN14_HUMAN,119,,false,,2026-08-06,2002-10-01
O95858,surface,active,TSN15_HUMAN,121,,false,,2026-08-06,1999-05-01
Q96FV3,surface,active,TSN17_HUMAN,119,,false,,2026-08-06,2007-05-15
Q96SJ8,surface,active,TSN18_HUMAN,119,,false,,2026-08-06,2001-12-01
O60635,surface,active,TSN1_HUMAN,102,,false,,2026-08-06,2000-12-01
O60636,surface,active,TSN2_HUMAN,77,,false,,2026-08-06,2002-09-19
Q12999,surface,active,TSN31_HUMAN,80,,false,,2026-08-06,1996-11-01
Q86UF1,surface,active,TSN33_HUMAN,118,,false,,2026-08-06,2003-06-01
O60637,surface,active,TSN3_HUMAN,106,,false,,2026-08-06,1998-08-01
O14817,surface,active,TSN4_HUMAN,95,,false,,2026-08-06,1998-01-01
P62079,surface,active,TSN5_HUMAN,119,,false,,2026-08-06,2004-06-21
O43657,surface,active,TSN6_HUMAN,94,,false,,2026-08-06,1998-06-01
P41732,surface,active,TSN7_HUMAN,101,,false,,2026-08-06,2001-11-16
P19075,surface,active,TSN8_HUMAN,96,,false,,2026-08-06,1990-11-01
O75954,surface,active,TSN9_HUMAN,97,,false,,2026-08-06,1998-11-01
Q9H313,surface,active,TTYH1_HUMAN,129,,false,,2026-08-06,2001-03-01
Q9BSA4,surface,active,TTYH2_HUMAN,127,,false,,2026-08-06,2010-05-18
Q9C0H2,surface,active,TTYH3_HUMAN,129,,false,,2026-08-06,2007-12-04
Q9P2J2,surface,active,TUTLA_HUMAN,714,,false,,2026-08-06,2007-10-02
Q9UPX0,surface,active,TUTLB_HUMAN,702,,false,,2026-08-06,2007-10-02
Q9BY14,surface,active,TX101_HUMAN,,no sliceable ECD span in the fetched entry,false,,2026-08-06,2006-07-25
Q96J42,surface,active,TXD15_HUMAN,289,,false,,2026-08-06,2001-12-01
Q06418,surface,active,TYRO3_HUMAN,389,,false,,2026-08-06,1996-10-01
P14679,surface,active,TYRO_HUMAN,,no sliceable ECD span in the fetched entry,false,,2026-08-06,1993-07-01
P17643,surface,active,TYRP1_HUMAN,,no sliceable ECD span in the fetched entry,false,,2026-08-06,2001-01-11
P40126,surface,active,TYRP2_HUMAN,,no sliceable ECD span in the fetched entry,false,,2026-08-06,1995-02-01
Q8NBM4,surface,active,UBAC2_HUMAN,56,,false,,2026-08-06,2002-10-01
P30530,surface,active,UFO_HUMAN,426,,false,,2026-08-06,2018-03-28
Q86WB7,surface,active,UN93A_HUMAN,,no sliceable ECD span in the fetched entry,false,,2026-08-06,2003-06-01
Q9H1C4,surface,active,UN93B_HUMAN,,no sliceable ECD span in the fetched entry,false,,2026-08-06,2005-06-07
Q6ZN44,surface,active,UNC5A_HUMAN,281,,false,,2026-08-06,2010-05-18
Q8IZJ1,surface,active,UNC5B_HUMAN,351,,false,,2026-08-06,2004-10-11
O95185,surface,active,UNC5C_HUMAN,340,,false,,2026-08-06,2009-05-05
Q6UXZ4,surface,active,UNC5D_HUMAN,347,,false,,2026-08-06,2004-07-05
Q03405,surface,active,UPAR_HUMAN,,no sliceable ECD span in the fetched entry,false,,2026-08-06,1994-02-01
O00322,surface,active,UPK1A_HUMAN,118,,false,,2026-08-06,1997-07-01
O75841,surface,active,UPK1B_HUMAN,122,,false,,2026-08-06,2010-11-30
O00526,surface,active,UPK2_HUMAN,,no sliceable ECD span in the fetched entry,false,,2026-08-06,2000-05-30
O75631,surface,active,UPK3A_HUMAN,,no sliceable ECD span in the fetched entry,false,,2026-08-06,2004-10-11
Q9BT76,surface,active,UPK3B_HUMAN,,no sliceable ECD span in the fetched entry,false,,2026-08-06,2008-11-25
B0FP48,surface,active,UPK3L_HUMAN,171,,false,,2026-08-06,2008-02-26
Q9UKP6,surface,active,UR2R_HUMAN,54,,false,,2026-08-06,2000-05-01
Q5DID0,surface,active,UROL1_HUMAN,1251,,false,,2026-08-06,2006-03-21
P07911,surface,active,UROM_HUMAN,,no sliceable ECD span in the fetched entry,false,,2026-08-06,1988-08-01
O75445,surface,active,USH2A_HUMAN,5011,,false,,2026-08-06,2006-04-04
Q13336,surface,active,UT1_HUMAN,,no sliceable ECD span in the fetched entry,false,,2026-08-06,1998-12-15
Q15849,surface,active,UT2_HUMAN,,no sliceable ECD span in the fetched entry,false,,2026-08-06,2010-03-23
P37288,surface,active,V1AR_HUMAN,52,,false,,2026-08-06,1994-10-01
P47901,surface,active,V1BR_HUMAN,35,,false,,2026-08-06,1996-02-01
P30518,surface,active,V2R_HUMAN,38,,false,,2026-08-06,1993-04-01
Q16572,surface,active,VACHT_HUMAN,,no sliceable ECD span in the fetched entry,false,,2026-08-06,2010-11-30
Q6EMK4,surface,active,VASN_HUMAN,552,,false,,2026-08-06,2004-08-16
P19320,surface,active,VCAM1_HUMAN,674,,false,,2026-08-06,1990-11-01
P17948,surface,active,VGFR1_HUMAN,732,,false,,2026-08-06,2007-04-03
P35968,surface,active,VGFR2_HUMAN,745,,false,,2026-08-06,2000-12-01
P35916,surface,active,VGFR3_HUMAN,751,,false,,2026-08-06,2011-11-16
Q9P2U7,surface,active,VGLU1_HUMAN,32,,false,,2026-08-06,2000-10-01
Q9P2U8,surface,active,VGLU2_HUMAN,,no sliceable ECD span in the fetched entry,false,,2026-08-06,2000-10-01
Q8NDX2,surface,active,VGLU3_HUMAN,,no sliceable ECD span in the fetched entry,false,,2026-08-06,2002-10-01
Q9H598,surface,active,VIAAT_HUMAN,,no sliceable ECD span in the fetched entry,false,,2026-08-06,2001-06-01
P32241,surface,active,VIPR1_HUMAN,111,,false,,2026-08-06,1993-10-01
P41587,surface,active,VIPR2_HUMAN,101,,false,,2026-08-06,1997-11-01
P98155,surface,active,VLDLR_HUMAN,770,,false,,2026-08-06,1996-10-01
P54219,surface,active,VMAT1_HUMAN,,no sliceable ECD span in the fetched entry,false,,2026-08-06,1996-10-01
Q05940,surface,active,VMAT2_HUMAN,,no sliceable ECD span in the fetched entry,false,,2026-08-06,1996-10-01
Q9GZP7,surface,active,VN1R1_HUMAN,56,,false,,2026-08-06,2001-03-01
Q8NFZ6,surface,active,VN1R2_HUMAN,56,,false,,2026-08-06,2007-03-06
Q9BXE9,surface,active,VN1R3_HUMAN,36,,false,,2026-08-06,2001-06-01
Q7Z5H5,surface,active,VN1R4_HUMAN,38,,false,,2026-08-06,2024-01-24
O95497,surface,active,VNN1_HUMAN,,no sliceable ECD span in the fetched entry,false,,2026-08-06,2005-09-27
O95498,surface,active,VNN2_HUMAN,,no sliceable ECD span in the fetched entry,false,,2026-08-06,2007-03-20
Q9NY84,surface,inactive,VNN3_HUMAN,,not fetched: uniprot_inactive,false,,,
Q9Y487,surface,active,VPP2_HUMAN,,no sliceable ECD span in the fetched entry,false,,2026-08-06,2008-03-18
Q13488,surface,active,VPP3_HUMAN,,no sliceable ECD span in the fetched entry,false,,2026-08-06,2009-02-10
Q86VR7,surface,active,VS10L_HUMAN,749,,false,,2026-08-06,2010-06-15
Q8N0Z9,surface,active,VSI10_HUMAN,383,,false,,2026-08-06,2002-10-01
Q86XK7,surface,active,VSIG1_HUMAN,211,,false,,2026-08-06,2003-06-01
Q96IQ7,surface,active,VSIG2_HUMAN,220,,false,,2026-08-06,2001-12-01
Q5VU13,surface,inactive,VSIG8_HUMAN,,not fetched: uniprot_inactive,false,,,
Q6UX27,surface,active,VSTM1_HUMAN,119,,false,,2026-08-06,2010-05-18
Q8IW00,surface,active,VSTM4_HUMAN,157,,false,,2026-08-06,2011-05-31
A8MXK1,surface,active,VSTM5_HUMAN,119,,false,,2026-08-06,2007-12-04
Q7Z7D3,surface,active,VTCN1_HUMAN,235,,false,,2026-08-06,2003-10-01
P78423,surface,active,X3CL1_HUMAN,317,,false,,2026-08-06,1997-05-01
P46094,surface,active,XCR1_HUMAN,31,,false,,2026-08-06,1995-11-01
Q5GH77,surface,active,XKR3_HUMAN,,no sliceable ECD span in the fetched entry,false,,2026-08-06,2005-03-01
O43895,surface,active,XPP2_HUMAN,,no sliceable ECD span in the fetched entry,false,,2026-08-06,2002-11-15
Q92536,surface,active,YLAT2_HUMAN,32,,false,,2026-08-06,2008-06-10
Q401N2,surface,active,ZACN_HUMAN,208,,false,,2026-08-06,2008-02-05
Q9Y493,surface,active,ZAN_HUMAN,2740,,false,,2026-08-06,2018-09-12
Q9H8X9,surface,active,ZDH11_HUMAN,,no sliceable ECD span in the fetched entry,false,,2026-08-06,2001-03-01
Q9C0B5,surface,active,ZDHC5_HUMAN,22,,false,,2026-08-06,2003-02-01
Q5T4F4,surface,active,ZFY27_HUMAN,,no sliceable ECD span in the fetched entry,false,,2026-08-06,2004-12-21
P0C7U3,surface,active,ZH11B_HUMAN,,no sliceable ECD span in the fetched entry,false,,2026-08-06,2008-07-22
Q8WWF5,surface,active,ZNRF4_HUMAN,,no sliceable ECD span in the fetched entry,false,,2026-08-06,2007-02-20
Q9Y6M5,surface,active,ZNT1_HUMAN,39,,false,,2026-08-06,2009-07-07
P60852,surface,active,ZP1_HUMAN,576,,false,,2026-08-06,2004-04-13
Q05996,surface,active,ZP2_HUMAN,678,,false,,2026-08-06,1994-02-01
P21754,surface,active,ZP3_HUMAN,365,,false,,2026-08-06,2009-07-07
Q12836,surface,active,ZP4_HUMAN,487,,false,,2026-08-06,1996-11-01
Q8TCW7,surface,active,ZPLD1_HUMAN,353,,false,,2026-08-06,2007-10-23
