census_accession,span_aa,segment_count,extracellular_total_aa,discarded_aa,folded_fraction,topology,segments
P51677,34,4,97,63,0.351,intermittent,1-34;94-107;172-203;265-281
P05362,453,1,453,0,1.000,contiguous,28-480
Q96LB2,24,4,46,22,0.522,intermittent,1-24;88-93;166-171;241-250
Q9UNW8,45,4,97,52,0.464,intermittent,1-45;103-116;179-197;270-288
Q9Y5F0,662,1,662,0,1.000,contiguous,29-690
Q9UQQ1,712,1,712,0,1.000,contiguous,29-740
Q8NC54,147,1,147,0,1.000,contiguous,50-196
Q8NEW7,30,1,30,0,1.000,contiguous,28-57
Q969I6,104,6,253,149,0.411,intermittent,1-104;173-195;242-332;391-411;475-476;536-547
O75121,121,1,121,0,1.000,contiguous,29-149
Q9Y2I2,481,0,0,0,,no_accepted_segment,
Q6ZVN8,364,0,0,0,,no_accepted_segment,
Q8TEB9,64,2,87,23,0.736,intermittent,43-106;158-180
Q9P273,2368,1,2368,0,1.000,contiguous,332-2699
Q16280,23,3,38,15,0.605,intermittent,167-176;242-246;297-319
P32970,155,1,155,0,1.000,contiguous,39-193
Q01726,41,4,72,31,0.569,intermittent,1-41;101-113;184-186;264-278
Q8NH85,36,4,98,62,0.367,intermittent,1-25;76-99;161-196;259-271
Q9UHP7,132,1,132,0,1.000,contiguous,60-191
P32745,43,4,96,53,0.448,intermittent,1-43;102-116;182-205;280-293
P54762,523,1,523,0,1.000,contiguous,18-540
O14917,690,1,690,0,1.000,contiguous,18-707
Q5VUY2,382,1,382,0,1.000,contiguous,26-407
Q8N386,145,1,145,0,1.000,contiguous,21-165
Q8NER5,92,1,92,0,1.000,contiguous,22-113
Q8NBM4,56,2,73,17,0.767,intermittent,36-91;147-163
Q99726,11,3,28,17,0.393,intermittent,97-105;167-177;257-264
P43003,91,5,156,65,0.583,intermittent,69-86;146-236;298-318;413-425;460-472
Q9NZ43,7,1,7,0,1.000,contiguous,253-259
Q86WA9,144,7,256,112,0.562,intermittent,1-51;95-100;141-147;219-250;329-341;396-398;463-606
P15941,1135,1,1135,0,1.000,contiguous,24-1158
Q9NY46,100,16,336,236,0.298,intermittent,147-152;207-213;270-369;387-397;780-787;843-846;905-929;946-956;1227-1238;1293-1301;1357-1402;1420-1442;1546-1553;1606-1617;1678-1699;1713-1744
P55259,483,0,0,0,,no_accepted_segment,
Q9UNX9,23,2,32,9,0.719,intermittent,111-133;151-159
Q9Y5I4,666,1,666,0,1.000,contiguous,43-708
Q9BQS2,4,1,4,0,1.000,contiguous,1-4
A4D0T7,5,1,5,0,1.000,contiguous,25-29
P34969,83,4,124,41,0.669,intermittent,1-83;141-152;220-237;353-363
O75954,97,2,118,21,0.822,intermittent,35-55;107-203
Q9H339,36,4,98,62,0.367,intermittent,1-23;74-97;159-194;257-271
Q8NGY9,37,4,95,58,0.389,intermittent,1-24;79-99;158-194;259-271
Q8NGN4,37,4,96,59,0.385,intermittent,1-23;74-98;160-196;258-268
Q86VB7,1009,1,1009,0,1.000,contiguous,42-1050
Q9UPC5,61,4,124,63,0.492,intermittent,1-61;110-128;193-216;291-310
Q8N9M5,260,1,260,0,1.000,contiguous,1-260
Q86WK7,364,1,364,0,1.000,contiguous,20-383
Q9H341,40,4,89,49,0.449,intermittent,1-40;98-110;187-213;274-282
Q9NYW3,38,4,75,37,0.507,intermittent,1-9;77-94;150-187;257-266
P01133,1010,1,1010,0,1.000,contiguous,23-1032
P59534,30,4,87,57,0.345,intermittent,1-30;96-116;178-205;284-291
Q8NGY7,36,4,98,62,0.367,intermittent,1-25;76-99;161-196;258-270
Q9UKL2,37,4,103,66,0.359,intermittent,1-27;78-101;163-199;262-276
Q8NGS8,37,4,105,68,0.352,intermittent,1-25;76-99;161-197;259-277
Q9ULB1,1371,1,1371,0,1.000,contiguous,31-1401
Q9NQW8,22,3,32,10,0.688,intermittent,243-249;318-320;372-393
Q9Y3B3,153,1,153,0,1.000,contiguous,35-187
P07204,497,1,497,0,1.000,contiguous,19-515
Q8N614,186,1,186,0,1.000,contiguous,26-211
O43292,329,3,375,46,0.877,intermittent,42-370;451-462;564-597
O00264,24,1,24,0,1.000,contiguous,1-24
Q96LA6,291,1,291,0,1.000,contiguous,17-307
Q96DS6,47,1,47,0,1.000,contiguous,74-120
O75015,183,0,0,0,,no_accepted_segment,
Q9H0Q3,17,1,17,0,1.000,contiguous,19-35
O95502,477,1,477,0,1.000,contiguous,24-500
Q9H461,248,4,365,117,0.679,intermittent,28-275;334-396;461-483;554-584
O75752,288,1,288,0,1.000,contiguous,44-331
Q8NGL1,36,4,99,63,0.364,intermittent,1-26;77-100;162-197;260-272
Q9UKR8,14,2,17,3,0.824,intermittent,35-37;81-94
Q9P1Q5,37,4,95,58,0.389,intermittent,1-25;80-100;159-195;259-270
P04035,39,4,69,30,0.565,intermittent,40-56;115-123;188-191;276-314
Q8N4A0,543,1,543,0,1.000,contiguous,36-578
P08138,222,1,222,0,1.000,contiguous,29-250
Q86UK5,274,1,274,0,1.000,contiguous,27-300
P59540,31,4,60,29,0.517,intermittent,1-1;68-86;148-178;251-259
O43306,60,1,60,0,1.000,contiguous,760-819
P02708,212,3,232,20,0.914,intermittent,21-232;286-296;449-457
P23471,1612,1,1612,0,1.000,contiguous,25-1636
Q8WTV0,411,1,411,0,1.000,contiguous,33-443
Q96BY9,143,1,143,0,1.000,contiguous,31-173
Q8N158,530,0,0,0,,no_accepted_segment,
Q9NPD7,88,0,0,0,,no_accepted_segment,
Q86X52,774,1,774,0,1.000,contiguous,29-802
Q9Y691,127,1,127,0,1.000,contiguous,68-194
Q8NBJ9,278,6,408,130,0.681,intermittent,19-296;469-499;568-605;653-688;737-746;818-832
Q6UW88,88,1,88,0,1.000,contiguous,23-110
Q02223,54,1,54,0,1.000,contiguous,1-54
P42892,681,1,681,0,1.000,contiguous,90-770
P05186,483,0,0,0,,no_accepted_segment,
O60507,345,1,345,0,1.000,contiguous,26-370
O43570,277,1,277,0,1.000,contiguous,25-301
Q9H0V9,269,1,269,0,1.000,contiguous,45-313
Q8IY49,16,4,33,17,0.485,intermittent,60-65;124-132;204-205;255-270
Q15617,37,4,99,62,0.374,intermittent,1-25;76-99;161-197;259-271
O95006,37,4,96,59,0.385,intermittent,1-25;80-100;159-195;260-272
P58658,274,1,274,0,1.000,contiguous,49-322
P22413,828,1,828,0,1.000,contiguous,98-925
Q8NCG5,358,1,358,0,1.000,contiguous,29-386
Q7LFX5,460,1,460,0,1.000,contiguous,102-561
O75882,1196,1,1196,0,1.000,contiguous,84-1279
Q9NYQ8,4030,1,4030,0,1.000,contiguous,19-4048
Q13621,112,5,185,73,0.605,intermittent,199-201;281-302;349-379;439-550;593-609
Q30201,284,1,284,0,1.000,contiguous,23-306
Q8NGN1,37,4,99,62,0.374,intermittent,1-25;76-99;161-197;259-271
Q9Y3E0,2,2,3,1,0.667,intermittent,31-32;90-90
O43315,37,4,72,35,0.514,intermittent,44-57;124-160;208-210;226-243
Q9Y5I1,667,1,667,0,1.000,contiguous,30-696
P16442,301,1,301,0,1.000,contiguous,54-354
P41732,101,2,117,16,0.863,intermittent,41-56;113-213
Q8N2K0,303,1,303,0,1.000,contiguous,96-398
P34741,126,1,126,0,1.000,contiguous,19-144
Q504Y0,202,5,294,92,0.687,intermittent,1-202;391-398;470-538;624-631;685-691
Q99795,214,1,214,0,1.000,contiguous,22-235
Q9BXE9,36,4,76,40,0.474,intermittent,1-5;73-92;152-187;250-264
Q8N8F6,3,2,4,1,0.750,intermittent,147-147;194-196
Q8NH95,27,2,45,18,0.600,intermittent,1-27;83-100
Q8NGX8,37,4,104,67,0.356,intermittent,1-30;81-104;166-202;264-276
Q9UGF7,37,4,97,60,0.381,intermittent,1-23;74-97;159-195;258-270
Q02763,726,1,726,0,1.000,contiguous,23-748
Q8IV31,9,1,9,0,1.000,contiguous,26-34
Q86SQ4,825,4,865,40,0.954,intermittent,38-862;925-929;992-1024;1091-1092
Q96IW7,18,2,21,3,0.857,intermittent,209-226;272-274
Q8NGH9,36,4,102,66,0.353,intermittent,1-27;78-101;163-198;260-274
P22760,376,1,376,0,1.000,contiguous,24-399
Q9Y5Z0,453,1,453,0,1.000,contiguous,21-473
Q96JW4,162,6,275,113,0.589,intermittent,1-162;217-245;304-313;369-376;428-469;520-543
Q0P6D2,376,1,376,0,1.000,contiguous,44-419
O94956,104,6,239,135,0.435,intermittent,70-88;141-185;256-273;389-408;461-564;623-655
Q9NZ08,920,1,920,0,1.000,contiguous,22-941
P36897,93,1,93,0,1.000,contiguous,34-126
O95907,23,6,74,51,0.311,intermittent,36-58;107-115;165-172;276-289;336-342;398-410
Q9N2J8,480,1,480,0,1.000,contiguous,36-515
P22888,337,4,391,54,0.862,intermittent,27-363;417-439;506-525;595-605
Q8NGP4,36,4,96,60,0.375,intermittent,1-23;74-97;159-194;257-269
O75022,420,1,420,0,1.000,contiguous,24-443
P05187,483,0,0,0,,no_accepted_segment,
Q96DD7,60,1,60,0,1.000,contiguous,28-87
Q14956,476,1,476,0,1.000,contiguous,23-498
Q6UWH4,464,1,464,0,1.000,contiguous,56-519
O15197,563,1,563,0,1.000,contiguous,32-594
Q03431,160,4,224,64,0.714,intermittent,27-186;242-282;343-357;427-434
P21757,375,1,375,0,1.000,contiguous,77-451
P19256,187,1,187,0,1.000,contiguous,29-215
P24071,206,1,206,0,1.000,contiguous,22-227
Q99941,286,1,286,0,1.000,contiguous,418-703
Q8TCT7,149,5,205,56,0.727,intermittent,26-174;245-248;315-319;370-412;467-470
P78504,1034,1,1034,0,1.000,contiguous,34-1067
O60235,377,1,377,0,1.000,contiguous,42-418
Q7L1I2,124,6,174,50,0.713,intermittent,130-148;204-205;259-277;412-535;587-592;650-653
P51810,28,4,97,69,0.289,intermittent,1-28;100-124;171-191;270-292
Q68CJ9,118,1,118,0,1.000,contiguous,344-461
Q6UWL6,490,1,490,0,1.000,contiguous,21-510
O75023,435,1,435,0,1.000,contiguous,24-458
Q8NH10,37,4,99,62,0.374,intermittent,1-25;76-99;161-197;259-271
Q8NET8,19,4,39,20,0.487,intermittent,461-479;541-545;609-620;647-649
P32245,47,4,73,26,0.644,intermittent,1-47;108-118;189-191;268-279
P0C7N8,41,4,90,49,0.456,intermittent,1-27;86-96;160-200;261-271
P16444,368,0,0,0,,no_accepted_segment,
Q9NRX5,29,5,95,66,0.305,intermittent,61-88;145-151;219-231;281-309;409-426
P06213,731,2,925,194,0.790,intermittent,28-758;763-956
Q9H205,37,4,96,59,0.385,intermittent,1-25;80-100;159-195;260-272
Q9BX97,394,1,394,0,1.000,contiguous,49-442
P29320,521,1,521,0,1.000,contiguous,21-541
Q9H6D3,17,4,42,25,0.405,intermittent,34-44;151-161;223-225;302-318
P16473,394,4,439,45,0.897,intermittent,21-414;474-492;559-576;650-657
Q6PK18,254,1,254,0,1.000,contiguous,66-319
Q06418,389,1,389,0,1.000,contiguous,41-429
P34910,181,1,181,0,1.000,contiguous,22-202
Q8NH03,37,4,101,64,0.366,intermittent,1-30;85-105;164-200;265-277
P30825,39,7,127,88,0.307,intermittent,58-61;124-162;213-246;308-337;406-408;514-526;581-584
Q9H902,1,1,1,0,1.000,contiguous,56-56
Q9NYW1,34,4,61,27,0.557,intermittent,1-9;73-86;147-180;258-261
Q8NGC6,37,4,94,57,0.394,intermittent,1-25;80-100;159-195;259-269
Q8N9I0,62,1,62,0,1.000,contiguous,1-62
Q9HBW1,489,1,489,0,1.000,contiguous,39-527
Q16572,71,6,118,47,0.602,intermittent,55-125;174-182;235-242;311-325;378-388;444-447
Q9H158,665,1,665,0,1.000,contiguous,19-683
O95867,80,0,0,0,,no_accepted_segment,
Q6IF63,36,4,106,70,0.340,intermittent,1-30;81-104;166-201;264-279
P43632,224,1,224,0,1.000,contiguous,22-245
Q6NUS8,461,1,461,0,1.000,contiguous,23-483
Q9NX61,70,5,153,83,0.458,intermittent,29-98;156-166;246-263;326-370;471-479
Q4KMZ8,64,2,77,13,0.831,intermittent,22-34;83-146
Q9NYM9,4,1,4,0,1.000,contiguous,108-111
Q9NP60,338,1,338,0,1.000,contiguous,17-354
Q6ZMZ3,29,1,29,0,1.000,contiguous,947-975
Q92819,25,4,66,41,0.379,intermittent,33-45;396-402;451-475;532-552
Q8NH55,30,4,97,67,0.309,intermittent,1-30;78-101;166-195;260-272
Q8NGZ4,37,4,96,59,0.385,intermittent,1-25;80-100;159-195;260-272
P78369,59,2,83,24,0.711,intermittent,22-80;137-160
P06127,348,1,348,0,1.000,contiguous,25-372
Q9HCJ1,25,4,41,16,0.610,intermittent,107-131;180-189;348-350;427-429
O15547,273,1,273,0,1.000,contiguous,61-333
Q16586,267,1,267,0,1.000,contiguous,24-290
Q01650,28,6,101,73,0.277,intermittent,71-83;148-169;215-242;298-324;391-395;452-457
Q9UHF3,164,1,164,0,1.000,contiguous,64-227
Q8NG94,44,4,107,63,0.411,intermittent,1-44;94-112;180-216;281-287
O95183,23,1,23,0,1.000,contiguous,94-116
Q96B86,255,0,0,0,,no_accepted_segment,
Q8NGA2,37,4,100,63,0.370,intermittent,1-26;77-100;162-198;260-272
Q96RQ1,265,1,265,0,1.000,contiguous,55-319
Q13873,124,1,124,0,1.000,contiguous,27-150
P23467,1599,1,1599,0,1.000,contiguous,23-1621
Q3MUY2,18,1,18,0,1.000,contiguous,27-44
P08588,57,4,94,37,0.606,intermittent,1-57;122-128;200-221;350-357
Q3SXY7,563,1,563,0,1.000,contiguous,20-582
Q8NGS6,55,4,135,80,0.407,intermittent,1-55;106-129;191-227;289-307
Q93086,268,1,268,0,1.000,contiguous,52-319
Q9HCU0,670,1,670,0,1.000,contiguous,18-687
Q9NRJ7,662,1,662,0,1.000,contiguous,29-690
Q15825,214,1,214,0,1.000,contiguous,26-239
Q96RC9,37,4,98,61,0.378,intermittent,1-25;76-98;160-196;258-270
Q9UKQ2,467,1,467,0,1.000,contiguous,199-665
Q92813,9,1,9,0,1.000,contiguous,1-9
O75144,238,1,238,0,1.000,contiguous,19-256
P12821,1227,1,1227,0,1.000,contiguous,30-1256
P55291,546,1,546,0,1.000,contiguous,61-606
G3V0H7,109,6,260,151,0.419,intermittent,1-16;71-123;181-211;314-329;384-492;543-577
Q8NB59,24,1,24,0,1.000,contiguous,1-24
Q99500,40,4,86,46,0.465,intermittent,1-40;102-115;180-195;266-281
Q5T4D3,280,6,439,159,0.638,intermittent,36-111;163-165;220-224;289-354;404-412;462-741
Q9HCX4,51,3,111,60,0.459,intermittent,373-383;487-537;603-651
O15439,13,5,26,13,0.500,intermittent,132-136;245-246;353-356;756-768;872-873
O00451,422,0,0,0,,no_accepted_segment,
Q9HC97,17,4,51,34,0.333,intermittent,1-17;81-86;156-169;243-256
Q9P2K9,432,6,887,455,0.487,intermittent,95-462;506-508;595-595;751-1182;1226-1291;1342-1358
Q9Y6H8,31,2,59,28,0.525,intermittent,41-71;174-201
Q5SQ64,219,1,219,0,1.000,contiguous,17-235
A6NND4,34,4,94,60,0.362,intermittent,1-31;84-102;167-200;267-276
Q9GZP7,56,4,127,71,0.441,intermittent,1-56;106-132;191-226;296-303
P05556,708,1,708,0,1.000,contiguous,21-728
Q9P232,982,0,0,0,,no_accepted_segment,
Q13433,297,4,362,65,0.820,intermittent,29-325;377-423;679-686;746-755
Q8NET5,121,1,121,0,1.000,contiguous,43-163
Q70SY1,120,1,120,0,1.000,contiguous,401-520
Q96GX1,643,1,643,0,1.000,contiguous,26-668
Q9Y5I0,668,1,668,0,1.000,contiguous,30-697
P35408,24,4,77,53,0.312,intermittent,1-19;80-96;161-184;296-312
Q96QK8,49,1,49,0,1.000,contiguous,1-49
Q6ZXV5,492,5,629,137,0.782,intermittent,30-93;188-193;253-317;375-376;424-915
Q92536,32,6,95,63,0.337,intermittent,66-78;136-167;216-235;288-311;385-385;447-451
Q9UQ52,979,0,0,0,,no_accepted_segment,
P09758,248,1,248,0,1.000,contiguous,27-274
A6NLE4,119,1,119,0,1.000,contiguous,54-172
O43699,321,1,321,0,1.000,contiguous,27-347
P40967,126,1,126,0,1.000,contiguous,470-595
Q7RTX1,547,4,599,52,0.913,intermittent,21-567;625-639;702-725;783-795
Q8WZ84,37,4,99,62,0.374,intermittent,1-25;76-99;161-197;259-271
Q4G0T1,887,1,887,0,1.000,contiguous,20-906
O60609,342,0,0,0,,no_accepted_segment,
P06340,192,1,192,0,1.000,contiguous,26-217
Q8N387,213,1,213,0,1.000,contiguous,24-236
O60725,8,4,19,11,0.421,intermittent,34-41;88-92;150-154;229-229
P01903,191,1,191,0,1.000,contiguous,26-216
Q9NPG4,694,1,694,0,1.000,contiguous,25-718
Q9UPQ8,22,8,95,73,0.232,intermittent,1-13;96-111;156-163;210-224;276-297;355-359;423-436;494-495
Q8NFZ3,633,1,633,0,1.000,contiguous,44-676
P41217,202,1,202,0,1.000,contiguous,31-232
Q99999,388,1,388,0,1.000,contiguous,36-423
P0C6S8,507,1,507,0,1.000,contiguous,25-531
Q9Y5Y4,42,4,111,69,0.378,intermittent,1-33;90-106;169-210;270-288
Q9BZV2,25,6,70,45,0.357,intermittent,29-53;103-110;166-169;304-316;364-375;427-434
Q8NBN3,204,4,259,55,0.788,intermittent,22-225;279-305;347-361;425-437
P18505,220,1,220,0,1.000,contiguous,26-245
Q9Y5G1,661,1,661,0,1.000,contiguous,31-691
Q96A54,17,4,53,36,0.321,intermittent,158-170;225-234;286-298;359-375
Q9NWQ8,16,1,16,0,1.000,contiguous,1-16
Q99062,603,1,603,0,1.000,contiguous,25-627
Q96RD0,37,4,98,61,0.378,intermittent,1-25;76-99;161-197;259-270
Q9NPR2,674,1,674,0,1.000,contiguous,44-717
P55283,565,1,565,0,1.000,contiguous,170-734
P48960,532,4,574,42,0.927,intermittent,21-552;602-620;675-691;761-766
P08913,47,4,95,48,0.495,intermittent,1-47;108-120;182-208;414-421
P26951,287,1,287,0,1.000,contiguous,19-305
Q9UNN8,193,1,193,0,1.000,contiguous,18-210
Q8TBM8,114,1,114,0,1.000,contiguous,266-379
P78325,639,1,639,0,1.000,contiguous,17-655
O60404,37,4,99,62,0.374,intermittent,1-25;76-99;161-197;260-272
Q9P121,287,0,0,0,,no_accepted_segment,
Q86V24,17,4,56,39,0.304,intermittent,169-181;235-245;295-309;370-386
Q9BY50,144,1,144,0,1.000,contiguous,49-192
P36941,197,1,197,0,1.000,contiguous,31-227
Q9HC73,209,1,209,0,1.000,contiguous,23-231
O75054,1105,1,1105,0,1.000,contiguous,20-1124
Q9H3T3,578,1,578,0,1.000,contiguous,26-603
P32248,35,4,101,66,0.347,intermittent,25-59;117-130;192-219;290-313
P10966,149,1,149,0,1.000,contiguous,22-170
Q9H2X9,126,4,193,67,0.653,intermittent,121-129;204-229;277-402;454-485
Q14952,224,1,224,0,1.000,contiguous,22-245
Q96R47,37,4,95,58,0.389,intermittent,1-24;79-99;158-194;259-271
O00124,11,1,11,0,1.000,contiguous,23-33
P01833,620,1,620,0,1.000,contiguous,19-638
Q8N3Y3,692,1,692,0,1.000,contiguous,30-721
Q15722,26,4,80,54,0.325,intermittent,1-19;76-91;160-178;243-268
P36383,30,2,60,30,0.500,intermittent,46-75;199-228
Q11203,347,1,347,0,1.000,contiguous,29-375
Q9UM47,1604,1,1604,0,1.000,contiguous,40-1643
P14778,319,1,319,0,1.000,contiguous,18-336
O43749,38,4,97,59,0.392,intermittent,1-25;80-100;159-196;260-272
Q9P2U8,33,6,81,48,0.407,intermittent,93-125;170-177;238-244;332-349;408-409;465-477
Q96NT5,38,6,73,35,0.521,intermittent,45-82;136-140;204-208;290-302;352-355;415-422
Q8N661,11,4,30,19,0.367,intermittent,41-46;94-100;141-146;189-199
P25100,95,4,125,30,0.760,intermittent,1-95;160-169;239-251;374-380
O76100,37,4,99,62,0.374,intermittent,1-25;76-99;161-197;259-271
Q9Y5E4,659,1,659,0,1.000,contiguous,31-689
Q9H2B2,16,1,16,0,1.000,contiguous,1-16
Q9ULD8,71,4,94,23,0.755,intermittent,250-259;324-331;383-453;475-479
Q96FE5,520,1,520,0,1.000,contiguous,42-561
Q5NUL3,45,4,92,47,0.489,intermittent,1-45;99-112;178-204;290-295
Q8NC01,207,1,207,0,1.000,contiguous,74-280
Q9H159,553,1,553,0,1.000,contiguous,44-596
Q9NV96,255,1,255,0,1.000,contiguous,71-325
Q6UXG2,869,1,869,0,1.000,contiguous,42-910
P41231,32,4,89,57,0.360,intermittent,1-32;94-110;173-194;270-287
Q08708,163,1,163,0,1.000,contiguous,21-183
Q12836,487,1,487,0,1.000,contiguous,19-505
Q9NQA5,37,2,43,6,0.860,intermittent,349-385;443-448
Q8TDQ0,181,1,181,0,1.000,contiguous,22-202
Q9NZS2,172,1,172,0,1.000,contiguous,60-231
P25092,407,1,407,0,1.000,contiguous,24-430
Q05940,88,6,136,48,0.647,intermittent,42-129;181-189;243-248;312-328;379-389;436-440
O75084,224,4,311,87,0.720,intermittent,33-256;310-336;401-423;492-528
P54709,223,1,223,0,1.000,contiguous,57-279
Q10472,531,1,531,0,1.000,contiguous,29-559
P50281,430,1,430,0,1.000,contiguous,112-541
Q13635,320,6,613,293,0.522,intermittent,118-437;492-500;565-572;770-1027;1075-1083;1143-1151
Q8NGY6,37,4,99,62,0.374,intermittent,1-25;76-99;161-197;259-271
Q7RTW8,1107,0,0,0,,no_accepted_segment,
Q96LA5,382,1,382,0,1.000,contiguous,20-401
Q86XJ0,52,2,64,12,0.812,intermittent,37-48;125-176
P16581,535,1,535,0,1.000,contiguous,22-556
Q9HD20,179,5,225,46,0.796,intermittent,88-95;265-443;1011-1011;1073-1096;1154-1166
Q9BT88,15,1,15,0,1.000,contiguous,1-15
P13747,284,1,284,0,1.000,contiguous,22-305
O60503,34,6,95,61,0.358,intermittent,139-141;193-215;260-280;808-818;889-891;942-975
A6NET4,32,4,90,58,0.356,intermittent,1-25;78-97;165-196;257-269
P49238,31,4,89,58,0.348,intermittent,1-31;91-103;168-195;257-273
Q8NGT5,37,4,98,61,0.378,intermittent,1-24;75-98;157-193;255-267
Q9BXS4,203,1,203,0,1.000,contiguous,36-238
P11117,350,1,350,0,1.000,contiguous,31-380
Q15005,4,1,4,0,1.000,contiguous,108-111
Q16553,80,0,0,0,,no_accepted_segment,
Q8N1C3,238,2,246,8,0.967,intermittent,36-273;321-328
Q8NCL4,594,1,594,0,1.000,contiguous,29-622
P36894,129,1,129,0,1.000,contiguous,24-152
Q96IZ2,22,3,49,27,0.449,intermittent,25-46;107-119;176-189
Q8NH37,37,4,92,55,0.402,intermittent,1-23;78-98;157-193;257-267
Q9Y5G5,663,1,663,0,1.000,contiguous,30-692
Q6ZMG9,37,4,84,47,0.440,intermittent,1-37;154-177;225-229;285-302
Q9GZZ6,213,1,213,0,1.000,contiguous,25-237
A6NM11,1547,1,1547,0,1.000,contiguous,36-1582
Q9UQ05,45,4,98,53,0.459,intermittent,250-259;324-332;383-427;449-482
P82279,1322,1,1322,0,1.000,contiguous,26-1347
P36956,39,1,39,0,1.000,contiguous,509-547
Q86VZ4,413,1,413,0,1.000,contiguous,38-450
P31644,229,3,253,24,0.905,intermittent,32-260;309-318;449-462
Q9Y278,328,1,328,0,1.000,contiguous,40-367
O14684,12,2,17,5,0.706,intermittent,1-12;91-95
Q8N695,58,7,156,98,0.372,intermittent,1-9;73-83;154-161;211-239;301-336;411-415;461-518
O94856,1193,1,1193,0,1.000,contiguous,25-1217
Q9UHC9,272,7,830,558,0.328,intermittent,22-284;373-632;688-696;764-776;868-1139;1190-1191;1258-1268
Q6UX71,424,1,424,0,1.000,contiguous,31-454
P56856,53,2,84,31,0.631,intermittent,28-80;144-174
Q7Z3T1,37,4,96,59,0.385,intermittent,1-25;80-100;159-195;260-272
O96024,359,1,359,0,1.000,contiguous,20-378
Q6ZP80,88,2,114,26,0.772,intermittent,27-114;175-200
Q9Y228,7,1,7,0,1.000,contiguous,545-551
P47775,48,4,80,32,0.600,intermittent,1-48;104-113;177-192;275-280
Q13349,1082,1,1082,0,1.000,contiguous,18-1099
Q8TC36,257,1,257,0,1.000,contiguous,123-379
Q9BY15,336,4,367,31,0.916,intermittent,22-357;411-416;486-508;579-580
P10586,1234,1,1234,0,1.000,contiguous,30-1263
Q8WXD0,416,4,479,63,0.868,intermittent,1-416;477-495;559-592;661-670
O76024,217,1,217,0,1.000,contiguous,653-869
Q5BJH7,15,3,17,2,0.882,intermittent,178-192;241-241;314-314
Q69384,543,1,543,0,1.000,contiguous,90-632
Q9NPA2,431,0,0,0,,no_accepted_segment,
Q8NG11,119,2,142,23,0.838,intermittent,39-61;114-232
Q8TF66,517,1,517,0,1.000,contiguous,22-538
P29322,515,1,515,0,1.000,contiguous,28-542
Q8IVQ6,31,2,38,7,0.816,intermittent,38-44;155-185
Q8N3F9,48,4,114,66,0.421,intermittent,1-48;105-120;189-205;268-300
Q6PJF5,230,4,270,40,0.852,intermittent,431-660;714-715;769-773;824-856
Q96G79,36,4,66,30,0.545,intermittent,40-52;107-142;202-214;272-275
Q5JX71,33,1,33,0,1.000,contiguous,20-52
O00767,4,2,8,4,0.500,intermittent,94-97;238-241
P51679,39,4,100,61,0.390,intermittent,1-39;99-111;176-206;268-284
O43280,532,0,0,0,,no_accepted_segment,
Q9H8M5,250,2,259,9,0.965,intermittent,1-250;360-368
Q495A1,120,1,120,0,1.000,contiguous,22-141
O75325,612,1,612,0,1.000,contiguous,19-630
Q8N1N2,76,1,76,0,1.000,contiguous,109-184
Q96GP6,398,1,398,0,1.000,contiguous,44-441
P06729,185,1,185,0,1.000,contiguous,25-209
Q7KYR7,220,1,220,0,1.000,contiguous,29-248
Q96MV8,17,2,32,15,0.531,intermittent,42-56;194-210
Q14435,596,1,596,0,1.000,contiguous,38-633
Q8N6L1,20,2,25,5,0.800,intermittent,1-5;56-75
Q9UJ14,535,1,535,0,1.000,contiguous,128-662
A8MUP6,91,2,114,23,0.798,intermittent,30-120;182-204
P43628,224,1,224,0,1.000,contiguous,22-245
O00400,23,6,98,75,0.235,intermittent,96-113;163-175;239-256;321-343;399-404;530-549
Q04671,133,6,294,161,0.452,intermittent,198-330;371-384;441-513;638-647;697-720;778-817
Q9NZC2,156,1,156,0,1.000,contiguous,19-174
Q8TCJ2,274,7,428,154,0.640,intermittent,87-173;213-223;261-265;314-321;372-410;457-460;553-826
Q15392,9,1,9,0,1.000,contiguous,23-31
P35610,22,5,73,51,0.301,intermittent,161-180;245-252;353-369;469-474;529-550
Q5VUD6,380,1,380,0,1.000,contiguous,52-431
Q8NGT9,38,4,96,58,0.396,intermittent,1-24;79-99;158-195;259-271
Q8N7C0,221,1,221,0,1.000,contiguous,24-244
Q86UN2,395,0,0,0,,no_accepted_segment,
P41594,559,4,593,34,0.943,intermittent,22-580;637-644;715-737;796-798
P56199,1113,1,1113,0,1.000,contiguous,29-1141
Q96F46,288,1,288,0,1.000,contiguous,33-320
Q9H8J5,359,1,359,0,1.000,contiguous,27-385
Q96JJ7,351,1,351,0,1.000,contiguous,25-375
Q9UBN4,65,3,107,42,0.607,intermittent,384-403;454-475;535-599
O95832,53,2,80,27,0.662,intermittent,29-81;137-163
Q9NSD5,65,1,65,0,1.000,contiguous,142-206
P20701,1065,1,1065,0,1.000,contiguous,26-1090
O00592,439,1,439,0,1.000,contiguous,23-461
Q16849,541,1,541,0,1.000,contiguous,35-575
Q86VZ5,40,3,72,32,0.556,intermittent,157-183;236-275;325-329
P01130,767,1,767,0,1.000,contiguous,22-788
P63027,2,1,2,0,1.000,contiguous,115-116
P25942,173,1,173,0,1.000,contiguous,21-193
Q6UW56,169,1,169,0,1.000,contiguous,31-199
Q5BIV9,101,0,0,0,,no_accepted_segment,
Q8IUH5,28,2,31,3,0.903,intermittent,379-381;502-529
Q6ZMJ2,414,1,414,0,1.000,contiguous,82-495
P34981,28,4,77,49,0.364,intermittent,1-28;84-99;169-193;289-296
Q16671,132,1,132,0,1.000,contiguous,18-149
A8MXE2,336,1,336,0,1.000,contiguous,34-369
Q7Z402,168,5,295,127,0.569,intermittent,1-168;241-263;384-404;516-555;623-665
Q7RTT9,68,6,172,104,0.395,intermittent,1-68;123-139;188-231;373-381;438-450;510-530
O00241,342,1,342,0,1.000,contiguous,30-371
P49788,20,1,20,0,1.000,contiguous,1-20
Q92643,341,1,341,0,1.000,contiguous,28-368
Q8NH40,39,4,98,59,0.398,intermittent,1-29;81-99;169-207;264-274
Q9BUF7,33,1,33,0,1.000,contiguous,27-59
Q9NQR9,38,5,96,58,0.396,intermittent,1-24;78-115;168-168;233-261;315-318
Q9Y5E3,661,1,661,0,1.000,contiguous,28-688
P43005,91,5,160,69,0.569,intermittent,39-61;115-205;267-286;381-393;428-440
Q9Y5F3,663,1,663,0,1.000,contiguous,29-691
Q9BXN2,182,1,182,0,1.000,contiguous,66-247
P01889,285,1,285,0,1.000,contiguous,25-309
O00258,28,2,36,8,0.778,intermittent,1-8;121-148
Q7Z7H5,165,1,165,0,1.000,contiguous,30-194
Q3KNW5,29,5,58,29,0.500,intermittent,1-29;89-97;155-159;217-226;286-290
Q8NBV4,16,2,24,8,0.667,intermittent,134-141;224-239
Q8NH93,38,4,96,58,0.396,intermittent,1-25;80-100;159-196;260-271
Q96FV3,119,2,142,23,0.838,intermittent,41-63;116-234
Q8NGM8,36,4,96,60,0.375,intermittent,1-23;74-97;159-194;256-268
P40198,121,1,121,0,1.000,contiguous,35-155
Q8TD46,237,1,237,0,1.000,contiguous,29-265
Q53TN4,18,3,46,28,0.391,intermittent,33-47;106-118;180-197
Q8NH90,42,4,104,62,0.404,intermittent,1-25;76-99;155-196;259-271
Q92186,352,1,352,0,1.000,contiguous,24-375
Q14574,555,1,555,0,1.000,contiguous,136-690
Q9P298,14,1,14,0,1.000,contiguous,48-61
Q15760,69,4,118,49,0.585,intermittent,1-69;124-143;204-221;299-309
P32239,55,4,121,66,0.455,intermittent,1-55;110-128;190-216;354-373
P55073,237,1,237,0,1.000,contiguous,68-304
Q6UX01,27,5,115,88,0.235,intermittent,1-21;88-114;176-196;327-350;410-431
Q86WV6,10,2,20,10,0.500,intermittent,35-44;107-116
P25101,60,4,133,73,0.451,intermittent,21-80;133-159;230-256;329-347
P21860,624,1,624,0,1.000,contiguous,20-643
Q12879,534,2,702,168,0.761,intermittent,23-556;647-814
A5X5Y0,223,3,229,6,0.974,intermittent,26-248;304-307;455-456
P47887,38,4,96,58,0.396,intermittent,1-25;80-100;168-205;270-281
Q8IXM6,30,3,55,25,0.545,intermittent,29-58;115-133;211-216
Q6PXP3,36,6,87,51,0.414,intermittent,43-78;129-138;194-198;303-321;372-379;437-445
Q9ULC8,21,2,39,18,0.538,intermittent,35-52;170-190
P30531,67,6,175,108,0.383,intermittent,74-80;145-211;257-291;343-374;441-456;518-535
Q8WWG1,62,1,62,0,1.000,contiguous,1-62
Q9NPC4,310,1,310,0,1.000,contiguous,44-353
A6NL08,33,4,78,45,0.423,intermittent,1-23;85-95;162-194;259-269
P49685,33,4,109,76,0.303,intermittent,1-33;91-120;171-192;261-284
P41968,37,4,69,32,0.536,intermittent,1-37;101-118;182-186;269-277
O14786,835,1,835,0,1.000,contiguous,22-856
Q8NG83,37,4,96,59,0.385,intermittent,1-25;80-100;159-195;260-272
P11169,32,6,82,50,0.390,intermittent,33-64;112-118;175-183;291-304;353-363;421-429
Q8NHH9,2,1,2,0,1.000,contiguous,498-499
Q14571,106,3,141,35,0.752,intermittent,2249-2260;2329-2351;2416-2521
Q6IAN0,287,1,287,0,1.000,contiguous,39-325
Q9H8X9,33,2,39,6,0.846,intermittent,64-69;198-230
Q86YD3,206,1,206,0,1.000,contiguous,27-232
Q8WWQ8,2439,1,2439,0,1.000,contiguous,20-2458
P59543,32,4,59,27,0.542,intermittent,1-6;68-79;147-178;251-259
Q9P0X4,145,12,453,308,0.320,intermittent,100-120;169-173;233-377;662-676;722-729;786-841;1188-1209;1266-1272;1326-1410;1507-1522;1578-1583;1643-1709
Q9UPX0,702,1,702,0,1.000,contiguous,21-722
Q96PL5,126,1,126,0,1.000,contiguous,30-155
P98194,15,5,65,50,0.231,intermittent,92-104;283-294;720-729;794-808;861-875
Q14DG7,903,1,903,0,1.000,contiguous,1-903
Q96PZ7,3461,1,3461,0,1.000,contiguous,27-3487
Q15822,238,1,238,0,1.000,contiguous,27-264
Q8N0V5,377,1,377,0,1.000,contiguous,24-400
P10912,246,1,246,0,1.000,contiguous,19-264
Q9HB29,316,1,316,0,1.000,contiguous,20-335
P43088,31,4,91,60,0.341,intermittent,1-31;91-109;176-198;268-285
P04844,518,2,522,4,0.992,intermittent,23-540;593-596
Q9Y5H8,668,1,668,0,1.000,contiguous,30-697
Q8WTR4,283,3,323,40,0.876,intermittent,64-89;147-160;214-496
O76001,37,4,99,62,0.374,intermittent,1-28;83-103;162-198;263-275
Q8NH53,36,4,103,67,0.350,intermittent,1-27;78-101;163-198;261-276
P48764,26,7,72,46,0.361,intermittent,26-51;103-111;169-181;238-244;305-306;360-367;427-433
Q92542,636,1,636,0,1.000,contiguous,34-669
Q8NGN0,37,4,94,57,0.394,intermittent,1-25;80-100;159-195;259-269
Q8NGI7,37,4,100,63,0.370,intermittent,1-25;76-100;162-198;260-272
Q6UWL2,692,1,692,0,1.000,contiguous,30-721
P05107,678,1,678,0,1.000,contiguous,23-700
Q16515,360,1,360,0,1.000,contiguous,65-424
Q96RD6,53,2,96,43,0.552,intermittent,71-123;250-292
P27824,461,1,461,0,1.000,contiguous,21-481
Q07108,138,1,138,0,1.000,contiguous,62-199
P60468,5,1,5,0,1.000,contiguous,92-96
Q8NGX0,37,4,99,62,0.374,intermittent,1-25;76-99;161-197;259-271
P25089,43,4,107,64,0.402,intermittent,1-27;84-100;163-205;267-286
A0PJZ3,418,1,418,0,1.000,contiguous,26-443
Q8N0Z9,383,1,383,0,1.000,contiguous,31-413
Q9GZY6,5,1,5,0,1.000,contiguous,1-5
P40879,39,5,119,80,0.328,intermittent,98-99;146-175;219-257;364-374;433-469
P29973,23,3,38,15,0.605,intermittent,188-197;263-267;318-340
Q8TCC7,93,6,157,64,0.592,intermittent,31-123;176-176;234-236;349-354;408-411;493-542
Q9NRM6,275,1,275,0,1.000,contiguous,18-292
I3L273,390,1,390,0,1.000,contiguous,20-409
Q14002,206,0,0,0,,no_accepted_segment,
Q9H3S5,41,5,97,56,0.423,intermittent,39-79;162-169;247-287;338-338;379-384
Q9BXJ7,338,1,338,0,1.000,contiguous,20-357
Q14C87,885,1,885,0,1.000,contiguous,31-915
P31391,46,4,96,50,0.479,intermittent,1-46;105-120;186-208;281-291
P41181,20,4,40,20,0.500,intermittent,33-40;108-127;177-180;194-201
Q4KMG0,938,1,938,0,1.000,contiguous,26-963
Q96RJ0,27,4,79,52,0.342,intermittent,1-24;82-96;162-188;274-286
Q8TBA6,12,1,12,0,1.000,contiguous,720-731
Q8NGS4,37,4,99,62,0.374,intermittent,1-25;76-99;161-197;259-271
Q9Y6M5,39,3,57,18,0.684,intermittent,32-35;100-113;270-308
O00168,15,1,15,0,1.000,contiguous,21-35
Q9UMZ3,1912,1,1912,0,1.000,contiguous,36-1947
O95803,839,1,839,0,1.000,contiguous,35-873
P08910,395,1,395,0,1.000,contiguous,31-425
Q8WUD6,15,5,54,39,0.278,intermittent,84-93;151-160;208-222;282-293;340-346
Q8N2U0,34,1,34,0,1.000,contiguous,30-63
O14967,452,1,452,0,1.000,contiguous,20-471
Q6PCB7,13,1,13,0,1.000,contiguous,1-13
Q5DX21,219,1,219,0,1.000,contiguous,23-241
O00631,5,1,5,0,1.000,contiguous,27-31
Q14332,224,4,311,87,0.720,intermittent,24-247;301-327;392-414;483-519
Q9BZW8,208,1,208,0,1.000,contiguous,22-229
O00478,219,1,219,0,1.000,contiguous,30-248
P60507,496,1,496,0,1.000,contiguous,23-518
C9JDP6,50,2,69,19,0.725,intermittent,32-81;146-164
Q86XS8,167,1,167,0,1.000,contiguous,28-194
O95461,725,1,725,0,1.000,contiguous,32-756
Q9BXP2,253,6,368,115,0.688,intermittent,58-72;141-167;215-262;319-338;412-416;488-740
Q6TCH4,31,4,75,44,0.413,intermittent,73-83;135-147;239-258;314-344
O14514,918,4,954,36,0.962,intermittent,31-948;1002-1008;1074-1093;1158-1166
Q9H210,37,4,94,57,0.394,intermittent,1-25;80-100;159-195;260-270
Q9UN72,668,1,668,0,1.000,contiguous,30-697
P56747,53,2,76,23,0.697,intermittent,29-81;138-160
Q8NGE3,37,4,100,63,0.370,intermittent,1-25;76-100;162-198;260-272
Q8IWU2,11,1,11,0,1.000,contiguous,32-42
Q3MIW9,419,1,419,0,1.000,contiguous,30-448
A4D2G3,38,4,96,58,0.396,intermittent,1-24;79-99;158-195;259-271
Q9H156,600,1,600,0,1.000,contiguous,22-621
Q6P4Q7,178,2,186,8,0.957,intermittent,1-178;286-293
P51571,121,1,121,0,1.000,contiguous,24-144
P08473,699,1,699,0,1.000,contiguous,52-750
Q6N022,2403,1,2403,0,1.000,contiguous,367-2769
Q7Z408,3408,1,3408,0,1.000,contiguous,1-3408
Q8NGI1,36,4,106,70,0.340,intermittent,1-32;83-106;168-203;266-279
P07306,230,1,230,0,1.000,contiguous,62-291
P52798,144,0,0,0,,no_accepted_segment,
P11166,33,6,80,47,0.412,intermittent,34-66;113-120;177-185;294-306;356-365;423-429
Q8NGR8,38,4,97,59,0.392,intermittent,1-26;81-101;160-197;261-272
Q9Y625,505,0,0,0,,no_accepted_segment,
P58549,23,1,23,0,1.000,contiguous,1-23
Q969W9,40,1,40,0,1.000,contiguous,1-40
Q9BUM1,39,5,107,68,0.364,intermittent,1-24;76-114;165-169;219-254;305-307
Q68DH5,52,5,123,71,0.423,intermittent,1-5;54-105;172-186;409-432;495-521
O60779,27,6,87,60,0.310,intermittent,47-72;119-128;186-191;311-337;381-386;444-455
P30411,60,4,115,55,0.522,intermittent,1-60;119-131;199-221;293-311
Q9BXB1,520,4,571,51,0.911,intermittent,25-544;597-620;683-703;778-783
Q969N4,31,4,83,52,0.373,intermittent,1-31;89-111;168-195;280-280
Q8N743,297,1,297,0,1.000,contiguous,26-322
O75051,1203,1,1203,0,1.000,contiguous,35-1237
Q9BV81,6,2,10,4,0.600,intermittent,45-50;107-110
O75581,1351,1,1351,0,1.000,contiguous,20-1370
Q14833,555,4,609,54,0.911,intermittent,33-587;646-656;721-750;809-821
Q05996,678,1,678,0,1.000,contiguous,39-716
Q7Z7D3,235,1,235,0,1.000,contiguous,25-259
O43173,347,1,347,0,1.000,contiguous,34-380
P08174,318,0,0,0,,no_accepted_segment,
P16150,234,1,234,0,1.000,contiguous,20-253
Q6ZV29,12,1,12,0,1.000,contiguous,1-12
Q9UGN4,163,1,163,0,1.000,contiguous,18-180
A6NF34,326,1,326,0,1.000,contiguous,28-353
Q8WXH0,30,1,30,0,1.000,contiguous,6856-6885
Q9H9S5,466,1,466,0,1.000,contiguous,30-495
A0PK05,24,2,39,15,0.615,intermittent,1-15;62-85
P48058,523,2,698,175,0.749,intermittent,22-544;639-813
P16144,683,1,683,0,1.000,contiguous,28-710
Q8NH09,37,4,97,60,0.381,intermittent,1-25;76-99;161-197;259-269
Q8NFR9,431,1,431,0,1.000,contiguous,24-454
Q8NFJ5,33,4,81,48,0.407,intermittent,1-33;90-97;151-176;234-247
P78310,218,1,218,0,1.000,contiguous,20-237
Q01151,125,1,125,0,1.000,contiguous,20-144
O95470,40,1,40,0,1.000,contiguous,1-40
Q8TDT2,33,4,80,47,0.412,intermittent,1-33;87-105;170-194;279-281
O14662,3,1,3,0,1.000,contiguous,323-325
Q8NH54,36,4,104,68,0.346,intermittent,1-29;80-103;165-200;263-277
Q8N126,306,1,306,0,1.000,contiguous,25-330
Q8NGE7,50,4,124,74,0.403,intermittent,1-50;101-124;186-222;284-296
Q6UWM7,519,1,519,0,1.000,contiguous,23-541
P58401,540,1,540,0,1.000,contiguous,51-590
Q8NEB5,43,3,79,36,0.544,intermittent,27-54;112-154;201-208
P16284,574,1,574,0,1.000,contiguous,28-601
P78357,1264,1,1264,0,1.000,contiguous,20-1283
Q9NZN1,339,1,339,0,1.000,contiguous,19-357
A8MWK0,17,2,19,2,0.895,intermittent,189-190;327-343
Q8NH61,39,4,114,75,0.342,intermittent,1-39;90-113;175-210;273-287
Q9HCM2,1214,1,1214,0,1.000,contiguous,24-1237
Q8NGA6,37,4,99,62,0.374,intermittent,1-25;76-99;161-197;260-272
Q8NHB7,36,4,98,62,0.367,intermittent,1-25;76-99;161-196;259-271
P61619,47,5,125,78,0.376,intermittent,54-76;139-144;194-240;310-354;442-445
Q16620,399,1,399,0,1.000,contiguous,32-430
Q96PQ1,463,1,463,0,1.000,contiguous,19-481
Q92508,234,19,595,361,0.393,intermittent,26-28;82-121;215-216;269-309;439-440;485-512;596-596;650-679;829-831;875-926;1011-1012;1058-1096;1181-1185;1237-1285;1701-1704;1748-1779;1981-2000;2053-2060;2198-2431
A8MVW0,286,1,286,0,1.000,contiguous,30-315
Q13190,1,1,1,0,1.000,contiguous,355-355
Q2M3M2,45,7,179,134,0.251,intermittent,1-36;99-114;179-190;239-275;339-383;449-459;509-530
P01893,284,1,284,0,1.000,contiguous,25-308
Q9H6R6,41,2,53,12,0.774,intermittent,46-57;165-205
Q16288,398,1,398,0,1.000,contiguous,32-429
P25189,124,1,124,0,1.000,contiguous,30-153
Q15256,206,1,206,0,1.000,contiguous,22-227
Q9Y5Y9,69,16,277,208,0.249,intermittent,150-154;207-212;273-341;367-373;685-695;748-753;811-834;856-864;1172-1184;1239-1242;1312-1353;1376-1391;1496-1506;1561-1572;1633-1646;1670-1697
Q9H490,56,3,110,54,0.509,intermittent,23-78;245-286;373-384
Q6W5P4,52,4,115,63,0.452,intermittent,1-52;104-123;186-212;297-312
P01920,198,1,198,0,1.000,contiguous,33-230
P25929,37,4,95,58,0.389,intermittent,1-37;100-110;176-208;286-299
O43657,94,2,113,19,0.832,intermittent,41-59;115-208
P11049,130,2,151,21,0.861,intermittent,39-59;112-241
Q86Y82,7,1,7,0,1.000,contiguous,270-276
Q9BZG2,367,1,367,0,1.000,contiguous,27-393
Q8IY26,11,2,22,11,0.500,intermittent,154-164;250-260
Q11130,306,1,306,0,1.000,contiguous,37-342
Q8N5D6,321,1,321,0,1.000,contiguous,27-347
P23415,222,3,244,22,0.910,intermittent,29-250;299-309;447-457
Q9NZG7,60,2,76,16,0.789,intermittent,1-60;127-142
P26842,172,1,172,0,1.000,contiguous,20-191
P31645,66,6,164,98,0.402,intermittent,113-115;187-252;298-324;381-421;484-494;559-574
P13385,119,0,0,0,,no_accepted_segment,
O14626,28,4,92,64,0.304,intermittent,1-21;70-89;154-181;246-268
P53801,64,1,64,0,1.000,contiguous,33-96
Q86SQ3,176,4,206,30,0.854,intermittent,16-191;245-250;321-336;406-413
Q9H9K5,462,1,462,0,1.000,contiguous,27-488
Q9BY79,489,1,489,0,1.000,contiguous,91-579
O00587,294,1,294,0,1.000,contiguous,28-321
Q8TAA9,19,2,32,13,0.594,intermittent,139-151;204-222
Q2HXU8,212,1,212,0,1.000,contiguous,65-276
Q14714,50,2,62,12,0.806,intermittent,75-86;144-193
Q9H6L5,69,2,84,15,0.821,intermittent,81-95;140-208
Q8NFL0,375,1,375,0,1.000,contiguous,27-401
Q96AM1,44,4,90,46,0.489,intermittent,1-44;105-123;182-198;264-273
O95047,37,4,95,58,0.389,intermittent,1-24;79-99;158-194;259-271
Q6IF42,37,4,95,58,0.389,intermittent,1-24;79-99;158-194;259-271
Q6UXK2,571,1,571,0,1.000,contiguous,19-589
P08183,49,6,111,62,0.441,intermittent,68-116;209-215;317-330;733-756;854-854;958-973
Q86SK9,2,2,3,1,0.667,intermittent,71-72;215-215
Q01638,310,1,310,0,1.000,contiguous,19-328
O94923,589,1,589,0,1.000,contiguous,29-617
Q9NZR2,4420,1,4420,0,1.000,contiguous,25-4444
Q96RI9,33,4,87,54,0.379,intermittent,1-33;91-105;171-196;281-293
Q9H2A7,176,1,176,0,1.000,contiguous,30-205
Q96FL8,19,7,84,65,0.226,intermittent,59-72;145-152;198-216;277-295;358-370;430-437;568-570
Q03395,138,2,158,20,0.873,intermittent,45-64;126-263
O43614,54,4,118,64,0.458,intermittent,1-54;111-127;192-222;327-342
Q8NGN5,37,4,96,59,0.385,intermittent,1-23;74-98;160-196;258-268
Q14626,347,1,347,0,1.000,contiguous,24-370
Q9BY14,196,0,0,0,,no_accepted_segment,
Q9BVG9,166,4,262,96,0.634,intermittent,84-96;148-313;357-376;425-487
Q5VUB5,282,1,282,0,1.000,contiguous,22-303
P22001,41,3,96,55,0.427,intermittent,254-294;349-362;418-458
P54219,96,6,143,47,0.671,intermittent,43-138;189-197;251-256;320-335;387-397;444-448
Q7LGC8,441,1,441,0,1.000,contiguous,39-479
Q8NGD2,37,4,94,57,0.394,intermittent,1-25;80-100;159-195;259-269
A6NI61,9,4,16,7,0.562,intermittent,1-3;56-64;111-113;175-175
Q6UY09,420,1,420,0,1.000,contiguous,31-450
Q9UBN1,77,2,106,29,0.726,intermittent,31-107;158-186
P16109,730,1,730,0,1.000,contiguous,42-771
O75077,506,1,506,0,1.000,contiguous,287-792
Q8NGM1,37,4,92,55,0.402,intermittent,1-23;79-99;158-194;258-268
Q14982,294,0,0,0,,no_accepted_segment,
O43561,4,1,4,0,1.000,contiguous,1-4
P26718,144,1,144,0,1.000,contiguous,73-216
P31995,181,1,181,0,1.000,contiguous,43-223
Q2T9K0,29,4,72,43,0.403,intermittent,1-29;83-88;157-179;281-294
Q8NGR3,38,4,98,60,0.388,intermittent,1-26;81-101;160-197;261-273
Q9Y5I3,668,1,668,0,1.000,contiguous,30-697
Q12891,427,0,0,0,,no_accepted_segment,
P02724,72,1,72,0,1.000,contiguous,20-91
P18825,48,4,88,40,0.545,intermittent,1-48;111-121;188-208;409-416
Q03405,282,0,0,0,,no_accepted_segment,
Q8NHY0,478,1,478,0,1.000,contiguous,89-566
P18084,696,1,696,0,1.000,contiguous,24-719
P20963,9,1,9,0,1.000,contiguous,22-30
Q9BTV4,261,2,263,2,0.992,intermittent,53-313;367-368
F2Z333,162,1,162,0,1.000,contiguous,21-182
Q9BXC1,27,4,88,61,0.307,intermittent,1-27;75-91;156-182;253-269
P09923,483,0,0,0,,no_accepted_segment,
P33681,208,1,208,0,1.000,contiguous,35-242
P43657,27,4,78,51,0.346,intermittent,1-19;80-92;155-181;254-272
Q9NPY3,557,1,557,0,1.000,contiguous,24-580
Q9Y666,119,4,181,62,0.657,intermittent,143-149;226-249;301-419;474-504
Q8NGF0,45,4,121,76,0.372,intermittent,1-45;96-119;180-215;278-293
Q8IUK5,408,1,408,0,1.000,contiguous,19-426
Q7Z2H8,32,6,107,75,0.299,intermittent,73-78;163-190;237-257;311-342;394-397;461-476
Q96RD2,36,4,102,66,0.353,intermittent,1-27;78-101;163-198;261-275
P20645,159,1,159,0,1.000,contiguous,27-185
Q12913,940,1,940,0,1.000,contiguous,36-975
Q08334,201,1,201,0,1.000,contiguous,20-220
Q14943,319,1,319,0,1.000,contiguous,22-340
Q14654,24,2,33,9,0.727,intermittent,93-116;134-142
Q8NGL6,53,4,122,69,0.434,intermittent,1-53;108-128;187-223;287-297
O76082,101,6,128,27,0.789,intermittent,42-142;194-197;254-257;363-373;428-430;484-488
Q9UM21,508,1,508,0,1.000,contiguous,28-535
Q8N5B7,46,1,46,0,1.000,contiguous,1-46
Q9UPR5,48,6,118,70,0.407,intermittent,21-68;153-164;220-222;741-747;792-822;876-892
Q9Y5H7,668,1,668,0,1.000,contiguous,29-696
P31639,58,8,164,106,0.354,intermittent,1-22;86-93;167-173;218-275;332-375;447-451;506-523;671-672
Q92729,731,1,731,0,1.000,contiguous,19-749
Q9BZD2,31,5,76,45,0.408,intermittent,75-105;156-162;221-230;327-337;399-415
Q8IXB3,3,1,3,0,1.000,contiguous,175-177
Q6PJG9,502,1,502,0,1.000,contiguous,17-518
Q9NRX6,30,1,30,0,1.000,contiguous,23-52
O95196,393,1,393,0,1.000,contiguous,31-423
Q96EP9,103,4,200,97,0.515,intermittent,1-103;162-197;255-267;313-360
P15151,323,1,323,0,1.000,contiguous,21-343
Q92673,2056,1,2056,0,1.000,contiguous,82-2137
Q9NUD9,72,5,197,125,0.365,intermittent,35-77;135-136;183-192;256-327;400-469
Q8TEM1,1782,1,1782,0,1.000,contiguous,27-1808
Q04844,219,3,247,28,0.887,intermittent,21-239;292-306;481-493
Q75V66,101,4,270,169,0.374,intermittent,321-380;484-511;579-679;754-834
Q9NXW2,111,1,111,0,1.000,contiguous,265-375
Q9Y385,15,1,15,0,1.000,contiguous,304-318
Q6PJW8,40,1,40,0,1.000,contiguous,686-725
Q15836,2,1,2,0,1.000,contiguous,99-100
Q9P0V8,211,1,211,0,1.000,contiguous,23-233
P51681,32,4,92,60,0.348,intermittent,1-30;90-102;167-198;261-277
P43631,224,1,224,0,1.000,contiguous,22-245
Q8NGU2,37,4,99,62,0.374,intermittent,1-24;75-99;161-197;259-271
P08908,38,4,74,36,0.514,intermittent,1-38;99-107;175-193;371-378
Q9UHC6,1235,1,1235,0,1.000,contiguous,28-1262
Q8NGS5,37,4,105,68,0.352,intermittent,1-25;76-99;161-197;259-277
Q14439,42,4,94,52,0.447,intermittent,1-42;104-118;182-207;289-299
Q9NYK1,813,1,813,0,1.000,contiguous,27-839
P25021,20,4,63,43,0.317,intermittent,1-20;76-91;157-174;260-268
Q8NG80,37,4,95,58,0.389,intermittent,1-24;79-99;158-194;259-271
P49961,441,1,441,0,1.000,contiguous,38-478
P09693,94,1,94,0,1.000,contiguous,23-116
P18507,236,3,251,15,0.940,intermittent,40-275;323-334;473-475
Q9HAS3,78,7,202,124,0.386,intermittent,124-128;195-197;248-284;385-386;470-507;528-566;614-691
Q9NRA2,47,6,100,53,0.470,intermittent,63-109;158-158;222-227;301-328;387-391;445-457
Q13018,1377,1,1377,0,1.000,contiguous,21-1397
Q8TD43,35,4,60,25,0.583,intermittent,804-814;885-886;952-963;985-1019
O94772,89,0,0,0,,no_accepted_segment,
Q9UKH3,542,1,542,0,1.000,contiguous,90-631
Q8NBZ7,380,1,380,0,1.000,contiguous,41-420
Q9Y5E8,664,1,664,0,1.000,contiguous,27-690
Q96K19,24,2,25,1,0.960,intermittent,1-24;223-223
Q8NGD1,37,4,94,57,0.394,intermittent,1-25;80-100;159-195;259-269
Q96J84,483,1,483,0,1.000,contiguous,17-499
Q9BXS9,50,4,117,67,0.427,intermittent,137-186;285-293;369-379;438-484
P28068,200,1,200,0,1.000,contiguous,19-218
P23634,37,5,108,71,0.343,intermittent,114-150;377-409;861-870;935-952;1016-1025
P54826,277,0,0,0,,no_accepted_segment,
P51787,16,4,37,21,0.432,intermittent,143-153;219-226;284-299;321-322
Q92953,20,4,53,33,0.377,intermittent,213-232;285-296;355-368;389-395
P01909,193,1,193,0,1.000,contiguous,24-216
P16471,210,1,210,0,1.000,contiguous,25-234
Q8IZU9,514,1,514,0,1.000,contiguous,22-535
Q53RT3,267,1,267,0,1.000,contiguous,77-343
Q9BYH1,930,1,930,0,1.000,contiguous,29-958
Q8IV45,10,1,10,0,1.000,contiguous,1-10
Q04912,933,1,933,0,1.000,contiguous,25-957
Q96IQ7,220,1,220,0,1.000,contiguous,24-243
Q8IXE1,37,4,94,57,0.394,intermittent,1-25;80-100;159-195;259-269
O75712,38,2,73,35,0.521,intermittent,41-75;150-187
Q86SJ2,359,1,359,0,1.000,contiguous,40-398
Q8NHB8,36,4,98,62,0.367,intermittent,1-25;76-99;161-196;259-271
Q9BZR6,420,0,0,0,,no_accepted_segment,
Q86WK6,345,1,345,0,1.000,contiguous,28-372
Q8TAF8,54,2,83,29,0.651,intermittent,46-99;150-178
A6ND48,27,4,76,49,0.355,intermittent,1-26;77-92;163-189;263-269
P41146,48,4,101,53,0.475,intermittent,1-48;110-124;189-211;286-300
Q15842,32,2,41,9,0.780,intermittent,95-126;146-154
Q96R27,37,4,96,59,0.385,intermittent,1-25;80-100;159-195;260-272
P26006,959,1,959,0,1.000,contiguous,33-991
Q9NZP2,37,4,97,60,0.381,intermittent,1-23;74-97;159-195;257-269
Q8NFF2,59,6,97,38,0.608,intermittent,39-97;164-172;222-224;479-479;548-557;608-622
Q8IZK6,202,4,230,28,0.878,intermittent,87-288;368-376;441-448;470-480
P09958,608,1,608,0,1.000,contiguous,108-715
Q9Y5G4,664,1,664,0,1.000,contiguous,29-692
Q86SR1,572,1,572,0,1.000,contiguous,32-603
O14581,37,4,99,62,0.374,intermittent,1-25;76-99;161-197;259-271
Q9HA72,47,2,56,9,0.839,intermittent,44-52;133-179
O75056,387,1,387,0,1.000,contiguous,1-387
Q9GZK6,37,4,97,60,0.381,intermittent,1-26;81-101;160-196;261-273
Q8N4S9,16,3,28,12,0.571,intermittent,216-223;276-291;338-341
P10721,499,1,499,0,1.000,contiguous,26-524
Q6UXZ4,347,1,347,0,1.000,contiguous,33-379
Q6UY18,505,1,505,0,1.000,contiguous,29-533
Q9ULH0,5,2,9,4,0.556,intermittent,521-524;681-685
Q9HCF6,55,3,66,11,0.833,intermittent,919-925;986-989;1057-1111
Q9UHX3,517,4,554,37,0.933,intermittent,24-540;591-605;666-683;757-760
Q00765,2,2,4,2,0.500,intermittent,52-53;104-105
P55286,560,1,560,0,1.000,contiguous,62-621
Q9UN75,668,1,668,0,1.000,contiguous,30-697
Q30154,198,1,198,0,1.000,contiguous,30-227
Q8N2K1,12,1,12,0,1.000,contiguous,248-259
P59533,27,4,66,39,0.409,intermittent,1-17;77-94;164-190;273-276
Q96G23,40,1,40,0,1.000,contiguous,1-40
O75908,20,5,71,51,0.282,intermittent,143-162;221-228;327-343;443-448;503-522
Q8TCP9,513,1,513,0,1.000,contiguous,1-513
P56975,360,1,360,0,1.000,contiguous,1-360
P08173,31,4,84,53,0.369,intermittent,1-31;90-106;172-193;423-436
Q96PG2,29,2,38,9,0.763,intermittent,83-91;143-171
Q99720,9,1,9,0,1.000,contiguous,1-9
O43194,45,4,117,72,0.385,intermittent,1-34;90-109;173-217;306-323
P53816,8,1,8,0,1.000,contiguous,155-162
Q8N5C1,45,2,53,8,0.849,intermittent,38-45;130-174
Q53FV1,27,1,27,0,1.000,contiguous,127-153
Q9Y487,74,4,140,66,0.529,intermittent,413-414;476-549;609-651;765-785
Q9UIG8,101,6,234,133,0.432,intermittent,61-79;132-174;244-261;367-386;439-539;598-630
O94905,315,1,315,0,1.000,contiguous,25-339
Q6NW40,367,0,0,0,,no_accepted_segment,
Q8NGI2,36,4,103,67,0.350,intermittent,1-27;78-101;163-198;261-276
Q9BVA6,414,1,414,0,1.000,contiguous,45-458
Q5R3K3,42,2,51,9,0.824,intermittent,38-46;128-169
P58550,16,1,16,0,1.000,contiguous,19-34
Q8NGB4,37,4,92,55,0.402,intermittent,1-23;78-98;157-193;257-267
Q9NNX6,346,1,346,0,1.000,contiguous,59-404
Q8TED1,169,1,169,0,1.000,contiguous,41-209
Q8NH73,37,4,92,55,0.402,intermittent,1-23;78-98;157-193;257-267
Q5JQS5,37,4,100,63,0.370,intermittent,1-29;84-104;163-199;264-276
Q9Y644,302,1,302,0,1.000,contiguous,30-331
Q9Y661,397,1,397,0,1.000,contiguous,60-456
O95857,74,2,78,4,0.949,intermittent,41-44;94-167
O95490,826,4,853,27,0.968,intermittent,26-851;902-907;974-990;1059-1062
Q9NPH3,347,1,347,0,1.000,contiguous,21-367
P20273,668,1,668,0,1.000,contiguous,20-687
Q09327,510,1,510,0,1.000,contiguous,24-533
Q7Z3F1,38,9,131,93,0.290,intermittent,1-38;101-104;155-167;235-243;295-315;368-381;436-438;502-520;682-691
Q8NGD5,37,4,94,57,0.394,intermittent,1-25;81-101;160-196;260-270
P34982,38,4,96,58,0.396,intermittent,1-25;80-100;159-196;260-271
P47888,38,4,106,68,0.358,intermittent,1-34;89-109;168-205;269-281
Q8TD20,100,6,147,47,0.680,intermittent,66-80;137-137;194-197;300-317;367-466;520-528
Q96KJ4,603,1,603,0,1.000,contiguous,36-638
Q8NH50,37,4,99,62,0.374,intermittent,1-25;76-99;161-197;259-271
Q96LC7,534,1,534,0,1.000,contiguous,17-550
Q7Z443,674,6,935,261,0.721,intermittent,24-697;927-939;1176-1198;1301-1461;1520-1550;1615-1647
Q8IWV2,981,0,0,0,,no_accepted_segment,
Q9NPF0,194,1,194,0,1.000,contiguous,36-229
O43497,136,12,428,292,0.318,intermittent,102-119;171-175;235-370;765-777;825-832;889-939;1296-1313;1365-1378;1435-1511;1632-1645;1694-1707;1767-1826
Q92932,594,1,594,0,1.000,contiguous,22-615
P08571,325,0,0,0,,no_accepted_segment,
Q9BYW1,29,6,76,47,0.382,intermittent,33-61;119-128;179-187;295-311;360-364;430-435
P08887,346,1,346,0,1.000,contiguous,20-365
Q8NGR2,62,4,134,72,0.463,intermittent,1-62;117-137;196-233;297-309
Q8NGL0,36,4,98,62,0.367,intermittent,1-25;76-99;161-196;259-271
P30556,25,4,69,44,0.362,intermittent,1-25;90-98;166-190;269-278
P56880,53,2,74,21,0.716,intermittent,29-81;140-160
P59646,18,1,18,0,1.000,contiguous,21-38
O60741,26,4,64,38,0.406,intermittent,165-173;237-260;319-344;367-371
Q8NGV0,36,4,95,59,0.379,intermittent,1-25;80-100;159-194;259-271
Q969V1,39,4,93,54,0.419,intermittent,1-39;91-104;176-200;274-288
P21145,11,2,18,7,0.611,intermittent,47-53;115-125
Q13224,529,2,701,172,0.755,intermittent,27-555;648-819
P29317,514,1,514,0,1.000,contiguous,24-537
Q9GZX3,369,1,369,0,1.000,contiguous,27-395
Q9BZ11,672,1,672,0,1.000,contiguous,30-701
P51674,65,2,106,41,0.613,intermittent,44-84;149-213
Q9NYW2,32,4,56,24,0.571,intermittent,1-7;72-82;153-184;261-266
O15455,681,1,681,0,1.000,contiguous,24-704
Q04721,1652,1,1652,0,1.000,contiguous,26-1677
A6NHG9,31,4,90,59,0.344,intermittent,1-28;78-98;165-195;262-271
Q6IF99,37,4,99,62,0.374,intermittent,1-25;76-99;161-197;259-271
P48039,29,4,84,55,0.345,intermittent,1-29;85-102;164-187;262-274
Q9ULK6,174,1,174,0,1.000,contiguous,35-208
Q16585,232,1,232,0,1.000,contiguous,87-318
Q7LBE3,30,8,97,67,0.309,intermittent,97-99;143-171;225-235;245-254;298-327;383-390;424-428;477-477
P14672,36,6,87,51,0.414,intermittent,46-81;133-142;193-201;309-323;375-384;439-445
O14843,25,4,79,54,0.316,intermittent,1-19;69-88;154-178;244-258
Q8NE79,48,2,49,1,0.980,intermittent,1-48;92-92
Q9NUN5,57,5,157,100,0.363,intermittent,1-10;72-100;166-188;327-364;430-486
Q7Z6L0,2,1,2,0,1.000,contiguous,339-340
Q9Y6N7,872,1,872,0,1.000,contiguous,26-897
A3KFT3,37,4,96,59,0.385,intermittent,1-25;80-100;159-195;260-272
Q8NGQ5,37,4,99,62,0.374,intermittent,1-25;76-99;161-197;258-270
O60245,851,1,851,0,1.000,contiguous,29-879
P25090,29,4,74,45,0.392,intermittent,1-27;87-94;164-192;269-278
Q9H295,91,3,156,65,0.583,intermittent,56-57;119-209;314-376
Q9NSC7,565,1,565,0,1.000,contiguous,36-600
Q96MS0,871,1,871,0,1.000,contiguous,21-891
P24530,75,4,127,52,0.591,intermittent,27-101;164-175;244-271;351-362
Q9H2S6,267,1,267,0,1.000,contiguous,51-317
O14817,95,2,116,21,0.819,intermittent,35-55;107-201
Q12884,735,1,735,0,1.000,contiguous,26-760
Q14500,25,2,34,9,0.735,intermittent,105-129;147-155
Q07065,475,1,475,0,1.000,contiguous,128-602
P11229,22,4,61,39,0.361,intermittent,1-22;85-95;165-185;391-397
Q14832,554,4,600,46,0.923,intermittent,23-576;635-645;710-734;793-802
Q9BSN7,77,2,90,13,0.856,intermittent,27-103;158-170
Q8NHA6,36,4,97,61,0.371,intermittent,1-31;85-103;167-202;267-277
Q9C0E8,11,1,11,0,1.000,contiguous,67-77
Q9NQZ7,497,1,497,0,1.000,contiguous,50-546
P42261,518,2,693,175,0.747,intermittent,19-536;631-805
O43603,28,4,73,45,0.384,intermittent,1-28;82-99;163-187;259-260
Q9Y5U5,137,1,137,0,1.000,contiguous,26-162
Q9NT99,541,1,541,0,1.000,contiguous,36-576
Q8NGB9,37,4,94,57,0.394,intermittent,1-25;80-100;159-195;259-269
Q96K49,172,4,222,50,0.775,intermittent,43-214;269-299;344-350;418-429
P53708,974,1,974,0,1.000,contiguous,39-1012
Q8IZP9,590,4,628,38,0.939,intermittent,38-627;689-693;759-789;856-857
Q9NW15,79,4,122,43,0.648,intermittent,229-240;338-352;422-500;575-590
Q9H2H9,38,6,106,68,0.358,intermittent,98-112;169-188;238-275;334-350;415-416;474-487
Q7Z3Q1,48,6,89,41,0.539,intermittent,26-73;125-133;192-197;283-294;346-347;404-415
Q8TDU9,43,4,105,62,0.410,intermittent,1-43;100-116;176-209;271-281
P47871,111,4,168,57,0.661,intermittent,26-136;199-225;286-303;370-381
Q8IXU6,15,5,49,34,0.306,intermittent,60-72;126-135;186-194;248-262;312-313
Q8NGS7,37,4,105,68,0.352,intermittent,1-25;76-99;161-197;259-277
Q8NGG2,64,4,137,73,0.467,intermittent,1-64;115-138;200-235;298-310
Q5VZ72,154,1,154,0,1.000,contiguous,21-174
Q96DU3,205,1,205,0,1.000,contiguous,22-226
Q695T7,88,6,212,124,0.415,intermittent,63-67;142-192;243-268;326-413;478-490;553-581
O94966,6,1,6,0,1.000,contiguous,1313-1318
Q9UP38,250,4,344,94,0.727,intermittent,73-322;376-402;467-489;558-601
Q9Y653,376,4,414,38,0.908,intermittent,26-401;461-465;534-562;625-628
O14494,49,3,84,35,0.583,intermittent,28-53;116-164;221-229
O14944,60,1,60,0,1.000,contiguous,60-119
P78380,216,1,216,0,1.000,contiguous,58-273
Q96PJ5,368,1,368,0,1.000,contiguous,20-387
Q5J8M3,35,2,46,11,0.761,intermittent,88-98;149-183
Q9NYV8,34,4,60,26,0.567,intermittent,1-7;77-87;151-184;254-261
O75096,1705,1,1705,0,1.000,contiguous,21-1725
P57679,25,1,25,0,1.000,contiguous,1-25
Q5SGD2,25,1,25,0,1.000,contiguous,1-25
Q9Y585,37,4,95,58,0.389,intermittent,1-25;80-100;159-195;259-270
A6NJW9,152,1,152,0,1.000,contiguous,19-170
Q6IEE7,868,1,868,0,1.000,contiguous,26-893
Q8NHC4,36,4,98,62,0.367,intermittent,1-25;76-99;161-196;258-270
Q8NGY0,41,4,112,71,0.366,intermittent,1-41;92-115;177-213;275-284
O95274,295,0,0,0,,no_accepted_segment,
P51654,195,0,0,0,,no_accepted_segment,
Q9H400,6,1,6,0,1.000,contiguous,1-6
A6NI73,227,1,227,0,1.000,contiguous,42-268
P98155,770,1,770,0,1.000,contiguous,28-797
P42081,224,1,224,0,1.000,contiguous,24-247
O95562,6,2,10,4,0.600,intermittent,58-63;120-123
P21554,116,4,158,42,0.734,intermittent,1-116;176-187;256-273;366-377
Q9H1V8,105,6,229,124,0.459,intermittent,91-95;169-222;275-300;356-460;512-527;595-617
Q9H346,36,4,104,68,0.346,intermittent,1-28;79-102;164-199;262-277
Q9Y5H2,664,1,664,0,1.000,contiguous,30-693
Q13607,40,4,96,56,0.417,intermittent,1-24;80-100;161-200;262-272
P15509,298,1,298,0,1.000,contiguous,23-320
Q99665,599,1,599,0,1.000,contiguous,24-622
Q8N6Q3,386,0,0,0,,no_accepted_segment,
Q92959,103,6,238,135,0.433,intermittent,53-71;124-167;237-254;344-363;416-518;577-610
Q16820,630,1,630,0,1.000,contiguous,23-652
Q8IZF0,70,16,269,199,0.260,intermittent,58-65;130-137;200-269;290-294;404-416;469-472;531-543;564-569;907-915;973-980;1040-1104;1125-1129;1228-1236;1294-1296;1358-1378;1399-1420
P04839,45,3,88,43,0.511,intermittent,37-46;131-163;223-267
Q8NGD3,37,4,94,57,0.394,intermittent,1-25;80-100;159-195;259-269
Q6ZNR0,97,2,109,12,0.890,intermittent,1-97;161-172
P28336,41,4,105,64,0.390,intermittent,1-41;100-117;178-211;288-299
O71037,543,1,543,0,1.000,contiguous,90-632
O60704,352,1,352,0,1.000,contiguous,26-377
Q9BZJ7,27,4,74,47,0.365,intermittent,1-18;75-91;151-177;261-272
Q15035,32,4,72,40,0.444,intermittent,44-75;141-159;210-214;272-287
Q8N5M9,20,2,31,11,0.645,intermittent,61-71;118-137
Q8NGT1,35,4,77,42,0.455,intermittent,1-20;87-97;165-199;260-270
Q9P0T7,69,1,69,0,1.000,contiguous,21-89
P19075,96,2,120,24,0.800,intermittent,34-57;110-205
Q9NQS3,347,1,347,0,1.000,contiguous,58-404
Q8NDX2,33,6,81,48,0.407,intermittent,98-130;175-182;243-249;336-353;412-413;469-481
Q9NYQ7,2508,4,2540,32,0.987,intermittent,33-2540;2594-2601;2665-2681;2747-2753
P24390,10,4,26,16,0.385,intermittent,1-4;53-58;111-116;169-178
Q86UP0,597,1,597,0,1.000,contiguous,45-641
Q8NH51,37,4,99,62,0.374,intermittent,1-25;76-99;161-197;258-270
Q8NH41,37,4,94,57,0.394,intermittent,1-25;80-100;159-195;259-269
Q96N19,33,4,86,53,0.384,intermittent,1-31;82-89;162-175;242-274
Q8NF37,456,1,456,0,1.000,contiguous,79-534
Q99788,48,4,124,76,0.387,intermittent,1-41;98-114;177-224;283-300
Q9H5I5,248,19,642,394,0.386,intermittent,25-30;77-122;238-240;288-335;515-519;563-583;700-705;754-785;957-962;1002-1057;1139-1140;1186-1222;1311-1316;1365-1413;1937-1943;1984-2016;2210-2231;2281-2289;2422-2669
Q9H2J7,96,2,159,63,0.604,intermittent,163-225;357-452
Q07837,577,1,577,0,1.000,contiguous,109-685
O60831,3,2,5,2,0.600,intermittent,63-64;120-122
P07333,498,1,498,0,1.000,contiguous,20-517
Q6UX82,195,0,0,0,,no_accepted_segment,
P41143,47,4,94,47,0.500,intermittent,1-47;111-122;187-206;285-299
P18827,232,1,232,0,1.000,contiguous,23-254
O60423,27,5,77,50,0.351,intermittent,172-177;404-430;1017-1028;1101-1112;1163-1182
Q96CH1,30,4,93,63,0.323,intermittent,1-30;87-102;168-189;255-279
Q8NBV8,34,1,34,0,1.000,contiguous,1-34
O43424,543,2,720,177,0.754,intermittent,24-566;654-830
Q8NH48,42,4,102,60,0.412,intermittent,1-23;74-97;153-194;257-269
P20916,497,1,497,0,1.000,contiguous,20-516
Q9Y624,211,1,211,0,1.000,contiguous,28-238
Q9Y672,90,6,208,118,0.433,intermittent,25-114;165-172;248-297;345-361;409-437;494-507
Q9Y5E1,664,1,664,0,1.000,contiguous,27-690
Q8NHK3,217,1,217,0,1.000,contiguous,22-238
Q96CC6,223,4,261,38,0.854,intermittent,433-655;713-714;768-772;825-855
O43291,170,1,170,0,1.000,contiguous,28-197
O43688,54,3,89,35,0.607,intermittent,26-51;109-162;218-226
Q16706,1118,1,1118,0,1.000,contiguous,27-1144
Q96F25,3,1,3,0,1.000,contiguous,1-3
Q9Y4D2,17,2,31,14,0.548,intermittent,44-60;123-136
Q03167,767,1,767,0,1.000,contiguous,21-787
Q86UE4,48,1,48,0,1.000,contiguous,1-48
Q9BY10,34,6,82,48,0.415,intermittent,45-78;130-138;194-205;304-320;369-370;428-435
Q9UIW2,1218,1,1218,0,1.000,contiguous,27-1244
Q9Y231,327,1,327,0,1.000,contiguous,33-359
Q9H0R3,55,2,56,1,0.982,intermittent,1-55;186-186
Q8WXA8,221,3,226,5,0.978,intermittent,28-248;304-306;446-447
P13987,76,0,0,0,,no_accepted_segment,
Q9UN73,668,1,668,0,1.000,contiguous,30-697
Q70JA7,854,1,854,0,1.000,contiguous,29-882
Q96QU1,1350,1,1350,0,1.000,contiguous,27-1376
Q96LD1,241,1,241,0,1.000,contiguous,59-299
P40197,507,1,507,0,1.000,contiguous,17-523
Q495T6,731,1,731,0,1.000,contiguous,49-779
Q8WUX1,44,6,112,68,0.393,intermittent,72-87;147-166;214-257;317-334;398-399;461-472
Q9P2E5,743,1,743,0,1.000,contiguous,30-772
Q96NI6,512,1,512,0,1.000,contiguous,18-529
Q13651,214,1,214,0,1.000,contiguous,22-235
Q15262,726,1,726,0,1.000,contiguous,27-752
Q6NT55,22,1,22,0,1.000,contiguous,1-22
Q12866,485,1,485,0,1.000,contiguous,21-505
Q8NH05,37,4,94,57,0.394,intermittent,1-25;81-101;160-196;260-270
P47884,38,4,95,57,0.400,intermittent,1-25;80-100;159-196;261-271
Q08ET2,342,1,342,0,1.000,contiguous,17-358
P07307,232,1,232,0,1.000,contiguous,80-311
O43895,627,0,0,0,,no_accepted_segment,
P42701,522,1,522,0,1.000,contiguous,24-545
Q96AJ9,4,1,4,0,1.000,contiguous,214-217
Q86XT9,166,1,166,0,1.000,contiguous,39-204
Q9NWW9,8,1,8,0,1.000,contiguous,155-162
Q15223,325,1,325,0,1.000,contiguous,31-355
O43193,68,4,135,67,0.504,intermittent,1-35;95-112;179-246;321-334
Q15375,528,1,528,0,1.000,contiguous,28-555
P52799,202,1,202,0,1.000,contiguous,28-229
Q9UBY5,31,4,78,47,0.397,intermittent,1-31;89-101;168-186;262-276
Q9HBL7,52,2,100,48,0.520,intermittent,1-52;100-147
Q8IXA5,131,1,131,0,1.000,contiguous,85-215
Q9H207,37,4,100,63,0.370,intermittent,1-26;77-100;162-198;260-272
Q9UKP6,54,4,101,47,0.535,intermittent,1-54;114-124;187-209;285-297
Q9Y5N1,39,4,90,51,0.433,intermittent,1-39;92-108;178-196;381-395
Q6ZPB5,40,2,71,31,0.563,intermittent,27-66;116-146
Q9BTN0,523,1,523,0,1.000,contiguous,17-539
Q9UH99,484,1,484,0,1.000,contiguous,234-717
P61803,1,1,1,0,1.000,contiguous,52-52
P32004,1101,1,1101,0,1.000,contiguous,20-1120
Q15620,37,4,99,62,0.374,intermittent,1-25;76-99;161-197;259-271
Q6ISU1,123,1,123,0,1.000,contiguous,24-146
O14798,210,0,0,0,,no_accepted_segment,
Q9NYW5,20,4,54,34,0.370,intermittent,1-9;68-81;153-172;252-262
Q86W47,127,1,127,0,1.000,contiguous,41-167
Q8NGZ0,37,4,96,59,0.385,intermittent,1-25;80-100;159-195;260-272
Q8NGL7,37,4,92,55,0.402,intermittent,1-23;78-98;157-193;257-267
P21754,365,1,365,0,1.000,contiguous,23-387
O60476,584,1,584,0,1.000,contiguous,58-641
Q96R48,38,4,97,59,0.392,intermittent,1-24;79-100;159-196;260-272
P41597,42,4,101,59,0.416,intermittent,1-42;101-114;179-206;269-285
Q86TY3,687,1,687,0,1.000,contiguous,28-714
Q8TAD4,20,8,79,59,0.253,intermittent,54-56;120-120;174-193;260-267;325-342;440-448;505-520;614-617
Q8NGU1,35,4,84,49,0.417,intermittent,1-24;86-99;162-196;261-271
Q9GZU1,212,4,245,33,0.865,intermittent,87-298;372-382;449-456;478-491
Q6ZN44,281,1,281,0,1.000,contiguous,26-306
P48051,24,2,33,9,0.727,intermittent,115-138;158-166
Q9BY07,114,6,173,59,0.659,intermittent,545-555;629-742;796-828;884-888;949-953;1035-1039
Q6IEZ7,37,4,100,63,0.370,intermittent,1-29;84-104;163-199;264-276
P15907,380,1,380,0,1.000,contiguous,27-406
Q8WZ55,6,1,6,0,1.000,contiguous,27-32
O94779,1053,0,0,0,,no_accepted_segment,
Q969M2,39,2,62,23,0.629,intermittent,38-76;187-209
P30559,35,4,78,43,0.449,intermittent,1-35;103-108;175-199;297-308
Q8WWF5,223,1,223,0,1.000,contiguous,28-250
Q8NHC5,42,4,102,60,0.412,intermittent,1-23;74-97;153-194;256-268
P60201,56,2,83,27,0.675,intermittent,37-63;178-233
Q9UBM8,434,1,434,0,1.000,contiguous,45-478
Q13634,555,1,555,0,1.000,contiguous,54-608
Q8TDX6,497,1,497,0,1.000,contiguous,36-532
Q8NGG6,37,4,98,61,0.378,intermittent,1-24;75-98;160-196;258-270
Q8NB49,35,5,85,50,0.412,intermittent,86-86;312-346;901-908;977-995;1048-1069
P13945,39,4,78,39,0.500,intermittent,1-39;101-108;175-202;319-321
P32247,41,4,115,74,0.357,intermittent,1-41;104-121;185-220;294-313
Q9Y5H6,668,1,668,0,1.000,contiguous,30-697
Q9H1C0,30,4,92,62,0.326,intermittent,1-26;77-96;158-187;261-276
Q8NHE4,25,2,32,7,0.781,intermittent,1-7;57-81
O14525,900,2,1032,132,0.872,intermittent,22-153;403-1302
Q9P0S3,2,1,2,0,1.000,contiguous,122-123
P41145,57,4,111,54,0.514,intermittent,1-57;120-132;197-222;297-311
Q8IU68,65,4,166,101,0.392,intermittent,136-200;321-338;448-488;553-594
Q8N349,37,4,95,58,0.389,intermittent,1-24;79-99;158-194;259-271
Q8NBL3,154,2,182,28,0.846,intermittent,26-179;230-257
P11836,47,2,53,6,0.887,intermittent,79-84;142-188
O00445,24,1,24,0,1.000,contiguous,1-24
Q9H3W5,606,1,606,0,1.000,contiguous,23-628
P13612,943,1,943,0,1.000,contiguous,35-977
Q9UKJ0,172,1,172,0,1.000,contiguous,20-191
B2RN74,44,4,107,63,0.411,intermittent,1-44;94-112;180-216;281-287
Q8NGC3,37,4,101,64,0.366,intermittent,1-29;81-104;166-202;264-274
Q9NS84,452,1,452,0,1.000,contiguous,35-486
O43613,46,4,106,60,0.434,intermittent,1-46;106-119;183-213;322-336
Q99437,18,3,38,20,0.474,intermittent,1-3;73-90;159-175
Q86Y22,484,1,484,0,1.000,contiguous,57-540
Q8NH49,37,4,92,55,0.402,intermittent,1-23;78-98;157-193;257-267
Q3V5L5,747,1,747,0,1.000,contiguous,46-792
P21728,29,4,74,45,0.392,intermittent,1-23;88-96;164-192;300-312
A0PJX4,77,1,77,0,1.000,contiguous,22-98
P0C7U0,391,1,391,0,1.000,contiguous,28-418
Q6UWV2,127,1,127,0,1.000,contiguous,32-158
Q99075,141,1,141,0,1.000,contiguous,20-160
Q05901,216,1,216,0,1.000,contiguous,22-237
B8ZZ34,100,1,100,0,1.000,contiguous,39-138
Q8NBW4,58,5,115,57,0.504,intermittent,141-146;226-283;335-356;416-437;501-507
P16871,219,1,219,0,1.000,contiguous,21-239
P43115,53,4,122,69,0.434,intermittent,1-53;113-131;198-227;308-327
Q9P2E7,697,1,697,0,1.000,contiguous,19-715
Q7L5N7,466,1,466,0,1.000,contiguous,79-544
Q6UWI4,77,1,77,0,1.000,contiguous,34-110
P56817,436,1,436,0,1.000,contiguous,22-457
Q96JQ0,2898,1,2898,0,1.000,contiguous,43-2940
Q4U2R8,105,6,139,34,0.755,intermittent,31-135;188-190;246-248;359-368;417-425;476-484
O95976,126,1,126,0,1.000,contiguous,28-153
Q9P296,38,4,101,63,0.376,intermittent,1-38;96-114;173-202;261-274
Q8WWB7,337,1,337,0,1.000,contiguous,36-372
P08581,908,1,908,0,1.000,contiguous,25-932
Q7L5L3,175,1,175,0,1.000,contiguous,24-198
P51993,325,1,325,0,1.000,contiguous,35-359
Q13003,532,2,695,163,0.765,intermittent,32-563;658-820
Q8NDV1,277,1,277,0,1.000,contiguous,29-305
Q6UX72,375,1,375,0,1.000,contiguous,28-402
Q9ULB4,562,1,562,0,1.000,contiguous,54-615
O60469,1578,1,1578,0,1.000,contiguous,18-1595
O95838,173,4,229,56,0.755,intermittent,1-173;236-261;322-339;406-417
P40259,131,1,131,0,1.000,contiguous,29-159
Q685J3,4368,1,4368,0,1.000,contiguous,26-4393
Q8WXI7,14451,1,14451,0,1.000,contiguous,1-14451
Q9UPX6,4,1,4,0,1.000,contiguous,913-916
P05026,241,1,241,0,1.000,contiguous,63-303
Q9BVC6,50,2,79,29,0.633,intermittent,34-83;157-185
B4DJY2,4,1,4,0,1.000,contiguous,106-109
O43916,388,1,388,0,1.000,contiguous,24-411
Q8NGD4,37,4,94,57,0.394,intermittent,1-25;80-100;159-195;259-269
Q16720,37,5,108,71,0.343,intermittent,119-155;385-417;870-879;944-961;1025-1034
Q9H6X4,11,1,11,0,1.000,contiguous,144-154
P13726,219,1,219,0,1.000,contiguous,33-251
Q6IFN5,43,4,117,74,0.368,intermittent,1-43;94-117;179-215;277-289
P78324,343,1,343,0,1.000,contiguous,31-373
Q15391,29,4,100,71,0.290,intermittent,1-29;77-96;161-188;256-278
Q96S06,179,3,305,126,0.587,intermittent,73-127;222-292;389-567
A0FGR8,3,1,3,0,1.000,contiguous,125-127
A8MVS5,98,1,98,0,1.000,contiguous,20-117
P29371,84,4,140,56,0.600,intermittent,1-84;140-159;223-245;322-334
P62079,119,2,142,23,0.838,intermittent,39-61;114-232
P19021,833,1,833,0,1.000,contiguous,31-863
Q96GC9,120,4,166,46,0.723,intermittent,65-77;131-250;295-305;385-406
Q13467,212,4,289,77,0.734,intermittent,27-238;292-315;380-402;471-500
Q8NH04,37,4,79,42,0.468,intermittent,1-22;84-97;161-197;266-271
P32418,39,6,80,41,0.487,intermittent,36-74;158-170;226-231;822-824;896-906;966-973
Q8NG75,37,4,110,73,0.336,intermittent,1-37;88-111;173-208;271-283
Q6ZQN7,109,6,224,115,0.487,intermittent,127-145;198-223;296-311;400-419;472-580;639-672
Q8NGQ2,37,4,103,66,0.359,intermittent,1-27;78-103;165-201;263-275
O60449,1639,1,1639,0,1.000,contiguous,28-1666
Q8NGW6,53,4,126,73,0.421,intermittent,1-53;104-127;189-224;286-298
P19526,340,1,340,0,1.000,contiguous,26-365
Q9H1C3,325,1,325,0,1.000,contiguous,25-349
Q8NGH5,36,4,107,71,0.336,intermittent,1-32;83-106;168-203;266-280
Q9Y4C5,455,1,455,0,1.000,contiguous,76-530
Q6RW13,23,2,33,10,0.697,intermittent,1-23;77-86
P00533,621,1,621,0,1.000,contiguous,25-645
Q06136,2,1,2,0,1.000,contiguous,292-293
P54756,549,1,549,0,1.000,contiguous,25-573
O43653,71,0,0,0,,no_accepted_segment,
P12319,180,1,180,0,1.000,contiguous,26-205
P34998,90,4,126,36,0.714,intermittent,24-113;177-185;250-267;330-338
P11279,354,1,354,0,1.000,contiguous,29-382
O15155,3,1,3,0,1.000,contiguous,116-118
Q9Y5F7,663,1,663,0,1.000,contiguous,30-692
P28472,221,3,236,15,0.936,intermittent,26-246;293-304;471-473
Q5T292,19,1,19,0,1.000,contiguous,20-38
O75841,122,2,146,24,0.836,intermittent,37-60;108-229
Q5QGT7,6,1,6,0,1.000,contiguous,220-225
Q9BRK3,322,1,322,0,1.000,contiguous,20-341
P31785,240,1,240,0,1.000,contiguous,23-262
Q99650,713,1,713,0,1.000,contiguous,28-740
P43220,116,4,170,54,0.682,intermittent,24-139;202-227;291-305;371-383
Q9P2S2,1608,1,1608,0,1.000,contiguous,29-1636
Q14773,210,1,210,0,1.000,contiguous,31-240
Q8NH06,51,4,117,66,0.436,intermittent,1-39;93-111;159-209;279-286
Q6ZMB0,353,1,353,0,1.000,contiguous,32-384
O14523,9,1,9,0,1.000,contiguous,1-9
Q6IA17,118,1,118,0,1.000,contiguous,1-118
P09848,1863,1,1863,0,1.000,contiguous,20-1882
O15031,1178,1,1178,0,1.000,contiguous,20-1197
P13164,18,1,18,0,1.000,contiguous,108-125
P47898,36,4,71,35,0.507,intermittent,1-36;104-114;177-198;313-314
P56373,279,1,279,0,1.000,contiguous,44-322
Q8IV01,18,1,18,0,1.000,contiguous,1-18
Q6NUT2,66,4,146,80,0.452,intermittent,129-194;318-343;393-422;510-533
Q8N138,4,1,4,0,1.000,contiguous,118-121
A6NCV1,33,4,78,45,0.423,intermittent,1-23;85-95;162-194;259-269
P43489,186,1,186,0,1.000,contiguous,29-214
A6NC51,23,3,43,20,0.535,intermittent,29-51;106-116;177-185
Q6ZVE7,11,2,12,1,0.917,intermittent,31-31;90-100
Q96F05,380,1,380,0,1.000,contiguous,21-400
Q9H598,51,5,108,57,0.472,intermittent,154-204;287-305;363-383;460-461;511-525
P55899,274,1,274,0,1.000,contiguous,24-297
P01911,198,1,198,0,1.000,contiguous,30-227
Q9HAV5,138,1,138,0,1.000,contiguous,1-138
Q6U736,33,4,87,54,0.379,intermittent,1-33;96-108;172-197;274-288
Q15743,16,4,39,23,0.410,intermittent,1-12;85-89;161-176;255-260
P40238,466,1,466,0,1.000,contiguous,26-491
Q8WUT4,661,1,661,0,1.000,contiguous,19-679
Q9UJ37,346,1,346,0,1.000,contiguous,29-374
Q13641,324,1,324,0,1.000,contiguous,32-355
Q86XX4,3875,1,3875,0,1.000,contiguous,27-3901
Q12907,278,1,278,0,1.000,contiguous,45-322
Q07444,147,1,147,0,1.000,contiguous,94-240
Q9BQ51,201,1,201,0,1.000,contiguous,20-220
P33947,10,4,26,16,0.385,intermittent,1-4;53-58;111-116;169-178
Q8TDY8,933,1,933,0,1.000,contiguous,25-957
P78423,317,1,317,0,1.000,contiguous,25-341
Q16563,62,2,103,41,0.602,intermittent,55-116;172-212
Q9NY25,161,1,161,0,1.000,contiguous,28-188
Q8NGQ4,38,4,104,66,0.365,intermittent,1-29;80-103;165-202;264-276
Q6NUJ2,38,1,38,0,1.000,contiguous,24-61
P05023,47,5,86,39,0.547,intermittent,117-127;313-318;796-803;871-917;971-984
P20138,242,1,242,0,1.000,contiguous,18-259
Q8NGF9,37,4,86,49,0.430,intermittent,1-17;72-92;151-187;251-261
Q9BZZ2,1622,1,1622,0,1.000,contiguous,20-1641
P08842,349,2,512,163,0.682,intermittent,22-184;235-583
Q9NYM4,54,4,112,58,0.482,intermittent,18-71;130-145;209-238;316-327
P82251,28,5,72,44,0.389,intermittent,56-62;138-147;194-217;275-302;432-434
Q14953,224,1,224,0,1.000,contiguous,22-245
O00481,225,1,225,0,1.000,contiguous,30-254
Q8TDN2,85,4,121,36,0.702,intermittent,177-261;358-374;432-444;466-471
Q9UGT4,758,1,758,0,1.000,contiguous,28-785
Q6P179,920,1,920,0,1.000,contiguous,41-960
P30989,67,4,134,67,0.500,intermittent,1-67;123-142;206-234;326-343
Q5UAW9,26,4,70,44,0.371,intermittent,1-15;70-87;141-166;248-258
Q96NY8,318,1,318,0,1.000,contiguous,32-349
Q9P2W9,5,1,5,0,1.000,contiguous,331-335
Q6UX27,119,1,119,0,1.000,contiguous,17-135
Q8NGJ1,37,4,94,57,0.394,intermittent,1-25;80-100;159-195;259-269
Q5T2D2,250,1,250,0,1.000,contiguous,19-268
Q9UBN6,156,1,156,0,1.000,contiguous,56-211
Q96T53,19,6,52,33,0.365,intermittent,1-5;57-59;102-120;228-240;339-340;398-407
P61073,38,4,91,53,0.418,intermittent,1-38;100-110;175-195;262-282
P14679,458,1,458,0,1.000,contiguous,19-476
P35916,751,1,751,0,1.000,contiguous,25-775
Q8N8Z6,425,1,425,0,1.000,contiguous,35-459
Q53R12,23,3,55,32,0.418,intermittent,1-14;66-83;207-229
Q9BZJ8,44,4,100,56,0.440,intermittent,1-44;99-112;179-206;311-324
Q02246,981,0,0,0,,no_accepted_segment,
Q12908,39,4,107,68,0.364,intermittent,1-28;104-126;179-195;246-284
Q9H251,3041,1,3041,0,1.000,contiguous,24-3064
Q9UN70,662,1,662,0,1.000,contiguous,32-693
O60353,183,4,274,91,0.668,intermittent,19-201;255-284;346-370;438-473
Q8NGJ4,36,4,102,66,0.353,intermittent,1-27;78-101;163-198;260-274
Q86TG1,52,3,75,23,0.693,intermittent,24-75;130-140;200-211
Q7RTY9,244,0,0,0,,no_accepted_segment,
Q9Y5H1,664,1,664,0,1.000,contiguous,29-692
Q96N87,88,6,219,131,0.402,intermittent,48-51;112-178;231-253;312-399;466-474;541-568
Q14517,4160,1,4160,0,1.000,contiguous,22-4181
Q8N350,45,1,45,0,1.000,contiguous,1-45
Q8TC27,508,1,508,0,1.000,contiguous,175-682
O15403,20,6,60,40,0.333,intermittent,43-62;113-118;171-184;321-330;380-381;445-452
Q9BZ76,1220,1,1220,0,1.000,contiguous,26-1245
Q9H4F1,275,1,275,0,1.000,contiguous,28-302
Q12809,43,4,79,36,0.544,intermittent,425-450;517-520;569-611;633-638
Q9H756,246,1,246,0,1.000,contiguous,25-270
P21802,356,1,356,0,1.000,contiguous,22-377
O75899,442,4,494,52,0.895,intermittent,42-483;544-551;619-654;713-720
P06126,284,1,284,0,1.000,contiguous,17-300
P60893,30,4,79,49,0.380,intermittent,1-25;79-96;159-188;308-313
P24557,91,2,135,44,0.674,intermittent,32-75;245-335
Q8N2M4,11,4,15,4,0.733,intermittent,43-43;92-92;137-138;196-206
Q9HBL6,261,1,261,0,1.000,contiguous,28-288
P51809,11,1,11,0,1.000,contiguous,210-220
P28566,22,4,57,35,0.386,intermittent,1-21;85-92;158-179;317-322
Q96EC8,17,3,30,13,0.567,intermittent,106-115;168-184;234-236
P49771,158,1,158,0,1.000,contiguous,27-184
P43121,536,1,536,0,1.000,contiguous,24-559
Q8NG84,40,4,111,71,0.360,intermittent,1-40;95-115;174-210;275-287
P78334,258,2,274,16,0.942,intermittent,23-280;328-343
Q9NRD9,570,4,623,53,0.915,intermittent,22-591;1067-1080;1153-1184;1242-1248
Q96G91,42,4,141,99,0.298,intermittent,1-29;86-116;168-206;267-308
O95477,597,2,882,285,0.677,intermittent,43-639;1372-1656
Q1EHB4,46,7,141,95,0.326,intermittent,1-9;69-82;150-157;202-235;297-321;407-411;459-504
A6NMB1,418,1,418,0,1.000,contiguous,17-434
O00559,6,1,6,0,1.000,contiguous,1-6
Q8NCW0,339,1,339,0,1.000,contiguous,26-364
Q16581,172,4,207,35,0.831,intermittent,1-20;85-91;161-332;404-411
P19022,565,1,565,0,1.000,contiguous,160-724
P31997,285,0,0,0,,no_accepted_segment,
Q9BQB6,51,2,54,3,0.944,intermittent,30-80;129-131
Q8N3T6,895,1,895,0,1.000,contiguous,28-922
Q96T83,59,6,154,95,0.383,intermittent,43-70;117-175;232-251;299-322;436-442;498-513
Q9Y287,191,1,191,0,1.000,contiguous,76-266
O15438,37,9,146,109,0.253,intermittent,1-32;95-99;154-171;324-349;448-450;555-576;985-1021;1107-1107;1221-1222
O43505,379,1,379,0,1.000,contiguous,37-415
Q9NQ11,33,5,73,40,0.452,intermittent,254-256;449-463;952-957;1016-1048;1102-1117
Q7Z4F1,424,1,424,0,1.000,contiguous,17-440
Q99466,1424,1,1424,0,1.000,contiguous,24-1447
Q6PCB8,228,1,228,0,1.000,contiguous,33-260
O75578,1100,1,1100,0,1.000,contiguous,23-1122
Q8NGC7,43,4,117,74,0.368,intermittent,1-43;94-117;179-215;277-289
P45844,63,3,82,19,0.768,intermittent,446-456;526-533;587-649
O60242,856,4,891,35,0.961,intermittent,25-880;932-939;1003-1023;1120-1125
Q6UXZ3,147,1,147,0,1.000,contiguous,19-165
Q2WGJ9,12,1,12,0,1.000,contiguous,1846-1857
Q8NH76,36,4,105,69,0.343,intermittent,1-31;82-105;167-202;264-277
O15218,57,4,114,57,0.500,intermittent,1-57;114-127;194-217;281-299
Q9NRP0,30,2,41,11,0.732,intermittent,54-83;139-149
Q15399,556,1,556,0,1.000,contiguous,25-580
Q8TCW7,353,1,353,0,1.000,contiguous,20-372
Q8NG97,37,4,96,59,0.385,intermittent,1-25;80-100;159-195;260-272
Q8TCW9,62,4,139,77,0.446,intermittent,1-62;120-146;202-232;304-322
P08912,29,4,82,53,0.354,intermittent,1-29;88-104;170-191;465-478
Q8WWX8,46,7,182,136,0.253,intermittent,1-27;89-102;157-180;230-272;330-375;440-446;501-521
O75473,540,4,597,57,0.905,intermittent,22-561;615-638;704-722;789-802
Q9P1P5,48,4,105,57,0.457,intermittent,1-48;101-118;184-207;285-299
P43681,223,1,223,0,1.000,contiguous,27-249
Q8NGZ3,37,4,96,59,0.385,intermittent,1-22;73-96;158-194;256-268
Q8NGK3,36,4,102,66,0.353,intermittent,1-27;78-101;163-198;261-275
Q8NH64,36,4,100,64,0.360,intermittent,1-25;76-99;161-196;258-272
Q8NHC8,37,4,99,62,0.374,intermittent,1-28;79-98;167-203;258-271
Q8NGK0,36,4,105,69,0.343,intermittent,1-30;81-104;166-201;264-278
Q8IWV1,37,1,37,0,1.000,contiguous,1-37
P59541,31,4,60,29,0.517,intermittent,1-1;68-86;148-178;251-259
O60462,844,1,844,0,1.000,contiguous,21-864
P55011,57,3,99,42,0.576,intermittent,396-405;455-486;542-598
Q8NGG8,37,4,98,61,0.378,intermittent,1-25;76-99;161-197;259-270
P53985,11,6,42,31,0.262,intermittent,45-55;106-109;170-174;289-295;350-353;411-421
P0C7T3,36,4,90,54,0.400,intermittent,1-33;89-100;168-203;268-276
O00461,663,1,663,0,1.000,contiguous,34-696
A6NF89,37,4,83,46,0.446,intermittent,1-24;85-95;163-199;259-269
O95858,121,2,139,18,0.871,intermittent,45-62;115-235
O95864,20,2,25,5,0.800,intermittent,153-157;286-305
Q9Y5E7,662,1,662,0,1.000,contiguous,31-692
P49895,12,1,12,0,1.000,contiguous,1-12
Q15622,37,4,99,62,0.374,intermittent,1-25;76-99;161-197;259-271
Q8IY34,41,6,162,121,0.253,intermittent,57-74;119-159;221-226;335-372;428-464;518-539
Q96MU8,372,1,372,0,1.000,contiguous,21-392
Q14BN4,5,1,5,0,1.000,contiguous,824-828
Q96CP7,29,4,84,55,0.345,intermittent,36-46;105-123;145-173;223-247
P0C604,33,4,82,49,0.402,intermittent,1-24;81-95;161-193;257-266
A6NMS7,1547,1,1547,0,1.000,contiguous,36-1582
Q06481,661,1,661,0,1.000,contiguous,32-692
Q15043,127,4,161,34,0.789,intermittent,31-157;208-224;419-424;482-492
P51168,461,1,461,0,1.000,contiguous,72-532
Q8IV16,130,0,0,0,,no_accepted_segment,
A6NH00,37,4,97,60,0.381,intermittent,1-26;77-96;165-201;256-269
Q14416,549,4,595,46,0.923,intermittent,19-567;626-636;701-725;784-793
Q76KP1,1003,1,1003,0,1.000,contiguous,37-1039
Q01628,5,1,5,0,1.000,contiguous,129-133
Q9Y5E2,662,1,662,0,1.000,contiguous,27-688
P55082,129,1,129,0,1.000,contiguous,19-147
Q86YT9,256,1,256,0,1.000,contiguous,20-275
P37023,97,1,97,0,1.000,contiguous,22-118
Q96HH4,159,2,225,66,0.707,intermittent,1-159;232-297
Q96BI3,19,4,43,24,0.442,intermittent,1-2;53-68;140-158;208-213
P48050,40,2,49,9,0.816,intermittent,81-120;140-148
P30954,36,4,109,73,0.330,intermittent,1-36;87-110;172-207;269-281
A6NJZ3,32,4,80,48,0.400,intermittent,1-23;85-95;163-194;259-272
Q9BT67,28,2,34,6,0.824,intermittent,138-143;194-221
Q86UF1,118,2,137,19,0.861,intermittent,46-64;118-235
O15354,239,4,314,75,0.761,intermittent,27-265;321-335;401-443;515-531
Q9BQG1,54,1,54,0,1.000,contiguous,1-54
O60895,101,1,101,0,1.000,contiguous,43-143
P22455,348,1,348,0,1.000,contiguous,22-369
Q8NGX1,37,4,101,64,0.366,intermittent,1-30;85-105;164-200;265-277
P55344,42,2,63,21,0.667,intermittent,25-66;120-140
P31641,65,6,149,84,0.436,intermittent,71-78;151-215;266-289;353-379;459-464;526-544
Q14165,241,1,241,0,1.000,contiguous,29-269
P46531,1717,1,1717,0,1.000,contiguous,19-1735
Q86VH4,394,1,394,0,1.000,contiguous,31-424
Q495W5,468,1,468,0,1.000,contiguous,25-492
O94991,624,1,624,0,1.000,contiguous,41-664
Q8NGB2,46,4,115,69,0.400,intermittent,1-46;101-121;180-216;272-282
Q8IX05,146,1,146,0,1.000,contiguous,23-168
Q9NYB5,112,6,253,141,0.443,intermittent,64-82;135-184;254-271;371-390;443-554;613-646
Q9NY72,134,1,134,0,1.000,contiguous,23-156
P35052,506,0,0,0,,no_accepted_segment,
Q8N4L1,32,1,32,0,1.000,contiguous,66-97
P01135,75,1,75,0,1.000,contiguous,24-98
P13688,394,1,394,0,1.000,contiguous,35-428
Q01814,37,5,108,71,0.343,intermittent,116-152;411-443;896-905;970-987;1051-1060
H3BV60,228,1,228,0,1.000,contiguous,17-244
Q9Y493,2740,1,2740,0,1.000,contiguous,18-2757
Q9H340,36,4,98,62,0.367,intermittent,1-23;74-97;159-194;257-271
Q04771,103,1,103,0,1.000,contiguous,21-123
A2VDJ0,829,1,829,0,1.000,contiguous,41-869
P18627,428,1,428,0,1.000,contiguous,23-450
Q6UWJ8,112,1,112,0,1.000,contiguous,30-141
Q93070,238,0,0,0,,no_accepted_segment,
Q96P69,25,4,58,33,0.431,intermittent,1-7;69-80;144-168;264-277
O95256,337,1,337,0,1.000,contiguous,20-356
Q9GZQ4,43,4,95,52,0.453,intermittent,1-43;107-115;185-211;291-306
P50052,45,4,93,48,0.484,intermittent,1-45;105-114;182-206;282-294
Q9Y5H3,664,1,664,0,1.000,contiguous,33-696
Q9UBQ6,287,1,287,0,1.000,contiguous,44-330
Q8NH81,46,4,118,72,0.390,intermittent,1-46;97-120;182-218;280-290
Q6MZM0,1090,1,1090,0,1.000,contiguous,25-1114
P23470,717,1,717,0,1.000,contiguous,20-736
O60513,306,1,306,0,1.000,contiguous,39-344
Q02297,223,1,223,0,1.000,contiguous,20-242
O95452,38,2,68,30,0.559,intermittent,46-75;155-192
Q9HBX9,409,4,461,52,0.887,intermittent,1-409;465-486;549-577;651-651
Q10588,260,0,0,0,,no_accepted_segment,
P29274,30,4,56,26,0.536,intermittent,1-7;67-77;144-173;259-266
P33032,37,4,69,32,0.536,intermittent,1-37;98-114;180-186;266-273
P33527,37,9,147,110,0.252,intermittent,1-33;96-100;155-172;338-363;462-464;569-590;989-1025;1111-1111;1225-1226
P52849,844,1,844,0,1.000,contiguous,40-883
O15269,15,1,15,0,1.000,contiguous,1-15
Q93033,934,1,934,0,1.000,contiguous,21-954
O75445,5011,1,5011,0,1.000,contiguous,32-5042
P17643,453,1,453,0,1.000,contiguous,25-477
Q9Y5Q5,976,1,976,0,1.000,contiguous,67-1042
Q8NGT2,37,4,99,62,0.374,intermittent,1-25;76-99;161-197;259-271
P30408,47,2,66,19,0.712,intermittent,31-49;115-161
Q9UQD0,82,16,323,241,0.254,intermittent,152-158;212-217;274-355;381-387;773-783;838-839;893-921;943-955;1218-1230;1283-1290;1347-1399;1422-1438;1542-1552;1602-1614;1669-1690;1714-1742
Q8TDM5,77,0,0,0,,no_accepted_segment,
Q9Y2T5,44,4,85,41,0.518,intermittent,1-44;109-116;181-203;287-296
Q8NGR5,38,4,98,60,0.388,intermittent,1-26;81-101;160-197;261-273
Q9BXJ8,10,3,25,15,0.400,intermittent,153-158;210-218;295-304
Q11201,306,1,306,0,1.000,contiguous,35-340
O00574,32,4,85,53,0.376,intermittent,1-32;90-103;165-187;260-275
Q9UKX5,1119,1,1119,0,1.000,contiguous,23-1141
Q9GZK3,37,4,96,59,0.385,intermittent,1-25;80-100;159-195;260-272
Q53HI1,16,3,31,15,0.516,intermittent,104-115;185-187;244-259
Q8NGG4,37,4,98,61,0.378,intermittent,1-25;76-98;160-196;258-270
Q19T08,100,1,100,0,1.000,contiguous,25-124
Q8N6G5,510,1,510,0,1.000,contiguous,33-542
Q9Y6M0,246,0,0,0,,no_accepted_segment,
Q70Z44,208,3,231,23,0.900,intermittent,25-232;286-306;453-454
Q12918,159,1,159,0,1.000,contiguous,67-225
P21452,32,4,93,61,0.344,intermittent,1-32;91-107;171-196;273-290
P20309,67,4,114,47,0.588,intermittent,1-67;131-142;207-229;515-526
Q96CE8,43,2,62,19,0.694,intermittent,31-49;115-157
Q86XL3,12,1,12,0,1.000,contiguous,1-12
Q9NRD8,576,3,624,48,0.923,intermittent,26-601;1063-1076;1152-1185
Q6ZSJ9,149,1,149,0,1.000,contiguous,26-174
P11912,111,1,111,0,1.000,contiguous,33-143
P35346,38,4,79,41,0.481,intermittent,1-38;102-113;179-197;274-283
Q8NAT1,555,1,555,0,1.000,contiguous,26-580
P35212,42,2,78,36,0.538,intermittent,41-76;166-207
Q8NGA8,37,4,87,50,0.425,intermittent,1-18;73-93;152-188;252-262
O00526,71,1,71,0,1.000,contiguous,85-155
P21453,46,4,83,37,0.554,intermittent,1-46;105-116;183-196;279-289
Q9BXC0,31,4,91,60,0.341,intermittent,1-21;71-89;152-182;242-261
Q9UKM7,594,1,594,0,1.000,contiguous,106-699
Q9Y5F8,661,1,661,0,1.000,contiguous,31-691
Q5XG99,217,1,217,0,1.000,contiguous,1-217
Q8NG85,37,4,95,58,0.389,intermittent,1-24;79-99;158-194;259-271
Q1HG43,102,3,144,42,0.708,intermittent,1-21;73-174;228-248
Q969X2,269,1,269,0,1.000,contiguous,65-333
Q9UKJ8,485,1,485,0,1.000,contiguous,197-681
Q7RTP0,27,5,79,52,0.342,intermittent,1-27;88-88;139-159;205-224;281-290
P40200,498,1,498,0,1.000,contiguous,22-519
O14653,1,1,1,0,1.000,contiguous,212-212
Q9NP94,36,4,61,25,0.590,intermittent,1-8;68-103;186-189;246-258
P07550,29,4,68,39,0.426,intermittent,1-29;97-103;172-197;299-304
Q6IF82,37,4,92,55,0.402,intermittent,1-23;78-98;157-193;257-267
Q8NER1,32,4,56,24,0.571,intermittent,456-472;533-535;599-630;653-656
Q9Y4C0,1541,1,1541,0,1.000,contiguous,28-1568
O76002,37,4,97,60,0.381,intermittent,1-26;81-101;160-196;261-273
A6NGY5,41,4,97,56,0.423,intermittent,1-37;97-106;171-211;271-279
P07510,218,1,218,0,1.000,contiguous,23-240
P12830,555,1,555,0,1.000,contiguous,155-709
Q9Y3Q7,511,1,511,0,1.000,contiguous,177-687
Q7Z5B4,67,1,67,0,1.000,contiguous,29-95
Q15768,199,1,199,0,1.000,contiguous,28-226
P61565,543,1,543,0,1.000,contiguous,89-631
Q9BRL7,19,2,20,1,0.950,intermittent,205-223;270-270
O95206,720,1,720,0,1.000,contiguous,30-749
Q9Y5G3,659,1,659,0,1.000,contiguous,29-687
Q9UL19,9,1,9,0,1.000,contiguous,156-164
Q9P0L9,232,4,282,50,0.823,intermittent,125-356;406-433;500-511;527-536
Q9NP59,62,6,89,27,0.697,intermittent,54-57;119-126;196-202;334-338;392-453;514-516
P46721,108,6,243,135,0.444,intermittent,41-59;112-155;225-242;334-353;406-513;572-605
Q99680,45,4,98,53,0.459,intermittent,1-45;107-115;178-208;337-349
Q01113,230,1,230,0,1.000,contiguous,41-270
Q6IF00,37,4,97,60,0.381,intermittent,1-26;81-101;160-196;261-273
P07949,607,1,607,0,1.000,contiguous,29-635
Q9BXA5,30,4,107,77,0.280,intermittent,5-31;81-103;159-185;252-281
Q9UHQ4,39,2,45,6,0.867,intermittent,1-6;65-103
Q9NQ90,104,4,260,156,0.400,intermittent,386-433;555-577;640-743;818-902
P55017,60,4,112,52,0.536,intermittent,244-255;304-338;394-453;523-527
Q8NGN6,37,4,96,59,0.385,intermittent,1-23;74-98;160-196;258-268
P36544,211,1,211,0,1.000,contiguous,23-233
P49019,31,4,93,62,0.333,intermittent,1-28;86-102;164-194;257-273
Q96MM7,578,1,578,0,1.000,contiguous,28-605
Q9BPV8,49,4,124,75,0.395,intermittent,1-49;99-117;183-211;274-300
Q96D59,10,1,10,0,1.000,contiguous,183-192
A6NHS7,260,1,260,0,1.000,contiguous,25-284
O75354,424,1,424,0,1.000,contiguous,61-484
Q8WZ92,36,4,101,65,0.356,intermittent,1-28;72-95;157-192;255-267
P09326,193,0,0,0,,no_accepted_segment,
Q9H5V8,638,1,638,0,1.000,contiguous,30-667
P50993,52,5,112,60,0.464,intermittent,107-129;307-318;790-799;864-915;968-982
Q8NFJ6,54,4,130,76,0.415,intermittent,1-54;111-136;193-223;295-313
Q8NES3,350,1,350,0,1.000,contiguous,30-379
O14511,294,1,294,0,1.000,contiguous,112-405
O43506,487,1,487,0,1.000,contiguous,207-693
Q92824,1629,1,1629,0,1.000,contiguous,115-1743
A6NNB3,36,2,61,25,0.590,intermittent,1-36;108-132
A6NM76,32,4,77,45,0.416,intermittent,1-23;81-94;164-195;260-267
Q9HCU4,2349,4,2378,29,0.988,intermittent,32-2380;2438-2438;2502-2519;2582-2591
P78552,322,1,322,0,1.000,contiguous,22-343
Q13478,308,1,308,0,1.000,contiguous,22-329
Q14442,2,1,2,0,1.000,contiguous,61-62
Q9NR61,503,1,503,0,1.000,contiguous,27-529
O75388,44,4,122,78,0.361,intermittent,1-44;101-116;179-220;281-300
P98196,31,5,81,50,0.383,intermittent,83-88;319-349;903-914;987-1000;1051-1068
Q8NGP2,37,4,100,63,0.370,intermittent,1-25;76-99;161-197;259-272
Q08357,27,7,82,55,0.329,intermittent,1-5;68-86;131-142;212-213;504-530;587-593;643-652
Q9Y5Y7,219,1,219,0,1.000,contiguous,20-238
P28906,259,1,259,0,1.000,contiguous,32-290
Q5VY43,735,1,735,0,1.000,contiguous,21-755
P28222,46,4,85,39,0.541,intermittent,1-46;112-119;185-205;338-347
Q9BSK0,23,2,32,9,0.719,intermittent,51-59;116-138
Q9UQF0,423,1,423,0,1.000,contiguous,21-443
Q8IZN3,26,2,34,8,0.765,intermittent,82-89;230-255
Q6UX98,62,3,83,21,0.747,intermittent,40-52;159-166;223-284
Q5VU97,1060,1,1060,0,1.000,contiguous,36-1095
Q8NGC8,38,4,87,49,0.437,intermittent,1-24;79-97;164-201;266-271
Q8NI17,500,1,500,0,1.000,contiguous,20-519
O43731,10,4,26,16,0.385,intermittent,1-4;53-58;111-116;169-178
P30532,232,2,249,17,0.932,intermittent,23-254;452-468
P47804,24,4,64,40,0.375,intermittent,1-15;74-91;152-175;241-247
Q14108,406,1,406,0,1.000,contiguous,28-433
Q4G0N0,73,1,73,0,1.000,contiguous,28-100
Q9BYT9,100,4,249,149,0.402,intermittent,425-469;572-592;662-761;832-914
Q9BVK8,8,3,20,12,0.400,intermittent,59-66;125-129;188-194
Q9HC10,13,1,13,0,1.000,contiguous,1985-1997
Q9P0I2,38,2,51,13,0.745,intermittent,2-14;131-168
Q8N111,3,1,3,0,1.000,contiguous,147-149
Q9Y6R1,83,6,143,60,0.580,intermittent,492-501;543-550;610-692;746-779;837-837;895-901
Q8TDN1,21,4,57,36,0.368,intermittent,241-261;315-328;391-405;426-432
P21583,189,1,189,0,1.000,contiguous,26-214
Q9H255,36,4,99,63,0.364,intermittent,1-24;75-98;160-195;258-272
Q9HC24,9,3,14,5,0.643,intermittent,60-68;119-120;173-175
Q96QE4,878,1,878,0,1.000,contiguous,28-905
Q92911,60,7,156,96,0.385,intermittent,1-14;81-84;158-163;209-243;302-335;409-411;466-525
O76099,37,4,99,62,0.374,intermittent,1-25;76-99;161-197;259-271
P0C645,44,4,107,63,0.411,intermittent,1-33;83-101;165-208;262-272
O95665,41,4,114,73,0.360,intermittent,1-32;88-109;177-217;319-337
P07202,828,1,828,0,1.000,contiguous,19-846
O43493,360,1,360,0,1.000,contiguous,22-381
Q9Y639,311,1,311,0,1.000,contiguous,29-339
O60602,619,1,619,0,1.000,contiguous,21-639
Q96JA1,760,1,760,0,1.000,contiguous,35-794
O75074,460,1,460,0,1.000,contiguous,37-496
Q8NH16,37,4,95,58,0.389,intermittent,1-24;79-99;158-194;259-271
Q13308,674,1,674,0,1.000,contiguous,31-704
P78363,604,6,1032,428,0.585,intermittent,43-646;721-730;781-835;1398-1727;1781-1792;1853-1873
Q8NH21,37,4,87,50,0.425,intermittent,1-18;73-93;152-188;252-262
P27037,116,1,116,0,1.000,contiguous,20-135
Q9NX62,326,1,326,0,1.000,contiguous,34-359
O43511,35,6,121,86,0.289,intermittent,109-109;157-191;240-263;317-344;406-421;470-486
O00322,118,2,142,24,0.831,intermittent,36-59;113-230
A6NHA9,40,4,108,68,0.370,intermittent,1-23;68-103;163-202;258-266
Q9Y5G8,663,1,663,0,1.000,contiguous,30-692
Q9Y5G0,657,1,657,0,1.000,contiguous,31-687
Q8NGC2,37,4,94,57,0.394,intermittent,1-25;80-100;159-195;259-269
Q9BQ31,16,4,47,31,0.340,intermittent,205-220;276-285;344-357;378-384
P57738,42,2,49,7,0.857,intermittent,2-8;62-103
Q10471,547,1,547,0,1.000,contiguous,25-571
P20023,951,1,951,0,1.000,contiguous,21-971
Q8NGR6,36,4,83,47,0.434,intermittent,1-29;88-98;166-201;270-276
Q9Y2T6,22,4,77,55,0.286,intermittent,1-21;80-94;159-180;253-271
Q8WVN6,117,1,117,0,1.000,contiguous,29-145
Q96R84,38,4,97,59,0.392,intermittent,1-25;79-99;158-195;259-271
Q8IZ08,23,4,68,45,0.338,intermittent,1-12;59-81;147-164;248-262
Q8TEY5,79,1,79,0,1.000,contiguous,317-395
Q8NH60,36,4,102,66,0.353,intermittent,1-27;78-101;163-198;260-274
Q86VR7,749,1,749,0,1.000,contiguous,28-776
Q8N146,37,4,99,62,0.374,intermittent,1-26;77-99;161-197;259-271
Q12999,80,2,91,11,0.879,intermittent,34-44;94-173
Q9NPA1,126,1,126,0,1.000,contiguous,82-207
Q8NGF1,36,4,103,67,0.350,intermittent,1-28;79-102;164-199;262-276
Q96J42,289,1,289,0,1.000,contiguous,33-321
O00220,216,1,216,0,1.000,contiguous,24-239
P56962,5,1,5,0,1.000,contiguous,250-254
Q6GTX8,144,1,144,0,1.000,contiguous,22-165
Q6PIZ9,7,1,7,0,1.000,contiguous,1-7
P55290,554,0,0,0,,no_accepted_segment,
Q8IZF4,224,4,271,47,0.827,intermittent,22-245;305-314;378-410;478-481
Q9Y6L6,112,6,252,140,0.444,intermittent,49-67;120-168;238-255;354-373;426-537;596-629
Q9BZA7,789,1,789,0,1.000,contiguous,24-812
Q5VWC8,16,3,29,13,0.552,intermittent,41-56;134-135;179-189
P42702,789,1,789,0,1.000,contiguous,45-833
O60391,552,2,723,171,0.763,intermittent,23-574;662-832
Q9H3N8,20,4,69,49,0.290,intermittent,1-19;74-87;153-172;326-341
Q17RY6,120,0,0,0,,no_accepted_segment,
Q3SXP7,72,1,72,0,1.000,contiguous,26-97
Q9GZS9,363,1,363,0,1.000,contiguous,49-411
A8MVZ5,228,1,228,0,1.000,contiguous,27-254
O95159,23,1,23,0,1.000,contiguous,288-310
Q9NS00,334,1,334,0,1.000,contiguous,30-363
Q06432,79,2,103,24,0.767,intermittent,30-108;156-179
Q96K78,412,4,496,84,0.831,intermittent,27-438;490-528;587-623;691-698
P13591,699,1,699,0,1.000,contiguous,20-718
Q8NGX3,37,4,100,63,0.370,intermittent,1-26;77-100;162-198;259-271
Q99467,603,1,603,0,1.000,contiguous,24-626
Q86Z14,996,1,996,0,1.000,contiguous,1-996
O95013,37,4,94,57,0.394,intermittent,1-25;80-100;159-195;259-269
Q9BQ49,36,1,36,0,1.000,contiguous,18-53
P35590,738,1,738,0,1.000,contiguous,22-759
O60909,336,1,336,0,1.000,contiguous,37-372
P29323,525,1,525,0,1.000,contiguous,19-543
Q9HB14,83,2,124,41,0.669,intermittent,42-124;218-258
Q6UVK1,2195,1,2195,0,1.000,contiguous,30-2224
Q9H2W1,48,2,65,17,0.738,intermittent,68-84;138-185
Q8NH07,44,4,107,63,0.411,intermittent,1-44;94-112;180-216;281-287
Q496J9,120,6,170,50,0.706,intermittent,176-191;248-248;302-320;459-578;631-636;691-698
P49641,770,1,770,0,1.000,contiguous,27-796
Q8NH00,57,4,128,71,0.445,intermittent,1-57;112-132;191-227;292-304
P58182,37,4,97,60,0.381,intermittent,1-23;74-97;159-195;258-270
O00155,39,4,119,80,0.328,intermittent,1-39;97-126;177-200;264-289
Q8NGS0,38,4,95,57,0.400,intermittent,1-23;78-98;157-194;258-270
Q8NGF8,37,4,92,55,0.402,intermittent,1-23;78-98;157-193;257-267
Q6GV28,43,2,59,16,0.729,intermittent,30-72;121-136
P08514,962,1,962,0,1.000,contiguous,32-993
P58170,38,4,95,57,0.400,intermittent,1-25;80-100;159-196;261-271
Q8IWK6,728,4,766,38,0.950,intermittent,34-761;818-826;898-919;1018-1024
O14836,165,1,165,0,1.000,contiguous,1-165
P24046,259,3,271,12,0.956,intermittent,22-280;335-345;479-479
Q9HBW9,413,4,458,45,0.902,intermittent,20-432;482-499;554-573;640-646
Q9BWQ6,39,3,69,30,0.565,intermittent,146-163;220-231;278-316
Q8N9F7,98,2,101,3,0.970,intermittent,1-3;217-314
P34810,298,1,298,0,1.000,contiguous,22-319
P28476,240,3,252,12,0.952,intermittent,21-260;315-325;465-465
P30939,24,4,70,46,0.343,intermittent,1-24;82-96;160-178;316-327
Q9HCN3,511,4,536,25,0.953,intermittent,35-545;590-605;651-653;712-717
Q13591,946,1,946,0,1.000,contiguous,23-968
P27701,118,2,139,21,0.849,intermittent,33-53;111-228
Q5VV43,935,1,935,0,1.000,contiguous,21-955
Q9C0I4,1524,1,1524,0,1.000,contiguous,32-1555
P59922,37,4,96,59,0.385,intermittent,1-25;80-100;159-195;260-272
Q9UHM6,72,4,132,60,0.545,intermittent,1-72;129-144;210-238;318-332
Q8TBP5,94,1,94,0,1.000,contiguous,30-123
Q86XR5,57,1,57,0,1.000,contiguous,36-92
P04626,630,1,630,0,1.000,contiguous,23-652
Q8NGG7,51,4,118,67,0.432,intermittent,1-45;101-116;172-222;282-287
Q96HA9,62,1,62,0,1.000,contiguous,150-211
P08922,1832,1,1832,0,1.000,contiguous,28-1859
Q8NEC5,17,4,46,29,0.370,intermittent,470-478;532-540;605-615;629-645
Q6T423,115,6,142,27,0.810,intermittent,31-145;199-204;256-259;371-377;428-434;492-494
P48167,246,2,258,12,0.953,intermittent,23-268;316-327
Q15109,320,1,320,0,1.000,contiguous,23-342
Q9H1B5,829,1,829,0,1.000,contiguous,37-865
Q8NGJ2,32,4,92,60,0.348,intermittent,1-32;81-101;171-197;264-275
P08F94,3835,1,3835,0,1.000,contiguous,24-3858
Q8NGR1,43,4,117,74,0.368,intermittent,1-43;94-117;179-215;277-289
Q8NGK1,36,4,102,66,0.353,intermittent,1-27;78-101;163-198;261-275
P51572,38,2,43,5,0.884,intermittent,2-6;65-102
Q3ZAQ7,19,1,19,0,1.000,contiguous,47-65
P30550,38,4,103,65,0.369,intermittent,1-38;97-114;175-208;286-298
Q99706,221,1,221,0,1.000,contiguous,22-242
O95297,127,1,127,0,1.000,contiguous,36-162
Q96LB0,31,4,82,51,0.378,intermittent,1-31;82-96;162-177;235-254
Q6H3X3,198,1,198,0,1.000,contiguous,26-223
P55289,555,1,555,0,1.000,contiguous,55-609
Q3MIP1,5,1,5,0,1.000,contiguous,39-43
P0C7N1,61,4,120,59,0.508,intermittent,1-28;78-97;144-204;261-271
O15120,136,2,142,6,0.958,intermittent,24-29;143-278
Q8NE00,37,6,99,62,0.374,intermittent,32-36;168-204;255-276;328-354;419-421;492-496
Q8WY07,34,7,109,75,0.312,intermittent,58-61;129-162;213-233;307-335;404-406;497-506;562-569
Q8NCG7,20,2,29,9,0.690,intermittent,39-58;124-132
Q9Y2C3,282,1,282,0,1.000,contiguous,29-310
Q96D42,275,1,275,0,1.000,contiguous,21-295
Q6ZWK6,385,1,385,0,1.000,contiguous,54-438
P20827,163,0,0,0,,no_accepted_segment,
Q9NY28,608,1,608,0,1.000,contiguous,30-637
P43146,1072,1,1072,0,1.000,contiguous,26-1097
Q96J66,36,5,68,32,0.529,intermittent,185-194;292-296;405-417;828-863;1071-1074
Q969F8,46,4,110,64,0.418,intermittent,1-46;102-120;179-202;285-305
Q6IS24,571,1,571,0,1.000,contiguous,28-598
O15400,2,1,2,0,1.000,contiguous,260-261
Q9HC56,791,1,791,0,1.000,contiguous,24-814
Q96SL1,24,6,93,69,0.258,intermittent,73-89;139-155;206-229;303-314;369-384;436-442
P78348,361,1,361,0,1.000,contiguous,67-427
Q93038,175,1,175,0,1.000,contiguous,25-199
O15245,107,6,145,38,0.738,intermittent,43-149;198-206;257-262;369-376;424-431;486-492
P02786,672,1,672,0,1.000,contiguous,89-760
Q9NP91,92,6,241,149,0.382,intermittent,27-42;101-165;216-241;298-389;453-465;526-554
Q9NYX4,87,1,87,0,1.000,contiguous,1-87
O15258,1,2,2,1,0.500,intermittent,62-62;139-139
Q8NFP4,913,0,0,0,,no_accepted_segment,
Q13488,64,4,131,67,0.489,intermittent,405-406;469-532;592-635;746-766
Q5SY80,884,1,884,0,1.000,contiguous,20-903
Q9UQ53,520,1,520,0,1.000,contiguous,29-548
P37173,144,1,144,0,1.000,contiguous,23-166
P38484,220,1,220,0,1.000,contiguous,28-247
P21579,57,1,57,0,1.000,contiguous,1-57
O95221,36,4,98,62,0.367,intermittent,1-25;76-99;161-196;259-271
Q7Z6M3,208,1,208,0,1.000,contiguous,20-227
P0C7T2,37,4,74,37,0.500,intermittent,1-17;75-88;152-188;257-262
Q902F8,543,1,543,0,1.000,contiguous,90-632
P55285,562,1,562,0,1.000,contiguous,54-615
Q9NQS5,26,4,68,42,0.382,intermittent,1-26;79-94;166-180;342-352
Q9Y6Q6,183,1,183,0,1.000,contiguous,30-212
O00590,50,4,111,61,0.450,intermittent,1-50;114-118;184-217;272-293
P04629,391,1,391,0,1.000,contiguous,33-423
A2RRL7,16,1,16,0,1.000,contiguous,92-107
Q9P1W8,332,1,332,0,1.000,contiguous,29-360
Q8N130,113,4,188,75,0.601,intermittent,98-111;210-322;389-445;507-510
P21918,43,4,112,69,0.384,intermittent,1-39;105-114;181-223;321-340
P19397,75,2,97,22,0.773,intermittent,33-54;107-181
Q8N0W7,94,1,94,0,1.000,contiguous,90-183
Q9NZH0,28,4,71,43,0.394,intermittent,29-56;116-126;184-199;256-271
Q16549,526,1,526,0,1.000,contiguous,142-667
Q8N628,37,4,97,60,0.381,intermittent,1-26;81-101;160-196;261-273
Q8NGE1,37,4,97,60,0.381,intermittent,1-23;74-97;159-195;257-269
Q9H344,36,4,100,64,0.360,intermittent,1-25;76-99;161-196;259-273
Q13286,69,3,127,58,0.543,intermittent,59-127;173-182;299-346
Q49SQ1,44,4,106,62,0.415,intermittent,1-30;87-103;166-209;269-283
P0C629,32,4,99,67,0.323,intermittent,1-29;79-98;171-202;255-272
Q8WY21,1066,1,1066,0,1.000,contiguous,34-1099
Q8N2Q7,672,1,672,0,1.000,contiguous,46-717
O43825,377,1,377,0,1.000,contiguous,46-422
O60431,37,4,96,59,0.385,intermittent,1-25;80-100;159-195;260-272
Q9BZJ6,81,4,138,57,0.587,intermittent,1-81;139-157;217-240;339-352
P14207,213,0,0,0,,no_accepted_segment,
Q9NPI9,23,2,32,9,0.719,intermittent,95-117;135-143
Q9NZU0,500,1,500,0,1.000,contiguous,29-528
Q8NH63,36,4,103,67,0.350,intermittent,1-27;78-101;163-198;261-276
Q9NV12,45,2,60,15,0.750,intermittent,33-77;136-150
Q8NGF3,38,4,112,74,0.339,intermittent,1-38;89-112;174-209;272-285
Q9Y5I2,667,1,667,0,1.000,contiguous,29-695
E2RYF6,1634,1,1634,0,1.000,contiguous,27-1660
Q8NGR9,33,4,90,57,0.367,intermittent,1-28;82-100;167-199;265-274
Q9Y5I7,55,2,88,33,0.625,intermittent,25-79;137-169
Q9GZV3,25,7,117,92,0.214,intermittent,1-6;70-81;147-164;213-237;296-317;398-406;457-481
Q9NZS9,170,2,193,23,0.881,intermittent,162-331;382-404
Q9NS62,389,1,389,0,1.000,contiguous,25-413
Q09328,711,1,711,0,1.000,contiguous,31-741
Q8NBI6,349,1,349,0,1.000,contiguous,45-393
Q8WXG9,5879,4,5934,55,0.991,intermittent,30-5908;5961-5979;6032-6059;6126-6133
P48067,77,1,77,0,1.000,contiguous,209-285
Q02413,499,1,499,0,1.000,contiguous,50-548
P01730,371,1,371,0,1.000,contiguous,26-396
Q99677,43,4,107,64,0.402,intermittent,1-43;95-112;177-203;276-294
P15529,309,1,309,0,1.000,contiguous,35-343
P35348,27,4,60,33,0.450,intermittent,1-27;89-99;168-181;298-305
P22732,29,6,75,46,0.387,intermittent,40-68;120-126;183-192;299-313;364-371;434-439
Q9H208,37,4,86,49,0.430,intermittent,1-12;63-86;148-184;246-258
P60852,576,1,576,0,1.000,contiguous,26-601
Q9GZK4,37,4,94,57,0.394,intermittent,1-23;78-98;157-193;258-270
Q9H013,497,1,497,0,1.000,contiguous,203-699
Q8NGJ0,37,4,99,62,0.374,intermittent,1-28;83-103;162-198;263-275
P67812,143,1,143,0,1.000,contiguous,37-179
Q9NR97,801,1,801,0,1.000,contiguous,27-827
O95727,270,1,270,0,1.000,contiguous,18-287
Q7L0X0,671,1,671,0,1.000,contiguous,26-696
Q6IEY1,37,4,94,57,0.394,intermittent,1-25;80-100;159-195;259-269
P78536,457,1,457,0,1.000,contiguous,215-671
Q8NGS2,38,4,97,59,0.392,intermittent,1-25;80-100;159-196;260-272
Q7Z5H5,38,4,71,33,0.535,intermittent,1-5;70-88;148-185;256-264
O75192,114,1,114,0,1.000,contiguous,106-219
Q9NQ84,32,4,90,58,0.356,intermittent,24-50;107-120;177-208;263-279
O14718,26,4,72,46,0.361,intermittent,1-26;88-101;165-188;265-272
Q8IUC8,529,1,529,0,1.000,contiguous,28-556
O60669,23,6,64,41,0.359,intermittent,37-59;111-115;170-173;268-282;334-338;395-406
O95436,129,4,206,77,0.626,intermittent,122-135;234-362;429-485;547-552
Q8NGK4,36,4,102,66,0.353,intermittent,1-27;78-101;163-198;261-275
Q5VYJ5,2045,1,2045,0,1.000,contiguous,32-2076
Q9H7M9,162,1,162,0,1.000,contiguous,33-194
P21462,43,4,106,63,0.406,intermittent,1-27;84-100;163-205;267-285
Q8NHX9,34,8,140,106,0.243,intermittent,106-127;177-183;240-254;280-289;460-465;524-554;602-635;659-673
Q9NV92,28,2,33,5,0.848,intermittent,253-257;309-336
Q9BZM4,187,0,0,0,,no_accepted_segment,
Q5T3F8,40,6,110,70,0.364,intermittent,1-40;179-202;458-472;544-566;639-641;703-707
O95264,217,3,240,23,0.904,intermittent,22-238;287-303;436-441
Q8IU80,735,1,735,0,1.000,contiguous,77-811
Q8NG98,37,4,99,62,0.374,intermittent,1-25;76-99;161-197;259-271
Q9Y275,218,1,218,0,1.000,contiguous,68-285
Q8NG76,37,4,94,57,0.394,intermittent,1-23;78-98;157-193;258-270
P11215,1088,1,1088,0,1.000,contiguous,17-1104
B2RUZ4,11,1,11,0,1.000,contiguous,68-78
Q96MH6,178,2,228,50,0.781,intermittent,1-50;147-324
Q53GD3,174,5,344,170,0.506,intermittent,56-229;274-309;380-455;523-560;619-638
P29376,408,1,408,0,1.000,contiguous,17-424
P28908,367,1,367,0,1.000,contiguous,19-385
Q68DV7,174,1,174,0,1.000,contiguous,24-197
Q01974,370,1,370,0,1.000,contiguous,34-403
Q8N0U8,51,2,54,3,0.944,intermittent,37-87;136-138
Q5XXA6,87,4,196,109,0.444,intermittent,355-406;541-568;629-657;806-892
O00206,608,1,608,0,1.000,contiguous,24-631
Q8IYR6,291,1,291,0,1.000,contiguous,40-330
Q8NH43,37,4,94,57,0.394,intermittent,1-25;80-100;159-195;259-269
Q15303,626,1,626,0,1.000,contiguous,26-651
Q16842,323,1,323,0,1.000,contiguous,28-350
Q7Z2K6,315,5,580,265,0.543,intermittent,85-399;479-489;541-541;601-621;673-904
Q8NGX9,37,4,99,62,0.374,intermittent,1-25;76-99;161-197;259-271
Q9ULL4,1211,1,1211,0,1.000,contiguous,45-1255
Q8NF91,30,1,30,0,1.000,contiguous,8768-8797
Q9H6D8,123,1,123,0,1.000,contiguous,45-167
P57088,34,2,64,30,0.531,intermittent,2-31;122-155
Q7L985,518,1,518,0,1.000,contiguous,28-545
Q96P67,64,4,111,47,0.577,intermittent,1-11;77-92;178-197;273-336
P10747,134,1,134,0,1.000,contiguous,19-152
O14764,227,3,240,13,0.946,intermittent,25-251;299-308;450-452
P47893,38,4,105,67,0.362,intermittent,1-35;89-109;168-205;271-281
P38570,1108,1,1108,0,1.000,contiguous,19-1126
Q71RS6,37,6,76,39,0.487,intermittent,30-66;133-136;191-195;324-333;390-399;459-468
Q9UBH6,7,5,23,16,0.304,intermittent,260-264;338-343;423-429;504-506;586-587
Q96H72,65,5,109,44,0.596,intermittent,1-7;90-108;171-235;300-316;371-371
O95918,37,4,94,57,0.394,intermittent,1-23;78-98;157-193;258-270
P14616,175,1,175,0,1.000,contiguous,747-921
Q8NET6,311,1,311,0,1.000,contiguous,31-341
Q6DWJ6,29,4,76,47,0.382,intermittent,1-29;87-102;170-181;250-268
Q8NGP9,45,4,105,60,0.429,intermittent,1-28;80-100;161-205;261-271
Q11206,307,1,307,0,1.000,contiguous,27-333
A6NDX4,101,1,101,0,1.000,contiguous,24-124
Q3ZCQ3,64,1,64,0,1.000,contiguous,27-90
P49146,45,4,87,42,0.517,intermittent,1-45;114-119;187-213;293-301
Q6UWB4,306,0,0,0,,no_accepted_segment,
P21917,29,4,81,52,0.358,intermittent,1-29;93-110;174-192;368-382
Q8TDS7,24,4,52,28,0.462,intermittent,1-24;89-95;166-176;245-254
Q8NH18,36,4,98,62,0.367,intermittent,1-25;76-99;161-196;259-271
Q9BYE2,400,1,400,0,1.000,contiguous,187-586
Q9HAT1,437,1,437,0,1.000,contiguous,26-462
Q96AW1,38,1,38,0,1.000,contiguous,23-60
O43869,76,4,145,69,0.524,intermittent,1-76;129-148;213-247;308-321
Q6P995,321,1,321,0,1.000,contiguous,33-353
P47869,221,3,242,21,0.913,intermittent,29-249;301-311;442-451
Q14954,224,1,224,0,1.000,contiguous,22-245
Q6UWI2,238,1,238,0,1.000,contiguous,21-258
O60309,1546,1,1546,0,1.000,contiguous,36-1581
Q9Y2C9,555,1,555,0,1.000,contiguous,32-586
Q8NBI2,27,3,59,32,0.458,intermittent,29-45;105-119;176-202
P13498,5,2,6,1,0.833,intermittent,31-35;105-105
Q96JF0,497,1,497,0,1.000,contiguous,33-529
Q16739,72,3,102,30,0.706,intermittent,1-10;216-287;329-348
Q8NGA5,37,4,100,63,0.370,intermittent,1-26;77-100;162-198;261-273
Q8NGZ6,37,4,99,62,0.374,intermittent,1-25;76-99;161-197;259-271
Q8NCR0,477,1,477,0,1.000,contiguous,24-500
Q8N4V1,21,1,21,0,1.000,contiguous,23-43
Q14114,785,1,785,0,1.000,contiguous,42-826
Q8IVM8,107,6,139,32,0.770,intermittent,37-143;199-203;255-259;370-378;429-436;491-495
Q13724,778,1,778,0,1.000,contiguous,60-837
P32971,172,1,172,0,1.000,contiguous,63-234
O94778,28,3,79,51,0.354,intermittent,58-84;129-156;205-228
P34995,35,4,85,50,0.412,intermittent,1-35;97-111;178-201;322-332
P35968,745,1,745,0,1.000,contiguous,20-764
P21439,45,6,106,61,0.425,intermittent,74-118;211-217;319-332;733-755;853-853;957-972
Q96PE5,29,1,29,0,1.000,contiguous,1-29
Q4G148,411,1,411,0,1.000,contiguous,30-440
Q9NZQ8,12,4,38,26,0.316,intermittent,756-765;826-832;895-903;940-951
Q8NGI8,42,4,105,63,0.400,intermittent,1-26;77-100;156-197;260-272
P43119,23,4,71,48,0.324,intermittent,1-16;77-94;159-181;261-274
Q8NBD8,15,2,20,5,0.750,intermittent,36-40;95-109
Q8NGX5,37,4,99,62,0.374,intermittent,1-25;76-99;161-197;259-271
Q9BYF1,723,1,723,0,1.000,contiguous,18-740
O75631,189,1,189,0,1.000,contiguous,19-207
Q15155,1124,1,1124,0,1.000,contiguous,32-1155
P0C626,25,4,67,42,0.373,intermittent,1-24;119-143;189-196;259-268
P48048,25,2,34,9,0.735,intermittent,103-127;147-155
Q96L58,295,1,295,0,1.000,contiguous,35-329
Q8NHA4,37,4,96,59,0.385,intermittent,1-25;80-100;159-195;259-271
A1KXE4,100,1,100,0,1.000,contiguous,43-142
Q9BX84,79,4,125,46,0.632,intermittent,763-841;927-939;994-1012;1034-1047
P27487,738,1,738,0,1.000,contiguous,29-766
Q9NPD5,112,6,252,140,0.444,intermittent,49-67;120-168;238-255;354-373;426-537;596-629
Q13449,286,0,0,0,,no_accepted_segment,
Q96RP7,447,1,447,0,1.000,contiguous,40-486
Q96D96,17,2,24,7,0.708,intermittent,122-138;191-197
Q9NVV0,19,4,61,42,0.311,intermittent,1-19;71-82;122-139;196-207
Q8NGY1,37,4,99,62,0.374,intermittent,1-25;76-99;161-197;259-271
Q8NG77,37,4,94,57,0.394,intermittent,1-23;78-98;157-193;258-270
Q9NTJ5,7,1,7,0,1.000,contiguous,542-548
Q12791,86,5,128,42,0.672,intermittent,1-86;200-214;261-264;322-335;359-367
Q10981,315,1,315,0,1.000,contiguous,29-343
Q8N3G9,315,1,315,0,1.000,contiguous,25-339
Q92544,258,5,299,41,0.863,intermittent,24-281;368-376;438-449;523-535;592-598
Q9H7T0,1053,1,1053,0,1.000,contiguous,1-1053
Q6DN72,288,1,288,0,1.000,contiguous,20-307
P23510,133,1,133,0,1.000,contiguous,51-183
Q8TDX9,1748,6,2078,330,0.841,intermittent,1-1748;1978-1992;2157-2174;2303-2522;2584-2616;2668-2711
O14804,34,4,91,57,0.374,intermittent,1-34;92-109;176-204;275-284
Q2TAA5,19,1,19,0,1.000,contiguous,1-19
O43155,506,1,506,0,1.000,contiguous,36-541
Q13332,1253,1,1253,0,1.000,contiguous,30-1282
Q96FL9,526,1,526,0,1.000,contiguous,27-552
Q9NS66,28,4,85,57,0.329,intermittent,1-26;81-97;161-188;309-322
P17693,284,1,284,0,1.000,contiguous,25-308
Q9BWL3,7,1,7,0,1.000,contiguous,1-7
O94901,477,1,477,0,1.000,contiguous,309-785
Q9ULH4,514,1,514,0,1.000,contiguous,21-534
O14931,117,1,117,0,1.000,contiguous,19-135
Q6UXK5,606,1,606,0,1.000,contiguous,26-631
Q11128,340,1,340,0,1.000,contiguous,35-374
P32927,427,1,427,0,1.000,contiguous,17-443
Q9NX76,7,2,14,7,0.500,intermittent,61-67;128-134
P26010,704,1,704,0,1.000,contiguous,20-723
P49768,29,5,61,32,0.475,intermittent,104-132;190-194;242-248;402-407;454-467
Q8NGE8,37,4,94,57,0.394,intermittent,1-25;80-100;159-195;259-269
O00144,207,4,299,92,0.692,intermittent,23-229;288-315;377-400;469-508
Q9H2C8,36,4,109,73,0.330,intermittent,1-34;85-108;170-205;268-282
Q86V35,6,1,6,0,1.000,contiguous,210-215
Q6ZSY5,10,1,10,0,1.000,contiguous,790-799
Q6ZMI3,512,1,512,0,1.000,contiguous,40-551
Q96DB9,124,1,124,0,1.000,contiguous,22-145
Q9BT76,211,1,211,0,1.000,contiguous,30-240
Q8NGJ5,36,4,102,66,0.353,intermittent,1-27;78-101;163-198;261-275
P23945,349,4,402,53,0.868,intermittent,18-366;422-443;509-528;598-608
P69849,1124,1,1124,0,1.000,contiguous,32-1155
Q9Y5E6,664,1,664,0,1.000,contiguous,27-690
Q01344,322,1,322,0,1.000,contiguous,21-342
P57727,385,1,385,0,1.000,contiguous,70-454
Q96RI8,34,4,90,56,0.378,intermittent,1-32;90-107;169-202;277-282
Q9BRY0,22,5,44,22,0.500,intermittent,1-3;64-85;191-196;251-262;314-314
Q9HC58,63,6,97,34,0.649,intermittent,45-107;175-182;232-234;506-510;571-580;637-644
O95259,49,4,99,50,0.495,intermittent,242-248;310-345;400-448;471-477
Q8N131,140,1,140,0,1.000,contiguous,27-166
Q96R09,37,4,94,57,0.394,intermittent,1-23;78-98;157-193;258-270
O60279,539,1,539,0,1.000,contiguous,36-574
Q8N114,77,1,77,0,1.000,contiguous,29-105
P30530,426,1,426,0,1.000,contiguous,26-451
Q96RN1,35,6,122,87,0.287,intermittent,117-119;168-202;254-270;329-355;414-429;474-497
Q8NGH3,41,4,112,71,0.366,intermittent,1-41;96-116;175-211;276-288
Q969N2,504,1,504,0,1.000,contiguous,22-525
Q7Z7M8,374,1,374,0,1.000,contiguous,24-397
Q8IZT8,314,1,314,0,1.000,contiguous,33-346
Q16281,26,3,36,10,0.722,intermittent,193-198;267-270;322-347
Q14242,303,1,303,0,1.000,contiguous,18-320
Q9H209,37,4,100,63,0.370,intermittent,1-26;77-100;162-198;260-272
A6NMU1,36,4,92,56,0.391,intermittent,1-32;83-103;168-203;277-279
O43861,17,5,49,32,0.347,intermittent,169-173;402-409;952-963;1032-1038;1089-1105
A6NM03,45,4,101,56,0.446,intermittent,1-30;78-97;161-205;266-271
O75907,12,5,41,29,0.293,intermittent,119-130;185-191;309-315;421-428;482-488
P09564,155,1,155,0,1.000,contiguous,26-180
P23416,229,3,251,22,0.912,intermittent,28-256;305-315;442-452
Q9BX67,210,1,210,0,1.000,contiguous,32-241
Q9P2V4,505,1,505,0,1.000,contiguous,22-526
Q9ULC0,172,1,172,0,1.000,contiguous,19-190
Q6P1J6,1396,1,1396,0,1.000,contiguous,22-1417
Q9Y284,11,2,12,1,0.917,intermittent,52-52;96-106
O14522,722,1,722,0,1.000,contiguous,26-747
P15144,935,1,935,0,1.000,contiguous,33-967
P14784,214,1,214,0,1.000,contiguous,27-240
Q5I7T1,37,6,105,68,0.352,intermittent,28-64;119-126;172-175;278-283;339-365;414-436
Q9UNG2,129,1,129,0,1.000,contiguous,49-177
P43307,189,1,189,0,1.000,contiguous,19-207
Q9UKB5,239,1,239,0,1.000,contiguous,44-282
Q5SRI9,433,1,433,0,1.000,contiguous,30-462
Q9UL52,383,1,383,0,1.000,contiguous,41-423
Q9H237,38,4,135,97,0.281,intermittent,39-66;117-152;220-252;359-396
Q9BSA4,127,3,276,149,0.460,intermittent,1-44;109-213;262-388
Q9Y5U4,19,3,36,17,0.528,intermittent,52-70;127-129;176-189
O95395,412,1,412,0,1.000,contiguous,27-438
Q8NHC6,43,4,122,79,0.352,intermittent,1-43;94-117;173-214;277-289
Q6QNK2,542,4,569,27,0.953,intermittent,26-567;624-632;696-710;781-783
Q9H252,44,4,75,31,0.587,intermittent,283-298;362-370;420-463;485-490
Q96KV6,219,1,219,0,1.000,contiguous,28-246
P29033,33,2,66,33,0.500,intermittent,41-73;157-189
O15374,22,6,63,41,0.349,intermittent,38-59;109-109;165-174;321-337;394-394;447-458
P0CG37,132,0,0,0,,no_accepted_segment,
Q8N205,28,1,28,0,1.000,contiguous,377-404
Q96R69,37,4,87,50,0.425,intermittent,1-18;73-93;152-188;252-262
O95377,38,2,73,35,0.521,intermittent,41-75;150-187
Q9GZK7,37,4,100,63,0.370,intermittent,1-27;78-100;162-198;260-272
Q9Y219,1054,1,1054,0,1.000,contiguous,27-1080
P32297,219,3,253,34,0.866,intermittent,32-250;286-307;494-505
Q9UGQ2,4,2,6,2,0.667,intermittent,54-57;124-125
Q96AP7,219,1,219,0,1.000,contiguous,30-248
Q8TDQ1,137,1,137,0,1.000,contiguous,20-156
Q9Y5H5,668,1,668,0,1.000,contiguous,30-697
O75078,509,1,509,0,1.000,contiguous,226-734
Q8NFY4,642,1,642,0,1.000,contiguous,21-662
Q86VZ1,28,4,74,46,0.378,intermittent,1-19;79-88;160-187;259-275
Q8NH79,37,4,97,60,0.381,intermittent,1-23;74-97;159-195;257-269
Q9NYV7,36,4,67,31,0.537,intermittent,1-1;63-84;147-182;250-257
Q6UWN5,199,0,0,0,,no_accepted_segment,
Q9GZN0,35,4,77,42,0.455,intermittent,1-35;95-116;180-195;307-310
Q13530,96,5,179,83,0.536,intermittent,1-96;154-159;225-239;351-406;468-473
Q9ULK0,542,2,714,172,0.759,intermittent,21-562;659-830
Q10469,418,1,418,0,1.000,contiguous,30-447
O95497,469,0,0,0,,no_accepted_segment,
A6NGU5,542,1,542,0,1.000,contiguous,27-568
Q8TBE1,41,2,42,1,0.976,intermittent,32-72;160-160
P56159,404,0,0,0,,no_accepted_segment,
P0C7V7,142,1,142,0,1.000,contiguous,25-166
Q9UJQ1,206,1,206,0,1.000,contiguous,30-235
O60241,904,4,944,40,0.958,intermittent,33-936;987-994;1058-1078;1143-1153
P33151,552,1,552,0,1.000,contiguous,48-599
Q9NSI5,266,1,266,0,1.000,contiguous,1-266
Q96A59,39,2,63,24,0.619,intermittent,248-271;322-360
O75185,398,5,463,65,0.860,intermittent,128-129;253-293;353-750;826-837;896-905
Q96RL6,534,1,534,0,1.000,contiguous,28-561
O75871,120,1,120,0,1.000,contiguous,36-155
P55064,18,4,37,19,0.486,intermittent,34-39;109-126;180-180;192-203
P51686,48,4,89,41,0.539,intermittent,1-48;110-120;186-208;284-290
Q8NFU1,19,2,28,9,0.679,intermittent,52-60;256-274
Q9Y5H0,663,1,663,0,1.000,contiguous,30-692
Q9HDB5,527,1,527,0,1.000,contiguous,36-562
P49286,42,4,97,55,0.433,intermittent,1-42;98-115;177-200;275-287
Q9H7F0,53,5,95,42,0.558,intermittent,227-232;431-448;962-962;1021-1073;1127-1143
Q99523,678,1,678,0,1.000,contiguous,78-755
P19440,543,1,543,0,1.000,contiguous,27-569
Q13304,64,4,138,74,0.464,intermittent,1-64;114-133;197-223;282-308
O43525,20,4,53,33,0.377,intermittent,144-153;214-225;283-302;316-326
P22303,556,0,0,0,,no_accepted_segment,
Q7L8C5,6,1,6,0,1.000,contiguous,1-6
Q8NGK5,37,4,103,66,0.359,intermittent,1-27;78-101;163-199;262-276
Q9HCK4,838,1,838,0,1.000,contiguous,22-859
P56746,50,2,69,19,0.725,intermittent,25-74;141-159
P32249,31,4,87,56,0.356,intermittent,1-31;96-105;169-192;266-287
P35498,100,16,353,253,0.283,intermittent,147-152;206-213;270-369;385-397;788-797;850-854;913-938;953-965;1238-1250;1305-1313;1370-1415;1434-1457;1561-1571;1624-1636;1689-1711;1727-1759
O76000,37,4,96,59,0.385,intermittent,1-25;80-100;159-195;260-272
Q8TAB3,657,1,657,0,1.000,contiguous,22-678
A6NMZ5,41,4,107,66,0.383,intermittent,1-25;69-100;159-199;255-263
Q8WZA6,28,4,85,57,0.329,intermittent,1-28;129-141;217-242;293-310
Q6UXU4,103,2,126,23,0.817,intermittent,30-132;195-217
Q6V0I7,4466,1,4466,0,1.000,contiguous,39-4504
Q9Y2C2,336,1,336,0,1.000,contiguous,71-406
P17813,561,1,561,0,1.000,contiguous,26-586
Q14392,608,1,608,0,1.000,contiguous,20-627
O60487,128,1,128,0,1.000,contiguous,27-154
Q8NAC3,518,1,518,0,1.000,contiguous,21-538
O15394,678,1,678,0,1.000,contiguous,20-697
Q9HBT6,560,1,560,0,1.000,contiguous,60-619
P01375,177,1,177,0,1.000,contiguous,57-233
Q8TDN7,27,4,40,13,0.675,intermittent,1-27;79-81;138-138;198-206
P16410,126,1,126,0,1.000,contiguous,36-161
Q9UGP8,98,2,112,14,0.875,intermittent,1-14;91-188
Q9BRR3,216,2,311,95,0.695,intermittent,44-259;309-403
Q9NZV1,905,1,905,0,1.000,contiguous,35-939
Q16832,378,1,378,0,1.000,contiguous,22-399
O95498,470,0,0,0,,no_accepted_segment,
Q9H244,27,4,84,57,0.321,intermittent,1-27;83-97;163-185;260-278
Q96RA2,37,4,99,62,0.374,intermittent,1-25;76-99;161-197;259-271
P18850,272,1,272,0,1.000,contiguous,399-670
Q99463,39,4,92,53,0.424,intermittent,1-39;105-111;172-206;280-290
P42658,749,1,749,0,1.000,contiguous,117-865
P48549,24,2,33,9,0.727,intermittent,106-129;149-157
P21730,37,4,97,60,0.381,intermittent,1-37;94-110;175-200;266-282
Q9Y5G6,664,1,664,0,1.000,contiguous,29-692
Q7Z4T8,416,1,416,0,1.000,contiguous,28-443
Q6NUS6,559,1,559,0,1.000,contiguous,23-581
Q8NGT0,37,4,105,68,0.352,intermittent,1-25;76-99;161-197;259-277
P30273,5,1,5,0,1.000,contiguous,19-23
P20594,436,1,436,0,1.000,contiguous,23-458
Q969M3,2,2,3,1,0.667,intermittent,146-146;195-196
Q8NGT7,37,4,95,58,0.389,intermittent,1-24;79-99;158-194;259-271
Q8NH70,37,4,92,55,0.402,intermittent,1-23;78-98;157-193;257-267
Q9BZM5,191,0,0,0,,no_accepted_segment,
P10696,483,0,0,0,,no_accepted_segment,
Q96LB1,28,4,51,23,0.549,intermittent,1-28;94-102;171-178;251-256
Q9Y267,93,6,146,53,0.637,intermittent,92-184;232-235;292-297;401-408;459-488;534-538
Q9UMX9,27,6,58,31,0.466,intermittent,68-68;132-138;206-216;340-366;420-425;499-504
P26717,138,1,138,0,1.000,contiguous,94-231
Q8IZF2,985,4,1028,43,0.958,intermittent,22-1006;1075-1090;1150-1173;1242-1244
O94886,51,6,124,73,0.411,intermittent,1-51;168-191;445-462;533-554;625-628;690-694
Q5VWK5,332,1,332,0,1.000,contiguous,24-355
Q96SJ8,119,2,134,15,0.888,intermittent,35-49;105-223
P11230,221,1,221,0,1.000,contiguous,24-244
Q13291,217,1,217,0,1.000,contiguous,21-237
Q9H1U4,484,1,484,0,1.000,contiguous,31-514
Q86UW2,34,1,34,0,1.000,contiguous,1-34
Q14162,402,1,402,0,1.000,contiguous,20-421
P56748,53,2,81,28,0.654,intermittent,29-81;139-166
Q9H7Z7,57,1,57,0,1.000,contiguous,1-57
P47883,38,4,100,62,0.380,intermittent,1-28;83-103;162-199;263-275
Q5JTV8,228,1,228,0,1.000,contiguous,356-583
P59542,33,4,57,24,0.579,intermittent,1-1;77-87;149-181;248-259
Q9Y673,7,1,7,0,1.000,contiguous,1-7
O75129,884,2,1041,157,0.849,intermittent,50-206;456-1339
Q9UBS5,572,4,632,60,0.905,intermittent,20-591;653-667;732-768;826-833
Q13113,28,1,28,0,1.000,contiguous,1-28
Q76MJ5,396,1,396,0,1.000,contiguous,35-430
Q8N6L0,20,1,20,0,1.000,contiguous,543-562
Q9H2A9,393,1,393,0,1.000,contiguous,32-424
Q8NGU9,54,4,94,40,0.574,intermittent,1-3;65-81;184-237;315-334
Q14957,535,2,704,169,0.760,intermittent,20-554;645-813
O00591,218,2,229,11,0.952,intermittent,24-241;291-301
P28827,722,1,722,0,1.000,contiguous,21-742
Q6UXZ0,191,1,191,0,1.000,contiguous,30-220
Q9N2K0,488,1,488,0,1.000,contiguous,36-523
Q13586,191,1,191,0,1.000,contiguous,23-213
Q96PB1,274,8,353,79,0.776,intermittent,40-313;385-395;461-461;508-513;569-605;660-671;720-725;792-797
Q7Z7M1,662,4,689,27,0.961,intermittent,1-662;713-720;784-800;879-880
P29972,24,4,53,29,0.453,intermittent,30-46;110-133;182-186;200-206
P47901,35,4,96,61,0.365,intermittent,1-35;94-108;174-201;304-321
Q9Y5P1,36,4,98,62,0.367,intermittent,1-23;74-97;159-194;257-271
Q6Y1H2,30,3,54,24,0.556,intermittent,61-79;126-130;188-217
Q6P4E1,401,1,401,0,1.000,contiguous,36-436
Q5VTY9,45,5,106,61,0.425,intermittent,24-68;150-166;263-284;380-385;450-465
Q96AG4,42,1,42,0,1.000,contiguous,266-307
O43490,285,3,629,344,0.453,intermittent,20-108;179-433;508-792
Q9BQS7,1087,1,1087,0,1.000,contiguous,24-1110
Q9BWV1,825,1,825,0,1.000,contiguous,31-855
P34903,246,3,271,25,0.908,intermittent,29-274;326-336;479-492
Q7L0J3,130,6,180,50,0.722,intermittent,191-205;255-262;316-334;469-598;648-651;709-712
P46093,16,4,39,23,0.410,intermittent,1-8;81-85;157-172;251-260
P13473,347,1,347,0,1.000,contiguous,29-375
O75063,384,1,384,0,1.000,contiguous,26-409
O15389,425,1,425,0,1.000,contiguous,17-441
Q9BS91,60,5,109,49,0.550,intermittent,30-53;117-119;169-228;285-303;352-354
Q9BSA9,27,6,80,53,0.338,intermittent,57-77;129-138;206-210;283-309;361-375;441-442
O15466,338,1,338,0,1.000,contiguous,39-376
Q5DID0,1251,1,1251,0,1.000,contiguous,22-1272
O60637,106,2,124,18,0.855,intermittent,33-50;107-212
P13637,42,5,71,29,0.592,intermittent,108-118;304-306;787-793;863-904;967-974
Q8NGB6,37,4,94,57,0.394,intermittent,1-25;80-100;159-195;261-271
Q9P1W3,37,6,106,69,0.349,intermittent,1-37;160-182;434-448;520-542;615-617;679-683
Q99571,284,1,284,0,1.000,contiguous,55-338
P10321,284,1,284,0,1.000,contiguous,25-308
Q9UKF2,489,1,489,0,1.000,contiguous,199-687
Q8N6F1,53,2,75,22,0.707,intermittent,29-81;139-160
Q96R08,36,4,96,60,0.375,intermittent,1-23;74-97;159-194;257-269
Q8IYV9,271,1,271,0,1.000,contiguous,22-292
Q96B42,25,2,43,18,0.581,intermittent,1-25;74-91
Q3SY77,461,1,461,0,1.000,contiguous,23-483
P40189,597,1,597,0,1.000,contiguous,23-619
Q8NH67,55,4,131,76,0.420,intermittent,1-55;106-129;191-226;289-304
P56937,229,1,229,0,1.000,contiguous,1-229
Q15612,37,4,96,59,0.385,intermittent,1-25;80-100;159-195;260-272
P04201,36,4,85,49,0.424,intermittent,1-36;87-104;173-185;246-263
Q96R67,37,4,92,55,0.402,intermittent,1-23;78-98;157-193;257-267
Q02094,28,6,68,40,0.412,intermittent,24-51;101-113;164-167;230-239;292-295;354-362
O43889,124,1,124,0,1.000,contiguous,248-371
O60500,1032,1,1032,0,1.000,contiguous,23-1054
Q9P035,24,3,45,21,0.533,intermittent,171-185;236-241;299-322
Q96S52,478,1,478,0,1.000,contiguous,40-517
P47881,38,4,98,60,0.388,intermittent,1-28;83-103;162-199;265-275
O60603,568,1,568,0,1.000,contiguous,21-588
Q8NGK6,36,4,105,69,0.343,intermittent,1-29;80-103;165-200;263-278
P23229,1027,1,1027,0,1.000,contiguous,24-1050
Q8NGF4,54,4,127,73,0.425,intermittent,1-34;78-104;157-210;267-278
P46695,57,1,57,0,1.000,contiguous,100-156
Q96EX2,181,3,295,114,0.614,intermittent,1-181;236-255;351-444
P41595,56,4,111,55,0.505,intermittent,1-56;114-129;193-216;346-360
Q9NYW7,33,4,61,28,0.541,intermittent,1-9;77-81;146-178;244-257
P78410,219,1,219,0,1.000,contiguous,30-248
P43007,77,5,137,60,0.562,intermittent,68-80;140-216;278-298;393-405;440-452
Q14028,23,3,48,25,0.479,intermittent,679-687;745-760;809-831
Q07011,163,1,163,0,1.000,contiguous,24-186
Q8NG92,37,4,99,62,0.374,intermittent,1-25;76-99;160-196;258-270
Q8WYK1,1213,1,1213,0,1.000,contiguous,25-1237
Q8IXH8,587,1,587,0,1.000,contiguous,28-614
Q9HBE5,213,1,213,0,1.000,contiguous,20-232
Q99884,77,1,77,0,1.000,contiguous,138-214
Q9UIK5,280,1,280,0,1.000,contiguous,41-320
P30301,21,4,43,22,0.488,intermittent,30-41;107-127;176-178;194-200
Q8NGJ9,36,4,102,66,0.353,intermittent,1-27;78-101;163-198;261-275
P46095,74,4,116,42,0.638,intermittent,1-74;131-142;206-230;305-309
Q9GZQ6,43,4,109,66,0.394,intermittent,1-43;102-117;180-214;293-307
Q9Y2Y6,202,1,202,0,1.000,contiguous,25-226
P40126,449,1,449,0,1.000,contiguous,24-472
Q9NY37,377,1,377,0,1.000,contiguous,83-459
P21731,29,4,88,59,0.330,intermittent,1-29;88-106;173-193;271-289
Q14721,20,4,54,34,0.370,intermittent,209-228;281-294;352-364;385-391
Q96P68,34,4,110,76,0.309,intermittent,1-34;91-116;173-201;264-284
Q7Z4J2,253,1,253,0,1.000,contiguous,24-276
P0C623,33,4,84,51,0.393,intermittent,1-26;85-98;164-196;258-268
P27449,16,3,29,13,0.552,intermittent,1-10;77-92;153-155
B0YJ81,30,3,55,25,0.545,intermittent,96-114;160-165;222-251
Q8NGP3,36,4,96,60,0.375,intermittent,1-23;74-97;159-194;257-269
Q13948,38,1,38,0,1.000,contiguous,641-678
Q8TCG5,28,1,28,0,1.000,contiguous,76-103
Q5JUK3,27,4,43,16,0.628,intermittent,127-153;209-215;275-281;303-304
O15529,25,4,81,56,0.309,intermittent,1-19;69-90;154-178;244-258
Q6PIU2,383,1,383,0,1.000,contiguous,26-408
Q9NTG1,1165,6,1487,322,0.783,intermittent,20-1184;1411-1427;1598-1607;1730-1966;2018-2042;2113-2145
Q9HAR2,843,4,871,28,0.968,intermittent,20-862;919-926;991-1005;1074-1078
Q92823,1143,1,1143,0,1.000,contiguous,25-1167
Q8NH69,36,4,98,62,0.367,intermittent,1-25;76-99;161-196;259-271
Q7Z404,168,5,335,167,0.501,intermittent,1-168;271-348;416-425;505-542;614-654
Q8IZF5,750,4,803,53,0.934,intermittent,26-775;833-851;903-928;995-1002
Q7Z7M9,905,1,905,0,1.000,contiguous,36-940
P14415,223,1,223,0,1.000,contiguous,68-290
P17948,732,1,732,0,1.000,contiguous,27-758
Q6UXE8,220,1,220,0,1.000,contiguous,18-237
P07359,515,1,515,0,1.000,contiguous,17-531
Q9H1D0,37,4,67,30,0.552,intermittent,389-425;484-489;553-565;586-596
P23763,2,1,2,0,1.000,contiguous,117-118
P0C646,29,4,77,48,0.377,intermittent,1-14;65-85;150-178;245-257
Q8NG81,37,4,96,59,0.385,intermittent,1-25;80-100;159-195;260-272
Q9Y663,363,1,363,0,1.000,contiguous,44-406
Q5VY80,192,0,0,0,,no_accepted_segment,
P26715,140,1,140,0,1.000,contiguous,94-233
Q8TCU5,651,2,822,171,0.792,intermittent,24-674;762-932
Q902F9,543,1,543,0,1.000,contiguous,90-632
Q9Y6N8,559,1,559,0,1.000,contiguous,55-613
Q8NFZ8,304,1,304,0,1.000,contiguous,21-324
Q13683,1049,1,1049,0,1.000,contiguous,34-1082
O43556,317,1,317,0,1.000,contiguous,1-317
Q92692,329,1,329,0,1.000,contiguous,32-360
O94823,30,5,73,43,0.411,intermittent,105-110;339-368;1133-1144;1217-1223;1274-1291
Q9BSR8,8,2,12,4,0.667,intermittent,135-138;188-195
Q04900,139,1,139,0,1.000,contiguous,24-162
Q13061,661,1,661,0,1.000,contiguous,69-729
Q8N967,275,1,275,0,1.000,contiguous,36-310
O15162,13,1,13,0,1.000,contiguous,306-318
P61647,374,1,374,0,1.000,contiguous,25-398
A1L3X0,26,4,66,40,0.394,intermittent,2-27;94-115;163-171;228-236
Q96P31,556,1,556,0,1.000,contiguous,18-573
P35499,119,16,357,238,0.333,intermittent,151-157;211-216;273-391;417-423;598-608;663-664;718-746;768-778;1051-1063;1116-1123;1180-1230;1253-1269;1373-1383;1433-1445;1500-1521;1545-1574
Q8NH01,37,4,93,56,0.398,intermittent,1-22;77-97;156-192;257-269
P05067,684,1,684,0,1.000,contiguous,18-701
Q9Y328,79,1,79,0,1.000,contiguous,93-171
Q9NZ94,672,1,672,0,1.000,contiguous,38-709
Q3KNT9,129,1,129,0,1.000,contiguous,17-145
Q9Y6X5,392,1,392,0,1.000,contiguous,16-407
Q9NYQ6,2448,4,2478,30,0.988,intermittent,22-2469;2523-2527;2594-2611;2677-2683
Q8NH89,42,4,104,62,0.404,intermittent,1-25;76-99;155-196;259-271
Q86WI1,4190,1,4190,0,1.000,contiguous,21-4210
Q8WVP7,27,5,110,83,0.245,intermittent,1-19;84-110;173-187;313-339;405-426
Q5TFQ8,342,1,342,0,1.000,contiguous,30-371
O60512,362,1,362,0,1.000,contiguous,32-393
Q8N0Y5,36,4,98,62,0.367,intermittent,1-25;76-99;161-196;258-270
Q9BY67,330,1,330,0,1.000,contiguous,45-374
Q13410,216,1,216,0,1.000,contiguous,27-242
O43157,1471,1,1471,0,1.000,contiguous,20-1490
O75923,13,1,13,0,1.000,contiguous,2068-2080
Q92887,41,9,144,103,0.285,intermittent,1-27;90-93;148-165;335-360;459-461;566-587;993-1033;1119-1119;1233-1234
P0DKB5,281,1,281,0,1.000,contiguous,27-307
Q16827,793,1,793,0,1.000,contiguous,30-822
Q5U4P2,295,1,295,0,1.000,contiguous,96-390
Q8NHU3,27,3,59,32,0.458,intermittent,101-127;180-205;269-274
Q86UG4,109,6,225,116,0.484,intermittent,127-145;197-223;296-311;401-420;473-581;640-673
Q13639,31,4,71,40,0.437,intermittent,1-19;79-92;158-188;284-290
O15431,61,2,64,3,0.953,intermittent,1-61;154-156
Q86UN3,343,0,0,0,,no_accepted_segment,
Q8N5K1,36,1,36,0,1.000,contiguous,2-37
Q8NGK2,36,4,102,66,0.353,intermittent,1-27;78-101;163-198;261-275
Q9HD43,727,1,727,0,1.000,contiguous,28-754
O60636,77,2,97,20,0.794,intermittent,35-54;112-188
Q96RB7,36,4,97,61,0.371,intermittent,1-25;76-98;160-195;258-270
Q8NGY3,41,4,114,73,0.360,intermittent,1-41;92-115;177-212;274-286
P19320,674,1,674,0,1.000,contiguous,25-698
Q92956,164,1,164,0,1.000,contiguous,39-202
Q8NGN7,37,4,95,58,0.389,intermittent,1-23;74-97;159-195;257-267
Q86XM0,703,1,703,0,1.000,contiguous,21-723
P01732,161,1,161,0,1.000,contiguous,22-182
Q96NU0,1220,1,1220,0,1.000,contiguous,26-1245
P25024,39,4,100,61,0.390,intermittent,1-39;97-111;175-199;265-285
Q9NR96,793,1,793,0,1.000,contiguous,26-818
Q99679,32,4,73,41,0.438,intermittent,1-32;97-104;169-191;274-283
Q53FP2,35,2,40,5,0.875,intermittent,27-61;110-114
Q6ZS10,185,1,185,0,1.000,contiguous,194-378
P58400,346,1,346,0,1.000,contiguous,51-396
P41273,205,1,205,0,1.000,contiguous,50-254
P32926,566,1,566,0,1.000,contiguous,50-615
P58180,37,4,94,57,0.394,intermittent,1-25;80-100;159-195;259-269
Q9ULW2,205,4,292,87,0.702,intermittent,21-225;284-311;373-393;465-502
Q2QL34,42,2,58,16,0.724,intermittent,35-50;109-150
O60896,90,1,90,0,1.000,contiguous,24-113
Q9Y5Y3,38,4,95,57,0.400,intermittent,1-38;97-109;171-198;290-305
Q86T26,378,1,378,0,1.000,contiguous,39-416
Q9UHI5,25,5,65,40,0.385,intermittent,66-73;150-157;211-230;288-312;383-386
Q6UXG3,229,1,229,0,1.000,contiguous,19-247
O14569,16,3,27,11,0.593,intermittent,39-46;107-122;184-186
Q8WVV5,233,1,233,0,1.000,contiguous,33-265
Q8NGK9,36,4,100,64,0.360,intermittent,1-27;78-101;163-198;261-273
Q9NPZ5,300,1,300,0,1.000,contiguous,24-323
Q6P4F1,448,1,448,0,1.000,contiguous,32-479
P22223,547,1,547,0,1.000,contiguous,108-654
Q9BY19,23,2,26,3,0.885,intermittent,96-98;158-180
P48509,109,2,127,18,0.858,intermittent,40-57;113-221
Q9NXG6,421,1,421,0,1.000,contiguous,82-502
Q6P531,418,1,418,0,1.000,contiguous,76-493
Q9Y5F6,664,1,664,0,1.000,contiguous,30-693
P22794,103,1,103,0,1.000,contiguous,31-133
Q92633,50,4,98,48,0.510,intermittent,1-50;108-121;185-204;281-294
Q02487,559,1,559,0,1.000,contiguous,136-694
Q8NGA4,46,3,97,51,0.474,intermittent,1-46;100-116;180-213
Q96KK4,37,4,98,61,0.378,intermittent,1-24;75-98;160-196;258-270
O14894,46,2,62,16,0.742,intermittent,31-46;112-157
Q9H172,64,3,85,21,0.753,intermittent,415-425;494-503;554-617
Q8NGI4,37,4,94,57,0.394,intermittent,1-25;80-100;159-195;259-269
Q07699,139,1,139,0,1.000,contiguous,19-157
Q8WVQ1,339,1,339,0,1.000,contiguous,63-401
Q8WWP7,14,1,14,0,1.000,contiguous,293-306
Q9BTX1,30,3,79,49,0.380,intermittent,46-68;136-165;247-272
Q14118,96,1,96,0,1.000,contiguous,654-749
Q6IWH7,105,4,238,133,0.441,intermittent,377-420;521-550;610-714;785-843
Q15619,37,4,96,59,0.385,intermittent,1-25;80-100;159-195;260-272
O95210,6,1,6,0,1.000,contiguous,1-6
Q2VWP7,914,1,914,0,1.000,contiguous,36-949
Q5VZR4,49,2,57,8,0.860,intermittent,1-49;104-111
P12314,277,1,277,0,1.000,contiguous,16-292
Q15629,26,4,72,46,0.361,intermittent,51-76;143-159;214-217;273-297
Q0VDE8,13,1,13,0,1.000,contiguous,1-13
O95406,25,2,26,1,0.962,intermittent,32-56;144-144
Q6GPH6,79,1,79,0,1.000,contiguous,25-103
Q8NH56,36,4,109,73,0.330,intermittent,1-33;85-108;170-205;268-283
Q99805,272,5,313,41,0.869,intermittent,29-300;396-398;459-466;544-554;613-631
Q9Y5X5,147,4,214,67,0.687,intermittent,1-147;206-221;284-319;399-413
P22748,265,0,0,0,,no_accepted_segment,
Q6ZRH7,1030,1,1030,0,1.000,contiguous,36-1065
Q9UP95,122,4,184,62,0.663,intermittent,142-149;226-248;298-419;474-504
A8MV81,11,1,11,0,1.000,contiguous,48-58
O60403,37,4,99,62,0.374,intermittent,1-25;76-99;161-197;260-272
Q9Y4A9,37,4,99,62,0.374,intermittent,1-25;76-99;161-197;260-272
Q8NGL9,37,4,92,55,0.402,intermittent,1-23;78-98;157-193;257-267
Q8TBG9,56,2,98,42,0.571,intermittent,26-81;136-177
Q13421,302,0,0,0,,no_accepted_segment,
Q9HDD0,9,1,9,0,1.000,contiguous,160-168
Q9UQC9,870,1,870,0,1.000,contiguous,32-901
Q969P0,552,1,552,0,1.000,contiguous,28-579
O60486,910,1,910,0,1.000,contiguous,35-944
Q99965,512,1,512,0,1.000,contiguous,175-686
P29016,286,1,286,0,1.000,contiguous,18-303
P34925,202,1,202,0,1.000,contiguous,26-227
Q9H4A9,430,0,0,0,,no_accepted_segment,
Q9Y5E9,660,1,660,0,1.000,contiguous,27-686
Q16819,647,1,647,0,1.000,contiguous,66-712
Q13563,227,4,273,46,0.832,intermittent,242-468;527-552;620-631;647-654
P10620,7,3,17,10,0.412,intermittent,3-9;97-99;149-155
Q8IYL9,21,4,43,22,0.488,intermittent,1-5;78-82;154-174;253-264
Q7Z3B1,286,0,0,0,,no_accepted_segment,
O94766,307,1,307,0,1.000,contiguous,29-335
Q9NZM1,15,1,15,0,1.000,contiguous,2047-2061
Q9UPI3,18,6,39,21,0.462,intermittent,102-119;170-176;237-241;339-342;397-399;464-465
Q9H4B8,427,0,0,0,,no_accepted_segment,
Q92537,81,1,81,0,1.000,contiguous,40-120
Q14524,85,16,312,227,0.272,intermittent,150-157;210-216;273-357;379-386;738-746;797-806;861-884;904-912;1226-1236;1292-1297;1356-1400;1423-1445;1548-1558;1613-1619;1680-1697;1715-1745
Q93063,672,1,672,0,1.000,contiguous,47-718
O75508,60,2,74,14,0.811,intermittent,23-82;144-157
P35575,36,5,107,71,0.336,intermittent,1-28;82-117;169-179;231-254;313-320
Q9UBD6,30,6,95,65,0.316,intermittent,31-60;107-123;170-177;240-250;303-303;367-394
Q2WGJ8,11,1,11,0,1.000,contiguous,83-93
P49683,62,4,115,53,0.539,intermittent,1-62;123-126;197-225;298-317
Q9UN76,104,1,104,0,1.000,contiguous,131-234
Q8NGE2,37,4,94,57,0.394,intermittent,1-23;78-98;157-193;258-270
Q9C0A0,1216,1,1216,0,1.000,contiguous,26-1241
O95800,46,4,94,48,0.489,intermittent,1-46;108-120;182-205;340-350
P04439,284,1,284,0,1.000,contiguous,25-308
Q5VV63,1178,1,1178,0,1.000,contiguous,53-1230
P42167,20,1,20,0,1.000,contiguous,435-454
Q9Y5Q0,22,2,27,5,0.815,intermittent,155-159;285-306
Q9C0H2,129,3,275,146,0.469,intermittent,1-42;108-211;258-386
Q9Y5S1,64,3,90,26,0.711,intermittent,410-429;488-493;557-620
Q01718,27,3,55,28,0.491,intermittent,1-27;87-99;242-256
Q86UE6,393,1,393,0,1.000,contiguous,35-427
Q8IU57,208,1,208,0,1.000,contiguous,21-228
P16234,505,1,505,0,1.000,contiguous,24-528
Q9NR82,11,4,35,24,0.314,intermittent,147-156;222-229;288-298;320-325
Q6IFH4,36,4,98,62,0.367,intermittent,1-25;76-99;161-196;259-271
P31994,175,1,175,0,1.000,contiguous,43-217
P20036,194,1,194,0,1.000,contiguous,29-222
Q9UN71,659,1,659,0,1.000,contiguous,31-689
Q5SSG8,455,1,455,0,1.000,contiguous,25-479
Q8N149,426,1,426,0,1.000,contiguous,24-449
P35368,45,4,79,34,0.570,intermittent,1-45;106-115;185-201;320-326
Q86YD5,156,1,156,0,1.000,contiguous,18-173
O75019,445,1,445,0,1.000,contiguous,17-461
Q8NFK1,41,2,73,32,0.562,intermittent,44-75;154-194
Q12912,39,1,39,0,1.000,contiguous,517-555
Q9NRY7,4,1,4,0,1.000,contiguous,294-297
Q96P66,35,4,91,56,0.385,intermittent,1-35;90-106;171-196;421-433
Q9BVH7,307,1,307,0,1.000,contiguous,30-336
Q9GZZ7,257,0,0,0,,no_accepted_segment,
O95237,15,1,15,0,1.000,contiguous,216-230
Q99527,62,4,126,64,0.492,intermittent,1-62;121-132;195-220;281-306
P15391,272,1,272,0,1.000,contiguous,20-291
P32238,41,4,99,58,0.414,intermittent,1-41;105-115;179-210;335-349
Q5ZPR3,438,1,438,0,1.000,contiguous,29-466
Q15615,37,4,94,57,0.394,intermittent,1-25;80-100;159-195;259-269
Q9Y5F2,664,1,664,0,1.000,contiguous,27-690
Q9NQ40,62,6,146,84,0.425,intermittent,24-43;93-97;159-220;314-335;381-396;449-469
Q86XQ3,21,4,48,27,0.438,intermittent,72-80;132-143;196-216;237-242
P20292,33,3,44,11,0.750,intermittent,1-8;78-80;129-161
O60706,97,8,230,133,0.422,intermittent,1-30;94-101;154-167;323-350;445-455;553-571;1012-1034;1149-1245
Q8N2G4,96,0,0,0,,no_accepted_segment,
Q9NTN9,658,1,658,0,1.000,contiguous,18-675
Q8NH94,75,4,146,71,0.514,intermittent,1-75;130-150;209-246;310-321
O60243,374,1,374,0,1.000,contiguous,38-411
O00341,102,1,102,0,1.000,contiguous,115-216
Q8N428,532,1,532,0,1.000,contiguous,27-558
Q96H15,290,1,290,0,1.000,contiguous,25-314
Q9HBG7,407,1,407,0,1.000,contiguous,48-454
P25025,48,4,109,61,0.440,intermittent,1-48;106-120;184-208;274-294
Q9H3T2,580,1,580,0,1.000,contiguous,25-604
Q8NGY2,39,4,100,61,0.390,intermittent,1-25;76-98;160-198;260-272
P51512,445,1,445,0,1.000,contiguous,120-564
B6SEH8,300,1,300,0,1.000,contiguous,22-321
Q9NZU1,504,1,504,0,1.000,contiguous,49-552
P41180,591,4,625,34,0.946,intermittent,20-610;669-674;746-769;829-832
P08247,57,2,95,38,0.600,intermittent,50-106;162-199
Q9UGF5,36,4,96,60,0.375,intermittent,1-23;74-97;159-194;257-269
P11717,2264,1,2264,0,1.000,contiguous,41-2304
O60478,46,4,99,53,0.465,intermittent,1-46;101-111;181-188;259-292
O00548,528,1,528,0,1.000,contiguous,18-545
O15244,107,6,142,35,0.754,intermittent,44-150;199-208;260-263;370-375;436-441;486-494
P08034,38,2,68,30,0.559,intermittent,46-75;154-191
Q9ULZ9,439,0,0,0,,no_accepted_segment,
Q9Y226,97,6,125,28,0.776,intermittent,42-138;189-195;246-251;354-354;419-427;474-478
Q8IWA5,178,5,344,166,0.517,intermittent,55-232;278-315;386-457;526-563;621-638
Q8NGS1,37,4,96,59,0.385,intermittent,1-25;80-100;159-195;260-272
Q8N441,354,1,354,0,1.000,contiguous,25-378
Q9UL51,23,4,40,17,0.575,intermittent,237-240;310-317;391-413;436-440
Q9NP99,185,1,185,0,1.000,contiguous,21-205
P21589,522,0,0,0,,no_accepted_segment,
Q8NGV5,57,4,131,74,0.435,intermittent,1-57;108-131;193-229;291-303
Q9H6B4,217,1,217,0,1.000,contiguous,19-235
Q8WWV6,434,1,434,0,1.000,contiguous,17-450
Q8N271,286,3,618,332,0.463,intermittent,27-106;175-426;494-779
Q6P9G4,53,1,53,0,1.000,contiguous,23-75
Q8NH08,26,4,74,48,0.351,intermittent,1-26;79-101;169-171;222-243
Q96KA5,253,3,262,9,0.966,intermittent,32-284;343-346;424-428
Q9UKU6,963,1,963,0,1.000,contiguous,107-1069
Q9UPU3,991,1,991,0,1.000,contiguous,135-1125
O95944,171,1,171,0,1.000,contiguous,22-192
P47900,51,4,112,61,0.455,intermittent,1-51;110-125;189-214;285-303
P22897,1371,1,1371,0,1.000,contiguous,19-1389
P17302,32,2,63,31,0.508,intermittent,45-76;177-207
P49810,30,4,54,24,0.556,intermittent,109-138;188-200;245-249;383-388
Q9NXL6,290,6,371,81,0.782,intermittent,20-309;464-494;563-572;622-626;705-710;763-791
P16066,441,1,441,0,1.000,contiguous,33-473
P32302,55,4,125,70,0.440,intermittent,1-55;110-124;189-219;281-304
Q92637,183,1,183,0,1.000,contiguous,16-198
P80370,280,1,280,0,1.000,contiguous,24-303
Q9NST1,419,1,419,0,1.000,contiguous,63-481
A6NKK0,31,4,90,59,0.344,intermittent,1-28;78-98;165-195;262-271
Q8IZF7,451,4,504,53,0.895,intermittent,1-451;509-530;579-606;672-674
Q9NUM4,157,1,157,0,1.000,contiguous,118-274
P23975,67,6,139,72,0.482,intermittent,89-92;167-233;283-306;363-402;465-465;546-548
P61550,537,1,537,0,1.000,contiguous,39-575
Q8NGV6,41,4,114,73,0.360,intermittent,1-41;92-115;177-212;275-287
Q96E93,136,1,136,0,1.000,contiguous,60-195
P58335,285,1,285,0,1.000,contiguous,34-318
A6NDH6,31,4,90,59,0.344,intermittent,1-28;78-98;165-195;262-271
Q9UGQ3,35,6,81,46,0.432,intermittent,59-81;133-140;190-194;311-314;361-395;457-462
Q08554,557,1,557,0,1.000,contiguous,135-691
P04233,224,1,224,0,1.000,contiguous,73-296
Q8NGS9,37,4,105,68,0.352,intermittent,1-25;76-99;161-197;259-277
Q8NH80,37,4,88,51,0.420,intermittent,1-26;79-97;161-197;261-266
Q8NGE9,37,4,99,62,0.374,intermittent,1-25;76-99;161-197;259-271
Q8NHL6,438,1,438,0,1.000,contiguous,24-461
Q8IZJ1,351,1,351,0,1.000,contiguous,27-377
Q10589,113,1,113,0,1.000,contiguous,49-161
P17342,455,1,455,0,1.000,contiguous,27-481
A6ND01,208,0,0,0,,no_accepted_segment,
Q9NVV5,14,3,42,28,0.333,intermittent,31-44;111-124;180-193
Q8TDI8,51,5,155,104,0.329,intermittent,221-271;391-402;470-515;594-596;658-700
Q96RJ3,78,1,78,0,1.000,contiguous,1-78
Q8NGP8,36,4,98,62,0.367,intermittent,1-25;76-99;161-196;259-271
Q99442,17,1,17,0,1.000,contiguous,218-234
Q7Z602,31,4,90,59,0.344,intermittent,1-22;72-89;153-183;249-267
Q9H343,36,4,102,66,0.353,intermittent,1-27;78-101;163-198;261-275
Q8TB68,9,1,9,0,1.000,contiguous,1-9
Q12981,8,1,8,0,1.000,contiguous,221-228
Q96RI0,35,4,106,71,0.330,intermittent,48-82;130-151;214-247;305-319
Q9ULG6,519,1,519,0,1.000,contiguous,239-757
Q5SZK8,3067,1,3067,0,1.000,contiguous,47-3113
P21217,327,1,327,0,1.000,contiguous,35-361
Q9Y5F1,664,1,664,0,1.000,contiguous,27-690
O43300,389,1,389,0,1.000,contiguous,34-422
Q9NU53,245,1,245,0,1.000,contiguous,24-268
Q401N2,208,3,243,35,0.856,intermittent,26-233;287-298;390-412
Q8ND94,172,1,172,0,1.000,contiguous,23-194
O95185,340,1,340,0,1.000,contiguous,41-380
P20333,235,1,235,0,1.000,contiguous,23-257
Q7Z692,125,1,125,0,1.000,contiguous,33-157
P55287,564,1,564,0,1.000,contiguous,54-617
Q9H5K3,307,1,307,0,1.000,contiguous,44-350
Q9NS68,141,1,141,0,1.000,contiguous,30-170
Q8NH74,37,4,99,62,0.374,intermittent,1-25;76-99;161-197;259-271
Q15762,236,1,236,0,1.000,contiguous,19-254
Q5T4T1,37,2,52,15,0.712,intermittent,1-37;90-104
O95622,53,1,53,0,1.000,contiguous,857-909
Q9P2W7,307,1,307,0,1.000,contiguous,28-334
Q5JPE7,1124,1,1124,0,1.000,contiguous,32-1155
Q6IFG1,34,4,98,64,0.347,intermittent,1-30;81-101;166-199;262-274
Q8NGI0,36,4,103,67,0.350,intermittent,1-27;78-101;163-198;261-276
A8MXK1,119,1,119,0,1.000,contiguous,29-147
Q9NR16,1319,1,1319,0,1.000,contiguous,41-1359
Q8NCL8,32,2,55,23,0.582,intermittent,1-23;109-140
Q6U841,73,6,198,125,0.369,intermittent,531-538;584-596;648-720;784-809;877-912;957-998
P30203,385,1,385,0,1.000,contiguous,18-402
O14735,14,3,16,2,0.875,intermittent,27-27;95-95;161-174
Q14246,579,4,620,41,0.934,intermittent,21-599;657-666;732-747;815-829
P30542,26,4,54,28,0.481,intermittent,1-11;69-77;148-173;260-267
P59551,34,4,77,43,0.442,intermittent,1-7;62-88;150-183;256-264
Q6NVV3,67,5,118,51,0.568,intermittent,1-67;136-136;187-207;255-273;327-336
O75477,320,1,320,0,1.000,contiguous,29-348
P33908,591,1,591,0,1.000,contiguous,63-653
O14668,63,1,63,0,1.000,contiguous,21-83
P29965,215,1,215,0,1.000,contiguous,47-261
Q9UN67,666,1,666,0,1.000,contiguous,27-692
Q8WW62,179,1,179,0,1.000,contiguous,22-200
Q86SF2,628,1,628,0,1.000,contiguous,30-657
Q9UHW9,117,4,173,56,0.676,intermittent,159-165;246-263;317-433;488-518
P08962,101,2,120,19,0.842,intermittent,33-51;103-203
O15127,23,2,30,7,0.767,intermittent,175-181;240-262
Q9H313,129,3,277,148,0.466,intermittent,1-43;110-214;262-390
Q6UWR7,396,0,0,0,,no_accepted_segment,
Q96R28,37,4,96,59,0.385,intermittent,1-25;80-100;159-195;260-272
Q8TCT8,147,5,198,51,0.742,intermittent,26-172;242-247;307-311;362-399;459-460
Q5QGZ9,201,1,201,0,1.000,contiguous,65-265
Q9H2E6,631,1,631,0,1.000,contiguous,19-649
Q13705,119,1,119,0,1.000,contiguous,19-137
Q8J025,466,1,466,0,1.000,contiguous,27-492
Q96RD1,37,4,97,60,0.381,intermittent,1-23;74-97;159-195;257-269
Q9NY64,27,6,94,67,0.287,intermittent,47-70;118-127;178-182;278-292;341-367;426-438
Q7Z601,152,4,205,53,0.741,intermittent,1-152;217-233;300-316;379-397
P98161,3051,6,3363,312,0.907,intermittent,24-3074;3299-3323;3581-3582;3687-3901;3957-3984;4049-4090
Q5T601,564,4,602,38,0.937,intermittent,20-583;647-658;720-742;814-816
A2RUT3,39,1,39,0,1.000,contiguous,25-63
Q969Z4,137,1,137,0,1.000,contiguous,26-162
P21854,243,1,243,0,1.000,contiguous,117-359
O43526,13,4,44,31,0.295,intermittent,114-123;184-196;254-263;277-287
Q12846,1,1,1,0,1.000,contiguous,297-297
Q0D2K0,55,5,104,49,0.529,intermittent,1-55;124-124;175-195;245-261;315-324
Q8NGS3,38,4,97,59,0.392,intermittent,1-25;80-100;159-196;260-272
Q9UHI7,35,7,94,59,0.372,intermittent,74-81;125-159;226-229;244-250;334-358;424-426;479-490
O14975,134,2,138,4,0.971,intermittent,1-4;128-261
O75460,425,1,425,0,1.000,contiguous,19-443
Q9BZA8,816,1,816,0,1.000,contiguous,29-844
Q9H3S1,651,1,651,0,1.000,contiguous,33-683
P29017,285,1,285,0,1.000,contiguous,18-302
P48029,71,6,156,85,0.455,intermittent,82-87;160-230;291-304;363-394;466-479;542-560
Q14789,3,1,3,0,1.000,contiguous,3257-3259
Q9H9P2,195,1,195,0,1.000,contiguous,22-216
P26572,416,1,416,0,1.000,contiguous,30-445
Q8N8Q9,21,5,61,40,0.344,intermittent,1-9;78-78;129-149;197-215;268-278
P43004,93,5,163,70,0.571,intermittent,65-87;143-235;297-317;412-424;459-471
Q8TDV0,41,4,105,64,0.390,intermittent,1-41;93-116;175-201;274-286
P49281,38,6,88,50,0.432,intermittent,91-96;176-179;230-255;323-360;430-440;504-506
P08582,689,0,0,0,,no_accepted_segment,
Q96R45,37,4,95,58,0.389,intermittent,1-24;79-99;158-194;259-271
Q9Y3P8,16,1,16,0,1.000,contiguous,25-40
Q5R3F8,375,1,375,0,1.000,contiguous,23-397
Q96RD3,36,4,102,66,0.353,intermittent,1-27;78-101;163-198;260-274
Q9HCL0,672,1,672,0,1.000,contiguous,28-699
Q07075,918,1,918,0,1.000,contiguous,40-957
Q86XK7,211,1,211,0,1.000,contiguous,22-232
Q6DD88,1,1,1,0,1.000,contiguous,467-467
Q8IW52,600,1,600,0,1.000,contiguous,19-618
Q07001,224,1,224,0,1.000,contiguous,22-245
O60883,109,4,180,71,0.606,intermittent,26-134;189-205;273-310;383-398
Q8NGJ6,36,4,102,66,0.353,intermittent,1-27;78-101;163-198;260-274
Q8NHC7,36,4,96,60,0.375,intermittent,1-23;74-97;159-194;257-269
Q5T442,32,2,60,28,0.533,intermittent,47-78;238-265
Q8IZF3,385,4,441,56,0.873,intermittent,22-406;462-485;537-561;628-634
Q9BY21,47,4,115,68,0.409,intermittent,1-47;97-116;181-208;278-297
Q8NG99,37,4,99,62,0.374,intermittent,1-25;76-99;161-197;259-271
O43286,353,1,353,0,1.000,contiguous,36-388
Q96QT4,13,4,24,11,0.542,intermittent,877-882;944-956;1024-1025;1067-1069
P30926,218,3,257,39,0.848,intermittent,22-239;278-296;479-498
Q8NGZ2,42,4,102,60,0.412,intermittent,1-23;74-97;153-194;257-269
A0ZSE6,58,1,58,0,1.000,contiguous,56-113
P41440,14,6,49,35,0.286,intermittent,51-64;113-116;179-183;293-304;355-360;423-430
Q8WZA1,602,1,602,0,1.000,contiguous,59-660
P23276,665,1,665,0,1.000,contiguous,68-732
Q8N609,31,4,84,53,0.369,intermittent,51-81;143-164;216-219;271-297
O15303,561,4,615,54,0.912,intermittent,25-585;644-654;719-748;807-819
Q16099,525,2,685,160,0.766,intermittent,21-545;645-804
Q01740,509,1,509,0,1.000,contiguous,2-510
P55061,6,3,13,7,0.462,intermittent,51-52;108-112;161-166
Q9Y274,306,1,306,0,1.000,contiguous,26-331
Q6XYQ8,55,1,55,0,1.000,contiguous,1-55
O00337,57,7,223,166,0.256,intermittent,105-109;168-178;223-261;319-337;387-423;480-534;593-649
Q9UHF4,221,1,221,0,1.000,contiguous,30-250
Q8TCB6,32,4,97,65,0.330,intermittent,1-31;82-100;167-198;261-275
Q8N0W4,635,1,635,0,1.000,contiguous,42-676
O43184,501,1,501,0,1.000,contiguous,208-708
Q8TDW7,4122,1,4122,0,1.000,contiguous,33-4154
Q9P126,175,1,175,0,1.000,contiguous,55-229
Q9Y6W8,120,1,120,0,1.000,contiguous,21-140
Q9Y5G9,664,1,664,0,1.000,contiguous,60-723
Q96AD5,171,2,184,13,0.929,intermittent,30-42;159-329
P58173,37,4,96,59,0.385,intermittent,1-25;80-100;159-195;260-272
P78562,600,1,600,0,1.000,contiguous,42-641
Q9UKY0,126,0,0,0,,no_accepted_segment,
Q8IZ52,741,1,741,0,1.000,contiguous,35-775
Q8NGG3,55,4,128,73,0.430,intermittent,1-55;106-129;191-226;289-301
Q7Z442,1327,7,1650,323,0.804,intermittent,18-1344;1574-1594;1840-1865;1965-2143;2204-2218;2292-2312;2399-2459
Q8NGL3,36,4,100,64,0.360,intermittent,1-27;78-101;163-198;261-273
Q9Y3Q0,709,1,709,0,1.000,contiguous,32-740
P39086,546,2,706,160,0.773,intermittent,31-576;675-834
P04216,110,0,0,0,,no_accepted_segment,
Q5VTT2,123,1,123,0,1.000,contiguous,1-123
P08637,192,1,192,0,1.000,contiguous,17-208
Q8NH83,36,4,91,55,0.396,intermittent,1-23;78-98;157-192;256-266
P58743,25,8,75,50,0.333,intermittent,106-108;152-168;231-241;254-258;308-332;389-396;433-436;482-483
Q6UXL0,204,1,204,0,1.000,contiguous,30-233
P79483,198,1,198,0,1.000,contiguous,30-227
O15342,25,2,32,7,0.781,intermittent,1-7;57-81
Q9BXS0,600,1,600,0,1.000,contiguous,55-654
Q9NPF2,315,1,315,0,1.000,contiguous,38-352
Q8N6P7,213,1,213,0,1.000,contiguous,16-228
Q8NGQ3,38,4,109,71,0.349,intermittent,1-38;93-113;172-208;273-285
P13762,198,1,198,0,1.000,contiguous,30-227
O60931,103,4,155,52,0.665,intermittent,23-125;180-202;258-263;309-331
Q9Y5Y0,18,6,40,22,0.450,intermittent,125-142;193-199;260-265;363-366;421-423;488-489
P17787,213,2,227,14,0.938,intermittent,26-238;283-296
Q5JRS4,37,4,100,63,0.370,intermittent,1-26;77-100;162-198;260-272
Q8NGV7,29,4,88,59,0.330,intermittent,1-28;78-97;165-193;261-271
Q6ZMH5,192,4,230,38,0.835,intermittent,21-212;266-287;466-470;530-540
Q9UN74,668,1,668,0,1.000,contiguous,30-697
O75197,1353,1,1353,0,1.000,contiguous,32-1384
Q9UKZ4,2380,1,2380,0,1.000,contiguous,346-2725
Q9NS67,23,4,79,56,0.291,intermittent,1-23;77-97;161-181;307-320
Q86Y34,250,4,296,46,0.845,intermittent,21-270;327-338;401-428;496-501
Q9H3R1,838,1,838,0,1.000,contiguous,35-872
Q9H3R2,403,1,403,0,1.000,contiguous,19-421
Q96GW7,623,0,0,0,,no_accepted_segment,
P46092,52,4,112,60,0.464,intermittent,1-52;100-114;180-203;270-290
Q13258,27,4,99,72,0.273,intermittent,1-21;81-107;172-195;284-310
Q08345,397,1,397,0,1.000,contiguous,21-417
P43630,319,1,319,0,1.000,contiguous,22-340
Q9NRZ7,171,1,171,0,1.000,contiguous,146-316
Q5VW38,224,4,265,41,0.845,intermittent,40-263;315-337;390-402;520-524
P51575,288,1,288,0,1.000,contiguous,51-338
O14495,50,3,95,45,0.526,intermittent,55-85;144-193;244-257
O43462,195,4,298,103,0.654,intermittent,25-74;108-144;252-446;477-492
Q8TCT6,51,5,73,22,0.699,intermittent,1-8;96-97;160-164;212-262;333-339
Q9BYC5,545,1,545,0,1.000,contiguous,31-575
P41587,101,4,151,50,0.669,intermittent,24-124;181-203;262-280;347-354
Q9HBA0,29,4,58,29,0.500,intermittent,491-507;569-572;637-665;686-693
O94933,626,1,626,0,1.000,contiguous,29-654
P35613,188,1,188,0,1.000,contiguous,138-325
P17181,409,1,409,0,1.000,contiguous,28-436
Q8NGX2,37,4,97,60,0.381,intermittent,1-26;81-101;159-195;260-272
Q9HBX8,543,4,601,58,0.903,intermittent,25-567;620-644;709-727;796-809
Q86VH5,389,1,389,0,1.000,contiguous,31-419
Q8TE99,453,1,453,0,1.000,contiguous,28-480
Q496H8,103,0,0,0,,no_accepted_segment,
Q9UJ99,589,1,589,0,1.000,contiguous,36-624
P54760,524,1,524,0,1.000,contiguous,16-539
Q9UIR0,459,1,459,0,1.000,contiguous,24-482
Q8NGR4,36,4,102,66,0.353,intermittent,1-29;80-103;165-200;263-275
O95222,36,4,103,67,0.350,intermittent,1-26;77-104;166-201;264-276
Q8IV77,23,3,38,15,0.605,intermittent,61-70;136-140;191-213
Q8IZP7,444,1,444,0,1.000,contiguous,28-471
O15399,555,2,724,169,0.767,intermittent,28-582;675-843
P78382,15,5,59,44,0.254,intermittent,31-45;109-114;161-175;229-243;289-296
P35414,34,4,96,62,0.354,intermittent,1-30;87-99;165-198;271-289
P13866,54,8,164,110,0.329,intermittent,1-24;91-95;170-176;222-275;332-375;445-451;505-525;663-664
O15375,15,6,62,47,0.242,intermittent,39-53;102-110;159-171;261-274;327-329;389-396
Q7L1W4,115,2,147,32,0.782,intermittent,49-163;329-360
Q16348,210,6,270,60,0.778,intermittent,79-83;135-139;205-217;317-343;402-611;665-674
Q8NGP0,37,4,92,55,0.402,intermittent,1-23;78-98;157-193;257-267
P04001,52,4,100,48,0.520,intermittent,1-52;116-129;193-218;293-300
P56696,12,4,35,23,0.343,intermittent,119-129;192-202;259-270;293-293
Q92187,339,1,339,0,1.000,contiguous,21-359
A6NM45,50,2,73,23,0.685,intermittent,32-81;139-161
P25103,31,4,89,58,0.348,intermittent,1-31;87-106;170-194;271-283
Q9NRB3,388,1,388,0,1.000,contiguous,27-414
P35410,77,4,120,43,0.642,intermittent,1-77;137-154;208-221;287-297
Q9ULX7,275,1,275,0,1.000,contiguous,16-290
A5D6W6,25,4,70,45,0.357,intermittent,1-18;76-94;163-187;242-249
Q9NRS4,384,1,384,0,1.000,contiguous,54-437
P51693,542,1,542,0,1.000,contiguous,39-580
Q9ULB5,580,1,580,0,1.000,contiguous,28-607
P30518,38,4,81,43,0.469,intermittent,1-38;102-108;178-199;294-307
O75110,12,5,38,26,0.316,intermittent,92-96;326-332;863-874;943-949;1000-1006
Q8NBR0,282,1,282,0,1.000,contiguous,28-309
Q8WV19,5,2,9,4,0.556,intermittent,58-62;119-122
P43626,224,1,224,0,1.000,contiguous,22-245
P04156,207,0,0,0,,no_accepted_segment,
O95150,195,1,195,0,1.000,contiguous,57-251
Q6NV75,28,4,73,45,0.384,intermittent,1-11;63-84;148-175;265-276
Q86Y38,921,1,921,0,1.000,contiguous,39-959
O94985,831,1,831,0,1.000,contiguous,29-859
P30511,284,1,284,0,1.000,contiguous,22-305
P34972,33,4,73,40,0.452,intermittent,1-33;93-104;173-188;268-279
P17927,1930,1,1930,0,1.000,contiguous,42-1971
P48651,69,5,210,141,0.329,intermittent,57-72;124-186;238-286;343-355;405-473
Q6ZMC9,244,1,244,0,1.000,contiguous,20-263
Q495M3,32,6,112,80,0.286,intermittent,80-81;170-197;244-264;318-349;401-404;459-483
Q96P56,20,4,51,31,0.392,intermittent,132-140;201-203;263-281;295-314
Q8N6C5,756,2,1246,490,0.607,intermittent,29-518;581-1336
B6SEH9,300,2,358,58,0.838,intermittent,22-321;478-535
O15432,22,2,27,5,0.815,intermittent,1-22;115-119
Q96PQ0,1028,1,1028,0,1.000,contiguous,51-1078
Q7Z3D4,217,1,217,0,1.000,contiguous,1-217
P25106,40,4,109,69,0.367,intermittent,1-40;103-118;184-213;274-296
O95971,134,0,0,0,,no_accepted_segment,
Q9H222,74,3,102,28,0.725,intermittent,405-421;490-500;550-623
Q9GZP9,18,2,19,1,0.947,intermittent,79-96;172-172
O15165,64,1,64,0,1.000,contiguous,1-64
Q8N1L4,310,1,310,0,1.000,contiguous,31-340
Q96A28,218,1,218,0,1.000,contiguous,19-236
Q8N423,439,1,439,0,1.000,contiguous,22-460
P46094,31,4,85,54,0.365,intermittent,1-31;90-103;168-190;251-267
Q9UIQ6,894,1,894,0,1.000,contiguous,132-1025
Q9HBV2,192,1,192,0,1.000,contiguous,30-221
Q15116,146,1,146,0,1.000,contiguous,25-170
Q14126,560,1,560,0,1.000,contiguous,50-609
O14493,53,2,75,22,0.707,intermittent,29-81;139-160
P61009,148,1,148,0,1.000,contiguous,33-180
Q9Y3Q4,28,4,59,31,0.475,intermittent,287-293;360-378;437-464;487-491
Q8N1M1,19,2,28,9,0.679,intermittent,52-60;256-274
P28845,268,1,268,0,1.000,contiguous,25-292
Q9NZ01,18,3,29,11,0.621,intermittent,107-124;181-189;263-264
Q9NZP0,37,4,96,59,0.385,intermittent,1-22;73-96;158-194;256-268
Q6P9A2,572,1,572,0,1.000,contiguous,36-607
O43581,16,1,16,0,1.000,contiguous,1-16
Q8NGC9,37,4,109,72,0.339,intermittent,1-35;86-109;171-207;269-281
P50391,39,4,100,61,0.390,intermittent,1-39;109-116;177-212;285-301
Q8N6M3,31,3,51,20,0.608,intermittent,45-57;115-145;212-218
P47890,38,4,97,59,0.392,intermittent,1-25;80-100;159-196;260-272
Q9NZQ7,220,1,220,0,1.000,contiguous,19-238
Q6UXU6,31,1,31,0,1.000,contiguous,27-57
Q8NGG1,41,4,95,54,0.432,intermittent,1-24;79-97;165-205;261-271
Q8NFN8,47,4,105,58,0.448,intermittent,1-47;108-118;186-222;279-288
Q8NH59,36,4,102,66,0.353,intermittent,1-27;78-101;163-198;261-275
Q9ULV1,176,4,231,55,0.762,intermittent,37-212;276-299;366-383;461-473
Q13183,39,8,169,130,0.231,intermittent,29-36;70-74;139-139;236-269;348-367;434-464;476-506;554-592
Q9Y3A6,169,1,169,0,1.000,contiguous,28-196
Q8TCT9,31,5,65,34,0.477,intermittent,1-31;99-100;179-181;231-256;312-314
P05106,692,1,692,0,1.000,contiguous,27-718
O95484,53,2,75,22,0.707,intermittent,29-81;138-159
Q8NGQ6,37,4,99,62,0.374,intermittent,1-25;76-99;161-197;259-271
O14863,17,3,41,24,0.415,intermittent,135-143;200-216;296-310
Q8NHB1,31,4,92,61,0.337,intermittent,1-31;80-99;171-198;260-272
Q9HA82,31,1,31,0,1.000,contiguous,1-31
Q49A17,573,1,573,0,1.000,contiguous,29-601
Q8NGU4,38,4,96,58,0.396,intermittent,1-24;79-99;158-195;260-272
Q8N6Y1,830,1,830,0,1.000,contiguous,61-890
Q9H2Y9,130,6,257,127,0.506,intermittent,150-168;221-260;330-344;450-469;522-651;710-742
Q8NGI9,42,4,105,63,0.400,intermittent,1-26;77-100;156-197;260-272
P28223,80,4,114,34,0.702,intermittent,1-80;138-146;216-232;349-356
Q86WC4,253,1,253,0,1.000,contiguous,32-284
Q8NGY5,37,4,99,62,0.374,intermittent,1-25;76-99;161-197;259-271
Q92847,40,4,106,66,0.377,intermittent,1-40;97-117;184-211;286-302
O95528,95,6,151,56,0.629,intermittent,37-48;99-106;156-166;255-269;320-414;467-476
P16070,629,1,629,0,1.000,contiguous,21-649
Q2LD37,24,1,24,0,1.000,contiguous,1-24
P04921,57,1,57,0,1.000,contiguous,1-57
Q7RTX0,550,4,597,47,0.921,intermittent,21-570;625-639;704-729;784-789
Q9ULS6,19,4,49,30,0.388,intermittent,207-225;281-290;349-361;382-388
Q9NZD1,27,4,73,46,0.370,intermittent,1-27;85-93;145-167;226-239
O95471,53,2,75,22,0.707,intermittent,29-81;139-160
P47872,119,4,166,47,0.717,intermittent,23-141;196-216;277-291;357-367
Q9UI40,73,6,116,43,0.629,intermittent,60-132;200-204;265-265;519-533;591-602;652-661
A6NM10,17,4,37,20,0.459,intermittent,42-55;143-145;192-194;207-223
Q9UGF6,36,4,98,62,0.367,intermittent,1-25;76-99;161-196;259-271
P16422,242,1,242,0,1.000,contiguous,24-265
Q9NS40,44,4,72,28,0.611,intermittent,434-449;516-521;571-614;636-641
P18089,22,4,59,37,0.373,intermittent,1-12;75-85;149-170;394-407
Q8WWT9,31,7,74,43,0.419,intermittent,34-35;73-77;267-274;358-377;460-463;502-505;572-602
Q14210,77,0,0,0,,no_accepted_segment,
O43567,148,1,148,0,1.000,contiguous,35-182
O14842,36,4,67,31,0.537,intermittent,1-8;65-79;143-178;249-256
Q15761,42,4,109,67,0.385,intermittent,1-42;99-117;178-208;391-407
Q9NZ42,23,1,23,0,1.000,contiguous,79-101
Q9BSE2,31,3,59,28,0.525,intermittent,225-243;304-312;364-394
Q99250,99,16,340,241,0.291,intermittent,149-155;209-214;271-369;395-401;779-789;844-845;899-927;949-961;1228-1240;1293-1300;1357-1408;1431-1447;1551-1561;1611-1623;1678-1699;1723-1752
Q8N608,741,1,741,0,1.000,contiguous,56-796
Q7Z3C6,44,2,53,9,0.830,intermittent,85-128;398-406
Q86UD5,13,7,58,45,0.224,intermittent,105-113;162-171;228-233;291-300;358-361;412-417;474-486
Q8IZF6,2713,4,2745,32,0.988,intermittent,28-2740;2801-2806;2871-2892;2962-2965
P51685,35,4,97,62,0.361,intermittent,1-35;94-107;172-202;264-280
B0FP48,171,1,171,0,1.000,contiguous,34-204
P30953,37,4,96,59,0.385,intermittent,1-25;80-100;159-195;260-272
Q16602,117,4,159,42,0.736,intermittent,23-139;199-209;274-289;352-366
P30874,43,4,94,51,0.457,intermittent,1-43;104-118;182-207;279-288
Q5H943,92,1,92,0,1.000,contiguous,22-113
Q6Q8B3,216,1,216,0,1.000,contiguous,24-239
Q9UGH3,36,7,93,57,0.387,intermittent,132-139;183-218;285-288;303-309;393-417;483-485;538-547
Q13443,669,1,669,0,1.000,contiguous,29-697
Q8NGW1,36,4,98,62,0.367,intermittent,1-25;76-99;161-196;259-271
O15146,472,1,472,0,1.000,contiguous,24-495
Q8N3T1,605,1,605,0,1.000,contiguous,35-639
Q8N3J6,343,1,343,0,1.000,contiguous,25-367
Q8TAQ9,293,1,293,0,1.000,contiguous,65-357
P36888,517,1,517,0,1.000,contiguous,27-543
Q2M3T9,424,1,424,0,1.000,contiguous,30-453
Q9HBB8,644,1,644,0,1.000,contiguous,26-669
Q8WTX9,35,2,39,4,0.897,intermittent,74-77;207-241
P06731,641,0,0,0,,no_accepted_segment,
P22607,353,1,353,0,1.000,contiguous,23-375
P23468,1245,1,1245,0,1.000,contiguous,21-1265
Q6PI73,424,1,424,0,1.000,contiguous,24-447
Q01959,65,4,119,54,0.546,intermittent,172-236;288-306;377-400;543-553
Q9NQ60,167,1,167,0,1.000,contiguous,15-181
A6NIJ9,32,4,79,47,0.405,intermittent,1-22;85-95;163-194;259-272
Q9UN42,226,1,226,0,1.000,contiguous,132-357
O75355,442,1,442,0,1.000,contiguous,44-485
P15813,282,1,282,0,1.000,contiguous,20-301
Q9UEU0,3,1,3,0,1.000,contiguous,230-232
Q13936,60,16,351,291,0.171,intermittent,144-158;210-232;291-350;373-380;544-554;607-615;674-693;716-725;920-931;1007-1013;1072-1121;1143-1159;1262-1269;1322-1372;1431-1452;1472-1499
Q92611,632,1,632,0,1.000,contiguous,26-657
Q96R30,37,4,97,60,0.381,intermittent,1-26;81-101;160-196;261-273
Q68CQ7,343,1,343,0,1.000,contiguous,29-371
P26012,642,1,642,0,1.000,contiguous,43-684
Q86UP6,544,1,544,0,1.000,contiguous,25-568
Q9UNL2,59,2,86,27,0.686,intermittent,1-27;77-135
P0C6T2,4,1,4,0,1.000,contiguous,1-4
Q9BV23,8,1,8,0,1.000,contiguous,1-8
P48546,117,4,175,58,0.669,intermittent,22-138;190-217;279-293;363-377
Q15011,5,1,5,0,1.000,contiguous,285-289
P48230,44,2,59,15,0.746,intermittent,31-45;115-158
Q9UBV7,276,1,276,0,1.000,contiguous,52-327
Q6ICH7,290,1,290,0,1.000,contiguous,80-369
P35372,68,4,110,42,0.618,intermittent,1-68;132-142;208-230;307-314
O75379,5,1,5,0,1.000,contiguous,137-141
Q96PE1,738,4,766,28,0.963,intermittent,34-771;829-832;908-924;1041-1047
P37287,42,1,42,0,1.000,contiguous,443-484
Q9UM00,55,3,79,24,0.696,intermittent,1-55;158-171;182-191
Q9H6F2,18,4,48,30,0.375,intermittent,1-18;73-85;166-178;231-234
Q8NGJ7,36,4,102,66,0.353,intermittent,1-27;78-101;163-198;260-274
Q86SP6,35,4,78,43,0.449,intermittent,1-35;91-109;177-189;332-342
P51170,465,1,465,0,1.000,contiguous,77-541
Q9Y5G7,663,1,663,0,1.000,contiguous,30-692
Q15758,71,5,131,60,0.542,intermittent,82-94;154-224;286-306;401-413;448-460
P11168,67,6,118,51,0.568,intermittent,32-98;149-158;209-217;325-338;390-400;455-461
Q29980,287,1,287,0,1.000,contiguous,23-309
Q8N9W7,101,1,101,0,1.000,contiguous,24-124
Q9H3H5,23,6,61,38,0.377,intermittent,1-10;79-91;144-166;214-218;270-271;401-408
Q13261,175,1,175,0,1.000,contiguous,31-205
A0PJK1,43,7,135,92,0.319,intermittent,1-15;94-99;171-173;222-264;322-355;431-443;493-513
Q05586,541,2,704,163,0.768,intermittent,19-559;649-811
Q5T7P8,59,1,59,0,1.000,contiguous,1-59
O95371,38,4,97,59,0.392,intermittent,1-25;80-100;159-196;260-272
P16671,410,1,410,0,1.000,contiguous,30-439
P11362,355,1,355,0,1.000,contiguous,22-376
Q16538,21,4,65,44,0.323,intermittent,1-17;71-91;155-174;297-303
A6NFU0,359,1,359,0,1.000,contiguous,18-376
Q9ULI3,1219,1,1219,0,1.000,contiguous,30-1248
Q13002,520,2,675,155,0.770,intermittent,32-551;661-815
Q86VR2,174,2,236,62,0.737,intermittent,102-163;208-381
Q8TDV5,23,4,68,45,0.338,intermittent,1-12;59-81;147-164;248-262
P55085,35,4,77,42,0.455,intermittent,37-71;138-149;212-235;318-323
Q8NFM7,283,1,283,0,1.000,contiguous,17-299
P32246,34,4,93,59,0.366,intermittent,1-34;92-107;172-197;265-281
Q8NH19,37,4,90,53,0.411,intermittent,1-16;67-90;152-188;250-262
P57103,43,6,109,66,0.394,intermittent,31-73;169-169;224-230;748-754;800-828;882-903
Q9UJ42,23,4,60,37,0.383,intermittent,1-23;80-93;158-177;266-268
Q8NGP6,36,4,97,61,0.371,intermittent,1-24;75-98;160-195;258-270
P39656,385,1,385,0,1.000,contiguous,43-427
Q8NGN2,38,4,111,73,0.342,intermittent,1-38;89-113;175-211;273-283
O75072,433,1,433,0,1.000,contiguous,29-461
Q9H1Y3,40,4,87,47,0.460,intermittent,1-40;103-117;178-201;280-287
Q9BYG0,343,1,343,0,1.000,contiguous,36-378
Q8NGC1,62,4,136,74,0.456,intermittent,1-62;114-135;203-241;297-309
Q99808,43,6,98,55,0.439,intermittent,37-79;132-140;195-202;313-328;378-393;451-456
P25116,61,4,125,64,0.488,intermittent,42-102;158-176;240-268;335-350
Q8N127,42,4,104,62,0.404,intermittent,1-25;76-99;155-196;259-271
Q9BUN8,38,3,49,11,0.776,intermittent,32-69;116-122;167-170
Q5QJU3,32,4,53,21,0.604,intermittent,1-32;84-86;143-143;195-211
O95772,23,2,30,7,0.767,intermittent,75-97;144-150
Q9NS75,42,4,122,80,0.344,intermittent,1-42;94-123;175-204;267-286
Q9P244,505,1,505,0,1.000,contiguous,32-536
Q96PS8,37,4,72,35,0.514,intermittent,42-55;122-158;206-208;224-241
Q6PI25,41,2,42,1,0.976,intermittent,32-72;160-160
Q495N2,32,6,112,80,0.286,intermittent,68-71;159-185;232-252;306-337;389-392;447-470
Q9NPC1,30,4,93,63,0.323,intermittent,1-24;82-96;162-185;246-275
Q9NZC3,223,1,223,0,1.000,contiguous,25-247
A1A5B4,108,4,252,144,0.429,intermittent,220-264;353-373;445-552;626-703
Q13508,335,0,0,0,,no_accepted_segment,
O60635,102,2,122,20,0.836,intermittent,33-52;110-211
Q14627,317,1,317,0,1.000,contiguous,27-343
O95070,15,2,18,3,0.833,intermittent,160-174;227-229
Q9UKN1,5364,1,5364,0,1.000,contiguous,17-5380
Q8NGJ3,36,4,99,63,0.364,intermittent,1-24;75-98;160-195;257-271
Q96L08,103,1,103,0,1.000,contiguous,1-103
Q9HCN6,247,1,247,0,1.000,contiguous,21-267
Q9UBM1,43,3,67,24,0.642,intermittent,1-12;34-45;115-157
Q8NFU0,34,2,43,9,0.791,intermittent,52-60;256-289
Q8NH92,38,4,109,71,0.349,intermittent,1-38;93-113;172-208;273-285
P40199,285,0,0,0,,no_accepted_segment,
Q9P2U7,32,6,80,48,0.400,intermittent,85-116;162-169;230-236;324-341;400-401;457-469
P14867,226,3,251,25,0.900,intermittent,28-253;302-311;442-456
P13598,199,1,199,0,1.000,contiguous,25-223
P02730,40,4,86,46,0.465,intermittent,428-435;477-485;542-570;624-663
P24394,207,1,207,0,1.000,contiguous,26-232
Q8NC67,325,1,325,0,1.000,contiguous,23-347
Q8IUH4,27,3,37,10,0.730,intermittent,313-320;369-370;492-518
Q00973,508,1,508,0,1.000,contiguous,26-533
O14788,249,1,249,0,1.000,contiguous,69-317
P30988,122,4,163,41,0.748,intermittent,25-146;203-219;281-296;360-367
Q6ZS82,4,1,4,0,1.000,contiguous,232-235
Q3KPI0,206,1,206,0,1.000,contiguous,35-240
Q6PIU1,12,2,19,7,0.632,intermittent,232-238;298-309
Q13606,36,4,100,64,0.360,intermittent,1-27;78-101;163-198;261-273
Q96LA9,27,4,63,36,0.429,intermittent,1-27;88-93;157-175;239-249
Q8NGA1,38,4,97,59,0.392,intermittent,1-25;80-100;159-196;260-272
Q8NGZ9,37,4,96,59,0.385,intermittent,1-25;80-100;159-195;260-272
Q9Y5H4,664,1,664,0,1.000,contiguous,29-692
P15260,228,1,228,0,1.000,contiguous,18-245
Q8N8Q1,16,3,27,11,0.593,intermittent,46-53;113-128;191-193
O76090,19,2,28,9,0.679,intermittent,52-60;256-274
O60939,128,1,128,0,1.000,contiguous,30-157
Q9Y320,54,1,54,0,1.000,contiguous,49-102
O43921,163,0,0,0,,no_accepted_segment,
Q8NGX6,45,4,119,74,0.378,intermittent,1-45;96-119;181-217;279-291
P14151,294,1,294,0,1.000,contiguous,39-332
O75311,222,3,246,24,0.902,intermittent,34-255;304-314;452-464
P25105,29,4,84,55,0.345,intermittent,1-16;75-91;156-184;255-276
O15503,19,3,36,17,0.528,intermittent,108-126;183-185;232-245
P08172,20,4,54,34,0.370,intermittent,1-20;86-92;163-182;413-419
P48169,224,3,251,27,0.892,intermittent,36-259;306-318;541-554
Q5BKT4,37,6,111,74,0.333,intermittent,28-64;119-130;173-175;271-283;345-367;414-436
P04440,196,1,196,0,1.000,contiguous,30-225
Q6V1P9,2919,1,2919,0,1.000,contiguous,68-2986
O00254,56,4,119,63,0.471,intermittent,39-94;149-167;231-260;323-336
Q8IXF9,33,3,68,35,0.485,intermittent,22-54;127-145;200-215
Q8NGI6,37,4,94,57,0.394,intermittent,1-25;80-100;159-195;259-269
Q9UF33,528,1,528,0,1.000,contiguous,23-550
P59901,423,1,423,0,1.000,contiguous,24-446
Q8NGG5,37,4,105,68,0.352,intermittent,1-31;82-105;167-203;265-277
P30872,56,4,97,41,0.577,intermittent,1-56;121-131;197-219;297-303
P56749,56,2,74,18,0.757,intermittent,32-87;157-174
Q9P2E9,7,1,7,0,1.000,contiguous,1-7
P06756,962,1,962,0,1.000,contiguous,31-992
P98073,972,1,972,0,1.000,contiguous,48-1019
Q9Y3Q3,157,1,157,0,1.000,contiguous,24-180
Q9UMF0,804,1,804,0,1.000,contiguous,32-835
Q9H6X2,289,1,289,0,1.000,contiguous,33-321
P0C628,31,4,92,61,0.337,intermittent,1-28;78-99;165-195;261-271
Q9Y5Z6,300,1,300,0,1.000,contiguous,27-326
B4DS77,126,1,126,0,1.000,contiguous,24-149
Q6L9W6,953,1,953,0,1.000,contiguous,46-998
P42857,82,1,82,0,1.000,contiguous,104-185
P54764,528,1,528,0,1.000,contiguous,20-547
O00421,43,4,112,69,0.384,intermittent,1-43;96-104;166-198;260-286
Q8N7P3,51,2,77,26,0.662,intermittent,31-81;139-164
A6NL88,167,1,167,0,1.000,contiguous,20-186
Q29983,284,1,284,0,1.000,contiguous,24-307
Q8NFT8,606,1,606,0,1.000,contiguous,35-640
Q99572,282,1,282,0,1.000,contiguous,47-328
Q96MC6,42,7,166,124,0.253,intermittent,1-40;96-103;148-160;210-243;306-313;359-379;449-490
Q9P283,1036,1,1036,0,1.000,contiguous,1-1036
Q96JP9,681,1,681,0,1.000,contiguous,20-700
Q6UWN0,198,0,0,0,,no_accepted_segment,
Q16445,224,3,248,24,0.903,intermittent,20-243;291-304;444-453
O14672,653,1,653,0,1.000,contiguous,20-672
Q86SM8,26,4,63,37,0.413,intermittent,1-20;81-106;163-176;239-241
Q96KC8,106,1,106,0,1.000,contiguous,48-153
P03999,30,4,78,48,0.385,intermittent,1-30;94-107;171-196;271-278
Q8NH72,37,4,92,55,0.402,intermittent,1-23;78-98;157-193;257-267
Q96R72,37,4,94,57,0.394,intermittent,1-25;80-100;159-195;259-269
O60330,663,1,663,0,1.000,contiguous,30-692
Q8N148,37,4,97,60,0.381,intermittent,1-23;74-97;159-195;257-269
Q8NH42,37,4,94,57,0.394,intermittent,1-25;80-100;159-195;259-269
Q8NEA5,71,1,71,0,1.000,contiguous,30-100
O95866,125,1,125,0,1.000,contiguous,18-142
Q8NH57,36,4,102,66,0.353,intermittent,1-27;78-101;163-198;261-275
Q9UNK0,4,1,4,0,1.000,contiguous,233-236
Q9H2U9,650,1,650,0,1.000,contiguous,19-668
Q86V40,458,0,0,0,,no_accepted_segment,
Q8NG95,37,4,99,62,0.374,intermittent,1-25;76-99;161-197;259-271
Q75NE6,27,1,27,0,1.000,contiguous,44-70
P04000,52,4,100,48,0.520,intermittent,1-52;116-129;193-218;293-300
Q8NGL4,36,4,100,64,0.360,intermittent,1-27;78-101;163-198;261-273
Q5PT55,123,5,165,42,0.745,intermittent,20-142;196-206;253-270;330-333;389-397
Q9H4D0,811,1,811,0,1.000,contiguous,21-831
Q14849,22,2,29,7,0.759,intermittent,73-94;142-148
P0C7N5,40,4,100,60,0.400,intermittent,1-28;78-97;165-204;261-272
Q96QD8,54,6,105,51,0.514,intermittent,97-102;178-188;239-292;351-371;435-436;496-506
Q14973,22,5,48,26,0.458,intermittent,1-22;84-86;143-156;218-219;274-280
Q9NY15,2453,1,2453,0,1.000,contiguous,26-2478
Q8N6U8,33,4,108,75,0.306,intermittent,1-31;82-105;159-191;288-307
P38435,381,5,467,86,0.816,intermittent,81-114;151-161;217-251;290-295;378-758
Q9Y336,331,1,331,0,1.000,contiguous,18-348
Q13797,952,1,952,0,1.000,contiguous,30-981
P48065,73,1,73,0,1.000,contiguous,138-210
Q587I9,4,2,7,3,0.571,intermittent,104-107;164-166
Q16570,63,4,118,55,0.534,intermittent,1-63;117-129;188-207;266-287
Q13585,30,4,85,55,0.353,intermittent,1-30;86-103;165-188;261-273
Q9NYZ4,347,1,347,0,1.000,contiguous,17-363
Q9H2X3,329,1,329,0,1.000,contiguous,71-399
Q9NTI2,27,5,64,37,0.422,intermittent,116-119;338-364;909-910;981-997;1050-1063
Q7Z6A9,127,1,127,0,1.000,contiguous,31-157
Q9UHE5,164,1,164,0,1.000,contiguous,64-227
Q8NFR3,7,1,7,0,1.000,contiguous,30-36
Q9Y3N9,37,4,96,59,0.385,intermittent,1-25;80-100;159-195;260-272
Q9BT22,2,1,2,0,1.000,contiguous,1-2
Q9NYG2,22,2,26,4,0.846,intermittent,69-72;193-214
Q96RD9,836,1,836,0,1.000,contiguous,16-851
P59025,4,1,4,0,1.000,contiguous,260-263
Q9BV40,4,1,4,0,1.000,contiguous,97-100
Q14330,32,4,91,59,0.352,intermittent,1-26;78-95;160-191;254-268
P46091,41,4,112,71,0.366,intermittent,1-41;95-112;176-210;269-286
P46663,40,4,93,53,0.430,intermittent,1-40;99-111;179-199;273-291
Q6UXD5,817,1,817,0,1.000,contiguous,28-844
P0C617,44,4,118,74,0.373,intermittent,1-44;95-113;179-220;275-287
Q9NSD7,81,4,137,56,0.591,intermittent,1-81;141-156;237-270;351-356
Q12797,684,1,684,0,1.000,contiguous,75-758
Q8TD07,195,1,195,0,1.000,contiguous,31-225
Q9ULK5,18,2,36,18,0.500,intermittent,130-147;200-217
Q8NGF6,37,4,90,53,0.411,intermittent,1-16;67-90;152-188;250-262
Q9Y5P0,36,4,98,62,0.367,intermittent,1-23;74-97;158-193;256-270
Q86VE9,53,5,131,78,0.405,intermittent,1-36;111-124;178-198;252-258;333-385
Q4KMQ2,93,4,209,116,0.445,intermittent,322-375;477-509;573-601;744-836
P46089,42,4,84,42,0.500,intermittent,1-42;99-110;174-198;273-277
O60755,25,4,65,40,0.385,intermittent,1-20;79-96;160-184;258-259
Q13740,500,1,500,0,1.000,contiguous,28-527
P52569,38,7,127,89,0.299,intermittent,60-63;126-163;214-248;310-339;408-410;512-524;579-582
Q9C0B5,22,2,26,4,0.846,intermittent,35-38;170-191
Q9UIB8,204,1,204,0,1.000,contiguous,22-225
Q9HCC8,281,3,319,38,0.881,intermittent,60-85;143-154;210-490
Q86YC3,632,1,632,0,1.000,contiguous,19-650
Q5BJF2,38,2,58,20,0.655,intermittent,31-68;121-140
O14520,38,4,73,35,0.521,intermittent,55-67;133-170;218-221;236-253
P48357,818,1,818,0,1.000,contiguous,22-839
P17301,1103,1,1103,0,1.000,contiguous,30-1132
Q9Y397,24,2,31,7,0.774,intermittent,57-63;205-228
P37088,456,1,456,0,1.000,contiguous,107-562
Q9P109,419,1,419,0,1.000,contiguous,35-453
P49257,447,1,447,0,1.000,contiguous,31-477
Q8NGH7,43,4,118,75,0.364,intermittent,1-43;94-117;179-214;277-291
Q86T13,376,1,376,0,1.000,contiguous,22-397
O60427,17,2,20,3,0.850,intermittent,143-145;289-305
P01589,219,1,219,0,1.000,contiguous,22-240
Q9HC07,56,4,82,26,0.683,intermittent,34-89;148-151;250-267;321-324
Q6NUT3,27,5,73,46,0.370,intermittent,48-56;119-124;192-218;303-310;424-446
Q12893,57,2,75,18,0.760,intermittent,41-97;148-165
Q8NG78,60,4,134,74,0.448,intermittent,1-60;111-134;196-232;294-306
Q9C0K1,110,4,132,22,0.833,intermittent,23-132;182-191;387-388;451-460
Q9UKL4,33,2,65,32,0.508,intermittent,43-75;221-252
Q9Y286,335,1,335,0,1.000,contiguous,19-353
Q9NY91,89,5,242,153,0.368,intermittent,48-64;127-171;230-270;335-423;477-526
Q8TDF5,322,1,322,0,1.000,contiguous,23-344
P51172,423,1,423,0,1.000,contiguous,272-694
Q96KK3,31,4,66,35,0.470,intermittent,240-270;323-337;396-408;429-435
Q95460,280,1,280,0,1.000,contiguous,23-302
Q5W0Z9,18,2,35,17,0.514,intermittent,36-53;191-207
Q5BKX6,13,6,40,27,0.325,intermittent,80-88;147-154;216-220;536-548;611-613;690-691
P49069,8,2,13,5,0.615,intermittent,208-212;289-296
O15551,51,2,74,23,0.689,intermittent,30-80;137-159
O75309,768,1,768,0,1.000,contiguous,19-786
Q01118,79,16,240,161,0.329,intermittent,138-141;197-200;260-338;367-367;522-530;587-592;656-673;701-701;954-961;1021-1021;1081-1127;1155-1167;1273-1276;1339-1341;1403-1420;1445-1468
Q8NGM9,37,4,99,62,0.374,intermittent,1-25;76-99;161-197;259-271
Q8NFZ4,663,1,663,0,1.000,contiguous,15-677
Q16394,718,1,718,0,1.000,contiguous,29-746
Q86VY9,44,1,44,0,1.000,contiguous,83-126
Q9P0K1,514,1,514,0,1.000,contiguous,223-736
P08100,36,4,89,53,0.404,intermittent,1-36;97-110;174-202;275-284
Q8N1N0,529,1,529,0,1.000,contiguous,61-589
O95980,919,0,0,0,,no_accepted_segment,
Q9NZP5,42,4,106,64,0.396,intermittent,1-27;78-101;157-198;261-273
Q6UX15,214,1,214,0,1.000,contiguous,22-235
Q8NDV2,24,4,57,33,0.421,intermittent,1-10;69-81;145-168;267-276
Q8N394,366,5,506,140,0.723,intermittent,22-84;129-132;242-312;421-422;471-836
P04234,84,1,84,0,1.000,contiguous,22-105
Q9GZM6,37,4,99,62,0.374,intermittent,1-25;76-99;161-197;259-271
Q8NGI3,36,4,108,72,0.333,intermittent,1-34;85-108;170-205;268-281
Q9NY97,369,1,369,0,1.000,contiguous,29-397
Q75T13,609,4,676,67,0.901,intermittent,33-641;690-733;839-853;915-922
P14384,405,0,0,0,,no_accepted_segment,
Q6IEV9,37,4,92,55,0.402,intermittent,1-23;78-98;157-193;257-267
Q9BZW2,33,7,137,104,0.241,intermittent,28-38;65-81;268-278;364-382;442-474;498-516;569-595
C9JI98,12,1,12,0,1.000,contiguous,58-69
Q9H015,100,6,133,33,0.752,intermittent,42-141;193-197;254-257;359-371;421-426;482-486
Q16623,2,1,2,0,1.000,contiguous,287-288
O95977,50,4,101,51,0.495,intermittent,1-50;106-117;183-206;274-288
Q96A33,328,1,328,0,1.000,contiguous,156-483
Q7RTM1,41,6,97,56,0.423,intermittent,81-88;154-163;224-264;335-344;414-423;564-581
O14683,24,2,28,4,0.857,intermittent,85-108;152-155
Q8N109,217,1,217,0,1.000,contiguous,22-238
P55087,19,4,43,24,0.442,intermittent,58-69;137-155;206-208;223-231
P08648,954,1,954,0,1.000,contiguous,42-995
Q9UNE0,161,1,161,0,1.000,contiguous,27-187
Q9NPB9,42,4,101,59,0.416,intermittent,1-42;109-113;176-201;262-289
Q16873,21,2,31,10,0.677,intermittent,28-48;95-104
Q17R55,318,1,318,0,1.000,contiguous,18-335
P48995,65,3,104,39,0.625,intermittent,405-422;476-496;559-623
Q7LGA3,328,1,328,0,1.000,contiguous,29-356
P43116,23,4,78,55,0.295,intermittent,1-23;92-111;177-198;287-299
Q9Y561,460,1,460,0,1.000,contiguous,33-492
Q86SM5,22,4,55,33,0.400,intermittent,1-13;64-78;142-163;217-221
P51582,34,4,91,57,0.374,intermittent,1-34;96-112;175-196;270-287
P48145,37,4,87,50,0.425,intermittent,1-37;98-112;178-202;274-283
A6NDV4,233,4,259,26,0.900,intermittent,1-233;278-292;337-342;401-405
Q9NZ53,468,1,468,0,1.000,contiguous,33-500
Q7RTX7,21,4,44,23,0.477,intermittent,113-122;178-180;237-246;259-279
Q96FM1,78,4,102,24,0.765,intermittent,21-98;157-169;215-224;279-279
Q9H665,141,1,141,0,1.000,contiguous,23-163
Q96BD0,109,6,222,113,0.491,intermittent,125-143;196-222;294-307;401-420;472-580;639-671
P32241,111,4,154,43,0.721,intermittent,31-141;197-216;277-291;360-367
Q92854,713,1,713,0,1.000,contiguous,22-734
Q9H7V2,26,2,35,9,0.743,intermittent,203-228;250-258
O95754,625,1,625,0,1.000,contiguous,35-659
Q8NGC0,79,4,133,54,0.594,intermittent,1-79;140-150;216-247;312-322
Q6ZNI0,405,1,405,0,1.000,contiguous,26-430
Q8WXF7,1,1,1,0,1.000,contiguous,471-471
Q8NGF7,36,4,96,60,0.375,intermittent,1-23;74-97;159-194;257-269
Q6UY11,280,1,280,0,1.000,contiguous,27-306
P41586,132,4,164,32,0.805,intermittent,21-152;209-223;291-302;375-379
P51684,47,4,117,70,0.402,intermittent,1-47;105-119;181-211;280-303
Q6Y288,471,1,471,0,1.000,contiguous,28-498
P28907,258,1,258,0,1.000,contiguous,43-300
Q15363,148,1,148,0,1.000,contiguous,21-168
Q9NTQ9,33,2,66,33,0.500,intermittent,41-73;152-184
Q8WWA0,279,0,0,0,,no_accepted_segment,
P28067,207,1,207,0,1.000,contiguous,27-233
Q13277,5,1,5,0,1.000,contiguous,285-289
Q13145,132,1,132,0,1.000,contiguous,21-152
P38567,454,0,0,0,,no_accepted_segment,
Q9NRM0,35,6,91,56,0.385,intermittent,73-107;162-171;222-231;338-354;403-415;473-478
Q8NHA8,38,4,97,59,0.392,intermittent,1-25;80-100;159-196;260-272
Q9C0C4,643,1,643,0,1.000,contiguous,21-663
Q6UXB3,80,0,0,0,,no_accepted_segment,
A6NFA1,466,0,0,0,,no_accepted_segment,
Q96KG7,832,1,832,0,1.000,contiguous,26-857
Q8NH87,37,4,98,61,0.378,intermittent,1-24;75-98;160-196;258-270
Q9UBG0,1384,1,1384,0,1.000,contiguous,31-1414
P21926,84,2,106,22,0.792,intermittent,34-55;112-195
Q8NGZ5,37,4,99,62,0.374,intermittent,1-28;83-103;162-198;263-275
Q5TZ20,37,4,96,59,0.385,intermittent,1-25;80-100;159-195;260-272
Q9Y5E5,662,1,662,0,1.000,contiguous,28-689
Q6YHK3,1398,0,0,0,,no_accepted_segment,
Q8WZ94,36,4,98,62,0.367,intermittent,1-25;76-99;161-196;259-271
Q9NYJ7,466,1,466,0,1.000,contiguous,27-492
P42262,519,2,694,175,0.748,intermittent,25-543;638-812
Q5JXA9,255,1,255,0,1.000,contiguous,33-287
Q9Y5L3,434,1,434,0,1.000,contiguous,29-462
P43629,319,1,319,0,1.000,contiguous,22-340
P09603,464,1,464,0,1.000,contiguous,33-496
A8MPY1,242,2,253,11,0.957,intermittent,25-266;321-331
Q96P65,46,4,112,66,0.411,intermittent,1-46;103-120;184-212;293-311
P12318,184,1,184,0,1.000,contiguous,34-217
A0AVI4,17,2,23,6,0.739,intermittent,1-6;78-94
Q8NCS7,183,5,276,93,0.663,intermittent,60-242;287-325;373-374;482-515;632-649
O95136,34,4,80,46,0.425,intermittent,1-34;96-109;174-189;256-271
P15291,354,1,354,0,1.000,contiguous,45-398
Q8NHS3,54,6,116,62,0.466,intermittent,62-74;127-131;195-211;288-304;359-412;473-482
Q9HBJ8,127,1,127,0,1.000,contiguous,15-141
Q96N66,165,3,277,112,0.596,intermittent,23-33;94-194;262-426
Q6PRD1,356,4,406,50,0.877,intermittent,26-381;437-444;515-543;595-607
Q24JP5,817,1,817,0,1.000,contiguous,36-852
P48146,45,4,96,51,0.469,intermittent,1-45;106-120;186-211;283-292
Q9UM73,1020,1,1020,0,1.000,contiguous,19-1038
Q5VX71,278,1,278,0,1.000,contiguous,42-319
P08575,552,1,552,0,1.000,contiguous,26-577
Q8IW00,157,1,157,0,1.000,contiguous,24-180
P20702,1088,1,1088,0,1.000,contiguous,20-1107
A8MWY0,882,1,882,0,1.000,contiguous,48-929
P23515,392,0,0,0,,no_accepted_segment,
P57773,37,2,59,22,0.627,intermittent,41-77;188-209
P19438,182,1,182,0,1.000,contiguous,30-211
Q9UK23,399,1,399,0,1.000,contiguous,50-448
O00270,28,4,87,59,0.322,intermittent,1-16;74-91;153-180;241-265
Q16558,118,1,118,0,1.000,contiguous,40-157
P52797,191,0,0,0,,no_accepted_segment,
Q92629,233,1,233,0,1.000,contiguous,57-289
Q86SU0,144,1,144,0,1.000,contiguous,24-167
Q12860,972,0,0,0,,no_accepted_segment,
Q96F15,2,1,2,0,1.000,contiguous,306-307
Q9HCU5,8,1,8,0,1.000,contiguous,410-417
A6BM72,829,1,829,0,1.000,contiguous,20-848
Q9UBL9,274,1,274,0,1.000,contiguous,64-337
Q8NEW0,17,3,31,14,0.548,intermittent,59-67;124-140;258-262
Q8IUW5,34,1,34,0,1.000,contiguous,24-57
A6NMD0,154,2,161,7,0.957,intermittent,1-154;222-228
Q6IEU7,36,4,98,62,0.367,intermittent,1-25;76-99;161-196;259-271
Q9Y227,505,1,505,0,1.000,contiguous,55-559
P49190,119,4,190,71,0.626,intermittent,27-145;197-237;298-316;384-394
O95007,36,4,98,62,0.367,intermittent,1-25;76-99;161-196;257-269
Q9Y5F9,661,1,661,0,1.000,contiguous,31-691
Q5T1S8,30,1,30,0,1.000,contiguous,1-30
A6NMS3,45,4,99,54,0.455,intermittent,1-25;76-97;161-205;262-268
Q6P5W5,305,5,351,46,0.869,intermittent,23-327;381-402;519-526;580-586;639-647
Q8NGG0,37,4,99,62,0.374,intermittent,1-25;76-99;161-197;259-271
Q8NGA0,42,4,94,52,0.447,intermittent,1-29;79-97;155-196;266-269
Q9BUV8,10,2,11,1,0.909,intermittent,66-66;128-137
Q8NGN3,37,4,96,59,0.385,intermittent,1-23;74-98;160-196;258-268
O75976,1268,1,1268,0,1.000,contiguous,32-1299
P13224,121,1,121,0,1.000,contiguous,27-147
Q9BSJ8,3,1,3,0,1.000,contiguous,60-62
Q8TDB8,38,6,91,53,0.418,intermittent,51-88;139-148;199-207;315-328;380-392;445-451
Q9H342,31,4,72,41,0.431,intermittent,1-31;85-104;183-191;264-275
P08195,425,1,425,0,1.000,contiguous,105-529
Q9UPZ6,1560,1,1560,0,1.000,contiguous,48-1607
O94910,834,4,861,27,0.969,intermittent,25-858;915-920;986-1002;1072-1075
P50895,516,1,516,0,1.000,contiguous,32-547
Q12772,33,1,33,0,1.000,contiguous,501-533
Q14CZ8,207,1,207,0,1.000,contiguous,34-240
P28335,24,4,75,51,0.320,intermittent,33-55;112-128;190-213;337-347
Q07954,4400,1,4400,0,1.000,contiguous,20-4419
A6NKX4,84,6,122,38,0.689,intermittent,45-128;179-182;240-246;358-366;417-420;470-483
Q7Z403,209,6,408,199,0.512,intermittent,1-209;271-338;453-469;527-553;626-650;744-805
A6H8M9,670,1,670,0,1.000,contiguous,17-686
O76036,237,1,237,0,1.000,contiguous,22-258
Q9UKJ1,178,1,178,0,1.000,contiguous,20-197
P07911,589,0,0,0,,no_accepted_segment,
Q92838,329,1,329,0,1.000,contiguous,63-391
P51805,1201,1,1201,0,1.000,contiguous,20-1220
P23942,141,2,159,18,0.887,intermittent,44-61;124-264
Q9Y6M7,608,6,815,207,0.746,intermittent,1-608;659-695;747-817;883-908;976-1011;1056-1092
Q9NRQ2,9,1,9,0,1.000,contiguous,321-329
P19634,98,7,140,42,0.700,intermittent,1-98;149-158;216-222;284-287;342-350;405-410;470-475
Q8IXK2,544,1,544,0,1.000,contiguous,38-581
Q9C0J1,329,1,329,0,1.000,contiguous,50-378
Q674R7,48,2,52,4,0.923,intermittent,229-276;548-551
Q9BZD7,59,1,59,0,1.000,contiguous,20-78
Q96L42,41,4,66,25,0.621,intermittent,247-255;320-327;379-419;441-448
Q9Y5G2,661,1,661,0,1.000,contiguous,31-691
P48066,74,1,74,0,1.000,contiguous,152-225
Q96QE2,94,6,158,64,0.595,intermittent,98-125;170-178;234-239;346-363;415-508;571-573
P42263,524,2,699,175,0.750,intermittent,29-552;649-823
Q04609,707,1,707,0,1.000,contiguous,44-750
O00398,39,4,99,60,0.394,intermittent,1-39;90-103;171-193;266-288
Q8NFZ6,56,4,122,66,0.459,intermittent,33-51;115-170;230-267;338-346
Q01973,377,1,377,0,1.000,contiguous,30-406
P52803,182,0,0,0,,no_accepted_segment,
Q9BXU9,6,1,6,0,1.000,contiguous,256-261
Q2Y0W8,478,6,669,191,0.714,intermittent,1-478;545-565;617-687;753-778;846-881;926-962
Q86SQ6,20,4,55,35,0.364,intermittent,1-19;75-84;156-175;279-284
Q496F6,156,1,156,0,1.000,contiguous,18-173
Q15077,29,4,97,68,0.299,intermittent,1-27;84-101;166-194;258-280
O43808,57,3,128,71,0.445,intermittent,31-66;126-160;224-280
P05538,197,1,197,0,1.000,contiguous,33-229
Q7Z553,905,0,0,0,,no_accepted_segment,
Q9NQ25,204,1,204,0,1.000,contiguous,23-226
Q5FWE3,447,4,494,47,0.905,intermittent,28-474;523-542;592-598;660-679
Q9P2B2,807,1,807,0,1.000,contiguous,26-832
Q14703,812,1,812,0,1.000,contiguous,187-998
Q5HYA8,483,4,531,48,0.910,intermittent,37-519;591-603;702-731;953-957
P37288,52,4,113,61,0.460,intermittent,1-52;111-125;191-218;314-331
Q9NR34,587,1,587,0,1.000,contiguous,44-630
Q6UVM3,17,4,39,22,0.436,intermittent,85-101;159-164;220-228;250-256
Q8TDS4,33,4,103,70,0.320,intermittent,1-33;85-102;164-192;251-273
P49447,19,3,51,32,0.373,intermittent,38-51;107-124;180-198
Q0VAQ4,36,1,36,0,1.000,contiguous,1-36
Q9P2J2,714,1,714,0,1.000,contiguous,21-734
P48023,179,1,179,0,1.000,contiguous,103-281
Q08174,795,1,795,0,1.000,contiguous,58-852
Q8NH02,37,4,100,63,0.370,intermittent,1-29;84-104;163-199;264-276
P52961,272,0,0,0,,no_accepted_segment,
P32942,456,1,456,0,1.000,contiguous,30-485
Q86TM6,34,3,71,37,0.479,intermittent,26-41;120-140;191-224
Q9UI33,75,16,283,208,0.265,intermittent,149-156;213-219;270-344;370-376;597-607;660-667;726-753;775-785;1075-1088;1139-1139;1203-1243;1266-1281;1386-1396;1451-1461;1523-1536;1560-1579
Q8TE23,547,4,587,40,0.932,intermittent,20-566;624-635;703-727;782-784
A0AVI2,75,1,75,0,1.000,contiguous,1983-2057
O15552,26,4,75,49,0.347,intermittent,1-12;63-84;148-173;241-255
Q8NGE5,37,4,99,62,0.374,intermittent,1-25;76-99;161-197;259-271
Q9P1Z3,23,4,48,25,0.479,intermittent,119-124;193-201;275-297;320-329
Q969W0,5,1,5,0,1.000,contiguous,30-34
Q96PD7,4,1,4,0,1.000,contiguous,89-92
P36896,103,1,103,0,1.000,contiguous,24-126
Q6UXC1,1129,1,1129,0,1.000,contiguous,23-1151
O60412,37,4,99,62,0.374,intermittent,1-25;76-99;161-197;258-270
Q13255,574,4,613,39,0.936,intermittent,19-592;651-658;728-750;808-815
Q86W10,475,1,475,0,1.000,contiguous,31-505
Q8NGQ1,43,4,116,73,0.371,intermittent,1-43;93-113;174-212;274-286
Q96P88,28,3,73,45,0.384,intermittent,1-28;89-115;199-216
P22459,44,4,80,36,0.550,intermittent,327-370;425-439;498-511;532-538
Q9Y342,21,2,33,12,0.636,intermittent,57-68;121-141
Q8TDV2,51,4,120,69,0.425,intermittent,1-51;107-130;187-214;283-299
Q5VSG8,428,1,428,0,1.000,contiguous,30-457
P46059,202,6,300,98,0.673,intermittent,22-53;104-118;183-198;298-327;383-584;641-645
Q8TDS5,58,4,121,63,0.479,intermittent,1-58;109-129;194-215;278-297
P35070,87,1,87,0,1.000,contiguous,32-118
P57739,53,2,78,25,0.679,intermittent,29-81;138-162
Q8TD84,1573,1,1573,0,1.000,contiguous,19-1591
P30968,38,4,90,52,0.422,intermittent,1-38;98-115;185-212;301-306
Q8NGJ8,35,4,107,72,0.327,intermittent,1-33;84-107;169-203;266-280
Q5GH76,10,4,23,13,0.435,intermittent,138-142;327-331;396-398;478-487
P04843,415,1,415,0,1.000,contiguous,24-438
P13765,198,1,198,0,1.000,contiguous,27-224
Q76EJ3,15,3,24,9,0.625,intermittent,49-53;223-237;289-292
E9PQX1,13,2,22,9,0.591,intermittent,39-51;108-116
Q99705,44,4,100,56,0.440,intermittent,1-44;103-116;182-209;276-289
P35367,29,4,67,38,0.433,intermittent,1-29;90-97;165-188;441-446
Q9UN88,247,2,258,11,0.957,intermittent,22-268;316-326
Q9BZM6,190,0,0,0,,no_accepted_segment,
Q9UGM1,216,1,216,0,1.000,contiguous,23-238
Q86SS6,52,1,52,0,1.000,contiguous,1-52
P15421,33,1,33,0,1.000,contiguous,20-52
Q9UNQ0,74,3,94,20,0.787,intermittent,417-428;499-506;557-630
Q969X5,207,1,207,0,1.000,contiguous,48-254
P35462,32,4,80,48,0.400,intermittent,1-32;89-104;171-187;352-366
P27930,330,1,330,0,1.000,contiguous,14-343
Q9H3Q3,367,1,367,0,1.000,contiguous,32-398
Q86UW1,48,4,79,31,0.608,intermittent,1-48;109-109;203-217;279-293
P98153,329,1,329,0,1.000,contiguous,21-349
Q9H8P0,46,3,110,64,0.418,intermittent,35-80;139-157;216-260
P01906,194,1,194,0,1.000,contiguous,24-217
P14416,37,4,82,45,0.451,intermittent,1-37;94-108;173-188;396-409
Q8NGE0,37,4,99,62,0.374,intermittent,1-25;77-100;162-198;260-272
Q8NCH0,316,1,316,0,1.000,contiguous,61-376
P48551,217,1,217,0,1.000,contiguous,27-243
Q8NGH6,43,4,118,75,0.364,intermittent,1-43;94-117;179-214;277-291
Q9HBW0,30,4,80,50,0.375,intermittent,1-30;88-100;165-185;261-276
Q02643,108,4,157,49,0.688,intermittent,23-130;189-210;262-283;353-357
Q9Y6A9,1,1,1,0,1.000,contiguous,115-115
P16435,20,1,20,0,1.000,contiguous,2-21
P49279,42,6,97,55,0.433,intermittent,77-85;164-167;218-240;308-349;419-429;489-496
O00533,1058,1,1058,0,1.000,contiguous,25-1082
P28221,38,4,77,39,0.494,intermittent,1-38;98-109;177-194;327-335
Q15858,79,16,336,257,0.235,intermittent,146-150;205-210;268-346;364-376;763-771;823-831;889-915;929-940;1213-1224;1279-1287;1343-1394;1406-1431;1535-1545;1599-1607;1664-1686;1700-1733
Q9H228,40,4,94,54,0.426,intermittent,1-40;92-111;173-192;274-287
O15118,249,7,763,514,0.326,intermittent,23-261;372-620;676-685;752-759;854-1097;1146-1150;1216-1223
Q8NGH8,36,4,103,67,0.350,intermittent,1-28;79-102;164-199;262-276
Q96RD7,45,2,73,28,0.616,intermittent,62-106;239-266
Q9UBX8,347,1,347,0,1.000,contiguous,36-382
Q7Z7M0,2620,1,2620,0,1.000,contiguous,28-2647
Q6PEY0,35,2,70,35,0.500,intermittent,41-75;143-177
Q9Y5H9,675,1,675,0,1.000,contiguous,23-697
Q99678,48,4,89,41,0.539,intermittent,1-48;108-125;190-196;260-275
O75487,510,0,0,0,,no_accepted_segment,
Q9BZV3,1077,1,1077,0,1.000,contiguous,23-1099
Q8N0Y3,37,4,94,57,0.394,intermittent,1-25;80-100;159-195;259-269
O43909,868,1,868,0,1.000,contiguous,52-919
P98172,210,1,210,0,1.000,contiguous,28-237
Q13324,113,4,150,37,0.753,intermittent,1-113;172-182;246-263;327-334
Q68D85,238,1,238,0,1.000,contiguous,25-262
Q5T848,394,4,436,42,0.904,intermittent,24-417;475-478;548-576;634-642
Q9UEF7,948,1,948,0,1.000,contiguous,34-981
O75900,350,1,350,0,1.000,contiguous,41-390
Q8IW70,26,1,26,0,1.000,contiguous,86-111
Q5SNT2,63,3,77,14,0.818,intermittent,235-297;344-356;666-666
Q8NGC4,37,4,97,60,0.381,intermittent,1-25;77-100;162-198;260-270
Q16478,530,2,690,160,0.768,intermittent,15-544;644-803
Q6ZTQ4,694,1,694,0,1.000,contiguous,20-713
Q5JZY3,532,1,532,0,1.000,contiguous,34-565
O95342,64,5,110,46,0.582,intermittent,84-147;237-240;341-353;777-794;1001-1011
Q9UNA3,315,1,315,0,1.000,contiguous,26-340
Q8NA29,24,6,80,56,0.300,intermittent,71-94;148-157;222-241;334-344;390-392;467-478
Q5T6X5,576,4,623,47,0.925,intermittent,19-594;653-669;726-748;804-810
A6NL26,41,4,100,59,0.410,intermittent,1-26;77-95;159-199;257-270
Q92935,646,1,646,0,1.000,contiguous,31-676
Q9UN66,662,1,662,0,1.000,contiguous,30-691
P18433,132,1,132,0,1.000,contiguous,20-151
Q9BXR5,557,1,557,0,1.000,contiguous,20-576
Q12770,240,4,422,182,0.569,intermittent,40-279;334-344;423-423;540-709
P60059,7,1,7,0,1.000,contiguous,62-68
Q8IUH8,165,5,217,52,0.760,intermittent,22-186;275-276;341-346;398-439;494-495
Q5T4F4,1,1,1,0,1.000,contiguous,88-88
Q9H5Y7,582,1,582,0,1.000,contiguous,27-608
A6NDL8,33,4,86,53,0.384,intermittent,1-23;77-95;165-197;261-271
P52848,843,1,843,0,1.000,contiguous,40-882
P57087,210,1,210,0,1.000,contiguous,29-238
Q96A11,391,1,391,0,1.000,contiguous,41-431
Q9UMD9,1009,1,1009,0,1.000,contiguous,489-1497
Q9H3S3,387,1,387,0,1.000,contiguous,71-457
P58181,37,4,99,62,0.374,intermittent,1-25;76-99;161-197;259-271
Q96EU7,292,1,292,0,1.000,contiguous,27-318
Q96BA8,124,1,124,0,1.000,contiguous,396-519
Q99835,202,4,295,93,0.685,intermittent,28-229;283-314;379-398;475-515
P43627,224,1,224,0,1.000,contiguous,22-245
Q9H9S3,47,5,125,78,0.376,intermittent,54-76;139-144;194-240;310-354;442-445
Q8NGL2,36,4,98,62,0.367,intermittent,1-25;76-99;161-196;259-271
Q9ULQ1,35,8,92,57,0.380,intermittent,134-134;199-200;256-262;287-294;466-479;527-534;595-629;654-670
Q16653,125,2,141,16,0.887,intermittent,30-154;232-247
Q96R54,36,4,86,50,0.419,intermittent,1-26;77-91;158-193;259-267
Q9NSA0,111,6,144,33,0.771,intermittent,32-142;196-200;253-256;368-378;424-430;485-490
Q96PD2,462,1,462,0,1.000,contiguous,67-528
Q96CW9,489,0,0,0,,no_accepted_segment,
Q9NYW6,37,4,85,48,0.435,intermittent,1-6;64-94;150-186;256-266
Q58EX2,1912,1,1912,0,1.000,contiguous,21-1932
Q53EL9,906,1,906,0,1.000,contiguous,20-925
Q9GZN6,92,2,136,44,0.676,intermittent,220-263;404-495
Q13733,49,5,80,31,0.613,intermittent,125-134;320-324;801-805;875-923;977-987
Q8N162,37,4,99,62,0.374,intermittent,1-26;77-99;161-197;259-271
O75326,603,0,0,0,,no_accepted_segment,
Q9UIJ5,17,2,34,17,0.500,intermittent,38-54;192-208
Q1HG44,106,3,147,41,0.721,intermittent,1-21;78-183;228-247
Q86WK9,18,4,48,30,0.375,intermittent,94-103;159-169;259-276;338-346
O75509,308,1,308,0,1.000,contiguous,42-349
Q06495,162,4,217,55,0.747,intermittent,126-145;186-347;437-466;535-539
Q8TC26,17,3,40,23,0.425,intermittent,110-116;172-187;239-255
Q96PX8,605,1,605,0,1.000,contiguous,18-622
D3W0D1,156,1,156,0,1.000,contiguous,52-207
Q01629,5,1,5,0,1.000,contiguous,128-132
Q14802,18,1,18,0,1.000,contiguous,21-38
Q9Y2B1,413,1,413,0,1.000,contiguous,31-443
Q9NZJ5,485,1,485,0,1.000,contiguous,30-514
Q92185,308,1,308,0,1.000,contiguous,49-356
O94898,767,1,767,0,1.000,contiguous,41-807
Q8IZY2,507,2,781,274,0.649,intermittent,43-549;1264-1537
P29275,34,4,61,27,0.557,intermittent,1-8;68-78;145-178;260-267
Q9NPH5,215,3,270,55,0.796,intermittent,38-62;125-154;210-424
P98164,4398,1,4398,0,1.000,contiguous,26-4423
Q14831,556,4,607,51,0.916,intermittent,35-590;649-654;724-753;811-825
Q8NGC5,37,4,98,61,0.378,intermittent,1-24;75-98;160-196;258-270
P08069,195,1,195,0,1.000,contiguous,741-935
Q92806,24,2,33,9,0.727,intermittent,83-106;126-134
Q9Y271,31,4,112,81,0.277,intermittent,1-28;79-106;163-193;252-276
O43826,18,6,66,48,0.273,intermittent,34-49;97-101;160-168;248-265;321-328;385-394
Q9HB89,65,4,141,76,0.461,intermittent,1-65;119-138;203-235;316-338
P47211,36,4,84,48,0.429,intermittent,1-36;92-109;173-200;270-271
P46098,218,3,231,13,0.944,intermittent,24-241;293-302;476-478
Q96BF3,128,1,128,0,1.000,contiguous,23-150
Q9UQV4,354,1,354,0,1.000,contiguous,28-381
O00222,550,4,601,51,0.915,intermittent,34-583;642-647;717-746;804-818
Q6UXV0,333,1,333,0,1.000,contiguous,19-351
O75443,2068,0,0,0,,no_accepted_segment,
P21709,522,1,522,0,1.000,contiguous,26-547
Q5JX69,33,1,33,0,1.000,contiguous,20-52
Q9H2C5,37,4,103,66,0.359,intermittent,1-27;78-101;163-199;262-276
Q9Y4D7,1225,1,1225,0,1.000,contiguous,47-1271
A6NLX4,16,1,16,0,1.000,contiguous,32-47
Q6UXG8,222,1,222,0,1.000,contiguous,35-256
Q8NI32,124,0,0,0,,no_accepted_segment,
Q9NYW0,37,4,84,47,0.440,intermittent,1-6;64-100;148-179;249-257
P49682,53,4,112,59,0.473,intermittent,1-53;111-125;190-212;278-298
Q96FT7,349,1,349,0,1.000,contiguous,90-438
O75844,21,4,57,36,0.368,intermittent,1-18;103-123;192-195;369-382
Q15041,28,2,31,3,0.903,intermittent,63-65;176-203
Q96Q80,38,2,53,15,0.717,intermittent,44-58;120-157
Q96FE7,147,1,147,0,1.000,contiguous,22-168
A8MYU2,24,5,65,41,0.369,intermittent,1-24;123-138;185-188;248-259;283-291
P18564,688,1,688,0,1.000,contiguous,22-709
Q9HCQ5,574,1,574,0,1.000,contiguous,30-603
A6NK97,93,6,177,84,0.525,intermittent,45-137;188-194;247-250;361-373;419-429;507-555
Q8NCW6,579,1,579,0,1.000,contiguous,30-608
Q9NUE0,21,2,29,8,0.724,intermittent,112-119;257-277
Q9NT68,2374,1,2374,0,1.000,contiguous,401-2774
Q5TAT6,656,1,656,0,1.000,contiguous,62-717
Q9Y6U7,207,1,207,0,1.000,contiguous,44-250
Q8N697,32,6,135,103,0.237,intermittent,63-76;126-155;217-222;339-366;423-454;511-535
Q8N5Y8,14,1,14,0,1.000,contiguous,309-322
Q08722,123,3,145,22,0.848,intermittent,19-141;198-207;257-268
P19235,226,1,226,0,1.000,contiguous,25-250
Q96QI5,293,1,293,0,1.000,contiguous,50-342
Q9BYE9,1134,1,1134,0,1.000,contiguous,21-1154
P54753,526,1,526,0,1.000,contiguous,34-559
Q99946,31,2,41,10,0.756,intermittent,245-275;297-306
Q6UXB4,241,1,241,0,1.000,contiguous,53-293
Q86T96,7,1,7,0,1.000,contiguous,586-592
Q96PL2,287,0,0,0,,no_accepted_segment,
Q8IY95,26,2,38,12,0.684,intermittent,68-93;160-171
P47870,216,3,235,19,0.919,intermittent,26-241;293-310;512-512
O43529,329,1,329,0,1.000,contiguous,28-356
Q9UKF5,481,1,481,0,1.000,contiguous,194-674
Q6ZP29,37,4,89,52,0.416,intermittent,1-37;93-98;156-182;236-254
Q6UXN8,185,1,185,0,1.000,contiguous,57-241
Q9NQN1,37,4,103,66,0.359,intermittent,1-26;81-101;160-196;261-279
Q86SJ6,582,1,582,0,1.000,contiguous,50-631
Q8IWT1,132,1,132,0,1.000,contiguous,31-162
P50406,27,4,59,32,0.458,intermittent,1-27;89-96;168-185;294-299
Q09013,18,1,18,0,1.000,contiguous,612-629
Q6EMK4,552,1,552,0,1.000,contiguous,24-575
P51164,234,1,234,0,1.000,contiguous,58-291
Q16853,737,1,737,0,1.000,contiguous,27-763
Q99928,239,2,247,8,0.968,intermittent,18-256;304-311
Q8NGN8,37,4,92,55,0.402,intermittent,1-23;78-98;157-193;257-267
Q6NXT4,15,3,27,12,0.556,intermittent,55-64;120-134;222-223
Q969W1,47,2,65,18,0.723,intermittent,99-116;220-266
Q8NGD0,37,4,94,57,0.394,intermittent,1-25;80-100;159-195;261-271
Q6UWB1,484,1,484,0,1.000,contiguous,33-516
Q8TDU6,21,4,62,41,0.339,intermittent,1-21;73-85;145-160;250-261
Q92859,1072,1,1072,0,1.000,contiguous,34-1105
B6A8C7,220,1,220,0,1.000,contiguous,17-236
Q6UQ28,161,0,0,0,,no_accepted_segment,
Q02742,396,1,396,0,1.000,contiguous,33-428
Q8NGB8,37,4,94,57,0.394,intermittent,1-25;80-100;159-195;259-269
Q5T7M9,380,1,380,0,1.000,contiguous,49-428
Q4VC39,14,1,14,0,1.000,contiguous,68-81
P26992,319,0,0,0,,no_accepted_segment,
Q12864,765,1,765,0,1.000,contiguous,23-787
O95868,84,0,0,0,,no_accepted_segment,
Q13444,490,1,490,0,1.000,contiguous,207-696
Q9Y345,102,1,102,0,1.000,contiguous,292-393
P53794,98,7,229,131,0.428,intermittent,1-9;58-86;145-157;206-303;377-406;463-510;717-718
P09619,500,1,500,0,1.000,contiguous,33-532
Q03519,21,5,64,43,0.328,intermittent,1-6;78-98;170-187;288-293;396-408
P60508,463,1,463,0,1.000,contiguous,16-478
P25445,148,1,148,0,1.000,contiguous,26-173
Q9NPG1,183,4,274,91,0.668,intermittent,23-205;259-288;350-374;442-477
P15328,209,0,0,0,,no_accepted_segment,
P04920,53,1,53,0,1.000,contiguous,848-900
