gene_symbol,uniprot,accession_count,main_location,additional_location,if_reliability
A1BG,P04217,1,,,
A1CF,Q9NQ94,1,Nucleoplasm,,Supported
A2M,P01023,1,,,
A2ML1,A8K2U0,1,,,
A3GALT2,U3KPV4,1,,,
A4GALT,Q9NPC4,1,Mitochondria,,Uncertain
A4GNT,Q9UNA3,1,,,
AAAS,Q9NRG9,1,Nuclear membrane,"Centrosome, Cytosol",Approved
AACS,Q86V21,1,Vesicles,,Approved
AADAC,P22760,1,,,
AADACL2,Q6P093,1,,,
AADACL3,Q5VUY0,1,,,
AADACL4,Q5VUY2,1,,,
AADAT,Q8N5Z0,1,Plasma membrane,Vesicles,Approved
AAGAB,Q6PD74,1,"Nuclear speckles, Cytosol",,Supported
AAK1,Q2M2I8,1,"Vesicles, Plasma membrane",Cytosol,Approved
AAMDC,Q9H7C9,1,Nucleoplasm,Cytosol,Approved
AAMP,Q13685,1,Microtubules,Cytosol,Supported
AANAT,Q16613,1,Cytosol,,Supported
AAR2,Q9Y312,1,Cytosol,,Approved
AARD,Q4LEZ3,1,Lipid droplets,,Approved
AARS1,P49588,1,Cytosol,,Supported
AARS2,Q5JTZ9,1,Mitochondria,,Enhanced
AARSD1,Q9BTE6,1,"Nuclear membrane, Cytosol",,Approved
AASDH,Q4L235,1,,,
AASDHPPT,Q9NRN7,1,,,
AASS,Q9UDR5,1,Mitochondria,"Nucleoplasm, Vesicles",Approved
AATF,Q9NY61,1,Nucleoli,Nucleoplasm,Supported
AATK,Q6ZMQ8,1,Mitochondria,,Uncertain
ABAT,P80404,1,Mitochondria,,Supported
ABCA1,O95477,1,"Nucleoplasm, Vesicles",,Approved
ABCA10,Q8WWZ4,1,,,
ABCA12,Q86UK0,1,"Vesicles, Plasma membrane","Nucleoli, Cytosol",Approved
ABCA13,,0,Vesicles,"Centrosome, Cytosol",Approved
ABCA2,Q9BZC7,1,Vesicles,,Supported
ABCA3,Q99758,1,"Nucleoplasm, Cytosol",,Approved
ABCA4,P78363,1,Endoplasmic reticulum,,Supported
ABCA5,Q8WWZ7,1,Nucleoplasm,,Approved
ABCA6,Q8N139,1,Nucleoplasm,,Enhanced
ABCA7,Q8IZY2,1,"Golgi apparatus, Plasma membrane",Cell Junctions,Supported
ABCA8,O94911,1,Nucleoplasm,Cytosol,Approved
ABCA9,Q8IUA7,1,Endoplasmic reticulum,,Approved
ABCB1,P08183,1,Plasma membrane,,Supported
ABCB10,Q9NRK6,1,,,
ABCB11,O95342,1,"Nucleoplasm, Plasma membrane, Cytosol",,Uncertain
ABCB4,P21439,1,"Nucleoplasm, Plasma membrane","Focal adhesion sites, Cytosol",Approved
ABCB5,Q2M3G0,1,,,
ABCB6,Q9NP58,1,Golgi apparatus,"Nucleoplasm, Plasma membrane, Mitochondria, Cytosol",Supported
ABCB7,O75027,1,Mitochondria,,Approved
ABCB8,Q9NUT2,1,Mitochondria,Nucleoplasm,Supported
ABCB9,Q9NP78,1,Vesicles,,Supported
ABCC1,P33527,1,Plasma membrane,Cell Junctions,Supported
ABCC10,Q5T3U5,1,,,
ABCC11,Q96J66,1,,,
ABCC12,Q96J65,1,,,
ABCC2,Q92887,1,,,
ABCC3,O15438,1,Plasma membrane,,Supported
ABCC4,O15439,1,Plasma membrane,"Nucleoli, Golgi apparatus",Supported
ABCC5,O15440,1,"Plasma membrane, Cell Junctions",Nucleoplasm,Approved
ABCC6,O95255,1,Plasma membrane,Nucleoplasm,Supported
ABCC8,Q09428,1,Nucleoli,"Golgi apparatus, Cytosol",Approved
ABCC9,O60706,1,"Nucleoplasm, Cytosol",,Approved
ABCD1,P33897,1,,,
ABCD2,Q9UBJ2,1,,,
ABCD3,P28288,1,Peroxisomes,,Enhanced
ABCD4,O14678,1,,,
ABCE1,P61221,1,Cytosol,,Enhanced
ABCF1,Q8NE71,1,Cytosol,,Enhanced
ABCF2,Q9UG63,1,Cytosol,,Enhanced
ABCF2-H2BE1,Q9UG63,1,Cytosol,,Uncertain
ABCF3,Q9NUQ8,1,Cytosol,Nucleoli,Approved
ABCG1,P45844,1,"Golgi apparatus, Vesicles",,Supported
ABCG2,Q9UNQ0,1,Plasma membrane,Nucleoplasm,Supported
ABCG4,Q9H172,1,,,
ABCG5,Q9H222,1,,,
ABCG8,Q9H221,1,Vesicles,,Approved
ABHD1,Q96SE0,1,,,
ABHD10,Q9NUJ1,1,Mitochondria,,Approved
ABHD11,Q8NFV4,1,Mitochondria,,Supported
ABHD12,Q8N2K0,1,,,
ABHD12B,Q7Z5M8,1,Nucleoplasm,,Uncertain
ABHD13,Q7L211,1,Cytosol,,Approved
ABHD14A,Q9BUJ0,1,Vesicles,,Supported
ABHD14A-ACY1,,0,Vesicles,,Supported
ABHD14B,Q96IU4,1,Nucleoli,"Nucleoplasm, Cytosol",Approved
ABHD15,Q6UXT9,1,"Nucleoplasm, Cytosol",,Approved
ABHD16A,O95870,1,,,
ABHD16B,Q9H3Z7,1,Nucleoplasm,,Enhanced
ABHD17A,Q96GS6,1,Vesicles,Nuclear speckles,Approved
ABHD17B,Q5VST6,1,,,
ABHD17C,Q6PCB6,1,,,
ABHD18,Q0P651,1,Nuclear membrane,,Approved
ABHD2,P08910,1,Cytosol,Nucleoplasm,Approved
ABHD3,Q8WU67,1,"Nucleoplasm, Plasma membrane",Vesicles,Approved
ABHD4,Q8TB40,1,Nucleoplasm,,Approved
ABHD5,Q8WTS1,1,"Vesicles, Cytosol",Nucleoplasm,Supported
ABHD6,Q9BV23,1,Vesicles,Nucleoplasm,Approved
ABHD8,Q96I13,1,Nucleoplasm,Nuclear bodies,Approved
ABI1,Q8IZP0,1,"Plasma membrane, Cell Junctions",,Approved
ABI2,Q9NYB9,1,Nucleoplasm,"Vesicles, Cytosol",Supported
ABI3,Q9P2A4,1,,,
ABI3BP,Q7Z7G0,1,,,
ABITRAM,Q9NX38,1,"Nucleoplasm, Cytosol",Plasma membrane,Approved
ABL1,P00519,1,Nucleoplasm,Nuclear bodies,Enhanced
ABL2,P42684,1,Nucleoplasm,Vesicles,Approved
ABLIM1,O14639,1,Cytosol,,Supported
ABLIM2,Q6H8Q1,1,Mitochondria,Nucleoplasm,Uncertain
ABLIM3,O94929,1,"Nucleoplasm, Plasma membrane",Cell Junctions,Approved
ABO,,0,,,
ABR,Q12979,1,Cytosol,Nucleoplasm,Approved
ABRA,Q8N0Z2,1,,,
ABRACL,Q9P1F3,1,Nucleoplasm,Cytosol,Approved
ABRAXAS1,Q6UWZ7,1,Nuclear bodies,,Supported
ABRAXAS2,Q15018,1,Cytosol,,Supported
ABT1,Q9ULW3,1,Vesicles,,Approved
ABTB1,Q969K4,1,Cytosol,Nucleoli,Supported
ABTB2,Q8N961,1,Nucleoplasm,Vesicles,Supported
AC000120.2,,0,,,
AC000120.3,,0,Vesicles,,Approved
AC001226.2,,0,,,
AC002094.3,,0,,,
AC002456.2,,0,,,
AC002996.1,,0,,,
AC003002.1,,0,,,
AC003002.2,,0,,,
AC003002.3,,0,,,
AC003006.1,,0,Nucleoplasm,,Approved
AC004076.1,,0,,,
AC004080.3,,0,,,
AC004223.3,,0,,,
AC004556.3,,0,Mitochondria,Nucleoli fibrillar center,Supported
AC004593.2,,0,Nucleoplasm,Nuclear bodies,Uncertain
AC004691.2,,0,Plasma membrane,,Approved
AC004706.3,,0,,,
AC004832.3,,0,,,
AC004922.1,,0,Cell Junctions,Cytosol,Approved
AC004997.1,,0,,,
AC005154.5,,0,,,
AC005324.2,,0,Cytosol,Plasma membrane,Approved
AC005551.1,,0,,,
AC005697.1,,0,,,
AC005702.1,,0,,,
AC005726.1,,0,"Vesicles, Plasma membrane",Nucleoplasm,Approved
AC005833.1,,0,Mitochondria,Nucleoplasm,Approved
AC005837.2,,0,,,
AC006059.2,,0,Centriolar satellite,"Nucleoplasm, Cytosol",Approved
AC006486.1,,0,Nucleoplasm,Cytosol,Approved
AC006486.3,,0,,,
AC006538.2,,0,,,
AC007040.2,,0,,,
AC007325.1,,0,,,
AC007325.2,,0,Mitochondria,"Nucleoplasm, Vesicles",Approved
AC007325.4,,0,,,
AC007326.4,,0,,,
AC007846.2,,0,,,
AC007906.2,,0,,,
AC007998.2,,0,,,
AC008162.2,,0,Nucleoli,,Uncertain
AC008397.1,,0,,,
AC008397.2,,0,"Centrosome, Cytosol",Midbody ring,Approved
AC008403.1,,0,"Plasma membrane, Cytosol",,Uncertain
AC008676.3,,0,,,
AC008687.1,,0,,,
AC008687.4,,0,,,
AC008695.1,,0,Cytosol,Centrosome,Approved
AC008758.1,,0,,,
AC008758.5,,0,Nucleoplasm,Centriolar satellite,Uncertain
AC008763.3,,0,,,
AC008764.4,,0,,,
AC008770.2,,0,Nucleoplasm,,Uncertain
AC008770.4,,0,,,
AC008878.1,,0,,,
AC008982.1,,0,Mitochondria,,Uncertain
AC009070.1,,0,,,
AC009163.5,,0,,,
AC009412.1,,0,,,
AC009779.3,,0,,,
AC009879.2,,0,,,
AC010132.3,,0,,,
AC010255.2,,0,,,
AC010319.2,,0,Nuclear membrane,,Approved
AC010325.1,,0,,,
AC010422.5,,0,"Nuclear membrane, Endoplasmic reticulum",,Approved
AC010522.1,,0,,,
AC010531.1,,0,,,
AC010646.1,,0,,,
AC010973.3,,0,,,
AC010980.1,,0,,,
AC011005.1,,0,Cytosol,,Approved
AC011043.1,,0,,,
AC011043.2,,0,,,
AC011448.1,,0,,,
AC011455.2,,0,"Nucleoplasm, Mitochondria",Vesicles,Uncertain
AC011462.1,,0,,,
AC011479.1,,0,,,
AC011499.1,,0,,,
AC011530.1,,0,,,
AC011841.1,,0,,,
AC012184.2,,0,Nucleoplasm,,Uncertain
AC012213.5,,0,Mitochondria,Nucleoplasm,Approved
AC012254.6,Q3SY89,1,Nucleoplasm,"Nucleoli, Cytosol",Approved
AC012254.7,Q8NG57,1,Nucleoplasm,"Nucleoli, Cytosol",Supported
AC012309.1,,0,,,
AC012488.2,,0,Cytosol,,Approved
AC012531.3,,0,,,
AC013394.1,,0,,,
AC013470.2,,0,,,
AC013477.1,,0,Centrosome,,Approved
AC013489.1,,0,Microtubules,"Nucleoplasm, Cytokinetic bridge",Approved
AC015802.6,,0,,,
AC018630.2,,0,,,
AC018709.1,,0,,,
AC018755.2,,0,,,
AC019117.1,,0,,,
AC020765.6,,0,,,
AC020907.6,,0,Nucleoplasm,Plasma membrane,Approved
AC020909.1,,0,,,
AC021072.1,,0,,,
AC022150.4,,0,Nucleoli rim,,Approved
AC022414.1,,0,,,
AC022506.1,P0DPQ6,1,,,
AC023055.1,,0,Nuclear speckles,Cytoplasmic bodies,Approved
AC023491.2,,0,,,
AC024592.3,,0,Mitochondria,,Approved
AC024598.1,,0,"Vesicles, Centriolar satellite, Centrosome",,Approved
AC025165.3,,0,,,
AC025287.4,,0,,,
AC026316.4,,0,,,
AC026464.3,,0,,,
AC026464.4,,0,Midbody,,Approved
AC026464.6,,0,,,
AC026786.1,,0,,,
AC034102.2,,0,,,
AC037459.1,,0,,,
AC048338.2,,0,,,
AC053503.6,,0,,,
AC055839.2,,0,,,
AC058822.1,,0,Nucleoplasm,,Supported
AC063943.2,,0,,,
AC064824.1,,0,,,
AC068533.4,,0,,,
AC068580.4,,0,,,
AC068631.2,,0,Endoplasmic reticulum,,Uncertain
AC068775.1,,0,,,
AC068870.4,,0,,,
AC069368.1,,0,,,
AC069444.2,,0,,,
AC069544.1,,0,,,
AC072022.2,,0,,,
AC073111.3,,0,,,
AC073610.1,,0,"Nucleoplasm, Nuclear bodies",,Approved
AC073896.1,,0,"Nucleoplasm, Centriolar satellite",,Approved
AC079741.2,,0,,,
AC083800.1,,0,,,
AC083977.1,,0,,,
AC084756.2,,0,,,
AC087721.2,,0,"Nucleoplasm, Nucleoli, Nucleoli fibrillar center",,Approved
AC090373.2,A6NLF2,1,Nucleoplasm,"Nucleoli, Cytosol",Approved
AC090517.4,,0,,,
AC090527.2,,0,,,
AC091167.6,,0,,,
AC091959.1,,0,Nuclear speckles,,Approved
AC092017.2,,0,,,
AC092042.3,,0,,,
AC092073.1,,0,,,
AC092143.1,,0,Microtubules,"Cytokinetic bridge, Mitotic spindle",Approved
AC092329.3,,0,,,
AC092442.1,,0,,,
AC092587.1,,0,,,
AC092647.5,,0,,,
AC092718.2,,0,Vesicles,,Approved
AC092718.7,,0,Vesicles,,Approved
AC092835.1,,0,,,
AC093155.3,,0,Mitochondria,,Uncertain
AC093246.1,,0,,,
AC093323.1,B2RBV5,1,,,
AC093512.2,,0,,,
AC093525.1,,0,,,
AC093525.2,,0,,,
AC093668.1,,0,Nucleoplasm,,Uncertain
AC093827.5,,0,Focal adhesion sites,Cytosol,Approved
AC093899.2,,0,,,
AC097634.4,,0,Nucleoplasm,,Approved
AC097636.1,,0,,,
AC097637.1,,0,,,
AC099489.1,,0,,,
AC099569.1,,0,,,
AC099811.2,,0,,,
AC099850.2,,0,,,
AC100868.1,,0,,,
AC104109.3,,0,,,
AC104389.6,,0,,,
AC104452.1,,0,,,
AC105206.4,,0,,,
AC106873.8,,0,,,
AC107871.1,,0,,,
AC107959.5,,0,,,
AC109583.1,,0,,,
AC114402.2,,0,,,
AC114490.2,,0,,,
AC116366.1,,0,Nucleoplasm,,Approved
AC117378.1,,0,Cytosol,,Approved
AC117457.1,,0,,,
AC118470.1,,0,,,
AC118553.2,,0,Vesicles,,Approved
AC119676.1,,0,,,
AC119733.1,,0,,,
AC126283.1,,0,,,
AC127029.3,,0,Plasma membrane,"Nucleoplasm, Cytosol",Approved
AC129492.3,,0,,,
AC131160.1,,0,Mitochondria,,Approved
AC132217.2,,0,Nucleoplasm,,Approved
AC133551.1,,0,Centriolar satellite,,Uncertain
AC134669.1,,0,,,
AC134980.2,,0,Centrosome,,Approved
AC135050.2,,0,Endoplasmic reticulum,,Approved
AC135068.1,,0,,,
AC135068.5,,0,,,
AC136352.2,,0,,,
AC136352.3,,0,,,
AC136475.9,,0,,,
AC136612.1,,0,Centriolar satellite,,Approved
AC136616.1,,0,,,
AC136616.2,,0,,,
AC136616.3,,0,,,
AC138647.1,,0,,,
AC138696.1,,0,"Nucleoli, Nucleoli rim","Nucleoplasm, Plasma membrane",Approved
AC138811.2,,0,Endoplasmic reticulum,,Approved
AC138894.1,,0,Nucleoplasm,,Approved
AC138969.1,,0,Nucleoplasm,,Approved
AC139530.2,,0,Mitochondria,,Supported
AC140504.1,,0,,,
AC141272.1,,0,,,
AC144573.1,,0,,,
AC145212.1,Q8WZ33,1,,,
AC171558.1,,0,Centrosome,,Uncertain
AC171558.3,,0,,,
AC213203.1,P0DMU3,1,,,
AC213203.2,,0,,,
AC231656.1,,0,,,
AC231657.3,,0,,,
AC233723.1,,0,,,
AC233755.1,P0DP08,1,,,
AC233755.2,,0,,,
AC240274.1,,0,Cytosol,Microtubules,Approved
AC242628.1,,0,,,
AC242842.3,,0,Cytosol,Microtubules,Approved
AC243547.3,,0,,,
AC243967.1,,0,,,
AC244197.3,,0,,,
AC244517.10,,0,,,
AC245033.1,,0,Endoplasmic reticulum,"Nucleoli, Cytosol",Approved
AC245748.1,,0,,,
AC253536.7,,0,Mitochondria,,Approved
ACAA1,P09110,1,Peroxisomes,,Supported
ACAA2,P42765,1,Mitochondria,,Supported
ACACA,Q13085,1,Cytosol,"Nucleoli fibrillar center, Actin filaments",Supported
ACACB,O00763,1,,,
ACAD10,Q6JQN1,1,,,
ACAD11,Q709F0,1,,,
ACAD8,Q9UKU7,1,,,
ACAD9,Q9H845,1,Mitochondria,,Enhanced
ACADL,P28330,1,,,
ACADM,P11310,1,Mitochondria,,Enhanced
ACADS,P16219,1,Mitochondria,,Supported
ACADSB,P45954,1,Mitochondria,,Supported
ACADVL,P49748,1,Mitochondria,"Nucleoplasm, Nucleoli",Supported
ACAN,P16112,1,,,
ACAP1,Q15027,1,Golgi apparatus,,Uncertain
ACAP2,Q15057,1,Endosomes,,Approved
ACAP3,Q96P50,1,Nucleoplasm,Golgi apparatus,Approved
ACAT1,P24752,1,Mitochondria,,Enhanced
ACAT2,Q9BWD1,1,Cytosol,Nucleoplasm,Approved
ACBD3,Q9H3P7,1,Golgi apparatus,,Supported
ACBD4,Q8NC06,1,"Nucleoplasm, Vesicles",,Approved
ACBD5,Q5T8D3,1,Peroxisomes,,Enhanced
ACBD6,Q9BR61,1,Nucleoplasm,Cytosol,Approved
ACBD7,Q8N6N7,1,"Vesicles, Cytosol",,Approved
ACCS,Q96QU6,1,Golgi apparatus,,Approved
ACCSL,Q4AC99,1,Cytosol,,Approved
ACD,Q96AP0,1,Nuclear bodies,,Enhanced
ACE,P12821,1,Vesicles,,Approved
ACE2,Q9BYF1,1,,,
ACER1,Q8TDN7,1,,,
ACER2,Q5QJU3,1,,,
ACER3,Q9NUN7,1,,,
ACHE,P22303,1,Golgi apparatus,Vesicles,Approved
ACIN1,Q9UKV3,1,Nucleoplasm,"Plasma membrane, Cytosol",Supported
ACKR1,Q16570,1,,,
ACKR2,O00590,1,"Vesicles, Cytosol",Nucleoplasm,Supported
ACKR3,P25106,1,"Vesicles, Plasma membrane",,Supported
ACKR4,Q9NPB9,1,"Vesicles, Mitochondria",,Approved
ACLY,P53396,1,Cytosol,Nucleoplasm,Enhanced
ACMSD,Q8TDX5,1,Cytosol,,Approved
ACO1,P21399,1,"Mitochondria, Cytosol",,Supported
ACO2,Q99798,1,Mitochondria,,Approved
ACOD1,A6NK06,1,Mitochondria,Nucleoplasm,Uncertain
ACOT1,Q86TX2,1,Mitochondria,,Approved
ACOT11,Q8WXI4,1,Cytosol,,Supported
ACOT12,Q8WYK0,1,Cytosol,"Nucleoplasm, Cytokinetic bridge",Approved
ACOT13,Q9NPJ3,1,Cell Junctions,,Approved
ACOT2,P49753,1,Mitochondria,,Approved
ACOT4,Q8N9L9,1,,,
ACOT6,Q3I5F7,1,,,
ACOT7,O00154,1,Cytosol,Nucleoplasm,Supported
ACOT8,O14734,1,Vesicles,Mitochondria,Supported
ACOT9,Q9Y305,1,"Plasma membrane, Cytosol",Nucleoplasm,Approved
ACOX1,Q15067,1,Peroxisomes,Nucleoli,Approved
ACOX2,Q99424,1,Vesicles,Cytosol,Approved
ACOX3,O15254,1,Peroxisomes,,Supported
ACOXL,Q9NUZ1,1,Cytosol,Nucleoli,Supported
ACP1,P24666,1,Nucleoplasm,Cytosol,Approved
ACP2,P11117,1,,,
ACP3,P15309,1,,,
ACP4,Q9BZG2,1,,,
ACP5,P13686,1,Cytosol,,Uncertain
ACP6,Q9NPH0,1,,,
ACP7,Q6ZNF0,1,,,
ACR,P10323,1,,,
ACRBP,Q8NEB7,1,"Nucleoplasm, Vesicles",,Approved
ACRV1,P26436,1,,,
ACSBG1,Q96GR2,1,Vesicles,,Approved
ACSBG2,Q5FVE4,1,Cytosol,,Supported
ACSF2,Q96CM8,1,"Nucleoplasm, Microtubules, Cytosol",,Uncertain
ACSF3,Q4G176,1,Mitochondria,Nucleoplasm,Supported
ACSL1,P33121,1,Vesicles,,Uncertain
ACSL3,O95573,1,"Nucleoli, Nucleoli rim",Lipid droplets,Approved
ACSL4,O60488,1,Golgi apparatus,Mitochondria,Approved
ACSL5,Q9ULC5,1,Mitochondria,Nucleoplasm,Supported
ACSL6,Q9UKU0,1,,,
ACSM1,Q08AH1,1,,,
ACSM2A,Q08AH3,1,,,
ACSM2B,Q68CK6,1,,,
ACSM3,Q53FZ2,1,,,
ACSM4,P0C7M7,1,,,
ACSM5,Q6NUN0,1,Vesicles,,Uncertain
ACSM6,Q6P461,1,,,
ACSS1,Q9NUB1,1,,,
ACSS2,Q9NR19,1,,,
ACSS3,Q9H6R3,1,Mitochondria,,Supported
ACTA1,P68133,1,,,
ACTA2,P62736,1,Actin filaments,,Supported
ACTB,P60709,1,,,
ACTBL2,Q562R1,1,,,
ACTC1,P68032,1,,,
ACTG1,P63261,1,,,
ACTG2,P63267,1,,,
ACTL10,Q5JWF8,1,,,
ACTL10,,0,,,
ACTL6A,O96019,1,Nucleoplasm,Cytosol,Enhanced
ACTL6B,O94805,1,Nucleoli rim,Mitotic chromosome,Approved
ACTL7A,Q9Y615,1,,,
ACTL7B,Q9Y614,1,,,
ACTL8,Q9H568,1,Cytosol,,Approved
ACTL9,Q8TC94,1,,,
ACTN1,P12814,1,"Actin filaments, Focal adhesion sites","Plasma membrane, Cytosol",Approved
ACTN2,P35609,1,Actin filaments,Cytosol,Approved
ACTN3,Q08043,1,Actin filaments,Cytosol,Approved
ACTN4,O43707,1,Actin filaments,Cytosol,Approved
ACTR10,Q9NZ32,1,"Vesicles, Plasma membrane, Focal adhesion sites",,Approved
ACTR1A,P61163,1,Microtubules,,Approved
ACTR1B,P42025,1,Microtubules,,Approved
ACTR2,P61160,1,Cytosol,,Approved
ACTR3,P61158,1,,,
ACTR3B,Q9P1U1,1,,,
ACTR3C,Q9C0K3,1,,,
ACTR5,Q9H9F9,1,,,
ACTR6,Q9GZN1,1,"Plasma membrane, Cytosol",,Approved
ACTR8,Q9H981,1,Nucleoplasm,Centrosome,Supported
ACTRT1,Q8TDG2,1,,,
ACTRT2,Q8TDY3,1,,,
ACTRT3,Q9BYD9,1,Nucleoplasm,,Approved
ACVR1,Q04771,1,Nucleoli,Cytosol,Uncertain
ACVR1B,P36896,1,Cytosol,,Approved
ACVR1C,Q8NER5,1,,,
ACVR2A,P27037,1,Cytosol,,Approved
ACVR2B,Q13705,1,,,
ACVRL1,P37023,1,,,
ACY1,Q03154,1,Vesicles,,Approved
ACY3,Q96HD9,1,,,
ACYP1,P07311,1,Cytosol,Nucleoplasm,Approved
ACYP2,P14621,1,Nucleoplasm,,Approved
ADA,P00813,1,Plasma membrane,Cytosol,Supported
ADA2,Q9NZK5,1,,,
ADAD1,Q96M93,1,,,
ADAD2,Q8NCV1,1,,,
ADAL,Q6DHV7,1,Nucleoplasm,"Nuclear speckles, Vesicles",Approved
ADAM10,O14672,1,"Vesicles, Plasma membrane",,Supported
ADAM11,O75078,1,,,
ADAM12,O43184,1,Plasma membrane,,Supported
ADAM15,Q13444,1,Vesicles,,Uncertain
ADAM17,P78536,1,Cytosol,,Supported
ADAM18,Q9Y3Q7,1,,,
ADAM19,Q9H013,1,Vesicles,,Approved
ADAM2,Q99965,1,,,
ADAM20,O43506,1,,,
ADAM21,Q9UKJ8,1,,,
ADAM22,Q9P0K1,1,Cell Junctions,,Approved
ADAM23,O75077,1,,,
ADAM28,Q9UKQ2,1,Plasma membrane,Mitochondria,Approved
ADAM29,Q9UKF5,1,,,
ADAM30,Q9UKF2,1,,,
ADAM32,Q8TC27,1,Vesicles,Nucleoplasm,Approved
ADAM33,Q9BZ11,1,Plasma membrane,Nuclear speckles,Approved
ADAM7,Q9H2U9,1,,,
ADAM8,P78325,1,,,
ADAM9,Q13443,1,Vesicles,Endoplasmic reticulum,Approved
ADAMDEC1,O15204,1,,,
ADAMTS1,Q9UHI8,1,Plasma membrane,,Approved
ADAMTS10,Q9H324,1,,,
ADAMTS12,P58397,1,Nucleoli,Mitochondria,Approved
ADAMTS13,Q76LX8,1,Vesicles,,Approved
ADAMTS14,Q8WXS8,1,,,
ADAMTS15,Q8TE58,1,Cytosol,,Approved
ADAMTS16,Q8TE57,1,Vesicles,,Approved
ADAMTS17,Q8TE56,1,Nucleoplasm,,Approved
ADAMTS18,Q8TE60,1,"Midbody, Mitotic spindle",,Approved
ADAMTS19,,0,"Vesicles, Midbody",,Approved
ADAMTS2,O95450,1,Plasma membrane,Vesicles,Approved
ADAMTS20,P59510,1,,,
ADAMTS3,O15072,1,Intermediate filaments,,Approved
ADAMTS4,O75173,1,Nuclear speckles,,Supported
ADAMTS5,Q9UNA0,1,Nucleoplasm,,Supported
ADAMTS6,Q9UKP5,1,,,
ADAMTS7,Q9UKP4,1,Vesicles,,Supported
ADAMTS8,Q9UP79,1,,,
ADAMTS9,Q9P2N4,1,Vesicles,Endoplasmic reticulum,Approved
ADAMTSL1,Q8N6G6,1,Vesicles,,Approved
ADAMTSL2,Q86TH1,1,Vesicles,,Approved
ADAMTSL3,P82987,1,Vesicles,,Approved
ADAMTSL4,Q6UY14,1,"Plasma membrane, Cytosol",,Approved
ADAMTSL5,,0,Golgi apparatus,,Approved
ADAP1,O75689,1,"Plasma membrane, Cytosol",,Supported
ADAP2,Q9NPF8,1,,,
ADAR,P55265,1,Nucleoli,Nucleoplasm,Enhanced
ADARB1,P78563,1,Nucleoplasm,Cytosol,Supported
ADARB2,Q9NS39,1,,,
ADAT1,Q9BUB4,1,Nucleoplasm,,Supported
ADAT2,Q7Z6V5,1,Golgi apparatus,"Nucleoplasm, Cytosol",Approved
ADAT3,,0,Nucleoplasm,,Approved
ADCK1,Q86TW2,1,Nucleoplasm,,Uncertain
ADCK2,Q7Z695,1,"Centrosome, Cytosol",,Uncertain
ADCK5,Q3MIX3,1,"Plasma membrane, Cytosol",,Approved
ADCY1,Q08828,1,Mitochondria,,Uncertain
ADCY10,Q96PN6,1,,,
ADCY2,Q08462,1,,,
ADCY3,O60266,1,,,
ADCY4,Q8NFM4,1,,,
ADCY5,O95622,1,Intermediate filaments,Vesicles,Approved
ADCY6,O43306,1,Golgi apparatus,,Approved
ADCY7,P51828,1,Plasma membrane,,Approved
ADCY8,P40145,1,,,
ADCY9,O60503,1,Plasma membrane,Cytosol,Supported
ADCYAP1,P18509,1,,,
ADCYAP1R1,P41586,1,Vesicles,,Enhanced
ADD1,P35611,1,Plasma membrane,Nucleoplasm,Enhanced
ADD2,P35612,1,"Nucleoplasm, Cytosol",Plasma membrane,Approved
ADD3,Q9UEY8,1,Plasma membrane,,Supported
ADGB,Q8N7X0,1,Mitochondria,Nucleoplasm,Uncertain
ADGRA1,Q86SQ6,1,,,
ADGRA2,Q96PE1,1,Plasma membrane,Vesicles,Supported
ADGRA3,Q8IWK6,1,,,
ADGRB1,O14514,1,,,
ADGRB2,O60241,1,Plasma membrane,,Supported
ADGRB3,O60242,1,,,
ADGRD1,Q6QNK2,1,Plasma membrane,"Nucleoplasm, Nuclear speckles",Approved
ADGRD2,Q7Z7M1,1,,,
ADGRE1,Q14246,1,,,
ADGRE2,Q9UHX3,1,Vesicles,Cytosol,Uncertain
ADGRE3,Q9BY15,1,,,
ADGRE5,P48960,1,Cytosol,,Approved
ADGRF1,Q5T601,1,,,
ADGRF2,Q8IZF7,1,,,
ADGRF3,Q8IZF5,1,Golgi apparatus,Cytosol,Approved
ADGRF4,Q8IZF3,1,Mitochondria,,Uncertain
ADGRF5,Q8IZF2,1,,,
ADGRG1,Q9Y653,1,,,
ADGRG2,Q8IZP9,1,"Plasma membrane, Cytosol",,Approved
ADGRG3,Q86Y34,1,,,
ADGRG4,Q8IZF6,1,,,
ADGRG5,Q8IZF4,1,"Nuclear membrane, Vesicles",Nucleoplasm,Approved
ADGRG6,Q86SQ4,1,,,
ADGRG7,Q96K78,1,Plasma membrane,,Approved
ADGRL1,O94910,1,,,
ADGRL2,O95490,1,Plasma membrane,,Approved
ADGRL3,Q9HAR2,1,,,
ADGRL4,Q9HBW9,1,,,
ADGRV1,Q8WXG9,1,Lipid droplets,,Approved
ADH1A,P07327,1,"Plasma membrane, Cytosol",,Approved
ADH1B,P00325,1,"Plasma membrane, Cytosol",,Approved
ADH1C,P00326,1,"Plasma membrane, Cytosol",,Supported
ADH4,P08319,1,"Nucleoplasm, Cytosol",,Uncertain
ADH5,P11766,1,,,
ADH6,P28332,1,,,
ADH7,P40394,1,"Plasma membrane, Cytosol",,Supported
ADHFE1,Q8IWW8,1,,,
ADI1,Q9BV57,1,Nucleoplasm,Golgi apparatus,Supported
ADIG,Q0VDE8,1,,,
ADIPOQ,Q15848,1,,,
ADIPOR1,Q96A54,1,,,
ADIPOR2,Q86V24,1,,,
ADIRF,Q15847,1,"Nucleoplasm, Cytosol",,Supported
ADK,P55263,1,"Nucleoplasm, Cytosol",Plasma membrane,Supported
ADM,P35318,1,,,
ADM2,Q7Z4H4,1,,,
ADM5,C9JUS6,1,,,
ADNP,Q9H2P0,1,Nucleoplasm,,Approved
ADNP2,Q6IQ32,1,"Mitochondria, Cytosol",,Approved
ADO,Q96SZ5,1,,,
ADORA1,P30542,1,Plasma membrane,,Supported
ADORA2A,P29274,1,,,
ADORA2B,P29275,1,Cytosol,,Uncertain
ADORA3,P0DMS8,1,,,
ADPGK,Q9BRR6,1,Centrosome,,Approved
ADPRH,P54922,1,Nuclear membrane,Nucleoplasm,Approved
ADPRHL1,Q8NDY3,1,Plasma membrane,Nucleoli,Approved
ADPRM,Q3LIE5,1,,,
ADPRS,Q9NX46,1,Nucleoplasm,,Enhanced
ADRA1A,P35348,1,Cytosol,"Nucleoplasm, Vesicles",Approved
ADRA1B,P35368,1,Plasma membrane,,Supported
ADRA1D,P25100,1,,,
ADRA2A,P08913,1,,,
ADRA2B,P18089,1,Vesicles,Cytosol,Supported
ADRA2C,P18825,1,,,
ADRB1,P08588,1,,,
ADRB2,P07550,1,Cytosol,,Uncertain
ADRB3,P13945,1,,,
ADRM1,Q16186,1,"Nucleoplasm, Plasma membrane, Cytosol",,Supported
ADSL,P30566,1,Cytosol,,Enhanced
ADSS1,Q8N142,1,,,
ADSS2,P30520,1,Cytosol,Plasma membrane,Approved
ADTRP,Q96IZ2,1,Nucleoli,,Uncertain
AEBP1,Q8IUX7,1,Vesicles,"Nucleoplasm, Cytosol",Supported
AEBP2,Q6ZN18,1,Nucleoplasm,,Enhanced
AEN,Q8WTP8,1,"Nucleoplasm, Nucleoli",Nuclear membrane,Supported
AF196969.1,,0,"Nuclear membrane, Endoplasmic reticulum",,Approved
AF241726.1,,0,,,
AFAP1,Q8N556,1,"Actin filaments, Cytosol",Focal adhesion sites,Supported
AFAP1L1,Q8TED9,1,,,
AFAP1L2,Q8N4X5,1,Cytosol,Plasma membrane,Supported
AFDN,P55196,1,"Plasma membrane, Cell Junctions",Nucleoplasm,Enhanced
AFF1,P51825,1,"Nucleoplasm, Mitochondria",,Approved
AFF2,P51816,1,,,
AFF3,P51826,1,Nucleoplasm,Cytosol,Supported
AFF4,Q9UHB7,1,Nucleoplasm,Nucleoli fibrillar center,Supported
AFG1L,Q8WV93,1,,,
AFG3L2,Q9Y4W6,1,Mitochondria,,Supported
AFM,P43652,1,Plasma membrane,,Uncertain
AFMID,Q63HM1,1,Mitochondria,,Approved
AFP,P02771,1,Golgi apparatus,Cytosol,Approved
AFTPH,Q6ULP2,1,Cytosol,"Golgi apparatus, Vesicles",Supported
AGA,P20933,1,,,
AGAP1,Q9UPQ3,1,,,
AGAP2,Q99490,1,"Nucleoplasm, Cytosol",Midbody ring,Supported
AGAP3,Q96P47,1,,,
AGAP4,Q96P64,1,,,
AGAP5,A6NIR3,1,,,
AGAP6,Q5VW22,1,,,
AGAP9,Q5VTM2,1,,,
AGBL1,Q96MI9,1,,,
AGBL2,Q5U5Z8,1,,,
AGBL3,Q8NEM8,1,Cytosol,,Approved
AGBL4,Q5VU57,1,,,
AGBL5,Q8NDL9,1,Cytokinetic bridge,"Microtubules, Cytosol",Supported
AGER,Q15109,1,"Plasma membrane, Cell Junctions",Nucleoli fibrillar center,Approved
AGFG1,P52594,1,Vesicles,,Supported
AGFG2,O95081,1,Cytosol,,Approved
AGGF1,Q8N302,1,,,
AGK,Q53H12,1,Mitochondria,Vesicles,Supported
AGL,P35573,1,Nucleoplasm,"Nuclear bodies, Cytosol",Supported
AGMAT,Q9BSE5,1,,,
AGMO,Q6ZNB7,1,Vesicles,,Uncertain
AGO1,Q9UL18,1,Cytoplasmic bodies,Cytosol,Supported
AGO2,Q9UKV8,1,Cytoplasmic bodies,Cytosol,Supported
AGO3,Q9H9G7,1,Cytoplasmic bodies,"Nucleoplasm, Cytosol",Supported
AGO4,Q9HCK5,1,Cytoplasmic bodies,Cytosol,Supported
AGPAT1,Q99943,1,Endoplasmic reticulum,Rods & Rings,Supported
AGPAT2,O15120,1,,,
AGPAT3,Q9NRZ7,1,,,
AGPAT4,Q9NRZ5,1,Golgi apparatus,"Nucleoli, Vesicles",Approved
AGPAT5,Q9NUQ2,1,Mitochondria,,Supported
AGPS,O00116,1,Peroxisomes,,Enhanced
AGR2,O95994,1,Endoplasmic reticulum,,Supported
AGR3,Q8TD06,1,Endoplasmic reticulum,Vesicles,Supported
AGRN,O00468,1,Cytosol,Plasma membrane,Approved
AGRP,O00253,1,,,
AGT,P01019,1,,,
AGTPBP1,Q9UPW5,1,"Nucleoli, Vesicles",,Approved
AGTR1,P30556,1,Vesicles,,Uncertain
AGTR2,P50052,1,,,
AGTRAP,Q6RW13,1,Vesicles,Golgi apparatus,Supported
AGXT,P21549,1,Vesicles,,Supported
AGXT2,Q9BYV1,1,,,
AHCTF1,Q8WYP5,1,"Nucleoplasm, Nuclear membrane, Nuclear bodies",,Supported
AHCY,P23526,1,Cytosol,,Supported
AHCYL1,O43865,1,Cytosol,,Supported
AHCYL2,Q96HN2,1,Cytosol,Nucleoplasm,Approved
AHDC1,Q5TGY3,1,Nucleoplasm,,Supported
AHI1,Q8N157,1,Centrosome,,Supported
AHNAK,Q09666,1,"Plasma membrane, Cytosol",,Enhanced
AHNAK2,Q8IVF2,1,Cytosol,Plasma membrane,Enhanced
AHR,P35869,1,Cytosol,Nucleoplasm,Supported
AHRR,A9YTQ3,1,Nucleoplasm,Cytosol,Supported
AHSA1,O95433,1,Cytosol,,Supported
AHSG,P02765,1,Golgi apparatus,,Enhanced
AHSP,Q9NZD4,1,,,
AICDA,Q9GZX7,1,,,
AIDA,Q96BJ3,1,"Microtubules, Cytosol",Cytokinetic bridge,Approved
AIF1,P55008,1,Cytosol,,Uncertain
AIF1L,Q9BQI0,1,,,
AIFM1,O95831,1,Mitochondria,,Supported
AIFM2,Q9BRQ8,1,Vesicles,"Plasma membrane, Cytosol",Supported
AIFM3,Q96NN9,1,Mitochondria,,Supported
AIG1,Q9NVV5,1,Golgi apparatus,,Uncertain
AIM2,O14862,1,Mitochondria,"Nucleoplasm, Cytosol",Supported
AIMP1,Q12904,1,Cytosol,,Enhanced
AIMP2,Q13155,1,Cytosol,,Approved
AIP,O00170,1,Cytosol,,Supported
AIPL1,Q9NZN9,1,Nucleoplasm,"Nuclear speckles, Cytosol",Supported
AIRE,O43918,1,,,
AJAP1,Q9UKB5,1,,,
AJM1,C9J069,1,"Golgi apparatus, Plasma membrane",,Approved
AJUBA,Q96IF1,1,"Nucleoplasm, Golgi apparatus",,Approved
AK1,P00568,1,Cytosol,,Supported
AK2,P54819,1,Mitochondria,,Approved
AK3,Q9UIJ7,1,Mitochondria,,Supported
AK4,P27144,1,Mitochondria,,Supported
AK5,Q9Y6K8,1,Cytosol,Centriolar satellite,Supported
AK6,Q9Y3D8,1,Nuclear speckles,Centrosome,Supported
AK7,Q96M32,1,,,
AK8,Q96MA6,1,,,
AK9,Q5TCS8,1,Nucleoplasm,,Enhanced
AKAIN1,P0CW23,1,,,
AKAP1,Q92667,1,Mitochondria,,Supported
AKAP10,O43572,1,"Plasma membrane, Cytosol",,Supported
AKAP11,Q9UKA4,1,"Nucleoli, Plasma membrane, Cytosol",,Approved
AKAP12,Q02952,1,"Plasma membrane, Cytosol",,Enhanced
AKAP13,Q12802,1,Cytosol,,Supported
AKAP14,Q86UN6,1,,,
AKAP17A,Q02040,1,Nuclear speckles,Cytosol,Supported
AKAP3,O75969,1,,,
AKAP4,Q5JQC9,1,,,
AKAP5,P24588,1,Nucleoplasm,,Approved
AKAP6,Q13023,1,,,
AKAP7,"O43687,Q9P0M2",2,Vesicles,,Approved
AKAP8,O43823,1,Nucleoplasm,,Supported
AKAP8L,Q9ULX6,1,Nuclear speckles,,Supported
AKAP9,Q99996,1,Golgi apparatus,"Vesicles, Centrosome",Enhanced
AKIP1,Q9NQ31,1,Nucleoplasm,,Supported
AKIRIN1,Q9H9L7,1,Nucleoplasm,Nuclear membrane,Approved
AKIRIN2,Q53H80,1,Nucleoplasm,,Supported
AKNA,Q7Z591,1,Nucleoplasm,"Nucleoli fibrillar center, Centrosome, Cytosol",Supported
AKNAD1,Q5T1N1,1,Cytosol,"Microtubules, Cytokinetic bridge",Approved
AKR1A1,P14550,1,Cytosol,Nucleoplasm,Supported
AKR1B1,P15121,1,Cytosol,Nucleoplasm,Supported
AKR1B10,O60218,1,Cytosol,Plasma membrane,Supported
AKR1B15,C9JRZ8,1,Cytosol,Plasma membrane,Supported
AKR1C1,Q04828,1,"Endoplasmic reticulum, Cytosol",,Enhanced
AKR1C2,P52895,1,"Nucleoplasm, Cytosol","Nucleoli fibrillar center, Endoplasmic reticulum",Approved
AKR1C3,P42330,1,"Nucleoplasm, Cytosol","Nucleoli fibrillar center, Endoplasmic reticulum",Approved
AKR1C4,P17516,1,"Nucleoplasm, Cytosol","Nucleoli fibrillar center, Endoplasmic reticulum",Approved
AKR1C8P,Q5T2L2,1,,,
AKR1D1,P51857,1,Nucleoplasm,Cytosol,Approved
AKR1E2,Q96JD6,1,"Nucleoplasm, Golgi apparatus",Cytosol,Approved
AKR7A2,O43488,1,Cytosol,Golgi apparatus,Supported
AKR7A3,O95154,1,Cytosol,Golgi apparatus,Supported
AKT1,P31749,1,Nucleoplasm,Microtubules,Supported
AKT1S1,Q96B36,1,Cytosol,,Supported
AKT2,P31751,1,"Nucleoplasm, Vesicles, Cytosol",,Supported
AKT3,Q9Y243,1,Cytosol,Golgi apparatus,Supported
AKTIP,Q9H8T0,1,,,
AL021546.1,,0,Mitochondria,,Approved
AL021997.2,,0,,,
AL022312.1,L0R8F8,1,,,
AL022318.4,,0,,,
AL031178.1,,0,,,
AL031178.2,,0,,,
AL031315.1,,0,,,
AL031681.2,,0,Nucleoplasm,"Nuclear bodies, Midbody ring",Approved
AL031777.2,,0,Nucleoplasm,,Approved
AL034430.1,,0,,,
AL034430.2,,0,,,
AL035078.4,,0,Endoplasmic reticulum,,Supported
AL035460.1,,0,,,
AL035461.3,,0,Nucleoplasm,Cytosol,Approved
AL035699.1,,0,,,
AL049569.3,,0,,,
AL049629.2,,0,"Golgi apparatus, Vesicles",,Uncertain
AL049634.2,,0,,,
AL110118.1,,0,,,
AL117348.2,,0,Nucleoplasm,"Vesicles, Cytosol",Approved
AL121758.1,,0,,,
AL121845.2,,0,,,
AL121845.3,,0,,,
AL121899.2,,0,,,
AL121900.1,,0,"Nucleoli, Cytosol",,Uncertain
AL132671.2,,0,Golgi apparatus,,Approved
AL132780.3,,0,,,
AL133500.1,,0,Nucleoplasm,Cytosol,Approved
AL135905.2,,0,,,
AL136115.4,,0,,,
AL136295.1,,0,Golgi apparatus,,Approved
AL136295.3,,0,,,
AL139011.2,,0,,,
AL139260.3,,0,Nucleoplasm,Mitochondria,Approved
AL139300.1,,0,Plasma membrane,Nucleoplasm,Approved
AL139353.1,,0,,,
AL157392.5,,0,,,
AL158151.3,,0,,,
AL159163.1,,0,,,
AL160272.2,,0,,,
AL162231.1,,0,Vesicles,"Nucleoli, Endoplasmic reticulum",Approved
AL162231.3,,0,,,
AL162417.1,,0,Nucleoplasm,,Uncertain
AL162596.1,,0,,,
AL163195.3,,0,,,
AL163636.1,,0,,,
AL353572.3,,0,,,
AL353579.1,,0,,,
AL353671.1,,0,"Plasma membrane, Cytosol",,Approved
AL354761.1,,0,,,
AL354822.1,,0,,,
AL355102.2,,0,,,
AL355315.1,,0,Plasma membrane,,Uncertain
AL355916.3,,0,,,
AL357075.4,G9CGD6,1,"Nuclear speckles, Plasma membrane","Nucleoli, Cytoplasmic bodies",Approved
AL358113.1,,0,"Nucleoplasm, Plasma membrane, Cell Junctions",,Approved
AL359092.3,,0,,,
AL365214.2,,0,,,
AL391650.1,,0,,,
AL391987.1,,0,,,
AL391987.2,,0,,,
AL441992.2,,0,Cytosol,,Approved
AL445238.1,,0,,,
AL445524.2,,0,,,
AL445989.1,,0,,,
AL451007.3,,0,,,
AL451106.1,,0,,,
AL512428.1,,0,,,
AL512785.2,,0,Nucleoplasm,,Approved
AL589987.1,,0,,,
AL590132.1,,0,,,
AL592183.1,,0,,,
AL592490.1,,0,Vesicles,Cytokinetic bridge,Approved
AL603764.2,,0,,,
AL603832.3,,0,,,
AL627230.1,,0,,,
AL627230.3,,0,,,
AL645922.1,,0,"Endoplasmic reticulum, Vesicles",Cell Junctions,Approved
AL645941.2,,0,,,
AL662884.4,,0,,,
AL662899.2,,0,,,
AL669918.1,,0,"Nuclear speckles, Endoplasmic reticulum",,Approved
AL672142.1,,0,,,
AL691442.1,,0,,,
AL713999.1,,0,,,
AL772284.1,,0,Nucleoli,,Approved
AL845331.1,,0,,,
AL929554.1,,0,,,
ALAD,P13716,1,Cytosol,,Approved
ALAS1,P13196,1,Mitochondria,Nucleoplasm,Supported
ALAS2,P22557,1,,,
ALB,P02768,1,Golgi apparatus,Endoplasmic reticulum,Enhanced
ALCAM,Q13740,1,Vesicles,,Uncertain
ALDH16A1,Q8IZ83,1,,,
ALDH18A1,P54886,1,Mitochondria,,Enhanced
ALDH1A1,P00352,1,Cytosol,,Enhanced
ALDH1A2,O94788,1,,,
ALDH1A3,P47895,1,Nucleoplasm,Cytosol,Supported
ALDH1B1,P30837,1,Mitochondria,,Supported
ALDH1L1,O75891,1,Cytosol,,Supported
ALDH1L2,Q3SY69,1,Mitochondria,,Enhanced
ALDH2,P05091,1,,,
ALDH3A1,P30838,1,"Plasma membrane, Cytosol","Nucleoplasm, Vesicles",Supported
ALDH3A2,P51648,1,"Endoplasmic reticulum, Cytosol",,Approved
ALDH3B1,P43353,1,,,
ALDH3B2,P48448,1,,,
ALDH4A1,P30038,1,Mitochondria,,Supported
ALDH5A1,P51649,1,Mitochondria,,Supported
ALDH6A1,Q02252,1,Mitochondria,,Enhanced
ALDH7A1,P49419,1,Mitochondria,Cytosol,Supported
ALDH8A1,Q9H2A2,1,Centrosome,Nucleoplasm,Approved
ALDH9A1,P49189,1,Cytosol,,Approved
ALDOA,P04075,1,Cytosol,,Approved
ALDOB,P05062,1,,,
ALDOC,P09972,1,"Nucleoplasm, Nucleoli fibrillar center","Vesicles, Cytosol",Approved
ALG1,Q9BT22,1,Endoplasmic reticulum,Nucleoli fibrillar center,Approved
ALG10,Q5BKT4,1,Endoplasmic reticulum,,Approved
ALG10B,Q5I7T1,1,Endoplasmic reticulum,,Approved
ALG11,Q2TAA5,1,,,
ALG12,Q9BV10,1,Endoplasmic reticulum,,Approved
ALG13,Q9NP73,1,Vesicles,Cytosol,Approved
ALG14,Q96F25,1,Nucleoli,Nucleoplasm,Approved
ALG1L,Q6GMV1,1,,,
ALG1L2,C9J202,1,Endoplasmic reticulum,Nucleoli fibrillar center,Uncertain
ALG2,Q9H553,1,Golgi apparatus,,Approved
ALG3,Q92685,1,,,
ALG5,Q9Y673,1,Cytosol,,Approved
ALG6,Q9Y672,1,Endoplasmic reticulum,,Approved
ALG8,Q9BVK2,1,Nucleoplasm,,Approved
ALG9,Q9H6U8,1,Endoplasmic reticulum,,Approved
ALK,Q9UM73,1,Plasma membrane,,Supported
ALKAL1,Q6UXT8,1,,,
ALKAL2,Q6UX46,1,,,
ALKBH1,Q13686,1,Nucleoplasm,Endoplasmic reticulum,Supported
ALKBH2,Q6NS38,1,Nucleoplasm,,Enhanced
ALKBH3,Q96Q83,1,Nucleoplasm,Mitochondria,Supported
ALKBH4,Q9NXW9,1,,,
ALKBH5,Q6P6C2,1,"Nucleoplasm, Cytosol",Golgi apparatus,Approved
ALKBH6,Q3KRA9,1,Nucleoplasm,Focal adhesion sites,Supported
ALKBH7,Q9BT30,1,Mitochondria,,Supported
ALKBH8,Q96BT7,1,Nucleoplasm,,Supported
ALLC,Q8N6M5,1,,,
ALMS1,Q8TCU4,1,"Nuclear speckles, Centrosome",Cytosol,Approved
ALOX12,P18054,1,Cytosol,"Nuclear speckles, Vesicles",Supported
ALOX12B,O75342,1,Cytosol,Vesicles,Supported
ALOX15,P16050,1,,,
ALOX15B,O15296,1,"Plasma membrane, Cytosol",,Supported
ALOX5,P09917,1,Nucleoplasm,,Supported
ALOX5AP,P20292,1,,,
ALOXE3,Q9BYJ1,1,"Plasma membrane, Cytosol",,Approved
ALPG,P10696,1,Plasma membrane,,Approved
ALPI,P09923,1,Plasma membrane,,Approved
ALPK1,Q96QP1,1,Centrosome,,Approved
ALPK2,Q86TB3,1,Cytosol,,Approved
ALPK3,Q96L96,1,Nucleoplasm,,Approved
ALPL,P05186,1,Cytosol,,Approved
ALPP,P05187,1,Plasma membrane,,Approved
ALS2,Q96Q42,1,"Vesicles, Cytosol",,Approved
ALS2CL,Q60I27,1,,,
ALX1,Q15699,1,Nuclear bodies,"Nucleoplasm, Golgi apparatus",Supported
ALX3,O95076,1,Nucleoli fibrillar center,,Approved
ALX4,Q9H161,1,Nucleoplasm,,Supported
ALYREF,,0,"Nucleoplasm, Nuclear speckles",,Approved
AMACR,Q9UHK6,1,"Vesicles, Plasma membrane",,Supported
AMBN,Q9NP70,1,Vesicles,Nucleoplasm,Uncertain
AMBP,P02760,1,Vesicles,"Golgi apparatus, Cytosol",Approved
AMBRA1,Q9C0C7,1,Vesicles,Mitochondria,Approved
AMD1,P17707,1,Nucleoplasm,,Approved
AMDHD1,Q96NU7,1,Cytosol,"Nucleoplasm, Plasma membrane",Approved
AMDHD2,Q9Y303,1,"Nucleoli, Cytosol",,Approved
AMELX,Q99217,1,,,
AMELY,Q99218,1,,,
AMER1,Q5JTC6,1,Nuclear bodies,"Vesicles, Plasma membrane",Supported
AMER2,Q8N7J2,1,Plasma membrane,,Supported
AMER3,Q8N944,1,Nuclear bodies,"Nucleoplasm, Cytosol",Approved
AMFR,Q9UKV5,1,"Endoplasmic reticulum, Golgi apparatus",,Supported
AMH,P03971,1,"Vesicles, Aggresome",,Approved
AMHR2,Q16671,1,Vesicles,"Nucleoplasm, Cytosol",Approved
AMIGO1,Q86WK6,1,"Nucleoplasm, Nuclear bodies",,Approved
AMIGO2,Q86SJ2,1,"Golgi apparatus, Plasma membrane",Cytosol,Approved
AMIGO3,Q86WK7,1,,,
AMMECR1,Q9Y4X0,1,Nucleoplasm,Mitochondria,Supported
AMMECR1L,Q6DCA0,1,Nucleoplasm,Cytosol,Approved
AMN,Q9BXJ7,1,,,
AMN1,Q8IY45,1,Centrosome,,Approved
AMOT,Q4VCS5,1,Cell Junctions,Nucleoplasm,Supported
AMOTL1,Q8IY63,1,Cytosol,Cell Junctions,Approved
AMOTL2,Q9Y2J4,1,Cell Junctions,,Approved
AMPD1,P23109,1,,,
AMPD2,Q01433,1,Cytosol,,Enhanced
AMPD3,Q01432,1,Nuclear membrane,Nucleoli,Approved
AMPH,P49418,1,Cytosol,Plasma membrane,Supported
AMT,P48728,1,Mitochondria,Nucleoplasm,Supported
AMTN,Q6UX39,1,,,
AMY1A,P04745,1,,,
AMY1B,P04745,1,,,
AMY1C,P04745,1,,,
AMY2A,P04746,1,,,
AMY2B,P19961,1,,,
AMZ1,Q400G9,1,,,
AMZ2,Q86W34,1,Nucleoplasm,"Nuclear bodies, Cytosol",Supported
ANAPC1,Q9H1A4,1,Vesicles,,Approved
ANAPC10,Q9UM13,1,Nucleoplasm,Golgi apparatus,Approved
ANAPC11,Q9NYG5,1,Nucleoplasm,Nucleoli,Enhanced
ANAPC13,Q9BS18,1,"Mitochondria, Cytosol",,Approved
ANAPC15,P60006,1,Nucleoplasm,Vesicles,Approved
ANAPC16,Q96DE5,1,Cytosol,,Supported
ANAPC2,Q9UJX6,1,Nucleoplasm,,Enhanced
ANAPC4,Q9UJX5,1,Intermediate filaments,,Approved
ANAPC5,Q9UJX4,1,Nucleoplasm,,Approved
ANAPC7,Q9UJX3,1,"Nucleoplasm, Cytosol",,Approved
ANG,P03950,1,"Nucleoli, Nucleoli rim, Mitotic chromosome",Actin filaments,Approved
ANGEL1,Q9UNK9,1,Nucleoplasm,,Approved
ANGEL2,Q5VTE6,1,Nucleoplasm,"Nuclear bodies, Mitochondria",Approved
ANGPT1,Q15389,1,,,
ANGPT2,O15123,1,,,
ANGPT4,Q9Y264,1,,,
ANGPTL1,O95841,1,,,
ANGPTL2,Q9UKU9,1,Golgi apparatus,,Approved
ANGPTL3,Q9Y5C1,1,,,
ANGPTL4,Q9BY76,1,"Nucleoplasm, Vesicles",,Approved
ANGPTL5,Q86XS5,1,,,
ANGPTL6,Q8NI99,1,,,
ANGPTL7,O43827,1,,,
ANGPTL8,Q6UXH0,1,Golgi apparatus,Nucleoplasm,Approved
ANHX,E9PGG2,1,,,
ANK1,P16157,1,,,
ANK2,Q01484,1,Plasma membrane,,Supported
ANK3,Q12955,1,Plasma membrane,,Supported
ANKAR,Q7Z5J8,1,Centriolar satellite,Nucleoplasm,Approved
ANKDD1A,Q495B1,1,Nucleoplasm,,Approved
ANKDD1B,A6NHY2,1,,,
ANKEF1,Q9NU02,1,"Nucleoli fibrillar center, Plasma membrane, Cytosol",,Approved
ANKFN1,Q8N957,1,Nucleoplasm,Plasma membrane,Approved
ANKFY1,Q9P2R3,1,Endosomes,,Enhanced
ANKH,Q9HCJ1,1,Cytosol,,Uncertain
ANKHD1,Q8IWZ3,1,,,
ANKHD1-EIF4EBP3,,0,,,
ANKIB1,Q9P2G1,1,"Plasma membrane, Cytosol",,Supported
ANKK1,Q8NFD2,1,,,
ANKLE1,Q8NAG6,1,"Nucleoplasm, Cytosol",,Supported
ANKLE2,Q86XL3,1,"Endoplasmic reticulum, Plasma membrane",,Supported
ANKMY1,Q9P2S6,1,"Nucleoplasm, Nuclear bodies",Cytosol,Approved
ANKMY2,Q8IV38,1,Cytosol,Nucleoplasm,Approved
ANKRA2,Q9H9E1,1,Plasma membrane,"Nucleoplasm, Cell Junctions",Supported
ANKRD1,Q15327,1,Nucleoli fibrillar center,Nucleoplasm,Approved
ANKRD10,Q9NXR5,1,Nucleoplasm,,Supported
ANKRD11,Q6UB99,1,Nucleoplasm,Cytosol,Enhanced
ANKRD12,Q6UB98,1,Nucleoplasm,Cytosol,Supported
ANKRD13A,Q8IZ07,1,Plasma membrane,,Supported
ANKRD13B,Q86YJ7,1,Vesicles,,Supported
ANKRD13C,Q8N6S4,1,,,
ANKRD13D,Q6ZTN6,1,Nucleoplasm,Mitochondria,Approved
ANKRD16,Q6P6B7,1,Endoplasmic reticulum,,Approved
ANKRD17,O75179,1,Nucleoplasm,Nuclear membrane,Supported
ANKRD18A,Q8IVF6,1,"Nucleoli, Nucleoli rim",Cytosol,Uncertain
ANKRD18B,A2A2Z9,1,"Nucleoli, Nucleoli rim",Cytosol,Uncertain
ANKRD2,Q9GZV1,1,Vesicles,,Enhanced
ANKRD20A1,Q5TYW2,1,"Nucleoli, Nucleoli rim",Cytosol,Uncertain
ANKRD20A2P,Q5SQ80,1,,,
ANKRD20A3P,Q5VUR7,1,,,
ANKRD20A4P,Q4UJ75,1,,,
ANKRD22,Q5VYY1,1,Nucleoplasm,,Approved
ANKRD23,Q86SG2,1,"Nucleoplasm, Cytosol",Actin filaments,Approved
ANKRD24,Q8TF21,1,"Microtubules, Cytosol",,Uncertain
ANKRD26,Q9UPS8,1,"Golgi apparatus, Vesicles",,Approved
ANKRD27,Q96NW4,1,Vesicles,Cytosol,Supported
ANKRD28,O15084,1,,,
ANKRD29,Q8N6D5,1,"Nucleoplasm, Nuclear bodies",,Approved
ANKRD30A,Q9BXX3,1,Nucleoli,,Uncertain
ANKRD30B,Q9BXX2,1,Nucleoli,,Approved
ANKRD30BL,A7E2S9,1,Plasma membrane,,Approved
ANKRD31,Q8N7Z5,1,"Nucleoplasm, Centrosome","Nucleoli, Vesicles",Approved
ANKRD33,Q7Z3H0,1,,,
ANKRD33B,A6NCL7,1,Mitochondria,,Approved
ANKRD34A,Q69YU3,1,Cytosol,,Enhanced
ANKRD34B,A5PLL1,1,"Nucleoplasm, Mitochondria",Cytosol,Approved
ANKRD34C,P0C6C1,1,Mitochondria,,Approved
ANKRD35,Q8N283,1,Plasma membrane,Nucleoplasm,Approved
ANKRD36,A6QL64,1,"Nucleoplasm, Cytosol",,Approved
ANKRD36B,Q8N2N9,1,"Nucleoplasm, Cytosol",,Approved
ANKRD36C,Q5JPF3,1,"Nucleoplasm, Cytosol",,Approved
ANKRD37,Q7Z713,1,"Nucleoplasm, Cytosol",,Supported
ANKRD39,Q53RE8,1,Nucleoplasm,Vesicles,Approved
ANKRD40,Q6AI12,1,Golgi apparatus,"Nucleoli fibrillar center, Cytosol",Approved
ANKRD40CL,Q53H64,1,,,
ANKRD42,Q8N9B4,1,"Nucleoplasm, Cytosol",Plasma membrane,Approved
ANKRD44,Q8N8A2,1,Mitochondria,Nuclear speckles,Approved
ANKRD45,Q5TZF3,1,Cytosol,"Plasma membrane, Centrosome",Approved
ANKRD46,Q86W74,1,Cytosol,,Approved
ANKRD49,Q8WVL7,1,"Nucleoplasm, Nucleoli",Golgi apparatus,Approved
ANKRD50,Q9ULJ7,1,"Nucleoplasm, Cytosol",,Approved
ANKRD52,Q8NB46,1,"Nucleoplasm, Mitochondria",,Approved
ANKRD53,Q8N9V6,1,,,
ANKRD54,Q6NXT1,1,"Microtubules, Midbody",Nucleoplasm,Approved
ANKRD55,Q3KP44,1,"Nucleoplasm, Nuclear speckles",Cytosol,Approved
ANKRD6,Q9Y2G4,1,Vesicles,,Enhanced
ANKRD60,Q9BZ19,1,,,
ANKRD61,A6NGH8,1,Nucleoplasm,,Enhanced
ANKRD62,A6NC57,1,"Nucleoplasm, Nuclear bodies",Actin filaments,Uncertain
ANKRD63,C9JTQ0,1,Mitochondria,,Approved
ANKRD65,E5RJM6,1,Nucleoplasm,,Approved
ANKRD66,B4E2M5,1,,,
ANKRD7,Q92527,1,Nucleoplasm,,Enhanced
ANKRD9,Q96BM1,1,,,
ANKS1A,Q92625,1,Nucleoplasm,Cytosol,Approved
ANKS1B,Q7Z6G8,1,Nucleoplasm,Plasma membrane,Supported
ANKS3,Q6ZW76,1,Nucleoplasm,Cytosol,Approved
ANKS4B,Q8N8V4,1,"Nucleoplasm, Cytosol",,Approved
ANKS6,Q68DC2,1,Nucleoli,"Nucleoplasm, Cytosol",Approved
ANKUB1,A6NFN9,1,,,
ANKZF1,Q9H8Y5,1,Nucleoplasm,"Nuclear bodies, Cytosol",Approved
ANLN,Q9NQW6,1,Nucleoplasm,Midbody,Enhanced
ANO1,Q5XXA6,1,Plasma membrane,Nucleoplasm,Supported
ANO10,Q9NW15,1,Plasma membrane,Vesicles,Supported
ANO2,Q9NQ90,1,Plasma membrane,Nucleoplasm,Supported
ANO3,Q9BYT9,1,,,
ANO4,Q32M45,1,,,
ANO5,Q75V66,1,,,
ANO6,Q4KMQ2,1,"Plasma membrane, Cytosol",,Approved
ANO7,Q6IWH7,1,,,
ANO8,Q9HCE9,1,,,
ANO9,A1A5B4,1,Golgi apparatus,,Uncertain
ANOS1,P23352,1,,,
ANP32A,P39687,1,Nucleoplasm,"Centrosome, Cytosol",Supported
ANP32B,Q92688,1,Nucleoplasm,"Centrosome, Cytosol",Supported
ANP32D,O95626,1,Nucleoplasm,Centrosome,Approved
ANP32E,Q9BTT0,1,Nucleoplasm,"Centrosome, Cytosol",Approved
ANPEP,P15144,1,Plasma membrane,,Supported
ANTKMT,Q9BQD7,1,Cytosol,,Approved
ANTXR1,Q9H6X2,1,Vesicles,,Uncertain
ANTXR2,P58335,1,,,
ANTXRL,A6NF34,1,,,
ANXA1,P04083,1,"Plasma membrane, Cytosol",Nucleoplasm,Supported
ANXA10,Q9UJ72,1,"Nucleoplasm, Nucleoli",Vesicles,Approved
ANXA11,P50995,1,Nucleoplasm,Cytosol,Supported
ANXA13,P27216,1,Plasma membrane,Nucleoplasm,Supported
ANXA2,P07355,1,Plasma membrane,Cytosol,Approved
ANXA2R,Q3ZCQ2,1,Nucleoplasm,"Cytosol, Cytoplasmic bodies",Approved
ANXA3,P12429,1,Plasma membrane,,Supported
ANXA4,P09525,1,Cytosol,,Approved
ANXA5,P08758,1,Nuclear membrane,,Approved
ANXA6,P08133,1,Cytosol,,Approved
ANXA7,P20073,1,,,
ANXA8,P13928,1,Nucleoplasm,,Approved
ANXA8L1,Q5VT79,1,Nucleoplasm,,Approved
ANXA9,O76027,1,"Nuclear speckles, Cytosol",,Approved
AOAH,P28039,1,Vesicles,Endoplasmic reticulum,Approved
AOC1,P19801,1,,,
AOC2,O75106,1,,,
AOC3,Q16853,1,Cytosol,Golgi apparatus,Approved
AOPEP,Q8N6M6,1,Cell Junctions,,Approved
AOX1,Q06278,1,,,
AP000295.1,,0,,,
AP000311.1,,0,,,
AP000350.4,,0,,,
AP000471.1,,0,,,
AP000721.1,,0,,,
AP000781.2,,0,,,
AP000812.3,,0,,,
AP000812.4,Q8WZ04,1,Microtubules,,Uncertain
AP001054.1,,0,,,
AP001267.5,,0,Mitochondria,,Approved
AP001273.2,,0,Nuclear speckles,Cytosol,Approved
AP001453.3,,0,,,
AP001458.2,,0,,,
AP001781.2,,0,Endoplasmic reticulum,,Approved
AP002495.1,Q6ZNB5,1,Nucleoli,Mitotic chromosome,Enhanced
AP002512.3,,0,,,
AP002748.5,,0,Midbody,,Approved
AP003108.2,,0,,,
AP003419.1,,0,Centriolar satellite,,Approved
AP006621.6,I0J062,1,,,
AP1AR,Q63HQ0,1,Golgi apparatus,,Supported
AP1B1,Q10567,1,Golgi apparatus,"Vesicles, Cytosol",Supported
AP1G1,O43747,1,"Golgi apparatus, Vesicles",Cytosol,Enhanced
AP1G2,O75843,1,,,
AP1M1,Q9BXS5,1,"Vesicles, Cytosol",,Approved
AP1M2,Q9Y6Q5,1,Vesicles,Cytosol,Supported
AP1S1,P61966,1,"Golgi apparatus, Vesicles",,Supported
AP1S2,P56377,1,"Golgi apparatus, Vesicles",,Supported
AP1S3,Q96PC3,1,Vesicles,,Supported
AP2A1,O95782,1,Vesicles,,Approved
AP2A2,O94973,1,Vesicles,Nucleoplasm,Supported
AP2B1,P63010,1,Vesicles,,Supported
AP2M1,Q96CW1,1,Plasma membrane,,Supported
AP2S1,P53680,1,,,
AP3B1,O00203,1,Nucleoplasm,Golgi apparatus,Approved
AP3B2,Q13367,1,Golgi apparatus,"Nucleoplasm, Cytosol",Approved
AP3D1,O14617,1,Cytosol,,Approved
AP3M1,Q9Y2T2,1,,,
AP3M2,P53677,1,,,
AP3S1,Q92572,1,Vesicles,,Approved
AP3S2,P59780,1,Vesicles,,Approved
AP4B1,Q9Y6B7,1,Vesicles,,Approved
AP4E1,Q9UPM8,1,,,
AP4M1,O00189,1,,,
AP4S1,Q9Y587,1,Vesicles,,Supported
AP5B1,Q2VPB7,1,"Nucleoplasm, Vesicles",Golgi apparatus,Approved
AP5M1,Q9H0R1,1,,,
AP5S1,Q9NUS5,1,"Nucleoplasm, Cytosol",,Approved
AP5Z1,O43299,1,Nuclear speckles,Nucleoplasm,Supported
APAF1,O14727,1,"Nucleoplasm, Cytosol",Golgi apparatus,Supported
APBA1,Q02410,1,Golgi apparatus,,Supported
APBA2,Q99767,1,Golgi apparatus,,Enhanced
APBA3,O96018,1,Vesicles,,Approved
APBB1,O00213,1,Plasma membrane,,Supported
APBB1IP,Q7Z5R6,1,"Plasma membrane, Cytosol",,Enhanced
APBB2,Q92870,1,Mitochondria,,Approved
APBB3,O95704,1,"Actin filaments, Cytosol",,Approved
APC,P25054,1,Plasma membrane,Golgi apparatus,Supported
APC2,O95996,1,"Cytokinetic bridge, Midbody",Cytosol,Supported
APCDD1,Q8J025,1,,,
APCDD1L,Q8NCL9,1,Mitochondria,,Uncertain
APCS,P02743,1,,,
APEH,P13798,1,Cytosol,,Enhanced
APELA,P0DMC3,1,,,
APEX1,P27695,1,Nucleoplasm,,Supported
APEX2,Q9UBZ4,1,"Nucleoplasm, Nucleoli fibrillar center",Vesicles,Supported
APH1A,Q96BI3,1,,,
APH1B,Q8WW43,1,,,
API5,Q9BZZ5,1,Nuclear speckles,,Enhanced
APIP,Q96GX9,1,Nucleoplasm,Cytosol,Approved
APLF,Q8IW19,1,Nucleoplasm,,Supported
APLN,Q9ULZ1,1,,,
APLNR,P35414,1,,,
APLP1,P51693,1,"Golgi apparatus, Plasma membrane",Nucleoplasm,Approved
APLP2,Q06481,1,"Golgi apparatus, Vesicles",,Approved
APMAP,Q9HDC9,1,Plasma membrane,,Approved
APOA1,P02647,1,Vesicles,Cytosol,Approved
APOA2,P02652,1,,,
APOA4,P06727,1,Vesicles,,Approved
APOA5,Q6Q788,1,,,
APOB,P04114,1,"Vesicles, Cytosol",,Supported
APOBEC1,P41238,1,,,
APOBEC2,Q9Y235,1,Nucleoplasm,,Approved
APOBEC3A,P31941,1,Nucleoplasm,,Uncertain
APOBEC3B,Q9UH17,1,Nucleoplasm,,Approved
APOBEC3C,Q9NRW3,1,Intermediate filaments,,Approved
APOBEC3D,Q96AK3,1,,,
APOBEC3F,Q8IUX4,1,"Nucleoplasm, Cytosol",,Uncertain
APOBEC3G,Q9HC16,1,"Nucleoplasm, Cytosol",,Uncertain
APOBEC3H,Q6NTF7,1,"Nucleoplasm, Cytosol",,Supported
APOBEC4,Q8WW27,1,,,
APOBR,Q0VD83,1,,,
APOC1,P02654,1,,,
APOC2,P02655,1,,,
APOC3,P02656,1,Nucleoplasm,"Nucleoli, Cell Junctions",Approved
APOC4,P55056,1,,,
APOC4-APOC2,,0,,,
APOD,P05090,1,Plasma membrane,,Approved
APOE,P02649,1,Vesicles,,Approved
APOF,Q13790,1,,,
APOH,P02749,1,Golgi apparatus,,Supported
APOL1,O14791,1,,,
APOL2,Q9BQE5,1,,,
APOL3,O95236,1,,,
APOL4,Q9BPW4,1,Vesicles,,Supported
APOL5,Q9BWW9,1,,,
APOL6,Q9BWW8,1,"Nucleoplasm, Nuclear bodies",Cytosol,Supported
APOLD1,Q96LR9,1,"Nucleoplasm, Plasma membrane",,Enhanced
APOM,O95445,1,Golgi apparatus,,Approved
APOO,Q9BUR5,1,Mitochondria,Cytosol,Approved
APOOL,Q6UXV4,1,Mitochondria,,Enhanced
APP,P05067,1,Golgi apparatus,Vesicles,Approved
APPBP2,Q92624,1,Nucleoplasm,,Supported
APPL1,Q9UKG1,1,"Vesicles, Plasma membrane",,Supported
APPL2,Q8NEU8,1,Vesicles,Cytosol,Approved
APRT,P07741,1,"Nucleoplasm, Cytosol",,Approved
APTX,Q7Z2E3,1,"Nucleoplasm, Nucleoli",,Supported
AQP1,P29972,1,Plasma membrane,,Supported
AQP10,Q96PS8,1,Plasma membrane,Vesicles,Supported
AQP11,Q8NBQ7,1,Plasma membrane,"Vesicles, Cytosol",Supported
AQP12A,Q8IXF9,1,,,
AQP12B,A6NM10,1,,,
AQP2,P41181,1,,,
AQP3,Q92482,1,Plasma membrane,,Supported
AQP4,P55087,1,Plasma membrane,Cell Junctions,Supported
AQP5,P55064,1,Plasma membrane,,Approved
AQP6,Q13520,1,,,
AQP7,O14520,1,,,
AQP8,O94778,1,,,
AQP9,O43315,1,,,
AQR,O60306,1,Nucleoplasm,,Enhanced
AR,P10275,1,Cytosol,,Supported
ARAF,P10398,1,Plasma membrane,,Approved
ARAP1,Q96P48,1,"Nucleoplasm, Plasma membrane","Vesicles, Cytosol",Approved
ARAP2,Q8WZ64,1,Focal adhesion sites,Actin filaments,Approved
ARAP3,Q8WWN8,1,,,
ARC,Q7LC44,1,"Vesicles, Microtubules",,Approved
ARCN1,P48444,1,Vesicles,"Golgi apparatus, Cytosol",Supported
AREG,P15514,1,Mitochondria,,Approved
AREL1,O15033,1,,,
ARF1,P84077,1,Cytosol,Plasma membrane,Approved
ARF3,P61204,1,,,
ARF4,P18085,1,,,
ARF5,P84085,1,,,
ARF6,P62330,1,Cytosol,,Supported
ARFGAP1,Q8N6T3,1,"Golgi apparatus, Vesicles","Nuclear membrane, Cytosol",Approved
ARFGAP2,Q8N6H7,1,Golgi apparatus,,Supported
ARFGAP3,Q9NP61,1,Cytosol,Golgi apparatus,Supported
ARFGEF1,Q9Y6D6,1,Golgi apparatus,"Nucleoplasm, Cytosol",Enhanced
ARFGEF2,Q9Y6D5,1,Golgi apparatus,"Vesicles, Cytosol",Supported
ARFGEF3,Q5TH69,1,,,
ARFIP1,P53367,1,"Golgi apparatus, Vesicles",Nucleoplasm,Supported
ARFIP2,P53365,1,Golgi apparatus,Nucleoli,Supported
ARFRP1,Q13795,1,Golgi apparatus,,Supported
ARG1,P05089,1,,,
ARG2,P78540,1,Mitochondria,,Supported
ARGFX,A6NJG6,1,,,
ARGLU1,Q9NWB6,1,Nucleoplasm,"Mitochondria, Cytosol",Enhanced
ARHGAP1,Q07960,1,Vesicles,,Approved
ARHGAP10,A1A4S6,1,Nucleoplasm,"Nuclear membrane, Cytosol",Approved
ARHGAP11A,Q6P4F7,1,Cytosol,Nucleoli,Approved
ARHGAP11B,Q3KRB8,1,Vesicles,,Uncertain
ARHGAP12,Q8IWW6,1,,,
ARHGAP15,Q53QZ3,1,"Golgi apparatus, Vesicles",Nucleoplasm,Uncertain
ARHGAP17,Q68EM7,1,"Plasma membrane, Cytosol",,Supported
ARHGAP18,Q8N392,1,Cytosol,"Nuclear speckles, Plasma membrane",Supported
ARHGAP19,Q14CB8,1,Plasma membrane,,Enhanced
ARHGAP20,Q9P2F6,1,Mitochondria,,Approved
ARHGAP21,Q5T5U3,1,"Cell Junctions, Actin filaments",Plasma membrane,Supported
ARHGAP22,Q7Z5H3,1,"Nucleoplasm, Cytosol",Plasma membrane,Supported
ARHGAP23,Q9P227,1,"Nucleoplasm, Plasma membrane",Cytosol,Approved
ARHGAP24,Q8N264,1,"Plasma membrane, Cytosol",,Approved
ARHGAP25,P42331,1,"Nucleoplasm, Vesicles",,Approved
ARHGAP26,Q9UNA1,1,Cytosol,,Approved
ARHGAP27,Q6ZUM4,1,"Nucleoplasm, Cytosol",,Approved
ARHGAP28,Q9P2N2,1,"Nucleoplasm, Cell Junctions",,Approved
ARHGAP29,Q52LW3,1,"Nucleoplasm, Centrosome","Plasma membrane, Cytosol",Approved
ARHGAP30,Q7Z6I6,1,Vesicles,,Supported
ARHGAP31,Q2M1Z3,1,,,
ARHGAP32,A7KAX9,1,Golgi apparatus,"Nucleoplasm, Nucleoli fibrillar center",Approved
ARHGAP33,O14559,1,Plasma membrane,"Actin filaments, Cytosol",Approved
ARHGAP35,Q9NRY4,1,Nuclear bodies,Aggresome,Supported
ARHGAP36,Q6ZRI8,1,Nucleoplasm,"Vesicles, Plasma membrane",Approved
ARHGAP39,Q9C0H5,1,Cytosol,"Nucleoplasm, Microtubules, Cytokinetic bridge",Approved
ARHGAP4,P98171,1,Cytosol,,Supported
ARHGAP40,Q5TG30,1,"Plasma membrane, Cytosol","Nucleoplasm, Centrosome",Supported
ARHGAP42,A6NI28,1,Nuclear speckles,Cytosol,Approved
ARHGAP44,Q17R89,1,,,
ARHGAP45,Q92619,1,"Plasma membrane, Cytosol",,Supported
ARHGAP5,Q13017,1,"Endoplasmic reticulum, Cytosol",,Supported
ARHGAP6,O43182,1,Cytosol,,Supported
ARHGAP8,P85298,1,,,
ARHGAP9,Q9BRR9,1,Plasma membrane,Cell Junctions,Approved
ARHGDIA,P52565,1,Cytosol,,Supported
ARHGDIB,P52566,1,Cytosol,,Supported
ARHGDIG,Q99819,1,"Plasma membrane, Cytosol",,Approved
ARHGEF1,Q92888,1,"Plasma membrane, Cytosol",,Enhanced
ARHGEF10,O15013,1,Nucleoplasm,,Approved
ARHGEF10L,Q9HCE6,1,"Golgi apparatus, Vesicles, Cytosol",,Approved
ARHGEF11,O15085,1,Plasma membrane,Nucleoplasm,Supported
ARHGEF12,Q9NZN5,1,"Plasma membrane, Cytosol",Nucleoplasm,Approved
ARHGEF15,O94989,1,Plasma membrane,,Supported
ARHGEF16,Q5VV41,1,,,
ARHGEF17,Q96PE2,1,Cytosol,,Approved
ARHGEF18,Q6ZSZ5,1,Cytosol,,Enhanced
ARHGEF19,Q8IW93,1,Nuclear bodies,,Approved
ARHGEF2,Q92974,1,,,
ARHGEF25,Q86VW2,1,,,
ARHGEF26,Q96DR7,1,Plasma membrane,"Nucleoplasm, Cytosol",Supported
ARHGEF28,Q8N1W1,1,"Microtubules, Cytosol",Plasma membrane,Approved
ARHGEF3,Q9NR81,1,Cytosol,,Approved
ARHGEF33,A8MVX0,1,Vesicles,"Nucleoplasm, Cytosol",Approved
ARHGEF35,A5YM69,1,,,
ARHGEF37,A1IGU5,1,Cytosol,,Approved
ARHGEF38,Q9NXL2,1,Nucleoplasm,Centrosome,Approved
ARHGEF39,Q8N4T4,1,,,
ARHGEF4,Q9NR80,1,,,
ARHGEF40,Q8TER5,1,"Plasma membrane, Cytosol",,Approved
ARHGEF5,Q12774,1,"Plasma membrane, Cytosol",Nucleoplasm,Supported
ARHGEF6,Q15052,1,"Plasma membrane, Cytosol",,Approved
ARHGEF7,Q14155,1,,,
ARHGEF9,O43307,1,Cytosol,,Supported
ARID1A,O14497,1,Nucleoplasm,,Enhanced
ARID1B,Q8NFD5,1,Nucleoplasm,,Supported
ARID2,Q68CP9,1,Nucleoplasm,Plasma membrane,Supported
ARID3A,Q99856,1,Nucleoplasm,Cytosol,Supported
ARID3B,Q8IVW6,1,Nucleoplasm,,Supported
ARID3C,A6NKF2,1,,,
ARID4A,P29374,1,Nucleoplasm,,Supported
ARID4B,Q4LE39,1,"Mitochondria, Cytosol",Nucleoplasm,Approved
ARID5A,Q03989,1,Nucleoplasm,Nucleoli,Supported
ARID5B,Q14865,1,Endoplasmic reticulum,"Nucleoplasm, Plasma membrane, Cytosol",Approved
ARIH1,Q9Y4X5,1,Nucleoplasm,,Supported
ARIH2,O95376,1,Nucleoplasm,,Enhanced
ARL1,P40616,1,Golgi apparatus,,Supported
ARL10,Q8N8L6,1,,,
ARL11,Q969Q4,1,"Intermediate filaments, Cytosol",,Approved
ARL13A,Q5H913,1,Plasma membrane,"Actin filaments, Cytosol",Approved
ARL13B,Q3SXY8,1,Microtubules,Cytosol,Approved
ARL14,Q8N4G2,1,,,
ARL14EP,Q8N8R7,1,"Vesicles, Focal adhesion sites, Cytosol",Nucleoplasm,Supported
ARL14EPL,P0DKL9,1,,,
ARL15,Q9NXU5,1,Golgi apparatus,"Plasma membrane, Cell Junctions",Approved
ARL16,,0,,,
ARL17A,Q8IVW1,1,,,
ARL17B,Q8IVW1,1,,,
ARL2,P36404,1,Nucleoplasm,"Nucleoli, Golgi apparatus, Focal adhesion sites, Cytosol",Approved
ARL2BP,Q9Y2Y0,1,"Nucleoplasm, Cytosol",,Supported
ARL3,P36405,1,Centrosome,Nucleoplasm,Supported
ARL4A,P40617,1,Nucleoplasm,Cytosol,Supported
ARL4C,P56559,1,Plasma membrane,Cytosol,Supported
ARL4D,P49703,1,Vesicles,Golgi apparatus,Approved
ARL5A,Q9Y689,1,,,
ARL5B,Q96KC2,1,,,
ARL5C,A6NH57,1,,,
ARL6,Q9H0F7,1,Microtubules,,Supported
ARL6IP1,Q15041,1,Endoplasmic reticulum,,Supported
ARL6IP4,Q66PJ3,1,Nucleoplasm,Mitochondria,Approved
ARL6IP5,O75915,1,Endoplasmic reticulum,,Approved
ARL6IP6,Q8N6S5,1,Nuclear membrane,Cytosol,Approved
ARL8A,Q96BM9,1,,,
ARL8B,Q9NVJ2,1,,,
ARL9,Q6T311,1,Mitochondria,,Approved
ARMC1,Q9NVT9,1,Mitochondria,,Approved
ARMC10,Q8N2F6,1,Mitochondria,,Enhanced
ARMC12,Q5T9G4,1,"Nucleoplasm, Plasma membrane",,Approved
ARMC2,Q8NEN0,1,Nucleoplasm,,Approved
ARMC3,Q5W041,1,,,
ARMC4,Q5T2S8,1,,,
ARMC5,Q96C12,1,"Nucleoplasm, Cytosol",Focal adhesion sites,Approved
ARMC6,Q6NXE6,1,Cytosol,,Enhanced
ARMC7,Q9H6L4,1,Cytosol,,Supported
ARMC8,Q8IUR7,1,Nucleoplasm,"Vesicles, Cytosol",Supported
ARMC9,Q7Z3E5,1,,,
ARMCX1,Q9P291,1,Mitochondria,"Nucleoplasm, Cytosol",Supported
ARMCX2,Q7L311,1,Mitochondria,Nucleoplasm,Approved
ARMCX3,Q9UH62,1,Nucleoplasm,"Golgi apparatus, Cytosol",Approved
ARMCX4,Q5H9R4,1,Nucleoplasm,Vesicles,Approved
ARMCX5,Q6P1M9,1,"Nuclear speckles, Cytosol",Plasma membrane,Approved
ARMCX5-GPRASP2,,0,Cytosol,Nucleoplasm,Uncertain
ARMCX6,Q7L4S7,1,Cytosol,"Nucleoplasm, Nuclear membrane",Supported
ARMH1,Q6PIY5,1,Vesicles,,Approved
ARMH2,H3BNL8,1,,,
ARMH3,Q5T2E6,1,Vesicles,,Approved
ARMH4,Q86TY3,1,Plasma membrane,,Approved
ARMS2,P0C7Q2,1,,,
ARMT1,Q9H993,1,Nuclear bodies,"Nucleoplasm, Cytosol",Approved
ARNT,P27540,1,"Nucleoplasm, Nuclear bodies",,Supported
ARNT2,Q9HBZ2,1,Nucleoplasm,,Supported
ARNTL,O00327,1,Nucleoplasm,Vesicles,Supported
ARNTL2,Q8WYA1,1,"Nucleoplasm, Nucleoli",,Supported
ARPC1A,Q92747,1,Cell Junctions,Cytosol,Approved
ARPC1B,O15143,1,"Vesicles, Cytosol",,Supported
ARPC2,O15144,1,Nucleoplasm,,Supported
ARPC3,O15145,1,Nucleoplasm,,Uncertain
ARPC4,P59998,1,,,
ARPC4-TTLL3,,0,,,
ARPC5,O15511,1,"Vesicles, Plasma membrane, Cell Junctions, Cytosol",,Approved
ARPC5L,Q9BPX5,1,,,
ARPIN,Q7Z6K5,1,,,
ARPIN-AP3S2,,0,Vesicles,,Approved
ARPP19,P56211,1,,,
ARPP21,Q9UBL0,1,Nucleoli,Cytosol,Approved
ARR3,P36575,1,Golgi apparatus,,Approved
ARRB1,P49407,1,Nucleoplasm,,Supported
ARRB2,P32121,1,"Nucleoplasm, Plasma membrane",Cytosol,Supported
ARRDC1,Q8N5I2,1,,,
ARRDC2,Q8TBH0,1,Nucleoplasm,,Approved
ARRDC3,Q96B67,1,,,
ARRDC4,Q8NCT1,1,Plasma membrane,Vesicles,Supported
ARRDC5,A6NEK1,1,,,
ARSA,P15289,1,Golgi apparatus,Cytosol,Uncertain
ARSB,P15848,1,Golgi apparatus,,Approved
ARSD,P51689,1,"Vesicles, Lipid droplets",,Approved
ARSF,P54793,1,"Vesicles, Cytosol",,Approved
ARSG,Q96EG1,1,,,
ARSH,Q5FYA8,1,,,
ARSI,Q5FYB1,1,Golgi apparatus,,Approved
ARSJ,Q5FYB0,1,Actin filaments,,Enhanced
ARSK,Q6UWY0,1,Vesicles,Nucleoplasm,Approved
ARSL,P51690,1,Golgi apparatus,,Supported
ART1,P52961,1,,,
ART3,Q13508,1,,,
ART4,Q93070,1,Rods & Rings,,Approved
ART5,Q96L15,1,,,
ARTN,Q5T4W7,1,,,
ARV1,Q9H2C2,1,Vesicles,,Uncertain
ARVCF,O00192,1,"Plasma membrane, Cell Junctions",,Enhanced
ARX,Q96QS3,1,,,
AS3MT,Q9HBK9,1,Mitochondria,,Approved
ASAH1,Q13510,1,,,
ASAH2,Q9NR71,1,Focal adhesion sites,,Approved
ASAH2B,P0C7U1,1,Focal adhesion sites,,Approved
ASAP1,Q9ULH1,1,Centrosome,"Plasma membrane, Cytosol",Uncertain
ASAP2,O43150,1,Cytosol,Plasma membrane,Supported
ASAP3,Q8TDY4,1,Vesicles,Nucleoplasm,Supported
ASB1,Q9Y576,1,Nucleoplasm,,Approved
ASB10,Q8WXI3,1,,,
ASB11,Q8WXH4,1,,,
ASB12,Q8WXK4,1,,,
ASB13,Q8WXK3,1,"Nucleoplasm, Golgi apparatus",,Approved
ASB14,A6NK59,1,,,
ASB15,Q8WXK1,1,,,
ASB16,Q96NS5,1,Focal adhesion sites,,Approved
ASB17,Q8WXJ9,1,,,
ASB18,Q6ZVZ8,1,Mitochondria,Nucleoli,Approved
ASB2,Q96Q27,1,Nucleoli fibrillar center,"Nucleoplasm, Cytosol",Approved
ASB3,Q9Y575,1,,,
ASB4,Q9Y574,1,,,
ASB5,Q8WWX0,1,Plasma membrane,,Approved
ASB6,Q9NWX5,1,,,
ASB7,Q9H672,1,"Golgi apparatus, Vesicles",Nucleoplasm,Approved
ASB8,Q9H765,1,,,
ASB9,Q96DX5,1,,,
ASCC1,Q8N9N2,1,Nucleoplasm,Cytosol,Approved
ASCC2,Q9H1I8,1,"Focal adhesion sites, Cytosol",Nucleoplasm,Approved
ASCC3,Q8N3C0,1,Cytosol,Golgi apparatus,Supported
ASCL1,P50553,1,Nucleoplasm,Cytosol,Approved
ASCL2,Q99929,1,,,
ASCL3,Q9NQ33,1,,,
ASCL4,Q6XD76,1,,,
ASCL5,Q7RTU5,1,,,
ASDURF,L0R819,1,,,
ASF1A,Q9Y294,1,Nucleoplasm,,Enhanced
ASF1B,Q9NVP2,1,Nucleoplasm,,Supported
ASGR1,P07306,1,Vesicles,Cell Junctions,Supported
ASGR2,P07307,1,"Endoplasmic reticulum, Plasma membrane",,Supported
ASH1L,Q9NR48,1,"Nucleoplasm, Golgi apparatus",,Supported
ASH2L,Q9UBL3,1,Nucleoplasm,Plasma membrane,Supported
ASIC1,P78348,1,"Golgi apparatus, Plasma membrane",,Supported
ASIC2,Q16515,1,,,
ASIC3,Q9UHC3,1,"Nucleoplasm, Cytosol",,Approved
ASIC4,Q96FT7,1,Golgi apparatus,,Approved
ASIC5,Q9NY37,1,,,
ASIP,P42127,1,Vesicles,,Supported
ASL,P04424,1,Cytosol,,Approved
ASMT,P46597,1,,,
ASMTL,O95671,1,Cytosol,,Enhanced
ASNS,P08243,1,Cytosol,,Enhanced
ASNSD1,Q9NWL6,1,Cytosol,,Approved
ASPA,P45381,1,Cytosol,,Supported
ASPDH,A6ND91,1,Nucleoplasm,Cytosol,Approved
ASPG,Q86U10,1,,,
ASPH,Q12797,1,Endoplasmic reticulum,,Enhanced
ASPHD1,Q5U4P2,1,,,
ASPHD2,Q6ICH7,1,,,
ASPM,Q8IZT6,1,"Plasma membrane, Cytosol",,Approved
ASPN,Q9BXN1,1,Nucleoplasm,Cytosol,Uncertain
ASPRV1,Q53RT3,1,Cytosol,,Approved
ASPSCR1,Q9BZE9,1,Nucleoplasm,"Vesicles, Plasma membrane",Supported
ASRGL1,Q7L266,1,Microtubules,"Nucleoplasm, Cytokinetic bridge",Approved
ASS1,P00966,1,Cytosol,Nucleoplasm,Supported
ASTE1,Q2TB18,1,Endoplasmic reticulum,,Approved
ASTL,Q6HA08,1,,,
ASTN1,O14525,1,"Golgi apparatus, Vesicles",,Approved
ASTN2,O75129,1,Cytosol,Nucleoplasm,Approved
ASXL1,Q8IXJ9,1,"Nucleoplasm, Nucleoli",,Approved
ASXL2,Q76L83,1,Nucleoplasm,,Enhanced
ASXL3,Q9C0F0,1,,,
ASZ1,Q8WWH4,1,Cytosol,Nucleoplasm,Approved
ATAD1,Q8NBU5,1,Nucleoli rim,Mitochondria,Approved
ATAD2,Q6PL18,1,Nucleoplasm,,Enhanced
ATAD2B,Q9ULI0,1,Nucleoplasm,,Supported
ATAD3A,Q9NVI7,1,Mitochondria,,Enhanced
ATAD3B,Q5T9A4,1,Mitochondria,,Enhanced
ATAD3C,Q5T2N8,1,Mitochondria,,Approved
ATAD5,Q96QE3,1,Nucleoplasm,"Cytokinetic bridge, Centriolar satellite, Cytosol",Approved
ATAT1,Q5SQI0,1,Cytosol,Golgi apparatus,Supported
ATCAY,Q86WG3,1,,,
ATE1,O95260,1,Nucleoplasm,,Supported
ATF1,P18846,1,Nucleoplasm,,Enhanced
ATF2,P15336,1,Nucleoplasm,,Enhanced
ATF3,P18847,1,"Nucleoplasm, Nucleoli",,Supported
ATF4,P18848,1,Nucleoplasm,,Supported
ATF5,Q9Y2D1,1,Nucleoplasm,Cytosol,Supported
ATF6,P18850,1,,,
ATF6B,Q99941,1,Nucleoplasm,Nucleoli,Supported
ATF7,P17544,1,"Nucleoplasm, Cytosol",,Approved
ATF7-NPFF,,0,"Nucleoplasm, Cytosol",,Approved
ATF7IP,Q6VMQ6,1,"Nucleoplasm, Nuclear bodies",,Enhanced
ATF7IP2,Q5U623,1,,,
ATG10,Q9H0Y0,1,Nucleoli,Nucleoplasm,Approved
ATG101,Q9BSB4,1,,,
ATG12,O94817,1,"Nucleoplasm, Vesicles",,Approved
ATG13,O75143,1,Cytosol,"Nucleoplasm, Plasma membrane",Approved
ATG14,Q6ZNE5,1,,,
ATG16L1,Q676U5,1,Cytosol,,Approved
ATG16L2,Q8NAA4,1,Nucleoplasm,,Enhanced
ATG2A,Q2TAZ0,1,Vesicles,Nucleoplasm,Supported
ATG2B,Q96BY7,1,,,
ATG3,Q9NT62,1,"Plasma membrane, Cytosol",,Supported
ATG4A,Q8WYN0,1,Microtubules,Actin filaments,Approved
ATG4B,Q9Y4P1,1,"Nucleoplasm, Cytosol",,Approved
ATG4C,Q96DT6,1,"Nucleoplasm, Cytosol",,Approved
ATG4D,Q86TL0,1,"Nucleoplasm, Mitochondria",,Supported
ATG5,Q9H1Y0,1,Centrosome,,Approved
ATG7,O95352,1,Cytosol,"Nucleoplasm, Plasma membrane",Supported
ATG9A,Q7Z3C6,1,Vesicles,,Supported
ATG9B,Q674R7,1,,,
ATIC,P31939,1,Cytosol,Plasma membrane,Approved
ATL1,Q8WXF7,1,,,
ATL2,Q8NHH9,1,Endoplasmic reticulum,,Supported
ATL3,Q6DD88,1,Endoplasmic reticulum,,Enhanced
ATM,Q13315,1,Nucleoplasm,Vesicles,Supported
ATMIN,O43313,1,Nuclear bodies,,Supported
ATN1,P54259,1,Nucleoplasm,,Supported
ATOH1,Q92858,1,Mitochondria,"Nucleoplasm, Cytosol",Approved
ATOH7,Q8N100,1,,,
ATOH8,Q96SQ7,1,Nucleoplasm,,Supported
ATOX1,O00244,1,Nucleoplasm,Plasma membrane,Approved
ATP10A,O60312,1,,,
ATP10B,O94823,1,,,
ATP10D,Q9P241,1,"Nucleoplasm, Plasma membrane",,Supported
ATP11A,P98196,1,Vesicles,Golgi apparatus,Supported
ATP11B,Q9Y2G3,1,"Centriolar satellite, Cytosol",,Approved
ATP11C,Q8NB49,1,,,
ATP12A,P54707,1,"Plasma membrane, Actin filaments",Cytosol,Approved
ATP13A1,Q9HD20,1,Vesicles,,Approved
ATP13A2,Q9NQ11,1,,,
ATP13A3,Q9H7F0,1,Nucleoli,"Plasma membrane, Cytosol",Approved
ATP13A4,Q4VNC1,1,,,
ATP13A5,Q4VNC0,1,Plasma membrane,Nucleoplasm,Approved
ATP1A1,P05023,1,,,
ATP1A2,P50993,1,,,
ATP1A3,P13637,1,,,
ATP1A4,Q13733,1,,,
ATP1B1,P05026,1,,,
ATP1B2,P14415,1,,,
ATP1B3,P54709,1,Plasma membrane,,Supported
ATP1B4,Q9UN42,1,,,
ATP23,Q9Y6H3,1,"Vesicles, Plasma membrane","Cell Junctions, Cytosol",Enhanced
ATP2A1,O14983,1,Endoplasmic reticulum,,Approved
ATP2A2,P16615,1,,,
ATP2A3,Q93084,1,,,
ATP2B1,P20020,1,Plasma membrane,,Supported
ATP2B2,Q01814,1,,,
ATP2B3,Q16720,1,,,
ATP2B4,P23634,1,Plasma membrane,,Supported
ATP2C1,P98194,1,Golgi apparatus,,Supported
ATP2C2,O75185,1,"Plasma membrane, Focal adhesion sites",,Approved
ATP4A,P20648,1,,,
ATP4B,P51164,1,Plasma membrane,,Uncertain
ATP5F1A,P25705,1,Mitochondria,,Supported
ATP5F1B,P06576,1,Mitochondria,,Enhanced
ATP5F1C,P36542,1,,,
ATP5F1D,P30049,1,,,
ATP5F1E,P56381,1,,,
ATP5IF1,Q9UII2,1,Mitochondria,,Enhanced
ATP5MC1,P05496,1,,,
ATP5MC2,Q06055,1,,,
ATP5MC3,P48201,1,,,
ATP5MD,Q96IX5,1,Mitochondria,,Supported
ATP5ME,P56385,1,Mitochondria,,Supported
ATP5MF,P56134,1,Mitochondria,Nuclear membrane,Supported
ATP5MF-PTCD1,,0,Mitochondria,,Approved
ATP5MG,O75964,1,Mitochondria,,Supported
ATP5MGL,Q7Z4Y8,1,Mitochondria,,Uncertain
ATP5MPL,P56378,1,Mitochondria,Nucleoli fibrillar center,Supported
ATP5PB,P24539,1,Mitochondria,,Supported
ATP5PD,O75947,1,Mitochondria,,Supported
ATP5PF,P18859,1,Mitochondria,,Supported
ATP5PO,P48047,1,Mitochondria,,Approved
ATP6AP1,Q15904,1,,,
ATP6AP2,O75787,1,,,
ATP6V0A1,Q93050,1,"Golgi apparatus, Vesicles","Nuclear speckles, Cytosol",Approved
ATP6V0A2,Q9Y487,1,Plasma membrane,"Vesicles, Focal adhesion sites",Supported
ATP6V0A4,Q9HBG4,1,Cytosol,,Uncertain
ATP6V0B,Q99437,1,Cytosol,,Approved
ATP6V0C,P27449,1,Vesicles,,Approved
ATP6V0D1,P61421,1,,,
ATP6V0D2,Q8N8Y2,1,Vesicles,,Approved
ATP6V0E1,O15342,1,,,
ATP6V0E2,Q8NHE4,1,,,
ATP6V1A,P38606,1,"Vesicles, Cytosol",Nucleoplasm,Supported
ATP6V1B1,P15313,1,"Nucleoplasm, Nuclear membrane",,Approved
ATP6V1B2,P21281,1,Vesicles,,Supported
ATP6V1C1,P21283,1,Nucleoplasm,Cytosol,Approved
ATP6V1C2,Q8NEY4,1,Mitochondria,,Uncertain
ATP6V1D,Q9Y5K8,1,Plasma membrane,Nucleoplasm,Approved
ATP6V1E1,P36543,1,,,
ATP6V1E2,Q96A05,1,,,
ATP6V1F,Q16864,1,,,
ATP6V1FNB,A0A1B0GUX0,1,,,
ATP6V1G1,O75348,1,Nucleoli,Nucleoplasm,Approved
ATP6V1G2,O95670,1,,,
ATP6V1G3,Q96LB4,1,,,
ATP6V1H,Q9UI12,1,"Actin filaments, Cytosol",Plasma membrane,Supported
ATP7A,Q04656,1,Golgi apparatus,,Supported
ATP7B,P35670,1,Golgi apparatus,,Supported
ATP8A1,Q9Y2Q0,1,Cytosol,Vesicles,Approved
ATP8A2,Q9NTI2,1,Plasma membrane,Nucleoplasm,Supported
ATP8B1,O43520,1,"Plasma membrane, Cytosol","Nucleoplasm, Nuclear bodies",Supported
ATP8B2,P98198,1,Plasma membrane,"Nucleoli, Cytosol",Supported
ATP8B3,O60423,1,,,
ATP8B4,Q8TF62,1,"Nucleoplasm, Vesicles",Cytosol,Uncertain
ATP9A,O75110,1,,,
ATP9B,O43861,1,,,
ATPAF1,Q5TC12,1,Mitochondria,,Approved
ATPAF2,Q8N5M1,1,Cytosol,,Enhanced
ATPSCKMT,Q6P4H8,1,"Nucleoplasm, Vesicles",,Approved
ATR,Q13535,1,Nucleoplasm,Golgi apparatus,Supported
ATRAID,Q6UW56,1,,,
ATRIP,Q8WXE1,1,Nucleoplasm,,Supported
ATRN,O75882,1,Cytosol,,Approved
ATRNL1,Q5VV63,1,"Nucleoplasm, Mitochondria",,Approved
ATRX,P46100,1,Nuclear bodies,,Supported
ATXN1,P54253,1,Nucleoplasm,"Nucleoli, Cytosol",Supported
ATXN10,Q9UBB4,1,Cytosol,Plasma membrane,Supported
ATXN1L,P0C7T5,1,Nucleoplasm,,Enhanced
ATXN2,Q99700,1,Cytosol,,Enhanced
ATXN2L,Q8WWM7,1,Cytosol,,Enhanced
ATXN3,P54252,1,"Nucleoplasm, Nucleoli",Plasma membrane,Approved
ATXN3L,Q9H3M9,1,,,
ATXN7,O15265,1,"Nucleoplasm, Cytosol",,Approved
ATXN7L1,Q9ULK2,1,"Nucleoplasm, Cytosol",,Approved
ATXN7L2,Q5T6C5,1,Nucleoli rim,"Vesicles, Cytosol",Approved
ATXN7L3,Q14CW9,1,Nuclear speckles,Plasma membrane,Approved
ATXN7L3B,Q96GX2,1,Nucleoplasm,,Approved
AUH,Q13825,1,,,
AUNIP,Q9H7T9,1,Centrosome,,Supported
AUP1,Q9Y679,1,"Nucleoplasm, Vesicles",,Approved
AURKA,O14965,1,"Nucleoplasm, Centrosome","Mitotic spindle, Cytosol",Approved
AURKAIP1,Q9NWT8,1,"Nucleoplasm, Mitochondria",,Supported
AURKB,Q96GD4,1,Nucleoplasm,Midbody,Enhanced
AURKC,Q9UQB9,1,,,
AUTS2,Q8WXX7,1,Nucleoplasm,Cytosol,Approved
AVEN,Q9NQS1,1,"Plasma membrane, Actin filaments",Centrosome,Approved
AVIL,O75366,1,,,
AVL9,Q8NBF6,1,Endoplasmic reticulum,,Approved
AVP,P01185,1,,,
AVPI1,Q5T686,1,"Nucleoplasm, Plasma membrane",,Approved
AVPR1A,P37288,1,,,
AVPR1B,P47901,1,,,
AVPR2,P30518,1,,,
AWAT1,Q58HT5,1,,,
AWAT2,Q6E213,1,,,
AXDND1,Q5T1B0,1,,,
AXIN1,O15169,1,"Nucleoli, Vesicles",,Supported
AXIN2,Q9Y2T1,1,"Nucleoplasm, Plasma membrane, Cytosol",,Uncertain
AXL,P30530,1,Plasma membrane,"Vesicles, Actin filaments",Supported
AZGP1,P25311,1,Vesicles,Nucleoplasm,Approved
AZI2,Q9H6S1,1,,,
AZIN1,O14977,1,Vesicles,,Approved
AZIN2,Q96A70,1,Cytosol,,Approved
AZU1,P20160,1,Vesicles,,Enhanced
B2M,P61769,1,"Golgi apparatus, Plasma membrane",Cytosol,Enhanced
B3GALNT1,O75752,1,Vesicles,,Approved
B3GALNT2,Q8NCR0,1,Golgi apparatus,,Uncertain
B3GALT1,Q9Y5Z6,1,,,
B3GALT2,O43825,1,Plasma membrane,,Approved
B3GALT4,O96024,1,,,
B3GALT5,Q9Y2C3,1,,,
B3GALT6,Q96L58,1,,,
B3GAT1,Q9P2W7,1,Vesicles,,Enhanced
B3GAT2,Q9NPZ5,1,,,
B3GAT3,O94766,1,,,
B3GLCT,Q6Y288,1,,,
B3GNT10,A8MXE2,1,,,
B3GNT2,Q9NY97,1,Vesicles,,Approved
B3GNT3,Q9Y2A9,1,,,
B3GNT4,Q9C0J1,1,Mitochondria,Nucleoli,Approved
B3GNT5,Q9BYG0,1,Nucleoli,,Approved
B3GNT6,Q6ZMB0,1,,,
B3GNT7,Q8NFL0,1,Golgi apparatus,"Mitotic spindle, Cytosol",Approved
B3GNT8,Q7Z7M8,1,,,
B3GNT9,Q6UX72,1,Golgi apparatus,Nucleoli fibrillar center,Approved
B3GNTL1,Q67FW5,1,"Nucleoli, Nucleoli fibrillar center",Vesicles,Approved
B4GALNT1,Q00973,1,,,
B4GALNT2,Q8NHY0,1,,,
B4GALNT3,Q6L9W6,1,Golgi apparatus,Vesicles,Supported
B4GALNT4,Q76KP1,1,"Nucleoplasm, Cytosol",Vesicles,Uncertain
B4GALT1,P15291,1,Golgi apparatus,,Enhanced
B4GALT2,O60909,1,"Golgi apparatus, Vesicles",,Supported
B4GALT3,O60512,1,Golgi apparatus,Cytosol,Supported
B4GALT4,O60513,1,Golgi apparatus,,Supported
B4GALT5,O43286,1,Vesicles,,Approved
B4GALT6,Q9UBX8,1,,,
B4GALT7,Q9UBV7,1,,,
B4GAT1,O43505,1,,,
B9D1,Q9UPM9,1,,,
B9D2,Q9BPU9,1,,,
BAALC,Q8WXS3,1,Cytosol,Nucleoplasm,Supported
BAAT,Q14032,1,Vesicles,,Approved
BABAM1,Q9NWV8,1,Nuclear bodies,"Nucleoplasm, Cytosol",Enhanced
BABAM2,Q9NXR7,1,Cytosol,,Supported
BACE1,P56817,1,Plasma membrane,,Supported
BACE2,Q9Y5Z0,1,,,
BACH1,O14867,1,Nucleoplasm,Cytosol,Approved
BACH2,Q9BYV9,1,Nucleoplasm,Cytosol,Supported
BAD,Q92934,1,Mitochondria,,Enhanced
BAG1,Q99933,1,Nucleoplasm,Cytosol,Supported
BAG2,O95816,1,Cytosol,Intermediate filaments,Supported
BAG3,O95817,1,Cytosol,Nucleoplasm,Supported
BAG4,O95429,1,,,
BAG5,Q9UL15,1,Vesicles,,Approved
BAG6,P46379,1,"Nucleoplasm, Cytosol",,Enhanced
BAHCC1,Q9P281,1,Nucleoli,,Approved
BAHD1,Q8TBE0,1,Nucleoplasm,,Supported
BAIAP2,Q9UQB8,1,"Plasma membrane, Cytosol",,Enhanced
BAIAP2L1,Q9UHR4,1,Plasma membrane,Cytosol,Enhanced
BAIAP2L2,Q6UXY1,1,,,
BAIAP3,O94812,1,,,
BAK1,Q16611,1,,,
BAMBI,Q13145,1,Vesicles,"Nucleoli fibrillar center, Lipid droplets",Approved
BANF1,O75531,1,Nucleoplasm,Cytosol,Supported
BANF2,Q9H503,1,,,
BANK1,Q8NDB2,1,"Plasma membrane, Cytosol",Nucleoplasm,Approved
BANP,Q8N9N5,1,Nucleoplasm,Nuclear bodies,Supported
BAP1,Q92560,1,Nucleoplasm,Cytosol,Supported
BARD1,Q99728,1,"Nucleoplasm, Nuclear speckles",Cytoplasmic bodies,Supported
BARHL1,Q9BZE3,1,,,
BARHL2,Q9NY43,1,,,
BARX1,Q9HBU1,1,Nucleoplasm,Vesicles,Approved
BARX2,Q9UMQ3,1,Nucleoplasm,"Golgi apparatus, Cytosol",Supported
BASP1,P80723,1,Plasma membrane,,Enhanced
BATF,Q16520,1,Nucleoplasm,,Enhanced
BATF2,Q8N1L9,1,Nucleoli,,Approved
BATF3,Q9NR55,1,Nucleoli,"Nucleoplasm, Cytosol",Supported
BAX,Q07812,1,,,
BAZ1A,Q9NRL2,1,,,
BAZ1B,Q9UIG0,1,Nucleoplasm,,Supported
BAZ2A,Q9UIF9,1,Nuclear speckles,,Enhanced
BAZ2B,Q9UIF8,1,Nucleoplasm,Cytosol,Approved
BBC3,"Q96PG8,Q9BXH1",2,Cytosol,,Approved
BBIP1,A8MTZ0,1,,,
BBOF1,Q8ND07,1,"Nucleoplasm, Plasma membrane",Centriolar satellite,Approved
BBOX1,O75936,1,Vesicles,Actin filaments,Uncertain
BBS1,Q8NFJ9,1,Midbody,,Approved
BBS10,Q8TAM1,1,,,
BBS12,Q6ZW61,1,,,
BBS2,Q9BXC9,1,Vesicles,,Approved
BBS4,Q96RK4,1,Cytosol,,Approved
BBS5,Q8N3I7,1,,,
BBS7,Q8IWZ6,1,,,
BBS9,Q3SYG4,1,,,
BBX,Q8WY36,1,Nucleoplasm,Cytosol,Supported
BCAM,P50895,1,Nucleoli fibrillar center,,Approved
BCAN,Q96GW7,1,,,
BCAP29,Q9UHQ4,1,Cytosol,,Approved
BCAP31,P51572,1,Endoplasmic reticulum,,Enhanced
BCAR1,P56945,1,"Plasma membrane, Cytosol",,Approved
BCAR3,O75815,1,"Plasma membrane, Cytosol",Centrosome,Approved
BCAS1,O75363,1,Vesicles,,Approved
BCAS2,O75934,1,"Nuclear speckles, Centrosome",,Supported
BCAS3,Q9H6U6,1,Nucleoli,,Approved
BCAS4,Q8TDM0,1,"Intermediate filaments, Cytosol",,Approved
BCAT1,P54687,1,,,
BCAT2,O15382,1,"Nucleoplasm, Mitochondria",,Approved
BCCIP,Q9P287,1,Nucleoplasm,Cytosol,Approved
BCDIN3D,Q7Z5W3,1,Cytosol,Nucleoplasm,Supported
BCHE,P06276,1,,,
BCKDHA,P12694,1,,,
BCKDHB,P21953,1,Mitochondria,"Nucleoplasm, Nucleoli",Supported
BCKDK,O14874,1,Mitochondria,,Supported
BCL10,O95999,1,,,
BCL11A,Q9H165,1,Nucleoplasm,Nuclear bodies,Supported
BCL11B,Q9C0K0,1,Nucleoplasm,Nucleoli fibrillar center,Approved
BCL2,P10415,1,Mitochondria,,Enhanced
BCL2A1,Q16548,1,,,
BCL2L1,Q07817,1,Mitochondria,,Approved
BCL2L10,Q9HD36,1,,,
BCL2L11,O43521,1,Mitochondria,,Supported
BCL2L12,Q9HB09,1,Vesicles,Plasma membrane,Approved
BCL2L13,Q9BXK5,1,Mitochondria,,Enhanced
BCL2L14,Q9BZR8,1,Cytosol,,Supported
BCL2L15,Q5TBC7,1,,,
BCL2L2,Q92843,1,Nucleoplasm,,Uncertain
BCL2L2-PABPN1,Q92843,1,Nucleoplasm,Nuclear speckles,Uncertain
BCL3,P20749,1,Nucleoplasm,"Vesicles, Midbody",Supported
BCL6,P41182,1,Nucleoplasm,Golgi apparatus,Supported
BCL6B,Q8N143,1,Nucleoplasm,"Vesicles, Plasma membrane",Approved
BCL7A,Q4VC05,1,"Nucleoplasm, Vesicles",,Approved
BCL7B,Q9BQE9,1,Nucleoplasm,,Approved
BCL7C,Q8WUZ0,1,Nucleoplasm,,Approved
BCL9,O00512,1,"Nucleoplasm, Nuclear bodies",,Approved
BCL9L,Q86UU0,1,Nucleoplasm,Nucleoli fibrillar center,Supported
BCLAF1,Q9NYF8,1,Nuclear speckles,,Enhanced
BCLAF3,A2AJT9,1,Nucleoplasm,,Approved
BCO1,Q9HAY6,1,"Actin filaments, Centriolar satellite",,Uncertain
BCO2,Q9BYV7,1,,,
BCOR,Q6W2J9,1,Nucleoplasm,,Enhanced
BCORL1,Q5H9F3,1,Nucleoplasm,Plasma membrane,Approved
BCR,P11274,1,"Plasma membrane, Cytosol",Nucleoplasm,Approved
BCS1L,Q9Y276,1,,,
BDH1,Q02338,1,Mitochondria,,Approved
BDH2,Q9BUT1,1,Cytosol,,Supported
BDKRB1,P46663,1,,,
BDKRB2,P30411,1,Plasma membrane,"Golgi apparatus, Vesicles",Supported
BDNF,P23560,1,,,
BDP1,A6H8Y1,1,Nucleoplasm,,Enhanced
BEAN1,Q3B7T3,1,Nucleoplasm,Centrosome,Uncertain
BECN1,Q14457,1,Cytosol,Nuclear bodies,Supported
BECN2,A8MW95,1,,,
BEGAIN,Q9BUH8,1,Nucleoplasm,"Golgi apparatus, Cytosol",Approved
BEND2,Q8NDZ0,1,,,
BEND3,Q5T5X7,1,Nucleoplasm,,Approved
BEND4,Q6ZU67,1,Nucleoli fibrillar center,"Nucleoplasm, Cytosol",Approved
BEND5,Q7L4P6,1,Nuclear speckles,Cytosol,Approved
BEND6,Q5SZJ8,1,"Nucleoplasm, Plasma membrane",,Approved
BEND7,Q8N7W2,1,"Nucleoplasm, Nucleoli fibrillar center",Vesicles,Approved
BEST1,O76090,1,,,
BEST2,Q8NFU1,1,,,
BEST3,Q8N1M1,1,,,
BEST4,Q8NFU0,1,,,
BET1,O15155,1,,,
BET1L,Q9NYM9,1,Golgi apparatus,Nucleoplasm,Supported
BEX1,Q9HBH7,1,Cytosol,,Approved
BEX2,Q9BXY8,1,Cytosol,,Uncertain
BEX3,Q00994,1,Cytosol,,Supported
BEX4,Q9NWD9,1,"Nucleoplasm, Cytosol",,Supported
BEX5,Q5H9J7,1,,,
BFAR,Q9NZS9,1,,,
BFSP1,Q12934,1,"Plasma membrane, Cytosol",,Supported
BFSP2,Q13515,1,"Plasma membrane, Cytosol",,Uncertain
BGLAP,P02818,1,,,
BGN,P21810,1,Golgi apparatus,Endoplasmic reticulum,Approved
BHLHA15,Q7RTS1,1,"Nucleoplasm, Golgi apparatus",,Approved
BHLHA9,Q7RTU4,1,,,
BHLHB9,Q6PI77,1,Cytosol,Nucleoplasm,Supported
BHLHE22,Q8NFJ8,1,"Nucleoplasm, Nuclear speckles","Centrosome, Cytosol",Approved
BHLHE23,Q8NDY6,1,,,
BHLHE40,O14503,1,Nuclear bodies,,Supported
BHLHE41,Q9C0J9,1,Nucleoplasm,Vesicles,Supported
BHMT,Q93088,1,Cytosol,,Approved
BHMT2,Q9H2M3,1,,,
BICC1,Q9H694,1,Cytosol,Centrosome,Approved
BICD1,Q96G01,1,Vesicles,,Uncertain
BICD2,Q8TD16,1,"Golgi apparatus, Plasma membrane, Cytosol",,Supported
BICDL1,Q6ZP65,1,"Nucleoplasm, Cytosol",Vesicles,Approved
BICDL2,A1A5D9,1,"Intermediate filaments, Actin filaments, Cytosol",,Approved
BICRA,Q9NZM4,1,Nucleoplasm,,Approved
BICRAL,Q6AI39,1,Nucleoplasm,Cytosol,Approved
BID,P55957,1,Cytosol,,Supported
BIK,Q13323,1,,,
BIN1,O00499,1,Cytosol,,Supported
BIN2,Q9UBW5,1,Plasma membrane,,Enhanced
BIN3,Q9NQY0,1,,,
BIRC2,Q13490,1,"Nucleoli fibrillar center, Cytosol",Nucleoplasm,Supported
BIRC3,Q13489,1,"Nucleoplasm, Cytosol",,Supported
BIRC5,O15392,1,Cytokinetic bridge,,Supported
BIRC6,Q9NR09,1,"Golgi apparatus, Vesicles",Mitotic spindle,Supported
BIRC7,Q96CA5,1,Nucleoplasm,"Centrosome, Cytosol",Enhanced
BIVM,Q86UB2,1,Nucleoplasm,,Supported
BIVM-ERCC5,,0,Nucleoplasm,,Approved
BLACAT1,,0,,,
BLCAP,P62952,1,Nucleoli,,Approved
BLID,Q8IZY5,1,,,
BLK,P51451,1,Nucleoplasm,,Uncertain
BLM,P54132,1,Nucleoplasm,Cytosol,Supported
BLMH,Q13867,1,"Nucleoplasm, Nuclear bodies, Cytosol",,Supported
BLNK,Q8WV28,1,Plasma membrane,Vesicles,Supported
BLOC1S1,P78537,1,,,
BLOC1S2,Q6QNY1,1,,,
BLOC1S3,Q6QNY0,1,Golgi apparatus,,Approved
BLOC1S4,Q9NUP1,1,Vesicles,Cytosol,Approved
BLOC1S5,Q8TDH9,1,Vesicles,,Supported
BLOC1S6,Q9UL45,1,,,
BLVRA,P53004,1,Cytosol,,Supported
BLVRB,P30043,1,Cytosol,"Nucleoplasm, Vesicles, Plasma membrane",Supported
BLZF1,Q9H2G9,1,Golgi apparatus,Nucleoplasm,Supported
BMERB1,Q96MC5,1,Cytosol,Nucleoplasm,Approved
BMF,Q96LC9,1,Nucleoplasm,,Approved
BMI1,P35226,1,"Nucleoplasm, Nuclear bodies","Nucleoli, Cytosol",Approved
BMP1,P13497,1,,,
BMP10,O95393,1,,,
BMP15,O95972,1,,,
BMP2,P12643,1,Vesicles,,Enhanced
BMP2K,Q9NSY1,1,Nuclear speckles,,Supported
BMP3,P12645,1,,,
BMP4,P12644,1,,,
BMP5,P22003,1,,,
BMP6,P22004,1,Mitochondria,,Uncertain
BMP7,P18075,1,Vesicles,"Nucleoplasm, Nucleoli",Approved
BMP8A,Q7Z5Y6,1,Vesicles,,Approved
BMP8B,P34820,1,Vesicles,,Approved
BMPER,Q8N8U9,1,,,
BMPR1A,P36894,1,Cytosol,,Approved
BMPR1B,O00238,1,,,
BMPR2,Q13873,1,"Nucleoplasm, Plasma membrane",,Supported
BMS1,Q14692,1,"Nucleoplasm, Nucleoli, Mitotic chromosome",,Enhanced
BMT2,Q1RMZ1,1,Cytosol,,Approved
BMX,P51813,1,Plasma membrane,Nucleoplasm,Supported
BNC1,Q01954,1,Nucleoplasm,,Enhanced
BNC2,Q6ZN30,1,Nucleoplasm,,Supported
BNIP1,Q12981,1,Endoplasmic reticulum,,Supported
BNIP2,Q12982,1,Cytosol,Nucleoli,Supported
BNIP3,Q12983,1,,,
BNIP3L,O60238,1,Mitochondria,Nuclear speckles,Supported
BNIP5,P0C671,1,Cytosol,,Approved
BNIPL,Q7Z465,1,Cytosol,,Uncertain
BOC,Q9BWV1,1,"Nuclear bodies, Plasma membrane",Nucleoplasm,Approved
BOD1,Q96IK1,1,,,
BOD1L1,Q8NFC6,1,Nucleoplasm,,Enhanced
BOD1L2,Q8IYS8,1,,,
BOK,Q9UMX3,1,,,
BOLA1,Q9Y3E2,1,,,
BOLA2,Q9H3K6,1,Nucleoplasm,,Uncertain
BOLA2-SMG1P6,,0,,,
BOLA2B,Q9H3K6,1,Nucleoplasm,,Uncertain
BOLA3,Q53S33,1,"Nuclear bodies, Mitochondria",Cytosol,Supported
BOLL,Q8N9W6,1,,,
BOP1,Q14137,1,"Nucleoli, Nucleoli rim","Nucleoplasm, Mitotic chromosome",Enhanced
BORA,Q6PGQ7,1,"Nucleoplasm, Nucleoli fibrillar center",Cytosol,Approved
BORCS5,Q969J3,1,"Vesicles, Plasma membrane",,Approved
BORCS6,Q96GS4,1,"Golgi apparatus, Vesicles",,Approved
BORCS7,Q96B45,1,"Vesicles, Cytosol",,Approved
BORCS8,Q96FH0,1,Vesicles,,Approved
BORCS8-MEF2B,,0,"Nucleoplasm, Cytosol",Cell Junctions,Approved
BPGM,P07738,1,"Nucleoli, Nucleoli rim",Nucleoplasm,Approved
BPHL,Q86WA6,1,Mitochondria,,Approved
BPI,P17213,1,,,
BPIFA1,Q9NP55,1,,,
BPIFA2,Q96DR5,1,,,
BPIFA3,Q9BQP9,1,,,
BPIFB1,Q8TDL5,1,,,
BPIFB2,Q8N4F0,1,Vesicles,,Approved
BPIFB3,P59826,1,,,
BPIFB4,P59827,1,"Actin filaments, Cytosol",,Approved
BPIFB6,Q8NFQ5,1,,,
BPIFC,Q8NFQ6,1,,,
BPNT1,O95861,1,Nuclear speckles,,Approved
BPNT2,Q9NX62,1,Golgi apparatus,"Nucleoplasm, Cytosol",Supported
BPTF,Q12830,1,Nucleoplasm,,Enhanced
BPY2,O14599,1,,,
BPY2B,O14599,1,,,
BPY2C,O14599,1,,,
BRAF,P15056,1,Vesicles,Cytosol,Approved
BRAP,Q7Z569,1,Cytosol,Nuclear membrane,Supported
BRAT1,Q6PJG6,1,Nucleoplasm,,Supported
BRCA1,P38398,1,"Nucleoplasm, Nuclear bodies",,Supported
BRCA2,P51587,1,Nucleoplasm,Cytosol,Supported
BRCC3,P46736,1,Nucleoplasm,,Supported
BRD1,O95696,1,Nuclear speckles,,Supported
BRD2,P25440,1,"Nucleoplasm, Nuclear speckles",,Enhanced
BRD3,Q15059,1,Nucleoplasm,,Supported
BRD3OS,A0A1B0GUI7,1,,,
BRD4,O60885,1,Nucleoplasm,,Enhanced
BRD7,Q9NPI1,1,"Nucleoplasm, Cytosol",,Enhanced
BRD8,Q9H0E9,1,Nucleoplasm,Mitochondria,Supported
BRD9,Q9H8M2,1,Nucleoplasm,,Enhanced
BRDT,Q58F21,1,,,
BRF1,Q92994,1,"Nucleoplasm, Nuclear bodies",,Approved
BRF2,Q9HAW0,1,Nucleoli,,Supported
BRI3,O95415,1,,,
BRI3BP,Q8WY22,1,"Nucleoplasm, Mitochondria",,Approved
BRICD5,Q6PL45,1,Actin filaments,Nucleoplasm,Approved
BRINP1,O60477,1,Microtubules,,Uncertain
BRINP2,Q9C0B6,1,,,
BRINP3,Q76B58,1,,,
BRIP1,Q9BX63,1,"Nucleoplasm, Nuclear membrane",,Supported
BRIX1,Q8TDN6,1,"Nucleoli, Mitotic chromosome",,Enhanced
BRK1,Q8WUW1,1,Nuclear speckles,Cell Junctions,Approved
BRME1,Q0VDD7,1,Nucleoplasm,,Approved
BRMS1,Q9HCU9,1,Centrosome,,Approved
BRMS1L,Q5PSV4,1,Nucleoplasm,,Supported
BROX,Q5VW32,1,Golgi apparatus,"Nucleoplasm, Cytosol",Approved
BRPF1,P55201,1,"Plasma membrane, Cytosol",,Approved
BRPF3,Q9ULD4,1,Nucleoplasm,Mitochondria,Approved
BRS3,P32247,1,,,
BRSK1,Q8TDC3,1,Nucleoplasm,Cell Junctions,Supported
BRSK2,Q8IWQ3,1,Golgi apparatus,,Approved
BRWD1,Q9NSI6,1,"Nucleoli, Cytosol",Nucleoplasm,Supported
BRWD3,Q6RI45,1,Nucleoplasm,Cytosol,Approved
BSCL2,Q96G97,1,,,
BSDC1,Q9NW68,1,Golgi apparatus,Plasma membrane,Supported
BSG,P35613,1,Vesicles,,Approved
BSN,Q9UPA5,1,,,
BSND,Q8WZ55,1,,,
BSPH1,Q075Z2,1,,,
BSPRY,Q5W0U4,1,Nucleoplasm,Cytosol,Uncertain
BST1,Q10588,1,,,
BST2,Q10589,1,"Golgi apparatus, Vesicles",,Supported
BSX,Q3C1V8,1,,,
BTAF1,O14981,1,Nucleoplasm,Vesicles,Supported
BTBD1,Q9H0C5,1,Cytoplasmic bodies,"Nucleoplasm, Cytosol",Supported
BTBD10,Q9BSF8,1,"Nucleoplasm, Nucleoli fibrillar center",,Supported
BTBD11,A6QL63,1,Nucleoplasm,Cytosol,Supported
BTBD16,Q32M84,1,Nucleoli,Cytosol,Uncertain
BTBD17,A6NE02,1,,,
BTBD18,B2RXH4,1,"Nucleoplasm, Plasma membrane",Vesicles,Approved
BTBD19,C9JJ37,1,Cytosol,,Uncertain
BTBD2,Q9BX70,1,,,
BTBD3,Q9Y2F9,1,Vesicles,,Supported
BTBD6,Q96KE9,1,Nucleoplasm,,Approved
BTBD7,Q9P203,1,Focal adhesion sites,,Approved
BTBD8,"Q5XKL5,Q9UPP5",2,Nucleoplasm,,Supported
BTBD9,Q96Q07,1,Nucleoplasm,,Approved
BTC,P35070,1,,,
BTD,P43251,1,,,
BTF3,P20290,1,Cytosol,,Supported
BTF3L4,Q96K17,1,"Nucleoplasm, Cytosol",,Approved
BTG1,P62324,1,Nucleoplasm,Cytosol,Approved
BTG2,P78543,1,Vesicles,Nucleoplasm,Approved
BTG3,Q14201,1,,,
BTG4,Q9NY30,1,"Endoplasmic reticulum, Golgi apparatus",,Approved
BTK,Q06187,1,"Plasma membrane, Cytosol",,Supported
BTLA,Q7Z6A9,1,,,
BTN1A1,Q13410,1,,,
BTN2A1,Q7KYR7,1,Plasma membrane,,Approved
BTN2A2,Q8WVV5,1,Mitochondria,,Approved
BTN3A1,O00481,1,Vesicles,,Uncertain
BTN3A2,P78410,1,,,
BTN3A3,O00478,1,,,
BTNL2,Q9UIR0,1,,,
BTNL3,Q6UXE8,1,,,
BTNL8,Q6UX41,1,,,
BTNL9,Q6UXG8,1,Nuclear membrane,Vesicles,Approved
BTRC,Q9Y297,1,Nucleoplasm,"Plasma membrane, Cytosol",Approved
BUB1,O43683,1,Nucleoplasm,Cytosol,Supported
BUB1B,O60566,1,Cytosol,,Supported
BUB3,O43684,1,Nucleoplasm,,Supported
BUD13,Q9BRD0,1,Nucleoplasm,,Enhanced
BUD23,O43709,1,"Nucleoplasm, Nucleoli",,Supported
BUD31,P41223,1,Nucleoplasm,"Microtubules, Centrosome",Approved
BVES,Q8NE79,1,"Plasma membrane, Cell Junctions",,Supported
BX004987.1,,0,,,
BX072566.1,,0,,,
BX255925.3,,0,,,
BX276092.9,,0,,,
BX664615.2,Q8NFD4,1,Nucleoplasm,Cytosol,Approved
BYSL,Q13895,1,"Nucleoli, Nucleoli rim, Mitotic chromosome",Nucleoplasm,Enhanced
BZW1,Q7L1Q6,1,Vesicles,,Approved
BZW2,Q9Y6E2,1,"Plasma membrane, Actin filaments, Cytosol",,Approved
C10orf105,Q8TEF2,1,,,
C10orf120,Q5SQS8,1,,,
C10orf143,A0A1B0GUT2,1,,,
C10orf53,Q8N6V4,1,,,
C10orf62,Q5T681,1,Cytosol,"Nucleoplasm, Vesicles",Approved
C10orf67,Q8IYJ2,1,"Vesicles, Microtubules, Mitochondria",,Approved
C10orf71,Q711Q0,1,Nucleoplasm,Mitochondria,Approved
C10orf82,Q8WW14,1,Mitochondria,,Approved
C10orf88,Q9H8K7,1,,,
C10orf90,Q96M02,1,"Plasma membrane, Cytosol",Nucleoplasm,Approved
C10orf95,,0,,,
C10orf99,Q6UWK7,1,,,
C11orf1,Q9H5F2,1,Nucleoplasm,,Enhanced
C11orf16,Q9NQ32,1,Endoplasmic reticulum,Vesicles,Uncertain
C11orf21,Q9P2W6,1,Nucleoplasm,Cytosol,Approved
C11orf24,Q96F05,1,"Nucleoplasm, Golgi apparatus",Vesicles,Approved
C11orf42,Q8N5U0,1,Plasma membrane,"Nuclear membrane, Vesicles",Approved
C11orf45,Q8TAV5,1,Cytosol,,Approved
C11orf49,Q9H6J7,1,Nuclear speckles,Nucleoplasm,Approved
C11orf52,Q96A22,1,Cell Junctions,,Enhanced
C11orf53,Q8IXP5,1,Nucleoplasm,Vesicles,Approved
C11orf54,Q9H0W9,1,Nuclear bodies,Nucleoplasm,Approved
C11orf58,O00193,1,Endoplasmic reticulum,Nucleoplasm,Approved
C11orf65,Q8NCR3,1,,,
C11orf68,Q9H3H3,1,"Nucleoplasm, Nucleoli",Nucleoli rim,Approved
C11orf71,Q6IPW1,1,Nucleoplasm,Nuclear bodies,Approved
C11orf80,Q8N6T0,1,Centrosome,,Approved
C11orf86,A6NJI1,1,,,
C11orf87,Q6NUJ2,1,,,
C11orf91,Q3C1V1,1,Vesicles,,Supported
C11orf94,C9JXX5,1,,,
C11orf95,C9JLR9,1,Intermediate filaments,,Approved
C11orf96,Q7Z7L8,1,"Nucleoplasm, Cytosol",Focal adhesion sites,Approved
C11orf97,A0A1B0GVM6,1,,,
C11orf98,E9PRG8,1,,,
C12orf29,Q8N999,1,Vesicles,,Approved
C12orf4,Q9NQ89,1,Nuclear bodies,,Approved
C12orf40,Q86WS4,1,Golgi apparatus,Cytosol,Approved
C12orf42,Q96LP6,1,,,
C12orf43,Q96C57,1,Nucleoli,Golgi apparatus,Supported
C12orf45,Q8N5I9,1,Nucleoplasm,Nuclear membrane,Approved
C12orf50,Q8NA57,1,,,
C12orf54,Q6X4T0,1,,,
C12orf56,Q8IXR9,1,,,
C12orf57,Q99622,1,Nuclear speckles,,Enhanced
C12orf60,Q5U649,1,Cytosol,"Nucleoplasm, Vesicles, Plasma membrane",Approved
C12orf65,Q9H3J6,1,"Nucleoplasm, Cytosol",Mitochondria,Approved
C12orf66,Q96MD2,1,Lysosomes,Cytokinetic bridge,Supported
C12orf71,A8MTZ7,1,Cytosol,,Approved
C12orf73,Q69YU5,1,"Centrosome, Mitochondria",Plasma membrane,Approved
C12orf75,Q8TAD7,1,Vesicles,,Approved
C12orf76,,0,Actin filaments,Plasma membrane,Approved
C13orf42,A0A1B0GVH6,1,,,
C13orf46,A0A1B0GUA9,1,,,
C14orf119,Q9NWQ9,1,Mitochondria,Cytosol,Supported
C14orf132,Q9NPU4,1,,,
C14orf180,Q8N912,1,,,
C14orf28,Q4W4Y0,1,Cytosol,,Approved
C14orf39,Q8N1H7,1,"Nucleoplasm, Nucleoli",,Approved
C14orf93,Q9H972,1,"Nucleoplasm, Plasma membrane",,Approved
C15orf39,Q6ZRI6,1,Cytosol,,Enhanced
C15orf40,Q8WUR7,1,"Nucleoplasm, Golgi apparatus",,Approved
C15orf48,Q9C002,1,,,
C15orf61,A6NNL5,1,"Nucleoli, Vesicles",Cytosol,Approved
C15orf62,A8K5M9,1,,,
C15orf65,H3BRN8,1,Nucleoplasm,Cytosol,Approved
C16orf46,Q6P387,1,Nucleoplasm,Cytosol,Approved
C16orf54,Q6UWD8,1,,,
C16orf70,Q9BSU1,1,Nuclear speckles,"Nucleoli fibrillar center, Cytosol",Approved
C16orf71,Q8IYS4,1,Nuclear speckles,,Uncertain
C16orf72,Q14CZ0,1,Nucleoplasm,Vesicles,Approved
C16orf74,Q96GX8,1,Plasma membrane,Centrosome,Approved
C16orf78,Q8WTQ4,1,,,
C16orf82,,0,,,
C16orf86,Q6ZW13,1,,,
C16orf87,Q6PH81,1,Nucleoplasm,Nuclear bodies,Approved
C16orf89,Q6UX73,1,,,
C16orf90,A8MZG2,1,,,
C16orf91,Q4G0I0,1,,,
C16orf92,Q96LL3,1,,,
C16orf95,Q9H693,1,Endoplasmic reticulum,,Approved
C16orf96,A6NNT2,1,Centriolar satellite,,Approved
C17orf100,A8MU93,1,Nucleoplasm,"Cytokinetic bridge, Cytosol",Approved
C17orf107,Q6ZR85,1,Nucleoplasm,,Approved
C17orf113,A0A1B0GUU1,1,,,
C17orf49,Q8IXM2,1,Nucleoplasm,Cytosol,Uncertain
C17orf50,Q8WW18,1,Nucleoplasm,,Supported
C17orf58,Q2M2W7,1,"Plasma membrane, Cytosol",,Approved
C17orf64,Q86WR6,1,Nucleoplasm,Vesicles,Approved
C17orf67,Q0P5P2,1,,,
C17orf75,Q9HAS0,1,"Golgi apparatus, Cytosol",,Approved
C17orf78,Q8N4C9,1,,,
C17orf80,Q9BSJ5,1,"Nucleoplasm, Vesicles",,Approved
C17orf97,Q6ZQX7,1,Nucleoli,Cytosol,Approved
C17orf98,A8MV24,1,Intermediate filaments,Nucleoli,Approved
C17orf99,Q6UX52,1,,,
C18orf21,Q32NC0,1,"Nucleoli, Plasma membrane",,Approved
C18orf25,Q96B23,1,Nucleoplasm,Cytosol,Approved
C18orf32,Q8TCD1,1,Vesicles,Nucleoplasm,Approved
C18orf54,Q8IYD9,1,Nucleoplasm,,Approved
C18orf63,Q68DL7,1,Mitochondria,,Approved
C19orf12,Q9NSK7,1,Cytosol,,Supported
C19orf18,Q8NEA5,1,Golgi apparatus,,Approved
C19orf25,Q9UFG5,1,Intermediate filaments,,Approved
C19orf33,Q9GZP8,1,Nucleoplasm,"Plasma membrane, Cytosol",Supported
C19orf38,A8MVS5,1,Cytosol,"Golgi apparatus, Plasma membrane",Uncertain
C19orf44,Q9H6X5,1,Nucleoplasm,Nuclear bodies,Approved
C19orf47,Q8N9M1,1,Nucleoplasm,,Enhanced
C19orf53,Q9UNZ5,1,"Nucleoplasm, Nucleoli",,Approved
C19orf54,Q5BKX5,1,Intermediate filaments,Centriolar satellite,Approved
C19orf67,A6NJJ6,1,Cytosol,"Nucleoplasm, Nucleoli",Approved
C19orf71,A6NCJ1,1,"Plasma membrane, Cytosol",Endoplasmic reticulum,Approved
C19orf73,Q9NVV2,1,"Nucleoplasm, Cytosol",,Approved
C19orf81,C9J6K1,1,"Vesicles, Aggresome",,Approved
C19orf84,I3L1E1,1,Vesicles,,Approved
C19orf85,A0A1B0GUS0,1,,,
C1D,Q13901,1,"Nucleoplasm, Nucleoli",,Supported
C1GALT1,Q9NS00,1,"Nuclear bodies, Cytosol",,Approved
C1GALT1C1,Q96EU7,1,Vesicles,,Approved
C1GALT1C1L,P0DN25,1,,,
C1QA,P02745,1,,,
C1QB,,0,,,
C1QBP,Q07021,1,Plasma membrane,Mitochondria,Approved
C1QC,P02747,1,,,
C1QL1,O75973,1,Vesicles,Cytosol,Approved
C1QL2,Q7Z5L3,1,Vesicles,Cytosol,Approved
C1QL3,Q5VWW1,1,Vesicles,Cytosol,Approved
C1QL4,Q86Z23,1,Vesicles,Cytosol,Approved
C1QTNF1,Q9BXJ1,1,"Nucleoplasm, Cytosol",,Approved
C1QTNF12,Q5T7M4,1,Vesicles,,Approved
C1QTNF2,Q9BXJ5,1,"Golgi apparatus, Centrosome",,Approved
C1QTNF3,Q9BXJ4,1,Golgi apparatus,,Approved
C1QTNF4,Q9BXJ3,1,"Golgi apparatus, Vesicles",,Uncertain
C1QTNF5,Q9BXJ0,1,,,
C1QTNF6,Q9BXI9,1,Nucleoplasm,,Approved
C1QTNF7,Q9BXJ2,1,Vesicles,,Approved
C1QTNF8,P60827,1,,,
C1QTNF9,P0C862,1,,,
C1QTNF9B,B2RNN3,1,,,
C1R,,0,"Nucleoplasm, Cytosol",,Uncertain
C1RL,Q9NZP8,1,,,
C1S,P09871,1,Nucleoplasm,Cytosol,Approved
C1orf100,Q5SVJ3,1,Nucleoplasm,"Nuclear bodies, Cytosol",Approved
C1orf105,O95561,1,Vesicles,,Approved
C1orf109,Q9NX04,1,Cytosol,"Nucleoplasm, Nucleoli",Supported
C1orf112,Q9NSG2,1,Mitochondria,,Approved
C1orf115,Q9H7X2,1,,,
C1orf116,Q9BW04,1,"Plasma membrane, Cytosol",,Enhanced
C1orf122,Q6ZSJ8,1,,,
C1orf127,,0,"Nuclear speckles, Cytosol",,Approved
C1orf131,Q8NDD1,1,,,
C1orf141,Q5JVX7,1,Intermediate filaments,,Uncertain
C1orf146,Q5VVC0,1,Centriolar satellite,,Approved
C1orf158,Q8N1D5,1,Cytosol,,Uncertain
C1orf159,Q96HA4,1,"Nucleoli rim, Mitotic chromosome",Intermediate filaments,Approved
C1orf162,Q8NEQ5,1,"Nucleoplasm, Golgi apparatus",,Approved
C1orf167,Q5SNV9,1,,,
C1orf174,Q8IYL3,1,Nucleoplasm,,Enhanced
C1orf185,Q5T7R7,1,,,
C1orf189,Q5VU69,1,"Nucleoplasm, Golgi apparatus, Plasma membrane",,Approved
C1orf194,Q5T5A4,1,,,
C1orf198,Q9H425,1,Cytosol,,Supported
C1orf21,Q9H246,1,"Nucleoplasm, Cytosol",,Approved
C1orf210,Q8IVY1,1,"Nucleoli, Nucleoli rim",,Uncertain
C1orf216,Q8TAB5,1,"Nucleoplasm, Cytosol",,Approved
C1orf226,A1L170,1,Nucleoplasm,,Approved
C1orf232,A0A0U1RR37,1,,,
C1orf35,Q9BU76,1,"Nuclear speckles, Plasma membrane",Cytosol,Approved
C1orf43,Q9BWL3,1,Mitochondria,Cytosol,Supported
C1orf50,Q9BV19,1,,,
C1orf52,Q8N6N3,1,Nucleoplasm,,Enhanced
C1orf53,Q5VUE5,1,Vesicles,Aggresome,Approved
C1orf54,Q8WWF1,1,Plasma membrane,,Approved
C1orf56,Q9BUN1,1,,,
C1orf68,Q5T750,1,Plasma membrane,Cytosol,Approved
C1orf74,Q96LT6,1,"Plasma membrane, Cytosol",,Approved
C1orf87,Q8N0U7,1,,,
C1orf94,Q6P1W5,1,Cytosol,Nucleoplasm,Approved
C2,P06681,1,,,
C20orf141,Q9NUB4,1,,,
C20orf144,Q9BQM9,1,,,
C20orf173,Q96LM9,1,Nucleoplasm,"Vesicles, Plasma membrane",Uncertain
C20orf194,Q5TEA3,1,"Nucleoli fibrillar center, Cytosol",,Approved
C20orf202,A1L168,1,,,
C20orf203,Q8NBC4,1,,,
C20orf204,A0A1B0GTL2,1,,,
C20orf27,Q9GZN8,1,"Nucleoplasm, Cytosol",,Approved
C20orf85,Q9H1P6,1,,,
C20orf96,Q9NUD7,1,Centriolar satellite,,Approved
C21orf58,P58505,1,Nucleoplasm,Nuclear bodies,Supported
C21orf62,Q9NYP8,1,,,
C21orf91,Q9NYK6,1,Microtubules,Cytokinetic bridge,Approved
C22orf15,Q8WYQ4,1,,,
C22orf23,Q9BZE7,1,Nucleoplasm,,Approved
C22orf31,O95567,1,Nuclear membrane,Cytosol,Approved
C22orf39,Q6P5X5,1,Endoplasmic reticulum,,Approved
C22orf42,Q6IC83,1,,,
C2CD2,Q9Y426,1,Nucleoplasm,,Approved
C2CD2L,O14523,1,Plasma membrane,,Supported
C2CD3,Q4AC94,1,Nucleoplasm,Centrosome,Uncertain
C2CD4A,Q8NCU7,1,Nucleoplasm,Nucleoli,Supported
C2CD4B,A6NLJ0,1,,,
C2CD4C,Q8TF44,1,Vesicles,,Approved
C2CD4D,B7Z1M9,1,,,
C2CD5,Q86YS7,1,Cytosol,Centriolar satellite,Supported
C2CD6,Q53TS8,1,,,
C2orf15,Q8WU43,1,,,
C2orf16,Q68DN1,1,Nuclear bodies,"Nucleoplasm, Cytosol",Approved
C2orf42,Q9NWW7,1,Nucleoplasm,,Enhanced
C2orf49,Q9BVC5,1,Nucleoplasm,Mitochondria,Enhanced
C2orf50,Q96LR7,1,Golgi apparatus,Cytosol,Uncertain
C2orf66,,0,Nucleoplasm,Cytosol,Uncertain
C2orf68,Q2NKX9,1,"Nucleoplasm, Nuclear membrane, Mitochondria",Nucleoli,Approved
C2orf69,Q8N8R5,1,,,
C2orf72,A6NCS6,1,"Nucleoplasm, Plasma membrane",,Approved
C2orf73,Q8N5S3,1,"Nucleoplasm, Plasma membrane",,Approved
C2orf74,A8MZ97,1,Centrosome,,Approved
C2orf76,Q3KRA6,1,Endoplasmic reticulum,,Approved
C2orf78,A6NCI8,1,,,
C2orf80,Q0P641,1,Golgi apparatus,,Approved
C2orf81,A6NN90,1,"Nucleoplasm, Nucleoli fibrillar center",,Approved
C2orf88,Q9BSF0,1,,,
C2orf92,A0A1B0GVN3,1,,,
C3,P01024,1,,,
C3AR1,Q16581,1,,,
C3orf14,Q9HBI5,1,Plasma membrane,Cytosol,Approved
C3orf18,Q9UK00,1,Cytosol,,Approved
C3orf20,Q8ND61,1,"Plasma membrane, Cytosol",,Uncertain
C3orf22,Q8N5N4,1,,,
C3orf33,Q6P1S2,1,,,
C3orf38,Q5JPI3,1,"Plasma membrane, Cytosol",Nucleoplasm,Approved
C3orf49,Q96BT1,1,Cytosol,"Vesicles, Centrosome",Approved
C3orf52,Q5BVD1,1,"Nucleoplasm, Nuclear bodies, Cytosol",,Approved
C3orf56,Q8N813,1,Nucleoplasm,"Centrosome, Cytosol",Approved
C3orf62,Q6ZUJ4,1,Nuclear speckles,,Approved
C3orf70,A6NLC5,1,Cytosol,,Approved
C3orf80,F5H4A9,1,,,
C3orf84,H3BNL1,1,,,
C3orf85,A0A1B0GTC6,1,,,
C4A,P0C0L4,1,,,
C4B,P0C0L5,1,,,
C4BPA,P04003,1,,,
C4BPB,P20851,1,Golgi apparatus,,Uncertain
C4orf17,Q53FE4,1,,,
C4orf19,Q8IY42,1,Nucleoplasm,Cell Junctions,Approved
C4orf3,Q8WVX3,1,Endoplasmic reticulum,,Approved
C4orf33,Q8N1A6,1,Golgi apparatus,Nuclear bodies,Approved
C4orf36,Q96KX1,1,Focal adhesion sites,Cytosol,Approved
C4orf45,Q96LM5,1,,,
C4orf46,Q504U0,1,Nucleoplasm,,Approved
C4orf47,A7E2U8,1,Vesicles,,Uncertain
C4orf48,Q5BLP8,1,Cytosol,,Approved
C4orf50,Q6ZRC1,1,,,
C4orf51,C9J302,1,,,
C4orf54,D6RIA3,1,Nuclear bodies,Cytosol,Approved
C5,P01031,1,,,
C5AR1,P21730,1,Golgi apparatus,Vesicles,Approved
C5AR2,Q9P296,1,,,
C5orf15,Q8NC54,1,Golgi apparatus,,Approved
C5orf22,Q49AR2,1,Nuclear membrane,,Approved
C5orf24,Q7Z6I8,1,Nucleoplasm,,Supported
C5orf34,Q96MH7,1,,,
C5orf46,Q6UWT4,1,Nuclear speckles,Mitochondria,Approved
C5orf47,Q569G3,1,,,
C5orf49,A4QMS7,1,,,
C5orf51,A6NDU8,1,Nucleoplasm,Cytosol,Enhanced
C5orf52,A6NGY3,1,,,
C5orf58,C9J3I9,1,,,
C5orf63,A6NC05,1,Mitochondria,,Approved
C6,P13671,1,,,
C6orf118,Q5T5N4,1,Mitochondria,,Uncertain
C6orf120,Q7Z4R8,1,,,
C6orf132,Q5T0Z8,1,"Golgi apparatus, Cytosol",,Approved
C6orf136,Q5SQH8,1,,,
C6orf141,Q5SZD1,1,Nuclear membrane,,Approved
C6orf15,Q6UXA7,1,,,
C6orf163,Q5TEZ5,1,Nucleoplasm,,Uncertain
C6orf226,Q5I0X4,1,Nuclear speckles,,Approved
C6orf47,O95873,1,Cytosol,,Approved
C6orf52,Q5T4I8,1,Nuclear speckles,Intermediate filaments,Approved
C6orf58,Q6P5S2,1,,,
C6orf62,Q9GZU0,1,Cytosol,,Approved
C6orf89,Q6UWU4,1,,,
C7,P10643,1,,,
C7orf25,Q9BPX7,1,Nucleoplasm,Cytosol,Supported
C7orf26,Q96N11,1,Nucleoplasm,"Mitotic spindle, Cytosol",Approved
C7orf31,Q8N865,1,"Nucleoplasm, Mitochondria",Cytosol,Uncertain
C7orf33,Q8WU49,1,,,
C7orf50,Q9BRJ6,1,"Nucleoplasm, Nucleoli",,Approved
C7orf57,Q8NEG2,1,,,
C7orf61,Q8IZ16,1,Vesicles,,Approved
C8A,P07357,1,,,
C8B,P07358,1,,,
C8G,P07360,1,,,
C8orf33,Q9H7E9,1,"Nucleoplasm, Plasma membrane",,Uncertain
C8orf34,Q49A92,1,"Nucleoplasm, Nucleoli",Golgi apparatus,Approved
C8orf37,Q96NL8,1,Cytosol,"Plasma membrane, Cell Junctions",Approved
C8orf44-SGK3,,0,Vesicles,Nucleoplasm,Uncertain
C8orf48,Q96LL4,1,Cytosol,Nucleoplasm,Approved
C8orf58,Q8NAV2,1,Nuclear bodies,,Approved
C8orf74,Q6P047,1,Nucleoplasm,,Uncertain
C8orf76,Q96K31,1,Nucleoplasm,Cytosol,Approved
C8orf82,Q6P1X6,1,Nucleoplasm,,Approved
C8orf88,P0DMB2,1,,,
C8orf89,P0DMQ9,1,,,
C9,P02748,1,,,
C9orf116,Q5BN46,1,"Nucleoplasm, Cytosol",,Approved
C9orf131,Q5VYM1,1,Mitochondria,,Approved
C9orf135,Q5VTT2,1,,,
C9orf152,Q5JTZ5,1,Nucleoplasm,Nucleoli,Approved
C9orf153,Q5TBE3,1,"Nuclear bodies, Plasma membrane","Nucleoplasm, Vesicles",Approved
C9orf16,Q9BUW7,1,Microtubules,,Approved
C9orf24,Q8NCR6,1,Nucleoplasm,Cytosol,Approved
C9orf40,Q8IXQ3,1,"Nucleoplasm, Cytosol",Centrosome,Approved
C9orf43,Q8TAL5,1,Cytosol,,Approved
C9orf50,Q5SZB4,1,,,
C9orf57,Q5W0N0,1,,,
C9orf64,Q5T6V5,1,Golgi apparatus,,Approved
C9orf72,Q96LT7,1,"Vesicles, Cytosol",Midbody ring,Supported
C9orf78,Q9NZ63,1,Nucleoplasm,,Enhanced
C9orf85,Q96MD7,1,Golgi apparatus,"Nucleoplasm, Nucleoli",Approved
CA1,P00915,1,,,
CA10,Q9NS85,1,Vesicles,,Approved
CA11,O75493,1,"Vesicles, Microtubules",,Approved
CA12,O43570,1,,,
CA13,Q8N1Q1,1,Nucleoli,"Nucleoplasm, Vesicles",Approved
CA14,Q9ULX7,1,Plasma membrane,,Approved
CA2,P00918,1,,,
CA3,P07451,1,,,
CA4,P22748,1,Cytosol,Vesicles,Uncertain
CA5A,P35218,1,,,
CA5B,Q9Y2D0,1,Mitochondria,,Supported
CA6,P23280,1,,,
CA7,P43166,1,Cytosol,Golgi apparatus,Approved
CA8,P35219,1,,,
CA9,Q16790,1,Plasma membrane,,Supported
CAAP1,Q9H8G2,1,Vesicles,,Approved
CAB39,Q9Y376,1,Nucleoli,Cytosol,Approved
CAB39L,Q9H9S4,1,Vesicles,,Approved
CABCOCO1,Q8IVU9,1,Centrosome,"Nucleoplasm, Cytosol",Approved
CABIN1,Q9Y6J0,1,"Nucleoplasm, Cytosol",,Approved
CABLES1,Q8TDN4,1,"Nucleoplasm, Nuclear bodies",,Supported
CABLES2,Q9BTV7,1,Nucleoli,,Approved
CABP1,Q9NZU7,1,,,
CABP2,Q9NPB3,1,,,
CABP4,P57796,1,,,
CABP5,Q9NP86,1,,,
CABP7,Q86V35,1,,,
CABS1,Q96KC9,1,,,
CABYR,O75952,1,"Nucleoplasm, Cytosol",,Supported
CACFD1,Q9UGQ2,1,Nucleoplasm,,Approved
CACHD1,Q5VU97,1,"Nucleoplasm, Nucleoli",,Uncertain
CACNA1A,O00555,1,Endoplasmic reticulum,,Uncertain
CACNA1B,Q00975,1,Mitochondria,,Approved
CACNA1C,Q13936,1,,,
CACNA1D,Q01668,1,Nuclear membrane,,Approved
CACNA1E,Q15878,1,Plasma membrane,"Actin filaments, Cytosol",Approved
CACNA1F,O60840,1,,,
CACNA1G,O43497,1,,,
CACNA1H,O95180,1,"Nucleoplasm, Vesicles",,Approved
CACNA1I,Q9P0X4,1,Plasma membrane,Cell Junctions,Approved
CACNA1S,Q13698,1,,,
CACNA2D1,P54289,1,,,
CACNA2D2,Q9NY47,1,Vesicles,,Approved
CACNA2D3,Q8IZS8,1,Nucleoplasm,,Uncertain
CACNA2D4,Q7Z3S7,1,,,
CACNB1,Q02641,1,,,
CACNB2,Q08289,1,,,
CACNB3,P54284,1,"Golgi apparatus, Vesicles",,Approved
CACNB4,O00305,1,,,
CACNG1,Q06432,1,,,
CACNG2,Q9Y698,1,,,
CACNG3,O60359,1,,,
CACNG4,Q9UBN1,1,Vesicles,,Approved
CACNG5,Q9UF02,1,,,
CACNG6,Q9BXT2,1,Nucleoli fibrillar center,Cytosol,Approved
CACNG7,P62955,1,,,
CACNG8,Q8WXS5,1,,,
CACTIN,Q8WUQ7,1,"Nucleoplasm, Nuclear speckles",Cytosol,Supported
CACUL1,Q86Y37,1,Nucleoplasm,,Uncertain
CACYBP,Q9HB71,1,Cytosol,Nucleoplasm,Enhanced
CAD,P27708,1,Cytosol,,Supported
CADM1,Q9BY67,1,Cell Junctions,,Supported
CADM2,Q8N3J6,1,,,
CADM3,Q8N126,1,,,
CADM4,Q8NFZ8,1,Nuclear membrane,Nucleoplasm,Uncertain
CADPS,Q9ULU8,1,Vesicles,,Approved
CADPS2,Q86UW7,1,"Nucleoplasm, Vesicles",,Approved
CAGE1,Q8TC20,1,,,
CALB1,P05937,1,Vesicles,,Approved
CALB2,P22676,1,Cytosol,,Enhanced
CALCA,"P01258,P06881",2,,,
CALCB,P10092,1,,,
CALCOCO1,Q9P1Z2,1,Cytosol,Vesicles,Enhanced
CALCOCO2,Q13137,1,Cytosol,Vesicles,Supported
CALCR,,0,Cell Junctions,"Vesicles, Centriolar satellite",Approved
CALCRL,Q16602,1,Plasma membrane,,Supported
CALD1,Q05682,1,"Plasma membrane, Actin filaments",,Enhanced
CALHM1,Q8IU99,1,,,
CALHM2,Q9HA72,1,"Nucleoplasm, Mitochondria",Cytosol,Approved
CALHM3,Q86XJ0,1,,,
CALHM4,Q5JW98,1,Plasma membrane,,Approved
CALHM5,Q8N5C1,1,Golgi apparatus,,Approved
CALHM6,Q5R3K3,1,,,
CALM1,P0DP23,1,Cytosol,,Supported
CALM2,P0DP24,1,,,
CALM3,P0DP25,1,,,
CALML3,P27482,1,,,
CALML4,Q96GE6,1,Golgi apparatus,"Nucleoplasm, Cytosol",Approved
CALML5,Q9NZT1,1,"Plasma membrane, Cytosol",,Approved
CALML6,Q8TD86,1,,,
CALN1,Q9BXU9,1,Vesicles,Plasma membrane,Uncertain
CALR,P27797,1,Endoplasmic reticulum,,Supported
CALR3,Q96L12,1,,,
CALU,O43852,1,Endoplasmic reticulum,,Enhanced
CALY,Q9NYX4,1,,,
CAMK1,Q14012,1,Cytosol,,Approved
CAMK1D,Q8IU85,1,"Nucleoplasm, Cytosol",,Approved
CAMK1G,Q96NX5,1,,,
CAMK2A,Q9UQM7,1,Plasma membrane,"Cell Junctions, Cytosol",Approved
CAMK2B,Q13554,1,Plasma membrane,"Cell Junctions, Cytosol",Supported
CAMK2D,Q13557,1,Plasma membrane,"Cell Junctions, Cytosol",Approved
CAMK2G,Q13555,1,Plasma membrane,"Cell Junctions, Cytosol",Approved
CAMK2N1,Q7Z7J9,1,,,
CAMK2N2,Q96S95,1,Nucleoplasm,Centrosome,Supported
CAMK4,Q16566,1,"Nucleoplasm, Nucleoli fibrillar center",,Supported
CAMKK1,Q8N5S9,1,Cytosol,,Approved
CAMKK2,Q96RR4,1,Cytosol,,Supported
CAMKMT,Q7Z624,1,Nucleoplasm,,Supported
CAMKV,Q8NCB2,1,Nucleoplasm,Cytokinetic bridge,Approved
CAMLG,P49069,1,Vesicles,"Nucleoplasm, Nucleoli",Approved
CAMP,P49913,1,,,
CAMSAP1,Q5T5Y3,1,"Mitotic spindle, Cytosol",,Supported
CAMSAP2,Q08AD1,1,Microtubule ends,Cytosol,Supported
CAMSAP3,Q9P1Y5,1,,,
CAMTA1,Q9Y6Y1,1,Cytosol,,Supported
CAMTA2,O94983,1,Nucleoplasm,"Vesicles, Actin filaments, Mitochondria, Cytosol",Supported
CAND1,Q86VP6,1,"Nucleoplasm, Golgi apparatus, Cytosol",,Enhanced
CAND2,O75155,1,Nuclear bodies,Cytosol,Approved
CANT1,Q8WVQ1,1,Golgi apparatus,,Supported
CANX,P27824,1,Endoplasmic reticulum,,Enhanced
CAP1,Q01518,1,Cytosol,,Approved
CAP2,P40123,1,"Nucleoplasm, Cytosol",Plasma membrane,Approved
CAPG,P40121,1,Nucleoplasm,,Supported
CAPN1,P07384,1,Cytosol,,Supported
CAPN10,Q9HC96,1,"Mitochondria, Cytosol",,Approved
CAPN11,Q9UMQ6,1,,,
CAPN12,Q6ZSI9,1,Focal adhesion sites,Nucleoplasm,Approved
CAPN13,Q6MZZ7,1,Nucleoplasm,,Approved
CAPN14,A8MX76,1,,,
CAPN15,O75808,1,Nucleoplasm,,Approved
CAPN2,P17655,1,Cytosol,,Supported
CAPN3,P20807,1,,,
CAPN5,O15484,1,Nucleoplasm,Cytosol,Approved
CAPN6,Q9Y6Q1,1,"Vesicles, Centriolar satellite",,Uncertain
CAPN7,Q9Y6W3,1,Cytosol,Centrosome,Approved
CAPN8,A6NHC0,1,"Nucleoplasm, Nuclear membrane, Vesicles",,Approved
CAPN9,O14815,1,Vesicles,Golgi apparatus,Approved
CAPNS1,P04632,1,"Nucleoplasm, Cytosol",,Approved
CAPNS2,Q96L46,1,Cytosol,,Approved
CAPRIN1,Q14444,1,Cytosol,,Enhanced
CAPRIN2,Q6IMN6,1,Cytosol,"Nucleoplasm, Centrosome",Supported
CAPS,Q13938,1,Cytosol,"Nucleoplasm, Plasma membrane",Supported
CAPS2,Q9BXY5,1,Nucleoli,"Nucleoplasm, Vesicles, Centrosome",Approved
CAPSL,Q8WWF8,1,Microtubules,Nucleoplasm,Approved
CAPZA1,P52907,1,,,
CAPZA2,P47755,1,Cytosol,,Approved
CAPZA3,Q96KX2,1,,,
CAPZB,P47756,1,"Nucleoplasm, Cytosol",Vesicles,Approved
CARD10,Q9BWT7,1,"Vesicles, Intermediate filaments",Cytosol,Approved
CARD11,Q9BXL7,1,,,
CARD14,Q9BXL6,1,Cytosol,Aggresome,Supported
CARD18,P57730,1,,,
CARD19,Q96LW7,1,Mitochondria,,Supported
CARD6,Q9BX69,1,,,
CARD8,Q9Y2G2,1,Nucleoplasm,,Supported
CARD9,Q9H257,1,,,
CARF,Q8N187,1,Vesicles,"Nucleoli fibrillar center, Cytosol",Approved
CARHSP1,Q9Y2V2,1,,,
CARM1,Q86X55,1,Nucleoplasm,,Enhanced
CARMIL1,Q5VZK9,1,Cytosol,,Supported
CARMIL2,Q6F5E8,1,,,
CARMIL3,Q8ND23,1,,,
CARNMT1,Q8N4J0,1,,,
CARNS1,A5YM72,1,,,
CARS1,P49589,1,Cytosol,,Enhanced
CARS2,Q9HA77,1,"Nucleoplasm, Mitochondria",,Approved
CARTPT,Q16568,1,,,
CASC3,O15234,1,Nuclear membrane,,Supported
CASD1,Q96PB1,1,Nucleoplasm,,Approved
CASK,O14936,1,Nucleoplasm,Cytosol,Approved
CASKIN1,Q8WXD9,1,Nucleoplasm,Cytosol,Approved
CASKIN2,Q8WXE0,1,Plasma membrane,,Supported
CASP1,P29466,1,Cytosol,Nucleoplasm,Supported
CASP10,Q92851,1,Golgi apparatus,Vesicles,Approved
CASP14,P31944,1,"Nucleoplasm, Cytosol",Mitochondria,Supported
CASP2,P42575,1,Mitochondria,,Approved
CASP3,P42574,1,Mitochondria,Nucleoplasm,Approved
CASP4,P49662,1,Cytosol,Plasma membrane,Approved
CASP5,P51878,1,,,
CASP6,P55212,1,Cytosol,Nucleoplasm,Supported
CASP7,P55210,1,,,
CASP8,Q14790,1,Cytosol,Nucleoplasm,Supported
CASP8AP2,,0,"Nucleoli, Nuclear bodies",,Approved
CASP9,P55211,1,Mitochondria,,Approved
CASQ1,P31415,1,"Nucleoplasm, Mitochondria",,Approved
CASQ2,O14958,1,,,
CASR,P41180,1,,,
CASS4,Q9NQ75,1,,,
CAST,P20810,1,"Endoplasmic reticulum, Cytosol",Plasma membrane,Enhanced
CASTOR1,Q8WTX7,1,,,
CASTOR2,A6NHX0,1,,,
CASZ1,Q86V15,1,Nucleoplasm,Cytosol,Supported
CAT,P04040,1,Vesicles,,Enhanced
CATIP,Q7Z7H3,1,,,
CATSPER1,Q8NEC5,1,,,
CATSPER2,Q96P56,1,,,
CATSPER3,Q86XQ3,1,,,
CATSPER4,Q7RTX7,1,,,
CATSPERB,Q9H7T0,1,Vesicles,,Uncertain
CATSPERD,Q86XM0,1,,,
CATSPERE,Q5SY80,1,,,
CATSPERG,Q6ZRH7,1,Nucleoli,"Nucleoplasm, Cytosol",Approved
CATSPERZ,Q9NTU4,1,Nucleoplasm,,Approved
CAV1,Q03135,1,Golgi apparatus,,Supported
CAV2,P51636,1,Vesicles,,Approved
CAV3,P56539,1,Plasma membrane,Vesicles,Approved
CAVIN1,Q6NZI2,1,Plasma membrane,Vesicles,Supported
CAVIN2,O95810,1,Plasma membrane,Cytosol,Enhanced
CAVIN3,Q969G5,1,Plasma membrane,,Approved
CAVIN4,Q5BKX8,1,"Golgi apparatus, Plasma membrane",Nucleoplasm,Supported
CBARP,Q8N350,1,Nucleoplasm,,Approved
CBFA2T2,O43439,1,Nuclear speckles,,Approved
CBFA2T3,O75081,1,Nucleoplasm,,Enhanced
CBFB,Q13951,1,Cytosol,Nucleoplasm,Approved
CBL,P22681,1,Cytosol,,Supported
CBLB,Q13191,1,Cytosol,Nucleoplasm,Supported
CBLC,Q9ULV8,1,Nucleoplasm,Aggresome,Approved
CBLIF,P27352,1,,,
CBLL1,Q75N03,1,Nuclear speckles,,Supported
CBLL2,Q8N7E2,1,,,
CBLN1,P23435,1,,,
CBLN2,Q8IUK8,1,,,
CBLN3,Q6UW01,1,Nucleoplasm,,Approved
CBLN4,Q9NTU7,1,,,
CBR1,P16152,1,Nucleoplasm,Cytosol,Approved
CBR3,O75828,1,"Nucleoplasm, Cytosol",,Supported
CBR4,Q8N4T8,1,,,
CBS,P35520,1,Vesicles,Nucleoli,Approved
CBSL,P0DN79,1,Vesicles,Nucleoli,Approved
CBWD1,Q9BRT8,1,Plasma membrane,,Approved
CBWD2,Q8IUF1,1,Plasma membrane,,Approved
CBWD3,Q5JTY5,1,Plasma membrane,,Approved
CBWD5,Q5RIA9,1,Plasma membrane,,Approved
CBWD6,Q4V339,1,Plasma membrane,,Approved
CBX1,P83916,1,"Nucleoplasm, Nuclear bodies",,Supported
CBX2,Q14781,1,Nucleoplasm,,Supported
CBX3,Q13185,1,Nucleoplasm,Nuclear bodies,Supported
CBX4,O00257,1,Nucleoplasm,Nuclear bodies,Enhanced
CBX5,P45973,1,Nucleoplasm,,Enhanced
CBX6,O95503,1,Nucleoplasm,Nuclear bodies,Supported
CBX7,O95931,1,Nucleoplasm,Cytosol,Supported
CBX8,Q9HC52,1,Nucleoplasm,,Enhanced
CBY1,Q9Y3M2,1,,,
CBY2,Q8NA61,1,"Plasma membrane, Cell Junctions",,Approved
CBY3,A6NI87,1,Nucleoplasm,,Approved
CC2D1A,Q6P1N0,1,"Plasma membrane, Cytosol",Nucleoli fibrillar center,Approved
CC2D1B,Q5T0F9,1,Nucleoplasm,Vesicles,Supported
CC2D2A,Q9P2K1,1,,,
CC2D2B,Q6DHV5,1,"Nucleoli, Nucleoli rim",,Approved
CCAR1,Q8IX12,1,Nucleoplasm,Golgi apparatus,Supported
CCAR2,Q8N163,1,"Nucleoplasm, Nuclear bodies",,Enhanced
CCBE1,Q6UXH8,1,"Plasma membrane, Cytosol",,Approved
CCDC102A,Q96A19,1,Nucleoplasm,Nuclear bodies,Approved
CCDC102B,Q68D86,1,Nucleoli,"Endoplasmic reticulum, Plasma membrane",Approved
CCDC103,Q8IW40,1,Cytosol,,Approved
CCDC105,Q8IYK2,1,,,
CCDC106,Q9BWC9,1,Nucleoplasm,Cytosol,Supported
CCDC107,Q8WV48,1,"Plasma membrane, Cell Junctions",Nucleoplasm,Approved
CCDC110,Q8TBZ0,1,Nucleoplasm,Cytosol,Supported
CCDC112,Q8NEF3,1,"Plasma membrane, Cytosol",Nucleoplasm,Approved
CCDC113,Q9H0I3,1,,,
CCDC114,Q96M63,1,,,
CCDC115,Q96NT0,1,Plasma membrane,Vesicles,Supported
CCDC116,Q8IYX3,1,,,
CCDC117,Q8IWD4,1,Nucleoplasm,"Microtubules, Cytosol",Approved
CCDC12,Q8WUD4,1,Nucleoplasm,,Supported
CCDC120,Q96HB5,1,Mitochondria,,Uncertain
CCDC121,Q6ZUS5,1,"Actin filaments, Cytosol",,Approved
CCDC122,Q5T0U0,1,Vesicles,Nucleoplasm,Approved
CCDC124,Q96CT7,1,"Plasma membrane, Cytosol",,Enhanced
CCDC125,Q86Z20,1,"Nuclear membrane, Intermediate filaments",Nucleoplasm,Uncertain
CCDC126,Q96EE4,1,Golgi apparatus,,Approved
CCDC127,Q96BQ5,1,"Nucleoplasm, Nucleoli fibrillar center",,Approved
CCDC13,Q8IYE1,1,Centriolar satellite,"Nucleoplasm, Cytosol",Supported
CCDC130,P13994,1,Vesicles,,Approved
CCDC134,Q9H6E4,1,Cytosol,Vesicles,Supported
CCDC136,Q96JN2,1,"Golgi apparatus, Vesicles","Nuclear membrane, Plasma membrane",Approved
CCDC137,Q6PK04,1,"Nucleoli, Mitotic chromosome",,Enhanced
CCDC138,Q96M89,1,Nucleoplasm,Cytosol,Approved
CCDC14,Q49A88,1,Centriolar satellite,,Supported
CCDC141,Q6ZP82,1,Nucleoplasm,,Approved
CCDC142,Q17RM4,1,,,
CCDC144A,A2RUR9,1,"Nucleoplasm, Vesicles",,Approved
CCDC146,Q8IYE0,1,,,
CCDC148,Q8NFR7,1,"Nucleoplasm, Nucleoli, Nucleoli rim",,Uncertain
CCDC149,Q6ZUS6,1,Nucleoli,,Approved
CCDC15,Q0P6D6,1,Plasma membrane,Cytosol,Approved
CCDC150,Q8NCX0,1,Nucleoplasm,,Approved
CCDC151,A5D8V7,1,,,
CCDC152,Q4G0S7,1,Nucleoplasm,Cytosol,Approved
CCDC153,Q494R4,1,Cytosol,,Approved
CCDC154,,0,Plasma membrane,Golgi apparatus,Approved
CCDC157,Q569K6,1,,,
CCDC158,Q5M9N0,1,,,
CCDC159,P0C7I6,1,"Nucleoplasm, Nuclear bodies",Cytosol,Approved
CCDC160,A6NGH7,1,,,
CCDC163,A0A0D9SF12,1,,,
CCDC166,P0CW27,1,,,
CCDC167,Q9P0B6,1,Cytosol,,Approved
CCDC168,Q8NDH2,1,"Nucleoli, Centrosome",Cytosol,Approved
CCDC169,A6NNP5,1,Nucleoplasm,"Nuclear speckles, Vesicles",Approved
CCDC169-SOHLH2,,0,Vesicles,,Approved
CCDC17,Q96LX7,1,,,
CCDC170,Q8IYT3,1,Golgi apparatus,Cell Junctions,Approved
CCDC171,Q6TFL3,1,Nucleoplasm,Nucleoli,Approved
CCDC172,P0C7W6,1,,,
CCDC173,Q0VFZ6,1,,,
CCDC174,Q6PII3,1,Nucleoplasm,,Enhanced
CCDC175,P0C221,1,Nucleoplasm,"Nucleoli, Cytosol",Uncertain
CCDC177,Q9NQR7,1,,,
CCDC178,Q5BJE1,1,,,
CCDC179,H3BU77,1,,,
CCDC18,Q5T9S5,1,Nucleoplasm,Cytosol,Approved
CCDC180,,0,,,
CCDC181,Q5TID7,1,Nuclear speckles,,Approved
CCDC182,A6NF36,1,,,
CCDC183,Q5T5S1,1,,,
CCDC184,Q52MB2,1,"Mitochondria, Cytosol",,Approved
CCDC185,Q8N715,1,,,
CCDC186,Q7Z3E2,1,Golgi apparatus,,Approved
CCDC187,A0A096LP49,1,,,
CCDC188,H7C350,1,Nuclear bodies,Nucleoplasm,Approved
CCDC189,A1A4V9,1,Cytosol,,Approved
CCDC190,Q86UF4,1,"Actin filaments, Cytosol",,Approved
CCDC191,Q8NCU4,1,Mitochondria,,Approved
CCDC192,P0DO97,1,,,
CCDC194,A0A1B0GVG4,1,,,
CCDC195,A0A1B0GUA6,1,,,
CCDC196,A0A1B0GTZ2,1,,,
CCDC197,,0,,,
CCDC198,Q9NVL8,1,Cytosol,Nucleoplasm,Uncertain
CCDC200,A0A1B0GVQ3,1,,,
CCDC201,A0A1B0GTI1,1,,,
CCDC22,O60826,1,"Endoplasmic reticulum, Vesicles",,Approved
CCDC24,Q8N4L8,1,Plasma membrane,"Nucleoli, Cytosol",Approved
CCDC25,Q86WR0,1,"Nucleoplasm, Golgi apparatus",Cytosol,Approved
CCDC27,Q2M243,1,Cytosol,Nucleoplasm,Approved
CCDC28A,,0,Plasma membrane,Nucleoplasm,Approved
CCDC28B,Q9BUN5,1,,,
CCDC3,Q9BQI4,1,Cytosol,Nucleoplasm,Uncertain
CCDC30,Q5VVM6,1,,,
CCDC32,Q9BV29,1,Nuclear speckles,Vesicles,Approved
CCDC33,Q8N5R6,1,,,
CCDC34,Q96HJ3,1,"Nuclear membrane, Nucleoli fibrillar center",,Approved
CCDC38,Q502W7,1,,,
CCDC39,Q9UFE4,1,,,
CCDC40,Q4G0X9,1,Microtubules,,Approved
CCDC42,Q96M95,1,,,
CCDC43,Q96MW1,1,Cytosol,,Enhanced
CCDC47,Q96A33,1,Endoplasmic reticulum,,Enhanced
CCDC50,Q8IVM0,1,Cytosol,,Supported
CCDC51,Q96ER9,1,"Nucleoplasm, Mitochondria",Centrosome,Supported
CCDC54,Q8NEL0,1,,,
CCDC57,Q2TAC2,1,Microtubules,"Centriolar satellite, Cytosol",Approved
CCDC58,Q4VC31,1,Mitochondria,Nucleoli,Approved
CCDC59,Q9P031,1,"Nucleoli, Nucleoli rim","Nucleoplasm, Plasma membrane",Approved
CCDC6,Q16204,1,Cytosol,,Supported
CCDC60,Q8IWA6,1,,,
CCDC61,Q9Y6R9,1,Nucleoplasm,,Approved
CCDC62,Q6P9F0,1,Plasma membrane,Nucleoplasm,Uncertain
CCDC63,Q8NA47,1,"Nucleoplasm, Nuclear bodies",Vesicles,Approved
CCDC65,Q8IXS2,1,Vesicles,Centriolar satellite,Approved
CCDC66,A2RUB6,1,Centriolar satellite,"Cell Junctions, Midbody ring, Cytosol",Approved
CCDC68,Q9H2F9,1,Golgi apparatus,Cytosol,Approved
CCDC69,A6NI79,1,Plasma membrane,"Golgi apparatus, Actin filaments",Approved
CCDC7,Q96M83,1,Nucleoli,"Mitotic spindle, Cytosol",Approved
CCDC70,Q6NSX1,1,,,
CCDC71,Q8IV32,1,Nuclear membrane,,Approved
CCDC71L,Q8N9Z2,1,"Golgi apparatus, Actin filaments",Cytosol,Approved
CCDC73,Q6ZRK6,1,,,
CCDC74A,Q96AQ1,1,Vesicles,,Uncertain
CCDC74B,Q96LY2,1,Vesicles,,Uncertain
CCDC77,Q9BR77,1,Nuclear membrane,,Approved
CCDC78,A2IDD5,1,,,
CCDC8,Q9H0W5,1,"Plasma membrane, Cytosol",Nucleoplasm,Approved
CCDC80,Q76M96,1,,,
CCDC81,Q6ZN84,1,,,
CCDC82,Q8N4S0,1,Nucleoplasm,"Nuclear bodies, Cytosol",Approved
CCDC83,Q8IWF9,1,Nucleoplasm,Cytosol,Approved
CCDC85A,Q96PX6,1,,,
CCDC85B,Q15834,1,,,
CCDC85C,A6NKD9,1,"Nucleoli rim, Mitotic chromosome",Cell Junctions,Uncertain
CCDC86,Q9H6F5,1,"Nucleoli, Nucleoli rim, Mitotic chromosome",Nucleoplasm,Enhanced
CCDC87,Q9NVE4,1,,,
CCDC88A,Q3V6T2,1,,,
CCDC88B,A6NC98,1,"Centrosome, Cytosol",Nucleoplasm,Supported
CCDC88C,Q9P219,1,"Nucleoplasm, Nucleoli fibrillar center",,Approved
CCDC89,Q8N998,1,Nucleoplasm,,Approved
CCDC9,Q9Y3X0,1,Cytosol,,Approved
CCDC90B,Q9GZT6,1,Mitochondria,,Enhanced
CCDC91,Q7Z6B0,1,Golgi apparatus,Nucleoplasm,Supported
CCDC92,Q53HC0,1,Centrosome,Nucleoplasm,Supported
CCDC93,Q567U6,1,Vesicles,Plasma membrane,Enhanced
CCDC96,Q2M329,1,,,
CCDC97,Q96F63,1,Nucleoplasm,"Plasma membrane, Cytosol",Supported
CCDC9B,Q6ZUT6,1,"Nucleoplasm, Cytosol",,Approved
CCER1,Q8TC90,1,,,
CCER2,I3L3R5,1,,,
CCHCR1,Q8TD31,1,Cytosol,,Supported
CCIN,Q13939,1,,,
CCK,P06307,1,,,
CCKAR,P32238,1,"Plasma membrane, Cytosol",Nucleoplasm,Approved
CCKBR,P32239,1,Vesicles,Plasma membrane,Uncertain
CCL1,P22362,1,,,
CCL11,P51671,1,,,
CCL13,Q99616,1,,,
CCL14,Q16627,1,,,
CCL15,Q16663,1,Golgi apparatus,Vesicles,Approved
CCL16,O15467,1,,,
CCL17,Q92583,1,,,
CCL18,P55774,1,,,
CCL19,Q99731,1,,,
CCL2,P13500,1,Golgi apparatus,Vesicles,Approved
CCL20,P78556,1,,,
CCL21,O00585,1,,,
CCL22,O00626,1,,,
CCL23,P55773,1,,,
CCL24,O00175,1,,,
CCL25,O15444,1,,,
CCL26,Q9Y258,1,,,
CCL27,Q9Y4X3,1,,,
CCL28,Q9NRJ3,1,,,
CCL3,P10147,1,,,
CCL3L3,P16619,1,,,
CCL4,P13236,1,,,
CCL4L2,Q8NHW4,1,,,
CCL5,P13501,1,,,
CCL7,P80098,1,,,
CCL8,P80075,1,,,
CCM2,Q9BSQ5,1,Mitochondria,,Enhanced
CCM2L,Q9NUG4,1,Nucleoplasm,,Supported
CCN1,O00622,1,,,
CCN2,P29279,1,Golgi apparatus,,Supported
CCN3,P48745,1,Vesicles,,Enhanced
CCN4,O95388,1,Cytosol,,Uncertain
CCN5,O76076,1,,,
CCN6,O95389,1,Mitochondria,,Supported
CCNA1,P78396,1,"Nucleoplasm, Nuclear bodies",,Approved
CCNA2,P20248,1,"Nucleoplasm, Cytosol",,Enhanced
CCNB1,P14635,1,Cytosol,,Enhanced
CCNB1IP1,Q9NPC3,1,,,
CCNB2,O95067,1,Cytosol,Golgi apparatus,Enhanced
CCNB3,Q8WWL7,1,Nuclear speckles,,Approved
CCNC,P24863,1,Nucleoplasm,Cytosol,Supported
CCND1,P24385,1,Nucleoplasm,,Supported
CCND2,P30279,1,Nucleoplasm,,Enhanced
CCND3,P30281,1,Nucleoplasm,,Supported
CCNDBP1,O95273,1,Nucleoplasm,Nuclear bodies,Enhanced
CCNE1,P24864,1,Nucleoplasm,,Enhanced
CCNE2,O96020,1,,,
CCNF,P41002,1,Centrosome,,Supported
CCNG1,P51959,1,Nucleoplasm,,Supported
CCNG2,Q16589,1,"Nucleoplasm, Cytosol",,Approved
CCNH,P51946,1,Nucleoplasm,,Supported
CCNI,Q14094,1,Golgi apparatus,"Nucleoplasm, Nuclear bodies",Approved
CCNI2,Q6ZMN8,1,"Nucleoplasm, Golgi apparatus, Cytosol",,Approved
CCNJ,Q5T5M9,1,"Nucleoplasm, Golgi apparatus",,Approved
CCNJL,Q8IV13,1,Nuclear speckles,,Approved
CCNK,O75909,1,Nucleoplasm,,Enhanced
CCNL1,Q9UK58,1,"Nucleoplasm, Nuclear bodies",,Supported
CCNL2,Q96S94,1,Nucleoplasm,,Supported
CCNO,P22674,1,Nucleoli,Centriolar satellite,Supported
CCNP,Q9H8S5,1,,,
CCNQ,Q8N1B3,1,Nucleoplasm,Cytosol,Approved
CCNT1,O60563,1,Nucleoplasm,,Enhanced
CCNT2,O60583,1,"Nucleoplasm, Plasma membrane, Cytosol",,Approved
CCNY,Q8ND76,1,Nucleoplasm,Nucleoli,Supported
CCNYL1,Q8N7R7,1,Plasma membrane,,Approved
CCP110,O43303,1,Centriolar satellite,,Approved
CCPG1,Q9ULG6,1,Golgi apparatus,Endoplasmic reticulum,Approved
CCR1,P32246,1,,,
CCR10,P46092,1,Endoplasmic reticulum,,Supported
CCR2,P41597,1,Plasma membrane,Nucleoli fibrillar center,Supported
CCR3,P51677,1,Plasma membrane,,Approved
CCR4,P51679,1,Plasma membrane,,Supported
CCR5,P51681,1,,,
CCR6,P51684,1,,,
CCR7,P32248,1,Mitochondria,,Enhanced
CCR8,P51685,1,,,
CCR9,P51686,1,Plasma membrane,Endoplasmic reticulum,Approved
CCRL2,O00421,1,,,
CCS,O14618,1,,,
CCSAP,Q6IQ19,1,,,
CCSER1,Q9C0I3,1,,,
CCSER2,Q9H7U1,1,"Nucleoplasm, Cytosol",,Approved
CCT2,P78371,1,Cytosol,,Supported
CCT3,P49368,1,"Plasma membrane, Cytosol",,Approved
CCT4,P50991,1,Cytosol,Nucleoplasm,Supported
CCT5,P48643,1,,,
CCT6A,P40227,1,Cytosol,,Approved
CCT6B,Q92526,1,Cytosol,,Approved
CCT7,Q99832,1,Cytosol,,Approved
CCT8,P50990,1,Intermediate filaments,"Nucleoplasm, Cytosol",Approved
CCT8L2,Q96SF2,1,,,
CCZ1,P86791,1,Vesicles,,Enhanced
CCZ1B,P86790,1,Vesicles,,Enhanced
CD101,Q93033,1,Mitochondria,,Uncertain
CD109,Q6YHK3,1,Plasma membrane,Cytosol,Supported
CD14,P08571,1,Vesicles,,Approved
CD151,P48509,1,,,
CD160,O95971,1,,,
CD163,Q86VB7,1,Plasma membrane,,Supported
CD163L1,Q9NR16,1,"Centrosome, Cytosol",Nucleoplasm,Approved
CD164,Q04900,1,,,
CD164L2,Q6UWJ8,1,Cytosol,Plasma membrane,Approved
CD177,,0,,,
CD180,Q99467,1,Plasma membrane,"Nucleoplasm, Nucleoli, Mitotic spindle",Approved
CD19,P15391,1,,,
CD1A,P06126,1,,,
CD1B,P29016,1,"Golgi apparatus, Vesicles",Cytosol,Approved
CD1C,P29017,1,"Golgi apparatus, Vesicles",Endoplasmic reticulum,Approved
CD1D,P15813,1,Endoplasmic reticulum,,Supported
CD1E,P15812,1,Golgi apparatus,Nucleoli,Supported
CD2,P06729,1,Plasma membrane,"Nucleoplasm, Golgi apparatus",Supported
CD200,P41217,1,,,
CD200R1,Q8TD46,1,Plasma membrane,,Supported
CD200R1L,Q6Q8B3,1,,,
CD207,Q9UJ71,1,Cytosol,,Uncertain
CD209,Q9NNX6,1,,,
CD22,P20273,1,,,
CD226,Q15762,1,Plasma membrane,"Nucleoplasm, Centriolar satellite",Supported
CD24,P25063,1,Vesicles,,Enhanced
CD244,Q9BZW8,1,,,
CD247,P20963,1,,,
CD248,Q9HCU0,1,Plasma membrane,,Approved
CD27,P26842,1,,,
CD274,Q9NZQ7,1,"Plasma membrane, Actin filaments",Nucleoplasm,Approved
CD276,Q5ZPR3,1,Vesicles,,Approved
CD28,P10747,1,,,
CD2AP,Q9Y5K6,1,Plasma membrane,Centriolar satellite,Supported
CD2BP2,O95400,1,Nuclear speckles,Cytosol,Enhanced
CD300A,Q9UGN4,1,Plasma membrane,"Vesicles, Cytosol",Approved
CD300C,Q08708,1,Golgi apparatus,"Vesicles, Mitochondria",Uncertain
CD300E,Q496F6,1,,,
CD300LB,A8K4G0,1,Plasma membrane,,Approved
CD300LD,Q6UXZ3,1,,,
CD300LF,Q8TDQ1,1,,,
CD300LG,Q6UXG3,1,,,
CD302,Q8IX05,1,,,
CD320,Q9NPF0,1,Cytosol,,Approved
CD33,P20138,1,"Nucleoplasm, Plasma membrane",,Approved
CD34,P28906,1,"Plasma membrane, Cell Junctions",Nucleoplasm,Approved
CD36,P16671,1,Golgi apparatus,,Enhanced
CD37,P11049,1,Golgi apparatus,Plasma membrane,Approved
CD38,P28907,1,Plasma membrane,,Supported
CD3D,P04234,1,Endoplasmic reticulum,,Uncertain
CD3E,P07766,1,"Endoplasmic reticulum, Plasma membrane",Golgi apparatus,Supported
CD3G,P09693,1,"Plasma membrane, Cytosol",,Supported
CD4,P01730,1,Plasma membrane,,Supported
CD40,P25942,1,,,
CD40LG,P29965,1,"Golgi apparatus, Plasma membrane",,Approved
CD44,P16070,1,Plasma membrane,Golgi apparatus,Supported
CD46,P15529,1,Plasma membrane,,Approved
CD47,Q08722,1,Plasma membrane,Vesicles,Supported
CD48,P09326,1,Plasma membrane,"Nucleoli fibrillar center, Cytosol",Approved
CD5,P06127,1,,,
CD52,P31358,1,,,
CD53,P19397,1,,,
CD55,P08174,1,,,
CD58,P19256,1,,,
CD59,P13987,1,"Golgi apparatus, Vesicles",,Uncertain
CD5L,O43866,1,,,
CD6,P30203,1,,,
CD63,P08962,1,Vesicles,,Supported
CD68,P34810,1,"Golgi apparatus, Vesicles",,Supported
CD69,Q07108,1,,,
CD7,P09564,1,,,
CD70,P32970,1,Nucleoplasm,,Uncertain
CD72,P21854,1,"Nucleoplasm, Mitochondria",,Approved
CD74,P04233,1,Golgi apparatus,,Supported
CD79A,P11912,1,,,
CD79B,P40259,1,Plasma membrane,"Nucleoplasm, Cytosol",Supported
CD80,P33681,1,,,
CD81,P60033,1,Plasma membrane,Cytosol,Supported
CD82,P27701,1,Vesicles,,Uncertain
CD83,Q01151,1,Vesicles,Golgi apparatus,Approved
CD84,Q9UIB8,1,Plasma membrane,Vesicles,Enhanced
CD86,P42081,1,Plasma membrane,Centriolar satellite,Supported
CD8A,P01732,1,Plasma membrane,,Supported
CD8B,P10966,1,Plasma membrane,,Supported
CD8B2,A6NJW9,1,,,
CD9,P21926,1,Plasma membrane,,Supported
CD93,Q9NPY3,1,"Vesicles, Plasma membrane",,Approved
CD96,P40200,1,,,
CD99,P14209,1,Golgi apparatus,,Approved
CD99L2,Q8TCZ2,1,Plasma membrane,,Supported
CDA,P32320,1,Nucleoplasm,,Approved
CDADC1,Q9BWV3,1,Nucleoplasm,,Approved
CDAN1,Q8IWY9,1,Cytosol,Plasma membrane,Enhanced
CDC123,O75794,1,"Nucleoplasm, Golgi apparatus",Cytosol,Approved
CDC14A,Q9UNH5,1,Nucleoplasm,"Nuclear bodies, Cytosol",Supported
CDC14B,O60729,1,Nucleoplasm,,Supported
CDC14C,A4D256,1,Nucleoplasm,,Uncertain
CDC16,Q13042,1,,,
CDC20,Q12834,1,"Nucleoplasm, Cytosol",,Enhanced
CDC20B,Q86Y33,1,,,
CDC23,Q9UJX2,1,,,
CDC25A,P30304,1,Nucleoplasm,Golgi apparatus,Approved
CDC25B,P30305,1,Vesicles,Mitotic spindle,Uncertain
CDC25C,P30307,1,Nuclear speckles,,Supported
CDC26,Q8NHZ8,1,Nucleoplasm,,Approved
CDC27,P30260,1,Nucleoplasm,,Enhanced
CDC34,P49427,1,"Nucleoplasm, Nuclear speckles",Cytosol,Supported
CDC37,Q16543,1,Cytosol,,Supported
CDC37L1,Q7L3B6,1,Cytosol,,Supported
CDC40,O60508,1,Nucleoplasm,,Supported
CDC42,P60953,1,"Microtubules, Cytokinetic bridge",,Supported
CDC42BPA,Q5VT25,1,"Plasma membrane, Cytosol",,Approved
CDC42BPB,Q9Y5S2,1,,,
CDC42BPG,Q6DT37,1,Cytosol,,Supported
CDC42EP1,Q00587,1,Plasma membrane,"Nucleoplasm, Actin filaments",Supported
CDC42EP2,O14613,1,"Microtubules, Cytosol",,Supported
CDC42EP3,Q9UKI2,1,"Plasma membrane, Actin filaments",,Supported
CDC42EP4,Q9H3Q1,1,"Actin filaments, Microtubules",Plasma membrane,Supported
CDC42EP5,Q6NZY7,1,,,
CDC42SE1,Q9NRR8,1,Cell Junctions,,Supported
CDC42SE2,Q9NRR3,1,,,
CDC45,O75419,1,Nucleoplasm,"Centrosome, Cytosol",Supported
CDC5L,Q99459,1,Nucleoplasm,,Supported
CDC6,Q99741,1,"Nucleoplasm, Cytosol","Cytokinetic bridge, Mitotic spindle",Approved
CDC7,O00311,1,Nucleoplasm,"Cytokinetic bridge, Mitotic spindle",Supported
CDC73,Q6P1J9,1,Nucleoplasm,Cytosol,Supported
CDCA2,Q69YH5,1,Nucleoplasm,,Supported
CDCA3,Q99618,1,Cytosol,,Approved
CDCA4,Q9BXL8,1,Nucleoplasm,"Plasma membrane, Cytosol",Supported
CDCA5,Q96FF9,1,Nucleoplasm,,Enhanced
CDCA7,Q9BWT1,1,"Nucleoplasm, Cytosol",,Supported
CDCA7L,Q96GN5,1,"Nucleoplasm, Nucleoli","Nucleoli fibrillar center, Cytosol",Supported
CDCA8,Q53HL2,1,Nucleoli,"Nucleoplasm, Cytokinetic bridge",Supported
CDCP1,Q9H5V8,1,,,
CDCP2,Q5VXM1,1,,,
CDH1,P12830,1,"Plasma membrane, Cell Junctions",Golgi apparatus,Supported
CDH10,Q9Y6N8,1,Cell Junctions,Nucleoplasm,Approved
CDH11,P55287,1,,,
CDH12,P55289,1,Vesicles,,Uncertain
CDH13,P55290,1,Plasma membrane,,Supported
CDH15,P55291,1,"Golgi apparatus, Plasma membrane",,Enhanced
CDH16,O75309,1,,,
CDH17,Q12864,1,Cell Junctions,Nucleoplasm,Supported
CDH18,Q13634,1,,,
CDH19,Q9H159,1,,,
CDH2,P19022,1,Plasma membrane,Cell Junctions,Supported
CDH20,Q9HBT6,1,,,
CDH22,Q9UJ99,1,,,
CDH23,Q9H251,1,,,
CDH24,Q86UP0,1,Cytosol,Vesicles,Approved
CDH26,Q8IXH8,1,Plasma membrane,Microtubules,Supported
CDH3,P22223,1,Plasma membrane,Cell Junctions,Supported
CDH4,P55283,1,Plasma membrane,,Supported
CDH5,P33151,1,Plasma membrane,"Nucleoplasm, Nuclear membrane",Supported
CDH6,P55285,1,"Plasma membrane, Cell Junctions",,Supported
CDH7,Q9ULB5,1,,,
CDH8,P55286,1,Plasma membrane,,Approved
CDH9,Q9ULB4,1,Golgi apparatus,,Approved
CDHR1,Q96JP9,1,Golgi apparatus,,Approved
CDHR2,Q9BYE9,1,,,
CDHR3,Q6ZTQ4,1,,,
CDHR4,A6H8M9,1,,,
CDHR5,Q9HBB8,1,,,
CDIN1,Q9Y2V0,1,Nucleoplasm,,Approved
CDIP1,Q9H305,1,Centrosome,Nucleoplasm,Supported
CDIPT,O14735,1,"Nucleoplasm, Nuclear membrane, Plasma membrane",,Approved
CDK1,P06493,1,"Nucleoplasm, Cytosol",,Supported
CDK10,Q15131,1,"Nucleoplasm, Midbody, Midbody ring",,Uncertain
CDK11A,Q9UQ88,1,Nuclear speckles,Cytosol,Supported
CDK11B,P21127,1,Nuclear speckles,,Approved
CDK12,Q9NYV4,1,"Nucleoplasm, Nuclear speckles",,Enhanced
CDK13,Q14004,1,Nuclear speckles,"Golgi apparatus, Cytosol",Supported
CDK14,O94921,1,"Nucleoplasm, Cytosol",,Supported
CDK15,Q96Q40,1,Nucleoplasm,Golgi apparatus,Approved
CDK16,Q00536,1,"Microtubules, Cytosol",Plasma membrane,Approved
CDK17,Q00537,1,"Nucleoplasm, Cytosol",,Approved
CDK18,Q07002,1,Actin filaments,,Approved
CDK19,Q9BWU1,1,Cytosol,Nucleoplasm,Supported
CDK2,P24941,1,Nucleoplasm,"Centrosome, Cytosol",Enhanced
CDK20,Q8IZL9,1,Nucleoplasm,,Supported
CDK2AP1,O14519,1,Nucleoplasm,,Supported
CDK2AP2,O75956,1,Nucleoplasm,,Approved
CDK3,Q00526,1,Cytosol,,Approved
CDK4,P11802,1,Cytosol,"Nucleoplasm, Nuclear membrane, Nucleoli",Supported
CDK5,Q00535,1,"Nucleoplasm, Plasma membrane",Cell Junctions,Supported
CDK5R1,Q15078,1,"Nucleoplasm, Vesicles",,Approved
CDK5R2,Q13319,1,,,
CDK5RAP1,Q96SZ6,1,Mitochondria,"Nucleoplasm, Cytosol",Supported
CDK5RAP2,Q96SN8,1,Centrosome,Cell Junctions,Enhanced
CDK5RAP3,Q96JB5,1,Cytosol,"Nucleoli, Vesicles",Supported
CDK6,Q00534,1,Nucleoplasm,Cytosol,Supported
CDK7,P50613,1,Nucleoplasm,"Nucleoli fibrillar center, Plasma membrane, Cytosol",Supported
CDK8,P49336,1,Nucleoplasm,,Approved
CDK9,P50750,1,Nucleoplasm,Cytoplasmic bodies,Approved
CDKAL1,Q5VV42,1,,,
CDKL1,Q00532,1,Nucleoplasm,Vesicles,Enhanced
CDKL2,Q92772,1,"Nucleoplasm, Centrosome",,Approved
CDKL3,Q8IVW4,1,"Nucleoplasm, Vesicles",,Uncertain
CDKL4,Q5MAI5,1,,,
CDKL5,O76039,1,Nucleoplasm,,Supported
CDKN1A,P38936,1,"Nucleoplasm, Nuclear bodies",,Supported
CDKN1B,P46527,1,Nucleoplasm,Vesicles,Supported
CDKN1C,P49918,1,"Nucleoplasm, Nuclear bodies",Cytosol,Approved
CDKN2A,"P42771,Q8N726",2,Nucleoplasm,Cytosol,Supported
CDKN2AIP,Q9NXV6,1,Nucleoplasm,,Enhanced
CDKN2AIPNL,Q96HQ2,1,,,
CDKN2B,P42772,1,Nucleoplasm,Cytosol,Approved
CDKN2C,P42773,1,"Nucleoplasm, Cytosol",,Approved
CDKN2D,P55273,1,Nucleoplasm,Cytosol,Supported
CDKN3,Q16667,1,Cytosol,,Enhanced
CDNF,Q49AH0,1,,,
CDO1,Q16878,1,Nucleoplasm,Cytosol,Uncertain
CDON,Q4KMG0,1,,,
CDPF1,Q6NVV7,1,Cytosol,Nucleoplasm,Approved
CDR1,P51861,1,"Golgi apparatus, Centrosome",Nucleoplasm,Approved
CDR2,Q01850,1,Nucleoplasm,,Approved
CDR2L,Q86X02,1,Cytosol,,Approved
CDRT1,O95170,1,"Nucleoplasm, Nucleoli",,Approved
CDRT15,Q96T59,1,Plasma membrane,,Approved
CDRT15L2,A8MXV6,1,,,
CDRT4,Q8N9R6,1,Mitochondria,,Approved
CDS1,Q92903,1,,,
CDS2,O95674,1,Endoplasmic reticulum,,Approved
CDSN,,0,,,
CDT1,Q9H211,1,Nucleoplasm,Nuclear bodies,Supported
CDV3,Q9UKY7,1,Cytosol,"Nucleoli, Plasma membrane",Approved
CDX1,P47902,1,,,
CDX2,Q99626,1,Nucleoplasm,,Enhanced
CDX4,O14627,1,"Nucleoplasm, Nuclear speckles",Cytosol,Approved
CDY1,Q9Y6F8,1,,,
CDY1B,Q9Y6F8,1,,,
CDY2A,Q9Y6F7,1,,,
CDY2B,Q9Y6F7,1,,,
CDYL,Q9Y232,1,Nuclear speckles,,Supported
CDYL2,Q8N8U2,1,,,
CEACAM1,P13688,1,,,
CEACAM16,Q2WEN9,1,,,
CEACAM18,A8MTB9,1,Midbody,,Approved
CEACAM19,Q7Z692,1,"Nucleoli, Mitochondria",Nucleoplasm,Approved
CEACAM20,Q6UY09,1,,,
CEACAM21,Q3KPI0,1,,,
CEACAM3,P40198,1,,,
CEACAM4,O75871,1,,,
CEACAM5,P06731,1,Plasma membrane,,Supported
CEACAM6,P40199,1,,,
CEACAM7,Q14002,1,Plasma membrane,Cytosol,Supported
CEACAM8,P31997,1,,,
CEBPA,P49715,1,Nucleoplasm,Vesicles,Approved
CEBPB,P17676,1,Nucleoplasm,,Enhanced
CEBPD,P49716,1,Nucleoplasm,,Approved
CEBPE,Q15744,1,Nucleoplasm,"Plasma membrane, Cytosol",Supported
CEBPG,P53567,1,Nucleoplasm,,Supported
CEBPZ,Q03701,1,Vesicles,Nucleoplasm,Approved
CEBPZOS,A8MTT3,1,Nucleoplasm,,Approved
CECR2,Q9BXF3,1,Nucleoplasm,Vesicles,Approved
CEL,P19835,1,,,
CELA1,Q9UNI1,1,,,
CELA2A,P08217,1,,,
CELA2B,P08218,1,,,
CELA3A,P09093,1,Cytosol,,Approved
CELA3B,P08861,1,Cytosol,,Approved
CELF1,Q92879,1,Nucleoplasm,,Enhanced
CELF2,O95319,1,Nucleoplasm,"Vesicles, Midbody ring",Supported
CELF3,Q5SZQ8,1,Nucleoplasm,,Approved
CELF4,Q9BZC1,1,Nucleoplasm,,Supported
CELF5,Q8N6W0,1,,,
CELF6,Q96J87,1,,,
CELSR1,Q9NYQ6,1,Plasma membrane,Nucleoplasm,Enhanced
CELSR2,Q9HCU4,1,Cytosol,,Approved
CELSR3,Q9NYQ7,1,,,
CEMIP,Q8WUJ3,1,Nucleoli fibrillar center,"Nuclear membrane, Endoplasmic reticulum",Supported
CEMIP2,Q9UHN6,1,Plasma membrane,"Vesicles, Cytosol",Supported
CEMP1,Q6PRD7,1,Nucleoplasm,,Approved
CENATAC,Q86UT8,1,Nucleoplasm,,Approved
CEND1,Q8N111,1,Mitochondria,,Approved
CENPA,P49450,1,Nucleoplasm,,Supported
CENPB,P07199,1,Nuclear bodies,Nucleoplasm,Enhanced
CENPC,Q03188,1,"Nuclear bodies, Kinetochore","Nucleoplasm, Midbody",Supported
CENPE,Q02224,1,Microtubules,"Cytokinetic bridge, Mitotic spindle",Enhanced
CENPF,P49454,1,Nucleoplasm,"Nuclear membrane, Cytosol",Supported
CENPH,Q9H3R5,1,"Nucleoplasm, Nucleoli rim",Mitotic chromosome,Supported
CENPI,Q92674,1,Nuclear bodies,Cytosol,Supported
CENPJ,Q9HC77,1,Centrosome,,Supported
CENPK,Q9BS16,1,,,
CENPL,Q8N0S6,1,,,
CENPM,Q9NSP4,1,,,
CENPN,Q96H22,1,Nucleoplasm,,Supported
CENPO,Q9BU64,1,Nucleoplasm,Nuclear bodies,Supported
CENPP,Q6IPU0,1,Nucleoplasm,Nucleoli,Supported
CENPQ,Q7L2Z9,1,Nucleoplasm,,Supported
CENPS,Q8N2Z9,1,,,
CENPS-CORT,,0,,,
CENPT,Q96BT3,1,Nuclear bodies,Nucleoplasm,Supported
CENPU,Q71F23,1,"Nucleoplasm, Centriolar satellite",,Supported
CENPV,Q7Z7K6,1,Nucleoplasm,"Midbody, Cytosol",Approved
CENPVL1,A0A0U1RR11,1,,,
CENPVL2,P0DPI3,1,,,
CENPVL3,A0A0U1RRI6,1,,,
CENPW,Q5EE01,1,Nucleoplasm,,Supported
CENPX,A8MT69,1,,,
CEP104,O60308,1,,,
CEP112,Q8N8E3,1,"Nucleoplasm, Centrosome","Midbody ring, Cytosol",Approved
CEP120,Q8N960,1,,,
CEP126,Q9P2H0,1,"Nucleoplasm, Cytosol",,Uncertain
CEP128,Q6ZU80,1,Centrosome,,Supported
CEP131,Q9UPN4,1,Centriolar satellite,"Nucleoplasm, Nuclear membrane",Supported
CEP135,Q66GS9,1,,,
CEP152,O94986,1,Centrosome,,Supported
CEP162,Q5TB80,1,"Nucleoplasm, Cytosol",Centriolar satellite,Approved
CEP164,Q9UPV0,1,Centrosome,"Nucleoplasm, Vesicles",Supported
CEP170,Q5SW79,1,Centrosome,Cytosol,Enhanced
CEP170B,Q9Y4F5,1,"Microtubule ends, Centrosome",Cytosol,Approved
CEP19,Q96LK0,1,Centrosome,Nucleoplasm,Supported
CEP192,Q8TEP8,1,"Centrosome, Cytosol",,Approved
CEP20,Q96NB1,1,Centrosome,,Supported
CEP250,Q9BV73,1,Centrosome,,Supported
CEP290,O15078,1,Centrosome,,Supported
CEP295,Q9C0D2,1,"Plasma membrane, Cytosol",,Enhanced
CEP295NL,Q96MC4,1,Vesicles,,Approved
CEP350,Q5VT06,1,Centrosome,,Enhanced
CEP41,Q9BYV8,1,,,
CEP43,O95684,1,Centrosome,,Supported
CEP44,Q9C0F1,1,,,
CEP55,Q53EZ4,1,"Plasma membrane, Centriolar satellite",Midbody,Approved
CEP57,Q86XR8,1,"Centrosome, Cytosol",Centriolar satellite,Supported
CEP57L1,Q8IYX8,1,"Plasma membrane, Cytosol",,Approved
CEP63,Q96MT8,1,"Plasma membrane, Centriolar satellite, Centrosome",,Supported
CEP68,Q76N32,1,"Nucleoplasm, Centriolar satellite",,Supported
CEP70,Q8NHQ1,1,"Nucleoplasm, Cytosol",Centrosome,Approved
CEP72,Q9P209,1,Centrosome,Cytosol,Supported
CEP76,Q8TAP6,1,,,
CEP78,Q5JTW2,1,,,
CEP83,Q9Y592,1,,,
CEP85,Q6P2H3,1,"Nucleoli, Golgi apparatus","Centrosome, Cytosol",Approved
CEP85L,Q5SZL2,1,,,
CEP89,Q96ST8,1,Cytosol,,Supported
CEP95,Q96GE4,1,Cytosol,Centriolar satellite,Uncertain
CEP97,Q8IW35,1,"Centriolar satellite, Centrosome",Cytosol,Supported
CEPT1,Q9Y6K0,1,,,
CER1,O95813,1,,,
CERCAM,Q5T4B2,1,"Nucleoplasm, Nucleoli",Cell Junctions,Approved
CERK,Q8TCT0,1,Vesicles,,Approved
CERKL,Q49MI3,1,"Nucleoplasm, Cytosol",,Approved
CERS1,P27544,1,Endoplasmic reticulum,,Approved
CERS2,Q96G23,1,"Nuclear membrane, Endoplasmic reticulum",,Supported
CERS3,Q8IU89,1,Nucleoplasm,,Supported
CERS4,Q9HA82,1,"Nucleoplasm, Vesicles",,Supported
CERS5,Q8N5B7,1,"Nuclear membrane, Endoplasmic reticulum",,Approved
CERS6,Q6ZMG9,1,,,
CERT1,Q9Y5P4,1,Golgi apparatus,Nucleoplasm,Enhanced
CES1,P23141,1,Endoplasmic reticulum,,Supported
CES2,O00748,1,Golgi apparatus,"Endoplasmic reticulum, Cytosol",Approved
CES3,Q6UWW8,1,"Nuclear membrane, Endoplasmic reticulum",,Approved
CES4A,Q5XG92,1,Cytosol,,Approved
CES5A,Q6NT32,1,,,
CETN1,Q12798,1,"Nucleoplasm, Cytosol",Centrosome,Uncertain
CETN2,P41208,1,Centrosome,"Nucleoplasm, Cytosol",Supported
CETN3,O15182,1,Centrosome,,Supported
CETP,P11597,1,,,
CFAP100,Q494V2,1,,,
CFAP126,Q5VTH2,1,,,
CFAP157,Q5JU67,1,"Plasma membrane, Cytosol",,Enhanced
CFAP161,Q6P656,1,,,
CFAP20,Q9Y6A4,1,Nucleoplasm,,Supported
CFAP206,Q8IYR0,1,Nucleoplasm,Cell Junctions,Approved
CFAP20DC,Q6ZVT6,1,Golgi apparatus,,Approved
CFAP221,Q4G0U5,1,,,
CFAP251,Q8TBY9,1,"Plasma membrane, Cytosol",,Approved
CFAP298,P57076,1,Cytosol,Microtubules,Approved
CFAP298-TCP10L,,0,Cytosol,Microtubules,Approved
CFAP299,Q6V702,1,"Plasma membrane, Cytosol",,Approved
CFAP300,Q9BRQ4,1,Centrosome,,Approved
CFAP36,Q96G28,1,"Nucleoplasm, Nucleoli fibrillar center, Nuclear bodies",,Approved
CFAP410,O43822,1,Mitochondria,"Vesicles, Cytosol",Supported
CFAP43,Q8NDM7,1,,,
CFAP44,Q96MT7,1,,,
CFAP45,Q9UL16,1,Nucleoplasm,,Enhanced
CFAP46,Q8IYW2,1,,,
CFAP47,Q6ZTR5,1,,,
CFAP52,Q8N1V2,1,Centrosome,Microtubules,Approved
CFAP53,Q96M91,1,Midbody,,Approved
CFAP54,Q96N23,1,Microtubules,Cytosol,Approved
CFAP57,Q96MR6,1,Cytosol,,Approved
CFAP58,Q5T655,1,Vesicles,"Plasma membrane, Cytosol",Approved
CFAP61,Q8NHU2,1,,,
CFAP65,Q6ZU64,1,"Plasma membrane, Cytosol",,Approved
CFAP69,A5D8W1,1,,,
CFAP70,Q5T0N1,1,,,
CFAP73,A6NFT4,1,Nucleoli fibrillar center,"Nucleoplasm, Vesicles",Approved
CFAP74,Q9C0B2,1,,,
CFAP77,Q6ZQR2,1,Cytosol,,Approved
CFAP91,Q7Z4T9,1,,,
CFAP92,Q9ULG3,1,,,
CFAP94,Q6TDU7,1,Cytosol,Vesicles,Approved
CFAP97,Q9P2B7,1,Nucleoli fibrillar center,,Approved
CFAP97D1,B2RV13,1,Plasma membrane,,Uncertain
CFAP97D2,A0A1B0GU71,1,,,
CFAP99,,0,"Microtubules, Cytokinetic bridge, Mitotic spindle",,Approved
CFB,P00751,1,"Endoplasmic reticulum, Vesicles",Cell Junctions,Approved
CFC1,P0CG37,1,,,
CFC1B,P0CG36,1,,,
CFD,P00746,1,,,
CFDP1,Q9UEE9,1,Nucleoplasm,Vesicles,Approved
CFH,P08603,1,Vesicles,,Approved
CFHR1,Q03591,1,Vesicles,,Approved
CFHR2,P36980,1,,,
CFHR3,Q02985,1,,,
CFHR4,Q92496,1,,,
CFHR5,Q9BXR6,1,,,
CFI,P05156,1,,,
CFL1,P23528,1,Plasma membrane,,Supported
CFL2,Q9Y281,1,Plasma membrane,"Nucleoplasm, Cytosol",Approved
CFLAR,O15519,1,"Nucleoplasm, Plasma membrane, Cytosol",Nuclear bodies,Supported
CFP,P27918,1,Vesicles,,Approved
CFTR,P13569,1,,,
CGA,P01215,1,,,
CGAS,Q8N884,1,Nucleoplasm,"Nuclear bodies, Cytosol",Supported
CGB1,A6NKQ9,1,,,
CGB2,Q6NT52,1,,,
CGB3,P0DN86,1,,,
CGB5,P0DN86,1,,,
CGB7,P0DN87,1,,,
CGB8,P0DN86,1,,,
CGGBP1,Q9UFW8,1,Nucleoplasm,,Enhanced
CGN,Q9P2M7,1,"Plasma membrane, Cell Junctions",,Supported
CGNL1,Q0VF96,1,Cell Junctions,Nuclear bodies,Supported
CGREF1,Q99674,1,Golgi apparatus,,Approved
CGRRF1,Q99675,1,Nucleoplasm,Vesicles,Supported
CH25H,O95992,1,,,
CHAC1,Q9BUX1,1,Mitochondria,,Approved
CHAC2,Q8WUX2,1,Cytosol,,Approved
CHAD,O15335,1,,,
CHADL,Q6NUI6,1,,,
CHAF1A,Q13111,1,Nucleoplasm,Cytosol,Supported
CHAF1B,Q13112,1,Nucleoplasm,,Supported
CHAMP1,Q96JM3,1,Nucleoplasm,Nuclear bodies,Enhanced
CHAT,P28329,1,,,
CHCHD1,Q96BP2,1,"Nucleoplasm, Mitochondria","Nucleoli fibrillar center, Cytosol",Supported
CHCHD10,Q8WYQ3,1,Mitochondria,,Supported
CHCHD2,Q9Y6H1,1,Mitochondria,,Supported
CHCHD3,Q9NX63,1,Mitochondria,,Supported
CHCHD4,Q8N4Q1,1,Mitochondria,,Supported
CHCHD5,Q9BSY4,1,Mitochondria,,Approved
CHCHD6,Q9BRQ6,1,Mitochondria,,Supported
CHCHD7,Q9BUK0,1,Cell Junctions,Aggresome,Approved
CHD1,O14646,1,"Nucleoplasm, Nucleoli fibrillar center",,Approved
CHD1L,Q86WJ1,1,Nucleoplasm,,Supported
CHD2,O14647,1,Nucleoplasm,,Enhanced
CHD3,Q12873,1,"Nucleoplasm, Nucleoli",Centriolar satellite,Supported
CHD4,Q14839,1,Nucleoplasm,,Enhanced
CHD5,Q8TDI0,1,"Nucleoplasm, Nuclear speckles",Cytosol,Supported
CHD6,Q8TD26,1,Nucleoplasm,,Supported
CHD7,Q9P2D1,1,Nucleoplasm,Nucleoli,Supported
CHD8,Q9HCK8,1,Nucleoplasm,,Enhanced
CHD9,Q3L8U1,1,Nucleoplasm,Cytosol,Supported
CHDH,Q8NE62,1,,,
CHEK1,O14757,1,Nucleoplasm,Vesicles,Supported
CHEK2,O96017,1,Nucleoplasm,Golgi apparatus,Supported
CHERP,Q8IWX8,1,,,
CHFR,Q96EP1,1,"Nuclear bodies, Microtubules",,Uncertain
CHGA,P10645,1,Vesicles,,Supported
CHGB,P05060,1,Vesicles,,Enhanced
CHI3L1,P36222,1,Golgi apparatus,Vesicles,Approved
CHI3L2,Q15782,1,,,
CHIA,Q9BZP6,1,,,
CHIC1,Q5VXU3,1,"Nuclear speckles, Vesicles",Cytosol,Approved
CHIC2,Q9UKJ5,1,"Vesicles, Plasma membrane",,Enhanced
CHID1,Q9BWS9,1,"Nucleoplasm, Intermediate filaments",,Uncertain
CHIT1,Q13231,1,,,
CHKA,P35790,1,Endoplasmic reticulum,,Approved
CHKB,Q9Y259,1,Cytosol,,Approved
CHL1,O00533,1,,,
CHM,P24386,1,Nucleoplasm,Cytosol,Approved
CHML,P26374,1,"Nucleoplasm, Cytosol",,Supported
CHMP1A,Q9HD42,1,"Nucleoplasm, Centrosome, Cytosol",,Supported
CHMP1B,Q7LBR1,1,"Nucleoplasm, Midbody",,Approved
CHMP2A,O43633,1,Cytosol,"Nucleoplasm, Plasma membrane",Approved
CHMP2B,Q9UQN3,1,Cytosol,,Approved
CHMP3,Q9Y3E7,1,,,
CHMP4A,Q9BY43,1,,,
CHMP4B,Q9H444,1,,,
CHMP4C,Q96CF2,1,"Microtubules, Cytokinetic bridge",,Approved
CHMP5,Q9NZZ3,1,"Microtubules, Cytosol",Midbody,Supported
CHMP6,Q96FZ7,1,,,
CHMP7,Q8WUX9,1,Nucleoplasm,Cytosol,Supported
CHN1,P15882,1,Cytosol,,Approved
CHN2,P52757,1,Nucleoplasm,Nuclear bodies,Approved
CHODL,Q9H9P2,1,Cytosol,Centrosome,Approved
CHORDC1,Q9UHD1,1,Cytosol,,Approved
CHP1,Q99653,1,Vesicles,,Approved
CHP2,O43745,1,Nucleoplasm,"Nucleoli, Cytosol",Supported
CHPF,Q8IZ52,1,Cytosol,"Vesicles, Centrosome",Supported
CHPF2,Q9P2E5,1,"Nucleoplasm, Cytosol",,Approved
CHPT1,Q8WUD6,1,Vesicles,,Supported
CHRAC1,Q9NRG0,1,Nucleoplasm,,Approved
CHRD,Q9H2X0,1,,,
CHRDL1,Q9BU40,1,,,
CHRDL2,Q6WN34,1,Vesicles,,Approved
CHRFAM7A,Q494W8,1,,,
CHRM1,P11229,1,,,
CHRM2,P08172,1,,,
CHRM3,P20309,1,Plasma membrane,,Supported
CHRM4,P08173,1,Golgi apparatus,Nucleoplasm,Uncertain
CHRM5,P08912,1,,,
CHRNA1,P02708,1,Plasma membrane,,Supported
CHRNA10,Q9GZZ6,1,,,
CHRNA2,Q15822,1,Plasma membrane,"Nucleoplasm, Cytokinetic bridge",Supported
CHRNA3,P32297,1,Plasma membrane,Nuclear speckles,Supported
CHRNA4,P43681,1,,,
CHRNA5,P30532,1,Focal adhesion sites,Plasma membrane,Approved
CHRNA6,Q15825,1,,,
CHRNA7,P36544,1,,,
CHRNA9,Q9UGM1,1,,,
CHRNB1,P11230,1,,,
CHRNB2,P17787,1,,,
CHRNB3,Q05901,1,,,
CHRNB4,P30926,1,Endoplasmic reticulum,Cell Junctions,Approved
CHRND,Q07001,1,Plasma membrane,"Nucleoplasm, Cytosol",Supported
CHRNE,Q04844,1,,,
CHRNG,P07510,1,,,
CHST1,O43916,1,,,
CHST10,O43529,1,Cytosol,,Approved
CHST11,Q9NPF2,1,Golgi apparatus,,Approved
CHST12,Q9NRB3,1,Golgi apparatus,,Approved
CHST13,Q8NET6,1,Golgi apparatus,,Approved
CHST14,Q8NCH0,1,Golgi apparatus,,Approved
CHST15,Q7LFX5,1,Cytosol,Centrosome,Approved
CHST2,Q9Y4C5,1,Golgi apparatus,"Nucleoplasm, Cytosol",Supported
CHST3,Q7LGC8,1,"Golgi apparatus, Cytosol",,Approved
CHST4,Q8NCG5,1,,,
CHST5,Q9GZS9,1,,,
CHST6,Q9GZX3,1,,,
CHST7,Q9NS84,1,"Nucleoplasm, Vesicles",,Approved
CHST8,Q9H2A9,1,,,
CHST9,Q7L1S5,1,,,
CHSY1,Q86X52,1,,,
CHSY3,Q70JA7,1,,,
CHTF18,Q8WVB6,1,Nucleoplasm,Cytosol,Supported
CHTF8,P0CG13,1,,,
CHTOP,Q9Y3Y2,1,Nuclear speckles,,Supported
CHUK,O15111,1,Nucleoplasm,Cytosol,Supported
CHURC1,Q8WUH1,1,Cytosol,,Approved
CHURC1-FNTB,,0,,,
CIAO1,O76071,1,Nucleoplasm,Cytosol,Approved
CIAO2A,Q9H5X1,1,"Nucleoplasm, Cytosol",,Enhanced
CIAO2B,Q9Y3D0,1,"Nucleoplasm, Cytosol",,Supported
CIAO3,Q9H6Q4,1,Cytosol,Plasma membrane,Approved
CIAPIN1,Q6FI81,1,Mitochondria,Nucleoplasm,Supported
CIART,Q8N365,1,Nucleoplasm,,Approved
CIB1,Q99828,1,"Nucleoplasm, Plasma membrane",,Supported
CIB2,O75838,1,,,
CIB3,Q96Q77,1,"Plasma membrane, Cytosol",,Approved
CIB4,A0PJX0,1,,,
CIBAR1,A1XBS5,1,Mitochondria,,Supported
CIBAR2,Q6ZTR7,1,,,
CIC,Q96RK0,1,Nucleoplasm,Vesicles,Supported
CIDEA,O60543,1,,,
CIDEB,Q9UHD4,1,"Golgi apparatus, Vesicles",,Approved
CIDEC,Q96AQ7,1,,,
CIITA,P33076,1,Nucleoplasm,,Supported
CILK1,Q9UPZ9,1,Nucleoli fibrillar center,,Supported
CILP,O75339,1,,,
CILP2,Q8IUL8,1,,,
CINP,Q9BW66,1,,,
CIP2A,Q8TCG1,1,Cytosol,Plasma membrane,Supported
CIPC,Q9C0C6,1,"Nucleoplasm, Cytosol",Nucleoli,Supported
CIR1,Q86X95,1,Nuclear speckles,,Supported
CIRBP,Q14011,1,Nucleoplasm,,Supported
CISD1,Q9NZ45,1,Mitochondria,,Supported
CISD2,Q8N5K1,1,Endoplasmic reticulum,,Supported
CISD3,P0C7P0,1,,,
CISH,Q9NSE2,1,Microtubules,Cytokinetic bridge,Approved
CIT,O14578,1,Cytosol,,Approved
CITED1,Q99966,1,Nucleoplasm,Cytosol,Supported
CITED2,Q99967,1,Nucleoplasm,"Vesicles, Cytosol",Supported
CITED4,Q96RK1,1,Vesicles,,Approved
CIZ1,Q9ULV3,1,Nucleoplasm,,Enhanced
CKAP2,Q8WWK9,1,Microtubules,"Mitotic spindle, Centrosome",Supported
CKAP2L,Q8IYA6,1,"Microtubules, Mitotic spindle",Cytosol,Supported
CKAP4,Q07065,1,,,
CKAP5,Q14008,1,"Plasma membrane, Centrosome","Nucleoli, Nucleoli rim",Approved
CKB,P12277,1,Cytosol,,Supported
CKLF,Q9UBR5,1,Vesicles,,Approved
CKLF-CMTM1,,0,,,
CKM,P06732,1,,,
CKMT1A,P12532,1,,,
CKMT1B,P12532,1,,,
CKMT2,P17540,1,,,
CKS1B,P61024,1,"Mitochondria, Cytosol","Nucleoplasm, Vesicles",Approved
CKS2,P33552,1,"Mitochondria, Cytosol","Nucleoplasm, Vesicles",Approved
CLASP1,Q7Z460,1,,,
CLASP2,O75122,1,Golgi apparatus,Cytosol,Supported
CLASRP,Q8N2M8,1,Nucleoplasm,,Supported
CLBA1,Q96F83,1,"Nucleoplasm, Cytosol",Nuclear bodies,Approved
CLC,Q05315,1,,,
CLCA1,A8K7I4,1,,,
CLCA2,Q9UQC9,1,"Plasma membrane, Cell Junctions",Nucleoplasm,Supported
CLCA4,Q14CN2,1,Plasma membrane,"Nucleoplasm, Aggresome",Approved
CLCC1,Q96S66,1,Endoplasmic reticulum,,Supported
CLCF1,Q9UBD9,1,"Nuclear bodies, Vesicles",,Approved
CLCN1,P35523,1,,,
CLCN2,P51788,1,Cytosol,,Approved
CLCN3,P51790,1,Vesicles,,Supported
CLCN4,P51793,1,Vesicles,,Supported
CLCN5,P51795,1,"Golgi apparatus, Plasma membrane",Cytosol,Supported
CLCN6,P51797,1,"Plasma membrane, Cytosol",,Approved
CLCN7,P51798,1,,,
CLCNKA,P51800,1,,,
CLCNKB,P51801,1,,,
CLDN1,O95832,1,,,
CLDN10,P78369,1,,,
CLDN11,O75508,1,Cell Junctions,Lipid droplets,Supported
CLDN12,P56749,1,,,
CLDN14,O95500,1,Vesicles,,Uncertain
CLDN15,P56746,1,,,
CLDN16,Q9Y5I7,1,,,
CLDN17,P56750,1,,,
CLDN18,P56856,1,Cell Junctions,,Approved
CLDN19,Q8N6F1,1,Plasma membrane,,Supported
CLDN2,P57739,1,"Nucleoplasm, Cell Junctions",,Supported
CLDN20,P56880,1,,,
CLDN22,Q8N7P3,1,,,
CLDN23,Q96B33,1,Vesicles,"Plasma membrane, Cell Junctions",Approved
CLDN24,A6NM45,1,,,
CLDN25,C9JDP6,1,,,
CLDN3,O15551,1,Cell Junctions,,Supported
CLDN34,H7C241,1,,,
CLDN4,O14493,1,Plasma membrane,,Supported
CLDN5,O00501,1,,,
CLDN6,P56747,1,,,
CLDN7,O95471,1,Vesicles,Cell Junctions,Approved
CLDN8,P56748,1,,,
CLDN9,O95484,1,Cell Junctions,Vesicles,Supported
CLDND1,Q9NY35,1,Nucleoplasm,"Nucleoli, Cytosol",Approved
CLDND2,Q8NHS1,1,Nucleoplasm,,Approved
CLEC10A,Q8IUN9,1,,,
CLEC11A,Q9Y240,1,Centrosome,,Approved
CLEC12A,Q5QGZ9,1,,,
CLEC12B,Q2HXU8,1,,,
CLEC14A,Q86T13,1,"Endoplasmic reticulum, Golgi apparatus",,Supported
CLEC16A,Q2KHT3,1,"Nucleoplasm, Vesicles",,Approved
CLEC17A,Q6ZS10,1,,,
CLEC18A,A5D8T8,1,,,
CLEC18B,Q6UXF7,1,,,
CLEC18C,Q8NCF0,1,,,
CLEC19A,Q6UXS0,1,,,
CLEC1A,Q8NC01,1,,,
CLEC1B,Q9P126,1,,,
CLEC20A,Q6ZU45,1,,,
CLEC2A,Q6UVW9,1,Plasma membrane,,Uncertain
CLEC2B,Q92478,1,,,
CLEC2D,Q9UHP7,1,Golgi apparatus,,Uncertain
CLEC2L,P0C7M8,1,,,
CLEC3A,O75596,1,,,
CLEC3B,P05452,1,,,
CLEC4A,Q9UMR7,1,,,
CLEC4C,Q8WTT0,1,,,
CLEC4D,Q8WXI8,1,,,
CLEC4E,Q9ULY5,1,,,
CLEC4F,Q8N1N0,1,Plasma membrane,Cytosol,Approved
CLEC4G,Q6UXB4,1,,,
CLEC4M,Q9H2X3,1,,,
CLEC5A,Q9NY25,1,"Plasma membrane, Cytosol",,Supported
CLEC6A,Q6EIG7,1,,,
CLEC7A,Q9BXN2,1,,,
CLEC9A,Q6UXN8,1,,,
CLECL1,Q8IZS7,1,"Plasma membrane, Centriolar satellite",,Supported
CLGN,O14967,1,Endoplasmic reticulum,,Supported
CLHC1,Q8NHS4,1,"Nucleoli fibrillar center, Centrosome",,Approved
CLIC1,O00299,1,Cytosol,,Supported
CLIC2,O15247,1,"Plasma membrane, Cytosol",Nucleoplasm,Supported
CLIC3,O95833,1,Nuclear bodies,,Supported
CLIC4,Q9Y696,1,"Plasma membrane, Centrosome",,Supported
CLIC5,Q9NZA1,1,Plasma membrane,Nuclear speckles,Supported
CLIC6,Q96NY7,1,,,
CLINT1,Q14677,1,Vesicles,Nucleoplasm,Supported
CLIP1,P30622,1,"Microtubule ends, Cytosol",,Supported
CLIP2,Q9UDT6,1,,,
CLIP3,Q96DZ5,1,,,
CLIP4,Q8N3C7,1,Vesicles,,Approved
CLK1,P49759,1,"Nucleoplasm, Nuclear membrane",,Supported
CLK2,P49760,1,Nucleoplasm,Nuclear bodies,Enhanced
CLK3,P49761,1,Nucleoplasm,Intermediate filaments,Supported
CLK4,Q9HAZ1,1,Actin filaments,,Approved
CLMN,Q96JQ2,1,Nuclear bodies,Cytosol,Approved
CLMP,Q9H6B4,1,,,
CLN3,Q13286,1,,,
CLN5,O75503,1,,,
CLN6,Q9NWW5,1,Endoplasmic reticulum,"Nucleoli, Vesicles",Approved
CLN8,Q9UBY8,1,,,
CLNK,Q7Z7G1,1,Vesicles,,Uncertain
CLNS1A,P54105,1,Cytosol,"Nucleoplasm, Microtubules",Supported
CLOCK,O15516,1,Nucleoplasm,Vesicles,Supported
CLP1,Q92989,1,Nucleoplasm,Cytosol,Supported
CLPB,Q9H078,1,,,
CLPP,Q16740,1,Mitochondria,,Supported
CLPS,P04118,1,,,
CLPSL1,A2RUU4,1,,,
CLPSL2,Q6UWE3,1,Vesicles,,Approved
CLPTM1,O96005,1,Endoplasmic reticulum,,Approved
CLPTM1L,Q96KA5,1,Endoplasmic reticulum,,Approved
CLPX,O76031,1,Mitochondria,"Nucleoplasm, Cytosol",Supported
CLRN1,P58418,1,,,
CLRN2,A0PK11,1,,,
CLRN3,Q8NCR9,1,,,
CLSPN,Q9HAW4,1,"Nucleoplasm, Golgi apparatus",,Enhanced
CLSTN1,O94985,1,,,
CLSTN2,Q9H4D0,1,Vesicles,Cytokinetic bridge,Uncertain
CLSTN3,Q9BQT9,1,,,
CLTA,P09496,1,"Vesicles, Endosomes, Lysosomes",,Supported
CLTB,P09497,1,Vesicles,"Plasma membrane, Cytosol",Supported
CLTC,Q00610,1,"Endosomes, Lysosomes","Mitotic spindle, Cytosol",Supported
CLTCL1,P53675,1,Vesicles,,Approved
CLTRN,Q9HBJ8,1,"Endoplasmic reticulum, Vesicles",,Approved
CLU,P10909,1,Cytosol,,Supported
CLUAP1,Q96AJ1,1,Nucleoplasm,Vesicles,Supported
CLUH,O75153,1,Vesicles,Nucleoli fibrillar center,Approved
CLUL1,Q15846,1,Endoplasmic reticulum,Plasma membrane,Approved
CLVS1,Q8IUQ0,1,,,
CLVS2,Q5SYC1,1,,,
CLYBL,Q8N0X4,1,,,
CMA1,P23946,1,Cytoplasmic bodies,Cytosol,Supported
CMAS,Q8NFW8,1,Cytosol,Nucleoli,Uncertain
CMBL,Q96DG6,1,,,
CMC1,Q7Z7K0,1,,,
CMC2,Q9NRP2,1,Mitochondria,,Supported
CMC4,P56277,1,Mitochondria,,Supported
CMIP,Q8IY22,1,"Nucleoplasm, Cytosol",,Supported
CMKLR1,Q99788,1,,,
CMPK1,P30085,1,Nucleoplasm,,Supported
CMPK2,Q5EBM0,1,Mitochondria,Nucleoplasm,Supported
CMSS1,Q9BQ75,1,Nucleoli,"Nucleoplasm, Nuclear membrane, Mitochondria",Approved
CMTM1,Q8IZ96,1,Nucleoplasm,,Approved
CMTM2,Q8TAZ6,1,,,
CMTM3,Q96MX0,1,Nucleoplasm,,Approved
CMTM4,Q8IZR5,1,"Golgi apparatus, Vesicles, Plasma membrane",,Approved
CMTM5,Q96DZ9,1,"Golgi apparatus, Vesicles",,Approved
CMTM6,Q9NX76,1,Vesicles,,Approved
CMTM7,Q96FZ5,1,Plasma membrane,,Approved
CMTM8,Q8IZV2,1,Nucleoplasm,,Approved
CMTR1,Q8N1G2,1,Nucleoplasm,Vesicles,Enhanced
CMTR2,Q8IYT2,1,Cell Junctions,Nuclear speckles,Approved
CMYA5,Q8N3K9,1,"Nuclear speckles, Cytosol","Vesicles, Plasma membrane",Approved
CNBD1,Q8NA66,1,,,
CNBD2,Q96M20,1,,,
CNBP,P62633,1,Nucleoplasm,Cytosol,Approved
CNDP1,Q96KN2,1,,,
CNDP2,Q96KP4,1,"Nucleoplasm, Cytosol",,Enhanced
CNEP1R1,Q8N9A8,1,Cytosol,,Supported
CNFN,Q9BYD5,1,Microtubules,Cytokinetic bridge,Approved
CNGA1,P29973,1,"Nucleoplasm, Vesicles",Plasma membrane,Uncertain
CNGA2,Q16280,1,,,
CNGA3,Q16281,1,,,
CNGA4,Q8IV77,1,"Nucleoplasm, Plasma membrane",,Approved
CNGB1,Q14028,1,Cytosol,Plasma membrane,Approved
CNGB3,Q9NQW8,1,,,
CNIH1,O95406,1,Vesicles,,Uncertain
CNIH2,Q6PI25,1,,,
CNIH3,Q8TBE1,1,,,
CNIH4,Q9P003,1,,,
CNKSR1,Q969H4,1,Cytosol,,Approved
CNKSR2,Q8WXI2,1,"Golgi apparatus, Plasma membrane",,Approved
CNKSR3,Q6P9H4,1,Cytosol,Mitochondria,Supported
CNMD,O75829,1,,,
CNN1,P51911,1,Actin filaments,,Approved
CNN2,Q99439,1,Cytosol,"Nucleoplasm, Actin filaments",Approved
CNN3,Q15417,1,Actin filaments,Cytosol,Enhanced
CNNM1,Q9NRU3,1,"Plasma membrane, Cytosol",,Approved
CNNM2,Q9H8M5,1,Vesicles,,Enhanced
CNNM3,Q8NE01,1,Cytosol,,Approved
CNNM4,Q6P4Q7,1,Actin filaments,Plasma membrane,Uncertain
CNOT1,A5YKK6,1,Cytosol,,Uncertain
CNOT10,Q9H9A5,1,"Nucleoplasm, Centrosome",Cytosol,Approved
CNOT11,Q9UKZ1,1,Nucleoplasm,,Approved
CNOT2,Q9NZN8,1,Nucleoplasm,Cytosol,Approved
CNOT3,O75175,1,Cytosol,,Approved
CNOT4,O95628,1,,,
CNOT6,Q9ULM6,1,Cytosol,,Approved
CNOT6L,Q96LI5,1,Cytosol,,Supported
CNOT7,Q9UIV1,1,Nuclear bodies,,Supported
CNOT8,Q9UFF9,1,,,
CNOT9,Q92600,1,Cytoplasmic bodies,,Approved
CNP,P09543,1,Plasma membrane,,Supported
CNPPD1,Q9BV87,1,,,
CNPY1,Q3B7I2,1,,,
CNPY2,Q9Y2B0,1,Cytosol,,Supported
CNPY3,Q9BT09,1,,,
CNPY4,Q8N129,1,Vesicles,,Approved
CNR1,P21554,1,Plasma membrane,Actin filaments,Supported
CNR2,P34972,1,,,
CNRIP1,Q96F85,1,Cytosol,,Approved
CNST,Q6PJW8,1,Vesicles,,Supported
CNTD1,Q8N815,1,Nucleoplasm,Vesicles,Approved
CNTF,P26441,1,Vesicles,,Approved
CNTFR,P26992,1,,,
CNTLN,Q9NXG0,1,Centrosome,"Nucleoplasm, Cytosol",Approved
CNTN1,Q12860,1,,,
CNTN2,Q02246,1,,,
CNTN3,Q9P232,1,,,
CNTN4,Q8IWV2,1,,,
CNTN5,O94779,1,,,
CNTN6,Q9UQ52,1,,,
CNTNAP1,P78357,1,Nucleoplasm,,Approved
CNTNAP2,Q9UHC6,1,,,
CNTNAP3,Q9BZ76,1,,,
CNTNAP3B,Q96NU0,1,,,
CNTNAP3C,,0,,,
CNTNAP4,Q9C0A0,1,,,
CNTNAP5,Q8WYK1,1,Nucleoli fibrillar center,"Nucleoplasm, Vesicles",Supported
CNTRL,Q7Z7A1,1,Centrosome,"Centriolar satellite, Cytosol",Supported
CNTROB,Q8N137,1,"Centrosome, Cytosol",,Approved
COA1,Q9GZY4,1,Mitochondria,,Supported
COA3,Q9Y2R0,1,Mitochondria,,Enhanced
COA4,Q9NYJ1,1,"Nucleoplasm, Nucleoli fibrillar center",Mitochondria,Approved
COA5,Q86WW8,1,Mitochondria,,Supported
COA6,Q5JTJ3,1,Mitochondria,Nucleoplasm,Supported
COA7,Q96BR5,1,"Nucleoplasm, Mitochondria",,Approved
COA8,Q96IL0,1,,,
COASY,Q13057,1,,,
COBL,O75128,1,"Plasma membrane, Cell Junctions",,Approved
COBLL1,Q53SF7,1,Cell Junctions,,Approved
COCH,O43405,1,Vesicles,,Supported
COG1,Q8WTW3,1,,,
COG2,Q14746,1,Golgi apparatus,,Approved
COG3,Q96JB2,1,"Golgi apparatus, Plasma membrane","Nucleoplasm, Cytosol",Supported
COG4,,0,Golgi apparatus,Vesicles,Approved
COG5,Q9UP83,1,Golgi apparatus,Nucleoplasm,Enhanced
COG6,Q9Y2V7,1,"Nuclear speckles, Golgi apparatus",,Approved
COG7,P83436,1,Golgi apparatus,,Supported
COG8,Q96MW5,1,Golgi apparatus,,Supported
COIL,P38432,1,"Nucleoplasm, Nuclear bodies","Nucleoli, Nucleoli fibrillar center",Supported
COL10A1,Q03692,1,Endoplasmic reticulum,,Approved
COL11A1,P12107,1,Endoplasmic reticulum,,Supported
COL11A2,P13942,1,,,
COL12A1,Q99715,1,Vesicles,Cytosol,Approved
COL13A1,Q5TAT6,1,,,
COL14A1,Q05707,1,Vesicles,,Approved
COL15A1,P39059,1,Endoplasmic reticulum,,Approved
COL16A1,Q07092,1,Golgi apparatus,Cytosol,Approved
COL17A1,Q9UMD9,1,Plasma membrane,Golgi apparatus,Supported
COL18A1,P39060,1,Golgi apparatus,,Approved
COL19A1,Q14993,1,,,
COL1A1,P02452,1,Endoplasmic reticulum,Vesicles,Approved
COL1A2,P08123,1,Endoplasmic reticulum,,Supported
COL20A1,Q9P218,1,Endoplasmic reticulum,,Uncertain
COL21A1,Q96P44,1,Cytosol,,Supported
COL22A1,Q8NFW1,1,Vesicles,Endoplasmic reticulum,Supported
COL23A1,Q86Y22,1,,,
COL24A1,Q17RW2,1,,,
COL25A1,Q9BXS0,1,"Vesicles, Cytosol",Endoplasmic reticulum,Approved
COL26A1,Q96A83,1,Vesicles,,Approved
COL27A1,Q8IZC6,1,,,
COL28A1,Q2UY09,1,"Nucleoplasm, Cytosol",,Approved
COL2A1,P02458,1,Nucleoplasm,,Approved
COL3A1,P02461,1,Endoplasmic reticulum,,Approved
COL4A1,P02462,1,,,
COL4A2,P08572,1,Vesicles,,Supported
COL4A3,Q01955,1,Vesicles,Endoplasmic reticulum,Approved
COL4A4,P53420,1,,,
COL4A5,P29400,1,Plasma membrane,Vesicles,Approved
COL4A6,Q14031,1,Endoplasmic reticulum,,Approved
COL5A1,P20908,1,Vesicles,,Approved
COL5A2,P05997,1,,,
COL5A3,P25940,1,Plasma membrane,,Approved
COL6A1,P12109,1,Cytosol,,Approved
COL6A2,P12110,1,Cytosol,Plasma membrane,Approved
COL6A3,P12111,1,Endoplasmic reticulum,Vesicles,Approved
COL6A5,,0,,,
COL6A6,A6NMZ7,1,,,
COL7A1,Q02388,1,Endoplasmic reticulum,Vesicles,Approved
COL8A1,P27658,1,Vesicles,,Approved
COL8A2,P25067,1,Golgi apparatus,,Uncertain
COL9A1,P20849,1,,,
COL9A2,Q14055,1,Vesicles,,Approved
COL9A3,Q14050,1,Nucleoplasm,Intermediate filaments,Approved
COLCA2,A8K830,1,,,
COLEC10,Q9Y6Z7,1,,,
COLEC11,Q9BWP8,1,,,
COLEC12,Q5KU26,1,"Golgi apparatus, Vesicles",Cell Junctions,Approved
COLGALT1,Q8NBJ5,1,Vesicles,,Approved
COLGALT2,Q8IYK4,1,Nucleoplasm,Vesicles,Approved
COLQ,Q9Y215,1,Plasma membrane,Cell Junctions,Approved
COMMD1,Q8N668,1,Nucleoplasm,Cytosol,Supported
COMMD10,Q9Y6G5,1,Nucleoplasm,,Supported
COMMD2,Q86X83,1,Vesicles,,Uncertain
COMMD3,Q9UBI1,1,,,
COMMD3-BMI1,,0,Nuclear bodies,"Nucleoplasm, Nucleoli, Cytosol",Approved
COMMD4,Q9H0A8,1,Cytosol,"Vesicles, Plasma membrane",Supported
COMMD5,Q9GZQ3,1,"Nucleoplasm, Cytosol",,Supported
COMMD6,Q7Z4G1,1,,,
COMMD7,Q86VX2,1,Vesicles,,Approved
COMMD8,Q9NX08,1,"Nucleoplasm, Cytosol",,Supported
COMMD9,Q9P000,1,Nucleoplasm,"Golgi apparatus, Cytosol",Supported
COMP,P49747,1,Golgi apparatus,,Approved
COMT,P21964,1,Vesicles,Endoplasmic reticulum,Enhanced
COMTD1,Q86VU5,1,Golgi apparatus,"Plasma membrane, Cytosol",Approved
COP1,Q8NHY2,1,,,
COPA,P53621,1,"Nucleoplasm, Cytosol",Golgi apparatus,Approved
COPB1,P53618,1,"Golgi apparatus, Vesicles, Cytosol",,Enhanced
COPB2,P35606,1,Endoplasmic reticulum,Golgi apparatus,Approved
COPE,O14579,1,Golgi apparatus,,Enhanced
COPG1,Q9Y678,1,Golgi apparatus,"Nucleoplasm, Cytosol",Supported
COPG2,Q9UBF2,1,,,
COPRS,Q9NQ92,1,Nucleoplasm,"Plasma membrane, Cytosol",Supported
COPS2,P61201,1,Vesicles,Cytokinetic bridge,Supported
COPS3,Q9UNS2,1,Nucleoplasm,Cytosol,Supported
COPS4,Q9BT78,1,Nuclear speckles,,Supported
COPS5,Q92905,1,Nucleoplasm,,Enhanced
COPS6,Q7L5N1,1,Nucleoplasm,,Supported
COPS7A,Q9UBW8,1,Nucleoplasm,Cytosol,Supported
COPS7B,Q9H9Q2,1,Nucleoplasm,,Supported
COPS8,Q99627,1,Nucleoplasm,Cytosol,Supported
COPS9,Q8WXC6,1,"Nucleoplasm, Cytosol",,Approved
COPZ1,P61923,1,,,
COPZ2,Q9P299,1,,,
COQ10A,Q96MF6,1,Cytosol,"Endoplasmic reticulum, Golgi apparatus",Approved
COQ10B,Q9H8M1,1,Cytosol,,Approved
COQ2,Q96H96,1,Cytosol,,Approved
COQ3,Q9NZJ6,1,Nucleoplasm,Mitochondria,Approved
COQ4,Q9Y3A0,1,Mitochondria,,Supported
COQ5,Q5HYK3,1,Nucleoli,Mitochondria,Uncertain
COQ6,Q9Y2Z9,1,,,
COQ7,Q99807,1,Plasma membrane,Nucleoplasm,Approved
COQ8A,Q8NI60,1,Mitochondria,,Supported
COQ8B,Q96D53,1,Mitochondria,,Enhanced
COQ9,O75208,1,"Mitochondria, Cytosol",,Approved
CORIN,Q9Y5Q5,1,Plasma membrane,"Nuclear bodies, Actin filaments",Approved
CORO1A,P31146,1,Cytosol,,Approved
CORO1B,Q9BR76,1,"Plasma membrane, Cytosol",,Supported
CORO1C,Q9ULV4,1,,,
CORO2A,Q92828,1,"Plasma membrane, Cytosol",,Approved
CORO2B,Q9UQ03,1,"Plasma membrane, Focal adhesion sites",,Approved
CORO6,Q6QEF8,1,Golgi apparatus,,Approved
CORO7,P57737,1,,,
CORO7-PAM16,,0,"Nucleoplasm, Mitochondria",Microtubules,Approved
CORT,O00230,1,,,
COTL1,Q14019,1,Cytosol,,Supported
COX10,Q12887,1,Mitochondria,"Nucleoli, Cytosol",Supported
COX11,Q9Y6N1,1,,,
COX14,Q96I36,1,Mitochondria,,Supported
COX15,Q7KZN9,1,Mitochondria,Nucleoplasm,Supported
COX16,Q9P0S2,1,Mitochondria,,Supported
COX17,Q14061,1,Mitochondria,,Supported
COX18,Q8N8Q8,1,,,
COX19,Q49B96,1,Cytosol,,Supported
COX20,Q5RI15,1,Mitochondria,,Enhanced
COX4I1,P13073,1,Mitochondria,,Supported
COX4I2,Q96KJ9,1,,,
COX5A,P20674,1,,,
COX5B,P10606,1,Mitochondria,,Enhanced
COX6A1,P12074,1,Mitochondria,,Supported
COX6A2,Q02221,1,,,
COX6B1,P14854,1,Mitochondria,,Supported
COX6B2,Q6YFQ2,1,"Nucleoplasm, Plasma membrane, Cytosol",,Approved
COX6C,P09669,1,Mitochondria,,Enhanced
COX7A1,P24310,1,,,
COX7A2,,0,,,
COX7A2L,O14548,1,Mitochondria,Nucleoli,Enhanced
COX7B,P24311,1,,,
COX7B2,Q8TF08,1,,,
COX7C,P15954,1,,,
COX8A,P10176,1,,,
COX8C,Q7Z4L0,1,,,
CP,P00450,1,,,
CPA1,P15085,1,,,
CPA2,P48052,1,Golgi apparatus,,Approved
CPA3,P15088,1,Golgi apparatus,Nucleoplasm,Approved
CPA4,Q9UI42,1,Nucleoplasm,"Centrosome, Cytosol",Approved
CPA5,Q8WXQ8,1,Nucleoplasm,,Approved
CPA6,Q8N4T0,1,,,
CPAMD8,Q8IZJ3,1,Focal adhesion sites,,Uncertain
CPB1,P15086,1,,,
CPB2,Q96IY4,1,,,
CPD,O75976,1,Cytosol,,Approved
CPE,P16870,1,"Vesicles, Centrosome",,Approved
CPEB1,Q9BZB8,1,"Nucleoplasm, Cytosol",,Supported
CPEB2,Q7Z5Q1,1,Cytosol,,Approved
CPEB3,Q8NE35,1,Cytosol,"Nucleoplasm, Plasma membrane, Midbody",Approved
CPEB4,Q17RY0,1,"Nucleoplasm, Golgi apparatus",Vesicles,Approved
CPED1,A4D0V7,1,Nucleoplasm,,Approved
CPHXL,A0A1W2PPM1,1,,,
CPLANE1,Q9H799,1,Cytosol,,Approved
CPLANE2,Q9BU20,1,Nucleoplasm,,Approved
CPLX1,O14810,1,Vesicles,,Uncertain
CPLX2,Q6PUV4,1,Vesicles,,Uncertain
CPLX3,Q8WVH0,1,,,
CPLX4,Q7Z7G2,1,,,
CPM,P14384,1,Vesicles,,Uncertain
CPN1,P15169,1,,,
CPN2,P22792,1,,,
CPNE1,Q99829,1,"Nucleoplasm, Nuclear membrane",,Supported
CPNE2,Q96FN4,1,"Nucleoplasm, Mitochondria, Cytosol",,Approved
CPNE3,O75131,1,"Nucleoplasm, Cytosol",,Supported
CPNE4,Q96A23,1,"Nucleoplasm, Cytosol",,Approved
CPNE5,Q9HCH3,1,Cytosol,,Approved
CPNE6,O95741,1,Golgi apparatus,Vesicles,Approved
CPNE7,Q9UBL6,1,,,
CPNE8,Q86YQ8,1,,,
CPNE9,Q8IYJ1,1,Cytosol,Plasma membrane,Approved
CPO,Q8IVL8,1,,,
CPOX,P36551,1,Mitochondria,,Supported
CPPED1,Q9BRF8,1,Cytosol,Plasma membrane,Supported
CPQ,Q9Y646,1,"Golgi apparatus, Vesicles",,Supported
CPS1,P31327,1,"Nucleoli, Nucleoli rim",,Supported
CPSF1,Q10570,1,Nucleoplasm,,Enhanced
CPSF2,Q9P2I0,1,Nucleoplasm,Vesicles,Approved
CPSF3,Q9UKF6,1,,,
CPSF4,O95639,1,Nucleoplasm,Vesicles,Supported
CPSF4L,A6NMK7,1,,,
CPSF6,Q16630,1,"Nucleoplasm, Nuclear speckles",,Enhanced
CPSF7,Q8N684,1,Nucleoplasm,Cytosol,Supported
CPT1A,P50416,1,Mitochondria,,Supported
CPT1B,Q92523,1,,,
CPT1C,Q8TCG5,1,Centrosome,,Approved
CPT2,P23786,1,"Nucleoplasm, Mitochondria",Nucleoli,Approved
CPTP,Q5TA50,1,Cytosol,,Approved
CPVL,Q9H3G5,1,Endoplasmic reticulum,,Approved
CPXCR1,Q8N123,1,,,
CPXM1,Q96SM3,1,,,
CPXM2,Q8N436,1,,,
CPZ,Q66K79,1,Plasma membrane,,Approved
CR1,P17927,1,,,
CR1L,Q2VPA4,1,,,
CR2,P20023,1,,,
CR589904.2,,0,,,
CRABP1,P29762,1,,,
CRABP2,P29373,1,"Nucleoplasm, Cytosol",,Supported
CRACD,Q6ZU35,1,Nucleoplasm,Golgi apparatus,Approved
CRACDL,Q6NV74,1,"Microtubules, Centrosome",Cytokinetic bridge,Approved
CRACR2A,Q9BSW2,1,,,
CRACR2B,Q8N4Y2,1,,,
CRADD,P78560,1,Cytosol,Nucleoplasm,Approved
CRAMP1,Q96RY5,1,Nucleoplasm,"Nucleoli, Cytosol",Approved
CRAT,P43155,1,"Golgi apparatus, Cytosol",,Approved
CRB1,P82279,1,Vesicles,,Uncertain
CRB2,Q5IJ48,1,,,
CRB3,Q9BUF7,1,Cell Junctions,,Supported
CRBN,Q96SW2,1,,,
CRCP,O75575,1,Nucleoplasm,Plasma membrane,Approved
CRCT1,Q9UGL9,1,,,
CREB1,P16220,1,Nucleoplasm,,Enhanced
CREB3,O43889,1,Cytosol,,Supported
CREB3L1,Q96BA8,1,Nucleoplasm,Cytosol,Approved
CREB3L2,Q70SY1,1,"Nucleoplasm, Endoplasmic reticulum",,Supported
CREB3L3,Q68CJ9,1,,,
CREB3L4,Q8TEY5,1,"Nucleoplasm, Nuclear membrane",Mitochondria,Approved
CREB5,Q02930,1,Nucleoplasm,"Vesicles, Plasma membrane",Approved
CREBBP,Q92793,1,Nucleoplasm,Nuclear bodies,Supported
CREBL2,O60519,1,Mitochondria,"Nucleoplasm, Cytosol",Approved
CREBRF,Q8IUR6,1,Nucleoplasm,,Supported
CREBZF,Q9NS37,1,"Nucleoplasm, Mitochondria",,Approved
CREG1,O75629,1,Microtubules,Vesicles,Approved
CREG2,Q8IUH2,1,,,
CRELD1,Q96HD1,1,Cytosol,Nucleoli,Approved
CRELD2,Q6UXH1,1,,,
CREM,Q03060,1,Nucleoplasm,Vesicles,Supported
CRH,P06850,1,,,
CRHBP,P24387,1,,,
CRHR1,P34998,1,,,
CRHR2,Q13324,1,Plasma membrane,,Supported
CRIM1,Q9NZV1,1,,,
CRIP1,P50238,1,"Nuclear speckles, Cytosol","Plasma membrane, Centrosome",Approved
CRIP2,P52943,1,Nucleoli,"Nucleoplasm, Plasma membrane",Approved
CRIP3,Q6Q6R5,1,Nuclear speckles,,Approved
CRIPT,Q9P021,1,"Nucleoplasm, Nucleoli fibrillar center",,Approved
CRISP1,P54107,1,,,
CRISP2,P16562,1,,,
CRISP3,P54108,1,,,
CRISPLD1,Q9H336,1,,,
CRISPLD2,Q9H0B8,1,Vesicles,,Approved
CRK,P46108,1,Plasma membrane,,Approved
CRKL,P46109,1,Nucleoplasm,Cytosol,Enhanced
CRLF1,O75462,1,,,
CRLF2,Q9HC73,1,Plasma membrane,,Approved
CRLF3,Q8IUI8,1,"Plasma membrane, Cytosol",,Approved
CRLS1,Q9UJA2,1,,,
CRMP1,Q14194,1,Centrosome,Cytosol,Supported
CRNKL1,Q9BZJ0,1,,,
CRNN,Q9UBG3,1,,,
CROCC,Q5TZA2,1,Centrosome,"Plasma membrane, Actin filaments, Cytosol",Supported
CROCC2,H7BZ55,1,,,
CROT,Q9UKG9,1,Vesicles,,Approved
CRP,P02741,1,"Nucleoplasm, Vesicles",Intermediate filaments,Approved
CRPPA,A4D126,1,Nucleoli fibrillar center,Nucleoplasm,Approved
CRTAC1,Q9NQ79,1,,,
CRTAM,O95727,1,,,
CRTAP,O75718,1,"Intermediate filaments, Actin filaments, Cytosol",,Approved
CRTC1,Q6UUV9,1,"Nucleoplasm, Nuclear bodies","Plasma membrane, Cytosol",Supported
CRTC2,Q53ET0,1,Nucleoplasm,,Enhanced
CRTC3,Q6UUV7,1,Nucleoplasm,Cytosol,Enhanced
CRX,O43186,1,,,
CRY1,Q16526,1,"Nucleoplasm, Nuclear membrane, Microtubules",,Supported
CRY2,Q49AN0,1,Nuclear speckles,Cytosol,Supported
CRYAA,P02489,1,Cytosol,Nucleoplasm,Approved
CRYAA2,A0A140G945,1,Cytosol,Nucleoplasm,Approved
CRYAB,P02511,1,"Plasma membrane, Cytosol",,Enhanced
CRYBA1,P05813,1,,,
CRYBA2,P53672,1,,,
CRYBA4,P53673,1,,,
CRYBB1,P53674,1,,,
CRYBB2,P43320,1,Nucleoplasm,,Approved
CRYBB3,P26998,1,Microtubules,"Cytokinetic bridge, Mitotic spindle",Approved
CRYBG1,,0,"Nucleoplasm, Microtubules, Cytosol",,Approved
CRYBG2,Q8N1P7,1,Nucleoplasm,,Approved
CRYBG3,Q68DQ2,1,Plasma membrane,,Approved
CRYGA,P11844,1,"Vesicles, Cytosol",,Uncertain
CRYGB,P07316,1,"Vesicles, Cytosol",,Approved
CRYGC,P07315,1,"Vesicles, Cytosol",,Approved
CRYGD,P07320,1,"Vesicles, Cytosol",,Approved
CRYGN,Q8WXF5,1,,,
CRYGS,P22914,1,Cytosol,,Uncertain
CRYL1,Q9Y2S2,1,"Nucleoplasm, Nucleoli","Golgi apparatus, Plasma membrane",Approved
CRYM,Q14894,1,Cytosol,,Supported
CRYZ,Q08257,1,Cytosol,,Supported
CRYZL1,O95825,1,"Nucleoplasm, Cytosol",,Approved
CS,O75390,1,Mitochondria,,Enhanced
CSAD,Q9Y600,1,"Endoplasmic reticulum, Vesicles, Plasma membrane",,Approved
CSAG1,Q6PB30,1,,,
CSAG2,,0,,,
CSAG3,Q9Y5P2,1,,,
CSDC2,Q9Y534,1,Nucleoplasm,Cytosol,Approved
CSDE1,O75534,1,Cytosol,"Golgi apparatus, Plasma membrane",Supported
CSE1L,P55060,1,Nucleoplasm,Cytosol,Enhanced
CSF1,P09603,1,Plasma membrane,Nuclear bodies,Supported
CSF1R,P07333,1,"Vesicles, Plasma membrane",,Supported
CSF2,P04141,1,Vesicles,,Enhanced
CSF2RA,P15509,1,,,
CSF2RB,P32927,1,Golgi apparatus,,Approved
CSF3,P09919,1,,,
CSF3R,Q99062,1,,,
CSGALNACT1,Q8TDX6,1,Cytosol,Golgi apparatus,Approved
CSGALNACT2,Q8N6G5,1,Endoplasmic reticulum,,Approved
CSH1,P0DML2,1,,,
CSH2,P0DML3,1,,,
CSHL1,Q14406,1,,,
CSK,P41240,1,"Vesicles, Cytosol",,Enhanced
CSKMT,A8MUP2,1,,,
CSMD1,Q96PZ7,1,Vesicles,,Approved
CSMD2,Q7Z408,1,,,
CSMD3,Q7Z407,1,Plasma membrane,,Approved
CSN1S1,P47710,1,,,
CSN2,P05814,1,,,
CSN3,P07498,1,,,
CSNK1A1,P48729,1,Cytosol,,Approved
CSNK1A1L,Q8N752,1,Cytosol,,Uncertain
CSNK1D,P48730,1,Nucleoli fibrillar center,Nucleoplasm,Approved
CSNK1E,P49674,1,"Nucleoplasm, Cytosol",,Approved
CSNK1G1,Q9HCP0,1,Cytosol,,Supported
CSNK1G2,P78368,1,Vesicles,,Approved
CSNK1G3,Q9Y6M4,1,,,
CSNK2A1,P68400,1,Nucleoplasm,,Supported
CSNK2A2,P19784,1,,,
CSNK2A3,Q8NEV1,1,Nucleoplasm,,Approved
CSNK2B,P67870,1,,,
CSNKA2IP,A0A1B0GTH6,1,,,
CSPG4,Q6UVK1,1,Plasma membrane,,Approved
CSPG5,O95196,1,Nucleoplasm,Mitochondria,Approved
CSPP1,Q1MSJ5,1,"Centriolar satellite, Centrosome",,Supported
CSRNP1,Q96S65,1,Nucleoplasm,Vesicles,Supported
CSRNP2,Q9H175,1,Nuclear speckles,,Approved
CSRNP3,Q8WYN3,1,Nucleoli rim,Nucleoplasm,Approved
CSRP1,P21291,1,,,
CSRP2,Q16527,1,,,
CSRP3,P50461,1,Cytosol,Nucleoplasm,Uncertain
CST1,P01037,1,,,
CST11,Q9H112,1,,,
CST2,P09228,1,,,
CST3,P01034,1,"Golgi apparatus, Vesicles",,Supported
CST4,P01036,1,,,
CST5,P28325,1,,,
CST6,Q15828,1,Plasma membrane,Cytosol,Approved
CST7,O76096,1,,,
CST8,O60676,1,,,
CST9,Q5W186,1,,,
CST9L,Q9H4G1,1,,,
CSTA,P01040,1,"Nucleoplasm, Cytosol",,Approved
CSTB,P04080,1,Cytosol,Nucleoli,Supported
CSTF1,Q05048,1,Nucleoplasm,,Enhanced
CSTF2,P33240,1,Nucleoplasm,Nuclear bodies,Enhanced
CSTF2T,Q9H0L4,1,Nucleoplasm,Vesicles,Enhanced
CSTF3,Q12996,1,Nucleoplasm,,Enhanced
CSTL1,Q9H114,1,,,
CT45A1,Q5HYN5,1,"Nucleoplasm, Nucleoli",,Approved
CT45A10,P0DMU9,1,"Nucleoplasm, Nucleoli",,Approved
CT45A2,Q5DJT8,1,"Nucleoplasm, Nucleoli",,Approved
CT45A3,Q8NHU0,1,"Nucleoplasm, Nucleoli",,Approved
CT45A5,P0DMU8,1,"Nucleoplasm, Nucleoli",,Approved
CT45A6,P0DMU7,1,"Nucleoplasm, Nucleoli",,Approved
CT45A7,P0DMV0,1,"Nucleoplasm, Nucleoli",,Approved
CT45A8,P0DMV1,1,"Nucleoplasm, Nucleoli",,Approved
CT45A9,P0DMV2,1,"Nucleoplasm, Nucleoli",,Approved
CT47A1,Q5JQC4,1,Nucleoli,,Uncertain
CT47A10,Q5JQC4,1,Nucleoli,,Uncertain
CT47A11,Q5JQC4,1,Nucleoli,,Uncertain
CT47A12,Q5JQC4,1,Nucleoli,,Uncertain
CT47A2,Q5JQC4,1,Nucleoli,,Uncertain
CT47A3,Q5JQC4,1,Nucleoli,,Uncertain
CT47A4,Q5JQC4,1,Nucleoli,,Uncertain
CT47A5,Q5JQC4,1,Nucleoli,,Uncertain
CT47A6,Q5JQC4,1,Nucleoli,,Uncertain
CT47A7,Q5JQC4,1,Nucleoli,,Uncertain
CT47A8,Q5JQC4,1,Nucleoli,,Uncertain
CT47A9,Q5JQC4,1,Nucleoli,,Uncertain
CT47B1,P0C2W7,1,Nucleoli,,Uncertain
CT55,Q8WUE5,1,Vesicles,,Approved
CT83,Q5H943,1,,,
CTAG1A,P78358,1,,,
CTAG1B,P78358,1,,,
CTAG2,O75638,1,"Nucleoplasm, Vesicles",Nuclear bodies,Enhanced
CTAGE1,"Q96RT6,Q9HC47",2,,,
CTAGE15,A4D2H0,1,,,
CTAGE4,Q8IX94,1,,,
CTAGE6,Q86UF2,1,,,
CTAGE8,P0CG41,1,,,
CTAGE9,A4FU28,1,,,
CTBP1,Q13363,1,Nucleoplasm,,Enhanced
CTBP2,P56545,1,Nucleoplasm,,Approved
CTBS,Q01459,1,Cytosol,,Uncertain
CTC1,Q2NKJ3,1,Nucleoplasm,Cytosol,Supported
CTCF,P49711,1,Nucleoplasm,,Supported
CTCFL,Q8NI51,1,"Nucleoplasm, Nuclear bodies",Cytosol,Approved
CTDNEP1,O95476,1,Lipid droplets,,Approved
CTDP1,Q9Y5B0,1,Nucleoplasm,Vesicles,Approved
CTDSP1,Q9GZU7,1,Nucleoplasm,,Supported
CTDSP2,O14595,1,Nucleoplasm,Mitochondria,Approved
CTDSPL,O15194,1,Vesicles,Nucleoplasm,Approved
CTDSPL2,Q05D32,1,Nucleoplasm,,Approved
CTF1,Q16619,1,,,
CTH,P32929,1,,,
CTHRC1,Q96CG8,1,Nucleoplasm,,Approved
CTIF,O43310,1,Cytosol,,Supported
CTLA4,P16410,1,,,
CTNNA1,P35221,1,"Plasma membrane, Cell Junctions",,Supported
CTNNA2,P26232,1,,,
CTNNA3,Q9UI47,1,,,
CTNNAL1,Q9UBT7,1,,,
CTNNB1,P35222,1,Plasma membrane,,Enhanced
CTNNBIP1,Q9NSA3,1,"Nucleoplasm, Cytosol",,Approved
CTNNBL1,Q8WYA6,1,Nucleoplasm,"Centrosome, Cytosol",Supported
CTNND1,O60716,1,Plasma membrane,,Enhanced
CTNND2,Q9UQB3,1,"Nucleoplasm, Cell Junctions",Cytosol,Approved
CTNS,O60931,1,"Vesicles, Intermediate filaments",,Supported
CTPS1,P17812,1,Cytosol,Actin filaments,Approved
CTPS2,Q9NRF8,1,"Mitochondria, Cytosol",,Approved
CTR9,Q6PD62,1,Nucleoplasm,,Enhanced
CTRB1,P17538,1,,,
CTRB2,Q6GPI1,1,,,
CTRC,Q99895,1,,,
CTRL,P40313,1,,,
CTSA,P10619,1,Vesicles,,Enhanced
CTSB,P07858,1,Vesicles,Nucleoli,Supported
CTSC,P53634,1,Vesicles,,Supported
CTSD,P07339,1,,,
CTSE,P14091,1,Vesicles,,Approved
CTSF,Q9UBX1,1,Vesicles,"Endoplasmic reticulum, Plasma membrane",Supported
CTSG,P08311,1,,,
CTSH,P09668,1,"Vesicles, Cytosol, Cytoplasmic bodies",,Supported
CTSK,P43235,1,Vesicles,,Supported
CTSL,P07711,1,"Golgi apparatus, Vesicles",,Approved
CTSO,P43234,1,,,
CTSS,P25774,1,Vesicles,,Approved
CTSV,O60911,1,"Nucleoli fibrillar center, Cytosol","Nucleoplasm, Plasma membrane",Approved
CTSW,P56202,1,,,
CTSZ,Q9UBR2,1,Vesicles,,Supported
CTTN,Q14247,1,"Plasma membrane, Cytosol","Golgi apparatus, Vesicles",Supported
CTTNBP2,Q8WZ74,1,Midbody ring,Cytosol,Approved
CTTNBP2NL,Q9P2B4,1,"Nucleoli fibrillar center, Cytosol",,Approved
CTU1,Q7Z7A3,1,,,
CTU2,Q2VPK5,1,Mitochondria,,Supported
CTXN1,P60606,1,Nucleoplasm,"Plasma membrane, Cell Junctions",Approved
CTXN2,P0C2S0,1,,,
CTXN3,Q4LDR2,1,,,
CTXND1,A0A1B0GTU2,1,,,
CTXND2,A0A1B0GV90,1,,,
CU639417.1,,0,Nucleoplasm,Cytosol,Supported
CUBN,O60494,1,,,
CUEDC1,Q9NWM3,1,"Plasma membrane, Cytosol",Centrosome,Approved
CUEDC2,Q9H467,1,"Nucleoplasm, Cytosol",,Supported
CUL1,Q13616,1,Nucleoplasm,Nucleoli,Supported
CUL2,Q13617,1,Nucleoplasm,,Approved
CUL3,Q13618,1,,,
CUL4A,Q13619,1,Nucleoplasm,,Approved
CUL4B,Q13620,1,Nucleoplasm,Cytosol,Enhanced
CUL5,Q93034,1,"Golgi apparatus, Cytosol",,Approved
CUL7,Q14999,1,,,
CUL9,Q8IWT3,1,Cytosol,,Approved
CUTA,O60888,1,"Plasma membrane, Focal adhesion sites",,Approved
CUTC,Q9NTM9,1,"Nucleoplasm, Cytosol",Nucleoli,Enhanced
CUX1,"P39880,Q13948",2,"Nucleoplasm, Golgi apparatus",,Supported
CUX2,O14529,1,,,
CUZD1,Q86UP6,1,,,
CWC15,Q9P013,1,Nuclear speckles,Mitochondria,Supported
CWC22,Q9HCG8,1,Nuclear speckles,Cytosol,Supported
CWC25,Q9NXE8,1,Nuclear speckles,,Enhanced
CWC27,Q6UX04,1,Nucleoplasm,,Enhanced
CWF19L1,Q69YN2,1,"Nucleoplasm, Golgi apparatus",,Approved
CWF19L2,Q2TBE0,1,Nuclear speckles,Cytosol,Approved
CWH43,Q9H720,1,"Golgi apparatus, Plasma membrane",,Uncertain
CX3CL1,P78423,1,Plasma membrane,,Supported
CX3CR1,P49238,1,Plasma membrane,,Approved
CXADR,P78310,1,"Plasma membrane, Cell Junctions",Nucleoplasm,Supported
CXCL1,P09341,1,,,
CXCL10,P02778,1,,,
CXCL11,O14625,1,,,
CXCL12,P48061,1,,,
CXCL13,O43927,1,,,
CXCL14,O95715,1,,,
CXCL16,Q9H2A7,1,Golgi apparatus,Vesicles,Approved
CXCL17,Q6UXB2,1,,,
CXCL2,P19875,1,,,
CXCL3,P19876,1,,,
CXCL5,P42830,1,Vesicles,,Approved
CXCL6,P80162,1,,,
CXCL8,P10145,1,Golgi apparatus,,Approved
CXCL9,Q07325,1,,,
CXCR1,P25024,1,,,
CXCR2,P25025,1,Plasma membrane,"Nucleoplasm, Microtubules, Mitotic spindle",Supported
CXCR3,P49682,1,,,
CXCR4,P61073,1,,,
CXCR5,P32302,1,,,
CXCR6,O00574,1,,,
CXXC1,Q9P0U4,1,Nucleoplasm,,Enhanced
CXXC4,,0,Nucleoplasm,Golgi apparatus,Approved
CXXC5,Q7LFL8,1,Nucleoplasm,Cytosol,Supported
CXorf38,Q8TB03,1,"Vesicles, Cytosol",,Approved
CXorf49,A8MYA2,1,,,
CXorf49B,A8MYA2,1,,,
CXorf51A,A0A1B0GTR3,1,,,
CXorf51B,P0DPH9,1,,,
CXorf56,Q9H5V9,1,Nucleoplasm,Centrosome,Supported
CXorf58,Q96LI9,1,Nucleoplasm,,Approved
CXorf65,A6NEN9,1,,,
CXorf66,Q5JRM2,1,,,
CYB561,P49447,1,,,
CYB561A3,Q8NBI2,1,Vesicles,Nucleoli,Approved
CYB561D1,Q8N8Q1,1,,,
CYB561D2,O14569,1,,,
CYB5A,P00167,1,"Vesicles, Cytosol",,Enhanced
CYB5B,O43169,1,Endoplasmic reticulum,"Centriolar satellite, Cytosol",Approved
CYB5D1,Q6P9G0,1,"Nucleoli, Golgi apparatus",,Approved
CYB5D2,Q8WUJ1,1,"Endoplasmic reticulum, Plasma membrane",,Approved
CYB5R1,Q9UHQ9,1,Mitochondria,Cytosol,Approved
CYB5R2,Q6BCY4,1,Golgi apparatus,Nucleoplasm,Approved
CYB5R3,P00387,1,Endoplasmic reticulum,,Supported
CYB5R4,Q7L1T6,1,,,
CYB5RL,Q6IPT4,1,Nucleoplasm,,Enhanced
CYBA,P13498,1,,,
CYBB,P04839,1,,,
CYBC1,Q9BQA9,1,Plasma membrane,Cell Junctions,Approved
CYBRD1,Q53TN4,1,Plasma membrane,,Supported
CYC1,P08574,1,Mitochondria,,Approved
CYCS,P99999,1,Mitochondria,,Supported
CYFIP1,Q7L576,1,,,
CYFIP2,Q96F07,1,Endoplasmic reticulum,"Plasma membrane, Cytosol",Approved
CYGB,Q8WWM9,1,Nuclear speckles,Cytosol,Approved
CYHR1,Q6ZMK1,1,Nucleoplasm,,Enhanced
CYLC1,P35663,1,,,
CYLC2,Q14093,1,,,
CYLD,Q9NQC7,1,Centriolar satellite,Nucleoplasm,Supported
CYP11A1,P05108,1,,,
CYP11B1,P15538,1,Mitochondria,,Approved
CYP11B2,P19099,1,Mitochondria,,Uncertain
CYP17A1,P05093,1,Vesicles,,Approved
CYP19A1,P11511,1,Mitochondria,,Uncertain
CYP1A1,P04798,1,,,
CYP1A2,P05177,1,,,
CYP1B1,Q16678,1,Mitochondria,,Uncertain
CYP20A1,Q6UW02,1,"Plasma membrane, Cell Junctions, Actin filaments",Nucleoplasm,Uncertain
CYP21A2,P08686,1,,,
CYP24A1,Q07973,1,Mitochondria,,Approved
CYP26A1,O43174,1,,,
CYP26B1,Q9NR63,1,Cytosol,,Approved
CYP26C1,Q6V0L0,1,,,
CYP27A1,Q02318,1,Mitochondria,Cytosol,Approved
CYP27B1,O15528,1,,,
CYP27C1,Q4G0S4,1,Vesicles,,Enhanced
CYP2A13,Q16696,1,,,
CYP2A6,P11509,1,,,
CYP2A7,P20853,1,,,
CYP2B6,P20813,1,Nuclear membrane,"Nucleoplasm, Cytosol",Approved
CYP2C18,P33260,1,Vesicles,Plasma membrane,Uncertain
CYP2C19,P33261,1,Vesicles,,Uncertain
CYP2C8,P10632,1,Vesicles,Plasma membrane,Uncertain
CYP2C9,P11712,1,Vesicles,Plasma membrane,Uncertain
CYP2D6,P10635,1,Golgi apparatus,,Approved
CYP2E1,P05181,1,"Endoplasmic reticulum, Mitochondria",,Approved
CYP2F1,P24903,1,,,
CYP2J2,P51589,1,,,
CYP2R1,Q6VVX0,1,,,
CYP2S1,Q96SQ9,1,Endoplasmic reticulum,,Supported
CYP2U1,Q7Z449,1,Golgi apparatus,"Nucleoplasm, Vesicles",Approved
CYP2W1,Q8TAV3,1,,,
CYP39A1,Q9NYL5,1,,,
CYP3A4,P08684,1,Cytosol,Vesicles,Approved
CYP3A43,Q9HB55,1,Cytosol,Vesicles,Approved
CYP3A5,P20815,1,Cytosol,Vesicles,Approved
CYP3A7,P24462,1,Cytosol,Vesicles,Approved
CYP3A7-CYP3A51P,,0,Cytosol,Vesicles,Approved
CYP46A1,Q9Y6A2,1,,,
CYP4A11,Q02928,1,,,
CYP4A22,Q5TCH4,1,,,
CYP4B1,P13584,1,Vesicles,,Supported
CYP4F11,Q9HBI6,1,,,
CYP4F12,Q9HCS2,1,,,
CYP4F2,P78329,1,,,
CYP4F22,Q6NT55,1,,,
CYP4F3,Q08477,1,,,
CYP4F8,P98187,1,,,
CYP4V2,Q6ZWL3,1,Nuclear speckles,,Approved
CYP4X1,Q8N118,1,,,
CYP4Z1,Q86W10,1,,,
CYP51A1,Q16850,1,Endoplasmic reticulum,,Enhanced
CYP7A1,P22680,1,,,
CYP7B1,O75881,1,,,
CYP8B1,Q9UNU6,1,,,
CYREN,Q9BWK5,1,,,
CYRIA,Q9H0Q0,1,Nucleoplasm,,Approved
CYRIB,Q9NUQ9,1,Nucleoplasm,Cytosol,Approved
CYS1,Q717R9,1,,,
CYSLTR1,Q9Y271,1,,,
CYSLTR2,Q9NS75,1,,,
CYSRT1,A8MQ03,1,Nuclear speckles,"Vesicles, Midbody",Approved
CYSTM1,Q9H1C7,1,,,
CYTH1,Q15438,1,,,
CYTH2,Q99418,1,Cytosol,"Golgi apparatus, Plasma membrane",Supported
CYTH3,O43739,1,Cytosol,Nucleoplasm,Supported
CYTH4,Q9UIA0,1,Plasma membrane,"Cytokinetic bridge, Centriolar satellite, Cytosol",Supported
CYTIP,O60759,1,Cytosol,Nucleoplasm,Supported
CYTL1,Q9NRR1,1,"Nuclear membrane, Endoplasmic reticulum",,Supported
CYYR1,Q96J86,1,Nucleoplasm,,Approved
CZIB,Q9NWV4,1,Cytosol,"Vesicles, Mitotic spindle",Approved
D2HGDH,Q8N465,1,Mitochondria,,Supported
DAAM1,Q9Y4D1,1,Cytosol,Plasma membrane,Supported
DAAM2,Q86T65,1,Nucleoplasm,"Vesicles, Cytosol",Supported
DAB1,O75553,1,Vesicles,,Enhanced
DAB2,P98082,1,"Vesicles, Plasma membrane",Nucleoli fibrillar center,Enhanced
DAB2IP,Q5VWQ8,1,,,
DACH1,Q9UI36,1,"Nucleoplasm, Nuclear speckles",,Supported
DACH2,Q96NX9,1,Nucleoplasm,,Approved
DACT1,Q9NYF0,1,Nucleoplasm,,Supported
DACT2,Q5SW24,1,,,
DACT3,Q96B18,1,Vesicles,Nucleoplasm,Approved
DAD1,P61803,1,Cytosol,Endoplasmic reticulum,Uncertain
DAG1,Q14118,1,"Vesicles, Plasma membrane",Nucleoplasm,Supported
DAGLA,Q9Y4D2,1,,,
DAGLB,Q8NCG7,1,Plasma membrane,Nucleoplasm,Supported
DALRD3,Q5D0E6,1,Nucleoplasm,"Nuclear bodies, Cytosol",Approved
DAND5,Q8N907,1,Mitochondria,,Approved
DAO,P14920,1,,,
DAOA,P59103,1,,,
DAP,P51397,1,"Vesicles, Mitochondria",Nucleoplasm,Approved
DAP3,P51398,1,"Nucleoplasm, Mitochondria",,Supported
DAPK1,P53355,1,Centrosome,,Approved
DAPK2,Q9UIK4,1,"Golgi apparatus, Vesicles",,Supported
DAPK3,O43293,1,Cytosol,Nucleoplasm,Supported
DAPL1,A0PJW8,1,"Nucleoplasm, Nuclear bodies, Microtubules",,Approved
DAPP1,Q9UN19,1,,,
DARS1,P14868,1,Cytosol,,Enhanced
DARS2,Q6PI48,1,Mitochondria,Nucleoplasm,Supported
DAW1,Q8N136,1,Nucleoplasm,"Nuclear bodies, Plasma membrane",Approved
DAXX,Q9UER7,1,"Nucleoplasm, Nuclear bodies",,Enhanced
DAZ1,Q9NQZ3,1,,,
DAZ2,Q13117,1,,,
DAZ3,Q9NR90,1,,,
DAZ4,Q86SG3,1,,,
DAZAP1,Q96EP5,1,Nucleoplasm,Cytosol,Enhanced
DAZAP2,Q15038,1,Nuclear speckles,,Supported
DAZL,Q92904,1,,,
DBF4,Q9UBU7,1,"Nucleoplasm, Nuclear bodies",,Supported
DBF4B,Q8NFT6,1,Nucleoplasm,Vesicles,Supported
DBH,P09172,1,Vesicles,Endoplasmic reticulum,Supported
DBI,P07108,1,,,
DBN1,Q16643,1,"Plasma membrane, Actin filaments",,Supported
DBNDD1,Q9H9R9,1,Nuclear speckles,Cytosol,Approved
DBNDD2,Q9BQY9,1,"Nucleoplasm, Cytosol",,Approved
DBNL,Q9UJU6,1,"Vesicles, Plasma membrane",,Supported
DBP,Q10586,1,,,
DBR1,Q9UK59,1,Nucleoplasm,,Enhanced
DBT,P11182,1,Mitochondria,,Supported
DBX1,A6NMT0,1,,,
DBX2,Q6ZNG2,1,"Nucleoplasm, Nuclear membrane",Vesicles,Approved
DCAF1,Q9Y4B6,1,Nucleoplasm,Nucleoli fibrillar center,Supported
DCAF10,Q5QP82,1,Nucleoli fibrillar center,,Approved
DCAF11,Q8TEB1,1,Nucleoplasm,,Enhanced
DCAF12,Q5T6F0,1,,,
DCAF12L1,Q5VU92,1,Cytosol,,Uncertain
DCAF12L2,Q5VW00,1,Cytosol,,Uncertain
DCAF13,Q9NV06,1,"Nucleoplasm, Nucleoli","Cell Junctions, Centrosome, Cytosol",Supported
DCAF15,Q66K64,1,Mitochondria,Vesicles,Approved
DCAF16,Q9NXF7,1,"Plasma membrane, Cytosol",,Approved
DCAF17,Q5H9S7,1,Nucleoplasm,,Supported
DCAF4,Q8WV16,1,Nucleoplasm,,Approved
DCAF4L1,Q3SXM0,1,,,
DCAF4L2,Q8NA75,1,,,
DCAF5,Q96JK2,1,Mitochondria,,Approved
DCAF6,Q58WW2,1,"Nucleoplasm, Focal adhesion sites",Cytosol,Approved
DCAF7,P61962,1,Nucleoplasm,Cytosol,Supported
DCAF8,Q5TAQ9,1,Nucleoplasm,Cytosol,Supported
DCAF8L1,A6NGE4,1,,,
DCAF8L2,P0C7V8,1,,,
DCAKD,Q8WVC6,1,Nucleoplasm,,Approved
DCANP1,Q8TF63,1,Nucleoplasm,Nuclear bodies,Approved
DCBLD1,Q8N8Z6,1,Cytosol,,Approved
DCBLD2,Q96PD2,1,"Plasma membrane, Cytosol",Golgi apparatus,Approved
DCC,P43146,1,Golgi apparatus,,Approved
DCD,P81605,1,,,
DCDC1,M0R2J8,1,,,
DCDC2,Q9UHG0,1,Cytosol,"Microtubules, Mitotic spindle, Centriolar satellite",Supported
DCDC2B,A2VCK2,1,,,
DCDC2C,A8MYV0,1,,,
DCHS1,Q96JQ0,1,Plasma membrane,,Approved
DCHS2,Q6V1P9,1,"Vesicles, Plasma membrane",,Approved
DCK,P27707,1,Nucleoplasm,,Supported
DCLK1,O15075,1,Nucleoplasm,Cytosol,Approved
DCLK2,Q8N568,1,,,
DCLK3,Q9C098,1,Cytosol,Vesicles,Approved
DCLRE1A,Q6PJP8,1,"Nucleoplasm, Nucleoli fibrillar center",,Supported
DCLRE1B,Q9H816,1,"Nucleoplasm, Nuclear bodies",,Supported
DCLRE1C,Q96SD1,1,Nucleoplasm,Golgi apparatus,Supported
DCN,P07585,1,,,
DCP1A,Q9NPI6,1,Cytoplasmic bodies,,Supported
DCP1B,Q8IZD4,1,"Vesicles, Cytosol",,Supported
DCP2,Q8IU60,1,"Nucleoplasm, Cytoplasmic bodies",Cell Junctions,Approved
DCPS,Q96C86,1,Nucleoplasm,Cytosol,Supported
DCST1,Q5T197,1,,,
DCST2,Q5T1A1,1,,,
DCSTAMP,Q9H295,1,,,
DCT,P40126,1,Plasma membrane,Vesicles,Supported
DCTD,P32321,1,"Nucleoplasm, Cytosol",,Approved
DCTN1,Q14203,1,Microtubules,"Cytokinetic bridge, Mitotic spindle",Supported
DCTN2,Q13561,1,Centrosome,Cytosol,Supported
DCTN3,O75935,1,Cytosol,Nucleoli,Approved
DCTN4,Q9UJW0,1,"Nucleoplasm, Centrosome",,Approved
DCTN5,Q9BTE1,1,"Nucleoplasm, Nuclear membrane",,Approved
DCTN6,O00399,1,"Nucleoli, Cytosol",Plasma membrane,Supported
DCTPP1,Q9H773,1,"Nucleoplasm, Cytosol",,Supported
DCUN1D1,Q96GG9,1,Nucleoplasm,Cytosol,Approved
DCUN1D2,Q6PH85,1,"Plasma membrane, Cytosol",,Approved
DCUN1D3,Q8IWE4,1,"Nucleoplasm, Cytosol",,Supported
DCUN1D4,Q92564,1,Vesicles,Nucleoplasm,Supported
DCUN1D5,Q9BTE7,1,Nucleoli,Nucleoplasm,Approved
DCX,O43602,1,Cytosol,,Approved
DCXR,Q7Z4W1,1,"Nucleoli, Microtubules",,Uncertain
DDA1,Q9BW61,1,"Nucleoplasm, Nucleoli",,Approved
DDAH1,O94760,1,"Plasma membrane, Cytosol",Nucleoli,Approved
DDAH2,O95865,1,Mitochondria,,Supported
DDB1,Q16531,1,Nucleoplasm,,Enhanced
DDB2,Q92466,1,"Nucleoplasm, Cell Junctions",,Supported
DDC,P20711,1,Actin filaments,,Approved
DDHD1,Q8NEL9,1,,,
DDHD2,O94830,1,Cytosol,Centriolar satellite,Supported
DDI1,Q8WTU0,1,,,
DDI2,Q5TDH0,1,"Nucleoplasm, Cytosol",,Enhanced
DDIAS,Q8IXT1,1,"Plasma membrane, Cytosol",,Approved
DDIT3,P35638,1,Nucleoplasm,,Supported
DDIT4,Q9NX09,1,Cytosol,,Supported
DDIT4L,Q96D03,1,Plasma membrane,"Nucleoplasm, Actin filaments",Approved
DDN,O94850,1,Nucleoplasm,Cytosol,Supported
DDO,Q99489,1,Cytosol,,Enhanced
DDOST,P39656,1,Endoplasmic reticulum,,Supported
DDR1,Q08345,1,"Nucleoplasm, Cell Junctions",,Approved
DDR2,Q16832,1,"Plasma membrane, Actin filaments",,Approved
DDRGK1,Q96HY6,1,Endoplasmic reticulum,Nucleoli,Supported
DDT,P30046,1,Mitochondria,,Approved
DDTL,A6NHG4,1,,,
DDX1,Q92499,1,Nucleoplasm,Cytosol,Supported
DDX10,Q13206,1,Nucleoli,,Approved
DDX11,Q96FC9,1,Nucleoplasm,Nucleoli,Enhanced
DDX17,Q92841,1,Nuclear speckles,,Supported
DDX18,Q9NVP1,1,"Nucleoli, Nucleoli rim, Mitotic chromosome",,Enhanced
DDX19A,Q9NUU7,1,Nucleoplasm,,Uncertain
DDX19B,Q9UMR2,1,Nucleoplasm,,Uncertain
DDX20,Q9UHI6,1,Nuclear bodies,"Nucleoplasm, Cytosol",Supported
DDX21,Q9NR30,1,"Nucleoli rim, Mitotic chromosome",Nucleoplasm,Enhanced
DDX23,Q9BUQ8,1,"Nucleoplasm, Nucleoli",,Supported
DDX24,Q9GZR7,1,"Nucleoli, Cytosol",,Approved
DDX25,Q9UHL0,1,Nucleoplasm,Cytosol,Approved
DDX27,,0,Nucleoli,,Approved
DDX28,Q9NUL7,1,"Mitochondria, Cytosol",Nucleoli,Supported
DDX31,Q9H8H2,1,Nucleoli,"Golgi apparatus, Vesicles",Supported
DDX39A,O00148,1,Nuclear speckles,,Approved
DDX39B,Q13838,1,Nuclear speckles,,Enhanced
DDX3X,O00571,1,Cytosol,Nucleoplasm,Approved
DDX3Y,O15523,1,Cytosol,Nucleoplasm,Supported
DDX4,Q9NQI0,1,"Nucleoplasm, Plasma membrane, Cytosol",,Approved
DDX41,Q9UJV9,1,Nucleoplasm,Nucleoli,Supported
DDX42,Q86XP3,1,Nuclear speckles,,Enhanced
DDX43,Q9NXZ2,1,,,
DDX46,Q7L014,1,Nuclear speckles,Nucleoli fibrillar center,Supported
DDX47,Q9H0S4,1,Nucleoli,,Supported
DDX49,Q9Y6V7,1,Mitochondria,,Approved
DDX5,P17844,1,"Nucleoplasm, Nucleoli",,Supported
DDX50,Q9BQ39,1,Nucleoli,,Enhanced
DDX51,Q8N8A6,1,"Nucleoplasm, Nucleoli",Cytosol,Approved
DDX52,Q9Y2R4,1,"Nucleoplasm, Nucleoli",,Supported
DDX53,Q86TM3,1,Nucleoplasm,"Nucleoli, Cytosol",Supported
DDX54,Q8TDD1,1,"Nucleoplasm, Nucleoli, Golgi apparatus",,Approved
DDX55,Q8NHQ9,1,Nucleoli,"Nucleoplasm, Cytosol",Enhanced
DDX56,Q9NY93,1,Nucleoli,Mitotic chromosome,Supported
DDX58,O95786,1,"Plasma membrane, Cytosol",,Supported
DDX59,Q5T1V6,1,"Nucleoplasm, Actin filaments",,Approved
DDX6,P26196,1,Cytoplasmic bodies,Cytosol,Supported
DDX60,Q8IY21,1,Cytosol,Intermediate filaments,Supported
DDX60L,Q5H9U9,1,"Plasma membrane, Cytosol",,Approved
DEAF1,O75398,1,Nucleoplasm,Nucleoli fibrillar center,Supported
DECR1,Q16698,1,Mitochondria,Cytosol,Supported
DECR2,Q9NUI1,1,Peroxisomes,Microtubules,Approved
DEDD,O75618,1,"Nucleoplasm, Nucleoli",Cytosol,Approved
DEDD2,Q8WXF8,1,Nucleoplasm,,Approved
DEF6,Q9H4E7,1,Nucleoplasm,,Enhanced
DEF8,Q6ZN54,1,"Nucleoplasm, Cytosol",,Approved
DEFA1,P59665,1,,,
DEFA1B,P59665,1,,,
DEFA3,P59666,1,,,
DEFA4,P12838,1,,,
DEFA5,Q01523,1,Vesicles,Midbody,Approved
DEFA6,Q01524,1,,,
DEFB1,P60022,1,,,
DEFB103A,P81534,1,,,
DEFB103B,P81534,1,,,
DEFB104A,Q8WTQ1,1,,,
DEFB104B,Q8WTQ1,1,,,
DEFB105A,Q8NG35,1,,,
DEFB105B,Q8NG35,1,,,
DEFB106A,Q8N104,1,,,
DEFB106B,Q8N104,1,,,
DEFB107A,Q8IZN7,1,,,
DEFB107B,Q8IZN7,1,,,
DEFB108B,Q8NET1,1,,,
DEFB110,Q30KQ9,1,,,
DEFB112,,0,,,
DEFB113,Q30KQ7,1,,,
DEFB114,Q30KQ6,1,,,
DEFB115,Q30KQ5,1,,,
DEFB116,Q30KQ4,1,,,
DEFB118,Q96PH6,1,,,
DEFB119,Q8N690,1,,,
DEFB121,Q5J5C9,1,,,
DEFB123,Q8N688,1,,,
DEFB124,Q8NES8,1,,,
DEFB125,Q8N687,1,,,
DEFB126,Q9BYW3,1,,,
DEFB127,Q9H1M4,1,,,
DEFB128,Q7Z7B8,1,,,
DEFB129,Q9H1M3,1,,,
DEFB130A,P0DP74,1,,,
DEFB130B,P0DP73,1,,,
DEFB131A,P59861,1,,,
DEFB131B,A0A096LNP1,1,,,
DEFB132,Q7Z7B7,1,,,
DEFB133,Q30KQ1,1,,,
DEFB134,Q4QY38,1,,,
DEFB135,Q30KP9,1,,,
DEFB136,Q30KP8,1,,,
DEFB4A,O15263,1,,,
DEFB4B,O15263,1,,,
DEGS1,O15121,1,Mitochondria,,Supported
DEGS2,Q6QHC5,1,"Nucleoplasm, Nucleoli",,Approved
DEK,P35659,1,Nucleoplasm,Cytosol,Supported
DELE1,Q14154,1,Nucleoplasm,Golgi apparatus,Uncertain
DENND10,Q8TCE6,1,Vesicles,,Approved
DENND11,A4D1U4,1,Golgi apparatus,,Approved
DENND1A,Q8TEH3,1,"Vesicles, Cytosol",,Approved
DENND1B,Q6P3S1,1,Cytosol,Nuclear speckles,Supported
DENND1C,Q8IV53,1,Cytosol,"Nucleoplasm, Centrosome",Approved
DENND2A,Q9ULE3,1,,,
DENND2B,P78524,1,Nucleoplasm,,Approved
DENND2C,Q68D51,1,Nucleoplasm,,Enhanced
DENND2D,Q9H6A0,1,"Nucleoplasm, Cytosol",,Approved
DENND3,A2RUS2,1,"Vesicles, Cytosol",,Approved
DENND4A,Q7Z401,1,Nucleoli rim,"Nucleoplasm, Mitotic chromosome",Approved
DENND4B,O75064,1,"Nucleoplasm, Golgi apparatus",,Approved
DENND4C,Q5VZ89,1,"Golgi apparatus, Vesicles, Cytosol",,Supported
DENND5A,Q6IQ26,1,"Golgi apparatus, Vesicles",,Approved
DENND5B,Q6ZUT9,1,Microtubules,,Approved
DENND6A,Q8IWF6,1,Vesicles,,Supported
DENND6B,Q8NEG7,1,Plasma membrane,,Approved
DENR,O43583,1,Cytosol,,Approved
DEPDC1,Q5TB30,1,Nucleoplasm,Nucleoli fibrillar center,Supported
DEPDC1B,Q8WUY9,1,Golgi apparatus,"Nucleoplasm, Cytosol",Approved
DEPDC4,Q8N2C3,1,Microtubules,,Approved
DEPDC5,O75140,1,,,
DEPDC7,Q96QD5,1,Nucleoli,"Nucleoplasm, Cytosol",Approved
DEPP1,Q9NTK1,1,Mitochondria,Vesicles,Supported
DEPTOR,Q8TB45,1,Mitochondria,"Nucleoplasm, Nuclear bodies",Approved
DERA,Q9Y315,1,Nucleoplasm,,Supported
DERL1,Q9BUN8,1,Endoplasmic reticulum,,Supported
DERL2,Q9GZP9,1,Endoplasmic reticulum,,Supported
DERL3,Q96Q80,1,Vesicles,,Uncertain
DERPC,P0CG12,1,Nucleoplasm,,Enhanced
DES,P17661,1,Intermediate filaments,,Supported
DESI1,Q6ICB0,1,Cytosol,Cytokinetic bridge,Approved
DESI2,Q9BSY9,1,Vesicles,,Approved
DET1,Q7L5Y6,1,Microtubules,"Nucleoplasm, Cytokinetic bridge",Approved
DEUP1,Q05D60,1,,,
DEXI,O95424,1,Nuclear speckles,Cytosol,Approved
DFFA,O00273,1,"Plasma membrane, Cytosol",,Supported
DFFB,O76075,1,Nucleoli,Nucleoplasm,Supported
DGAT1,O75907,1,Endoplasmic reticulum,"Nucleoli, Nucleoli rim",Approved
DGAT2,Q96PD7,1,"Vesicles, Cytosol",,Approved
DGAT2L6,Q6ZPD8,1,,,
DGCR2,P98153,1,,,
DGCR6,Q14129,1,,,
DGCR6L,Q9BY27,1,,,
DGCR8,Q8WYQ5,1,Nucleoplasm,"Nuclear bodies, Cytosol",Supported
DGKA,P23743,1,Vesicles,"Nucleoplasm, Mitochondria",Approved
DGKB,Q9Y6T7,1,,,
DGKD,Q16760,1,Cytosol,,Supported
DGKE,P52429,1,"Nucleoplasm, Cytosol",,Approved
DGKG,P49619,1,"Vesicles, Plasma membrane",,Approved
DGKH,Q86XP1,1,Plasma membrane,Vesicles,Supported
DGKI,O75912,1,,,
DGKK,Q5KSL6,1,,,
DGKQ,P52824,1,Nucleoli,,Approved
DGKZ,Q13574,1,Nuclear speckles,,Supported
DGLUCY,Q7Z3D6,1,Cytosol,,Supported
DGUOK,Q16854,1,,,
DHCR24,Q15392,1,,,
DHCR7,Q9UBM7,1,Endoplasmic reticulum,,Supported
DHDDS,Q86SQ9,1,Plasma membrane,,Uncertain
DHDH,Q9UQ10,1,"Nucleoplasm, Actin filaments",,Approved
DHFR,P00374,1,Mitochondria,,Uncertain
DHFR2,Q86XF0,1,Mitochondria,,Supported
DHH,O43323,1,,,
DHODH,Q02127,1,Mitochondria,"Nucleoplasm, Cytosol",Enhanced
DHPS,P49366,1,"Nucleoplasm, Cytosol",,Approved
DHRS1,Q96LJ7,1,Nucleoplasm,"Centrosome, Cytosol",Approved
DHRS11,Q6UWP2,1,Cytosol,Golgi apparatus,Approved
DHRS12,A0PJE2,1,Nucleoplasm,"Golgi apparatus, Vesicles",Approved
DHRS13,Q6UX07,1,Vesicles,,Approved
DHRS2,Q13268,1,Mitochondria,Nucleoplasm,Supported
DHRS3,O75911,1,"Nucleoli, Mitochondria",,Approved
DHRS4,Q9BTZ2,1,Vesicles,Nuclear membrane,Approved
DHRS4L2,Q6PKH6,1,Vesicles,Nuclear membrane,Approved
DHRS7,Q9Y394,1,"Nucleoplasm, Mitochondria",,Approved
DHRS7B,Q6IAN0,1,"Plasma membrane, Cell Junctions, Cytosol",,Approved
DHRS7C,A6NNS2,1,,,
DHRS9,Q9BPW9,1,,,
DHRSX,Q8N5I4,1,Cytosol,Mitotic spindle,Uncertain
DHTKD1,Q96HY7,1,Mitochondria,,Supported
DHX15,O43143,1,Nuclear speckles,,Enhanced
DHX16,O60231,1,Nucleoplasm,,Supported
DHX29,Q7Z478,1,Cytosol,,Approved
DHX30,Q7L2E3,1,Mitochondria,Cytosol,Supported
DHX32,Q7L7V1,1,,,
DHX33,Q9H6R0,1,Nucleoli,,Supported
DHX34,Q14147,1,Nucleoplasm,,Approved
DHX35,Q9H5Z1,1,Nuclear bodies,"Nucleoplasm, Centrosome",Approved
DHX36,Q9H2U1,1,Nucleoplasm,"Mitochondria, Cytosol",Supported
DHX37,Q8IY37,1,Nuclear membrane,,Approved
DHX38,Q92620,1,Nucleoplasm,,Supported
DHX40,Q8IX18,1,Nucleoplasm,,Approved
DHX57,Q6P158,1,"Intermediate filaments, Microtubules","Nucleoli, Cytosol",Approved
DHX58,Q96C10,1,"Golgi apparatus, Cytosol",Nucleoplasm,Approved
DHX8,Q14562,1,Nucleoplasm,Nuclear bodies,Supported
DHX9,Q08211,1,Nucleoplasm,Nucleoli,Enhanced
DIABLO,Q9NR28,1,Mitochondria,,Enhanced
DIAPH1,O60610,1,"Plasma membrane, Cytosol",,Uncertain
DIAPH2,O60879,1,"Endoplasmic reticulum, Vesicles",Nucleoli,Supported
DIAPH3,Q9NSV4,1,"Plasma membrane, Microtubules",,Supported
DICER1,Q9UPY3,1,Cytosol,,Supported
DIDO1,Q9BTC0,1,Nucleoplasm,"Vesicles, Cytosol",Approved
DIMT1,Q9UNQ2,1,"Nucleoli, Nucleoli rim","Nucleoplasm, Cytosol",Supported
DIO1,P49895,1,,,
DIO2,Q92813,1,"Nucleoplasm, Vesicles",Plasma membrane,Approved
DIO3,P55073,1,Vesicles,,Supported
DIP2A,Q14689,1,Nucleoplasm,,Approved
DIP2B,Q9P265,1,Endoplasmic reticulum,,Approved
DIP2C,Q9Y2E4,1,"Nucleoplasm, Cytosol",Vesicles,Approved
DIPK1A,Q5T7M9,1,Cytosol,Nucleoplasm,Approved
DIPK1B,Q5VUD6,1,Nuclear bodies,"Nucleoplasm, Vesicles",Approved
DIPK1C,Q0P6D2,1,,,
DIPK2A,Q8NDZ4,1,,,
DIPK2B,Q9H7Y0,1,,,
DIRAS1,O95057,1,"Vesicles, Plasma membrane",Nucleoplasm,Approved
DIRAS2,Q96HU8,1,,,
DIRAS3,O95661,1,"Nuclear membrane, Cytosol",,Approved
DIS3,Q9Y2L1,1,Nucleoplasm,Cytosol,Supported
DIS3L,Q8TF46,1,"Plasma membrane, Cytosol",Centrosome,Supported
DIS3L2,Q8IYB7,1,,,
DISC1,Q9NRI5,1,"Intermediate filaments, Cytosol",,Supported
DISP1,Q96F81,1,Nuclear bodies,,Approved
DISP2,A7MBM2,1,"Nucleoplasm, Vesicles",,Approved
DISP3,Q9P2K9,1,Nucleoplasm,Cytosol,Uncertain
DIXDC1,Q155Q3,1,Cytosol,,Supported
DKC1,O60832,1,Nucleoli fibrillar center,Nucleoplasm,Supported
DKK1,O94907,1,,,
DKK2,Q9UBU2,1,Golgi apparatus,,Supported
DKK3,Q9UBP4,1,Vesicles,"Nuclear bodies, Cytosol",Supported
DKK4,Q9UBT3,1,,,
DKKL1,Q9UK85,1,Vesicles,,Approved
DLAT,P10515,1,Mitochondria,,Supported
DLC1,Q96QB1,1,Cytosol,"Endoplasmic reticulum, Vesicles",Supported
DLD,P09622,1,Mitochondria,Nucleoplasm,Approved
DLEC1,Q9Y238,1,Cytosol,,Supported
DLEU7,Q6UYE1,1,,,
DLG1,Q12959,1,Vesicles,Plasma membrane,Uncertain
DLG2,Q15700,1,Plasma membrane,Vesicles,Approved
DLG3,Q92796,1,"Nucleoplasm, Nucleoli",,Approved
DLG4,P78352,1,,,
DLG5,Q8TDM6,1,Cell Junctions,,Supported
DLGAP1,O14490,1,"Vesicles, Cytosol",,Approved
DLGAP2,Q9P1A6,1,,,
DLGAP3,O95886,1,Endoplasmic reticulum,"Plasma membrane, Midbody",Approved
DLGAP4,Q9Y2H0,1,Nucleoplasm,Focal adhesion sites,Uncertain
DLGAP5,Q15398,1,Cytosol,Mitotic spindle,Supported
DLK1,P80370,1,Golgi apparatus,,Approved
DLK2,Q6UY11,1,Nucleoplasm,"Nucleoli, Vesicles",Approved
DLL1,O00548,1,Plasma membrane,,Approved
DLL3,Q9NYJ7,1,Nucleoplasm,"Golgi apparatus, Plasma membrane",Approved
DLL4,Q9NR61,1,,,
DLST,P36957,1,Nucleoplasm,"Mitochondria, Cytosol",Supported
DLX1,P56177,1,Nucleoplasm,"Vesicles, Cytosol",Supported
DLX2,Q07687,1,Nuclear speckles,,Approved
DLX3,O60479,1,Nucleoplasm,Cytosol,Approved
DLX4,Q92988,1,Nucleoplasm,,Supported
DLX5,P56178,1,Nucleoplasm,,Approved
DLX6,P56179,1,Nuclear bodies,,Approved
DMAC1,Q96GE9,1,,,
DMAC2,Q9NW81,1,Mitochondria,,Approved
DMAC2L,Q99766,1,"Nucleoplasm, Mitochondria",,Approved
DMAP1,Q9NPF5,1,Nucleoplasm,Cytosol,Supported
DMBT1,Q9UGM3,1,Centriolar satellite,,Approved
DMBX1,Q8NFW5,1,,,
DMC1,Q14565,1,Nucleoplasm,,Approved
DMD,P11532,1,,,
DMGDH,Q9UI17,1,Mitochondria,,Supported
DMKN,Q6E0U4,1,"Nucleoplasm, Cytosol",,Approved
DMP1,Q13316,1,,,
DMPK,Q09013,1,Cytosol,Vesicles,Uncertain
DMRT1,Q9Y5R6,1,,,
DMRT2,Q9Y5R5,1,"Nucleoplasm, Nucleoli","Vesicles, Centriolar satellite",Approved
DMRT3,Q9NQL9,1,,,
DMRTA1,Q5VZB9,1,Vesicles,,Approved
DMRTA2,Q96SC8,1,Mitochondria,Nucleoplasm,Approved
DMRTB1,Q96MA1,1,,,
DMRTC1,Q5HYR2,1,Nucleoplasm,Intermediate filaments,Approved
DMRTC1B,Q5HYR2,1,Nucleoplasm,Intermediate filaments,Approved
DMRTC2,Q8IXT2,1,,,
DMTF1,Q9Y222,1,Nucleoplasm,,Supported
DMTN,Q08495,1,,,
DMWD,Q09019,1,"Plasma membrane, Actin filaments",,Approved
DMXL1,Q9Y485,1,"Nucleoli, Nucleoli fibrillar center",Cytosol,Approved
DMXL2,Q8TDJ6,1,,,
DNA2,P51530,1,Mitochondria,,Supported
DNAAF1,Q8NEP3,1,"Plasma membrane, Cytosol",Nuclear speckles,Approved
DNAAF2,Q9NVR5,1,Cytosol,,Supported
DNAAF3,Q8N9W5,1,Mitochondria,Nuclear bodies,Approved
DNAAF4,Q8WXU2,1,"Plasma membrane, Cytosol",,Enhanced
DNAAF5,Q86Y56,1,Nucleoplasm,Cytosol,Approved
DNAAF6,Q9NQM4,1,,,
DNAH1,Q9P2D7,1,,,
DNAH10,Q8IVF4,1,,,
DNAH11,Q96DT5,1,,,
DNAH12,Q6ZR08,1,Centrosome,Cytosol,Approved
DNAH14,Q0VDD8,1,Centrosome,,Supported
DNAH17,Q9UFH2,1,"Nucleoplasm, Plasma membrane",Cytosol,Approved
DNAH2,Q9P225,1,Microtubules,,Approved
DNAH3,Q8TD57,1,,,
DNAH5,Q8TE73,1,,,
DNAH6,Q9C0G6,1,Plasma membrane,,Approved
DNAH7,Q8WXX0,1,Cytosol,,Supported
DNAH8,Q96JB1,1,,,
DNAH9,Q9NYC9,1,,,
DNAI1,Q9UI46,1,,,
DNAI2,Q9GZS0,1,,,
DNAI3,Q8IWG1,1,,,
DNAI4,Q5VTH9,1,,,
DNAJA1,P31689,1,Cytosol,Microtubules,Supported
DNAJA2,O60884,1,"Nucleoli, Cytosol",Intermediate filaments,Approved
DNAJA3,Q96EY1,1,Mitochondria,Vesicles,Supported
DNAJA4,Q8WW22,1,"Plasma membrane, Cytosol",,Approved
DNAJB1,P25685,1,Nucleoplasm,,Supported
DNAJB11,Q9UBS4,1,Endoplasmic reticulum,,Supported
DNAJB12,Q9NXW2,1,"Nuclear membrane, Endoplasmic reticulum",,Supported
DNAJB13,P59910,1,Plasma membrane,,Approved
DNAJB14,Q8TBM8,1,,,
DNAJB2,P25686,1,Nuclear membrane,,Enhanced
DNAJB4,Q9UDY4,1,Nucleoplasm,"Plasma membrane, Cytosol",Enhanced
DNAJB5,O75953,1,Nucleoplasm,Cytosol,Approved
DNAJB6,O75190,1,Nucleoplasm,Cytosol,Enhanced
DNAJB7,Q7Z6W7,1,,,
DNAJB8,Q8NHS0,1,,,
DNAJB9,Q9UBS3,1,"Endoplasmic reticulum, Cytosol",,Approved
DNAJC1,Q96KC8,1,Endoplasmic reticulum,,Approved
DNAJC10,Q8IXB1,1,,,
DNAJC11,Q9NVH1,1,Mitochondria,,Supported
DNAJC12,Q9UKB3,1,,,
DNAJC13,O75165,1,Vesicles,Cytosol,Supported
DNAJC14,Q6Y2X3,1,,,
DNAJC15,Q9Y5T4,1,,,
DNAJC16,Q9Y2G8,1,Vesicles,,Approved
DNAJC17,Q9NVM6,1,Nucleoplasm,,Approved
DNAJC18,Q9H819,1,Cell Junctions,Cytosol,Approved
DNAJC19,Q96DA6,1,,,
DNAJC2,Q99543,1,Cytosol,,Supported
DNAJC21,Q5F1R6,1,"Nucleoli, Cytosol",,Supported
DNAJC22,Q8N4W6,1,Vesicles,,Approved
DNAJC24,Q6P3W2,1,Cytosol,,Approved
DNAJC25,Q9H1X3,1,Nucleoplasm,Cytosol,Approved
DNAJC25-GNG10,,0,,,
DNAJC27,Q9NZQ0,1,Cytosol,,Approved
DNAJC28,Q9NX36,1,"Nucleoplasm, Centrosome",Cytosol,Approved
DNAJC3,Q13217,1,Endoplasmic reticulum,,Approved
DNAJC30,Q96LL9,1,,,
DNAJC4,Q9NNZ3,1,,,
DNAJC5,Q9H3Z4,1,"Golgi apparatus, Plasma membrane",Vesicles,Supported
DNAJC5B,Q9UF47,1,,,
DNAJC5G,Q8N7S2,1,,,
DNAJC6,O75061,1,Cytosol,"Nucleoplasm, Plasma membrane",Approved
DNAJC7,Q99615,1,Nucleoplasm,Cytosol,Supported
DNAJC8,O75937,1,Nucleoplasm,,Enhanced
DNAJC9,Q8WXX5,1,Nucleoplasm,Plasma membrane,Supported
DNAL1,Q4LDG9,1,"Nucleoplasm, Centriolar satellite",,Approved
DNAL4,O96015,1,Centrosome,"Nucleoplasm, Nucleoli, Cytosol",Approved
DNALI1,O14645,1,,,
DNASE1,P24855,1,Vesicles,,Supported
DNASE1L1,P49184,1,,,
DNASE1L2,Q92874,1,Mitochondria,,Uncertain
DNASE1L3,Q13609,1,,,
DNASE2,O00115,1,,,
DNASE2B,Q8WZ79,1,,,
DND1,Q8IYX4,1,Nucleoplasm,,Supported
DNER,Q8NFT8,1,,,
DNHD1,Q96M86,1,Nucleoplasm,Cytokinetic bridge,Approved
DNLZ,Q5SXM8,1,Mitochondria,Nucleoplasm,Supported
DNM1,Q05193,1,,,
DNM1L,O00429,1,Cytosol,Vesicles,Supported
DNM2,P50570,1,"Golgi apparatus, Cytosol",,Approved
DNM3,Q9UQ16,1,Golgi apparatus,,Approved
DNMBP,Q6XZF7,1,"Nucleoli, Golgi apparatus, Cytosol",Nuclear bodies,Approved
DNMT1,P26358,1,Nucleoplasm,,Supported
DNMT3A,Q9Y6K1,1,Nucleoplasm,,Supported
DNMT3B,Q9UBC3,1,Nucleoplasm,,Supported
DNMT3L,Q9UJW3,1,Nuclear speckles,,Approved
DNPEP,Q9ULA0,1,Cytosol,,Supported
DNPH1,O43598,1,Nucleoplasm,Cytosol,Approved
DNTT,P04053,1,Nucleoplasm,Cytosol,Supported
DNTTIP1,Q9H147,1,"Nucleoli, Nucleoli rim, Mitotic chromosome",Nucleoplasm,Supported
DNTTIP2,Q5QJE6,1,"Nucleoplasm, Nucleoli, Nucleoli rim",Mitotic chromosome,Enhanced
DOC2A,Q14183,1,Cell Junctions,"Nucleoplasm, Nucleoli",Uncertain
DOC2B,Q14184,1,,,
DOCK1,Q14185,1,Nucleoplasm,"Nuclear speckles, Cytosol",Uncertain
DOCK10,Q96BY6,1,"Nucleoplasm, Cytosol",,Supported
DOCK11,Q5JSL3,1,,,
DOCK2,Q92608,1,,,
DOCK3,Q8IZD9,1,Cytosol,,Enhanced
DOCK4,Q8N1I0,1,"Nucleoli, Plasma membrane","Golgi apparatus, Cytosol",Approved
DOCK5,Q9H7D0,1,Cytosol,,Enhanced
DOCK6,Q96HP0,1,Cytosol,,Supported
DOCK7,Q96N67,1,,,
DOCK8,Q8NF50,1,"Plasma membrane, Cytosol",,Supported
DOCK9,Q9BZ29,1,,,
DOHH,Q9BU89,1,Cytosol,"Nucleoplasm, Nucleoli",Approved
DOK1,Q99704,1,Cytosol,,Supported
DOK2,O60496,1,Cytosol,"Nucleoplasm, Nuclear bodies, Golgi apparatus",Approved
DOK3,Q7L591,1,Plasma membrane,"Nucleoplasm, Cytokinetic bridge, Cytosol",Supported
DOK4,Q8TEW6,1,Cytosol,,Approved
DOK5,Q9P104,1,Focal adhesion sites,,Approved
DOK6,Q6PKX4,1,"Focal adhesion sites, Cytosol",,Approved
DOK7,Q18PE1,1,Nucleoplasm,Mitochondria,Enhanced
DOLK,Q9UPQ8,1,"Nucleoplasm, Nucleoli",Cytosol,Supported
DOLPP1,Q86YN1,1,Vesicles,Intermediate filaments,Approved
DONSON,Q9NYP3,1,"Nucleoplasm, Cell Junctions",Cytosol,Approved
DOP1A,Q5JWR5,1,Nucleoplasm,Vesicles,Approved
DOP1B,Q9Y3R5,1,Nucleoplasm,Mitochondria,Approved
DOT1L,Q8TEK3,1,Nucleoplasm,,Enhanced
DPAGT1,Q9H3H5,1,,,
DPCD,Q9BVM2,1,Nuclear speckles,,Approved
DPEP1,P16444,1,"Nucleoplasm, Cell Junctions",,Approved
DPEP2,Q9H4A9,1,,,
DPEP2NB,A0A0U1RQF7,1,,,
DPEP3,Q9H4B8,1,,,
DPF1,Q92782,1,"Nucleoplasm, Cytosol",Mitochondria,Approved
DPF2,Q92785,1,Nucleoplasm,,Supported
DPF3,Q92784,1,Nucleoplasm,,Enhanced
DPH1,Q9BZG8,1,Nucleoplasm,Cell Junctions,Approved
DPH2,Q9BQC3,1,Nucleoplasm,,Approved
DPH3,Q96FX2,1,Nucleoplasm,Cytosol,Supported
DPH5,Q9H2P9,1,Golgi apparatus,Nucleoli,Approved
DPH6,Q7L8W6,1,"Nucleoli, Nucleoli rim",Nucleoplasm,Approved
DPH7,Q9BTV6,1,Nuclear bodies,,Approved
DPM1,O60762,1,,,
DPM2,O94777,1,,,
DPM3,Q9P2X0,1,,,
DPP10,Q8N608,1,,,
DPP3,Q9NY33,1,Cytosol,,Supported
DPP4,P27487,1,,,
DPP6,P42658,1,,,
DPP7,Q9UHL4,1,"Golgi apparatus, Vesicles",,Supported
DPP8,Q6V1X1,1,Cytosol,,Supported
DPP9,Q86TI2,1,Cytosol,,Supported
DPPA2,Q7Z7J5,1,Nucleoplasm,,Approved
DPPA3,Q6W0C5,1,,,
DPPA4,Q7L190,1,"Nucleoli, Nucleoli rim","Nucleoplasm, Mitotic chromosome, Cytosol",Approved
DPPA5,A6NC42,1,Cell Junctions,,Uncertain
DPRX,A6NFQ7,1,,,
DPT,Q07507,1,Vesicles,,Approved
DPY19L1,Q2PZI1,1,Vesicles,,Approved
DPY19L2,Q6NUT2,1,Mitochondria,Nucleoplasm,Approved
DPY19L3,Q6ZPD9,1,Microtubules,,Approved
DPY19L4,Q7Z388,1,Plasma membrane,"Nucleoplasm, Nuclear bodies, Cytosol",Approved
DPY30,Q9C005,1,Nucleoplasm,Golgi apparatus,Supported
DPYD,Q12882,1,,,
DPYS,Q14117,1,,,
DPYSL2,Q16555,1,Cytosol,Plasma membrane,Supported
DPYSL3,Q14195,1,Cytosol,,Approved
DPYSL4,O14531,1,Mitochondria,Vesicles,Approved
DPYSL5,Q9BPU6,1,Nucleoplasm,Cytosol,Approved
DQX1,Q8TE96,1,Nucleoli fibrillar center,,Approved
DR1,Q01658,1,Nucleoplasm,,Supported
DRAM1,Q8N682,1,,,
DRAM2,Q6UX65,1,"Golgi apparatus, Vesicles",,Enhanced
DRAP1,Q14919,1,Cytosol,,Approved
DRAXIN,Q8NBI3,1,,,
DRC1,Q96MC2,1,,,
DRC3,Q9H069,1,,,
DRC7,Q8IY82,1,,,
DRD1,P21728,1,Plasma membrane,Cytosol,Approved
DRD2,P14416,1,,,
DRD3,P35462,1,,,
DRD4,P21917,1,Plasma membrane,Centrosome,Uncertain
DRD5,P21918,1,,,
DRG1,Q9Y295,1,"Nucleoplasm, Nuclear bodies",Cytosol,Supported
DRG2,P55039,1,"Vesicles, Cytosol",Nucleoplasm,Supported
DRGX,A6NNA5,1,"Nucleoplasm, Nucleoli",Cytosol,Approved
DRICH1,Q6PGQ1,1,"Nucleoplasm, Nucleoli",,Approved
DROSHA,Q9NRR4,1,Nucleoplasm,Cytosol,Supported
DRP2,Q13474,1,"Nuclear speckles, Plasma membrane",,Approved
DSC1,Q08554,1,,,
DSC2,Q02487,1,Plasma membrane,Endoplasmic reticulum,Supported
DSC3,Q14574,1,"Plasma membrane, Cell Junctions",,Enhanced
DSCAM,O60469,1,Golgi apparatus,,Approved
DSCAML1,Q8TD84,1,,,
DSCC1,Q9BVC3,1,Nucleoplasm,,Approved
DSE,Q9UL01,1,,,
DSEL,Q8IZU8,1,Plasma membrane,Nucleoplasm,Approved
DSG1,Q02413,1,,,
DSG2,Q14126,1,Cell Junctions,,Supported
DSG3,P32926,1,,,
DSG4,Q86SJ6,1,,,
DSN1,Q9H410,1,Nucleoplasm,"Nucleoli fibrillar center, Nuclear bodies, Kinetochore, Cytosol",Supported
DSP,P15924,1,Cell Junctions,,Supported
DSPP,Q9NZW4,1,,,
DST,Q03001,1,"Nucleoplasm, Microtubules",Cytosol,Approved
DSTN,P60981,1,Plasma membrane,,Approved
DSTYK,Q6XUX3,1,,,
DTD1,Q8TEA8,1,"Nucleoli, Cytosol",,Uncertain
DTD2,Q96FN9,1,Vesicles,,Approved
DTHD1,Q6ZMT9,1,,,
DTL,Q9NZJ0,1,Nucleoplasm,"Nucleoli, Cytosol",Supported
DTNA,Q9Y4J8,1,"Cell Junctions, Intermediate filaments",Nucleoplasm,Approved
DTNB,O60941,1,Mitochondria,,Approved
DTNBP1,Q96EV8,1,Microtubules,Midbody,Enhanced
DTWD1,Q8N5C7,1,Nucleoli rim,"Nucleoplasm, Mitotic chromosome, Vesicles",Approved
DTWD2,Q8NBA8,1,Nuclear bodies,,Approved
DTX1,Q86Y01,1,"Nucleoplasm, Cytosol",Nuclear bodies,Supported
DTX2,Q86UW9,1,"Nucleoplasm, Nuclear membrane",,Supported
DTX3,Q8N9I9,1,"Nucleoplasm, Nucleoli",Golgi apparatus,Approved
DTX3L,Q8TDB6,1,"Nucleoplasm, Cytosol",,Supported
DTX4,Q9Y2E6,1,Vesicles,,Approved
DTYMK,P23919,1,Mitochondria,,Approved
DUOX1,Q9NRD9,1,,,
DUOX2,Q9NRD8,1,,,
DUOXA1,Q1HG43,1,,,
DUOXA2,Q1HG44,1,,,
DUS1L,Q6P1R4,1,Plasma membrane,,Approved
DUS2,Q9NX74,1,Cytosol,,Enhanced
DUS3L,Q96G46,1,Nucleoplasm,Cytosol,Approved
DUS4L,O95620,1,Cytosol,,Approved
DUS4L-BCAP29,Q9UHQ4,1,Cytosol,,Approved
DUSP1,P28562,1,Nucleoli,Cytosol,Approved
DUSP10,Q9Y6W6,1,"Nucleoplasm, Cytosol",,Supported
DUSP11,O75319,1,"Nucleoplasm, Nucleoli fibrillar center",Cytokinetic bridge,Supported
DUSP12,Q9UNI6,1,Nucleoplasm,,Supported
DUSP13,"Q6B8I1,Q9UII6",2,,,
DUSP14,O95147,1,"Nucleoplasm, Cytosol",,Approved
DUSP15,Q9H1R2,1,"Plasma membrane, Cytosol",,Approved
DUSP16,Q9BY84,1,Nucleoplasm,,Supported
DUSP18,Q8NEJ0,1,Nucleoplasm,,Supported
DUSP19,Q8WTR2,1,Nucleoplasm,,Approved
DUSP2,Q05923,1,Nuclear membrane,Nucleoplasm,Supported
DUSP21,Q9H596,1,,,
DUSP22,Q9NRW4,1,"Nucleoplasm, Vesicles",,Approved
DUSP23,Q9BVJ7,1,Nucleoplasm,,Supported
DUSP26,Q9BV47,1,Nucleoplasm,,Supported
DUSP28,Q4G0W2,1,Nuclear speckles,Cytosol,Uncertain
DUSP29,Q68J44,1,,,
DUSP3,P51452,1,Nucleoplasm,Cytosol,Supported
DUSP4,Q13115,1,Nucleoplasm,,Supported
DUSP5,Q16690,1,,,
DUSP6,Q16828,1,"Nucleoplasm, Cytosol",,Approved
DUSP7,Q16829,1,,,
DUSP8,Q13202,1,Cytosol,,Approved
DUSP9,Q99956,1,Endoplasmic reticulum,,Approved
DUT,P33316,1,Nucleoplasm,,Supported
DUX4,Q9UBX2,1,"Nucleoplasm, Nucleoli","Golgi apparatus, Cytosol",Approved
DUXA,A6NLW8,1,,,
DUXB,A0A1W2PPF3,1,,,
DVL1,O14640,1,,,
DVL2,O14641,1,Nucleoplasm,Nuclear bodies,Enhanced
DVL3,Q92997,1,Cytosol,,Approved
DXO,O77932,1,"Nucleoplasm, Cytosol",Plasma membrane,Approved
DYDC1,Q8WWB3,1,,,
DYDC2,Q96IM9,1,,,
DYM,Q7RTS9,1,Golgi apparatus,,Supported
DYNAP,Q8N1N2,1,,,
DYNC1H1,Q14204,1,"Centrosome, Cytosol",,Supported
DYNC1I1,O14576,1,,,
DYNC1I2,Q13409,1,"Endoplasmic reticulum, Cytosol","Nucleoli, Microtubules",Supported
DYNC1LI1,Q9Y6G9,1,"Centrosome, Cytosol",,Supported
DYNC1LI2,O43237,1,Centrosome,Cytosol,Approved
DYNC2H1,Q8NCM8,1,Mitochondria,"Nucleoplasm, Cytosol",Approved
DYNC2I1,Q8WVS4,1,Centriolar satellite,"Plasma membrane, Cytosol",Supported
DYNC2I2,Q96EX3,1,Cytosol,,Approved
DYNC2LI1,Q8TCX1,1,Cytosol,,Supported
DYNLL1,P63167,1,"Nucleoplasm, Cytosol",Nuclear bodies,Approved
DYNLL2,Q96FJ2,1,"Nucleoplasm, Cytosol",Nuclear bodies,Uncertain
DYNLRB1,Q9NP97,1,,,
DYNLRB2,Q8TF09,1,,,
DYNLT1,P63172,1,Nucleoplasm,,Approved
DYNLT2,Q8IZS6,1,,,
DYNLT2B,Q8WW35,1,Cytosol,,Approved
DYNLT3,P51808,1,,,
DYRK1A,Q13627,1,Cytosol,Nucleoli fibrillar center,Approved
DYRK1B,Q9Y463,1,Nucleoplasm,Mitotic chromosome,Supported
DYRK2,Q92630,1,Nucleoplasm,Cytosol,Supported
DYRK3,O43781,1,Nucleoplasm,Cytosol,Supported
DYRK4,Q9NR20,1,Vesicles,,Enhanced
DYSF,O75923,1,"Plasma membrane, Centriolar satellite",,Supported
DYTN,A2CJ06,1,,,
DZANK1,Q9NVP4,1,Nucleoli fibrillar center,,Approved
DZIP1,Q86YF9,1,Nucleoplasm,"Vesicles, Centrosome",Supported
DZIP1L,Q8IYY4,1,Microtubules,"Nucleoplasm, Cytokinetic bridge",Supported
DZIP3,Q86Y13,1,Vesicles,,Approved
E2F1,Q01094,1,"Nucleoplasm, Centrosome",,Supported
E2F2,Q14209,1,,,
E2F3,O00716,1,"Nucleoplasm, Nuclear speckles",Cytosol,Supported
E2F4,Q16254,1,Nucleoplasm,,Supported
E2F5,Q15329,1,Nucleoplasm,"Nucleoli, Vesicles",Supported
E2F6,O75461,1,Nucleoplasm,,Supported
E2F7,Q96AV8,1,Nuclear speckles,,Supported
E2F8,A0AVK6,1,Nucleoli,"Nucleoplasm, Cytosol",Supported
E4F1,Q66K89,1,Nucleoplasm,,Supported
EAF1,Q96JC9,1,"Nucleoplasm, Nuclear bodies",Vesicles,Approved
EAF2,Q96CJ1,1,,,
EAPP,Q56P03,1,Golgi apparatus,"Nucleoplasm, Cytosol",Approved
EARS2,Q5JPH6,1,Mitochondria,Nucleoplasm,Approved
EBAG9,O00559,1,Golgi apparatus,,Enhanced
EBF1,Q9UH73,1,Nucleoplasm,Vesicles,Approved
EBF2,Q9HAK2,1,Nucleoplasm,Nuclear bodies,Approved
EBF3,Q9H4W6,1,Nucleoplasm,Vesicles,Approved
EBF4,Q9BQW3,1,,,
EBI3,Q14213,1,,,
EBLN1,P0CF75,1,,,
EBLN2,Q6P2I7,1,Nuclear bodies,Nucleoplasm,Approved
EBNA1BP2,Q99848,1,"Nucleoli, Nucleoli rim",Mitotic chromosome,Enhanced
EBP,Q15125,1,"Nuclear membrane, Endoplasmic reticulum",,Supported
EBPL,Q9BY08,1,Endoplasmic reticulum,,Supported
ECD,O95905,1,"Nucleoplasm, Cytosol",,Supported
ECE1,P42892,1,,,
ECE2,P0DPD6,1,,,
ECEL1,O95672,1,Nucleoplasm,"Nuclear membrane, Nucleoli",Approved
ECH1,Q13011,1,Mitochondria,,Supported
ECHDC1,Q9NTX5,1,Vesicles,,Approved
ECHDC2,Q86YB7,1,Mitochondria,,Approved
ECHDC3,Q96DC8,1,,,
ECHS1,P30084,1,Mitochondria,,Enhanced
ECI1,P42126,1,Mitochondria,,Enhanced
ECI2,O75521,1,"Peroxisomes, Mitochondria",,Enhanced
ECM1,Q16610,1,Cytosol,Nucleoplasm,Approved
ECM2,O94769,1,"Centrosome, Cytosol",Mitotic spindle,Uncertain
ECPAS,Q5VYK3,1,Nucleoplasm,,Supported
ECRG4,Q9H1Z8,1,,,
ECSCR,Q19T08,1,"Vesicles, Plasma membrane",Nucleoplasm,Supported
ECSIT,Q9BQ95,1,Nucleoplasm,Cytosol,Supported
ECT2,Q9H8V3,1,Nucleoplasm,Cytosol,Enhanced
ECT2L,Q008S8,1,,,
EDA,Q92838,1,Vesicles,Lipid droplets,Supported
EDA2R,Q9HAV5,1,Cell Junctions,,Approved
EDAR,Q9UNE0,1,,,
EDARADD,Q8WWZ3,1,Nucleoplasm,Cytosol,Approved
EDC3,Q96F86,1,Cytoplasmic bodies,,Supported
EDC4,Q6P2E9,1,Cytoplasmic bodies,Nucleoplasm,Enhanced
EDDM13,A0A1B0GTR0,1,,,
EDDM3A,Q14507,1,,,
EDDM3B,P56851,1,,,
EDEM1,Q92611,1,Endoplasmic reticulum,Aggresome,Enhanced
EDEM2,Q9BV94,1,,,
EDEM3,Q9BZQ6,1,Endoplasmic reticulum,,Approved
EDF1,O60869,1,"Nucleoplasm, Cytosol",,Supported
EDIL3,O43854,1,Plasma membrane,,Uncertain
EDN1,P05305,1,"Nucleoli, Golgi apparatus",Nucleoplasm,Approved
EDN2,P20800,1,Cytosol,,Approved
EDN3,P14138,1,,,
EDNRA,P25101,1,"Plasma membrane, Cytosol",,Approved
EDNRB,P24530,1,Plasma membrane,Cytosol,Supported
EDRF1,Q3B7T1,1,Nucleoplasm,"Centrosome, Cytosol",Approved
EEA1,Q15075,1,Vesicles,,Supported
EED,O75530,1,Nucleoplasm,Cytosol,Supported
EEF1A1,P68104,1,Cytosol,,Supported
EEF1A2,Q05639,1,Cytosol,Nucleoli,Approved
EEF1AKMT1,Q8WVE0,1,"Plasma membrane, Cytosol",,Approved
EEF1AKMT2,Q5JPI9,1,"Nucleoplasm, Cytosol",,Supported
EEF1AKMT3,Q96AZ1,1,Centrosome,"Nucleoplasm, Mitotic chromosome",Approved
EEF1AKMT4,P0DPD7,1,"Nucleoplasm, Cytosol",,Uncertain
EEF1AKMT4-ECE2,P0DPD8,1,"Nucleoplasm, Cytosol",,Uncertain
EEF1AKNMT,Q8N6R0,1,Cytosol,,Enhanced
EEF1B2,P24534,1,"Nucleoli fibrillar center, Cytosol",,Approved
EEF1D,P29692,1,"Nucleoplasm, Nucleoli fibrillar center",,Supported
EEF1E1,O43324,1,"Nucleoplasm, Cytosol",,Supported
EEF1G,P26641,1,Cytosol,Golgi apparatus,Approved
EEF2,P13639,1,"Plasma membrane, Cytosol",,Enhanced
EEF2K,O00418,1,Nucleoplasm,,Approved
EEF2KMT,Q96G04,1,Vesicles,,Uncertain
EEFSEC,P57772,1,"Nucleoplasm, Nuclear bodies",Cytosol,Approved
EEPD1,Q7L9B9,1,Nuclear speckles,Vesicles,Approved
EFCAB1,Q9HAE3,1,Nucleoplasm,Plasma membrane,Approved
EFCAB10,A6NFE3,1,,,
EFCAB11,Q9BUY7,1,"Cell Junctions, Cytosol",,Approved
EFCAB12,Q6NXP0,1,Nucleoplasm,"Nuclear bodies, Midbody ring",Approved
EFCAB13,Q8IY85,1,"Nucleoplasm, Cytosol",Nuclear speckles,Enhanced
EFCAB14,O75071,1,Cytosol,"Nucleoli, Golgi apparatus",Approved
EFCAB2,Q5VUJ9,1,"Plasma membrane, Cytosol",,Approved
EFCAB3,Q8N7B9,1,,,
EFCAB5,A4FU69,1,,,
EFCAB6,Q5THR3,1,Nucleoplasm,,Uncertain
EFCAB7,A8K855,1,Cytosol,Nucleoli,Approved
EFCAB8,A8MWE9,1,,,
EFCAB9,A8MZ26,1,,,
EFCC1,Q9HA90,1,,,
EFEMP1,Q12805,1,Mitochondria,,Supported
EFEMP2,O95967,1,,,
EFHB,Q8N7U6,1,Cytosol,Vesicles,Approved
EFHC1,Q5JVL4,1,,,
EFHC2,Q5JST6,1,"Nucleoplasm, Nucleoli fibrillar center",Plasma membrane,Approved
EFHD1,Q9BUP0,1,Golgi apparatus,Nucleoli fibrillar center,Supported
EFHD2,Q96C19,1,Cytosol,,Approved
EFL1,Q7Z2Z2,1,Cytosol,,Approved
EFNA1,P20827,1,,,
EFNA2,O43921,1,"Mitochondria, Cytosol",,Approved
EFNA3,P52797,1,,,
EFNA4,P52798,1,,,
EFNA5,P52803,1,"Vesicles, Cytosol",,Approved
EFNB1,P98172,1,Plasma membrane,,Supported
EFNB2,P52799,1,Nucleoplasm,Cytosol,Supported
EFNB3,Q15768,1,,,
EFR3A,Q14156,1,"Plasma membrane, Cytosol",,Supported
EFR3B,Q9Y2G0,1,Plasma membrane,"Actin filaments, Cytosol",Supported
EFS,O43281,1,Nucleoplasm,Cytosol,Uncertain
EFTUD2,Q15029,1,Nucleoplasm,"Vesicles, Cytosol",Approved
EGF,P01133,1,,,
EGFL6,Q8IUX8,1,,,
EGFL7,Q9UHF1,1,,,
EGFL8,Q99944,1,Vesicles,Nuclear speckles,Approved
EGFLAM,Q63HQ2,1,,,
EGFR,P00533,1,"Plasma membrane, Cell Junctions",,Enhanced
EGLN1,Q9GZT9,1,Cytosol,Vesicles,Supported
EGLN2,Q96KS0,1,Nucleoplasm,,Supported
EGLN3,Q9H6Z9,1,Cytosol,,Supported
EGR1,P18146,1,Nucleoplasm,,Enhanced
EGR2,P11161,1,Nucleoplasm,,Supported
EGR3,Q06889,1,Nucleoplasm,Vesicles,Uncertain
EGR4,Q05215,1,,,
EHBP1,Q8NDI1,1,Plasma membrane,Cytosol,Enhanced
EHBP1L1,Q8N3D4,1,"Vesicles, Plasma membrane",,Approved
EHD1,Q9H4M9,1,Plasma membrane,,Supported
EHD2,Q9NZN4,1,Plasma membrane,,Supported
EHD3,Q9NZN3,1,Plasma membrane,,Approved
EHD4,Q9H223,1,Plasma membrane,,Approved
EHF,Q9NZC4,1,Nucleoplasm,Golgi apparatus,Supported
EHHADH,Q08426,1,,,
EHMT1,Q9H9B1,1,"Nucleoplasm, Nuclear bodies",,Supported
EHMT2,Q96KQ7,1,"Nucleoplasm, Nuclear speckles",,Supported
EI24,O14681,1,"Endoplasmic reticulum, Cytosol",Golgi apparatus,Supported
EID1,Q9Y6B2,1,Nucleoplasm,,Supported
EID2,Q8N6I1,1,Nucleoplasm,,Supported
EID2B,Q96D98,1,,,
EID3,Q8N140,1,"Nucleoplasm, Nucleoli",,Supported
EIF1,P41567,1,,,
EIF1AD,Q8N9N8,1,"Nucleoplasm, Vesicles",Cytosol,Approved
EIF1AX,P47813,1,Cytosol,,Approved
EIF1AY,O14602,1,Cytosol,,Approved
EIF1B,O60739,1,,,
EIF2A,Q9BY44,1,Mitochondria,Cytosol,Approved
EIF2AK1,Q9BQI3,1,Nucleoplasm,Cytosol,Supported
EIF2AK2,P19525,1,Cytosol,,Enhanced
EIF2AK3,Q9NZJ5,1,,,
EIF2AK4,Q9P2K8,1,Cytosol,,Approved
EIF2B1,Q14232,1,Cytosol,,Approved
EIF2B2,P49770,1,"Plasma membrane, Focal adhesion sites",Nucleoplasm,Approved
EIF2B3,Q9NR50,1,"Vesicles, Cytosol",,Supported
EIF2B4,Q9UI10,1,Endoplasmic reticulum,,Approved
EIF2B5,Q13144,1,Cytosol,,Enhanced
EIF2D,P41214,1,Cytosol,Nuclear bodies,Supported
EIF2S1,P05198,1,Cytosol,,Enhanced
EIF2S2,P20042,1,Endoplasmic reticulum,Nucleoli,Supported
EIF2S3,P41091,1,,,
EIF2S3B,Q2VIR3,1,,,
EIF3A,Q14152,1,"Nucleoplasm, Cytosol",,Supported
EIF3B,P55884,1,Cytosol,Nucleoplasm,Approved
EIF3C,Q99613,1,Cytosol,,Supported
EIF3CL,B5ME19,1,Cytosol,,Approved
EIF3D,O15371,1,Cytosol,,Supported
EIF3E,P60228,1,Cytosol,,Supported
EIF3F,O00303,1,,,
EIF3G,O75821,1,Cytosol,,Enhanced
EIF3H,O15372,1,Cytosol,,Approved
EIF3I,Q13347,1,Cytosol,,Approved
EIF3J,O75822,1,Cytosol,,Approved
EIF3K,Q9UBQ5,1,Cytosol,,Supported
EIF3L,Q9Y262,1,Nucleoli,Nucleoplasm,Approved
EIF3M,Q7L2H7,1,Cytosol,,Approved
EIF4A1,P60842,1,Cytosol,,Approved
EIF4A2,Q14240,1,Cytosol,,Approved
EIF4A3,P38919,1,Nucleoplasm,,Supported
EIF4B,P23588,1,Cytosol,,Supported
EIF4E,P06730,1,"Cytosol, Cytoplasmic bodies",Nucleoplasm,Supported
EIF4E1B,A6NMX2,1,,,
EIF4E2,O60573,1,Mitochondria,Cytosol,Enhanced
EIF4E3,Q8N5X7,1,Nucleoli fibrillar center,,Approved
EIF4EBP1,Q13541,1,"Nucleoplasm, Cytosol",,Supported
EIF4EBP2,Q13542,1,"Nucleoplasm, Mitochondria",,Approved
EIF4EBP3,O60516,1,,,
EIF4ENIF1,Q9NRA8,1,Vesicles,,Enhanced
EIF4G1,Q04637,1,Cytosol,,Enhanced
EIF4G2,P78344,1,Cytosol,,Enhanced
EIF4G3,O43432,1,Cytosol,,Approved
EIF4H,Q15056,1,Cytosol,"Nucleoplasm, Nuclear bodies",Approved
EIF5,P55010,1,Cytosol,,Enhanced
EIF5A,P63241,1,Cytosol,"Nucleoplasm, Plasma membrane",Supported
EIF5A2,Q9GZV4,1,Vesicles,,Supported
EIF5AL1,Q6IS14,1,Cytosol,Plasma membrane,Approved
EIF5B,O60841,1,Cytosol,Plasma membrane,Approved
EIF6,P56537,1,Nucleoplasm,,Supported
EIPR1,Q53HC9,1,"Nucleoplasm, Nucleoli",Intermediate filaments,Supported
ELAC1,Q9H777,1,Nucleoplasm,Cytosol,Supported
ELAC2,Q9BQ52,1,Nucleoplasm,,Supported
ELANE,P08246,1,,,
ELAPOR1,Q6UXG2,1,Plasma membrane,,Supported
ELAPOR2,A8MWY0,1,Endoplasmic reticulum,,Approved
ELAVL1,Q15717,1,Nucleoplasm,"Nucleoli, Cytosol",Supported
ELAVL2,Q12926,1,Nucleoplasm,Cytosol,Approved
ELAVL3,Q14576,1,,,
ELAVL4,P26378,1,"Nucleoplasm, Vesicles",,Approved
ELF1,P32519,1,Nucleoplasm,,Supported
ELF2,Q15723,1,Nucleoplasm,Nuclear bodies,Supported
ELF3,P78545,1,Nucleoplasm,,Enhanced
ELF4,Q99607,1,Nuclear bodies,Nucleoplasm,Supported
ELF5,Q9UKW6,1,Nucleoplasm,,Approved
ELFN1,P0C7U0,1,"Nucleoplasm, Cell Junctions",,Approved
ELFN2,Q5R3F8,1,"Nucleoplasm, Vesicles",,Approved
ELK1,P19419,1,Nucleoplasm,,Enhanced
ELK3,P41970,1,Nucleoplasm,Mitochondria,Supported
ELK4,P28324,1,Nucleoplasm,,Supported
ELL,P55199,1,Nucleoplasm,"Nuclear bodies, Cytosol",Supported
ELL2,O00472,1,Nucleoplasm,,Supported
ELL3,Q9HB65,1,"Nucleoplasm, Nucleoli",Mitotic chromosome,Supported
ELMO1,Q92556,1,,,
ELMO2,Q96JJ3,1,Cytosol,,Supported
ELMO3,Q96BJ8,1,"Plasma membrane, Cell Junctions",,Approved
ELMOD1,Q8N336,1,Nucleoplasm,Nuclear speckles,Approved
ELMOD2,Q8IZ81,1,"Nuclear bodies, Actin filaments","Nucleoplasm, Cytosol",Approved
ELMOD3,Q96FG2,1,,,
ELN,P15502,1,Plasma membrane,,Approved
ELOA,Q14241,1,Nuclear speckles,Cytosol,Approved
ELOA2,Q8IYF1,1,Nucleoplasm,"Nucleoli, Cytosol",Approved
ELOA3CP,,0,Nucleoplasm,"Nucleoli, Cytosol",Approved
ELOB,Q15370,1,,,
ELOC,Q15369,1,Vesicles,"Nucleoli, Cell Junctions",Approved
ELOF1,P60002,1,Cytosol,,Approved
ELOVL1,Q9BW60,1,Endoplasmic reticulum,,Supported
ELOVL2,Q9NXB9,1,,,
ELOVL3,Q9HB03,1,"Vesicles, Cytosol",,Approved
ELOVL4,Q9GZR5,1,,,
ELOVL5,Q9NYP7,1,Endoplasmic reticulum,,Supported
ELOVL6,Q9H5J4,1,,,
ELOVL7,A1L3X0,1,,,
ELP1,O95163,1,Cytosol,Nucleoplasm,Supported
ELP2,Q6IA86,1,Cytosol,Nucleoplasm,Supported
ELP3,Q9H9T3,1,Cytosol,,Enhanced
ELP4,Q96EB1,1,Nucleoplasm,,Supported
ELP5,Q8TE02,1,"Nucleoplasm, Cytosol",,Supported
ELP6,Q0PNE2,1,"Nucleoplasm, Cytosol",Centrosome,Approved
ELSPBP1,Q96BH3,1,,,
EMB,Q6PCB8,1,,,
EMC1,Q8N766,1,,,
EMC10,Q5UCC4,1,,,
EMC2,Q15006,1,,,
EMC3,Q9P0I2,1,,,
EMC4,Q5J8M3,1,,,
EMC6,Q9BV81,1,Centrosome,Nucleoplasm,Approved
EMC7,Q9NPA0,1,,,
EMC8,O43402,1,Endoplasmic reticulum,Golgi apparatus,Supported
EMC9,Q9Y3B6,1,,,
EMCN,Q9ULC0,1,,,
EMD,P50402,1,Nuclear membrane,Endoplasmic reticulum,Enhanced
EME1,Q96AY2,1,Nucleoplasm,,Uncertain
EME2,A4GXA9,1,,,
EMG1,Q92979,1,Nucleoli rim,"Nucleoplasm, Mitotic chromosome",Supported
EMID1,Q96A84,1,,,
EMILIN1,Q9Y6C2,1,,,
EMILIN2,Q9BXX0,1,,,
EMILIN3,Q9NT22,1,Golgi apparatus,,Uncertain
EML1,O00423,1,,,
EML2,O95834,1,Vesicles,,Approved
EML3,Q32P44,1,,,
EML4,Q9HC35,1,Microtubules,Cytosol,Supported
EML5,Q05BV3,1,,,
EML6,Q6ZMW3,1,Mitochondria,Vesicles,Approved
EMP1,P54849,1,Vesicles,,Approved
EMP2,P54851,1,Nucleoplasm,Cytosol,Approved
EMP3,P54852,1,"Vesicles, Plasma membrane",,Approved
EMSY,Q7Z589,1,Nucleoplasm,,Supported
EMX1,Q04741,1,"Nucleoli, Nucleoli rim",Mitotic chromosome,Supported
EMX2,Q04743,1,Nucleoplasm,,Approved
EN1,Q05925,1,Nucleoli rim,Nucleoplasm,Approved
EN2,P19622,1,Nucleoplasm,"Nucleoli, Nucleoli fibrillar center",Supported
ENAH,Q8N8S7,1,"Plasma membrane, Focal adhesion sites, Cytosol",,Enhanced
ENAM,Q9NRM1,1,,,
ENC1,O14682,1,Plasma membrane,,Uncertain
ENDOD1,O94919,1,Nuclear membrane,,Approved
ENDOG,Q14249,1,,,
ENDOU,P21128,1,,,
ENDOV,Q8N8Q3,1,,,
ENG,P17813,1,Plasma membrane,Nuclear bodies,Supported
ENGASE,Q8NFI3,1,Cytosol,Centrosome,Approved
ENHO,Q6UWT2,1,,,
ENKD1,Q9H0I2,1,Plasma membrane,"Centrosome, Cytosol",Approved
ENKUR,Q8TC29,1,,,
ENO1,P06733,1,"Plasma membrane, Cytosol",,Enhanced
ENO2,P09104,1,"Plasma membrane, Cytosol",,Enhanced
ENO3,P13929,1,"Plasma membrane, Cytosol",,Enhanced
ENO4,A6NNW6,1,Mitochondria,Nucleoplasm,Approved
ENOPH1,Q9UHY7,1,Nucleoplasm,"Nucleoli, Nuclear bodies",Approved
ENOSF1,Q7L5Y1,1,,,
ENOX1,Q8TC92,1,Plasma membrane,,Supported
ENOX2,Q16206,1,Cytosol,Plasma membrane,Approved
ENPEP,Q07075,1,,,
ENPP1,P22413,1,,,
ENPP2,Q13822,1,"Nucleoplasm, Golgi apparatus",Actin filaments,Approved
ENPP3,O14638,1,,,
ENPP4,Q9Y6X5,1,,,
ENPP5,Q9UJA9,1,Cytosol,Nucleoplasm,Approved
ENPP6,Q6UWR7,1,Golgi apparatus,,Approved
ENPP7,Q6UWV6,1,,,
ENSA,O43768,1,"Nucleoplasm, Nucleoli","Microtubules, Cytosol",Approved
ENTHD1,Q8IYW4,1,,,
ENTPD1,P49961,1,Microtubules,,Uncertain
ENTPD2,Q9Y5L3,1,,,
ENTPD3,O75355,1,,,
ENTPD4,Q9Y227,1,Vesicles,,Approved
ENTPD5,O75356,1,,,
ENTPD6,O75354,1,Golgi apparatus,,Supported
ENTPD7,Q9NQZ7,1,Nucleoplasm,,Approved
ENTPD8,Q5MY95,1,"Nucleoplasm, Cytosol",Vesicles,Approved
ENTR1,Q96C92,1,,,
ENY2,Q9NPA8,1,"Nucleoplasm, Mitochondria",,Approved
EOGT,Q5NDL2,1,"Nucleoplasm, Nuclear membrane",Cytosol,Approved
EOLA1,Q8TE69,1,,,
EOLA2,Q96DE9,1,,,
EOMES,O95936,1,Nucleoplasm,"Golgi apparatus, Cytosol",Approved
EP300,Q09472,1,Nucleoplasm,,Enhanced
EP400,Q96L91,1,Nucleoplasm,,Supported
EPAS1,Q99814,1,Nucleoplasm,"Actin filaments, Cytokinetic bridge, Cytosol",Approved
EPB41,P11171,1,"Plasma membrane, Cell Junctions","Nuclear bodies, Cytokinetic bridge, Mitotic spindle, Cytosol",Supported
EPB41L1,Q9H4G0,1,Plasma membrane,,Supported
EPB41L2,O43491,1,Plasma membrane,"Nucleoplasm, Cell Junctions",Enhanced
EPB41L3,Q9Y2J2,1,"Plasma membrane, Cell Junctions",,Enhanced
EPB41L4A,Q9HCS5,1,Plasma membrane,Nucleoplasm,Approved
EPB41L4B,Q9H329,1,"Plasma membrane, Cytosol",,Approved
EPB41L5,Q9HCM4,1,Plasma membrane,,Enhanced
EPB42,P16452,1,"Nucleoplasm, Cytosol",,Uncertain
EPC1,Q9H2F5,1,Nucleoplasm,,Supported
EPC2,Q52LR7,1,Nuclear speckles,,Approved
EPCAM,P16422,1,Plasma membrane,,Supported
EPDR1,Q9UM22,1,,,
EPG5,Q9HCE0,1,Nuclear speckles,,Approved
EPGN,Q6UW88,1,"Nucleoplasm, Cytosol",Vesicles,Approved
EPHA1,P21709,1,,,
EPHA10,Q5JZY3,1,,,
EPHA2,P29317,1,"Plasma membrane, Cell Junctions","Nuclear speckles, Golgi apparatus",Supported
EPHA3,P29320,1,"Nuclear membrane, Plasma membrane, Cytosol","Nucleoplasm, Actin filaments",Supported
EPHA4,P54764,1,,,
EPHA5,P54756,1,,,
EPHA6,Q9UF33,1,Nucleoplasm,,Enhanced
EPHA7,Q15375,1,,,
EPHA8,P29322,1,,,
EPHB1,P54762,1,"Endoplasmic reticulum, Plasma membrane, Cytosol",,Approved
EPHB2,P29323,1,Plasma membrane,Nucleoplasm,Supported
EPHB3,P54753,1,,,
EPHB4,P54760,1,,,
EPHB6,,0,Nuclear speckles,,Uncertain
EPHX1,P07099,1,,,
EPHX2,P34913,1,Cytosol,,Enhanced
EPHX3,Q9H6B9,1,Nucleoplasm,,Approved
EPHX4,Q8IUS5,1,Vesicles,,Approved
EPM2A,O95278,1,Nucleoplasm,,Supported
EPM2AIP1,Q7L775,1,,,
EPN1,Q9Y6I3,1,"Plasma membrane, Cytosol","Nucleoplasm, Vesicles",Supported
EPN2,O95208,1,Vesicles,,Supported
EPN3,Q9H201,1,Vesicles,Nucleoplasm,Supported
EPO,P01588,1,,,
EPOP,A6NHQ4,1,Nucleoplasm,"Cytosol, Cytoplasmic bodies",Supported
EPOR,P19235,1,Plasma membrane,Nuclear speckles,Supported
EPPIN,O95925,1,,,
EPPIN-WFDC6,O95925,1,,,
EPPK1,P58107,1,Intermediate filaments,,Enhanced
EPRS1,P07814,1,Cytosol,,Enhanced
EPS15,P42566,1,"Vesicles, Cytosol",,Enhanced
EPS15L1,Q9UBC2,1,Vesicles,,Approved
EPS8,Q12929,1,Plasma membrane,,Approved
EPS8L1,Q8TE68,1,Cytosol,,Supported
EPS8L2,Q9H6S3,1,"Centrosome, Cytosol",,Supported
EPS8L3,Q8TE67,1,Vesicles,,Approved
EPSTI1,Q96J88,1,,,
EPX,P11678,1,,,
EPYC,Q99645,1,,,
EQTN,Q9NQ60,1,"Plasma membrane, Actin filaments",,Approved
ERAL1,O75616,1,Mitochondria,Cytosol,Enhanced
ERAP1,Q9NZ08,1,"Nucleoplasm, Cytosol",Plasma membrane,Approved
ERAP2,Q6P179,1,Golgi apparatus,,Approved
ERAS,Q7Z444,1,,,
ERBB2,P04626,1,Plasma membrane,"Nucleoplasm, Cytosol",Supported
ERBB3,P21860,1,Plasma membrane,Actin filaments,Supported
ERBB4,Q15303,1,,,
ERBIN,Q96RT1,1,"Nuclear speckles, Plasma membrane",,Supported
ERC1,Q8IUD2,1,Cytosol,"Vesicles, Plasma membrane",Supported
ERC2,O15083,1,,,
ERCC1,P07992,1,Nucleoplasm,,Supported
ERCC2,P18074,1,Nucleoplasm,Cytosol,Supported
ERCC3,P19447,1,Nucleoplasm,Vesicles,Supported
ERCC4,Q92889,1,"Nucleoplasm, Nuclear bodies",Plasma membrane,Supported
ERCC5,P28715,1,Nucleoplasm,,Supported
ERCC6,"P0DP91,Q03468",2,Nucleoplasm,Nuclear bodies,Approved
ERCC6L,Q2NKX8,1,Centrosome,"Nucleoplasm, Cytosol",Uncertain
ERCC6L2,Q5T890,1,"Nucleoplasm, Cytosol",,Approved
ERCC8,Q13216,1,Nuclear speckles,,Approved
EREG,O14944,1,Vesicles,,Approved
ERF,P50548,1,Nucleoplasm,Cytosol,Supported
ERFE,Q4G0M1,1,,,
ERFL,A0A1W2PQ73,1,,,
ERG,P11308,1,Nucleoplasm,Cytosol,Supported
ERG28,Q9UKR5,1,,,
ERGIC1,Q969X5,1,"Nucleoplasm, Vesicles",,Enhanced
ERGIC2,Q96RQ1,1,"Golgi apparatus, Vesicles",Nucleoli rim,Supported
ERGIC3,Q9Y282,1,,,
ERH,P84090,1,Nucleoplasm,Cytosol,Approved
ERI1,Q8IV48,1,Microtubules,Vesicles,Approved
ERI2,A8K979,1,Nucleoplasm,Golgi apparatus,Approved
ERI3,O43414,1,"Nucleoplasm, Cytosol",,Approved
ERICH1,Q86X53,1,Nucleoli fibrillar center,"Nucleoplasm, Cytosol",Approved
ERICH2,A1L162,1,Nucleoli fibrillar center,Vesicles,Approved
ERICH3,Q5RHP9,1,,,
ERICH4,A6NGS2,1,Nucleoplasm,Cytosol,Approved
ERICH5,Q6P6B1,1,Golgi apparatus,"Nucleoplasm, Cytosol",Approved
ERICH6,Q7L0X2,1,,,
ERICH6B,Q5W0A0,1,,,
ERLEC1,Q96DZ1,1,,,
ERLIN1,O75477,1,Endoplasmic reticulum,,Supported
ERLIN2,O94905,1,Endoplasmic reticulum,,Supported
ERMAP,Q96PL5,1,Golgi apparatus,Cytosol,Approved
ERMARD,Q5T6L9,1,Cytosol,,Approved
ERMN,Q8TAM6,1,Plasma membrane,Cytosol,Approved
ERMP1,Q7Z2K6,1,,,
ERN1,O75460,1,,,
ERN2,Q76MJ5,1,"Endoplasmic reticulum, Cytosol",,Approved
ERO1A,Q96HE7,1,,,
ERO1B,Q86YB8,1,,,
ERP27,Q96DN0,1,,,
ERP29,P30040,1,Microtubules,Nucleoplasm,Uncertain
ERP44,Q9BS26,1,,,
ERRFI1,Q9UJM3,1,Cytosol,,Supported
ERV3-1,Q14264,1,Vesicles,"Golgi apparatus, Cytosol",Approved
ERVFRD-1,P60508,1,"Plasma membrane, Actin filaments","Nucleoplasm, Cytosol",Uncertain
ERVH48-1,M5A8F1,1,,,
ERVK3-1,,0,,,
ERVMER34-1,Q9H9K5,1,Nucleoplasm,Cytosol,Approved
ERVV-1,B6SEH8,1,Cytosol,Centrosome,Approved
ERVV-2,B6SEH9,1,Cytosol,Centrosome,Approved
ERVW-1,Q9UQF0,1,,,
ESAM,Q96AP7,1,Cell Junctions,Cytosol,Approved
ESCO1,Q5FWF5,1,,,
ESCO2,Q56NI9,1,"Nucleoplasm, Golgi apparatus",Cell Junctions,Supported
ESD,P10768,1,Golgi apparatus,"Nucleoplasm, Cytosol",Approved
ESF1,Q9H501,1,"Nucleoplasm, Nucleoli",,Approved
ESM1,Q9NQ30,1,,,
ESPL1,Q14674,1,Nucleoplasm,Vesicles,Supported
ESPN,B1AK53,1,Vesicles,,Approved
ESPNL,Q6ZVH7,1,,,
ESR1,P03372,1,Vesicles,Nucleoplasm,Approved
ESR2,Q92731,1,Nucleoplasm,Vesicles,Supported
ESRP1,Q6NXG1,1,Nuclear bodies,Nucleoplasm,Enhanced
ESRP2,Q9H6T0,1,Nucleoplasm,,Enhanced
ESRRA,P11474,1,"Nucleoplasm, Nucleoli fibrillar center, Microtubules",Cytokinetic bridge,Supported
ESRRB,O95718,1,Nucleoplasm,Cytosol,Supported
ESRRG,P62508,1,Nucleoplasm,,Approved
ESS2,Q96DF8,1,Nucleoplasm,,Approved
ESX1,Q8N693,1,Nuclear speckles,,Supported
ESYT1,Q9BSJ8,1,Endoplasmic reticulum,,Supported
ESYT2,A0FGR8,1,"Plasma membrane, Cytosol",,Approved
ESYT3,A0FGR9,1,,,
ETAA1,Q9NY74,1,Nucleoplasm,Cytosol,Supported
ETDA,Q3ZM63,1,,,
ETDB,P0DPP9,1,,,
ETDC,A0A1B0GVM5,1,,,
ETF1,P62495,1,,,
ETFA,P13804,1,Mitochondria,,Enhanced
ETFB,P38117,1,Mitochondria,,Enhanced
ETFBKMT,Q8IXQ9,1,,,
ETFDH,Q16134,1,,,
ETFRF1,Q6IPR1,1,,,
ETHE1,O95571,1,Mitochondria,,Enhanced
ETNK1,Q9HBU6,1,"Nucleoplasm, Plasma membrane, Cytosol",,Approved
ETNK2,Q9NVF9,1,,,
ETNPPL,Q8TBG4,1,Nucleoplasm,,Approved
ETS1,P14921,1,Nucleoplasm,,Enhanced
ETS2,P15036,1,Nucleoplasm,"Plasma membrane, Cytosol",Enhanced
ETV1,P50549,1,Nucleoplasm,,Approved
ETV2,O00321,1,,,
ETV3,P41162,1,Nucleoplasm,Vesicles,Approved
ETV3L,Q6ZN32,1,,,
ETV4,P43268,1,Nucleoli rim,Mitotic chromosome,Supported
ETV5,P41161,1,Nucleoplasm,,Supported
ETV6,P41212,1,Nucleoli,Cytosol,Approved
ETV7,Q9Y603,1,Nucleoplasm,,Supported
EVA1A,Q9H8M9,1,Vesicles,Plasma membrane,Supported
EVA1B,Q9NVM1,1,Plasma membrane,Nucleoplasm,Approved
EVA1C,P58658,1,,,
EVC,P57679,1,,,
EVC2,Q86UK5,1,"Microtubules, Cytokinetic bridge","Nucleoplasm, Cytosol",Approved
EVI2A,P22794,1,Nucleoplasm,Nuclear bodies,Approved
EVI2B,P34910,1,Plasma membrane,,Approved
EVI5,O60447,1,Golgi apparatus,Vesicles,Approved
EVI5L,Q96CN4,1,Nuclear bodies,,Approved
EVL,Q9UI08,1,"Vesicles, Cytosol",,Approved
EVPL,Q92817,1,Intermediate filaments,Cytosol,Supported
EVPLL,A8MZ36,1,"Nucleoplasm, Nuclear bodies",,Approved
EVX1,P49640,1,Nucleoplasm,,Approved
EVX2,Q03828,1,,,
EWSR1,Q01844,1,Nucleoplasm,Nucleoli,Supported
EXD1,Q8NHP7,1,,,
EXD2,Q9NVH0,1,Mitochondria,Intermediate filaments,Approved
EXD3,Q8N9H8,1,Focal adhesion sites,Actin filaments,Approved
EXO1,Q9UQ84,1,Nucleoplasm,Nuclear bodies,Enhanced
EXO5,Q9H790,1,Nucleoplasm,Cytosol,Supported
EXOC1,Q9NV70,1,"Plasma membrane, Microtubules",Cytosol,Uncertain
EXOC1L,A0A1B0GW35,1,,,
EXOC2,Q96KP1,1,Vesicles,,Approved
EXOC3,O60645,1,"Nucleoplasm, Mitochondria",,Approved
EXOC3L1,Q86VI1,1,"Vesicles, Plasma membrane",,Approved
EXOC3L2,,0,Vesicles,"Nucleoplasm, Golgi apparatus, Cytosol",Approved
EXOC3L4,Q17RC7,1,,,
EXOC4,Q96A65,1,"Nucleoli, Nucleoli rim","Nucleoplasm, Cytosol",Approved
EXOC5,O00471,1,,,
EXOC6,Q8TAG9,1,Vesicles,Nucleoplasm,Supported
EXOC6B,Q9Y2D4,1,"Nucleoplasm, Nuclear bodies",Cytosol,Approved
EXOC7,Q9UPT5,1,Cytosol,"Vesicles, Plasma membrane",Approved
EXOC8,Q8IYI6,1,Cytosol,,Approved
EXOG,Q9Y2C4,1,Mitochondria,,Supported
EXOSC1,Q9Y3B2,1,Nuclear bodies,Nucleoplasm,Approved
EXOSC10,Q01780,1,"Nucleoli, Nucleoli rim","Nucleoplasm, Cytosol",Supported
EXOSC2,Q13868,1,"Nucleoplasm, Nucleoli",,Supported
EXOSC3,Q9NQT5,1,Nucleoplasm,,Supported
EXOSC4,Q9NPD3,1,"Nucleoplasm, Cytosol",Vesicles,Supported
EXOSC5,Q9NQT4,1,Nucleoli,Nucleoplasm,Enhanced
EXOSC6,Q5RKV6,1,,,
EXOSC7,Q15024,1,Nuclear speckles,,Supported
EXOSC8,Q96B26,1,"Nucleoli fibrillar center, Mitotic chromosome","Nucleoplasm, Vesicles, Cytosol",Approved
EXOSC9,Q06265,1,Nucleoli,Nucleoplasm,Enhanced
EXPH5,Q8NEV8,1,,,
EXT1,Q16394,1,,,
EXT2,Q93063,1,Golgi apparatus,,Supported
EXTL1,Q92935,1,Centrosome,Vesicles,Approved
EXTL2,Q9UBQ6,1,Nucleoplasm,Cytosol,Approved
EXTL3,O43909,1,,,
EYA1,Q99502,1,"Nucleoplasm, Nuclear bodies",,Supported
EYA2,O00167,1,Cytosol,,Supported
EYA3,Q99504,1,Nucleoplasm,,Supported
EYA4,O95677,1,Nucleoplasm,,Approved
EYS,Q5T1H1,1,,,
EZH1,Q92800,1,Nucleoplasm,,Supported
EZH2,Q15910,1,Nucleoplasm,,Supported
EZHIP,Q86X51,1,Nucleoplasm,,Enhanced
EZR,P15311,1,Plasma membrane,,Supported
F10,P00742,1,,,
F11,P03951,1,Vesicles,,Approved
F11R,Q9Y624,1,Microtubules,Cell Junctions,Supported
F12,P00748,1,,,
F13A1,P00488,1,,,
F13B,P05160,1,,,
F2,P00734,1,,,
F2R,P25116,1,,,
F2RL1,P55085,1,Plasma membrane,,Approved
F2RL2,O00254,1,,,
F2RL3,Q96RI0,1,Plasma membrane,,Supported
F3,P13726,1,Vesicles,,Approved
F5,P12259,1,Golgi apparatus,,Approved
F7,P08709,1,Mitochondria,,Approved
F8,P00451,1,,,
F8A1,P23610,1,,,
F8A2,P23610,1,,,
F8A3,P23610,1,,,
F9,P00740,1,,,
FA2H,Q7L5A8,1,Nuclear membrane,,Uncertain
FAAH,O00519,1,Cytosol,,Approved
FAAH2,Q6GMR7,1,,,
FAAP100,Q0VG06,1,Nucleoplasm,Cytosol,Supported
FAAP20,Q6NZ36,1,Nucleoplasm,"Nuclear bodies, Cell Junctions",Supported
FAAP24,Q9BTP7,1,Nucleoplasm,Vesicles,Supported
FABP1,P07148,1,"Nucleoplasm, Cytosol",,Approved
FABP12,A6NFH5,1,,,
FABP2,P12104,1,"Actin filaments, Cytosol",Plasma membrane,Approved
FABP3,P05413,1,Focal adhesion sites,"Golgi apparatus, Plasma membrane",Uncertain
FABP4,P15090,1,,,
FABP5,Q01469,1,Cytosol,Plasma membrane,Supported
FABP6,P51161,1,,,
FABP7,O15540,1,Nucleoplasm,"Golgi apparatus, Cytosol",Approved
FABP9,Q0Z7S8,1,,,
FADD,Q13158,1,"Nucleoplasm, Cytosol",,Supported
FADS1,O60427,1,,,
FADS2,O95864,1,Plasma membrane,Endoplasmic reticulum,Approved
FADS3,Q9Y5Q0,1,Nucleoli fibrillar center,,Approved
FADS6,,0,,,
FAF1,Q9UNN5,1,Nucleoplasm,,Supported
FAF2,Q96CS3,1,Lipid droplets,Endoplasmic reticulum,Enhanced
FAH,P16930,1,Cytosol,Nucleoplasm,Approved
FAHD1,Q6P587,1,Mitochondria,Nucleoplasm,Enhanced
FAHD2A,Q96GK7,1,,,
FAHD2B,Q6P2I3,1,,,
FAIM,Q9NVQ4,1,"Plasma membrane, Cytosol",,Approved
FAIM2,Q9BWQ8,1,Intermediate filaments,,Uncertain
FAM102A,Q5T9C2,1,Cytosol,,Approved
FAM102B,Q5T8I3,1,"Nucleoli, Cytosol",,Approved
FAM104A,Q969W3,1,Nucleoplasm,Cytosol,Approved
FAM104B,Q5XKR9,1,,,
FAM107A,O95990,1,Nuclear speckles,,Supported
FAM107B,Q9H098,1,Nucleoplasm,Golgi apparatus,Supported
FAM110A,Q9BQ89,1,"Nucleoplasm, Vesicles",Cytosol,Uncertain
FAM110B,Q8TC76,1,"Mitochondria, Cytosol",,Supported
FAM110C,Q1W6H9,1,,,
FAM110D,Q8TAY7,1,,,
FAM111A,Q96PZ2,1,"Nucleoplasm, Nucleoli fibrillar center",,Approved
FAM111B,Q6SJ93,1,Nucleoplasm,Cytosol,Approved
FAM114A1,Q8IWE2,1,"Golgi apparatus, Cytosol",Nucleoplasm,Enhanced
FAM114A2,Q9NRY5,1,Vesicles,,Approved
FAM117A,Q9C073,1,Nucleoplasm,,Approved
FAM117B,Q6P1L5,1,Nucleoplasm,Centrosome,Approved
FAM118A,Q9NWS6,1,Intermediate filaments,Cytosol,Uncertain
FAM118B,Q9BPY3,1,,,
FAM120A,Q9NZB2,1,Cytosol,,Enhanced
FAM120AOS,Q5T036,1,,,
FAM120B,Q96EK7,1,Nucleoplasm,Cytosol,Approved
FAM120C,Q9NX05,1,Nuclear membrane,Endoplasmic reticulum,Approved
FAM122A,Q96E09,1,"Nucleoplasm, Nuclear bodies",,Supported
FAM122B,Q7Z309,1,Nucleoplasm,,Approved
FAM122C,Q6P4D5,1,Nucleoplasm,,Uncertain
FAM124A,Q86V42,1,Nucleoplasm,Cytosol,Approved
FAM124B,Q9H5Z6,1,Nucleoplasm,Mitochondria,Approved
FAM126A,Q9BYI3,1,"Plasma membrane, Cytosol",,Supported
FAM126B,Q8IXS8,1,Cell Junctions,Nucleoplasm,Supported
FAM131A,Q6UXB0,1,Nucleoli rim,Mitotic chromosome,Approved
FAM131B,Q86XD5,1,Nucleoplasm,Cytosol,Enhanced
FAM131C,Q96AQ9,1,"Nucleoli, Intermediate filaments, Cytosol",,Approved
FAM133A,Q8N9E0,1,Nucleoli,Nucleoplasm,Approved
FAM133B,Q5BKY9,1,Nucleoli,Nucleoplasm,Enhanced
FAM135A,Q9P2D6,1,Nucleoplasm,Cytosol,Approved
FAM135B,Q49AJ0,1,Nuclear membrane,Nucleoplasm,Approved
FAM136A,Q96C01,1,Mitochondria,,Approved
FAM13A,O94988,1,"Cell Junctions, Cytosol",Nucleoli,Approved
FAM13B,Q9NYF5,1,Nucleoplasm,,Approved
FAM13C,Q8NE31,1,"Nucleoplasm, Cytosol",,Approved
FAM149A,A5PLN7,1,Golgi apparatus,,Approved
FAM149B1,Q96BN6,1,Nucleoplasm,,Approved
FAM151A,Q8WW52,1,,,
FAM151B,Q6UXP7,1,Cytosol,,Approved
FAM153A,Q9UHL3,1,,,
FAM153B,P0C7A2,1,,,
FAM155A,B1AL88,1,,,
FAM155B,O75949,1,,,
FAM156A,Q8NDB6,1,,,
FAM156B,Q8NDB6,1,,,
FAM160A1,Q05DH4,1,Cytosol,,Approved
FAM160A2,Q8N612,1,Mitochondria,,Approved
FAM160B1,Q5W0V3,1,Nuclear speckles,Cytosol,Approved
FAM160B2,Q86V87,1,Nucleoplasm,Cytosol,Approved
FAM161A,Q3B820,1,,,
FAM161B,Q96MY7,1,"Nucleoplasm, Plasma membrane","Vesicles, Cytosol",Approved
FAM162A,Q96A26,1,Mitochondria,,Supported
FAM162B,Q5T6X4,1,,,
FAM163A,Q96GL9,1,,,
FAM163B,P0C2L3,1,"Nuclear bodies, Plasma membrane, Cytosol",,Approved
FAM166A,Q6J272,1,,,
FAM166B,A8MTA8,1,,,
FAM166C,A6NJV1,1,"Nuclear membrane, Vesicles",,Approved
FAM167A,Q96KS9,1,Mitochondria,,Approved
FAM167B,Q9BTA0,1,Actin filaments,,Approved
FAM168A,Q92567,1,Nucleoplasm,,Approved
FAM168B,A1KXE4,1,,,
FAM169A,Q9Y6X4,1,"Nuclear membrane, Cytosol",,Supported
FAM170A,A1A519,1,,,
FAM170B,A6NMN3,1,,,
FAM171A1,Q5VUB5,1,Plasma membrane,Nucleoplasm,Approved
FAM171A2,A8MVW0,1,,,
FAM171B,Q6P995,1,"Nucleoplasm, Mitochondria","Nucleoli, Cytosol",Approved
FAM172A,Q8WUF8,1,Nucleoplasm,Cytosol,Supported
FAM174A,Q8TBP5,1,Golgi apparatus,Cytosol,Approved
FAM174B,Q3ZCQ3,1,Intermediate filaments,,Approved
FAM174C,Q9BVV8,1,Nuclear speckles,Golgi apparatus,Approved
FAM177A1,Q8N128,1,Vesicles,Nucleoplasm,Approved
FAM177B,A6PVY3,1,,,
FAM178B,Q8IXR5,1,Nuclear speckles,Golgi apparatus,Approved
FAM180A,Q6UWF9,1,Nucleoplasm,,Approved
FAM180B,Q6P0A1,1,,,
FAM181A,Q8N9Y4,1,,,
FAM181B,A6NEQ2,1,Mitochondria,Nuclear membrane,Approved
FAM183A,A6NL82,1,,,
FAM184A,Q8NB25,1,Golgi apparatus,"Nucleoplasm, Cytosol",Supported
FAM184B,Q9ULE4,1,,,
FAM185A,Q8N0U4,1,Cytosol,,Approved
FAM186A,A6NE01,1,"Nucleoplasm, Vesicles",Plasma membrane,Approved
FAM186B,Q8IYM0,1,,,
FAM187A,A6NFU0,1,Cytosol,,Approved
FAM187B,Q17R55,1,,,
FAM189A1,O60320,1,Nucleoplasm,,Approved
FAM189A2,Q15884,1,,,
FAM189B,P81408,1,Nucleoplasm,,Supported
FAM193A,P78312,1,"Plasma membrane, Cytosol",,Approved
FAM193B,Q96PV7,1,"Nucleoplasm, Nucleoli",,Enhanced
FAM199X,Q6PEV8,1,Golgi apparatus,"Nucleoplasm, Cytosol",Approved
FAM200A,Q8TCP9,1,,,
FAM200B,P0CF97,1,,,
FAM204A,Q9H8W3,1,"Nucleoplasm, Nucleoli",,Approved
FAM205A,Q6ZU69,1,Plasma membrane,Nucleoli fibrillar center,Uncertain
FAM205C,A6NFA0,1,,,
FAM207A,Q9NSI2,1,Nucleoli,Nucleoplasm,Supported
FAM209A,Q5JX71,1,"Plasma membrane, Cell Junctions",,Uncertain
FAM209B,Q5JX69,1,,,
FAM20A,Q96MK3,1,,,
FAM20B,O75063,1,Golgi apparatus,Nucleoplasm,Supported
FAM20C,Q8IXL6,1,Golgi apparatus,Nucleoplasm,Supported
FAM210A,Q96ND0,1,"Nucleoplasm, Golgi apparatus, Mitochondria",,Approved
FAM210B,Q96KR6,1,"Plasma membrane, Cytosol",,Approved
FAM214A,Q32MH5,1,Nucleoplasm,,Approved
FAM214B,Q7L5A3,1,"Nucleoplasm, Nucleoli fibrillar center",,Approved
FAM216A,Q8WUB2,1,Actin filaments,,Approved
FAM216B,Q8N7L0,1,,,
FAM217A,Q8IXS0,1,,,
FAM217B,Q9NTX9,1,Nucleoplasm,,Enhanced
FAM219A,Q8IW50,1,Golgi apparatus,"Nucleoplasm, Vesicles",Approved
FAM219B,Q5XKK7,1,Nucleoplasm,Golgi apparatus,Approved
FAM220A,Q7Z4H9,1,Vesicles,,Approved
FAM221A,A4D161,1,Cytosol,,Approved
FAM221B,A6H8Z2,1,,,
FAM222A,Q5U5X8,1,Golgi apparatus,"Cell Junctions, Midbody ring",Approved
FAM222B,Q8WU58,1,Nucleoplasm,,Enhanced
FAM227A,F5H4B4,1,Nucleoplasm,,Uncertain
FAM227B,Q96M60,1,Nuclear speckles,,Approved
FAM228A,Q86W67,1,Nucleoplasm,,Approved
FAM228B,P0C875,1,Golgi apparatus,,Approved
FAM229A,H3BQW9,1,,,
FAM229B,Q4G0N7,1,Nucleoplasm,"Nucleoli, Golgi apparatus",Approved
FAM234A,Q9H0X4,1,Mitochondria,Nucleoplasm,Uncertain
FAM234B,A2RU67,1,Endoplasmic reticulum,,Approved
FAM236A,A0A1B0GUQ0,1,,,
FAM236B,A0A1B0GV22,1,,,
FAM236C,P0DP71,1,,,
FAM236D,A0A1B0GTK5,1,,,
FAM237A,A0A1B0GTK4,1,,,
FAM237B,A0A1B0GVD1,1,,,
FAM240A,A0A1B0GVK7,1,,,
FAM240B,A0A1B0GVZ2,1,,,
FAM240C,A0A1B0GVR7,1,Nucleoplasm,,Approved
FAM241A,Q8N8J7,1,Golgi apparatus,,Enhanced
FAM241B,Q96D05,1,"Nucleoplasm, Centrosome",Cytosol,Approved
FAM243A,B9A014,1,,,
FAM243B,P0DPQ4,1,,,
FAM246A,A0A494C0Y3,1,,,
FAM246B,A0A494C0N9,1,,,
FAM24A,A6NFZ4,1,,,
FAM24B,Q8N5W8,1,,,
FAM25A,B3EWG3,1,,,
FAM25C,B3EWG5,1,,,
FAM25G,B3EWG6,1,,,
FAM32A,Q9Y421,1,"Nucleoplasm, Nucleoli",,Supported
FAM3A,P98173,1,Nucleoli rim,"Nucleoplasm, Mitotic chromosome",Approved
FAM3B,P58499,1,Vesicles,,Approved
FAM3C,Q92520,1,Golgi apparatus,,Enhanced
FAM3D,Q96BQ1,1,,,
FAM43A,Q8N2R8,1,Vesicles,,Approved
FAM43B,Q6ZT52,1,Cytosol,,Approved
FAM47A,Q5JRC9,1,,,
FAM47B,Q8NA70,1,,,
FAM47C,Q5HY64,1,,,
FAM47E,Q6ZV65,1,"Plasma membrane, Cytosol",,Approved
FAM47E-STBD1,,0,"Plasma membrane, Cytosol",,Approved
FAM50A,Q14320,1,Nucleoplasm,,Enhanced
FAM50B,Q9Y247,1,Nucleoplasm,"Cytokinetic bridge, Midbody",Enhanced
FAM53A,Q6NSI3,1,Nucleoplasm,,Approved
FAM53B,Q14153,1,Cytosol,,Approved
FAM53C,Q9NYF3,1,,,
FAM71A,Q8IYT1,1,Nuclear speckles,,Approved
FAM71B,Q8TC56,1,,,
FAM71C,Q8NEG0,1,,,
FAM71D,Q8N9W8,1,,,
FAM71E1,Q6IPT2,1,Nucleoli fibrillar center,,Approved
FAM71E2,Q8N5Q1,1,,,
FAM71F1,Q96KD3,1,,,
FAM71F2,Q6NXP2,1,Nucleoplasm,,Approved
FAM72A,Q5TYM5,1,Vesicles,"Plasma membrane, Cytosol",Approved
FAM72B,Q86X60,1,Vesicles,"Plasma membrane, Cytosol",Approved
FAM72C,H0Y354,1,Vesicles,"Plasma membrane, Cytosol",Approved
FAM72D,Q6L9T8,1,Vesicles,"Plasma membrane, Cytosol",Approved
FAM76A,Q8TAV0,1,"Nucleoplasm, Cytosol",,Approved
FAM76B,Q5HYJ3,1,Nucleoplasm,Nucleoli fibrillar center,Approved
FAM78A,Q5JUQ0,1,"Nucleoplasm, Vesicles",,Uncertain
FAM78B,Q5VT40,1,"Golgi apparatus, Vesicles",,Approved
FAM81A,Q8TBF8,1,Nucleoplasm,Cytosol,Approved
FAM81B,Q96LP2,1,,,
FAM83A,Q86UY5,1,Nucleoplasm,Cytosol,Approved
FAM83B,Q5T0W9,1,,,
FAM83C,Q9BQN1,1,,,
FAM83D,Q9H4H8,1,Mitotic spindle,"Microtubules, Cytokinetic bridge, Cytosol",Supported
FAM83E,Q2M2I3,1,Cytosol,Vesicles,Approved
FAM83F,Q8NEG4,1,Mitochondria,Nucleoplasm,Approved
FAM83G,A6ND36,1,Cytosol,,Supported
FAM83H,Q6ZRV2,1,Cytosol,,Approved
FAM86B1,Q8N7N1,1,Vesicles,,Uncertain
FAM86B2,P0C5J1,1,Vesicles,,Uncertain
FAM89A,Q96GI7,1,"Golgi apparatus, Vesicles",Nucleoplasm,Approved
FAM89B,Q8N5H3,1,,,
FAM8A1,Q9UBU6,1,Golgi apparatus,,Approved
FAM90A1,Q86YD7,1,Nucleoplasm,Nucleoli,Approved
FAM90A10P,A6NDY2,1,Nucleoplasm,Nucleoli,Approved
FAM90A14P,P0C7W9,1,Nucleoplasm,Nucleoli,Approved
FAM90A16P,A6NEW6,1,Nucleoplasm,Nucleoli,Approved
FAM90A17P,A6NEW6,1,Nucleoplasm,Nucleoli,Approved
FAM90A18P,A6NE21,1,Nucleoplasm,Nucleoli,Approved
FAM90A19P,A6NE21,1,Nucleoplasm,Nucleoli,Approved
FAM90A22P,A8MWA6,1,Nucleoplasm,Nucleoli,Approved
FAM90A23P,A8MXZ1,1,Nucleoplasm,Nucleoli,Approved
FAM90A26,D6RGX4,1,Nucleoplasm,Nucleoli,Approved
FAM90A7P,A6NKC0,1,Nucleoplasm,Nucleoli,Uncertain
FAM90A8P,A6NJQ4,1,Nucleoplasm,Nucleoli,Uncertain
FAM90A9P,A6NNJ1,1,Nucleoplasm,Nucleoli,Uncertain
FAM91A1,Q658Y4,1,"Nucleoplasm, Microtubules",,Approved
FAM98A,Q8NCA5,1,Vesicles,,Approved
FAM98B,Q52LJ0,1,"Nucleoplasm, Vesicles",,Supported
FAM98C,Q17RN3,1,"Nucleoplasm, Nucleoli",Cytosol,Approved
FAM9A,Q8IZU1,1,,,
FAM9B,Q8IZU0,1,Nucleoplasm,,Uncertain
FAM9C,Q8IZT9,1,,,
FAN1,Q9Y2M0,1,Nucleoplasm,"Cytokinetic bridge, Cytosol",Supported
FANCA,O15360,1,Nucleoplasm,,Supported
FANCB,Q8NB91,1,,,
FANCC,Q00597,1,Nucleoplasm,,Supported
FANCD2,Q9BXW9,1,Nucleoplasm,"Nucleoli, Nuclear bodies, Cytosol",Supported
FANCD2OS,Q96PS1,1,Vesicles,,Approved
FANCE,Q9HB96,1,Nucleoplasm,"Mitotic chromosome, Centrosome",Supported
FANCF,Q9NPI8,1,Nucleoplasm,,Supported
FANCG,O15287,1,"Plasma membrane, Cytosol",Nucleoli,Approved
FANCI,Q9NVI1,1,Nucleoplasm,,Enhanced
FANCL,Q9NW38,1,Nuclear bodies,Vesicles,Approved
FANCM,Q8IYD8,1,Nucleoplasm,,Supported
FANK1,Q8TC84,1,Nucleoplasm,,Supported
FAP,Q12884,1,,,
FAR1,Q8WVX9,1,Peroxisomes,,Supported
FAR2,Q96K12,1,Golgi apparatus,Nucleoli,Approved
FARP1,Q9Y4F1,1,Cytosol,,Approved
FARP2,O94887,1,Cytosol,,Approved
FARS2,O95363,1,,,
FARSA,Q9Y285,1,Cytosol,,Approved
FARSB,Q9NSD9,1,Nucleoplasm,Cytosol,Supported
FAS,P25445,1,Plasma membrane,"Nuclear bodies, Cytosol",Supported
FASLG,P48023,1,,,
FASN,P49327,1,"Plasma membrane, Cytosol",,Enhanced
FASTK,Q14296,1,Mitochondria,Nuclear speckles,Supported
FASTKD1,Q53R41,1,,,
FASTKD2,Q9NYY8,1,Mitochondria,,Supported
FASTKD3,Q14CZ7,1,"Nucleoplasm, Mitochondria",,Supported
FASTKD5,Q7L8L6,1,,,
FAT1,Q14517,1,,,
FAT2,Q9NYQ8,1,Vesicles,,Uncertain
FAT3,Q8TDW7,1,Cell Junctions,,Approved
FAT4,Q6V0I7,1,Cytosol,,Approved
FATE1,Q969F0,1,,,
FAU,"P35544,P62861",2,"Endoplasmic reticulum, Cytosol",Nucleoli,Enhanced
FAXC,Q5TGI0,1,Nucleoplasm,,Approved
FAXDC2,Q96IV6,1,,,
FBF1,Q8TES7,1,Centrosome,,Supported
FBH1,Q8NFZ0,1,,,
FBL,P22087,1,Nucleoli fibrillar center,Nucleoplasm,Supported
FBLIM1,Q8WUP2,1,"Cell Junctions, Focal adhesion sites",Nucleoli fibrillar center,Enhanced
FBLL1,A6NHQ2,1,Nucleoli fibrillar center,Nucleoplasm,Supported
FBLN1,P23142,1,Endoplasmic reticulum,,Approved
FBLN2,P98095,1,Plasma membrane,,Supported
FBLN5,Q9UBX5,1,Plasma membrane,,Uncertain
FBLN7,Q53RD9,1,Plasma membrane,Cell Junctions,Approved
FBN1,P35555,1,Golgi apparatus,Plasma membrane,Approved
FBN2,P35556,1,,,
FBN3,Q75N90,1,,,
FBP1,P09467,1,Mitochondria,,Approved
FBP2,O00757,1,"Plasma membrane, Cytosol",,Approved
FBRS,Q9HAH7,1,Nucleoplasm,,Approved
FBRSL1,Q9HCM7,1,"Nucleoplasm, Cytosol",Plasma membrane,Approved
FBXL12,Q9NXK8,1,Mitochondria,,Approved
FBXL13,Q8NEE6,1,,,
FBXL14,Q8N1E6,1,,,
FBXL15,Q9H469,1,,,
FBXL16,Q8N461,1,,,
FBXL17,Q9UF56,1,Nucleoplasm,,Supported
FBXL18,Q96ME1,1,"Nucleoplasm, Cytosol",,Approved
FBXL19,Q6PCT2,1,Nucleoplasm,,Approved
FBXL2,Q9UKC9,1,Plasma membrane,"Nucleoplasm, Nucleoli",Approved
FBXL20,Q96IG2,1,Microtubules,,Supported
FBXL22,Q6P050,1,Cytosol,,Uncertain
FBXL3,Q9UKT7,1,Nuclear bodies,,Enhanced
FBXL4,Q9UKA2,1,Nuclear speckles,,Supported
FBXL5,Q9UKA1,1,,,
FBXL6,Q8N531,1,Nucleoplasm,Vesicles,Approved
FBXL7,Q9UJT9,1,,,
FBXL8,Q96CD0,1,Golgi apparatus,,Approved
FBXO10,Q9UK96,1,"Nucleoplasm, Cytosol",,Approved
FBXO11,Q86XK2,1,"Nucleoplasm, Nucleoli",,Supported
FBXO15,Q8NCQ5,1,,,
FBXO16,Q8IX29,1,"Nucleoplasm, Vesicles, Plasma membrane, Cytosol",,Approved
FBXO17,Q96EF6,1,,,
FBXO2,Q9UK22,1,"Nucleoplasm, Cytosol",,Approved
FBXO21,O94952,1,Mitochondria,Nucleoplasm,Approved
FBXO22,Q8NEZ5,1,,,
FBXO24,O75426,1,,,
FBXO25,Q8TCJ0,1,,,
FBXO27,Q8NI29,1,Nucleoplasm,,Approved
FBXO28,Q9NVF7,1,Nucleoplasm,Focal adhesion sites,Supported
FBXO3,Q9UK99,1,Nucleoplasm,Cytosol,Approved
FBXO30,Q8TB52,1,Microtubules,,Approved
FBXO31,Q5XUX0,1,Nucleoplasm,"Golgi apparatus, Cytosol",Approved
FBXO32,Q969P5,1,"Nucleoplasm, Cytosol",,Enhanced
FBXO33,Q7Z6M2,1,Nucleoplasm,,Approved
FBXO34,Q9NWN3,1,Nuclear speckles,,Approved
FBXO36,Q8NEA4,1,"Nucleoplasm, Nucleoli",,Approved
FBXO38,Q6PIJ6,1,"Nucleoplasm, Plasma membrane","Cytokinetic bridge, Cytosol",Supported
FBXO39,Q8N4B4,1,,,
FBXO4,Q9UKT5,1,Nucleoplasm,,Approved
FBXO40,Q9UH90,1,,,
FBXO41,Q8TF61,1,"Nucleoplasm, Cytosol",Plasma membrane,Approved
FBXO42,Q6P3S6,1,Nucleoplasm,,Approved
FBXO43,Q4G163,1,,,
FBXO44,Q9H4M3,1,Nucleoplasm,,Approved
FBXO45,P0C2W1,1,Cytosol,,Approved
FBXO46,Q6PJ61,1,"Nucleoplasm, Vesicles",Cytosol,Approved
FBXO47,Q5MNV8,1,,,
FBXO48,Q5FWF7,1,Nuclear bodies,,Approved
FBXO5,Q9UKT4,1,Nucleoplasm,,Supported
FBXO6,Q9NRD1,1,,,
FBXO7,Q9Y3I1,1,"Nucleoplasm, Cytosol",,Supported
FBXO8,Q9NRD0,1,Nucleoplasm,Cytosol,Approved
FBXO9,Q9UK97,1,Centrosome,,Approved
FBXW10,Q5XX13,1,Nucleoplasm,,Approved
FBXW11,Q9UKB1,1,"Vesicles, Plasma membrane",Nucleoplasm,Approved
FBXW12,Q6X9E4,1,Cytosol,Vesicles,Approved
FBXW2,Q9UKT8,1,Nucleoplasm,,Approved
FBXW4,P57775,1,Golgi apparatus,,Approved
FBXW5,Q969U6,1,Mitochondria,,Approved
FBXW7,Q969H0,1,"Nucleoplasm, Vesicles",,Supported
FBXW8,Q8N3Y1,1,Cytosol,,Supported
FBXW9,Q5XUX1,1,Cytosol,,Approved
FCAMR,Q8WWV6,1,,,
FCAR,P24071,1,Plasma membrane,,Supported
FCER1A,P12319,1,,,
FCER1G,P30273,1,,,
FCER2,P06734,1,,,
FCF1,Q9Y324,1,Nucleoplasm,,Approved
FCGBP,,0,Plasma membrane,"Golgi apparatus, Cytokinetic bridge",Approved
FCGR1A,P12314,1,Vesicles,"Golgi apparatus, Plasma membrane",Uncertain
FCGR1B,Q92637,1,Vesicles,"Golgi apparatus, Plasma membrane",Uncertain
FCGR2A,P12318,1,Plasma membrane,Golgi apparatus,Supported
FCGR2B,P31994,1,,,
FCGR3A,P08637,1,,,
FCGR3B,O75015,1,,,
FCGRT,P55899,1,,,
FCHO1,O14526,1,Nucleoplasm,Cytosol,Enhanced
FCHO2,Q0JRZ9,1,Centrosome,"Vesicles, Cytosol",Approved
FCHSD1,Q86WN1,1,Nucleoplasm,Cytosol,Approved
FCHSD2,O94868,1,"Plasma membrane, Actin filaments","Nuclear speckles, Focal adhesion sites",Approved
FCMR,O60667,1,"Plasma membrane, Focal adhesion sites",,Approved
FCN1,O00602,1,,,
FCN2,Q15485,1,,,
FCN3,O75636,1,,,
FCRL1,Q96LA6,1,,,
FCRL2,Q96LA5,1,,,
FCRL3,Q96P31,1,,,
FCRL4,Q96PJ5,1,,,
FCRL5,Q96RD9,1,,,
FCRL6,Q6DN72,1,,,
FCRLA,Q7L513,1,,,
FCRLB,Q6BAA4,1,Cytosol,,Supported
FCSK,Q8N0W3,1,Vesicles,,Approved
FDCSP,Q8NFU4,1,,,
FDFT1,P37268,1,Endoplasmic reticulum,,Supported
FDPS,P14324,1,Cytosol,Nucleoplasm,Approved
FDX1,P10109,1,Mitochondria,,Enhanced
FDX2,Q6P4F2,1,,,
FDXACB1,Q9BRP7,1,"Nucleoplasm, Cytosol",,Uncertain
FDXR,P22570,1,Mitochondria,,Enhanced
FECH,P22830,1,,,
FEM1A,Q9BSK4,1,"Nucleoplasm, Golgi apparatus",Cytosol,Supported
FEM1B,Q9UK73,1,Nucleoplasm,Cytosol,Supported
FEM1C,Q96JP0,1,Nucleoplasm,,Enhanced
FEN1,P39748,1,Nucleoplasm,Nucleoli,Enhanced
FER,P16591,1,Cytosol,,Supported
FER1L5,A0AVI2,1,,,
FER1L6,Q2WGJ9,1,,,
FERD3L,Q96RJ6,1,,,
FERMT1,Q9BQL6,1,,,
FERMT2,Q96AC1,1,Focal adhesion sites,"Nucleoplasm, Cytosol",Supported
FERMT3,Q86UX7,1,Vesicles,,Approved
FES,P07332,1,"Nucleoplasm, Cytosol",Vesicles,Approved
FETUB,Q9UGM5,1,Vesicles,,Approved
FEV,Q99581,1,Nuclear speckles,,Supported
FEZ1,Q99689,1,"Microtubules, Cytosol",,Approved
FEZ2,Q9UHY8,1,"Nucleoli, Nucleoli rim","Golgi apparatus, Cytosol",Approved
FEZF1,A0PJY2,1,Nucleoplasm,Cytosol,Supported
FEZF2,Q8TBJ5,1,,,
FFAR1,O14842,1,Plasma membrane,,Supported
FFAR2,O15552,1,,,
FFAR3,O14843,1,,,
FFAR4,Q5NUL3,1,Plasma membrane,,Supported
FGA,P02671,1,Endoplasmic reticulum,,Enhanced
FGB,P02675,1,Endoplasmic reticulum,,Enhanced
FGD1,P98174,1,"Plasma membrane, Cytosol",,Approved
FGD2,Q7Z6J4,1,,,
FGD3,Q5JSP0,1,"Nucleoplasm, Cytosol",,Approved
FGD4,Q96M96,1,Actin filaments,,Approved
FGD5,Q6ZNL6,1,Plasma membrane,,Supported
FGD6,Q6ZV73,1,Vesicles,,Approved
FGF1,P05230,1,Nucleoplasm,,Supported
FGF10,O15520,1,,,
FGF11,Q92914,1,Centrosome,,Approved
FGF12,P61328,1,Nucleoplasm,Cytosol,Approved
FGF13,Q92913,1,Cytosol,,Supported
FGF14,Q92915,1,Nucleoli fibrillar center,,Approved
FGF16,O43320,1,,,
FGF17,O60258,1,,,
FGF18,O76093,1,,,
FGF19,O95750,1,,,
FGF2,P09038,1,"Nucleoplasm, Nuclear bodies",,Supported
FGF20,Q9NP95,1,,,
FGF21,Q9NSA1,1,,,
FGF22,Q9HCT0,1,,,
FGF23,Q9GZV9,1,,,
FGF3,P11487,1,,,
FGF4,P08620,1,,,
FGF5,P12034,1,,,
FGF6,P10767,1,,,
FGF7,P21781,1,"Nucleoplasm, Nucleoli",,Approved
FGF8,P55075,1,,,
FGF9,P31371,1,,,
FGFBP1,Q14512,1,,,
FGFBP2,Q9BYJ0,1,,,
FGFBP3,Q8TAT2,1,,,
FGFR1,P11362,1,,,
FGFR1OP2,Q9NVK5,1,Mitochondria,,Approved
FGFR2,P21802,1,Cell Junctions,"Nucleoplasm, Vesicles",Supported
FGFR3,P22607,1,Endoplasmic reticulum,,Supported
FGFR4,P22455,1,,,
FGFRL1,Q8N441,1,Vesicles,,Supported
FGG,P02679,1,Endoplasmic reticulum,,Approved
FGGY,Q96C11,1,Nucleoplasm,Nuclear bodies,Approved
FGL1,Q08830,1,,,
FGL2,Q14314,1,,,
FGR,P09769,1,Plasma membrane,Aggresome,Approved
FH,P07954,1,Mitochondria,,Enhanced
FHAD1,B1AJZ9,1,,,
FHDC1,Q9C0D6,1,,,
FHIT,P49789,1,"Nucleoli fibrillar center, Plasma membrane",,Approved
FHL1,Q13642,1,Cytosol,Plasma membrane,Uncertain
FHL2,Q14192,1,"Actin filaments, Focal adhesion sites",,Enhanced
FHL3,Q13643,1,Nucleoplasm,,Approved
FHL5,Q5TD97,1,,,
FHOD1,Q9Y613,1,Cytosol,,Supported
FHOD3,Q2V2M9,1,,,
FIBCD1,Q8N539,1,Cell Junctions,,Approved
FIBIN,Q8TAL6,1,,,
FIBP,O43427,1,Nuclear speckles,,Supported
FICD,Q9BVA6,1,Nucleoplasm,,Approved
FIG4,Q92562,1,"Vesicles, Lipid droplets",,Supported
FIGLA,Q6QHK4,1,,,
FIGN,Q5HY92,1,,,
FIGNL1,Q6PIW4,1,,,
FIGNL2,A6NMB9,1,,,
FILIP1,Q7Z7B0,1,"Plasma membrane, Actin filaments",,Approved
FILIP1L,Q4L180,1,Plasma membrane,,Approved
FIP1L1,Q6UN15,1,Nucleoplasm,,Enhanced
FIS1,Q9Y3D6,1,Mitochondria,,Supported
FITM1,A5D6W6,1,,,
FITM2,Q8N6M3,1,,,
FIZ1,Q96SL8,1,Nucleoplasm,,Approved
FJX1,Q86VR8,1,Vesicles,,Approved
FKBP10,Q96AY3,1,Golgi apparatus,,Approved
FKBP11,Q9NYL4,1,Centrosome,,Approved
FKBP14,Q9NWM8,1,Cytosol,"Nucleoplasm, Golgi apparatus",Approved
FKBP15,Q5T1M5,1,Nucleoli,Cytosol,Approved
FKBP1A,P62942,1,,,
FKBP1B,P68106,1,Vesicles,,Approved
FKBP1C,,0,,,
FKBP2,P26885,1,Plasma membrane,,Approved
FKBP3,Q00688,1,Cytosol,,Supported
FKBP4,Q02790,1,Cytosol,Nucleoplasm,Enhanced
FKBP5,Q13451,1,Nucleoplasm,,Enhanced
FKBP6,O75344,1,Cytosol,,Approved
FKBP7,Q9Y680,1,Endoplasmic reticulum,,Approved
FKBP8,Q14318,1,Mitochondria,"Endoplasmic reticulum, Cytosol",Supported
FKBP9,O95302,1,"Golgi apparatus, Mitochondria",Vesicles,Approved
FKBPL,Q9UIM3,1,Nucleoplasm,Mitotic spindle,Approved
FKRP,Q9H9S5,1,"Nucleoplasm, Golgi apparatus, Cytosol",,Approved
FKTN,O75072,1,,,
FLACC1,Q96Q35,1,"Plasma membrane, Cytosol",,Approved
FLAD1,Q8NFF5,1,"Plasma membrane, Cytosol",,Supported
FLCN,Q8NFG4,1,Cytosol,Plasma membrane,Supported
FLG,P20930,1,Cytoplasmic bodies,,Enhanced
FLG2,Q5D862,1,,,
FLI1,Q01543,1,"Nucleoplasm, Nuclear bodies",,Supported
FLII,Q13045,1,"Nucleoplasm, Centriolar satellite, Cytosol",,Enhanced
FLNA,P21333,1,"Plasma membrane, Actin filaments, Cytosol",,Enhanced
FLNB,O75369,1,Plasma membrane,"Golgi apparatus, Actin filaments, Cytosol",Supported
FLNC,Q14315,1,"Plasma membrane, Cytosol",,Approved
FLOT1,O75955,1,Golgi apparatus,"Vesicles, Plasma membrane",Approved
FLOT2,Q14254,1,Plasma membrane,Vesicles,Supported
FLRT1,,0,,,
FLRT2,O43155,1,,,
FLRT3,Q9NZU0,1,Plasma membrane,"Cell Junctions, Cytosol",Supported
FLT1,P17948,1,Plasma membrane,Actin filaments,Supported
FLT3,P36888,1,Endoplasmic reticulum,,Approved
FLT3LG,P49771,1,,,
FLT4,P35916,1,"Nuclear speckles, Plasma membrane",Cell Junctions,Supported
FLVCR1,Q9Y5Y0,1,Cell Junctions,,Approved
FLVCR2,Q9UPI3,1,,,
FLYWCH1,Q4VC44,1,Nuclear bodies,"Nucleoplasm, Cytosol",Enhanced
FLYWCH2,Q96CP2,1,Nucleoplasm,,Approved
FMC1,Q96HJ9,1,Mitochondria,,Approved
FMC1-LUC7L2,,0,Nucleoplasm,,Approved
FMN1,Q68DA7,1,Nucleoplasm,Cytosol,Supported
FMN2,Q9NZ56,1,"Plasma membrane, Actin filaments",,Approved
FMNL1,O95466,1,Cytosol,,Approved
FMNL2,Q96PY5,1,Cytosol,"Golgi apparatus, Plasma membrane",Approved
FMNL3,Q8IVF7,1,"Golgi apparatus, Vesicles, Plasma membrane",Cytosol,Supported
FMO1,Q01740,1,,,
FMO2,Q99518,1,,,
FMO3,P31513,1,,,
FMO4,P31512,1,"Vesicles, Cytosol",,Approved
FMO5,P49326,1,"Endoplasmic reticulum, Cytosol",,Supported
FMOD,Q06828,1,,,
FMR1,Q06787,1,Cytosol,,Enhanced
FMR1NB,Q8N0W7,1,,,
FN1,P02751,1,,,
FN3K,Q9H479,1,Mitochondria,,Approved
FN3KRP,Q9HA64,1,Nucleoplasm,,Approved
FNBP1,Q96RU3,1,Plasma membrane,Vesicles,Supported
FNBP1L,Q5T0N5,1,Cytosol,,Supported
FNBP4,Q8N3X1,1,Nucleoplasm,,Enhanced
FNDC1,Q4ZHG4,1,,,
FNDC10,F2Z333,1,,,
FNDC11,Q9BVV2,1,"Nucleoplasm, Vesicles",Aggresome,Approved
FNDC3A,Q9Y2H6,1,"Nucleoplasm, Golgi apparatus, Centrosome",Cytosol,Approved
FNDC3B,Q53EP0,1,Endoplasmic reticulum,,Approved
FNDC4,Q9H6D8,1,Nucleoplasm,"Aggresome, Cytosol",Approved
FNDC5,Q8NAU1,1,,,
FNDC7,Q5VTL7,1,Actin filaments,Nucleoplasm,Approved
FNDC8,Q8TC99,1,Cytosol,,Approved
FNDC9,Q8TBE3,1,,,
FNIP1,Q8TF40,1,,,
FNIP2,Q9P278,1,Cytosol,Centriolar satellite,Supported
FNTA,P49354,1,Cytosol,,Approved
FNTB,P49356,1,Centrosome,,Approved
FO393400.1,,0,Vesicles,,Approved
FO681492.1,,0,Golgi apparatus,,Approved
FOCAD,Q5VW36,1,Mitochondria,,Uncertain
FOLH1,Q04609,1,,,
FOLR1,P15328,1,Nuclear membrane,,Approved
FOLR2,P14207,1,,,
FOLR3,P41439,1,,,
FOS,P01100,1,Nucleoplasm,,Supported
FOSB,P53539,1,Nucleoplasm,Vesicles,Supported
FOSL1,P15407,1,Nucleoplasm,,Supported
FOSL2,P15408,1,Nucleoplasm,,Enhanced
FOXA1,P55317,1,Nucleoplasm,Nucleoli fibrillar center,Supported
FOXA2,Q9Y261,1,"Nucleoplasm, Cell Junctions",,Supported
FOXA3,P55318,1,Nucleoplasm,,Approved
FOXB1,Q99853,1,"Nucleoplasm, Mitochondria",,Approved
FOXB2,Q5VYV0,1,,,
FOXC1,Q12948,1,Nucleoplasm,Cytosol,Supported
FOXC2,Q99958,1,"Nucleoplasm, Nuclear bodies",,Supported
FOXD1,Q16676,1,,,
FOXD2,O60548,1,,,
FOXD3,Q9UJU5,1,,,
FOXD4,Q12950,1,Nucleoplasm,,Approved
FOXD4L1,Q9NU39,1,Nucleoplasm,Cytosol,Approved
FOXD4L3,Q6VB84,1,Nucleoplasm,,Approved
FOXD4L4,Q8WXT5,1,Nucleoplasm,,Approved
FOXD4L5,Q5VV16,1,Nucleoplasm,,Approved
FOXD4L6,Q3SYB3,1,Nucleoplasm,,Approved
FOXE1,O00358,1,,,
FOXE3,Q13461,1,,,
FOXF1,Q12946,1,Nucleoplasm,,Approved
FOXF2,Q12947,1,Nuclear bodies,"Nucleoplasm, Vesicles",Supported
FOXG1,P55316,1,,,
FOXH1,O75593,1,,,
FOXI1,Q12951,1,Nucleoli,Vesicles,Supported
FOXI2,Q6ZQN5,1,,,
FOXI3,A8MTJ6,1,,,
FOXJ1,Q92949,1,,,
FOXJ2,Q9P0K8,1,Nucleoplasm,Nucleoli fibrillar center,Supported
FOXJ3,Q9UPW0,1,"Nucleoplasm, Nuclear speckles",Vesicles,Approved
FOXK1,P85037,1,Nucleoplasm,Nucleoli fibrillar center,Supported
FOXK2,Q01167,1,Nucleoplasm,"Vesicles, Mitochondria",Supported
FOXL1,Q12952,1,,,
FOXL2,P58012,1,Nucleoplasm,,Supported
FOXL2NB,Q6ZUU3,1,Nucleoli fibrillar center,,Approved
FOXL3,A0A1W2PRP0,1,,,
FOXM1,Q08050,1,"Nucleoplasm, Nucleoli, Nucleoli rim",Cytosol,Supported
FOXN1,O15353,1,,,
FOXN2,P32314,1,Nucleoplasm,Vesicles,Supported
FOXN3,O00409,1,Nucleoplasm,Plasma membrane,Approved
FOXN4,Q96NZ1,1,"Nucleoplasm, Mitochondria",Cytosol,Approved
FOXO1,Q12778,1,"Nucleoplasm, Cytosol",,Supported
FOXO3,O43524,1,Nucleoplasm,,Enhanced
FOXO3B,A0A2Z4LIS9,1,,,
FOXO4,P98177,1,Nuclear speckles,Cytosol,Supported
FOXO6,A8MYZ6,1,,,
FOXP1,Q9H334,1,Nucleoplasm,,Supported
FOXP2,O15409,1,Nucleoplasm,,Enhanced
FOXP3,Q9BZS1,1,Nucleoplasm,,Supported
FOXP4,Q8IVH2,1,Nucleoplasm,,Approved
FOXQ1,Q9C009,1,Nucleoplasm,,Supported
FOXR1,Q6PIV2,1,Nucleoplasm,Cytosol,Approved
FOXR2,Q6PJQ5,1,Nucleoplasm,,Supported
FOXRED1,Q96CU9,1,Mitochondria,,Supported
FOXRED2,Q8IWF2,1,,,
FOXS1,O43638,1,"Nucleoplasm, Cytosol",,Approved
FP565260.1,,0,Nucleoli,Cytosol,Approved
FP565260.2,,0,,,
FP565260.3,,0,"Plasma membrane, Cytoplasmic bodies",,Approved
FP565260.4,,0,,,
FP565260.6,,0,,,
FPGS,Q05932,1,,,
FPGT,O14772,1,Vesicles,,Approved
FPGT-TNNI3K,,0,Vesicles,,Approved
FPR1,P21462,1,Golgi apparatus,"Nucleoplasm, Nucleoli",Approved
FPR2,P25090,1,,,
FPR3,P25089,1,,,
FRA10AC1,Q70Z53,1,,,
FRAS1,Q86XX4,1,,,
FRAT1,Q92837,1,"Vesicles, Cytosol",,Approved
FRAT2,O75474,1,Nucleoplasm,Mitochondria,Approved
FREM1,Q5H8C1,1,,,
FREM2,Q5SZK8,1,Cytosol,,Approved
FREM3,P0C091,1,,,
FRG1,Q14331,1,,,
FRG2,Q64ET8,1,,,
FRG2B,Q96QU4,1,,,
FRG2C,A6NGY1,1,,,
FRK,P42685,1,Nucleoplasm,Cytosol,Supported
FRMD1,Q8N878,1,Actin filaments,,Uncertain
FRMD3,A2A2Y4,1,Golgi apparatus,Plasma membrane,Approved
FRMD4A,Q9P2Q2,1,Golgi apparatus,Nucleoplasm,Approved
FRMD4B,Q9Y2L6,1,Centriolar satellite,"Nucleoplasm, Golgi apparatus",Approved
FRMD5,Q7Z6J6,1,,,
FRMD6,Q96NE9,1,Mitochondria,,Approved
FRMD7,Q6ZUT3,1,Plasma membrane,"Nucleoplasm, Cytosol",Approved
FRMD8,Q9BZ67,1,"Plasma membrane, Centriolar satellite","Nucleoplasm, Cytosol",Approved
FRMPD1,Q5SYB0,1,,,
FRMPD2,Q68DX3,1,,,
FRMPD3,Q5JV73,1,,,
FRMPD4,Q14CM0,1,,,
FRRS1,Q6ZNA5,1,,,
FRRS1L,Q9P0K9,1,,,
FRS2,Q8WU20,1,"Plasma membrane, Cell Junctions",,Uncertain
FRS3,O43559,1,,,
FRY,Q5TBA9,1,,,
FRYL,O94915,1,Cytosol,"Microtubules, Cytokinetic bridge",Approved
FRZB,Q92765,1,,,
FSBP,O95073,1,Nucleoplasm,,Supported
FSCB,Q5H9T9,1,,,
FSCN1,Q16658,1,Cytosol,Plasma membrane,Supported
FSCN2,O14926,1,,,
FSCN3,Q9NQT6,1,,,
FSD1,Q9BTV5,1,,,
FSD1L,Q9BXM9,1,Plasma membrane,"Golgi apparatus, Vesicles",Approved
FSD2,A1L4K1,1,Cytosol,,Approved
FSHB,P01225,1,,,
FSHR,P23945,1,,,
FSIP1,Q8NA03,1,Nucleoplasm,,Approved
FSIP2,Q5CZC0,1,Microtubules,Mitochondria,Approved
FST,P19883,1,Vesicles,,Approved
FSTL1,Q12841,1,"Vesicles, Cytosol",,Approved
FSTL3,O95633,1,Nucleoplasm,,Supported
FSTL4,Q6MZW2,1,Mitochondria,Nuclear membrane,Approved
FSTL5,Q8N475,1,,,
FTCD,O95954,1,Cytosol,Plasma membrane,Approved
FTCDNL1,E5RQL4,1,Vesicles,,Approved
FTH1,P02794,1,,,
FTHL17,Q9BXU8,1,,,
FTL,P02792,1,Cytosol,,Approved
FTMT,Q8N4E7,1,,,
FTO,Q9C0B1,1,Cytosol,"Vesicles, Plasma membrane",Supported
FTSJ1,Q9UET6,1,Cytosol,,Approved
FTSJ3,Q8IY81,1,"Nucleoli, Nucleoli rim",Mitotic chromosome,Enhanced
FUBP1,Q96AE4,1,Nucleoplasm,,Enhanced
FUBP3,Q96I24,1,Nucleoplasm,Cytosol,Approved
FUCA1,P04066,1,Vesicles,,Supported
FUCA2,Q9BTY2,1,,,
FUNDC1,Q8IVP5,1,,,
FUNDC2,Q9BWH2,1,,,
FUOM,A2VDF0,1,,,
FURIN,P09958,1,Golgi apparatus,Nucleoplasm,Supported
FUS,P35637,1,Nucleoplasm,,Supported
FUT1,P19526,1,,,
FUT10,Q6P4F1,1,"Nucleoplasm, Endoplasmic reticulum, Golgi apparatus",,Approved
FUT11,Q495W5,1,Nuclear membrane,Golgi apparatus,Approved
FUT2,Q10981,1,Plasma membrane,Cytosol,Uncertain
FUT3,P21217,1,,,
FUT4,P22083,1,Vesicles,,Approved
FUT5,Q11128,1,,,
FUT6,P51993,1,Golgi apparatus,,Supported
FUT7,Q11130,1,Golgi apparatus,,Supported
FUT8,Q9BYC5,1,Golgi apparatus,"Nucleoplasm, Cytosol",Approved
FUT9,Q9Y231,1,Nucleoplasm,"Microtubules, Cytokinetic bridge, Cytosol",Approved
FUZ,Q9BT04,1,Cytosol,,Approved
FXN,Q16595,1,Mitochondria,Cytosol,Supported
FXR1,P51114,1,Cytosol,,Enhanced
FXR2,P51116,1,Cytosol,,Supported
FXYD1,O00168,1,"Nucleoplasm, Cytosol",Nucleoli,Approved
FXYD2,P54710,1,Mitochondria,,Approved
FXYD3,Q14802,1,Nucleoplasm,Plasma membrane,Approved
FXYD4,P59646,1,Cytosol,,Uncertain
FXYD5,Q96DB9,1,Endoplasmic reticulum,,Approved
FXYD6,Q9H0Q3,1,"Nucleoplasm, Cytosol",,Approved
FXYD6-FXYD2,,0,"Nuclear membrane, Vesicles",,Approved
FXYD7,P58549,1,,,
FYB1,O15117,1,Plasma membrane,Nucleoplasm,Approved
FYB2,Q5VWT5,1,,,
FYCO1,Q9BQS8,1,Vesicles,,Enhanced
FYN,P06241,1,Plasma membrane,Cytosol,Enhanced
FYTTD1,Q96QD9,1,Nuclear speckles,,Supported
FZD1,Q9UP38,1,Plasma membrane,,Supported
FZD10,Q9ULW2,1,Nucleoplasm,,Enhanced
FZD2,Q14332,1,"Nucleoplasm, Nuclear bodies",Cell Junctions,Approved
FZD3,Q9NPG1,1,Vesicles,Nucleoplasm,Approved
FZD4,Q9ULV1,1,Plasma membrane,Nucleoplasm,Approved
FZD5,Q13467,1,,,
FZD6,O60353,1,Plasma membrane,,Supported
FZD7,O75084,1,Vesicles,,Supported
FZD8,Q9H461,1,Endoplasmic reticulum,,Approved
FZD9,O00144,1,,,
FZR1,Q9UM11,1,"Nucleoplasm, Nuclear membrane",,Supported
G0S2,P27469,1,,,
G2E3,Q7L622,1,Cytosol,"Golgi apparatus, Vesicles",Approved
G3BP1,Q13283,1,Cytosol,,Supported
G3BP2,Q9UN86,1,Cytosol,,Enhanced
G6PC,P35575,1,,,
G6PC2,Q9NQR9,1,,,
G6PC3,Q9BUM1,1,Endoplasmic reticulum,,Supported
G6PD,P11413,1,Cytosol,Centriolar satellite,Enhanced
GAA,P10253,1,Vesicles,,Approved
GAB1,Q13480,1,Plasma membrane,Nucleoli fibrillar center,Approved
GAB2,Q9UQC2,1,Plasma membrane,,Supported
GAB3,Q8WWW8,1,Nuclear speckles,"Nucleoplasm, Cytosol",Approved
GAB4,Q2WGN9,1,,,
GABARAP,O95166,1,Vesicles,,Approved
GABARAPL1,Q9H0R8,1,Vesicles,,Approved
GABARAPL2,P60520,1,"Nucleoplasm, Cytosol",Nuclear bodies,Uncertain
GABBR1,Q9UBS5,1,Centrosome,,Approved
GABBR2,O75899,1,,,
GABPA,Q06546,1,Nucleoplasm,,Enhanced
GABPB1,Q06547,1,Nucleoplasm,Cytoplasmic bodies,Supported
GABPB2,Q8TAK5,1,Nucleoplasm,Cytosol,Supported
GABRA1,P14867,1,Plasma membrane,Nucleoplasm,Approved
GABRA2,P47869,1,Plasma membrane,Nucleoplasm,Uncertain
GABRA3,P34903,1,Plasma membrane,Nucleoplasm,Uncertain
GABRA4,P48169,1,,,
GABRA5,P31644,1,Plasma membrane,Nucleoplasm,Approved
GABRA6,Q16445,1,,,
GABRB1,P18505,1,,,
GABRB2,P47870,1,,,
GABRB3,P28472,1,,,
GABRD,O14764,1,"Golgi apparatus, Vesicles",,Uncertain
GABRE,P78334,1,,,
GABRG1,Q8N1C3,1,Plasma membrane,,Supported
GABRG2,P18507,1,,,
GABRG3,Q99928,1,"Plasma membrane, Microtubules",Nucleoli,Approved
GABRP,O00591,1,,,
GABRQ,Q9UN88,1,,,
GABRR1,P24046,1,,,
GABRR2,P28476,1,,,
GABRR3,A8MPY1,1,,,
GAD1,Q99259,1,"Vesicles, Plasma membrane, Cytosol",,Approved
GAD2,Q05329,1,,,
GADD45A,P24522,1,Nuclear speckles,,Supported
GADD45B,O75293,1,Nucleoplasm,"Nucleoli, Cytosol",Approved
GADD45G,O95257,1,,,
GADD45GIP1,Q8TAE8,1,Mitochondria,Nucleoplasm,Supported
GADL1,Q6ZQY3,1,"Plasma membrane, Cytosol",,Approved
GAGE1,P0DTW1,1,Plasma membrane,"Golgi apparatus, Cytosol",Approved
GAGE10,A6NGK3,1,Plasma membrane,"Golgi apparatus, Cytosol",Uncertain
GAGE12B,,0,,,
GAGE12C,A1L429,1,Plasma membrane,"Golgi apparatus, Cytosol",Approved
GAGE12D,A1L429,1,Plasma membrane,"Golgi apparatus, Cytosol",Approved
GAGE12E,A1L429,1,Plasma membrane,"Golgi apparatus, Cytosol",Uncertain
GAGE12F,"P0CL80,O76087,P0CL82",3,Plasma membrane,"Golgi apparatus, Cytosol",Approved
GAGE12G,"P0CL81,O76087,P0CL82",3,Plasma membrane,"Golgi apparatus, Cytosol",Approved
GAGE12H,A6NDE8,1,Plasma membrane,"Golgi apparatus, Cytosol",Approved
GAGE12J,A6NER3,1,Plasma membrane,"Golgi apparatus, Cytosol",Approved
GAGE13,Q4V321,1,Plasma membrane,"Golgi apparatus, Cytosol",Approved
GAGE2A,Q6NT46,1,Plasma membrane,"Golgi apparatus, Cytosol",Approved
GAGE2E,Q4V326,1,Plasma membrane,"Golgi apparatus, Cytosol",Approved
GAK,O14976,1,Golgi apparatus,Vesicles,Supported
GAL,P22466,1,Golgi apparatus,Vesicles,Supported
GAL3ST1,Q99999,1,Vesicles,Nucleoplasm,Uncertain
GAL3ST2,Q9H3Q3,1,,,
GAL3ST3,Q96A11,1,,,
GAL3ST4,Q96RP7,1,Nucleoplasm,Cytosol,Approved
GALC,P54803,1,,,
GALE,Q14376,1,"Golgi apparatus, Cytosol",,Approved
GALK1,P51570,1,Cytosol,Golgi apparatus,Approved
GALK2,Q01415,1,"Nucleoplasm, Cytosol",,Approved
GALM,Q96C23,1,Nucleoplasm,,Uncertain
GALNS,P34059,1,Cytosol,,Approved
GALNT1,Q10472,1,,,
GALNT10,Q86SR1,1,Plasma membrane,"Nucleoplasm, Golgi apparatus",Approved
GALNT11,Q8NCW6,1,,,
GALNT12,Q8IXK2,1,Plasma membrane,"Nucleoplasm, Cell Junctions",Approved
GALNT13,Q8IUC8,1,,,
GALNT14,Q96FL9,1,Golgi apparatus,Nucleoplasm,Approved
GALNT15,Q8N3T1,1,Golgi apparatus,Cytosol,Approved
GALNT16,Q8N428,1,"Vesicles, Cytosol",,Approved
GALNT17,Q6IS24,1,"Nucleoplasm, Golgi apparatus","Nucleoli, Nuclear bodies",Uncertain
GALNT18,Q6P9A2,1,Golgi apparatus,"Vesicles, Cytosol",Approved
GALNT2,Q10471,1,Golgi apparatus,,Supported
GALNT3,Q14435,1,Golgi apparatus,,Supported
GALNT4,Q8N4A0,1,Golgi apparatus,,Approved
GALNT5,Q7Z7M9,1,"Golgi apparatus, Cytosol","Nucleoli, Vesicles",Approved
GALNT6,Q8NCL4,1,"Nucleoplasm, Golgi apparatus",,Approved
GALNT7,Q86SF2,1,Golgi apparatus,Nucleoplasm,Approved
GALNT8,Q9NY28,1,"Golgi apparatus, Vesicles",,Approved
GALNT9,Q9HCQ5,1,Vesicles,,Approved
GALNTL5,Q7Z4T8,1,,,
GALNTL6,Q49A17,1,,,
GALP,Q9UBC7,1,,,
GALR1,P47211,1,Plasma membrane,,Supported
GALR2,O43603,1,,,
GALR3,O60755,1,,,
GALT,P07902,1,Cytosol,,Approved
GAMT,Q14353,1,,,
GAN,Q9H2C0,1,Microtubules,,Supported
GANAB,Q14697,1,Endoplasmic reticulum,,Approved
GANC,Q8TET4,1,Cytosol,,Approved
GAP43,P17677,1,Plasma membrane,,Enhanced
GAPDH,P04406,1,"Plasma membrane, Cytosol","Nuclear membrane, Vesicles",Enhanced
GAPDHS,O14556,1,Nucleoplasm,Centrosome,Approved
GAPT,Q8N292,1,Plasma membrane,"Golgi apparatus, Vesicles",Supported
GAPVD1,Q14C86,1,Plasma membrane,Cytosol,Enhanced
GAR1,Q9NY12,1,"Nucleoplasm, Nucleoli fibrillar center",,Approved
GAREM1,Q9H706,1,"Nucleoplasm, Cytosol",,Approved
GAREM2,Q75VX8,1,Cytosol,,Approved
GARNL3,Q5VVW2,1,Vesicles,Nucleoplasm,Approved
GARRE1,O15063,1,Nucleoplasm,,Approved
GARS1,P41250,1,Cytosol,,Supported
GART,P22102,1,Cytosol,Mitochondria,Approved
GAS1,P54826,1,Nuclear speckles,,Approved
GAS2,O43903,1,"Plasma membrane, Cytosol","Nucleoplasm, Nucleoli",Approved
GAS2L1,Q99501,1,Plasma membrane,Cell Junctions,Approved
GAS2L2,Q8NHY3,1,,,
GAS2L3,Q86XJ1,1,,,
GAS6,Q14393,1,Cytosol,Centriolar satellite,Approved
GAS7,O60861,1,Plasma membrane,"Actin filaments, Focal adhesion sites",Approved
GAS8,O95995,1,Cytosol,Plasma membrane,Supported
GASK1A,Q9UFP1,1,Vesicles,,Supported
GASK1B,Q6UWH4,1,"Nucleoplasm, Golgi apparatus",Nucleoli fibrillar center,Approved
GAST,P01350,1,,,
GATA1,P15976,1,Nucleoplasm,,Supported
GATA2,P23769,1,Nucleoplasm,,Supported
GATA3,P23771,1,Nucleoplasm,,Supported
GATA4,P43694,1,Nuclear bodies,,Supported
GATA5,Q9BWX5,1,Nucleoplasm,Cytosol,Approved
GATA6,Q92908,1,Nucleoplasm,,Supported
GATAD1,Q8WUU5,1,Nucleoplasm,,Enhanced
GATAD2A,Q86YP4,1,Nucleoplasm,,Enhanced
GATAD2B,Q8WXI9,1,Nucleoplasm,,Enhanced
GATB,O75879,1,Mitochondria,,Supported
GATC,O43716,1,,,
GATD1,Q8NB37,1,Nucleoplasm,,Supported
GATD3A,P0DPI2,1,Mitochondria,Centrosome,Approved
GATD3B,A0A0B4J2D5,1,Mitochondria,Centrosome,Approved
GATM,P50440,1,Mitochondria,,Supported
GBA,P04062,1,,,
GBA2,Q9HCG7,1,"Nucleoplasm, Golgi apparatus",Cytosol,Approved
GBE1,Q04446,1,Cytosol,,Approved
GBF1,Q92538,1,Golgi apparatus,,Supported
GBGT1,Q8N5D6,1,,,
GBP1,P32455,1,,,
GBP2,P32456,1,"Nucleoplasm, Cytosol",,Approved
GBP3,Q9H0R5,1,,,
GBP4,Q96PP9,1,Golgi apparatus,Plasma membrane,Supported
GBP5,Q96PP8,1,,,
GBP6,Q6ZN66,1,,,
GBP7,Q8N8V2,1,,,
GBX1,Q14549,1,,,
GBX2,P52951,1,Nucleoplasm,,Approved
GC,P02774,1,,,
GCA,P28676,1,Cytosol,Plasma membrane,Supported
GCAT,O75600,1,Nucleoplasm,"Nuclear speckles, Mitochondria",Supported
GCC1,Q96CN9,1,Golgi apparatus,"Plasma membrane, Cytosol",Supported
GCC2,Q8IWJ2,1,Golgi apparatus,Nucleoplasm,Enhanced
GCDH,Q92947,1,Mitochondria,,Supported
GCFC2,P16383,1,Nucleoplasm,,Supported
GCG,P01275,1,Endoplasmic reticulum,Vesicles,Approved
GCGR,P47871,1,Golgi apparatus,,Uncertain
GCH1,P30793,1,Nucleoplasm,"Nuclear membrane, Cytosol",Supported
GCHFR,P30047,1,Nucleoplasm,,Supported
GCK,P35557,1,Cytosol,,Supported
GCKR,,0,Nucleoplasm,"Nucleoli, Cytosol",Approved
GCLC,P48506,1,Nucleoplasm,"Nucleoli, Cytosol",Approved
GCLM,P48507,1,"Nucleoplasm, Cytosol",Plasma membrane,Approved
GCM1,Q9NP62,1,Vesicles,,Approved
GCM2,O75603,1,,,
GCN1,Q92616,1,Cytosol,,Enhanced
GCNA,Q96QF7,1,Nucleoplasm,,Supported
GCNT1,Q02742,1,Nuclear speckles,,Supported
GCNT2,Q8N0V5,1,Golgi apparatus,,Approved
GCNT3,O95395,1,Golgi apparatus,Vesicles,Approved
GCNT4,Q9P109,1,Golgi apparatus,Nucleoplasm,Supported
GCNT7,Q6ZNI0,1,"Nuclear bodies, Vesicles",Cytosol,Approved
GCOM1,,0,Nucleoplasm,,Approved
GCSAM,Q8N6F7,1,,,
GCSAML,Q5JQS6,1,Cytosol,,Approved
GCSH,P23434,1,Vesicles,,Approved
GDA,Q9Y2T3,1,Nucleoplasm,,Approved
GDAP1,Q8TB36,1,Mitochondria,Cytosol,Supported
GDAP1L1,Q96MZ0,1,Endoplasmic reticulum,,Approved
GDAP2,Q9NXN4,1,Endoplasmic reticulum,,Approved
GDE1,Q9NZC3,1,Vesicles,"Nucleoplasm, Plasma membrane",Approved
GDF1,P27539,1,,,
GDF10,P55107,1,Vesicles,,Approved
GDF11,O95390,1,Vesicles,,Approved
GDF15,Q99988,1,Golgi apparatus,,Enhanced
GDF2,Q9UK05,1,,,
GDF3,Q9NR23,1,,,
GDF5,P43026,1,,,
GDF6,Q6KF10,1,Vesicles,"Nucleoplasm, Nuclear membrane",Supported
GDF7,Q7Z4P5,1,Vesicles,,Approved
GDF9,O60383,1,Golgi apparatus,Cytosol,Approved
GDI1,P31150,1,"Plasma membrane, Cytosol",,Approved
GDI2,P50395,1,"Plasma membrane, Cytosol",,Approved
GDNF,P39905,1,Vesicles,Nucleoplasm,Approved
GDPD1,Q8N9F7,1,,,
GDPD2,Q9HCC8,1,,,
GDPD3,Q7L5L3,1,Nucleoplasm,"Cytokinetic bridge, Cytosol",Approved
GDPD4,Q6W3E5,1,,,
GDPD5,Q8WTR4,1,Golgi apparatus,,Approved
GDPGP1,Q6ZNW5,1,Cytosol,,Approved
GEM,P55040,1,,,
GEMIN2,O14893,1,"Nucleoplasm, Nuclear bodies",Nucleoli,Supported
GEMIN4,P57678,1,"Nuclear bodies, Cytosol",,Supported
GEMIN5,Q8TEQ6,1,Cytosol,Nuclear bodies,Enhanced
GEMIN6,Q8WXD5,1,"Nucleoplasm, Nuclear bodies",,Supported
GEMIN7,Q9H840,1,"Nucleoplasm, Cytosol",,Supported
GEMIN8,Q9NWZ8,1,"Nucleoplasm, Cytosol",,Supported
GEN1,Q17RS7,1,Nucleoplasm,,Approved
GET1,O00258,1,,,
GET1-SH3BGR,,0,,,
GET3,O43681,1,Nucleoli,Nucleoplasm,Enhanced
GET4,Q7L5D6,1,"Nucleoplasm, Cytosol","Nucleoli, Mitotic chromosome",Enhanced
GFAP,P14136,1,Intermediate filaments,,Supported
GFER,P55789,1,Cytosol,Mitochondria,Enhanced
GFI1,Q99684,1,,,
GFI1B,Q5VTD9,1,"Nucleoplasm, Plasma membrane",,Approved
GFM1,Q96RP9,1,Mitochondria,Nucleoplasm,Approved
GFM2,Q969S9,1,Mitochondria,"Nucleoplasm, Midbody ring",Approved
GFOD1,Q9NXC2,1,"Nucleoplasm, Cytosol",Plasma membrane,Approved
GFOD2,Q3B7J2,1,Nucleoplasm,Cytosol,Supported
GFPT1,Q06210,1,"Nucleoplasm, Nucleoli",Nucleoli fibrillar center,Approved
GFPT2,O94808,1,Vesicles,,Approved
GFRA1,P56159,1,Golgi apparatus,Nucleoplasm,Approved
GFRA2,O00451,1,,,
GFRA3,O60609,1,Plasma membrane,Cytosol,Supported
GFRA4,Q9GZZ7,1,,,
GFRAL,Q6UXV0,1,"Nucleoplasm, Plasma membrane","Actin filaments, Focal adhesion sites",Approved
GFUS,Q13630,1,Cytosol,Nucleoplasm,Approved
GFY,I3L273,1,,,
GGA1,Q9UJY5,1,"Golgi apparatus, Vesicles",Nucleoplasm,Supported
GGA2,Q9UJY4,1,Golgi apparatus,,Enhanced
GGA3,Q9NZ52,1,Golgi apparatus,,Supported
GGACT,Q9BVM4,1,,,
GGCT,O75223,1,,,
GGCX,P38435,1,,,
GGH,Q92820,1,,,
GGN,Q86UU5,1,Golgi apparatus,Cytosol,Approved
GGNBP2,Q9H3C7,1,Endoplasmic reticulum,,Approved
GGPS1,O95749,1,Cytosol,Nucleoplasm,Supported
GGT1,P19440,1,Vesicles,,Uncertain
GGT2,P36268,1,Vesicles,,Uncertain
GGT5,P36269,1,Nucleoli fibrillar center,,Approved
GGT6,Q6P531,1,,,
GGT7,Q9UJ14,1,Vesicles,Nucleoplasm,Approved
GGTA1,Q4G0N0,1,"Plasma membrane, Cytosol",,Approved
GGTLC1,Q9BX51,1,,,
GGTLC2,Q14390,1,,,
GGTLC3,B5MD39,1,,,
GH1,P01241,1,,,
GH2,P01242,1,,,
GHDC,Q8N2G8,1,,,
GHITM,Q9H3K2,1,Mitochondria,,Supported
GHR,P10912,1,"Plasma membrane, Cytosol, Cytoplasmic bodies",,Supported
GHRH,P01286,1,,,
GHRHR,Q02643,1,,,
GHRL,Q9UBU3,1,,,
GHSR,Q92847,1,,,
GID4,Q8IVV7,1,Cytosol,,Approved
GID8,Q9NWU2,1,Nucleoplasm,Cell Junctions,Supported
GIGYF1,O75420,1,Vesicles,Microtubules,Approved
GIGYF2,Q6Y7W6,1,Cytosol,,Enhanced
GIMAP1,Q8WWP7,1,Endoplasmic reticulum,,Supported
GIMAP1-GIMAP5,,0,Endoplasmic reticulum,,Supported
GIMAP2,Q9UG22,1,Lipid droplets,Nucleoplasm,Supported
GIMAP4,Q9NUV9,1,"Vesicles, Cytosol",,Approved
GIMAP5,Q96F15,1,,,
GIMAP6,Q6P9H5,1,,,
GIMAP7,Q8NHV1,1,"Golgi apparatus, Vesicles",,Supported
GIMAP8,Q8ND71,1,,,
GIMD1,P0DJR0,1,,,
GIN1,Q9NXP7,1,"Nucleoplasm, Nucleoli",,Approved
GINM1,Q9NU53,1,"Nucleoli fibrillar center, Plasma membrane",,Approved
GINS1,Q14691,1,Nucleoplasm,,Approved
GINS2,Q9Y248,1,Nucleoplasm,,Approved
GINS3,Q9BRX5,1,Nucleoplasm,,Enhanced
GINS4,Q9BRT9,1,Nucleoplasm,Centrosome,Approved
GIP,P09681,1,,,
GIPC1,O14908,1,"Plasma membrane, Cell Junctions",Nucleoplasm,Approved
GIPC2,Q8TF65,1,Nucleoplasm,Cytosol,Approved
GIPC3,Q8TF64,1,Nucleoplasm,"Nuclear bodies, Golgi apparatus",Approved
GIPR,P48546,1,Vesicles,,Uncertain
GIT1,Q9Y2X7,1,"Focal adhesion sites, Cytosol",Mitochondria,Supported
GIT2,Q14161,1,Microtubules,,Approved
GJA1,P17302,1,"Vesicles, Cell Junctions",Nucleoplasm,Supported
GJA10,Q969M2,1,,,
GJA3,Q9Y6H8,1,,,
GJA4,P35212,1,,,
GJA5,P36382,1,,,
GJA8,P48165,1,,,
GJA9,P57773,1,,,
GJB1,P08034,1,,,
GJB2,P29033,1,Mitochondria,,Approved
GJB3,O75712,1,"Vesicles, Cell Junctions",,Supported
GJB4,Q9NTQ9,1,Cell Junctions,,Supported
GJB5,O95377,1,,,
GJB6,O95452,1,Cell Junctions,,Supported
GJB7,Q6PEY0,1,"Plasma membrane, Cytosol",,Approved
GJC1,P36383,1,Nucleoli,"Cell Junctions, Cytosol",Uncertain
GJC2,Q5T442,1,"Plasma membrane, Cytosol",,Supported
GJC3,Q8NFK1,1,,,
GJD2,Q9UKL4,1,,,
GJD3,Q8N144,1,,,
GJD4,Q96KN9,1,,,
GJE1,A6NN92,1,,,
GK,P32189,1,,,
GK2,Q14410,1,,,
GK3P,Q14409,1,,,
GK5,Q6ZS86,1,"Nucleoplasm, Cytosol",,Approved
GKAP1,Q5VSY0,1,"Centriolar satellite, Cytosol",,Approved
GKN1,Q9NS71,1,,,
GKN2,Q86XP6,1,,,
GLA,P06280,1,,,
GLB1,P16278,1,Vesicles,Golgi apparatus,Supported
GLB1L,Q6UWU2,1,,,
GLB1L2,Q8IW92,1,Nucleoplasm,Vesicles,Approved
GLB1L3,Q8NCI6,1,,,
GLCCI1,Q86VQ1,1,Nucleoli,,Approved
GLCE,O94923,1,Mitochondria,,Approved
GLDC,P23378,1,Mitochondria,Nucleoplasm,Supported
GLDN,Q6ZMI3,1,"Vesicles, Plasma membrane",,Supported
GLE1,Q53GS7,1,Nuclear membrane,Nucleoli,Supported
GLG1,Q92896,1,Golgi apparatus,,Supported
GLI1,P08151,1,Nucleoplasm,Cytosol,Supported
GLI2,P10070,1,"Nucleoplasm, Nucleoli",,Supported
GLI3,P10071,1,Nucleoplasm,"Nucleoli, Vesicles",Supported
GLI4,P10075,1,"Nucleoplasm, Cytokinetic bridge",,Approved
GLIPR1,P48060,1,,,
GLIPR1L1,Q6UWM5,1,,,
GLIPR1L2,Q4G1C9,1,Golgi apparatus,Vesicles,Approved
GLIPR2,Q9H4G4,1,Vesicles,Microtubules,Uncertain
GLIS1,Q8NBF1,1,Nucleoplasm,"Mitochondria, Cytosol",Approved
GLIS2,Q9BZE0,1,Nucleoplasm,,Enhanced
GLIS3,Q8NEA6,1,Nucleoplasm,Golgi apparatus,Approved
GLMN,Q92990,1,"Nucleoplasm, Cytosol",,Approved
GLMP,Q8WWB7,1,,,
GLO1,Q04760,1,"Nucleoplasm, Plasma membrane, Cytosol",,Supported
GLOD4,Q9HC38,1,Cytosol,,Approved
GLOD5,A6NK44,1,Mitochondria,,Uncertain
GLP1R,P43220,1,,,
GLP2R,O95838,1,Plasma membrane,,Supported
GLRA1,P23415,1,"Vesicles, Plasma membrane",,Approved
GLRA2,P23416,1,"Vesicles, Plasma membrane",,Approved
GLRA3,O75311,1,"Vesicles, Plasma membrane",,Approved
GLRB,P48167,1,,,
GLRX,P35754,1,"Plasma membrane, Cytosol",,Supported
GLRX2,Q9NS18,1,Nucleoplasm,Vesicles,Supported
GLRX3,O76003,1,,,
GLRX5,Q86SX6,1,Mitochondria,,Supported
GLS,O94925,1,Mitochondria,,Supported
GLS2,Q9UI32,1,,,
GLT1D1,Q96MS3,1,Cytosol,,Enhanced
GLT6D1,Q7Z4J2,1,,,
GLT8D1,Q68CQ7,1,Mitochondria,,Approved
GLT8D2,Q9H1C3,1,"Golgi apparatus, Vesicles",,Approved
GLTP,Q9NZD2,1,Cytosol,,Supported
GLTPD2,A6NH11,1,Vesicles,,Approved
GLUD1,P00367,1,Mitochondria,,Supported
GLUD2,P49448,1,Mitochondria,,Approved
GLUL,P15104,1,"Mitochondria, Cytosol",Plasma membrane,Supported
GLYAT,Q6IB77,1,,,
GLYATL1,Q969I3,1,Golgi apparatus,Cytosol,Uncertain
GLYATL1B,A0A0U1RQE8,1,Golgi apparatus,Cytosol,Uncertain
GLYATL2,Q8WU03,1,Mitochondria,,Approved
GLYATL3,Q5SZD4,1,,,
GLYCTK,Q8IVS8,1,Cytosol,"Golgi apparatus, Rods & Rings",Approved
GLYR1,Q49A26,1,Nucleoplasm,Cytosol,Supported
GM2A,P17900,1,"Vesicles, Cytosol",,Approved
GMCL1,Q96IK5,1,,,
GMCL2,Q8NEA9,1,,,
GMDS,O60547,1,,,
GMEB1,Q9Y692,1,Nucleoplasm,,Enhanced
GMEB2,Q9UKD1,1,Nucleoplasm,Cytosol,Enhanced
GMFB,P60983,1,"Nucleoplasm, Cytosol",Nuclear bodies,Approved
GMFG,O60234,1,"Nucleoplasm, Cytosol",Nuclear bodies,Approved
GMIP,Q9P107,1,"Nucleoplasm, Cytosol",Plasma membrane,Enhanced
GML,Q99445,1,,,
GMNC,A6NCL1,1,,,
GMNN,O75496,1,Nucleoplasm,Cytosol,Supported
GMPPA,Q96IJ6,1,Nucleoplasm,,Approved
GMPPB,Q9Y5P6,1,,,
GMPR,P36959,1,,,
GMPR2,Q9P2T1,1,Nucleoplasm,Nucleoli,Approved
GMPS,P49915,1,Cytosol,,Approved
GNA11,P29992,1,,,
GNA12,Q03113,1,Cytosol,,Supported
GNA13,Q14344,1,Cytosol,,Supported
GNA14,O95837,1,,,
GNA15,P30679,1,,,
GNAI1,P63096,1,Centrosome,"Nucleoplasm, Nucleoli",Supported
GNAI2,P04899,1,Cytosol,"Nucleoplasm, Plasma membrane",Supported
GNAI3,P08754,1,Centrosome,"Nucleoplasm, Nucleoli",Supported
GNAL,P38405,1,"Nucleoplasm, Cytosol",,Approved
GNAO1,P09471,1,,,
GNAQ,P50148,1,Nuclear speckles,"Plasma membrane, Cytosol",Approved
GNAS,"O95467,P63092,P84996,Q5JWF2",4,Nucleoplasm,"Plasma membrane, Cytosol",Approved
GNAT1,P11488,1,,,
GNAT2,P19087,1,,,
GNAT3,A8MTJ3,1,,,
GNAZ,P19086,1,Vesicles,,Approved
GNB1,P62873,1,Plasma membrane,Golgi apparatus,Approved
GNB1L,Q9BYB4,1,Cytosol,,Approved
GNB2,P62879,1,Plasma membrane,,Supported
GNB3,P16520,1,Plasma membrane,Golgi apparatus,Approved
GNB4,Q9HAV0,1,Plasma membrane,,Supported
GNB5,O14775,1,Nuclear speckles,"Centrosome, Rods & Rings",Approved
GNE,Q9Y223,1,Cytosol,,Supported
GNG10,P50151,1,,,
GNG11,P61952,1,,,
GNG12,Q9UBI6,1,Mitochondria,,Approved
GNG13,Q9P2W3,1,,,
GNG14,A0A1W2PPG7,1,,,
GNG2,P59768,1,Plasma membrane,Vesicles,Approved
GNG3,P63215,1,,,
GNG4,P50150,1,,,
GNG5,P63218,1,,,
GNG7,O60262,1,,,
GNG8,Q9UK08,1,,,
GNGT1,P63211,1,,,
GNGT2,O14610,1,,,
GNL1,P36915,1,Vesicles,,Supported
GNL2,Q13823,1,"Nucleoli, Nucleoli rim",,Enhanced
GNL3,Q9BVP2,1,Nucleoli rim,"Nuclear bodies, Mitotic chromosome",Enhanced
GNL3L,Q9NVN8,1,Nucleoli,"Nucleoplasm, Cytosol",Supported
GNLY,P22749,1,,,
GNMT,Q14749,1,Cytosol,,Supported
GNPAT,O15228,1,,,
GNPDA1,P46926,1,Vesicles,Golgi apparatus,Approved
GNPDA2,Q8TDQ7,1,Vesicles,Golgi apparatus,Approved
GNPNAT1,Q96EK6,1,,,
GNPTAB,Q3T906,1,Golgi apparatus,,Supported
GNPTG,Q9UJJ9,1,Endoplasmic reticulum,Cytosol,Approved
GNRH1,P01148,1,,,
GNRH2,O43555,1,,,
GNRHR,P30968,1,,,
GNS,P15586,1,,,
GOLGA1,Q92805,1,Golgi apparatus,,Enhanced
GOLGA2,Q08379,1,Golgi apparatus,,Enhanced
GOLGA3,Q08378,1,Golgi apparatus,Nucleoplasm,Supported
GOLGA4,Q13439,1,Golgi apparatus,Nucleoplasm,Supported
GOLGA5,Q8TBA6,1,Golgi apparatus,,Supported
GOLGA6A,Q9NYA3,1,Vesicles,"Nucleoplasm, Centrosome",Approved
GOLGA6B,A6NDN3,1,Vesicles,"Nucleoplasm, Centrosome",Approved
GOLGA6C,A6NDK9,1,Vesicles,"Nucleoplasm, Centrosome",Approved
GOLGA6D,P0CG33,1,Vesicles,"Nucleoplasm, Centrosome",Approved
GOLGA6L1,Q8N7Z2,1,,,
GOLGA6L10,A6NI86,1,,,
GOLGA6L2,Q8N9W4,1,,,
GOLGA6L22,H0YM25,1,,,
GOLGA6L4,A6NEF3,1,,,
GOLGA6L6,A8MZA4,1,,,
GOLGA6L7,A0A1B0GV03,1,,,
GOLGA6L9,A6NEM1,1,,,
GOLGA7,Q7Z5G4,1,,,
GOLGA7B,Q2TAP0,1,,,
GOLGA8A,A7E2F4,1,Golgi apparatus,Cytosol,Approved
GOLGA8B,A8MQT2,1,Golgi apparatus,Cytosol,Approved
GOLGA8F,Q08AF8,1,,,
GOLGA8G,,0,,,
GOLGA8H,P0CJ92,1,,,
GOLGA8J,A6NMD2,1,,,
GOLGA8K,D6RF30,1,,,
GOLGA8M,H3BSY2,1,,,
GOLGA8N,F8WBI6,1,,,
GOLGA8O,A6NCC3,1,,,
GOLGA8Q,H3BV12,1,,,
GOLGA8R,I6L899,1,,,
GOLGA8S,H3BPF8,1,,,
GOLGA8T,H3BQL2,1,,,
GOLGB1,Q14789,1,Golgi apparatus,,Enhanced
GOLIM4,O00461,1,Golgi apparatus,,Enhanced
GOLM1,Q8NBJ4,1,Golgi apparatus,,Enhanced
GOLM2,Q6P4E1,1,Golgi apparatus,,Enhanced
GOLPH3,Q9H4A6,1,"Golgi apparatus, Vesicles",,Supported
GOLPH3L,Q9H4A5,1,Golgi apparatus,Cytosol,Supported
GOLT1A,Q6ZVE7,1,,,
GOLT1B,Q9Y3E0,1,Vesicles,Nucleoplasm,Supported
GON4L,Q3T8J9,1,"Nucleoplasm, Nuclear bodies",,Enhanced
GON7,Q9BXV9,1,"Nucleoplasm, Nucleoli rim",,Supported
GOPC,Q9HD26,1,Golgi apparatus,,Enhanced
GORAB,Q5T7V8,1,Golgi apparatus,"Nucleoplasm, Nucleoli, Cytosol",Supported
GORASP1,Q9BQQ3,1,Golgi apparatus,,Supported
GORASP2,Q9H8Y8,1,Golgi apparatus,,Enhanced
GOSR1,O95249,1,,,
GOSR2,O14653,1,"Nucleoplasm, Golgi apparatus",Cytosol,Approved
GOT1,P17174,1,,,
GOT1L1,Q8NHS2,1,,,
GOT2,P00505,1,,,
GP1BA,P07359,1,,,
GP1BB,P13224,1,,,
GP2,P55259,1,,,
GP5,P40197,1,Cytosol,,Approved
GP6,Q9HCN6,1,Plasma membrane,,Supported
GP9,P14770,1,"Plasma membrane, Cytosol",Nucleoplasm,Approved
GPA33,Q99795,1,,,
GPAA1,O43292,1,"Endoplasmic reticulum, Cytosol","Centrosome, Mitochondria",Approved
GPALPP1,Q8IXQ4,1,Nucleoli rim,Nucleoplasm,Approved
GPAM,Q9HCL2,1,Mitochondria,,Approved
GPANK1,O95872,1,Endoplasmic reticulum,,Approved
GPAT2,Q6NUI2,1,Mitochondria,,Approved
GPAT3,Q53EU6,1,,,
GPAT4,Q86UL3,1,,,
GPATCH1,Q9BRR8,1,Plasma membrane,"Golgi apparatus, Cell Junctions",Approved
GPATCH11,Q8N954,1,Nucleoplasm,,Supported
GPATCH2,Q9NW75,1,Nuclear speckles,,Supported
GPATCH2L,Q9NWQ4,1,Nucleoplasm,Cytosol,Approved
GPATCH3,Q96I76,1,Nucleoplasm,Cytosol,Supported
GPATCH4,,0,Nucleoli,Nucleoplasm,Enhanced
GPATCH8,Q9UKJ3,1,Nuclear speckles,Mitochondria,Approved
GPBAR1,Q8TDU6,1,,,
GPBP1,Q86WP2,1,"Vesicles, Cytosol",Plasma membrane,Approved
GPBP1L1,Q9HC44,1,Nucleoplasm,"Plasma membrane, Focal adhesion sites, Cytosol",Approved
GPC1,P35052,1,"Plasma membrane, Cytosol",,Supported
GPC2,Q8N158,1,,,
GPC3,P51654,1,Plasma membrane,,Supported
GPC4,O75487,1,Plasma membrane,Nucleoplasm,Approved
GPC5,P78333,1,Nucleoplasm,Cytosol,Approved
GPC6,Q9Y625,1,"Golgi apparatus, Vesicles",,Approved
GPCPD1,Q9NPB8,1,Nucleoplasm,,Uncertain
GPD1,P21695,1,,,
GPD1L,Q8N335,1,,,
GPD2,P43304,1,Mitochondria,,Supported
GPER1,Q99527,1,Nucleoli,"Nucleoplasm, Vesicles, Cytosol",Approved
GPHA2,Q96T91,1,Vesicles,,Approved
GPHB5,Q86YW7,1,,,
GPHN,Q9NQX3,1,Vesicles,Cytosol,Approved
GPI,P06744,1,Cytosol,Plasma membrane,Supported
GPIHBP1,Q8IV16,1,,,
GPKOW,Q92917,1,Nucleoplasm,,Enhanced
GPLD1,P80108,1,,,
GPM6A,P51674,1,,,
GPM6B,Q13491,1,,,
GPN1,Q9HCN4,1,"Nucleoplasm, Cytosol",Mitochondria,Supported
GPN2,Q9H9Y4,1,,,
GPN3,Q9UHW5,1,Nuclear speckles,Cytosol,Approved
GPNMB,Q14956,1,,,
GPR1,P46091,1,Plasma membrane,"Nucleoplasm, Vesicles",Supported
GPR101,Q96P66,1,,,
GPR107,Q5VW38,1,Golgi apparatus,Nucleoplasm,Approved
GPR108,Q9NPR9,1,Golgi apparatus,Vesicles,Approved
GPR119,Q8TDV5,1,,,
GPR12,P47775,1,,,
GPR132,Q9UNW8,1,,,
GPR135,Q8IZ08,1,,,
GPR137,Q96N19,1,"Nucleoplasm, Nucleoli",Actin filaments,Approved
GPR137B,O60478,1,,,
GPR137C,Q8N3F9,1,Vesicles,,Approved
GPR139,Q6DWJ6,1,,,
GPR141,Q7Z602,1,,,
GPR142,Q7Z601,1,"Plasma membrane, Cytosol",Cell Junctions,Uncertain
GPR143,P51810,1,,,
GPR146,Q96CH1,1,,,
GPR148,Q8TDV2,1,Plasma membrane,,Supported
GPR149,Q86SP6,1,,,
GPR15,P49685,1,,,
GPR150,Q8NGU9,1,,,
GPR151,Q8TDV0,1,,,
GPR152,Q8TDT2,1,,,
GPR153,Q6NV75,1,,,
GPR155,Q7Z3F1,1,"Nuclear bodies, Cytosol",,Approved
GPR156,Q8NFN8,1,Plasma membrane,,Supported
GPR157,Q5UAW9,1,Cytosol,Plasma membrane,Approved
GPR158,Q5T848,1,,,
GPR160,Q9UJ42,1,Plasma membrane,,Supported
GPR161,Q8N6U8,1,Nucleoplasm,Nucleoli,Approved
GPR162,Q16538,1,Centriolar satellite,,Approved
GPR17,Q13304,1,Vesicles,,Approved
GPR171,O14626,1,,,
GPR173,Q9NS66,1,"Plasma membrane, Cytosol",,Approved
GPR174,Q9BXC1,1,Plasma membrane,"Vesicles, Centriolar satellite",Approved
GPR176,Q14439,1,,,
GPR179,,0,,,
GPR18,Q14330,1,,,
GPR180,Q86V85,1,Vesicles,,Approved
GPR182,O15218,1,,,
GPR183,P32249,1,,,
GPR19,Q15760,1,,,
GPR20,Q99678,1,Plasma membrane,Cytosol,Supported
GPR21,Q99679,1,,,
GPR22,Q99680,1,,,
GPR25,O00155,1,,,
GPR26,Q8NDV2,1,,,
GPR27,Q9NS67,1,Nucleoplasm,"Plasma membrane, Actin filaments, Cytosol",Approved
GPR3,P46089,1,,,
GPR31,O00270,1,,,
GPR32,O75388,1,,,
GPR33,Q49SQ1,1,,,
GPR34,Q9UPC5,1,Cytosol,,Approved
GPR35,Q9HC97,1,,,
GPR37,O15354,1,"Nuclear membrane, Cytosol",,Approved
GPR37L1,O60883,1,"Nucleoplasm, Cell Junctions","Vesicles, Plasma membrane",Approved
GPR39,O43194,1,,,
GPR4,P46093,1,,,
GPR42,O15529,1,,,
GPR45,Q9Y5Y3,1,,,
GPR50,Q13585,1,Plasma membrane,Nucleoplasm,Supported
GPR52,Q9Y2T5,1,,,
GPR55,Q9Y2T6,1,,,
GPR6,P46095,1,,,
GPR61,Q9BZJ8,1,,,
GPR62,Q9BZJ7,1,,,
GPR63,Q9BZJ6,1,"Nucleoplasm, Plasma membrane, Cytosol",,Approved
GPR65,Q8IYL9,1,Vesicles,"Nucleoli, Cytosol",Approved
GPR68,Q15743,1,,,
GPR75,O95800,1,,,
GPR78,Q96P69,1,,,
GPR82,Q96P67,1,,,
GPR83,Q9NYM4,1,,,
GPR84,Q9NQS5,1,,,
GPR85,P60893,1,,,
GPR87,Q9BY21,1,"Lipid droplets, Mitochondria",Nucleoplasm,Approved
GPR88,Q9GZN0,1,,,
GPR89A,B7ZAQ6,1,Endoplasmic reticulum,,Approved
GPR89B,P0CG08,1,Endoplasmic reticulum,,Approved
GPRASP1,Q5JY77,1,Cytosol,,Supported
GPRASP2,Q96D09,1,Cytosol,Nucleoplasm,Approved
GPRC5A,Q8NFJ5,1,"Vesicles, Plasma membrane",,Enhanced
GPRC5B,Q9NZH0,1,Vesicles,"Nucleoplasm, Nucleoli",Supported
GPRC5C,Q9NQ84,1,Centriolar satellite,"Nucleoplasm, Cytosol",Uncertain
GPRC5D,Q9NZD1,1,,,
GPRC6A,Q5T6X5,1,,,
GPRIN1,Q7Z2K8,1,Plasma membrane,Vesicles,Supported
GPRIN2,O60269,1,"Plasma membrane, Microtubules","Cytokinetic bridge, Mitotic spindle",Approved
GPRIN3,Q6ZVF9,1,Nucleoli,Nucleoplasm,Approved
GPS1,Q13098,1,Nucleoplasm,Cytosol,Enhanced
GPS2,Q13227,1,Nucleoplasm,,Supported
GPSM1,Q86YR5,1,Golgi apparatus,Nucleoplasm,Supported
GPSM2,P81274,1,Cytosol,,Supported
GPSM3,Q9Y4H4,1,,,
GPT,P24298,1,,,
GPT2,Q8TD30,1,Mitochondria,,Approved
GPX1,P07203,1,Cytosol,,Supported
GPX2,P18283,1,Nucleoplasm,Cytosol,Approved
GPX3,P22352,1,,,
GPX4,P36969,1,"Nucleoplasm, Mitochondria",,Approved
GPX5,O75715,1,,,
GPX6,P59796,1,,,
GPX7,Q96SL4,1,,,
GPX8,Q8TED1,1,"Plasma membrane, Cytosol",Actin filaments,Approved
GRAMD1A,Q96CP6,1,Plasma membrane,Cytosol,Supported
GRAMD1B,Q3KR37,1,"Endoplasmic reticulum, Plasma membrane",Vesicles,Supported
GRAMD1C,Q8IYS0,1,"Plasma membrane, Cytosol",,Uncertain
GRAMD2A,Q8IUY3,1,"Nucleoli, Nuclear speckles",Cytosol,Approved
GRAMD2B,Q96HH9,1,Cytosol,"Nucleoplasm, Golgi apparatus",Approved
GRAMD4,Q6IC98,1,,,
GRAP,Q13588,1,Centrosome,,Approved
GRAP2,O75791,1,"Nucleoplasm, Cytosol",Plasma membrane,Supported
GRAPL,Q8TC17,1,Centrosome,,Approved
GRB10,Q13322,1,Vesicles,,Supported
GRB14,Q14449,1,"Nucleoplasm, Cytosol",,Approved
GRB2,P62993,1,Nucleoplasm,,Supported
GRB7,Q14451,1,"Plasma membrane, Cytosol",,Supported
GREB1,Q4ZG55,1,"Mitochondria, Cytosol",,Approved
GREB1L,Q9C091,1,Mitochondria,,Approved
GREM1,O60565,1,,,
GREM2,Q9H772,1,,,
GRHL1,Q9NZI5,1,Nucleoplasm,Vesicles,Supported
GRHL2,Q6ISB3,1,Nucleoplasm,,Supported
GRHL3,Q8TE85,1,Nucleoplasm,,Approved
GRHPR,Q9UBQ7,1,Cytosol,Nucleoplasm,Approved
GRIA1,P42261,1,,,
GRIA2,P42262,1,,,
GRIA3,P42263,1,,,
GRIA4,P48058,1,Focal adhesion sites,,Uncertain
GRID1,Q9ULK0,1,,,
GRID2,O43424,1,,,
GRID2IP,A4D2P6,1,Plasma membrane,,Approved
GRIFIN,A4D1Z8,1,,,
GRIK1,P39086,1,Plasma membrane,Vesicles,Supported
GRIK2,Q13002,1,,,
GRIK3,Q13003,1,,,
GRIK4,Q16099,1,,,
GRIK5,Q16478,1,Plasma membrane,Nucleoplasm,Supported
GRIN1,Q05586,1,,,
GRIN2A,Q12879,1,,,
GRIN2B,Q13224,1,,,
GRIN2C,Q14957,1,,,
GRIN2D,O15399,1,,,
GRIN3A,Q8TCU5,1,,,
GRIN3B,O60391,1,,,
GRINA,Q7Z429,1,Nucleoli fibrillar center,Cytosol,Approved
GRIP1,Q9Y3R0,1,,,
GRIP2,Q9C0E4,1,Cytosol,,Approved
GRIPAP1,Q4V328,1,"Vesicles, Cytosol",,Approved
GRK1,Q15835,1,,,
GRK2,P25098,1,Cytosol,,Approved
GRK3,P35626,1,Nucleoplasm,Plasma membrane,Uncertain
GRK4,P32298,1,"Plasma membrane, Cytosol",,Approved
GRK5,P34947,1,"Nuclear membrane, Nuclear speckles",Plasma membrane,Supported
GRK6,P43250,1,Mitochondria,,Approved
GRK7,Q8WTQ7,1,Golgi apparatus,,Uncertain
GRM1,Q13255,1,Vesicles,,Approved
GRM2,Q14416,1,,,
GRM3,Q14832,1,,,
GRM4,Q14833,1,,,
GRM5,P41594,1,,,
GRM6,O15303,1,,,
GRM7,Q14831,1,Cytosol,,Uncertain
GRM8,O00222,1,,,
GRN,P28799,1,Lysosomes,Endosomes,Enhanced
GRP,P07492,1,,,
GRPEL1,Q9HAV7,1,Mitochondria,,Supported
GRPEL2,Q8TAA5,1,Mitochondria,,Enhanced
GRPR,P30550,1,Plasma membrane,,Supported
GRSF1,Q12849,1,Mitochondria,,Enhanced
GRTP1,Q5TC63,1,,,
GRWD1,Q9BQ67,1,"Nucleoli, Nucleoli rim",Nucleoplasm,Enhanced
GRXCR1,A8MXD5,1,,,
GRXCR2,A6NFK2,1,,,
GSAP,A4D1B5,1,Vesicles,,Approved
GSC,P56915,1,"Nucleoplasm, Nuclear speckles",,Supported
GSC2,O15499,1,,,
GSDMA,Q96QA5,1,"Plasma membrane, Cytosol","Nucleoplasm, Nuclear bodies",Supported
GSDMB,Q8TAX9,1,Nucleoplasm,Cytosol,Approved
GSDMC,Q9BYG8,1,Vesicles,,Approved
GSDMD,P57764,1,Nucleoplasm,,Supported
GSDME,O60443,1,Cytosol,,Supported
GSE1,Q14687,1,Mitochondria,Nucleoplasm,Approved
GSG1,Q2KHT4,1,,,
GSG1L,Q6UXU4,1,,,
GSG1L2,A8MUP6,1,,,
GSK3A,P49840,1,Nucleoplasm,Cytosol,Approved
GSK3B,P49841,1,Nucleoplasm,Cytosol,Supported
GSKIP,Q9P0R6,1,"Golgi apparatus, Vesicles",Nucleoli,Approved
GSN,P06396,1,Actin filaments,,Supported
GSPT1,P15170,1,Cytosol,Vesicles,Approved
GSPT2,Q8IYD1,1,Cytosol,,Enhanced
GSR,P00390,1,Cytosol,,Supported
GSS,P48637,1,Nucleoplasm,,Supported
GSTA1,P08263,1,Cytosol,,Supported
GSTA2,P09210,1,Cytosol,,Supported
GSTA3,Q16772,1,Cytosol,,Supported
GSTA4,O15217,1,,,
GSTA5,Q7RTV2,1,Cytosol,,Approved
GSTCD,Q8NEC7,1,Nucleoplasm,,Supported
GSTK1,Q9Y2Q3,1,Peroxisomes,,Supported
GSTM1,P09488,1,Cytosol,Cytokinetic bridge,Approved
GSTM2,P28161,1,Cytosol,Vesicles,Supported
GSTM3,P21266,1,Cytosol,,Approved
GSTM4,Q03013,1,Cytosol,Cytokinetic bridge,Approved
GSTM5,P46439,1,Cytosol,Cytokinetic bridge,Uncertain
GSTO1,P78417,1,,,
GSTO2,Q9H4Y5,1,,,
GSTP1,P09211,1,"Mitochondria, Cytosol",,Supported
GSTT2B,P0CG30,1,Cytosol,Nucleoplasm,Supported
GSTT4,A0A1W2PR19,1,,,
GSTZ1,O43708,1,Cytosol,Nucleoplasm,Approved
GSX1,Q9H4S2,1,Golgi apparatus,"Nucleoplasm, Cytosol",Approved
GSX2,Q9BZM3,1,,,
GTDC1,Q4AE62,1,Cytosol,,Approved
GTF2A1,P52655,1,Nucleoplasm,Cytosol,Supported
GTF2A1L,Q9UNN4,1,Nucleoplasm,Cytosol,Supported
GTF2A2,P52657,1,Nucleoplasm,,Supported
GTF2B,Q00403,1,"Nucleoplasm, Nuclear bodies",,Supported
GTF2E1,P29083,1,Nucleoplasm,,Enhanced
GTF2E2,P29084,1,Nucleoplasm,Cytosol,Enhanced
GTF2F1,P35269,1,Nucleoplasm,,Supported
GTF2F2,P13984,1,Nucleoplasm,Microtubules,Supported
GTF2H1,P32780,1,Nucleoplasm,,Enhanced
GTF2H2,Q13888,1,Nuclear speckles,,Supported
GTF2H2C,Q6P1K8,1,Nuclear speckles,,Approved
GTF2H3,Q13889,1,Nucleoplasm,,Supported
GTF2H4,Q92759,1,Nuclear speckles,,Supported
GTF2H5,Q6ZYL4,1,,,
GTF2I,P78347,1,Nucleoplasm,,Enhanced
GTF2IRD1,Q9UHL9,1,Nucleoplasm,Cytosol,Supported
GTF2IRD2,Q86UP8,1,Nucleoplasm,,Supported
GTF2IRD2B,Q6EKJ0,1,Nucleoplasm,,Supported
GTF3A,Q92664,1,Nucleoplasm,,Supported
GTF3C1,Q12789,1,"Nucleoplasm, Nucleoli",,Approved
GTF3C2,Q8WUA4,1,Nucleoplasm,,Supported
GTF3C3,Q9Y5Q9,1,"Nucleoplasm, Nuclear membrane",Nucleoli fibrillar center,Supported
GTF3C4,Q9UKN8,1,Nucleoplasm,Mitochondria,Supported
GTF3C5,Q9Y5Q8,1,Nucleoplasm,,Enhanced
GTF3C6,Q969F1,1,Nucleoplasm,Nuclear bodies,Supported
GTPBP1,O00178,1,"Golgi apparatus, Cytosol",Nuclear bodies,Approved
GTPBP10,A4D1E9,1,,,
GTPBP2,Q9BX10,1,Vesicles,,Approved
GTPBP3,Q969Y2,1,Mitochondria,,Supported
GTPBP4,Q9BZE4,1,"Nucleoli, Nucleoli rim",Nuclear membrane,Supported
GTPBP6,O43824,1,Mitochondria,Nucleoplasm,Approved
GTPBP8,Q8N3Z3,1,Mitochondria,,Enhanced
GTSE1,Q9NYZ3,1,Centrosome,Plasma membrane,Approved
GTSF1,Q8WW33,1,Nucleoplasm,,Approved
GTSF1L,Q9H1H1,1,Nucleoli,,Uncertain
GUCA1A,P43080,1,Plasma membrane,,Approved
GUCA1ANB,,0,,,
GUCA1B,Q9UMX6,1,,,
GUCA1C,O95843,1,Focal adhesion sites,,Approved
GUCA2A,Q02747,1,,,
GUCA2B,Q16661,1,,,
GUCD1,Q96NT3,1,Nucleoplasm,,Approved
GUCY1A1,Q02108,1,Nucleoplasm,,Supported
GUCY1A2,P33402,1,,,
GUCY1B1,Q02153,1,Cytosol,,Approved
GUCY2C,P25092,1,Vesicles,,Uncertain
GUCY2D,Q02846,1,,,
GUCY2F,P51841,1,,,
GUF1,Q8N442,1,"Nucleoplasm, Mitochondria",,Approved
GUK1,Q16774,1,Nucleoplasm,Cytosol,Uncertain
GULP1,Q9UBP9,1,Vesicles,,Approved
GUSB,P08236,1,Vesicles,,Supported
GVQW3,Q3ZCU0,1,"Nucleoplasm, Centrosome",Endoplasmic reticulum,Approved
GXYLT1,Q4G148,1,Endoplasmic reticulum,Vesicles,Approved
GXYLT2,A0PJZ3,1,Nucleoplasm,"Cytokinetic bridge, Midbody ring",Approved
GYG1,P46976,1,Vesicles,,Approved
GYG2,O15488,1,"Nucleoli, Cytosol",Nucleoplasm,Approved
GYPA,P02724,1,"Nucleoplasm, Plasma membrane, Cytosol",,Approved
GYPB,P06028,1,,,
GYPC,P04921,1,Plasma membrane,,Supported
GYPE,P15421,1,,,
GYS1,P13807,1,"Microtubules, Cytosol",,Approved
GYS2,P54840,1,,,
GZF1,Q9H116,1,"Nucleoplasm, Nucleoli",,Supported
GZMA,P12544,1,,,
GZMB,P10144,1,,,
GZMH,P20718,1,,,
GZMK,P49863,1,,,
GZMM,P51124,1,,,
H1-0,P07305,1,"Nucleoplasm, Nuclear bodies","Golgi apparatus, Actin filaments",Supported
H1-1,Q02539,1,Nucleoplasm,,Supported
H1-10,Q92522,1,"Nucleoplasm, Nucleoli, Nucleoli rim",,Enhanced
H1-2,P16403,1,"Nucleoplasm, Nucleoli rim",,Supported
H1-3,P16402,1,,,
H1-4,P10412,1,Nuclear speckles,Cytosol,Supported
H1-5,P16401,1,Nucleoplasm,,Supported
H1-6,P22492,1,,,
H1-7,Q75WM6,1,,,
H1-8,Q8IZA3,1,,,
H2AB1,P0C5Y9,1,,,
H2AB2,P0C5Z0,1,,,
H2AB3,P0C5Z0,1,,,
H2AC1,Q96QV6,1,Nucleoplasm,,Approved
H2AC11,P0C0S8,1,Nucleoplasm,,Approved
H2AC12,Q96KK5,1,Nucleoplasm,,Approved
H2AC13,P0C0S8,1,Nucleoplasm,,Approved
H2AC14,Q99878,1,Nucleoplasm,,Approved
H2AC15,P0C0S8,1,Nucleoplasm,,Approved
H2AC16,P0C0S8,1,Nucleoplasm,,Approved
H2AC17,P0C0S8,1,Nucleoplasm,,Approved
H2AC18,Q6FI13,1,Nucleoplasm,,Approved
H2AC19,Q6FI13,1,Nucleoplasm,,Approved
H2AC20,Q16777,1,Nucleoplasm,,Approved
H2AC21,Q8IUE6,1,Nucleoplasm,,Supported
H2AC4,P04908,1,Nucleoplasm,,Approved
H2AC6,Q93077,1,Nucleoplasm,,Approved
H2AC7,P20671,1,Nucleoplasm,,Approved
H2AC8,P04908,1,Nucleoplasm,,Supported
H2AJ,Q9BTM1,1,Nucleoplasm,,Approved
H2AL1RP,,0,,,
H2AP,O75409,1,,,
H2AW,Q7L7L0,1,Nucleoplasm,,Approved
H2AX,P16104,1,Nucleoplasm,Nuclear speckles,Supported
H2AZ1,P0C0S5,1,Nucleoplasm,,Supported
H2AZ2,Q71UI9,1,,,
H2BC1,Q96A08,1,,,
H2BC10,P62807,1,Nucleoplasm,Cytosol,Approved
H2BC11,P06899,1,Nucleoplasm,Cytosol,Approved
H2BC12,O60814,1,Nucleoplasm,Cytosol,Approved
H2BC13,Q99880,1,Nucleoplasm,Cytosol,Approved
H2BC14,Q99879,1,Nucleoplasm,Cytosol,Approved
H2BC15,Q99877,1,Nucleoplasm,Cytosol,Approved
H2BC17,P23527,1,Nucleoplasm,Cytosol,Approved
H2BC18,Q5QNW6,1,Nucleoplasm,Cytosol,Approved
H2BC21,Q16778,1,Nucleoplasm,Cytosol,Approved
H2BC3,P33778,1,Nucleoplasm,Cytosol,Approved
H2BC4,P62807,1,Nucleoplasm,Cytosol,Approved
H2BC5,P58876,1,Nucleoplasm,Cytosol,Approved
H2BC6,P62807,1,Nucleoplasm,Cytosol,Approved
H2BC7,P62807,1,Nucleoplasm,Cytosol,Approved
H2BC8,P62807,1,Nucleoplasm,Cytosol,Approved
H2BC9,Q93079,1,Nucleoplasm,Cytosol,Approved
H2BE1,A0A2R8Y619,1,,,
H2BS1,P57053,1,Nucleoplasm,Cytosol,Approved
H2BU1,Q8N257,1,Nucleoplasm,Cytosol,Approved
H2BW1,Q7Z2G1,1,Nucleoplasm,,Supported
H2BW2,P0C1H6,1,,,
H3-2,,0,,,
H3-3A,P84243,1,Nucleoplasm,,Supported
H3-3B,P84243,1,Nucleoplasm,,Supported
H3-4,Q16695,1,Nucleoplasm,,Supported
H3-5,Q6NXT2,1,,,
H3C1,P68431,1,,,
H3C10,P68431,1,,,
H3C11,P68431,1,,,
H3C12,P68431,1,,,
H3C13,Q71DI3,1,,,
H3C14,Q71DI3,1,,,
H3C15,Q71DI3,1,,,
H3C2,P68431,1,,,
H3C3,P68431,1,,,
H3C4,P68431,1,,,
H3C6,P68431,1,,,
H3C7,P68431,1,,,
H3C8,P68431,1,,,
H3Y1,P0DPK2,1,,,
H3Y2,P0DPK5,1,,,
H4-16,P62805,1,Nucleoplasm,,Supported
H4C1,P62805,1,,,
H4C11,P62805,1,,,
H4C12,P62805,1,,,
H4C13,P62805,1,,,
H4C14,P62805,1,,,
H4C15,P62805,1,,,
H4C2,P62805,1,,,
H4C3,P62805,1,,,
H4C4,P62805,1,,,
H4C5,P62805,1,,,
H4C6,P62805,1,,,
H4C7,Q99525,1,,,
H4C8,P62805,1,,,
H4C9,P62805,1,,,
H6PD,O95479,1,Cytosol,,Uncertain
HAAO,P46952,1,,,
HABP2,Q14520,1,,,
HABP4,Q5JVS0,1,Nuclear membrane,Cytosol,Supported
HACD1,B0YJ81,1,,,
HACD2,Q6Y1H2,1,,,
HACD3,Q9P035,1,Endoplasmic reticulum,,Enhanced
HACD4,Q5VWC8,1,,,
HACE1,Q8IYU2,1,Endoplasmic reticulum,Nuclear bodies,Supported
HACL1,Q9UJ83,1,Vesicles,Nucleoplasm,Supported
HADH,Q16836,1,Mitochondria,,Supported
HADHA,P40939,1,Mitochondria,,Enhanced
HADHB,P55084,1,Mitochondria,,Supported
HAGH,Q16775,1,,,
HAGHL,Q6PII5,1,,,
HAL,P42357,1,Cytosol,,Approved
HAMP,P81172,1,,,
HAND1,O96004,1,Nucleoplasm,"Nuclear membrane, Nuclear bodies",Approved
HAND2,P61296,1,Nucleoplasm,Vesicles,Approved
HAO1,Q9UJM8,1,Vesicles,,Supported
HAO2,Q9NYQ3,1,Cytosol,Vesicles,Uncertain
HAP1,P54257,1,Cytosol,Nucleoli,Supported
HAPLN1,P10915,1,Vesicles,,Approved
HAPLN2,Q9GZV7,1,,,
HAPLN3,Q96S86,1,"Plasma membrane, Cytosol",,Approved
HAPLN4,Q86UW8,1,,,
HARBI1,Q96MB7,1,"Plasma membrane, Cytosol",,Enhanced
HARS1,P12081,1,Cytosol,,Enhanced
HARS2,P49590,1,Mitochondria,,Approved
HAS1,Q92839,1,Plasma membrane,Nucleoplasm,Supported
HAS2,Q92819,1,Nuclear speckles,,Approved
HAS3,O00219,1,Microtubules,,Approved
HASPIN,Q8TF76,1,Nucleoplasm,,Supported
HAT1,O14929,1,Nucleoplasm,,Supported
HAUS1,Q96CS2,1,Cytosol,Centrosome,Supported
HAUS2,Q9NVX0,1,"Nucleoplasm, Cytosol",Centrosome,Approved
HAUS3,Q68CZ6,1,"Microtubules, Mitochondria","Cytokinetic bridge, Mitotic spindle",Approved
HAUS4,Q9H6D7,1,,,
HAUS5,O94927,1,,,
HAUS6,Q7Z4H7,1,"Centriolar satellite, Cytosol",Nuclear speckles,Approved
HAUS7,Q99871,1,"Plasma membrane, Centrosome",,Approved
HAUS8,Q9BT25,1,,,
HAVCR1,Q96D42,1,Vesicles,,Approved
HAVCR2,Q8TDQ0,1,,,
HAX1,O00165,1,Mitochondria,,Supported
HBA1,P69905,1,,,
HBA2,P69905,1,,,
HBB,P68871,1,,,
HBD,P02042,1,,,
HBE1,P02100,1,,,
HBEGF,Q99075,1,,,
HBG1,P69891,1,,,
HBG2,P69892,1,,,
HBM,Q6B0K9,1,,,
HBP1,O60381,1,Nuclear speckles,,Supported
HBQ1,P09105,1,Lipid droplets,,Approved
HBS1L,Q9Y450,1,"Nuclear bodies, Cytosol",,Approved
HBZ,P02008,1,Cytosol,Nucleoplasm,Approved
HCAR1,Q9BXC0,1,,,
HCAR2,Q8TDS4,1,Cell Junctions,,Supported
HCAR3,P49019,1,Cell Junctions,,Approved
HCCS,P53701,1,Mitochondria,,Enhanced
HCFC1,P51610,1,Nucleoplasm,,Supported
HCFC1R1,Q9NWW0,1,Nucleoplasm,,Approved
HCFC2,Q9Y5Z7,1,Nucleoplasm,"Plasma membrane, Cytosol",Supported
HCK,P08631,1,Vesicles,"Plasma membrane, Cytosol",Supported
HCLS1,P14317,1,"Plasma membrane, Cytosol",,Supported
HCN1,O60741,1,,,
HCN2,Q9UL51,1,,,
HCN3,Q9P1Z3,1,,,
HCN4,Q9Y3Q4,1,,,
HCRT,O43612,1,,,
HCRTR1,O43613,1,,,
HCRTR2,O43614,1,,,
HCST,Q9UBK5,1,"Golgi apparatus, Vesicles, Plasma membrane",,Uncertain
HDAC1,Q13547,1,Nucleoplasm,,Enhanced
HDAC10,Q969S8,1,"Nucleoplasm, Cytosol",,Supported
HDAC11,Q96DB2,1,,,
HDAC2,Q92769,1,Nucleoplasm,,Supported
HDAC3,O15379,1,Nucleoplasm,Golgi apparatus,Supported
HDAC4,P56524,1,Nuclear speckles,"Nucleoplasm, Cytosol",Supported
HDAC5,Q9UQL6,1,Nuclear speckles,"Golgi apparatus, Cytosol",Supported
HDAC6,Q9UBN7,1,"Nucleoplasm, Cytosol",Centrosome,Supported
HDAC7,Q8WUI4,1,Cytosol,,Supported
HDAC8,Q9BY41,1,,,
HDAC9,Q9UKV0,1,Nucleoplasm,,Approved
HDC,P19113,1,Nuclear bodies,,Approved
HDDC2,Q7Z4H3,1,Nucleoli,Nucleoplasm,Approved
HDDC3,Q8N4P3,1,"Nucleoplasm, Cytosol",,Approved
HDGF,P51858,1,Nucleoplasm,,Enhanced
HDGFL1,Q5TGJ6,1,"Nucleoplasm, Nucleoli fibrillar center",,Approved
HDGFL2,Q7Z4V5,1,Nucleoplasm,Mitochondria,Supported
HDGFL3,Q9Y3E1,1,Nucleoplasm,,Supported
HDHD2,Q9H0R4,1,Vesicles,,Approved
HDHD3,Q9BSH5,1,Nucleoli,Vesicles,Enhanced
HDHD5,Q9BXW7,1,Mitochondria,,Approved
HDLBP,Q00341,1,Cytosol,,Supported
HDX,Q7Z353,1,Cytosol,,Approved
HEATR1,Q9H583,1,Nucleoli fibrillar center,Mitochondria,Enhanced
HEATR3,Q7Z4Q2,1,Nucleoplasm,Cytosol,Enhanced
HEATR4,Q86WZ0,1,Vesicles,,Approved
HEATR5A,Q86XA9,1,,,
HEATR5B,Q9P2D3,1,"Nuclear speckles, Vesicles, Cytosol",,Approved
HEATR6,Q6AI08,1,Mitochondria,,Approved
HEATR9,A2RTY3,1,,,
HEBP1,Q9NRV9,1,Vesicles,Nucleoplasm,Approved
HEBP2,Q9Y5Z4,1,,,
HECA,Q9UBI9,1,Cytosol,,Approved
HECTD1,Q9ULT8,1,"Nucleoplasm, Nucleoli",,Enhanced
HECTD2,Q5U5R9,1,Nucleoplasm,,Approved
HECTD3,Q5T447,1,,,
HECTD4,,0,Vesicles,Nucleoplasm,Approved
HECW1,Q76N89,1,"Nucleoli fibrillar center, Cytosol",,Approved
HECW2,Q9P2P5,1,,,
HEG1,Q9ULI3,1,Vesicles,Plasma membrane,Approved
HELB,Q8NG08,1,Nucleoplasm,"Nuclear bodies, Mitochondria, Cytosol",Supported
HELLS,Q9NRZ9,1,Nucleoplasm,"Golgi apparatus, Vesicles",Approved
HELQ,Q8TDG4,1,Nuclear speckles,Nucleoplasm,Approved
HELT,A6NFD8,1,,,
HELZ,P42694,1,"Nucleoli, Nucleoli rim","Plasma membrane, Actin filaments",Approved
HELZ2,Q9BYK8,1,,,
HEMGN,Q9BXL5,1,Nucleoplasm,,Enhanced
HEMK1,Q9Y5R4,1,,,
HENMT1,Q5T8I9,1,"Plasma membrane, Focal adhesion sites",,Approved
HEPACAM,Q14CZ8,1,Vesicles,,Approved
HEPACAM2,A8MVW5,1,"Vesicles, Mitotic spindle",Nucleoplasm,Supported
HEPH,Q9BQS7,1,,,
HEPHL1,Q6MZM0,1,,,
HEPN1,Q6WQI6,1,Golgi apparatus,,Approved
HERC1,Q15751,1,,,
HERC2,O95714,1,Cytosol,Plasma membrane,Supported
HERC3,Q15034,1,Cytosol,,Supported
HERC3,,0,Cytosol,,Approved
HERC4,Q5GLZ8,1,Cytosol,Nucleoli fibrillar center,Supported
HERC5,Q9UII4,1,,,
HERC6,Q8IVU3,1,Cytosol,Nucleoplasm,Approved
HERPUD1,Q15011,1,"Plasma membrane, Cytosol",,Uncertain
HERPUD2,Q9BSE4,1,"Nucleoli, Nucleoli rim",,Approved
HES1,Q14469,1,Nucleoplasm,,Supported
HES2,Q9Y543,1,,,
HES3,Q5TGS1,1,Nucleoplasm,,Approved
HES4,Q9HCC6,1,Nucleoplasm,"Vesicles, Cytosol",Approved
HES5,Q5TA89,1,Nucleoplasm,"Nuclear speckles, Cytosol",Approved
HES6,Q96HZ4,1,Nuclear bodies,Cytosol,Approved
HES7,Q9BYE0,1,Nucleoplasm,Nucleoli,Approved
HESX1,Q9UBX0,1,Nucleoplasm,,Approved
HEXA,P06865,1,Vesicles,Cytosol,Supported
HEXB,P07686,1,,,
HEXD,Q8WVB3,1,"Nucleoli fibrillar center, Mitochondria",,Approved
HEXIM1,O94992,1,Nucleoplasm,Vesicles,Enhanced
HEXIM2,Q96MH2,1,"Nucleoplasm, Nuclear speckles",,Supported
HEY1,Q9Y5J3,1,Nucleoplasm,"Nuclear membrane, Cytosol",Approved
HEY2,Q9UBP5,1,Nuclear bodies,Aggresome,Approved
HEYL,Q9NQ87,1,Mitochondria,Cytosol,Approved
HFE,Q30201,1,Plasma membrane,Nucleoplasm,Supported
HFM1,A2PYH4,1,"Golgi apparatus, Vesicles",,Supported
HGD,Q93099,1,Golgi apparatus,,Approved
HGF,P14210,1,,,
HGFAC,Q04756,1,,,
HGH1,Q9BTY7,1,"Nuclear bodies, Cytosol",Nucleoplasm,Supported
HGS,O14964,1,"Endosomes, Lysosomes",Cytosol,Supported
HGSNAT,Q68CP4,1,,,
HHAT,Q5VTY9,1,Golgi apparatus,,Approved
HHATL,Q9HCP6,1,,,
HHEX,Q03014,1,Nucleoplasm,Nuclear bodies,Approved
HHIP,Q96QV1,1,Nucleoplasm,,Approved
HHIPL1,Q96JK4,1,,,
HHIPL2,Q6UWX4,1,Mitochondria,Cytosol,Uncertain
HHLA1,C9JL84,1,,,
HHLA2,Q9UM44,1,,,
HIBADH,P31937,1,,,
HIBCH,Q6NVY1,1,Mitochondria,,Enhanced
HIC1,Q14526,1,,,
HIC2,Q96JB3,1,Nucleoplasm,,Supported
HID1,Q8IV36,1,"Golgi apparatus, Cytosol",,Supported
HIF1A,Q16665,1,Nucleoplasm,Nuclear bodies,Enhanced
HIF1AN,Q9NWT6,1,Nucleoplasm,Cytosol,Supported
HIF3A,Q9Y2N7,1,"Nucleoplasm, Cytosol",Plasma membrane,Supported
HIGD1A,Q9Y241,1,Mitochondria,Nucleoplasm,Supported
HIGD1B,Q9P298,1,"Microtubules, Cytokinetic bridge, Mitotic spindle",,Uncertain
HIGD1C,A8MV81,1,,,
HIGD2A,Q9BW72,1,Mitochondria,Cytosol,Supported
HIGD2B,Q4VC39,1,Mitochondria,Cytosol,Supported
HIKESHI,Q53FT3,1,Nuclear speckles,"Nucleoplasm, Nuclear bodies",Approved
HILPDA,Q9Y5L2,1,Lipid droplets,Nucleoplasm,Supported
HINFP,Q9BQA5,1,,,
HINT1,P49773,1,Cytosol,"Nucleoplasm, Plasma membrane",Supported
HINT2,Q9BX68,1,Mitochondria,,Enhanced
HINT3,Q9NQE9,1,"Nucleoli, Mitochondria",Cytosol,Approved
HIP1,O00291,1,Vesicles,,Supported
HIP1R,O75146,1,"Plasma membrane, Cytosol",Vesicles,Supported
HIPK1,Q86Z02,1,"Nucleoplasm, Cytosol",Centrosome,Supported
HIPK2,Q9H2X6,1,Nucleoplasm,,Supported
HIPK3,Q9H422,1,Cytosol,Nuclear bodies,Supported
HIPK4,Q8NE63,1,,,
HIRA,P54198,1,Nucleoplasm,,Enhanced
HIRIP3,Q9BW71,1,Nucleoplasm,Nucleoli,Supported
HIVEP1,P15822,1,Nucleoplasm,"Nuclear bodies, Mitochondria, Cytosol",Supported
HIVEP2,P31629,1,Nucleoplasm,,Supported
HIVEP3,Q5T1R4,1,Nucleoplasm,,Approved
HJURP,Q8NCD3,1,"Nucleoplasm, Nucleoli",,Supported
HJV,Q6ZVN8,1,,,
HK1,P19367,1,Mitochondria,,Supported
HK2,P52789,1,"Mitochondria, Cytosol","Vesicles, Centrosome",Supported
HK3,P52790,1,,,
HKDC1,Q2TB90,1,Mitochondria,,Enhanced
HLA-A,P04439,1,Plasma membrane,Golgi apparatus,Supported
HLA-B,P01889,1,,,
HLA-C,P10321,1,,,
HLA-DMA,P28067,1,Vesicles,,Supported
HLA-DMB,P28068,1,Vesicles,,Supported
HLA-DOA,P06340,1,,,
HLA-DOB,P13765,1,,,
HLA-DPA1,P20036,1,Vesicles,,Supported
HLA-DPB1,P04440,1,Cell Junctions,Nucleoplasm,Approved
HLA-DQA1,P01909,1,,,
HLA-DQA2,P01906,1,,,
HLA-DQB1,,0,Rods & Rings,Golgi apparatus,Supported
HLA-DQB2,P05538,1,,,
HLA-DRA,P01903,1,,,
HLA-DRB1,P01911,1,,,
HLA-DRB5,Q30154,1,,,
HLA-E,P13747,1,Vesicles,,Approved
HLA-F,P30511,1,,,
HLA-G,P17693,1,,,
HLCS,P50747,1,Cytosol,,Approved
HLF,Q16534,1,Nucleoplasm,,Enhanced
HLTF,Q14527,1,Nucleoplasm,,Enhanced
HLX,Q14774,1,"Nucleoplasm, Cytosol",,Approved
HM13,Q8TCT9,1,Endoplasmic reticulum,,Supported
HMBOX1,Q6NT76,1,Nucleoplasm,"Nuclear bodies, Cytosol",Supported
HMBS,P08397,1,Lipid droplets,,Approved
HMCES,Q96FZ2,1,Nucleoplasm,,Approved
HMCN1,Q96RW7,1,"Golgi apparatus, Cytosol",,Approved
HMCN2,Q8NDA2,1,Vesicles,,Approved
HMG20A,Q9NP66,1,Nucleoplasm,,Approved
HMG20B,Q9P0W2,1,Nucleoplasm,,Enhanced
HMGA1,P17096,1,Nucleoplasm,Nucleoli,Supported
HMGA2,P52926,1,"Nucleoplasm, Nucleoli, Nucleoli rim",,Supported
HMGB1,P09429,1,Nucleoplasm,,Supported
HMGB2,P26583,1,Nucleoplasm,Nucleoli,Supported
HMGB3,O15347,1,Nucleoplasm,Nucleoli,Supported
HMGB4,Q8WW32,1,,,
HMGCL,P35914,1,,,
HMGCLL1,Q8TB92,1,,,
HMGCR,P04035,1,,,
HMGCS1,Q01581,1,"Nucleoplasm, Cytosol",Plasma membrane,Supported
HMGCS2,P54868,1,Mitochondria,,Approved
HMGN1,P05114,1,Nucleoplasm,,Supported
HMGN2,P05204,1,Nucleoplasm,Nucleoli,Supported
HMGN3,Q15651,1,Nucleoplasm,Cytosol,Supported
HMGN4,O00479,1,Nucleoplasm,Nucleoli,Approved
HMGN5,P82970,1,Nucleoplasm,Mitochondria,Supported
HMGXB3,Q12766,1,Nucleoli,,Approved
HMGXB4,Q9UGU5,1,Nucleoplasm,,Approved
HMHB1,O97980,1,,,
HMMR,O75330,1,Microtubules,"Centrosome, Cytosol",Enhanced
HMOX1,P09601,1,"Golgi apparatus, Plasma membrane",,Uncertain
HMOX2,P30519,1,"Vesicles, Cytosol",,Approved
HMSD,"A8MTL9,P0C7T4",2,,,
HMX1,Q9NP08,1,,,
HMX2,A2RU54,1,,,
HMX3,A6NHT5,1,Nucleoplasm,Centriolar satellite,Approved
HNF1A,,0,Nucleoplasm,,Supported
HNF1B,P35680,1,Nucleoplasm,Vesicles,Supported
HNF4A,P41235,1,Nucleoplasm,,Supported
HNF4G,Q14541,1,Nucleoplasm,"Cytokinetic bridge, Mitotic spindle, Cytosol",Enhanced
HNMT,P50135,1,"Nucleoplasm, Cytosol",Centrosome,Approved
HNRNPA0,Q13151,1,Nucleoplasm,,Enhanced
HNRNPA1,P09651,1,Nucleoplasm,,Supported
HNRNPA1L2,Q32P51,1,Nucleoplasm,,Approved
HNRNPA1P48,,0,Nucleoplasm,,Approved
HNRNPA2B1,P22626,1,Nucleoplasm,,Supported
HNRNPA3,P51991,1,Nucleoplasm,,Approved
HNRNPAB,Q99729,1,Nucleoplasm,,Enhanced
HNRNPC,P07910,1,Nucleoplasm,,Enhanced
HNRNPCL1,O60812,1,,,
HNRNPCL2,B2RXH8,1,,,
HNRNPCL3,B7ZW38,1,,,
HNRNPCL4,"P0DMR1,B7ZW38",2,,,
HNRNPD,Q14103,1,Nucleoplasm,,Enhanced
HNRNPDL,O14979,1,Nucleoplasm,,Enhanced
HNRNPF,P52597,1,Nucleoplasm,,Enhanced
HNRNPH1,P31943,1,Nucleoplasm,,Enhanced
HNRNPH2,P55795,1,Nucleoplasm,,Enhanced
HNRNPH3,P31942,1,Nucleoplasm,,Supported
HNRNPK,P61978,1,Nucleoplasm,,Enhanced
HNRNPL,P14866,1,Nucleoplasm,,Enhanced
HNRNPLL,Q8WVV9,1,Nucleoplasm,"Mitochondria, Cytosol",Approved
HNRNPM,P52272,1,Nucleoplasm,,Enhanced
HNRNPR,O43390,1,Nucleoplasm,,Enhanced
HNRNPU,Q00839,1,Nucleoplasm,,Supported
HNRNPUL1,Q9BUJ2,1,Nucleoplasm,,Enhanced
HNRNPUL2,Q1KMD3,1,Nucleoplasm,,Enhanced
HOATZ,Q6PI97,1,,,
HOGA1,Q86XE5,1,,,
HOMER1,Q86YM7,1,Cytosol,,Approved
HOMER2,Q9NSB8,1,Cytosol,,Supported
HOMER3,Q9NSC5,1,Cytosol,"Plasma membrane, Cytoplasmic bodies",Supported
HOMEZ,Q8IX15,1,"Nucleoplasm, Nucleoli",,Supported
HOOK1,Q9UJC3,1,,,
HOOK2,Q96ED9,1,"Vesicles, Cytosol",,Supported
HOOK3,Q86VS8,1,Centriolar satellite,"Golgi apparatus, Cytosol",Supported
HOPX,Q9BPY8,1,Nuclear bodies,Cytosol,Approved
HORMAD1,Q86X24,1,Nucleoplasm,Nucleoli,Approved
HORMAD2,Q8N7B1,1,Nucleoplasm,"Centrosome, Cytosol",Supported
HOXA1,,0,,,
HOXA10,P31260,1,Nucleoplasm,Nuclear bodies,Supported
HOXA11,P31270,1,Nucleoplasm,,Supported
HOXA13,P31271,1,Nucleoplasm,"Mitotic chromosome, Intermediate filaments",Supported
HOXA2,O43364,1,"Nucleoplasm, Vesicles",,Approved
HOXA3,O43365,1,Nucleoplasm,,Supported
HOXA4,Q00056,1,Nuclear bodies,,Supported
HOXA5,P20719,1,,,
HOXA6,P31267,1,Nucleoplasm,Nuclear speckles,Supported
HOXA7,P31268,1,Nucleoplasm,Nuclear membrane,Supported
HOXA9,P31269,1,Nucleoplasm,,Enhanced
HOXB1,P14653,1,Nucleoplasm,,Supported
HOXB13,Q92826,1,Nucleoplasm,,Enhanced
HOXB2,P14652,1,Nucleoplasm,,Supported
HOXB3,P14651,1,Nucleoplasm,,Supported
HOXB4,P17483,1,Nucleoplasm,Centrosome,Supported
HOXB5,P09067,1,Nucleoplasm,"Nucleoli fibrillar center, Cytosol",Supported
HOXB6,P17509,1,Nucleoplasm,Golgi apparatus,Supported
HOXB7,P09629,1,"Nucleoplasm, Nuclear bodies",Cytosol,Supported
HOXB8,P17481,1,Nucleoplasm,,Supported
HOXB9,P17482,1,Nucleoplasm,,Supported
HOXC10,Q9NYD6,1,Nuclear bodies,Nucleoplasm,Supported
HOXC11,O43248,1,Nucleoplasm,Cytosol,Supported
HOXC12,P31275,1,,,
HOXC13,P31276,1,,,
HOXC4,P09017,1,Nucleoplasm,,Supported
HOXC5,Q00444,1,Nucleoplasm,Cell Junctions,Supported
HOXC6,P09630,1,Nucleoplasm,Cytosol,Supported
HOXC8,P31273,1,Nucleoplasm,Microtubules,Supported
HOXC9,P31274,1,Nucleoplasm,,Enhanced
HOXD1,Q9GZZ0,1,Nucleoplasm,,Enhanced
HOXD10,P28358,1,Nucleoplasm,"Cytosol, Cytoplasmic bodies",Approved
HOXD11,P31277,1,Nucleoplasm,,Supported
HOXD12,P35452,1,,,
HOXD13,P35453,1,Nucleoplasm,,Approved
HOXD3,P31249,1,Nucleoplasm,Nuclear bodies,Supported
HOXD4,P09016,1,Nucleoplasm,Cell Junctions,Supported
HOXD8,P13378,1,,,
HOXD9,P28356,1,"Nucleoplasm, Nucleoli",,Supported
HP,P00738,1,Vesicles,,Approved
HP1BP3,Q5SSJ5,1,Nuclear speckles,,Supported
HPCA,P84074,1,,,
HPCAL1,P37235,1,,,
HPCAL4,Q9UM19,1,Cytosol,,Approved
HPD,P32754,1,Nuclear speckles,,Uncertain
HPDL,Q96IR7,1,Mitochondria,Nucleoplasm,Supported
HPF1,Q9NWY4,1,Cytosol,"Microtubules, Cytokinetic bridge",Approved
HPGD,P15428,1,Cytosol,Nucleoplasm,Supported
HPGDS,O60760,1,"Vesicles, Cytosol",Nucleoplasm,Approved
HPN,P05981,1,,,
HPR,P00739,1,Vesicles,,Approved
HPRT1,P00492,1,Cytosol,,Supported
HPS1,Q92902,1,,,
HPS3,Q969F9,1,"Golgi apparatus, Plasma membrane",,Approved
HPS4,Q9NQG7,1,Centrosome,,Approved
HPS5,Q9UPZ3,1,Cytosol,,Supported
HPS6,Q86YV9,1,,,
HPSE,Q9Y251,1,Nucleoplasm,Vesicles,Supported
HPSE2,Q8WWQ2,1,,,
HPX,P02790,1,,,
HR,O43593,1,Nucleoplasm,,Supported
HRAS,P01112,1,"Nucleoplasm, Cytosol",,Approved
HRC,P23327,1,,,
HRCT1,Q6UXD1,1,Nucleoplasm,,Approved
HRG,P04196,1,,,
HRH1,P35367,1,Plasma membrane,Cytosol,Supported
HRH2,P25021,1,,,
HRH3,Q9Y5N1,1,,,
HRH4,Q9H3N8,1,,,
HRK,O00198,1,,,
HRNR,Q86YZ3,1,Mitochondria,,Uncertain
HROB,Q8N3J3,1,"Nucleoplasm, Cytosol",,Approved
HS1BP3,Q53T59,1,Nucleoli,Cytosol,Approved
HS2ST1,Q7LGA3,1,Mitochondria,,Approved
HS3ST1,O14792,1,Vesicles,,Approved
HS3ST2,Q9Y278,1,,,
HS3ST3A1,Q9Y663,1,Microtubules,,Approved
HS3ST3B1,Q9Y662,1,Vesicles,,Approved
HS3ST4,Q9Y661,1,,,
HS3ST5,Q8IZT8,1,,,
HS3ST6,Q96QI5,1,,,
HS6ST1,O60243,1,Nucleoplasm,,Approved
HS6ST2,Q96MM7,1,Golgi apparatus,Plasma membrane,Approved
HS6ST3,Q8IZP7,1,"Nucleoplasm, Nuclear membrane","Plasma membrane, Actin filaments",Approved
HSBP1,O75506,1,,,
HSBP1L1,C9JCN9,1,Nucleoplasm,,Approved
HSCB,Q8IWL3,1,"Nucleoplasm, Mitochondria, Cytosol",,Supported
HSD11B1,P28845,1,,,
HSD11B1L,Q7Z5J1,1,Vesicles,,Supported
HSD11B2,P80365,1,Vesicles,,Supported
HSD17B1,P14061,1,Cytosol,,Supported
HSD17B10,Q99714,1,,,
HSD17B11,Q8NBQ5,1,Lipid droplets,,Supported
HSD17B12,Q53GQ0,1,,,
HSD17B13,Q7Z5P4,1,Vesicles,Golgi apparatus,Approved
HSD17B14,Q9BPX1,1,,,
HSD17B2,P37059,1,Endoplasmic reticulum,,Approved
HSD17B3,P37058,1,Vesicles,,Approved
HSD17B4,P51659,1,Peroxisomes,,Enhanced
HSD17B6,O14756,1,"Nucleoplasm, Vesicles",,Approved
HSD17B7,P56937,1,,,
HSD17B8,Q92506,1,,,
HSD3B1,P14060,1,"Nucleoli, Endoplasmic reticulum",Cytokinetic bridge,Approved
HSD3B2,P26439,1,"Nucleoli, Endoplasmic reticulum",Cytokinetic bridge,Uncertain
HSD3B7,Q9H2F3,1,Lipid droplets,,Enhanced
HSDL1,Q3SXM5,1,Mitochondria,"Vesicles, Intermediate filaments",Supported
HSDL2,Q6YN16,1,Mitochondria,,Enhanced
HSF1,Q00613,1,Nucleoplasm,Cytosol,Supported
HSF2,Q03933,1,Nucleoplasm,,Supported
HSF2BP,O75031,1,Nucleoplasm,Cytosol,Approved
HSF4,Q9ULV5,1,Nuclear speckles,,Supported
HSF5,Q4G112,1,Nucleoplasm,,Approved
HSFX1,Q9UBD0,1,Nucleoplasm,"Plasma membrane, Cytosol",Approved
HSFX2,Q9UBD0,1,Nucleoplasm,"Plasma membrane, Cytosol",Approved
HSFX3,A0A1B0GWH4,1,,,
HSFX4,A0A1B0GTS1,1,,,
HSFY1,Q96LI6,1,"Nucleoplasm, Cytosol",,Supported
HSFY2,Q96LI6,1,"Nucleoplasm, Cytosol",,Supported
HSH2D,Q96JZ2,1,Plasma membrane,"Focal adhesion sites, Cytosol",Approved
HSP90AA1,P07900,1,Cytosol,,Enhanced
HSP90AB1,P08238,1,Cytosol,,Supported
HSP90B1,P14625,1,Endoplasmic reticulum,,Enhanced
HSPA12A,O43301,1,"Golgi apparatus, Cytosol",,Approved
HSPA12B,Q96MM6,1,Nucleoplasm,,Approved
HSPA13,P48723,1,,,
HSPA14,Q0VDF9,1,,,
HSPA1A,P0DMV8,1,"Nucleoplasm, Vesicles",Cytosol,Approved
HSPA1B,P0DMV9,1,"Vesicles, Cytosol",Nucleoplasm,Approved
HSPA1L,P34931,1,Vesicles,Nucleoplasm,Approved
HSPA2,P54652,1,Vesicles,Nucleoplasm,Approved
HSPA4,P34932,1,"Nucleoplasm, Cytosol",,Approved
HSPA4L,O95757,1,"Centrosome, Cytosol",,Approved
HSPA5,P11021,1,Cytosol,,Approved
HSPA6,P17066,1,Vesicles,Nucleoplasm,Approved
HSPA8,P11142,1,Nucleoplasm,Vesicles,Approved
HSPA9,P38646,1,Mitochondria,,Supported
HSPB1,P04792,1,"Plasma membrane, Cytosol",,Enhanced
HSPB11,Q9Y547,1,Nucleoplasm,Cytosol,Approved
HSPB2,Q16082,1,Golgi apparatus,Nucleoplasm,Approved
HSPB3,Q12988,1,Nuclear speckles,,Supported
HSPB6,O14558,1,"Mitochondria, Cytosol",Nuclear speckles,Supported
HSPB7,Q9UBY9,1,Nucleoplasm,,Approved
HSPB8,Q9UJY1,1,Cytosol,Nucleoplasm,Supported
HSPB9,Q9BQS6,1,Nucleoplasm,"Vesicles, Cytosol",Supported
HSPBAP1,Q96EW2,1,Mitochondria,,Approved
HSPBP1,Q9NZL4,1,Cytosol,"Vesicles, Centrosome",Approved
HSPD1,P10809,1,Mitochondria,,Enhanced
HSPE1,P61604,1,,,
HSPE1-MOB4,,0,,,
HSPG2,P98160,1,"Nucleoplasm, Plasma membrane, Cytosol",,Approved
HSPH1,Q92598,1,Cytosol,Nucleoplasm,Enhanced
HTATIP2,Q9BUP3,1,Cytosol,,Supported
HTATSF1,O43719,1,Nucleoplasm,,Enhanced
HTD2,P86397,1,Mitochondria,Nucleoli,Supported
HTN1,P15515,1,,,
HTN3,P15516,1,,,
HTR1A,P08908,1,,,
HTR1B,P28222,1,"Endoplasmic reticulum, Plasma membrane",,Approved
HTR1D,P28221,1,,,
HTR1E,P28566,1,,,
HTR1F,P30939,1,,,
HTR2A,P28223,1,,,
HTR2B,P41595,1,Nucleoplasm,,Supported
HTR2C,P28335,1,,,
HTR3A,P46098,1,,,
HTR3B,O95264,1,,,
HTR3C,Q8WXA8,1,,,
HTR3D,Q70Z44,1,,,
HTR3E,A5X5Y0,1,,,
HTR4,Q13639,1,,,
HTR5A,P47898,1,,,
HTR6,P50406,1,,,
HTR7,P34969,1,Plasma membrane,"Nuclear speckles, Cytosol",Supported
HTRA1,Q92743,1,Plasma membrane,,Supported
HTRA2,O43464,1,Mitochondria,,Supported
HTRA3,P83110,1,Vesicles,,Approved
HTRA4,P83105,1,,,
HTT,P42858,1,Nucleoplasm,Cytosol,Supported
HUNK,P57058,1,"Nucleoplasm, Plasma membrane",,Approved
HUS1,O60921,1,,,
HUS1B,Q8NHY5,1,Nucleoplasm,Cytosol,Approved
HUWE1,Q7Z6Z7,1,"Nucleoplasm, Cytosol",,Enhanced
HVCN1,Q96D96,1,,,
HYAL1,Q12794,1,,,
HYAL2,Q12891,1,,,
HYAL3,O43820,1,,,
HYAL4,Q2M3T9,1,,,
HYDIN,Q4G0P3,1,"Plasma membrane, Cytosol",,Approved
HYI,Q5T013,1,"Plasma membrane, Cytosol",Golgi apparatus,Approved
HYKK,A2RU49,1,"Nucleoplasm, Vesicles, Aggresome, Cytosol",,Approved
HYLS1,Q96M11,1,"Plasma membrane, Cytosol",,Supported
HYOU1,Q9Y4L1,1,,,
HYPK,Q9NX55,1,Nucleoplasm,Microtubules,Supported
IAH1,Q2TAA2,1,Nucleoplasm,,Approved
IAPP,P10997,1,Vesicles,,Approved
IARS1,P41252,1,"Nucleoplasm, Cytosol",,Approved
IARS2,Q9NSE4,1,Mitochondria,,Enhanced
IBA57,Q5T440,1,Mitochondria,,Supported
IBSP,P21815,1,,,
IBTK,Q9P2D0,1,Nucleoplasm,,Supported
ICA1,Q05084,1,"Vesicles, Cytosol",,Supported
ICA1L,Q8NDH6,1,Mitochondria,,Approved
ICAM1,P05362,1,Plasma membrane,"Vesicles, Cytosol",Approved
ICAM2,P13598,1,Plasma membrane,Cytosol,Approved
ICAM3,P32942,1,Mitochondria,"Nucleoplasm, Nuclear membrane",Approved
ICAM4,Q14773,1,,,
ICAM5,Q9UMF0,1,,,
ICE1,Q9Y2F5,1,"Nucleoplasm, Nuclear bodies",,Supported
ICE2,Q659A1,1,"Nucleoplasm, Nuclear bodies",,Supported
ICMT,O60725,1,,,
ICOS,Q9Y6W8,1,Plasma membrane,Actin filaments,Approved
ICOSLG,O75144,1,"Plasma membrane, Cytoplasmic bodies",,Approved
ID1,P41134,1,Nucleoplasm,,Supported
ID2,Q02363,1,"Nucleoplasm, Nuclear bodies",Centrosome,Approved
ID3,Q02535,1,Nucleoplasm,,Supported
ID4,P47928,1,Nucleoplasm,,Supported
IDE,P14735,1,,,
IDH1,O75874,1,"Nuclear bodies, Cytosol",,Approved
IDH2,P48735,1,Mitochondria,,Supported
IDH3A,P50213,1,Mitochondria,,Enhanced
IDH3B,O43837,1,Mitochondria,,Enhanced
IDH3G,P51553,1,"Nucleoli, Mitochondria",,Approved
IDI1,Q13907,1,,,
IDI2,Q9BXS1,1,Vesicles,,Supported
IDNK,Q5T6J7,1,"Mitochondria, Cytosol",,Approved
IDO1,P14902,1,"Nucleoplasm, Cytosol","Vesicles, Mitochondria",Approved
IDO2,Q6ZQW0,1,Cytosol,,Approved
IDS,P22304,1,,,
IDUA,P35475,1,Vesicles,,Supported
IER2,Q9BTL4,1,Nucleoplasm,,Enhanced
IER3,P46695,1,,,
IER3IP1,Q9Y5U9,1,Endoplasmic reticulum,,Supported
IER5,Q5VY09,1,Nucleoplasm,Nucleoli,Approved
IER5L,Q5T953,1,Nucleoplasm,,Approved
IFFO1,Q0D2I5,1,,,
IFFO2,Q5TF58,1,"Nucleoplasm, Plasma membrane",,Approved
IFI16,Q16666,1,"Nucleoplasm, Nucleoli",Cytosol,Supported
IFI27,P40305,1,,,
IFI27L1,Q96BM0,1,,,
IFI27L2,Q9H2X8,1,Cytosol,Nucleoli,Approved
IFI30,P13284,1,"Vesicles, Cytosol",,Supported
IFI35,P80217,1,"Nucleoplasm, Cytosol",Nucleoli,Supported
IFI44,Q8TCB0,1,Nucleoplasm,,Approved
IFI44L,Q53G44,1,Nucleoplasm,,Approved
IFI6,P09912,1,Mitochondria,,Approved
IFIH1,Q9BYX4,1,,,
IFIT1,P09914,1,Cytosol,,Enhanced
IFIT1B,Q5T764,1,,,
IFIT2,P09913,1,Vesicles,,Approved
IFIT3,O14879,1,"Mitochondria, Cytosol",,Supported
IFIT5,Q13325,1,Plasma membrane,,Supported
IFITM1,P13164,1,Golgi apparatus,"Plasma membrane, Cytosol",Uncertain
IFITM10,A6NMD0,1,,,
IFITM2,Q01629,1,Cell Junctions,Nucleoplasm,Approved
IFITM3,Q01628,1,,,
IFITM5,A6NNB3,1,Plasma membrane,"Vesicles, Cytosol",Supported
IFNA1,P01562,1,,,
IFNA10,P01566,1,,,
IFNA13,P01562,1,,,
IFNA14,P01570,1,,,
IFNA16,P05015,1,,,
IFNA17,P01571,1,,,
IFNA2,P01563,1,,,
IFNA21,P01568,1,,,
IFNA4,P05014,1,,,
IFNA5,P01569,1,,,
IFNA6,P05013,1,,,
IFNA7,P01567,1,,,
IFNA8,P32881,1,,,
IFNAR1,P17181,1,,,
IFNAR2,P48551,1,,,
IFNB1,P01574,1,,,
IFNE,Q86WN2,1,,,
IFNG,P01579,1,,,
IFNGR1,P15260,1,Plasma membrane,,Supported
IFNGR2,P38484,1,"Nucleoplasm, Golgi apparatus",,Approved
IFNK,Q9P0W0,1,,,
IFNL1,Q8IU54,1,,,
IFNL2,Q8IZJ0,1,,,
IFNL3,Q8IZI9,1,,,
IFNLR1,Q8IU57,1,Cytosol,,Approved
IFNW1,P05000,1,,,
IFRD1,O00458,1,"Plasma membrane, Cytosol",,Approved
IFRD2,Q12894,1,Nucleoplasm,,Approved
IFT122,Q9HBG6,1,Cytosol,,Uncertain
IFT140,Q96RY7,1,,,
IFT172,Q9UG01,1,,,
IFT20,Q8IY31,1,Microtubules,,Approved
IFT22,Q9H7X7,1,"Microtubules, Cytosol",,Approved
IFT27,Q9BW83,1,,,
IFT43,Q96FT9,1,Microtubules,Centriolar satellite,Supported
IFT46,Q9NQC8,1,Actin filaments,,Approved
IFT52,Q9Y366,1,Microtubules,Cytosol,Approved
IFT57,Q9NWB7,1,Golgi apparatus,,Uncertain
IFT74,Q96LB3,1,,,
IFT80,Q9P2H3,1,,,
IFT81,Q8WYA0,1,"Centrosome, Cytosol",,Approved
IFT88,Q13099,1,,,
IFTAP,Q86VG3,1,"Aggresome, Cytosol",,Approved
IGBP1,P78318,1,Cytosol,,Supported
IGBP1P2,,0,Cytosol,,Approved
IGDCC3,Q8IVU1,1,"Nucleoplasm, Vesicles",,Uncertain
IGDCC4,Q8TDY8,1,"Nucleoplasm, Cytosol",,Approved
IGF1,P05019,1,,,
IGF1R,P08069,1,,,
IGF2,P01344,1,Golgi apparatus,,Approved
IGF2BP1,Q9NZI8,1,Cytosol,,Supported
IGF2BP2,Q9Y6M1,1,Cytosol,,Enhanced
IGF2BP3,O00425,1,Cytosol,,Supported
IGF2R,P11717,1,"Golgi apparatus, Vesicles",,Supported
IGFALS,P35858,1,,,
IGFBP1,P08833,1,Golgi apparatus,,Approved
IGFBP2,P18065,1,Endoplasmic reticulum,,Approved
IGFBP3,P17936,1,Vesicles,,Uncertain
IGFBP4,P22692,1,,,
IGFBP5,P24593,1,Vesicles,,Approved
IGFBP6,P24592,1,,,
IGFBP7,Q16270,1,Golgi apparatus,,Approved
IGFBPL1,Q8WX77,1,"Nucleoplasm, Vesicles",,Uncertain
IGFL1,Q6UW32,1,,,
IGFL2,Q6UWQ7,1,Nucleoplasm,Plasma membrane,Approved
IGFL3,Q6UXB1,1,,,
IGFL4,Q6B9Z1,1,Cytosol,,Approved
IGFLR1,Q9H665,1,"Nucleoplasm, Plasma membrane",,Approved
IGFN1,Q86VF2,1,Midbody ring,,Approved
IGHA1,P01876,1,,,
IGHA2,P01877,1,,,
IGHD,P01880,1,,,
IGHD1-1,P0DOY5,1,,,
IGHD1-14,,0,,,
IGHD1-20,,0,,,
IGHD1-26,,0,,,
IGHD1-7,,0,,,
IGHD1OR15-1A,,0,,,
IGHD1OR15-1B,,0,,,
IGHD2-15,,0,,,
IGHD2-2,,0,,,
IGHD2-21,,0,,,
IGHD2-8,,0,,,
IGHD2OR15-2A,,0,,,
IGHD2OR15-2B,,0,,,
IGHD3-10,,0,,,
IGHD3-16,,0,,,
IGHD3-22,,0,,,
IGHD3-3,,0,,,
IGHD3-9,,0,,,
IGHD3OR15-3A,,0,,,
IGHD3OR15-3B,,0,,,
IGHD4-11,,0,,,
IGHD4-17,,0,,,
IGHD4-23,,0,,,
IGHD4-4,,0,,,
IGHD4OR15-4A,,0,,,
IGHD4OR15-4B,,0,,,
IGHD5-12,,0,,,
IGHD5-18,,0,,,
IGHD5-24,,0,,,
IGHD5-5,,0,,,
IGHD5OR15-5A,,0,,,
IGHD5OR15-5B,,0,,,
IGHD6-13,,0,,,
IGHD6-19,,0,,,
IGHD6-25,,0,,,
IGHD6-6,,0,,,
IGHD7-27,,0,,,
IGHE,P01854,1,,,
IGHG1,P01857,1,,,
IGHG2,P01859,1,,,
IGHG3,,0,,,
IGHG4,P01861,1,,,
IGHJ1,A0A0C4DH62,1,,,
IGHJ2,,0,,,
IGHJ3,,0,,,
IGHJ4,,0,,,
IGHJ5,,0,,,
IGHJ6,,0,,,
IGHM,P01871,1,,,
IGHMBP2,P38935,1,Nucleoplasm,Nuclear bodies,Supported
IGHV1-18,A0A0C4DH31,1,,,
IGHV1-2,P23083,1,,,
IGHV1-24,A0A0C4DH33,1,,,
IGHV1-3,A0A0C4DH29,1,,,
IGHV1-45,A0A0A0MS14,1,,,
IGHV1-46,P01743,1,,,
IGHV1-58,A0A0C4DH39,1,,,
IGHV1-69,P01742,1,,,
IGHV1-69-2,A0A0G2JMI3,1,,,
IGHV1-69D,A0A0B4J2H0,1,,,
IGHV1OR15-1,,0,,,
IGHV1OR15-9,,0,,,
IGHV1OR21-1,,0,,,
IGHV2-26,A0A0B4J1V2,1,,,
IGHV2-5,P01817,1,,,
IGHV2-70,P01814,1,,,
IGHV2-70D,A0A0C4DH43,1,,,
IGHV2OR16-5,,0,,,
IGHV3-11,P01762,1,,,
IGHV3-13,P01766,1,,,
IGHV3-15,A0A0B4J1V0,1,,,
IGHV3-16,A0A0C4DH30,1,,,
IGHV3-20,A0A0C4DH32,1,,,
IGHV3-21,A0A0B4J1V1,1,,,
IGHV3-23,P01764,1,,,
IGHV3-30,"P01768,P0DP03",2,,,
IGHV3-33,P01772,1,,,
IGHV3-35,A0A0C4DH35,1,,,
IGHV3-38,A0A0C4DH36,1,,,
IGHV3-43,A0A0B4J1X8,1,,,
IGHV3-48,P01763,1,,,
IGHV3-49,A0A0A0MS15,1,,,
IGHV3-53,P01767,1,,,
IGHV3-64,A0A075B6Q5,1,,,
IGHV3-64D,A0A0J9YX35,1,,,
IGHV3-66,A0A0C4DH42,1,,,
IGHV3-7,P01780,1,,,
IGHV3-72,A0A0B4J1Y9,1,,,
IGHV3-73,A0A0B4J1V6,1,,,
IGHV3-74,A0A0B4J1X5,1,,,
IGHV3OR15-7,,0,,,
IGHV3OR16-10,,0,,,
IGHV3OR16-12,,0,,,
IGHV3OR16-13,,0,,,
IGHV3OR16-17,,0,,,
IGHV3OR16-8,,0,,,
IGHV3OR16-9,,0,,,
IGHV4-28,A0A0C4DH34,1,,,
IGHV4-31,A0A087WSY4,1,,,
IGHV4-34,P06331,1,,,
IGHV4-39,P01824,1,,,
IGHV4-4,A0A075B6R2,1,,,
IGHV4-59,P01825,1,,,
IGHV4-61,A0A0C4DH41,1,,,
IGHV4OR15-8,,0,,,
IGHV5-10-1,A0A0J9YXX1,1,,,
IGHV5-51,A0A0C4DH38,1,,,
IGHV6-1,A0A0B4J1U7,1,,,
IGHV7-4-1,A0A0J9YVY3,1,,,
IGHV7-81,A0A0B4J1V7,1,,,
IGHV8-51-1,,0,,,
IGIP,A6NJ69,1,Vesicles,,Approved
IGKC,,0,,,
IGKJ1,A0A0A0MT89,1,,,
IGKJ2,,0,,,
IGKJ3,,0,,,
IGKJ4,,0,,,
IGKJ5,,0,,,
IGKV1-12,A0A0C4DH73,1,,,
IGKV1-16,P04430,1,,,
IGKV1-17,P01599,1,,,
IGKV1-27,A0A075B6S5,1,,,
IGKV1-33,P01594,1,,,
IGKV1-37,A0A075B6S9,1,,,
IGKV1-39,P01597,1,,,
IGKV1-5,P01602,1,,,
IGKV1-6,A0A0C4DH72,1,,,
IGKV1-8,A0A0C4DH67,1,,,
IGKV1-9,A0A0C4DH69,1,,,
IGKV1D-12,P01611,1,,,
IGKV1D-13,"A0A0B4J2D9,P0DP09",2,,,
IGKV1D-16,P01601,1,,,
IGKV1D-17,A0A075B6S4,1,,,
IGKV1D-33,P01593,1,,,
IGKV1D-37,P0DSN7,1,,,
IGKV1D-39,P04432,1,,,
IGKV1D-42,A0A075B6H8,1,,,
IGKV1D-43,A0A0B4J1Z2,1,,,
IGKV1D-8,A0A087WSZ0,1,,,
IGKV1OR2-108,,0,,,
IGKV2-24,A0A0C4DH68,1,,,
IGKV2-28,A0A075B6P5,1,,,
IGKV2-30,P06310,1,,,
IGKV2-40,A0A087WW87,1,,,
IGKV2D-24,A0A075B6R9,1,,,
IGKV2D-26,A0A0A0MRZ7,1,,,
IGKV2D-28,P01615,1,,,
IGKV2D-29,A0A075B6S2,1,,,
IGKV2D-30,A0A075B6S6,1,,,
IGKV2D-40,P01614,1,,,
IGKV3-11,P04433,1,Plasma membrane,,Approved
IGKV3-15,P01624,1,Plasma membrane,,Approved
IGKV3-20,P01619,1,Plasma membrane,,Approved
IGKV3-7,A0A075B6H7,1,Plasma membrane,,Approved
IGKV3D-11,A0A0A0MRZ8,1,Plasma membrane,,Approved
IGKV3D-15,A0A087WSY6,1,Plasma membrane,,Approved
IGKV3D-20,A0A0C4DH25,1,Plasma membrane,,Approved
IGKV3D-7,A0A0C4DH55,1,Plasma membrane,,Approved
IGKV3OR2-268,,0,Plasma membrane,,Approved
IGKV4-1,P06312,1,,,
IGKV5-2,P06315,1,,,
IGKV6-21,A0A0C4DH24,1,,,
IGKV6D-21,A0A0A0MT36,1,,,
IGKV6D-41,A0A0C4DH26,1,,,
IGLC1,,0,,,
IGLC2,P0DOY2,1,,,
IGLC3,P0DOY3,1,,,
IGLC7,,0,,,
IGLJ1,A0A0A0MT76,1,,,
IGLJ2,,0,,,
IGLJ3,,0,,,
IGLJ4,,0,,,
IGLJ5,,0,,,
IGLJ6,,0,,,
IGLJ7,,0,,,
IGLL1,P15814,1,Endoplasmic reticulum,,Approved
IGLL5,B9A064,1,,,
IGLON5,A6NGN9,1,,,
IGLV1-36,A0A0B4J1U3,1,,,
IGLV1-40,P01703,1,,,
IGLV1-44,P01699,1,,,
IGLV1-47,P01700,1,,,
IGLV1-50,A0A075B6I6,1,,,
IGLV1-51,P01701,1,,,
IGLV10-54,A0A075B6I4,1,,,
IGLV11-55,A0A075B6I3,1,,,
IGLV2-11,P01706,1,,,
IGLV2-14,P01704,1,,,
IGLV2-18,A0A075B6J9,1,,,
IGLV2-23,P01705,1,,,
IGLV2-33,A0A075B6J2,1,,,
IGLV2-8,P01709,1,,,
IGLV3-1,P01715,1,,,
IGLV3-10,A0A075B6K4,1,,,
IGLV3-12,A0A075B6K2,1,,,
IGLV3-16,A0A075B6K0,1,,,
IGLV3-19,P01714,1,,,
IGLV3-21,P80748,1,,,
IGLV3-22,A0A075B6J6,1,,,
IGLV3-25,P01717,1,,,
IGLV3-27,P01718,1,,,
IGLV3-32,A0A0A0MS00,1,,,
IGLV3-9,A0A075B6K5,1,,,
IGLV4-3,A0A075B6K6,1,,,
IGLV4-60,A0A075B6I1,1,,,
IGLV4-69,A0A075B6H9,1,,,
IGLV5-37,A0A075B6J1,1,,,
IGLV5-45,A0A087WSX0,1,,,
IGLV5-48,A0A075B6I7,1,,,
IGLV5-52,A0A0A0MRZ9,1,,,
IGLV6-57,P01721,1,,,
IGLV7-43,P04211,1,,,
IGLV7-46,A0A075B6I9,1,,,
IGLV8-61,A0A075B6I0,1,,,
IGLV9-49,A0A0B4J1Y8,1,,,
IGSF1,Q8N6C5,1,Cytosol,,Approved
IGSF10,Q6WRI0,1,Vesicles,,Approved
IGSF11,Q5DX21,1,Cell Junctions,"Nucleoplasm, Cytosol",Approved
IGSF21,Q96ID5,1,,,
IGSF22,Q8N9C0,1,Mitochondria,,Approved
IGSF23,A1L1A6,1,Nucleoplasm,Cell Junctions,Approved
IGSF3,O75054,1,Nucleoplasm,Cytosol,Approved
IGSF5,Q9NSI5,1,Focal adhesion sites,,Approved
IGSF6,O95976,1,,,
IGSF8,Q969P0,1,Vesicles,,Supported
IGSF9,Q9P2J2,1,,,
IGSF9B,Q9UPX0,1,"Golgi apparatus, Cell Junctions",,Approved
IHH,Q14623,1,,,
IHO1,Q8IYA8,1,Nucleoplasm,,Approved
IK,Q13123,1,Nuclear speckles,,Enhanced
IKBIP,Q70UQ0,1,Endoplasmic reticulum,,Supported
IKBKB,O14920,1,Cytosol,,Supported
IKBKE,Q14164,1,Cytosol,,Supported
IKBKG,Q9Y6K9,1,Cytosol,,Enhanced
IKZF1,Q13422,1,Nucleoplasm,Cytosol,Supported
IKZF2,Q9UKS7,1,"Nucleoplasm, Nuclear bodies",Cytosol,Approved
IKZF3,Q9UKT9,1,Nucleoplasm,Cytosol,Supported
IKZF4,Q9H2S9,1,"Nucleoplasm, Nuclear bodies",,Supported
IKZF5,Q9H5V7,1,Nucleoplasm,"Plasma membrane, Cytosol",Supported
IL10,P22301,1,,,
IL10RA,Q13651,1,Plasma membrane,Cytosol,Supported
IL10RB,Q08334,1,Cytosol,,Approved
IL11,P20809,1,,,
IL11RA,Q14626,1,,,
IL12A,P29459,1,,,
IL12B,P29460,1,,,
IL12RB1,P42701,1,Plasma membrane,,Approved
IL12RB2,Q99665,1,Plasma membrane,,Approved
IL13,P35225,1,,,
IL13RA1,P78552,1,,,
IL13RA2,Q14627,1,"Plasma membrane, Cell Junctions","Nucleoplasm, Vesicles",Approved
IL15,P40933,1,"Nucleoplasm, Nuclear speckles",,Supported
IL15RA,Q13261,1,,,
IL16,Q14005,1,Nuclear speckles,"Plasma membrane, Cytosol",Supported
IL17A,Q16552,1,,,
IL17B,Q9UHF5,1,,,
IL17C,Q9P0M4,1,,,
IL17D,Q8TAD2,1,,,
IL17F,Q96PD4,1,,,
IL17RA,Q96F46,1,"Nucleoplasm, Cytosol",,Approved
IL17RB,Q9NRM6,1,"Vesicles, Plasma membrane",,Approved
IL17RC,Q8NAC3,1,,,
IL17RD,Q8NFM7,1,Golgi apparatus,Nucleoplasm,Supported
IL17RE,Q8NFR9,1,,,
IL17REL,Q6ZVW7,1,,,
IL18,Q14116,1,"Nucleoplasm, Golgi apparatus",Cytosol,Approved
IL18BP,O95998,1,Endoplasmic reticulum,,Approved
IL18R1,Q13478,1,Mitochondria,,Approved
IL18RAP,O95256,1,,,
IL19,Q9UHD0,1,,,
IL1A,P01583,1,,,
IL1B,P01584,1,,,
IL1F10,Q8WWZ1,1,,,
IL1R1,P14778,1,"Nucleoplasm, Vesicles","Plasma membrane, Cytosol",Approved
IL1R2,P27930,1,,,
IL1RAP,Q9NPH3,1,"Vesicles, Cytosol",,Approved
IL1RAPL1,Q9NZN1,1,,,
IL1RAPL2,Q9NP60,1,,,
IL1RL1,Q01638,1,Plasma membrane,"Focal adhesion sites, Cytosol",Supported
IL1RL2,Q9HB29,1,,,
IL1RN,P18510,1,Nucleoplasm,"Centrosome, Cytosol",Approved
IL2,P60568,1,,,
IL20,Q9NYY1,1,,,
IL20RA,Q9UHF4,1,Cytosol,,Approved
IL20RB,Q6UXL0,1,Vesicles,Cytosol,Approved
IL21,Q9HBE4,1,,,
IL21R,Q9HBE5,1,"Plasma membrane, Cytosol",,Uncertain
IL22,Q9GZX6,1,,,
IL22RA1,Q8N6P7,1,,,
IL22RA2,Q969J5,1,,,
IL23A,Q9NPF7,1,Cytosol,,Approved
IL23R,Q5VWK5,1,,,
IL24,Q13007,1,,,
IL25,Q9H293,1,,,
IL26,Q9NPH9,1,"Golgi apparatus, Vesicles",,Approved
IL27,Q8NEV9,1,,,
IL27RA,Q6UWB1,1,Vesicles,,Approved
IL2RA,P01589,1,,,
IL2RB,P14784,1,,,
IL2RG,P31785,1,"Nucleoplasm, Plasma membrane",Endoplasmic reticulum,Approved
IL3,P08700,1,,,
IL31,Q6EBC2,1,,,
IL31RA,Q8NI17,1,Vesicles,Nucleoplasm,Approved
IL32,P24001,1,,,
IL33,O95760,1,Nucleoplasm,Vesicles,Supported
IL34,Q6ZMJ4,1,,,
IL36A,Q9UHA7,1,,,
IL36B,Q9NZH7,1,,,
IL36G,Q9NZH8,1,Cytosol,"Nucleoplasm, Plasma membrane",Supported
IL36RN,Q9UBH0,1,,,
IL37,Q9NZH6,1,"Nucleoplasm, Vesicles",,Supported
IL3RA,P26951,1,,,
IL4,P05112,1,,,
IL4I1,Q96RQ9,1,"Nucleoplasm, Cytosol",,Approved
IL4R,P24394,1,"Nucleoplasm, Plasma membrane",Centriolar satellite,Approved
IL5,P05113,1,,,
IL5RA,Q01344,1,,,
IL6,P05231,1,Vesicles,,Approved
IL6R,P08887,1,,,
IL6ST,P40189,1,Plasma membrane,Golgi apparatus,Supported
IL7,P13232,1,,,
IL7R,P16871,1,Plasma membrane,,Supported
IL9,P15248,1,,,
IL9R,Q01113,1,,,
ILDR1,Q86SU0,1,,,
ILDR2,Q71H61,1,Plasma membrane,,Approved
ILF2,Q12905,1,Nucleoplasm,,Supported
ILF3,Q12906,1,"Nucleoplasm, Nucleoli, Mitochondria",,Enhanced
ILK,Q13418,1,"Focal adhesion sites, Cytosol",Nucleoplasm,Supported
ILKAP,Q9H0C8,1,,,
ILRUN,Q9H6K1,1,Nuclear speckles,"Centrosome, Cytosol",Supported
ILVBL,A1L0T0,1,"Golgi apparatus, Vesicles",,Approved
IMMP1L,Q96LU5,1,Mitochondria,,Enhanced
IMMP2L,Q96T52,1,Mitochondria,,Approved
IMMT,Q16891,1,Mitochondria,,Enhanced
IMP3,Q9NV31,1,"Nucleoplasm, Nucleoli",,Enhanced
IMP4,Q96G21,1,Nucleoli,,Enhanced
IMPA1,P29218,1,,,
IMPA2,O14732,1,Nucleoplasm,Mitochondria,Approved
IMPACT,Q9P2X3,1,Nucleoplasm,,Approved
IMPDH1,P20839,1,Cytosol,Rods & Rings,Supported
IMPDH2,P12268,1,Cytosol,Rods & Rings,Supported
IMPG1,Q17R60,1,,,
IMPG2,Q9BZV3,1,,,
INA,Q16352,1,Intermediate filaments,Cytosol,Approved
INAFM1,C9JVW0,1,,,
INAFM2,P0DMQ5,1,,,
INAVA,Q3KP66,1,Nucleoplasm,Nuclear bodies,Supported
INCA1,Q0VD86,1,"Nucleoplasm, Nuclear bodies",,Approved
INCENP,Q9NQS7,1,"Nuclear bodies, Kinetochore","Nucleoplasm, Midbody",Supported
INF2,Q27J81,1,Endoplasmic reticulum,Nuclear bodies,Approved
ING1,Q9UK53,1,Nucleoplasm,Cytosol,Approved
ING2,Q9H160,1,Nucleoplasm,,Supported
ING3,Q9NXR8,1,Nucleoplasm,,Enhanced
ING4,Q9UNL4,1,Nucleoplasm,,Supported
ING5,Q8WYH8,1,,,
INHA,P05111,1,Vesicles,Golgi apparatus,Approved
INHBA,P08476,1,,,
INHBB,P09529,1,,,
INHBC,P55103,1,Cytosol,,Approved
INHBE,P58166,1,Vesicles,,Supported
INIP,Q9NRY2,1,Nucleoplasm,,Supported
INKA1,,0,"Nucleoplasm, Vesicles",,Approved
INKA2,Q9NTI7,1,Nucleoplasm,"Nucleoli, Vesicles",Supported
INMT,O95050,1,"Golgi apparatus, Vesicles",,Approved
INO80,Q9ULG1,1,"Nucleoplasm, Nuclear bodies",Cytosol,Supported
INO80B,Q9C086,1,Nucleoplasm,"Nucleoli, Nuclear bodies",Supported
INO80C,Q6PI98,1,Nucleoli fibrillar center,,Approved
INO80D,Q53TQ3,1,,,
INO80E,Q8NBZ0,1,Nucleoplasm,Nucleoli rim,Supported
INPP1,P49441,1,Centriolar satellite,Cytosol,Approved
INPP4A,Q96PE3,1,"Nucleoplasm, Nuclear membrane",,Supported
INPP4B,O15327,1,Centrosome,,Approved
INPP5A,Q14642,1,Cytosol,Plasma membrane,Approved
INPP5B,P32019,1,Cytosol,,Supported
INPP5D,Q92835,1,Cytosol,,Supported
INPP5E,Q9NRR6,1,"Golgi apparatus, Focal adhesion sites",,Uncertain
INPP5F,Q9Y2H2,1,Vesicles,,Supported
INPP5J,Q15735,1,Cytosol,Nucleoli fibrillar center,Approved
INPP5K,Q9BT40,1,,,
INPPL1,O15357,1,Cytosol,Golgi apparatus,Supported
INS,P01308,1,,,
INS-IGF2,F8WCM5,1,Nucleoplasm,,Uncertain
INSC,Q1MX18,1,,,
INSIG1,O15503,1,Vesicles,,Uncertain
INSIG2,Q9Y5U4,1,,,
INSL3,P51460,1,,,
INSL4,Q14641,1,Vesicles,,Approved
INSL5,Q9Y5Q6,1,,,
INSL6,Q9Y581,1,,,
INSM1,Q01101,1,,,
INSM2,Q96T92,1,Nucleoplasm,,Approved
INSR,P06213,1,"Vesicles, Plasma membrane",,Approved
INSRR,P14616,1,,,
INSYN1,Q2T9L4,1,"Nucleoplasm, Cytosol",,Approved
INSYN2A,Q6ZSG2,1,,,
INSYN2B,A6NMK8,1,,,
INTS1,Q8N201,1,Nucleoplasm,,Approved
INTS10,Q9NVR2,1,Cytosol,Nucleoplasm,Approved
INTS11,Q5TA45,1,Cytosol,Nucleoplasm,Supported
INTS12,Q96CB8,1,"Nucleoplasm, Cytosol","Nuclear bodies, Plasma membrane",Approved
INTS13,Q9NVM9,1,Nucleoplasm,"Nuclear bodies, Vesicles",Enhanced
INTS14,Q96SY0,1,"Nucleoplasm, Nuclear bodies, Mitochondria",Nuclear membrane,Approved
INTS2,Q9H0H0,1,,,
INTS3,Q68E01,1,Nucleoli,Nucleoplasm,Approved
INTS4,Q96HW7,1,Nucleoli rim,,Supported
INTS5,Q6P9B9,1,Nucleoplasm,Cytosol,Supported
INTS6,Q9UL03,1,Nucleoplasm,Actin filaments,Supported
INTS6L,Q5JSJ4,1,Centrosome,"Nuclear bodies, Mitochondria",Approved
INTS7,Q9NVH2,1,Nuclear bodies,,Supported
INTS8,Q75QN2,1,Nucleoplasm,,Approved
INTS9,Q9NV88,1,Nucleoplasm,,Enhanced
INTU,Q9ULD6,1,Cytosol,,Uncertain
INVS,Q9Y283,1,Plasma membrane,Cytosol,Approved
IP6K1,Q92551,1,Nucleoli fibrillar center,"Nucleoplasm, Cytosol",Supported
IP6K2,Q9UHH9,1,"Nucleoplasm, Nucleoli fibrillar center",Cell Junctions,Approved
IP6K3,Q96PC2,1,Nucleoplasm,Cytosol,Approved
IPCEF1,Q8WWN9,1,"Nuclear speckles, Plasma membrane","Nucleoli, Cytoplasmic bodies",Approved
IPMK,Q8NFU5,1,Nucleoplasm,,Enhanced
IPO11,Q9UI26,1,Nucleoplasm,Cytosol,Supported
IPO13,O94829,1,,,
IPO4,Q8TEX9,1,Cytosol,,Approved
IPO5,O00410,1,"Nucleoplasm, Nuclear membrane","Golgi apparatus, Cytosol",Supported
IPO7,O95373,1,"Nucleoplasm, Cytosol",,Supported
IPO8,O15397,1,Nucleoplasm,,Approved
IPO9,Q96P70,1,Cytosol,Vesicles,Approved
IPP,Q9Y573,1,,,
IPPK,Q9H8X2,1,Cytosol,,Approved
IQANK1,A8MXQ7,1,,,
IQCA1,Q86XH1,1,Nucleoplasm,,Uncertain
IQCA1L,A6NCM1,1,,,
IQCB1,Q15051,1,"Microtubules, Cytokinetic bridge, Mitotic spindle",Nucleoplasm,Supported
IQCC,Q4KMZ1,1,Vesicles,,Approved
IQCD,Q96DY2,1,Nucleoplasm,,Approved
IQCE,Q6IPM2,1,Nucleoplasm,Cytosol,Approved
IQCF1,Q8N6M8,1,,,
IQCF2,Q8IXL9,1,,,
IQCF3,P0C7M6,1,,,
IQCF5,A8MTL0,1,,,
IQCF6,A8MYZ5,1,,,
IQCG,Q9H095,1,"Actin filaments, Cytosol",,Supported
IQCH,Q86VS3,1,Cytosol,,Approved
IQCJ,Q1A5X6,1,,,
IQCJ-SCHIP1,B3KU38,1,Cytosol,,Approved
IQCK,Q8N0W5,1,Nuclear speckles,Cytosol,Approved
IQCM,A0A1B0GVH7,1,,,
IQCN,Q9H0B3,1,,,
IQGAP1,P46940,1,"Plasma membrane, Cell Junctions",,Supported
IQGAP2,Q13576,1,"Vesicles, Plasma membrane",,Approved
IQGAP3,Q86VI3,1,Nucleoli rim,"Nucleoplasm, Mitotic chromosome",Approved
IQSEC1,Q6DN90,1,"Nucleoli, Nucleoli rim, Vesicles",,Supported
IQSEC2,Q5JU85,1,"Vesicles, Lipid droplets",,Approved
IQSEC3,Q9UPP2,1,"Nucleoplasm, Cytosol",,Supported
IQUB,Q8NA54,1,Nuclear speckles,"Nucleoplasm, Cytosol",Approved
IRAG1,Q9Y6F6,1,Cytosol,Nuclear bodies,Approved
IRAG2,Q12912,1,"Endoplasmic reticulum, Plasma membrane",,Approved
IRAK1,P51617,1,"Nucleoplasm, Cytosol",,Supported
IRAK1BP1,Q5VVH5,1,Vesicles,,Approved
IRAK2,O43187,1,Vesicles,,Approved
IRAK3,Q9Y616,1,Vesicles,,Approved
IRAK4,Q9NWZ3,1,Microtubules,"Nucleoli, Cytosol",Approved
IREB2,P48200,1,Cell Junctions,Cytosol,Approved
IRF1,P10914,1,Nucleoplasm,Cytosol,Approved
IRF2,P14316,1,Nucleoplasm,"Cell Junctions, Cytosol",Enhanced
IRF2BP1,Q8IU81,1,Nucleoplasm,,Supported
IRF2BP2,Q7Z5L9,1,Nucleoplasm,,Enhanced
IRF2BPL,Q9H1B7,1,Nucleoplasm,,Enhanced
IRF3,Q14653,1,Cytosol,,Supported
IRF4,Q15306,1,Nucleoplasm,Cytosol,Supported
IRF5,Q13568,1,,,
IRF6,O14896,1,Cytosol,Nucleoplasm,Supported
IRF7,Q92985,1,Nucleoplasm,Cytosol,Supported
IRF8,Q02556,1,Nucleoplasm,,Enhanced
IRF9,Q00978,1,Cytosol,,Supported
IRGC,Q6NXR0,1,,,
IRGM,A1A4Y4,1,,,
IRGQ,Q8WZA9,1,Vesicles,,Approved
IRS1,P35568,1,"Nucleoplasm, Cytosol",Plasma membrane,Supported
IRS2,Q9Y4H2,1,Cytosol,Aggresome,Supported
IRS4,O14654,1,,,
IRX1,P78414,1,Golgi apparatus,Nucleoplasm,Approved
IRX2,Q9BZI1,1,"Nucleoplasm, Nucleoli",,Approved
IRX3,P78415,1,Nucleoplasm,Cytosol,Approved
IRX4,P78413,1,"Nucleoplasm, Vesicles",,Uncertain
IRX5,P78411,1,Nuclear speckles,"Microtubules, Cytosol",Approved
IRX6,P78412,1,"Nucleoplasm, Mitochondria",,Approved
ISCA1,Q9BUE6,1,,,
ISCA2,Q86U28,1,,,
ISCU,Q9H1K1,1,"Mitochondria, Cytosol",,Supported
ISG15,P05161,1,,,
ISG20,Q96AZ6,1,,,
ISG20L2,Q9H9L3,1,Nucleoplasm,,Approved
ISL1,P61371,1,Nucleoplasm,"Nuclear speckles, Mitochondria",Approved
ISL2,Q96A47,1,Rods & Rings,,Approved
ISLR,O14498,1,Plasma membrane,Golgi apparatus,Approved
ISLR2,Q6UXK2,1,,,
ISM1,B1AKI9,1,,,
ISM2,Q6H9L7,1,Nucleoplasm,,Supported
ISOC1,Q96CN7,1,"Endoplasmic reticulum, Vesicles",,Approved
ISOC2,Q96AB3,1,Mitochondria,Cytosol,Approved
IST1,P53990,1,Vesicles,,Supported
ISX,Q2M1V0,1,Nucleoplasm,Nuclear bodies,Supported
ISY1,Q9ULR0,1,Nuclear speckles,,Enhanced
ISY1-RAB43,,0,Nuclear speckles,,Enhanced
ISYNA1,Q9NPH2,1,Nucleoplasm,Cytosol,Approved
ITCH,Q96J02,1,Nucleoplasm,Vesicles,Enhanced
ITFG1,Q8TB96,1,"Golgi apparatus, Vesicles, Cytosol",,Approved
ITFG2,Q969R8,1,Endoplasmic reticulum,,Uncertain
ITGA1,P56199,1,,,
ITGA10,O75578,1,Endoplasmic reticulum,,Uncertain
ITGA11,Q9UKX5,1,,,
ITGA2,P17301,1,Nucleoplasm,Cytosol,Approved
ITGA2B,P08514,1,Plasma membrane,,Approved
ITGA3,P26006,1,Plasma membrane,,Supported
ITGA4,P13612,1,Plasma membrane,,Approved
ITGA5,P08648,1,,,
ITGA6,P23229,1,,,
ITGA7,Q13683,1,Plasma membrane,"Nuclear speckles, Vesicles",Approved
ITGA8,P53708,1,Plasma membrane,,Approved
ITGA9,Q13797,1,Vesicles,"Nucleoplasm, Plasma membrane, Cell Junctions",Approved
ITGAD,Q13349,1,,,
ITGAE,P38570,1,,,
ITGAL,P20701,1,,,
ITGAM,P11215,1,,,
ITGAV,P06756,1,"Focal adhesion sites, Cytosol",,Approved
ITGAX,P20702,1,"Vesicles, Plasma membrane",,Supported
ITGB1,P05556,1,"Plasma membrane, Focal adhesion sites",Endoplasmic reticulum,Supported
ITGB1BP1,O14713,1,Nucleoplasm,"Nuclear bodies, Cytosol",Supported
ITGB1BP2,Q9UKP3,1,Cytosol,,Approved
ITGB2,P05107,1,Plasma membrane,Rods & Rings,Supported
ITGB3,P05106,1,Plasma membrane,Nucleoplasm,Supported
ITGB3BP,Q13352,1,Nucleoplasm,,Supported
ITGB4,P16144,1,"Plasma membrane, Cell Junctions",,Supported
ITGB5,P18084,1,"Plasma membrane, Mitochondria",,Approved
ITGB6,P18564,1,"Nucleoplasm, Cell Junctions",Centrosome,Approved
ITGB7,P26010,1,"Plasma membrane, Cytosol",,Approved
ITGB8,P26012,1,"Plasma membrane, Cytosol",,Approved
ITGBL1,O95965,1,,,
ITIH1,P19827,1,Vesicles,,Approved
ITIH2,P19823,1,Golgi apparatus,,Approved
ITIH3,Q06033,1,,,
ITIH4,Q14624,1,Vesicles,,Approved
ITIH5,,0,Golgi apparatus,Vesicles,Approved
ITIH6,Q6UXX5,1,,,
ITK,Q08881,1,"Plasma membrane, Cytosol",,Uncertain
ITLN1,Q8WWA0,1,,,
ITLN2,Q8WWU7,1,,,
ITM2A,O43736,1,Vesicles,"Golgi apparatus, Plasma membrane",Approved
ITM2B,Q9Y287,1,"Golgi apparatus, Vesicles",,Enhanced
ITM2C,Q9NQX7,1,,,
ITPA,Q9BY32,1,"Nucleoplasm, Cytosol",,Supported
ITPK1,Q13572,1,Mitochondria,,Approved
ITPKA,P23677,1,Vesicles,Plasma membrane,Approved
ITPKB,P27987,1,Nucleoplasm,,Approved
ITPKC,Q96DU7,1,Nuclear speckles,,Supported
ITPR1,Q14643,1,Vesicles,,Approved
ITPR2,Q14571,1,Endoplasmic reticulum,Nucleoplasm,Supported
ITPR3,Q14573,1,Vesicles,,Uncertain
ITPRID1,Q6ZRS4,1,Nucleoplasm,,Uncertain
ITPRID2,P28290,1,"Plasma membrane, Cytosol",Nucleoplasm,Supported
ITPRIP,Q8IWB1,1,Vesicles,,Uncertain
ITPRIPL1,Q6GPH6,1,,,
ITPRIPL2,Q3MIP1,1,Centrosome,,Approved
ITSN1,Q15811,1,Plasma membrane,,Supported
ITSN2,Q9NZM3,1,"Vesicles, Plasma membrane",,Approved
IVD,P26440,1,Mitochondria,Nucleoplasm,Supported
IVL,P07476,1,Cytosol,"Nuclear bodies, Centrosome",Supported
IVNS1ABP,Q9Y6Y0,1,Cytosol,,Supported
IWS1,Q96ST2,1,Nucleoplasm,,Enhanced
IYD,Q6PHW0,1,Plasma membrane,,Supported
IZUMO1,Q8IYV9,1,,,
IZUMO1R,A6ND01,1,,,
IZUMO2,Q6UXV1,1,,,
IZUMO3,Q5VZ72,1,,,
IZUMO4,Q1ZYL8,1,,,
JADE1,Q6IE81,1,Nucleoplasm,Centrosome,Supported
JADE2,Q9NQC1,1,Nucleoplasm,,Enhanced
JADE3,Q92613,1,"Nucleoplasm, Nucleoli",,Approved
JAG1,P78504,1,"Golgi apparatus, Plasma membrane",,Approved
JAG2,Q9Y219,1,Vesicles,Cytosol,Supported
JAGN1,Q8N5M9,1,Vesicles,,Approved
JAK1,P23458,1,,,
JAK2,O60674,1,Nucleoplasm,"Plasma membrane, Focal adhesion sites",Supported
JAK3,P52333,1,"Plasma membrane, Cytosol",,Approved
JAKMIP1,Q96N16,1,,,
JAKMIP2,Q96AA8,1,Golgi apparatus,,Supported
JAKMIP3,Q5VZ66,1,,,
JAM2,P57087,1,Plasma membrane,Nucleoplasm,Supported
JAM3,Q9BX67,1,Golgi apparatus,,Enhanced
JAML,Q86YT9,1,Plasma membrane,Nucleoplasm,Supported
JARID2,Q92833,1,"Nucleoplasm, Mitochondria",,Supported
JAZF1,Q86VZ6,1,"Nucleoplasm, Nucleoli fibrillar center",,Supported
JCAD,Q9P266,1,"Vesicles, Cell Junctions",,Approved
JCHAIN,P01591,1,,,
JDP2,Q8WYK2,1,"Nucleoplasm, Nuclear speckles",,Approved
JHY,Q6NUN7,1,Nucleoplasm,Golgi apparatus,Approved
JKAMP,Q9P055,1,Vesicles,Nucleoplasm,Approved
JMJD1C,Q15652,1,Nucleoplasm,Cytosol,Supported
JMJD4,Q9H9V9,1,Plasma membrane,Vesicles,Uncertain
JMJD6,Q6NYC1,1,Nucleoplasm,,Supported
JMJD7,P0C870,1,Cytosol,,Approved
JMJD7-PLA2G4B,,0,Cytosol,,Approved
JMJD8,Q96S16,1,,,
JMY,Q8N9B5,1,Nucleoplasm,,Uncertain
JOSD1,Q15040,1,,,
JOSD2,Q8TAC2,1,,,
JPH1,Q9HDC5,1,Nucleoplasm,,Enhanced
JPH2,Q9BR39,1,,,
JPH3,Q8WXH2,1,Nucleoplasm,Cytosol,Approved
JPH4,Q96JJ6,1,Cytosol,,Approved
JPT1,Q9UK76,1,Nucleoplasm,"Nuclear membrane, Nucleoli",Supported
JPT2,Q9H910,1,"Plasma membrane, Cytosol",,Approved
JRK,O75564,1,"Nucleoplasm, Nucleoli",Nuclear bodies,Approved
JRKL,Q9Y4A0,1,Nucleoplasm,Cytokinetic bridge,Approved
JSRP1,Q96MG2,1,Endoplasmic reticulum,,Approved
JTB,O76095,1,Vesicles,,Uncertain
JUN,P05412,1,Nucleoplasm,,Enhanced
JUNB,P17275,1,Nucleoplasm,,Supported
JUND,P17535,1,Nucleoplasm,,Supported
JUP,P14923,1,"Plasma membrane, Cell Junctions",Vesicles,Supported
KAAG1,Q9UBP8,1,,,
KALRN,O60229,1,"Nucleoplasm, Cytosol",,Approved
KANK1,Q14678,1,Plasma membrane,,Supported
KANK2,Q63ZY3,1,Nucleoplasm,Cytosol,Approved
KANK3,Q6NY19,1,Plasma membrane,,Approved
KANK4,Q5T7N3,1,Cytosol,Microtubules,Uncertain
KANSL1,Q7Z3B3,1,Nucleoplasm,,Supported
KANSL1L,A0AUZ9,1,Cytosol,,Approved
KANSL2,Q9H9L4,1,"Nucleoplasm, Plasma membrane, Cytosol",,Supported
KANSL3,Q9P2N6,1,Nucleoplasm,Vesicles,Supported
KANTR,,0,,,
KARS1,Q15046,1,Cytosol,Plasma membrane,Supported
KASH5,Q8N6L0,1,,,
KAT14,Q9H8E8,1,,,
KAT2A,Q92830,1,,,
KAT2B,Q92831,1,Nucleoplasm,Cytosol,Enhanced
KAT5,Q92993,1,Nucleoplasm,"Vesicles, Cytosol",Supported
KAT6A,Q92794,1,Nuclear speckles,"Nucleoli, Cytosol",Supported
KAT6B,Q8WYB5,1,"Nucleoplasm, Nuclear bodies",,Approved
KAT7,O95251,1,Nucleoplasm,Cytosol,Supported
KAT8,Q9H7Z6,1,Nucleoplasm,,Supported
KATNA1,O75449,1,Centriolar satellite,Nucleoplasm,Supported
KATNAL1,Q9BW62,1,"Nucleoplasm, Cytosol",,Uncertain
KATNAL2,Q8IYT4,1,"Nucleoplasm, Intermediate filaments",,Approved
KATNB1,Q9BVA0,1,"Plasma membrane, Cytosol",Microtubules,Supported
KATNBL1,Q9H079,1,"Midbody, Mitotic spindle","Nucleoplasm, Cleavage furrow",Supported
KATNIP,O60303,1,Nuclear speckles,Plasma membrane,Approved
KAZALD1,Q96I82,1,,,
KAZN,Q674X7,1,Nucleoplasm,"Nuclear speckles, Cytosol",Supported
KBTBD11,O94819,1,Intermediate filaments,,Approved
KBTBD12,Q3ZCT8,1,,,
KBTBD13,C9JR72,1,,,
KBTBD2,Q8IY47,1,"Nucleoplasm, Nucleoli fibrillar center",,Approved
KBTBD3,Q8NAB2,1,,,
KBTBD4,Q9NVX7,1,Nucleoplasm,"Vesicles, Cytosol",Approved
KBTBD6,Q86V97,1,,,
KBTBD7,Q8WVZ9,1,,,
KBTBD8,Q8NFY9,1,,,
KCMF1,Q9P0J7,1,Cytosol,Nucleoplasm,Enhanced
KCNA1,Q09470,1,,,
KCNA10,Q16322,1,,,
KCNA2,P16389,1,,,
KCNA3,P22001,1,,,
KCNA4,P22459,1,,,
KCNA5,P22460,1,,,
KCNA6,P17658,1,"Plasma membrane, Cytosol",Vesicles,Approved
KCNA7,Q96RP8,1,"Vesicles, Plasma membrane",,Approved
KCNAB1,Q14722,1,Vesicles,"Nucleoplasm, Plasma membrane",Approved
KCNAB2,Q13303,1,,,
KCNAB3,O43448,1,Mitochondria,,Approved
KCNB1,Q14721,1,,,
KCNB2,Q92953,1,Plasma membrane,"Nucleoli, Midbody",Approved
KCNC1,P48547,1,"Nucleoplasm, Nuclear membrane","Vesicles, Cytosol",Approved
KCNC2,Q96PR1,1,,,
KCNC3,Q14003,1,,,
KCNC4,Q03721,1,"Nucleoli, Cytosol",,Approved
KCND1,Q9NSA2,1,Nucleoplasm,,Uncertain
KCND2,Q9NZV8,1,,,
KCND3,Q9UK17,1,,,
KCNE1,P15382,1,,,
KCNE1B,A0A087WTH5,1,,,
KCNE2,Q9Y6J6,1,,,
KCNE3,Q9Y6H6,1,Plasma membrane,,Supported
KCNE4,Q8WWG9,1,Microtubules,Nuclear bodies,Approved
KCNE5,Q9UJ90,1,,,
KCNF1,Q9H3M0,1,Golgi apparatus,"Nucleoplasm, Vesicles",Approved
KCNG1,Q9UIX4,1,Vesicles,,Approved
KCNG2,Q9UJ96,1,,,
KCNG3,Q8TAE7,1,Cytoplasmic bodies,,Approved
KCNG4,Q8TDN1,1,Plasma membrane,Nucleoplasm,Supported
KCNH1,O95259,1,Vesicles,,Supported
KCNH2,Q12809,1,,,
KCNH3,Q9ULD8,1,,,
KCNH4,Q9UQ05,1,,,
KCNH5,Q8NCM2,1,Centrosome,"Nucleoplasm, Cytosol",Approved
KCNH6,Q9H252,1,,,
KCNH7,Q9NS40,1,,,
KCNH8,Q96L42,1,Plasma membrane,,Supported
KCNIP1,Q9NZI2,1,Vesicles,,Approved
KCNIP2,Q9NS61,1,Vesicles,,Approved
KCNIP3,Q9Y2W7,1,Vesicles,,Approved
KCNIP4,Q6PIL6,1,Vesicles,,Approved
KCNJ1,P48048,1,,,
KCNJ10,P78508,1,,,
KCNJ11,Q14654,1,,,
KCNJ12,Q14500,1,Golgi apparatus,"Nucleoplasm, Cytosol",Uncertain
KCNJ13,O60928,1,Nuclear membrane,,Approved
KCNJ14,Q9UNX9,1,Nucleoli,,Approved
KCNJ15,Q99712,1,Plasma membrane,"Vesicles, Cytosol",Approved
KCNJ16,Q9NPI9,1,Vesicles,,Uncertain
KCNJ18,B7U540,1,Golgi apparatus,"Nucleoplasm, Cytosol",Uncertain
KCNJ2,P63252,1,,,
KCNJ3,P48549,1,Mitochondria,Plasma membrane,Approved
KCNJ4,P48050,1,,,
KCNJ5,P48544,1,,,
KCNJ6,P48051,1,,,
KCNJ8,Q15842,1,,,
KCNJ9,Q92806,1,,,
KCNK1,O00180,1,Vesicles,,Approved
KCNK10,P57789,1,,,
KCNK12,Q9HB15,1,,,
KCNK13,Q9HB14,1,"Nuclear speckles, Cell Junctions",,Approved
KCNK15,Q9H427,1,,,
KCNK16,Q96T55,1,,,
KCNK17,Q96T54,1,"Plasma membrane, Cytosol",Nucleoplasm,Approved
KCNK18,Q7Z418,1,,,
KCNK2,O95069,1,,,
KCNK3,O14649,1,,,
KCNK4,Q9NYG8,1,,,
KCNK5,O95279,1,Nucleoplasm,,Approved
KCNK6,Q9Y257,1,"Plasma membrane, Cytosol",Actin filaments,Approved
KCNK7,Q9Y2U2,1,Plasma membrane,,Approved
KCNK9,Q9NPC2,1,Plasma membrane,,Approved
KCNMA1,Q12791,1,,,
KCNMB1,Q16558,1,,,
KCNMB2,Q9Y691,1,,,
KCNMB3,Q9NPA1,1,Nucleoplasm,Mitochondria,Approved
KCNMB4,Q86W47,1,Cytosol,,Approved
KCNN1,Q92952,1,"Actin filaments, Cytosol",,Approved
KCNN2,Q9H2S1,1,"Nucleoplasm, Plasma membrane",,Uncertain
KCNN3,Q9UGI6,1,"Plasma membrane, Cytosol",,Approved
KCNN4,O15554,1,"Plasma membrane, Cytosol",,Approved
KCNQ1,P51787,1,Endoplasmic reticulum,Plasma membrane,Supported
KCNQ2,O43526,1,Endoplasmic reticulum,,Approved
KCNQ3,O43525,1,,,
KCNQ4,P56696,1,,,
KCNQ5,Q9NR82,1,Vesicles,,Approved
KCNRG,Q8N5I3,1,Vesicles,,Uncertain
KCNS1,Q96KK3,1,,,
KCNS2,Q9ULS6,1,,,
KCNS3,Q9BQ31,1,Cytosol,"Golgi apparatus, Plasma membrane",Supported
KCNT1,Q5JUK3,1,,,
KCNT2,Q6UVM3,1,Vesicles,,Approved
KCNU1,A8MYU2,1,Plasma membrane,,Uncertain
KCNV1,Q6PIU1,1,"Plasma membrane, Cytokinetic bridge",,Supported
KCNV2,Q8TDN2,1,,,
KCP,Q6ZWJ8,1,,,
KCTD1,Q719H9,1,Nucleoplasm,"Nucleoli, Cytokinetic bridge, Centriolar satellite",Approved
KCTD10,Q9H3F6,1,Nucleoplasm,Cytosol,Supported
KCTD11,Q693B1,1,Nucleoplasm,,Approved
KCTD12,Q96CX2,1,Mitochondria,,Approved
KCTD13,Q8WZ19,1,"Nucleoplasm, Nuclear bodies",,Supported
KCTD14,Q9BQ13,1,Nucleoplasm,"Vesicles, Cytosol",Approved
KCTD15,Q96SI1,1,Nucleoplasm,Cytosol,Approved
KCTD16,Q68DU8,1,,,
KCTD17,Q8N5Z5,1,,,
KCTD18,Q6PI47,1,Mitochondria,,Approved
KCTD19,Q17RG1,1,,,
KCTD2,Q14681,1,,,
KCTD20,Q7Z5Y7,1,Endoplasmic reticulum,Nuclear speckles,Approved
KCTD21,Q4G0X4,1,Cytosol,,Approved
KCTD3,Q9Y597,1,Cytosol,,Approved
KCTD4,Q8WVF5,1,Centriolar satellite,,Approved
KCTD5,Q9NXV2,1,,,
KCTD6,Q8NC69,1,"Nucleoli, Mitochondria",,Approved
KCTD7,Q96MP8,1,,,
KCTD8,Q6ZWB6,1,Vesicles,,Approved
KCTD9,Q7L273,1,Nucleoplasm,"Intermediate filaments, Cytosol",Supported
KDELR1,P24390,1,Golgi apparatus,"Vesicles, Cytosol",Supported
KDELR2,P33947,1,,,
KDELR3,O43731,1,Endoplasmic reticulum,,Supported
KDF1,Q8NAX2,1,Plasma membrane,Cytosol,Approved
KDM1A,O60341,1,Nucleoplasm,Cytosol,Supported
KDM1B,Q8NB78,1,Nucleoplasm,,Supported
KDM2A,Q9Y2K7,1,Nucleoplasm,,Supported
KDM2B,Q8NHM5,1,Nucleoplasm,,Supported
KDM3A,Q9Y4C1,1,Nucleoplasm,,Approved
KDM3B,Q7LBC6,1,Nucleoplasm,,Enhanced
KDM4A,O75164,1,Nucleoli fibrillar center,"Nucleoplasm, Cytosol",Supported
KDM4B,O94953,1,Nucleoplasm,Cytosol,Supported
KDM4C,Q9H3R0,1,Nucleoplasm,,Approved
KDM4D,Q6B0I6,1,Nucleoplasm,,Approved
KDM4E,B2RXH2,1,,,
KDM4F,,0,,,
KDM5A,P29375,1,Nuclear bodies,Cytosol,Supported
KDM5B,Q9UGL1,1,Nucleoplasm,Cytosol,Supported
KDM5C,P41229,1,Nucleoplasm,Cytosol,Enhanced
KDM5D,Q9BY66,1,Nucleoli fibrillar center,,Approved
KDM6A,O15550,1,"Nucleoli, Nucleoli rim",Nucleoplasm,Approved
KDM6B,O15054,1,Nuclear speckles,,Approved
KDM7A,Q6ZMT4,1,Nucleoplasm,Nucleoli,Approved
KDM8,Q8N371,1,Nucleoplasm,Cytosol,Approved
KDR,P35968,1,Vesicles,Nuclear membrane,Approved
KDSR,Q06136,1,,,
KEAP1,Q14145,1,"Nucleoplasm, Centriolar satellite",Cytosol,Supported
KEL,P23276,1,"Golgi apparatus, Plasma membrane","Nucleoplasm, Cytosol",Approved
KERA,O60938,1,,,
KHDC1,Q4VXA5,1,"Mitochondria, Cytosol",,Approved
KHDC1L,Q5JSQ8,1,,,
KHDC3L,Q587J8,1,,,
KHDC4,Q7Z7F0,1,Nucleoplasm,,Supported
KHDRBS1,Q07666,1,Nucleoplasm,,Enhanced
KHDRBS2,Q5VWX1,1,,,
KHDRBS3,O75525,1,Nucleoplasm,,Supported
KHK,P50053,1,"Vesicles, Cytosol",,Approved
KHNYN,O15037,1,Nucleoplasm,Cytosol,Approved
KHSRP,Q92945,1,Nucleoplasm,,Enhanced
KIAA0040,Q15053,1,Nucleoplasm,,Approved
KIAA0100,Q14667,1,"Nuclear speckles, Cytosol",,Approved
KIAA0232,Q92628,1,Cytosol,,Approved
KIAA0319,Q5VV43,1,Vesicles,,Approved
KIAA0319L,Q8IZA0,1,Golgi apparatus,Nucleoli,Supported
KIAA0408,Q6ZU52,1,Nucleoplasm,Cytosol,Approved
KIAA0513,O60268,1,Cytosol,,Approved
KIAA0586,Q9BVV6,1,Nucleoplasm,Cytosol,Approved
KIAA0753,Q2KHM9,1,"Centrosome, Cytosol",,Approved
KIAA0825,Q8IV33,1,,,
KIAA0895,Q8NCT3,1,Nucleoplasm,"Plasma membrane, Cell Junctions, Cytosol",Approved
KIAA0895L,Q68EN5,1,"Nucleoplasm, Vesicles",,Approved
KIAA0930,Q6ICG6,1,"Nuclear membrane, Mitochondria",Nucleoplasm,Approved
KIAA1109,Q2LD37,1,"Nucleoplasm, Centrosome",,Approved
KIAA1143,Q96AT1,1,Nucleoplasm,Cytokinetic bridge,Enhanced
KIAA1191,Q96A73,1,Nucleoplasm,,Approved
KIAA1210,Q9ULL0,1,"Golgi apparatus, Vesicles",,Approved
KIAA1217,Q5T5P2,1,"Nucleoplasm, Cytosol",,Approved
KIAA1328,Q86T90,1,Nuclear speckles,"Vesicles, Lipid droplets",Approved
KIAA1522,Q9P206,1,"Plasma membrane, Cell Junctions",Nucleoplasm,Supported
KIAA1549,Q9HCM3,1,Nuclear membrane,Intermediate filaments,Approved
KIAA1549L,Q6ZVL6,1,Nucleoplasm,Vesicles,Approved
KIAA1586,Q9HCI6,1,"Nucleoplasm, Nuclear membrane",,Approved
KIAA1614,Q5VZ46,1,"Nuclear membrane, Vesicles",,Approved
KIAA1671,Q9BY89,1,Microtubules,,Approved
KIAA1755,Q5JYT7,1,Nucleoli,"Golgi apparatus, Vesicles",Approved
KIAA1841,Q6NSI8,1,"Nucleoplasm, Nucleoli",,Approved
KIAA1958,Q8N8K9,1,"Plasma membrane, Cytosol",,Approved
KIAA2012,,0,,,
KIAA2013,Q8IYS2,1,Golgi apparatus,Cytosol,Approved
KIAA2026,Q5HYC2,1,"Vesicles, Cytosol",Nucleoplasm,Approved
KIDINS220,Q9ULH0,1,Nucleoplasm,,Approved
KIF11,P52732,1,Cytosol,Mitotic spindle,Supported
KIF12,Q96FN5,1,"Golgi apparatus, Plasma membrane",,Uncertain
KIF13A,Q9H1H9,1,,,
KIF13B,Q9NQT8,1,,,
KIF14,Q15058,1,Cytosol,Midbody ring,Supported
KIF15,Q9NS87,1,,,
KIF16B,Q96L93,1,Mitochondria,,Uncertain
KIF17,Q9P2E2,1,Plasma membrane,Nucleoplasm,Approved
KIF18A,Q8NI77,1,"Microtubules, Cytokinetic bridge",,Supported
KIF18B,Q86Y91,1,"Nucleoplasm, Microtubule ends","Nuclear bodies, Cytosol",Supported
KIF19,Q2TAC6,1,Plasma membrane,"Actin filaments, Centrosome",Approved
KIF1A,Q12756,1,"Centriolar satellite, Cytosol",,Approved
KIF1B,O60333,1,Microtubules,Nucleoli fibrillar center,Approved
KIF1C,O43896,1,,,
KIF20A,O95235,1,Cytokinetic bridge,Nucleoplasm,Uncertain
KIF20B,Q96Q89,1,"Nucleoplasm, Cytokinetic bridge","Midbody, Cytosol",Supported
KIF21A,Q7Z4S6,1,Plasma membrane,Cytosol,Enhanced
KIF21B,O75037,1,Plasma membrane,"Mitotic spindle, Cytosol",Approved
KIF22,Q14807,1,Nuclear speckles,,Supported
KIF23,Q02241,1,Nucleoplasm,"Midbody ring, Mitotic spindle",Enhanced
KIF24,Q5T7B8,1,,,
KIF25,Q9UIL4,1,,,
KIF26A,Q9ULI4,1,"Nucleoplasm, Plasma membrane, Cytosol",,Approved
KIF26B,Q2KJY2,1,"Plasma membrane, Microtubules",,Approved
KIF27,Q86VH2,1,,,
KIF2A,O00139,1,"Nucleoplasm, Nucleoli, Centrosome",,Enhanced
KIF2B,Q8N4N8,1,"Microtubules, Cytokinetic bridge, Mitotic spindle",Nucleoli,Supported
KIF2C,Q99661,1,"Nucleoplasm, Midbody, Centrosome",Cytosol,Approved
KIF3A,Q9Y496,1,"Nucleoplasm, Intermediate filaments, Cytosol",,Approved
KIF3B,O15066,1,"Plasma membrane, Actin filaments",,Uncertain
KIF3C,O14782,1,"Nuclear bodies, Intermediate filaments",,Uncertain
KIF4A,O95239,1,"Nucleoplasm, Midbody",,Supported
KIF4B,Q2VIQ3,1,"Nucleoplasm, Midbody",,Uncertain
KIF5A,Q12840,1,"Nucleoplasm, Cytosol",Mitotic spindle,Approved
KIF5B,P33176,1,"Centriolar satellite, Cytosol",,Enhanced
KIF5C,O60282,1,Vesicles,,Approved
KIF6,Q6ZMV9,1,Centrosome,Nucleoplasm,Approved
KIF7,Q2M1P5,1,,,
KIF9,Q9HAQ2,1,,,
KIFAP3,Q92845,1,Microtubules,,Approved
KIFBP,Q96EK5,1,,,
KIFC1,Q9BW19,1,Centrosome,,Approved
KIFC2,Q96AC6,1,Nucleoplasm,Cytosol,Approved
KIFC3,Q9BVG8,1,,,
KIN,O60870,1,Nucleoplasm,,Enhanced
KIR2DL1,P43626,1,,,
KIR2DL3,P43628,1,,,
KIR2DL4,Q99706,1,,,
KIR3DL1,P43629,1,,,
KIR3DL2,P43630,1,,,
KIR3DL3,,0,,,
KIRREL1,Q96J84,1,,,
KIRREL2,Q6UWL6,1,Centriolar satellite,,Supported
KIRREL3,Q8IZU9,1,,,
KISS1,Q15726,1,Vesicles,,Approved
KISS1R,Q969F8,1,Plasma membrane,Vesicles,Supported
KIT,P10721,1,Plasma membrane,,Supported
KITLG,P21583,1,Vesicles,,Approved
KIZ,Q2M2Z5,1,,,
KL,Q9UEF7,1,,,
KLB,Q86Z14,1,,,
KLC1,Q07866,1,Plasma membrane,Nucleoplasm,Approved
KLC2,Q9H0B6,1,"Plasma membrane, Cytosol","Nucleoplasm, Mitochondria",Supported
KLC3,Q6P597,1,Actin filaments,"Nucleoplasm, Cytosol",Approved
KLC4,Q9NSK0,1,Mitochondria,Cytosol,Approved
KLF1,Q13351,1,Nucleoplasm,,Supported
KLF10,Q13118,1,,,
KLF11,O14901,1,Nucleoplasm,"Nuclear bodies, Focal adhesion sites, Cytosol",Supported
KLF12,Q9Y4X4,1,Nucleoplasm,Cytosol,Approved
KLF13,Q9Y2Y9,1,,,
KLF14,Q8TD94,1,,,
KLF15,Q9UIH9,1,"Nucleoplasm, Nuclear speckles",Vesicles,Supported
KLF16,Q9BXK1,1,Nucleoplasm,,Supported
KLF17,Q5JT82,1,,,
KLF18,A0A0U1RQI7,1,,,
KLF2,Q9Y5W3,1,Nucleoplasm,,Approved
KLF3,P57682,1,Nucleoplasm,,Enhanced
KLF4,O43474,1,Nucleoplasm,Cytosol,Supported
KLF5,Q13887,1,Nucleoplasm,"Golgi apparatus, Vesicles",Supported
KLF6,Q99612,1,Nucleoplasm,"Nucleoli, Vesicles, Cytosol",Supported
KLF7,O75840,1,Nucleoplasm,Cytosol,Supported
KLF8,O95600,1,Nucleoplasm,,Supported
KLF9,Q13886,1,Nucleoplasm,"Plasma membrane, Cytosol",Supported
KLHDC1,Q8N7A1,1,Cytosol,,Supported
KLHDC10,Q6PID8,1,Nucleoplasm,,Approved
KLHDC2,Q9Y2U9,1,"Nucleoplasm, Nuclear membrane",Nuclear bodies,Supported
KLHDC3,Q9BQ90,1,Nucleoplasm,,Enhanced
KLHDC4,Q8TBB5,1,Nucleoli,Kinetochore,Approved
KLHDC7A,Q5VTJ3,1,Nuclear speckles,,Approved
KLHDC7B,Q96G42,1,Plasma membrane,,Approved
KLHDC8A,Q8IYD2,1,,,
KLHDC8B,Q8IXV7,1,Cytosol,,Enhanced
KLHDC9,Q8NEP7,1,"Nucleoplasm, Nucleoli, Nucleoli rim, Mitotic chromosome",,Approved
KLHL1,Q9NR64,1,,,
KLHL10,Q6JEL2,1,,,
KLHL11,Q9NVR0,1,Nucleoplasm,Nuclear membrane,Approved
KLHL12,Q53G59,1,"Vesicles, Centriolar satellite",,Supported
KLHL13,Q9P2N7,1,Cytosol,,Approved
KLHL14,Q9P2G3,1,Cytosol,Actin filaments,Supported
KLHL15,Q96M94,1,Cytosol,Aggresome,Approved
KLHL17,Q6TDP4,1,Nuclear bodies,Nucleoplasm,Uncertain
KLHL18,O94889,1,Nucleoplasm,Nuclear bodies,Approved
KLHL2,O95198,1,Nucleoplasm,Vesicles,Uncertain
KLHL20,Q9Y2M5,1,"Golgi apparatus, Cytosol",,Supported
KLHL21,Q9UJP4,1,Centrosome,,Supported
KLHL22,Q53GT1,1,"Vesicles, Microtubules, Cytokinetic bridge, Mitotic spindle",,Supported
KLHL23,Q8NBE8,1,Actin filaments,Nucleoplasm,Approved
KLHL24,Q6TFL4,1,,,
KLHL25,Q9H0H3,1,"Nucleoplasm, Cytosol",,Approved
KLHL26,Q53HC5,1,,,
KLHL28,Q9NXS3,1,Cytosol,,Approved
KLHL29,Q96CT2,1,Mitochondria,Cytosol,Approved
KLHL3,Q9UH77,1,,,
KLHL30,Q0D2K2,1,Centriolar satellite,,Approved
KLHL31,Q9H511,1,,,
KLHL32,Q96NJ5,1,,,
KLHL33,A6NCF5,1,,,
KLHL34,Q8N239,1,,,
KLHL35,Q6PF15,1,"Nucleoplasm, Centrosome",Nucleoli fibrillar center,Approved
KLHL36,Q8N4N3,1,Cytosol,,Approved
KLHL38,Q2WGJ6,1,Nucleoplasm,Cytosol,Approved
KLHL4,Q9C0H6,1,Microtubules,Centriolar satellite,Supported
KLHL40,Q2TBA0,1,,,
KLHL41,O60662,1,Cytosol,"Nucleoplasm, Plasma membrane",Supported
KLHL42,Q9P2K6,1,,,
KLHL5,Q96PQ7,1,,,
KLHL6,Q8WZ60,1,"Plasma membrane, Centriolar satellite","Microtubules, Mitotic spindle, Cytosol",Approved
KLHL7,Q8IXQ5,1,"Nucleoplasm, Cytosol",Plasma membrane,Enhanced
KLHL8,Q9P2G9,1,Nucleoplasm,,Enhanced
KLHL9,Q9P2J3,1,Cytosol,,Approved
KLK1,P06870,1,,,
KLK10,O43240,1,,,
KLK11,Q9UBX7,1,,,
KLK12,Q9UKR0,1,,,
KLK13,Q9UKR3,1,,,
KLK14,Q9P0G3,1,,,
KLK15,Q9H2R5,1,,,
KLK2,P20151,1,,,
KLK3,P07288,1,,,
KLK4,Q9Y5K2,1,,,
KLK5,Q9Y337,1,,,
KLK6,Q92876,1,Nucleoplasm,"Nuclear membrane, Cytokinetic bridge",Supported
KLK7,P49862,1,Plasma membrane,Nuclear membrane,Supported
KLK8,O60259,1,Vesicles,,Approved
KLK9,Q9UKQ9,1,,,
KLKB1,P03952,1,,,
KLLN,B2CW77,1,Nucleoplasm,Nucleoli,Supported
KLRB1,Q12918,1,Nucleoplasm,Cytosol,Uncertain
KLRC1,P26715,1,Plasma membrane,,Approved
KLRC2,P26717,1,Plasma membrane,,Approved
KLRC3,Q07444,1,Vesicles,,Uncertain
KLRC4,O43908,1,,,
KLRD1,Q13241,1,,,
KLRF1,Q9NZS2,1,Plasma membrane,,Approved
KLRF2,D3W0D1,1,,,
KLRG1,Q96E93,1,Vesicles,,Enhanced
KLRG2,A4D1S0,1,Nucleoplasm,,Uncertain
KLRK1,P26718,1,Plasma membrane,,Supported
KMO,O15229,1,,,
KMT2A,Q03164,1,Nucleoplasm,Cytosol,Supported
KMT2B,Q9UMN6,1,Nucleoplasm,Cytosol,Approved
KMT2C,Q8NEZ4,1,Nucleoplasm,,Approved
KMT2D,O14686,1,Cytosol,"Nucleoplasm, Plasma membrane",Approved
KMT2E,Q8IZD2,1,Nucleoplasm,Nuclear bodies,Supported
KMT5A,Q9NQR1,1,Nucleoplasm,Cytosol,Supported
KMT5B,Q4FZB7,1,Nucleoplasm,,Supported
KMT5C,Q86Y97,1,Nucleoplasm,,Enhanced
KNCN,A6PVL3,1,,,
KNDC1,Q76NI1,1,"Plasma membrane, Cytosol",Vesicles,Approved
KNG1,P01042,1,,,
KNL1,Q8NG31,1,Nucleoplasm,Nuclear bodies,Enhanced
KNOP1,Q1ED39,1,"Nucleoli, Nucleoli rim",Cytosol,Enhanced
KNSTRN,Q9Y448,1,"Mitotic spindle, Centriolar satellite",Plasma membrane,Enhanced
KNTC1,P50748,1,Cytosol,Plasma membrane,Supported
KPNA1,P52294,1,Nucleoplasm,Cytosol,Enhanced
KPNA2,P52292,1,Nucleoplasm,Cytosol,Enhanced
KPNA3,O00505,1,"Nucleoplasm, Cytosol",,Approved
KPNA4,O00629,1,Nucleoplasm,Nuclear membrane,Enhanced
KPNA5,O15131,1,Cytosol,,Supported
KPNA6,O60684,1,Cytosol,Nucleoplasm,Approved
KPNA7,A9QM74,1,,,
KPNB1,Q14974,1,Nuclear membrane,"Nucleoplasm, Cytosol",Enhanced
KPRP,Q5T749,1,,,
KPTN,Q9Y664,1,Plasma membrane,"Nucleoplasm, Vesicles",Approved
KRAS,P01116,1,,,
KRBA1,A5PL33,1,Nucleoplasm,Cytosol,Approved
KRBA2,Q6ZNG9,1,Nucleoplasm,,Approved
KRBOX1,C9JBD0,1,Nucleoplasm,Golgi apparatus,Approved
KRBOX4,Q5JUW0,1,Nucleoplasm,,Approved
KRCC1,Q9NPI7,1,Cytosol,Nucleoli,Approved
KREMEN1,Q96MU8,1,Nucleoplasm,"Nuclear bodies, Cytosol",Approved
KREMEN2,Q8NCW0,1,Nucleoli,,Approved
KRI1,Q8N9T8,1,Nucleoli,,Enhanced
KRIT1,O00522,1,Vesicles,,Uncertain
KRR1,Q13601,1,"Nucleoli, Nucleoli rim","Nucleoplasm, Mitotic chromosome",Enhanced
KRT1,P04264,1,,,
KRT10,P13645,1,,,
KRT12,Q99456,1,,,
KRT13,P13646,1,Intermediate filaments,,Enhanced
KRT14,P02533,1,Intermediate filaments,,Enhanced
KRT15,P19012,1,Intermediate filaments,Nucleoplasm,Supported
KRT16,P08779,1,Intermediate filaments,,Approved
KRT17,Q04695,1,Intermediate filaments,,Enhanced
KRT18,P05783,1,Cytosol,,Supported
KRT19,P08727,1,Intermediate filaments,,Supported
KRT2,P35908,1,,,
KRT20,P35900,1,"Intermediate filaments, Cytosol",,Supported
KRT222,Q8N1A0,1,"Vesicles, Lipid droplets",,Approved
KRT23,Q9C075,1,Intermediate filaments,Cytosol,Approved
KRT24,Q2M2I5,1,"Intermediate filaments, Cytosol",,Approved
KRT25,Q7Z3Z0,1,Vesicles,,Approved
KRT26,Q7Z3Y9,1,,,
KRT27,Q7Z3Y8,1,,,
KRT28,Q7Z3Y7,1,,,
KRT3,P12035,1,,,
KRT31,Q15323,1,,,
KRT32,Q14532,1,,,
KRT33A,O76009,1,,,
KRT33B,Q14525,1,,,
KRT34,O76011,1,"Nucleoplasm, Vesicles",,Approved
KRT35,Q92764,1,Intermediate filaments,,Approved
KRT36,O76013,1,,,
KRT37,O76014,1,,,
KRT38,O76015,1,,,
KRT39,Q6A163,1,,,
KRT4,P19013,1,Intermediate filaments,,Supported
KRT40,Q6A162,1,,,
KRT5,P13647,1,Intermediate filaments,,Approved
KRT6A,P02538,1,Intermediate filaments,,Enhanced
KRT6B,P04259,1,Intermediate filaments,,Approved
KRT6C,P48668,1,Intermediate filaments,,Approved
KRT7,P08729,1,"Intermediate filaments, Cytosol",,Supported
KRT71,Q3SY84,1,,,
KRT72,Q14CN4,1,,,
KRT73,Q86Y46,1,,,
KRT74,Q7RTS7,1,Intermediate filaments,"Nucleoli, Cytosol",Approved
KRT75,O95678,1,Cytosol,Plasma membrane,Approved
KRT76,Q01546,1,,,
KRT77,Q7Z794,1,"Nuclear membrane, Plasma membrane",,Approved
KRT78,Q8N1N4,1,,,
KRT79,Q5XKE5,1,,,
KRT8,P05787,1,Intermediate filaments,,Supported
KRT80,Q6KB66,1,Intermediate filaments,,Enhanced
KRT81,Q14533,1,,,
KRT82,Q9NSB4,1,,,
KRT83,P78385,1,,,
KRT84,Q9NSB2,1,,,
KRT85,P78386,1,,,
KRT86,O43790,1,Cytosol,,Approved
KRT9,P35527,1,,,
KRTAP1-1,Q07627,1,,,
KRTAP1-3,Q8IUG1,1,,,
KRTAP1-4,P0C5Y4,1,,,
KRTAP1-5,Q9BYS1,1,,,
KRTAP10-1,P60331,1,,,
KRTAP10-10,P60014,1,,,
KRTAP10-11,P60412,1,,,
KRTAP10-12,P60413,1,,,
KRTAP10-2,P60368,1,,,
KRTAP10-3,P60369,1,,,
KRTAP10-4,P60372,1,,,
KRTAP10-5,P60370,1,,,
KRTAP10-6,P60371,1,,,
KRTAP10-7,P60409,1,,,
KRTAP10-8,P60410,1,,,
KRTAP10-9,P60411,1,,,
KRTAP11-1,Q8IUC1,1,,,
KRTAP12-1,P59990,1,,,
KRTAP12-2,P59991,1,,,
KRTAP12-3,P60328,1,,,
KRTAP12-4,P60329,1,,,
KRTAP13-1,Q8IUC0,1,,,
KRTAP13-2,Q52LG2,1,,,
KRTAP13-3,Q3SY46,1,,,
KRTAP13-4,Q3LI77,1,,,
KRTAP15-1,Q3LI76,1,,,
KRTAP16-1,A8MUX0,1,,,
KRTAP17-1,Q9BYP8,1,,,
KRTAP19-1,Q8IUB9,1,,,
KRTAP19-2,Q3LHN2,1,,,
KRTAP19-3,Q7Z4W3,1,,,
KRTAP19-4,Q3LI73,1,,,
KRTAP19-5,Q3LI72,1,,,
KRTAP19-6,Q3LI70,1,,,
KRTAP19-7,Q3SYF9,1,,,
KRTAP19-8,Q3LI54,1,,,
KRTAP2-1,Q9BYU5,1,,,
KRTAP2-2,Q9BYT5,1,,,
KRTAP2-3,P0C7H8,1,,,
KRTAP2-4,Q9BYR9,1,,,
KRTAP20-1,Q3LI63,1,,,
KRTAP20-2,Q3LI61,1,,,
KRTAP20-3,Q3LI60,1,,,
KRTAP20-4,Q3LI62,1,,,
KRTAP21-1,Q3LI58,1,,,
KRTAP21-2,Q3LI59,1,,,
KRTAP21-3,Q3LHN1,1,,,
KRTAP22-1,Q3MIV0,1,,,
KRTAP22-2,Q3LI68,1,,,
KRTAP23-1,A1A580,1,,,
KRTAP24-1,Q3LI83,1,,,
KRTAP25-1,Q3LHN0,1,Nuclear membrane,"Plasma membrane, Cytosol",Approved
KRTAP26-1,Q6PEX3,1,,,
KRTAP27-1,Q3LI81,1,,,
KRTAP29-1,A8MX34,1,,,
KRTAP3-1,Q9BYR8,1,,,
KRTAP3-2,Q9BYR7,1,,,
KRTAP3-3,Q9BYR6,1,,,
KRTAP4-1,Q9BYQ7,1,,,
KRTAP4-11,Q9BYQ6,1,,,
KRTAP4-12,Q9BQ66,1,,,
KRTAP4-16,,0,,,
KRTAP4-2,Q9BYR5,1,,,
KRTAP4-3,Q9BYR4,1,,,
KRTAP4-4,Q9BYR3,1,,,
KRTAP4-5,Q9BYR2,1,,,
KRTAP4-6,Q9BYQ5,1,,,
KRTAP4-7,Q9BYR0,1,,,
KRTAP4-8,Q9BYQ9,1,,,
KRTAP4-9,Q9BYQ8,1,,,
KRTAP5-1,Q6L8H4,1,,,
KRTAP5-10,Q6L8G5,1,,,
KRTAP5-11,Q6L8G4,1,,,
KRTAP5-2,Q701N4,1,,,
KRTAP5-3,Q6L8H2,1,,,
KRTAP5-4,,0,,,
KRTAP5-5,Q701N2,1,,,
KRTAP5-6,Q6L8G9,1,,,
KRTAP5-7,Q6L8G8,1,,,
KRTAP5-8,O75690,1,,,
KRTAP5-9,P26371,1,,,
KRTAP6-1,Q3LI64,1,,,
KRTAP6-2,Q3LI66,1,,,
KRTAP6-3,Q3LI67,1,,,
KRTAP7-1,Q8IUC3,1,,,
KRTAP8-1,Q8IUC2,1,,,
KRTAP9-1,A8MXZ3,1,,,
KRTAP9-2,Q9BYQ4,1,,,
KRTAP9-3,Q9BYQ3,1,,,
KRTAP9-4,Q9BYQ2,1,,,
KRTAP9-6,A8MVA2,1,,,
KRTAP9-7,A8MTY7,1,,,
KRTAP9-8,Q9BYQ0,1,,,
KRTAP9-9,Q9BYP9,1,,,
KRTCAP2,Q8N6L1,1,,,
KRTCAP3,Q53RY4,1,"Nucleoplasm, Cytosol",,Approved
KRTDAP,P60985,1,,,
KSR1,Q8IVT5,1,Cytosol,Vesicles,Supported
KSR2,Q6VAB6,1,,,
KTI12,Q96EK9,1,"Nuclear speckles, Cytoplasmic bodies",,Approved
KTN1,Q86UP2,1,Endoplasmic reticulum,,Enhanced
KXD1,Q9BQD3,1,"Nucleoli fibrillar center, Centrosome, Cytosol",,Approved
KY,Q8NBH2,1,Nucleoplasm,,Approved
KYAT1,Q16773,1,Cytosol,,Supported
KYAT3,Q6YP21,1,Cytosol,"Nucleoli, Cytokinetic bridge",Approved
KYNU,Q16719,1,Cytosol,Nucleoplasm,Supported
L1CAM,P32004,1,"Nucleoplasm, Plasma membrane",,Approved
L1TD1,Q5T7N2,1,Vesicles,,Enhanced
L2HGDH,Q9H9P8,1,Mitochondria,,Enhanced
L34079.1,,0,,,
L3HYPDH,Q96EM0,1,Vesicles,,Uncertain
L3MBTL1,Q9Y468,1,Nucleoplasm,"Nuclear bodies, Midbody ring",Supported
L3MBTL2,Q969R5,1,Nucleoplasm,,Approved
L3MBTL3,Q96JM7,1,"Nucleoli, Nucleoli rim",Nucleoplasm,Supported
L3MBTL4,Q8NA19,1,"Nucleoplasm, Vesicles",,Approved
LACC1,Q8IV20,1,,,
LACRT,Q9GZZ8,1,,,
LACTB,P83111,1,Mitochondria,,Supported
LACTB2,Q53H82,1,Cytosol,"Nucleoplasm, Golgi apparatus",Supported
LACTBL1,A8MY62,1,Nuclear bodies,,Approved
LAD1,O00515,1,Actin filaments,,Enhanced
LAG3,P18627,1,,,
LAGE3,Q14657,1,Nucleoplasm,Nuclear bodies,Supported
LAIR1,Q6GTX8,1,Plasma membrane,,Supported
LAIR2,Q6ISS4,1,,,
LALBA,P00709,1,,,
LAMA1,P25391,1,,,
LAMA2,P24043,1,,,
LAMA3,Q16787,1,Endoplasmic reticulum,,Approved
LAMA4,Q16363,1,"Plasma membrane, Cytosol",,Approved
LAMA5,O15230,1,Vesicles,,Approved
LAMB1,P07942,1,,,
LAMB2,P55268,1,Vesicles,Cytosol,Approved
LAMB3,Q13751,1,Vesicles,,Approved
LAMB4,A4D0S4,1,,,
LAMC1,P11047,1,"Endoplasmic reticulum, Plasma membrane",,Approved
LAMC2,Q13753,1,"Endoplasmic reticulum, Golgi apparatus",,Approved
LAMC3,Q9Y6N6,1,,,
LAMP1,P11279,1,,,
LAMP2,P13473,1,Vesicles,,Supported
LAMP3,Q9UQV4,1,Vesicles,,Enhanced
LAMP5,Q9UJQ1,1,Cytosol,"Mitotic spindle, Centriolar satellite",Uncertain
LAMTOR1,Q6IAA8,1,Golgi apparatus,"Vesicles, Plasma membrane",Supported
LAMTOR2,Q9Y2Q5,1,"Nucleoplasm, Vesicles",,Approved
LAMTOR3,Q9UHA4,1,,,
LAMTOR4,Q0VGL1,1,Vesicles,,Supported
LAMTOR5,O43504,1,Cytosol,,Supported
LANCL1,O43813,1,Microtubules,,Uncertain
LANCL2,Q9NS86,1,"Nucleoplasm, Cytosol",,Supported
LANCL3,Q6ZV70,1,Mitochondria,,Approved
LAP3,P28838,1,Cytosol,"Nucleoplasm, Midbody",Approved
LAPTM4A,Q15012,1,"Golgi apparatus, Vesicles",Plasma membrane,Approved
LAPTM4B,Q86VI4,1,Golgi apparatus,,Approved
LAPTM5,Q13571,1,Cytosol,,Approved
LARGE1,O95461,1,,,
LARGE2,Q8N3Y3,1,,,
LARP1,Q6PKG0,1,"Nucleoplasm, Endoplasmic reticulum, Cytosol",,Supported
LARP1B,Q659C4,1,Cytosol,,Approved
LARP4,Q71RC2,1,Cytosol,Nucleoli fibrillar center,Enhanced
LARP4B,Q92615,1,Cytosol,,Enhanced
LARP6,Q9BRS8,1,Microtubules,Cytokinetic bridge,Approved
LARP7,Q4G0J3,1,"Nucleoplasm, Cytosol",,Supported
LARS1,Q9P2J5,1,"Nuclear bodies, Cytosol",,Approved
LARS2,Q15031,1,Mitochondria,Nucleoplasm,Supported
LAS1L,Q9Y4W2,1,Nucleoplasm,"Centriolar satellite, Cytosol",Approved
LASP1,Q14847,1,"Plasma membrane, Cytosol",Focal adhesion sites,Supported
LAT,O43561,1,Plasma membrane,Golgi apparatus,Supported
LAT2,Q9GZY6,1,Plasma membrane,,Supported
LATS1,O95835,1,,,
LATS2,Q9NRM7,1,"Centriolar satellite, Cytosol",,Supported
LAX1,Q8IWV1,1,"Plasma membrane, Cytosol",Golgi apparatus,Enhanced
LAYN,Q6UX15,1,Cytosol,,Approved
LBH,Q53QV2,1,Vesicles,,Approved
LBHD1,Q9BQE6,1,Nucleoplasm,Cytosol,Approved
LBHD2,A0A0U1RRK4,1,,,
LBP,P18428,1,,,
LBR,Q14739,1,Nuclear membrane,,Enhanced
LBX1,P52954,1,Nucleoplasm,"Nucleoli, Nuclear bodies, Cytosol",Approved
LBX2,Q6XYB7,1,Nucleoplasm,Midbody,Approved
LCA5,Q86VQ0,1,Centriolar satellite,,Approved
LCA5L,O95447,1,Nucleoplasm,Cytosol,Uncertain
LCAT,P04180,1,Nucleoplasm,,Approved
LCE1A,Q5T7P2,1,,,
LCE1B,Q5T7P3,1,,,
LCE1C,Q5T751,1,,,
LCE1D,Q5T752,1,,,
LCE1E,Q5T753,1,,,
LCE1F,Q5T754,1,,,
LCE2A,Q5TA79,1,,,
LCE2B,O14633,1,,,
LCE2C,Q5TA81,1,,,
LCE2D,Q5TA82,1,,,
LCE3A,Q5TA76,1,,,
LCE3B,Q5TA77,1,,,
LCE3C,Q5T5A8,1,,,
LCE3D,Q9BYE3,1,,,
LCE3E,Q5T5B0,1,,,
LCE4A,Q5TA78,1,,,
LCE5A,Q5TCM9,1,,,
LCE6A,A0A183,1,,,
LCK,P06239,1,Golgi apparatus,,Approved
LCLAT1,Q6UWP7,1,Endoplasmic reticulum,Cytosol,Supported
LCMT1,Q9UIC8,1,"Nucleoplasm, Cytosol",,Approved
LCMT2,O60294,1,Cytosol,,Approved
LCN1,P31025,1,,,
LCN10,Q6JVE6,1,,,
LCN12,Q6JVE5,1,,,
LCN15,Q6UWW0,1,,,
LCN2,P80188,1,Endoplasmic reticulum,,Supported
LCN6,P62502,1,,,
LCN8,Q6JVE9,1,,,
LCN9,Q8WX39,1,,,
LCNL1,Q6ZST4,1,,,
LCOR,Q96JN0,1,Nucleoplasm,,Enhanced
LCORL,Q8N3X6,1,Nucleoplasm,Nuclear membrane,Approved
LCP1,P13796,1,Plasma membrane,"Actin filaments, Cytosol",Supported
LCP2,Q13094,1,,,
LCT,P09848,1,,,
LCTL,Q6UWM7,1,Plasma membrane,Endoplasmic reticulum,Approved
LDAH,Q9H6V9,1,,,
LDB1,Q86U70,1,Nucleoplasm,,Approved
LDB2,O43679,1,"Nucleoplasm, Nucleoli",Plasma membrane,Supported
LDB3,O75112,1,"Focal adhesion sites, Cytosol",Nucleoplasm,Supported
LDHA,P00338,1,Cytosol,Vesicles,Supported
LDHAL6A,Q6ZMR3,1,,,
LDHAL6B,Q9BYZ2,1,Cytosol,,Approved
LDHB,P07195,1,Cytosol,,Supported
LDHC,P07864,1,,,
LDHD,Q86WU2,1,Cytosol,,Approved
LDLR,P01130,1,,,
LDLRAD1,Q5T700,1,Nucleoplasm,Golgi apparatus,Uncertain
LDLRAD2,Q5SZI1,1,,,
LDLRAD3,Q86YD5,1,Cell Junctions,,Approved
LDLRAD4,O15165,1,Vesicles,,Supported
LDLRAP1,Q5SW96,1,Microtubules,,Approved
LDOC1,O95751,1,"Nucleoplasm, Nucleoli",,Supported
LEAP2,Q969E1,1,,,
LECT2,O14960,1,Cytosol,Vesicles,Supported
LEF1,Q9UJU2,1,Nucleoplasm,,Approved
LEFTY1,O75610,1,,,
LEFTY2,O00292,1,,,
LEKR1,,0,Nucleoplasm,Nucleoli,Approved
LELP1,Q5T871,1,,,
LEMD1,Q68G75,1,"Nucleoli, Cytosol",,Approved
LEMD2,Q8NC56,1,Nuclear membrane,,Supported
LEMD3,Q9Y2U8,1,Nuclear membrane,,Supported
LENEP,Q9Y5L5,1,,,
LENG1,Q96BZ8,1,Plasma membrane,Nucleoplasm,Approved
LENG8,Q96PV6,1,Nucleoplasm,Cytosol,Approved
LENG9,,0,Nucleoli fibrillar center,,Approved
LEO1,Q8WVC0,1,"Nucleoplasm, Nucleoli fibrillar center",Centrosome,Enhanced
LEP,P41159,1,"Vesicles, Plasma membrane",,Approved
LEPR,P48357,1,,,
LEPROT,O15243,1,Centrosome,,Approved
LEPROTL1,O95214,1,,,
LETM1,O95202,1,Mitochondria,,Supported
LETM2,Q2VYF4,1,Nucleoplasm,"Nuclear bodies, Cytosol",Approved
LETMD1,Q6P1Q0,1,Mitochondria,"Nucleoplasm, Nucleoli",Supported
LEUTX,A8MZ59,1,"Nucleoplasm, Nucleoli",,Approved
LEXM,Q3ZCV2,1,,,
LFNG,Q8NES3,1,Golgi apparatus,Nuclear membrane,Approved
LGALS1,P09382,1,Cytosol,Nucleoplasm,Approved
LGALS12,Q96DT0,1,Cytosol,,Approved
LGALS13,Q9UHV8,1,Nucleoplasm,,Supported
LGALS14,Q8TCE9,1,Nucleoplasm,,Supported
LGALS16,A8MUM7,1,,,
LGALS2,P05162,1,Mitochondria,Nucleoplasm,Approved
LGALS3,P17931,1,"Nucleoplasm, Cytosol",Plasma membrane,Supported
LGALS3BP,Q08380,1,,,
LGALS4,P56470,1,Plasma membrane,,Uncertain
LGALS7,P47929,1,,,
LGALS7B,P47929,1,,,
LGALS8,O00214,1,Plasma membrane,,Approved
LGALS9,O00182,1,Cytosol,,Approved
LGALS9B,Q3B8N2,1,Cytosol,,Uncertain
LGALS9C,Q6DKI2,1,Cytosol,,Approved
LGALSL,Q3ZCW2,1,Nucleoplasm,,Approved
LGI1,O95970,1,,,
LGI2,Q8N0V4,1,Centrosome,,Uncertain
LGI3,Q8N145,1,Cytosol,,Uncertain
LGI4,Q8N135,1,Golgi apparatus,,Approved
LGMN,Q99538,1,Vesicles,Nucleoplasm,Approved
LGR4,Q9BXB1,1,Centriolar satellite,,Approved
LGR5,O75473,1,Golgi apparatus,Nucleoplasm,Approved
LGR6,Q9HBX8,1,Plasma membrane,Nucleoplasm,Approved
LGSN,Q5TDP6,1,"Nucleoplasm, Vesicles",,Approved
LHB,P01229,1,,,
LHCGR,P22888,1,Plasma membrane,Centriolar satellite,Supported
LHFPL1,Q86WI0,1,,,
LHFPL2,Q6ZUX7,1,Plasma membrane,"Nuclear bodies, Vesicles",Approved
LHFPL3,Q86UP9,1,Vesicles,,Approved
LHFPL4,Q7Z7J7,1,Golgi apparatus,Nucleoplasm,Approved
LHFPL5,Q8TAF8,1,Vesicles,,Approved
LHFPL6,Q9Y693,1,Nucleoli,,Uncertain
LHPP,Q9H008,1,"Nuclear speckles, Cytosol",,Supported
LHX1,P48742,1,Nucleoplasm,"Nuclear membrane, Golgi apparatus",Supported
LHX2,P50458,1,Nucleoplasm,,Approved
LHX3,Q9UBR4,1,,,
LHX4,Q969G2,1,Nuclear speckles,,Approved
LHX5,Q9H2C1,1,Cytosol,"Nucleoplasm, Nuclear bodies",Approved
LHX6,Q9UPM6,1,Nucleoli fibrillar center,Plasma membrane,Uncertain
LHX8,Q68G74,1,"Nucleoplasm, Nucleoli",Cytosol,Approved
LHX9,Q9NQ69,1,Nucleoplasm,,Approved
LIAS,O43766,1,Nucleoplasm,Mitochondria,Approved
LIF,P15018,1,Cytosol,,Supported
LIFR,P42702,1,,,
LIG1,P18858,1,Nucleoplasm,"Golgi apparatus, Vesicles",Supported
LIG3,P49916,1,Nucleoplasm,,Supported
LIG4,P49917,1,Nucleoplasm,Cytoplasmic bodies,Supported
LILRA1,O75019,1,,,
LILRA2,Q8N149,1,,,
LILRA4,P59901,1,,,
LILRA5,A6NI73,1,,,
LILRA6,Q6PI73,1,Plasma membrane,Cytosol,Approved
LILRB1,,0,,,
LILRB2,Q8N423,1,,,
LILRB3,O75022,1,Plasma membrane,Cytosol,Approved
LILRB4,Q8NHJ6,1,,,
LILRB5,O75023,1,,,
LIM2,P55344,1,,,
LIMA1,Q9UHB6,1,"Plasma membrane, Actin filaments","Focal adhesion sites, Cytosol",Enhanced
LIMCH1,Q9UPQ0,1,Actin filaments,,Approved
LIMD1,Q9UGP4,1,"Nucleoplasm, Focal adhesion sites",,Supported
LIMD2,Q9BT23,1,Nucleoplasm,Cytosol,Supported
LIME1,Q9H400,1,,,
LIMK1,P53667,1,"Nuclear speckles, Cytosol",,Supported
LIMK2,P53671,1,Nucleoplasm,Cytosol,Supported
LIMS1,P48059,1,Cytosol,Focal adhesion sites,Approved
LIMS2,Q7Z4I7,1,Focal adhesion sites,,Supported
LIMS3,P0CW19,1,Cytosol,Focal adhesion sites,Approved
LIMS4,P0CW20,1,Cytosol,Focal adhesion sites,Uncertain
LIN28A,Q9H9Z2,1,Cytosol,"Nucleoli, Rods & Rings",Supported
LIN28B,Q6ZN17,1,"Nucleoplasm, Nucleoli",Cytosol,Supported
LIN37,Q96GY3,1,Nucleoplasm,,Supported
LIN52,Q52LA3,1,Nuclear speckles,,Approved
LIN54,Q6MZP7,1,,,
LIN7A,O14910,1,,,
LIN7B,Q9HAP6,1,,,
LIN7C,Q9NUP9,1,,,
LIN9,Q5TKA1,1,Nucleoplasm,,Supported
LINC00514,,0,,,
LINC00634,,0,Nuclear speckles,Cytosol,Approved
LINC00672,,0,,,
LINC02203,,0,Centrosome,,Approved
LINC02210-CRHR1,,0,,,
LINC02218,,0,,,
LINGO1,Q96FE5,1,Plasma membrane,,Supported
LINGO2,Q7L985,1,,,
LINGO3,P0C6S8,1,Mitochondria,,Approved
LINGO4,Q6UY18,1,"Golgi apparatus, Vesicles",,Uncertain
LINS1,Q8NG48,1,Nucleoplasm,,Approved
LIPA,P38571,1,"Vesicles, Cytosol","Nucleoplasm, Nucleoli fibrillar center",Supported
LIPC,P11150,1,,,
LIPE,Q05469,1,Cytosol,,Supported
LIPF,P07098,1,,,
LIPG,Q9Y5X9,1,,,
LIPH,Q8WWY8,1,,,
LIPI,Q6XZB0,1,Plasma membrane,,Supported
LIPJ,Q5W064,1,Plasma membrane,,Approved
LIPK,Q5VXJ0,1,,,
LIPM,Q5VYY2,1,Endoplasmic reticulum,,Approved
LIPN,Q5VXI9,1,,,
LIPT1,Q9Y234,1,,,
LIPT2,A6NK58,1,,,
LITAF,Q99732,1,Nucleoplasm,"Golgi apparatus, Vesicles",Supported
LITAFD,A0A1B0GVX0,1,,,
LIX1,Q8N485,1,Cytosol,"Vesicles, Cytokinetic bridge",Approved
LIX1L,Q8IVB5,1,Cytosol,,Approved
LKAAEAR1,Q8TD35,1,Nucleoplasm,,Approved
LLCFC1,Q96L11,1,,,
LLGL1,Q15334,1,,,
LLGL2,Q6P1M3,1,Cytosol,Vesicles,Supported
LLPH,Q9BRT6,1,Nucleoli,Mitotic chromosome,Enhanced
LMAN1,P49257,1,Vesicles,Endoplasmic reticulum,Supported
LMAN1L,Q9HAT1,1,,,
LMAN2,Q12907,1,Golgi apparatus,,Supported
LMAN2L,Q9H0V9,1,,,
LMBR1,Q8WVP7,1,Cytosol,,Approved
LMBR1L,Q6UX01,1,,,
LMBRD1,Q9NUN5,1,Vesicles,,Supported
LMBRD2,Q68DH5,1,"Nucleoplasm, Cytosol",,Approved
LMCD1,Q9NZU5,1,"Nucleoplasm, Cytosol","Plasma membrane, Cell Junctions",Supported
LMF1,Q96S06,1,,,
LMF2,Q9BU23,1,Centrosome,,Approved
LMLN,Q96KR4,1,Cytosol,Focal adhesion sites,Supported
LMLN2,A0A1B0GTW7,1,,,
LMNA,P02545,1,Nuclear speckles,,Supported
LMNB1,P20700,1,Nuclear membrane,,Supported
LMNB2,Q03252,1,Nuclear membrane,,Supported
LMNTD1,Q8N9Z9,1,"Nucleoplasm, Centrosome",,Approved
LMNTD2,Q8IXW0,1,Cytoplasmic bodies,,Approved
LMO1,P25800,1,,,
LMO2,P25791,1,Nucleoplasm,,Approved
LMO3,Q8TAP4,1,,,
LMO4,P61968,1,Nucleoplasm,Midbody ring,Supported
LMO7,Q8WWI1,1,Actin filaments,Cytosol,Supported
LMOD1,P29536,1,Cytosol,,Approved
LMOD2,Q6P5Q4,1,Plasma membrane,"Actin filaments, Cytosol",Uncertain
LMOD3,Q0VAK6,1,,,
LMTK2,Q8IWU2,1,"Nuclear speckles, Centriolar satellite","Plasma membrane, Cytosol",Approved
LMTK3,Q96Q04,1,Nucleoplasm,Cell Junctions,Uncertain
LMX1A,Q8TE12,1,"Nucleoplasm, Golgi apparatus, Vesicles",,Approved
LMX1B,O60663,1,Nucleoplasm,,Approved
LNP1,A1A4G5,1,Vesicles,"Nuclear speckles, Cytosol",Approved
LNPEP,Q9UIQ6,1,,,
LNPK,Q9C0E8,1,Endoplasmic reticulum,Nucleoplasm,Supported
LNX1,Q8TBB1,1,Cell Junctions,Cytosol,Supported
LNX2,Q8N448,1,Vesicles,"Plasma membrane, Cytosol",Approved
LONP1,P36776,1,Mitochondria,Nucleoplasm,Enhanced
LONP2,Q86WA8,1,,,
LONRF1,Q17RB8,1,"Plasma membrane, Cytosol",Centrosome,Approved
LONRF2,Q1L5Z9,1,Nucleoplasm,,Approved
LONRF3,Q496Y0,1,Nucleoplasm,Plasma membrane,Approved
LORICRIN,P23490,1,,,
LOX,P28300,1,Endoplasmic reticulum,,Approved
LOXHD1,Q8IVV2,1,Plasma membrane,,Approved
LOXL1,Q08397,1,Endoplasmic reticulum,,Approved
LOXL2,Q9Y4K0,1,Nucleoplasm,,Enhanced
LOXL3,P58215,1,,,
LOXL4,Q96JB6,1,Vesicles,,Approved
LPA,P08519,1,,,
LPAR1,Q92633,1,,,
LPAR2,Q9HBW0,1,,,
LPAR3,Q9UBY5,1,Plasma membrane,,Supported
LPAR4,Q99677,1,Plasma membrane,"Nuclear bodies, Vesicles",Supported
LPAR5,Q9H1C0,1,,,
LPAR6,P43657,1,,,
LPCAT1,Q8NF37,1,Endoplasmic reticulum,Lipid droplets,Supported
LPCAT2,Q7L5N7,1,Endoplasmic reticulum,Lipid droplets,Supported
LPCAT3,Q6P1A2,1,,,
LPCAT4,Q643R3,1,,,
LPGAT1,Q92604,1,,,
LPIN1,Q14693,1,Cytosol,Plasma membrane,Approved
LPIN2,Q92539,1,Cytosol,"Plasma membrane, Actin filaments",Approved
LPIN3,Q9BQK8,1,Cytosol,,Supported
LPL,P06858,1,Vesicles,,Supported
LPO,P22079,1,,,
LPP,Q93052,1,"Focal adhesion sites, Cytosol",,Supported
LPXN,O60711,1,Focal adhesion sites,"Nuclear speckles, Cytosol",Supported
LRAT,O95237,1,Golgi apparatus,Endoplasmic reticulum,Uncertain
LRATD1,Q96KN4,1,Nucleoplasm,,Approved
LRATD2,Q96KN1,1,Nucleoplasm,,Approved
LRBA,P50851,1,Golgi apparatus,Cytosol,Approved
LRCH1,Q9Y2L9,1,"Actin filaments, Cytosol",Nucleoli,Approved
LRCH2,Q5VUJ6,1,Plasma membrane,,Approved
LRCH3,Q96II8,1,Cytosol,,Enhanced
LRCH4,O75427,1,"Nucleoplasm, Focal adhesion sites, Cytosol",,Approved
LRCOL1,A6NCL2,1,,,
LRFN1,Q9P244,1,,,
LRFN2,Q9ULH4,1,Plasma membrane,,Supported
LRFN3,Q9BTN0,1,,,
LRFN4,Q6PJG9,1,,,
LRFN5,Q96NI6,1,,,
LRG1,P02750,1,Vesicles,,Approved
LRGUK,Q96M69,1,,,
LRIF1,Q5T3J3,1,Nucleoplasm,Centriolar satellite,Supported
LRIG1,Q96JA1,1,Cytosol,,Approved
LRIG2,O94898,1,Golgi apparatus,Nucleoplasm,Approved
LRIG3,Q6UXM1,1,Cytosol,,Approved
LRIT1,Q9P2V4,1,,,
LRIT2,A6NDA9,1,,,
LRIT3,Q3SXY7,1,"Nucleoplasm, Mitochondria, Cytosol",,Approved
LRMDA,Q9H2I8,1,Nucleoplasm,Cytosol,Supported
LRP1,Q07954,1,Vesicles,Nucleoplasm,Approved
LRP10,Q7Z4F1,1,Nucleoplasm,Nucleoli,Approved
LRP11,Q86VZ4,1,Plasma membrane,Vesicles,Approved
LRP12,Q9Y561,1,"Nucleoli fibrillar center, Plasma membrane, Mitochondria",,Approved
LRP1B,Q9NZR2,1,Vesicles,,Approved
LRP2,P98164,1,"Vesicles, Mitochondria",,Approved
LRP2BP,Q9P2M1,1,,,
LRP3,O75074,1,Lipid droplets,,Approved
LRP4,O75096,1,"Nucleoplasm, Nucleoli, Mitochondria",,Uncertain
LRP5,O75197,1,,,
LRP6,O75581,1,,,
LRP8,Q14114,1,,,
LRPAP1,P30533,1,Endoplasmic reticulum,,Enhanced
LRPPRC,P42704,1,Mitochondria,,Enhanced
LRR1,Q96L50,1,"Nucleoplasm, Nuclear membrane",Vesicles,Approved
LRRC1,Q9BTT6,1,Cytosol,,Supported
LRRC10,Q5BKY1,1,,,
LRRC10B,A6NIK2,1,Nucleoplasm,Nucleoli,Approved
LRRC14,Q15048,1,"Nucleoplasm, Cytosol",,Approved
LRRC14B,A6NHZ5,1,"Nucleoplasm, Cytosol",,Approved
LRRC15,Q8TF66,1,Vesicles,Plasma membrane,Approved
LRRC17,Q8N6Y2,1,Vesicles,Cytokinetic bridge,Approved
LRRC18,Q8N456,1,Cytosol,,Approved
LRRC19,Q9H756,1,,,
LRRC2,Q9BYS8,1,Nucleoplasm,"Nuclear bodies, Cytosol",Approved
LRRC20,Q8TCA0,1,Nucleoplasm,Cytosol,Approved
LRRC23,Q53EV4,1,"Nucleoli, Nucleoli rim",,Supported
LRRC24,Q50LG9,1,Vesicles,,Approved
LRRC25,Q8N386,1,"Endoplasmic reticulum, Microtubules, Cytosol",,Approved
LRRC26,Q2I0M4,1,Plasma membrane,Nucleoli fibrillar center,Supported
LRRC27,Q9C0I9,1,Golgi apparatus,Nucleoplasm,Approved
LRRC28,Q86X40,1,Nucleoplasm,"Golgi apparatus, Mitochondria",Approved
LRRC3,Q9BY71,1,,,
LRRC30,A6NM36,1,,,
LRRC31,Q6UY01,1,Nucleoplasm,Cytosol,Approved
LRRC32,Q14392,1,Nucleoplasm,,Enhanced
LRRC34,Q8IZ02,1,"Cell Junctions, Microtubules","Cytokinetic bridge, Mitotic spindle",Approved
LRRC36,Q1X8D7,1,Mitochondria,Vesicles,Approved
LRRC37A,A6NMS7,1,Vesicles,,Approved
LRRC37A2,A6NM11,1,Vesicles,,Approved
LRRC37A3,O60309,1,Vesicles,,Approved
LRRC37B,Q96QE4,1,Cytosol,,Approved
LRRC38,Q5VT99,1,,,
LRRC39,Q96DD0,1,,,
LRRC3B,Q96PB8,1,,,
LRRC3C,A6NJW4,1,,,
LRRC4,Q9HBW1,1,Golgi apparatus,,Approved
LRRC40,Q9H9A6,1,Nucleoli,,Approved
LRRC41,Q15345,1,Nuclear bodies,Nucleoplasm,Approved
LRRC42,Q9Y546,1,Nucleoplasm,,Enhanced
LRRC43,Q8N309,1,Golgi apparatus,Vesicles,Approved
LRRC45,Q96CN5,1,"Centrosome, Cytosol","Nucleoplasm, Plasma membrane",Approved
LRRC46,Q96FV0,1,Cytosol,,Approved
LRRC47,Q8N1G4,1,Nucleoli fibrillar center,,Approved
LRRC49,Q8IUZ0,1,,,
LRRC4B,Q9NT99,1,,,
LRRC4C,Q9HCJ2,1,Cytosol,,Approved
LRRC52,Q8N7C0,1,,,
LRRC53,A6NM62,1,,,
LRRC55,Q6ZSA7,1,,,
LRRC56,Q8IYG6,1,,,
LRRC57,Q8N9N7,1,"Mitochondria, Cytosol",,Approved
LRRC58,Q96CX6,1,Nucleoplasm,Cytosol,Approved
LRRC59,Q96AG4,1,Endoplasmic reticulum,,Enhanced
LRRC6,Q86X45,1,,,
LRRC61,Q9BV99,1,Nucleoplasm,,Approved
LRRC63,,0,Golgi apparatus,,Approved
LRRC66,Q68CR7,1,,,
LRRC69,Q6ZNQ3,1,Plasma membrane,,Approved
LRRC7,,0,"Plasma membrane, Cytosol","Nucleoplasm, Centrosome",Supported
LRRC70,Q7Z2Q7,1,,,
LRRC71,Q8N4P6,1,,,
LRRC72,A6NJI9,1,,,
LRRC73,Q5JTD7,1,Cytosol,,Approved
LRRC74A,Q0VAA2,1,,,
LRRC74B,Q6ZQY2,1,,,
LRRC75A,Q8NAA5,1,Nucleoplasm,"Nucleoli, Cytosol",Approved
LRRC75B,Q2VPJ9,1,"Nucleoplasm, Cytosol",,Approved
LRRC8A,Q8IWT6,1,,,
LRRC8B,Q6P9F7,1,,,
LRRC8C,Q8TDW0,1,Golgi apparatus,,Approved
LRRC8D,Q7L1W4,1,,,
LRRC8E,Q6NSJ5,1,,,
LRRC9,Q6ZRR7,1,"Plasma membrane, Cell Junctions","Nucleoplasm, Nuclear bodies",Approved
LRRCC1,Q9C099,1,Centrosome,,Supported
LRRD1,A4D1F6,1,Mitochondria,Vesicles,Approved
LRRFIP1,Q32MZ4,1,Cytosol,,Supported
LRRFIP2,Q9Y608,1,"Plasma membrane, Actin filaments",,Approved
LRRIQ1,Q96JM4,1,,,
LRRIQ3,A6PVS8,1,Plasma membrane,Nucleoplasm,Approved
LRRIQ4,A6NIV6,1,Mitochondria,,Approved
LRRK1,Q38SD2,1,Cytosol,Mitochondria,Supported
LRRK2,Q5S007,1,Vesicles,,Supported
LRRN1,Q6UXK5,1,,,
LRRN2,O75325,1,Endoplasmic reticulum,,Approved
LRRN3,Q9H3W5,1,"Nucleoplasm, Cytosol",,Approved
LRRN4,Q8WUT4,1,"Nucleoli, Nucleoli rim, Mitotic chromosome",,Uncertain
LRRN4CL,Q8ND94,1,Nucleoplasm,Nuclear bodies,Approved
LRRTM1,Q86UE6,1,Golgi apparatus,,Approved
LRRTM2,O43300,1,,,
LRRTM3,Q86VH5,1,,,
LRRTM4,Q86VH4,1,,,
LRSAM1,Q6UWE0,1,Cytosol,,Approved
LRTM1,Q9HBL6,1,,,
LRTM2,Q8N967,1,Cytosol,,Approved
LRTOMT,Q96E66,1,Microtubules,,Uncertain
LRWD1,Q9UFC0,1,"Nucleoli, Nucleoli rim","Nucleoplasm, Vesicles",Supported
LSAMP,Q13449,1,Cytosol,,Enhanced
LSG1,Q9H089,1,"Nuclear bodies, Cytosol",Nucleoplasm,Supported
LSM1,O15116,1,Cytoplasmic bodies,Cytosol,Approved
LSM10,Q969L4,1,Nucleoplasm,Nuclear bodies,Supported
LSM11,P83369,1,Nucleoplasm,Nuclear bodies,Supported
LSM12,Q3MHD2,1,Cytosol,,Approved
LSM14A,Q8ND56,1,Cytoplasmic bodies,Cytosol,Supported
LSM14B,Q9BX40,1,Vesicles,,Supported
LSM2,Q9Y333,1,Nucleoplasm,,Enhanced
LSM3,P62310,1,Nucleoli,Nucleoplasm,Approved
LSM4,Q9Y4Z0,1,Vesicles,,Approved
LSM5,Q9Y4Y9,1,,,
LSM6,P62312,1,Actin filaments,,Approved
LSM7,Q9UK45,1,Nucleoli fibrillar center,,Approved
LSM8,O95777,1,"Nucleoplasm, Vesicles",,Approved
LSMEM1,Q8N8F7,1,Cytosol,Vesicles,Supported
LSMEM2,Q8N112,1,Plasma membrane,Nucleoplasm,Approved
LSP1,P33241,1,,,
LSR,Q86X29,1,"Plasma membrane, Cell Junctions",,Enhanced
LSS,P48449,1,,,
LST1,O00453,1,"Plasma membrane, Cytosol",,Supported
LTA,P01374,1,,,
LTA4H,P09960,1,Cytosol,Nucleoplasm,Supported
LTB,Q06643,1,Centrosome,,Approved
LTB4R,Q15722,1,,,
LTB4R2,Q9NPC1,1,Plasma membrane,Nucleoplasm,Supported
LTBP1,Q14766,1,,,
LTBP2,Q14767,1,Nucleoplasm,,Approved
LTBP3,Q9NS15,1,,,
LTBP4,Q8N2S1,1,,,
LTBR,P36941,1,Golgi apparatus,,Supported
LTC4S,Q16873,1,Nucleoplasm,"Endoplasmic reticulum, Cytosol",Approved
LTF,P02788,1,,,
LTK,P29376,1,Vesicles,,Approved
LTN1,O94822,1,Cytosol,,Enhanced
LTO1,Q8WV07,1,Nucleoplasm,,Approved
LTV1,Q96GA3,1,Cytosol,Nucleoplasm,Enhanced
LUC7L,Q9NQ29,1,Nucleoplasm,Mitochondria,Approved
LUC7L2,Q9Y383,1,Nucleoplasm,,Approved
LUC7L3,O95232,1,Nuclear speckles,,Enhanced
LUM,P51884,1,,,
LURAP1,Q96LR2,1,Cytosol,Vesicles,Supported
LURAP1L,Q8IV03,1,Nucleoli,Nucleoplasm,Approved
LUZP1,Q86V48,1,Actin filaments,,Uncertain
LUZP2,Q86TE4,1,"Nucleoplasm, Cytosol",Plasma membrane,Approved
LUZP4,Q9P127,1,,,
LVRN,Q6Q4G3,1,,,
LXN,Q9BS40,1,"Nucleoplasm, Cytosol",,Approved
LY6D,Q14210,1,,,
LY6E,Q16553,1,,,
LY6G5B,Q8NDX9,1,,,
LY6G5C,Q5SRR4,1,,,
LY6G6C,O95867,1,,,
LY6G6D,O95868,1,,,
LY6G6E,,0,Nucleoplasm,,Approved
LY6G6F,Q5SQ64,1,,,
LY6G6F-LY6G6D,,0,,,
LY6H,O94772,1,,,
LY6K,Q17RY6,1,Plasma membrane,Nucleoplasm,Approved
LY6L,H3BQJ8,1,,,
LY75,O60449,1,Golgi apparatus,,Approved
LY75-CD302,,0,,,
LY86,O95711,1,,,
LY9,Q9HBG7,1,Plasma membrane,Centriolar satellite,Approved
LY96,Q9Y6Y9,1,Vesicles,,Approved
LYAR,Q9NX58,1,"Nucleoli, Nucleoli rim",Nucleoplasm,Enhanced
LYG1,Q8N1E2,1,,,
LYG2,Q86SG7,1,,,
LYL1,P12980,1,Nucleoplasm,,Approved
LYN,P07948,1,"Golgi apparatus, Plasma membrane",Vesicles,Supported
LYNX1,P0DP58,1,,,
LYNX1-SLURP2,,0,,,
LYPD1,Q8N2G4,1,"Nucleoplasm, Vesicles",Plasma membrane,Approved
LYPD2,Q6UXB3,1,,,
LYPD3,O95274,1,"Endoplasmic reticulum, Vesicles",,Approved
LYPD4,Q6UWN0,1,,,
LYPD5,Q6UWN5,1,"Nucleoplasm, Cytosol",,Approved
LYPD6,Q86Y78,1,Cytosol,,Approved
LYPD6B,Q8NI32,1,,,
LYPD8,Q6UX82,1,,,
LYPLA1,O75608,1,"Nucleoplasm, Cytosol",,Approved
LYPLA2,O95372,1,Cytosol,Nucleoplasm,Uncertain
LYPLAL1,Q5VWZ2,1,Cytosol,,Supported
LYRM1,O43325,1,Nucleoplasm,Midbody,Supported
LYRM2,Q9NU23,1,Cytosol,,Approved
LYRM4,Q9HD34,1,Nuclear bodies,,Supported
LYRM7,Q5U5X0,1,,,
LYRM9,A8MSI8,1,,,
LYSMD1,Q96S90,1,Nucleoplasm,,Enhanced
LYSMD2,Q8IV50,1,Mitochondria,Nuclear bodies,Approved
LYSMD3,Q7Z3D4,1,Cytosol,,Approved
LYSMD4,Q5XG99,1,Cytosol,Actin filaments,Approved
LYST,Q99698,1,Nucleoplasm,"Plasma membrane, Centriolar satellite",Supported
LYVE1,Q9Y5Y7,1,,,
LYZ,P61626,1,"Golgi apparatus, Actin filaments",Nucleoplasm,Approved
LYZL1,Q6UWQ5,1,,,
LYZL2,Q7Z4W2,1,,,
LYZL4,Q96KX0,1,,,
LYZL6,O75951,1,,,
LZIC,Q8WZA0,1,Nucleoplasm,Cytosol,Approved
LZTFL1,Q9NQ48,1,Cytosol,,Supported
LZTR1,Q8N653,1,Nucleoplasm,"Centrosome, Cytosol",Approved
LZTS1,Q9Y250,1,Plasma membrane,Nucleoli,Approved
LZTS2,Q9BRK4,1,"Plasma membrane, Cytosol",,Approved
LZTS3,O60299,1,Vesicles,,Approved
M1AP,Q8TC57,1,Mitochondria,Nucleoli,Approved
M6PR,P20645,1,,,
MAB21L1,Q13394,1,Nucleoplasm,,Approved
MAB21L2,Q9Y586,1,Nucleoplasm,,Enhanced
MAB21L3,Q8N8X9,1,Nucleoplasm,,Approved
MAB21L4,Q08AI8,1,"Nucleoplasm, Golgi apparatus",,Approved
MACC1,Q6ZN28,1,Mitochondria,,Approved
MACF1,Q9UPN3,1,"Plasma membrane, Cell Junctions, Actin filaments",,Supported
MACIR,Q96GV9,1,,,
MACO1,Q8N5G2,1,Cytosol,,Approved
MACROD1,Q9BQ69,1,Nucleoplasm,,Supported
MACROD2,A1Z1Q3,1,"Nucleoplasm, Nucleoli",,Supported
MACROH2A1,O75367,1,Nucleoplasm,,Supported
MACROH2A2,Q9P0M6,1,Nucleoplasm,,Supported
MAD1L1,Q9Y6D9,1,"Nucleoplasm, Nuclear membrane",,Supported
MAD2L1,Q13257,1,Nucleoplasm,,Approved
MAD2L1BP,Q15013,1,Nucleoplasm,"Nuclear membrane, Nucleoli",Supported
MAD2L2,Q9UI95,1,Cytosol,Nucleoli,Supported
MADCAM1,Q13477,1,,,
MADD,Q8WXG6,1,"Plasma membrane, Cytosol",,Supported
MAEA,Q7L5Y9,1,Nucleoplasm,,Enhanced
MAEL,Q96JY0,1,,,
MAF,O75444,1,"Nucleoplasm, Nuclear bodies",Vesicles,Approved
MAF1,Q9H063,1,Nucleoplasm,Cytosol,Supported
MAFA,Q8NHW3,1,,,
MAFB,Q9Y5Q3,1,Nucleoplasm,"Nucleoli, Golgi apparatus, Cytosol",Approved
MAFF,Q9ULX9,1,Nucleoplasm,Mitochondria,Approved
MAFG,O15525,1,,,
MAFIP,,0,Intermediate filaments,,Uncertain
MAFK,O60675,1,Nucleoplasm,,Enhanced
MAG,P20916,1,,,
MAGEA1,P43355,1,Cytosol,,Supported
MAGEA10,P43363,1,Nucleoplasm,Cytosol,Supported
MAGEA11,P43364,1,"Nucleoplasm, Nuclear bodies",Cytosol,Supported
MAGEA12,P43365,1,,,
MAGEA2,P43356,1,,,
MAGEA2B,P43356,1,,,
MAGEA3,P43357,1,,,
MAGEA4,P43358,1,Nuclear speckles,Cytosol,Approved
MAGEA6,P43360,1,,,
MAGEA8,P43361,1,,,
MAGEA9,P43362,1,"Nucleoplasm, Golgi apparatus",,Approved
MAGEA9B,P43362,1,"Nucleoplasm, Golgi apparatus",,Approved
MAGEB1,P43366,1,,,
MAGEB10,Q96LZ2,1,,,
MAGEB16,A2A368,1,Nucleoplasm,Centrosome,Approved
MAGEB17,A8MXT2,1,Nucleoplasm,,Uncertain
MAGEB18,Q96M61,1,,,
MAGEB2,O15479,1,Cytosol,,Approved
MAGEB3,O15480,1,,,
MAGEB4,O15481,1,,,
MAGEB5,Q9BZ81,1,,,
MAGEB6,Q8N7X4,1,,,
MAGEB6B,,0,,,
MAGEC1,O60732,1,"Nucleoplasm, Cytosol",,Approved
MAGEC2,Q9UBF1,1,Nucleoplasm,Cytosol,Supported
MAGEC3,Q8TD91,1,,,
MAGED1,Q9Y5V3,1,Cytosol,,Approved
MAGED2,Q9UNF1,1,"Nucleoplasm, Nucleoli, Cytosol",,Enhanced
MAGED4,Q96JG8,1,,,
MAGED4B,Q96JG8,1,,,
MAGEE1,Q9HCI5,1,Cytosol,Cytokinetic bridge,Approved
MAGEE2,Q8TD90,1,,,
MAGEF1,Q9HAY2,1,Actin filaments,,Approved
MAGEH1,Q9H213,1,"Nucleoli, Nucleoli rim",,Supported
MAGEL2,Q9UJ55,1,,,
MAGI1,Q96QZ7,1,Cell Junctions,Nucleoplasm,Supported
MAGI2,Q86UL8,1,,,
MAGI3,Q5TCQ9,1,Cell Junctions,,Supported
MAGIX,Q9H6Y5,1,Nucleoplasm,Mitotic chromosome,Approved
MAGOH,P61326,1,Nucleoplasm,,Supported
MAGOHB,Q96A72,1,,,
MAGT1,Q9H0U3,1,,,
MAIP1,Q8WWC4,1,Mitochondria,,Approved
MAJIN,Q3KP22,1,,,
MAK,P20794,1,,,
MAK16,Q9BXY0,1,"Nucleoli, Vesicles",,Approved
MAL,P21145,1,Golgi apparatus,Centrosome,Approved
MAL2,Q969L2,1,,,
MALL,Q13021,1,,,
MALRD1,Q5VYJ5,1,Golgi apparatus,,Enhanced
MALSU1,Q96EH3,1,Mitochondria,,Enhanced
MALT1,Q9UDY8,1,Nucleoli fibrillar center,Cytosol,Approved
MAMDC2,Q7Z304,1,"Nuclear speckles, Plasma membrane",,Approved
MAMDC4,Q6UXC1,1,Nucleoplasm,Cytosol,Approved
MAML1,Q92585,1,Nucleoplasm,,Approved
MAML2,Q8IZL2,1,Nuclear bodies,"Nucleoplasm, Cytosol",Supported
MAML3,Q96JK9,1,Nuclear speckles,,Supported
MAMLD1,Q13495,1,Nucleoplasm,,Supported
MAMSTR,Q6ZN01,1,Nuclear speckles,,Approved
MAN1A1,P33908,1,Golgi apparatus,,Supported
MAN1A2,O60476,1,Golgi apparatus,,Enhanced
MAN1B1,Q9UKM7,1,Vesicles,,Uncertain
MAN1C1,Q9NR34,1,"Nucleoplasm, Vesicles",,Uncertain
MAN2A1,Q16706,1,Golgi apparatus,,Supported
MAN2A2,P49641,1,Cytoplasmic bodies,,Approved
MAN2B1,O00754,1,"Nucleoplasm, Vesicles",,Approved
MAN2B2,Q9Y2E5,1,,,
MAN2C1,Q9NTJ4,1,Nucleoplasm,,Enhanced
MANBA,O00462,1,Vesicles,,Supported
MANBAL,Q9NQG1,1,Mitochondria,Nucleoplasm,Approved
MANEA,Q5SRI9,1,Golgi apparatus,,Supported
MANEAL,Q5VSG8,1,Golgi apparatus,,Approved
MANF,P55145,1,Endoplasmic reticulum,,Supported
MANSC1,Q9H8J5,1,"Golgi apparatus, Vesicles",,Approved
MANSC4,A6NHS7,1,,,
MAOA,P21397,1,Mitochondria,Cytosol,Supported
MAOB,P27338,1,,,
MAP10,Q9P2G4,1,,,
MAP11,Q8WVR3,1,Vesicles,"Plasma membrane, Centriolar satellite",Enhanced
MAP1A,P78559,1,Cytosol,,Approved
MAP1B,P46821,1,Cytosol,,Enhanced
MAP1LC3A,Q9H492,1,Vesicles,,Approved
MAP1LC3B,Q9GZQ8,1,Vesicles,Nucleoplasm,Approved
MAP1LC3B2,A6NCE7,1,Vesicles,Nucleoplasm,Approved
MAP1LC3C,Q9BXW4,1,Cytoplasmic bodies,,Supported
MAP1S,Q66K74,1,Cytosol,"Nucleoplasm, Nucleoli, Cell Junctions",Supported
MAP2,P11137,1,"Plasma membrane, Cytosol",,Approved
MAP2K1,Q02750,1,"Plasma membrane, Cytosol",,Supported
MAP2K2,P36507,1,Cytosol,,Supported
MAP2K3,P46734,1,"Nucleoplasm, Cytosol",,Supported
MAP2K4,P45985,1,Nucleoplasm,Cell Junctions,Approved
MAP2K5,Q13163,1,"Nucleoli, Microtubules",,Approved
MAP2K6,P52564,1,Nucleoplasm,Cytosol,Supported
MAP2K7,O14733,1,"Plasma membrane, Cytosol",Golgi apparatus,Uncertain
MAP3K1,Q13233,1,Cytosol,,Approved
MAP3K10,Q02779,1,"Nucleoplasm, Actin filaments, Cytosol",,Approved
MAP3K11,Q16584,1,"Centriolar satellite, Cytosol",,Supported
MAP3K12,Q12852,1,"Nucleoplasm, Plasma membrane",,Approved
MAP3K13,O43283,1,Centriolar satellite,"Nucleoplasm, Cytosol",Approved
MAP3K14,Q99558,1,"Vesicles, Cytosol","Nucleoplasm, Nucleoli fibrillar center",Supported
MAP3K15,Q6ZN16,1,Vesicles,,Approved
MAP3K19,Q56UN5,1,Cytosol,,Uncertain
MAP3K2,Q9Y2U5,1,"Nucleoplasm, Cytosol",,Supported
MAP3K20,Q9NYL2,1,Cytosol,,Supported
MAP3K21,Q5TCX8,1,"Plasma membrane, Cytosol",,Approved
MAP3K3,Q99759,1,Nucleoplasm,,Approved
MAP3K4,Q9Y6R4,1,Cytosol,,Approved
MAP3K5,Q99683,1,Cytosol,,Supported
MAP3K6,O95382,1,Nucleoplasm,"Plasma membrane, Actin filaments, Cytosol",Approved
MAP3K7,O43318,1,Cytosol,"Nuclear speckles, Plasma membrane",Supported
MAP3K7CL,P57077,1,Nucleoplasm,,Approved
MAP3K8,P41279,1,Cytosol,,Supported
MAP3K9,P80192,1,"Nucleoplasm, Nucleoli",,Approved
MAP4,P27816,1,"Microtubules, Cytosol",Plasma membrane,Approved
MAP4K1,Q92918,1,Plasma membrane,,Approved
MAP4K2,Q12851,1,Vesicles,,Approved
MAP4K3,Q8IVH8,1,Centriolar satellite,,Approved
MAP4K4,O95819,1,,,
MAP4K5,Q9Y4K4,1,Cytosol,Plasma membrane,Supported
MAP6,Q96JE9,1,Plasma membrane,,Uncertain
MAP6D1,Q9H9H5,1,Cytosol,,Approved
MAP7,Q14244,1,Cytosol,Microtubules,Supported
MAP7D1,Q3KQU3,1,,,
MAP7D2,Q96T17,1,Nucleoplasm,Cytosol,Approved
MAP7D3,Q8IWC1,1,Centrosome,,Approved
MAP9,Q49MG5,1,,,
MAPK1,P28482,1,Cytosol,Nuclear speckles,Supported
MAPK10,P53779,1,Nucleoplasm,,Supported
MAPK11,Q15759,1,Mitochondria,,Approved
MAPK12,P53778,1,Nuclear speckles,Cytosol,Approved
MAPK13,O15264,1,"Nucleoplasm, Nucleoli, Nucleoli rim, Cytosol",,Approved
MAPK14,Q16539,1,Nuclear speckles,Cytosol,Supported
MAPK15,Q8TD08,1,"Nucleoplasm, Cytosol",Cell Junctions,Approved
MAPK1IP1L,Q8NDC0,1,"Nucleoplasm, Cytosol",,Approved
MAPK3,P27361,1,Nucleoplasm,,Supported
MAPK4,P31152,1,"Nucleoplasm, Golgi apparatus",Midbody,Approved
MAPK6,Q16659,1,Cytosol,,Supported
MAPK7,Q13164,1,Nucleoplasm,Cytosol,Enhanced
MAPK8,P45983,1,,,
MAPK8IP1,Q9UQF2,1,Plasma membrane,,Enhanced
MAPK8IP2,Q13387,1,,,
MAPK8IP3,Q9UPT6,1,Vesicles,,Approved
MAPK9,P45984,1,"Plasma membrane, Cytosol",Nuclear speckles,Approved
MAPKAP1,Q9BPZ7,1,Nucleoplasm,Cytosol,Supported
MAPKAPK2,P49137,1,Nucleoplasm,Centrosome,Supported
MAPKAPK3,Q16644,1,Nucleoplasm,,Supported
MAPKAPK5,Q8IW41,1,"Nucleoplasm, Cytosol",,Supported
MAPKBP1,O60336,1,"Nucleoli, Nucleoli rim",Nucleoplasm,Supported
MAPRE1,Q15691,1,"Centriolar satellite, Cytosol",,Approved
MAPRE2,Q15555,1,,,
MAPRE3,Q9UPY8,1,,,
MAPT,P10636,1,Plasma membrane,Nuclear speckles,Supported
MARCHF1,Q8TCQ1,1,Vesicles,"Endoplasmic reticulum, Golgi apparatus",Supported
MARCHF10,Q8NA82,1,"Plasma membrane, Cytosol",,Approved
MARCHF11,A6NNE9,1,,,
MARCHF2,Q9P0N8,1,Endoplasmic reticulum,Cytosol,Supported
MARCHF3,Q86UD3,1,Vesicles,,Supported
MARCHF4,Q9P2E8,1,,,
MARCHF5,Q9NX47,1,Mitochondria,,Supported
MARCHF6,O60337,1,Endoplasmic reticulum,,Supported
MARCHF7,Q9H992,1,"Plasma membrane, Cytosol",,Supported
MARCHF8,Q5T0T0,1,,,
MARCHF9,Q86YJ5,1,,,
MARCKS,P29966,1,Plasma membrane,"Nucleoplasm, Endoplasmic reticulum, Cytosol",Approved
MARCKSL1,P49006,1,Cytosol,"Nucleoplasm, Actin filaments",Supported
MARCO,Q9UEW3,1,Golgi apparatus,Vesicles,Approved
MARCOL,A0A1B0GUY1,1,,,
MARF1,Q9Y4F3,1,"Golgi apparatus, Vesicles",,Approved
MARK1,Q9P0L2,1,,,
MARK2,Q7KZI7,1,Plasma membrane,Nucleoplasm,Supported
MARK3,P27448,1,,,
MARK4,Q96L34,1,Cytosol,,Supported
MARS1,P56192,1,Cytosol,,Enhanced
MARS2,Q96GW9,1,,,
MARVELD1,Q9BSK0,1,,,
MARVELD2,Q8N4S9,1,Cell Junctions,,Supported
MARVELD3,Q96A59,1,Vesicles,Intermediate filaments,Approved
MAS1,P04201,1,,,
MAS1L,P35410,1,,,
MASP1,P48740,1,"Nucleoplasm, Cytosol",,Enhanced
MASP2,O00187,1,Golgi apparatus,,Supported
MAST1,Q9Y2H9,1,Vesicles,Cytosol,Supported
MAST2,Q6P0Q8,1,Cytosol,,Approved
MAST3,O60307,1,Nuclear speckles,,Approved
MAST4,O15021,1,"Nucleoplasm, Cytosol",,Approved
MASTL,Q96GX5,1,Nucleoplasm,,Enhanced
MAT1A,Q00266,1,,,
MAT2A,P31153,1,Nucleoplasm,Cytosol,Approved
MAT2B,Q9NZL9,1,Plasma membrane,,Approved
MATK,P42679,1,Microtubules,"Cytokinetic bridge, Mitotic spindle, Centriolar satellite, Cytosol",Approved
MATN1,P21941,1,,,
MATN2,O00339,1,,,
MATN3,O15232,1,"Endoplasmic reticulum, Golgi apparatus, Vesicles",,Approved
MATN4,O95460,1,,,
MATR3,P43243,1,Nucleoplasm,,Approved
MATR3,,0,Nucleoplasm,,Approved
MAU2,Q9Y6X3,1,Nucleoplasm,Nuclear bodies,Supported
MAVS,Q7Z434,1,Mitochondria,,Enhanced
MAX,P61244,1,Nucleoplasm,Golgi apparatus,Supported
MAZ,P56270,1,Nucleoplasm,,Enhanced
MB,P02144,1,,,
MB21D2,Q8IYB1,1,Cytosol,,Approved
MBD1,Q9UIS9,1,"Nucleoplasm, Vesicles",,Approved
MBD2,Q9UBB5,1,Nucleoplasm,,Supported
MBD3,O95983,1,Nucleoplasm,,Supported
MBD3L1,Q8WWY6,1,,,
MBD3L2,Q8NHZ7,1,"Nucleoplasm, Nucleoli",Cytosol,Uncertain
MBD3L2B,A0A1B0GVZ6,1,"Nucleoplasm, Nucleoli",Cytosol,Uncertain
MBD3L3,A6NE82,1,"Nucleoplasm, Nucleoli",,Uncertain
MBD3L4,A6NDZ8,1,"Nucleoplasm, Nucleoli",Cytosol,Uncertain
MBD3L5,A6NJ08,1,"Nucleoplasm, Nucleoli",Cytosol,Uncertain
MBD4,O95243,1,Nuclear speckles,,Supported
MBD5,Q9P267,1,"Nucleoplasm, Midbody",,Supported
MBD6,Q96DN6,1,Nucleoplasm,,Enhanced
MBIP,Q9NS73,1,Cytosol,"Nucleoplasm, Nucleoli",Supported
MBL2,P11226,1,,,
MBLAC1,A4D2B0,1,,,
MBLAC2,Q68D91,1,Mitochondria,Nucleoplasm,Approved
MBNL1,Q9NR56,1,Nucleoplasm,Cytosol,Enhanced
MBNL2,Q5VZF2,1,Nucleoplasm,,Supported
MBNL3,Q9NUK0,1,Nucleoplasm,Cytosol,Supported
MBOAT1,Q6ZNC8,1,,,
MBOAT2,Q6ZWT7,1,Vesicles,,Approved
MBOAT4,Q96T53,1,Golgi apparatus,,Supported
MBOAT7,Q96N66,1,Cytosol,,Approved
MBP,P02686,1,Plasma membrane,,Approved
MBTD1,Q05BQ5,1,Nucleoplasm,Cytosol,Approved
MBTPS1,Q14703,1,,,
MBTPS2,O43462,1,"Nucleoplasm, Mitochondria, Cytosol",,Approved
MC1R,Q01726,1,,,
MC2R,Q01718,1,,,
MC3R,P41968,1,,,
MC4R,P32245,1,,,
MC5R,P33032,1,Plasma membrane,,Supported
MCAM,P43121,1,Plasma membrane,,Approved
MCAT,Q8IVS2,1,Mitochondria,,Supported
MCC,P23508,1,Nucleoplasm,Cytosol,Supported
MCCC1,Q96RQ3,1,Mitochondria,,Supported
MCCC2,Q9HCC0,1,Mitochondria,,Enhanced
MCCD1,P59942,1,,,
MCEE,Q96PE7,1,Nucleoli,,Approved
MCEMP1,Q8IX19,1,Plasma membrane,,Supported
MCF2,P10911,1,"Plasma membrane, Cytosol",Nucleoplasm,Supported
MCF2L,O15068,1,,,
MCF2L2,Q86YR7,1,"Centriolar satellite, Cytosol",,Approved
MCFD2,Q8NI22,1,,,
MCHR1,Q99705,1,,,
MCHR2,Q969V1,1,,,
MCIDAS,D6RGH6,1,Nuclear bodies,,Supported
MCL1,Q07820,1,Mitochondria,,Enhanced
MCM10,Q7L590,1,"Nucleoplasm, Nucleoli",,Supported
MCM2,P49736,1,Nucleoplasm,,Enhanced
MCM3,P25205,1,Nucleoplasm,,Supported
MCM3AP,O60318,1,"Nuclear membrane, Cytosol",Nucleoplasm,Supported
MCM4,P33991,1,Nucleoplasm,,Enhanced
MCM5,P33992,1,Nucleoplasm,,Enhanced
MCM6,Q14566,1,Nucleoplasm,,Enhanced
MCM7,P33993,1,Nucleoplasm,,Enhanced
MCM8,Q9UJA3,1,Nucleoplasm,Cytosol,Supported
MCM9,Q9NXL9,1,Nucleoplasm,,Approved
MCMBP,Q9BTE3,1,Nucleoplasm,"Cell Junctions, Cytosol",Supported
MCMDC2,Q4G0Z9,1,Actin filaments,,Approved
MCOLN1,Q9GZU1,1,"Golgi apparatus, Vesicles",Nucleoplasm,Supported
MCOLN2,Q8IZK6,1,,,
MCOLN3,Q8TDD5,1,"Nucleoli, Cytosol",,Approved
MCPH1,Q8NEM0,1,,,
MCRIP1,C9JLW8,1,Cytosol,,Approved
MCRIP2,Q9BUT9,1,,,
MCRS1,Q96EZ8,1,Nucleoplasm,,Supported
MCTP1,Q6DN14,1,Golgi apparatus,,Approved
MCTP2,Q6DN12,1,"Nucleoplasm, Cytosol",,Enhanced
MCTS1,Q9ULC4,1,Cytosol,Plasma membrane,Supported
MCTS2P,,0,Cytosol,Plasma membrane,Approved
MCU,Q8NE86,1,Mitochondria,,Supported
MCUB,Q9NWR8,1,"Nucleoplasm, Vesicles, Mitochondria",,Approved
MCUR1,Q96AQ8,1,,,
MDC1,Q14676,1,"Nucleoplasm, Nuclear bodies",,Supported
MDFI,Q99750,1,Nucleoplasm,,Approved
MDFIC,Q9P1T7,1,"Nucleoplasm, Golgi apparatus",,Supported
MDFIC2,A0A1B0GVS7,1,,,
MDGA1,Q8NFP4,1,Plasma membrane,Golgi apparatus,Supported
MDGA2,Q7Z553,1,,,
MDH1,P40925,1,"Centrosome, Cytosol",,Supported
MDH1B,Q5I0G3,1,,,
MDH2,P40926,1,Mitochondria,,Enhanced
MDK,P21741,1,Vesicles,,Approved
MDM1,Q8TC05,1,Centriolar satellite,Cytosol,Supported
MDM2,Q00987,1,Nucleoplasm,Cytosol,Supported
MDM4,O15151,1,Nucleoplasm,,Supported
MDN1,Q9NU22,1,"Nucleoli, Cytosol","Nucleoplasm, Intermediate filaments",Approved
MDP1,Q86V88,1,Nucleoplasm,,Approved
ME1,P48163,1,"Nucleoplasm, Plasma membrane",Cytosol,Uncertain
ME2,P23368,1,Mitochondria,,Supported
ME3,Q16798,1,,,
MEA1,Q16626,1,"Nucleoplasm, Cytosol",,Approved
MEAF6,Q9HAF1,1,Nuclear bodies,Nucleoplasm,Approved
MEAK7,Q6P9B6,1,Cytosol,"Nucleoplasm, Nucleoli",Supported
MECOM,Q03112,1,Nuclear speckles,,Supported
MECP2,P51608,1,Nucleoplasm,,Approved
MECR,Q9BV79,1,Mitochondria,,Supported
MED1,Q15648,1,Nucleoplasm,,Supported
MED10,Q9BTT4,1,Nucleoplasm,,Enhanced
MED11,Q9P086,1,"Nucleoplasm, Nuclear bodies",,Approved
MED12,Q93074,1,Nucleoplasm,,Approved
MED12L,Q86YW9,1,Nucleoli,,Approved
MED13,Q9UHV7,1,Nucleoplasm,,Supported
MED13L,Q71F56,1,"Nucleoplasm, Golgi apparatus",,Approved
MED14,O60244,1,Nucleoplasm,,Approved
MED15,Q96RN5,1,Nucleoplasm,,Supported
MED16,Q9Y2X0,1,Nucleoli,,Approved
MED17,Q9NVC6,1,Nuclear speckles,Cytosol,Approved
MED18,Q9BUE0,1,Nucleoplasm,,Approved
MED19,A0JLT2,1,Nuclear bodies,,Enhanced
MED20,Q9H944,1,,,
MED21,Q13503,1,Nucleoplasm,"Nucleoli, Cytosol",Approved
MED22,Q15528,1,Nucleoplasm,,Approved
MED23,Q9ULK4,1,"Nucleoplasm, Vesicles",,Approved
MED24,O75448,1,,,
MED25,Q71SY5,1,Nucleoplasm,,Supported
MED26,O95402,1,Nucleoplasm,Mitotic chromosome,Approved
MED27,Q6P2C8,1,"Nucleoplasm, Nucleoli",Cytosol,Supported
MED28,Q9H204,1,Nucleoplasm,,Supported
MED29,Q9NX70,1,Nucleoplasm,,Supported
MED30,Q96HR3,1,Nucleoplasm,,Approved
MED31,Q9Y3C7,1,Nucleoplasm,,Approved
MED4,Q9NPJ6,1,Nucleoplasm,,Supported
MED6,O75586,1,Nucleoplasm,,Enhanced
MED7,O43513,1,Nuclear bodies,,Supported
MED8,Q96G25,1,Nucleoplasm,Golgi apparatus,Approved
MED9,Q9NWA0,1,Nucleoplasm,Midbody,Approved
MEDAG,Q5VYS4,1,,,
MEF2A,Q02078,1,Nucleoplasm,,Supported
MEF2B,Q02080,1,"Nucleoplasm, Cytosol",Cell Junctions,Approved
MEF2C,Q06413,1,"Nucleoplasm, Vesicles",,Supported
MEF2D,Q14814,1,Nucleoplasm,Vesicles,Enhanced
MEFV,O15553,1,Nucleoplasm,Cytosol,Supported
MEGF10,Q96KG7,1,Plasma membrane,,Supported
MEGF11,A6BM72,1,,,
MEGF6,O75095,1,Microtubules,Cytokinetic bridge,Approved
MEGF8,Q7Z7M0,1,,,
MEGF9,Q9H1U4,1,Nucleoplasm,Cytosol,Approved
MEI1,Q5TIA1,1,,,
MEI4,A8MW99,1,,,
MEIG1,Q5JSS6,1,,,
MEIKIN,A0A087WXM9,1,,,
MEIOB,Q8N635,1,,,
MEIOC,A2RUB1,1,Cell Junctions,,Uncertain
MEIOSIN,C9JSJ3,1,Nucleoplasm,,Approved
MEIS1,O00470,1,Nucleoplasm,,Supported
MEIS2,O14770,1,Nucleoplasm,Cytosol,Approved
MEIS3,Q99687,1,Nucleoplasm,,Approved
MELK,Q14680,1,,,
MELTF,P08582,1,,,
MEMO1,Q9Y316,1,Vesicles,,Approved
MEN1,O00255,1,Nucleoplasm,Cytosol,Supported
MEOX1,P50221,1,Nucleoplasm,"Cytokinetic bridge, Cytosol",Approved
MEOX2,P50222,1,,,
MEP1A,Q16819,1,,,
MEP1B,Q16820,1,,,
MEPCE,Q7L2J0,1,Nucleoplasm,Cell Junctions,Approved
MEPE,Q9NQ76,1,,,
MERTK,Q12866,1,Plasma membrane,"Endoplasmic reticulum, Midbody, Cytosol",Approved
MESD,Q14696,1,Endoplasmic reticulum,"Nuclear bodies, Cytosol",Supported
MESP1,Q9BRJ9,1,Nucleoplasm,Nucleoli,Supported
MESP2,Q0VG99,1,,,
MEST,Q5EB52,1,"Golgi apparatus, Cytosol",,Approved
MET,P08581,1,"Plasma membrane, Cytosol",,Approved
METAP1,P53582,1,Cytosol,"Nucleoplasm, Plasma membrane",Approved
METAP1D,Q6UB28,1,Vesicles,,Uncertain
METAP2,P50579,1,"Plasma membrane, Cytosol",,Supported
METRN,Q9UJH8,1,Nuclear membrane,"Nucleoplasm, Cytosol",Approved
METRNL,Q641Q3,1,,,
METTL1,Q9UBP6,1,Nucleoplasm,,Supported
METTL11B,Q5VVY1,1,,,
METTL14,Q9HCE5,1,Nucleoplasm,,Supported
METTL15,A6NJ78,1,,,
METTL16,Q86W50,1,Nucleoplasm,Cytosol,Supported
METTL17,Q9H7H0,1,Nucleoplasm,,Enhanced
METTL18,O95568,1,Nucleoplasm,Cytosol,Approved
METTL21A,Q8WXB1,1,Nucleoplasm,Cytosol,Approved
METTL21C,Q5VZV1,1,,,
METTL22,Q9BUU2,1,Nucleoli rim,Nucleoplasm,Supported
METTL23,Q86XA0,1,Vesicles,,Approved
METTL24,Q5JXM2,1,,,
METTL25,Q8N6Q8,1,"Plasma membrane, Mitochondria, Cytosol",,Uncertain
METTL26,Q96S19,1,Golgi apparatus,,Approved
METTL27,Q8N6F8,1,"Mitochondria, Cytosol",,Approved
METTL2A,Q96IZ6,1,,,
METTL2B,Q6P1Q9,1,,,
METTL3,Q86U44,1,"Nucleoplasm, Cytosol","Nuclear bodies, Golgi apparatus",Supported
METTL4,Q8N3J2,1,Mitochondria,,Approved
METTL5,Q9NRN9,1,"Nucleoli, Nucleoli fibrillar center",Cytosol,Supported
METTL6,Q8TCB7,1,Vesicles,,Approved
METTL7A,Q9H8H3,1,Lipid droplets,,Supported
METTL7B,Q6UX53,1,Microtubules,Vesicles,Approved
METTL8,,0,Cytosol,,Approved
METTL9,Q9H1A3,1,"Nucleoplasm, Cell Junctions",Cytosol,Approved
MEX3A,A1L020,1,Cytosol,,Supported
MEX3B,Q6ZN04,1,"Nucleoplasm, Cytosol",,Approved
MEX3C,Q5U5Q3,1,Vesicles,,Approved
MEX3D,Q86XN8,1,,,
MFAP1,P55081,1,Nucleoplasm,Centrosome,Supported
MFAP2,P55001,1,,,
MFAP3,P55082,1,Golgi apparatus,Nucleoplasm,Approved
MFAP3L,O75121,1,Nucleoplasm,Cell Junctions,Supported
MFAP4,P55083,1,Endoplasmic reticulum,,Approved
MFAP5,Q13361,1,,,
MFF,Q9GZY8,1,Mitochondria,,Supported
MFGE8,Q08431,1,Cytosol,,Approved
MFHAS1,Q9Y4C4,1,Nucleoplasm,Cytosol,Approved
MFN1,Q8IWA4,1,Mitochondria,,Supported
MFN2,O95140,1,Mitochondria,,Supported
MFNG,O00587,1,Vesicles,,Approved
MFRP,Q9BY79,1,,,
MFSD1,Q9H3U5,1,Plasma membrane,Cytosol,Approved
MFSD10,Q14728,1,Nuclear membrane,Nucleoplasm,Approved
MFSD11,O43934,1,,,
MFSD12,Q6NUT3,1,,,
MFSD13A,Q14CX5,1,"Golgi apparatus, Cytosol",,Approved
MFSD14A,Q96MC6,1,Vesicles,,Approved
MFSD14B,Q5SR56,1,"Nucleoplasm, Cytosol",,Approved
MFSD2A,Q8NA29,1,Cytosol,"Plasma membrane, Cytoplasmic bodies",Approved
MFSD2B,A6NFX1,1,,,
MFSD3,Q96ES6,1,Vesicles,,Approved
MFSD4A,Q8N468,1,,,
MFSD4B,Q5TF39,1,,,
MFSD5,Q6N075,1,,,
MFSD6,Q6ZSS7,1,"Nucleoplasm, Cytosol",,Approved
MFSD6L,Q8IWD5,1,,,
MFSD8,Q8NHS3,1,Vesicles,Nucleoplasm,Supported
MFSD9,Q8NBP5,1,"Nucleoli, Nucleoli rim",,Uncertain
MGA,Q8IWI9,1,Nucleoplasm,Cytosol,Approved
MGAM,O43451,1,,,
MGAM2,Q2M2H8,1,Vesicles,Cytosol,Approved
MGARP,Q8TDB4,1,Mitochondria,,Supported
MGAT1,P26572,1,,,
MGAT2,Q10469,1,Golgi apparatus,,Supported
MGAT3,Q09327,1,,,
MGAT4A,Q9UM21,1,Golgi apparatus,,Approved
MGAT4B,Q9UQ53,1,Nucleoplasm,"Golgi apparatus, Vesicles, Cytosol",Approved
MGAT4C,Q9UBM8,1,"Vesicles, Plasma membrane",Centriolar satellite,Approved
MGAT4D,A6NG13,1,,,
MGAT5,Q09328,1,,,
MGAT5B,Q3V5L5,1,"Nucleoplasm, Mitotic spindle",Cytokinetic bridge,Approved
MGLL,Q99685,1,Nucleoplasm,,Enhanced
MGME1,Q9BQP7,1,Mitochondria,,Supported
MGMT,P16455,1,Nucleoplasm,,Enhanced
MGP,P08493,1,,,
MGRN1,O60291,1,Vesicles,Endoplasmic reticulum,Supported
MGST1,P10620,1,Mitochondria,Endoplasmic reticulum,Approved
MGST2,Q99735,1,Cytosol,Endoplasmic reticulum,Uncertain
MGST3,O14880,1,Nucleoplasm,,Approved
MIA,Q16674,1,,,
MIA2,Q96PC5,1,Endoplasmic reticulum,,Supported
MIA3,Q5JRA6,1,Vesicles,,Enhanced
MIB1,Q86YT6,1,Plasma membrane,Vesicles,Uncertain
MIB2,Q96AX9,1,,,
MICA,,0,,,
MICAL1,Q8TDZ2,1,,,
MICAL2,O94851,1,"Golgi apparatus, Cytosol","Nucleoplasm, Plasma membrane",Uncertain
MICAL3,Q7RTP6,1,"Nucleoplasm, Midbody ring","Plasma membrane, Cytosol",Supported
MICALL1,Q8N3F8,1,"Cell Junctions, Centriolar satellite, Cytosol",,Supported
MICALL2,Q8IY33,1,,,
MICB,Q29980,1,"Golgi apparatus, Plasma membrane",Nucleoplasm,Approved
MICOS10,Q5TGZ0,1,Mitochondria,,Supported
MICOS13,Q5XKP0,1,Mitochondria,Nucleoplasm,Supported
MICU1,Q9BPX6,1,Mitochondria,,Supported
MICU2,Q8IYU8,1,Nucleoplasm,Mitochondria,Approved
MICU3,Q86XE3,1,,,
MID1,O15344,1,Centriolar satellite,"Golgi apparatus, Cytosol",Uncertain
MID1IP1,Q9NPA3,1,,,
MID2,Q9UJV3,1,,,
MIDEAS,Q6PJG2,1,Nucleoplasm,,Enhanced
MIDN,Q504T8,1,Nucleoplasm,,Approved
MIEF1,Q9NQG6,1,"Intermediate filaments, Mitochondria",,Approved
MIEF2,Q96C03,1,,,
MIEN1,Q9BRT3,1,"Plasma membrane, Cytosol",,Supported
MIER1,Q8N108,1,Nucleoplasm,,Enhanced
MIER2,Q8N344,1,"Nucleoplasm, Cytosol",,Approved
MIER3,Q7Z3K6,1,Nucleoplasm,,Enhanced
MIF,P14174,1,Cytosol,Nucleoplasm,Enhanced
MIF4GD,A9UHW6,1,Nucleoli,"Golgi apparatus, Cytosol",Supported
MIGA1,Q8NAN2,1,Mitochondria,,Supported
MIGA2,Q7L4E1,1,Cytosol,Cell Junctions,Approved
MIIP,Q5JXC2,1,Nucleoplasm,Cytosol,Approved
MILR1,Q7Z6M3,1,,,
MINAR1,Q9UPX6,1,Golgi apparatus,,Approved
MINAR2,P59773,1,,,
MINDY1,Q8N5J2,1,Nucleoplasm,,Enhanced
MINDY2,Q8NBR6,1,Nucleoplasm,,Enhanced
MINDY3,Q9H8M7,1,"Nucleoplasm, Nuclear membrane",,Supported
MINDY4,Q4G0A6,1,"Vesicles, Cytosol",,Supported
MINDY4B,A8MYZ0,1,,,
MINK1,Q8N4C8,1,,,
MINPP1,Q9UNW1,1,,,
MIOS,Q9NXC5,1,Nucleoplasm,Cytosol,Enhanced
MIOX,Q9UGB7,1,,,
MIP,P30301,1,,,
MIPEP,Q99797,1,Mitochondria,,Enhanced
MIPOL1,Q8TD10,1,Cytosol,,Approved
MIS12,Q9H081,1,,,
MIS18A,Q9NYP9,1,"Nucleoplasm, Cytosol",,Approved
MIS18BP1,Q6P0N0,1,Nucleoli,Cytosol,Approved
MISP,Q8IVT2,1,"Plasma membrane, Focal adhesion sites",,Enhanced
MISP3,Q96FF7,1,,,
MITD1,Q8WV92,1,Vesicles,,Enhanced
MITF,O75030,1,,,
MIXL1,Q9H2W2,1,Nucleoplasm,,Approved
MKI67,P46013,1,"Nucleoplasm, Nucleoli rim","Nuclear bodies, Mitotic chromosome",Enhanced
MKKS,Q9NPJ1,1,Centrosome,,Supported
MKLN1,Q9UL63,1,"Plasma membrane, Cytosol",Vesicles,Approved
MKNK1,Q9BUB5,1,Nucleoplasm,,Supported
MKNK2,Q9HBH9,1,Nuclear bodies,,Supported
MKRN1,Q9UHC7,1,"Nucleoplasm, Cytosol",,Approved
MKRN2,Q9H000,1,"Nucleoplasm, Cytosol",,Approved
MKRN2OS,H3BPM6,1,Golgi apparatus,,Approved
MKRN3,Q13064,1,"Plasma membrane, Cytosol",Nucleoplasm,Approved
MKS1,Q9NXB0,1,,,
MKX,Q8IYA7,1,"Nucleoplasm, Nuclear speckles",,Approved
MLANA,Q16655,1,,,
MLC1,Q15049,1,Cytosol,,Supported
MLEC,Q14165,1,,,
MLF1,P58340,1,"Nucleoplasm, Cytosol",,Approved
MLF2,Q15773,1,Nucleoplasm,"Plasma membrane, Cytosol",Approved
MLH1,P40692,1,Nucleoplasm,,Enhanced
MLH3,Q9UHC1,1,Nucleoplasm,,Approved
MLIP,Q5VWP3,1,"Nucleoplasm, Plasma membrane",Vesicles,Approved
MLKL,Q8NB16,1,Plasma membrane,"Cell Junctions, Cytosol",Supported
MLLT1,Q03111,1,Nucleoplasm,Nucleoli fibrillar center,Supported
MLLT10,P55197,1,Nucleoplasm,Cytosol,Supported
MLLT11,Q13015,1,"Nucleoplasm, Cytosol",,Supported
MLLT3,P42568,1,Nucleoplasm,Cytosol,Supported
MLLT6,P55198,1,Nucleoplasm,,Approved
MLN,P12872,1,,,
MLNR,O43193,1,"Plasma membrane, Cytosol",,Approved
MLPH,Q9BV36,1,,,
MLST8,Q9BVC4,1,Nucleoplasm,"Golgi apparatus, Cell Junctions",Approved
MLX,Q9UH92,1,Nucleoplasm,"Nuclear membrane, Cytosol",Supported
MLXIP,Q9HAP2,1,,,
MLXIPL,Q9NP71,1,Nucleoplasm,,Supported
MLYCD,O95822,1,,,
MMAA,Q8IVH4,1,Cytosol,,Supported
MMAB,Q96EY8,1,Mitochondria,,Approved
MMACHC,Q9Y4U1,1,Nucleoplasm,"Plasma membrane, Cytosol",Supported
MMADHC,Q9H3L0,1,,,
MMD,Q15546,1,Vesicles,,Approved
MMD2,Q8IY49,1,,,
MME,P08473,1,,,
MMEL1,Q495T6,1,,,
MMGT1,Q8N4V1,1,,,
MMP1,P03956,1,Vesicles,,Approved
MMP10,P09238,1,Cytosol,Plasma membrane,Approved
MMP11,P24347,1,Golgi apparatus,Cytosol,Approved
MMP12,P39900,1,,,
MMP13,P45452,1,,,
MMP14,P50281,1,Cytosol,Intermediate filaments,Approved
MMP15,P51511,1,"Plasma membrane, Cytosol",Nucleoplasm,Approved
MMP16,P51512,1,Cytosol,Vesicles,Approved
MMP17,Q9ULZ9,1,,,
MMP19,Q99542,1,"Endoplasmic reticulum, Vesicles",,Approved
MMP2,P08253,1,Vesicles,,Approved
MMP20,O60882,1,,,
MMP21,Q8N119,1,,,
MMP23B,O75900,1,,,
MMP24,Q9Y5R2,1,"Nucleoli, Plasma membrane",,Approved
MMP24OS,A0A0U1RRL7,1,,,
MMP25,Q9NPA2,1,Plasma membrane,,Supported
MMP26,Q9NRE1,1,,,
MMP27,Q9H306,1,,,
MMP28,Q9H239,1,,,
MMP3,P08254,1,Vesicles,,Supported
MMP7,P09237,1,"Nucleoplasm, Vesicles",,Approved
MMP8,P22894,1,Vesicles,,Approved
MMP9,P14780,1,Cytosol,,Approved
MMRN1,Q13201,1,Endoplasmic reticulum,,Approved
MMRN2,Q9H8L6,1,Vesicles,,Approved
MMS19,Q96T76,1,Nucleoplasm,,Enhanced
MMS22L,Q6ZRQ5,1,Nucleoplasm,,Supported
MMUT,P22033,1,Cytosol,Mitochondria,Approved
MN1,Q10571,1,Nucleoplasm,,Approved
MNAT1,P51948,1,Nucleoplasm,,Enhanced
MND1,Q9BWT6,1,,,
MNDA,P41218,1,Nucleoplasm,"Nucleoli, Nucleoli rim, Vesicles, Cytosol",Supported
MNS1,Q8NEH6,1,"Nucleoplasm, Nuclear speckles",Cytosol,Uncertain
MNT,Q99583,1,Nucleoplasm,,Enhanced
MNX1,P50219,1,Nucleoplasm,"Nucleoli, Cytosol",Approved
MOAP1,Q96BY2,1,Nucleoplasm,Cell Junctions,Approved
MOB1A,Q9H8S9,1,Nucleoli,"Nucleoplasm, Cytosol",Approved
MOB1B,Q7L9L4,1,"Nucleoplasm, Nucleoli",Cytosol,Supported
MOB2,Q70IA6,1,Nucleoli,"Nucleoplasm, Cytosol",Supported
MOB3A,Q96BX8,1,"Intermediate filaments, Cytosol",,Uncertain
MOB3B,Q86TA1,1,"Intermediate filaments, Cytosol",,Uncertain
MOB3C,Q70IA8,1,"Intermediate filaments, Cytosol",,Uncertain
MOB4,Q9Y3A3,1,,,
MOBP,Q13875,1,Cytoplasmic bodies,,Supported
MOCOS,Q96EN8,1,Mitochondria,Cytosol,Supported
MOCS1,Q9NZB8,1,Cytosol,,Enhanced
MOCS2,"O96007,O96033",2,Cytosol,"Nucleoplasm, Nuclear speckles",Supported
MOCS3,O95396,1,,,
MOG,Q16653,1,,,
MOGAT1,Q96PD6,1,Cytosol,Endoplasmic reticulum,Approved
MOGAT2,Q3SYC2,1,,,
MOGAT3,Q86VF5,1,,,
MOGS,Q13724,1,Endoplasmic reticulum,,Supported
MOK,Q9UQ07,1,Endoplasmic reticulum,,Supported
MON1A,Q86VX9,1,Cytosol,,Approved
MON1B,Q7L1V2,1,Cytosol,,Approved
MON2,Q7Z3U7,1,"Nucleoplasm, Nucleoli fibrillar center",,Approved
MORC1,Q86VD1,1,,,
MORC2,Q9Y6X9,1,Nucleoplasm,Cytosol,Supported
MORC3,Q14149,1,Nucleoplasm,Mitochondria,Enhanced
MORC4,Q8TE76,1,Nucleoplasm,,Enhanced
MORF4L1,Q9UBU8,1,Nuclear speckles,,Supported
MORF4L2,Q15014,1,Nucleoplasm,,Enhanced
MORN1,Q5T089,1,"Nucleoplasm, Mitochondria",,Approved
MORN2,Q502X0,1,Nucleoplasm,,Approved
MORN3,Q6PF18,1,Nucleoplasm,,Approved
MORN4,Q8NDC4,1,,,
MORN5,Q5VZ52,1,,,
MOS,P00540,1,,,
MOSMO,Q8NHV5,1,,,
MOSPD1,Q9UJG1,1,"Nucleoplasm, Vesicles",,Approved
MOSPD2,Q8NHP6,1,Endoplasmic reticulum,,Supported
MOSPD3,O75425,1,"Nucleoplasm, Cytosol",,Approved
MOV10,Q9HCE1,1,Cytosol,,Approved
MOV10L1,Q9BXT6,1,,,
MOXD1,Q6UVY6,1,Cytosol,,Approved
MPC1,Q9Y5U8,1,Mitochondria,,Enhanced
MPC1L,P0DKB6,1,,,
MPC2,O95563,1,,,
MPDU1,O75352,1,Endoplasmic reticulum,Mitochondria,Supported
MPDZ,O75970,1,,,
MPEG1,Q2M385,1,,,
MPG,P29372,1,Nucleoplasm,Cytosol,Supported
MPHOSPH10,O00566,1,"Nucleoli, Nucleoli rim",Mitotic chromosome,Enhanced
MPHOSPH6,Q99547,1,"Nucleoplasm, Nucleoli",,Supported
MPHOSPH8,Q99549,1,Nucleoplasm,"Plasma membrane, Cytosol",Supported
MPHOSPH9,Q99550,1,"Plasma membrane, Cytosol","Nucleoplasm, Golgi apparatus, Centrosome",Approved
MPI,P34949,1,Cytosol,Plasma membrane,Approved
MPIG6B,O95866,1,Golgi apparatus,"Nucleoplasm, Endoplasmic reticulum, Plasma membrane, Cytosol",Approved
MPL,P40238,1,Plasma membrane,Nuclear membrane,Supported
MPLKIP,Q8TAP9,1,Nucleoplasm,"Golgi apparatus, Vesicles",Supported
MPND,Q8N594,1,Nucleoli rim,Nucleoplasm,Approved
MPO,P05164,1,Vesicles,Nucleoplasm,Supported
MPP1,Q00013,1,Plasma membrane,Centriolar satellite,Supported
MPP2,Q14168,1,,,
MPP3,Q13368,1,"Nucleoplasm, Cytosol",,Approved
MPP4,Q96JB8,1,Cytosol,Actin filaments,Supported
MPP5,Q8N3R9,1,Nucleoplasm,"Plasma membrane, Cytosol",Uncertain
MPP6,Q9NZW5,1,,,
MPP7,Q5T2T1,1,Cell Junctions,Nucleoplasm,Supported
MPPE1,Q53F39,1,"Nucleoplasm, Golgi apparatus",,Approved
MPPED1,O15442,1,,,
MPPED2,Q15777,1,Nucleoli,"Vesicles, Mitochondria",Approved
MPRIP,Q6WCQ1,1,Actin filaments,Cytosol,Supported
MPST,P25325,1,Mitochondria,Cytosol,Approved
MPV17,P39210,1,,,
MPV17L,Q2QL34,1,Vesicles,,Supported
MPV17L2,Q567V2,1,,,
MPZ,P25189,1,,,
MPZL1,O95297,1,"Vesicles, Plasma membrane",,Supported
MPZL2,O60487,1,Cell Junctions,,Approved
MPZL3,Q6UWV2,1,Golgi apparatus,,Approved
MR1,Q95460,1,Plasma membrane,,Supported
MRAP,Q8TCY5,1,Endoplasmic reticulum,Vesicles,Supported
MRAP2,Q96G30,1,,,
MRAS,O14807,1,Cytosol,Vesicles,Approved
MRC1,P22897,1,,,
MRC2,Q9UBG0,1,,,
MRE11,P49959,1,Nucleoplasm,,Enhanced
MREG,Q8N565,1,Vesicles,,Approved
MRFAP1,Q9Y605,1,Nucleoplasm,,Supported
MRFAP1L1,Q96HT8,1,,,
MRGBP,Q9NV56,1,Nucleoplasm,,Supported
MRGPRD,Q8TDS7,1,,,
MRGPRE,Q86SM8,1,,,
MRGPRF,Q96AM1,1,"Nuclear membrane, Plasma membrane",,Supported
MRGPRG,Q86SM5,1,,,
MRGPRX1,Q96LB2,1,,,
MRGPRX2,Q96LB1,1,,,
MRGPRX3,Q96LB0,1,,,
MRGPRX4,Q96LA9,1,,,
MRI1,Q9BV20,1,"Nucleoplasm, Cytosol",Nucleoli fibrillar center,Supported
MRLN,P0DMT0,1,,,
MRM1,Q6IN84,1,Mitochondria,,Supported
MRM2,Q9UI43,1,,,
MRM3,Q9HC36,1,Mitochondria,,Supported
MRNIP,Q6NTE8,1,"Plasma membrane, Cytosol",,Approved
MRO,Q9BYG7,1,,,
MROH1,Q8NDA8,1,Nucleoplasm,Cytosol,Approved
MROH2A,A6NES4,1,Cytosol,,Uncertain
MROH2B,Q7Z745,1,,,
MROH6,A6NGR9,1,Nucleoplasm,,Approved
MROH7,Q68CQ1,1,,,
MROH8,,0,,,
MROH9,Q5TGP6,1,,,
MRPL1,Q9BYD6,1,Mitochondria,,Approved
MRPL10,Q7Z7H8,1,Mitochondria,,Enhanced
MRPL11,Q9Y3B7,1,Mitochondria,,Supported
MRPL12,P52815,1,Mitochondria,,Supported
MRPL13,Q9BYD1,1,,,
MRPL14,Q6P1L8,1,Mitochondria,,Supported
MRPL15,Q9P015,1,Mitochondria,,Supported
MRPL16,Q9NX20,1,,,
MRPL17,Q9NRX2,1,,,
MRPL18,Q9H0U6,1,,,
MRPL19,P49406,1,Mitochondria,,Supported
MRPL2,Q5T653,1,Mitochondria,Nucleoplasm,Supported
MRPL20,Q9BYC9,1,Mitochondria,,Supported
MRPL21,Q7Z2W9,1,"Nucleoplasm, Mitochondria",,Approved
MRPL22,Q9NWU5,1,Mitochondria,,Approved
MRPL23,Q16540,1,Mitochondria,Nucleoli fibrillar center,Supported
MRPL24,Q96A35,1,,,
MRPL27,Q9P0M9,1,,,
MRPL28,Q13084,1,Mitochondria,,Supported
MRPL3,P09001,1,,,
MRPL30,Q8TCC3,1,,,
MRPL32,Q9BYC8,1,,,
MRPL33,O75394,1,,,
MRPL34,Q9BQ48,1,,,
MRPL35,Q9NZE8,1,,,
MRPL36,Q9P0J6,1,"Nuclear bodies, Mitochondria",,Supported
MRPL37,Q9BZE1,1,Mitochondria,,Supported
MRPL38,Q96DV4,1,Mitochondria,,Supported
MRPL39,Q9NYK5,1,Mitochondria,,Supported
MRPL4,Q9BYD3,1,,,
MRPL40,Q9NQ50,1,Mitochondria,Nucleoli,Supported
MRPL41,Q8IXM3,1,Mitochondria,,Supported
MRPL42,Q9Y6G3,1,"Plasma membrane, Mitochondria",,Supported
MRPL43,Q8N983,1,"Nucleoplasm, Mitochondria",,Approved
MRPL44,Q9H9J2,1,Mitochondria,"Nucleoplasm, Nuclear bodies, Plasma membrane",Approved
MRPL45,,0,Mitochondria,,Enhanced
MRPL46,Q9H2W6,1,Mitochondria,"Nucleoplasm, Cell Junctions",Supported
MRPL47,Q9HD33,1,Mitochondria,,Supported
MRPL48,Q96GC5,1,Mitochondria,,Supported
MRPL49,Q13405,1,,,
MRPL50,Q8N5N7,1,Mitochondria,Cytosol,Supported
MRPL51,Q4U2R6,1,Mitochondria,,Supported
MRPL52,Q86TS9,1,Mitochondria,Nucleoplasm,Supported
MRPL53,Q96EL3,1,Mitochondria,,Supported
MRPL54,Q6P161,1,Mitochondria,,Approved
MRPL55,Q7Z7F7,1,,,
MRPL57,Q9BQC6,1,Mitochondria,,Supported
MRPL58,Q14197,1,Mitochondria,"Nucleoplasm, Plasma membrane",Supported
MRPL9,Q9BYD2,1,Mitochondria,,Supported
MRPS10,P82664,1,Mitochondria,Actin filaments,Approved
MRPS11,P82912,1,Mitochondria,,Supported
MRPS12,O15235,1,,,
MRPS14,O60783,1,Mitochondria,Nuclear membrane,Supported
MRPS15,P82914,1,Mitochondria,,Supported
MRPS16,Q9Y3D3,1,"Mitochondria, Cytosol",,Supported
MRPS17,Q9Y2R5,1,,,
MRPS18A,Q9NVS2,1,,,
MRPS18B,Q9Y676,1,Mitochondria,Cell Junctions,Supported
MRPS18C,Q9Y3D5,1,,,
MRPS2,Q9Y399,1,Mitochondria,,Supported
MRPS21,P82921,1,Mitochondria,,Supported
MRPS22,P82650,1,Mitochondria,,Supported
MRPS23,Q9Y3D9,1,Mitochondria,Nuclear membrane,Supported
MRPS24,Q96EL2,1,,,
MRPS25,P82663,1,Mitochondria,,Supported
MRPS26,Q9BYN8,1,Mitochondria,,Supported
MRPS27,Q92552,1,Mitochondria,Nucleoli,Supported
MRPS28,Q9Y2Q9,1,Mitochondria,,Supported
MRPS30,Q9NP92,1,,,
MRPS31,Q92665,1,Mitochondria,Nucleoli,Supported
MRPS33,Q9Y291,1,,,
MRPS34,P82930,1,Mitochondria,,Supported
MRPS35,P82673,1,Mitochondria,Cytosol,Approved
MRPS36,P82909,1,Mitochondria,,Enhanced
MRPS5,P82675,1,Mitochondria,,Supported
MRPS6,P82932,1,Mitochondria,,Supported
MRPS7,Q9Y2R9,1,Mitochondria,,Approved
MRPS9,P82933,1,Mitochondria,,Supported
MRRF,Q96E11,1,"Microtubules, Cytokinetic bridge",,Approved
MRS2,Q9HD23,1,,,
MRTFA,Q969V6,1,Nucleoplasm,Cytosol,Supported
MRTFB,Q9ULH7,1,Nuclear speckles,,Supported
MRTO4,Q9UKD2,1,"Nucleoplasm, Nuclear membrane",Nucleoli,Approved
MS4A1,P11836,1,Plasma membrane,,Supported
MS4A10,Q96PG2,1,,,
MS4A12,Q9NXJ0,1,"Plasma membrane, Cytosol","Nucleoli, Endoplasmic reticulum, Golgi apparatus",Approved
MS4A13,Q5J8X5,1,,,
MS4A14,Q96JA4,1,Nucleoplasm,Plasma membrane,Approved
MS4A15,Q8N5U1,1,Plasma membrane,Cytosol,Approved
MS4A18,Q3C1V0,1,,,
MS4A2,Q01362,1,,,
MS4A3,Q96HJ5,1,Golgi apparatus,,Approved
MS4A4A,Q96JQ5,1,,,
MS4A4E,Q96PG1,1,,,
MS4A5,Q9H3V2,1,,,
MS4A6A,Q9H2W1,1,Vesicles,,Approved
MS4A6E,Q96DS6,1,Vesicles,,Approved
MS4A7,Q9GZW8,1,,,
MS4A8,Q9BY19,1,,,
MSANTD1,Q6ZTZ1,1,Nucleoplasm,Cytosol,Approved
MSANTD2,Q6P1R3,1,Nuclear bodies,Nucleoplasm,Supported
MSANTD3,Q96H12,1,Nucleoplasm,,Approved
MSANTD3-TMEFF1,,0,,,
MSANTD4,Q8NCY6,1,Nucleoplasm,,Approved
MSANTD5,,0,,,
MSC,O60682,1,Nucleoplasm,,Supported
MSGN1,A6NI15,1,,,
MSH2,P43246,1,Nucleoplasm,Vesicles,Supported
MSH3,P20585,1,Nuclear bodies,,Approved
MSH4,O15457,1,,,
MSH5,O43196,1,Nucleoli fibrillar center,,Approved
MSH6,P52701,1,Nucleoplasm,"Golgi apparatus, Vesicles",Supported
MSI1,O43347,1,Nucleoplasm,Cytosol,Approved
MSI2,Q96DH6,1,Cytosol,,Supported
MSL1,Q68DK7,1,Nucleoplasm,,Enhanced
MSL2,Q9HCI7,1,"Nucleoplasm, Cytosol",,Approved
MSL3,Q8N5Y2,1,Nucleoplasm,,Approved
MSLN,Q13421,1,Vesicles,Nucleoplasm,Supported
MSLNL,Q96KJ4,1,,,
MSMB,P08118,1,,,
MSMO1,Q15800,1,Endoplasmic reticulum,,Approved
MSMP,Q1L6U9,1,Vesicles,Cytosol,Supported
MSN,P26038,1,Plasma membrane,,Enhanced
MSR1,P21757,1,,,
MSRA,Q9UJ68,1,"Nucleoplasm, Cytosol","Plasma membrane, Actin filaments",Supported
MSRB1,Q9NZV6,1,Nucleoplasm,,Enhanced
MSRB2,Q9Y3D2,1,,,
MSRB3,Q8IXL7,1,,,
MSS51,Q4VC12,1,Vesicles,Cytosol,Uncertain
MST1,,0,,,
MST1R,Q04912,1,Cytosol,,Approved
MSTN,O14793,1,,,
MSTO1,Q9BUK6,1,Cytosol,,Enhanced
MSX1,P28360,1,Nucleoplasm,,Supported
MSX2,P35548,1,Nuclear speckles,,Supported
MT-ATP6,P00846,1,,,
MT-ATP8,P03928,1,,,
MT-CO1,P00395,1,Mitochondria,,Supported
MT-CO2,P00403,1,,,
MT-CO3,P00414,1,,,
MT-CYB,P00156,1,Mitochondria,,Supported
MT-ND1,P03886,1,,,
MT-ND2,P03891,1,,,
MT-ND3,P03897,1,Cytosol,,Uncertain
MT-ND4,P03905,1,Mitochondria,,Supported
MT-ND4L,P03901,1,Mitochondria,"Centrosome, Cytosol",Approved
MT-ND5,P03915,1,,,
MT-ND6,P03923,1,,,
MT1A,P04731,1,,,
MT1B,P07438,1,,,
MT1E,P04732,1,Nucleoplasm,,Approved
MT1F,P04733,1,,,
MT1G,P13640,1,,,
MT1H,P80294,1,,,
MT1HL1,P0DM35,1,,,
MT1M,Q8N339,1,,,
MT1X,P80297,1,,,
MT2A,P02795,1,,,
MT3,P25713,1,,,
MT4,P47944,1,,,
MTA1,Q13330,1,Nucleoplasm,Cytosol,Enhanced
MTA2,O94776,1,Nucleoplasm,,Enhanced
MTA3,Q9BTC8,1,Nucleoplasm,Vesicles,Supported
MTAP,Q13126,1,Cytosol,Nucleoplasm,Supported
MTARC1,Q5VT66,1,Mitochondria,,Supported
MTARC2,Q969Z3,1,,,
MTBP,Q96DY7,1,Nucleoplasm,Nuclear bodies,Approved
MTCH1,Q9NZJ7,1,,,
MTCH2,Q9Y6C9,1,Mitochondria,,Approved
MTCL1,Q9Y4B5,1,,,
MTCP1,P56278,1,Nucleoplasm,Plasma membrane,Approved
MTDH,Q86UE4,1,Endoplasmic reticulum,,Enhanced
MTERF1,Q99551,1,Mitochondria,,Supported
MTERF2,Q49AM1,1,,,
MTERF3,Q96E29,1,Mitochondria,Cytosol,Supported
MTERF4,Q7Z6M4,1,"Mitochondria, Cytosol",,Supported
MTF1,Q14872,1,Nucleoplasm,,Enhanced
MTF2,Q9Y483,1,Nucleoplasm,,Supported
MTFMT,Q96DP5,1,Nucleoplasm,Cytosol,Approved
MTFP1,Q9UDX5,1,Mitochondria,,Approved
MTFR1,Q15390,1,Mitochondria,Cytosol,Supported
MTFR1L,Q9H019,1,Mitochondria,Cell Junctions,Approved
MTFR2,Q6P444,1,Vesicles,,Uncertain
MTG1,Q9BT17,1,Mitochondria,,Supported
MTG2,Q9H4K7,1,,,
MTHFD1,,0,Cytosol,,Enhanced
MTHFD1L,Q6UB35,1,Mitochondria,,Enhanced
MTHFD2,P13995,1,Mitochondria,,Supported
MTHFD2L,Q9H903,1,,,
MTHFR,P42898,1,Cell Junctions,,Approved
MTHFS,P49914,1,Cytosol,,Supported
MTHFSD,Q2M296,1,"Nucleoplasm, Vesicles",,Approved
MTIF2,P46199,1,Mitochondria,,Enhanced
MTIF3,Q9H2K0,1,Mitochondria,Nucleoplasm,Supported
MTLN,Q8NCU8,1,,,
MTM1,Q13496,1,Plasma membrane,,Supported
MTMR1,Q13613,1,Vesicles,,Approved
MTMR10,Q9NXD2,1,"Nucleoplasm, Nuclear bodies",Cytosol,Approved
MTMR11,A4FU01,1,Centrosome,,Approved
MTMR12,Q9C0I1,1,,,
MTMR14,Q8NCE2,1,,,
MTMR2,Q13614,1,Vesicles,,Supported
MTMR3,Q13615,1,Nucleoplasm,Cytosol,Uncertain
MTMR4,Q9NYA4,1,,,
MTMR6,Q9Y217,1,,,
MTMR7,Q9Y216,1,"Nucleoplasm, Cytosol",,Approved
MTMR8,Q96EF0,1,,,
MTMR9,Q96QG7,1,Centrosome,Actin filaments,Approved
MTNR1A,P48039,1,,,
MTNR1B,P49286,1,,,
MTO1,Q9Y2Z2,1,Nucleoplasm,Cytosol,Approved
MTOR,P42345,1,"Golgi apparatus, Cytosol",,Supported
MTPAP,Q9NVV4,1,Mitochondria,"Nucleoplasm, Vesicles",Supported
MTPN,P58546,1,"Plasma membrane, Cytosol",,Approved
MTR,Q99707,1,Cytosol,,Supported
MTRES1,Q9P0P8,1,,,
MTREX,P42285,1,Nucleoplasm,,Supported
MTRF1,O75570,1,,,
MTRF1L,Q9UGC7,1,,,
MTRNR2L1,P0CJ68,1,,,
MTRNR2L10,P0CJ77,1,,,
MTRNR2L11,S4R3Y5,1,,,
MTRNR2L12,P0DMP1,1,,,
MTRNR2L13,S4R3P1,1,,,
MTRNR2L3,P0CJ70,1,,,
MTRNR2L4,P0CJ71,1,,,
MTRNR2L5,P0CJ72,1,,,
MTRNR2L6,P0CJ73,1,,,
MTRNR2L7,P0CJ74,1,,,
MTRNR2L8,P0CJ75,1,,,
MTRR,Q9UBK8,1,"Nucleoplasm, Cytosol",Intermediate filaments,Approved
MTSS1,O43312,1,"Plasma membrane, Cytosol",,Approved
MTSS2,Q765P7,1,Focal adhesion sites,,Supported
MTTP,P55157,1,"Endoplasmic reticulum, Cytosol",,Approved
MTURN,Q8N3F0,1,Cytosol,,Approved
MTUS1,Q9ULD2,1,"Nucleoli, Microtubules",,Enhanced
MTUS2,Q5JR59,1,"Microtubules, Cytokinetic bridge",,Supported
MTX1,Q13505,1,Mitochondria,,Approved
MTX2,O75431,1,Mitochondria,Nucleoli,Supported
MTX3,Q5HYI7,1,Mitochondria,,Approved
MUC1,P15941,1,Plasma membrane,,Supported
MUC12,Q9UKN1,1,,,
MUC13,Q9H3R2,1,,,
MUC15,Q8N387,1,,,
MUC16,Q8WXI7,1,,,
MUC17,Q685J3,1,,,
MUC19,,0,,,
MUC2,,0,,,
MUC20,Q8N307,1,"Nucleoplasm, Cytosol",Plasma membrane,Approved
MUC21,Q5SSG8,1,,,
MUC22,E2RYF6,1,,,
MUC3A,Q02505,1,Cell Junctions,,Uncertain
MUC4,Q99102,1,,,
MUC5AC,P98088,1,,,
MUC5B,Q9HC84,1,Vesicles,,Supported
MUC6,Q6W4X9,1,,,
MUC7,Q8TAX7,1,,,
MUCL1,Q96DR8,1,,,
MUCL3,Q3MIW9,1,,,
MUL1,Q969V5,1,"Nucleoplasm, Mitochondria, Cytosol",,Approved
MUS81,Q96NY9,1,Nucleoli fibrillar center,Nucleoplasm,Supported
MUSK,O15146,1,,,
MUSTN1,Q8IVN3,1,,,
MUTYH,Q9UIF7,1,Nucleoplasm,,Supported
MVB12A,Q96EY5,1,Vesicles,,Supported
MVB12B,Q9H7P6,1,"Golgi apparatus, Vesicles",,Approved
MVD,P53602,1,Cytosol,Cell Junctions,Approved
MVK,Q03426,1,"Vesicles, Cytosol",,Supported
MVP,Q14764,1,Cytosol,,Supported
MX1,P20591,1,"Nuclear membrane, Cytosol",,Supported
MX2,P20592,1,,,
MXD1,Q05195,1,"Nucleoplasm, Mitochondria",Cytosol,Uncertain
MXD3,Q9BW11,1,"Nucleoplasm, Nucleoli",,Approved
MXD4,Q14582,1,Cytosol,,Supported
MXI1,P50539,1,Nucleoplasm,"Nucleoli, Nucleoli rim, Cytosol",Supported
MXRA5,Q9NR99,1,Mitochondria,,Uncertain
MXRA7,P84157,1,Endoplasmic reticulum,,Enhanced
MXRA8,Q9BRK3,1,Nucleoli,,Approved
MYADM,Q96S97,1,Nuclear speckles,,Approved
MYADML2,A6NDP7,1,,,
MYB,P10242,1,Nucleoplasm,Cytosol,Supported
MYBBP1A,Q9BQG0,1,Nucleoli,Vesicles,Supported
MYBL1,P10243,1,Nucleoplasm,,Supported
MYBL2,P10244,1,Nucleoplasm,Cytosol,Supported
MYBPC1,Q00872,1,,,
MYBPC2,Q14324,1,,,
MYBPC3,Q14896,1,,,
MYBPH,Q13203,1,"Nucleoplasm, Nucleoli, Mitochondria",,Approved
MYBPHL,A2RUH7,1,Vesicles,,Approved
MYC,P01106,1,Nucleoplasm,,Enhanced
MYCBP,Q99417,1,Nucleoplasm,Mitochondria,Approved
MYCBP2,O75592,1,Nucleoplasm,"Vesicles, Cytosol",Supported
MYCBPAP,Q8TBZ2,1,Vesicles,,Approved
MYCL,P12524,1,Nucleoplasm,Mitotic chromosome,Enhanced
MYCN,P04198,1,Nucleoli,Nucleoplasm,Approved
MYCT1,Q8N699,1,Nucleoplasm,Vesicles,Supported
MYD88,Q99836,1,Cytosol,"Vesicles, Mitochondria",Supported
MYDGF,Q969H8,1,,,
MYEF2,,0,Nucleoplasm,,Supported
MYEOV,Q96EZ4,1,Nucleoplasm,Vesicles,Approved
MYF5,P13349,1,Nucleoplasm,,Supported
MYF6,P23409,1,Nucleoplasm,"Mitotic spindle, Cytosol",Supported
MYG1,Q9HB07,1,Nucleoplasm,,Supported
MYH1,P12882,1,Focal adhesion sites,,Uncertain
MYH10,P35580,1,Actin filaments,"Mitochondria, Cytosol",Supported
MYH11,P35749,1,"Plasma membrane, Cytosol",,Enhanced
MYH13,Q9UKX3,1,,,
MYH14,Q7Z406,1,Nucleoplasm,,Approved
MYH15,Q9Y2K3,1,Cytosol,Vesicles,Approved
MYH2,Q9UKX2,1,Focal adhesion sites,,Uncertain
MYH3,P11055,1,,,
MYH4,Q9Y623,1,Focal adhesion sites,,Uncertain
MYH6,P13533,1,Focal adhesion sites,,Uncertain
MYH7,P12883,1,Focal adhesion sites,,Uncertain
MYH7B,A7E2Y1,1,,,
MYH8,P13535,1,Focal adhesion sites,,Uncertain
MYH9,P35579,1,"Plasma membrane, Actin filaments","Nuclear bodies, Cytosol",Supported
MYL1,P05976,1,,,
MYL10,Q9BUA6,1,Microtubules,,Uncertain
MYL12A,P19105,1,,,
MYL12B,O14950,1,,,
MYL2,P10916,1,Microtubules,,Uncertain
MYL3,P08590,1,"Nucleoli, Mitochondria",,Approved
MYL4,P12829,1,Plasma membrane,,Approved
MYL5,Q02045,1,"Nucleoplasm, Nucleoli",,Uncertain
MYL6,P60660,1,,,
MYL6B,P14649,1,,,
MYL7,Q01449,1,,,
MYL9,P24844,1,,,
MYLIP,Q8WY64,1,,,
MYLK,Q15746,1,Actin filaments,Plasma membrane,Enhanced
MYLK2,Q9H1R3,1,Endoplasmic reticulum,,Supported
MYLK3,Q32MK0,1,Nucleoplasm,Vesicles,Approved
MYLK4,Q86YV6,1,Golgi apparatus,"Nucleoli, Vesicles",Approved
MYLPF,Q96A32,1,,,
MYMK,A6NI61,1,,,
MYMX,A0A1B0GTQ4,1,Vesicles,"Mitochondria, Cytosol",Approved
MYNN,Q9NPC7,1,Nucleoplasm,,Supported
MYO10,Q9HD67,1,"Plasma membrane, Cytosol",Nucleoli rim,Supported
MYO15A,Q9UKN7,1,,,
MYO15B,Q96JP2,1,Cytosol,,Approved
MYO16,Q9Y6X6,1,Vesicles,,Approved
MYO18A,Q92614,1,,,
MYO18B,Q8IUG5,1,"Nucleoplasm, Centrosome",,Supported
MYO19,Q96H55,1,Mitochondria,Cytosol,Enhanced
MYO1A,Q9UBC5,1,Nucleoplasm,,Approved
MYO1B,O43795,1,Plasma membrane,,Enhanced
MYO1C,O00159,1,"Nuclear bodies, Plasma membrane",,Enhanced
MYO1D,O94832,1,Cytosol,,Approved
MYO1E,Q12965,1,"Nucleoplasm, Plasma membrane",Cytosol,Approved
MYO1F,O00160,1,Cytosol,,Enhanced
MYO1G,B0I1T2,1,Plasma membrane,Nucleoplasm,Supported
MYO1H,,0,,,
MYO3A,Q8NEV4,1,"Actin filaments, Cytoplasmic bodies",Plasma membrane,Supported
MYO3B,Q8WXR4,1,,,
MYO5A,Q9Y4I1,1,"Focal adhesion sites, Centriolar satellite",,Approved
MYO5B,Q9ULV0,1,Plasma membrane,,Approved
MYO5C,Q9NQX4,1,Cytosol,Nucleoplasm,Supported
MYO6,Q9UM54,1,Nucleoplasm,,Supported
MYO7A,Q13402,1,,,
MYO7B,Q6PIF6,1,,,
MYO9A,B2RTY4,1,Plasma membrane,,Approved
MYO9B,Q13459,1,Cytosol,,Supported
MYOC,Q99972,1,,,
MYOCD,Q8IZQ8,1,Nucleoplasm,,Approved
MYOCOS,A0A1B0GUC4,1,,,
MYOD1,P15172,1,Nucleoplasm,,Enhanced
MYOF,Q9NZM1,1,Vesicles,Plasma membrane,Supported
MYOG,P15173,1,Nucleoplasm,,Supported
MYOM1,P52179,1,,,
MYOM2,P54296,1,Mitochondria,,Approved
MYOM3,Q5VTT5,1,Vesicles,"Golgi apparatus, Cytokinetic bridge",Approved
MYORG,Q6NSJ0,1,Mitochondria,,Approved
MYOT,Q9UBF9,1,,,
MYOZ1,Q9NP98,1,,,
MYOZ2,Q9NPC6,1,"Nucleoplasm, Cytosol",,Approved
MYOZ3,Q8TDC0,1,,,
MYPN,Q86TC9,1,Nucleoplasm,"Vesicles, Cytosol",Supported
MYPOP,Q86VE0,1,Nucleoplasm,,Approved
MYRF,Q9Y2G1,1,Nucleoplasm,Cytosol,Approved
MYRFL,Q96LU7,1,Nucleoli,,Uncertain
MYRIP,Q8NFW9,1,"Nucleoplasm, Nucleoli fibrillar center, Golgi apparatus",,Approved
MYSM1,Q5VVJ2,1,Nucleoplasm,Nucleoli,Supported
MYT1,Q01538,1,Nucleoplasm,Cytosol,Supported
MYT1L,Q9UL68,1,Vesicles,,Approved
MYZAP,P0CAP1,1,,,
MZB1,Q8WU39,1,Golgi apparatus,,Approved
MZF1,P28698,1,Nucleoplasm,,Supported
MZT1,Q08AG7,1,,,
MZT2A,Q6P582,1,Centrosome,Cytosol,Supported
MZT2B,Q6NZ67,1,Centrosome,Cytosol,Supported
N4BP1,O75113,1,Nucleoli fibrillar center,"Nucleoplasm, Cytosol",Approved
N4BP2,Q86UW6,1,Nucleoplasm,"Plasma membrane, Cytosol",Approved
N4BP2L1,Q5TBK1,1,Cytosol,,Approved
N4BP2L2,Q92802,1,Nucleoplasm,,Approved
N4BP3,O15049,1,Nucleoplasm,Centrosome,Supported
N6AMT1,Q9Y5N5,1,Nucleoplasm,Centrosome,Approved
NAA10,P41227,1,Cytosol,Nucleoli,Supported
NAA11,Q9BSU3,1,Nucleoplasm,"Golgi apparatus, Centrosome, Cytosol",Supported
NAA15,Q9BXJ9,1,Cytosol,Nuclear bodies,Supported
NAA16,Q6N069,1,Cytosol,,Enhanced
NAA20,P61599,1,Cytosol,,Supported
NAA25,Q14CX7,1,"Golgi apparatus, Cytosol",,Supported
NAA30,Q147X3,1,Cytosol,,Supported
NAA35,Q5VZE5,1,"Nucleoplasm, Plasma membrane, Cytosol",,Approved
NAA38,Q9BRA0,1,Nucleoplasm,,Supported
NAA40,Q86UY6,1,Nucleoplasm,"Centriolar satellite, Cytosol",Supported
NAA50,Q9GZZ1,1,Nucleoli,,Supported
NAA60,Q9H7X0,1,"Actin filaments, Cytosol",,Uncertain
NAA80,Q93015,1,,,
NAAA,Q02083,1,,,
NAALAD2,Q9Y3Q0,1,Nucleoplasm,,Approved
NAALADL1,Q9UQQ1,1,Cytosol,,Uncertain
NAALADL2,Q58DX5,1,Nucleoplasm,,Enhanced
NAB1,Q13506,1,"Nucleoplasm, Plasma membrane",Golgi apparatus,Approved
NAB2,Q15742,1,"Nucleoplasm, Cytosol",,Approved
NABP1,Q96AH0,1,Nucleoplasm,Cytosol,Enhanced
NABP2,Q9BQ15,1,Nucleoplasm,,Enhanced
NACA,"E9PAV3,Q13765",2,Cytosol,,Approved
NACA2,Q9H009,1,Cytosol,,Approved
NACAD,O15069,1,Cytosol,Nucleoplasm,Approved
NACC1,Q96RE7,1,Nucleoplasm,Vesicles,Enhanced
NACC2,Q96BF6,1,"Nucleoli, Mitochondria",,Approved
NADK,O95544,1,Nucleoplasm,Cytosol,Approved
NADK2,Q4G0N4,1,Mitochondria,,Supported
NADSYN1,Q6IA69,1,Vesicles,"Golgi apparatus, Cytosol",Approved
NAE1,Q13564,1,Nucleoplasm,"Microtubules, Centrosome",Approved
NAF1,Q96HR8,1,Nucleoplasm,Cytosol,Enhanced
NAGA,P17050,1,,,
NAGK,Q9UJ70,1,Cytosol,Nucleoplasm,Approved
NAGLU,P54802,1,,,
NAGPA,Q9UK23,1,,,
NAGS,Q8N159,1,Mitochondria,,Supported
NAIF1,Q69YI7,1,Nucleoplasm,"Plasma membrane, Cytosol",Approved
NAIP,Q13075,1,,,
NALCN,Q8IZF0,1,,,
NAMPT,P43490,1,Nuclear speckles,Cell Junctions,Approved
NANOG,Q9H9S0,1,Nucleoplasm,Vesicles,Supported
NANOGNB,Q7Z5D8,1,,,
NANOGP8,Q6NSW7,1,Nucleoplasm,Vesicles,Supported
NANOS1,Q8WY41,1,"Nucleoplasm, Cytosol",,Approved
NANOS2,P60321,1,,,
NANOS3,P60323,1,Nucleoplasm,Cytosol,Supported
NANP,Q8TBE9,1,Nuclear membrane,,Approved
NANS,Q9NR45,1,Nucleoplasm,,Enhanced
NAP1L1,P55209,1,Microtubules,,Uncertain
NAP1L2,Q9ULW6,1,"Plasma membrane, Cytosol",,Enhanced
NAP1L3,Q99457,1,Vesicles,"Nucleoplasm, Nucleoli",Uncertain
NAP1L4,Q99733,1,Nucleoplasm,,Supported
NAP1L5,Q96NT1,1,Nucleoplasm,Cytosol,Approved
NAPA,P54920,1,Cytosol,,Uncertain
NAPB,Q9H115,1,Cytosol,,Uncertain
NAPEPLD,Q6IQ20,1,Cytosol,,Approved
NAPG,Q99747,1,Plasma membrane,Endoplasmic reticulum,Approved
NAPRT,Q6XQN6,1,Golgi apparatus,"Nucleoplasm, Cytosol",Approved
NAPSA,O96009,1,,,
NARF,Q9UHQ1,1,Nucleoplasm,Nucleoli,Supported
NARS1,O43776,1,Cytosol,,Supported
NARS2,Q96I59,1,"Nucleoplasm, Mitochondria",Cytosol,Approved
NASP,P49321,1,Nucleoplasm,,Enhanced
NAT1,P18440,1,,,
NAT10,Q9H0A0,1,Nucleoli,Midbody,Enhanced
NAT14,Q8WUY8,1,Mitochondria,,Approved
NAT16,Q8N8M0,1,Nucleoplasm,,Approved
NAT2,P11245,1,,,
NAT8,Q9UHE5,1,Endoplasmic reticulum,,Approved
NAT8L,Q8N9F0,1,Mitochondria,,Approved
NAT9,Q9BTE0,1,Nucleoplasm,,Approved
NATD1,Q8N6N6,1,,,
NAV1,Q8NEY1,1,Microtubules,,Approved
NAV2,Q8IVL1,1,Nucleoplasm,,Supported
NAV3,Q8IVL0,1,Nuclear membrane,Cytosol,Approved
NAXD,Q8IW45,1,,,
NAXE,Q8NCW5,1,Nucleoplasm,"Vesicles, Cytosol",Approved
NBAS,A2RRP1,1,Golgi apparatus,"Nuclear membrane, Nucleoli",Approved
NBDY,A0A0U1RRE5,1,,,
NBEA,Q8NFP9,1,Golgi apparatus,"Nucleoplasm, Nucleoli, Cytosol",Supported
NBEAL1,Q6ZS30,1,Nucleoplasm,Cytosol,Approved
NBEAL2,Q6ZNJ1,1,,,
NBL1,P41271,1,,,
NBN,O60934,1,Nucleoplasm,"Mitotic chromosome, Golgi apparatus",Supported
NBPF1,Q3BBV0,1,Cytosol,Microtubules,Approved
NBPF10,,0,Cytosol,Microtubules,Approved
NBPF11,Q86T75,1,Cytosol,Microtubules,Approved
NBPF12,Q5TAG4,1,Cytosol,Microtubules,Approved
NBPF14,,0,Cytosol,Microtubules,Approved
NBPF15,Q8N660,1,Cytosol,Microtubules,Approved
NBPF19,A0A087WUL8,1,Cytosol,Microtubules,Approved
NBPF20,P0DPF2,1,Cytosol,Microtubules,Approved
NBPF26,,0,Cytosol,Microtubules,Approved
NBPF3,Q9H094,1,,,
NBPF4,Q96M43,1,"Nucleoplasm, Cytosol",,Approved
NBPF6,Q5VWK0,1,"Nucleoplasm, Cytosol",,Approved
NBPF9,P0DPF3,1,Cytosol,Microtubules,Approved
NBR1,Q14596,1,Vesicles,"Nucleoplasm, Nuclear bodies",Supported
NCALD,P61601,1,,,
NCAM1,P13591,1,Plasma membrane,Cytosol,Enhanced
NCAM2,O15394,1,"Nuclear bodies, Plasma membrane",,Supported
NCAN,O14594,1,,,
NCAPD2,Q15021,1,Cytosol,"Nucleoplasm, Nucleoli",Supported
NCAPD3,P42695,1,Nucleoplasm,,Supported
NCAPG,Q9BPX3,1,,,
NCAPG2,Q86XI2,1,Nucleoplasm,Nuclear speckles,Supported
NCAPH,Q15003,1,Cytosol,Nucleoplasm,Supported
NCAPH2,Q6IBW4,1,Nucleoplasm,"Cell Junctions, Cytokinetic bridge",Supported
NCBP1,Q09161,1,Cytosol,Nucleoplasm,Supported
NCBP2,P52298,1,Nucleoplasm,,Enhanced
NCBP2AS2,Q69YL0,1,,,
NCBP2L,A6PVI3,1,,,
NCBP3,Q53F19,1,Nuclear speckles,,Approved
NCCRP1,Q6ZVX7,1,Cytosol,,Supported
NCDN,Q9UBB6,1,Cytosol,,Supported
NCEH1,Q6PIU2,1,Endoplasmic reticulum,,Approved
NCF1,P14598,1,,,
NCF2,P19878,1,Cytosol,,Supported
NCF4,Q15080,1,Cytosol,,Enhanced
NCK1,P16333,1,"Plasma membrane, Cytosol",,Approved
NCK2,O43639,1,,,
NCKAP1,Q9Y2A7,1,Cytosol,,Approved
NCKAP1L,P55160,1,Cytosol,Plasma membrane,Supported
NCKAP5,O14513,1,Nucleoli,"Golgi apparatus, Plasma membrane, Cytosol",Approved
NCKAP5L,Q9HCH0,1,,,
NCKIPSD,Q9NZQ3,1,Plasma membrane,,Enhanced
NCL,P19338,1,"Nucleoplasm, Nucleoli, Nucleoli rim",Mitotic chromosome,Enhanced
NCLN,Q969V3,1,Lipid droplets,Nucleoplasm,Approved
NCMAP,Q5T1S8,1,,,
NCOA1,Q15788,1,Nucleoplasm,"Plasma membrane, Cytosol",Enhanced
NCOA2,Q15596,1,"Nucleoplasm, Nuclear bodies",,Supported
NCOA3,Q9Y6Q9,1,Nucleoplasm,Cytosol,Supported
NCOA4,Q13772,1,Nucleoli,"Golgi apparatus, Cytosol",Approved
NCOA5,Q9HCD5,1,"Nucleoplasm, Actin filaments",,Supported
NCOA6,Q14686,1,Nucleoplasm,,Supported
NCOA7,Q8NI08,1,"Nucleoplasm, Nuclear bodies",Golgi apparatus,Approved
NCOR1,O75376,1,Nucleoplasm,Cytosol,Enhanced
NCOR2,Q9Y618,1,Nucleoplasm,,Supported
NCR1,O76036,1,,,
NCR2,O95944,1,,,
NCR3,O14931,1,,,
NCR3LG1,Q68D85,1,,,
NCS1,P62166,1,Plasma membrane,,Enhanced
NCSTN,Q92542,1,Cytosol,,Approved
NDC1,Q9BTX1,1,Nuclear membrane,"Plasma membrane, Actin filaments",Supported
NDC80,O14777,1,Nucleoplasm,Centrosome,Supported
NDE1,Q9NXR1,1,,,
NDEL1,Q9GZM8,1,,,
NDFIP1,Q9BT67,1,,,
NDFIP2,Q9NV92,1,Vesicles,,Supported
NDN,Q99608,1,"Nucleoplasm, Cytosol",,Approved
NDNF,Q8TB73,1,Vesicles,,Supported
NDOR1,Q9UHB4,1,Cytosol,"Nucleoplasm, Intermediate filaments",Approved
NDP,Q00604,1,Vesicles,"Nucleoplasm, Nucleoli",Supported
NDRG1,Q92597,1,Cytosol,Microtubules,Supported
NDRG2,Q9UN36,1,Centriolar satellite,"Nucleoplasm, Cytosol",Approved
NDRG3,Q9UGV2,1,Cytosol,Vesicles,Approved
NDRG4,Q9ULP0,1,"Nucleoplasm, Cytosol",,Uncertain
NDST1,P52848,1,,,
NDST2,P52849,1,Cytosol,,Approved
NDST3,O95803,1,,,
NDST4,Q9H3R1,1,,,
NDUFA1,O15239,1,Cytosol,Mitochondria,Approved
NDUFA10,O95299,1,Mitochondria,,Supported
NDUFA11,Q86Y39,1,Mitochondria,,Approved
NDUFA12,Q9UI09,1,Mitochondria,Cytosol,Supported
NDUFA13,Q9P0J0,1,Mitochondria,,Supported
NDUFA2,O43678,1,,,
NDUFA3,O95167,1,,,
NDUFA4,O00483,1,Mitochondria,,Supported
NDUFA4L2,Q9NRX3,1,Mitochondria,,Approved
NDUFA5,Q16718,1,,,
NDUFA6,P56556,1,,,
NDUFA7,O95182,1,Mitochondria,,Supported
NDUFA8,P51970,1,Mitochondria,,Supported
NDUFA9,Q16795,1,Mitochondria,Nucleoplasm,Approved
NDUFAB1,O14561,1,Mitochondria,Nucleoplasm,Supported
NDUFAF1,Q9Y375,1,"Mitochondria, Cytosol",,Approved
NDUFAF2,Q8N183,1,Mitochondria,,Enhanced
NDUFAF3,Q9BU61,1,,,
NDUFAF4,Q9P032,1,Mitochondria,Cytosol,Supported
NDUFAF5,Q5TEU4,1,,,
NDUFAF6,Q330K2,1,,,
NDUFAF7,Q7L592,1,,,
NDUFAF8,A1L188,1,Mitochondria,,Supported
NDUFB1,O75438,1,Mitochondria,Nuclear speckles,Supported
NDUFB10,O96000,1,,,
NDUFB11,Q9NX14,1,Mitochondria,,Approved
NDUFB2,O95178,1,Nucleoplasm,Mitochondria,Uncertain
NDUFB3,O43676,1,,,
NDUFB4,O95168,1,Mitochondria,"Nucleoplasm, Nuclear membrane",Supported
NDUFB5,O43674,1,Mitochondria,Nucleoplasm,Supported
NDUFB6,O95139,1,Mitochondria,,Enhanced
NDUFB7,P17568,1,,,
NDUFB8,O95169,1,Mitochondria,,Enhanced
NDUFB9,Q9Y6M9,1,Mitochondria,,Supported
NDUFC1,O43677,1,Mitochondria,,Supported
NDUFC2,O95298,1,Mitochondria,,Supported
NDUFC2-KCTD14,E9PQ53,1,Mitochondria,,Supported
NDUFS1,P28331,1,Mitochondria,,Supported
NDUFS2,O75306,1,Mitochondria,,Supported
NDUFS3,O75489,1,Mitochondria,Nuclear bodies,Supported
NDUFS4,O43181,1,Mitochondria,,Supported
NDUFS5,O43920,1,,,
NDUFS6,O75380,1,,,
NDUFS7,O75251,1,,,
NDUFS8,O00217,1,Mitochondria,,Approved
NDUFV1,P49821,1,Mitochondria,Cytosol,Supported
NDUFV2,P19404,1,Mitochondria,"Nucleoplasm, Cytosol",Approved
NDUFV3,P56181,1,Mitochondria,,Enhanced
NEB,P20929,1,,,
NEBL,O76041,1,,,
NECAB1,Q8N987,1,Nucleoplasm,Cytosol,Enhanced
NECAB2,Q7Z6G3,1,,,
NECAB3,Q96P71,1,Golgi apparatus,,Supported
NECAP1,Q8NC96,1,Vesicles,Cytosol,Approved
NECAP2,Q9NVZ3,1,Endoplasmic reticulum,,Approved
NECTIN1,Q15223,1,,,
NECTIN2,Q92692,1,"Nucleoli fibrillar center, Cell Junctions",,Approved
NECTIN3,Q9NQS3,1,"Cell Junctions, Cytosol",,Uncertain
NECTIN4,Q96NY8,1,Plasma membrane,,Supported
NEDD1,Q8NHV4,1,"Nucleoplasm, Centrosome",,Approved
NEDD4,P46934,1,Cytosol,,Approved
NEDD4L,Q96PU5,1,,,
NEDD8,Q15843,1,Nucleoplasm,Cytosol,Enhanced
NEDD8-MDP1,,0,Nucleoplasm,,Approved
NEDD9,Q14511,1,"Nucleoplasm, Cytosol",Plasma membrane,Supported
NEFH,P12036,1,,,
NEFL,P07196,1,"Nucleoplasm, Intermediate filaments",Midbody,Approved
NEFM,P07197,1,Intermediate filaments,,Enhanced
NEGR1,Q7Z3B1,1,"Vesicles, Actin filaments, Cytosol",,Approved
NEIL1,Q96FI4,1,Nucleoplasm,,Supported
NEIL2,Q969S2,1,Nucleoplasm,Vesicles,Supported
NEIL3,Q8TAT5,1,Nucleoplasm,,Enhanced
NEK1,Q96PY6,1,Cytosol,"Nucleoplasm, Centriolar satellite",Supported
NEK10,Q6ZWH5,1,Vesicles,Nucleoplasm,Approved
NEK11,Q8NG66,1,Nucleoplasm,,Supported
NEK2,P51955,1,"Nucleoplasm, Centrosome",,Supported
NEK3,P51956,1,Microtubules,,Approved
NEK4,P51957,1,Cytosol,,Supported
NEK5,Q6P3R8,1,Nucleoplasm,Cytosol,Approved
NEK6,Q9HC98,1,"Nucleoplasm, Cytosol",Centriolar satellite,Supported
NEK7,Q8TDX7,1,Nucleoplasm,,Supported
NEK8,Q86SG6,1,Microtubules,"Nuclear speckles, Mitotic spindle",Approved
NEK9,Q8TD19,1,,,
NELFA,Q9H3P2,1,Nucleoplasm,Nuclear bodies,Supported
NELFB,,0,Nucleoplasm,,Supported
NELFCD,Q8IXH7,1,"Nucleoplasm, Nuclear bodies","Vesicles, Cytosol",Supported
NELFE,P18615,1,"Nucleoplasm, Nuclear bodies",,Enhanced
NELL1,Q92832,1,,,
NELL2,Q99435,1,Vesicles,,Approved
NEMF,O60524,1,"Nucleoplasm, Cytosol",Nuclear bodies,Approved
NEMP1,O14524,1,Nucleoplasm,,Approved
NEMP2,A6NFY4,1,Nucleoplasm,,Approved
NENF,Q9UMX5,1,,,
NEO1,Q92859,1,"Nucleoplasm, Plasma membrane",Golgi apparatus,Approved
NEPRO,Q6NW34,1,"Nucleoplasm, Nucleoli",,Supported
NES,P48681,1,Intermediate filaments,,Enhanced
NET1,Q7Z628,1,Nucleoplasm,Vesicles,Approved
NETO1,Q8TDF5,1,Golgi apparatus,,Approved
NETO2,Q8NC67,1,Golgi apparatus,,Approved
NEU1,Q99519,1,Vesicles,Cell Junctions,Supported
NEU2,Q9Y3R4,1,,,
NEU3,Q9UQ49,1,Nucleoplasm,Vesicles,Supported
NEU4,Q8WWR8,1,,,
NEURL1,O76050,1,,,
NEURL1B,A8MQ27,1,Cytosol,Actin filaments,Supported
NEURL2,Q9BR09,1,Vesicles,,Approved
NEURL3,Q96EH8,1,,,
NEURL4,Q96JN8,1,,,
NEUROD1,Q13562,1,,,
NEUROD2,Q15784,1,,,
NEUROD4,Q9HD90,1,,,
NEUROD6,Q96NK8,1,,,
NEUROG1,Q92886,1,Nucleoplasm,Nuclear bodies,Approved
NEUROG2,Q9H2A3,1,,,
NEUROG3,Q9Y4Z2,1,Nuclear speckles,Nucleoplasm,Approved
NEXMIF,Q5QGS0,1,Nucleoplasm,"Midbody, Cytosol",Supported
NEXN,Q0ZGT2,1,"Plasma membrane, Actin filaments",,Supported
NF1,P21359,1,Mitochondria,,Approved
NF2,P35240,1,Plasma membrane,"Nucleoplasm, Cytosol",Enhanced
NFAM1,Q8NET5,1,"Plasma membrane, Cytosol",,Approved
NFASC,O94856,1,,,
NFAT5,O94916,1,Nucleoplasm,Cytosol,Supported
NFATC1,O95644,1,Nuclear bodies,Nucleoplasm,Supported
NFATC2,Q13469,1,"Nucleoplasm, Cytosol",,Supported
NFATC2IP,Q8NCF5,1,Nucleoplasm,,Approved
NFATC3,Q12968,1,"Nucleoplasm, Cytosol",,Supported
NFATC4,Q14934,1,"Nuclear speckles, Cytosol",,Supported
NFE2,Q16621,1,"Nucleoplasm, Actin filaments",,Approved
NFE2L1,Q14494,1,Nucleoplasm,Cytosol,Approved
NFE2L2,Q16236,1,"Nucleoplasm, Plasma membrane","Golgi apparatus, Centrosome, Cytosol",Uncertain
NFE2L3,Q9Y4A8,1,"Nucleoplasm, Vesicles",,Approved
NFIA,Q12857,1,Nucleoplasm,,Enhanced
NFIB,O00712,1,"Nucleoplasm, Nucleoli fibrillar center",,Supported
NFIC,P08651,1,"Nucleoplasm, Nucleoli fibrillar center",,Enhanced
NFIL3,Q16649,1,Nuclear bodies,,Approved
NFILZ,A0A5F9ZHS7,1,,,
NFIX,Q14938,1,Nucleoplasm,,Supported
NFKB1,P19838,1,Nucleoplasm,Cytosol,Supported
NFKB2,Q00653,1,Cytosol,Nucleoplasm,Supported
NFKBIA,P25963,1,Cytosol,,Enhanced
NFKBIB,Q15653,1,Nucleoplasm,Cytosol,Approved
NFKBID,Q8NI38,1,Cytosol,"Nuclear bodies, Plasma membrane",Uncertain
NFKBIE,O00221,1,Nucleoli fibrillar center,"Nucleoplasm, Cytosol",Supported
NFKBIL1,Q9UBC1,1,Nucleoplasm,,Supported
NFKBIZ,Q9BYH8,1,Nuclear speckles,Cytoplasmic bodies,Supported
NFRKB,Q6P4R8,1,Nucleoplasm,,Enhanced
NFS1,Q9Y697,1,"Nucleoplasm, Cytosol",,Supported
NFU1,Q9UMS0,1,Cytosol,Nucleoplasm,Supported
NFX1,Q12986,1,Nucleoplasm,"Nucleoli, Plasma membrane, Cytosol",Supported
NFXL1,Q6ZNB6,1,Nucleoplasm,,Approved
NFYA,P23511,1,Nucleoplasm,,Supported
NFYB,P25208,1,Nucleoplasm,,Supported
NFYC,Q13952,1,Nucleoplasm,,Supported
NGB,Q9NPG2,1,,,
NGDN,Q8NEJ9,1,"Nucleoli, Mitochondria",Nucleoplasm,Approved
NGEF,Q8N5V2,1,"Plasma membrane, Cytosol",,Approved
NGF,P01138,1,,,
NGFR,P08138,1,"Nucleoplasm, Plasma membrane",,Approved
NGLY1,Q96IV0,1,,,
NGRN,Q9NPE2,1,Mitochondria,"Nucleoplasm, Cytokinetic bridge",Supported
NHEJ1,Q9H9Q4,1,Nucleoplasm,Nucleoli fibrillar center,Supported
NHLH1,Q02575,1,Golgi apparatus,,Approved
NHLH2,Q02577,1,Nuclear bodies,Nucleoplasm,Approved
NHLRC1,Q6VVB1,1,Vesicles,,Uncertain
NHLRC2,Q8NBF2,1,Nucleoplasm,,Approved
NHLRC3,Q5JS37,1,,,
NHLRC4,P0CG21,1,Mitochondria,,Approved
NHP2,Q9NX24,1,,,
NHS,Q6T4R5,1,Cell Junctions,,Supported
NHSL1,Q5SYE7,1,Nuclear membrane,Nucleoplasm,Approved
NHSL2,Q5HYW2,1,"Plasma membrane, Cell Junctions",Nucleoplasm,Approved
NIBAN1,Q9BZQ8,1,"Plasma membrane, Cytosol",,Supported
NIBAN2,Q96TA1,1,"Plasma membrane, Cytosol",Nucleoplasm,Enhanced
NIBAN3,Q86XR2,1,"Nucleoplasm, Cytosol",,Approved
NICN1,Q9BSH3,1,Nucleoplasm,,Supported
NID1,P14543,1,Vesicles,Mitotic spindle,Uncertain
NID2,Q14112,1,Plasma membrane,,Enhanced
NIF3L1,Q9GZT8,1,Vesicles,,Approved
NIFK,Q9BYG3,1,"Nucleoli, Nucleoli rim",Mitotic chromosome,Enhanced
NIM1K,Q8IY84,1,Cytosol,,Approved
NIN,Q8N4C6,1,"Nucleoli, Centrosome",Nucleoplasm,Approved
NINJ1,Q92982,1,,,
NINJ2,Q9NZG7,1,Endoplasmic reticulum,Plasma membrane,Approved
NINL,Q9Y2I6,1,"Microtubules, Cytokinetic bridge, Cytosol",,Uncertain
NIP7,Q9Y221,1,Nucleoli,"Nucleoplasm, Cytosol",Supported
NIPA1,Q7RTP0,1,,,
NIPA2,Q8N8Q9,1,Golgi apparatus,,Approved
NIPAL1,Q6NVV3,1,Golgi apparatus,,Approved
NIPAL2,Q9H841,1,,,
NIPAL3,Q6P499,1,Nucleoplasm,,Approved
NIPAL4,Q0D2K0,1,,,
NIPBL,Q6KC79,1,Nucleoplasm,"Vesicles, Cytosol",Supported
NIPSNAP1,Q9BPW8,1,,,
NIPSNAP2,O75323,1,Mitochondria,,Supported
NIPSNAP3A,Q9UFN0,1,,,
NIPSNAP3B,Q9BS92,1,,,
NISCH,Q9Y2I1,1,"Nucleoplasm, Cytosol","Vesicles, Microtubules, Cytokinetic bridge",Approved
NIT1,Q86X76,1,,,
NIT2,Q9NQR4,1,Cytosol,Centrosome,Supported
NKAIN1,Q4KMZ8,1,,,
NKAIN2,Q5VXU1,1,Cytosol,,Approved
NKAIN3,Q8N8D7,1,,,
NKAIN4,Q8IVV8,1,,,
NKAP,Q8N5F7,1,Nucleoplasm,Cytosol,Supported
NKAPD1,Q6ZUT1,1,Cytosol,,Approved
NKAPL,Q5M9Q1,1,Golgi apparatus,Nucleoplasm,Uncertain
NKD1,Q969G9,1,Nucleoli fibrillar center,,Approved
NKD2,Q969F2,1,,,
NKG7,Q16617,1,Vesicles,,Approved
NKIRAS1,Q9NYS0,1,"Endoplasmic reticulum, Cytosol",,Approved
NKIRAS2,Q9NYR9,1,"Nucleoplasm, Nucleoli",,Approved
NKPD1,Q17RQ9,1,,,
NKRF,O15226,1,Nucleoli,Nucleoplasm,Supported
NKTR,P30414,1,"Nucleoplasm, Plasma membrane, Cytosol",,Supported
NKX1-1,Q15270,1,Cytosol,Nucleoli fibrillar center,Uncertain
NKX1-2,Q9UD57,1,Cytosol,Nucleoli fibrillar center,Approved
NKX2-1,P43699,1,"Golgi apparatus, Vesicles",,Uncertain
NKX2-2,O95096,1,,,
NKX2-3,Q8TAU0,1,"Nucleoli, Cytosol",,Uncertain
NKX2-4,Q9H2Z4,1,Nuclear bodies,,Approved
NKX2-5,P52952,1,Nucleoplasm,Cytosol,Approved
NKX2-6,A6NCS4,1,Nuclear membrane,"Nucleoplasm, Cytosol",Approved
NKX2-8,O15522,1,Nucleoplasm,Plasma membrane,Approved
NKX3-1,Q99801,1,Nucleoplasm,Cytosol,Supported
NKX3-2,P78367,1,Nucleoplasm,,Approved
NKX6-1,P78426,1,Nucleoplasm,,Approved
NKX6-2,Q9C056,1,,,
NKX6-3,A6NJ46,1,,,
NLE1,Q9NVX2,1,Nucleoli,Nucleoplasm,Supported
NLGN1,Q8N2Q7,1,Plasma membrane,Nuclear bodies,Uncertain
NLGN2,Q8NFZ4,1,Mitochondria,,Uncertain
NLGN3,Q9NZ94,1,"Golgi apparatus, Cell Junctions",,Supported
NLGN4X,Q8N0W4,1,,,
NLGN4Y,Q8NFZ3,1,,,
NLK,Q9UBE8,1,Nucleoplasm,"Nucleoli, Cell Junctions",Approved
NLN,Q9BYT8,1,Mitochondria,,Approved
NLRC3,Q7RTR2,1,Cytosol,"Vesicles, Centriolar satellite",Supported
NLRC4,Q9NPP4,1,Cytosol,"Vesicles, Plasma membrane",Supported
NLRC5,Q86WI3,1,Cytosol,Centrosome,Supported
NLRP1,Q9C000,1,"Nucleoplasm, Cytosol",,Supported
NLRP10,Q86W26,1,Nucleoplasm,Cytosol,Approved
NLRP11,P59045,1,Cytosol,,Supported
NLRP12,P59046,1,,,
NLRP13,Q86W25,1,,,
NLRP14,Q86W24,1,Cytosol,,Uncertain
NLRP2,Q9NX02,1,"Golgi apparatus, Vesicles, Cytosol",,Supported
NLRP2B,P0DMW2,1,,,
NLRP3,Q96P20,1,,,
NLRP4,Q96MN2,1,Mitochondria,,Approved
NLRP5,P59047,1,Golgi apparatus,Vesicles,Supported
NLRP6,P59044,1,,,
NLRP7,Q8WX94,1,Golgi apparatus,,Uncertain
NLRP8,Q86W28,1,,,
NLRP9,Q7RTR0,1,,,
NLRX1,Q86UT6,1,Mitochondria,Plasma membrane,Supported
NMB,P08949,1,"Nucleoplasm, Vesicles",Plasma membrane,Approved
NMBR,P28336,1,"Plasma membrane, Cytosol",,Supported
NMD3,Q96D46,1,"Nucleoplasm, Nucleoli",,Supported
NME1,P15531,1,Cytosol,,Supported
NME1-NME2,,0,Cytosol,,Approved
NME2,P22392,1,Cytosol,Plasma membrane,Supported
NME3,Q13232,1,Nucleoplasm,Cytosol,Approved
NME4,O00746,1,Mitochondria,,Supported
NME5,P56597,1,"Nucleoplasm, Nuclear bodies",,Approved
NME6,O75414,1,Vesicles,,Approved
NME7,Q9Y5B8,1,Nucleoplasm,,Approved
NME8,Q8N427,1,Cytosol,Nuclear speckles,Supported
NME9,Q86XW9,1,Cytosol,Centriolar satellite,Approved
NMI,Q13287,1,"Nucleoplasm, Cytosol",,Supported
NMNAT1,Q9HAN9,1,"Nucleoplasm, Nuclear bodies",,Supported
NMNAT2,Q9BZQ4,1,Cytosol,,Approved
NMNAT3,Q96T66,1,Mitochondria,,Supported
NMRAL1,Q9HBL8,1,Nucleoplasm,,Enhanced
NMRK1,Q9NWW6,1,"Nucleoplasm, Cytosol",Centrosome,Approved
NMRK2,Q9NPI5,1,Nucleoplasm,Vesicles,Enhanced
NMS,Q5H8A3,1,,,
NMT1,P30419,1,Cytosol,Plasma membrane,Supported
NMT2,O60551,1,"Golgi apparatus, Plasma membrane, Cytosol",,Supported
NMU,P48645,1,,,
NMUR1,Q9HB89,1,,,
NMUR2,Q9GZQ4,1,Plasma membrane,,Supported
NNAT,Q16517,1,,,
NNMT,P40261,1,Golgi apparatus,Cytosol,Approved
NNT,Q13423,1,Mitochondria,,Approved
NOA1,Q8NC60,1,Mitochondria,,Supported
NOB1,Q9ULX3,1,Cytosol,Focal adhesion sites,Approved
NOBOX,O60393,1,,,
NOC2L,Q9Y3T9,1,"Nucleoli, Nucleoli rim, Mitotic chromosome",,Enhanced
NOC3L,Q8WTT2,1,"Nucleoli, Nucleoli rim",Nucleoplasm,Enhanced
NOC4L,Q9BVI4,1,Nucleoli,Nucleoplasm,Supported
NOCT,Q9UK39,1,Nuclear bodies,"Nucleoplasm, Cytosol",Supported
NOD1,Q9Y239,1,Mitochondria,,Approved
NOD2,Q9HC29,1,"Golgi apparatus, Cytosol",,Supported
NODAL,Q96S42,1,,,
NOG,Q13253,1,,,
NOL10,Q9BSC4,1,Nucleoli,,Supported
NOL11,Q9H8H0,1,Nucleoli,,Supported
NOL12,Q9UGY1,1,"Nucleoli, Mitotic chromosome","Nucleoplasm, Vesicles",Approved
NOL3,O60936,1,"Nucleoplasm, Cytosol",,Supported
NOL4,O94818,1,Nucleoplasm,,Supported
NOL4L,Q96MY1,1,Nucleoplasm,,Enhanced
NOL6,Q9H6R4,1,Nucleoli,Nucleoplasm,Enhanced
NOL7,Q9UMY1,1,"Nucleoli, Mitotic chromosome",Mitochondria,Supported
NOL8,Q76FK4,1,Nucleoli,Mitotic chromosome,Supported
NOL9,Q5SY16,1,Nucleoli,Intermediate filaments,Supported
NOLC1,Q14978,1,Nucleoli fibrillar center,,Enhanced
NOM1,Q5C9Z4,1,Nucleoli,,Enhanced
NOMO1,Q15155,1,Endoplasmic reticulum,,Approved
NOMO2,Q5JPE7,1,,,
NOMO3,P69849,1,,,
NONO,Q15233,1,Nucleoplasm,"Nucleoli, Nucleoli fibrillar center",Enhanced
NOP10,Q9NPE3,1,Nuclear bodies,,Supported
NOP14,P78316,1,Nucleoli,Nucleoplasm,Enhanced
NOP16,Q9Y3C1,1,Nucleoli,,Enhanced
NOP2,P46087,1,Nucleoli,,Enhanced
NOP53,Q9NZM5,1,Nucleoli,,Supported
NOP56,O00567,1,Nucleoli fibrillar center,,Enhanced
NOP58,Q9Y2X3,1,Nucleoli fibrillar center,Nucleoplasm,Enhanced
NOP9,Q86U38,1,Nucleoplasm,"Nucleoli, Cytosol",Approved
NOS1,P29475,1,Plasma membrane,Nucleoplasm,Supported
NOS1AP,O75052,1,"Nucleoplasm, Vesicles",,Approved
NOS2,P35228,1,,,
NOS3,P29474,1,,,
NOSIP,Q9Y314,1,Nucleoplasm,,Enhanced
NOSTRIN,Q8IVI9,1,Cytosol,Vesicles,Approved
NOTCH1,P46531,1,Nucleoplasm,,Approved
NOTCH2,Q04721,1,"Nucleoplasm, Plasma membrane",,Supported
NOTCH2NLA,Q7Z3S9,1,,,
NOTCH2NLB,P0DPK3,1,,,
NOTCH2NLC,P0DPK4,1,,,
NOTCH2NLR,,0,,,
NOTCH3,Q9UM47,1,"Nucleoplasm, Cytosol",Actin filaments,Supported
NOTCH4,Q99466,1,,,
NOTO,A8MTQ0,1,Nucleoplasm,Cytosol,Approved
NOTUM,Q6P988,1,Endoplasmic reticulum,,Approved
NOVA1,P51513,1,Nucleoli,Nucleoplasm,Supported
NOVA2,Q9UNW9,1,Golgi apparatus,"Nucleoplasm, Nuclear bodies",Approved
NOX1,Q9Y5S8,1,,,
NOX3,Q9HBY0,1,Vesicles,,Uncertain
NOX4,Q9NPH5,1,,,
NOX5,Q96PH1,1,,,
NOXA1,Q86UR1,1,Vesicles,,Approved
NOXO1,Q8NFA2,1,,,
NOXRED1,Q6NXP6,1,Vesicles,Plasma membrane,Approved
NPAP1,Q9NZP6,1,Nucleoplasm,"Vesicles, Plasma membrane",Supported
NPAS1,Q99742,1,Nucleoplasm,,Approved
NPAS2,Q99743,1,Nucleoplasm,,Approved
NPAS3,Q8IXF0,1,Nucleoplasm,,Supported
NPAS4,Q8IUM7,1,,,
NPAT,Q14207,1,"Nucleoplasm, Nuclear bodies",,Enhanced
NPB,Q8NG41,1,,,
NPBWR1,P48145,1,,,
NPBWR2,P48146,1,,,
NPC1,O15118,1,"Nucleoplasm, Vesicles",,Supported
NPC1L1,Q9UHC9,1,,,
NPC2,P61916,1,,,
NPDC1,Q9NQX5,1,Nucleoplasm,Cytosol,Approved
NPEPL1,Q8NDH3,1,Nucleoplasm,Cytosol,Approved
NPEPPS,P55786,1,Cytosol,,Supported
NPFF,O15130,1,,,
NPFFR1,Q9GZQ6,1,,,
NPFFR2,Q9Y5X5,1,Plasma membrane,Actin filaments,Approved
NPHP1,O15259,1,,,
NPHP3,Q7Z494,1,,,
NPHP3-ACAD11,,0,,,
NPHP4,O75161,1,"Nucleoplasm, Cytosol","Nuclear bodies, Vesicles",Approved
NPHS1,O60500,1,,,
NPHS2,Q9NP85,1,,,
NPIPA1,Q9UND3,1,Nucleoplasm,,Approved
NPIPA2,E9PIF3,1,Nucleoplasm,,Approved
NPIPA3,F8WFD2,1,Nucleoplasm,,Approved
NPIPA5,E9PKD4,1,Nucleoplasm,,Approved
NPIPA7,E9PJI5,1,Nucleoplasm,,Approved
NPIPA8,P0DM63,1,Nucleoplasm,,Approved
NPIPA9,,0,Nucleoplasm,,Approved
NPIPB11,E5RHQ5,1,Nucleoplasm,,Approved
NPIPB12,F8W0I5,1,Nucleoplasm,,Approved
NPIPB13,A6NJU9,1,Nucleoplasm,,Approved
NPIPB15,A6NHN6,1,Nucleoplasm,,Approved
NPIPB2,A6NJ64,1,Nucleoplasm,,Approved
NPIPB3,Q92617,1,Nucleoplasm,,Approved
NPIPB4,C9JG80,1,Nucleoplasm,,Approved
NPIPB5,A8MRT5,1,Nucleoplasm,,Approved
NPIPB6,E9PJ23,1,Nucleoplasm,,Approved
NPIPB7,O75200,1,Nucleoplasm,,Approved
NPIPB8,E9PQR5,1,Nucleoplasm,,Approved
NPIPB9,F8W1W9,1,Nucleoplasm,,Approved
NPL,Q9BXD5,1,Vesicles,Plasma membrane,Approved
NPLOC4,Q8TAT6,1,"Nucleoplasm, Cytosol",,Supported
NPM1,P06748,1,Nucleoli rim,Nucleoplasm,Enhanced
NPM2,Q86SE8,1,"Nucleoplasm, Nucleoli",,Approved
NPM3,O75607,1,"Nucleoli, Actin filaments, Cytosol",,Approved
NPNT,Q6UXI9,1,"Nucleoplasm, Cell Junctions, Cytosol",,Approved
NPPA,P01160,1,,,
NPPB,P16860,1,Vesicles,Cytosol,Approved
NPPC,P23582,1,,,
NPR1,P16066,1,Nucleoli,"Nucleoplasm, Plasma membrane",Approved
NPR2,P20594,1,,,
NPR3,P17342,1,Cytosol,,Approved
NPRL2,Q8WTW4,1,,,
NPRL3,Q12980,1,Cytosol,,Approved
NPS,P0C0P6,1,,,
NPSR1,Q6W5P4,1,,,
NPTN,Q9Y639,1,Plasma membrane,,Approved
NPTX1,Q15818,1,,,
NPTX2,P47972,1,"Golgi apparatus, Actin filaments",Centrosome,Approved
NPTXR,O95502,1,"Plasma membrane, Cytosol",Nucleoplasm,Approved
NPVF,Q9HCQ7,1,,,
NPW,Q8N729,1,,,
NPY,P01303,1,Golgi apparatus,,Supported
NPY1R,P25929,1,,,
NPY2R,P49146,1,,,
NPY4R,P50391,1,,,
NPY4R2,P0DQD5,1,,,
NPY5R,Q15761,1,,,
NQO1,P15559,1,Cytosol,,Supported
NQO2,P16083,1,Cytosol,Nucleoplasm,Supported
NR0B1,P51843,1,Nuclear speckles,"Vesicles, Centriolar satellite",Supported
NR0B2,Q15466,1,Nucleoplasm,Vesicles,Supported
NR1D1,P20393,1,Nuclear bodies,,Supported
NR1D2,Q14995,1,Nucleoplasm,,Supported
NR1H2,P55055,1,Nucleoplasm,Vesicles,Enhanced
NR1H3,Q13133,1,Nucleoplasm,Cytosol,Approved
NR1H4,Q96RI1,1,Nucleoplasm,,Approved
NR1I2,O75469,1,Nucleoplasm,,Supported
NR1I3,Q14994,1,Nucleoplasm,,Approved
NR2C1,P13056,1,Nucleoplasm,"Cell Junctions, Cytosol",Supported
NR2C2,P49116,1,Nucleoplasm,,Enhanced
NR2C2AP,Q86WQ0,1,Nucleoplasm,,Supported
NR2E1,Q9Y466,1,Nuclear bodies,,Approved
NR2E3,Q9Y5X4,1,,,
NR2F1,P10589,1,Nucleoplasm,Cytosol,Approved
NR2F2,P24468,1,Nucleoplasm,Cytosol,Approved
NR2F6,P10588,1,Nuclear speckles,Cytosol,Supported
NR3C1,P04150,1,"Nucleoplasm, Cytosol",Mitochondria,Supported
NR3C2,P08235,1,Nucleoplasm,,Supported
NR4A1,P22736,1,Nucleoplasm,"Nuclear membrane, Cytosol",Supported
NR4A2,P43354,1,Nuclear speckles,,Supported
NR4A3,Q92570,1,,,
NR5A1,Q13285,1,Nucleoplasm,Cytosol,Supported
NR5A2,O00482,1,Nuclear speckles,,Uncertain
NR6A1,Q15406,1,Nucleoplasm,,Approved
NRAP,Q86VF7,1,Intermediate filaments,"Vesicles, Cytosol",Approved
NRARP,Q7Z6K4,1,Cytosol,Nucleoplasm,Approved
NRAS,P01111,1,Plasma membrane,,Supported
NRBF2,Q96F24,1,"Nucleoplasm, Cytosol",,Approved
NRBP1,Q9UHY1,1,Cytosol,,Supported
NRBP2,Q9NSY0,1,Cytosol,,Approved
NRCAM,Q92823,1,Nucleoplasm,"Vesicles, Plasma membrane",Approved
NRDC,O43847,1,Nucleoplasm,,Approved
NRDE2,Q9H7Z3,1,"Nucleoplasm, Mitochondria",,Supported
NREP,Q16612,1,Vesicles,,Approved
NRF1,Q16656,1,Nucleoplasm,Cytosol,Supported
NRG1,Q02297,1,Nucleoplasm,,Approved
NRG2,O14511,1,Nucleoplasm,Nucleoli,Supported
NRG3,P56975,1,Vesicles,,Uncertain
NRG4,Q8WWG1,1,,,
NRGN,Q92686,1,,,
NRIP1,P48552,1,"Nucleoplasm, Nucleoli",Cytosol,Supported
NRIP2,Q9BQI9,1,"Nucleoplasm, Cytosol",Nuclear bodies,Approved
NRIP3,Q9NQ35,1,Cytosol,,Approved
NRK,Q7Z2Y5,1,"Nucleoplasm, Cytosol",,Approved
NRL,P54845,1,Nucleoplasm,Cytosol,Supported
NRM,Q8IXM6,1,Nuclear membrane,,Enhanced
NRN1,Q9NPD7,1,,,
NRN1L,Q496H8,1,,,
NRP1,O14786,1,,,
NRP2,O60462,1,"Vesicles, Plasma membrane",Nucleoplasm,Approved
NRROS,Q86YC3,1,,,
NRSN1,Q8IZ57,1,"Plasma membrane, Cytosol",,Approved
NRSN2,Q9GZP1,1,Vesicles,"Nucleoplasm, Cytosol",Approved
NRTN,Q99748,1,Golgi apparatus,,Approved
NRXN1,"P58400,Q9ULB1",2,Plasma membrane,,Supported
NRXN2,"P58401,Q9P2S2",2,,,
NRXN3,"Q9HDB5,Q9Y4C0",2,,,
NSA2,O95478,1,"Nucleoplasm, Nucleoli",,Enhanced
NSD1,Q96L73,1,"Nucleoplasm, Plasma membrane",,Supported
NSD2,O96028,1,Nucleoplasm,,Supported
NSD3,Q9BZ95,1,Mitochondria,Nucleoplasm,Approved
NSDHL,Q15738,1,Endoplasmic reticulum,Lipid droplets,Enhanced
NSF,P46459,1,Cytosol,Golgi apparatus,Supported
NSFL1C,Q9UNZ2,1,Nucleoplasm,"Plasma membrane, Cytosol",Approved
NSG1,P42857,1,,,
NSG2,Q9Y328,1,Golgi apparatus,,Enhanced
NSL1,Q96IY1,1,Nuclear speckles,,Supported
NSMAF,Q92636,1,Nucleoli,,Approved
NSMCE1,Q8WV22,1,Nucleoplasm,Vesicles,Supported
NSMCE2,Q96MF7,1,Nucleoplasm,Nuclear bodies,Supported
NSMCE3,Q96MG7,1,,,
NSMCE4A,Q9NXX6,1,Nucleoplasm,,Enhanced
NSMF,Q6X4W1,1,Nucleoplasm,,Supported
NSRP1,Q9H0G5,1,Nucleoplasm,,Supported
NSUN2,Q08J23,1,Nucleoplasm,,Uncertain
NSUN3,Q9H649,1,,,
NSUN4,Q96CB9,1,,,
NSUN5,Q96P11,1,"Nucleoplasm, Nucleoli",,Enhanced
NSUN6,Q8TEA1,1,Golgi apparatus,,Approved
NSUN7,Q8NE18,1,Vesicles,,Approved
NT5C,Q8TCD5,1,Cytosol,,Supported
NT5C1A,Q9BXI3,1,,,
NT5C1B,Q96P26,1,"Nucleoli, Plasma membrane",Nucleoplasm,Approved
NT5C1B-RDH14,,0,"Nucleoli, Plasma membrane",Nucleoplasm,Approved
NT5C2,P49902,1,,,
NT5C3A,Q9H0P0,1,"Endoplasmic reticulum, Cytosol","Nucleoplasm, Nuclear bodies",Supported
NT5C3B,Q969T7,1,,,
NT5DC1,Q5TFE4,1,Nucleoplasm,Cytosol,Approved
NT5DC2,Q9H857,1,,,
NT5DC3,Q86UY8,1,Mitochondria,Cytosol,Approved
NT5DC4,Q86YG4,1,,,
NT5E,P21589,1,Plasma membrane,"Nucleoplasm, Cytosol",Supported
NT5M,Q9NPB1,1,,,
NTAN1,Q96AB6,1,Nucleoplasm,Golgi apparatus,Approved
NTAQ1,Q96HA8,1,Nucleoplasm,Vesicles,Supported
NTF3,P20783,1,Vesicles,,Approved
NTF4,P34130,1,Golgi apparatus,,Approved
NTHL1,P78549,1,,,
NTM,Q9P121,1,,,
NTMT1,Q9BV86,1,Nucleoplasm,Cytosol,Enhanced
NTN1,O95631,1,Cytosol,"Nucleoplasm, Actin filaments",Approved
NTN3,O00634,1,,,
NTN4,Q9HB63,1,,,
NTN5,Q8WTR8,1,,,
NTNG1,Q9Y2I2,1,Plasma membrane,,Supported
NTNG2,Q96CW9,1,Vesicles,Plasma membrane,Uncertain
NTPCR,Q9BSD7,1,Cytosol,,Approved
NTRK1,P04629,1,"Vesicles, Cytosol",,Approved
NTRK2,Q16620,1,Plasma membrane,,Supported
NTRK3,Q16288,1,"Nucleoli, Nucleoli rim",Nuclear membrane,Supported
NTS,P30990,1,Vesicles,,Supported
NTSR1,P30989,1,Plasma membrane,,Supported
NTSR2,O95665,1,,,
NUAK1,O60285,1,Nucleoli fibrillar center,"Nucleoplasm, Microtubules",Approved
NUAK2,Q9H093,1,"Nucleoplasm, Cytosol",,Approved
NUB1,Q9Y5A7,1,"Nucleoplasm, Nucleoli",,Enhanced
NUBP1,P53384,1,Cytosol,,Supported
NUBP2,Q9Y5Y2,1,"Nucleoplasm, Cytosol",,Approved
NUBPL,Q8TB37,1,Mitochondria,,Supported
NUCB1,Q02818,1,Golgi apparatus,Microtubules,Supported
NUCB2,P80303,1,Golgi apparatus,,Enhanced
NUCKS1,Q9H1E3,1,Nucleoplasm,Nucleoli,Supported
NUDC,Q9Y266,1,Cytosol,,Enhanced
NUDCD1,Q96RS6,1,Nucleoplasm,Cytosol,Supported
NUDCD2,Q8WVJ2,1,Microtubules,"Cytokinetic bridge, Mitotic spindle, Cytosol",Supported
NUDCD3,Q8IVD9,1,"Plasma membrane, Cytosol",Nucleoplasm,Approved
NUDT1,P36639,1,Cytosol,,Supported
NUDT10,Q8NFP7,1,Cytosol,,Approved
NUDT11,Q96G61,1,Cytosol,,Approved
NUDT12,Q9BQG2,1,,,
NUDT13,Q86X67,1,,,
NUDT14,O95848,1,Microtubules,Nucleoli,Approved
NUDT15,Q9NV35,1,Nucleoplasm,,Supported
NUDT16,Q96DE0,1,"Nucleoplasm, Nucleoli",,Supported
NUDT16L1,Q9BRJ7,1,,,
NUDT17,P0C025,1,"Centrosome, Cytosol",,Approved
NUDT18,Q6ZVK8,1,Nucleoplasm,Golgi apparatus,Supported
NUDT19,A8MXV4,1,Cytosol,Vesicles,Approved
NUDT2,P50583,1,Nucleoplasm,,Approved
NUDT21,O43809,1,Nuclear bodies,Centriolar satellite,Supported
NUDT22,Q9BRQ3,1,Nucleoplasm,,Enhanced
NUDT3,O95989,1,Cytosol,,Approved
NUDT4,Q9NZJ9,1,Cytosol,,Approved
NUDT4B,A0A024RBG1,1,Cytosol,,Approved
NUDT5,Q9UKK9,1,Vesicles,"Nucleoplasm, Centrosome",Approved
NUDT6,P53370,1,,,
NUDT7,P0C024,1,Golgi apparatus,Nucleoplasm,Approved
NUDT8,Q8WV74,1,Nucleoli,Cytosol,Approved
NUDT9,Q9BW91,1,"Nuclear bodies, Mitochondria","Nuclear membrane, Cell Junctions",Approved
NUF2,Q9BZD4,1,Nucleoplasm,"Kinetochore, Cytosol",Supported
NUFIP1,Q9UHK0,1,Nucleoplasm,Nucleoli,Enhanced
NUFIP2,Q7Z417,1,Nucleoplasm,"Nuclear bodies, Cytosol",Supported
NUGGC,Q68CJ6,1,,,
NUMA1,Q14980,1,Nucleoplasm,Cytosol,Supported
NUMB,P49757,1,Cell Junctions,,Enhanced
NUMBL,Q9Y6R0,1,,,
NUP107,P57740,1,Nucleoplasm,"Nuclear membrane, Centrosome",Uncertain
NUP133,Q8WUM0,1,Nuclear membrane,,Supported
NUP153,P49790,1,Nuclear membrane,,Enhanced
NUP155,O75694,1,Nuclear membrane,,Enhanced
NUP160,Q12769,1,,,
NUP188,Q5SRE5,1,Nucleoplasm,"Nucleoli, Cytosol",Uncertain
NUP205,Q92621,1,,,
NUP210,Q8TEM1,1,,,
NUP210L,Q5VU65,1,Nuclear bodies,,Approved
NUP214,P35658,1,,,
NUP35,Q8NFH5,1,"Nucleoplasm, Nuclear membrane",Plasma membrane,Supported
NUP37,Q8NFH4,1,Nucleoplasm,,Approved
NUP42,O15504,1,Nucleoplasm,,Supported
NUP43,Q8NFH3,1,"Nucleoplasm, Nuclear speckles",Cytosol,Approved
NUP50,Q9UKX7,1,"Nucleoplasm, Nuclear membrane",,Enhanced
NUP54,Q7Z3B4,1,Nucleoplasm,,Approved
NUP58,Q9BVL2,1,,,
NUP62,P37198,1,Nuclear membrane,Nucleoplasm,Supported
NUP62CL,Q9H1M0,1,,,
NUP85,Q9BW27,1,Nucleoplasm,Cytosol,Supported
NUP88,Q99567,1,Nucleoplasm,,Approved
NUP93,Q8N1F7,1,,,
NUP98,P52948,1,,,
NUPR1,O60356,1,Nucleoplasm,Cytokinetic bridge,Supported
NUPR2,A6NF83,1,,,
NUS1,Q96E22,1,Vesicles,Plasma membrane,Approved
NUSAP1,Q9BXS6,1,"Nucleoplasm, Nucleoli, Nucleoli fibrillar center",,Approved
NUTF2,P61970,1,,,
NUTM1,Q86Y26,1,,,
NUTM2A,Q8IVF1,1,Nuclear bodies,,Approved
NUTM2B,A6NNL0,1,Nuclear bodies,,Approved
NUTM2D,Q5VT03,1,Nuclear bodies,,Approved
NUTM2E,B1AL46,1,Nuclear bodies,,Approved
NUTM2F,A1L443,1,Nuclear bodies,,Approved
NUTM2G,Q5VZR2,1,Nuclear bodies,,Approved
NVL,O15381,1,Nucleoli,,Enhanced
NWD1,Q149M9,1,"Nucleoli, Cytosol",,Approved
NWD2,Q9ULI1,1,,,
NXF1,Q9UBU9,1,Nucleoplasm,,Enhanced
NXF2,Q9GZY0,1,,,
NXF2B,Q9GZY0,1,,,
NXF3,Q9H4D5,1,Nucleoplasm,,Supported
NXN,Q6DKJ4,1,Cytosol,,Approved
NXNL1,Q96CM4,1,,,
NXNL2,Q5VZ03,1,Cytosol,,Approved
NXPE1,Q8N323,1,,,
NXPE2,Q96DL1,1,,,
NXPE3,Q969Y0,1,Vesicles,Nucleoplasm,Approved
NXPE4,Q6UWF7,1,,,
NXPH1,P58417,1,,,
NXPH2,O95156,1,,,
NXPH3,O95157,1,Vesicles,Mitotic spindle,Approved
NXPH4,O95158,1,,,
NXT1,Q9UKK6,1,Nucleoplasm,Cytosol,Supported
NXT2,Q9NPJ8,1,"Nucleoplasm, Cytosol",,Supported
NYAP1,Q6ZVC0,1,Vesicles,Golgi apparatus,Approved
NYAP2,Q9P242,1,Mitochondria,Cytosol,Approved
NYNRIN,Q9P2P1,1,Golgi apparatus,"Nucleoplasm, Vesicles",Approved
NYX,Q9GZU5,1,,,
OAF,Q86UD1,1,Nucleoplasm,,Approved
OARD1,Q9Y530,1,"Nucleoplasm, Nucleoli",,Supported
OAS1,P00973,1,"Nucleoplasm, Cytosol",,Supported
OAS2,P29728,1,Centrosome,,Approved
OAS3,Q9Y6K5,1,"Nucleoplasm, Cytosol",Plasma membrane,Supported
OASL,Q15646,1,"Nucleoplasm, Cytosol",,Supported
OAT,P04181,1,Mitochondria,Nucleoplasm,Supported
OAZ1,P54368,1,Vesicles,Centriolar satellite,Approved
OAZ2,O95190,1,Golgi apparatus,,Approved
OAZ3,Q9UMX2,1,Nucleoplasm,,Enhanced
OBI1,Q5W0B1,1,"Nucleoplasm, Nuclear bodies",Cytosol,Approved
OBP2A,Q9NY56,1,,,
OBP2B,Q9NPH6,1,,,
OBSCN,Q5VST9,1,"Plasma membrane, Cytosol",,Approved
OBSL1,O75147,1,Centrosome,,Approved
OC90,Q02509,1,,,
OCA2,Q04671,1,Plasma membrane,Cytosol,Approved
OCEL1,Q9H607,1,Golgi apparatus,,Approved
OCIAD1,Q9NX40,1,Mitochondria,,Approved
OCIAD2,Q56VL3,1,Mitochondria,,Enhanced
OCLN,Q16625,1,"Plasma membrane, Cell Junctions",,Supported
OCM,P0CE72,1,Plasma membrane,Cytosol,Approved
OCM2,P0CE71,1,Plasma membrane,Cytosol,Approved
OCRL,Q01968,1,Cytosol,"Microtubules, Centriolar satellite",Approved
OCSTAMP,Q9BR26,1,,,
ODAM,A1E959,1,Nucleoplasm,Cytosol,Supported
ODAPH,Q17RF5,1,,,
ODC1,P11926,1,"Plasma membrane, Cytosol",,Approved
ODF1,Q14990,1,,,
ODF2,Q5BJF6,1,Centrosome,,Supported
ODF2L,Q9ULJ1,1,,,
ODF3,Q96PU9,1,,,
ODF3B,A8MYP8,1,,,
ODF3L1,Q8IXM7,1,,,
ODF3L2,Q3SX64,1,Nucleoli,"Nucleoplasm, Golgi apparatus",Approved
ODF4,Q2M2E3,1,,,
ODR4,Q5SWX8,1,"Nucleoplasm, Plasma membrane",,Approved
OFD1,O75665,1,Microtubules,,Supported
OGA,O60502,1,Cytosol,,Supported
OGDH,Q02218,1,Mitochondria,,Enhanced
OGDHL,Q9ULD0,1,Nucleoli fibrillar center,,Approved
OGFOD1,Q8N543,1,Nucleoplasm,Cytosol,Supported
OGFOD2,Q6N063,1,Nucleoplasm,Nuclear bodies,Supported
OGFOD3,Q6PK18,1,Nucleoplasm,,Approved
OGFR,Q9NZT2,1,Nucleoplasm,,Approved
OGFRL1,Q5TC84,1,Golgi apparatus,Nucleoplasm,Approved
OGG1,O15527,1,Nucleoplasm,,Enhanced
OGN,P20774,1,Endoplasmic reticulum,,Supported
OGT,O15294,1,Nucleoplasm,Plasma membrane,Supported
OIP5,O43482,1,Nuclear speckles,Vesicles,Supported
OIT3,Q8WWZ8,1,,,
OLA1,Q9NTK5,1,Cytosol,,Enhanced
OLAH,Q9NV23,1,,,
OLFM1,Q99784,1,Nucleoli,"Nucleoplasm, Cytosol",Approved
OLFM2,O95897,1,Nucleoplasm,,Supported
OLFM3,Q96PB7,1,Vesicles,,Uncertain
OLFM4,Q6UX06,1,"Nucleoplasm, Plasma membrane","Cytokinetic bridge, Cytosol",Supported
OLFML1,Q6UWY5,1,,,
OLFML2A,Q68BL7,1,"Nucleoplasm, Cytosol",,Approved
OLFML2B,Q68BL8,1,Cytosol,,Approved
OLFML3,Q9NRN5,1,Vesicles,,Supported
OLIG1,Q8TAK6,1,,,
OLIG2,Q13516,1,Nucleoplasm,Plasma membrane,Uncertain
OLIG3,Q7RTU3,1,,,
OLR1,P78380,1,"Nucleoplasm, Plasma membrane",Vesicles,Approved
OMA1,Q96E52,1,"Nucleoplasm, Mitochondria",,Approved
OMD,Q99983,1,Endoplasmic reticulum,Nucleoli fibrillar center,Approved
OMG,P23515,1,,,
OMP,P47874,1,,,
ONECUT1,Q9UBC0,1,,,
ONECUT2,O95948,1,Nucleoplasm,Actin filaments,Supported
ONECUT3,O60422,1,Nucleoplasm,,Supported
OOEP,A6NGQ2,1,,,
OOSP1,,0,,,
OOSP2,Q86WS3,1,,,
OOSP3,A0A2R8YFM6,1,,,
OOSP4A,A0A2R8YFL7,1,,,
OOSP4B,A0A2R8Y4Y8,1,,,
OPA1,O60313,1,"Nucleoplasm, Mitochondria",,Supported
OPA3,Q9H6K4,1,Cytosol,Nucleoplasm,Approved
OPALIN,Q96PE5,1,,,
OPCML,Q14982,1,,,
OPHN1,O60890,1,"Nucleoplasm, Plasma membrane",,Approved
OPLAH,O14841,1,Nucleoli fibrillar center,,Approved
OPN1LW,P04000,1,,,
OPN1MW,P04001,1,,,
OPN1MW2,P0DN77,1,,,
OPN1MW3,P0DN78,1,,,
OPN1SW,P03999,1,"Nucleoplasm, Cytosol",Cytokinetic bridge,Approved
OPN3,Q9H1Y3,1,Nucleoplasm,,Approved
OPN4,Q9UHM6,1,,,
OPN5,Q6U736,1,,,
OPRD1,P41143,1,,,
OPRK1,P41145,1,Plasma membrane,"Nucleoplasm, Cytosol",Supported
OPRL1,P41146,1,,,
OPRM1,P35372,1,,,
OPRPN,Q99935,1,,,
OPTC,Q9UBM4,1,,,
OPTN,Q96CV9,1,Cytosol,,Enhanced
OR10A2,Q9H208,1,,,
OR10A3,P58181,1,,,
OR10A4,Q9H209,1,,,
OR10A5,Q9H207,1,,,
OR10A6,Q8NH74,1,,,
OR10A7,Q8NGE5,1,,,
OR10AD1,Q8NGE0,1,,,
OR10AG1,Q8NH19,1,,,
OR10C1,Q96KK4,1,,,
OR10D3,Q8NH80,1,,,
OR10G2,Q8NGC3,1,,,
OR10G3,Q8NGC4,1,,,
OR10G4,Q8NGN3,1,,,
OR10G6,Q8NH81,1,,,
OR10G7,Q8NGN6,1,,,
OR10G8,Q8NGN5,1,,,
OR10G9,Q8NGN4,1,,,
OR10H1,Q9Y4A9,1,,,
OR10H2,O60403,1,,,
OR10H3,O60404,1,,,
OR10H4,Q8NGA5,1,,,
OR10H5,Q8NGA6,1,,,
OR10J1,P30954,1,,,
OR10J5,Q8NHC4,1,,,
OR10K1,Q8NGX5,1,,,
OR10K2,Q6IF99,1,,,
OR10P1,Q8NGE3,1,Plasma membrane,,Supported
OR10Q1,Q8NGQ4,1,,,
OR10R2,Q8NGX6,1,,,
OR10S1,Q8NGN2,1,,,
OR10T2,Q8NGX3,1,,,
OR10V1,Q8NGI7,1,,,
OR10W1,Q8NGF6,1,,,
OR10X1,Q8NGY0,1,,,
OR10Z1,Q8NGY1,1,,,
OR11A1,Q9GZK7,1,,,
OR11G2,Q8NGC1,1,,,
OR11H1,,0,,,
OR11H12,B2RN74,1,,,
OR11H2,Q8NH07,1,,,
OR11H4,Q8NGC9,1,,,
OR11H6,Q8NGC7,1,,,
OR11L1,Q8NGX0,1,,,
OR12D2,P58182,1,,,
OR12D3,Q9UGF7,1,,,
OR13A1,Q8NGR1,1,,,
OR13C2,Q8NGS9,1,Plasma membrane,Nucleoplasm,Supported
OR13C3,Q8NGS6,1,,,
OR13C4,Q8NGS5,1,,,
OR13C5,Q8NGS8,1,Plasma membrane,Nucleoplasm,Supported
OR13C8,Q8NGS7,1,,,
OR13C9,Q8NGT0,1,Plasma membrane,Nucleoplasm,Uncertain
OR13D1,Q8NGV5,1,,,
OR13F1,Q8NGS4,1,,,
OR13G1,Q8NGZ3,1,,,
OR13H1,Q8NG92,1,,,
OR13J1,Q8NGT2,1,,,
OR14A16,Q8NHC5,1,,,
OR14A2,Q96R54,1,,,
OR14C36,Q8NHC7,1,,,
OR14I1,A6ND48,1,,,
OR14J1,Q9UGF5,1,,,
OR14K1,Q8NGZ2,1,,,
OR14L1P,,0,,,
OR1A1,Q9P1Q5,1,,,
OR1A2,Q9Y585,1,,,
OR1B1,Q8NGR6,1,,,
OR1C1,Q15619,1,,,
OR1D2,P34982,1,,,
OR1D5,P58170,1,,,
OR1E1,P30953,1,,,
OR1E2,P47887,1,,,
OR1F1,O43749,1,,,
OR1G1,P47890,1,,,
OR1I1,O60431,1,,,
OR1J1,Q8NGS3,1,,,
OR1J2,Q8NGS2,1,,,
OR1J4,Q8NGS1,1,,,
OR1K1,Q8NGR3,1,,,
OR1L1,Q8NH94,1,,,
OR1L3,Q8NH93,1,,,
OR1L4,Q8NGR5,1,,,
OR1L6,Q8NGR2,1,,,
OR1L8,Q8NGR8,1,,,
OR1M1,Q8NGA1,1,,,
OR1N1,Q8NGS0,1,,,
OR1N2,Q8NGR9,1,,,
OR1Q1,Q15612,1,,,
OR1R1P,,0,,,
OR1S1,Q8NH92,1,,,
OR1S2,Q8NGQ3,1,,,
OR2A1,Q8NGT9,1,,,
OR2A12,Q8NGT7,1,,,
OR2A14,Q96R47,1,,,
OR2A2,Q6IF42,1,,,
OR2A25,A4D2G3,1,,,
OR2A4,O95047,1,,,
OR2A42,Q8NGT9,1,,,
OR2A5,Q96R48,1,,,
OR2A7,Q96R45,1,,,
OR2AE1,Q8NHA4,1,,,
OR2AG1,Q9H205,1,,,
OR2AG2,A6NM03,1,,,
OR2AJ1,Q8NGZ0,1,,,
OR2AK2,,0,,,
OR2AP1,Q8NGE2,1,,,
OR2AT4,A6NND4,1,,,
OR2B11,Q5JQS5,1,,,
OR2B2,Q9GZK3,1,,,
OR2B3,O76000,1,,,
OR2B6,P58173,1,,,
OR2C1,O95371,1,,,
OR2C3,Q8N628,1,Plasma membrane,,Approved
OR2D2,Q9H210,1,,,
OR2D3,Q8NGH3,1,,,
OR2F1,Q13607,1,,,
OR2F2,O95006,1,,,
OR2G2,Q8NGZ5,1,,,
OR2G3,Q8NGZ4,1,,,
OR2G6,Q5TZ20,1,,,
OR2H1,Q9GZK4,1,,,
OR2H2,O95918,1,,,
OR2I1P,,0,,,
OR2J1,Q9GZK6,1,,,
OR2J2,O76002,1,,,
OR2J3,O76001,1,,,
OR2K2,Q8NGT1,1,,,
OR2L13,Q8N349,1,,,
OR2L2,Q8NH16,1,,,
OR2L3,Q8NG85,1,,,
OR2L5,Q8NG80,1,,,
OR2L8,Q8NGY9,1,,,
OR2M2,Q96R28,1,,,
OR2M3,Q8NG83,1,,,
OR2M4,Q96R27,1,,,
OR2M5,A3KFT3,1,,,
OR2M7,Q8NG81,1,,,
OR2S2,Q9NQN1,1,,,
OR2T1,,0,,,
OR2T10,Q8NGZ9,1,,,
OR2T11,Q8NH01,1,,,
OR2T12,Q8NG77,1,,,
OR2T2,Q6IF00,1,,,
OR2T27,Q8NH04,1,,,
OR2T29,Q8NH02,1,,,
OR2T3,Q8NH03,1,,,
OR2T33,Q8NG76,1,,,
OR2T34,Q8NGX1,1,,,
OR2T35,Q8NGX2,1,,,
OR2T4,Q8NH00,1,,,
OR2T5,Q6IEZ7,1,,,
OR2T6,Q8NHC8,1,,,
OR2T8,A6NH00,1,,,
OR2V1,Q8NHB1,1,,,
OR2V2,Q96R30,1,,,
OR2W1,Q9Y3N9,1,,,
OR2W3,Q7Z3T1,1,,,
OR2Y1,Q8NGV0,1,,,
OR2Z1,Q8NG97,1,,,
OR3A1,P47881,1,,,
OR3A2,P47893,1,,,
OR3A3,P47888,1,,,
OR4A15,,0,,,
OR4A16,Q8NH70,1,,,
OR4A47,Q6IF82,1,,,
OR4A5,Q8NH83,1,,,
OR4B1,Q8NGF8,1,,,
OR4C11,Q6IEV9,1,,,
OR4C12,Q96R67,1,,,
OR4C13,Q8NGP0,1,,,
OR4C15,Q8NGM1,1,,,
OR4C16,Q8NGL9,1,,,
OR4C3,Q8NH37,1,,,
OR4C46,A6NHA9,1,,,
OR4C5,Q8NGB2,1,,,
OR4C6,Q8NH72,1,,,
OR4D1,Q15615,1,,,
OR4D10,Q8NGI6,1,,,
OR4D11,Q8NGI4,1,,,
OR4D2,P58180,1,,,
OR4D5,Q8NGN0,1,,,
OR4D6,Q8NGJ1,1,,,
OR4D9,Q8NGE8,1,,,
OR4E1,P0C645,1,,,
OR4E2,Q8NGC2,1,,,
OR4F15,Q8NGB8,1,,,
OR4F16,Q6IEY1,1,,,
OR4F17,Q8NGA8,1,,,
OR4F21,O95013,1,,,
OR4F29,Q6IEY1,1,,,
OR4F3,Q6IEY1,1,,,
OR4F4,Q96R69,1,,,
OR4F5,Q8NH21,1,,,
OR4F6,Q8NGB9,1,,,
OR4K1,Q8NGD4,1,,,
OR4K13,Q8NH42,1,,,
OR4K14,Q8NGD5,1,,,
OR4K15,Q8NH41,1,,,
OR4K17,Q8NGC6,1,,,
OR4K2,Q8NGD2,1,,,
OR4K5,Q8NGD3,1,,,
OR4L1,Q8NH43,1,,,
OR4M1,Q8NGD0,1,,,
OR4M2,Q8NGB6,1,,,
OR4M2B,,0,,,
OR4N2,Q8NGD1,1,,,
OR4N4,Q8N0Y3,1,Centrosome,,Uncertain
OR4N4C,,0,Centrosome,,Uncertain
OR4N5,Q8IXE1,1,,,
OR4P4,Q8NGL7,1,,,
OR4Q3,,0,,,
OR4S1,Q8NGB4,1,,,
OR4S2,Q8NH73,1,,,
OR4X1,Q8NH49,1,,,
OR4X2,Q8NGF9,1,,,
OR51A2,Q8NGJ7,1,,,
OR51A4,Q8NGJ6,1,,,
OR51A7,Q8NH64,1,,,
OR51B2,Q9Y5P1,1,,,
OR51B4,Q9Y5P0,1,,,
OR51B5,Q9H339,1,,,
OR51B6,Q9H340,1,,,
OR51C1P,,0,,,
OR51D1,Q8NGF3,1,,,
OR51E1,Q8TCB6,1,,,
OR51E2,Q9H255,1,,,
OR51F1,A6NGY5,1,,,
OR51F2,Q8NH61,1,,,
OR51G1,Q8NGK1,1,,,
OR51G2,Q8NGK0,1,,,
OR51I1,Q9H343,1,,,
OR51I2,Q9H344,1,,,
OR51L1,Q8NGJ5,1,,,
OR51M1,Q9H341,1,,,
OR51Q1,Q8NH59,1,,,
OR51S1,Q8NGJ8,1,,,
OR51T1,Q8NGJ9,1,,,
OR51V1,,0,,,
OR52A1,Q9UKL2,1,,,
OR52A5,Q9H2C5,1,,,
OR52B2,Q96RD2,1,,,
OR52B4,Q8NGK2,1,,,
OR52B6,Q8NGF0,1,,,
OR52D1,Q9H346,1,,,
OR52E2,Q8NGJ4,1,,,
OR52E4,Q8NGH9,1,,,
OR52E5,Q8NH55,1,,,
OR52E6,Q96RD3,1,,,
OR52E8,Q6IFG1,1,,,
OR52H1,Q8NGJ2,1,,,
OR52I1,Q8NGK6,1,,,
OR52I2,Q8NH67,1,,,
OR52J3,Q8NH60,1,,,
OR52K1,Q8NGK4,1,,,
OR52K2,Q8NGK3,1,,,
OR52L1,Q8NGH7,1,,,
OR52M1,Q8NGK5,1,,,
OR52N1,Q8NH53,1,,,
OR52N2,Q8NGI0,1,,,
OR52N4,Q8NGI2,1,,,
OR52N5,Q8NH56,1,,,
OR52R1,Q8NGF1,1,,,
OR52W1,Q6IF63,1,,,
OR56A1,,0,,,
OR56A3,Q8NH54,1,,,
OR56A4,Q8NGH8,1,,,
OR56A5,P0C7T3,1,,,
OR56B1,Q8NGI3,1,,,
OR56B2P,,0,,,
OR56B4,Q8NH76,1,,,
OR5A1,Q8NGJ0,1,,,
OR5A2,Q8NGI9,1,,,
OR5AC2,Q9NZP5,1,,,
OR5AK2,Q8NH90,1,,,
OR5AN1,Q8NGI8,1,,,
OR5AP2,Q8NGF4,1,,,
OR5AR1,Q8NGP9,1,,,
OR5AS1,Q8N127,1,,,
OR5AU1,Q8NGC0,1,,,
OR5B12,Q96R08,1,,,
OR5B17,Q8NGF7,1,,,
OR5B2,Q96R09,1,,,
OR5B21,A6NL26,1,,,
OR5B3,Q8NH48,1,,,
OR5BS1P,,0,,,
OR5C1,Q8NGR4,1,,,
OR5D13,Q8NGL4,1,,,
OR5D14,Q8NGL3,1,,,
OR5D16,Q8NGK9,1,,,
OR5D18,Q8NGL1,1,,,
OR5D3P,,0,,,
OR5F1,O95221,1,,,
OR5H1,A6NKK0,1,,,
OR5H14,A6NHG9,1,,,
OR5H15,A6NDH6,1,,,
OR5H2,Q8NGV7,1,,,
OR5H6,Q8NGV6,1,,,
OR5I1,Q13606,1,,,
OR5J2,Q8NH18,1,,,
OR5K1,Q8NHB7,1,,,
OR5K2,Q8NHB8,1,,,
OR5K3,A6NET4,1,,,
OR5K4,A6NMS3,1,,,
OR5L1,Q8NGL2,1,,,
OR5L2,Q8NGL0,1,,,
OR5M1,Q8NGP8,1,,,
OR5M10,Q6IEU7,1,,,
OR5M11,Q96RB7,1,,,
OR5M3,Q8NGP4,1,,,
OR5M8,Q8NGP6,1,,,
OR5M9,Q8NGP3,1,,,
OR5P2,Q8WZ92,1,,,
OR5P3,Q8WZ94,1,,,
OR5T1,Q8NG75,1,,,
OR5T2,Q8NGG2,1,,,
OR5T3,,0,,,
OR5V1,Q9UGF6,1,,,
OR5W2,Q8NH69,1,,,
OR6A2,O95222,1,,,
OR6B1,O95007,1,,,
OR6B2,Q6IFH4,1,Plasma membrane,Cytosol,Approved
OR6B3,Q8NGW1,1,Plasma membrane,Cytosol,Approved
OR6C1,Q96RD1,1,,,
OR6C2,Q9NZP2,1,,,
OR6C3,Q9NZP0,1,,,
OR6C4,Q8NGE1,1,,,
OR6C6,A6NF89,1,"Lipid droplets, Plasma membrane",,Approved
OR6C65,A6NJZ3,1,,,
OR6C68,A6NDL8,1,,,
OR6C70,A6NIJ9,1,,,
OR6C74,A6NCV1,1,,,
OR6C75,A6NL08,1,,,
OR6C76,A6NM76,1,,,
OR6F1,Q8NGZ6,1,,,
OR6J1,Q8NGC5,1,,,
OR6K2,Q8NGY2,1,,,
OR6K3,Q8NGY3,1,,,
OR6K6,Q8NGW6,1,,,
OR6M1,Q8NGM8,1,,,
OR6N1,Q8NGY5,1,,,
OR6N2,Q8NGY6,1,,,
OR6P1,Q8NGX9,1,,,
OR6Q1,Q8NGQ2,1,,,
OR6S1,Q8NH40,1,,,
OR6T1,Q8NGN1,1,,,
OR6V1,Q8N148,1,,,
OR6X1,Q8NH79,1,,,
OR6Y1,Q8NGX8,1,,,
OR7A10,O76100,1,,,
OR7A17,O14581,1,,,
OR7A5,Q15622,1,,,
OR7C1,O76099,1,,,
OR7C2,O60412,1,,,
OR7D2,Q96RA2,1,,,
OR7D4,Q8NG98,1,,,
OR7E24,Q6IFN5,1,,,
OR7G1,Q8NGA0,1,,,
OR7G2,Q8NG99,1,,,
OR7G3,Q8NG95,1,,,
OR8A1,Q8NGG7,1,,,
OR8B12,Q8NGG6,1,,,
OR8B2,Q96RD0,1,,,
OR8B3,Q8NGG8,1,,,
OR8B4,Q96RC9,1,,,
OR8B8,Q15620,1,,,
OR8D1,Q8WZ84,1,,,
OR8D2,Q9GZM6,1,,,
OR8D4,Q8NGM9,1,,,
OR8G1,Q15617,1,,,
OR8G5,,0,,,
OR8H1,Q8NGG4,1,,,
OR8H2,Q8N162,1,,,
OR8H3,Q8N146,1,,,
OR8I2,Q8N0Y5,1,,,
OR8J1,Q8NGP2,1,,,
OR8J3,Q8NGG0,1,,,
OR8K1,Q8NGG5,1,,,
OR8K3,Q8NH51,1,,,
OR8K5,Q8NH50,1,,,
OR8S1,Q8NH09,1,Plasma membrane,,Supported
OR8U1,Q8NH10,1,,,
OR8U3,Q8NH85,1,,,
OR9A2,Q8NGT5,1,,,
OR9A4,Q8NGU2,1,,,
OR9G1,Q8NH87,1,,,
OR9G4,,0,,,
OR9I1,Q8NGQ6,1,,,
OR9K2,Q8NGE7,1,,,
OR9Q1,Q8NGQ5,1,,,
OR9Q2,Q8NGE9,1,,,
ORAI1,Q96D31,1,,,
ORAI2,Q96SN7,1,Nucleoplasm,,Approved
ORAI3,Q9BRQ5,1,"Nucleoplasm, Cytosol",,Approved
ORC1,Q13415,1,Nucleoplasm,,Supported
ORC2,Q13416,1,Nucleoplasm,Cytosol,Supported
ORC3,Q9UBD5,1,Nucleoplasm,,Supported
ORC4,O43929,1,"Nucleoplasm, Nucleoli",,Supported
ORC5,O43913,1,Nucleoplasm,Cytosol,Supported
ORC6,Q9Y5N6,1,"Nucleoplasm, Nucleoli fibrillar center",,Supported
ORM1,P02763,1,Vesicles,Golgi apparatus,Approved
ORM2,P19652,1,Vesicles,Golgi apparatus,Approved
ORMDL1,Q9P0S3,1,Endoplasmic reticulum,,Supported
ORMDL2,Q53FV1,1,Endoplasmic reticulum,,Supported
ORMDL3,Q8N138,1,Endoplasmic reticulum,,Supported
OS9,Q13438,1,Endoplasmic reticulum,,Supported
OSBP,P22059,1,Golgi apparatus,"Nucleoplasm, Cytosol",Supported
OSBP2,Q969R2,1,Cytosol,,Approved
OSBPL10,Q9BXB5,1,"Golgi apparatus, Plasma membrane, Cytosol",,Approved
OSBPL11,Q9BXB4,1,"Nucleoplasm, Golgi apparatus",,Approved
OSBPL1A,Q9BXW6,1,"Nucleoplasm, Cytosol",,Approved
OSBPL2,Q9H1P3,1,Cytosol,,Approved
OSBPL3,Q9H4L5,1,Cytosol,Nucleoli,Supported
OSBPL5,Q9H0X9,1,Vesicles,,Enhanced
OSBPL6,Q9BZF3,1,Plasma membrane,,Approved
OSBPL7,Q9BZF2,1,"Nucleoplasm, Cytosol",Plasma membrane,Approved
OSBPL8,Q9BZF1,1,"Vesicles, Cytosol",,Approved
OSBPL9,Q96SU4,1,Golgi apparatus,Vesicles,Supported
OSCAR,Q8IYS5,1,"Nucleoplasm, Plasma membrane, Cytosol",,Approved
OSCP1,Q8WVF1,1,"Nucleoplasm, Nucleoli",Plasma membrane,Uncertain
OSER1,Q9NX31,1,"Nucleoli, Nucleoli rim, Nuclear speckles",,Approved
OSGEP,Q9NPF4,1,Nucleoplasm,Plasma membrane,Supported
OSGEPL1,Q9H4B0,1,Mitochondria,,Supported
OSGIN1,Q9UJX0,1,"Nucleoplasm, Cytosol",,Approved
OSGIN2,Q9Y236,1,Nucleoli,,Approved
OSM,P13725,1,,,
OSMR,Q99650,1,Nucleoli,,Approved
OSR1,Q8TAX0,1,,,
OSR2,Q8N2R0,1,Plasma membrane,Nucleoplasm,Approved
OST4,P0C6T2,1,,,
OSTC,Q9NRP0,1,,,
OSTF1,Q92882,1,Cytosol,,Supported
OSTM1,Q86WC4,1,Cytosol,"Nucleoplasm, Vesicles",Approved
OSTN,P61366,1,,,
OTC,P00480,1,Mitochondria,,Supported
OTOA,Q7RTW8,1,,,
OTOF,Q9HC10,1,,,
OTOG,Q6ZRI0,1,,,
OTOGL,Q3ZCN5,1,Cytosol,,Approved
OTOL1,A6NHN0,1,,,
OTOP1,Q7RTM1,1,,,
OTOP2,Q7RTS6,1,Plasma membrane,,Approved
OTOP3,,0,,,
OTOR,Q9NRC9,1,,,
OTOS,Q8NHW6,1,,,
OTP,Q5XKR4,1,Nucleoplasm,"Nucleoli fibrillar center, Nuclear bodies",Approved
OTUB1,Q96FW1,1,Cytosol,Cytoplasmic bodies,Approved
OTUB2,Q96DC9,1,,,
OTUD1,Q5VV17,1,Cytosol,,Approved
OTUD3,Q5T2D3,1,Cytosol,"Nucleoplasm, Intermediate filaments",Approved
OTUD4,Q01804,1,Cytosol,,Supported
OTUD5,Q96G74,1,Cytosol,"Nucleoplasm, Nucleoli fibrillar center",Approved
OTUD6A,Q7L8S5,1,Cytosol,Vesicles,Approved
OTUD6B,Q8N6M0,1,"Nucleoplasm, Golgi apparatus, Cytosol",,Approved
OTUD7A,Q8TE49,1,Cytosol,Nucleoli,Approved
OTUD7B,Q6GQQ9,1,Microtubules,"Cytokinetic bridge, Mitotic spindle",Uncertain
OTULIN,Q96BN8,1,Mitochondria,Plasma membrane,Approved
OTULINL,Q9NUU6,1,"Nucleoli, Cytosol",,Approved
OTX1,P32242,1,Nucleoplasm,,Approved
OTX2,P32243,1,Nucleoplasm,Vesicles,Supported
OVCA2,Q8WZ82,1,Nucleoplasm,Cytosol,Supported
OVCH1,Q7RTY7,1,,,
OVCH2,,0,,,
OVGP1,Q12889,1,Vesicles,Microtubules,Supported
OVOL1,O14753,1,Nucleoplasm,,Approved
OVOL2,Q9BRP0,1,Nucleoplasm,Cytosol,Approved
OVOL3,O00110,1,Nucleoplasm,"Vesicles, Cytosol",Approved
OXA1L,Q15070,1,Mitochondria,,Supported
OXCT1,P55809,1,Mitochondria,,Enhanced
OXCT2,Q9BYC2,1,,,
OXER1,Q8TDS5,1,,,
OXGR1,Q96P68,1,Plasma membrane,,Supported
OXLD1,Q5BKU9,1,"Vesicles, Cytosol",,Approved
OXNAD1,Q96HP4,1,Nucleoplasm,,Approved
OXR1,Q8N573,1,Vesicles,,Approved
OXSM,Q9NWU1,1,"Mitochondria, Cytosol",,Approved
OXSR1,O95747,1,Cytosol,,Enhanced
OXT,P01178,1,,,
OXTR,P30559,1,,,
P2RX1,P51575,1,Endoplasmic reticulum,,Approved
P2RX2,Q9UBL9,1,,,
P2RX3,P56373,1,,,
P2RX4,Q99571,1,,,
P2RX5,Q93086,1,Cytosol,,Supported
P2RX6,O15547,1,"Nucleoli, Cytosol",,Approved
P2RX7,Q99572,1,,,
P2RY1,P47900,1,,,
P2RY10,O00398,1,,,
P2RY11,Q96G91,1,,,
P2RY12,Q9H244,1,,,
P2RY13,Q9BPV8,1,,,
P2RY14,Q15391,1,,,
P2RY2,P41231,1,Cytosol,,Uncertain
P2RY4,P51582,1,,,
P2RY6,Q15077,1,,,
P2RY8,Q86VZ1,1,,,
P3H1,Q32P28,1,Vesicles,Nucleoli,Approved
P3H2,Q8IVL5,1,Golgi apparatus,"Nucleoplasm, Vesicles, Cytosol",Supported
P3H3,Q8IVL6,1,"Plasma membrane, Cytosol",Nucleoli,Approved
P3H4,Q92791,1,"Endoplasmic reticulum, Vesicles",,Approved
P3R3URF,A0A087WWA1,1,,,
P3R3URF-PIK3R3,,0,,,
P4HA1,P13674,1,Endoplasmic reticulum,Vesicles,Supported
P4HA2,O15460,1,"Endoplasmic reticulum, Vesicles",,Enhanced
P4HA3,Q7Z4N8,1,,,
P4HB,P07237,1,Endoplasmic reticulum,,Supported
P4HTM,Q9NXG6,1,"Vesicles, Cytosol",,Uncertain
PA2G4,Q9UQ80,1,Cytosol,,Approved
PAAF1,Q9BRP4,1,Nucleoplasm,Cytosol,Approved
PABPC1,P11940,1,Cytosol,,Supported
PABPC1L,Q4VXU2,1,Cytosol,Nuclear bodies,Approved
PABPC1L2A,Q5JQF8,1,,,
PABPC1L2B,Q5JQF8,1,,,
PABPC3,Q9H361,1,Cytosol,,Approved
PABPC4,Q13310,1,Cytosol,,Enhanced
PABPC4L,P0CB38,1,,,
PABPC5,Q96DU9,1,,,
PABPN1,Q86U42,1,Nucleoplasm,Nuclear speckles,Approved
PABPN1L,A6NDY0,1,,,
PACC1,Q9H813,1,,,
PACRG,Q96M98,1,,,
PACRGL,Q8N7B6,1,"Nucleoplasm, Vesicles",,Approved
PACS1,Q6VY07,1,"Microtubules, Cytosol",,Approved
PACS2,Q86VP3,1,Mitochondria,,Approved
PACSIN1,Q9BY11,1,Vesicles,Nucleoplasm,Approved
PACSIN2,Q9UNF0,1,"Vesicles, Plasma membrane","Nuclear speckles, Centriolar satellite",Supported
PACSIN3,Q9UKS6,1,Cytosol,Plasma membrane,Supported
PADI1,Q9ULC6,1,Cytosol,Nucleoplasm,Approved
PADI2,Q9Y2J8,1,,,
PADI3,Q9ULW8,1,"Vesicles, Cytosol",Nucleoplasm,Supported
PADI4,Q9UM07,1,,,
PADI6,Q6TGC4,1,,,
PAEP,P09466,1,,,
PAF1,Q8N7H5,1,Nucleoplasm,"Nucleoli fibrillar center, Vesicles",Supported
PAFAH1B1,P43034,1,Centrosome,,Supported
PAFAH1B2,P68402,1,Cytosol,"Nucleoli, Plasma membrane",Supported
PAFAH1B3,Q15102,1,Intermediate filaments,,Approved
PAFAH2,Q99487,1,,,
PAG1,Q9NWQ8,1,"Vesicles, Plasma membrane",,Supported
PAGE1,O75459,1,Nucleoli fibrillar center,"Nucleoplasm, Mitochondria",Approved
PAGE2,Q7Z2X7,1,,,
PAGE2B,Q5JRK9,1,,,
PAGE3,Q5JUK9,1,Nuclear speckles,Nucleoplasm,Approved
PAGE4,O60829,1,Vesicles,Golgi apparatus,Approved
PAGE5,Q96GU1,1,Mitochondria,,Approved
PAGR1,Q9BTK6,1,,,
PAH,P00439,1,"Endoplasmic reticulum, Vesicles",,Approved
PAICS,P22234,1,Cytosol,,Approved
PAIP1,Q9H074,1,"Plasma membrane, Cytosol",,Enhanced
PAIP2,Q9BPZ3,1,Vesicles,,Supported
PAIP2B,Q9ULR5,1,Cytosol,,Approved
PAK1,Q13153,1,"Plasma membrane, Cytosol",,Supported
PAK1IP1,Q9NWT1,1,Nucleoli,,Supported
PAK2,Q13177,1,"Nucleoplasm, Vesicles",,Approved
PAK3,O75914,1,Vesicles,,Approved
PAK4,O96013,1,"Plasma membrane, Cell Junctions",,Supported
PAK5,Q9P286,1,"Nucleoplasm, Nuclear membrane",Cytosol,Supported
PAK6,Q9NQU5,1,"Nucleoplasm, Nucleoli fibrillar center",Cell Junctions,Approved
PALB2,Q86YC2,1,"Nucleoplasm, Nuclear speckles",,Supported
PALD1,Q9ULE6,1,,,
PALLD,Q8WX93,1,Actin filaments,"Plasma membrane, Mitochondria, Cytosol",Supported
PALM,O75781,1,"Nucleoplasm, Plasma membrane",,Enhanced
PALM2AKAP2,"Q8IXS6,Q9Y2D5",2,Plasma membrane,,Supported
PALM3,A6NDB9,1,"Nucleoplasm, Nuclear bodies",Plasma membrane,Approved
PALMD,Q9NP74,1,Actin filaments,"Plasma membrane, Focal adhesion sites",Supported
PAM,P19021,1,"Golgi apparatus, Cytosol",,Approved
PAM16,Q9Y3D7,1,"Nucleoplasm, Mitochondria",Microtubules,Approved
PAMR1,Q6UXH9,1,,,
PAN2,Q504Q3,1,,,
PAN3,Q58A45,1,,,
PANK1,Q8TE04,1,,,
PANK2,Q9BZ23,1,Cytosol,,Supported
PANK3,Q9H999,1,Golgi apparatus,,Approved
PANK4,Q9NVE7,1,Cytosol,,Approved
PANX1,Q96RD7,1,Plasma membrane,,Enhanced
PANX2,Q96RD6,1,Plasma membrane,,Supported
PANX3,Q96QZ0,1,,,
PAOX,Q6QHF9,1,Centrosome,Nucleoplasm,Uncertain
PAPLN,O95428,1,,,
PAPOLA,P51003,1,Nucleoplasm,,Supported
PAPOLB,Q9NRJ5,1,Nucleoplasm,,Approved
PAPOLG,Q9BWT3,1,Nucleoplasm,"Nuclear bodies, Cytosol",Enhanced
PAPPA,Q13219,1,,,
PAPPA2,Q9BXP8,1,"Endoplasmic reticulum, Vesicles",,Approved
PAPSS1,O43252,1,"Nucleoli rim, Mitotic chromosome",Nucleoplasm,Approved
PAPSS2,O95340,1,Mitochondria,,Approved
PAQR3,Q6TCH7,1,,,
PAQR4,Q8N4S7,1,Vesicles,,Approved
PAQR5,Q9NXK6,1,Vesicles,,Approved
PAQR6,Q6TCH4,1,,,
PAQR7,Q86WK9,1,Cytosol,,Approved
PAQR8,Q8TEZ7,1,Plasma membrane,Golgi apparatus,Supported
PAQR9,Q6ZVX9,1,,,
PARD3,Q8TEW0,1,"Plasma membrane, Cell Junctions",,Supported
PARD3B,Q8TEW8,1,Cell Junctions,,Supported
PARD6A,Q9NPB6,1,"Cell Junctions, Actin filaments",Cytosol,Supported
PARD6B,Q9BYG5,1,Cytosol,,Supported
PARD6G,Q9BYG4,1,Plasma membrane,,Approved
PARG,Q86W56,1,Nucleoplasm,"Vesicles, Cytosol",Supported
PARK7,Q99497,1,"Nucleoplasm, Cytosol",,Supported
PARL,Q9H300,1,Mitochondria,,Approved
PARM1,Q6UWI2,1,"Nucleoplasm, Vesicles, Cytosol",,Approved
PARN,O95453,1,Nuclear speckles,,Supported
PARP1,P09874,1,Nucleoplasm,,Enhanced
PARP10,Q53GL7,1,Nucleoli rim,"Golgi apparatus, Cytosol",Supported
PARP11,Q9NR21,1,Nuclear bodies,"Nucleoplasm, Cytosol",Supported
PARP12,Q9H0J9,1,Nucleoplasm,,Approved
PARP14,Q460N5,1,Cytosol,,Supported
PARP15,Q460N3,1,,,
PARP16,Q8N5Y8,1,,,
PARP2,Q9UGN5,1,Nucleoplasm,Nucleoli,Supported
PARP3,Q9Y6F1,1,"Nucleoplasm, Nuclear bodies",,Supported
PARP4,Q9UKK3,1,Nucleoplasm,Cytosol,Supported
PARP6,Q2NL67,1,Plasma membrane,,Approved
PARP8,Q8N3A8,1,Nucleoplasm,"Midbody ring, Cytosol",Approved
PARP9,Q8IXQ6,1,"Nucleoplasm, Cytosol",Mitochondria,Supported
PARPBP,Q9NWS1,1,Nucleoplasm,,Supported
PARS2,Q7L3T8,1,"Nucleoli fibrillar center, Mitochondria",,Approved
PARVA,Q9NVD7,1,"Actin filaments, Focal adhesion sites",Cytosol,Supported
PARVB,Q9HBI1,1,"Actin filaments, Cytosol",,Supported
PARVG,Q9HBI0,1,,,
PASD1,Q8IV76,1,Nuclear speckles,,Enhanced
PASK,Q96RG2,1,Cytosol,,Supported
PATE1,Q8WXA2,1,,,
PATE2,Q6UY27,1,,,
PATE3,B3GLJ2,1,,,
PATE4,P0C8F1,1,,,
PATJ,Q8NI35,1,Cell Junctions,"Centriolar satellite, Cytosol",Supported
PATL1,Q86TB9,1,Cytoplasmic bodies,,Supported
PATL2,C9JE40,1,,,
PATZ1,Q9HBE1,1,Nucleoplasm,,Supported
PAWR,Q96IZ0,1,"Plasma membrane, Actin filaments, Cytosol",,Approved
PAX1,P15863,1,,,
PAX2,Q02962,1,Nucleoplasm,,Supported
PAX3,P23760,1,Nucleoplasm,,Enhanced
PAX4,O43316,1,,,
PAX5,Q02548,1,Nucleoplasm,,Supported
PAX6,P26367,1,Nucleoplasm,,Enhanced
PAX7,P23759,1,,,
PAX8,Q06710,1,Nucleoplasm,,Enhanced
PAX9,P55771,1,Nucleoli,Nucleoplasm,Supported
PAXBP1,Q9Y5B6,1,Nucleoplasm,Cytosol,Approved
PAXIP1,Q6ZW49,1,"Nucleoplasm, Vesicles",,Approved
PAXX,Q9BUH6,1,Nucleoplasm,,Supported
PBDC1,Q9BVG4,1,Nucleoplasm,"Nucleoli, Cytosol",Approved
PBK,Q96KB5,1,Cytosol,,Approved
PBLD,P30039,1,Vesicles,,Approved
PBOV1,Q9GZY1,1,Nucleoplasm,Cytosol,Supported
PBRM1,Q86U86,1,Nucleoplasm,,Enhanced
PBX1,P40424,1,Nucleoplasm,"Nuclear bodies, Cytosol",Enhanced
PBX2,P40425,1,Nucleoplasm,,Approved
PBX3,P40426,1,Nucleoplasm,"Nuclear bodies, Cytosol",Approved
PBX4,Q9BYU1,1,Vesicles,,Approved
PBXIP1,Q96AQ6,1,Nucleoplasm,Cytosol,Supported
PC,P11498,1,Mitochondria,,Enhanced
PCARE,A6NGG8,1,,,
PCBD1,P61457,1,Nucleoplasm,Cytosol,Enhanced
PCBD2,Q9H0N5,1,Plasma membrane,,Approved
PCBP1,Q15365,1,Nuclear speckles,Cytoplasmic bodies,Enhanced
PCBP2,Q15366,1,Nucleoplasm,Cytosol,Supported
PCBP3,P57721,1,"Nucleoplasm, Mitochondria",Vesicles,Approved
PCBP4,P57723,1,Cytosol,,Supported
PCCA,P05165,1,Mitochondria,,Supported
PCCB,P05166,1,,,
PCDH1,Q08174,1,"Nucleoplasm, Cell Junctions",Nucleoli,Approved
PCDH10,Q9P2E7,1,Golgi apparatus,"Nucleoplasm, Vesicles",Approved
PCDH11X,Q9BZA7,1,,,
PCDH11Y,Q9BZA8,1,,,
PCDH12,Q9NPG4,1,,,
PCDH15,Q96QU1,1,,,
PCDH17,O14917,1,"Vesicles, Cytosol",Plasma membrane,Approved
PCDH18,Q9HCL0,1,Cytosol,Golgi apparatus,Approved
PCDH19,Q8TAB3,1,Cytosol,,Approved
PCDH20,Q8N6Y1,1,Vesicles,Cytokinetic bridge,Approved
PCDH7,O60245,1,"Plasma membrane, Cell Junctions",,Enhanced
PCDH8,O95206,1,Golgi apparatus,Cytosol,Uncertain
PCDH9,Q9HC56,1,"Nucleoplasm, Centrosome",,Approved
PCDHA1,Q9Y5I3,1,Plasma membrane,,Approved
PCDHA10,Q9Y5I2,1,,,
PCDHA11,Q9Y5I1,1,"Vesicles, Cell Junctions",Cytoplasmic bodies,Approved
PCDHA12,Q9UN75,1,"Plasma membrane, Cytosol",,Approved
PCDHA13,Q9Y5I0,1,,,
PCDHA2,Q9Y5H9,1,,,
PCDHA3,Q9Y5H8,1,,,
PCDHA4,Q9UN74,1,"Nucleoplasm, Plasma membrane",Cytosol,Supported
PCDHA5,Q9Y5H7,1,Plasma membrane,"Nuclear speckles, Mitochondria",Approved
PCDHA6,Q9UN73,1,Vesicles,,Approved
PCDHA7,Q9UN72,1,,,
PCDHA8,Q9Y5H6,1,,,
PCDHA9,Q9Y5H5,1,,,
PCDHAC1,Q9H158,1,"Nucleoplasm, Nucleoli",Vesicles,Approved
PCDHAC2,Q9Y5I4,1,Nucleoplasm,Mitochondria,Approved
PCDHB1,Q9Y5F3,1,Nucleoplasm,Plasma membrane,Uncertain
PCDHB10,Q9UN67,1,,,
PCDHB11,Q9Y5F2,1,Plasma membrane,,Approved
PCDHB12,Q9Y5F1,1,Plasma membrane,,Approved
PCDHB13,Q9Y5F0,1,,,
PCDHB14,Q9Y5E9,1,Vesicles,,Approved
PCDHB15,Q9Y5E8,1,Mitochondria,,Approved
PCDHB16,Q9NRJ7,1,"Vesicles, Plasma membrane",,Approved
PCDHB2,Q9Y5E7,1,Nucleoplasm,,Approved
PCDHB3,Q9Y5E6,1,Vesicles,,Supported
PCDHB4,Q9Y5E5,1,Plasma membrane,Nuclear membrane,Approved
PCDHB5,Q9Y5E4,1,Plasma membrane,Vesicles,Approved
PCDHB6,Q9Y5E3,1,Nucleoplasm,,Approved
PCDHB7,Q9Y5E2,1,,,
PCDHB8,Q9UN66,1,,,
PCDHB9,Q9Y5E1,1,,,
PCDHGA1,Q9Y5H4,1,"Vesicles, Plasma membrane","Nucleoplasm, Cytosol",Uncertain
PCDHGA10,Q9Y5H3,1,Plasma membrane,"Nucleoplasm, Vesicles, Cytosol",Uncertain
PCDHGA11,Q9Y5H2,1,Plasma membrane,"Nucleoplasm, Vesicles, Cytosol",Uncertain
PCDHGA12,O60330,1,"Vesicles, Plasma membrane","Nucleoplasm, Cytosol",Uncertain
PCDHGA2,Q9Y5H1,1,"Vesicles, Plasma membrane","Nucleoplasm, Nucleoli, Focal adhesion sites, Cytosol",Approved
PCDHGA3,Q9Y5H0,1,"Vesicles, Plasma membrane","Nucleoplasm, Cytosol",Uncertain
PCDHGA4,Q9Y5G9,1,"Vesicles, Plasma membrane","Nucleoplasm, Cytosol",Uncertain
PCDHGA5,Q9Y5G8,1,"Vesicles, Plasma membrane","Nucleoplasm, Cytosol",Uncertain
PCDHGA6,Q9Y5G7,1,"Vesicles, Plasma membrane","Nucleoplasm, Cytosol",Uncertain
PCDHGA7,Q9Y5G6,1,"Vesicles, Plasma membrane","Nucleoplasm, Cytosol",Uncertain
PCDHGA8,Q9Y5G5,1,"Vesicles, Plasma membrane","Nucleoplasm, Cytosol",Uncertain
PCDHGA9,Q9Y5G4,1,"Vesicles, Plasma membrane","Nucleoplasm, Cytosol",Uncertain
PCDHGB1,Q9Y5G3,1,"Vesicles, Plasma membrane","Nucleoplasm, Focal adhesion sites, Midbody",Approved
PCDHGB2,Q9Y5G2,1,"Vesicles, Plasma membrane, Cytosol",Nucleoplasm,Supported
PCDHGB3,Q9Y5G1,1,Plasma membrane,"Nucleoplasm, Vesicles, Cytosol",Approved
PCDHGB4,Q9UN71,1,"Vesicles, Plasma membrane","Nucleoplasm, Cytosol",Uncertain
PCDHGB5,Q9Y5G0,1,"Vesicles, Plasma membrane","Nucleoplasm, Cytosol",Uncertain
PCDHGB6,Q9Y5F9,1,"Vesicles, Plasma membrane","Nucleoplasm, Cytosol",Uncertain
PCDHGB7,Q9Y5F8,1,"Vesicles, Plasma membrane","Nucleoplasm, Cytosol",Uncertain
PCDHGC3,Q9UN70,1,Plasma membrane,,Approved
PCDHGC4,Q9Y5F7,1,"Vesicles, Plasma membrane","Nucleoplasm, Cytosol",Uncertain
PCDHGC5,Q9Y5F6,1,"Vesicles, Plasma membrane","Nucleoplasm, Cytosol",Approved
PCED1A,Q9H1Q7,1,"Nucleoplasm, Cytosol",,Approved
PCED1B,Q96HM7,1,Golgi apparatus,Vesicles,Approved
PCF11,O94913,1,Nucleoplasm,Mitochondria,Supported
PCGF1,Q9BSM1,1,Nucleoplasm,,Enhanced
PCGF2,P35227,1,Nucleoplasm,,Supported
PCGF3,Q3KNV8,1,Nucleoplasm,,Supported
PCGF5,Q86SE9,1,Nucleoplasm,,Supported
PCGF6,Q9BYE7,1,,,
PCID2,Q5JVF3,1,"Nucleoplasm, Nucleoli",,Approved
PCIF1,Q9H4Z3,1,Nucleoplasm,"Microtubules, Cytokinetic bridge",Supported
PCK1,P35558,1,,,
PCK2,Q16822,1,Mitochondria,,Enhanced
PCLAF,Q15004,1,Centrosome,,Supported
PCLO,Q9Y6V0,1,Plasma membrane,Nuclear speckles,Approved
PCM1,Q15154,1,Centriolar satellite,"Nucleoplasm, Cytosol",Supported
PCMT1,P22061,1,Cytosol,,Supported
PCMTD1,Q96MG8,1,Plasma membrane,Nucleoplasm,Approved
PCMTD2,Q9NV79,1,Mitochondria,Nucleoplasm,Approved
PCNA,P12004,1,Nucleoplasm,,Enhanced
PCNP,Q8WW12,1,Nucleoplasm,Nuclear bodies,Enhanced
PCNT,O95613,1,Centrosome,"Centriolar satellite, Cytosol",Supported
PCNX1,Q96RV3,1,Nucleoplasm,,Approved
PCNX2,A6NKB5,1,Endoplasmic reticulum,,Approved
PCNX3,Q9H6A9,1,Cytosol,,Approved
PCNX4,Q63HM2,1,Cytosol,,Approved
PCOLCE,Q15113,1,"Golgi apparatus, Vesicles",,Approved
PCOLCE2,Q9UKZ9,1,"Nucleoplasm, Cytosol",,Approved
PCP2,Q8IVA1,1,Nuclear speckles,Vesicles,Approved
PCP4,P48539,1,"Nucleoplasm, Nucleoli fibrillar center",,Approved
PCP4L1,A6NKN8,1,"Nucleoplasm, Mitochondria",,Approved
PCSK1,P29120,1,,,
PCSK1N,Q9UHG2,1,Vesicles,,Approved
PCSK2,P16519,1,Vesicles,,Approved
PCSK4,Q6UW60,1,,,
PCSK5,Q92824,1,Golgi apparatus,,Supported
PCSK6,P29122,1,,,
PCSK7,Q16549,1,,,
PCSK9,Q8NBP7,1,,,
PCTP,Q9UKL6,1,"Nucleoplasm, Nucleoli",,Approved
PCYOX1,Q9UHG3,1,,,
PCYOX1L,Q8NBM8,1,"Nucleoplasm, Mitochondria",,Approved
PCYT1A,P49585,1,Nucleoplasm,Cytosol,Approved
PCYT1B,Q9Y5K3,1,,,
PCYT2,Q99447,1,Cytosol,Nucleoplasm,Approved
PDAP1,Q13442,1,Cytosol,Plasma membrane,Enhanced
PDC,P20941,1,,,
PDCD1,Q15116,1,,,
PDCD10,Q9BUL8,1,,,
PDCD11,Q14690,1,Nucleoli rim,Vesicles,Supported
PDCD1LG2,Q9BQ51,1,Cytosol,,Uncertain
PDCD2,Q16342,1,Nucleoplasm,Cytokinetic bridge,Approved
PDCD2L,Q9BRP1,1,Mitochondria,,Approved
PDCD4,Q53EL6,1,Nucleoplasm,,Approved
PDCD5,O14737,1,Cytosol,Nucleoplasm,Approved
PDCD6,O75340,1,Cytosol,Nucleoplasm,Supported
PDCD6IP,Q8WUM4,1,Vesicles,Centrosome,Approved
PDCD7,Q8N8D1,1,Plasma membrane,Nucleoli,Approved
PDCL,Q13371,1,Cytosol,Nucleoplasm,Approved
PDCL2,Q8N4E4,1,Microtubules,Centrosome,Approved
PDCL3,Q9H2J4,1,Cytosol,Nucleoplasm,Enhanced
PDE10A,Q9Y233,1,,,
PDE11A,Q9HCR9,1,,,
PDE11A,,0,,,
PDE12,Q6L8Q7,1,,,
PDE1A,P54750,1,Nucleoplasm,,Approved
PDE1B,Q01064,1,,,
PDE1C,Q14123,1,Nucleoplasm,,Approved
PDE2A,O00408,1,Cytosol,,Supported
PDE3A,Q14432,1,Plasma membrane,,Approved
PDE3B,Q13370,1,Endoplasmic reticulum,,Approved
PDE4A,P27815,1,Plasma membrane,,Supported
PDE4B,Q07343,1,Golgi apparatus,Cytosol,Approved
PDE4C,Q08493,1,"Centrosome, Cytosol",Midbody ring,Approved
PDE4D,Q08499,1,Plasma membrane,Cytosol,Supported
PDE4DIP,Q5VU43,1,Golgi apparatus,,Supported
PDE5A,O76074,1,Cytosol,,Approved
PDE6A,P16499,1,,,
PDE6B,P35913,1,Cytosol,,Approved
PDE6C,P51160,1,,,
PDE6D,O43924,1,,,
PDE6G,P18545,1,Vesicles,,Uncertain
PDE6H,Q13956,1,Vesicles,,Uncertain
PDE7A,Q13946,1,,,
PDE7B,Q9NP56,1,Nucleoplasm,,Approved
PDE8A,O60658,1,Golgi apparatus,,Approved
PDE8B,O95263,1,Nucleoplasm,Cytosol,Approved
PDE9A,O76083,1,Cytosol,"Nucleoplasm, Plasma membrane",Supported
PDF,Q9HBH1,1,Mitochondria,Nucleoplasm,Approved
PDGFA,P04085,1,Golgi apparatus,,Approved
PDGFB,P01127,1,Vesicles,,Approved
PDGFC,Q9NRA1,1,"Plasma membrane, Cytosol",,Supported
PDGFD,Q9GZP0,1,"Golgi apparatus, Vesicles",,Approved
PDGFRA,P16234,1,"Nucleoplasm, Plasma membrane, Cell Junctions",,Approved
PDGFRB,P09619,1,Vesicles,Golgi apparatus,Supported
PDGFRL,Q15198,1,Golgi apparatus,"Nucleoplasm, Nucleoli",Approved
PDHA1,P08559,1,Mitochondria,,Supported
PDHA2,P29803,1,Mitochondria,,Supported
PDHB,P11177,1,Mitochondria,Nucleoplasm,Supported
PDHX,O00330,1,"Nucleoplasm, Plasma membrane",Mitochondria,Approved
PDIA2,Q13087,1,,,
PDIA3,P30101,1,Endoplasmic reticulum,,Enhanced
PDIA4,P13667,1,Endoplasmic reticulum,,Supported
PDIA5,Q14554,1,"Nucleoplasm, Golgi apparatus",Nucleoli fibrillar center,Supported
PDIA6,Q15084,1,"Endoplasmic reticulum, Cytosol",,Supported
PDIK1L,Q8N165,1,Nucleoplasm,,Supported
PDILT,Q8N807,1,,,
PDK1,Q15118,1,,,
PDK2,Q15119,1,"Nucleoplasm, Mitochondria",,Approved
PDK3,Q15120,1,Mitochondria,Nucleoli,Supported
PDK4,Q16654,1,,,
PDLIM1,O00151,1,Actin filaments,"Plasma membrane, Cell Junctions",Supported
PDLIM2,Q96JY6,1,"Actin filaments, Focal adhesion sites",,Supported
PDLIM3,Q53GG5,1,Cytosol,,Supported
PDLIM4,P50479,1,"Actin filaments, Cytosol",,Approved
PDLIM5,Q96HC4,1,Plasma membrane,"Nucleoplasm, Focal adhesion sites",Approved
PDLIM7,Q9NR12,1,"Actin filaments, Focal adhesion sites",,Enhanced
PDP1,Q9P0J1,1,"Nucleoplasm, Mitochondria, Cytosol",,Approved
PDP2,Q9P2J9,1,Mitochondria,,Approved
PDPK1,O15530,1,Cytosol,,Supported
PDPN,Q86YL7,1,Plasma membrane,"Cell Junctions, Mitochondria",Supported
PDPR,Q8NCN5,1,Mitochondria,,Approved
PDRG1,Q9NUG6,1,Actin filaments,,Approved
PDS5A,Q29RF7,1,Nucleoplasm,,Enhanced
PDS5B,Q9NTI5,1,Nucleoplasm,,Enhanced
PDSS1,Q5T2R2,1,Cytosol,,Approved
PDSS2,Q86YH6,1,Cytosol,,Supported
PDX1,P52945,1,Nucleoplasm,,Supported
PDXDC1,Q6P996,1,"Golgi apparatus, Vesicles",,Enhanced
PDXK,O00764,1,Nucleoplasm,,Enhanced
PDXP,Q96GD0,1,,,
PDYN,P01213,1,,,
PDZD11,Q5EBL8,1,,,
PDZD2,O15018,1,"Plasma membrane, Cytosol",,Supported
PDZD3,Q86UT5,1,,,
PDZD4,Q76G19,1,,,
PDZD7,Q9H5P4,1,Nucleoplasm,,Supported
PDZD8,Q8NEN9,1,Nucleoli fibrillar center,Plasma membrane,Approved
PDZD9,Q8IXQ8,1,,,
PDZK1,Q5T2W1,1,"Nucleoplasm, Vesicles",Cytosol,Approved
PDZK1IP1,Q13113,1,Cytosol,Nuclear speckles,Approved
PDZRN3,Q9UPQ7,1,Cytosol,Nucleoplasm,Supported
PDZRN4,Q6ZMN7,1,Mitochondria,,Approved
PEA15,Q15121,1,Cytosol,"Nucleoplasm, Vesicles",Supported
PEAK1,Q9H792,1,,,
PEAK3,Q6ZS72,1,Cytosol,,Uncertain
PEAR1,Q5VY43,1,"Nucleoplasm, Cell Junctions",Centrosome,Approved
PEBP1,P30086,1,"Plasma membrane, Cytosol",,Approved
PEBP4,Q96S96,1,,,
PECAM1,P16284,1,Plasma membrane,Nucleoli,Approved
PECR,Q9BY49,1,Peroxisomes,,Supported
PEDS1,A5PLL7,1,Endoplasmic reticulum,,Supported
PEDS1-UBE2V1,,0,Nucleoplasm,,Supported
PEF1,Q9UBV8,1,Nucleoplasm,"Vesicles, Cytosol",Uncertain
PEG10,Q86TG7,1,Cytosol,Nucleoplasm,Approved
PEG3,Q9GZU2,1,Nucleoplasm,,Approved
PELI1,Q96FA3,1,"Nucleoplasm, Nucleoli, Intermediate filaments",,Approved
PELI2,Q9HAT8,1,"Nucleoplasm, Nucleoli, Intermediate filaments",,Approved
PELI3,Q8N2H9,1,"Nucleoplasm, Vesicles",Nucleoli,Approved
PELO,Q9BRX2,1,Nucleoli fibrillar center,"Nucleoplasm, Mitotic chromosome",Approved
PELP1,Q8IZL8,1,"Nucleoplasm, Nucleoli",,Enhanced
PEMT,Q9UBM1,1,"Endoplasmic reticulum, Mitochondria","Vesicles, Cytosol",Supported
PENK,P01210,1,Vesicles,,Approved
PEPD,P12955,1,Nucleoplasm,,Approved
PER1,O15534,1,Cytosol,Nucleoplasm,Supported
PER2,O15055,1,Nucleoplasm,Cytosol,Supported
PER3,P56645,1,Cytosol,,Supported
PERCC1,A0A1W2PR82,1,,,
PERM1,Q5SV97,1,,,
PERP,Q96FX8,1,,,
PES1,O00541,1,"Nucleoli, Nucleoli rim, Mitotic chromosome",Nucleoplasm,Enhanced
PET100,P0DJ07,1,Mitochondria,,Approved
PET117,Q6UWS5,1,,,
PEX1,O43933,1,Peroxisomes,,Supported
PEX10,O60683,1,,,
PEX11A,O75192,1,,,
PEX11B,O96011,1,Vesicles,Nucleoplasm,Approved
PEX11G,Q96HA9,1,,,
PEX12,O00623,1,,,
PEX13,Q92968,1,Peroxisomes,,Supported
PEX14,O75381,1,Peroxisomes,Nucleoli fibrillar center,Supported
PEX16,Q9Y5Y5,1,,,
PEX19,P40855,1,Peroxisomes,,Supported
PEX2,P28328,1,Vesicles,,Supported
PEX26,Q7Z412,1,,,
PEX3,P56589,1,"Nucleoplasm, Peroxisomes",,Approved
PEX5,P50542,1,"Golgi apparatus, Cytosol",,Supported
PEX5L,Q8IYB4,1,,,
PEX6,Q13608,1,"Nucleoplasm, Vesicles",Nuclear bodies,Supported
PEX7,O00628,1,"Nucleoplasm, Vesicles",,Supported
PF4,P02776,1,,,
PF4V1,P10720,1,,,
PFAS,O15067,1,Vesicles,,Approved
PFDN1,O60925,1,"Plasma membrane, Cytosol",Nucleoli,Approved
PFDN2,Q9UHV9,1,Cytosol,,Enhanced
PFDN4,Q9NQP4,1,,,
PFDN5,Q99471,1,"Intermediate filaments, Cytosol",,Supported
PFDN6,O15212,1,"Nucleoplasm, Golgi apparatus",Cytosol,Approved
PFKFB1,P16118,1,,,
PFKFB2,O60825,1,Nucleoplasm,,Enhanced
PFKFB3,Q16875,1,Nucleoplasm,,Enhanced
PFKFB4,Q16877,1,Nucleoli,,Approved
PFKL,P17858,1,"Nucleoli, Mitochondria",,Uncertain
PFKM,P08237,1,Endoplasmic reticulum,,Approved
PFKP,Q01813,1,Cytosol,,Supported
PFN1,P07737,1,Cytosol,,Approved
PFN2,P35080,1,,,
PFN3,P60673,1,"Vesicles, Cytosol",,Approved
PFN4,Q8NHR9,1,,,
PGA3,P0DJD8,1,,,
PGA4,P0DJD7,1,,,
PGA5,P0DJD9,1,,,
PGAM1,P18669,1,Nucleoplasm,,Supported
PGAM2,P15259,1,Nucleoplasm,"Nucleoli, Cytosol",Approved
PGAM4,Q8N0Y7,1,Nucleoplasm,,Uncertain
PGAM5,Q96HS1,1,Mitochondria,,Supported
PGAP1,Q75T13,1,,,
PGAP2,Q9UHJ9,1,Microtubules,,Approved
PGAP3,Q96FM1,1,"Plasma membrane, Cytosol",,Approved
PGAP4,Q9BRR3,1,Endoplasmic reticulum,Vesicles,Uncertain
PGAP6,Q9HCN3,1,Nucleoplasm,Cytokinetic bridge,Supported
PGBD1,Q96JS3,1,Nucleoplasm,Cytosol,Approved
PGBD2,Q6P3X8,1,Vesicles,,Approved
PGBD4,Q96DM1,1,Nucleoplasm,Centrosome,Approved
PGBD5,Q8N414,1,Nucleoplasm,,Supported
PGC,P20142,1,Nucleoplasm,,Approved
PGD,P52209,1,"Intermediate filaments, Cytosol",,Approved
PGF,P49763,1,Nucleoplasm,"Mitochondria, Cytosol",Approved
PGGHG,Q32M88,1,Cytosol,,Enhanced
PGGT1B,P53609,1,"Nucleoplasm, Endoplasmic reticulum",Cytosol,Approved
PGK1,P00558,1,,,
PGK2,P07205,1,,,
PGLS,O95336,1,Nucleoplasm,Cytosol,Supported
PGLYRP1,O75594,1,Vesicles,"Nucleoplasm, Cytosol",Approved
PGLYRP2,Q96PD5,1,Cell Junctions,,Approved
PGLYRP3,Q96LB9,1,,,
PGLYRP4,Q96LB8,1,"Vesicles, Plasma membrane",,Approved
PGM1,P36871,1,Cytosol,,Supported
PGM2,Q96G03,1,Intermediate filaments,,Approved
PGM2L1,Q6PCE3,1,Mitochondria,,Approved
PGM3,O95394,1,"Nucleoplasm, Cytosol",,Approved
PGM5,Q15124,1,Cytosol,,Uncertain
PGP,A6NDG6,1,Nuclear bodies,,Approved
PGPEP1,Q9NXJ5,1,Golgi apparatus,,Approved
PGPEP1L,A6NFU8,1,,,
PGR,P06401,1,,,
PGRMC1,O00264,1,Endoplasmic reticulum,Nucleoli,Approved
PGRMC2,O15173,1,"Nuclear bodies, Plasma membrane, Cytosol",,Approved
PGS1,Q32NB8,1,,,
PHACTR1,Q9C0D0,1,Plasma membrane,,Uncertain
PHACTR2,O75167,1,Golgi apparatus,Plasma membrane,Approved
PHACTR3,Q96KR7,1,Nucleoplasm,,Enhanced
PHACTR4,Q8IZ21,1,"Plasma membrane, Cytosol",Intermediate filaments,Approved
PHAX,Q9H814,1,Nucleoplasm,,Enhanced
PHB,P35232,1,Mitochondria,,Supported
PHB2,Q99623,1,Mitochondria,,Enhanced
PHC1,P78364,1,Nucleoplasm,,Supported
PHC2,Q8IXK0,1,Nucleoplasm,,Supported
PHC3,Q8NDX5,1,Nucleoplasm,,Supported
PHETA1,Q8N4B1,1,,,
PHETA2,Q6ICB4,1,,,
PHEX,P78562,1,,,
PHF1,O43189,1,Nucleoplasm,,Supported
PHF10,Q8WUB8,1,Nucleoplasm,,Supported
PHF11,Q9UIL8,1,Nucleoplasm,Nuclear membrane,Supported
PHF12,Q96QT6,1,Nucleoplasm,,Enhanced
PHF13,Q86YI8,1,,,
PHF14,O94880,1,Vesicles,"Nucleoplasm, Cytosol",Approved
PHF19,Q5T6S3,1,,,
PHF2,O75151,1,Nucleoli rim,Nucleoplasm,Supported
PHF20,Q9BVI0,1,"Nucleoplasm, Nuclear membrane",Cytosol,Supported
PHF20L1,A8MW92,1,"Nucleoplasm, Plasma membrane",,Approved
PHF21A,Q96BD5,1,Nucleoplasm,,Approved
PHF21B,Q96EK2,1,"Nucleoplasm, Nucleoli fibrillar center",Cytosol,Approved
PHF23,Q9BUL5,1,Nucleoplasm,,Enhanced
PHF24,Q9UPV7,1,,,
PHF3,Q92576,1,Nucleoplasm,,Approved
PHF5A,Q7RTV0,1,Nucleoplasm,,Enhanced
PHF6,Q8IWS0,1,"Nucleoplasm, Nucleoli",,Supported
PHF7,Q9BWX1,1,Nucleoplasm,Golgi apparatus,Supported
PHF8,Q9UPP1,1,Nucleoplasm,,Supported
PHGDH,O43175,1,"Plasma membrane, Cytosol",Nucleoplasm,Enhanced
PHGR1,C9JFL3,1,Vesicles,,Approved
PHIP,Q8WWQ0,1,Nucleoplasm,Nucleoli rim,Approved
PHKA1,P46020,1,"Vesicles, Cytosol",,Approved
PHKA2,P46019,1,Nucleoplasm,,Approved
PHKB,Q93100,1,Golgi apparatus,,Approved
PHKG1,Q16816,1,,,
PHKG2,P15735,1,Cytosol,,Supported
PHLDA1,Q8WV24,1,"Nucleoli, Nucleoli rim",Nucleoplasm,Supported
PHLDA2,Q53GA4,1,Nucleoli,,Uncertain
PHLDA3,Q9Y5J5,1,,,
PHLDB1,Q86UU1,1,"Vesicles, Cytosol",Plasma membrane,Supported
PHLDB2,Q86SQ0,1,"Plasma membrane, Cytosol",,Supported
PHLDB3,Q6NSJ2,1,Nuclear speckles,"Plasma membrane, Cytosol",Approved
PHLPP1,O60346,1,,,
PHLPP2,Q6ZVD8,1,Cytosol,"Nucleoplasm, Cytokinetic bridge, Mitotic spindle",Supported
PHOSPHO1,Q8TCT1,1,Actin filaments,Plasma membrane,Approved
PHOSPHO2,Q8TCD6,1,Vesicles,Nucleoplasm,Approved
PHOX2A,O14813,1,Nucleoplasm,,Supported
PHOX2B,Q99453,1,Nucleoplasm,,Enhanced
PHPT1,Q9NRX4,1,Cytosol,"Nucleoplasm, Nuclear bodies, Plasma membrane",Approved
PHRF1,Q9P1Y6,1,,,
PHTF1,Q9UMS5,1,Nuclear bodies,Nucleoli,Approved
PHTF2,Q8N3S3,1,Nucleoplasm,Cytosol,Approved
PHYH,O14832,1,,,
PHYHD1,Q5SRE7,1,Nuclear speckles,,Approved
PHYHIP,Q92561,1,Mitochondria,Nucleoplasm,Supported
PHYHIPL,Q96FC7,1,Cytosol,,Approved
PHYKPL,Q8IUZ5,1,Mitochondria,,Approved
PI15,O43692,1,Vesicles,Cytosol,Approved
PI16,Q6UXB8,1,,,
PI3,P19957,1,Plasma membrane,,Approved
PI4K2A,Q9BTU6,1,Plasma membrane,,Approved
PI4K2B,Q8TCG2,1,Cytosol,,Supported
PI4KA,P42356,1,Nucleoplasm,Plasma membrane,Approved
PI4KB,Q9UBF8,1,Golgi apparatus,,Supported
PIANP,Q8IYJ0,1,Nucleoplasm,,Approved
PIAS1,O75925,1,Microtubules,,Approved
PIAS2,O75928,1,Nucleoplasm,,Enhanced
PIAS3,Q9Y6X2,1,Nucleoplasm,,Supported
PIAS4,Q8N2W9,1,Nucleoplasm,Centrosome,Supported
PIBF1,Q8WXW3,1,Centriolar satellite,,Supported
PICALM,Q13492,1,Vesicles,,Enhanced
PICK1,Q9NRD5,1,Cytosol,,Supported
PID1,Q7Z2X4,1,Endoplasmic reticulum,,Approved
PIDD1,Q9HB75,1,"Golgi apparatus, Cytosol",,Approved
PIEZO1,Q92508,1,,,
PIEZO2,Q9H5I5,1,"Plasma membrane, Cytosol",,Approved
PIF1,Q9H611,1,Nucleoplasm,,Supported
PIFO,Q8TCI5,1,Vesicles,,Approved
PIGA,P37287,1,,,
PIGB,Q92521,1,"Plasma membrane, Cytosol",,Uncertain
PIGBOS1,A0A0B4J2F0,1,,,
PIGC,Q92535,1,,,
PIGF,Q07326,1,,,
PIGG,Q5H8A4,1,,,
PIGH,Q14442,1,,,
PIGK,Q92643,1,,,
PIGL,Q9Y2B2,1,"Nucleoplasm, Cytosol",,Approved
PIGM,Q9H3S5,1,,,
PIGN,O95427,1,"Plasma membrane, Cytosol",,Enhanced
PIGO,Q8TEQ8,1,Nucleoli,Nucleoplasm,Approved
PIGP,P57054,1,Vesicles,,Approved
PIGQ,Q9BRB3,1,"Golgi apparatus, Vesicles",Nucleoplasm,Approved
PIGR,P01833,1,,,
PIGS,Q96S52,1,,,
PIGT,Q969N2,1,,,
PIGU,Q9H490,1,Nucleoplasm,Cytosol,Approved
PIGV,Q9NUD9,1,Cytosol,Endoplasmic reticulum,Approved
PIGW,Q7Z7B1,1,Plasma membrane,,Approved
PIGX,Q8TBF5,1,"Nucleoplasm, Cytosol",Plasma membrane,Approved
PIGY,Q3MUY2,1,,,
PIGZ,Q86VD9,1,,,
PIH1D1,Q9NWS0,1,Cytosol,,Approved
PIH1D2,Q8WWB5,1,Nucleoplasm,Cytosol,Uncertain
PIK3AP1,Q6ZUJ8,1,Cytosol,"Nucleoplasm, Plasma membrane",Approved
PIK3C2A,O00443,1,Nucleoplasm,"Vesicles, Cytosol",Supported
PIK3C2B,O00750,1,Nucleoplasm,Cytosol,Supported
PIK3C2G,O75747,1,,,
PIK3C3,Q8NEB9,1,,,
PIK3CA,P42336,1,Cytosol,Mitochondria,Approved
PIK3CB,P42338,1,Nucleoplasm,"Nucleoli, Midbody",Supported
PIK3CD,O00329,1,Vesicles,Cytokinetic bridge,Approved
PIK3CG,P48736,1,Plasma membrane,Cytosol,Supported
PIK3IP1,Q96FE7,1,,,
PIK3R1,P27986,1,Cytosol,,Approved
PIK3R2,O00459,1,,,
PIK3R3,Q92569,1,Vesicles,Nucleoplasm,Approved
PIK3R4,Q99570,1,Vesicles,Microtubules,Supported
PIK3R5,Q8WYR1,1,Cytosol,Centriolar satellite,Supported
PIK3R6,Q5UE93,1,"Nucleoplasm, Golgi apparatus","Plasma membrane, Cytosol",Approved
PIKFYVE,Q9Y2I7,1,,,
PILRA,Q9UKJ1,1,,,
PILRB,Q9UKJ0,1,Mitochondria,,Approved
PIM1,P11309,1,Cytosol,"Nucleoplasm, Nucleoli",Supported
PIM2,Q9P1W9,1,Cytosol,,Approved
PIM3,Q86V86,1,Cytosol,,Supported
PIMREG,Q9BSJ6,1,Nucleoplasm,,Enhanced
PIN1,Q13526,1,Nucleoplasm,Cytosol,Supported
PIN4,Q9Y237,1,"Nucleoplasm, Nucleoli",Mitotic chromosome,Supported
PINK1,Q9BXM7,1,,,
PINLYP,A6NC86,1,Vesicles,,Approved
PINX1,Q96BK5,1,Nucleoli,"Nucleoplasm, Mitochondria",Supported
PINX1,,0,Nuclear speckles,Golgi apparatus,Approved
PIP,P12273,1,,,
PIP4K2A,P48426,1,Golgi apparatus,"Plasma membrane, Cytosol",Approved
PIP4K2B,P78356,1,Nucleoplasm,,Supported
PIP4K2C,Q8TBX8,1,Cytosol,"Nucleoplasm, Plasma membrane",Supported
PIP4P1,Q86T03,1,,,
PIP4P2,Q8N4L2,1,,,
PIP5K1A,Q99755,1,"Plasma membrane, Cytosol",Nucleoplasm,Supported
PIP5K1B,O14986,1,Nucleoplasm,Vesicles,Approved
PIP5K1C,O60331,1,"Nucleoplasm, Cytosol",,Approved
PIP5KL1,Q5T9C9,1,Cytosol,,Supported
PIPOX,Q9P0Z9,1,,,
PIR,O00625,1,Nucleoplasm,"Nuclear bodies, Cytosol",Supported
PIRT,P0C851,1,Cytosol,Plasma membrane,Uncertain
PISD,Q9UG56,1,"Golgi apparatus, Cytosol",,Approved
PITHD1,Q9GZP4,1,,,
PITPNA,Q00169,1,Cytosol,Vesicles,Approved
PITPNB,P48739,1,Cytosol,Vesicles,Approved
PITPNC1,Q9UKF7,1,Cytosol,Nucleoplasm,Approved
PITPNM1,O00562,1,Cytosol,Vesicles,Supported
PITPNM2,Q9BZ72,1,Vesicles,,Supported
PITPNM3,Q9BZ71,1,Plasma membrane,,Approved
PITRM1,Q5JRX3,1,Mitochondria,,Supported
PITX1,P78337,1,Nucleoli,,Approved
PITX2,Q99697,1,Nucleoplasm,,Enhanced
PITX3,O75364,1,,,
PIWIL1,Q96J94,1,,,
PIWIL2,Q8TC59,1,,,
PIWIL3,Q7Z3Z3,1,Cytoplasmic bodies,,Approved
PIWIL4,Q7Z3Z4,1,"Nucleoplasm, Mitochondria",,Supported
PJA1,Q8NG27,1,"Nucleoplasm, Nucleoli",,Approved
PJA2,O43164,1,Intermediate filaments,,Enhanced
PJVK,Q0ZLH3,1,,,
PKD1,P98161,1,,,
PKD1L1,Q8TDX9,1,,,
PKD1L3,Q7Z443,1,,,
PKD2,Q13563,1,Endoplasmic reticulum,Cytosol,Supported
PKD2L1,Q9P0L9,1,Plasma membrane,"Actin filaments, Cytosol",Supported
PKD2L2,Q9NZM6,1,Plasma membrane,Cytosol,Approved
PKDCC,Q504Y2,1,,,
PKDREJ,Q9NTG1,1,,,
PKHD1,P08F94,1,,,
PKHD1L1,Q86WI1,1,,,
PKIA,P61925,1,,,
PKIB,Q9C010,1,,,
PKIG,Q9Y2B9,1,"Nucleoplasm, Cytosol",,Approved
PKLR,P30613,1,Cytosol,,Approved
PKM,P14618,1,Cytosol,,Enhanced
PKMYT1,Q99640,1,Golgi apparatus,"Nucleoplasm, Nucleoli",Supported
PKN1,Q16512,1,Plasma membrane,Cytokinetic bridge,Approved
PKN2,Q16513,1,"Nucleoplasm, Intermediate filaments","Nuclear bodies, Plasma membrane, Centrosome, Cytosol",Supported
PKN3,Q6P5Z2,1,Vesicles,,Approved
PKNOX1,P55347,1,Nucleoplasm,,Approved
PKNOX2,Q96KN3,1,Nucleoplasm,Cytokinetic bridge,Enhanced
PKP1,Q13835,1,"Nucleoplasm, Plasma membrane",,Approved
PKP2,Q99959,1,Cell Junctions,Nucleoplasm,Enhanced
PKP3,Q9Y446,1,Cell Junctions,Nucleoplasm,Enhanced
PKP4,Q99569,1,Cell Junctions,Plasma membrane,Enhanced
PLA1A,Q53H76,1,"Nuclear speckles, Cytoplasmic bodies",Nucleoplasm,Approved
PLA2G10,O15496,1,,,
PLA2G12A,Q9BZM1,1,,,
PLA2G12B,Q9BX93,1,,,
PLA2G15,Q8NCC3,1,"Nucleoplasm, Vesicles",,Supported
PLA2G1B,P04054,1,,,
PLA2G2A,P14555,1,,,
PLA2G2C,Q5R387,1,,,
PLA2G2D,Q9UNK4,1,,,
PLA2G2E,Q9NZK7,1,,,
PLA2G2F,Q9BZM2,1,,,
PLA2G3,Q9NZ20,1,Golgi apparatus,Endoplasmic reticulum,Uncertain
PLA2G4A,P47712,1,Cytosol,Vesicles,Supported
PLA2G4B,P0C869,1,,,
PLA2G4C,Q9UP65,1,Cytosol,,Approved
PLA2G4D,Q86XP0,1,Cytosol,Plasma membrane,Approved
PLA2G4E,Q3MJ16,1,"Vesicles, Cytosol",,Approved
PLA2G4F,Q68DD2,1,Vesicles,Nucleoplasm,Approved
PLA2G5,P39877,1,,,
PLA2G6,O60733,1,"Centriolar satellite, Cytosol",,Approved
PLA2G7,Q13093,1,,,
PLA2R1,Q13018,1,Cytosol,,Approved
PLAA,Q9Y263,1,"Plasma membrane, Cytosol",Nucleoplasm,Supported
PLAAT1,Q9HDD0,1,Focal adhesion sites,Cytosol,Approved
PLAAT2,Q9NWW9,1,Mitochondria,,Approved
PLAAT3,P53816,1,Mitochondria,Cytosol,Approved
PLAAT4,Q9UL19,1,,,
PLAAT5,Q96KN8,1,Plasma membrane,,Uncertain
PLAC1,Q9HBJ0,1,Vesicles,Cytosol,Approved
PLAC8,Q9NZF1,1,Cytosol,,Approved
PLAC8L1,A1L4L8,1,Nucleoplasm,,Approved
PLAC9,Q5JTB6,1,,,
PLAG1,Q6DJT9,1,"Nucleoplasm, Nuclear speckles","Centrosome, Cytosol",Supported
PLAGL1,Q9UM63,1,Nuclear bodies,"Golgi apparatus, Vesicles",Supported
PLAGL2,Q9UPG8,1,Nucleoplasm,Cytosol,Approved
PLAT,P00750,1,Actin filaments,,Approved
PLAU,P00749,1,"Golgi apparatus, Vesicles",,Uncertain
PLAUR,Q03405,1,Plasma membrane,,Supported
PLB1,Q6P1J6,1,,,
PLBD1,Q6P4A8,1,,,
PLBD2,Q8NHP8,1,,,
PLCB1,Q9NQ66,1,Plasma membrane,,Approved
PLCB2,Q00722,1,"Plasma membrane, Cytosol",,Approved
PLCB3,Q01970,1,Nucleoplasm,Golgi apparatus,Approved
PLCB4,Q15147,1,Microtubules,Nucleoplasm,Approved
PLCD1,P51178,1,Microtubules,,Approved
PLCD3,Q8N3E9,1,Plasma membrane,Nucleoplasm,Supported
PLCD4,Q9BRC7,1,Cytosol,"Endoplasmic reticulum, Plasma membrane",Supported
PLCE1,Q9P212,1,Cytosol,,Supported
PLCG1,P19174,1,Cytosol,,Approved
PLCG2,P16885,1,"Vesicles, Cytosol",Nucleoplasm,Approved
PLCH1,Q4KWH8,1,Vesicles,,Enhanced
PLCH2,O75038,1,,,
PLCL1,Q15111,1,,,
PLCL2,Q9UPR0,1,,,
PLCXD1,Q9NUJ7,1,Cytosol,,Approved
PLCXD2,Q0VAA5,1,Nucleoplasm,,Approved
PLCXD3,Q63HM9,1,Golgi apparatus,,Approved
PLCZ1,Q86YW0,1,,,
PLD1,Q13393,1,Vesicles,,Approved
PLD2,O14939,1,,,
PLD3,Q8IV08,1,"Endoplasmic reticulum, Cytosol",Nucleoplasm,Approved
PLD4,Q96BZ4,1,,,
PLD5,Q8N7P1,1,Mitochondria,,Approved
PLD6,Q8N2A8,1,,,
PLEC,Q15149,1,"Intermediate filaments, Cytosol",Focal adhesion sites,Supported
PLEK,P08567,1,Nucleoli,,Approved
PLEK2,Q9NYT0,1,Vesicles,Cytosol,Uncertain
PLEKHA1,Q9HB21,1,Nucleoplasm,Cytosol,Enhanced
PLEKHA2,,0,"Nucleoplasm, Nuclear bodies, Cytosol",,Uncertain
PLEKHA3,Q9HB20,1,Golgi apparatus,,Enhanced
PLEKHA4,Q9H4M7,1,"Plasma membrane, Cytosol","Cytokinetic bridge, Centriolar satellite",Approved
PLEKHA5,Q9HAU0,1,"Nucleoplasm, Cytosol",,Approved
PLEKHA6,Q9Y2H5,1,Cell Junctions,Vesicles,Approved
PLEKHA7,Q6IQ23,1,"Nucleoplasm, Cell Junctions",Cytosol,Enhanced
PLEKHA8,Q96JA3,1,Golgi apparatus,Nucleoplasm,Uncertain
PLEKHB1,Q9UF11,1,,,
PLEKHB2,Q96CS7,1,,,
PLEKHD1,A6NEE1,1,,,
PLEKHF1,Q96S99,1,,,
PLEKHF2,Q9H8W4,1,,,
PLEKHG1,Q9ULL1,1,Nucleoplasm,,Enhanced
PLEKHG2,Q9H7P9,1,Nucleoplasm,Cytosol,Approved
PLEKHG3,A1L390,1,"Plasma membrane, Cytosol","Nucleoplasm, Cytokinetic bridge, Centrosome",Approved
PLEKHG4,Q58EX7,1,Cell Junctions,,Approved
PLEKHG4B,Q96PX9,1,Nucleoplasm,,Approved
PLEKHG5,O94827,1,Nucleoplasm,,Approved
PLEKHG6,Q3KR16,1,Cell Junctions,Centrosome,Supported
PLEKHG7,Q32Q52,1,,,
PLEKHH1,Q9ULM0,1,Centrosome,,Approved
PLEKHH2,Q8IVE3,1,"Plasma membrane, Cytosol","Nucleoplasm, Nuclear bodies",Approved
PLEKHH3,Q7Z736,1,Golgi apparatus,,Approved
PLEKHJ1,Q9NW61,1,Mitochondria,,Approved
PLEKHM1,Q9Y4G2,1,Vesicles,Nucleoli,Supported
PLEKHM2,Q8IWE5,1,,,
PLEKHM3,Q6ZWE6,1,Cytosol,Vesicles,Approved
PLEKHN1,Q494U1,1,Nuclear speckles,,Approved
PLEKHO1,Q53GL0,1,Mitochondria,,Supported
PLEKHO2,Q8TD55,1,"Plasma membrane, Cytosol",Nucleoplasm,Approved
PLEKHS1,Q5SXH7,1,Centrosome,Vesicles,Approved
PLET1,Q6UQ28,1,,,
PLG,P00747,1,Vesicles,,Approved
PLGLB1,Q02325,1,Vesicles,,Approved
PLGLB2,Q02325,1,Vesicles,,Approved
PLGRKT,Q9HBL7,1,Mitochondria,,Uncertain
PLIN1,O60240,1,Peroxisomes,,Uncertain
PLIN2,Q99541,1,Lipid droplets,,Supported
PLIN3,O60664,1,Lipid droplets,Cytosol,Supported
PLIN4,Q96Q06,1,"Plasma membrane, Cytosol",Lipid droplets,Enhanced
PLIN5,Q00G26,1,"Vesicles, Lipid droplets",,Supported
PLK1,P53350,1,,,
PLK2,Q9NYY3,1,"Nucleoplasm, Mitochondria, Cytosol",,Approved
PLK3,Q9H4B4,1,,,
PLK4,O00444,1,Centrosome,Cytosol,Supported
PLK5,Q496M5,1,,,
PLLP,Q9Y342,1,,,
PLN,P26678,1,,,
PLOD1,Q02809,1,Vesicles,Nucleoplasm,Uncertain
PLOD2,O00469,1,"Nucleoli, Cytosol",,Uncertain
PLOD3,O60568,1,,,
PLP1,P60201,1,,,
PLP2,Q04941,1,,,
PLPBP,O94903,1,Cytosol,,Enhanced
PLPP1,O14494,1,Plasma membrane,,Supported
PLPP2,O43688,1,Plasma membrane,,Supported
PLPP3,O14495,1,Golgi apparatus,,Supported
PLPP4,Q5VZY2,1,"Nucleoli, Nucleoli rim",Nucleoplasm,Approved
PLPP5,Q8NEB5,1,Vesicles,,Approved
PLPP6,Q8IY26,1,"Nucleoplasm, Vesicles",Cytosol,Approved
PLPP7,Q8NBV4,1,Vesicles,Nucleoplasm,Approved
PLPPR1,Q8TBJ4,1,Nucleoplasm,,Supported
PLPPR2,Q96GM1,1,Nucleoplasm,,Uncertain
PLPPR3,Q6T4P5,1,Golgi apparatus,"Nucleoplasm, Cytosol",Approved
PLPPR4,Q7Z2D5,1,,,
PLPPR5,Q32ZL2,1,Plasma membrane,Cytosol,Approved
PLRG1,O43660,1,"Nucleoplasm, Nuclear speckles","Nuclear membrane, Nucleoli fibrillar center",Supported
PLS1,Q14651,1,Plasma membrane,,Approved
PLS3,P13797,1,"Plasma membrane, Cytosol",,Approved
PLSCR1,O15162,1,"Nucleoplasm, Golgi apparatus, Plasma membrane",,Supported
PLSCR2,Q9NRY7,1,Nucleoplasm,"Endoplasmic reticulum, Vesicles",Approved
PLSCR3,Q9NRY6,1,Mitochondria,,Supported
PLSCR4,Q9NRQ2,1,"Nucleoplasm, Nuclear bodies",,Approved
PLSCR5,A0PG75,1,,,
PLTP,P55058,1,,,
PLVAP,Q9BX97,1,Cytosol,"Plasma membrane, Centrosome",Approved
PLXDC1,Q8IUK5,1,,,
PLXDC2,Q6UX71,1,Nuclear bodies,,Supported
PLXNA1,Q9UIW2,1,Nucleoplasm,Cytosol,Supported
PLXNA2,O75051,1,,,
PLXNA3,P51805,1,"Vesicles, Plasma membrane",Nucleoplasm,Approved
PLXNA4,Q9HCM2,1,Plasma membrane,,Approved
PLXNB1,O43157,1,,,
PLXNB2,O15031,1,,,
PLXNB3,Q9ULL4,1,,,
PLXNC1,O60486,1,Mitochondria,,Approved
PLXND1,Q9Y4D7,1,,,
PM20D1,Q6GTS8,1,,,
PM20D2,Q8IYS1,1,Nucleoplasm,,Enhanced
PMAIP1,Q13794,1,Vesicles,,Uncertain
PMCH,P20382,1,,,
PMEL,P40967,1,Endoplasmic reticulum,Golgi apparatus,Supported
PMEPA1,Q969W9,1,Vesicles,,Supported
PMF1,Q6P1K2,1,Nucleoplasm,,Supported
PMF1-BGLAP,,0,Nucleoplasm,"Golgi apparatus, Vesicles",Approved
PMFBP1,Q8TBY8,1,Endoplasmic reticulum,,Uncertain
PMIS2,A0A1W2PS18,1,,,
PML,P29590,1,Nuclear bodies,,Enhanced
PMM1,Q92871,1,Cytosol,,Supported
PMM2,O15305,1,Nucleoplasm,Cytosol,Approved
PMP2,P02689,1,,,
PMP22,Q01453,1,,,
PMPCA,Q10713,1,Mitochondria,,Enhanced
PMPCB,O75439,1,Mitochondria,,Enhanced
PMS1,P54277,1,"Nucleoplasm, Nuclear bodies",,Supported
PMS2,P54278,1,Nucleoplasm,Cytosol,Supported
PMVK,Q15126,1,,,
PNCK,Q6P2M8,1,Plasma membrane,"Golgi apparatus, Cytosol",Approved
PNISR,Q8TF01,1,Nuclear speckles,"Plasma membrane, Cytosol",Supported
PNKD,Q8N490,1,Mitochondria,,Enhanced
PNKP,Q96T60,1,"Nucleoplasm, Nucleoli",,Supported
PNLDC1,Q8NA58,1,,,
PNLIP,P16233,1,,,
PNLIPRP1,P54315,1,,,
PNLIPRP3,Q17RR3,1,,,
PNMA1,Q8ND90,1,Cytosol,"Nucleoplasm, Focal adhesion sites",Supported
PNMA2,Q9UL42,1,,,
PNMA3,Q9UL41,1,,,
PNMA5,Q96PV4,1,,,
PNMA6A,P0CW24,1,Mitochondria,,Approved
PNMA6E,A0A0J9YXQ4,1,,,
PNMA6F,A0A0J9YX94,1,,,
PNMA8A,Q86V59,1,"Nucleoplasm, Nuclear bodies",Cytosol,Approved
PNMA8B,Q9ULN7,1,,,
PNMA8C,A0A1B0GUJ8,1,,,
PNMT,P11086,1,,,
PNN,Q9H307,1,Nuclear speckles,,Supported
PNO1,Q9NRX1,1,Nucleoli,Nucleoplasm,Supported
PNOC,Q13519,1,,,
PNP,P00491,1,Cytosol,,Supported
PNPLA1,Q8N8W4,1,,,
PNPLA2,Q96AD5,1,Lipid droplets,Nucleoplasm,Enhanced
PNPLA3,Q9NST1,1,Nucleoli,"Mitochondria, Cytosol",Approved
PNPLA4,P41247,1,,,
PNPLA5,Q7Z6Z6,1,,,
PNPLA6,Q8IY17,1,"Endoplasmic reticulum, Cytosol",,Approved
PNPLA7,Q6ZV29,1,Cytosol,Centriolar satellite,Uncertain
PNPLA8,Q9NP80,1,"Nucleoplasm, Cytosol",Golgi apparatus,Approved
PNPO,Q9NVS9,1,"Nucleoplasm, Cytosol",,Approved
PNPT1,Q8TCS8,1,Mitochondria,Cytosol,Supported
PNRC1,Q12796,1,"Nucleoplasm, Nucleoli",,Approved
PNRC2,Q9NPJ4,1,Nucleoplasm,Golgi apparatus,Supported
POC1A,Q8NBT0,1,,,
POC1B,Q8TC44,1,,,
POC1B-GALNT4,,0,Golgi apparatus,,Approved
POC5,Q8NA72,1,Nucleoplasm,,Enhanced
PODN,Q7Z5L7,1,,,
PODNL1,Q6PEZ8,1,,,
PODXL,O00592,1,"Plasma membrane, Centriolar satellite",Vesicles,Supported
PODXL2,Q9NZ53,1,Golgi apparatus,Vesicles,Approved
POF1B,Q8WVV4,1,Golgi apparatus,Nucleoplasm,Supported
POFUT1,Q9H488,1,Centrosome,,Approved
POFUT2,Q9Y2G5,1,,,
POGK,Q9P215,1,Nucleoplasm,,Enhanced
POGLUT1,Q8NBL1,1,Endoplasmic reticulum,,Supported
POGLUT2,Q6UW63,1,Nucleoplasm,,Supported
POGLUT3,Q7Z4H8,1,Nucleoplasm,Vesicles,Approved
POGZ,Q7Z3K3,1,Nucleoplasm,,Enhanced
POLA1,P09884,1,Nucleoplasm,Cytosol,Supported
POLA2,Q14181,1,Nucleoplasm,Cytosol,Supported
POLB,P06746,1,Vesicles,,Uncertain
POLD1,P28340,1,Nucleoplasm,,Supported
POLD2,P49005,1,Nucleoplasm,,Enhanced
POLD3,Q15054,1,Nucleoplasm,,Supported
POLD4,Q9HCU8,1,Centriolar satellite,,Approved
POLDIP2,Q9Y2S7,1,Mitochondria,,Approved
POLDIP3,Q9BY77,1,Nuclear speckles,Cytoplasmic bodies,Enhanced
POLE,Q07864,1,Nucleoplasm,Plasma membrane,Supported
POLE2,P56282,1,"Nucleoplasm, Nuclear bodies",Vesicles,Supported
POLE3,Q9NRF9,1,Nucleoplasm,"Nucleoli, Cytosol",Approved
POLE4,Q9NR33,1,Nucleoplasm,Cytosol,Approved
POLG,P54098,1,Mitochondria,,Supported
POLG2,Q9UHN1,1,Mitochondria,Nuclear bodies,Supported
POLH,Q9Y253,1,Nucleoplasm,,Enhanced
POLI,Q9UNA4,1,Nuclear speckles,Cytoplasmic bodies,Supported
POLK,Q9UBT6,1,Nucleoplasm,,Enhanced
POLL,Q9UGP5,1,Nucleoplasm,,Supported
POLM,Q9NP87,1,Nucleoplasm,,Approved
POLN,Q7Z5Q5,1,Nucleoplasm,,Enhanced
POLQ,O75417,1,Nucleoplasm,"Golgi apparatus, Cytosol",Supported
POLR1A,O95602,1,Nucleoli fibrillar center,"Nucleoplasm, Cytosol",Enhanced
POLR1B,Q9H9Y6,1,Nucleoli fibrillar center,Cytosol,Supported
POLR1C,O15160,1,"Nucleoplasm, Nucleoli fibrillar center",,Supported
POLR1D,"P0DPB5,P0DPB6",2,"Nucleoplasm, Golgi apparatus",,Approved
POLR1E,Q9GZS1,1,"Nucleoplasm, Nucleoli fibrillar center",,Supported
POLR1F,Q3B726,1,Nucleoli fibrillar center,Nucleoplasm,Supported
POLR1G,O15446,1,"Nucleoplasm, Nucleoli fibrillar center",Mitochondria,Enhanced
POLR1H,Q9P1U0,1,Nucleoli fibrillar center,,Supported
POLR2A,,0,Nucleoplasm,Cytosol,Enhanced
POLR2B,P30876,1,Nucleoplasm,,Supported
POLR2C,P19387,1,Nucleoplasm,Cytosol,Supported
POLR2D,O15514,1,"Nucleoplasm, Nuclear speckles",,Supported
POLR2E,P19388,1,Nucleoplasm,,Supported
POLR2F,P61218,1,"Nucleoplasm, Nucleoli fibrillar center",,Supported
POLR2G,P62487,1,Nucleoplasm,,Supported
POLR2H,P52434,1,Nucleoplasm,,Supported
POLR2I,P36954,1,Nucleoplasm,,Enhanced
POLR2J,P52435,1,Nucleoplasm,,Approved
POLR2J2,Q9GZM3,1,Nucleoplasm,,Approved
POLR2J3,,0,Nucleoplasm,,Approved
POLR2J3,,0,Nucleoplasm,,Approved
POLR2K,P53803,1,Nucleoli fibrillar center,,Supported
POLR2L,P62875,1,Nucleoplasm,,Supported
POLR2M,"P0CAP2,Q6EEV4",2,Nucleoplasm,,Approved
POLR3A,O14802,1,Nucleoplasm,,Supported
POLR3B,Q9NW08,1,Nuclear speckles,,Approved
POLR3C,Q9BUI4,1,Nucleoplasm,,Enhanced
POLR3D,P05423,1,Nucleoplasm,,Enhanced
POLR3E,Q9NVU0,1,Nucleoplasm,,Enhanced
POLR3F,Q9H1D9,1,Nucleoplasm,,Approved
POLR3G,O15318,1,Nucleoplasm,"Nuclear bodies, Cytosol",Supported
POLR3GL,Q9BT43,1,,,
POLR3H,Q9Y535,1,Nucleoplasm,"Vesicles, Centrosome",Supported
POLR3K,Q9Y2Y1,1,Nucleoplasm,Cytosol,Approved
POLRMT,O00411,1,Mitochondria,,Supported
POM121,Q96HA1,1,"Nucleoplasm, Nuclear membrane",,Enhanced
POM121C,A8CG34,1,"Nucleoplasm, Nuclear membrane",,Approved
POM121L12,Q8N7R1,1,,,
POM121L2,Q96KW2,1,,,
POMC,P01189,1,,,
POMGNT1,Q8WZA1,1,,,
POMGNT2,Q8NAT1,1,,,
POMK,Q9H5K3,1,,,
POMP,Q9Y244,1,Nuclear speckles,,Supported
POMT1,Q9Y6A1,1,Golgi apparatus,,Uncertain
POMT2,Q9UKY4,1,Nucleoplasm,"Nucleoli, Cytosol",Approved
POMZP3,Q6PJE2,1,"Nucleoplasm, Nuclear membrane",,Approved
PON1,P27169,1,,,
PON2,Q15165,1,,,
PON3,Q15166,1,,,
POP1,Q99575,1,Nucleoli,,Supported
POP4,O95707,1,"Nucleoplasm, Nucleoli",,Approved
POP5,Q969H6,1,Nucleoplasm,Nucleoli,Supported
POP7,O75817,1,"Nucleoli, Vesicles",,Supported
POPDC2,Q9HBU9,1,,,
POPDC3,Q9HBV1,1,"Nucleoli, Cytosol",,Approved
POR,P16435,1,Vesicles,"Nucleoplasm, Cytosol",Approved
PORCN,Q9H237,1,Vesicles,,Approved
POSTN,Q15063,1,Golgi apparatus,,Approved
POT1,Q9NUX5,1,Nucleoplasm,,Supported
POTEB,A0A0A6YYL3,1,,,
POTEB2,H3BUK9,1,,,
POTEB3,A0JP26,1,,,
POTEC,B2RU33,1,,,
POTED,Q86YR6,1,,,
POTEE,Q6S8J3,1,,,
POTEF,A5A3E0,1,,,
POTEG,Q6S5H5,1,,,
POTEH,Q6S545,1,,,
POTEI,P0CG38,1,,,
POTEJ,P0CG39,1,,,
POTEM,A6NI47,1,,,
POU1F1,P28069,1,"Nucleoplasm, Cytosol",,Approved
POU2AF1,Q16633,1,,,
POU2F1,P14859,1,Nucleoplasm,"Endoplasmic reticulum, Vesicles",Enhanced
POU2F2,P09086,1,"Nucleoplasm, Vesicles",,Enhanced
POU2F3,Q9UKI9,1,Nucleoplasm,"Plasma membrane, Cytosol",Supported
POU3F1,Q03052,1,Nucleoplasm,,Enhanced
POU3F2,P20265,1,Nucleoplasm,,Supported
POU3F3,P20264,1,Nucleoplasm,,Enhanced
POU3F4,,0,Nucleoplasm,,Supported
POU4F1,Q01851,1,,,
POU4F2,Q12837,1,,,
POU4F3,Q15319,1,Nucleoplasm,,Supported
POU5F1,Q01860,1,Nucleoplasm,Cytosol,Supported
POU5F1B,Q06416,1,Nucleoplasm,,Supported
POU5F2,Q8N7G0,1,Nucleoplasm,,Approved
POU6F1,,0,Nuclear bodies,Actin filaments,Supported
POU6F2,P78424,1,,,
PP2D1,A8MPX8,1,Nucleoplasm,Intermediate filaments,Uncertain
PPA1,Q15181,1,Vesicles,,Supported
PPA2,Q9H2U2,1,Mitochondria,,Approved
PPAN,Q9NQ55,1,,,
PPAN-P2RY11,,0,,,
PPARA,Q07869,1,Nucleoplasm,,Enhanced
PPARD,Q03181,1,,,
PPARG,P37231,1,"Nucleoplasm, Vesicles",,Enhanced
PPARGC1A,Q9UBK2,1,Nucleoplasm,Cytosol,Supported
PPARGC1B,Q86YN6,1,Nucleoplasm,Cytosol,Supported
PPAT,Q06203,1,Midbody ring,,Approved
PPBP,P02775,1,,,
PPCDC,Q96CD2,1,Cytosol,,Approved
PPCS,Q9HAB8,1,Mitochondria,,Approved
PPDPF,Q9H3Y8,1,"Nucleoplasm, Microtubules",Nucleoli,Approved
PPDPFL,Q8WWR9,1,,,
PPEF1,O14829,1,Plasma membrane,Cytokinetic bridge,Uncertain
PPEF2,O14830,1,,,
PPFIA1,Q13136,1,Cytosol,Focal adhesion sites,Supported
PPFIA2,O75334,1,,,
PPFIA3,O75145,1,"Nucleoli fibrillar center, Vesicles",,Uncertain
PPFIA4,O75335,1,,,
PPFIBP1,Q86W92,1,Plasma membrane,,Enhanced
PPFIBP2,Q8ND30,1,Mitochondria,,Approved
PPHLN1,Q8NEY8,1,Nucleoplasm,Golgi apparatus,Supported
PPIA,P62937,1,,,
PPIAL4A,Q9Y536,1,,,
PPIAL4C,A0A0B4J2A2,1,,,
PPIAL4D,F5H284,1,,,
PPIAL4E,A0A075B759,1,,,
PPIAL4F,P0DN26,1,,,
PPIAL4G,P0DN37,1,,,
PPIAL4H,A0A075B767,1,,,
PPIB,P23284,1,Endoplasmic reticulum,Nucleoplasm,Supported
PPIC,P45877,1,,,
PPID,Q08752,1,Cytosol,"Nucleoplasm, Nucleoli, Nucleoli rim",Supported
PPIE,Q9UNP9,1,Nuclear speckles,,Supported
PPIF,P30405,1,Mitochondria,,Supported
PPIG,Q13427,1,Nuclear speckles,Cytosol,Supported
PPIH,O43447,1,,,
PPIL1,Q9Y3C6,1,Nucleoli,,Supported
PPIL2,Q13356,1,Nucleoplasm,,Enhanced
PPIL3,Q9H2H8,1,Nucleoplasm,Nucleoli,Approved
PPIL4,Q8WUA2,1,Nucleoplasm,Cytosol,Enhanced
PPIL6,Q8IXY8,1,"Nucleoplasm, Cytosol",Golgi apparatus,Approved
PPIP5K1,Q6PFW1,1,"Plasma membrane, Cytosol",,Supported
PPIP5K2,O43314,1,Vesicles,,Approved
PPL,O60437,1,Plasma membrane,"Nucleoplasm, Cytosol",Approved
PPM1A,P35813,1,Cytosol,Plasma membrane,Supported
PPM1B,O75688,1,"Nucleoli, Cytosol",,Approved
PPM1D,O15297,1,Nucleoplasm,Nucleoli,Supported
PPM1E,Q8WY54,1,Nucleoli,Nucleoplasm,Approved
PPM1F,P49593,1,Nucleoplasm,Plasma membrane,Approved
PPM1G,O15355,1,Nucleoplasm,,Enhanced
PPM1H,Q9ULR3,1,Nucleoplasm,,Supported
PPM1J,Q5JR12,1,Vesicles,,Approved
PPM1K,Q8N3J5,1,Mitochondria,,Supported
PPM1L,Q5SGD2,1,Cytosol,Nucleoplasm,Approved
PPM1M,Q96MI6,1,Nuclear bodies,,Approved
PPM1N,Q8N819,1,Vesicles,,Supported
PPME1,Q9Y570,1,Nucleoplasm,Nuclear bodies,Supported
PPOX,P50336,1,Mitochondria,"Vesicles, Cytosol",Approved
PPP1CA,P62136,1,"Nucleoplasm, Plasma membrane, Cytosol",,Supported
PPP1CB,P62140,1,Nucleoplasm,Cytosol,Supported
PPP1CC,P36873,1,Cytosol,Vesicles,Supported
PPP1R10,Q96QC0,1,Nucleoplasm,Nuclear bodies,Enhanced
PPP1R11,O60927,1,Vesicles,,Approved
PPP1R12A,O14974,1,"Actin filaments, Cytosol","Nucleoli, Plasma membrane",Supported
PPP1R12B,O60237,1,"Plasma membrane, Actin filaments",,Approved
PPP1R12C,Q9BZL4,1,,,
PPP1R13B,Q96KQ4,1,Nucleoplasm,Cytosol,Supported
PPP1R13L,Q8WUF5,1,Cytosol,,Enhanced
PPP1R14A,Q96A00,1,Nucleoplasm,Nuclear bodies,Supported
PPP1R14B,Q96C90,1,,,
PPP1R14C,Q8TAE6,1,,,
PPP1R14D,Q9NXH3,1,,,
PPP1R15A,O75807,1,Vesicles,,Uncertain
PPP1R15B,Q5SWA1,1,Golgi apparatus,,Approved
PPP1R16A,Q96I34,1,Plasma membrane,,Approved
PPP1R16B,Q96T49,1,Plasma membrane,Nuclear speckles,Supported
PPP1R17,O96001,1,,,
PPP1R18,Q6NYC8,1,Plasma membrane,Nucleoplasm,Approved
PPP1R1A,Q13522,1,,,
PPP1R1B,Q9UD71,1,,,
PPP1R1C,Q8WVI7,1,Nucleoplasm,"Nucleoli, Golgi apparatus",Approved
PPP1R2,P41236,1,Nucleoplasm,Cytosol,Approved
PPP1R21,Q6ZMI0,1,Vesicles,Nucleoplasm,Approved
PPP1R26,Q5T8A7,1,Nucleoplasm,,Enhanced
PPP1R27,Q86WC6,1,"Plasma membrane, Cytosol",,Approved
PPP1R2B,Q6NXS1,1,Nucleoplasm,Cytosol,Approved
PPP1R2C,O14990,1,,,
PPP1R32,Q7Z5V6,1,,,
PPP1R35,Q8TAP8,1,Nucleoplasm,,Approved
PPP1R36,Q96LQ0,1,,,
PPP1R37,O75864,1,Cytosol,,Approved
PPP1R3A,Q16821,1,,,
PPP1R3B,Q86XI6,1,Cytosol,,Approved
PPP1R3C,Q9UQK1,1,,,
PPP1R3D,O95685,1,"Vesicles, Mitochondria",Nucleoli,Approved
PPP1R3E,Q9H7J1,1,"Microtubules, Mitochondria",Mitotic spindle,Approved
PPP1R3F,Q6ZSY5,1,"Nucleoplasm, Vesicles",,Approved
PPP1R3G,B7ZBB8,1,,,
PPP1R42,Q7Z4L9,1,,,
PPP1R7,Q15435,1,Nucleoli,,Approved
PPP1R8,Q12972,1,Nuclear speckles,Nucleoplasm,Enhanced
PPP1R9A,Q9ULJ8,1,Plasma membrane,,Approved
PPP1R9B,Q96SB3,1,,,
PPP2CA,P67775,1,,,
PPP2CB,P62714,1,Nucleoplasm,,Supported
PPP2R1A,P30153,1,Cytosol,,Approved
PPP2R1B,P30154,1,"Plasma membrane, Cytosol",,Approved
PPP2R2A,P63151,1,Cytosol,,Approved
PPP2R2B,Q00005,1,Cytosol,,Approved
PPP2R2C,Q9Y2T4,1,Cytosol,,Approved
PPP2R2D,Q66LE6,1,Cytosol,,Approved
PPP2R3A,Q06190,1,Golgi apparatus,,Approved
PPP2R3B,Q9Y5P8,1,Nucleoplasm,Cytosol,Supported
PPP2R3C,Q969Q6,1,Nucleoplasm,"Golgi apparatus, Cytosol",Supported
PPP2R5A,Q15172,1,Cytosol,,Supported
PPP2R5B,Q15173,1,,,
PPP2R5C,Q13362,1,"Nucleoplasm, Cytosol",Golgi apparatus,Approved
PPP2R5D,Q14738,1,"Nucleoplasm, Cytosol",,Approved
PPP2R5E,Q16537,1,Cytosol,,Supported
PPP3CA,Q08209,1,Nucleoplasm,Cytosol,Enhanced
PPP3CB,P16298,1,Mitochondria,,Approved
PPP3CC,P48454,1,Vesicles,,Approved
PPP3R1,P63098,1,Plasma membrane,Cytosol,Supported
PPP3R2,Q96LZ3,1,Plasma membrane,Cytosol,Approved
PPP4C,P60510,1,Nucleoplasm,"Plasma membrane, Cytosol",Supported
PPP4R1,Q8TF05,1,Nucleoplasm,,Approved
PPP4R2,Q9NY27,1,Nucleoplasm,,Enhanced
PPP4R3A,Q6IN85,1,Nucleoplasm,"Nuclear speckles, Cytosol",Supported
PPP4R3B,Q5MIZ7,1,"Nucleoplasm, Nuclear speckles",Centrosome,Supported
PPP4R3C,Q6ZMV5,1,,,
PPP4R4,Q6NUP7,1,Cytosol,,Supported
PPP5C,P53041,1,"Vesicles, Cytosol",,Supported
PPP6C,O00743,1,,,
PPP6R1,Q9UPN7,1,Cytosol,,Enhanced
PPP6R2,O75170,1,"Vesicles, Cytosol",,Supported
PPP6R3,Q5H9R7,1,"Nucleoplasm, Plasma membrane, Cytosol",,Enhanced
PPRC1,Q5VV67,1,Nucleoplasm,,Enhanced
PPT1,P50897,1,"Golgi apparatus, Vesicles",,Supported
PPT2,Q9UMR5,1,Vesicles,,Supported
PPTC7,Q8NI37,1,"Plasma membrane, Cytosol",,Approved
PPWD1,Q96BP3,1,Nuclear bodies,,Supported
PPY,P01298,1,,,
PQBP1,O60828,1,Nuclear speckles,,Enhanced
PRAC1,Q96KF2,1,Nucleoplasm,Cytosol,Supported
PRAC2,D3DTV9,1,,,
PRADC1,Q9BSG0,1,,,
PRAF2,O60831,1,Endoplasmic reticulum,Vesicles,Approved
PRAG1,Q86YV5,1,Nucleoli,Focal adhesion sites,Uncertain
PRAM1,Q96QH2,1,Golgi apparatus,,Approved
PRAME,P78395,1,Nucleoplasm,Plasma membrane,Approved
PRAMEF1,O95521,1,,,
PRAMEF10,O60809,1,,,
PRAMEF11,O60813,1,,,
PRAMEF12,O95522,1,Nucleoplasm,,Uncertain
PRAMEF13,Q5VWM6,1,,,
PRAMEF14,,0,,,
PRAMEF15,Q5VWM5,1,,,
PRAMEF17,Q5VTA0,1,,,
PRAMEF18,Q5VWM3,1,,,
PRAMEF19,Q5SWL8,1,,,
PRAMEF2,O60811,1,,,
PRAMEF20,Q5VT98,1,,,
PRAMEF25,A6NGN4,1,,,
PRAMEF26,,0,,,
PRAMEF27,A3QJZ7,1,,,
PRAMEF33,A0A0G2JMD5,1,,,
PRAMEF4,O60810,1,,,
PRAMEF5,Q5TYX0,1,,,
PRAMEF6,Q5VXH4,1,,,
PRAMEF7,Q5VXH5,1,,,
PRAMEF8,Q5VWM4,1,,,
PRAMEF9,,0,,,
PRAP1,Q96NZ9,1,,,
PRB1,,0,,,
PRB2,P02812,1,,,
PRB3,Q04118,1,,,
PRB4,,0,,,
PRC1,O43663,1,"Plasma membrane, Microtubules, Cytokinetic bridge, Midbody",Nucleoplasm,Supported
PRCC,Q92733,1,Nuclear speckles,,Enhanced
PRCD,Q00LT1,1,,,
PRCP,P42785,1,Vesicles,,Supported
PRDM1,O75626,1,Nucleoli,Nucleoplasm,Supported
PRDM10,Q9NQV6,1,Nucleoplasm,"Nucleoli fibrillar center, Vesicles",Supported
PRDM11,Q9NQV5,1,,,
PRDM12,Q9H4Q4,1,Nucleoplasm,,Approved
PRDM13,Q9H4Q3,1,Nucleoplasm,,Supported
PRDM14,Q9GZV8,1,Nucleoplasm,,Supported
PRDM15,P57071,1,Nuclear bodies,Nucleoplasm,Supported
PRDM16,Q9HAZ2,1,Nucleoplasm,,Supported
PRDM2,Q13029,1,"Nucleoplasm, Golgi apparatus",,Approved
PRDM4,Q9UKN5,1,Nucleoplasm,,Supported
PRDM5,Q9NQX1,1,"Nucleoli, Nuclear bodies",Nucleoplasm,Supported
PRDM6,Q9NQX0,1,Nucleoplasm,,Approved
PRDM7,Q9NQW5,1,Nuclear speckles,,Uncertain
PRDM8,Q9NQV8,1,Nuclear bodies,Nucleoplasm,Supported
PRDM9,Q9NQV7,1,,,
PRDX1,Q06830,1,Mitochondria,,Approved
PRDX2,P32119,1,Cytosol,,Supported
PRDX3,P30048,1,"Vesicles, Mitochondria",,Supported
PRDX4,Q13162,1,Endoplasmic reticulum,Cytosol,Supported
PRDX5,P30044,1,Mitochondria,,Supported
PRDX6,P30041,1,"Plasma membrane, Cytosol",,Supported
PREB,Q9HCU5,1,Endoplasmic reticulum,,Approved
PRELID1,Q9Y255,1,Mitochondria,Nucleoplasm,Supported
PRELID2,Q8N945,1,Nucleoplasm,,Approved
PRELID3A,Q96N28,1,,,
PRELID3B,Q9Y3B1,1,Nucleoplasm,,Approved
PRELP,P51888,1,Endoplasmic reticulum,,Approved
PREP,P48147,1,Cytosol,,Supported
PREPL,Q4J6C6,1,,,
PREX1,Q8TCU6,1,"Vesicles, Cytosol",,Supported
PREX2,Q70Z35,1,Endoplasmic reticulum,,Approved
PRF1,P14222,1,Cytosol,,Approved
PRG2,P13727,1,,,
PRG3,Q9Y2Y8,1,,,
PRG4,Q92954,1,,,
PRH1,,0,,,
PRH2,P02810,1,,,
PRICKLE1,Q96MT3,1,Nucleoplasm,,Approved
PRICKLE2,Q7Z3G6,1,Golgi apparatus,Vesicles,Approved
PRICKLE3,O43900,1,,,
PRICKLE4,Q2TBC4,1,Centriolar satellite,Mitotic spindle,Approved
PRIM1,P49642,1,,,
PRIM2,P49643,1,Nucleoplasm,,Supported
PRIMA1,Q86XR5,1,Plasma membrane,"Nucleoli, Cytosol",Approved
PRIMPOL,Q96LW4,1,Cytosol,Nucleoplasm,Approved
PRKAA1,Q13131,1,Nuclear speckles,Cytosol,Supported
PRKAA2,P54646,1,Nuclear speckles,Golgi apparatus,Supported
PRKAB1,Q9Y478,1,Cytosol,Nucleoplasm,Approved
PRKAB2,O43741,1,Nucleoplasm,Cytosol,Approved
PRKACA,P17612,1,Cytosol,Cytokinetic bridge,Approved
PRKACB,P22694,1,Cytosol,Cytokinetic bridge,Approved
PRKACG,P22612,1,Cytosol,Cytokinetic bridge,Approved
PRKAG1,P54619,1,Cytosol,Nucleoplasm,Approved
PRKAG2,Q9UGJ0,1,Nucleoplasm,,Approved
PRKAG3,Q9UGI9,1,,,
PRKAR1A,P10644,1,Cytosol,,Approved
PRKAR1B,P31321,1,,,
PRKAR2A,P13861,1,,,
PRKAR2B,P31323,1,Mitochondria,,Approved
PRKCA,P17252,1,"Plasma membrane, Cytosol",,Enhanced
PRKCB,P05771,1,Nucleoplasm,Cytosol,Supported
PRKCD,Q05655,1,Cytosol,"Endoplasmic reticulum, Golgi apparatus",Enhanced
PRKCE,Q02156,1,"Intermediate filaments, Cytosol","Vesicles, Plasma membrane",Supported
PRKCG,P05129,1,,,
PRKCH,P24723,1,Cytosol,Plasma membrane,Approved
PRKCI,P41743,1,Cytosol,"Microtubules, Cytokinetic bridge",Supported
PRKCQ,Q04759,1,Centriolar satellite,,Enhanced
PRKCSH,P14314,1,Endoplasmic reticulum,,Supported
PRKCZ,Q05513,1,Cytosol,Plasma membrane,Supported
PRKD1,Q15139,1,Plasma membrane,Cytosol,Supported
PRKD2,Q9BZL6,1,Nucleoplasm,Cytosol,Supported
PRKD3,O94806,1,"Nucleoplasm, Cytosol",,Approved
PRKDC,P78527,1,Nucleoplasm,,Enhanced
PRKG1,Q13976,1,"Vesicles, Cytosol",,Approved
PRKG2,Q13237,1,,,
PRKN,O60260,1,Nuclear speckles,Cytosol,Supported
PRKRA,O75569,1,Cytosol,Nucleoplasm,Supported
PRKRIP1,Q9H875,1,Actin filaments,Cytosol,Supported
PRKX,P51817,1,Nucleoplasm,,Supported
PRL,P01236,1,,,
PRLH,P81277,1,,,
PRLHR,P49683,1,,,
PRLR,P16471,1,,,
PRM1,P04553,1,Nucleoplasm,Cytosol,Supported
PRM2,P04554,1,,,
PRM3,Q9NNZ6,1,,,
PRMT1,Q99873,1,Nucleoplasm,,Supported
PRMT2,P55345,1,"Nucleoplasm, Cytosol",,Supported
PRMT3,O60678,1,,,
PRMT5,O14744,1,"Nucleoplasm, Cytosol",,Supported
PRMT6,Q96LA8,1,"Nucleoplasm, Nucleoli",,Supported
PRMT7,Q9NVM4,1,Nucleoplasm,Nucleoli fibrillar center,Enhanced
PRMT8,Q9NR22,1,,,
PRMT9,Q6P2P2,1,Microtubules,"Nucleoplasm, Cytosol",Approved
PRND,Q9UKY0,1,,,
PRNP,P04156,1,"Nuclear membrane, Cytosol",Vesicles,Approved
PROB1,E7EW31,1,Nucleoplasm,,Enhanced
PROC,P04070,1,,,
PROCA1,Q8NCQ7,1,Nuclear membrane,Golgi apparatus,Approved
PROCR,Q9UNN8,1,,,
PRODH,O43272,1,Mitochondria,"Nucleoplasm, Vesicles",Approved
PRODH2,Q9UF12,1,Nucleoplasm,Cytosol,Approved
PROK1,P58294,1,,,
PROK2,Q9HC23,1,,,
PROKR1,Q8TCW9,1,,,
PROKR2,Q8NFJ6,1,,,
PROM1,O43490,1,,,
PROM2,Q8N271,1,"Nucleoplasm, Plasma membrane",Cell Junctions,Approved
PROP1,O75360,1,,,
PRORP,O15091,1,Mitochondria,Nucleoplasm,Supported
PROS1,P07225,1,,,
PROSER1,Q86XN7,1,Nucleoplasm,Cytosol,Approved
PROSER2,Q86WR7,1,"Plasma membrane, Cytosol",,Uncertain
PROSER3,Q2NL68,1,Golgi apparatus,,Approved
PROX1,Q92786,1,Nucleoplasm,Cytosol,Enhanced
PROX2,Q3B8N5,1,,,
PROZ,P22891,1,,,
PRPF18,Q99633,1,Nuclear speckles,Cytosol,Approved
PRPF19,Q9UMS4,1,Nuclear speckles,,Enhanced
PRPF3,O43395,1,Nucleoplasm,,Enhanced
PRPF31,Q8WWY3,1,Nucleoplasm,,Supported
PRPF38A,Q8NAV1,1,Nucleoplasm,,Enhanced
PRPF38B,Q5VTL8,1,,,
PRPF39,Q86UA1,1,Nucleoplasm,,Approved
PRPF4,O43172,1,Nuclear speckles,,Enhanced
PRPF40A,O75400,1,Nuclear speckles,,Enhanced
PRPF40B,Q6NWY9,1,Nuclear bodies,"Nucleoplasm, Aggresome, Cytosol",Approved
PRPF4B,Q13523,1,Nuclear speckles,,Supported
PRPF6,O94906,1,Nuclear speckles,,Supported
PRPF8,Q6P2Q9,1,Nucleoplasm,,Supported
PRPH,P41219,1,,,
PRPH2,P23942,1,,,
PRPS1,P60891,1,Vesicles,,Approved
PRPS1L1,P21108,1,Vesicles,,Uncertain
PRPS2,P11908,1,Vesicles,Nuclear speckles,Approved
PRPSAP1,Q14558,1,Cytosol,,Approved
PRPSAP2,O60256,1,"Nucleoplasm, Cytosol",,Approved
PRR11,Q96HE9,1,Endoplasmic reticulum,,Approved
PRR12,Q9ULL5,1,Cytosol,,Approved
PRR13,Q9NZ81,1,Nucleoplasm,Cytosol,Supported
PRR14,Q9BWN1,1,Nucleoplasm,,Enhanced
PRR14L,Q5THK1,1,Nucleoplasm,,Approved
PRR15,Q8IV56,1,Vesicles,Cell Junctions,Uncertain
PRR15L,Q9BU68,1,Cytosol,,Approved
PRR16,Q569H4,1,Nucleoplasm,"Midbody, Cytosol",Approved
PRR18,Q8N4B5,1,,,
PRR19,A6NJB7,1,"Nucleoli, Nucleoli rim, Mitotic chromosome","Nucleoplasm, Nuclear bodies, Mitochondria",Approved
PRR20A,P86496,1,,,
PRR20B,P86481,1,,,
PRR20C,P86479,1,,,
PRR20D,P86480,1,,,
PRR20E,P86478,1,,,
PRR20G,P0DPQ3,1,,,
PRR22,Q8IZ63,1,Nucleoplasm,"Vesicles, Cytosol",Approved
PRR23A,A6NEV1,1,"Nucleoplasm, Microtubules","Nuclear bodies, Cytokinetic bridge, Mitotic spindle, Cytosol",Approved
PRR23B,Q6ZRT6,1,"Nucleoplasm, Microtubules","Nuclear bodies, Cytokinetic bridge, Mitotic spindle, Cytosol",Uncertain
PRR23C,Q6ZRP0,1,"Nucleoplasm, Microtubules","Nuclear bodies, Cytokinetic bridge, Mitotic spindle, Cytosol",Approved
PRR23D1,E9PI22,1,,,
PRR23D2,P0DMB1,1,,,
PRR27,Q6MZM9,1,,,
PRR29,P0C7W0,1,Nucleoli,,Uncertain
PRR3,P79522,1,Nucleoplasm,Cytosol,Approved
PRR30,Q53SZ7,1,,,
PRR32,B1ATL7,1,Plasma membrane,"Nuclear speckles, Centrosome",Approved
PRR33,,0,,,
PRR35,P0CG20,1,Nucleoli,"Cytokinetic bridge, Cytosol",Approved
PRR36,Q9H6K5,1,Golgi apparatus,"Nucleoplasm, Nuclear speckles",Approved
PRR4,Q16378,1,,,
PRR5,P85299,1,,,
PRR5-ARHGAP8,,0,,,
PRR5L,Q6MZQ0,1,"Cytokinetic bridge, Cytosol",,Approved
PRR7,Q8TB68,1,"Nucleoplasm, Plasma membrane, Cytosol",,Supported
PRR9,Q5T870,1,Cytosol,"Nucleoplasm, Vesicles",Approved
PRRC1,Q96M27,1,Vesicles,,Approved
PRRC2A,P48634,1,Cytosol,"Nucleoplasm, Plasma membrane",Supported
PRRC2C,Q9Y520,1,Cytosol,,Enhanced
PRRG1,O14668,1,"Vesicles, Plasma membrane",Nucleoplasm,Approved
PRRG2,O14669,1,"Nucleoplasm, Nucleoli",Cytosol,Approved
PRRG3,Q9BZD7,1,,,
PRRG4,Q9BZD6,1,Golgi apparatus,,Approved
PRRT1,Q99946,1,,,
PRRT1B,A0A1B0GWB2,1,,,
PRRT2,Q7Z6L0,1,Plasma membrane,,Supported
PRRT3,Q5FWE3,1,Plasma membrane,Nucleoplasm,Approved
PRRT4,C9JH25,1,Nucleoplasm,"Peroxisomes, Plasma membrane",Approved
PRRX1,P54821,1,Nucleoplasm,,Supported
PRRX2,Q99811,1,Nucleoplasm,Nuclear bodies,Approved
PRSS1,P07477,1,Vesicles,Endoplasmic reticulum,Approved
PRSS12,P56730,1,Actin filaments,Nucleoplasm,Approved
PRSS16,Q9NQE7,1,,,
PRSS2,P07478,1,Vesicles,Endoplasmic reticulum,Approved
PRSS21,Q9Y6M0,1,Cytosol,,Approved
PRSS22,Q9GZN4,1,Nucleoplasm,,Approved
PRSS23,O95084,1,,,
PRSS27,Q9BQR3,1,Vesicles,,Approved
PRSS3,P35030,1,Vesicles,Endoplasmic reticulum,Approved
PRSS33,Q8NF86,1,,,
PRSS35,Q8N3Z0,1,,,
PRSS36,Q5K4E3,1,,,
PRSS37,A4D1T9,1,,,
PRSS38,A1L453,1,,,
PRSS41,Q7RTY9,1,,,
PRSS45P,Q7RTY3,1,,,
PRSS48,Q7RTY5,1,,,
PRSS50,Q9UI38,1,,,
PRSS51,A0A1B0GVH4,1,,,
PRSS53,Q2L4Q9,1,,,
PRSS54,Q6PEW0,1,,,
PRSS55,Q6UWB4,1,,,
PRSS56,P0CW18,1,,,
PRSS57,Q6UWY2,1,,,
PRSS58,Q8IYP2,1,,,
PRSS8,Q16651,1,,,
PRTFDC1,Q9NRG1,1,Nucleoplasm,"Golgi apparatus, Cytosol",Approved
PRTG,Q2VWP7,1,Cytosol,"Vesicles, Plasma membrane",Approved
PRTN3,P24158,1,Cytosol,Vesicles,Approved
PRUNE1,Q86TP1,1,Cytosol,,Supported
PRUNE2,Q8WUY3,1,"Golgi apparatus, Cytosol","Nucleoplasm, Nucleoli",Approved
PRX,Q9BXM0,1,"Golgi apparatus, Vesicles, Plasma membrane",,Approved
PRXL2A,Q9BRX8,1,,,
PRXL2B,Q8TBF2,1,Cytosol,Nucleoplasm,Approved
PRXL2C,Q7RTV5,1,,,
PRY,O14603,1,"Nucleoplasm, Nucleoli",Cytosol,Approved
PRY2,O14603,1,"Nucleoplasm, Nucleoli",Cytosol,Approved
PRYP3,O14603,1,"Nucleoplasm, Nucleoli",Cytosol,Approved
PSAP,P07602,1,Vesicles,,Supported
PSAPL1,Q6NUJ1,1,Cytosol,,Enhanced
PSAT1,Q9Y617,1,Cytosol,,Enhanced
PSCA,O43653,1,Plasma membrane,,Supported
PSD,A5PKW4,1,Nucleoplasm,"Plasma membrane, Cytosol",Approved
PSD2,Q9BQI7,1,Plasma membrane,,Approved
PSD3,Q9NYI0,1,"Nucleoplasm, Vesicles",Cytosol,Approved
PSD4,Q8NDX1,1,,,
PSEN1,P49768,1,Golgi apparatus,"Nucleoplasm, Cell Junctions",Supported
PSEN2,P49810,1,,,
PSENEN,Q9NZ42,1,,,
PSG1,P11464,1,,,
PSG11,Q9UQ72,1,,,
PSG2,P11465,1,,,
PSG3,Q16557,1,,,
PSG4,Q00888,1,,,
PSG5,Q15238,1,,,
PSG6,Q00889,1,,,
PSG7,Q13046,1,,,
PSG8,Q9UQ74,1,,,
PSG9,Q00887,1,,,
PSIP1,O75475,1,Nucleoplasm,,Enhanced
PSKH1,P11801,1,"Nuclear speckles, Cytosol",,Supported
PSKH2,Q96QS6,1,Nucleoplasm,"Nuclear bodies, Cytosol",Approved
PSMA1,P25786,1,Nucleoplasm,"Nuclear bodies, Centrosome",Supported
PSMA2,P25787,1,,,
PSMA3,P25788,1,,,
PSMA4,P25789,1,"Nucleoplasm, Cytosol",Vesicles,Supported
PSMA5,P28066,1,Cytosol,,Supported
PSMA6,P60900,1,Nucleoplasm,,Supported
PSMA7,O14818,1,,,
PSMA8,Q8TAA3,1,,,
PSMB1,P20618,1,Nucleoplasm,,Supported
PSMB10,P40306,1,Cytosol,,Approved
PSMB11,A5LHX3,1,,,
PSMB2,P49721,1,Nucleoplasm,,Enhanced
PSMB3,P49720,1,,,
PSMB4,P28070,1,Nucleoplasm,Mitochondria,Uncertain
PSMB5,P28074,1,"Nucleoplasm, Centrosome",,Supported
PSMB6,P28072,1,"Nucleoplasm, Cytosol",,Supported
PSMB7,Q99436,1,Nucleoplasm,"Nuclear bodies, Cytosol",Enhanced
PSMB8,P28062,1,Vesicles,Cytokinetic bridge,Approved
PSMB9,P28065,1,Cytosol,,Supported
PSMC1,P62191,1,"Nucleoplasm, Cytosol",,Enhanced
PSMC2,P35998,1,"Cytosol, Cytoplasmic bodies",,Supported
PSMC3,P17980,1,"Nucleoplasm, Cytosol",Nuclear bodies,Approved
PSMC3IP,Q9P2W1,1,Nucleoplasm,,Supported
PSMC4,P43686,1,"Nucleoplasm, Cytosol",,Supported
PSMC5,P62195,1,"Plasma membrane, Cytosol",,Supported
PSMC6,P62333,1,"Nucleoplasm, Cytosol",Plasma membrane,Approved
PSMD1,Q99460,1,Nucleoplasm,Actin filaments,Approved
PSMD10,O75832,1,Cytosol,Intermediate filaments,Supported
PSMD11,O00231,1,"Nucleoplasm, Golgi apparatus",,Approved
PSMD12,O00232,1,Microtubules,"Nucleoplasm, Cytosol",Approved
PSMD13,Q9UNM6,1,Nuclear speckles,Cytosol,Approved
PSMD14,O00487,1,Nucleoplasm,,Supported
PSMD2,Q13200,1,,,
PSMD3,O43242,1,Nucleoplasm,Cytosol,Approved
PSMD4,P55036,1,Nucleoplasm,Cytosol,Approved
PSMD5,Q16401,1,Cytosol,Nucleoplasm,Approved
PSMD6,Q15008,1,,,
PSMD7,P51665,1,Nucleoplasm,,Enhanced
PSMD8,P48556,1,Cytosol,Nuclear speckles,Approved
PSMD9,O00233,1,Cytosol,Plasma membrane,Supported
PSME1,Q06323,1,Cytosol,Nuclear bodies,Approved
PSME2,Q9UL46,1,Nucleoplasm,,Approved
PSME3,P61289,1,Nucleoplasm,,Enhanced
PSME3IP1,Q9GZU8,1,Nucleoplasm,Vesicles,Supported
PSME4,Q14997,1,Nucleoplasm,,Supported
PSMF1,Q92530,1,Cytosol,,Enhanced
PSMG1,O95456,1,"Nucleoplasm, Golgi apparatus, Cytosol",,Enhanced
PSMG2,Q969U7,1,Nuclear bodies,Nucleoplasm,Approved
PSMG3,Q9BT73,1,,,
PSMG4,Q5JS54,1,"Nucleoplasm, Mitochondria",,Approved
PSORS1C1,Q9UIG5,1,Nucleoplasm,,Uncertain
PSORS1C2,Q9UIG4,1,,,
PSPC1,Q8WXF1,1,Nucleoplasm,Nucleoli fibrillar center,Enhanced
PSPH,P78330,1,Cytosol,,Approved
PSPN,O60542,1,,,
PSRC1,Q6PGN9,1,Cytosol,Nucleoplasm,Supported
PSTK,Q8IV42,1,Actin filaments,"Nucleoli, Nuclear bodies",Approved
PSTPIP1,O43586,1,"Plasma membrane, Cytosol",,Supported
PSTPIP2,Q9H939,1,Plasma membrane,Cytosol,Approved
PTAFR,P25105,1,"Nucleoplasm, Vesicles",Plasma membrane,Uncertain
PTAR1,Q7Z6K3,1,Centriolar satellite,Rods & Rings,Approved
PTBP1,P26599,1,Nucleoplasm,,Supported
PTBP2,Q9UKA9,1,Nucleoplasm,,Approved
PTBP3,O95758,1,Nucleoplasm,,Approved
PTCD1,O75127,1,Mitochondria,,Approved
PTCD2,Q8WV60,1,,,
PTCD3,Q96EY7,1,Mitochondria,,Supported
PTCH1,Q13635,1,Golgi apparatus,,Approved
PTCH2,Q9Y6C5,1,Plasma membrane,Nucleoli,Supported
PTCHD1,Q96NR3,1,,,
PTCHD4,Q6ZW05,1,"Plasma membrane, Cytosol",,Approved
PTCRA,Q6ISU1,1,,,
PTDSS1,P48651,1,Endoplasmic reticulum,Nucleoplasm,Approved
PTDSS2,Q9BVG9,1,,,
PTEN,P60484,1,Cytosol,Nucleoplasm,Supported
PTER,Q96BW5,1,Nucleoplasm,Cytosol,Approved
PTF1A,Q7RTS3,1,Nucleoplasm,,Approved
PTGDR,Q13258,1,,,
PTGDR2,Q9Y5Y4,1,,,
PTGDS,P41222,1,,,
PTGER1,P34995,1,,,
PTGER2,P43116,1,,,
PTGER3,P43115,1,,,
PTGER4,P35408,1,,,
PTGES,O14684,1,Endoplasmic reticulum,,Supported
PTGES2,Q9H7Z7,1,,,
PTGES3,Q15185,1,Cytosol,Nucleoplasm,Approved
PTGES3L,,0,,,
PTGES3L-AARSD1,Q9BTE6,1,"Nuclear membrane, Cytosol",,Approved
PTGFR,P43088,1,,,
PTGFRN,Q9P2B2,1,,,
PTGIR,P43119,1,,,
PTGIS,Q16647,1,Endoplasmic reticulum,,Approved
PTGR1,Q14914,1,,,
PTGR2,Q8N8N7,1,Vesicles,,Approved
PTGS1,P23219,1,Golgi apparatus,Vesicles,Supported
PTGS2,P35354,1,,,
PTH,P01270,1,,,
PTH1R,Q03431,1,,,
PTH2,Q96A98,1,,,
PTH2R,P49190,1,,,
PTHLH,P12272,1,"Nucleoplasm, Cytosol",Golgi apparatus,Supported
PTK2,Q05397,1,Focal adhesion sites,"Vesicles, Cytosol",Supported
PTK2B,Q14289,1,"Plasma membrane, Cytosol",,Supported
PTK6,Q13882,1,Nucleoplasm,"Nuclear bodies, Plasma membrane, Cytosol",Supported
PTK7,Q13308,1,,,
PTMA,P06454,1,Nucleoplasm,Cytosol,Enhanced
PTMS,P20962,1,"Nucleoli, Nucleoli rim",Nucleoplasm,Approved
PTN,P21246,1,Endoplasmic reticulum,,Supported
PTOV1,Q86YD1,1,Nucleoplasm,,Supported
PTP4A1,Q93096,1,,,
PTP4A2,Q12974,1,,,
PTP4A3,O75365,1,,,
PTPA,Q15257,1,Nucleoplasm,Cytosol,Enhanced
PTPDC1,A2A3K4,1,Nucleoplasm,,Enhanced
PTPMT1,Q8WUK0,1,Mitochondria,,Enhanced
PTPN1,P18031,1,Endoplasmic reticulum,,Supported
PTPN11,Q06124,1,"Nucleoli rim, Actin filaments","Nucleoplasm, Cytosol",Approved
PTPN12,Q05209,1,"Plasma membrane, Cytosol",,Approved
PTPN13,Q12923,1,Nucleoplasm,"Nucleoli fibrillar center, Cytosol",Supported
PTPN14,Q15678,1,Nucleoplasm,,Supported
PTPN18,Q99952,1,Intermediate filaments,,Approved
PTPN2,P17706,1,Nucleoplasm,Cytosol,Supported
PTPN20,Q4JDL3,1,Centriolar satellite,,Supported
PTPN21,Q16825,1,Cytosol,Golgi apparatus,Approved
PTPN22,Q9Y2R2,1,Nucleoplasm,"Vesicles, Plasma membrane",Uncertain
PTPN23,Q9H3S7,1,Nuclear bodies,"Nucleoplasm, Vesicles",Supported
PTPN3,P26045,1,,,
PTPN4,P29074,1,Nucleoplasm,"Plasma membrane, Cytosol",Approved
PTPN5,P54829,1,Endoplasmic reticulum,,Approved
PTPN6,P29350,1,Nucleoplasm,Nucleoli,Supported
PTPN7,P35236,1,Cytosol,"Microtubules, Mitotic spindle",Supported
PTPN9,P43378,1,Vesicles,,Approved
PTPRA,P18433,1,Vesicles,Nucleoplasm,Approved
PTPRB,P23467,1,Plasma membrane,"Vesicles, Cell Junctions",Approved
PTPRC,P08575,1,"Nucleoplasm, Vesicles",,Uncertain
PTPRCAP,Q14761,1,Plasma membrane,,Approved
PTPRD,P23468,1,Vesicles,Nucleoplasm,Approved
PTPRE,P23469,1,Intermediate filaments,,Approved
PTPRF,P10586,1,Golgi apparatus,,Approved
PTPRG,P23470,1,Plasma membrane,,Approved
PTPRH,Q9HD43,1,Mitochondria,,Approved
PTPRJ,Q12913,1,,,
PTPRK,Q15262,1,Cell Junctions,"Vesicles, Plasma membrane",Supported
PTPRM,P28827,1,Plasma membrane,,Approved
PTPRN,Q16849,1,Endoplasmic reticulum,,Approved
PTPRN2,Q92932,1,Vesicles,,Approved
PTPRO,Q16827,1,,,
PTPRQ,,0,Cytosol,,Approved
PTPRR,Q15256,1,"Plasma membrane, Cell Junctions, Cytosol",,Supported
PTPRS,Q13332,1,"Plasma membrane, Cytosol",,Approved
PTPRT,O14522,1,,,
PTPRU,Q92729,1,,,
PTPRZ1,P23471,1,Cytosol,Vesicles,Approved
PTRH1,Q86Y79,1,,,
PTRH2,Q9Y3E5,1,Mitochondria,,Supported
PTRHD1,Q6GMV3,1,Nucleoplasm,,Approved
PTS,Q03393,1,Cytosol,,Approved
PTTG1,O95997,1,Cytosol,Nucleoli,Supported
PTTG1IP,P53801,1,Nucleoplasm,,Supported
PTTG2,Q9NZH5,1,Cytosol,Nucleoli,Approved
PTX3,P26022,1,Plasma membrane,,Uncertain
PTX4,Q96A99,1,,,
PUDP,Q08623,1,Nucleoplasm,Cytosol,Approved
PUF60,Q9UHX1,1,Nucleoplasm,,Enhanced
PUM1,Q14671,1,Cytosol,Nucleoplasm,Enhanced
PUM2,Q8TB72,1,Cytosol,,Enhanced
PUM3,Q15397,1,Nucleoli,,Supported
PURA,Q00577,1,,,
PURB,Q96QR8,1,Nucleoplasm,,Supported
PURG,Q9UJV8,1,"Nucleoplasm, Plasma membrane",Nucleoli,Approved
PUS1,Q9Y606,1,"Nucleoplasm, Mitochondria",,Supported
PUS10,Q3MIT2,1,"Nucleoplasm, Nuclear bodies, Mitochondria",,Approved
PUS3,Q9BZE2,1,Nucleoplasm,Cytosol,Approved
PUS7,Q96PZ0,1,Nucleoplasm,,Approved
PUS7L,Q9H0K6,1,Nuclear speckles,Nucleoli,Approved
PUSL1,Q8N0Z8,1,Vesicles,,Enhanced
PVALB,P20472,1,Nucleoplasm,"Nucleoli, Cell Junctions",Approved
PVALEF,A0A1B0GWK0,1,,,
PVR,P15151,1,"Nucleoplasm, Vesicles, Plasma membrane",,Supported
PVRIG,Q6DKI7,1,,,
PWP1,Q13610,1,Nucleoli rim,Golgi apparatus,Approved
PWP2,Q15269,1,Nucleoli,Cytosol,Supported
PWWP2A,Q96N64,1,Nucleoplasm,Focal adhesion sites,Supported
PWWP2B,Q6NUJ5,1,Nucleoplasm,,Enhanced
PWWP3A,Q2TAK8,1,"Nucleoplasm, Cytosol",,Approved
PWWP3B,Q5H9M0,1,,,
PWWP4,,0,,,
PXDC1,Q5TGL8,1,Plasma membrane,,Approved
PXDN,Q92626,1,,,
PXDNL,A1KZ92,1,"Nucleoplasm, Cytosol",,Approved
PXK,Q7Z7A4,1,Cytosol,"Plasma membrane, Centriolar satellite",Supported
PXMP2,Q9NR77,1,,,
PXMP4,Q9Y6I8,1,Peroxisomes,Nucleoli fibrillar center,Approved
PXN,P49023,1,Focal adhesion sites,"Centrosome, Cytosol",Enhanced
PXT1,Q8NFP0,1,Vesicles,,Approved
PXYLP1,Q8TE99,1,,,
PYCARD,Q9ULZ3,1,Nucleoplasm,"Nucleoli, Cytosol",Supported
PYCR1,P32322,1,,,
PYCR2,Q96C36,1,Mitochondria,,Approved
PYCR3,Q53H96,1,Cytosol,"Cytokinetic bridge, Mitotic spindle",Supported
PYDC1,Q8WXC3,1,,,
PYDC2,Q56P42,1,"Nucleoplasm, Nucleoli",Cytosol,Supported
PYGB,P11216,1,Cytosol,,Approved
PYGL,P06737,1,"Plasma membrane, Cytosol",,Supported
PYGM,P11217,1,,,
PYGO1,Q9Y3Y4,1,Nucleoplasm,Cytosol,Approved
PYGO2,Q9BRQ0,1,Nucleoplasm,Plasma membrane,Supported
PYHIN1,Q6K0P9,1,Nucleoli,Nucleoplasm,Approved
PYM1,Q9BRP8,1,"Nucleoplasm, Nucleoli, Cytosol",Cell Junctions,Supported
PYROXD1,Q8WU10,1,Nuclear speckles,,Approved
PYROXD2,Q8N2H3,1,Mitochondria,,Approved
PYURF,Q96I23,1,Nucleoplasm,,Approved
PYY,P10082,1,,,
PZP,P20742,1,,,
QARS1,P47897,1,Cytosol,,Enhanced
QDPR,P09417,1,Mitochondria,,Approved
QKI,Q96PU8,1,Nucleoplasm,,Supported
QPCT,Q16769,1,Cytosol,,Approved
QPCTL,Q9NXS2,1,Golgi apparatus,,Supported
QPRT,Q15274,1,Vesicles,,Approved
QRFP,P83859,1,,,
QRFPR,Q96P65,1,,,
QRICH1,Q2TAL8,1,Nucleoplasm,,Enhanced
QRICH2,Q9H0J4,1,"Nucleoplasm, Nuclear membrane",Vesicles,Uncertain
QRSL1,Q9H0R6,1,Vesicles,Centrosome,Approved
QSER1,Q2KHR3,1,Nucleoplasm,Cytosol,Approved
QSOX1,O00391,1,Golgi apparatus,Vesicles,Supported
QSOX2,Q6ZRP7,1,Golgi apparatus,Nucleoplasm,Supported
QTRT1,Q9BXR0,1,Mitochondria,,Approved
QTRT2,Q9H974,1,Endoplasmic reticulum,"Nucleoli, Golgi apparatus, Cytosol",Approved
R3HCC1,Q9Y3T6,1,Cytosol,Nucleoplasm,Approved
R3HCC1L,Q7Z5L2,1,"Nucleoplasm, Nuclear speckles",,Approved
R3HDM1,Q15032,1,"Nucleoplasm, Cytosol",,Approved
R3HDM2,Q9Y2K5,1,Nucleoplasm,,Approved
R3HDM4,Q96D70,1,Nucleoplasm,Cytosol,Approved
R3HDML,Q9H3Y0,1,,,
RAB10,P61026,1,,,
RAB11A,P62491,1,"Vesicles, Centriolar satellite",,Enhanced
RAB11B,Q15907,1,"Vesicles, Centriolar satellite",,Approved
RAB11FIP1,Q6WKZ4,1,Vesicles,,Enhanced
RAB11FIP2,Q7L804,1,Vesicles,Nucleoplasm,Supported
RAB11FIP3,O75154,1,"Vesicles, Centriolar satellite","Nucleoplasm, Cytokinetic bridge, Mitochondria",Enhanced
RAB11FIP4,Q86YS3,1,,,
RAB11FIP5,Q9BXF6,1,"Vesicles, Centriolar satellite",,Enhanced
RAB12,Q6IQ22,1,Vesicles,,Approved
RAB13,P51153,1,"Plasma membrane, Cytosol",,Supported
RAB14,P61106,1,Vesicles,,Supported
RAB15,P59190,1,"Vesicles, Centriolar satellite",,Approved
RAB17,Q9H0T7,1,,,
RAB18,Q9NP72,1,,,
RAB19,A4D1S5,1,,,
RAB1A,P62820,1,"Endoplasmic reticulum, Cytosol",,Supported
RAB1B,Q9H0U4,1,Golgi apparatus,Endoplasmic reticulum,Supported
RAB20,Q9NX57,1,Vesicles,Golgi apparatus,Supported
RAB21,Q9UL25,1,,,
RAB22A,Q9UL26,1,,,
RAB23,Q9ULC3,1,"Plasma membrane, Cytosol",Centrosome,Supported
RAB24,Q969Q5,1,Cytosol,,Supported
RAB25,P57735,1,Plasma membrane,,Supported
RAB26,Q9ULW5,1,"Vesicles, Plasma membrane",Centrosome,Uncertain
RAB27A,P51159,1,,,
RAB27B,O00194,1,"Golgi apparatus, Plasma membrane",Cytosol,Approved
RAB28,P51157,1,,,
RAB29,O14966,1,"Vesicles, Cytosol",,Supported
RAB2A,P61019,1,,,
RAB2B,Q8WUD1,1,,,
RAB30,Q15771,1,Vesicles,,Enhanced
RAB31,Q13636,1,,,
RAB32,Q13637,1,Cytosol,,Approved
RAB33A,Q14088,1,Vesicles,,Uncertain
RAB33B,Q9H082,1,,,
RAB34,"P0DI83,Q9BZG1",2,,,
RAB35,Q15286,1,,,
RAB36,O95755,1,Vesicles,,Uncertain
RAB37,Q96AX2,1,,,
RAB38,P57729,1,"Nuclear bodies, Mitochondria",,Uncertain
RAB39A,Q14964,1,,,
RAB39B,Q96DA2,1,,,
RAB3A,P20336,1,Nucleoplasm,"Centrosome, Cytosol",Approved
RAB3B,P20337,1,Cell Junctions,,Approved
RAB3C,Q96E17,1,Cytosol,,Approved
RAB3D,O95716,1,Vesicles,,Approved
RAB3GAP1,Q15042,1,Nucleoplasm,Cytosol,Approved
RAB3GAP2,Q9H2M9,1,Cytosol,Plasma membrane,Supported
RAB3IL1,Q8TBN0,1,"Centriolar satellite, Cytosol",,Approved
RAB3IP,Q96QF0,1,Intermediate filaments,,Approved
RAB40A,Q8WXH6,1,Vesicles,,Uncertain
RAB40AL,P0C0E4,1,Vesicles,,Uncertain
RAB40B,Q12829,1,Vesicles,,Approved
RAB40C,Q96S21,1,Vesicles,,Approved
RAB41,Q5JT25,1,Cytosol,"Vesicles, Plasma membrane",Supported
RAB42,Q8N4Z0,1,Endoplasmic reticulum,,Approved
RAB43,Q86YS6,1,Plasma membrane,,Supported
RAB44,Q7Z6P3,1,Vesicles,,Approved
RAB4A,P20338,1,,,
RAB4B,P61018,1,,,
RAB5A,P20339,1,"Nucleoplasm, Vesicles",,Supported
RAB5B,P61020,1,Vesicles,,Supported
RAB5C,P51148,1,Endosomes,,Enhanced
RAB5IF,Q9BUV8,1,Mitochondria,,Supported
RAB6A,P20340,1,Golgi apparatus,,Supported
RAB6B,Q9NRW1,1,Golgi apparatus,,Supported
RAB6C,Q9H0N0,1,Golgi apparatus,,Uncertain
RAB6D,Q53S08,1,Golgi apparatus,,Approved
RAB7A,P51149,1,Lysosomes,,Supported
RAB7B,Q96AH8,1,,,
RAB8A,P61006,1,Nucleoplasm,"Nucleoli, Plasma membrane",Uncertain
RAB8B,Q92930,1,,,
RAB9A,P51151,1,Nucleoplasm,Cytosol,Uncertain
RAB9B,Q9NP90,1,,,
RABAC1,Q9UI14,1,,,
RABEP1,Q15276,1,Vesicles,,Supported
RABEP2,Q9H5N1,1,"Vesicles, Cytosol",,Supported
RABEPK,Q7Z6M1,1,Vesicles,,Supported
RABGAP1,Q9Y3P9,1,Cytosol,,Enhanced
RABGAP1L,"B7ZAP0,Q5R372",2,,,
RABGEF1,Q9UJ41,1,Cytosol,Nucleoli,Supported
RABGGTA,Q92696,1,,,
RABGGTB,P53611,1,Vesicles,,Approved
RABIF,P47224,1,,,
RABL2A,Q9UBK7,1,"Vesicles, Centrosome",,Approved
RABL2B,Q9UNT1,1,"Vesicles, Centrosome",,Supported
RABL3,Q5HYI8,1,Endoplasmic reticulum,,Approved
RABL6,Q3YEC7,1,Cytosol,Centrosome,Supported
RAC1,P63000,1,"Nucleoplasm, Cytosol",Nucleoli,Approved
RAC2,P15153,1,,,
RAC3,P60763,1,,,
RACGAP1,Q9H0H5,1,Nucleoplasm,,Enhanced
RACK1,P63244,1,Nucleoplasm,Cytosol,Supported
RAD1,O60671,1,"Nucleoplasm, Vesicles",,Approved
RAD17,O75943,1,Nucleoplasm,,Supported
RAD18,Q9NS91,1,"Nucleoplasm, Nuclear bodies",Nuclear speckles,Supported
RAD21,O60216,1,Nucleoplasm,,Enhanced
RAD21L1,Q9H4I0,1,,,
RAD23A,P54725,1,Nucleoplasm,"Vesicles, Cytosol",Supported
RAD23B,P54727,1,Nucleoplasm,Cytosol,Supported
RAD50,Q92878,1,Nucleoplasm,,Supported
RAD51,Q06609,1,Nucleoli rim,Cytosol,Supported
RAD51AP1,Q96B01,1,Nucleoplasm,,Approved
RAD51AP2,Q09MP3,1,Nucleoli,"Mitotic chromosome, Cytosol",Approved
RAD51B,O15315,1,Nuclear bodies,Nucleoplasm,Approved
RAD51C,O43502,1,"Nucleoplasm, Mitochondria, Cytosol","Vesicles, Cell Junctions",Supported
RAD51D,O75771,1,,,
RAD52,P43351,1,Nuclear speckles,Plasma membrane,Approved
RAD54B,Q9Y620,1,,,
RAD54L,Q92698,1,Nucleoplasm,,Enhanced
RAD54L2,Q9Y4B4,1,Nucleoplasm,Cytosol,Approved
RAD9A,Q99638,1,Nucleoplasm,Nuclear bodies,Enhanced
RAD9B,Q6WBX8,1,,,
RADIL,Q96JH8,1,"Nucleoplasm, Nuclear membrane",,Approved
RADX,Q6NSI4,1,Nuclear speckles,,Supported
RAE1,P78406,1,"Nucleoplasm, Nucleoli fibrillar center",,Supported
RAET1E,Q8TD07,1,Focal adhesion sites,Cytosol,Supported
RAET1G,Q6H3X3,1,"Vesicles, Plasma membrane",,Supported
RAET1L,Q5VY80,1,"Vesicles, Plasma membrane",,Supported
RAF1,P04049,1,"Plasma membrane, Cytosol",,Supported
RAG1,P15918,1,Nucleoplasm,,Supported
RAG2,P55895,1,Nucleoplasm,,Approved
RAI1,Q7Z5J4,1,Nucleoplasm,,Enhanced
RAI14,Q9P0K7,1,Nucleoplasm,"Actin filaments, Cytosol",Supported
RAI2,Q9Y5P3,1,Plasma membrane,,Approved
RALA,P11233,1,Plasma membrane,Focal adhesion sites,Supported
RALB,P11234,1,,,
RALBP1,Q15311,1,"Nucleoplasm, Plasma membrane",Nuclear bodies,Supported
RALGAPA1,Q6GYQ0,1,Cytosol,Mitochondria,Approved
RALGAPA2,Q2PPJ7,1,"Plasma membrane, Cytosol",,Supported
RALGAPB,Q86X10,1,Nuclear speckles,,Approved
RALGDS,Q12967,1,Nucleoplasm,,Uncertain
RALGPS1,Q5JS13,1,,,
RALGPS2,Q86X27,1,"Nucleoplasm, Cytosol",,Uncertain
RALY,Q9UKM9,1,Nucleoplasm,Vesicles,Enhanced
RALYL,Q86SE5,1,Nucleoplasm,,Enhanced
RAMAC,Q9BTL3,1,Nucleoplasm,,Supported
RAMACL,,0,Nucleoplasm,,Approved
RAMP1,O60894,1,"Nucleoplasm, Nuclear membrane",,Approved
RAMP2,O60895,1,Vesicles,,Approved
RAMP3,O60896,1,Plasma membrane,,Supported
RAN,P62826,1,Nucleoplasm,,Enhanced
RANBP1,P43487,1,Cytosol,,Enhanced
RANBP10,Q6VN20,1,,,
RANBP17,Q9H2T7,1,"Nucleoplasm, Nuclear bodies","Nuclear membrane, Cytosol",Approved
RANBP2,P49792,1,Nuclear membrane,"Nucleoplasm, Vesicles",Supported
RANBP3,Q9H6Z4,1,Nucleoplasm,,Enhanced
RANBP3L,Q86VV4,1,Nucleoplasm,,Uncertain
RANBP6,O60518,1,Vesicles,,Supported
RANBP9,Q96S59,1,Nucleoplasm,Cytosol,Supported
RANGAP1,P46060,1,Nuclear membrane,"Vesicles, Cytosol",Supported
RANGRF,Q9HD47,1,Nucleoplasm,Cytosol,Supported
RAP1A,P62834,1,,,
RAP1B,P61224,1,,,
RAP1GAP,P47736,1,Cytosol,,Approved
RAP1GAP2,Q684P5,1,"Nuclear membrane, Cytosol",,Supported
RAP1GDS1,P52306,1,Cytosol,,Supported
RAP2A,P10114,1,,,
RAP2B,P61225,1,,,
RAP2C,Q9Y3L5,1,,,
RAPGEF1,Q13905,1,Vesicles,,Supported
RAPGEF2,Q9Y4G8,1,"Plasma membrane, Cytosol",,Supported
RAPGEF3,O95398,1,Cytosol,Endoplasmic reticulum,Uncertain
RAPGEF4,Q8WZA2,1,Focal adhesion sites,,Approved
RAPGEF5,Q92565,1,Nucleoplasm,Nuclear bodies,Supported
RAPGEF6,Q8TEU7,1,Cytosol,Centrosome,Approved
RAPGEFL1,Q9UHV5,1,"Nucleoplasm, Microtubules",Cytokinetic bridge,Approved
RAPH1,Q70E73,1,"Nuclear bodies, Plasma membrane",Cytosol,Approved
RAPSN,Q13702,1,"Plasma membrane, Centrosome, Cytosol",,Approved
RARA,P10276,1,Nucleoplasm,"Nucleoli, Actin filaments, Cytosol",Supported
RARB,P10826,1,Nucleoplasm,,Enhanced
RARG,P13631,1,Nucleoplasm,,Supported
RARRES1,P49788,1,Golgi apparatus,Endoplasmic reticulum,Approved
RARRES2,Q99969,1,,,
RARS1,P54136,1,Cytosol,"Nucleoplasm, Nucleoli",Supported
RARS2,Q5T160,1,Mitochondria,,Approved
RASA1,P20936,1,,,
RASA2,Q15283,1,Vesicles,,Approved
RASA3,Q14644,1,,,
RASA4,O43374,1,Vesicles,Cell Junctions,Approved
RASA4B,C9J798,1,Vesicles,Cell Junctions,Approved
RASAL1,O95294,1,"Plasma membrane, Cytosol",Cell Junctions,Approved
RASAL2,Q9UJF2,1,"Plasma membrane, Focal adhesion sites",,Approved
RASAL3,Q86YV0,1,"Nucleoplasm, Plasma membrane",,Approved
RASD1,Q9Y272,1,Nucleoplasm,Plasma membrane,Approved
RASD2,Q96D21,1,"Plasma membrane, Cytosol",,Approved
RASEF,Q8IZ41,1,Microtubules,,Uncertain
RASGEF1A,Q8N9B8,1,Golgi apparatus,,Approved
RASGEF1B,Q0VAM2,1,Nucleoplasm,Vesicles,Approved
RASGEF1C,Q8N431,1,Mitochondria,,Approved
RASGRF1,Q13972,1,Golgi apparatus,,Supported
RASGRF2,O14827,1,Endoplasmic reticulum,,Supported
RASGRP1,O95267,1,Cytosol,Plasma membrane,Supported
RASGRP2,Q7LDG7,1,Plasma membrane,,Supported
RASGRP3,Q8IV61,1,Nucleoplasm,Golgi apparatus,Approved
RASGRP4,Q8TDF6,1,"Nucleoplasm, Cytosol",Plasma membrane,Supported
RASIP1,Q5U651,1,,,
RASL10A,Q92737,1,,,
RASL10B,Q96S79,1,Vesicles,,Approved
RASL11A,Q6T310,1,Nuclear bodies,,Approved
RASL11B,Q9BPW5,1,Nuclear bodies,,Uncertain
RASL12,Q9NYN1,1,,,
RASSF1,Q9NS23,1,,,
RASSF10,A6NK89,1,Vesicles,Cytosol,Approved
RASSF2,P50749,1,Nucleoplasm,"Golgi apparatus, Plasma membrane, Cytosol",Supported
RASSF3,Q86WH2,1,"Plasma membrane, Cytosol",,Supported
RASSF4,Q9H2L5,1,"Nucleoplasm, Nucleoli","Cell Junctions, Cytokinetic bridge, Mitotic spindle, Cytosol",Approved
RASSF5,Q8WWW0,1,,,
RASSF6,Q6ZTQ3,1,"Nucleoplasm, Golgi apparatus",,Approved
RASSF7,Q02833,1,Centriolar satellite,,Supported
RASSF8,Q8NHQ8,1,"Mitochondria, Cytosol",,Approved
RASSF9,O75901,1,,,
RAVER1,Q8IY67,1,Nucleoplasm,,Supported
RAVER2,Q9HCJ3,1,Nucleoplasm,,Approved
RAX,Q9Y2V3,1,,,
RAX2,Q96IS3,1,Nuclear speckles,"Nucleoplasm, Cytosol",Approved
RB1,P06400,1,Nucleoplasm,,Supported
RB1CC1,Q8TDY2,1,Cytosol,Nuclear membrane,Supported
RBAK,Q9NYW8,1,Nucleoplasm,,Supported
RBAK-RBAKDN,,0,,,
RBBP4,Q09028,1,Nucleoplasm,,Enhanced
RBBP5,Q15291,1,"Nucleoplasm, Nucleoli",,Supported
RBBP6,Q7Z6E9,1,Nuclear speckles,,Enhanced
RBBP7,Q16576,1,Nucleoplasm,,Enhanced
RBBP8,Q99708,1,Nucleoplasm,,Supported
RBBP8NL,Q8NC74,1,"Nucleoplasm, Vesicles",,Approved
RBBP9,O75884,1,Nucleoplasm,,Supported
RBCK1,Q9BYM8,1,,,
RBFA,Q8N0V3,1,Mitochondria,,Approved
RBFOX1,Q9NWB1,1,Nucleoplasm,"Nucleoli fibrillar center, Golgi apparatus, Cytosol",Approved
RBFOX2,O43251,1,Nucleoplasm,,Supported
RBFOX3,A6NFN3,1,Nucleoplasm,,Supported
RBIS,Q8N0T1,1,"Nucleoplasm, Nucleoli",Cytosol,Enhanced
RBKS,Q9H477,1,Cytosol,Nucleoplasm,Approved
RBL1,P28749,1,Nucleoplasm,,Enhanced
RBL2,Q08999,1,"Nucleoplasm, Nucleoli rim, Mitotic chromosome",Cytosol,Supported
RBM10,P98175,1,Nuclear speckles,,Enhanced
RBM11,P57052,1,Nucleoplasm,,Supported
RBM12,Q9NTZ6,1,Nucleoplasm,,Enhanced
RBM12B,Q8IXT5,1,Nucleoplasm,,Approved
RBM14,Q96PK6,1,Nuclear speckles,,Supported
RBM14-RBM4,,0,Nucleoplasm,Cytosol,Approved
RBM15,Q96T37,1,Nucleoplasm,,Enhanced
RBM15B,Q8NDT2,1,Nucleoplasm,,Enhanced
RBM17,Q96I25,1,Nucleoplasm,,Supported
RBM18,Q96H35,1,Nucleoplasm,"Cytokinetic bridge, Cytosol",Enhanced
RBM19,Q9Y4C8,1,Nucleoli,,Supported
RBM20,Q5T481,1,"Nucleoplasm, Golgi apparatus","Nucleoli, Cytokinetic bridge",Approved
RBM22,Q9NW64,1,Nucleoplasm,,Enhanced
RBM23,Q86U06,1,Intermediate filaments,Nucleoplasm,Approved
RBM24,Q9BX46,1,Nucleoplasm,Cytosol,Enhanced
RBM25,P49756,1,Nuclear speckles,,Enhanced
RBM26,Q5T8P6,1,Nuclear speckles,,Approved
RBM27,Q9P2N5,1,Nuclear speckles,,Approved
RBM28,Q9NW13,1,Nucleoli,,Supported
RBM3,P98179,1,Nucleoplasm,,Enhanced
RBM33,Q96EV2,1,Nucleoplasm,,Approved
RBM34,P42696,1,Nucleoli,"Nucleoplasm, Mitotic chromosome",Supported
RBM38,Q9H0Z9,1,"Nucleoplasm, Cytosol",,Supported
RBM39,Q14498,1,"Nucleoplasm, Nuclear speckles","Microtubules, Centriolar satellite",Supported
RBM4,Q9BWF3,1,Nucleoplasm,Cytosol,Approved
RBM41,Q96IZ5,1,"Nuclear speckles, Cytosol",,Approved
RBM42,Q9BTD8,1,Nucleoplasm,Cytosol,Approved
RBM43,Q6ZSC3,1,Nucleoli,Nucleoplasm,Approved
RBM44,Q6ZP01,1,,,
RBM45,Q8IUH3,1,Nucleoplasm,,Supported
RBM46,Q8TBY0,1,Cytosol,Nucleoli fibrillar center,Approved
RBM47,A0AV96,1,"Nucleoplasm, Cytosol",,Approved
RBM48,Q5RL73,1,Nucleoplasm,,Enhanced
RBM4B,Q9BQ04,1,Nucleoplasm,Cytosol,Approved
RBM5,P52756,1,Nucleoplasm,,Enhanced
RBM6,P78332,1,Nuclear speckles,Cytoplasmic bodies,Approved
RBM7,Q9Y580,1,Nucleoplasm,,Enhanced
RBM8A,Q9Y5S9,1,Nuclear speckles,,Supported
RBMS1,P29558,1,Cytosol,,Enhanced
RBMS2,Q15434,1,Nucleoli fibrillar center,"Nucleoplasm, Cytosol",Approved
RBMS3,Q6XE24,1,Vesicles,,Approved
RBMX,P38159,1,Nucleoplasm,,Supported
RBMX2,Q9Y388,1,Nuclear membrane,"Nucleoli, Endoplasmic reticulum",Supported
RBMXL1,Q96E39,1,Nucleoplasm,,Approved
RBMXL2,O75526,1,,,
RBMXL3,Q8N7X1,1,,,
RBMY1A1,P0DJD3,1,Nucleoplasm,Nucleoli,Approved
RBMY1B,A6NDE4,1,Nucleoplasm,Nucleoli,Approved
RBMY1D,P0C7P1,1,Nucleoplasm,Nucleoli,Approved
RBMY1E,A6NEQ0,1,Nucleoplasm,Nucleoli,Approved
RBMY1F,Q15415,1,"Nucleoplasm, Nucleoli",,Approved
RBMY1J,Q15415,1,Nucleoplasm,Nucleoli,Approved
RBP1,P09455,1,Cytosol,Nucleoplasm,Approved
RBP2,P50120,1,Golgi apparatus,,Approved
RBP3,P10745,1,,,
RBP4,P02753,1,,,
RBP5,P82980,1,Golgi apparatus,Vesicles,Approved
RBP7,Q96R05,1,"Nuclear speckles, Cytosol",,Uncertain
RBPJ,Q06330,1,Nucleoplasm,,Supported
RBPJL,Q9UBG7,1,,,
RBPMS,Q93062,1,Nucleoplasm,Cytosol,Supported
RBPMS2,Q6ZRY4,1,,,
RBSN,Q9H1K0,1,Vesicles,,Supported
RBX1,P62877,1,Nucleoplasm,,Supported
RC3H1,Q5TC82,1,Cytosol,"Golgi apparatus, Plasma membrane",Supported
RC3H2,Q9HBD1,1,Vesicles,,Enhanced
RCAN1,P53805,1,Cytosol,,Approved
RCAN2,Q14206,1,Mitochondria,Nucleoplasm,Approved
RCAN3,Q9UKA8,1,Nuclear speckles,Nucleoli fibrillar center,Approved
RCBTB1,Q8NDN9,1,Nucleoplasm,,Approved
RCBTB2,O95199,1,"Nucleoplasm, Golgi apparatus",,Approved
RCC1,P18754,1,Nucleoplasm,,Enhanced
RCC1L,Q96I51,1,"Nucleoplasm, Cytosol",,Approved
RCC2,Q9P258,1,,,
RCCD1,A6NED2,1,"Plasma membrane, Cytosol",,Enhanced
RCE1,Q9Y256,1,,,
RCHY1,Q96PM5,1,Cytosol,"Nucleoplasm, Vesicles",Supported
RCL1,Q9Y2P8,1,Nucleoplasm,,Approved
RCN1,Q15293,1,Endoplasmic reticulum,,Supported
RCN2,Q14257,1,Endoplasmic reticulum,,Enhanced
RCN3,Q96D15,1,Endoplasmic reticulum,Vesicles,Supported
RCOR1,Q9UKL0,1,Nucleoplasm,,Enhanced
RCOR2,Q8IZ40,1,Nucleoplasm,"Vesicles, Midbody",Approved
RCOR3,Q9P2K3,1,Nucleoplasm,Cytosol,Enhanced
RCSD1,Q6JBY9,1,Plasma membrane,,Approved
RCVRN,P35243,1,,,
RD3,Q7Z3Z2,1,,,
RD3L,P0DJH9,1,,,
RDH10,Q8IZV5,1,Lipid droplets,,Supported
RDH11,Q8TC12,1,,,
RDH12,Q96NR8,1,,,
RDH13,Q8NBN7,1,"Mitochondria, Cytosol",,Supported
RDH14,Q9HBH5,1,Nucleoplasm,Cytosol,Enhanced
RDH16,O75452,1,,,
RDH5,Q92781,1,Vesicles,,Uncertain
RDH8,Q9NYR8,1,Nucleoplasm,"Midbody ring, Cytosol",Approved
RDM1,Q8NG50,1,Nucleoli,Cytosol,Supported
RDX,P35241,1,Plasma membrane,Nucleoplasm,Supported
REC114,Q7Z4M0,1,,,
REC8,O95072,1,Nucleoplasm,,Approved
RECK,O95980,1,Plasma membrane,,Supported
RECQL,P46063,1,Nucleoplasm,,Enhanced
RECQL4,O94761,1,Nucleoplasm,,Enhanced
RECQL5,O94762,1,Nucleoplasm,Cytosol,Supported
REELD1,A0A1B0GV85,1,,,
REEP1,Q9H902,1,,,
REEP2,Q9BRK0,1,Endoplasmic reticulum,,Approved
REEP3,Q6NUK4,1,,,
REEP4,Q9H6H4,1,Endoplasmic reticulum,,Supported
REEP5,Q00765,1,Endoplasmic reticulum,,Supported
REEP6,Q96HR9,1,Endoplasmic reticulum,,Supported
REG1A,P05451,1,,,
REG1B,P48304,1,,,
REG3A,Q06141,1,Cytosol,,Approved
REG3G,Q6UW15,1,Cytosol,,Approved
REG4,Q9BYZ8,1,,,
REL,Q04864,1,,,
RELA,Q04206,1,Cytosol,,Enhanced
RELB,Q01201,1,Nucleoplasm,Cytosol,Approved
RELCH,Q9P260,1,"Nucleoplasm, Centriolar satellite, Cytosol",,Approved
RELL1,Q8IUW5,1,"Plasma membrane, Microtubules",,Supported
RELL2,Q8NC24,1,Vesicles,,Uncertain
RELN,P78509,1,Golgi apparatus,Vesicles,Approved
RELT,Q969Z4,1,Nucleoplasm,,Supported
REM1,O75628,1,,,
REM2,Q8IYK8,1,,,
REN,P00797,1,,,
RENBP,P51606,1,,,
REP15,Q6BDI9,1,,,
REPIN1,Q9BWE0,1,Nucleoplasm,,Supported
REPS1,Q96D71,1,Plasma membrane,"Vesicles, Cytosol",Supported
REPS2,Q8NFH8,1,,,
RER1,O15258,1,Golgi apparatus,,Supported
RERE,Q9P2R6,1,Nuclear bodies,Nucleoplasm,Supported
RERG,Q96A58,1,"Nucleoplasm, Cytosol",Nucleoli fibrillar center,Approved
RERGL,Q9H628,1,Nucleoplasm,,Approved
RESF1,Q9HCM1,1,"Nucleoli, Nucleoli rim","Intermediate filaments, Cytosol",Supported
RESP18,Q5W5W9,1,,,
REST,Q13127,1,Nucleoplasm,Cytosol,Supported
RET,P07949,1,"Golgi apparatus, Cytosol",Plasma membrane,Approved
RETN,Q9HD89,1,,,
RETNLB,Q9BQ08,1,,,
RETREG1,Q9H6L5,1,Endoplasmic reticulum,,Supported
RETREG2,Q8NC44,1,Cytosol,,Approved
RETREG3,Q86VR2,1,"Nucleoplasm, Nuclear membrane",Cytosol,Approved
RETSAT,Q6NUM9,1,Cytosol,,Approved
REV1,Q9UBZ9,1,Nucleoli,,Approved
REV3L,O60673,1,Nucleoplasm,,Approved
REX1BD,Q96EN9,1,Vesicles,,Approved
REXO1,Q8N1G1,1,Nucleoplasm,Nuclear bodies,Supported
REXO2,Q9Y3B8,1,Mitochondria,"Nucleoli, Focal adhesion sites",Supported
REXO4,Q9GZR2,1,"Nucleoplasm, Nucleoli",,Supported
REXO5,Q96IC2,1,Nuclear membrane,"Nucleoli, Endoplasmic reticulum",Approved
RFC1,P35251,1,Nucleoplasm,,Enhanced
RFC2,P35250,1,Nucleoplasm,Golgi apparatus,Supported
RFC3,P40938,1,"Nucleoplasm, Vesicles",,Supported
RFC4,P35249,1,Nucleoplasm,,Enhanced
RFC5,P40937,1,Nucleoplasm,,Approved
RFESD,Q8TAC1,1,Nucleoplasm,,Approved
RFFL,Q8WZ73,1,Vesicles,,Approved
RFK,Q969G6,1,Golgi apparatus,,Approved
RFLNA,Q6ZTI6,1,Focal adhesion sites,,Approved
RFLNB,Q8N5W9,1,Actin filaments,"Plasma membrane, Cytosol",Approved
RFNG,Q9Y644,1,Nucleoplasm,,Approved
RFPL1,O75677,1,Nuclear speckles,Plasma membrane,Approved
RFPL2,O75678,1,Nuclear speckles,Plasma membrane,Approved
RFPL3,O75679,1,Nuclear speckles,Plasma membrane,Approved
RFPL4A,A6NLU0,1,"Centrosome, Cytosol",,Approved
RFPL4AL1,F8VTS6,1,"Centrosome, Cytosol",,Approved
RFPL4B,Q6ZWI9,1,,,
RFT1,Q96AA3,1,Vesicles,,Approved
RFTN1,Q14699,1,,,
RFTN2,Q52LD8,1,Plasma membrane,,Approved
RFWD3,Q6PCD5,1,Nucleoplasm,Cytosol,Enhanced
RFX1,P22670,1,Nucleoplasm,Vesicles,Enhanced
RFX2,P48378,1,"Nucleoplasm, Golgi apparatus, Cytosol",,Approved
RFX3,P48380,1,Nucleoplasm,Vesicles,Approved
RFX4,Q33E94,1,Nucleoplasm,,Approved
RFX5,P48382,1,Nucleoplasm,Vesicles,Supported
RFX6,Q8HWS3,1,,,
RFX7,Q2KHR2,1,"Nucleoplasm, Nuclear membrane",,Approved
RFX8,Q6ZV50,1,Nucleoplasm,Nuclear bodies,Approved
RFXANK,O14593,1,Nucleoplasm,,Enhanced
RFXAP,O00287,1,Nuclear speckles,,Supported
RGCC,Q9H4X1,1,Nucleoplasm,Nucleoli,Supported
RGL1,Q9NZL6,1,"Nucleoplasm, Golgi apparatus, Vesicles",,Approved
RGL2,O15211,1,Nucleoplasm,,Approved
RGL3,Q3MIN7,1,Nucleoplasm,,Approved
RGL4,Q8IZJ4,1,Centrosome,,Approved
RGMA,Q96B86,1,Nucleoplasm,Cytosol,Approved
RGMB,Q6NW40,1,Nucleoplasm,,Approved
RGN,Q15493,1,Cytosol,,Approved
RGP1,Q92546,1,Cytosol,Plasma membrane,Supported
RGPD1,P0DJD0,1,"Nuclear membrane, Vesicles",,Approved
RGPD2,P0DJD1,1,"Nuclear membrane, Vesicles",,Approved
RGPD3,A6NKT7,1,"Nuclear membrane, Vesicles",,Approved
RGPD4,Q7Z3J3,1,"Nuclear membrane, Vesicles",,Uncertain
RGPD5,Q99666,1,"Nuclear membrane, Vesicles",,Uncertain
RGPD6,Q99666,1,"Nuclear membrane, Vesicles",,Uncertain
RGPD8,O14715,1,"Nuclear membrane, Vesicles",,Uncertain
RGR,P47804,1,Vesicles,"Plasma membrane, Cytosol",Approved
RGS1,Q08116,1,,,
RGS10,O43665,1,Nucleoplasm,Nuclear bodies,Supported
RGS11,O94810,1,,,
RGS12,O14924,1,"Nucleoplasm, Nucleoli",Cytosol,Supported
RGS13,O14921,1,,,
RGS14,O43566,1,Nucleoplasm,"Plasma membrane, Intermediate filaments",Approved
RGS16,O15492,1,Cytosol,,Approved
RGS17,Q9UGC6,1,Vesicles,,Approved
RGS18,Q9NS28,1,Golgi apparatus,,Approved
RGS19,P49795,1,Cell Junctions,Nucleoli fibrillar center,Supported
RGS2,P41220,1,Cytosol,,Supported
RGS20,O76081,1,,,
RGS21,Q2M5E4,1,,,
RGS22,Q8NE09,1,Nucleoli fibrillar center,"Actin filaments, Cytosol",Supported
RGS3,P49796,1,Plasma membrane,,Supported
RGS4,P49798,1,Cytosol,,Approved
RGS5,O15539,1,Cytosol,Vesicles,Supported
RGS6,P49758,1,Nucleoplasm,"Nucleoli, Vesicles",Approved
RGS7,P49802,1,Cytosol,Mitochondria,Supported
RGS7BP,Q6MZT1,1,"Plasma membrane, Cytosol",Actin filaments,Uncertain
RGS8,P57771,1,,,
RGS9,O75916,1,"Nucleoplasm, Vesicles",,Approved
RGS9BP,Q6ZS82,1,Plasma membrane,,Approved
RGSL1,A5PLK6,1,,,
RHAG,Q02094,1,Endoplasmic reticulum,,Approved
RHBDD1,Q8TEB9,1,Endoplasmic reticulum,,Supported
RHBDD2,Q6NTF9,1,Golgi apparatus,,Enhanced
RHBDD3,Q9Y3P4,1,Microtubules,,Approved
RHBDF1,Q96CC6,1,Vesicles,,Uncertain
RHBDF2,Q6PJF5,1,,,
RHBDL1,O75783,1,Nucleoplasm,,Approved
RHBDL2,Q9NX52,1,,,
RHBDL3,P58872,1,,,
RHBG,Q9H310,1,Nucleoplasm,,Approved
RHCE,P18577,1,"Nucleoplasm, Plasma membrane",,Uncertain
RHCG,Q9UBD6,1,,,
RHD,Q02161,1,"Nucleoplasm, Plasma membrane",,Uncertain
RHEB,Q15382,1,,,
RHEBL1,Q8TAI7,1,"Nucleoplasm, Centrosome",,Uncertain
RHEX,Q6ZWK4,1,Plasma membrane,,Supported
RHNO1,Q9BSD3,1,,,
RHO,P08100,1,,,
RHOA,P61586,1,"Plasma membrane, Cytosol",,Supported
RHOB,P62745,1,,,
RHOBTB1,O94844,1,Nucleoplasm,Cytosol,Approved
RHOBTB2,Q9BYZ6,1,Plasma membrane,,Approved
RHOBTB3,O94955,1,Vesicles,,Uncertain
RHOC,P08134,1,,,
RHOD,O00212,1,,,
RHOF,Q9HBH0,1,"Nucleoplasm, Golgi apparatus",,Approved
RHOG,P84095,1,,,
RHOH,Q15669,1,"Golgi apparatus, Vesicles",,Approved
RHOJ,Q9H4E5,1,Plasma membrane,"Nucleoplasm, Nucleoli",Approved
RHOQ,P17081,1,"Vesicles, Cytosol",,Approved
RHOT1,Q8IXI2,1,,,
RHOT2,Q8IXI1,1,Mitochondria,,Supported
RHOU,Q7L0Q8,1,,,
RHOV,Q96L33,1,,,
RHOXF1,Q8NHV9,1,Nucleoplasm,Cytosol,Enhanced
RHOXF2,Q9BQY4,1,Plasma membrane,Nucleoplasm,Approved
RHOXF2B,P0C7M4,1,Plasma membrane,Nucleoplasm,Approved
RHPN1,Q8TCX5,1,Nucleoplasm,,Approved
RHPN2,Q8IUC4,1,,,
RIBC1,Q8N443,1,Nuclear bodies,,Approved
RIBC2,Q9H4K1,1,,,
RIC1,Q4ADV7,1,,,
RIC3,Q7Z5B4,1,,,
RIC8A,Q9NPQ8,1,Cytosol,Plasma membrane,Approved
RIC8B,Q9NVN3,1,Cytosol,Plasma membrane,Supported
RICTOR,Q6R327,1,Mitochondria,,Approved
RIDA,P52758,1,,,
RIF1,Q5UIP0,1,Nucleoplasm,"Nuclear membrane, Plasma membrane",Supported
RIIAD1,A6NNX1,1,Cytosol,Nucleoplasm,Approved
RILP,Q96NA2,1,,,
RILPL1,Q5EBL4,1,"Plasma membrane, Cytosol",Nucleoplasm,Approved
RILPL2,Q969X0,1,Cytosol,,Supported
RIMBP2,O15034,1,Nucleoplasm,"Golgi apparatus, Cytosol",Approved
RIMBP3,Q9UFD9,1,"Vesicles, Plasma membrane",,Uncertain
RIMBP3B,A6NNM3,1,"Vesicles, Plasma membrane",,Uncertain
RIMBP3C,A6NJZ7,1,"Vesicles, Plasma membrane",,Uncertain
RIMKLA,Q8IXN7,1,Nucleoli fibrillar center,,Uncertain
RIMKLB,Q9ULI2,1,"Nucleoplasm, Centriolar satellite",,Approved
RIMS1,Q86UR5,1,,,
RIMS2,Q9UQ26,1,"Plasma membrane, Cytosol",,Approved
RIMS3,Q9UJD0,1,"Nucleoli, Mitochondria",Nucleoplasm,Approved
RIMS4,Q9H426,1,Nucleoplasm,,Approved
RIN1,Q13671,1,Nuclear membrane,Nucleoplasm,Approved
RIN2,Q8WYP3,1,Cytosol,"Nucleoli, Golgi apparatus",Approved
RIN3,Q8TB24,1,,,
RING1,Q06587,1,Nucleoplasm,Cytosol,Approved
RINL,Q6ZS11,1,"Nucleoplasm, Vesicles",,Approved
RINT1,Q6NUQ1,1,Golgi apparatus,,Approved
RIOK1,Q9BRS2,1,Cytosol,,Supported
RIOK2,Q9BVS4,1,Cytosol,Plasma membrane,Approved
RIOK3,O14730,1,"Plasma membrane, Cytosol","Golgi apparatus, Centriolar satellite",Approved
RIOX1,Q9H6W3,1,Nucleoli rim,,Supported
RIOX2,Q8IUF8,1,"Nucleoplasm, Nucleoli",,Supported
RIPK1,Q13546,1,"Plasma membrane, Cytosol",,Approved
RIPK2,O43353,1,Cytosol,,Enhanced
RIPK3,Q9Y572,1,,,
RIPK4,P57078,1,,,
RIPOR1,Q6ZS17,1,"Golgi apparatus, Cytosol",,Approved
RIPOR2,Q9Y4F9,1,,,
RIPOR3,Q96MK2,1,Nucleoplasm,,Approved
RIPPLY1,Q0D2K3,1,,,
RIPPLY2,Q5TAB7,1,,,
RIPPLY3,P57055,1,,,
RIT1,Q92963,1,,,
RIT2,Q99578,1,Nucleoplasm,"Golgi apparatus, Cytosol",Supported
RITA1,Q96K30,1,Nucleoplasm,,Supported
RLBP1,P12271,1,Cytosol,"Nucleoplasm, Centrosome",Supported
RLF,Q13129,1,Nucleoplasm,Nucleoli,Approved
RLIM,Q9NVW2,1,Nucleoplasm,Cytosol,Supported
RLN1,P04808,1,,,
RLN2,P04090,1,,,
RLN3,Q8WXF3,1,,,
RMC1,Q96DM3,1,Nucleoplasm,,Uncertain
RMDN1,Q96DB5,1,Centrosome,Actin filaments,Supported
RMDN2,Q96LZ7,1,"Mitotic spindle, Cytosol",Golgi apparatus,Supported
RMDN3,Q96TC7,1,Mitochondria,Cytokinetic bridge,Enhanced
RMI1,Q9H9A7,1,"Nucleoplasm, Nuclear bodies",,Supported
RMI2,Q96E14,1,Nuclear speckles,Cytosol,Supported
RMND1,Q9NWS8,1,Mitochondria,,Supported
RMND5A,Q9H871,1,Nucleoplasm,,Supported
RMND5B,Q96G75,1,,,
RNASE1,P07998,1,Vesicles,Nucleoplasm,Approved
RNASE10,Q5GAN6,1,,,
RNASE11,Q8TAA1,1,,,
RNASE12,Q5GAN4,1,,,
RNASE13,Q5GAN3,1,,,
RNASE2,P10153,1,,,
RNASE3,P12724,1,,,
RNASE4,P34096,1,,,
RNASE6,Q93091,1,,,
RNASE7,Q9H1E1,1,,,
RNASE8,Q8TDE3,1,,,
RNASE9,P60153,1,,,
RNASEH1,O60930,1,"Nucleoplasm, Cytosol",,Approved
RNASEH2A,O75792,1,Nucleoplasm,Cytosol,Enhanced
RNASEH2B,Q5TBB1,1,Nucleoplasm,,Enhanced
RNASEH2C,Q8TDP1,1,Nucleoplasm,,Approved
RNASEK,Q6P5S7,1,,,
RNASEK-C17orf49,,0,Nucleoplasm,Cytosol,Uncertain
RNASEL,Q05823,1,Cytosol,,Supported
RNASET2,O00584,1,,,
RND1,Q92730,1,"Vesicles, Plasma membrane, Actin filaments",,Supported
RND2,P52198,1,,,
RND3,P61587,1,,,
RNF10,Q8N5U6,1,Nucleoplasm,Mitochondria,Approved
RNF103,O00237,1,,,
RNF103-CHMP3,,0,,,
RNF11,Q9Y3C5,1,,,
RNF111,Q6ZNA4,1,Nucleoplasm,Cytosol,Supported
RNF112,Q9ULX5,1,Nuclear speckles,,Approved
RNF113A,O15541,1,Nucleoplasm,,Supported
RNF113B,Q8IZP6,1,,,
RNF114,Q9Y508,1,"Plasma membrane, Cytosol",,Supported
RNF115,Q9Y4L5,1,"Nucleoli, Mitochondria",,Approved
RNF121,Q9H920,1,Golgi apparatus,"Nucleoplasm, Vesicles",Approved
RNF122,Q9H9V4,1,,,
RNF123,Q5XPI4,1,Cytosol,,Approved
RNF125,Q96EQ8,1,Golgi apparatus,Nucleoli,Supported
RNF126,Q9BV68,1,Nucleoplasm,Cytosol,Approved
RNF128,Q8TEB7,1,,,
RNF13,O43567,1,"Nucleoplasm, Vesicles",Cytosol,Supported
RNF130,Q86XS8,1,,,
RNF133,Q8WVZ7,1,,,
RNF135,Q8IUD6,1,Vesicles,,Approved
RNF138,Q8WVD3,1,Mitochondria,,Approved
RNF139,Q8WU17,1,,,
RNF14,Q9UBS8,1,Nucleoplasm,Cytosol,Supported
RNF141,Q8WVD5,1,Microtubules,Nucleoplasm,Approved
RNF144A,P50876,1,Vesicles,,Supported
RNF144B,Q7Z419,1,Nucleoli,Mitochondria,Approved
RNF145,Q96MT1,1,"Nucleoplasm, Plasma membrane, Cytosol",,Approved
RNF146,Q9NTX7,1,"Plasma membrane, Cytosol",Nucleoplasm,Supported
RNF148,Q8N7C7,1,Cytosol,,Approved
RNF149,Q8NC42,1,"Vesicles, Plasma membrane",,Approved
RNF150,Q9ULK6,1,,,
RNF151,Q2KHN1,1,Cytosol,"Nuclear speckles, Vesicles",Approved
RNF152,Q8N8N0,1,,,
RNF157,Q96PX1,1,Golgi apparatus,Vesicles,Approved
RNF165,Q6ZSG1,1,"Nucleoplasm, Plasma membrane",,Approved
RNF166,Q96A37,1,Nucleoplasm,"Plasma membrane, Cytosol",Approved
RNF167,Q9H6Y7,1,"Vesicles, Cytosol","Mitotic spindle, Centriolar satellite",Approved
RNF168,Q8IYW5,1,Nucleoplasm,Nuclear bodies,Enhanced
RNF169,Q8NCN4,1,"Nucleoplasm, Nuclear bodies","Nucleoli, Nucleoli rim, Cytosol",Enhanced
RNF17,Q9BXT8,1,,,
RNF170,Q96K19,1,,,
RNF175,Q8N4F7,1,,,
RNF180,Q86T96,1,Cytosol,,Approved
RNF181,Q9P0P0,1,Nucleoplasm,Cytosol,Approved
RNF182,Q8N6D2,1,"Nucleoplasm, Golgi apparatus",Vesicles,Approved
RNF183,Q96D59,1,,,
RNF185,Q96GF1,1,,,
RNF186,Q9NXI6,1,,,
RNF187,Q5TA31,1,"Nucleoplasm, Cytosol",,Supported
RNF19A,Q9NV58,1,,,
RNF19B,Q6ZMZ0,1,Cytosol,,Approved
RNF2,Q99496,1,Nucleoplasm,Nuclear bodies,Enhanced
RNF20,Q5VTR2,1,Nucleoplasm,,Enhanced
RNF207,Q6ZRF8,1,Cytosol,,Approved
RNF208,Q9H0X6,1,Nucleoplasm,,Enhanced
RNF212,Q495C1,1,,,
RNF212B,A8MTL3,1,,,
RNF213,Q63HN8,1,Cytosol,,Supported
RNF214,Q8ND24,1,"Golgi apparatus, Cytosol",,Approved
RNF215,Q9Y6U7,1,Microtubules,Nucleoli,Approved
RNF216,Q9NWF9,1,Cytosol,Nucleoplasm,Supported
RNF217,Q8TC41,1,,,
RNF220,Q5VTB9,1,Nucleoplasm,Cytosol,Approved
RNF222,A6NCQ9,1,,,
RNF223,E7ERA6,1,,,
RNF224,P0DH78,1,"Nucleoplasm, Golgi apparatus",,Approved
RNF225,M0QZC1,1,,,
RNF227,A6NIN4,1,,,
RNF24,Q9Y225,1,Golgi apparatus,,Supported
RNF25,Q96BH1,1,Cytosol,"Nucleoplasm, Actin filaments",Approved
RNF26,Q9BY78,1,Nucleoplasm,"Vesicles, Cytosol",Approved
RNF31,Q96EP0,1,Cytosol,,Approved
RNF32,Q9H0A6,1,"Nuclear bodies, Cytosol",,Approved
RNF34,Q969K3,1,Nucleoplasm,Nuclear bodies,Supported
RNF38,Q9H0F5,1,Nucleoplasm,,Supported
RNF39,Q9H2S5,1,"Vesicles, Plasma membrane, Centrosome",,Approved
RNF4,P78317,1,"Nucleoplasm, Nuclear bodies",Microtubule ends,Supported
RNF40,O75150,1,Nucleoplasm,,Supported
RNF41,Q9H4P4,1,"Nucleoplasm, Nuclear bodies",Midbody ring,Approved
RNF43,Q68DV7,1,,,
RNF44,Q7L0R7,1,Nucleoplasm,,Approved
RNF5,Q99942,1,Endoplasmic reticulum,,Supported
RNF6,Q9Y252,1,Nuclear membrane,,Supported
RNF7,Q9UBF6,1,Nucleoplasm,Cytosol,Supported
RNF8,O76064,1,Nucleoplasm,Cytosol,Supported
RNFT1,Q5M7Z0,1,Nucleoli,,Approved
RNFT2,Q96EX2,1,Nucleoplasm,Cytosol,Approved
RNGTT,O60942,1,Nucleoplasm,,Approved
RNH1,P13489,1,"Nucleoplasm, Cytosol",,Enhanced
RNLS,Q5VYX0,1,,,
RNMT,O43148,1,Nucleoplasm,Nucleoli fibrillar center,Supported
RNPC3,Q96LT9,1,Nucleoplasm,,Supported
RNPEP,Q9H4A4,1,Golgi apparatus,,Approved
RNPEPL1,Q9HAU8,1,Nucleoplasm,Nuclear bodies,Approved
RNPS1,Q15287,1,Nucleoplasm,,Supported
RO60,P10155,1,Cytosol,,Supported
ROBO1,Q9Y6N7,1,Plasma membrane,,Enhanced
ROBO2,Q9HCK4,1,Plasma membrane,"Nucleoplasm, Centriolar satellite",Approved
ROBO3,Q96MS0,1,Plasma membrane,Vesicles,Approved
ROBO4,Q8WZ75,1,Plasma membrane,,Approved
ROCK1,Q13464,1,,,
ROCK2,O75116,1,Cytosol,,Supported
ROGDI,Q9GZN7,1,,,
ROM1,Q03395,1,"Plasma membrane, Cytosol",,Approved
ROMO1,P60602,1,,,
ROPN1,Q9HAT0,1,,,
ROPN1B,Q9BZX4,1,,,
ROPN1L,Q96C74,1,,,
ROR1,Q01973,1,,,
ROR2,Q01974,1,,,
RORA,P35398,1,Nucleoli,,Supported
RORB,Q92753,1,Nucleoplasm,,Approved
RORC,P51449,1,Nuclear bodies,,Supported
ROS1,P08922,1,Vesicles,,Approved
RP1,P56715,1,,,
RP1L1,Q8IWN7,1,,,
RP2,O75695,1,Plasma membrane,"Nucleoplasm, Nuclear bodies",Supported
RP9,Q8TA86,1,Nucleoplasm,"Vesicles, Cytosol",Enhanced
RPA1,P27694,1,Nucleoplasm,,Enhanced
RPA2,P15927,1,"Nucleoplasm, Nuclear bodies",,Enhanced
RPA3,P35244,1,,,
RPA4,Q13156,1,Nucleoplasm,,Supported
RPAIN,Q86UA6,1,Nucleoli fibrillar center,Nucleoplasm,Approved
RPAP1,Q9BWH6,1,Nucleoplasm,Cytosol,Approved
RPAP2,Q8IXW5,1,"Nucleoli, Cytosol",,Supported
RPAP3,Q9H6T3,1,Cytosol,,Enhanced
RPE,Q96AT9,1,Cytosol,"Nucleoplasm, Plasma membrane",Approved
RPE65,Q16518,1,,,
RPEL1,Q2QD12,1,Cytosol,"Nucleoplasm, Plasma membrane",Approved
RPF1,Q9H9Y2,1,Nucleoli,,Supported
RPF2,Q9H7B2,1,"Nucleoli, Nucleoli rim","Nucleoplasm, Mitotic chromosome",Supported
RPGR,Q92834,1,Golgi apparatus,,Supported
RPGRIP1,Q96KN7,1,,,
RPGRIP1L,Q68CZ1,1,"Plasma membrane, Cytosol",,Approved
RPH3A,Q9Y2J0,1,,,
RPH3AL,Q9UNE2,1,,,
RPIA,P49247,1,"Nucleoplasm, Vesicles, Plasma membrane",,Approved
RPL10,P27635,1,"Endoplasmic reticulum, Cytosol",,Enhanced
RPL10A,P62906,1,"Nucleoli, Endoplasmic reticulum, Cytosol",,Supported
RPL10L,Q96L21,1,"Endoplasmic reticulum, Cytosol",,Approved
RPL11,P62913,1,,,
RPL12,P30050,1,Golgi apparatus,,Approved
RPL13,P26373,1,"Nucleoli, Endoplasmic reticulum, Cytosol",,Enhanced
RPL13A,P40429,1,"Nucleoli, Cytosol",,Approved
RPL14,P50914,1,"Endoplasmic reticulum, Cytosol",,Supported
RPL15,P61313,1,,,
RPL17,P18621,1,"Endoplasmic reticulum, Cytosol",,Supported
RPL17-C18orf32,,0,"Endoplasmic reticulum, Cytosol",,Supported
RPL18,Q07020,1,"Endoplasmic reticulum, Cytosol",Nucleoli,Supported
RPL18A,Q02543,1,Nucleoli,"Nucleoplasm, Cytosol",Approved
RPL19,P84098,1,"Nucleoli, Cytosol",,Enhanced
RPL21,P46778,1,"Nucleoli fibrillar center, Endoplasmic reticulum, Cytosol",,Supported
RPL22,P35268,1,Nucleoli,Nucleoplasm,Approved
RPL22L1,Q6P5R6,1,"Nucleoli, Nucleoli rim",Nucleoplasm,Approved
RPL23,P62829,1,Cytosol,,Supported
RPL23A,P62750,1,"Nucleoli fibrillar center, Endoplasmic reticulum, Cytosol",,Approved
RPL24,P83731,1,"Endoplasmic reticulum, Cytosol",,Enhanced
RPL26,P61254,1,"Endoplasmic reticulum, Cytosol",Nucleoli,Approved
RPL26L1,Q9UNX3,1,"Endoplasmic reticulum, Cytosol",Nucleoli,Approved
RPL27,P61353,1,Nucleoli,Nucleoplasm,Enhanced
RPL27A,P46776,1,"Endoplasmic reticulum, Cytosol",,Enhanced
RPL28,P46779,1,"Endoplasmic reticulum, Cytosol",,Supported
RPL29,P47914,1,"Nucleoli, Endoplasmic reticulum, Cytosol",,Supported
RPL3,P39023,1,"Nucleoli, Cytosol",,Supported
RPL30,P62888,1,"Endoplasmic reticulum, Cytosol",,Approved
RPL31,P62899,1,,,
RPL32,P62910,1,"Endoplasmic reticulum, Cytosol",,Approved
RPL34,P49207,1,"Endoplasmic reticulum, Cytosol",Nucleoli,Supported
RPL35,P42766,1,"Endoplasmic reticulum, Cytosol",,Approved
RPL35A,P18077,1,,,
RPL36,Q9Y3U8,1,Cytosol,,Supported
RPL36A,P83881,1,"Endoplasmic reticulum, Cytosol",Plasma membrane,Supported
RPL36A-HNRNPH2,,0,"Endoplasmic reticulum, Cytosol",Plasma membrane,Approved
RPL36AL,Q969Q0,1,"Endoplasmic reticulum, Cytosol",Plasma membrane,Approved
RPL37,P61927,1,,,
RPL37A,P61513,1,"Endoplasmic reticulum, Cytosol",,Approved
RPL38,P63173,1,"Endoplasmic reticulum, Cytosol",,Supported
RPL39,P62891,1,,,
RPL39L,Q96EH5,1,,,
RPL3L,Q92901,1,Nuclear speckles,,Approved
RPL4,P36578,1,"Endoplasmic reticulum, Cytosol","Nucleoli, Nuclear bodies",Approved
RPL41,P62945,1,Endoplasmic reticulum,,Supported
RPL5,P46777,1,"Endoplasmic reticulum, Cytosol","Nucleoli, Nucleoli rim",Supported
RPL6,Q02878,1,"Microtubules, Cytokinetic bridge",,Approved
RPL7,P18124,1,"Endoplasmic reticulum, Cytosol",Nucleoli,Approved
RPL7A,P62424,1,Nucleoli,Vesicles,Approved
RPL7L1,Q6DKI1,1,"Nucleoli, Mitochondria",,Approved
RPL8,P62917,1,"Nucleoli, Endoplasmic reticulum, Cytosol",,Supported
RPL9,P32969,1,"Endoplasmic reticulum, Cytosol",Nucleoli,Supported
RPLP0,P05388,1,"Endoplasmic reticulum, Cytosol",,Supported
RPLP1,P05386,1,"Endoplasmic reticulum, Cytosol",,Supported
RPLP2,P05387,1,"Nuclear speckles, Cytosol",Mitotic spindle,Approved
RPN1,P04843,1,Endoplasmic reticulum,Cytosol,Enhanced
RPN2,P04844,1,Endoplasmic reticulum,,Supported
RPP14,O95059,1,"Nucleoplasm, Cytosol",,Approved
RPP21,Q9H633,1,,,
RPP25,Q9BUL9,1,Nucleoplasm,Centriolar satellite,Supported
RPP25L,Q8N5L8,1,Nucleoplasm,,Supported
RPP30,P78346,1,"Nucleoplasm, Nucleoli","Microtubule ends, Cytosol",Approved
RPP38,P78345,1,Nucleoli,,Supported
RPP40,O75818,1,Nucleoplasm,,Approved
RPRD1A,Q96P16,1,"Nucleoplasm, Golgi apparatus",,Supported
RPRD1B,Q9NQG5,1,Nucleoplasm,,Supported
RPRD2,Q5VT52,1,"Nucleoplasm, Vesicles",,Approved
RPRM,Q9NS64,1,,,
RPRML,Q8N4K4,1,,,
RPS10,P46783,1,Cytosol,,Approved
RPS10-NUDT3,,0,Cytosol,,Approved
RPS11,P62280,1,Cytosol,"Nucleoli, Endoplasmic reticulum",Approved
RPS12,P25398,1,Cytosol,"Golgi apparatus, Vesicles",Supported
RPS13,P62277,1,Endoplasmic reticulum,,Approved
RPS14,P62263,1,"Endoplasmic reticulum, Cytosol",,Supported
RPS15,P62841,1,"Endoplasmic reticulum, Cytosol",,Approved
RPS15A,P62244,1,,,
RPS16,P62249,1,"Endoplasmic reticulum, Cytosol",,Enhanced
RPS17,P08708,1,"Endoplasmic reticulum, Cytosol",Nucleoli,Approved
RPS18,P62269,1,Cytosol,,Supported
RPS19,P39019,1,Nucleoplasm,,Supported
RPS19BP1,Q86WX3,1,"Nucleoli, Cytosol",Nucleoplasm,Approved
RPS2,P15880,1,"Endoplasmic reticulum, Cytosol",,Approved
RPS20,P60866,1,"Endoplasmic reticulum, Cytosol",,Supported
RPS21,P63220,1,"Endoplasmic reticulum, Cytosol",,Supported
RPS23,P62266,1,Cytosol,Endoplasmic reticulum,Supported
RPS24,P62847,1,"Endoplasmic reticulum, Cytosol",,Enhanced
RPS25,P62851,1,"Endoplasmic reticulum, Cytosol",Nucleoli,Supported
RPS26,P62854,1,"Endoplasmic reticulum, Cytosol",Nucleoli,Enhanced
RPS27,P42677,1,"Endoplasmic reticulum, Cytosol",Nucleoli,Approved
RPS27A,P62979,1,"Nucleoli, Endoplasmic reticulum, Cytosol",,Supported
RPS27AP5,,0,"Nucleoli, Endoplasmic reticulum, Cytosol",,Approved
RPS27L,Q71UM5,1,"Endoplasmic reticulum, Cytosol",Nucleoli,Supported
RPS28,P62857,1,Cytosol,,Approved
RPS29,P62273,1,"Endoplasmic reticulum, Cytosol",,Supported
RPS3,P23396,1,"Endoplasmic reticulum, Cytosol",,Supported
RPS3A,P61247,1,"Nucleoli, Endoplasmic reticulum, Cytosol",,Enhanced
RPS4X,P62701,1,,,
RPS4Y1,P22090,1,,,
RPS4Y2,Q8TD47,1,,,
RPS5,P46782,1,"Endoplasmic reticulum, Cytosol",,Supported
RPS6,P62753,1,"Endoplasmic reticulum, Cytosol",,Enhanced
RPS6KA1,Q15418,1,Cytosol,Nucleoplasm,Supported
RPS6KA2,Q15349,1,Nucleoplasm,,Supported
RPS6KA3,P51812,1,Nucleoplasm,"Nucleoli, Cytosol",Supported
RPS6KA4,O75676,1,Nucleoplasm,Cytosol,Supported
RPS6KA5,O75582,1,Nucleoplasm,,Enhanced
RPS6KA6,Q9UK32,1,"Nucleoplasm, Mitochondria",Nucleoli,Supported
RPS6KB1,P23443,1,Nucleoplasm,,Supported
RPS6KB2,Q9UBS0,1,Cytosol,,Supported
RPS6KC1,Q96S38,1,"Endosomes, Lysosomes",,Supported
RPS6KL1,Q9Y6S9,1,Nucleoplasm,,Approved
RPS7,P62081,1,"Endoplasmic reticulum, Cytosol",,Approved
RPS8,P62241,1,"Endoplasmic reticulum, Cytosol",,Enhanced
RPS9,P46781,1,,,
RPSA,P08865,1,"Plasma membrane, Cytosol",,Supported
RPTN,Q6XPR3,1,,,
RPTOR,Q8N122,1,"Vesicles, Lysosomes",Cytosol,Supported
RPUSD1,Q9UJJ7,1,Golgi apparatus,"Nucleoplasm, Cell Junctions, Cytosol",Approved
RPUSD2,Q8IZ73,1,"Nucleoplasm, Microtubules",,Approved
RPUSD3,Q6P087,1,Nucleoplasm,,Approved
RPUSD4,Q96CM3,1,Mitochondria,Nucleoplasm,Supported
RRAD,P55042,1,Plasma membrane,"Nucleoplasm, Golgi apparatus",Approved
RRAGA,Q7L523,1,"Golgi apparatus, Vesicles",,Approved
RRAGB,Q5VZM2,1,"Golgi apparatus, Vesicles",,Approved
RRAGC,Q9HB90,1,"Nucleoplasm, Vesicles",,Supported
RRAGD,Q9NQL2,1,Nucleoplasm,"Vesicles, Centrosome",Approved
RRAS,P10301,1,Vesicles,,Approved
RRAS2,P62070,1,"Nucleoplasm, Cytosol",,Approved
RRBP1,Q9P2E9,1,Endoplasmic reticulum,,Enhanced
RREB1,Q92766,1,Nuclear speckles,Nucleoli fibrillar center,Supported
RRH,O14718,1,,,
RRM1,P23921,1,Cytosol,,Supported
RRM2,P31350,1,Cytosol,,Supported
RRM2B,Q7LG56,1,"Nucleoplasm, Cytosol",,Enhanced
RRN3,Q9NYV6,1,Nucleoli rim,,Supported
RRNAD1,Q96FB5,1,Nucleoli,Cytosol,Approved
RRP1,P56182,1,"Nucleoli, Mitotic chromosome",,Enhanced
RRP12,Q5JTH9,1,Nucleoli,"Vesicles, Plasma membrane, Cytosol",Supported
RRP15,Q9Y3B9,1,"Nucleoli rim, Mitotic chromosome","Nucleoplasm, Mitochondria",Approved
RRP1B,Q14684,1,"Nucleoli, Nucleoli rim, Mitotic chromosome",Nucleoplasm,Enhanced
RRP36,Q96EU6,1,"Nucleoplasm, Nucleoli",,Enhanced
RRP7A,Q9Y3A4,1,"Nucleoplasm, Nucleoli",Cell Junctions,Approved
RRP8,O43159,1,"Nucleoplasm, Nucleoli, Cytosol",,Supported
RRP9,O43818,1,Nucleoplasm,,Supported
RRS1,Q15050,1,Nucleoli,,Supported
RS1,O15537,1,,,
RSAD1,Q9HA92,1,Mitochondria,Mitotic chromosome,Approved
RSAD2,Q8WXG1,1,Endoplasmic reticulum,Nucleoli fibrillar center,Supported
RSBN1,Q5VWQ0,1,Nucleoplasm,"Nuclear bodies, Vesicles",Supported
RSBN1L,Q6PCB5,1,Nuclear speckles,Plasma membrane,Supported
RSC1A1,Q92681,1,Nucleoplasm,Cell Junctions,Supported
RSF1,Q96T23,1,Nucleoplasm,,Enhanced
RSKR,,0,"Vesicles, Plasma membrane",Nucleoplasm,Approved
RSL1D1,O76021,1,"Nucleoli rim, Mitotic chromosome",,Enhanced
RSL24D1,Q9UHA3,1,"Nucleoplasm, Nucleoli, Nucleoli rim",,Enhanced
RSPH1,Q8WYR4,1,Centrosome,,Supported
RSPH10B,P0C881,1,,,
RSPH10B2,B2RC85,1,,,
RSPH14,Q9UHP6,1,Nucleoli,,Uncertain
RSPH3,,0,Plasma membrane,Cytosol,Approved
RSPH4A,Q5TD94,1,,,
RSPH6A,Q9H0K4,1,,,
RSPH9,Q9H1X1,1,,,
RSPO1,Q2MKA7,1,Vesicles,,Approved
RSPO2,Q6UXX9,1,,,
RSPO3,Q9BXY4,1,,,
RSPO4,Q2I0M5,1,,,
RSPRY1,Q96DX4,1,,,
RSRC1,Q96IZ7,1,Nuclear speckles,,Approved
RSRC2,Q7L4I2,1,Nuclear speckles,"Nucleoli fibrillar center, Cytosol",Approved
RSRP1,Q9BUV0,1,Nucleoplasm,,Approved
RSU1,Q15404,1,Vesicles,,Approved
RTBDN,Q9BSG5,1,Endoplasmic reticulum,,Approved
RTCA,O00442,1,Nucleoplasm,,Enhanced
RTCB,Q9Y3I0,1,Nucleoplasm,"Vesicles, Cytosol",Supported
RTEL1,Q9NZ71,1,Nuclear speckles,"Nucleoplasm, Nuclear membrane",Supported
RTF1,Q92541,1,Nucleoplasm,Cytosol,Approved
RTF2,Q9BY42,1,"Nucleoplasm, Nucleoli",,Approved
RTKN,Q9BST9,1,Mitochondria,Nucleoplasm,Approved
RTKN2,Q8IZC4,1,Nucleoplasm,Mitochondria,Approved
RTL1,A6NKG5,1,Cytosol,,Approved
RTL10,Q7L3V2,1,,,
RTL3,Q8N8U3,1,Nucleoplasm,"Golgi apparatus, Plasma membrane",Approved
RTL4,Q6ZR62,1,Nucleoplasm,"Plasma membrane, Cytosol",Approved
RTL5,Q5HYW3,1,Nucleoplasm,,Approved
RTL6,Q6ICC9,1,Nuclear speckles,Cytosol,Approved
RTL8A,Q9BWD3,1,,,
RTL8B,Q17RB0,1,,,
RTL8C,A6ZKI3,1,,,
RTL9,Q8NET4,1,,,
RTN1,Q16799,1,Endoplasmic reticulum,Nuclear bodies,Supported
RTN2,O75298,1,Vesicles,,Uncertain
RTN3,O95197,1,Endoplasmic reticulum,,Supported
RTN4,Q9NQC3,1,Endoplasmic reticulum,,Enhanced
RTN4IP1,Q8WWV3,1,,,
RTN4R,Q9BZR6,1,"Plasma membrane, Focal adhesion sites",Actin filaments,Approved
RTN4RL1,Q86UN2,1,Actin filaments,"Nucleoplasm, Plasma membrane, Midbody",Approved
RTN4RL2,Q86UN3,1,,,
RTP1,P59025,1,,,
RTP2,Q5QGT7,1,,,
RTP3,Q9BQQ7,1,Mitochondria,,Uncertain
RTP4,Q96DX8,1,Nucleoplasm,,Supported
RTP5,Q14D33,1,,,
RTRAF,Q9Y224,1,Nucleoplasm,,Supported
RTTN,Q86VV8,1,Cytosol,Centrosome,Approved
RUBCN,Q92622,1,"Vesicles, Cytosol",,Supported
RUBCNL,Q9H714,1,Cytosol,,Approved
RUFY1,Q96T51,1,"Vesicles, Cytosol",Nuclear speckles,Supported
RUFY2,Q8WXA3,1,Nucleoplasm,,Approved
RUFY3,Q7L099,1,Cytosol,,Supported
RUFY4,Q6ZNE9,1,,,
RUNDC1,Q96C34,1,Nuclear speckles,Cytosol,Approved
RUNDC3A,Q59EK9,1,Vesicles,,Enhanced
RUNDC3B,Q96NL0,1,Cytosol,Vesicles,Uncertain
RUNX1,Q01196,1,Nucleoplasm,Vesicles,Enhanced
RUNX1T1,Q06455,1,Nucleoplasm,,Supported
RUNX2,Q13950,1,Nucleoplasm,,Enhanced
RUNX3,Q13761,1,"Nucleoplasm, Vesicles",Cytosol,Supported
RUSC1,Q9BVN2,1,Cytosol,,Enhanced
RUSC2,Q8N2Y8,1,,,
RUSF1,Q96GQ5,1,"Nucleoli, Golgi apparatus, Vesicles","Nucleoplasm, Cytosol",Approved
RUVBL1,Q9Y265,1,"Nucleoplasm, Cytosol",,Supported
RUVBL2,Q9Y230,1,"Nucleoplasm, Cytosol",Centrosome,Supported
RWDD1,Q9H446,1,,,
RWDD2A,Q9UIY3,1,Vesicles,,Approved
RWDD2B,P57060,1,,,
RWDD3,Q9Y3V2,1,,,
RWDD4,Q6NW29,1,Intermediate filaments,,Approved
RXFP1,Q9HBX9,1,,,
RXFP2,Q8WXD0,1,,,
RXFP3,Q9NSD7,1,,,
RXFP4,Q8TDU9,1,,,
RXRA,P19793,1,Nucleoplasm,Golgi apparatus,Supported
RXRB,P28702,1,Nucleoplasm,,Supported
RXRG,P48443,1,"Nucleoplasm, Nuclear bodies",,Approved
RXYLT1,Q9Y2B1,1,"Nucleoplasm, Golgi apparatus",,Approved
RYBP,Q8N488,1,Nucleoplasm,,Supported
RYK,P34925,1,Golgi apparatus,Cytosol,Approved
RYR1,P21817,1,"Golgi apparatus, Vesicles",Cytosol,Approved
RYR2,Q92736,1,"Nucleoplasm, Plasma membrane, Cytosol",,Uncertain
RYR3,Q15413,1,Vesicles,,Approved
S100A1,P23297,1,Cytosol,"Nucleoplasm, Golgi apparatus",Supported
S100A10,P60903,1,Mitochondria,,Approved
S100A11,P31949,1,"Nucleoplasm, Cytosol",Nuclear speckles,Supported
S100A12,P80511,1,,,
S100A13,Q99584,1,"Plasma membrane, Cytosol","Nucleoplasm, Nucleoli",Approved
S100A14,Q9HCY8,1,"Nuclear bodies, Plasma membrane, Cell Junctions, Cytosol",,Approved
S100A16,Q96FQ6,1,Cytosol,Plasma membrane,Approved
S100A2,P29034,1,"Nucleoplasm, Cytosol","Nucleoli, Plasma membrane",Approved
S100A3,P33764,1,Cytosol,"Golgi apparatus, Plasma membrane",Enhanced
S100A4,P26447,1,Nucleoplasm,Cytosol,Supported
S100A5,P33763,1,Nucleoplasm,,Approved
S100A6,P06703,1,"Plasma membrane, Cytosol",,Enhanced
S100A7,P31151,1,Cytosol,,Supported
S100A7A,Q86SG5,1,Cytosol,,Uncertain
S100A7L2,Q5SY68,1,,,
S100A8,P05109,1,Intermediate filaments,Cytosol,Supported
S100A9,P06702,1,"Plasma membrane, Intermediate filaments, Cytosol",,Supported
S100B,P04271,1,"Nucleoplasm, Cytosol",Vesicles,Supported
S100G,P29377,1,Cytosol,,Approved
S100P,P25815,1,Nucleoplasm,,Supported
S100PBP,Q96BU1,1,Nuclear speckles,Cytosol,Supported
S100Z,Q8WXG8,1,"Centrosome, Cytosol",Nucleoplasm,Approved
S1PR1,P21453,1,Vesicles,,Supported
S1PR2,O95136,1,Golgi apparatus,Nuclear speckles,Uncertain
S1PR3,"Q99500,Q6ZRZ4",2,,,
S1PR4,O95977,1,Mitochondria,,Supported
S1PR5,Q9H228,1,,,
SAA1,P0DJI8,1,,,
SAA2,P0DJI9,1,,,
SAA2-SAA4,,0,,,
SAA4,P35542,1,,,
SAAL1,Q96ER3,1,Nucleoplasm,,Supported
SAC3D1,,0,Cytosol,,Approved
SACM1L,Q9NTJ5,1,"Nucleoplasm, Golgi apparatus",,Approved
SACS,Q9NZJ4,1,,,
SAE1,Q9UBE0,1,"Nucleoplasm, Cytosol",,Enhanced
SAFB,Q15424,1,Nucleoplasm,Midbody,Enhanced
SAFB2,Q14151,1,Nucleoplasm,"Nuclear bodies, Vesicles",Supported
SAG,P10523,1,,,
SAGE1,Q9NXZ1,1,Nucleoplasm,Nuclear bodies,Enhanced
SALL1,Q9NSC2,1,Nucleoplasm,"Nucleoli, Nuclear speckles, Cytosol",Approved
SALL2,Q9Y467,1,Vesicles,Nucleoplasm,Approved
SALL3,Q9BXA9,1,,,
SALL4,Q9UJQ4,1,Nucleoplasm,Vesicles,Enhanced
SAMD1,,0,Cytosol,Mitochondria,Approved
SAMD10,Q9BYL1,1,Nucleoplasm,,Approved
SAMD11,Q96NU1,1,"Nucleoplasm, Vesicles",,Approved
SAMD12,Q8N8I0,1,"Golgi apparatus, Cytosol",,Approved
SAMD13,Q5VXD3,1,Mitochondria,,Approved
SAMD14,Q8IZD0,1,"Nucleoplasm, Nucleoli fibrillar center",,Approved
SAMD15,Q9P1V8,1,"Nucleoplasm, Nuclear membrane","Nucleoli, Cytosol",Approved
SAMD3,Q8N6K7,1,,,
SAMD4A,Q9UPU9,1,Cell Junctions,Cytosol,Approved
SAMD4B,Q5PRF9,1,Cytosol,,Enhanced
SAMD5,Q5TGI4,1,Vesicles,,Supported
SAMD7,Q7Z3H4,1,,,
SAMD8,Q96LT4,1,"Endoplasmic reticulum, Cytosol",,Approved
SAMD9,Q5K651,1,Cytosol,Vesicles,Supported
SAMD9L,Q8IVG5,1,Cytosol,,Approved
SAMHD1,Q9Y3Z3,1,Nucleoplasm,,Supported
SAMM50,Q9Y512,1,Mitochondria,,Supported
SAMSN1,Q9NSI8,1,Plasma membrane,Nucleoplasm,Approved
SAP130,Q9H0E3,1,Nuclear speckles,,Supported
SAP18,O00422,1,"Nucleoplasm, Nuclear bodies",Cytosol,Supported
SAP25,Q8TEE9,1,Nuclear bodies,,Approved
SAP30,O75446,1,Nucleoplasm,,Supported
SAP30BP,Q9UHR5,1,Nucleoplasm,,Enhanced
SAP30L,Q9HAJ7,1,"Nucleoplasm, Nucleoli fibrillar center",,Supported
SAPCD1,Q5SSQ6,1,Vesicles,Cell Junctions,Approved
SAPCD2,Q86UD0,1,Cytosol,"Nucleoplasm, Nucleoli",Supported
SAR1A,Q9NR31,1,Endoplasmic reticulum,,Supported
SAR1B,Q9Y6B6,1,Endoplasmic reticulum,,Approved
SARAF,Q96BY9,1,Endoplasmic reticulum,Rods & Rings,Supported
SARDH,Q9UL12,1,Mitochondria,,Approved
SARM1,Q6SZW1,1,Mitochondria,,Supported
SARNP,P82979,1,Nuclear speckles,,Supported
SARS1,P49591,1,Cytosol,,Enhanced
SARS2,Q9NP81,1,"Nucleoplasm, Mitochondria",Vesicles,Uncertain
SART1,O43290,1,Nuclear speckles,Golgi apparatus,Enhanced
SART3,Q15020,1,Nucleoplasm,,Supported
SASH1,O94885,1,Nucleoplasm,Cytosol,Approved
SASH3,O75995,1,Plasma membrane,"Nucleoplasm, Nuclear bodies",Approved
SASS6,Q6UVJ0,1,,,
SAT1,P21673,1,,,
SAT2,Q96F10,1,,,
SATB1,Q01826,1,Nucleoplasm,Nuclear bodies,Supported
SATB2,Q9UPW6,1,Nucleoplasm,,Supported
SATL1,Q86VE3,1,Nucleoplasm,Cytosol,Approved
SAV1,Q9H4B6,1,Cytosol,,Supported
SAXO1,Q8IYX7,1,,,
SAXO2,Q658L1,1,Nucleoplasm,Golgi apparatus,Approved
SAYSD1,Q9NPB0,1,Vesicles,,Supported
SBDS,Q9Y3A5,1,"Nucleoplasm, Cytosol",,Supported
SBF1,O95248,1,Nuclear bodies,,Supported
SBF2,Q86WG5,1,Nucleoplasm,"Intermediate filaments, Cytosol",Approved
SBK1,Q52WX2,1,,,
SBK2,P0C263,1,,,
SBK3,P0C264,1,Mitochondria,,Approved
SBNO1,A3KN83,1,Nucleoplasm,,Approved
SBNO2,Q9Y2G9,1,,,
SBSN,Q6UWP8,1,Vesicles,,Approved
SBSPON,Q8IVN8,1,Vesicles,,Approved
SC5D,O75845,1,"Nucleoplasm, Endoplasmic reticulum","Plasma membrane, Cytosol",Approved
SCAF1,Q9H7N4,1,Nucleoplasm,Cytosol,Approved
SCAF11,Q99590,1,Nucleoplasm,"Nucleoli, Nuclear bodies",Enhanced
SCAF4,O95104,1,Nucleoplasm,,Enhanced
SCAF8,Q9UPN6,1,Nucleoplasm,,Enhanced
SCAI,Q8N9R8,1,"Nucleoplasm, Nuclear membrane",,Supported
SCAMP1,O15126,1,Cell Junctions,"Nucleoplasm, Vesicles",Uncertain
SCAMP2,O15127,1,"Golgi apparatus, Vesicles",,Supported
SCAMP3,O14828,1,Vesicles,,Supported
SCAMP4,Q969E2,1,"Golgi apparatus, Vesicles","Lipid droplets, Plasma membrane",Approved
SCAMP5,Q8TAC9,1,,,
SCAND1,P57086,1,Nuclear speckles,,Approved
SCAP,Q12770,1,,,
SCAPER,Q9BY12,1,"Nucleoplasm, Nuclear speckles",Cytosol,Supported
SCARA3,Q6AZY7,1,Endoplasmic reticulum,,Supported
SCARA5,Q6ZMJ2,1,,,
SCARB1,Q8WTV0,1,Vesicles,"Lysosomes, Rods & Rings",Approved
SCARB2,Q14108,1,Cytosol,,Approved
SCARF1,Q14162,1,Golgi apparatus,,Approved
SCARF2,Q96GP6,1,Nucleoplasm,"Nuclear bodies, Cytosol",Approved
SCART1,Q4G0T1,1,,,
SCCPDH,Q8NBX0,1,Vesicles,,Approved
SCD,O00767,1,Endoplasmic reticulum,,Enhanced
SCD5,Q86SK9,1,,,
SCEL,O95171,1,Plasma membrane,"Nucleoplasm, Cytosol",Supported
SCFD1,Q8WVM8,1,,,
SCFD2,Q8WU76,1,Nucleoplasm,,Approved
SCG2,P13521,1,Golgi apparatus,Vesicles,Approved
SCG3,Q8WXD2,1,Vesicles,,Supported
SCG5,P05408,1,,,
SCGB1A1,P11684,1,,,
SCGB1C1,Q8TD33,1,,,
SCGB1C2,P0DMR2,1,,,
SCGB1D1,O95968,1,,,
SCGB1D2,O95969,1,,,
SCGB1D4,Q6XE38,1,,,
SCGB2A1,O75556,1,Vesicles,,Approved
SCGB2A2,Q13296,1,,,
SCGB2B2,Q4G0G5,1,,,
SCGB3A1,Q96QR1,1,,,
SCGB3A2,Q96PL1,1,,,
SCGN,O76038,1,Cytosol,,Supported
SCHIP1,P0DPB3,1,"Plasma membrane, Cell Junctions, Cytosol","Nucleoplasm, Nuclear bodies",Approved
SCIMP,Q6UWF3,1,,,
SCIN,Q9Y6U3,1,Plasma membrane,Cytosol,Approved
SCLT1,Q96NL6,1,"Microtubules, Cytosol",,Uncertain
SCLY,Q96I15,1,Golgi apparatus,,Enhanced
SCMH1,Q96GD3,1,Nucleoplasm,"Nuclear bodies, Cytosol",Supported
SCML1,Q9UN30,1,Nucleoplasm,,Approved
SCML2,Q9UQR0,1,"Nucleoli, Cytosol",,Approved
SCML4,Q8N228,1,Nucleoplasm,,Approved
SCN10A,Q9Y5Y9,1,,,
SCN11A,Q9UI33,1,,,
SCN1A,P35498,1,"Nucleoplasm, Plasma membrane",Nuclear bodies,Supported
SCN1B,Q07699,1,,,
SCN2A,Q99250,1,,,
SCN2B,O60939,1,,,
SCN3A,Q9NY46,1,,,
SCN3B,Q9NY72,1,Intermediate filaments,Cytosol,Approved
SCN4A,P35499,1,Golgi apparatus,,Uncertain
SCN4B,Q8IWT1,1,,,
SCN5A,Q14524,1,Plasma membrane,"Nucleoplasm, Nucleoli",Supported
SCN7A,Q01118,1,Plasma membrane,,Approved
SCN8A,Q9UQD0,1,Plasma membrane,"Vesicles, Cell Junctions",Approved
SCN9A,Q15858,1,"Plasma membrane, Actin filaments, Focal adhesion sites",,Approved
SCNM1,Q9BWG6,1,Nucleoplasm,,Approved
SCNN1A,P37088,1,,,
SCNN1B,P51168,1,,,
SCNN1D,P51172,1,"Plasma membrane, Actin filaments",,Supported
SCNN1G,P51170,1,Plasma membrane,Nucleoplasm,Supported
SCO1,O75880,1,,,
SCO2,O43819,1,Mitochondria,,Approved
SCOC,Q9UIL1,1,"Nucleoplasm, Golgi apparatus",,Approved
SCP2,P22307,1,Peroxisomes,Nucleoplasm,Supported
SCP2D1,Q9UJQ7,1,,,
SCPEP1,Q9HB40,1,Golgi apparatus,,Approved
SCRG1,O75711,1,,,
SCRIB,Q14160,1,"Plasma membrane, Cell Junctions","Nucleoplasm, Rods & Rings",Enhanced
SCRN1,Q12765,1,Cytosol,,Approved
SCRN2,Q96FV2,1,Nucleoplasm,Golgi apparatus,Supported
SCRN3,Q0VDG4,1,"Vesicles, Cytosol",,Approved
SCRT1,Q9BWW7,1,Nuclear bodies,,Supported
SCRT2,Q9NQ03,1,Nucleoplasm,,Approved
SCT,P09683,1,,,
SCTR,P47872,1,,,
SCUBE1,Q8IWY4,1,,,
SCUBE2,Q9NQ36,1,,,
SCUBE3,Q8IX30,1,Plasma membrane,,Supported
SCX,Q7RTU7,1,,,
SCYGR1,A0A286YEY9,1,,,
SCYGR2,A0A286YFB4,1,,,
SCYGR3,A0A286YF60,1,,,
SCYGR4,A0A286YEV6,1,,,
SCYGR5,A0A286YF46,1,,,
SCYGR6,A0A286YF77,1,,,
SCYGR7,A0A286YF01,1,,,
SCYGR8,A0A286YFG1,1,,,
SCYL1,Q96KG9,1,Cytosol,,Supported
SCYL2,Q6P3W7,1,,,
SCYL3,Q8IZE3,1,Microtubules,Nuclear bodies,Uncertain
SDAD1,Q9NVU7,1,Nucleoli,Nucleoplasm,Supported
SDC1,P18827,1,Focal adhesion sites,,Approved
SDC2,P34741,1,Plasma membrane,Cytosol,Supported
SDC3,O75056,1,Mitochondria,Nucleoplasm,Approved
SDC4,P31431,1,Golgi apparatus,Plasma membrane,Approved
SDCBP,O00560,1,"Nucleoplasm, Cytosol",Nuclear membrane,Supported
SDCBP2,Q9H190,1,Nucleoplasm,"Golgi apparatus, Cytosol",Supported
SDCCAG8,Q86SQ7,1,Centrosome,,Enhanced
SDE2,Q6IQ49,1,Nuclear speckles,"Golgi apparatus, Plasma membrane, Cytosol",Supported
SDF2,Q99470,1,Vesicles,,Approved
SDF2L1,Q9HCN8,1,,,
SDF4,Q9BRK5,1,Golgi apparatus,,Supported
SDHA,P31040,1,Mitochondria,Nucleoli,Supported
SDHAF1,A6NFY7,1,Mitochondria,,Supported
SDHAF2,Q9NX18,1,"Mitochondria, Cytosol",Nucleoli,Approved
SDHAF3,Q9NRP4,1,Mitochondria,,Approved
SDHAF4,Q5VUM1,1,Mitochondria,Nucleoplasm,Approved
SDHB,P21912,1,Mitochondria,"Nucleoplasm, Plasma membrane",Supported
SDHC,Q99643,1,,,
SDHD,O14521,1,,,
SDK1,Q7Z5N4,1,Cytosol,,Approved
SDK2,Q58EX2,1,Nucleoplasm,,Approved
SDR16C5,Q8N3Y7,1,,,
SDR39U1,Q9NRG7,1,"Nucleoplasm, Cytosol",,Approved
SDR42E1,Q8WUS8,1,,,
SDR42E2,A6NKP2,1,,,
SDR9C7,Q8NEX9,1,,,
SDS,P20132,1,Cytosol,Mitochondria,Approved
SDSL,Q96GA7,1,Cytosol,,Approved
SEBOX,Q9HB31,1,,,
SEC11A,P67812,1,Nuclear membrane,Golgi apparatus,Approved
SEC11C,Q9BY50,1,Nuclear membrane,Golgi apparatus,Approved
SEC13,P55735,1,"Nucleoplasm, Vesicles",,Supported
SEC14L1,Q92503,1,"Nucleoplasm, Cytosol",,Supported
SEC14L2,O76054,1,Nucleoplasm,Cytosol,Supported
SEC14L3,Q9UDX4,1,,,
SEC14L4,Q9UDX3,1,Centrosome,,Approved
SEC14L5,O43304,1,"Golgi apparatus, Cytosol",,Uncertain
SEC14L6,B5MCN3,1,Nucleoplasm,,Approved
SEC16A,O15027,1,Golgi apparatus,Endoplasmic reticulum,Supported
SEC16B,Q96JE7,1,"Endoplasmic reticulum, Plasma membrane",Actin filaments,Approved
SEC22A,Q96IW7,1,Golgi apparatus,Vesicles,Approved
SEC22B,O75396,1,,,
SEC22C,Q9BRL7,1,Golgi apparatus,Nucleoplasm,Approved
SEC23A,Q15436,1,Vesicles,Golgi apparatus,Approved
SEC23B,Q15437,1,Vesicles,,Supported
SEC23IP,Q9Y6Y8,1,Vesicles,,Enhanced
SEC24A,O95486,1,"Nucleoli fibrillar center, Vesicles",,Approved
SEC24B,O95487,1,"Nucleoplasm, Vesicles",,Approved
SEC24C,P53992,1,Vesicles,,Supported
SEC24D,O94855,1,Vesicles,,Approved
SEC31A,O94979,1,"Vesicles, Cytosol",,Supported
SEC31B,Q9NQW1,1,"Nucleoplasm, Vesicles, Cytosol",,Supported
SEC61A1,P61619,1,Endoplasmic reticulum,,Supported
SEC61A2,Q9H9S3,1,,,
SEC61B,P60468,1,Endoplasmic reticulum,,Supported
SEC61G,P60059,1,,,
SEC62,Q99442,1,Endoplasmic reticulum,Intermediate filaments,Approved
SEC63,Q9UGP8,1,Endoplasmic reticulum,,Supported
SECISBP2,Q96T21,1,Nucleoplasm,,Supported
SECISBP2L,Q93073,1,Nucleoplasm,,Approved
SECTM1,Q8WVN6,1,,,
SEH1L,Q96EE3,1,,,
SEL1L,Q9UBV2,1,,,
SEL1L2,Q5TEA6,1,,,
SEL1L3,Q68CR1,1,Mitochondria,,Uncertain
SELE,P16581,1,,,
SELENBP1,Q13228,1,Nucleoli,,Supported
SELENOF,O60613,1,Nucleoli,Cytosol,Approved
SELENOH,Q8IZQ5,1,"Nucleoplasm, Nucleoli",,Approved
SELENOI,Q9C0D9,1,,,
SELENOK,Q9Y6D0,1,"Nucleoplasm, Cytosol",,Approved
SELENOM,Q8WWX9,1,"Nucleoplasm, Cytosol",,Approved
SELENON,Q9NZV5,1,Cytosol,,Uncertain
SELENOO,Q9BVL4,1,Mitochondria,Mitotic chromosome,Supported
SELENOP,P49908,1,"Nucleoplasm, Golgi apparatus",,Uncertain
SELENOS,Q9BQE4,1,Endoplasmic reticulum,,Enhanced
SELENOT,P62341,1,,,
SELENOV,P59797,1,,,
SELENOW,P63302,1,,,
SELL,P14151,1,Cytosol,,Uncertain
SELP,P16109,1,,,
SELPLG,Q14242,1,Vesicles,,Approved
SEM1,"P60896,Q6ZVN7",2,Cytosol,,Approved
SEMA3A,Q14563,1,Vesicles,,Approved
SEMA3B,Q13214,1,,,
SEMA3C,Q99985,1,"Golgi apparatus, Cytosol",Plasma membrane,Approved
SEMA3D,O95025,1,Vesicles,,Approved
SEMA3E,O15041,1,Vesicles,Nucleoplasm,Approved
SEMA3F,Q13275,1,,,
SEMA3G,Q9NS98,1,,,
SEMA4A,Q9H3S1,1,,,
SEMA4B,Q9NPR2,1,Cell Junctions,"Nucleoplasm, Vesicles",Approved
SEMA4C,Q9C0C4,1,,,
SEMA4D,Q92854,1,,,
SEMA4F,O95754,1,,,
SEMA4G,Q9NTN9,1,"Vesicles, Lipid droplets",,Uncertain
SEMA5A,Q13591,1,,,
SEMA5B,Q9P283,1,Cytosol,,Supported
SEMA6A,Q9H2E6,1,Nucleoplasm,"Nuclear bodies, Intermediate filaments",Approved
SEMA6B,Q9H3T3,1,,,
SEMA6C,Q9H3T2,1,"Nucleoplasm, Plasma membrane","Nucleoli fibrillar center, Cytosol",Approved
SEMA6D,Q8NFY4,1,Plasma membrane,Golgi apparatus,Approved
SEMA7A,O75326,1,Vesicles,,Uncertain
SEMG1,P04279,1,,,
SEMG2,Q02383,1,,,
SENP1,Q9P0U3,1,Nucleoplasm,Focal adhesion sites,Supported
SENP2,Q9HC62,1,Cytosol,,Supported
SENP3,Q9H4L4,1,"Nucleoplasm, Nucleoli",,Supported
SENP5,Q96HI0,1,,,
SENP6,Q9GZR1,1,Nucleoplasm,Cytosol,Supported
SENP7,Q9BQF6,1,Nucleoplasm,"Nuclear bodies, Centrosome, Cytosol",Supported
SENP8,Q96LD8,1,"Nucleoplasm, Vesicles",,Approved
SEPHS1,P49903,1,Nucleoplasm,,Uncertain
SEPHS2,Q99611,1,Nucleoplasm,,Approved
SEPSECS,Q9HD40,1,Vesicles,,Approved
SEPTIN1,Q8WYJ6,1,Actin filaments,,Approved
SEPTIN10,Q9P0V9,1,Actin filaments,,Supported
SEPTIN11,Q9NVA2,1,Cytosol,,Approved
SEPTIN12,Q8IYM1,1,Microtubules,,Uncertain
SEPTIN14,Q6ZU15,1,,,
SEPTIN2,Q15019,1,Actin filaments,"Plasma membrane, Cytokinetic bridge",Supported
SEPTIN3,Q9UH03,1,"Nucleoplasm, Plasma membrane",Actin filaments,Approved
SEPTIN4,"O43236,Q8NEP4",2,Nucleoplasm,,Supported
SEPTIN5,Q99719,1,"Nucleoplasm, Actin filaments, Cytosol",,Approved
SEPTIN6,Q14141,1,Cytosol,,Supported
SEPTIN7,Q16181,1,"Actin filaments, Cytosol","Plasma membrane, Midbody",Supported
SEPTIN8,Q92599,1,Cytosol,Actin filaments,Approved
SEPTIN9,Q9UHD8,1,Actin filaments,,Enhanced
SERAC1,Q96JX3,1,,,
SERBP1,Q8NC51,1,Cytosol,,Enhanced
SERF1A,O75920,1,Nuclear bodies,,Uncertain
SERF1B,O75920,1,Nuclear bodies,,Approved
SERF2,P84101,1,Nucleoplasm,Nucleoli,Uncertain
SERGEF,Q9UGK8,1,Nucleoplasm,Cytosol,Enhanced
SERHL2,Q9H4I8,1,,,
SERINC1,Q9NRX5,1,Cytosol,,Approved
SERINC2,Q96SA4,1,Plasma membrane,Nucleoplasm,Approved
SERINC3,Q13530,1,,,
SERINC4,A6NH21,1,,,
SERINC5,Q86VE9,1,"Plasma membrane, Cytosol","Vesicles, Centrosome",Supported
SERP1,Q9Y6X1,1,Endoplasmic reticulum,,Approved
SERP2,Q8N6R1,1,Endoplasmic reticulum,,Approved
SERPINA1,P01009,1,Vesicles,,Enhanced
SERPINA10,Q9UK55,1,Nucleoplasm,Cytosol,Approved
SERPINA11,Q86U17,1,,,
SERPINA12,Q8IW75,1,,,
SERPINA3,P01011,1,,,
SERPINA4,P29622,1,Vesicles,,Uncertain
SERPINA5,P05154,1,,,
SERPINA6,P08185,1,,,
SERPINA7,P05543,1,,,
SERPINA9,Q86WD7,1,,,
SERPINB1,P30740,1,Cytoplasmic bodies,,Supported
SERPINB10,P48595,1,Nucleoplasm,Cytosol,Supported
SERPINB11,Q96P15,1,,,
SERPINB12,Q96P63,1,,,
SERPINB13,Q9UIV8,1,"Nuclear speckles, Cytosol",,Approved
SERPINB2,P05120,1,,,
SERPINB3,P29508,1,Cytosol,Plasma membrane,Supported
SERPINB4,P48594,1,Cytosol,Plasma membrane,Supported
SERPINB5,P36952,1,Vesicles,,Supported
SERPINB6,P35237,1,Centrosome,,Approved
SERPINB7,O75635,1,Endoplasmic reticulum,Mitochondria,Approved
SERPINB8,P50452,1,Nucleoplasm,Cytosol,Approved
SERPINB9,P50453,1,Nucleoplasm,Cytosol,Approved
SERPINC1,P01008,1,,,
SERPIND1,P05546,1,Vesicles,,Approved
SERPINE1,P05121,1,,,
SERPINE2,P07093,1,Golgi apparatus,,Approved
SERPINE3,A8MV23,1,,,
SERPINF1,P36955,1,,,
SERPINF2,P08697,1,Golgi apparatus,,Approved
SERPING1,P05155,1,,,
SERPINH1,P50454,1,Endoplasmic reticulum,,Supported
SERPINI1,Q99574,1,Cytosol,,Uncertain
SERPINI2,O75830,1,,,
SERTAD1,Q9UHV2,1,Golgi apparatus,Nucleoplasm,Approved
SERTAD2,Q14140,1,Nucleoplasm,Cytosol,Supported
SERTAD3,Q9UJW9,1,Nucleoli,,Approved
SERTAD4,Q9NUC0,1,Nucleoplasm,,Supported
SERTM1,A2A2V5,1,Vesicles,,Enhanced
SERTM2,A0A1B0GWG4,1,,,
SESN1,Q9Y6P5,1,Nucleoli fibrillar center,Nucleoplasm,Supported
SESN2,P58004,1,Cytosol,,Approved
SESN3,P58005,1,Nucleoplasm,Cytosol,Approved
SESTD1,Q86VW0,1,Intermediate filaments,,Enhanced
SET,Q01105,1,Nucleoplasm,Lipid droplets,Enhanced
SETBP1,Q9Y6X0,1,Nucleoplasm,"Nuclear bodies, Cytosol",Supported
SETD1A,O15047,1,Nuclear speckles,,Supported
SETD1B,Q9UPS6,1,Nucleoplasm,,Supported
SETD2,Q9BYW2,1,Nuclear speckles,Cytosol,Approved
SETD3,Q86TU7,1,Mitochondria,,Approved
SETD4,Q9NVD3,1,Nuclear speckles,,Approved
SETD5,Q9C0A6,1,Nucleoplasm,,Enhanced
SETD6,Q8TBK2,1,Nucleoplasm,Cytosol,Supported
SETD7,Q8WTS6,1,"Nucleoli, Nucleoli rim",Mitotic chromosome,Enhanced
SETD9,Q8NE22,1,Nucleoplasm,,Approved
SETDB1,Q15047,1,Nucleoplasm,Vesicles,Supported
SETDB2,Q96T68,1,Nucleoplasm,,Approved
SETMAR,Q53H47,1,Nucleoli,,Supported
SETSIP,P0DME0,1,Nucleoplasm,Lipid droplets,Supported
SETX,Q7Z333,1,Nucleoplasm,Cytokinetic bridge,Supported
SEZ6,Q53EL9,1,,,
SEZ6L,Q9BYH1,1,Vesicles,,Approved
SEZ6L2,Q6UXD5,1,,,
SF1,Q15637,1,Nucleoplasm,,Supported
SF3A1,Q15459,1,"Nucleoplasm, Nuclear speckles",,Enhanced
SF3A2,Q15428,1,Nucleoplasm,,Approved
SF3A3,Q12874,1,Nuclear speckles,Nucleoplasm,Supported
SF3B1,O75533,1,Nuclear speckles,,Enhanced
SF3B2,Q13435,1,Nuclear speckles,,Enhanced
SF3B3,Q15393,1,"Nucleoplasm, Nucleoli, Nucleoli rim",,Supported
SF3B4,Q15427,1,Nuclear speckles,,Approved
SF3B5,Q9BWJ5,1,Nucleoplasm,,Enhanced
SF3B6,Q9Y3B4,1,Nucleoplasm,,Supported
SFI1,A8K8P3,1,,,
SFMBT1,Q9UHJ3,1,Nucleoplasm,,Enhanced
SFMBT2,Q5VUG0,1,"Nucleoplasm, Nuclear speckles",,Supported
SFN,P31947,1,Cytosol,,Supported
SFPQ,P23246,1,Nucleoplasm,,Enhanced
SFR1,Q86XK3,1,Nucleoli rim,"Nucleoplasm, Centrosome",Supported
SFRP1,Q8N474,1,,,
SFRP2,Q96HF1,1,Intermediate filaments,,Approved
SFRP4,Q6FHJ7,1,,,
SFRP5,Q5T4F7,1,,,
SFSWAP,Q12872,1,Nucleoplasm,"Plasma membrane, Cytosol",Approved
SFT2D1,Q8WV19,1,Nuclear bodies,"Nucleoplasm, Cytosol",Approved
SFT2D2,O95562,1,,,
SFT2D3,Q587I9,1,,,
SFTA2,Q6UW10,1,,,
SFTPA1,Q8IWL2,1,,,
SFTPA2,Q8IWL1,1,,,
SFTPB,P07988,1,,,
SFTPC,P11686,1,,,
SFTPD,P35247,1,,,
SFXN1,Q9H9B4,1,Mitochondria,,Enhanced
SFXN2,Q96NB2,1,Mitochondria,,Approved
SFXN3,Q9BWM7,1,Mitochondria,,Enhanced
SFXN4,Q6P4A7,1,"Nucleoplasm, Mitochondria",Vesicles,Approved
SFXN5,Q8TD22,1,"Nucleoplasm, Mitochondria",,Approved
SGCA,Q16586,1,,,
SGCB,Q16585,1,Cytosol,,Approved
SGCD,Q92629,1,,,
SGCE,O43556,1,"Vesicles, Plasma membrane","Nucleoplasm, Golgi apparatus",Approved
SGCG,Q13326,1,,,
SGCZ,Q96LD1,1,,,
SGF29,Q96ES7,1,Nucleoli,Nucleoplasm,Approved
SGIP1,Q9BQI5,1,Mitochondria,,Approved
SGK1,O00141,1,Nuclear speckles,,Enhanced
SGK2,Q9HBY8,1,Nucleoplasm,,Supported
SGK3,Q96BR1,1,Vesicles,Nucleoplasm,Approved
SGMS1,Q86VZ5,1,Nucleoplasm,"Nucleoli fibrillar center, Golgi apparatus, Cytosol",Approved
SGMS2,Q8NHU3,1,Golgi apparatus,Nucleoplasm,Supported
SGO1,Q5FBB7,1,Nucleoplasm,"Kinetochore, Cytosol",Approved
SGO2,Q562F6,1,Nucleoplasm,Nuclear bodies,Enhanced
SGPL1,O95470,1,Endoplasmic reticulum,,Supported
SGPP1,Q9BX95,1,Nucleoplasm,,Supported
SGPP2,Q8IWX5,1,,,
SGSH,P51688,1,,,
SGSM1,Q2NKQ1,1,,,
SGSM2,O43147,1,"Nucleoplasm, Cytosol",,Approved
SGSM3,Q96HU1,1,Golgi apparatus,,Supported
SGTA,O43765,1,Nucleoplasm,,Approved
SGTB,Q96EQ0,1,Nucleoplasm,,Uncertain
SH2B1,Q9NRF2,1,Nucleoplasm,"Centriolar satellite, Cytosol",Approved
SH2B2,,0,Cytosol,,Approved
SH2B3,Q9UQQ2,1,Nucleoplasm,,Approved
SH2D1A,O60880,1,Cytosol,,Approved
SH2D1B,O14796,1,,,
SH2D2A,Q9NP31,1,,,
SH2D3A,Q9BRG2,1,Microtubules,"Nucleoplasm, Cytokinetic bridge",Approved
SH2D3C,Q8N5H7,1,Cytosol,,Supported
SH2D4A,Q9H788,1,Cytosol,,Enhanced
SH2D4B,Q5SQS7,1,,,
SH2D5,Q6ZV89,1,Cytosol,,Approved
SH2D6,,0,,,
SH2D7,A6NKC9,1,Nucleoli,"Nucleoplasm, Cytosol",Approved
SH3BGR,P55822,1,"Plasma membrane, Cytosol",,Approved
SH3BGRL,O75368,1,Cytosol,,Approved
SH3BGRL2,Q9UJC5,1,Nucleoplasm,,Supported
SH3BGRL3,Q9H299,1,Nuclear bodies,,Approved
SH3BP1,Q9Y3L3,1,Cytosol,,Supported
SH3BP2,P78314,1,Golgi apparatus,,Approved
SH3BP4,Q9P0V3,1,,,
SH3BP5,O60239,1,"Nucleoplasm, Nuclear bodies",,Enhanced
SH3BP5L,Q7L8J4,1,"Nucleoplasm, Golgi apparatus, Vesicles",,Approved
SH3D19,Q5HYK7,1,"Nucleoplasm, Cytosol",,Supported
SH3D21,A4FU49,1,"Nucleoplasm, Plasma membrane",,Approved
SH3GL1,Q99961,1,Cytosol,,Enhanced
SH3GL2,Q99962,1,Microtubules,"Cytokinetic bridge, Mitotic spindle",Approved
SH3GL3,Q99963,1,Mitochondria,,Approved
SH3GLB1,Q9Y371,1,Cytosol,,Supported
SH3GLB2,Q9NR46,1,Cytosol,Nucleoplasm,Supported
SH3KBP1,Q96B97,1,Cytosol,,Supported
SH3PXD2A,Q5TCZ1,1,,,
SH3PXD2B,A1X283,1,Nucleoplasm,Nucleoli fibrillar center,Approved
SH3RF1,Q7Z6J0,1,Vesicles,Intermediate filaments,Supported
SH3RF2,Q8TEC5,1,Nucleoplasm,,Enhanced
SH3RF3,Q8TEJ3,1,Nucleoplasm,,Supported
SH3TC1,Q8TE82,1,"Nucleoli, Nucleoli rim","Nucleoplasm, Cytosol",Approved
SH3TC2,Q8TF17,1,"Nucleoplasm, Cytosol",,Approved
SH3YL1,Q96HL8,1,Nucleoplasm,,Approved
SHANK1,Q9Y566,1,Plasma membrane,,Supported
SHANK2,Q9UPX8,1,"Nuclear speckles, Vesicles","Nucleoplasm, Plasma membrane",Approved
SHANK3,,0,"Nucleoplasm, Plasma membrane",,Approved
SHARPIN,Q9H0F6,1,Plasma membrane,"Golgi apparatus, Cytosol",Approved
SHB,Q15464,1,Cytosol,"Nucleoplasm, Cytoplasmic bodies",Supported
SHBG,P04278,1,,,
SHC1,P29353,1,Cytosol,,Enhanced
SHC2,P98077,1,Cytosol,,Approved
SHC3,Q92529,1,Nucleoplasm,,Supported
SHC4,Q6S5L8,1,Cytosol,,Approved
SHCBP1,Q8NEM2,1,Nuclear bodies,"Microtubules, Midbody, Mitotic spindle",Approved
SHCBP1L,Q9BZQ2,1,,,
SHD,Q96IW2,1,"Centriolar satellite, Cytosol",,Uncertain
SHE,Q5VZ18,1,Nucleoplasm,Cytosol,Approved
SHF,Q7M4L6,1,Nucleoplasm,,Approved
SHFL,Q9NUL5,1,Nucleoplasm,Cytosol,Supported
SHH,Q15465,1,,,
SHISA2,Q6UWI4,1,Nucleoplasm,"Nuclear bodies, Vesicles",Approved
SHISA3,A0PJX4,1,Cytosol,Lipid droplets,Approved
SHISA4,Q96DD7,1,,,
SHISA5,Q8N114,1,,,
SHISA6,Q6ZSJ9,1,"Nucleoplasm, Plasma membrane",,Approved
SHISA7,A6NL88,1,Cytosol,,Approved
SHISA8,B8ZZ34,1,,,
SHISA9,B4DS77,1,"Vesicles, Cytosol",,Approved
SHISAL1,Q3SXP7,1,"Vesicles, Cytosol",,Approved
SHISAL2A,Q6UWV7,1,,,
SHISAL2B,A6NKW6,1,,,
SHKBP1,Q8TBC3,1,Cell Junctions,,Approved
SHLD1,Q8IYI0,1,"Endoplasmic reticulum, Golgi apparatus, Vesicles",,Approved
SHLD2,Q86V20,1,Nucleoplasm,Actin filaments,Supported
SHLD3,Q6ZNX1,1,Nucleoplasm,Nucleoli,Supported
SHMT1,P34896,1,Cytosol,Nucleoplasm,Supported
SHMT2,P34897,1,Mitochondria,Microtubules,Supported
SHOC1,Q5VXU9,1,"Vesicles, Cytosol",,Approved
SHOC2,Q9UQ13,1,"Nucleoplasm, Cytosol",,Approved
SHOX,O15266,1,Nucleoplasm,Vesicles,Enhanced
SHOX2,O60902,1,,,
SHPK,Q9UHJ6,1,"Nucleoplasm, Nuclear speckles",,Approved
SHPRH,Q149N8,1,"Nucleoplasm, Nuclear membrane",Cytosol,Approved
SHQ1,Q6PI26,1,Nucleoplasm,,Supported
SHROOM1,Q2M3G4,1,Vesicles,,Approved
SHROOM2,Q13796,1,"Plasma membrane, Cell Junctions",Cytosol,Approved
SHROOM3,Q8TF72,1,,,
SHROOM4,Q9ULL8,1,Focal adhesion sites,"Nucleoplasm, Vesicles",Approved
SHTN1,A0MZ66,1,"Plasma membrane, Cytosol",,Approved
SI,P14410,1,,,
SIAE,Q9HAT2,1,,,
SIAH1,Q8IUQ4,1,Mitochondria,Nucleoplasm,Uncertain
SIAH2,O43255,1,Nucleoplasm,Vesicles,Supported
SIAH3,Q8IW03,1,Mitochondria,Nucleoplasm,Supported
SIDT1,Q9NXL6,1,,,
SIDT2,Q8NBJ9,1,,,
SIGIRR,Q6IA17,1,"Nucleoli fibrillar center, Cytosol",,Approved
SIGLEC1,Q9BZZ2,1,,,
SIGLEC10,Q96LC7,1,Cytosol,"Plasma membrane, Actin filaments",Supported
SIGLEC11,Q96RL6,1,Golgi apparatus,Nucleoplasm,Uncertain
SIGLEC12,Q96PQ1,1,,,
SIGLEC14,Q08ET2,1,Vesicles,Plasma membrane,Uncertain
SIGLEC15,Q6ZMC9,1,"Nucleoplasm, Golgi apparatus",,Approved
SIGLEC5,O15389,1,,,
SIGLEC6,O43699,1,"Plasma membrane, Cytosol",,Approved
SIGLEC7,Q9Y286,1,Plasma membrane,Vesicles,Approved
SIGLEC8,Q9NYZ4,1,Cytosol,,Uncertain
SIGLEC9,Q9Y336,1,,,
SIGLECL1,Q8N7X8,1,,,
SIGMAR1,Q99720,1,,,
SIK1,P57059,1,Nucleoplasm,Vesicles,Approved
SIK1B,A0A0B4J2F2,1,Nucleoplasm,Vesicles,Approved
SIK2,Q9H0K1,1,"Nucleoplasm, Vesicles","Nuclear speckles, Intermediate filaments, Cytosol",Approved
SIK3,Q9Y2K2,1,,,
SIKE1,Q9BRV8,1,Focal adhesion sites,Vesicles,Approved
SIL1,Q9H173,1,,,
SIM1,P81133,1,Nuclear speckles,,Approved
SIM2,Q14190,1,"Nucleoplasm, Nuclear bodies",,Supported
SIMC1,Q8NDZ2,1,Nucleoplasm,Nucleoli fibrillar center,Supported
SIN3A,Q96ST3,1,Nucleoplasm,,Supported
SIN3B,O75182,1,Nucleoplasm,Plasma membrane,Approved
SINHCAF,Q9NP50,1,Nucleoplasm,Cytosol,Approved
SIPA1,Q96FS4,1,Nucleoli,"Nucleoplasm, Golgi apparatus, Plasma membrane",Approved
SIPA1L1,O43166,1,Plasma membrane,Actin filaments,Enhanced
SIPA1L2,Q9P2F8,1,"Nucleoplasm, Nuclear membrane, Nuclear bodies",Golgi apparatus,Approved
SIPA1L3,O60292,1,Plasma membrane,"Nucleoplasm, Golgi apparatus",Supported
SIRPA,P78324,1,,,
SIRPB1,"O00241,Q5TFQ8",2,Vesicles,Centrosome,Uncertain
SIRPB2,Q5JXA9,1,Nuclear bodies,,Approved
SIRPD,Q9H106,1,,,
SIRPG,Q9P1W8,1,,,
SIRT1,Q96EB6,1,Nucleoplasm,"Nucleoli fibrillar center, Mitochondria, Cytosol",Supported
SIRT2,Q8IXJ6,1,"Nucleoli, Cytosol",Nucleoplasm,Supported
SIRT3,Q9NTG7,1,,,
SIRT4,Q9Y6E7,1,,,
SIRT5,Q9NXA8,1,Mitochondria,,Supported
SIRT6,Q8N6T7,1,Nucleoplasm,Vesicles,Supported
SIRT7,Q9NRC8,1,Nucleoplasm,Nuclear speckles,Supported
SIT1,Q9Y3P8,1,,,
SIVA1,O15304,1,Nucleoplasm,,Supported
SIX1,Q15475,1,Nucleoplasm,Nucleoli,Supported
SIX2,Q9NPC8,1,Nucleoplasm,Nuclear membrane,Supported
SIX3,O95343,1,Nucleoplasm,,Approved
SIX4,Q9UIU6,1,Nucleoplasm,,Approved
SIX5,Q8N196,1,"Nucleoplasm, Golgi apparatus, Vesicles, Cytosol",,Supported
SIX6,O95475,1,Nucleoplasm,,Approved
SKA1,Q96BD8,1,Microtubules,"Cytokinetic bridge, Centriolar satellite",Supported
SKA2,Q8WVK7,1,,,
SKA3,Q8IX90,1,"Mitotic spindle, Centrosome",Cytosol,Supported
SKAP1,Q86WV1,1,"Nucleoplasm, Plasma membrane",Cytosol,Approved
SKAP2,O75563,1,Nucleoplasm,Cytosol,Supported
SKI,P12755,1,Nucleoplasm,Nuclear bodies,Supported
SKIDA1,Q1XH10,1,Nuclear bodies,"Nucleoplasm, Cytosol",Approved
SKIL,P12757,1,Nucleoplasm,Cytosol,Supported
SKIV2L,Q15477,1,"Nucleoplasm, Nuclear bodies","Mitotic spindle, Cytosol",Approved
SKOR1,P84550,1,,,
SKOR2,Q2VWA4,1,,,
SKP1,P63208,1,Nucleoplasm,Cytosol,Approved
SKP2,Q13309,1,"Nucleoplasm, Cytosol",,Supported
SLA,Q13239,1,"Nuclear membrane, Cytosol",,Approved
SLA2,Q9H6Q3,1,"Nucleoplasm, Golgi apparatus, Vesicles",,Approved
SLAIN1,Q8ND83,1,,,
SLAIN2,Q9P270,1,Centrosome,Cytosol,Enhanced
SLAMF1,Q13291,1,,,
SLAMF6,Q96DU3,1,"Plasma membrane, Cytosol",,Approved
SLAMF7,Q9NQ25,1,Vesicles,,Approved
SLAMF8,Q9P0V8,1,,,
SLAMF9,Q96A28,1,,,
SLBP,Q14493,1,"Nucleoplasm, Nucleoli",Cytosol,Supported
SLC10A1,Q14973,1,,,
SLC10A2,Q12908,1,,,
SLC10A3,P09131,1,Intermediate filaments,,Approved
SLC10A4,Q96EP9,1,,,
SLC10A5,Q5PT55,1,Plasma membrane,,Approved
SLC10A6,Q3KNW5,1,,,
SLC10A7,Q0GE19,1,,,
SLC11A1,P49279,1,Mitochondria,Nucleoli,Approved
SLC11A2,P49281,1,Mitochondria,,Supported
SLC12A1,Q13621,1,Vesicles,Nucleoplasm,Approved
SLC12A2,P55011,1,"Vesicles, Plasma membrane",,Approved
SLC12A3,P55017,1,,,
SLC12A4,Q9UP95,1,Endosomes,,Approved
SLC12A5,Q9H2X9,1,,,
SLC12A6,Q9UHW9,1,"Vesicles, Cytosol",,Approved
SLC12A7,Q9Y666,1,Cytosol,,Uncertain
SLC12A8,A0AV02,1,Nucleoplasm,,Approved
SLC12A9,Q9BXP2,1,,,
SLC13A1,Q9BZW2,1,,,
SLC13A2,Q13183,1,,,
SLC13A3,Q8WWT9,1,Plasma membrane,,Supported
SLC13A4,Q9UKG4,1,,,
SLC13A5,Q86YT5,1,"Nucleoplasm, Plasma membrane",,Approved
SLC14A1,Q13336,1,Plasma membrane,,Supported
SLC14A2,Q15849,1,,,
SLC15A1,P46059,1,"Nucleoplasm, Cytosol",,Approved
SLC15A2,Q16348,1,,,
SLC15A3,Q8IY34,1,Vesicles,,Supported
SLC15A4,Q8N697,1,,,
SLC15A5,A6NIM6,1,,,
SLC16A1,P53985,1,"Plasma membrane, Cell Junctions",,Enhanced
SLC16A10,Q8TF71,1,"Vesicles, Cell Junctions",,Supported
SLC16A11,Q8NCK7,1,,,
SLC16A12,Q6ZSM3,1,,,
SLC16A13,Q7RTY0,1,Golgi apparatus,Cytosol,Supported
SLC16A14,Q7RTX9,1,Endoplasmic reticulum,,Approved
SLC16A2,P36021,1,Plasma membrane,,Approved
SLC16A3,O15427,1,Plasma membrane,Nuclear membrane,Supported
SLC16A4,O15374,1,"Microtubules, Cytosol",Cytokinetic bridge,Approved
SLC16A5,O15375,1,,,
SLC16A6,O15403,1,Vesicles,,Approved
SLC16A7,O60669,1,Plasma membrane,Nucleoplasm,Supported
SLC16A8,O95907,1,Focal adhesion sites,Intermediate filaments,Approved
SLC16A9,Q7RTY1,1,Nucleoplasm,Cell Junctions,Approved
SLC17A1,Q14916,1,Golgi apparatus,,Uncertain
SLC17A2,O00624,1,,,
SLC17A3,O00476,1,,,
SLC17A4,Q9Y2C5,1,,,
SLC17A5,Q9NRA2,1,"Plasma membrane, Cytosol",,Supported
SLC17A6,Q9P2U8,1,,,
SLC17A7,Q9P2U7,1,,,
SLC17A8,Q8NDX2,1,Endoplasmic reticulum,,Approved
SLC17A9,Q9BYT1,1,Nucleoplasm,,Approved
SLC18A1,P54219,1,,,
SLC18A2,Q05940,1,"Vesicles, Centrosome",,Approved
SLC18A3,Q16572,1,,,
SLC18B1,Q6NT16,1,Golgi apparatus,Cytosol,Approved
SLC19A1,P41440,1,Plasma membrane,,Approved
SLC19A2,O60779,1,Cytosol,,Approved
SLC19A3,Q9BZV2,1,Nucleoplasm,"Plasma membrane, Cytosol",Approved
SLC1A1,P43005,1,,,
SLC1A2,P43004,1,,,
SLC1A3,P43003,1,"Nucleoli, Vesicles",,Approved
SLC1A4,P43007,1,Centrosome,,Enhanced
SLC1A5,Q15758,1,Plasma membrane,,Enhanced
SLC1A6,P48664,1,Plasma membrane,Intermediate filaments,Supported
SLC1A7,O00341,1,,,
SLC20A1,Q8WUM9,1,Plasma membrane,,Supported
SLC20A2,Q08357,1,,,
SLC22A1,O15245,1,,,
SLC22A10,Q63ZE4,1,,,
SLC22A11,Q9NSA0,1,,,
SLC22A12,Q96S37,1,,,
SLC22A13,Q9Y226,1,,,
SLC22A14,Q9Y267,1,,,
SLC22A15,Q8IZD6,1,,,
SLC22A16,Q86VW1,1,"Plasma membrane, Cytosol",,Approved
SLC22A17,Q8WUG5,1,,,
SLC22A18,Q96BI1,1,,,
SLC22A18AS,Q8N1D0,1,Nucleoplasm,,Approved
SLC22A2,O15244,1,,,
SLC22A23,A1A5C7,1,"Nucleoplasm, Vesicles",Cytosol,Approved
SLC22A24,Q8N4F4,1,,,
SLC22A25,Q6T423,1,,,
SLC22A3,O75751,1,Vesicles,Cytosol,Approved
SLC22A31,A6NKX4,1,,,
SLC22A4,Q9H015,1,Mitochondria,,Approved
SLC22A5,O76082,1,Mitochondria,,Approved
SLC22A6,Q4U2R8,1,,,
SLC22A7,Q9Y694,1,,,
SLC22A8,Q8TCC7,1,,,
SLC22A9,Q8IVM8,1,,,
SLC23A1,Q9UHI7,1,,,
SLC23A2,Q9UGH3,1,Vesicles,Golgi apparatus,Uncertain
SLC23A3,Q6PIS1,1,Nucleoplasm,Cell Junctions,Approved
SLC24A1,O60721,1,Microtubules,,Approved
SLC24A2,Q9UI40,1,Plasma membrane,,Supported
SLC24A3,Q9HC58,1,Golgi apparatus,Cytosol,Approved
SLC24A4,Q8NFF2,1,Plasma membrane,,Approved
SLC24A5,Q71RS6,1,,,
SLC25A1,P53007,1,,,
SLC25A10,Q9UBX3,1,Mitochondria,Nucleoplasm,Supported
SLC25A11,Q02978,1,,,
SLC25A12,O75746,1,Nuclear speckles,Cytosol,Uncertain
SLC25A13,Q9UJS0,1,Mitochondria,,Supported
SLC25A14,O95258,1,Mitochondria,,Approved
SLC25A15,Q9Y619,1,,,
SLC25A16,P16260,1,Mitochondria,,Approved
SLC25A17,O43808,1,Peroxisomes,,Supported
SLC25A18,Q9H1K4,1,Mitochondria,Nucleoplasm,Approved
SLC25A19,Q9HC21,1,Mitochondria,,Supported
SLC25A2,Q9BXI2,1,,,
SLC25A20,O43772,1,"Mitochondria, Cytosol",,Approved
SLC25A21,Q9BQT8,1,,,
SLC25A22,Q9H936,1,Mitochondria,Nucleoplasm,Uncertain
SLC25A23,Q9BV35,1,Mitochondria,,Supported
SLC25A24,Q6NUK1,1,Mitochondria,,Enhanced
SLC25A25,Q6KCM7,1,"Vesicles, Mitochondria",,Supported
SLC25A26,Q70HW3,1,Mitochondria,,Supported
SLC25A27,O95847,1,Mitochondria,,Supported
SLC25A28,Q96A46,1,,,
SLC25A29,Q8N8R3,1,,,
SLC25A3,Q00325,1,Mitochondria,,Supported
SLC25A30,Q5SVS4,1,Nucleoplasm,,Approved
SLC25A31,Q9H0C2,1,Mitochondria,,Enhanced
SLC25A32,Q9H2D1,1,Mitochondria,Nucleoplasm,Approved
SLC25A33,Q9BSK2,1,,,
SLC25A34,Q6PIV7,1,Mitochondria,,Approved
SLC25A35,Q3KQZ1,1,,"Vesicles, Mitochondria",Approved
SLC25A36,Q96CQ1,1,"Mitochondria, Cytosol",Nucleoplasm,Approved
SLC25A37,Q9NYZ2,1,Mitochondria,Cytosol,Approved
SLC25A38,Q96DW6,1,,,
SLC25A39,Q9BZJ4,1,,,
SLC25A4,P12235,1,Mitochondria,,Supported
SLC25A40,Q8TBP6,1,,,
SLC25A41,Q8N5S1,1,,,
SLC25A42,Q86VD7,1,Mitochondria,,Supported
SLC25A43,Q8WUT9,1,Cytosol,,Approved
SLC25A44,Q96H78,1,Mitochondria,Nucleoplasm,Approved
SLC25A45,Q8N413,1,Cytosol,,Approved
SLC25A46,Q96AG3,1,Mitochondria,,Supported
SLC25A47,Q6Q0C1,1,,,
SLC25A48,Q6ZT89,1,Intermediate filaments,Actin filaments,Approved
SLC25A5,P05141,1,Mitochondria,,Supported
SLC25A51,Q9H1U9,1,Mitochondria,,Approved
SLC25A52,Q3SY17,1,Mitochondria,,Approved
SLC25A53,Q5H9E4,1,,,
SLC25A6,P12236,1,Mitochondria,,Supported
SLC26A1,Q9H2B4,1,Microtubules,,Approved
SLC26A11,Q86WA9,1,"Golgi apparatus, Vesicles",Nucleoplasm,Supported
SLC26A2,P50443,1,Vesicles,,Approved
SLC26A3,P40879,1,,,
SLC26A4,O43511,1,,,
SLC26A5,P58743,1,,,
SLC26A6,Q9BXS9,1,Plasma membrane,Cytosol,Supported
SLC26A7,Q8TE54,1,,,
SLC26A8,Q96RN1,1,,,
SLC26A9,Q7LBE3,1,Cell Junctions,,Approved
SLC27A1,Q6PCB7,1,Plasma membrane,"Mitochondria, Cytosol",Approved
SLC27A2,O14975,1,,,
SLC27A3,Q5K4L6,1,Endoplasmic reticulum,,Enhanced
SLC27A4,Q6P1M0,1,Vesicles,,Approved
SLC27A5,Q9Y2P5,1,,,
SLC27A6,Q9Y2P4,1,Nuclear bodies,,Approved
SLC28A1,O00337,1,Plasma membrane,"Nuclear speckles, Cytosol",Approved
SLC28A2,O43868,1,Vesicles,Golgi apparatus,Approved
SLC28A3,Q9HAS3,1,,,
SLC29A1,Q99808,1,,,
SLC29A2,Q14542,1,,,
SLC29A3,Q9BZD2,1,"Golgi apparatus, Vesicles",,Enhanced
SLC29A4,Q7RTT9,1,"Microtubules, Cytokinetic bridge",,Approved
SLC2A1,P11166,1,Plasma membrane,,Enhanced
SLC2A10,O95528,1,Cytosol,,Supported
SLC2A11,Q9BYW1,1,Cell Junctions,Nucleoplasm,Uncertain
SLC2A12,Q8TD20,1,Plasma membrane,Cell Junctions,Supported
SLC2A13,Q96QE2,1,Nuclear membrane,,Approved
SLC2A14,Q8TDB8,1,Plasma membrane,,Supported
SLC2A2,P11168,1,Plasma membrane,,Supported
SLC2A3,P11169,1,Plasma membrane,,Supported
SLC2A4,P14672,1,,,
SLC2A4RG,Q9NR83,1,Nuclear speckles,,Approved
SLC2A5,P22732,1,Plasma membrane,,Enhanced
SLC2A6,Q9UGQ3,1,,,
SLC2A7,Q6PXP3,1,,,
SLC2A8,Q9NY64,1,Vesicles,,Approved
SLC2A9,Q9NRM0,1,,,
SLC30A1,Q9Y6M5,1,Plasma membrane,Vesicles,Supported
SLC30A10,Q6XR72,1,,,
SLC30A2,Q9BRI3,1,Vesicles,,Approved
SLC30A3,Q99726,1,Vesicles,"Nucleoplasm, Nucleoli, Cytosol",Approved
SLC30A4,O14863,1,,,
SLC30A5,Q8TAD4,1,Golgi apparatus,Nucleoplasm,Supported
SLC30A6,Q6NXT4,1,Golgi apparatus,,Enhanced
SLC30A7,Q8NEW0,1,Golgi apparatus,,Supported
SLC30A8,Q8IWU4,1,,,
SLC30A9,Q6PML9,1,,,
SLC31A1,O15431,1,,,
SLC31A2,O15432,1,Plasma membrane,"Nuclear speckles, Intermediate filaments",Approved
SLC32A1,Q9H598,1,Cytosol,,Uncertain
SLC33A1,O00400,1,"Vesicles, Cytosol",,Approved
SLC34A1,Q06495,1,"Nuclear speckles, Plasma membrane","Nucleoplasm, Mitotic spindle, Cytosol",Approved
SLC34A2,O95436,1,Plasma membrane,"Nucleoplasm, Cytosol",Supported
SLC34A3,Q8N130,1,,,
SLC35A1,P78382,1,,,
SLC35A2,P78381,1,Golgi apparatus,,Supported
SLC35A3,Q9Y2D2,1,,,
SLC35A4,"L0R6Q1,Q96G79",2,Nucleoplasm,Cytosol,Approved
SLC35A5,Q9BS91,1,Golgi apparatus,,Approved
SLC35B1,P78383,1,"Endoplasmic reticulum, Vesicles",Nucleoplasm,Approved
SLC35B2,Q8TB61,1,Vesicles,,Approved
SLC35B3,Q9H1N7,1,,,
SLC35B4,Q969S0,1,,,
SLC35C1,Q96A29,1,Golgi apparatus,,Supported
SLC35C2,Q9NQQ7,1,Golgi apparatus,Nucleoplasm,Supported
SLC35D1,Q9NTN3,1,,,
SLC35D2,Q76EJ3,1,Golgi apparatus,,Supported
SLC35D3,Q5M8T2,1,Centriolar satellite,,Approved
SLC35E1,Q96K37,1,Golgi apparatus,,Enhanced
SLC35E2B,P0CK96,1,Nucleoplasm,,Uncertain
SLC35E3,Q7Z769,1,,,
SLC35E4,Q6ICL7,1,Cytosol,,Approved
SLC35F1,Q5T1Q4,1,Nucleoplasm,"Centriolar satellite, Cytosol",Approved
SLC35F2,Q8IXU6,1,Golgi apparatus,,Approved
SLC35F3,Q8IY50,1,Golgi apparatus,Nucleoli,Approved
SLC35F4,A4IF30,1,,,
SLC35F5,Q8WV83,1,Plasma membrane,,Uncertain
SLC35F6,Q8N357,1,Vesicles,"Nucleoplasm, Cytosol",Approved
SLC35G1,Q2M3R5,1,,,
SLC35G2,Q8TBE7,1,Plasma membrane,,Supported
SLC35G3,Q8N808,1,,,
SLC35G4,P0C7Q5,1,,,
SLC35G5,Q96KT7,1,,,
SLC35G6,P0C7Q6,1,,,
SLC36A1,Q7Z2H8,1,,,
SLC36A2,Q495M3,1,,,
SLC36A3,Q495N2,1,,,
SLC36A4,Q6YBV0,1,"Golgi apparatus, Plasma membrane, Cytosol",,Approved
SLC37A1,P57057,1,,,
SLC37A2,Q8TED4,1,,,
SLC37A3,Q8NCC5,1,,,
SLC37A4,,0,Mitochondria,,Approved
SLC38A1,Q9H2H9,1,,,
SLC38A10,Q9HBR0,1,Golgi apparatus,,Enhanced
SLC38A11,Q08AI6,1,,,
SLC38A2,Q96QD8,1,Plasma membrane,,Supported
SLC38A3,Q99624,1,Cytosol,Microtubules,Approved
SLC38A4,Q969I6,1,,,
SLC38A5,Q8WUX1,1,"Vesicles, Plasma membrane",Cytosol,Approved
SLC38A6,Q8IZM9,1,Cell Junctions,"Plasma membrane, Microtubules",Approved
SLC38A7,Q9NVC3,1,"Plasma membrane, Cytosol",Nucleoplasm,Approved
SLC38A8,A6NNN8,1,,,
SLC38A9,Q8NBW4,1,Vesicles,,Supported
SLC39A1,Q9NY26,1,,,
SLC39A10,Q9ULF5,1,"Nucleoplasm, Cytosol",Plasma membrane,Approved
SLC39A11,Q8N1S5,1,Nucleoplasm,,Approved
SLC39A12,Q504Y0,1,,,
SLC39A13,Q96H72,1,,,
SLC39A14,Q15043,1,"Endoplasmic reticulum, Golgi apparatus, Plasma membrane",,Approved
SLC39A2,Q9NP94,1,Plasma membrane,Cytoplasmic bodies,Approved
SLC39A3,Q9BRY0,1,Vesicles,,Approved
SLC39A4,Q6P5W5,1,,,
SLC39A5,Q6ZMH5,1,Vesicles,Nucleoplasm,Approved
SLC39A6,Q13433,1,Cytosol,"Nucleoplasm, Plasma membrane",Uncertain
SLC39A7,Q92504,1,Endoplasmic reticulum,Nucleoplasm,Supported
SLC39A8,Q9C0K1,1,,,
SLC39A9,Q9NUM3,1,Endoplasmic reticulum,,Approved
SLC3A1,Q07837,1,Mitochondria,Nuclear bodies,Approved
SLC3A2,P08195,1,"Nucleoplasm, Plasma membrane",,Approved
SLC40A1,Q9NP59,1,"Plasma membrane, Cytosol",Nucleoplasm,Approved
SLC41A1,Q8IVJ1,1,Mitochondria,,Approved
SLC41A2,Q96JW4,1,,,
SLC41A3,Q96GZ6,1,Plasma membrane,,Supported
SLC43A1,O75387,1,"Golgi apparatus, Vesicles, Plasma membrane",,Approved
SLC43A2,Q8N370,1,,,
SLC43A3,Q8NBI5,1,Vesicles,"Nucleoplasm, Plasma membrane",Approved
SLC44A1,Q8WWI5,1,Mitochondria,Nucleoplasm,Supported
SLC44A2,Q8IWA5,1,"Vesicles, Cell Junctions",,Approved
SLC44A3,Q8N4M1,1,,,
SLC44A4,Q53GD3,1,,,
SLC44A5,Q8NCS7,1,Cytosol,,Approved
SLC45A1,Q9Y2W3,1,,,
SLC45A2,Q9UMX9,1,,,
SLC45A3,Q96JT2,1,Vesicles,Nucleoplasm,Approved
SLC45A4,Q5BKX6,1,Plasma membrane,,Approved
SLC46A1,Q96NT5,1,"Plasma membrane, Cytosol",,Supported
SLC46A2,Q9BY10,1,,,
SLC46A3,Q7Z3Q1,1,"Plasma membrane, Cytosol",Actin filaments,Approved
SLC47A1,Q96FL8,1,,,
SLC47A2,Q86VL8,1,,,
SLC48A1,Q6P1K1,1,Vesicles,,Supported
SLC49A3,Q6UXD7,1,,,
SLC49A4,Q96SL1,1,Vesicles,,Supported
SLC4A1,P02730,1,,,
SLC4A10,Q6U841,1,,,
SLC4A11,Q8NBS3,1,Nucleoplasm,Vesicles,Uncertain
SLC4A1AP,Q9BWU0,1,Nucleoplasm,"Vesicles, Plasma membrane",Supported
SLC4A2,P04920,1,"Nuclear speckles, Plasma membrane",Cytosol,Uncertain
SLC4A3,P48751,1,Nucleoplasm,,Approved
SLC4A4,Q9Y6R1,1,,,
SLC4A5,Q9BY07,1,,,
SLC4A7,Q9Y6M7,1,Plasma membrane,"Focal adhesion sites, Cytosol",Supported
SLC4A8,Q2Y0W8,1,Plasma membrane,,Approved
SLC4A9,Q96Q91,1,"Plasma membrane, Cytosol",Vesicles,Approved
SLC50A1,Q9BRV3,1,,,
SLC51A,Q86UW1,1,,,
SLC51B,Q86UW2,1,Mitochondria,Vesicles,Approved
SLC52A1,Q9NWF4,1,,,
SLC52A2,Q9HAB3,1,,,
SLC52A3,Q9NQ40,1,,,
SLC5A1,P13866,1,"Nuclear membrane, Golgi apparatus","Nucleoplasm, Cytosol",Uncertain
SLC5A10,A0PJK1,1,,,
SLC5A11,Q8WWX8,1,Nucleoplasm,Cytosol,Approved
SLC5A12,Q1EHB4,1,Plasma membrane,Nucleoplasm,Supported
SLC5A2,P31639,1,,,
SLC5A3,P53794,1,Plasma membrane,,Supported
SLC5A4,Q9NY91,1,,,
SLC5A5,Q92911,1,,,
SLC5A6,Q9Y289,1,Plasma membrane,,Approved
SLC5A7,Q9GZV3,1,"Cell Junctions, Intermediate filaments",Nuclear bodies,Approved
SLC5A8,Q8N695,1,,,
SLC5A9,Q2M3M2,1,Actin filaments,Cytosol,Approved
SLC66A1,Q6ZP29,1,Vesicles,,Supported
SLC66A2,Q8N2U9,1,Nucleoplasm,,Approved
SLC66A3,Q8N755,1,Cytosol,,Approved
SLC6A1,P30531,1,,,
SLC6A11,P48066,1,Nucleoplasm,Vesicles,Uncertain
SLC6A12,P48065,1,Vesicles,,Approved
SLC6A13,Q9NSD5,1,Mitochondria,"Nucleoplasm, Nucleoli, Cytosol",Supported
SLC6A14,Q9UN76,1,Vesicles,,Approved
SLC6A15,Q9H2J7,1,Nucleoli,Vesicles,Approved
SLC6A16,Q9GZN6,1,Golgi apparatus,,Approved
SLC6A17,Q9H1V8,1,Mitochondria,,Approved
SLC6A18,Q96N87,1,,,
SLC6A19,Q695T7,1,,,
SLC6A2,P23975,1,Cytosol,Mitochondria,Approved
SLC6A20,Q9NP91,1,,,
SLC6A3,Q01959,1,Vesicles,,Approved
SLC6A4,P31645,1,"Golgi apparatus, Vesicles",,Supported
SLC6A5,Q9Y345,1,,,
SLC6A6,P31641,1,"Cell Junctions, Cytosol",,Approved
SLC6A7,Q99884,1,"Plasma membrane, Cytosol",,Approved
SLC6A8,P48029,1,,,
SLC6A9,P48067,1,Golgi apparatus,Nucleoplasm,Approved
SLC7A1,P30825,1,,,
SLC7A10,Q9NS82,1,"Nucleoplasm, Nucleoli",,Uncertain
SLC7A11,Q9UPY5,1,Vesicles,,Approved
SLC7A13,Q8TCU3,1,,,
SLC7A14,Q8TBB6,1,"Vesicles, Cytosol","Nucleoplasm, Plasma membrane",Approved
SLC7A2,P52569,1,Plasma membrane,Cell Junctions,Supported
SLC7A3,Q8WY07,1,,,
SLC7A4,O43246,1,"Vesicles, Plasma membrane",Nucleoplasm,Approved
SLC7A5,Q01650,1,"Plasma membrane, Cytosol",Vesicles,Supported
SLC7A6,Q92536,1,Vesicles,Plasma membrane,Uncertain
SLC7A6OS,Q96CW6,1,Nucleoplasm,Cytosol,Approved
SLC7A7,Q9UM01,1,,,
SLC7A8,Q9UHI5,1,,,
SLC7A9,P82251,1,,,
SLC8A1,P32418,1,"Nucleoplasm, Plasma membrane",,Supported
SLC8A2,Q9UPR5,1,,,
SLC8A3,P57103,1,,,
SLC8B1,Q6J4K2,1,,,
SLC9A1,P19634,1,Plasma membrane,,Supported
SLC9A2,Q9UBY0,1,Cell Junctions,,Supported
SLC9A3,P48764,1,Plasma membrane,,Supported
SLC9A3R1,O14745,1,Plasma membrane,"Vesicles, Centriolar satellite",Approved
SLC9A3R2,Q15599,1,Plasma membrane,,Supported
SLC9A4,Q6AI14,1,"Nucleoplasm, Plasma membrane",,Approved
SLC9A5,Q14940,1,Cytosol,Plasma membrane,Approved
SLC9A6,Q92581,1,Vesicles,,Supported
SLC9A7,Q96T83,1,Vesicles,,Supported
SLC9A8,Q9Y2E8,1,,,
SLC9A9,Q8IVB4,1,,,
SLC9B1,Q4ZJI4,1,Mitochondria,Centriolar satellite,Supported
SLC9B2,Q86UD5,1,"Nucleoplasm, Cell Junctions",,Approved
SLC9C1,Q4G0N8,1,,,
SLC9C2,Q5TAH2,1,Plasma membrane,Nuclear speckles,Supported
SLCO1A2,P46721,1,Plasma membrane,,Supported
SLCO1B1,Q9Y6L6,1,Plasma membrane,,Supported
SLCO1B3,Q9NPD5,1,Plasma membrane,,Supported
SLCO1B3-SLCO1B7,,0,,,
SLCO1C1,Q9NYB5,1,,,
SLCO2A1,Q92959,1,,,
SLCO2B1,O94956,1,,,
SLCO3A1,Q9UIG8,1,,,
SLCO4A1,Q96BD0,1,Cell Junctions,,Supported
SLCO4C1,Q6ZQN7,1,Plasma membrane,"Nucleoplasm, Cytosol",Approved
SLCO5A1,Q9H2Y9,1,Plasma membrane,Vesicles,Supported
SLCO6A1,Q86UG4,1,,,
SLF1,Q9BQI6,1,Nucleoplasm,,Approved
SLF2,Q8IX21,1,"Nucleoplasm, Vesicles",,Approved
SLFN11,Q7Z7L1,1,Nucleoplasm,Cytosol,Supported
SLFN12,Q8IYM2,1,,,
SLFN12L,Q6IEE8,1,,,
SLFN13,Q68D06,1,Cytokinetic bridge,,Approved
SLFN14,P0C7P3,1,,,
SLFN5,Q08AF3,1,Nucleoplasm,Vesicles,Approved
SLFNL1,Q499Z3,1,Cytosol,,Approved
SLIRP,Q9GZT3,1,Mitochondria,,Supported
SLIT1,O75093,1,Plasma membrane,,Approved
SLIT2,O94813,1,,,
SLIT3,O75094,1,Cell Junctions,,Supported
SLITRK1,Q96PX8,1,,,
SLITRK2,Q9H156,1,,,
SLITRK3,O94933,1,Mitochondria,,Approved
SLITRK4,Q8IW52,1,,,
SLITRK5,O94991,1,Vesicles,,Approved
SLITRK6,Q9H5Y7,1,Plasma membrane,,Supported
SLK,Q9H2G2,1,Cytosol,,Approved
SLMAP,Q14BN4,1,Endoplasmic reticulum,,Approved
SLN,O00631,1,Microtubules,,Approved
SLPI,P03973,1,Golgi apparatus,,Approved
SLTM,Q9NWH9,1,"Nucleoplasm, Nuclear bodies",,Enhanced
SLU7,O95391,1,Nucleoplasm,Nuclear speckles,Supported
SLURP1,P55000,1,,,
SLURP2,P0DP57,1,,,
SLX1A,Q9BQ83,1,Nucleoplasm,,Supported
SLX1B,Q9BQ83,1,Nucleoplasm,,Supported
SLX4,Q8IY92,1,Nucleoplasm,"Cell Junctions, Cytosol",Supported
SLX4IP,Q5VYV7,1,Cytosol,,Approved
SMAD1,Q15797,1,"Nucleoplasm, Cytosol",,Supported
SMAD2,Q15796,1,"Nucleoplasm, Nucleoli, Cytosol",,Supported
SMAD3,P84022,1,Nucleoplasm,Cytosol,Supported
SMAD4,Q13485,1,"Nucleoplasm, Cytosol",Centrosome,Supported
SMAD5,Q99717,1,Nucleoplasm,Cytosol,Supported
SMAD6,O43541,1,Nucleoplasm,"Nuclear bodies, Golgi apparatus",Supported
SMAD7,O15105,1,"Nucleoplasm, Cytosol",,Supported
SMAD9,O15198,1,Nucleoplasm,Cytosol,Supported
SMAGP,Q0VAQ4,1,Plasma membrane,"Nucleoplasm, Cell Junctions",Supported
SMAP1,Q8IYB5,1,"Plasma membrane, Cytosol",Golgi apparatus,Approved
SMAP2,Q8WU79,1,Cytosol,Nucleoplasm,Supported
SMARCA1,P28370,1,Nucleoplasm,Vesicles,Supported
SMARCA2,P51531,1,Nucleoplasm,"Vesicles, Intermediate filaments",Supported
SMARCA4,P51532,1,"Nucleoplasm, Nucleoli fibrillar center, Nucleoli rim",,Supported
SMARCA5,O60264,1,"Nucleoplasm, Nucleoli fibrillar center",,Supported
SMARCAD1,Q9H4L7,1,Nucleoplasm,,Enhanced
SMARCAL1,Q9NZC9,1,Nucleoplasm,,Supported
SMARCB1,Q12824,1,Nucleoplasm,Nucleoli fibrillar center,Supported
SMARCC1,Q92922,1,Nucleoplasm,,Enhanced
SMARCC2,Q8TAQ2,1,Nucleoplasm,,Enhanced
SMARCD1,Q96GM5,1,Nucleoplasm,Vesicles,Supported
SMARCD2,Q92925,1,Nucleoplasm,,Enhanced
SMARCD3,Q6STE5,1,Nucleoplasm,,Enhanced
SMARCE1,Q969G3,1,Nucleoplasm,,Supported
SMC1A,Q14683,1,Nucleoplasm,,Enhanced
SMC1B,Q8NDV3,1,"Nucleoplasm, Cytosol",,Supported
SMC2,O95347,1,Nucleoplasm,Nucleoli,Supported
SMC3,Q9UQE7,1,Nucleoplasm,,Supported
SMC4,Q9NTJ3,1,"Nuclear speckles, Cytosol",,Supported
SMC5,Q8IY18,1,Nuclear speckles,,Supported
SMC6,Q96SB8,1,Nucleoplasm,,Supported
SMCHD1,A6NHR9,1,Nucleoplasm,Nuclear bodies,Approved
SMCO1,Q147U7,1,Golgi apparatus,Endoplasmic reticulum,Approved
SMCO2,A6NFE2,1,,,
SMCO3,A2RU48,1,Plasma membrane,,Approved
SMCO4,Q9NRQ5,1,,,
SMCP,P49901,1,,,
SMCR8,Q8TEV9,1,Nucleoplasm,,Enhanced
SMDT1,Q9H4I9,1,Mitochondria,Nucleoplasm,Supported
SMG1,Q96Q15,1,Nucleoplasm,,Supported
SMG5,Q9UPR3,1,Cytoplasmic bodies,,Uncertain
SMG6,Q86US8,1,Nucleoli,Cytosol,Supported
SMG7,Q92540,1,Cytosol,,Supported
SMG8,Q8ND04,1,Nucleoplasm,,Approved
SMG9,Q9H0W8,1,"Mitochondria, Cytosol",Plasma membrane,Approved
SMIM1,B2RUZ4,1,,,
SMIM10,Q96HG1,1,,,
SMIM10L1,P0DMW3,1,,,
SMIM10L2A,P0DMW4,1,,,
SMIM10L2B,P0DMW5,1,,,
SMIM11A,P58511,1,Focal adhesion sites,,Approved
SMIM11B,Q8TCY0,1,Focal adhesion sites,,Approved
SMIM12,Q96EX1,1,Mitochondria,,Approved
SMIM13,P0DJ93,1,Nucleoplasm,"Nuclear membrane, Golgi apparatus",Approved
SMIM14,Q96QK8,1,,,
SMIM15,Q7Z3B0,1,,,
SMIM17,P0DL12,1,Vesicles,,Approved
SMIM18,P0DKX4,1,Nucleoplasm,Centrosome,Uncertain
SMIM19,Q96E16,1,Nuclear speckles,,Approved
SMIM2,Q9BVW6,1,"Nucleoplasm, Nuclear bodies",,Uncertain
SMIM20,Q8N5G0,1,"Nucleoplasm, Cytosol",Nucleoli,Approved
SMIM21,Q3B7S5,1,,,
SMIM22,K7EJ46,1,Nucleoplasm,Cytosol,Approved
SMIM23,A6NLE4,1,,,
SMIM24,O75264,1,Nucleoplasm,Cytosol,Approved
SMIM26,A0A096LP01,1,Nucleoplasm,Cytosol,Approved
SMIM27,A0A1B0GUW7,1,,,
SMIM28,A0A1B0GU29,1,,,
SMIM29,Q86T20,1,,,
SMIM3,Q9BZL3,1,Vesicles,,Approved
SMIM30,A4D0T7,1,,,
SMIM31,A0A1B0GVY4,1,,,
SMIM32,A0A1B0GUA5,1,,,
SMIM33,A0A1B0GW64,1,,,
SMIM34A,A8MWV9,1,,,
SMIM34B,P0DPE8,1,,,
SMIM35,A0A1B0GVV1,1,,,
SMIM36,A0A1B0GVT2,1,,,
SMIM38,A0A286YFK9,1,,,
SMIM39,A0A1B0GW54,1,,,
SMIM4,Q8WVI0,1,"Nucleoplasm, Mitochondria",,Approved
SMIM40,,0,,,
SMIM41,A0A2R8YCJ5,1,,,
SMIM42,,0,,,
SMIM43,Q4W5P6,1,,,
SMIM5,Q71RC9,1,Vesicles,Golgi apparatus,Approved
SMIM6,P0DI80,1,Nucleoplasm,,Approved
SMIM7,Q9BQ49,1,Golgi apparatus,,Approved
SMIM8,Q96KF7,1,Vesicles,,Approved
SMIM9,A6NGZ8,1,,,
SMKR1,H3BMG3,1,Nucleoli,,Approved
SMLR1,H3BR10,1,,,
SMN1,Q16637,1,"Nuclear bodies, Cytosol",,Supported
SMN2,Q16637,1,"Nuclear bodies, Cytosol",,Supported
SMNDC1,O75940,1,Nucleoplasm,Nuclear bodies,Enhanced
SMO,Q99835,1,,,
SMOC1,Q9H4F8,1,Plasma membrane,,Approved
SMOC2,Q9H3U7,1,,,
SMOX,Q9NWM0,1,Nucleoplasm,"Nuclear membrane, Vesicles, Cytosol",Supported
SMPD1,P17405,1,,,
SMPD2,O60906,1,"Vesicles, Plasma membrane",Cell Junctions,Approved
SMPD3,Q9NY59,1,Endoplasmic reticulum,,Supported
SMPD4,Q9NXE4,1,Nuclear membrane,Cytosol,Approved
SMPDL3A,Q92484,1,"Nucleoplasm, Nucleoli, Mitochondria",,Approved
SMPDL3B,Q92485,1,Cytosol,Golgi apparatus,Approved
SMPX,Q9UHP9,1,Plasma membrane,,Approved
SMR3A,Q99954,1,,,
SMR3B,P02814,1,,,
SMS,P52788,1,Nuclear bodies,Cytosol,Approved
SMTN,P53814,1,Nucleoplasm,Actin filaments,Supported
SMTNL1,A8MU46,1,,,
SMTNL2,Q2TAL5,1,"Nucleoplasm, Nuclear speckles",,Approved
SMU1,Q2TAY7,1,Vesicles,,Approved
SMUG1,Q53HV7,1,Nucleoplasm,"Nucleoli fibrillar center, Cytosol",Supported
SMURF1,Q9HCE7,1,Vesicles,Nucleoplasm,Approved
SMURF2,Q9HAU4,1,Nuclear speckles,,Supported
SMYD1,Q8NB12,1,,,
SMYD2,Q9NRG4,1,Cytosol,Mitochondria,Approved
SMYD3,Q9H7B4,1,Nucleoplasm,Cytosol,Approved
SMYD4,Q8IYR2,1,"Golgi apparatus, Vesicles","Nucleoplasm, Cytosol",Approved
SMYD5,Q6GMV2,1,Mitochondria,,Approved
SNAI1,O95863,1,Nucleoplasm,,Supported
SNAI2,O43623,1,Nucleoplasm,,Supported
SNAI3,Q3KNW1,1,Nucleoplasm,,Approved
SNAP23,O00161,1,Plasma membrane,,Supported
SNAP25,P60880,1,Plasma membrane,Vesicles,Approved
SNAP29,O95721,1,Cytosol,Centrosome,Supported
SNAP47,Q5SQN1,1,Cytosol,,Approved
SNAP91,O60641,1,,,
SNAPC1,Q16533,1,Nucleoli,Nucleoplasm,Enhanced
SNAPC2,Q13487,1,"Nucleoplasm, Nuclear bodies",Cytosol,Supported
SNAPC3,Q92966,1,"Nucleoplasm, Nuclear bodies",Nucleoli,Supported
SNAPC4,Q5SXM2,1,"Nucleoplasm, Nuclear membrane",,Approved
SNAPC5,O75971,1,Nucleoplasm,,Supported
SNAPIN,O95295,1,Golgi apparatus,Nucleoli,Approved
SNCA,P37840,1,,,
SNCAIP,Q9Y6H5,1,Cytoplasmic bodies,Nucleoplasm,Supported
SNCB,Q16143,1,,,
SNCG,O76070,1,Centrosome,,Supported
SND1,Q7KZF4,1,Cytosol,,Enhanced
SNED1,Q8TER0,1,,,
SNF8,Q96H20,1,Cytosol,Nucleoplasm,Supported
SNIP1,Q8TAD8,1,Nucleoplasm,Cytosol,Supported
SNN,O75324,1,Cytosol,,Uncertain
SNORC,Q6UX34,1,"Nucleoplasm, Nucleoli",,Approved
SNPH,O15079,1,Mitochondria,Cytokinetic bridge,Uncertain
SNRK,Q9NRH2,1,"Vesicles, Plasma membrane, Cell Junctions",Nucleoplasm,Approved
SNRNP200,O75643,1,Nucleoplasm,,Supported
SNRNP25,Q9BV90,1,Nucleoplasm,"Cytokinetic bridge, Cytosol",Supported
SNRNP27,Q8WVK2,1,Nucleoplasm,,Approved
SNRNP35,Q16560,1,Nucleoli,,Supported
SNRNP40,Q96DI7,1,Nuclear speckles,,Supported
SNRNP48,Q6IEG0,1,Nucleoplasm,Cytosol,Supported
SNRNP70,P08621,1,Nucleoplasm,,Enhanced
SNRPA,P09012,1,Nucleoplasm,,Supported
SNRPA1,P09661,1,Nucleoplasm,"Nuclear speckles, Nuclear bodies",Supported
SNRPB,P14678,1,Nucleoplasm,,Supported
SNRPB2,P08579,1,Nuclear speckles,Cytoplasmic bodies,Supported
SNRPC,P09234,1,Nucleoplasm,,Enhanced
SNRPD1,P62314,1,,,
SNRPD2,P62316,1,Cytosol,,Supported
SNRPD3,P62318,1,Nucleoplasm,"Nuclear bodies, Cytosol",Supported
SNRPE,P62304,1,,,
SNRPF,P62306,1,,,
SNRPG,P62308,1,Nucleoplasm,,Approved
SNRPN,P63162,1,Nucleoplasm,,Approved
SNTA1,Q13424,1,,,
SNTB1,Q13884,1,,,
SNTB2,Q13425,1,"Golgi apparatus, Plasma membrane",Nucleoplasm,Supported
SNTG1,Q9NSN8,1,,,
SNTG2,Q9NY99,1,Plasma membrane,Nucleoplasm,Supported
SNTN,A6NMZ2,1,,,
SNU13,P55769,1,,,
SNUPN,O95149,1,"Nucleoplasm, Plasma membrane, Cytosol",,Supported
SNURF,Q9Y675,1,Nuclear speckles,,Supported
SNW1,Q13573,1,Nucleoplasm,Cytosol,Enhanced
SNX1,Q13596,1,"Endosomes, Lysosomes",,Enhanced
SNX10,Q9Y5X0,1,"Nucleoplasm, Microtubules",Nucleoli,Supported
SNX11,Q9Y5W9,1,Endoplasmic reticulum,Vesicles,Approved
SNX12,Q9UMY4,1,,,
SNX13,Q9Y5W8,1,,,
SNX14,Q9Y5W7,1,"Vesicles, Cytosol",,Supported
SNX15,Q9NRS6,1,"Nucleoli, Cytosol","Vesicles, Plasma membrane",Approved
SNX16,P57768,1,Vesicles,,Supported
SNX17,Q15036,1,Vesicles,Cytosol,Enhanced
SNX18,Q96RF0,1,Cytosol,,Approved
SNX19,Q92543,1,Mitochondria,,Approved
SNX2,O60749,1,Endosomes,Lysosomes,Enhanced
SNX20,Q7Z614,1,Nucleoplasm,,Uncertain
SNX21,Q969T3,1,Vesicles,Centriolar satellite,Approved
SNX22,Q96L94,1,Vesicles,Nucleoplasm,Approved
SNX24,Q9Y343,1,Vesicles,,Approved
SNX25,Q9H3E2,1,Vesicles,,Supported
SNX27,Q96L92,1,Vesicles,Cytosol,Supported
SNX29,Q8TEQ0,1,Golgi apparatus,"Nucleoli, Cytosol",Approved
SNX3,O60493,1,,,
SNX30,Q5VWJ9,1,"Nucleoplasm, Nucleoli, Cytosol",,Approved
SNX31,Q8N9S9,1,"Nucleoplasm, Golgi apparatus",Cytosol,Approved
SNX32,Q86XE0,1,"Cell Junctions, Focal adhesion sites","Nucleoplasm, Cytosol",Uncertain
SNX33,Q8WV41,1,,,
SNX4,O95219,1,,,
SNX5,Q9Y5X3,1,"Vesicles, Cytosol",,Supported
SNX6,Q9UNH7,1,"Endosomes, Lysosomes",,Supported
SNX7,Q9UNH6,1,Vesicles,Cell Junctions,Approved
SNX8,Q9Y5X2,1,Vesicles,,Supported
SNX9,Q9Y5X1,1,Plasma membrane,Cytosol,Supported
SOAT1,P35610,1,Endoplasmic reticulum,,Enhanced
SOAT2,O75908,1,,,
SOBP,A7XYQ1,1,Nucleoplasm,Vesicles,Approved
SOCS1,O15524,1,Nucleoplasm,Cytoplasmic bodies,Supported
SOCS2,O14508,1,Endoplasmic reticulum,,Approved
SOCS3,O14543,1,Cytosol,Plasma membrane,Approved
SOCS4,Q8WXH5,1,"Nucleoplasm, Cytosol",,Approved
SOCS5,O75159,1,Cytosol,"Nucleoplasm, Plasma membrane",Approved
SOCS6,O14544,1,Nuclear speckles,Cytosol,Approved
SOCS7,O14512,1,Cytosol,,Approved
SOD1,P00441,1,"Nucleoplasm, Plasma membrane, Cytosol",,Supported
SOD2,P04179,1,Mitochondria,,Enhanced
SOD3,P08294,1,,,
SOGA1,O94964,1,"Nucleoli, Cytosol",,Approved
SOGA3,Q5TF21,1,"Nucleoplasm, Cytosol",,Approved
SOHLH1,Q5JUK2,1,Nuclear speckles,,Approved
SOHLH2,Q9NX45,1,Vesicles,,Uncertain
SON,P18583,1,Nuclear speckles,,Enhanced
SORBS1,Q9BX66,1,Focal adhesion sites,"Plasma membrane, Centrosome",Supported
SORBS2,O94875,1,,,
SORBS3,O60504,1,Cytosol,Focal adhesion sites,Uncertain
SORCS1,Q8WY21,1,"Plasma membrane, Cytosol",,Approved
SORCS2,Q96PQ0,1,"Vesicles, Cytosol",,Approved
SORCS3,Q9UPU3,1,,,
SORD,Q00796,1,Cytosol,,Approved
SORL1,Q92673,1,,,
SORT1,Q99523,1,"Golgi apparatus, Cytosol",Plasma membrane,Supported
SOS1,Q07889,1,Cytosol,,Approved
SOS2,Q07890,1,Nucleoplasm,Vesicles,Approved
SOST,Q9BQB4,1,,,
SOSTDC1,Q6X4U4,1,Golgi apparatus,"Nucleoli, Nucleoli rim, Vesicles",Uncertain
SOWAHA,Q2M3V2,1,,,
SOWAHB,A6NEL2,1,Nucleoli fibrillar center,,Approved
SOWAHC,Q53LP3,1,Cytosol,,Approved
SOWAHD,A6NJG2,1,,,
SOX1,O00570,1,,,
SOX10,P56693,1,Nucleoplasm,,Supported
SOX11,P35716,1,Nucleoplasm,Plasma membrane,Supported
SOX12,O15370,1,Nucleoplasm,,Enhanced
SOX13,Q9UN79,1,Nucleoplasm,,Enhanced
SOX14,O95416,1,,,
SOX15,O60248,1,Nucleoplasm,"Nucleoli, Vesicles",Approved
SOX17,Q9H6I2,1,Nucleoplasm,,Approved
SOX18,P35713,1,Nucleoplasm,,Approved
SOX2,P48431,1,Nucleoplasm,,Enhanced
SOX21,Q9Y651,1,Nucleoplasm,,Approved
SOX3,P41225,1,Nucleoplasm,,Enhanced
SOX30,O94993,1,"Nucleoplasm, Vesicles",Cytosol,Supported
SOX4,Q06945,1,Nucleoplasm,Mitochondria,Supported
SOX5,P35711,1,Nucleoplasm,,Supported
SOX6,P35712,1,Nucleoplasm,,Supported
SOX7,Q9BT81,1,Nuclear speckles,Golgi apparatus,Approved
SOX8,P57073,1,Nucleoplasm,,Enhanced
SOX9,P48436,1,Nucleoplasm,,Enhanced
SP1,P08047,1,Nucleoplasm,,Enhanced
SP100,P23497,1,Nuclear bodies,Nucleoplasm,Supported
SP110,Q9HB58,1,Nucleoplasm,,Supported
SP140,Q13342,1,Nucleoli fibrillar center,Mitochondria,Approved
SP140L,Q9H930,1,Nucleoplasm,,Approved
SP2,Q02086,1,Nucleoplasm,Vesicles,Enhanced
SP3,Q02447,1,Nucleoplasm,Cytosol,Supported
SP4,Q02446,1,Nucleoplasm,Cytosol,Enhanced
SP5,Q6BEB4,1,Nucleoli,Nucleoplasm,Approved
SP6,Q3SY56,1,Nucleoplasm,"Mitotic spindle, Centrosome",Supported
SP7,Q8TDD2,1,,,
SP8,Q8IXZ3,1,Nucleoplasm,,Approved
SP9,P0CG40,1,Mitochondria,,Approved
SPA17,Q15506,1,Vesicles,,Approved
SPAAR,A0A1B0GVQ0,1,,,
SPACA1,Q9HBV2,1,,,
SPACA3,Q8IXA5,1,,,
SPACA4,Q8TDM5,1,,,
SPACA5,Q96QH8,1,,,
SPACA5B,Q96QH8,1,,,
SPACA6,W5XKT8,1,,,
SPACA7,Q96KW9,1,,,
SPACA9,Q96E40,1,Mitochondria,,Approved
SPAG1,Q07617,1,Cytosol,,Supported
SPAG11A,Q6PDA7,1,Golgi apparatus,,Approved
SPAG11B,Q08648,1,Golgi apparatus,,Approved
SPAG16,Q8N0X2,1,"Plasma membrane, Cytosol",,Approved
SPAG17,Q6Q759,1,,,
SPAG4,Q9NPE6,1,,,
SPAG5,Q96R06,1,"Nuclear bodies, Mitotic spindle",Cytosol,Supported
SPAG6,O75602,1,,,
SPAG7,O75391,1,Nucleoplasm,,Supported
SPAG8,Q99932,1,,,
SPAG9,O60271,1,"Centriolar satellite, Cytosol",,Enhanced
SPAM1,P38567,1,,,
SPANXA1,Q9NS26,1,Nucleoplasm,Vesicles,Supported
SPANXA2,Q9NS26,1,Nucleoplasm,Vesicles,Supported
SPANXB1,Q9NS25,1,Nucleoplasm,Vesicles,Approved
SPANXC,Q9NY87,1,Nucleoplasm,Vesicles,Supported
SPANXD,Q9BXN6,1,Nucleoplasm,Vesicles,Approved
SPANXN1,Q5VSR9,1,,,
SPANXN2,Q5MJ10,1,Nucleoli fibrillar center,Nucleoplasm,Approved
SPANXN3,Q5MJ09,1,Nucleoli fibrillar center,Nucleoplasm,Approved
SPANXN4,Q5MJ08,1,"Vesicles, Plasma membrane",Nuclear membrane,Approved
SPANXN5,Q5MJ07,1,,,
SPARC,P09486,1,Vesicles,,Approved
SPARCL1,Q14515,1,,,
SPART,Q8N0X7,1,Cytosol,,Supported
SPAST,Q9UBP0,1,Nucleoplasm,Cytosol,Supported
SPATA1,Q5VX52,1,Cytosol,Plasma membrane,Approved
SPATA12,Q7Z6I5,1,"Nucleoplasm, Cytosol",Plasma membrane,Approved
SPATA13,Q96N96,1,Nucleoplasm,Cytosol,Enhanced
SPATA16,Q9BXB7,1,,,
SPATA17,Q96L03,1,"Nucleoplasm, Nucleoli",,Approved
SPATA18,Q8TC71,1,Mitochondria,,Supported
SPATA19,Q7Z5L4,1,,,
SPATA2,Q9UM82,1,Nucleoli fibrillar center,Nucleoplasm,Approved
SPATA20,Q8TB22,1,Nucleoplasm,,Approved
SPATA21,Q7Z572,1,"Vesicles, Cytosol",,Approved
SPATA22,Q8NHS9,1,,,
SPATA24,Q86W54,1,"Nucleoplasm, Cytosol",,Supported
SPATA25,Q9BR10,1,Golgi apparatus,,Approved
SPATA2L,Q8IUW3,1,"Nucleoplasm, Mitochondria",Cytosol,Approved
SPATA3,Q8NHX4,1,,,
SPATA31A1,Q5TZJ5,1,,,
SPATA31A3,Q5VYP0,1,,,
SPATA31A5,Q5VU36,1,,,
SPATA31A6,Q5VVP1,1,,,
SPATA31A7,Q8IWB4,1,,,
SPATA31D1,Q6ZQQ2,1,,,
SPATA31D3,P0C874,1,,,
SPATA31D4,Q6ZUB0,1,,,
SPATA31E1,Q6ZUB1,1,,,
SPATA32,Q96LK8,1,,,
SPATA33,Q96N06,1,Nucleoplasm,Vesicles,Approved
SPATA4,Q8NEY3,1,,,
SPATA45,Q537H7,1,"Nuclear speckles, Cytosol",,Approved
SPATA46,Q5T0L3,1,,,
SPATA48,A4D263,1,,,
SPATA5,Q8NB90,1,Cytosol,,Approved
SPATA5L1,Q9BVQ7,1,Nucleoplasm,Nucleoli,Approved
SPATA6,Q9NWH7,1,"Golgi apparatus, Vesicles",Nucleoplasm,Approved
SPATA6L,Q8N4H0,1,,,
SPATA7,Q9P0W8,1,Cytosol,,Supported
SPATA9,Q9BWV2,1,Mitochondria,,Approved
SPATC1,Q76KD6,1,,,
SPATC1L,Q9H0A9,1,"Vesicles, Plasma membrane, Cytosol",,Approved
SPATS1,Q496A3,1,Nucleoplasm,,Approved
SPATS2,Q86XZ4,1,Cytosol,,Enhanced
SPATS2L,Q9NUQ6,1,"Nucleoli, Cytosol",,Enhanced
SPC24,Q8NBT2,1,Nucleoplasm,Nucleoli,Supported
SPC25,Q9HBM1,1,Cytosol,,Enhanced
SPCS1,Q9Y6A9,1,"Golgi apparatus, Vesicles",,Approved
SPCS2,Q15005,1,Nucleoplasm,,Approved
SPCS3,P61009,1,,,
SPDEF,O95238,1,Nucleoplasm,"Nucleoli, Cytosol",Approved
SPDL1,Q96EA4,1,Cytosol,,Approved
SPDYA,Q5MJ70,1,Nucleoplasm,,Supported
SPDYC,Q5MJ68,1,,,
SPDYE1,Q8NFV5,1,,,
SPDYE11,P0DTA3,1,,,
SPDYE13,,0,,,
SPDYE14,,0,,,
SPDYE15,,0,,,
SPDYE16,A6NNV3,1,,,
SPDYE17,,0,,,
SPDYE2,Q495Y8,1,,,
SPDYE21,,0,,,
SPDYE2B,A6NHP3,1,,,
SPDYE3,A6NKU9,1,,,
SPDYE4,A6NLX3,1,,,
SPDYE5,A6NIY4,1,,,
SPDYE6,P0CI01,1,,,
SPDYE8,,0,,,
SPDYE9,,0,,,
SPECC1,Q5M775,1,"Nucleoplasm, Vesicles","Nucleoli fibrillar center, Cytosol",Supported
SPECC1L,Q69YQ0,1,Actin filaments,,Supported
SPEF1,Q9Y4P9,1,,,
SPEF2,Q9C093,1,,,
SPEG,Q15772,1,Vesicles,,Approved
SPEGNB,A0A087WV53,1,,,
SPEM1,Q8N4L4,1,,,
SPEM2,Q0P670,1,Golgi apparatus,,Approved
SPEM3,A0A1B0GUW6,1,,,
SPEN,Q96T58,1,Nucleoplasm,,Enhanced
SPESP1,Q6UW49,1,"Nucleoplasm, Vesicles",Cytosol,Approved
SPG11,Q96JI7,1,"Plasma membrane, Cytosol",Nucleoli,Supported
SPG21,Q9NZD8,1,"Vesicles, Cytosol",,Supported
SPG7,Q9UQ90,1,,,
SPHK1,Q9NYA1,1,"Plasma membrane, Cytosol",,Supported
SPHK2,Q9NRA0,1,Nucleoplasm,,Supported
SPHKAP,Q2M3C7,1,,,
SPI1,P17947,1,Nucleoplasm,,Supported
SPIB,Q01892,1,,,
SPIC,Q8N5J4,1,,,
SPICE1,Q8N0Z3,1,Centrosome,,Supported
SPIDR,Q14159,1,Nucleoplasm,,Supported
SPIN1,Q9Y657,1,Nucleoplasm,,Supported
SPIN2A,Q99865,1,Nucleoplasm,,Approved
SPIN2B,Q9BPZ2,1,Nucleoplasm,,Approved
SPIN3,Q5JUX0,1,Nucleoplasm,,Approved
SPIN4,Q56A73,1,Cytosol,Nucleoli,Approved
SPINDOC,Q9BUA3,1,Nuclear speckles,,Approved
SPINK1,P00995,1,,,
SPINK13,Q1W4C9,1,Plasma membrane,Nucleoplasm,Approved
SPINK14,Q6IE38,1,,,
SPINK2,P20155,1,,,
SPINK4,O60575,1,"Golgi apparatus, Vesicles",Nucleoplasm,Approved
SPINK5,Q9NQ38,1,Vesicles,,Enhanced
SPINK6,Q6UWN8,1,,,
SPINK7,P58062,1,,,
SPINK8,P0C7L1,1,,,
SPINK9,Q5DT21,1,"Nucleoplasm, Vesicles",,Approved
SPINT1,O43278,1,"Plasma membrane, Cytosol",Nucleoplasm,Supported
SPINT2,O43291,1,"Plasma membrane, Intermediate filaments, Cytosol",,Uncertain
SPINT3,P49223,1,,,
SPINT4,Q6UDR6,1,,,
SPIRE1,Q08AE8,1,"Nucleoplasm, Cytosol",,Approved
SPIRE2,Q8WWL2,1,Nucleoplasm,"Vesicles, Intermediate filaments",Approved
SPN,P16150,1,Plasma membrane,,Approved
SPNS1,Q9H2V7,1,Vesicles,"Nucleoli fibrillar center, Golgi apparatus, Cytosol",Approved
SPNS2,Q8IVW8,1,,,
SPNS3,Q6ZMD2,1,,,
SPO11,Q9Y5K1,1,,,
SPOCD1,Q6ZMY3,1,Cytosol,"Nucleoplasm, Nucleoli",Approved
SPOCK1,Q08629,1,Vesicles,,Approved
SPOCK2,Q92563,1,,,
SPOCK3,Q9BQ16,1,,,
SPON1,Q9HCB6,1,,,
SPON2,Q9BUD6,1,Vesicles,,Approved
SPOP,O43791,1,,,
SPOPL,Q6IQ16,1,Vesicles,,Approved
SPOUT1,Q5T280,1,,,
SPP1,P10451,1,Golgi apparatus,,Enhanced
SPP2,Q13103,1,,,
SPPL2A,Q8TCT8,1,Vesicles,,Supported
SPPL2B,Q8TCT7,1,"Nucleoplasm, Plasma membrane",Centrosome,Approved
SPPL2C,Q8IUH8,1,,,
SPPL3,Q8TCT6,1,"Vesicles, Plasma membrane",,Supported
SPR,P35270,1,"Nucleoplasm, Cytosol",,Supported
SPRED1,Q7Z699,1,Nucleoplasm,,Supported
SPRED2,Q7Z698,1,Nucleoplasm,Cytosol,Uncertain
SPRED3,Q2MJR0,1,"Nucleoplasm, Plasma membrane",,Approved
SPRING1,Q9H741,1,,,
SPRN,Q5BIV9,1,,,
SPRR1A,P35321,1,,,
SPRR1B,P22528,1,,,
SPRR2A,P35326,1,,,
SPRR2B,P35325,1,,,
SPRR2D,P22532,1,,,
SPRR2E,P22531,1,,,
SPRR2F,Q96RM1,1,,,
SPRR2G,Q9BYE4,1,,,
SPRR3,Q9UBC9,1,,,
SPRR4,Q96PI1,1,"Nucleoplasm, Cytosol",Nuclear membrane,Approved
SPRR5,A0A1B0GTR4,1,,,
SPRTN,Q9H040,1,Nucleoplasm,,Supported
SPRY1,O43609,1,"Golgi apparatus, Cytosol",Nucleoplasm,Approved
SPRY2,O43597,1,"Actin filaments, Microtubules",,Supported
SPRY3,O43610,1,Cytosol,Nucleoli,Approved
SPRY4,Q9C004,1,Golgi apparatus,Cytosol,Approved
SPRYD3,Q8NCJ5,1,"Nucleoplasm, Cytosol","Vesicles, Plasma membrane, Actin filaments",Approved
SPRYD4,Q8WW59,1,Nucleoplasm,,Approved
SPRYD7,Q5W111,1,Vesicles,,Approved
SPSB1,Q96BD6,1,,,
SPSB2,Q99619,1,,,
SPSB3,Q6PJ21,1,Mitochondria,,Approved
SPSB4,Q96A44,1,"Nucleoplasm, Golgi apparatus",,Approved
SPTA1,P02549,1,,,
SPTAN1,Q13813,1,"Vesicles, Microtubules",,Approved
SPTB,P11277,1,Cytosol,,Approved
SPTBN1,Q01082,1,Cytosol,,Uncertain
SPTBN2,O15020,1,"Plasma membrane, Cytosol",Vesicles,Supported
SPTBN4,Q9H254,1,Nucleoli,Nucleoplasm,Approved
SPTBN5,Q9NRC6,1,,,
SPTLC1,O15269,1,Endoplasmic reticulum,,Supported
SPTLC2,O15270,1,,,
SPTLC3,Q9NUV7,1,Microtubules,,Approved
SPTSSA,Q969W0,1,,,
SPTSSB,Q8NFR3,1,Nuclear speckles,,Uncertain
SPTY2D1,Q68D10,1,"Nucleoplasm, Nucleoli",,Enhanced
SPTY2D1OS,A0A0U1RRN3,1,,,
SPX,Q9BT56,1,,,
SPZ1,Q9BXG8,1,,,
SQLE,Q14534,1,"Vesicles, Cytosol",,Uncertain
SQOR,Q9Y6N5,1,Mitochondria,,Supported
SQSTM1,Q13501,1,"Vesicles, Cytosol",,Enhanced
SRA1,Q9HD15,1,Nucleoplasm,"Microtubules, Cytokinetic bridge, Cytosol",Supported
SRARP,Q8NEQ6,1,Nucleoplasm,,Approved
SRBD1,Q8N5C6,1,"Mitochondria, Cytosol",,Approved
SRC,P12931,1,"Plasma membrane, Cell Junctions","Nucleoplasm, Cytosol",Supported
SRCAP,Q6ZRS2,1,Nucleoplasm,"Nuclear bodies, Golgi apparatus",Supported
SRCIN1,Q9C0H9,1,Cell Junctions,,Approved
SRD5A1,P18405,1,,,
SRD5A2,P31213,1,,,
SRD5A3,Q9H8P0,1,"Plasma membrane, Cytosol",,Approved
SREBF1,P36956,1,"Nucleoplasm, Golgi apparatus, Cytosol",,Supported
SREBF2,Q12772,1,"Nucleoplasm, Vesicles",Endoplasmic reticulum,Supported
SREK1,Q8WXA9,1,"Nucleoplasm, Nuclear speckles",,Enhanced
SREK1IP1,Q8N9Q2,1,"Nucleoplasm, Nucleoli",,Approved
SRF,P11831,1,Nucleoplasm,,Supported
SRFBP1,Q8NEF9,1,Nucleoli rim,,Approved
SRGAP1,Q7Z6B7,1,Cytosol,Centrosome,Approved
SRGAP2,O75044,1,Cytosol,Centrosome,Uncertain
SRGAP2B,P0DMP2,1,Cytosol,Centrosome,Approved
SRGAP2C,P0DJJ0,1,Cytosol,Centrosome,Approved
SRGAP3,O43295,1,Cytosol,Centrosome,Approved
SRGN,P10124,1,Golgi apparatus,,Supported
SRI,P30626,1,"Nucleoplasm, Cytosol",,Approved
SRL,Q86TD4,1,,,
SRM,P19623,1,Nucleoplasm,Cytosol,Approved
SRMS,Q9H3Y6,1,Intermediate filaments,"Actin filaments, Cytosol",Approved
SRP14,P37108,1,Nucleoli,Nucleoplasm,Approved
SRP19,P09132,1,Cytosol,Nuclear bodies,Supported
SRP54,P61011,1,Cytosol,,Approved
SRP68,Q9UHB9,1,Cytosol,,Supported
SRP72,O76094,1,,,
SRP9,P49458,1,,,
SRPK1,Q96SB4,1,"Nucleoplasm, Cytosol",Plasma membrane,Supported
SRPK2,P78362,1,"Nucleoplasm, Cytosol",,Supported
SRPK3,Q9UPE1,1,,,
SRPRA,P08240,1,,,
SRPRB,Q9Y5M8,1,Plasma membrane,,Approved
SRPX,P78539,1,,,
SRPX2,O60687,1,,,
SRR,Q9GZT4,1,Vesicles,,Approved
SRRD,Q9UH36,1,Cytosol,,Approved
SRRM1,Q8IYB3,1,Nuclear speckles,,Enhanced
SRRM2,Q9UQ35,1,Nuclear speckles,,Enhanced
SRRM3,,0,Plasma membrane,"Intermediate filaments, Microtubules",Approved
SRRM4,A7MD48,1,,,
SRRM5,B3KS81,1,Vesicles,Centrosome,Approved
SRRT,Q9BXP5,1,Nucleoplasm,,Enhanced
SRSF1,Q07955,1,Nucleoplasm,,Supported
SRSF10,O75494,1,Nucleoplasm,,Supported
SRSF11,Q05519,1,Nuclear speckles,,Supported
SRSF12,Q8WXF0,1,,,
SRSF2,Q01130,1,Nucleoplasm,Cytosol,Approved
SRSF3,P84103,1,Nucleoplasm,,Supported
SRSF4,Q08170,1,Nuclear speckles,,Supported
SRSF5,Q13243,1,Nucleoplasm,"Nucleoli, Cytosol",Supported
SRSF6,Q13247,1,Nuclear speckles,,Supported
SRSF7,Q16629,1,Nucleoplasm,,Enhanced
SRSF8,Q9BRL6,1,Nucleoplasm,Cytosol,Supported
SRSF9,Q13242,1,Nucleoplasm,Nucleoli,Supported
SRXN1,Q9BYN0,1,,,
SRY,Q05066,1,,,
SS18,Q15532,1,Nucleoplasm,Cytosol,Approved
SS18L1,O75177,1,"Nucleoplasm, Cytosol",,Supported
SS18L2,Q9UHA2,1,"Nucleoli, Mitochondria",Nucleoplasm,Approved
SSB,P05455,1,Nucleoplasm,,Approved
SSBP1,Q04837,1,Mitochondria,,Supported
SSBP2,P81877,1,Nucleoplasm,,Enhanced
SSBP3,Q9BWW4,1,Nucleoplasm,,Approved
SSBP4,Q9BWG4,1,Nucleoplasm,,Approved
SSC4D,Q8WTU2,1,,,
SSC5D,A1L4H1,1,"Nucleoplasm, Cytosol",,Approved
SSH1,Q8WYL5,1,Plasma membrane,"Nucleoplasm, Cytosol",Uncertain
SSH2,Q76I76,1,,,
SSH3,Q8TE77,1,"Nuclear speckles, Cytosol","Plasma membrane, Actin filaments",Approved
SSMEM1,Q8WWF3,1,,,
SSNA1,O43805,1,,,
SSPN,Q14714,1,Nuclear membrane,Nucleoplasm,Approved
SSR1,P43307,1,Endoplasmic reticulum,,Supported
SSR2,P43308,1,,,
SSR3,Q9UNL2,1,,,
SSR4,P51571,1,Endoplasmic reticulum,,Supported
SSRP1,Q08945,1,Cytosol,Nucleoplasm,Uncertain
SST,P61278,1,,,
SSTR1,P30872,1,Vesicles,,Uncertain
SSTR2,P30874,1,Cytosol,,Supported
SSTR3,P32745,1,,,
SSTR4,P31391,1,,,
SSTR5,P35346,1,Plasma membrane,,Supported
SSU72,Q9NP77,1,"Nucleoplasm, Cytosol",,Approved
SSU72P2,,0,,,
SSU72P3,,0,,,
SSU72P4,,0,,,
SSU72P5,,0,,,
SSU72P7,,0,,,
SSU72P8,,0,,,
SSUH2,Q9Y2M2,1,,,
SSX1,Q16384,1,"Nucleoplasm, Nucleoli",,Approved
SSX2,Q16385,1,"Nucleoplasm, Nucleoli",,Approved
SSX2B,Q16385,1,"Nucleoplasm, Nucleoli",,Approved
SSX2IP,Q9Y2D8,1,Cell Junctions,,Approved
SSX3,Q99909,1,"Nucleoplasm, Nucleoli",,Approved
SSX4,O60224,1,"Nucleoplasm, Nucleoli",,Approved
SSX4B,O60224,1,"Nucleoplasm, Nucleoli",,Approved
SSX5,O60225,1,"Nucleoplasm, Nucleoli",,Approved
SSX7,Q7RTT5,1,"Nucleoplasm, Nucleoli",,Approved
ST13,P50502,1,Cytosol,,Enhanced
ST14,Q9Y5Y6,1,"Nucleoplasm, Vesicles",,Approved
ST18,O60284,1,,,
ST20,Q9HBF5,1,,,
ST20-MTHFS,,0,,,
ST3GAL1,Q11201,1,,,
ST3GAL2,Q16842,1,Vesicles,,Uncertain
ST3GAL3,Q11203,1,,,
ST3GAL4,Q11206,1,,,
ST3GAL5,Q9UNP4,1,Vesicles,,Approved
ST3GAL6,Q9Y274,1,,,
ST6GAL1,P15907,1,,,
ST6GAL2,Q96JF0,1,Nucleoli fibrillar center,Nucleoplasm,Approved
ST6GALNAC1,Q9NSC7,1,Golgi apparatus,Nucleoplasm,Approved
ST6GALNAC2,Q9UJ37,1,,,
ST6GALNAC3,Q8NDV1,1,Nucleoplasm,,Approved
ST6GALNAC4,Q9H4F1,1,Golgi apparatus,Nucleoplasm,Approved
ST6GALNAC5,Q9BVH7,1,Vesicles,,Approved
ST6GALNAC6,Q969X2,1,,,
ST7,Q9NRC1,1,Nucleoplasm,Cytosol,Supported
ST7L,Q8TDW4,1,Centrosome,,Approved
ST8SIA1,Q92185,1,,,
ST8SIA2,Q92186,1,Golgi apparatus,"Nucleoplasm, Cytosol",Approved
ST8SIA3,O43173,1,Golgi apparatus,,Supported
ST8SIA4,Q92187,1,Golgi apparatus,,Approved
ST8SIA5,O15466,1,"Plasma membrane, Midbody",,Approved
ST8SIA6,P61647,1,Endoplasmic reticulum,,Approved
STAB1,Q9NY15,1,Cytosol,"Nucleoplasm, Plasma membrane",Approved
STAB2,Q8WWQ8,1,Cytosol,,Supported
STAC,Q99469,1,"Nucleoplasm, Plasma membrane",,Uncertain
STAC2,Q6ZMT1,1,Cytosol,,Approved
STAC3,Q96MF2,1,Nucleoplasm,Cytosol,Enhanced
STAG1,Q8WVM7,1,Nucleoplasm,Nuclear bodies,Enhanced
STAG2,Q8N3U4,1,"Nucleoplasm, Nucleoli, Nucleoli fibrillar center",,Supported
STAG3,Q9UJ98,1,Nucleoli,Nucleoplasm,Supported
STAM,Q92783,1,Vesicles,,Supported
STAM2,O75886,1,Vesicles,"Nucleoplasm, Cytosol",Supported
STAMBP,O95630,1,Nucleoplasm,"Plasma membrane, Cytosol",Supported
STAMBPL1,Q96FJ0,1,Plasma membrane,,Approved
STAP1,Q9ULZ2,1,"Nucleoplasm, Centriolar satellite, Mitochondria",Cytosol,Supported
STAP2,Q9UGK3,1,,,
STAR,P49675,1,,,
STARD10,Q9Y365,1,Cytosol,,Supported
STARD13,Q9Y3M8,1,"Golgi apparatus, Vesicles",Nucleoplasm,Uncertain
STARD3,Q14849,1,"Nucleoplasm, Vesicles",Endoplasmic reticulum,Approved
STARD3NL,O95772,1,Vesicles,,Supported
STARD4,Q96DR4,1,Plasma membrane,,Approved
STARD5,Q9NSY2,1,Vesicles,Cytosol,Approved
STARD6,P59095,1,,,
STARD7,Q9NQZ5,1,Mitochondria,,Approved
STARD8,Q92502,1,,,
STARD9,Q9P2P6,1,,,
STAT1,P42224,1,Nucleoplasm,Cytosol,Enhanced
STAT2,P52630,1,Cytosol,Plasma membrane,Supported
STAT3,P40763,1,"Nucleoplasm, Cytosol",,Supported
STAT4,Q14765,1,,,
STAT5A,P42229,1,"Nucleoplasm, Cytosol",,Enhanced
STAT5B,P51692,1,Cytosol,,Approved
STAT6,P42226,1,Cytosol,Nucleoplasm,Supported
STATH,P02808,1,,,
STAU1,O95793,1,Cytosol,,Enhanced
STAU2,Q9NUL3,1,Nucleoplasm,Cytosol,Supported
STBD1,O95210,1,Endoplasmic reticulum,,Approved
STC1,P52823,1,,,
STC2,O76061,1,Endoplasmic reticulum,,Approved
STEAP1,Q9UHE8,1,,,
STEAP1B,Q6NZ63,1,,,
STEAP2,Q8NFT2,1,Vesicles,,Supported
STEAP3,Q658P3,1,Cytosol,Nucleoli,Approved
STEAP4,Q687X5,1,"Nucleoplasm, Plasma membrane",,Approved
STH,Q8IWL8,1,"Nucleoplasm, Golgi apparatus",Cytosol,Supported
STIL,Q15468,1,"Nucleoplasm, Centrosome",,Approved
STIM1,Q13586,1,Endoplasmic reticulum,,Enhanced
STIM2,Q9P246,1,,,
STIMATE,Q86TL2,1,Cytosol,,Approved
STIMATE-MUSTN1,,0,Cytosol,,Approved
STING1,Q86WV6,1,Cytosol,Nucleoplasm,Supported
STIP1,P31948,1,"Plasma membrane, Cytosol",Nucleoplasm,Approved
STK10,O94804,1,"Nucleoplasm, Plasma membrane",,Approved
STK11,Q15831,1,Nucleoplasm,Cytosol,Supported
STK11IP,Q8N1F8,1,Vesicles,,Enhanced
STK16,O75716,1,Cytosol,"Nucleoplasm, Plasma membrane",Supported
STK17A,Q9UEE5,1,Nuclear speckles,Plasma membrane,Supported
STK17B,O94768,1,"Plasma membrane, Cytosol",,Uncertain
STK19,P49842,1,Nuclear speckles,,Approved
STK24,Q9Y6E0,1,"Nucleoli, Cytosol",,Supported
STK25,O00506,1,,,
STK26,Q9P289,1,Nucleoplasm,"Golgi apparatus, Centrosome, Cytosol",Uncertain
STK3,Q13188,1,"Intermediate filaments, Rods & Rings",,Approved
STK31,Q9BXU1,1,,,
STK32A,Q8WU08,1,Centrosome,,Approved
STK32B,Q9NY57,1,"Nucleoplasm, Nuclear bodies",Cytosol,Approved
STK32C,Q86UX6,1,,,
STK33,Q9BYT3,1,Nucleoplasm,"Nucleoli, Cytosol",Approved
STK35,Q8TDR2,1,"Nucleoplasm, Nuclear bodies",,Supported
STK36,Q9NRP7,1,Cytosol,,Supported
STK38,Q15208,1,Cytosol,,Supported
STK38L,Q9Y2H1,1,Cytosol,,Supported
STK39,Q9UEW8,1,Nucleoplasm,"Vesicles, Cytosol",Supported
STK4,Q13043,1,Nuclear bodies,"Nucleoplasm, Cytosol",Supported
STK40,Q8N2I9,1,Cytosol,Nucleoplasm,Supported
STKLD1,Q8NE28,1,,,
STMN1,P16949,1,Cytosol,,Approved
STMN2,Q93045,1,Vesicles,Endoplasmic reticulum,Approved
STMN3,Q9NZ72,1,Golgi apparatus,Cytosol,Supported
STMN4,Q9H169,1,Golgi apparatus,Vesicles,Uncertain
STMND1,H3BQB6,1,Actin filaments,,Approved
STMP1,E0CX11,1,Mitochondria,,Approved
STN1,Q9H668,1,Nucleoplasm,,Supported
STOM,P27105,1,Plasma membrane,"Vesicles, Cytosol",Enhanced
STOML1,Q9UBI4,1,Cytosol,,Approved
STOML2,Q9UJZ1,1,"Plasma membrane, Cytosol",,Supported
STOML3,Q8TAV4,1,Plasma membrane,,Supported
STON1,Q9Y6Q2,1,,,
STON1-GTF2A1L,,0,Nucleoplasm,Cytosol,Approved
STON2,Q8WXE9,1,"Nucleoli, Cytosol",,Approved
STOX1,Q6ZVD7,1,Nucleoplasm,"Nucleoli fibrillar center, Cytosol",Supported
STOX2,Q9P2F5,1,"Nucleoplasm, Cytosol",Actin filaments,Approved
STPG1,Q5TH74,1,Nucleoplasm,,Approved
STPG2,Q8N412,1,Nucleoplasm,Nucleoli,Approved
STPG3,Q8N7X2,1,Vesicles,,Uncertain
STPG4,Q8N801,1,Nucleoplasm,Cytosol,Approved
STRA6,Q9BX79,1,,,
STRA8,Q7Z7C7,1,Cytosol,,Approved
STRADA,Q7RTN6,1,"Nucleoplasm, Cytosol",,Supported
STRADB,Q9C0K7,1,Cytosol,Aggresome,Uncertain
STRAP,Q9Y3F4,1,Cytosol,,Enhanced
STRBP,Q96SI9,1,,,
STRC,Q7RTU9,1,,,
STRIP1,Q5VSL9,1,Cytosol,,Supported
STRIP2,Q9ULQ0,1,Cytosol,,Approved
STRIT1,P0DN84,1,,,
STRN,O43815,1,Cytosol,Nucleoplasm,Approved
STRN3,Q13033,1,Cytosol,"Nucleoplasm, Actin filaments",Supported
STRN4,Q9NRL3,1,Cytosol,,Approved
STS,P08842,1,,,
STT3A,P46977,1,,,
STT3B,Q8TCJ2,1,Endoplasmic reticulum,,Supported
STUB1,Q9UNE7,1,"Nucleoplasm, Cytosol",,Supported
STUM,Q69YW2,1,Cytosol,,Approved
STX10,O60499,1,"Golgi apparatus, Vesicles",,Supported
STX11,O75558,1,,,
STX12,Q86Y82,1,"Nucleoplasm, Golgi apparatus, Vesicles",,Enhanced
STX16,O14662,1,Vesicles,,Enhanced
STX17,P56962,1,"Nucleoli, Cytosol",,Uncertain
STX18,Q9P2W9,1,"Endoplasmic reticulum, Plasma membrane",,Supported
STX19,Q8N4C7,1,Intermediate filaments,Cytosol,Approved
STX1A,Q16623,1,Vesicles,Nuclear membrane,Approved
STX1B,P61266,1,Vesicles,Nuclear membrane,Approved
STX2,P32856,1,Vesicles,Nuclear membrane,Approved
STX3,Q13277,1,Vesicles,Nuclear membrane,Approved
STX4,Q12846,1,Plasma membrane,,Enhanced
STX5,Q13190,1,Golgi apparatus,Nucleoplasm,Supported
STX6,O43752,1,Golgi apparatus,Nucleoplasm,Enhanced
STX7,O15400,1,Lysosomes,,Supported
STX8,Q9UNK0,1,Vesicles,Cytosol,Approved
STXBP1,P61764,1,"Nucleoplasm, Cytosol",,Approved
STXBP2,Q15833,1,Cytosol,,Enhanced
STXBP3,O00186,1,Nucleoplasm,Cytosol,Approved
STXBP4,Q6ZWJ1,1,Plasma membrane,Cytosol,Approved
STXBP5,Q5T5C0,1,Cytosol,,Enhanced
STXBP5L,Q9Y2K9,1,,,
STXBP6,Q8NFX7,1,,,
STYK1,Q6J9G0,1,Plasma membrane,Nucleoplasm,Approved
STYX,Q8WUJ0,1,Nucleoplasm,,Approved
STYXL1,Q9Y6J8,1,,,
STYXL2,Q5VZP5,1,Nucleoplasm,,Approved
SUB1,P53999,1,"Nucleoplasm, Nucleoli",,Supported
SUCLA2,Q9P2R7,1,Mitochondria,,Enhanced
SUCLG1,P53597,1,Mitochondria,"Plasma membrane, Cytosol",Approved
SUCLG2,Q96I99,1,Mitochondria,Plasma membrane,Approved
SUCNR1,Q9BXA5,1,,,
SUCO,Q9UBS9,1,"Nucleoli fibrillar center, Cytosol",,Approved
SUDS3,Q9H7L9,1,"Nuclear bodies, Cytosol",,Supported
SUFU,Q9UMX1,1,Nucleoplasm,,Supported
SUGCT,Q9HAC7,1,,,
SUGP1,Q8IWZ8,1,Nucleoplasm,,Enhanced
SUGP2,Q8IX01,1,Nucleoplasm,Nuclear bodies,Enhanced
SUGT1,Q9Y2Z0,1,"Nucleoplasm, Cytosol",Plasma membrane,Approved
SULF1,Q8IWU6,1,,,
SULF2,Q8IWU5,1,,,
SULT1A1,P50225,1,,,
SULT1A2,P50226,1,,,
SULT1A3,P0DMM9,1,,,
SULT1A4,P0DMN0,1,,,
SULT1B1,O43704,1,Golgi apparatus,Nucleoplasm,Approved
SULT1C2,O00338,1,,,
SULT1C3,Q6IMI6,1,Cytosol,,Approved
SULT1C4,O75897,1,Cytosol,,Approved
SULT1E1,P49888,1,"Nuclear membrane, Cytosol",,Uncertain
SULT2A1,Q06520,1,Cytosol,,Supported
SULT2B1,O00204,1,Vesicles,Cytosol,Enhanced
SULT4A1,Q9BR01,1,,,
SULT6B1,Q6IMI4,1,,,
SUMF1,Q8NBK3,1,,,
SUMF2,Q8NBJ7,1,"Vesicles, Plasma membrane",,Uncertain
SUMO1,P63165,1,"Nucleoplasm, Nuclear membrane","Nucleoli, Nuclear bodies",Supported
SUMO2,P61956,1,"Nucleoplasm, Nuclear bodies",,Approved
SUMO3,P55854,1,"Nucleoplasm, Nuclear bodies",,Enhanced
SUMO4,Q6EEV6,1,"Nucleoplasm, Nuclear bodies",,Approved
SUN1,O94901,1,Nuclear membrane,,Enhanced
SUN2,Q9UH99,1,Nuclear membrane,,Supported
SUN3,Q8TAQ9,1,Golgi apparatus,,Approved
SUN5,Q8TC36,1,,,
SUOX,P51687,1,,,
SUPT16H,Q9Y5B9,1,Nucleoplasm,Nucleoli fibrillar center,Supported
SUPT20H,Q8NEM7,1,Nucleoli fibrillar center,,Approved
SUPT20HL1,,0,,,
SUPT20HL2,P0C7V6,1,,,
SUPT3H,O75486,1,Nucleoplasm,,Supported
SUPT4H1,P63272,1,Nucleoplasm,,Approved
SUPT5H,O00267,1,Nucleoplasm,,Enhanced
SUPT6H,Q7KZ85,1,"Nucleoplasm, Cytosol",Plasma membrane,Approved
SUPT7L,O94864,1,Nucleoplasm,,Supported
SUPV3L1,Q8IYB8,1,Mitochondria,,Supported
SURF1,Q15526,1,,,
SURF2,Q15527,1,"Nucleoli, Nucleoli rim",Nucleoplasm,Enhanced
SURF4,O15260,1,"Nuclear membrane, Endoplasmic reticulum, Golgi apparatus",Cytosol,Supported
SURF6,O75683,1,"Nucleoli, Nucleoli rim","Nucleoplasm, Mitotic chromosome",Enhanced
SUSD1,Q6UWL2,1,Nucleoplasm,,Approved
SUSD2,Q9UGT4,1,Plasma membrane,,Approved
SUSD3,Q96L08,1,,,
SUSD4,Q5VX71,1,Vesicles,,Approved
SUSD5,O60279,1,"Golgi apparatus, Vesicles",,Uncertain
SUSD6,Q92537,1,Nucleoplasm,Intermediate filaments,Approved
SUV39H1,O43463,1,,,
SUV39H2,Q9H5I1,1,Mitochondria,,Uncertain
SUZ12,Q15022,1,"Nucleoplasm, Nucleoli, Nucleoli rim, Nuclear bodies",,Supported
SV2A,Q7L0J3,1,Cytosol,,Approved
SV2B,Q7L1I2,1,,,
SV2C,Q496J9,1,"Nucleoplasm, Vesicles",,Supported
SVBP,Q8N300,1,"Nucleoplasm, Nuclear bodies, Cytosol",,Approved
SVEP1,Q4LDE5,1,,,
SVIL,O95425,1,Plasma membrane,"Actin filaments, Cytosol",Supported
SVIP,Q8NHG7,1,,,
SVOP,Q8N4V2,1,,,
SVOPL,Q8N434,1,,,
SWAP70,Q9UH65,1,Plasma membrane,Actin filaments,Supported
SWI5,,0,"Nucleoplasm, Cytosol",,Supported
SWSAP1,Q6NVH7,1,Nucleoplasm,Cytosol,Approved
SWT1,Q5T5J6,1,Cytosol,,Approved
SYAP1,Q96A49,1,Golgi apparatus,"Nucleoplasm, Cytosol",Enhanced
SYBU,Q9NX95,1,Vesicles,,Supported
SYCE1,Q8N0S2,1,Nucleoplasm,"Vesicles, Cytosol",Approved
SYCE1L,A8MT33,1,Intermediate filaments,,Enhanced
SYCE2,Q6PIF2,1,Nucleoplasm,,Supported
SYCE3,A1L190,1,"Nucleoplasm, Nucleoli, Golgi apparatus",,Approved
SYCN,Q0VAF6,1,,,
SYCP1,Q15431,1,"Nuclear bodies, Cytosol",,Approved
SYCP2,Q9BX26,1,Nucleoplasm,"Plasma membrane, Cytosol",Supported
SYCP2L,Q5T4T6,1,Nucleoplasm,,Supported
SYCP3,Q8IZU3,1,,,
SYDE1,Q6ZW31,1,Nucleoplasm,"Golgi apparatus, Cytosol",Approved
SYDE2,Q5VT97,1,"Nucleoli, Nucleoli rim, Golgi apparatus",,Approved
SYF2,O95926,1,Nuclear speckles,,Supported
SYK,P43405,1,"Plasma membrane, Cytosol",Vesicles,Approved
SYMPK,Q92797,1,Nucleoplasm,"Plasma membrane, Cytosol",Supported
SYN1,P17600,1,,,
SYN2,Q92777,1,Nucleoplasm,,Approved
SYN3,O14994,1,,,
SYNC,Q9H7C4,1,Plasma membrane,"Golgi apparatus, Vesicles",Approved
SYNCRIP,O60506,1,Nucleoplasm,Cytosol,Approved
SYNDIG1,Q9H7V2,1,Vesicles,,Enhanced
SYNDIG1L,A6NDD5,1,,,
SYNE1,Q8NF91,1,"Nucleoplasm, Nuclear membrane",,Supported
SYNE2,Q8WXH0,1,"Nuclear membrane, Intermediate filaments",,Approved
SYNE3,Q6ZMZ3,1,Nuclear membrane,,Supported
SYNE4,Q8N205,1,,,
SYNGAP1,Q96PV0,1,Nucleoplasm,,Approved
SYNGR1,O43759,1,Cytosol,,Supported
SYNGR2,O43760,1,Golgi apparatus,,Approved
SYNGR3,O43761,1,Plasma membrane,,Approved
SYNGR4,O95473,1,Golgi apparatus,,Approved
SYNJ1,O43426,1,"Nucleoplasm, Cytosol",Centrosome,Approved
SYNJ2,O15056,1,Microtubules,Cytosol,Approved
SYNJ2BP,P57105,1,Mitochondria,,Approved
SYNJ2BP-COX16,,0,Mitochondria,,Approved
SYNM,O15061,1,Intermediate filaments,,Supported
SYNPO,Q8N3V7,1,"Plasma membrane, Cytosol",Actin filaments,Supported
SYNPO2,Q9UMS6,1,"Vesicles, Actin filaments",,Enhanced
SYNPO2L,Q9H987,1,,,
SYNPR,Q8TBG9,1,Vesicles,"Nucleoplasm, Cytosol",Approved
SYNRG,Q9UMZ2,1,Cytosol,,Approved
SYP,P08247,1,,,
SYPL1,Q16563,1,,,
SYPL2,Q5VXT5,1,Cytosol,Plasma membrane,Approved
SYS1,Q8N2H4,1,,,
SYT1,P21579,1,,,
SYT10,Q6XYQ8,1,"Nucleoplasm, Vesicles",,Approved
SYT11,Q9BT88,1,,,
SYT12,Q8IV01,1,,,
SYT13,Q7L8C5,1,Vesicles,,Supported
SYT14,Q8NB59,1,Vesicles,,Supported
SYT15,Q9BQS2,1,Golgi apparatus,,Approved
SYT16,Q17RD7,1,Cytosol,,Approved
SYT17,Q9BSW7,1,"Nucleoplasm, Cytosol",,Approved
SYT2,Q8N9I0,1,,,
SYT3,Q9BQG1,1,,,
SYT4,Q9H2B2,1,"Vesicles, Plasma membrane",,Approved
SYT5,O00445,1,,,
SYT6,Q5T7P8,1,Vesicles,,Approved
SYT7,O43581,1,,,
SYT8,Q8NBV8,1,"Nucleoli fibrillar center, Endoplasmic reticulum",,Approved
SYT9,Q86SS6,1,,,
SYTL1,Q8IYJ3,1,,,
SYTL2,Q9HCH5,1,"Nucleoplasm, Golgi apparatus",Plasma membrane,Approved
SYTL3,Q4VX76,1,"Nucleoli fibrillar center, Vesicles",,Approved
SYTL4,Q96C24,1,Vesicles,,Approved
SYTL5,Q8TDW5,1,Nucleoplasm,"Microtubules, Cytosol",Approved
SYVN1,Q86TM6,1,Nucleoplasm,"Endoplasmic reticulum, Plasma membrane",Supported
SZRD1,Q7Z422,1,"Nucleoplasm, Cytosol",,Approved
SZT2,Q5T011,1,"Nucleoplasm, Vesicles, Actin filaments",,Approved
TAAR1,Q96RJ0,1,,,
TAAR2,Q9P1P5,1,,,
TAAR5,O14804,1,,,
TAAR6,Q96RI8,1,,,
TAAR8,Q969N4,1,,,
TAAR9,Q96RI9,1,,,
TAB1,Q15750,1,Nuclear speckles,Cytosol,Enhanced
TAB2,Q9NYJ8,1,,,
TAB3,Q8N5C8,1,"Nuclear speckles, Cytosol",,Approved
TAC1,P20366,1,,,
TAC3,Q9UHF0,1,Vesicles,,Approved
TAC4,Q86UU9,1,,,
TACC1,O75410,1,Cytosol,,Approved
TACC2,O95359,1,"Nucleoplasm, Cytosol",Plasma membrane,Supported
TACC3,Q9Y6A5,1,"Mitotic spindle, Centriolar satellite, Cytosol",Vesicles,Enhanced
TACO1,Q9BSH4,1,Mitochondria,,Enhanced
TACR1,P25103,1,,,
TACR2,P21452,1,Plasma membrane,,Approved
TACR3,P29371,1,,,
TACSTD2,P09758,1,Plasma membrane,"Nucleoli, Vesicles",Supported
TADA1,Q96BN2,1,Nucleoplasm,"Focal adhesion sites, Cytosol",Supported
TADA2A,,0,Nuclear speckles,,Approved
TADA2B,Q86TJ2,1,Nuclear speckles,,Approved
TADA3,O75528,1,Nucleoplasm,,Supported
TAF1,P21675,1,Nucleoplasm,,Supported
TAF10,Q12962,1,Nucleoplasm,,Supported
TAF11,Q15544,1,Nucleoplasm,Golgi apparatus,Supported
TAF11L10,,0,,,
TAF11L11,,0,,,
TAF11L12,,0,,,
TAF11L13,,0,,,
TAF11L14,,0,,,
TAF11L2,A6NLC8,1,,,
TAF11L3,,0,,,
TAF11L4,,0,,,
TAF11L5,,0,,,
TAF11L6,,0,,,
TAF11L7,,0,,,
TAF11L8,,0,,,
TAF11L9,,0,,,
TAF12,Q16514,1,,,
TAF13,Q15543,1,Nucleoplasm,Nucleoli,Enhanced
TAF15,Q92804,1,Nucleoplasm,,Enhanced
TAF1A,Q15573,1,Nucleoplasm,,Supported
TAF1B,Q53T94,1,Nucleoli,Nucleoplasm,Supported
TAF1C,Q15572,1,"Nucleoplasm, Nucleoli fibrillar center",,Supported
TAF1D,Q9H5J8,1,Nucleoplasm,"Nucleoli, Mitotic spindle, Centriolar satellite",Supported
TAF1L,Q8IZX4,1,,,
TAF2,Q6P1X5,1,,,
TAF3,Q5VWG9,1,"Nucleoplasm, Nuclear membrane",,Supported
TAF4,O00268,1,Nucleoplasm,,Enhanced
TAF4B,Q92750,1,Nucleoplasm,Nucleoli fibrillar center,Supported
TAF5,Q15542,1,Nucleoplasm,,Supported
TAF5L,O75529,1,Nuclear speckles,Cytoplasmic bodies,Supported
TAF6,P49848,1,Nucleoplasm,Cytosol,Supported
TAF6L,Q9Y6J9,1,Nucleoplasm,,Supported
TAF7,Q15545,1,Nucleoplasm,Golgi apparatus,Approved
TAF7L,Q5H9L4,1,Nucleoplasm,Cytosol,Approved
TAF8,Q7Z7C8,1,Nucleoplasm,,Enhanced
TAF9,Q16594,1,Nucleoplasm,,Enhanced
TAF9B,Q9HBM6,1,Nucleoplasm,,Approved
TAFA1,Q7Z5A9,1,,,
TAFA2,Q8N3H0,1,,,
TAFA3,Q7Z5A8,1,,,
TAFA4,Q96LR4,1,,,
TAFA5,Q7Z5A7,1,,,
TAGAP,Q8N103,1,Cytosol,,Approved
TAGLN,Q01995,1,"Mitochondria, Cytosol","Nucleoplasm, Microtubules",Approved
TAGLN2,P37802,1,Cytosol,Actin filaments,Approved
TAGLN3,Q9UI15,1,,,
TAL1,P17542,1,Nucleoplasm,,Enhanced
TAL2,Q16559,1,Cytosol,,Approved
TALDO1,P37837,1,Cytosol,,Approved
TAMALIN,Q7Z6J2,1,Vesicles,Nuclear bodies,Approved
TAMM41,Q96BW9,1,Cytosol,,Approved
TANC1,Q9C0D5,1,,,
TANC2,Q9HCD6,1,Cytosol,,Approved
TANGO2,Q6ICL3,1,,,
TANGO6,Q9C0B7,1,Golgi apparatus,Cytosol,Approved
TANK,Q92844,1,Cytosol,Nucleoli,Supported
TAOK1,Q7L7X3,1,Vesicles,,Uncertain
TAOK2,Q9UL54,1,"Nucleoplasm, Cytosol",Nucleoli,Approved
TAOK3,Q9H2K8,1,Mitochondria,,Uncertain
TAP1,Q03518,1,"Endoplasmic reticulum, Centriolar satellite",,Approved
TAP2,Q03519,1,Endoplasmic reticulum,Nuclear speckles,Supported
TAPBP,O15533,1,,,
TAPBPL,Q9BX59,1,,,
TAPT1,Q6NXT6,1,Centrosome,"Nucleoplasm, Cytosol",Supported
TARBP1,Q13395,1,Nuclear speckles,,Approved
TARBP2,Q15633,1,Nucleoplasm,Nuclear bodies,Supported
TARDBP,Q13148,1,Nucleoplasm,,Enhanced
TARM1,B6A8C7,1,,,
TARS1,P26639,1,Cytosol,Actin filaments,Approved
TARS2,Q9BW92,1,"Nucleoplasm, Cytosol",,Approved
TARS3,A2RTX5,1,Cytosol,,Approved
TAS1R1,Q7RTX1,1,,,
TAS1R2,Q8TE23,1,,,
TAS1R3,Q7RTX0,1,,,
TAS2R1,Q9NYW7,1,,,
TAS2R10,Q9NYW0,1,"Vesicles, Plasma membrane",Actin filaments,Approved
TAS2R13,Q9NYV9,1,,,
TAS2R14,Q9NYV8,1,,,
TAS2R16,Q9NYV7,1,,,
TAS2R19,P59542,1,,,
TAS2R20,P59543,1,,,
TAS2R3,Q9NYW6,1,,,
TAS2R30,P59541,1,,,
TAS2R31,P59538,1,,,
TAS2R38,P59533,1,,,
TAS2R39,P59534,1,,,
TAS2R4,Q9NYW5,1,,,
TAS2R40,P59535,1,,,
TAS2R41,P59536,1,,,
TAS2R42,Q7RTR8,1,,,
TAS2R43,P59537,1,,,
TAS2R46,P59540,1,,,
TAS2R5,Q9NYW4,1,"Nucleoplasm, Nucleoli",Cytoplasmic bodies,Approved
TAS2R50,P59544,1,,,
TAS2R60,P59551,1,,,
TAS2R7,Q9NYW3,1,,,
TAS2R8,Q9NYW2,1,,,
TAS2R9,Q9NYW1,1,,,
TASL,Q9HAI6,1,Nucleoplasm,Vesicles,Supported
TASOR,Q9UK61,1,Nucleoplasm,,Enhanced
TASOR2,Q5VWN6,1,Nucleoplasm,Cytosol,Enhanced
TASP1,Q9H6P5,1,Plasma membrane,,Approved
TAT,P17735,1,,,
TATDN1,Q6P1N9,1,Nucleoplasm,,Supported
TATDN2,Q93075,1,Nuclear speckles,,Approved
TATDN3,Q17R31,1,Nucleoplasm,"Golgi apparatus, Focal adhesion sites",Approved
TAX1BP1,Q86VP1,1,Cytosol,Nucleoplasm,Approved
TAX1BP3,O14907,1,Nucleoli fibrillar center,"Vesicles, Actin filaments",Supported
TAZ,Q16635,1,Plasma membrane,,Approved
TBATA,Q96M53,1,,,
TBC1D1,Q86TI0,1,Nucleoli,,Supported
TBC1D10A,Q9BXI6,1,Plasma membrane,,Enhanced
TBC1D10B,Q4KMP7,1,,,
TBC1D10C,Q8IV04,1,Nuclear bodies,,Approved
TBC1D12,O60347,1,"Nucleoplasm, Nuclear speckles",,Approved
TBC1D13,Q9NVG8,1,Nucleoli,,Approved
TBC1D14,Q9P2M4,1,"Golgi apparatus, Vesicles",Nucleoplasm,Supported
TBC1D15,Q8TC07,1,"Mitochondria, Cytosol",,Supported
TBC1D16,Q8TBP0,1,Intermediate filaments,,Approved
TBC1D17,Q9HA65,1,,,
TBC1D19,Q8N5T2,1,"Nucleoplasm, Nuclear membrane",,Approved
TBC1D2,Q9BYX2,1,"Nucleoplasm, Plasma membrane, Cytosol",,Approved
TBC1D20,Q96BZ9,1,,,
TBC1D21,Q8IYX1,1,,,
TBC1D22A,Q8WUA7,1,Golgi apparatus,"Nucleoplasm, Vesicles",Approved
TBC1D22B,Q9NU19,1,"Nucleoplasm, Cytosol",,Uncertain
TBC1D23,Q9NUY8,1,Golgi apparatus,,Enhanced
TBC1D24,Q9ULP9,1,"Plasma membrane, Cell Junctions",,Supported
TBC1D25,Q3MII6,1,,,
TBC1D26,Q86UD7,1,Vesicles,Nucleoplasm,Approved
TBC1D28,Q2M2D7,1,Vesicles,Nucleoplasm,Approved
TBC1D2B,Q9UPU7,1,Cytosol,,Enhanced
TBC1D3,Q8IZP1,1,Vesicles,,Uncertain
TBC1D30,Q9Y2I9,1,Plasma membrane,Cytosol,Supported
TBC1D31,Q96DN5,1,Centrosome,,Approved
TBC1D32,Q96NH3,1,Mitochondria,,Approved
TBC1D3B,A6NDS4,1,Vesicles,,Uncertain
TBC1D3C,Q6IPX1,1,Vesicles,,Uncertain
TBC1D3D,A0A087WVF3,1,Vesicles,,Uncertain
TBC1D3E,A0A087X179,1,Vesicles,,Uncertain
TBC1D3F,,0,Vesicles,,Uncertain
TBC1D3G,Q6DHY5,1,Vesicles,,Approved
TBC1D3H,P0C7X1,1,Vesicles,,Approved
TBC1D3I,A0A087WXS9,1,Vesicles,,Uncertain
TBC1D3K,A0A087X1G2,1,Vesicles,,Uncertain
TBC1D3L,B9A6J9,1,Vesicles,,Uncertain
TBC1D4,O60343,1,Cytosol,,Enhanced
TBC1D5,Q92609,1,Vesicles,Golgi apparatus,Supported
TBC1D7,Q9P0N9,1,,,
TBC1D8,O95759,1,"Nucleoplasm, Nuclear speckles",,Approved
TBC1D8B,Q0IIM8,1,Cytosol,,Approved
TBC1D9,Q6ZT07,1,Cytosol,,Approved
TBC1D9B,Q66K14,1,Plasma membrane,"Nucleoplasm, Nucleoli fibrillar center",Approved
TBCA,O75347,1,Microtubules,Nucleoli,Supported
TBCB,Q99426,1,Cytosol,,Supported
TBCC,Q15814,1,Cytosol,,Supported
TBCCD1,Q9NVR7,1,,,
TBCD,Q9BTW9,1,,,
TBCE,Q15813,1,,,
TBCE,Q15813,1,,,
TBCEL,Q5QJ74,1,Cytosol,,Uncertain
TBCEL-TECTA,,0,Cytosol,,Uncertain
TBCK,Q8TEA7,1,"Nucleoplasm, Nucleoli fibrillar center",,Approved
TBK1,Q9UHD2,1,Nucleoplasm,Vesicles,Enhanced
TBKBP1,A7MCY6,1,Nucleoplasm,,Approved
TBL1X,O60907,1,Nucleoplasm,Nucleoli,Approved
TBL1XR1,Q9BZK7,1,Nucleoplasm,,Approved
TBL1Y,Q9BQ87,1,Nucleoplasm,,Supported
TBL2,Q9Y4P3,1,Cytosol,,Supported
TBL3,Q12788,1,Nucleoli,,Enhanced
TBP,P20226,1,Nucleoplasm,,Supported
TBPL1,P62380,1,Nucleoplasm,Nucleoli,Supported
TBPL2,Q6SJ96,1,,,
TBR1,Q16650,1,,,
TBRG1,Q3YBR2,1,Nucleoplasm,,Supported
TBRG4,Q969Z0,1,Mitochondria,,Enhanced
TBX1,O43435,1,"Nuclear bodies, Cytoplasmic bodies",,Approved
TBX10,O75333,1,Nucleoplasm,Cytosol,Approved
TBX15,Q96SF7,1,Nucleoplasm,Centrosome,Approved
TBX18,O95935,1,Nucleoplasm,,Supported
TBX19,O60806,1,Nuclear speckles,,Approved
TBX2,Q13207,1,Nucleoplasm,Cytosol,Approved
TBX20,Q9UMR3,1,Nucleoli fibrillar center,,Approved
TBX21,Q9UL17,1,,,
TBX22,Q9Y458,1,,,
TBX3,O15119,1,Nucleoplasm,Cytosol,Supported
TBX4,P57082,1,Vesicles,,Approved
TBX5,Q99593,1,Nucleoplasm,,Approved
TBX6,O95947,1,Nucleoplasm,,Approved
TBXA2R,P21731,1,Plasma membrane,Nuclear speckles,Supported
TBXAS1,P24557,1,"Endoplasmic reticulum, Cytosol",,Approved
TBXT,O15178,1,Nucleoplasm,,Supported
TC2N,Q8N9U0,1,"Nucleoplasm, Nuclear bodies",,Approved
TCAF1,Q9Y4C2,1,Cell Junctions,"Nuclear bodies, Vesicles",Approved
TCAF2,A6NFQ2,1,"Plasma membrane, Cell Junctions",,Supported
TCAF2C,,0,"Plasma membrane, Cell Junctions",,Supported
TCAIM,Q8N3R3,1,,,
TCAP,O15273,1,,,
TCEA1,P23193,1,Nucleoplasm,Nucleoli,Supported
TCEA2,Q15560,1,Nucleoplasm,Centrosome,Supported
TCEA3,O75764,1,Nucleoplasm,Vesicles,Approved
TCEAL1,Q15170,1,Nucleoplasm,,Enhanced
TCEAL2,Q9H3H9,1,Nuclear speckles,Cytosol,Approved
TCEAL3,Q969E4,1,Nucleoplasm,,Uncertain
TCEAL4,Q96EI5,1,,,
TCEAL5,Q5H9L2,1,Nucleoplasm,,Approved
TCEAL6,Q6IPX3,1,Nucleoplasm,,Uncertain
TCEAL7,Q9BRU2,1,Nucleoplasm,,Supported
TCEAL8,Q8IYN2,1,Nucleoplasm,,Approved
TCEAL9,Q9UHQ7,1,"Nucleoplasm, Cytosol",,Approved
TCEANC,Q8N8B7,1,Nuclear speckles,,Approved
TCEANC2,Q96MN5,1,Nucleoplasm,Vesicles,Approved
TCERG1,O14776,1,Nucleoplasm,,Enhanced
TCERG1L,Q5VWI1,1,Nucleoplasm,Cytosol,Approved
TCF12,Q99081,1,"Nucleoplasm, Nuclear speckles",,Supported
TCF15,Q12870,1,Nuclear speckles,,Supported
TCF19,Q9Y242,1,Nucleoplasm,Nucleoli,Approved
TCF20,Q9UGU0,1,Nucleoplasm,Nuclear bodies,Supported
TCF21,O43680,1,Nucleoplasm,,Supported
TCF23,Q7RTU1,1,Nuclear speckles,,Approved
TCF24,Q7RTU0,1,,,
TCF25,Q9BQ70,1,,,
TCF3,P15923,1,Nucleoplasm,,Enhanced
TCF4,P15884,1,"Nucleoplasm, Cytosol",,Supported
TCF7,P36402,1,Nucleoplasm,,Enhanced
TCF7L1,Q9HCS4,1,Nucleoplasm,Cytosol,Supported
TCF7L2,Q9NQB0,1,"Nucleoplasm, Nuclear bodies",Cytosol,Approved
TCFL5,Q9UL49,1,Nucleoplasm,,Supported
TCHH,Q07283,1,,,
TCHHL1,Q5QJ38,1,"Nuclear membrane, Nucleoli",,Approved
TCHP,Q9BT92,1,"Plasma membrane, Centrosome, Cytosol",,Supported
TCIM,Q9NR00,1,Nucleoplasm,"Plasma membrane, Cytosol",Approved
TCIRG1,Q13488,1,Mitochondria,,Approved
TCL1A,P56279,1,"Endoplasmic reticulum, Cytosol",Nucleoplasm,Enhanced
TCL1B,O95988,1,Cytosol,,Approved
TCN1,P20061,1,,,
TCN2,P20062,1,Cytosol,,Approved
TCOF1,Q13428,1,Nucleoli fibrillar center,,Enhanced
TCP1,P17987,1,,,
TCP10L,Q8TDR4,1,,,
TCP10L2,B9ZVM9,1,,,
TCP11,Q8WWU5,1,,,
TCP11L1,Q9NUJ3,1,Cytosol,Golgi apparatus,Approved
TCP11L2,Q8N4U5,1,Nuclear speckles,,Supported
TCP11X1,,0,,,
TCP11X2,,0,,,
TCTA,P57738,1,Cytosol,,Approved
TCTE1,Q5JU00,1,Vesicles,,Uncertain
TCTEX1D1,Q8N7M0,1,,,
TCTEX1D4,Q5JR98,1,Vesicles,,Supported
TCTN1,Q2MV58,1,"Nucleoplasm, Actin filaments",,Approved
TCTN2,Q96GX1,1,Golgi apparatus,,Uncertain
TCTN3,Q6NUS6,1,Microtubules,,Approved
TDG,Q13569,1,Nucleoplasm,Plasma membrane,Supported
TDGF1,P13385,1,Vesicles,Cytosol,Uncertain
TDO2,P48775,1,"Plasma membrane, Cytosol",,Approved
TDP1,Q9NUW8,1,Nucleoplasm,Plasma membrane,Supported
TDP2,O95551,1,"Nucleoplasm, Nuclear bodies",,Supported
TDRD1,Q9BXT4,1,,,
TDRD10,Q5VZ19,1,Vesicles,,Approved
TDRD12,Q587J7,1,,,
TDRD15,B5MCY1,1,,,
TDRD3,Q9H7E2,1,Nucleoplasm,"Golgi apparatus, Cytosol",Enhanced
TDRD5,Q8NAT2,1,,,
TDRD6,O60522,1,"Microtubules, Cytokinetic bridge, Mitotic spindle",Vesicles,Approved
TDRD7,Q8NHU6,1,Cytoplasmic bodies,Nucleoplasm,Supported
TDRD9,Q8NDG6,1,,,
TDRKH,Q9Y2W6,1,Cytosol,Centrosome,Approved
TDRP,Q86YL5,1,"Vesicles, Cytosol",,Supported
TEAD1,P28347,1,Nucleoplasm,,Enhanced
TEAD2,Q15562,1,Nucleoplasm,,Supported
TEAD3,Q99594,1,,,
TEAD4,Q15561,1,Nucleoplasm,,Supported
TEC,P42680,1,Plasma membrane,,Supported
TECPR1,Q7Z6L1,1,Vesicles,,Supported
TECPR2,O15040,1,Nucleoplasm,"Nucleoli, Centrosome",Approved
TECR,Q9NZ01,1,Endoplasmic reticulum,,Supported
TECRL,Q5HYJ1,1,,,
TECTA,O75443,1,,,
TECTB,Q96PL2,1,,,
TEDC1,Q86SX3,1,Golgi apparatus,"Nucleoplasm, Cytosol",Approved
TEDC2,Q7L2K0,1,"Nucleoplasm, Cell Junctions",,Approved
TEDDM1,Q5T9Z0,1,,,
TEF,Q10587,1,,,
TEFM,Q96QE5,1,Mitochondria,,Enhanced
TEK,Q02763,1,Plasma membrane,Centriolar satellite,Supported
TEKT1,Q969V4,1,,,
TEKT2,Q9UIF3,1,Microtubules,Mitotic spindle,Approved
TEKT3,Q9BXF9,1,Plasma membrane,Nucleoplasm,Approved
TEKT4,Q8WW24,1,Intermediate filaments,,Uncertain
TEKT5,Q96M29,1,Actin filaments,,Approved
TELO2,Q9Y4R8,1,"Nuclear bodies, Cytosol",,Supported
TEN1,Q86WV5,1,Nucleoplasm,,Supported
TENM1,Q9UKZ4,1,,,
TENM2,Q9NT68,1,Nucleoli,,Approved
TENM3,Q9P273,1,Nucleoplasm,,Approved
TENM4,Q6N022,1,,,
TENT2,Q6PIY7,1,Cytosol,,Approved
TENT4A,Q5XG87,1,Nucleoplasm,"Nuclear membrane, Golgi apparatus",Supported
TENT4B,Q8NDF8,1,Cytosol,"Nucleoli, Plasma membrane",Supported
TENT5A,Q96IP4,1,Nucleoplasm,Cytosol,Approved
TENT5B,Q96A09,1,,,
TENT5C,Q5VWP2,1,Nucleoplasm,,Supported
TENT5D,Q8NEK8,1,,,
TEP1,Q99973,1,Nucleoplasm,Vesicles,Supported
TEPP,Q6URK8,1,,,
TEPSIN,Q96N21,1,"Nuclear membrane, Nuclear speckles, Golgi apparatus",,Approved
TERB1,Q8NA31,1,Nucleoplasm,"Cell Junctions, Cytosol",Supported
TERB2,Q8NHR7,1,Nucleoli,Nucleoplasm,Uncertain
TERF1,P54274,1,Nucleoli fibrillar center,Nuclear bodies,Approved
TERF2,Q15554,1,"Nucleoplasm, Nuclear bodies",,Enhanced
TERF2IP,Q9NYB0,1,"Nucleoplasm, Nuclear bodies",,Approved
TERT,O14746,1,Nucleoplasm,"Nuclear speckles, Cytosol",Supported
TES,Q9UGI8,1,"Focal adhesion sites, Cytosol","Plasma membrane, Cell Junctions",Supported
TESC,Q96BS2,1,Nucleoplasm,Cytosol,Supported
TESK1,Q15569,1,,,
TESK2,Q96S53,1,Nucleoplasm,,Enhanced
TESMIN,Q9Y4I5,1,Nucleoplasm,"Vesicles, Cytosol",Approved
TESPA1,A2RU30,1,Cytosol,,Supported
TET1,Q8NFU7,1,Nucleoplasm,Nuclear membrane,Supported
TET2,Q6N021,1,Nucleoplasm,,Approved
TET3,O43151,1,Nucleoplasm,"Vesicles, Cytosol",Approved
TEX10,Q9NXF1,1,Nucleoplasm,Mitochondria,Approved
TEX101,Q9BY14,1,,,
TEX11,Q8IYF3,1,,,
TEX12,Q9BXU0,1,,,
TEX13A,Q9BXU3,1,,,
TEX13B,Q9BXU2,1,,,
TEX13C,A0A0J9YWL9,1,,,
TEX13D,A0A0J9YY54,1,,,
TEX14,Q8IWB6,1,Cytosol,"Vesicles, Plasma membrane",Approved
TEX15,Q9BXT5,1,"Nucleoplasm, Cytosol",,Approved
TEX19,Q8NA77,1,,,
TEX2,Q8IWB9,1,Nucleoplasm,,Approved
TEX22,C9J3V5,1,,,
TEX26,Q8N6G2,1,Golgi apparatus,,Approved
TEX261,Q6UWH6,1,Nucleoplasm,Cytosol,Uncertain
TEX264,Q9Y6I9,1,Endoplasmic reticulum,,Supported
TEX28,O15482,1,,,
TEX29,Q8N6K0,1,,,
TEX30,Q5JUR7,1,,,
TEX33,O43247,1,,,
TEX35,Q5T0J7,1,,,
TEX36,Q5VZQ5,1,Vesicles,Cytosol,Approved
TEX37,Q96LM6,1,Cytosol,,Supported
TEX38,Q6PEX7,1,Vesicles,,Approved
TEX43,Q6ZNM6,1,,,
TEX44,Q53QW1,1,,,
TEX45,Q8NA69,1,,,
TEX46,H3BTG2,1,,,
TEX47,Q8TBZ9,1,Nucleoplasm,,Uncertain
TEX48,A0A1B0GUV7,1,,,
TEX49,A0A1B0GTD5,1,Nucleoplasm,Nuclear bodies,Approved
TEX50,A0A1B0GTY4,1,,,
TEX51,A0A1B0GUA7,1,,,
TEX52,A6NCN8,1,Nucleoplasm,Cytosol,Approved
TEX53,A0A1B0GU33,1,,,
TEX54,A0A1B0GVG6,1,,,
TEX55,Q96M34,1,Vesicles,,Approved
TEX9,Q8N6V9,1,Cytosol,Plasma membrane,Approved
TF,P02787,1,,,
TFAM,Q00059,1,Mitochondria,,Enhanced
TFAP2A,P05549,1,Nucleoplasm,,Enhanced
TFAP2B,Q92481,1,Nucleoplasm,,Approved
TFAP2C,Q92754,1,Nucleoplasm,,Supported
TFAP2D,Q7Z6R9,1,Nucleoplasm,"Golgi apparatus, Vesicles",Uncertain
TFAP2E,Q6VUC0,1,,,
TFAP4,Q01664,1,"Nucleoplasm, Mitochondria",,Approved
TFB1M,Q8WVM0,1,,,
TFB2M,Q9H5Q4,1,Mitochondria,,Enhanced
TFCP2,Q12800,1,Nucleoplasm,Cytosol,Supported
TFCP2L1,Q9NZI6,1,Nucleoli fibrillar center,Mitochondria,Approved
TFDP1,Q14186,1,Nucleoplasm,"Nuclear membrane, Cytosol",Approved
TFDP2,Q14188,1,Nucleoplasm,"Vesicles, Mitotic spindle",Supported
TFDP3,Q5H9I0,1,"Nucleoplasm, Nuclear membrane",Cytosol,Supported
TFE3,P19532,1,"Nucleoplasm, Cytosol",,Approved
TFEB,P19484,1,Cytosol,,Supported
TFEC,O14948,1,Nucleoplasm,Cytosol,Supported
TFF1,P04155,1,,,
TFF2,Q03403,1,,,
TFF3,Q07654,1,Nucleoplasm,Nucleoli,Approved
TFG,Q92734,1,Vesicles,Cytosol,Supported
TFIP11,Q9UBB9,1,Nucleoplasm,Cytosol,Approved
TFPI,P10646,1,,,
TFPI2,P48307,1,,,
TFPT,P0C1Z6,1,Nucleoplasm,,Supported
TFR2,Q9UP52,1,Golgi apparatus,,Approved
TFRC,P02786,1,"Endosomes, Lysosomes",,Supported
TG,P01266,1,,,
TGDS,O95455,1,Nucleoplasm,"Nucleoli, Cytosol",Approved
TGFA,P01135,1,Vesicles,,Approved
TGFB1,,0,Golgi apparatus,Cytosol,Approved
TGFB1I1,O43294,1,Focal adhesion sites,"Vesicles, Cytosol",Supported
TGFB2,P61812,1,Vesicles,,Approved
TGFB3,P10600,1,Vesicles,,Approved
TGFBI,Q15582,1,,,
TGFBR1,P36897,1,Plasma membrane,,Supported
TGFBR2,P37173,1,Plasma membrane,,Supported
TGFBR3,Q03167,1,Cytosol,,Approved
TGFBR3L,H3BV60,1,Vesicles,,Approved
TGFBRAP1,Q8WUH2,1,Vesicles,,Approved
TGIF1,Q15583,1,Nucleoplasm,,Supported
TGIF2,Q9GZN2,1,Nucleoplasm,Centrosome,Enhanced
TGIF2-RAB5IF,,0,Mitochondria,,Approved
TGIF2LX,Q8IUE1,1,Nucleoplasm,,Approved
TGIF2LY,Q8IUE0,1,,,
TGM1,P22735,1,"Vesicles, Plasma membrane",,Approved
TGM2,P21980,1,Cytosol,Plasma membrane,Approved
TGM3,Q08188,1,,,
TGM4,P49221,1,,,
TGM5,O43548,1,,,
TGM6,O95932,1,,,
TGM7,Q96PF1,1,,,
TGOLN2,O43493,1,Golgi apparatus,Nucleoplasm,Enhanced
TGS1,Q96RS0,1,Cytosol,,Supported
TH,P07101,1,Cytosol,,Approved
THADA,Q6YHU6,1,Cytosol,,Approved
THAP1,Q9NVV9,1,Nucleoplasm,,Supported
THAP10,Q9P2Z0,1,Nucleoplasm,"Golgi apparatus, Cytosol",Approved
THAP11,Q96EK4,1,Nucleoplasm,Cytosol,Supported
THAP12,O43422,1,Cytosol,,Approved
THAP2,Q9H0W7,1,Golgi apparatus,Nucleoplasm,Approved
THAP3,Q8WTV1,1,Nucleoplasm,"Nucleoli, Mitochondria",Approved
THAP4,Q8WY91,1,"Nucleoplasm, Cytosol",,Supported
THAP5,Q7Z6K1,1,Nucleoplasm,,Supported
THAP6,Q8TBB0,1,Centrosome,Nucleoplasm,Approved
THAP7,Q9BT49,1,Nucleoplasm,"Nuclear membrane, Vesicles",Supported
THAP8,Q8NA92,1,Nucleoplasm,,Enhanced
THAP9,Q9H5L6,1,Mitochondria,,Approved
THBD,P07204,1,"Nucleoplasm, Cytosol",,Approved
THBS1,P07996,1,Plasma membrane,,Approved
THBS2,P35442,1,Plasma membrane,"Nuclear speckles, Cytosol",Approved
THBS3,P49746,1,Vesicles,,Approved
THBS4,P35443,1,Vesicles,,Approved
THEG,Q9P2T0,1,,,
THEGL,P0DJG4,1,Plasma membrane,,Approved
THEM4,Q5T1C6,1,,,
THEM5,Q8N1Q8,1,,,
THEM6,Q8WUY1,1,"Nuclear speckles, Cytosol",,Approved
THEMIS,Q8N1K5,1,Cytosol,Nucleoplasm,Approved
THEMIS2,Q5TEJ8,1,Nucleoplasm,,Approved
THG1L,Q9NWX6,1,,,
THNSL1,Q8IYQ7,1,"Nuclear bodies, Cytosol",Mitochondria,Approved
THNSL2,Q86YJ6,1,,,
THOC1,Q96FV9,1,Nuclear speckles,,Enhanced
THOC2,Q8NI27,1,Nucleoplasm,,Approved
THOC3,Q96J01,1,Nucleoplasm,Vesicles,Supported
THOC5,Q13769,1,Nucleoplasm,,Supported
THOC6,Q86W42,1,"Nucleoplasm, Nuclear speckles",,Supported
THOC7,Q6I9Y2,1,"Nuclear speckles, Cytosol",,Supported
THOP1,P52888,1,Cytosol,,Supported
THPO,P40225,1,,,
THRA,P10827,1,Cytosol,,Supported
THRAP3,Q9Y2W1,1,Nuclear speckles,,Enhanced
THRB,P10828,1,Nuclear bodies,,Supported
THRSP,Q92748,1,Nucleoplasm,,Approved
THSD1,Q9NS62,1,Cytosol,,Supported
THSD4,Q6ZMP0,1,,,
THSD7A,Q9UPZ6,1,,,
THSD7B,Q9C0I4,1,Nucleoplasm,Cytosol,Approved
THSD8,A0A1W2PP97,1,,,
THTPA,Q9BU02,1,Nucleoplasm,Nucleoli,Uncertain
THUMPD1,Q9NXG2,1,Cytosol,,Approved
THUMPD2,Q9BTF0,1,Nucleoplasm,,Uncertain
THUMPD3,Q9BV44,1,Cytosol,Nucleoli,Enhanced
THY1,P04216,1,Nucleoplasm,Plasma membrane,Approved
THYN1,Q9P016,1,"Nucleoplasm, Nucleoli fibrillar center",Cytosol,Supported
TIA1,P31483,1,Nucleoplasm,Cytosol,Supported
TIAF1,O95411,1,,,
TIAL1,Q01085,1,Nucleoplasm,Cytosol,Supported
TIAM1,Q13009,1,"Nucleoplasm, Cell Junctions","Nuclear membrane, Cytokinetic bridge, Cytosol",Supported
TIAM2,Q8IVF5,1,"Nucleoplasm, Nucleoli fibrillar center",Cytosol,Supported
TICAM1,Q8IUC6,1,"Nucleoplasm, Nucleoli",Plasma membrane,Uncertain
TICAM2,Q86XR7,1,,,
TICRR,Q7Z2Z1,1,Nucleoplasm,,Supported
TIE1,P35590,1,,,
TIFA,Q96CG3,1,"Nucleoplasm, Nucleoli",Cytosol,Approved
TIFAB,Q6ZNK6,1,,,
TIGAR,Q9NQ88,1,Cytosol,,Supported
TIGD1,Q96MW7,1,"Nucleoli rim, Mitotic chromosome","Nucleoplasm, Nuclear bodies",Approved
TIGD2,Q4W5G0,1,Nuclear bodies,,Approved
TIGD3,Q6B0B8,1,"Nucleoplasm, Nuclear membrane",,Approved
TIGD4,Q8IY51,1,Cytosol,Nucleoplasm,Approved
TIGD5,Q53EQ6,1,,,
TIGD6,Q17RP2,1,Nucleoplasm,"Vesicles, Actin filaments",Approved
TIGD7,Q6NT04,1,"Plasma membrane, Cytosol",,Supported
TIGIT,Q495A1,1,,,
TIMD4,Q96H15,1,Plasma membrane,,Approved
TIMELESS,Q9UNS1,1,Nucleoplasm,,Supported
TIMM10,P62072,1,Mitochondria,,Enhanced
TIMM10B,Q9Y5J6,1,,,
TIMM13,Q9Y5L4,1,Mitochondria,Nucleoli fibrillar center,Supported
TIMM17A,Q99595,1,"Nucleoplasm, Mitochondria",,Supported
TIMM17B,O60830,1,Microtubules,Mitochondria,Approved
TIMM21,Q9BVV7,1,,,
TIMM22,Q9Y584,1,,,
TIMM23,O14925,1,Mitochondria,,Supported
TIMM23B,Q5SRD1,1,,,
TIMM23B-AGAP6,,0,,,
TIMM29,Q9BSF4,1,Mitochondria,Nucleoplasm,Supported
TIMM44,O43615,1,Mitochondria,,Enhanced
TIMM50,Q3ZCQ8,1,"Nucleoplasm, Mitochondria",,Supported
TIMM8A,O60220,1,Mitochondria,,Supported
TIMM8B,Q9Y5J9,1,,,
TIMM9,Q9Y5J7,1,Mitochondria,,Supported
TIMMDC1,Q9NPL8,1,Mitochondria,Nucleoplasm,Enhanced
TIMP1,P01033,1,"Golgi apparatus, Vesicles",,Approved
TIMP2,P16035,1,,,
TIMP3,P35625,1,Vesicles,Golgi apparatus,Approved
TIMP4,Q99727,1,,,
TINAG,Q9UJW2,1,,,
TINAGL1,Q9GZM7,1,,,
TINCR,,0,,,
TINF2,Q9BSI4,1,Nuclear bodies,,Enhanced
TIPARP,Q7Z3E1,1,Microtubules,,Approved
TIPIN,Q9BVW5,1,,,
TIPRL,O75663,1,Vesicles,,Approved
TIRAP,P58753,1,"Nucleoplasm, Cytokinetic bridge, Cytosol",,Approved
TJAP1,Q5JTD0,1,Golgi apparatus,,Enhanced
TJP1,Q07157,1,Cell Junctions,,Enhanced
TJP2,Q9UDY2,1,"Plasma membrane, Cell Junctions",Nucleoplasm,Enhanced
TJP3,O95049,1,"Nucleoplasm, Cell Junctions",Plasma membrane,Enhanced
TK1,P04183,1,,,
TK2,O00142,1,,,
TKFC,Q3LXA3,1,Cytosol,Nucleoplasm,Approved
TKT,P29401,1,Nucleoplasm,,Enhanced
TKTL1,P51854,1,Cytosol,,Enhanced
TKTL2,Q9H0I9,1,,,
TLCD1,Q96CP7,1,,,
TLCD2,A6NGC4,1,Vesicles,,Approved
TLCD3A,Q8TBR7,1,,,
TLCD3B,Q71RH2,1,,,
TLCD4,Q96MV1,1,Nuclear speckles,,Approved
TLCD4-RWDD3,,0,,,
TLCD5,Q6ZRR5,1,Vesicles,Cytosol,Approved
TLDC2,A0PJX2,1,,,
TLE1,Q04724,1,Nucleoplasm,,Supported
TLE2,Q04725,1,Nuclear bodies,Focal adhesion sites,Supported
TLE3,Q04726,1,Nucleoplasm,,Supported
TLE4,Q04727,1,Nucleoplasm,,Supported
TLE5,Q08117,1,Nucleoplasm,,Approved
TLE6,Q9H808,1,,,
TLE7,A0A1W2PR48,1,,,
TLK1,Q9UKI8,1,Nucleoplasm,,Supported
TLK2,Q86UE8,1,,,
TLL1,O43897,1,Vesicles,,Approved
TLL2,Q9Y6L7,1,,,
TLN1,Q9Y490,1,"Focal adhesion sites, Cytosol","Plasma membrane, Centriolar satellite",Supported
TLN2,Q9Y4G6,1,"Focal adhesion sites, Cytosol",,Supported
TLNRD1,Q9H1K6,1,"Nucleoplasm, Cytoplasmic bodies",,Approved
TLR1,Q15399,1,,,
TLR10,Q9BXR5,1,Plasma membrane,Endoplasmic reticulum,Approved
TLR2,O60603,1,"Nucleoplasm, Mitochondria",,Supported
TLR3,O15455,1,,,
TLR4,O00206,1,Plasma membrane,Golgi apparatus,Supported
TLR5,O60602,1,Golgi apparatus,"Nucleoplasm, Cytosol",Approved
TLR6,Q9Y2C9,1,Endoplasmic reticulum,,Approved
TLR7,Q9NYK1,1,,,
TLR8,Q9NR97,1,,,
TLR9,Q9NR96,1,,,
TLX1,P31314,1,,,
TLX2,O43763,1,Nucleoplasm,,Approved
TLX3,O43711,1,Nucleoplasm,,Enhanced
TM2D1,Q9BX74,1,Nucleoplasm,Vesicles,Approved
TM2D2,Q9BX73,1,"Nucleoplasm, Vesicles, Plasma membrane",,Approved
TM2D3,Q9BRN9,1,Nucleoplasm,Cytosol,Approved
TM4SF1,P30408,1,,,
TM4SF18,Q96CE8,1,Vesicles,Cytosol,Supported
TM4SF19,Q96DZ7,1,,,
TM4SF20,Q53R12,1,"Plasma membrane, Focal adhesion sites",,Supported
TM4SF4,P48230,1,Plasma membrane,Cytosol,Approved
TM4SF5,O14894,1,"Plasma membrane, Cell Junctions",Nucleoplasm,Uncertain
TM6SF1,Q9BZW5,1,,,
TM6SF2,Q9BZW4,1,,,
TM7SF2,O76062,1,Endoplasmic reticulum,Vesicles,Supported
TM7SF3,Q9NS93,1,Cytosol,Nucleoplasm,Supported
TM9SF1,O15321,1,Golgi apparatus,,Approved
TM9SF2,Q99805,1,,,
TM9SF3,Q9HD45,1,Vesicles,Golgi apparatus,Approved
TM9SF4,Q92544,1,,,
TMA16,Q96EY4,1,Nucleoli,Nucleoplasm,Enhanced
TMA7,Q9Y2S6,1,"Nucleoli, Nucleoli rim","Nucleoplasm, Nuclear bodies",Approved
TMBIM1,Q969X1,1,Vesicles,,Supported
TMBIM4,Q9HC24,1,Golgi apparatus,,Supported
TMBIM6,P55061,1,,,
TMC1,Q8TDI8,1,,,
TMC2,Q8TDI7,1,,,
TMC3,Q7Z5M5,1,Cytosol,,Supported
TMC4,,0,Vesicles,,Approved
TMC5,Q6UXY8,1,Plasma membrane,Nucleoplasm,Approved
TMC6,Q7Z403,1,,,
TMC7,Q7Z402,1,Vesicles,,Approved
TMC8,Q8IU68,1,Golgi apparatus,,Uncertain
TMCC1,O94876,1,,,
TMCC2,O75069,1,,,
TMCC3,Q9ULS5,1,Endoplasmic reticulum,Vesicles,Approved
TMCO1,Q9UM00,1,Endoplasmic reticulum,,Supported
TMCO2,Q7Z6W1,1,,,
TMCO3,Q6UWJ1,1,Cytosol,,Approved
TMCO4,Q5TGY1,1,Endoplasmic reticulum,,Approved
TMCO5A,Q8N6Q1,1,"Plasma membrane, Cytosol",,Approved
TMCO6,Q96DC7,1,Mitochondria,Nucleoplasm,Approved
TMDD1,P0DPE3,1,,,
TMED1,Q13445,1,,,
TMED10,P49755,1,Golgi apparatus,,Supported
TMED2,Q15363,1,Vesicles,,Supported
TMED3,Q9Y3Q3,1,Golgi apparatus,,Supported
TMED4,Q7Z7H5,1,,,
TMED5,Q9Y3A6,1,,,
TMED6,Q8WW62,1,,,
TMED7,Q9Y3B3,1,,,
TMED7-TICAM2,,0,,,
TMED8,Q6PL24,1,Plasma membrane,Vesicles,Approved
TMED9,Q9BVK6,1,,,
TMEFF1,Q8IYR6,1,,,
TMEFF2,Q9UIK5,1,,,
TMEM100,Q9NV29,1,Nucleoplasm,,Uncertain
TMEM101,Q96IK0,1,"Nucleoplasm, Plasma membrane",,Approved
TMEM102,Q8N9M5,1,Vesicles,,Approved
TMEM104,Q8NE00,1,Nucleoplasm,Golgi apparatus,Approved
TMEM106A,Q96A25,1,,,
TMEM106B,Q9NUM4,1,"Endosomes, Lysosomes",,Supported
TMEM106C,Q9BVX2,1,,,
TMEM107,Q6UX40,1,"Nucleoplasm, Plasma membrane",Midbody ring,Approved
TMEM108,Q6UXF1,1,"Plasma membrane, Cytosol","Nucleoli, Vesicles",Approved
TMEM109,Q9BVC6,1,"Nuclear membrane, Cytosol",,Approved
TMEM11,P17152,1,Mitochondria,,Supported
TMEM114,B3SHH9,1,,,
TMEM115,Q12893,1,Golgi apparatus,,Supported
TMEM116,Q8NCL8,1,Microtubules,Nucleoplasm,Approved
TMEM117,Q9H0C3,1,,,
TMEM119,Q4V9L6,1,,,
TMEM120A,Q9BXJ8,1,,,
TMEM120B,A0PK00,1,Nucleoli fibrillar center,Cytosol,Approved
TMEM121,Q9BTD3,1,Cytosol,,Approved
TMEM121B,Q9BXQ6,1,Vesicles,"Nucleoplasm, Plasma membrane",Approved
TMEM123,Q8N131,1,Golgi apparatus,"Vesicles, Cytosol",Approved
TMEM125,Q96AQ2,1,"Midbody, Cytosol",,Approved
TMEM126A,Q9H061,1,Cytosol,Nucleoplasm,Approved
TMEM126B,Q8IUX1,1,Mitochondria,,Supported
TMEM127,O75204,1,,,
TMEM128,Q5BJH2,1,,,
TMEM129,A0AVI4,1,,,
TMEM130,Q8N3G9,1,Golgi apparatus,,Supported
TMEM131,Q92545,1,"Vesicles, Intermediate filaments",,Uncertain
TMEM131L,A2VDJ0,1,Vesicles,Nucleoli fibrillar center,Approved
TMEM132A,Q24JP5,1,Mitochondria,,Approved
TMEM132B,Q14DG7,1,,,
TMEM132C,Q8N3T6,1,Cytosol,Centrosome,Uncertain
TMEM132D,Q14C87,1,,,
TMEM132E,Q6IEE7,1,"Nucleoplasm, Golgi apparatus","Nuclear bodies, Cytosol",Approved
TMEM134,Q9H6X4,1,Cytosol,,Supported
TMEM135,Q86UB9,1,Vesicles,,Supported
TMEM138,Q9NPI0,1,Microtubules,,Approved
TMEM139,Q8IV31,1,Plasma membrane,Focal adhesion sites,Approved
TMEM140,Q9NV12,1,,,
TMEM141,Q96I45,1,Mitochondria,Cell Junctions,Supported
TMEM143,Q96AN5,1,Nucleoli fibrillar center,,Approved
TMEM144,Q7Z5S9,1,Mitochondria,,Approved
TMEM145,Q8NBT3,1,Vesicles,,Approved
TMEM147,Q9BVK8,1,,,
TMEM14A,Q9Y6G1,1,"Nucleoplasm, Endoplasmic reticulum",,Approved
TMEM14B,Q9NUH8,1,,,
TMEM14C,Q9P0S9,1,,,
TMEM150A,Q86TG1,1,,,
TMEM150B,A6NC51,1,,,
TMEM150C,B9EJG8,1,,,
TMEM151A,Q8N4L1,1,Nucleoli,Cytosol,Approved
TMEM151B,Q8IW70,1,,,
TMEM154,Q6P9G4,1,Nuclear membrane,Nucleoplasm,Approved
TMEM156,Q8N614,1,,,
TMEM158,Q8WZ71,1,,,
TMEM159,Q96B96,1,Vesicles,,Approved
TMEM160,Q9NX00,1,,,
TMEM161A,Q9NX61,1,Cytosol,,Approved
TMEM161B,Q8NDZ6,1,,,
TMEM163,Q8TC26,1,,,
TMEM164,Q5U3C3,1,Vesicles,Cell Junctions,Approved
TMEM165,Q9HC07,1,Golgi apparatus,,Enhanced
TMEM167A,Q8TBQ9,1,Vesicles,,Approved
TMEM167B,Q9NRX6,1,,,
TMEM168,Q9H0V1,1,Golgi apparatus,Cytosol,Approved
TMEM169,Q96HH4,1,Focal adhesion sites,,Approved
TMEM17,Q86X19,1,Actin filaments,,Approved
TMEM170A,Q8WVE7,1,,,
TMEM170B,Q5T4T1,1,Centrosome,,Approved
TMEM171,Q8WVE6,1,,,
TMEM174,Q8WUU8,1,,,
TMEM175,Q9BSA9,1,"Nucleoplasm, Nuclear membrane",,Approved
TMEM176A,Q96HP8,1,Mitochondria,,Approved
TMEM176B,Q3YBM2,1,Golgi apparatus,"Nucleoplasm, Plasma membrane",Approved
TMEM177,Q53S58,1,"Nucleoplasm, Nucleoli fibrillar center",,Approved
TMEM178A,Q8NBL3,1,Vesicles,Nucleoplasm,Approved
TMEM178B,H3BS89,1,Vesicles,Nucleoli,Approved
TMEM179,Q6ZVK1,1,Mitochondria,,Uncertain
TMEM179B,Q7Z7N9,1,Nuclear speckles,,Enhanced
TMEM18,Q96B42,1,Mitochondria,Endoplasmic reticulum,Approved
TMEM181,Q9P2C4,1,Vesicles,Golgi apparatus,Approved
TMEM182,Q6ZP80,1,"Nucleoplasm, Vesicles",,Approved
TMEM183A,Q8IXX5,1,Plasma membrane,"Nucleoplasm, Cell Junctions",Approved
TMEM184A,Q6ZMB5,1,Nucleoplasm,,Uncertain
TMEM184B,Q9Y519,1,"Golgi apparatus, Cytosol",Nucleoplasm,Approved
TMEM184C,Q9NVA4,1,Vesicles,Nucleoplasm,Approved
TMEM185A,Q8NFB2,1,Endoplasmic reticulum,,Approved
TMEM185B,Q9H7F4,1,Endoplasmic reticulum,,Approved
TMEM186,Q96B77,1,Cell Junctions,,Approved
TMEM187,Q14656,1,"Nucleoli, Cytosol",,Approved
TMEM19,Q96HH6,1,,,
TMEM190,Q8WZ59,1,,,
TMEM191B,P0C7N4,1,,,
TMEM191C,A6NGB0,1,,,
TMEM192,Q8IY95,1,"Endosomes, Lysosomes",Nucleoplasm,Supported
TMEM196,Q5HYL7,1,"Nucleoplasm, Golgi apparatus",,Uncertain
TMEM198,Q66K66,1,Vesicles,,Approved
TMEM199,Q8N511,1,,,
TMEM200A,Q86VY9,1,,,
TMEM200B,Q69YZ2,1,,,
TMEM200C,A6NKL6,1,Microtubules,,Approved
TMEM201,Q5SNT2,1,Nuclear membrane,Nucleoplasm,Supported
TMEM202,A6NGA9,1,,,
TMEM203,Q969S6,1,,,
TMEM204,Q9BSN7,1,,,
TMEM205,Q6UW68,1,Endoplasmic reticulum,"Nucleoplasm, Nuclear membrane",Approved
TMEM207,Q6UWW9,1,,,
TMEM208,Q9BTX3,1,,,
TMEM209,Q96SK2,1,"Nuclear membrane, Nuclear speckles, Vesicles",,Approved
TMEM210,A6NLX4,1,,,
TMEM211,Q6ICI0,1,,,
TMEM212,A6NML5,1,"Nucleoli fibrillar center, Endoplasmic reticulum",,Approved
TMEM213,A2RRL7,1,,,
TMEM214,Q6NUQ4,1,"Endoplasmic reticulum, Golgi apparatus, Cytosol",,Supported
TMEM215,Q68D42,1,"Nucleoplasm, Vesicles",,Approved
TMEM216,Q9P0N5,1,,,
TMEM217,Q8N7C4,1,Nucleoli,Cytosol,Approved
TMEM218,A2RU14,1,"Plasma membrane, Cytosol",,Approved
TMEM219,Q86XT9,1,,,
TMEM220,Q6QAJ8,1,,,
TMEM221,A6NGB7,1,Nuclear membrane,,Approved
TMEM222,Q9H0R3,1,"Plasma membrane, Cytosol",Cell Junctions,Approved
TMEM223,A0PJW6,1,"Nucleoplasm, Nuclear membrane, Mitochondria",,Approved
TMEM225,Q6GV28,1,,,
TMEM225B,P0DP42,1,,,
TMEM229A,B2RXF0,1,Plasma membrane,,Approved
TMEM229B,Q8NBD8,1,,,
TMEM230,Q96A57,1,Endoplasmic reticulum,,Approved
TMEM231,Q9H6L2,1,Vesicles,,Approved
TMEM232,C9JQI7,1,,,
TMEM233,B4DJY2,1,Nucleoplasm,,Approved
TMEM234,Q8WY98,1,Vesicles,,Approved
TMEM235,A6NFC5,1,,,
TMEM236,Q5W0B7,1,,,
TMEM237,Q96Q45,1,,,
TMEM238,C9JI98,1,,,
TMEM238L,,0,,,
TMEM239,Q8WW34,1,,,
TMEM240,Q5SV17,1,,,
TMEM241,Q24JQ0,1,Golgi apparatus,Vesicles,Approved
TMEM242,Q9NWH2,1,,,
TMEM243,Q9BU79,1,,,
TMEM244,Q5VVB8,1,,,
TMEM245,Q9H330,1,"Plasma membrane, Cytosol",,Approved
TMEM247,A6NEH6,1,,,
TMEM248,Q9NWD8,1,Vesicles,,Approved
TMEM249,Q2WGJ8,1,,,
TMEM25,Q86YD3,1,"Golgi apparatus, Vesicles",,Approved
TMEM250,H0YL14,1,Nucleoplasm,,Supported
TMEM251,Q8N6I4,1,Cell Junctions,Golgi apparatus,Approved
TMEM252,Q8N6L7,1,,,
TMEM253,P0C7T8,1,,,
TMEM254,Q8TBM7,1,Plasma membrane,Nucleoplasm,Approved
TMEM255A,Q5JRV8,1,"Nucleoplasm, Nuclear bodies",,Uncertain
TMEM255B,Q8WV15,1,Nucleoplasm,,Approved
TMEM256,Q8N2U0,1,Vesicles,,Approved
TMEM258,P61165,1,Cytosol,Plasma membrane,Approved
TMEM259,Q4ZIN3,1,Endoplasmic reticulum,Nuclear speckles,Approved
TMEM26,Q6ZUK4,1,,,
TMEM260,Q9NX78,1,,,
TMEM262,E9PQX1,1,,,
TMEM263,Q8WUH6,1,Vesicles,,Approved
TMEM265,A0A087WTH1,1,,,
TMEM266,Q2M3C6,1,"Plasma membrane, Cytosol",,Supported
TMEM267,Q0VDI3,1,Nucleoplasm,Vesicles,Approved
TMEM268,Q5VZI3,1,"Plasma membrane, Cytosol",,Approved
TMEM269,A0A1B0GVZ9,1,,,
TMEM270,Q6UE05,1,Vesicles,,Approved
TMEM271,A0A286YF58,1,,,
TMEM272,A0A1B0GTI8,1,,,
TMEM273,Q5T292,1,,,
TMEM275,A0A0U1RQS6,1,,,
TMEM30A,Q9NV96,1,,,
TMEM30B,Q3MIR4,1,,,
TMEM31,Q5JXX7,1,Nucleoli fibrillar center,,Approved
TMEM33,P57088,1,,,
TMEM35A,Q53FP2,1,Vesicles,"Focal adhesion sites, Cytosol",Supported
TMEM35B,Q8NCS4,1,"Nucleoplasm, Nucleoli",,Approved
TMEM37,Q8WXS4,1,Nucleoli fibrillar center,"Nucleoplasm, Cytosol",Approved
TMEM38A,Q9H6F2,1,Nucleoplasm,,Approved
TMEM38B,Q9NVV0,1,,,
TMEM39A,Q9NV64,1,Nucleoplasm,Vesicles,Approved
TMEM39B,Q9GZU3,1,Vesicles,,Approved
TMEM40,Q8WWA1,1,Plasma membrane,Cytosol,Approved
TMEM41A,Q96HV5,1,Nucleoplasm,"Golgi apparatus, Cytosol",Approved
TMEM41B,Q5BJD5,1,Peroxisomes,,Approved
TMEM42,Q69YG0,1,Nucleoplasm,Nucleoli,Uncertain
TMEM43,Q9BTV4,1,,,
TMEM44,Q2T9K0,1,Cytosol,,Approved
TMEM45A,Q9NWC5,1,Endoplasmic reticulum,Vesicles,Approved
TMEM45B,Q96B21,1,Nucleoplasm,,Approved
TMEM47,Q9BQJ4,1,Nuclear membrane,,Approved
TMEM50A,O95807,1,Plasma membrane,"Actin filaments, Cytosol",Approved
TMEM50B,P56557,1,Nucleoli fibrillar center,,Approved
TMEM51,Q9NW97,1,"Nucleoplasm, Cytosol",,Approved
TMEM52,Q8NDY8,1,"Nucleoplasm, Plasma membrane",,Approved
TMEM52B,Q4KMG9,1,Focal adhesion sites,,Approved
TMEM53,Q6P2H8,1,Golgi apparatus,Focal adhesion sites,Approved
TMEM54,Q969K7,1,Vesicles,,Approved
TMEM59,Q9BXS4,1,,,
TMEM59L,Q9UK28,1,,,
TMEM60,Q9H2L4,1,,,
TMEM61,Q8N0U2,1,,,
TMEM62,Q0P6H9,1,"Nucleoplasm, Nucleoli fibrillar center, Nuclear bodies, Cytoplasmic bodies",,Approved
TMEM63A,O94886,1,"Vesicles, Centriolar satellite",,Enhanced
TMEM63B,Q5T3F8,1,"Plasma membrane, Actin filaments",,Enhanced
TMEM63C,Q9P1W3,1,Centrosome,,Approved
TMEM64,Q6YI46,1,,,
TMEM65,Q6PI78,1,,,
TMEM67,Q5HYA8,1,,,
TMEM68,Q96MH6,1,Vesicles,,Approved
TMEM69,Q5SWH9,1,Nucleoplasm,,Approved
TMEM70,Q9BUB7,1,Mitochondria,Nucleoplasm,Supported
TMEM71,Q6P5X7,1,Mitochondria,,Enhanced
TMEM72,A0PK05,1,,,
TMEM74,Q96NL1,1,"Golgi apparatus, Cytosol",,Approved
TMEM74B,Q9NUR3,1,"Nucleoplasm, Golgi apparatus",,Approved
TMEM79,Q9BSE2,1,Nucleoli fibrillar center,,Approved
TMEM80,Q96HE8,1,Golgi apparatus,,Approved
TMEM81,Q6P7N7,1,Intermediate filaments,,Approved
TMEM82,A0PJX8,1,Nucleoplasm,Cytosol,Uncertain
TMEM86A,Q8N2M4,1,"Nucleoplasm, Golgi apparatus",,Approved
TMEM86B,Q8N661,1,Centrosome,Midbody,Uncertain
TMEM87A,Q8NBN3,1,Golgi apparatus,,Supported
TMEM87B,Q96K49,1,"Golgi apparatus, Vesicles",,Approved
TMEM88,Q6PEY1,1,,,
TMEM88B,A6NKF7,1,,,
TMEM89,A2RUT3,1,,,
TMEM8B,A6NDV4,1,Vesicles,,Approved
TMEM9,Q9P0T7,1,Vesicles,"Microtubules, Cytokinetic bridge, Mitotic spindle",Approved
TMEM91,Q6ZNR0,1,,,
TMEM92,Q6UXU6,1,Nucleoplasm,,Uncertain
TMEM94,Q12767,1,Nucleoplasm,Nuclear bodies,Supported
TMEM95,Q3KNT9,1,,,
TMEM97,Q5BJF2,1,Endoplasmic reticulum,,Supported
TMEM98,Q9Y2Y6,1,Nucleoplasm,,Supported
TMEM9B,Q9NQ34,1,,,
TMF1,P82094,1,Golgi apparatus,,Supported
TMIE,Q8NEW7,1,"Vesicles, Cytosol",,Uncertain
TMIGD1,Q6UXZ0,1,"Mitochondria, Cytosol",,Supported
TMIGD2,Q96BF3,1,,,
TMIGD3,P0DMS9,1,,,
TMLHE,Q9NVH6,1,Mitochondria,,Supported
TMOD1,P28289,1,,,
TMOD2,Q9NZR1,1,Nucleoli fibrillar center,Nucleoplasm,Approved
TMOD3,Q9NYL9,1,Cytosol,Actin filaments,Approved
TMOD4,Q9NZQ9,1,,,
TMPO,"P42166,P42167",2,Nuclear membrane,,Enhanced
TMPPE,Q6ZT21,1,"Nucleoplasm, Mitochondria",,Approved
TMPRSS11A,Q6ZMR5,1,,,
TMPRSS11B,Q86T26,1,,,
TMPRSS11D,O60235,1,,,
TMPRSS11E,Q9UL52,1,Golgi apparatus,,Approved
TMPRSS11F,Q6ZWK6,1,,,
TMPRSS12,Q86WS5,1,,,
TMPRSS13,Q9BYE2,1,"Nucleoplasm, Plasma membrane",,Approved
TMPRSS15,P98073,1,Plasma membrane,,Approved
TMPRSS2,O15393,1,Plasma membrane,,Supported
TMPRSS3,P57727,1,,,
TMPRSS4,Q9NRS4,1,,,
TMPRSS5,Q9H3S3,1,Nucleoplasm,,Approved
TMPRSS6,Q8IU80,1,,,
TMPRSS7,Q7RTY8,1,,,
TMPRSS9,Q7Z410,1,,,
TMSB10,P63313,1,,,
TMSB15A,P0CG34,1,,,
TMSB15B,P0CG35,1,,,
TMSB15B,,0,,,
TMSB4X,P62328,1,"Nucleoplasm, Vesicles, Cytosol",,Approved
TMSB4Y,O14604,1,,,
TMTC1,Q8IUR5,1,"Nucleoplasm, Cytosol",,Approved
TMTC2,Q8N394,1,Plasma membrane,Actin filaments,Approved
TMTC3,Q6ZXV5,1,,,
TMTC4,Q5T4D3,1,Vesicles,,Approved
TMUB1,Q9BVT8,1,Nucleoplasm,Cytosol,Approved
TMUB2,Q71RG4,1,"Vesicles, Cytosol",,Approved
TMX1,Q9H3N1,1,Endoplasmic reticulum,Nucleoli,Supported
TMX2,Q9Y320,1,"Nucleoplasm, Cytosol",,Approved
TMX3,Q96JJ7,1,,,
TMX4,Q9H1E5,1,Nuclear membrane,,Approved
TNC,P24821,1,,,
TNF,P01375,1,,,
TNFAIP1,Q13829,1,Nucleoli,,Approved
TNFAIP2,Q03169,1,"Golgi apparatus, Cytosol","Nucleoplasm, Nuclear membrane",Approved
TNFAIP3,P21580,1,"Centrosome, Cytosol",,Approved
TNFAIP6,P98066,1,,,
TNFAIP8,O95379,1,Nucleoplasm,,Enhanced
TNFAIP8L1,Q8WVP5,1,,,
TNFAIP8L2,Q6P589,1,Vesicles,,Approved
TNFAIP8L3,Q5GJ75,1,Cytosol,Nucleoplasm,Supported
TNFRSF10A,O00220,1,,,
TNFRSF10B,O14763,1,,,
TNFRSF10C,O14798,1,,,
TNFRSF10D,Q9UBN6,1,"Plasma membrane, Actin filaments",,Approved
TNFRSF11A,Q9Y6Q6,1,Plasma membrane,Cytosol,Supported
TNFRSF11B,O00300,1,Golgi apparatus,"Nucleoplasm, Nucleoli",Approved
TNFRSF12A,Q9NP84,1,"Plasma membrane, Cytosol",,Approved
TNFRSF13B,O14836,1,,,
TNFRSF13C,Q96RJ3,1,,,
TNFRSF14,Q92956,1,,,
TNFRSF17,Q02223,1,,,
TNFRSF18,Q9Y5U5,1,,,
TNFRSF19,Q9NS68,1,Golgi apparatus,Nucleoplasm,Approved
TNFRSF1A,P19438,1,,,
TNFRSF1B,P20333,1,,,
TNFRSF21,O75509,1,"Plasma membrane, Cytosol",,Supported
TNFRSF25,Q93038,1,"Plasma membrane, Actin filaments, Focal adhesion sites",Nucleoplasm,Approved
TNFRSF4,P43489,1,,,
TNFRSF6B,O95407,1,,,
TNFRSF8,P28908,1,Plasma membrane,,Enhanced
TNFRSF9,Q07011,1,Plasma membrane,Nucleoli,Approved
TNFSF10,P50591,1,,,
TNFSF11,O14788,1,,,
TNFSF12,O43508,1,Vesicles,,Approved
TNFSF12-TNFSF13,,0,Vesicles,,Approved
TNFSF13,O75888,1,,,
TNFSF13B,Q9Y275,1,Plasma membrane,"Vesicles, Focal adhesion sites",Supported
TNFSF14,O43557,1,Vesicles,,Approved
TNFSF15,O95150,1,Nuclear membrane,"Nucleoplasm, Cytosol",Approved
TNFSF18,Q9UNG2,1,,,
TNFSF4,P23510,1,"Nucleoplasm, Vesicles",,Approved
TNFSF8,P32971,1,,,
TNFSF9,P41273,1,Golgi apparatus,,Approved
TNIK,Q9UKE5,1,Nucleoplasm,Cytosol,Supported
TNIP1,Q15025,1,Nucleoplasm,Cytosol,Supported
TNIP2,Q8NFZ5,1,Nucleoplasm,Cytosol,Enhanced
TNIP3,Q96KP6,1,,,
TNK1,Q13470,1,Cell Junctions,,Approved
TNK2,Q07912,1,Plasma membrane,Vesicles,Supported
TNKS,O95271,1,Nucleoplasm,"Nuclear membrane, Nuclear bodies",Approved
TNKS1BP1,Q9C0C2,1,Plasma membrane,,Uncertain
TNKS2,Q9H2K2,1,Microtubules,,Approved
TNMD,Q9H2S6,1,,,
TNN,Q9UQP3,1,,,
TNNC1,P63316,1,"Nucleoplasm, Actin filaments, Mitochondria",,Approved
TNNC2,P02585,1,Nucleoplasm,Vesicles,Approved
TNNI1,P19237,1,Nucleoplasm,Nucleoli,Uncertain
TNNI2,P48788,1,Plasma membrane,Intermediate filaments,Approved
TNNI3,P19429,1,Cytosol,Vesicles,Approved
TNNI3K,Q59H18,1,,,
TNNT1,P13805,1,"Nucleoplasm, Golgi apparatus, Cytosol",,Approved
TNNT2,P45379,1,"Nucleoplasm, Nucleoli","Focal adhesion sites, Microtubules",Uncertain
TNNT3,P45378,1,,,
TNP1,P09430,1,,,
TNP2,Q05952,1,,,
TNPO1,Q92973,1,Nucleoplasm,Cytosol,Supported
TNPO2,O14787,1,"Nucleoplasm, Nucleoli",,Approved
TNPO3,Q9Y5L0,1,Vesicles,,Enhanced
TNR,Q92752,1,,,
TNRC18,O15417,1,"Nucleoplasm, Nuclear membrane, Mitochondria",Cytosol,Supported
TNRC6A,Q8NDV7,1,"Nucleoplasm, Golgi apparatus, Vesicles",,Approved
TNRC6B,Q9UPQ9,1,,,
TNRC6C,Q9HCJ0,1,Nucleoplasm,,Approved
TNS1,Q9HBL0,1,Focal adhesion sites,,Enhanced
TNS2,Q63HR2,1,,,
TNS3,Q68CZ2,1,Focal adhesion sites,,Enhanced
TNS4,Q8IZW8,1,,,
TNXB,P22105,1,,,
TOB1,P50616,1,Nucleoplasm,Vesicles,Approved
TOB2,Q14106,1,Cytosol,,Approved
TOE1,Q96GM8,1,Nuclear bodies,Nucleoplasm,Enhanced
TOGARAM1,Q9Y4F4,1,,,
TOGARAM2,Q6ZUX3,1,"Nucleoplasm, Plasma membrane",,Approved
TOLLIP,Q9H0E2,1,Cytosol,,Approved
TOM1,O60784,1,Cytosol,"Plasma membrane, Centriolar satellite",Approved
TOM1L1,O75674,1,,,
TOM1L2,Q6ZVM7,1,"Golgi apparatus, Intermediate filaments",,Approved
TOMM20,Q15388,1,Mitochondria,,Enhanced
TOMM20L,Q6UXN7,1,,,
TOMM22,Q9NS69,1,Mitochondria,,Enhanced
TOMM34,Q15785,1,Cytosol,"Vesicles, Mitochondria",Supported
TOMM40,O96008,1,Mitochondria,Cytosol,Enhanced
TOMM40L,Q969M1,1,,,
TOMM5,Q8N4H5,1,Mitochondria,,Supported
TOMM6,Q96B49,1,Mitochondria,,Supported
TOMM7,Q9P0U1,1,,,
TOMM70,O94826,1,Mitochondria,,Enhanced
TONSL,Q96HA7,1,Nucleoplasm,Nuclear bodies,Supported
TOP1,P11387,1,"Nucleoplasm, Nucleoli fibrillar center",,Supported
TOP1MT,Q969P6,1,Mitochondria,,Supported
TOP2A,P11388,1,Nucleoplasm,Nucleoli,Supported
TOP2B,Q02880,1,Nucleoplasm,,Enhanced
TOP3A,Q13472,1,,,
TOP3B,O95985,1,Nucleoplasm,,Approved
TOPAZ1,Q8N9V7,1,,,
TOPBP1,Q92547,1,Nucleoplasm,Nuclear bodies,Supported
TOPORS,Q9NS56,1,Nucleoplasm,,Supported
TOR1A,O14656,1,"Nuclear membrane, Vesicles",,Supported
TOR1AIP1,Q5JTV8,1,Nuclear membrane,,Supported
TOR1AIP2,"Q8NFQ8,Q9H496",2,Endoplasmic reticulum,,Enhanced
TOR1B,O14657,1,Nuclear speckles,Cytosol,Uncertain
TOR2A,"Q5JU69,Q8N2E6",2,"Endoplasmic reticulum, Plasma membrane",,Uncertain
TOR3A,Q9H497,1,,,
TOR4A,Q9NXH8,1,Nucleoplasm,,Approved
TOX,O94900,1,"Nucleoplasm, Nucleoli fibrillar center",,Approved
TOX2,Q96NM4,1,Nucleoplasm,,Supported
TOX3,O15405,1,Nucleoplasm,Cytosol,Enhanced
TOX4,O94842,1,Nucleoplasm,"Nucleoli, Vesicles",Approved
TP53,P04637,1,Nucleoplasm,"Vesicles, Cytosol",Enhanced
TP53AIP1,Q9HCN2,1,,,
TP53BP1,Q12888,1,Nuclear bodies,"Nucleoplasm, Mitotic chromosome, Vesicles",Supported
TP53BP2,Q13625,1,"Cell Junctions, Cytosol",,Enhanced
TP53I11,O14683,1,"Endoplasmic reticulum, Golgi apparatus",,Supported
TP53I13,Q8NBR0,1,,,
TP53I3,Q53FA7,1,Vesicles,,Supported
TP53INP1,Q96A56,1,Cytosol,,Supported
TP53INP2,Q8IXH6,1,,,
TP53RK,Q96S44,1,,,
TP53TG3,Q9ULZ0,1,Centriolar satellite,,Approved
TP53TG3B,Q9ULZ0,1,Centriolar satellite,,Approved
TP53TG3C,Q9ULZ0,1,Centriolar satellite,,Uncertain
TP53TG3D,Q9ULZ0,1,Centriolar satellite,,Approved
TP53TG3E,Q9ULZ0,1,Centriolar satellite,,Approved
TP53TG3F,Q9ULZ0,1,Centriolar satellite,,Approved
TP53TG5,Q9Y2B4,1,"Nucleoli, Nucleoli rim",Mitotic chromosome,Supported
TP63,Q9H3D4,1,Nucleoplasm,,Enhanced
TP73,O15350,1,Nucleoplasm,"Golgi apparatus, Vesicles, Cell Junctions",Supported
TPBG,Q13641,1,Nucleoplasm,,Approved
TPBGL,P0DKB5,1,,,
TPCN1,Q9ULQ1,1,,,
TPCN2,Q8NHX9,1,Nucleoli,,Approved
TPD52,P55327,1,Cytosol,Golgi apparatus,Approved
TPD52L1,Q16890,1,"Plasma membrane, Cell Junctions, Cytosol",,Approved
TPD52L2,O43399,1,Vesicles,Cytosol,Approved
TPD52L3,Q96J77,1,,,
TPGS1,Q6ZTW0,1,,,
TPGS2,Q68CL5,1,,,
TPH1,P17752,1,Cytosol,,Uncertain
TPH2,Q8IWU9,1,,,
TPI1,P60174,1,Nucleoplasm,,Approved
TPK1,Q9H3S4,1,Vesicles,,Approved
TPM1,P09493,1,Actin filaments,Cytosol,Approved
TPM2,P07951,1,,,
TPM3,P06753,1,Actin filaments,Cytosol,Approved
TPM4,P67936,1,Actin filaments,Cytosol,Approved
TPMT,P51580,1,,,
TPO,P07202,1,,,
TPP1,O14773,1,,,
TPP2,P29144,1,"Nuclear bodies, Cytosol",,Supported
TPPP,O94811,1,"Mitochondria, Cytosol",,Supported
TPPP2,P59282,1,,,
TPPP3,Q9BW30,1,Nucleoli fibrillar center,,Approved
TPR,P12270,1,Nuclear membrane,,Enhanced
TPRA1,Q86W33,1,Vesicles,,Approved
TPRG1,Q6ZUI0,1,Nucleoplasm,,Supported
TPRG1L,Q5T0D9,1,Vesicles,Plasma membrane,Approved
TPRKB,Q9Y3C4,1,Cytosol,,Supported
TPRN,Q4KMQ1,1,Plasma membrane,,Approved
TPRX1,Q8N7U7,1,,,
TPSAB1,Q15661,1,Vesicles,,Approved
TPSB2,P20231,1,,,
TPSD1,Q9BZJ3,1,,,
TPSG1,Q9NRR2,1,,,
TPST1,O60507,1,Golgi apparatus,,Supported
TPST2,O60704,1,,,
TPT1,P13693,1,Cytosol,,Supported
TPTE,P56180,1,Cytosol,Endoplasmic reticulum,Approved
TPTE2,Q6XPS3,1,Cytosol,Endoplasmic reticulum,Approved
TPTEP2-CSNK1E,,0,,,
TPX2,Q9ULW0,1,Nucleoplasm,"Cytokinetic bridge, Mitotic spindle",Supported
TRA2A,Q13595,1,Nucleoli,"Nucleoplasm, Vesicles",Supported
TRA2B,P62995,1,Nucleoplasm,,Enhanced
TRABD,Q9H4I3,1,"Nucleoplasm, Mitochondria",,Approved
TRABD2A,Q86V40,1,,,
TRABD2B,A6NFA1,1,,,
TRAC,,0,,,
TRADD,Q15628,1,Cytosol,,Approved
TRAF1,Q13077,1,Nucleoplasm,,Approved
TRAF2,Q12933,1,Cytosol,,Enhanced
TRAF3,Q13114,1,,,
TRAF3IP1,Q8TDR0,1,,,
TRAF3IP2,O43734,1,Golgi apparatus,Vesicles,Approved
TRAF3IP3,Q9Y228,1,Vesicles,,Approved
TRAF4,Q9BUZ4,1,Nucleoli fibrillar center,"Nucleoplasm, Cytosol",Supported
TRAF5,O00463,1,Cytosol,Centrosome,Supported
TRAF6,Q9Y4K3,1,Mitochondria,Nucleoli,Uncertain
TRAF7,Q6Q0C0,1,Vesicles,Plasma membrane,Supported
TRAFD1,O14545,1,Nucleoplasm,Cytosol,Approved
TRAIP,Q9BWF2,1,"Plasma membrane, Cytosol",,Supported
TRAJ1,,0,,,
TRAJ10,,0,,,
TRAJ11,,0,,,
TRAJ12,,0,,,
TRAJ13,,0,,,
TRAJ14,,0,,,
TRAJ16,,0,,,
TRAJ17,,0,,,
TRAJ18,,0,,,
TRAJ19,,0,,,
TRAJ2,,0,,,
TRAJ20,,0,,,
TRAJ21,,0,,,
TRAJ22,,0,,,
TRAJ23,,0,,,
TRAJ24,,0,,,
TRAJ25,,0,,,
TRAJ26,,0,,,
TRAJ27,,0,,,
TRAJ28,,0,,,
TRAJ29,,0,,,
TRAJ3,A0A075B6Y3,1,,,
TRAJ30,,0,,,
TRAJ31,A0A075B700,1,,,
TRAJ32,,0,,,
TRAJ33,,0,,,
TRAJ34,,0,,,
TRAJ35,,0,,,
TRAJ36,,0,,,
TRAJ37,,0,,,
TRAJ38,,0,,,
TRAJ39,,0,,,
TRAJ4,,0,,,
TRAJ40,,0,,,
TRAJ41,,0,,,
TRAJ42,A0A075B6Y9,1,,,
TRAJ43,,0,,,
TRAJ44,,0,,,
TRAJ45,,0,,,
TRAJ46,,0,,,
TRAJ47,,0,,,
TRAJ48,,0,,,
TRAJ49,,0,,,
TRAJ5,,0,,,
TRAJ50,,0,,,
TRAJ52,,0,,,
TRAJ53,,0,,,
TRAJ54,,0,,,
TRAJ56,,0,,,
TRAJ57,,0,,,
TRAJ58,,0,,,
TRAJ59,,0,,,
TRAJ6,,0,,,
TRAJ61,,0,,,
TRAJ7,,0,,,
TRAJ9,,0,,,
TRAK1,Q9UPV9,1,Endoplasmic reticulum,Nucleoplasm,Approved
TRAK2,O60296,1,"Nucleoplasm, Nuclear bodies",Vesicles,Approved
TRAM1,Q15629,1,,,
TRAM1L1,Q8N609,1,Mitochondria,,Uncertain
TRAM2,Q15035,1,Cytosol,,Approved
TRANK1,O15050,1,Nucleoplasm,,Approved
TRAP1,Q12931,1,Mitochondria,,Enhanced
TRAPPC1,Q9Y5R8,1,,,
TRAPPC10,P48553,1,,,
TRAPPC11,Q7Z392,1,Cytosol,Vesicles,Approved
TRAPPC12,Q8WVT3,1,"Nucleoplasm, Golgi apparatus",,Supported
TRAPPC13,A5PLN9,1,"Nucleoplasm, Plasma membrane",,Approved
TRAPPC2,P0DI81,1,"Endoplasmic reticulum, Vesicles",Nucleoplasm,Approved
TRAPPC2B,P0DI82,1,"Endoplasmic reticulum, Vesicles",Nucleoplasm,Approved
TRAPPC2L,Q9UL33,1,"Vesicles, Cytosol",,Supported
TRAPPC3,O43617,1,Cytosol,Golgi apparatus,Approved
TRAPPC3L,Q5T215,1,"Golgi apparatus, Vesicles",,Approved
TRAPPC4,Q9Y296,1,Cytosol,,Approved
TRAPPC5,Q8IUR0,1,Vesicles,,Approved
TRAPPC6A,O75865,1,,,
TRAPPC6B,Q86SZ2,1,Endoplasmic reticulum,,Approved
TRAPPC8,Q9Y2L5,1,Cytosol,Microtubules,Approved
TRAPPC9,Q96Q05,1,"Nucleoplasm, Golgi apparatus, Vesicles",,Approved
TRARG1,Q8IXB3,1,,,
TRAT1,Q6PIZ9,1,Plasma membrane,"Mitotic spindle, Centriolar satellite",Enhanced
TRAV1-1,A0A0B4J248,1,,,
TRAV1-2,A0A0B4J238,1,,,
TRAV10,A0A0B4J240,1,,,
TRAV12-1,A0A0B4J245,1,,,
TRAV12-2,A0A075B6T6,1,,,
TRAV12-3,A0A0B4J271,1,,,
TRAV13-1,A0A0B4J241,1,,,
TRAV13-2,A0A0B4J235,1,,,
TRAV14DV4,A0A0A6YYC5,1,,,
TRAV16,A0A0A6YYK6,1,,,
TRAV17,A0A0B4J275,1,,,
TRAV18,A0A075B6X5,1,,,
TRAV19,A0A0A6YYK7,1,,,
TRAV2,A0A0B4J234,1,,,
TRAV20,A0A0B4J274,1,,,
TRAV21,A0A0B4J279,1,,,
TRAV22,A0A0B4J277,1,,,
TRAV23DV6,A0A075B6W5,1,,,
TRAV24,A0A0B4J272,1,,,
TRAV25,A0A0B4J276,1,,,
TRAV26-1,A0A087WT03,1,,,
TRAV26-2,A0A0B4J265,1,,,
TRAV27,A0A087WT01,1,,,
TRAV29DV5,P04437,1,,,
TRAV3,A0A0B4J244,1,,,
TRAV30,A0A087WSZ9,1,,,
TRAV34,A0A0B4J273,1,,,
TRAV36DV7,A0A075B6V5,1,,,
TRAV38-1,A0A0B4J264,1,,,
TRAV38-2DV8,A0JD32,1,,,
TRAV39,A0A0B4J263,1,,,
TRAV4,A0A0B4J268,1,,,
TRAV40,A0A0B4J280,1,,,
TRAV41,A0A0B4J266,1,,,
TRAV5,A0A0B4J249,1,,,
TRAV6,A0A075B6T7,1,,,
TRAV7,A0A075B6U4,1,,,
TRAV8-1,A0A0A6YYK1,1,,,
TRAV8-2,A0A0B4J237,1,,,
TRAV8-3,A0A0A6YYJ7,1,,,
TRAV8-4,P01737,1,,,
TRAV8-6,A0A0B4J262,1,,,
TRAV8-7,,0,,,
TRAV9-1,A0A075B6T8,1,,,
TRAV9-2,A0A087WT02,1,,,
TRBC1,,0,,,
TRBC2,,0,,,
TRBD1,P0DPI4,1,,,
TRBJ1-1,A0A0J9YXA8,1,,,
TRBJ1-2,A0A0J9YX06,1,,,
TRBJ1-3,A0A0J9YWP8,1,,,
TRBJ1-4,A0A0J9YXG5,1,,,
TRBJ1-5,A0A0J9YXM7,1,,,
TRBJ1-6,A0A0J9YWX3,1,,,
TRBJ2-1,A0A0A0MTA7,1,,,
TRBJ2-2,,0,,,
TRBJ2-2P,,0,,,
TRBJ2-3,A0A0B4J200,1,,,
TRBJ2-4,,0,,,
TRBJ2-5,,0,,,
TRBJ2-6,,0,,,
TRBJ2-7,A0A0A0MT78,1,,,
TRBV10-1,A0A0K0K1A3,1,,,
TRBV10-2,A0A0K0K1G8,1,,,
TRBV10-3,A0A0K0K1G6,1,,,
TRBV11-1,A0A0K0K1C0,1,,,
TRBV11-3,A0A5A6,1,,,
TRBV12-3,P01733,1,,,
TRBV12-4,A0A0B4J2E0,1,,,
TRBV12-5,A0A1B0GX78,1,,,
TRBV13,A0A0A6YYD4,1,,,
TRBV14,A0A5B0,1,,,
TRBV15,,0,,,
TRBV16,A0A087WV62,1,,,
TRBV17,,0,,,
TRBV18,A0A087X0M5,1,,,
TRBV19,A0A075B6N1,1,,,
TRBV2,A0A1B0GX68,1,,,
TRBV20-1,A0A075B6N2,1,,,
TRBV20OR9-2,,0,,,
TRBV23-1,,0,,,
TRBV24-1,A0A075B6N3,1,,,
TRBV25-1,A0A075B6N4,1,,,
TRBV27,A0A0K0K1C4,1,,,
TRBV28,A0A5B6,1,,,
TRBV29-1,A0A5B7,1,,,
TRBV3-1,A0A576,1,,,
TRBV30,A0A0K0K1B3,1,,,
TRBV4-1,A0A577,1,,,
TRBV4-2,A0A539,1,,,
TRBV5-1,A0A578,1,,,
TRBV5-3,,0,,,
TRBV5-4,A0A0C4DH59,1,,,
TRBV5-5,A0A597,1,,,
TRBV5-6,A0A599,1,,,
TRBV5-7,,0,,,
TRBV6-1,A0A0K0K1D8,1,,,
TRBV6-2,"A0A0J9YXY3,P0DPF7",2,,,
TRBV6-4,A0A1B0GX49,1,,,
TRBV6-5,A0A0K0K1A5,1,,,
TRBV6-6,A0A0A6YYG2,1,,,
TRBV6-7,,0,,,
TRBV6-8,A0A0A6YYG3,1,,,
TRBV7-1,,0,,,
TRBV7-2,A0A1B0GXF2,1,,,
TRBV7-3,,0,,,
TRBV7-4,A0A1B0GX95,1,,,
TRBV7-6,A0A1B0GX31,1,,,
TRBV7-7,A0A0K0K1E9,1,,,
TRBV7-9,P04435,1,,,
TRBV9,A0A0B4J1U6,1,,,
TRDC,,0,,,
TRDD1,P0DPR3,1,,,
TRDD2,,0,,,
TRDD3,,0,,,
TRDJ1,A0A075B706,1,,,
TRDJ2,,0,,,
TRDJ3,,0,,,
TRDJ4,,0,,,
TRDMT1,O14717,1,,,
TRDN,Q13061,1,Plasma membrane,"Centrosome, Cytosol",Approved
TRDV1,A0A1B0GX56,1,,,
TRDV2,A0JD36,1,,,
TRDV3,A0JD37,1,,,
TREH,O43280,1,Cytosol,Vesicles,Approved
TREM1,Q9NP99,1,Golgi apparatus,,Approved
TREM2,Q9NZC2,1,Vesicles,,Uncertain
TREML1,Q86YW5,1,"Nuclear speckles, Cytosol","Golgi apparatus, Plasma membrane",Uncertain
TREML2,Q5T2D2,1,,,
TREML4,Q6UXN2,1,Plasma membrane,,Approved
TRERF1,Q96PN7,1,Nucleoplasm,"Nucleoli fibrillar center, Cytosol",Enhanced
TREX1,Q9NSU2,1,Cytosol,,Supported
TREX2,Q9BQ50,1,,,
TRGC1,,0,,,
TRGC2,,0,,,
TRGJ1,A0A075B6S0,1,,,
TRGJ2,,0,,,
TRGJP,,0,,,
TRGJP1,,0,,,
TRGJP2,,0,,,
TRGV1,,0,,,
TRGV10,,0,,,
TRGV11,,0,,,
TRGV2,A0A075B6R0,1,,,
TRGV3,P03979,1,,,
TRGV4,A0A0C4DH28,1,,,
TRGV5,A0A0B4J1U4,1,,,
TRGV8,A0A0C4DH27,1,,,
TRGV9,Q99603,1,,,
TRH,P20396,1,,,
TRHDE,Q9UKU6,1,,,
TRHR,P34981,1,,,
TRIAP1,O43715,1,"Nucleoplasm, Mitochondria",,Approved
TRIB1,Q96RU8,1,"Plasma membrane, Cytosol",,Approved
TRIB2,Q92519,1,Nucleoplasm,Cytosol,Approved
TRIB3,Q96RU7,1,Nucleoplasm,,Supported
TRIL,Q7L0X0,1,,,
TRIM10,Q9UDY6,1,,,
TRIM11,Q96F44,1,"Nucleoplasm, Cytosol",,Enhanced
TRIM13,O60858,1,,,
TRIM14,Q14142,1,,,
TRIM15,Q9C019,1,Cytosol,Centriolar satellite,Approved
TRIM16,O95361,1,Cytosol,Plasma membrane,Supported
TRIM17,Q9Y577,1,Vesicles,,Approved
TRIM2,Q9C040,1,Centrosome,,Uncertain
TRIM21,P19474,1,Nucleoplasm,,Approved
TRIM22,Q8IYM9,1,"Nucleoplasm, Nuclear bodies",Golgi apparatus,Supported
TRIM23,P36406,1,,,
TRIM24,O15164,1,Nucleoplasm,,Enhanced
TRIM25,Q14258,1,"Nucleoplasm, Cytosol",Nuclear bodies,Approved
TRIM26,Q12899,1,"Nucleoplasm, Cytosol",,Supported
TRIM27,P14373,1,Nucleoli,Nucleoplasm,Approved
TRIM28,Q13263,1,Nucleoplasm,,Enhanced
TRIM29,Q14134,1,Intermediate filaments,"Nucleoplasm, Cytosol",Approved
TRIM3,O75382,1,Mitochondria,,Approved
TRIM31,Q9BZY9,1,,,
TRIM32,Q13049,1,Intermediate filaments,,Approved
TRIM33,Q9UPN9,1,Vesicles,Nucleoplasm,Approved
TRIM34,Q9BYJ4,1,Centrosome,Nucleoli,Approved
TRIM35,Q9UPQ4,1,Nucleoplasm,,Approved
TRIM36,Q9NQ86,1,Cytosol,Plasma membrane,Supported
TRIM37,O94972,1,,,
TRIM38,O00635,1,Centrosome,"Plasma membrane, Cell Junctions",Approved
TRIM39,Q9HCM9,1,Cytosol,,Supported
TRIM39-RPP21,,0,Cytosol,,Approved
TRIM4,Q9C037,1,Cytosol,Plasma membrane,Supported
TRIM40,Q6P9F5,1,Cytosol,,Approved
TRIM41,Q8WV44,1,"Nucleoli, Nuclear bodies",,Supported
TRIM42,Q8IWZ5,1,,,
TRIM43,Q96BQ3,1,,,
TRIM43B,A6NCK2,1,,,
TRIM44,Q96DX7,1,Vesicles,Plasma membrane,Approved
TRIM45,Q9H8W5,1,Cytosol,Cytokinetic bridge,Supported
TRIM46,Q7Z4K8,1,,,
TRIM47,Q96LD4,1,Cytosol,,Supported
TRIM48,Q8IWZ4,1,,,
TRIM49,P0CI25,1,,,
TRIM49B,A6NDI0,1,,,
TRIM49C,P0CI26,1,,,
TRIM49D1,C9J1S8,1,Nucleoplasm,Cytosol,Approved
TRIM49D2,C9J1S8,1,Nucleoplasm,Cytosol,Approved
TRIM5,Q9C035,1,Cytosol,,Supported
TRIM50,Q86XT4,1,Cytosol,,Approved
TRIM51,Q9BSJ1,1,Vesicles,Nucleoli,Approved
TRIM51GP,,0,Vesicles,Nucleoli,Approved
TRIM52,Q96A61,1,Nucleoli,Intermediate filaments,Approved
TRIM54,Q9BYV2,1,"Plasma membrane, Cytosol",,Approved
TRIM55,Q9BYV6,1,Golgi apparatus,Cytosol,Approved
TRIM56,Q9BRZ2,1,"Nucleoplasm, Cytosol",,Approved
TRIM58,Q8NG06,1,,,
TRIM59,Q8IWR1,1,Rods & Rings,,Approved
TRIM6,Q9C030,1,,,
TRIM6-TRIM34,,0,Centrosome,Nucleoli,Uncertain
TRIM60,Q495X7,1,Nucleoli,"Nucleoplasm, Cytosol",Uncertain
TRIM61,Q5EBN2,1,"Nucleoli fibrillar center, Endoplasmic reticulum",,Approved
TRIM62,Q9BVG3,1,"Vesicles, Focal adhesion sites",,Approved
TRIM63,Q969Q1,1,,,
TRIM64,A6NGJ6,1,,,
TRIM64B,A6NI03,1,,,
TRIM64C,A6NLI5,1,,,
TRIM65,Q6PJ69,1,Nucleoplasm,"Vesicles, Cytosol",Supported
TRIM66,O15016,1,Nucleoplasm,,Supported
TRIM67,Q6ZTA4,1,,,
TRIM68,Q6AZZ1,1,"Nucleoplasm, Cytosol",,Supported
TRIM69,Q86WT6,1,,,
TRIM7,Q9C029,1,Vesicles,"Nucleoplasm, Cytosol",Approved
TRIM71,Q2Q1W2,1,"Plasma membrane, Actin filaments, Focal adhesion sites",,Approved
TRIM72,Q6ZMU5,1,Vesicles,Nucleoplasm,Approved
TRIM73,Q86UV7,1,Cytosol,,Uncertain
TRIM74,Q86UV6,1,Cytosol,,Approved
TRIM75P,A6NK02,1,,,
TRIM77,I1YAP6,1,,,
TRIM8,Q9BZR9,1,Nucleoplasm,"Vesicles, Cytosol",Supported
TRIM9,Q9C026,1,,,
TRIML1,Q8N9V2,1,,,
TRIML2,Q8N7C3,1,"Plasma membrane, Cytosol",,Approved
TRIO,O75962,1,Cytosol,Vesicles,Approved
TRIOBP,Q9H2D6,1,,,
TRIP10,Q15642,1,Vesicles,Nucleoplasm,Supported
TRIP11,Q15643,1,Golgi apparatus,,Supported
TRIP12,Q14669,1,Nuclear speckles,,Approved
TRIP13,Q15645,1,Nucleoplasm,,Approved
TRIP4,Q15650,1,"Nucleoplasm, Nuclear bodies",,Supported
TRIP6,Q15654,1,"Plasma membrane, Focal adhesion sites, Cytosol",,Supported
TRIQK,Q629K1,1,,,
TRIR,Q9BQ61,1,Nucleoplasm,,Approved
TRIT1,Q9H3H1,1,Mitochondria,,Supported
TRMO,Q9BU70,1,Nucleoplasm,,Approved
TRMT1,Q9NXH9,1,"Plasma membrane, Cytosol",Nucleoplasm,Approved
TRMT10A,Q8TBZ6,1,"Nucleoplasm, Nucleoli, Actin filaments",Cytosol,Supported
TRMT10B,Q6PF06,1,Nucleoplasm,Plasma membrane,Approved
TRMT10C,Q7L0Y3,1,Mitochondria,Nucleoplasm,Supported
TRMT11,Q7Z4G4,1,Nuclear bodies,,Approved
TRMT112,Q9UI30,1,Microtubules,Nucleoplasm,Approved
TRMT12,Q53H54,1,Nucleoplasm,Mitochondria,Approved
TRMT13,Q9NUP7,1,"Nucleoplasm, Plasma membrane","Nuclear bodies, Cytosol",Approved
TRMT1L,Q7Z2T5,1,Nucleoplasm,Nucleoli,Approved
TRMT2A,Q8IZ69,1,"Nucleoplasm, Cytosol",,Approved
TRMT2B,Q96GJ1,1,Nucleoplasm,Nuclear bodies,Approved
TRMT44,Q8IYL2,1,Nucleoplasm,,Approved
TRMT5,Q32P41,1,"Nucleoplasm, Nucleoli",,Approved
TRMT6,Q9UJA5,1,Nucleoplasm,Cell Junctions,Enhanced
TRMT61A,Q96FX7,1,Mitochondria,,Approved
TRMT61B,Q9BVS5,1,Cytosol,,Uncertain
TRMT9B,Q9P272,1,Nucleoplasm,Cytosol,Approved
TRMU,O75648,1,Mitochondria,,Supported
TRNAU1AP,Q9NX07,1,Nucleoplasm,Cytosol,Approved
TRNP1,Q6NT89,1,,,
TRNT1,Q96Q11,1,Mitochondria,,Supported
TRO,Q12816,1,Cell Junctions,Cytosol,Approved
TROAP,Q12815,1,,,
TRPA1,O75762,1,,,
TRPC1,P48995,1,Vesicles,,Approved
TRPC3,Q13507,1,,,
TRPC4,Q9UBN4,1,,,
TRPC4AP,Q8TEL6,1,Cytosol,,Approved
TRPC5,Q9UL62,1,,,
TRPC5OS,A6NMA1,1,,,
TRPC6,Q9Y210,1,,,
TRPC7,Q9HCX4,1,,,
TRPM1,Q7Z4N2,1,Centriolar satellite,"Golgi apparatus, Plasma membrane",Uncertain
TRPM2,O94759,1,,,
TRPM3,Q9HCF6,1,Vesicles,,Approved
TRPM4,Q8TD43,1,"Nucleoplasm, Plasma membrane",,Supported
TRPM5,Q9NZQ8,1,,,
TRPM6,Q9BX84,1,,,
TRPM7,Q96QT4,1,Plasma membrane,"Vesicles, Cytosol",Approved
TRPM8,Q7Z2W7,1,,,
TRPS1,Q9UHF7,1,Nucleoplasm,,Supported
TRPT1,Q86TN4,1,Mitochondria,,Approved
TRPV1,Q8NER1,1,,,
TRPV2,Q9Y5S1,1,Plasma membrane,,Supported
TRPV3,Q8NET8,1,Plasma membrane,"Centrosome, Cytosol",Approved
TRPV4,Q9HBA0,1,,,
TRPV5,Q9NQA5,1,,,
TRPV6,Q9H1D0,1,,,
TRRAP,Q9Y4A5,1,Nucleoplasm,Golgi apparatus,Supported
TRUB1,Q8WWH5,1,Vesicles,,Approved
TRUB2,O95900,1,,,
TSACC,Q96A04,1,Nuclear bodies,Nucleoplasm,Approved
TSBP1,Q5SRN2,1,Endoplasmic reticulum,,Uncertain
TSC1,Q92574,1,Cytosol,,Enhanced
TSC2,P49815,1,Cytosol,,Enhanced
TSC22D1,Q15714,1,"Nucleoplasm, Nuclear bodies",,Approved
TSC22D2,O75157,1,Cytosol,,Approved
TSC22D3,Q99576,1,Cytosol,"Nuclear speckles, Golgi apparatus",Approved
TSC22D4,Q9Y3Q8,1,Cytosol,,Approved
TSEN15,Q8WW01,1,Nucleoli,Nucleoplasm,Approved
TSEN2,Q8NCE0,1,Nucleoplasm,"Centrosome, Cytosol",Supported
TSEN34,Q9BSV6,1,Nucleoplasm,,Supported
TSEN54,Q7Z6J9,1,Nucleoplasm,,Approved
TSFM,P43897,1,Mitochondria,Nucleoplasm,Supported
TSG101,Q99816,1,Cytosol,"Nucleoli, Plasma membrane",Supported
TSGA10,Q9BZW7,1,Cytosol,,Approved
TSGA10IP,Q3SY00,1,,,
TSGA13,Q96PP4,1,Vesicles,"Plasma membrane, Cytosol",Approved
TSHB,P01222,1,,,
TSHR,P16473,1,,,
TSHZ1,Q6ZSZ6,1,Nucleoplasm,,Approved
TSHZ2,Q9NRE2,1,Golgi apparatus,Nucleoplasm,Approved
TSHZ3,Q63HK5,1,Nucleoplasm,Plasma membrane,Enhanced
TSKS,Q9UJT2,1,,,
TSKU,Q8WUA8,1,Nucleoplasm,Nuclear bodies,Approved
TSLP,Q969D9,1,"Golgi apparatus, Vesicles",,Uncertain
TSN,Q15631,1,"Nucleoplasm, Endoplasmic reticulum",,Supported
TSNARE1,Q96NA8,1,Cytosol,,Approved
TSNAX,Q99598,1,Nucleoplasm,"Golgi apparatus, Cytosol",Enhanced
TSNAXIP1,Q2TAA8,1,Nucleoplasm,Cytosol,Approved
TSPAN1,O60635,1,"Nucleoplasm, Vesicles",,Approved
TSPAN10,,0,,,
TSPAN11,A1L157,1,Vesicles,,Approved
TSPAN12,O95859,1,Microtubules,Vesicles,Approved
TSPAN13,O95857,1,Nucleoplasm,,Uncertain
TSPAN14,Q8NG11,1,Vesicles,,Supported
TSPAN15,O95858,1,"Nuclear bodies, Plasma membrane","Vesicles, Cytosol",Approved
TSPAN16,Q9UKR8,1,Plasma membrane,,Approved
TSPAN17,Q96FV3,1,,,
TSPAN18,Q96SJ8,1,,,
TSPAN19,P0C672,1,,,
TSPAN2,O60636,1,Nucleoplasm,,Enhanced
TSPAN3,O60637,1,"Nucleoplasm, Golgi apparatus",,Approved
TSPAN31,Q12999,1,Golgi apparatus,"Nucleoplasm, Cytokinetic bridge, Cytosol",Approved
TSPAN32,Q96QS1,1,Nucleoplasm,,Approved
TSPAN33,Q86UF1,1,Microtubules,,Approved
TSPAN4,O14817,1,,,
TSPAN5,P62079,1,"Plasma membrane, Actin filaments",Nucleoplasm,Approved
TSPAN6,O43657,1,"Cell Junctions, Cytosol",Nucleoli fibrillar center,Approved
TSPAN7,P41732,1,,,
TSPAN8,P19075,1,Vesicles,,Approved
TSPAN9,O75954,1,"Nucleoplasm, Golgi apparatus",Cytosol,Approved
TSPEAR,Q8WU66,1,,,
TSPO,"B1AH88,P30536",2,Mitochondria,"Vesicles, Cytosol",Supported
TSPO2,Q5TGU0,1,Plasma membrane,,Enhanced
TSPOAP1,O95153,1,,,
TSPY1,Q01534,1,Cytosol,,Approved
TSPY10,P0CW01,1,Cytosol,,Approved
TSPY2,A6NKD2,1,Cytosol,,Approved
TSPY3,P0CV98,1,Cytosol,,Approved
TSPY4,P0CV99,1,Cytosol,,Approved
TSPY8,P0CW00,1,Cytosol,,Approved
TSPY9P,,0,Cytosol,,Approved
TSPYL1,Q9H0U9,1,"Nucleoplasm, Nucleoli",,Supported
TSPYL2,Q9H2G4,1,,,
TSPYL4,Q9UJ04,1,,,
TSPYL5,Q86VY4,1,Cytosol,Golgi apparatus,Approved
TSPYL6,Q8N831,1,Nucleoplasm,"Nucleoli, Cytosol",Approved
TSR1,Q2NL82,1,Nucleoplasm,,Approved
TSR2,Q969E8,1,"Nucleoplasm, Nucleoli",Cytosol,Approved
TSR3,Q9UJK0,1,Cytosol,Golgi apparatus,Approved
TSSC4,Q9Y5U2,1,Nucleoplasm,Cytosol,Approved
TSSK1B,Q9BXA7,1,,,
TSSK2,Q96PF2,1,,,
TSSK3,Q96PN8,1,"Nucleoplasm, Nucleoli",Nuclear bodies,Approved
TSSK4,Q6SA08,1,Cell Junctions,,Approved
TSSK6,Q9BXA6,1,,,
TST,Q16762,1,Mitochondria,,Supported
TSTD1,Q8NFU3,1,"Cytosol, Cytoplasmic bodies",,Approved
TSTD2,Q5T7W7,1,Nucleoplasm,,Approved
TSTD3,H0UI37,1,,,
TTBK1,Q5TCY1,1,Cytosol,Nucleoplasm,Supported
TTBK2,Q6IQ55,1,Intermediate filaments,,Uncertain
TTC1,Q99614,1,Cytosol,,Enhanced
TTC12,Q9H892,1,Nucleoplasm,,Approved
TTC13,Q8NBP0,1,Nucleoplasm,,Approved
TTC14,Q96N46,1,Nucleoplasm,,Approved
TTC16,Q8NEE8,1,,,
TTC17,Q96AE7,1,Plasma membrane,Cytosol,Supported
TTC19,Q6DKK2,1,Mitochondria,,Enhanced
TTC21A,Q8NDW8,1,Nucleoplasm,,Approved
TTC21B,Q7Z4L5,1,Centriolar satellite,Cytosol,Approved
TTC22,Q5TAA0,1,,,
TTC23,Q5W5X9,1,Cytosol,,Approved
TTC23L,Q6PF05,1,,,
TTC24,A2A3L6,1,Nucleoplasm,,Approved
TTC25,Q96NG3,1,Centrosome,,Uncertain
TTC26,A0AVF1,1,,,
TTC27,Q6P3X3,1,Mitochondria,Nucleoli,Approved
TTC28,Q96AY4,1,"Microtubules, Cytokinetic bridge, Mitotic spindle",Cytosol,Approved
TTC29,Q8NA56,1,,,
TTC3,P53804,1,"Nucleoplasm, Nucleoli",Cytosol,Approved
TTC30A,Q86WT1,1,"Nucleoplasm, Centrosome",,Approved
TTC30B,Q8N4P2,1,Nucleoplasm,Centrosome,Approved
TTC31,Q49AM3,1,Cytosol,Nucleoplasm,Approved
TTC32,Q5I0X7,1,Mitochondria,Nucleoplasm,Approved
TTC33,Q6PID6,1,Nucleoplasm,"Golgi apparatus, Vesicles",Approved
TTC34,A8MYJ7,1,,,
TTC36,A6NLP5,1,Nucleoplasm,,Uncertain
TTC37,Q6PGP7,1,Nucleoplasm,Cytosol,Supported
TTC38,Q5R3I4,1,Cytosol,,Approved
TTC39A,Q5SRH9,1,Centrosome,,Enhanced
TTC39B,Q5VTQ0,1,Endoplasmic reticulum,,Approved
TTC39C,Q8N584,1,Nucleoplasm,,Approved
TTC4,O95801,1,Intermediate filaments,Cytoplasmic bodies,Enhanced
TTC5,Q8N0Z6,1,Nucleoplasm,,Supported
TTC6,Q86TZ1,1,Centrosome,,Approved
TTC7A,Q9ULT0,1,,,
TTC7B,Q86TV6,1,Plasma membrane,,Supported
TTC8,Q8TAM2,1,,,
TTC9,Q92623,1,Nuclear bodies,,Approved
TTC9B,Q8N6N2,1,"Nucleoplasm, Mitochondria",Vesicles,Approved
TTC9C,Q8N5M4,1,Nucleoplasm,,Approved
TTF1,Q15361,1,Nucleoli fibrillar center,,Supported
TTF2,Q9UNY4,1,Cytosol,,Supported
TTI1,O43156,1,Vesicles,Nucleoplasm,Approved
TTI2,Q6NXR4,1,Centrosome,Nucleoplasm,Approved
TTK,P33981,1,"Nucleoli, Cytosol",,Approved
TTL,Q8NG68,1,Vesicles,Nucleoplasm,Approved
TTLL1,O95922,1,Nucleoli,Mitochondria,Approved
TTLL10,Q6ZVT0,1,,,
TTLL11,Q8NHH1,1,,,
TTLL12,Q14166,1,Cytosol,Plasma membrane,Supported
TTLL13P,A6NNM8,1,,,
TTLL2,Q9BWV7,1,"Nuclear membrane, Nucleoli",,Approved
TTLL3,Q9Y4R7,1,,,
TTLL4,Q14679,1,Mitochondria,,Approved
TTLL5,Q6EMB2,1,"Plasma membrane, Cytosol",,Supported
TTLL6,Q8N841,1,Microtubules,Vesicles,Approved
TTLL7,Q6ZT98,1,,,
TTLL8,A6PVC2,1,,,
TTLL9,Q3SXZ7,1,Microtubules,Nucleoplasm,Approved
TTN,Q8WZ42,1,,,
TTPA,P49638,1,,,
TTPAL,Q9BTX7,1,"Golgi apparatus, Cytosol",,Approved
TTR,P02766,1,Golgi apparatus,,Approved
TTYH1,Q9H313,1,"Nucleoplasm, Plasma membrane",,Approved
TTYH2,Q9BSA4,1,,,
TTYH3,Q9C0H2,1,,,
TUB,P50607,1,Centriolar satellite,Nucleoli,Approved
TUBA1A,Q71U36,1,Microtubules,,Enhanced
TUBA1B,P68363,1,Microtubules,,Supported
TUBA1C,Q9BQE3,1,Microtubules,,Supported
TUBA3C,P0DPH7,1,Microtubules,,Supported
TUBA3D,P0DPH8,1,Microtubules,,Supported
TUBA3E,Q6PEY2,1,Microtubules,,Supported
TUBA4A,P68366,1,Microtubules,,Enhanced
TUBA4B,Q9H853,1,,,
TUBA8,Q9NY65,1,Microtubules,,Supported
TUBAL3,A6NHL2,1,,,
TUBB,P07437,1,Microtubules,"Cytokinetic bridge, Mitotic spindle",Supported
TUBB1,Q9H4B7,1,Microtubules,"Cytokinetic bridge, Mitotic spindle",Supported
TUBB2A,Q13885,1,Microtubules,"Cytokinetic bridge, Mitotic spindle",Approved
TUBB2B,Q9BVA1,1,Microtubules,"Cytokinetic bridge, Mitotic spindle",Supported
TUBB3,Q13509,1,Microtubules,"Cytokinetic bridge, Mitotic spindle",Approved
TUBB4A,P04350,1,Microtubules,"Cytokinetic bridge, Mitotic spindle",Supported
TUBB4B,P68371,1,Microtubules,"Cytokinetic bridge, Mitotic spindle",Supported
TUBB6,Q9BUF5,1,Microtubules,"Cytokinetic bridge, Mitotic spindle",Approved
TUBB8,Q3ZCM7,1,Microtubules,"Cytokinetic bridge, Mitotic spindle",Supported
TUBB8B,A6NNZ2,1,Microtubules,"Cytokinetic bridge, Mitotic spindle",Approved
TUBD1,Q9UJT1,1,"Nucleoplasm, Cytosol",,Approved
TUBE1,Q9UJT0,1,,,
TUBG1,P23258,1,,,
TUBG2,Q9NRH3,1,Centriolar satellite,,Supported
TUBGCP2,Q9BSJ2,1,"Nucleoplasm, Centrosome",,Supported
TUBGCP3,Q96CW5,1,,,
TUBGCP4,Q9UGJ1,1,Centrosome,,Supported
TUBGCP5,Q96RT8,1,"Centrosome, Cytosol",,Supported
TUBGCP6,Q96RT7,1,,,
TUFM,P49411,1,Mitochondria,,Enhanced
TUFT1,Q9NNX1,1,Vesicles,,Approved
TUG1,,0,,,
TULP1,O00294,1,,,
TULP2,O00295,1,Cytosol,,Approved
TULP3,O75386,1,Nucleoplasm,"Nucleoli, Plasma membrane",Supported
TULP4,Q9NRJ4,1,,,
TUNAR,,0,,,
TUSC1,Q2TAM9,1,Vesicles,Nucleoplasm,Approved
TUSC2,O75896,1,Cytosol,Vesicles,Approved
TUSC3,Q13454,1,,,
TUT1,Q9H6E5,1,Nucleoplasm,Cytosol,Supported
TUT4,Q5TAX3,1,Cytosol,Nucleoli,Supported
TUT7,Q5VYS8,1,Cytosol,Nucleoplasm,Supported
TVP23A,A6NH52,1,Vesicles,,Approved
TVP23B,Q9NYZ1,1,Golgi apparatus,,Supported
TVP23C,Q96ET8,1,Golgi apparatus,,Supported
TVP23C-CDRT4,,0,Golgi apparatus,,Approved
TWF1,Q12792,1,Cytosol,,Supported
TWF2,Q6IBS0,1,Plasma membrane,,Uncertain
TWIST1,Q15672,1,,,
TWIST2,Q8WVJ9,1,Nucleoplasm,Nucleoli,Supported
TWNK,Q96RR1,1,,,
TWSG1,Q9GZX9,1,"Centrosome, Cytosol",,Supported
TXK,P42681,1,"Nucleoplasm, Cytosol","Nucleoli, Plasma membrane",Supported
TXLNA,P40222,1,Cytosol,"Nucleoplasm, Centrosome",Approved
TXLNB,Q8N3L3,1,,,
TXLNG,Q9NUQ3,1,Cytosol,,Approved
TXN,P10599,1,"Nucleoplasm, Cytosol",,Enhanced
TXN2,Q99757,1,Mitochondria,,Enhanced
TXNDC11,Q6PKC3,1,"Plasma membrane, Cytosol",,Supported
TXNDC12,O95881,1,,,
TXNDC15,Q96J42,1,Golgi apparatus,,Approved
TXNDC16,Q9P2K2,1,Mitochondria,,Approved
TXNDC17,Q9BRA2,1,,,
TXNDC2,Q86VQ3,1,,,
TXNDC5,Q8NBS9,1,Endoplasmic reticulum,,Approved
TXNDC8,Q6A555,1,,,
TXNDC9,O14530,1,Cytosol,,Enhanced
TXNIP,Q9H3M7,1,Plasma membrane,Cytosol,Approved
TXNL1,O43396,1,Cytosol,,Enhanced
TXNL4A,P83876,1,"Nucleoplasm, Nuclear membrane",Cytosol,Approved
TXNL4B,Q9NX01,1,Nucleoplasm,Cytosol,Supported
TXNRD1,Q16881,1,Nucleoplasm,,Supported
TXNRD2,Q9NNW7,1,"Mitochondria, Cytosol",,Approved
TXNRD3,Q86VQ6,1,Nucleoplasm,Cytosol,Enhanced
TYK2,P29597,1,Cytosol,,Approved
TYMP,P19971,1,"Nuclear bodies, Golgi apparatus",Cytosol,Approved
TYMS,P04818,1,,,
TYR,P14679,1,Vesicles,,Enhanced
TYRO3,Q06418,1,,,
TYROBP,O43914,1,Plasma membrane,,Supported
TYRP1,P17643,1,Vesicles,,Approved
TYSND1,Q2T9J0,1,"Nucleoplasm, Centrosome",Cytosol,Uncertain
TYW1,Q9NV66,1,"Nucleoplasm, Nucleoli, Nucleoli rim",,Approved
TYW1B,Q6NUM6,1,"Nucleoplasm, Nucleoli, Nucleoli rim",,Approved
TYW3,Q6IPR3,1,Cytosol,Plasma membrane,Approved
TYW5,A2RUC4,1,Nuclear bodies,,Approved
U2AF1,Q01081,1,Nucleoplasm,,Enhanced
U2AF1L4,Q8WU68,1,Nucleoplasm,,Approved
U2AF1L5,P0DN76,1,Nucleoplasm,,Uncertain
U2AF2,P26368,1,"Nucleoplasm, Nuclear speckles",,Supported
U2SURP,O15042,1,Nucleoplasm,,Supported
UACA,Q9BZF9,1,Nucleoplasm,Cytosol,Supported
UAP1,Q16222,1,"Nucleoplasm, Plasma membrane, Cytosol",,Supported
UAP1L1,Q3KQV9,1,Intermediate filaments,Cytosol,Approved
UBA1,P22314,1,Nucleoplasm,Cytosol,Supported
UBA2,Q9UBT2,1,Nucleoplasm,,Supported
UBA3,Q8TBC4,1,"Plasma membrane, Cytosol","Nucleoplasm, Centrosome",Approved
UBA5,Q9GZZ9,1,Cytosol,Vesicles,Enhanced
UBA52,P62987,1,"Endoplasmic reticulum, Cytosol","Nucleoplasm, Plasma membrane",Approved
UBA6,A0AVT1,1,"Nucleoplasm, Cytosol",,Enhanced
UBA7,P41226,1,"Nucleoplasm, Vesicles",Cytosol,Approved
UBAC1,Q9BSL1,1,"Plasma membrane, Cytosol",Golgi apparatus,Supported
UBAC2,Q8NBM4,1,Cytosol,,Approved
UBALD1,Q8TB05,1,"Nucleoplasm, Cytosol",Cell Junctions,Approved
UBALD2,Q8IYN6,1,,,
UBAP1,Q9NZ09,1,Cytosol,"Vesicles, Plasma membrane",Supported
UBAP1L,F5GYI3,1,Nuclear bodies,,Uncertain
UBAP2,Q5T6F2,1,Cytosol,,Approved
UBAP2L,Q14157,1,"Nuclear speckles, Cytosol",,Approved
UBASH3A,P57075,1,Nucleoplasm,Golgi apparatus,Supported
UBASH3B,Q8TF42,1,Cytosol,"Nucleoplasm, Nuclear bodies",Approved
UBB,P0CG47,1,,,
UBC,P0CG48,1,,,
UBD,O15205,1,Nucleoplasm,Nucleoli fibrillar center,Supported
UBE2A,P49459,1,"Nucleoplasm, Plasma membrane","Vesicles, Cytosol",Approved
UBE2B,P63146,1,"Nucleoplasm, Plasma membrane","Vesicles, Cytosol",Approved
UBE2C,O00762,1,"Plasma membrane, Cytosol",,Approved
UBE2D1,P51668,1,"Plasma membrane, Cytosol",,Approved
UBE2D2,P62837,1,"Plasma membrane, Cytosol",,Approved
UBE2D3,P61077,1,"Plasma membrane, Cytosol",,Approved
UBE2D4,Q9Y2X8,1,"Plasma membrane, Cytosol",,Approved
UBE2E1,P51965,1,Nucleoplasm,,Supported
UBE2E2,Q96LR5,1,Nucleoplasm,,Approved
UBE2E3,Q969T4,1,,,
UBE2F,Q969M7,1,Cytosol,,Approved
UBE2G1,P62253,1,"Nucleoplasm, Cytosol",,Approved
UBE2G2,P60604,1,,,
UBE2H,P62256,1,Mitochondria,,Approved
UBE2I,P63279,1,Nucleoplasm,Nucleoli,Supported
UBE2J1,Q9Y385,1,,,
UBE2J2,Q8N2K1,1,,,
UBE2K,P61086,1,Cytosol,Plasma membrane,Approved
UBE2L3,P68036,1,"Nucleoplasm, Cytosol",,Supported
UBE2L5,A0A1B0GUS4,1,"Nucleoplasm, Cytosol",,Approved
UBE2L6,O14933,1,Cytosol,,Approved
UBE2M,P61081,1,Nucleoplasm,"Nucleoli, Nuclear bodies, Cytosol",Enhanced
UBE2N,P61088,1,Nucleoplasm,Nucleoli fibrillar center,Supported
UBE2O,Q9C0C9,1,Nuclear bodies,Nucleoplasm,Supported
UBE2Q1,Q7Z7E8,1,Nucleoplasm,"Centrosome, Cytosol",Approved
UBE2Q2,Q8WVN8,1,,,
UBE2QL1,A1L167,1,Nucleoplasm,Plasma membrane,Supported
UBE2R2,Q712K3,1,"Nucleoplasm, Nucleoli",Cytosol,Approved
UBE2S,Q16763,1,Plasma membrane,Nucleoplasm,Approved
UBE2T,Q9NPD8,1,Nucleoli,Nucleoplasm,Approved
UBE2U,Q5VVX9,1,,,
UBE2V1,Q13404,1,Nucleoplasm,,Enhanced
UBE2V2,Q15819,1,Nucleoplasm,,Supported
UBE2W,Q96B02,1,Nucleoli,,Approved
UBE2Z,Q9H832,1,"Nucleoplasm, Cytosol",,Supported
UBE3A,Q05086,1,Nucleoplasm,Cytosol,Approved
UBE3B,Q7Z3V4,1,Nuclear speckles,Mitochondria,Approved
UBE3C,Q15386,1,"Nucleoplasm, Mitochondria",Plasma membrane,Approved
UBE3D,Q7Z6J8,1,Rods & Rings,,Approved
UBE4A,Q14139,1,Nuclear speckles,,Approved
UBE4B,O95155,1,,,
UBFD1,O14562,1,Nucleoplasm,Nucleoli,Approved
UBIAD1,Q9Y5Z9,1,Vesicles,,Approved
UBL3,O95164,1,Centrosome,,Approved
UBL4A,P11441,1,"Nucleoplasm, Cytosol",,Supported
UBL4B,Q8N7F7,1,,,
UBL5,Q9BZL1,1,,,
UBL7,Q96S82,1,Nucleoplasm,Cytosol,Approved
UBLCP1,Q8WVY7,1,"Nucleoplasm, Nucleoli, Nucleoli rim",,Supported
UBN1,Q9NPG3,1,Nucleoplasm,Nuclear bodies,Supported
UBN2,Q6ZU65,1,Nucleoplasm,,Enhanced
UBOX5,O94941,1,Nucleoplasm,,Approved
UBP1,Q9NZI7,1,Nucleoplasm,,Supported
UBQLN1,Q9UMX0,1,Nucleoplasm,Cytosol,Supported
UBQLN2,Q9UHD9,1,Cytosol,Plasma membrane,Supported
UBQLN3,Q9H347,1,,,
UBQLN4,Q9NRR5,1,Nucleoplasm,,Supported
UBQLNL,Q8IYU4,1,,,
UBR1,Q8IWV7,1,Vesicles,"Nucleoplasm, Cytosol",Approved
UBR2,Q8IWV8,1,Nucleoplasm,Plasma membrane,Approved
UBR3,Q6ZT12,1,"Nucleoplasm, Nucleoli",,Approved
UBR4,Q5T4S7,1,Nucleoplasm,"Centrosome, Cytosol",Supported
UBR5,O95071,1,Nucleoplasm,Cytosol,Supported
UBR7,Q8N806,1,Nucleoplasm,,Approved
UBTD1,Q9HAC8,1,Vesicles,"Plasma membrane, Cytosol",Approved
UBTD2,Q8WUN7,1,,,
UBTF,P17480,1,Nucleoli fibrillar center,,Enhanced
UBTFL1,P0CB47,1,,,
UBXN1,Q04323,1,Cytosol,Nucleoplasm,Supported
UBXN10,Q96LJ8,1,,,
UBXN11,Q5T124,1,"Nucleoli, Cytosol",,Approved
UBXN2A,P68543,1,Centrosome,,Approved
UBXN2B,Q14CS0,1,Nucleoplasm,,Approved
UBXN4,Q92575,1,Endoplasmic reticulum,,Supported
UBXN6,Q9BZV1,1,"Golgi apparatus, Cytosol",,Approved
UBXN7,O94888,1,Nucleoplasm,,Enhanced
UBXN8,O00124,1,Endoplasmic reticulum,"Nucleoplasm, Nucleoli",Supported
UCHL1,P09936,1,Cytosol,Nucleoplasm,Supported
UCHL3,P15374,1,Nucleoplasm,Cytosol,Approved
UCHL5,Q9Y5K5,1,"Nucleoplasm, Cytosol",Nucleoli,Supported
UCK1,Q9HA47,1,Nucleoplasm,Nucleoli,Approved
UCK2,Q9BZX2,1,Nucleoplasm,,Approved
UCKL1,Q9NWZ5,1,Endoplasmic reticulum,,Approved
UCMA,Q8WVF2,1,,,
UCN,P55089,1,Endoplasmic reticulum,,Approved
UCN2,Q96RP3,1,Vesicles,,Approved
UCN3,Q969E3,1,,,
UCP1,P25874,1,,,
UCP2,P55851,1,Mitochondria,,Supported
UCP3,P55916,1,"Nucleoplasm, Cytosol",Plasma membrane,Approved
UEVLD,Q8IX04,1,Nucleoplasm,Cytosol,Approved
UFC1,Q9Y3C8,1,Nuclear speckles,Cytosol,Approved
UFD1,Q92890,1,"Nucleoplasm, Cytosol",Nucleoli,Approved
UFL1,O94874,1,Endoplasmic reticulum,,Supported
UFM1,P61960,1,,,
UFSP1,Q6NVU6,1,,,
UFSP2,Q9NUQ7,1,"Nucleoplasm, Cytosol",,Approved
UGCG,Q16739,1,,,
UGDH,O60701,1,Nucleoplasm,,Supported
UGGT1,Q9NYU2,1,Cytosol,,Uncertain
UGGT2,Q9NYU1,1,,,
UGP2,Q16851,1,"Centrosome, Mitochondria",Nucleoplasm,Approved
UGT1A1,P22309,1,,,
UGT1A10,Q9HAW8,1,,,
UGT1A3,P35503,1,,,
UGT1A4,P22310,1,,,
UGT1A5,P35504,1,,,
UGT1A6,P19224,1,Vesicles,Endoplasmic reticulum,Supported
UGT1A7,Q9HAW7,1,,,
UGT1A8,Q9HAW9,1,,,
UGT1A9,O60656,1,,,
UGT2A1,P0DTE4,1,,,
UGT2A2,"P0DTE4,P0DTE5",2,,,
UGT2A3,Q6UWM9,1,,,
UGT2B10,P36537,1,,,
UGT2B11,O75310,1,,,
UGT2B15,P54855,1,,,
UGT2B17,O75795,1,,,
UGT2B28,Q9BY64,1,,,
UGT2B4,P06133,1,,,
UGT2B7,P16662,1,,,
UGT3A1,Q6NUS8,1,"Vesicles, Cytosol",,Approved
UGT3A2,Q3SY77,1,Nucleoplasm,"Golgi apparatus, Cytosol",Uncertain
UGT8,Q16880,1,Mitochondria,,Approved
UHMK1,Q8TAS1,1,"Nucleoplasm, Nuclear speckles",Vesicles,Supported
UHRF1,Q96T88,1,Nucleoplasm,,Supported
UHRF1BP1,Q6BDS2,1,"Nucleoplasm, Nuclear membrane",Cytosol,Approved
UHRF1BP1L,A0JNW5,1,Nucleoplasm,"Vesicles, Cytosol",Uncertain
UHRF2,Q96PU4,1,Nucleoplasm,,Enhanced
UIMC1,Q96RL1,1,Nuclear bodies,Nucleoplasm,Supported
ULBP1,Q9BZM6,1,"Plasma membrane, Cytosol",,Supported
ULBP2,Q9BZM5,1,"Vesicles, Plasma membrane",,Supported
ULBP3,Q9BZM4,1,Vesicles,Centriolar satellite,Uncertain
ULK1,O75385,1,Cytosol,,Approved
ULK2,Q8IYT8,1,,,
ULK3,Q6PHR2,1,,,
ULK4,Q96C45,1,"Nucleoplasm, Mitochondria, Cytosol",,Approved
UMAD1,C9J7I0,1,Nucleoplasm,,Approved
UMOD,P07911,1,,,
UMODL1,Q5DID0,1,,,
UMPS,P11172,1,Cytosol,,Approved
UNC119,Q13432,1,,,
UNC119B,A6NIH7,1,,,
UNC13A,Q9UPW8,1,,,
UNC13B,O14795,1,Vesicles,"Nucleoplasm, Golgi apparatus, Intermediate filaments",Approved
UNC13C,Q8NB66,1,,,
UNC13D,Q70J99,1,Cytosol,Vesicles,Supported
UNC45A,Q9H3U1,1,Nuclear speckles,Cytosol,Supported
UNC45B,Q8IWX7,1,Cytosol,,Approved
UNC50,Q53HI1,1,,,
UNC5A,Q6ZN44,1,"Plasma membrane, Cytosol",,Approved
UNC5B,Q8IZJ1,1,,,
UNC5C,O95185,1,,,
UNC5CL,Q8IV45,1,Centrosome,,Approved
UNC5D,Q6UXZ4,1,,,
UNC79,Q9P2D8,1,Plasma membrane,Nucleoplasm,Approved
UNC80,Q8N2C7,1,Nuclear bodies,Vesicles,Approved
UNC93A,Q86WB7,1,,,
UNC93B1,Q9H1C4,1,Nucleoplasm,,Approved
UNCX,A6NJT0,1,Nucleoplasm,,Approved
UNG,P13051,1,Nucleoplasm,Mitochondria,Supported
UNK,Q9C0B0,1,"Cytosol, Cytoplasmic bodies",,Supported
UNKL,Q9H9P5,1,Cytosol,,Supported
UPB1,Q9UBR1,1,,,
UPF1,Q92900,1,Nucleoplasm,Cytosol,Supported
UPF2,Q9HAU5,1,Cytosol,Cytoplasmic bodies,Supported
UPF3A,Q9H1J1,1,Nucleoplasm,"Vesicles, Cytosol",Approved
UPF3B,Q9BZI7,1,Cytosol,"Nucleoplasm, Nucleoli",Enhanced
UPK1A,O00322,1,,,
UPK1B,O75841,1,,,
UPK2,O00526,1,,,
UPK3A,O75631,1,Nuclear membrane,Nuclear bodies,Uncertain
UPK3B,Q9BT76,1,,,
UPK3BL1,B0FP48,1,,,
UPK3BL2,E5RIL1,1,,,
UPP1,Q16831,1,Nucleoplasm,,Enhanced
UPP2,O95045,1,Nucleoplasm,"Vesicles, Mitochondria",Approved
UPRT,Q96BW1,1,Nucleoplasm,Vesicles,Supported
UQCC1,Q9NVA1,1,Plasma membrane,"Nucleoplasm, Actin filaments",Approved
UQCC2,Q9BRT2,1,Mitochondria,Nuclear bodies,Supported
UQCC3,Q6UW78,1,"Nucleoplasm, Mitochondria",Cytosol,Approved
UQCR10,Q9UDW1,1,,,
UQCR11,O14957,1,,,
UQCRB,P14927,1,,,
UQCRC1,P31930,1,Mitochondria,,Supported
UQCRC2,P22695,1,Mitochondria,,Enhanced
UQCRFS1,P47985,1,Mitochondria,,Approved
UQCRH,P07919,1,,,
UQCRHL,A0A096LP55,1,,,
UQCRQ,O14949,1,Mitochondria,,Enhanced
URAD,A6NGE7,1,,,
URB1,O60287,1,Nucleoli fibrillar center,,Supported
URB2,Q14146,1,Nucleoli,,Enhanced
URGCP,Q8TCY9,1,Cytosol,,Supported
URGCP-MRPS24,,0,,,
URI1,O94763,1,Nucleoplasm,Cytosol,Supported
URM1,Q9BTM9,1,Vesicles,Nucleoplasm,Approved
UROC1,Q96N76,1,,,
UROD,P06132,1,"Nucleoplasm, Cytosol",,Supported
UROS,P10746,1,Nucleoplasm,Cytosol,Approved
USB1,Q9BQ65,1,Nucleoplasm,,Supported
USE1,Q9NZ43,1,,,
USF1,P22415,1,Nucleoplasm,,Enhanced
USF2,Q15853,1,Nucleoplasm,Vesicles,Supported
USF3,Q68DE3,1,"Nucleoplasm, Nucleoli",Centrosome,Uncertain
USH1C,Q9Y6N9,1,Cytosol,,Enhanced
USH1G,Q495M9,1,,,
USH2A,O75445,1,,,
USHBP1,Q8N6Y0,1,,,
USO1,O60763,1,Golgi apparatus,Nucleoli fibrillar center,Supported
USP1,O94782,1,Nucleoplasm,,Supported
USP10,Q14694,1,Cytosol,Nucleoplasm,Supported
USP11,P51784,1,Nucleoplasm,Cytosol,Supported
USP12,O75317,1,Nucleoplasm,,Approved
USP13,Q92995,1,"Nucleoplasm, Cytosol",,Approved
USP14,P54578,1,"Plasma membrane, Cytosol",,Supported
USP15,Q9Y4E8,1,Cytosol,"Nucleoplasm, Nuclear bodies",Supported
USP16,Q9Y5T5,1,"Nucleoplasm, Cytosol",,Approved
USP17L1,Q7RTZ2,1,,,
USP17L10,C9JJH3,1,,,
USP17L11,C9JVI0,1,,,
USP17L12,C9JPN9,1,,,
USP17L13,C9JLJ4,1,,,
USP17L15,C9J2P7,1,,,
USP17L17,D6RBQ6,1,,,
USP17L18,D6R9N7,1,,,
USP17L19,D6RCP7,1,,,
USP17L2,Q6R6M4,1,,,
USP17L20,D6RJB6,1,,,
USP17L21,D6R901,1,,,
USP17L22,D6RA61,1,,,
USP17L23,D6RBM5,1,,,
USP17L24,Q0WX57,1,,,
USP17L25,Q0WX57,1,,,
USP17L26,Q0WX57,1,,,
USP17L27,Q0WX57,1,,,
USP17L28,Q0WX57,1,,,
USP17L29,Q0WX57,1,,,
USP17L3,A6NCW0,1,,,
USP17L30,Q0WX57,1,,,
USP17L4,A6NCW7,1,,,
USP17L5,A8MUK1,1,,,
USP17L7,P0C7H9,1,,,
USP17L8,P0C7I0,1,,,
USP18,Q9UMW8,1,Cytosol,Vesicles,Supported
USP19,O94966,1,,,
USP2,O75604,1,Cytosol,Plasma membrane,Supported
USP20,Q9Y2K6,1,"Nucleoplasm, Plasma membrane, Cytosol",,Approved
USP21,Q9UK80,1,Cytosol,"Nucleoplasm, Plasma membrane",Supported
USP22,Q9UPT9,1,Nuclear speckles,,Approved
USP24,Q9UPU5,1,Nucleoplasm,Cytosol,Supported
USP25,Q9UHP3,1,Cytosol,,Supported
USP26,Q9BXU7,1,Nucleoplasm,Cytosol,Supported
USP27X,A6NNY8,1,Vesicles,Nucleoplasm,Approved
USP28,Q96RU2,1,Nucleoplasm,Nuclear bodies,Supported
USP29,Q9HBJ7,1,Plasma membrane,Cytosol,Supported
USP3,Q9Y6I4,1,Nucleoplasm,Midbody ring,Supported
USP30,Q70CQ3,1,,,
USP31,Q70CQ4,1,Cytosol,,Approved
USP32,Q8NFA0,1,Golgi apparatus,Cytosol,Approved
USP33,Q8TEY7,1,"Nucleoplasm, Golgi apparatus",,Supported
USP34,Q70CQ2,1,Nucleoplasm,,Approved
USP35,Q9P2H5,1,Nucleoli fibrillar center,Nucleoplasm,Approved
USP36,Q9P275,1,"Nucleoli, Nucleoli rim",Nuclear speckles,Enhanced
USP37,Q86T82,1,"Nucleoplasm, Nucleoli",,Approved
USP38,Q8NB14,1,Nucleoplasm,"Centrosome, Cytosol",Approved
USP39,Q53GS9,1,Nucleoplasm,,Supported
USP4,Q13107,1,"Plasma membrane, Cytosol",,Approved
USP40,Q9NVE5,1,Vesicles,Focal adhesion sites,Approved
USP41,,0,,,
USP42,Q9H9J4,1,Nucleoplasm,Nucleoli,Approved
USP43,Q70EL4,1,"Nucleoplasm, Nuclear speckles",,Approved
USP44,Q9H0E7,1,"Nucleoli fibrillar center, Microtubules",,Approved
USP45,Q70EL2,1,"Nucleoplasm, Cytosol",,Supported
USP46,P62068,1,"Nucleoli, Nucleoli rim",,Approved
USP47,Q96K76,1,Intermediate filaments,Vesicles,Approved
USP48,Q86UV5,1,Nucleoplasm,"Mitochondria, Cytosol",Supported
USP49,Q70CQ1,1,,,
USP5,P45974,1,"Nucleoplasm, Cytosol",,Approved
USP50,Q70EL3,1,,,
USP51,Q70EK9,1,Cytosol,Nucleoli fibrillar center,Approved
USP53,Q70EK8,1,Plasma membrane,Cytosol,Approved
USP54,Q70EL1,1,Mitochondria,,Approved
USP6,P35125,1,Vesicles,,Uncertain
USP6NL,Q92738,1,,,
USP7,Q93009,1,Nucleoplasm,Nuclear bodies,Supported
USP8,P40818,1,Golgi apparatus,Cytosol,Supported
USP9X,Q93008,1,Cytosol,,Supported
USP9Y,O00507,1,Vesicles,,Uncertain
USPL1,Q5W0Q7,1,,,
UST,Q9Y2C2,1,,,
UTF1,Q5T230,1,,,
UTP11,Q9Y3A2,1,Nucleoli,Nucleoplasm,Approved
UTP14A,Q9BVJ6,1,Nucleoli,Cytosol,Supported
UTP14C,Q5TAP6,1,Nucleoli,Cytosol,Approved
UTP15,Q8TED0,1,"Nucleoli, Endoplasmic reticulum",,Approved
UTP18,Q9Y5J1,1,"Nucleoli, Nucleoli rim","Nucleoplasm, Nuclear membrane",Supported
UTP20,O75691,1,Nucleoli,Plasma membrane,Supported
UTP23,Q9BRU9,1,Nucleoli,,Approved
UTP25,Q68CQ4,1,,,
UTP3,Q9NQZ2,1,Nucleoli,Vesicles,Supported
UTP4,Q969X6,1,Nucleoli fibrillar center,,Supported
UTP6,Q9NYH9,1,Nucleoli,Mitotic chromosome,Enhanced
UTRN,P46939,1,"Nucleoplasm, Plasma membrane",,Approved
UTS2,O95399,1,,,
UTS2B,Q765I0,1,,,
UTS2R,Q9UKP6,1,,,
UTY,O14607,1,Nucleoplasm,"Nucleoli, Nucleoli rim",Approved
UVRAG,Q9P2Y5,1,,,
UVSSA,Q2YD98,1,Nucleoplasm,,Supported
UXS1,Q8NBZ7,1,,,
UXT,Q9UBK9,1,"Nucleoplasm, Centriolar satellite",Cytosol,Supported
VAC14,Q08AM6,1,Vesicles,Cytosol,Supported
VAMP1,P23763,1,,,
VAMP2,P63027,1,,,
VAMP3,Q15836,1,,,
VAMP4,O75379,1,Golgi apparatus,,Approved
VAMP5,O95183,1,"Nucleoplasm, Plasma membrane",,Approved
VAMP7,P51809,1,Vesicles,,Supported
VAMP8,Q9BV40,1,"Golgi apparatus, Plasma membrane",Nucleoplasm,Approved
VANGL1,Q8TAA9,1,Plasma membrane,,Approved
VANGL2,Q9ULK5,1,,,
VAPA,Q9P0L0,1,Endoplasmic reticulum,,Enhanced
VAPB,O95292,1,Endoplasmic reticulum,,Enhanced
VARS1,P26640,1,Cytosol,,Enhanced
VARS2,Q5ST30,1,Mitochondria,,Approved
VASH1,Q7L8A9,1,,,
VASH2,Q86V25,1,Cytosol,,Supported
VASN,Q6EMK4,1,Mitochondria,"Nucleoplasm, Nucleoli",Approved
VASP,P50552,1,"Plasma membrane, Cell Junctions, Focal adhesion sites",,Supported
VAT1,Q99536,1,,,
VAT1L,Q9HCJ6,1,Cytosol,,Approved
VAV1,P15498,1,Cytosol,,Approved
VAV2,P52735,1,Vesicles,,Approved
VAV3,Q9UKW4,1,,,
VAX1,Q5SQQ9,1,Nucleoli rim,Nucleoplasm,Approved
VAX2,Q9UIW0,1,Nuclear speckles,,Approved
VBP1,P61758,1,Cytosol,Vesicles,Supported
VCAM1,P19320,1,Cell Junctions,,Approved
VCAN,P13611,1,Vesicles,,Approved
VCL,P18206,1,Focal adhesion sites,,Enhanced
VCP,P55072,1,"Nucleoplasm, Cytosol",,Enhanced
VCPIP1,Q96JH7,1,Plasma membrane,Centrosome,Approved
VCPKMT,Q9H867,1,Cytosol,,Supported
VCX,Q9H320,1,,,
VCX2,Q9H322,1,,,
VCX3A,Q9NNX9,1,,,
VCX3B,Q9H321,1,,,
VCY,O14598,1,,,
VCY1B,O14598,1,,,
VDAC1,P21796,1,,,
VDAC2,P45880,1,Mitochondria,,Supported
VDAC3,Q9Y277,1,Mitochondria,,Supported
VDR,P11473,1,Nucleoplasm,"Intermediate filaments, Cytosol",Supported
VEGFA,P15692,1,,,
VEGFB,P49765,1,,,
VEGFC,P49767,1,,,
VEGFD,O43915,1,,,
VENTX,O95231,1,Nucleoli fibrillar center,,Approved
VEPH1,Q14D04,1,"Nucleoplasm, Nucleoli, Cytosol",,Approved
VEZF1,Q14119,1,Nucleoplasm,,Enhanced
VEZT,Q9HBM0,1,Nucleoplasm,Cytosol,Supported
VGF,O15240,1,"Golgi apparatus, Vesicles",,Enhanced
VGLL1,Q99990,1,Nucleoplasm,,Supported
VGLL2,Q8N8G2,1,,,
VGLL3,A8MV65,1,"Nucleoli, Cytosol",,Approved
VGLL4,Q14135,1,Nucleoli fibrillar center,Nucleoplasm,Approved
VHL,P40337,1,Nucleoplasm,Cytosol,Enhanced
VHLL,Q6RSH7,1,,,
VIL1,P09327,1,Plasma membrane,,Enhanced
VILL,O15195,1,"Nucleoplasm, Cytosol",Nucleoli fibrillar center,Approved
VIM,P08670,1,Intermediate filaments,,Supported
VIP,P01282,1,Endoplasmic reticulum,,Approved
VIPAS39,Q9H9C1,1,,,
VIPR1,P32241,1,,,
VIPR2,P41587,1,Focal adhesion sites,,Approved
VIRMA,Q69YN4,1,Nuclear bodies,Nucleoplasm,Supported
VIT,Q6UXI7,1,,,
VKORC1,Q9BQB6,1,Endoplasmic reticulum,,Supported
VKORC1L1,Q8N0U8,1,Endoplasmic reticulum,,Supported
VLDLR,P98155,1,Vesicles,"Cytokinetic bridge, Centriolar satellite",Uncertain
VMA21,Q3ZAQ7,1,,,
VMAC,Q2NL98,1,,,
VMO1,Q7Z5L0,1,,,
VMP1,Q96GC9,1,Endoplasmic reticulum,Nucleoli,Approved
VN1R1,Q9GZP7,1,Vesicles,Nucleoplasm,Uncertain
VN1R2,Q8NFZ6,1,,,
VN1R4,Q7Z5H5,1,,,
VNN1,O95497,1,Vesicles,,Approved
VNN2,O95498,1,,,
VNN3,Q9NY84,1,,,
VOPP1,Q96AW1,1,,,
VPREB1,P12018,1,,,
VPREB3,Q9UKI3,1,,,
VPS11,Q9H270,1,Cytosol,,Approved
VPS13A,Q96RL7,1,,,
VPS13B,Q7Z7G8,1,Cell Junctions,,Approved
VPS13C,Q709C8,1,Microtubules,,Approved
VPS13D,Q5THJ4,1,"Nucleoplasm, Vesicles",Cytosol,Approved
VPS16,Q9H269,1,,,
VPS18,Q9P253,1,,,
VPS25,Q9BRG1,1,Vesicles,,Supported
VPS26A,O75436,1,"Endosomes, Lysosomes",,Enhanced
VPS26B,Q4G0F5,1,,,
VPS26C,O14972,1,Mitochondria,,Approved
VPS28,Q9UK41,1,,,
VPS29,Q9UBQ0,1,"Vesicles, Cytosol",,Supported
VPS33A,Q96AX1,1,Nucleoplasm,,Approved
VPS33B,Q9H267,1,,,
VPS35,Q96QK1,1,"Endosomes, Lysosomes",,Supported
VPS35L,Q7Z3J2,1,Mitochondria,,Approved
VPS36,Q86VN1,1,"Vesicles, Lysosomes","Plasma membrane, Cell Junctions",Supported
VPS37A,Q8NEZ2,1,Vesicles,"Centrosome, Cytosol",Approved
VPS37B,Q9H9H4,1,,,
VPS37C,A5D8V6,1,Vesicles,Nucleoplasm,Approved
VPS37D,Q86XT2,1,Vesicles,,Approved
VPS39,Q96JC1,1,,,
VPS41,P49754,1,,,
VPS45,Q9NRW7,1,Microtubules,,Approved
VPS4A,Q9UN37,1,Midbody,,Supported
VPS4B,O75351,1,Vesicles,Intermediate filaments,Approved
VPS50,Q96JG6,1,Cytosol,Plasma membrane,Uncertain
VPS51,Q9UID3,1,"Golgi apparatus, Vesicles",Nucleoli,Approved
VPS52,Q8N1B4,1,,,
VPS53,Q5VIR6,1,"Golgi apparatus, Vesicles",Cytosol,Supported
VPS54,Q9P1Q0,1,Golgi apparatus,Nucleoplasm,Enhanced
VPS72,Q15906,1,Nuclear speckles,,Approved
VPS8,Q8N3P4,1,,,
VPS9D1,Q9Y2B5,1,Cytosol,Nucleoplasm,Approved
VRK1,Q99986,1,Nucleoplasm,Cytosol,Supported
VRK2,Q86Y07,1,Endoplasmic reticulum,,Supported
VRK3,Q8IV63,1,"Nucleoplasm, Vesicles",,Approved
VRTN,Q9H8Y1,1,Nucleoplasm,,Approved
VSIG1,Q86XK7,1,"Vesicles, Cytosol",,Approved
VSIG10,Q8N0Z9,1,Cytosol,Centriolar satellite,Approved
VSIG10L,Q86VR7,1,Nucleoplasm,,Approved
VSIG10L2,P0DP72,1,,,
VSIG2,Q96IQ7,1,Nucleoplasm,,Approved
VSIG4,Q9Y279,1,"Plasma membrane, Cytosol",Nucleoli,Uncertain
VSIG8,P0DPA2,1,,,
VSIR,Q9H7M9,1,Nucleoplasm,,Approved
VSNL1,P62760,1,Cytosol,,Approved
VSTM1,Q6UX27,1,Vesicles,,Approved
VSTM2A,Q8TAG5,1,,,
VSTM2B,A6NLU5,1,,,
VSTM2L,Q96N03,1,,,
VSTM4,Q8IW00,1,"Nucleoplasm, Vesicles",,Approved
VSTM5,A8MXK1,1,Endoplasmic reticulum,,Uncertain
VSX1,Q9NZR4,1,Nucleoli,,Approved
VSX2,P58304,1,,,
VTA1,Q9NP79,1,"Nucleoplasm, Vesicles, Cytosol",,Supported
VTCN1,Q7Z7D3,1,Plasma membrane,"Cell Junctions, Focal adhesion sites",Approved
VTI1A,Q96AJ9,1,"Golgi apparatus, Vesicles",,Supported
VTI1B,Q9UEU0,1,"Golgi apparatus, Vesicles",,Enhanced
VTN,P04004,1,"Endoplasmic reticulum, Vesicles",,Supported
VWA1,Q6PCB0,1,,,
VWA2,Q5GFL6,1,,,
VWA3A,A6NCI4,1,,,
VWA3B,Q502W6,1,"Nucleoplasm, Cytosol",,Approved
VWA5A,O00534,1,Nucleoplasm,Nucleoli,Enhanced
VWA5B1,Q5TIE3,1,Mitochondria,"Plasma membrane, Cytosol",Approved
VWA5B2,Q8N398,1,Golgi apparatus,Nucleoplasm,Approved
VWA7,Q9Y334,1,"Plasma membrane, Cytosol",,Approved
VWA8,A3KMH1,1,"Vesicles, Lipid droplets",,Approved
VWC2,Q2TAL6,1,,,
VWC2L,B2RUY7,1,,,
VWCE,Q96DN2,1,Nucleoplasm,"Vesicles, Cytosol",Supported
VWDE,Q8N2E2,1,Cytosol,,Approved
VWF,P04275,1,,,
VXN,Q8TAG6,1,Nuclear speckles,,Approved
WAC,Q9BTA9,1,Nucleoplasm,,Enhanced
WAPL,Q7Z5K2,1,Nucleoplasm,,Supported
WARS1,P23381,1,Cytosol,,Enhanced
WARS2,Q9UGM6,1,Mitochondria,,Supported
WAS,P42768,1,Plasma membrane,Cytosol,Approved
WASF1,Q92558,1,,,
WASF2,Q9Y6W5,1,Plasma membrane,Cytosol,Approved
WASF3,Q9UPY6,1,,,
WASH6P,,0,Vesicles,,Approved
WASHC1,A8K0Z3,1,Vesicles,,Supported
WASHC2A,Q641Q2,1,Vesicles,"Nucleoli, Cytosol",Supported
WASHC2C,Q9Y4E1,1,Vesicles,"Nucleoli, Cytosol",Supported
WASHC3,Q9Y3C0,1,Vesicles,,Approved
WASHC4,Q2M389,1,Nucleoplasm,,Enhanced
WASHC5,Q12768,1,Nucleoplasm,,Enhanced
WASL,O00401,1,Cytosol,Nucleoli,Approved
WBP1,Q96G27,1,Cytosol,,Approved
WBP11,Q9Y2W2,1,Nucleoplasm,,Supported
WBP1L,Q9NX94,1,Microtubules,Nucleoplasm,Approved
WBP2,Q969T9,1,"Nucleoplasm, Cytosol",,Supported
WBP2NL,Q6ICG8,1,Cytosol,,Approved
WBP4,O75554,1,Nucleoplasm,"Vesicles, Plasma membrane",Supported
WDCP,Q9H6R7,1,Nucleoli,Cytosol,Approved
WDFY1,Q8IWB7,1,"Golgi apparatus, Vesicles",,Supported
WDFY2,Q96P53,1,Vesicles,,Supported
WDFY3,Q8IZQ1,1,Cytosol,"Nucleoli, Plasma membrane",Approved
WDFY4,Q6ZS81,1,Nucleoplasm,Cytosol,Approved
WDHD1,O75717,1,Nucleoplasm,,Enhanced
WDPCP,O95876,1,Cell Junctions,,Approved
WDR1,O75083,1,"Plasma membrane, Cell Junctions",,Supported
WDR11,Q9BZH6,1,"Microtubules, Cytosol",,Approved
WDR12,Q9GZL7,1,"Plasma membrane, Cytosol",Nucleoli,Approved
WDR13,Q9H1Z4,1,Nucleoplasm,"Plasma membrane, Centriolar satellite",Supported
WDR17,Q8IZU2,1,Nuclear speckles,,Approved
WDR18,Q9BV38,1,Nucleoplasm,,Supported
WDR19,Q8NEZ3,1,Nucleoplasm,"Centrosome, Cytosol",Uncertain
WDR20,Q8TBZ3,1,,,
WDR24,Q96S15,1,Vesicles,Cytosol,Supported
WDR25,Q64LD2,1,Nucleoplasm,,Approved
WDR26,Q9H7D7,1,"Nucleoplasm, Cytosol",Mitochondria,Enhanced
WDR27,A2RRH5,1,Nucleoplasm,,Enhanced
WDR3,Q9UNX4,1,Nucleoli,Nucleoplasm,Enhanced
WDR31,Q8NA23,1,Cytosol,Nuclear bodies,Approved
WDR33,Q9C0J8,1,"Nucleoplasm, Nucleoli fibrillar center",,Enhanced
WDR35,Q9P2L0,1,,,
WDR36,Q8NI36,1,Nucleoli,,Supported
WDR37,Q9Y2I8,1,Intermediate filaments,,Approved
WDR38,Q5JTN6,1,Vesicles,,Approved
WDR4,P57081,1,Nucleoplasm,Cytosol,Supported
WDR41,Q9HAD4,1,Nucleoplasm,"Golgi apparatus, Cytosol",Approved
WDR43,Q15061,1,,,
WDR44,Q5JSH3,1,Golgi apparatus,,Supported
WDR45,Q9Y484,1,,,
WDR45B,Q5MNZ6,1,"Nucleoplasm, Golgi apparatus",Cytosol,Approved
WDR46,O15213,1,Nucleoli,,Supported
WDR47,O94967,1,Actin filaments,Nucleoplasm,Approved
WDR48,Q8TAF3,1,Vesicles,,Supported
WDR49,Q8IV35,1,"Nucleoplasm, Nuclear bodies",Cytosol,Approved
WDR5,P61964,1,Nucleoplasm,,Supported
WDR53,Q7Z5U6,1,"Plasma membrane, Cytosol",,Approved
WDR54,Q9H977,1,"Vesicles, Cytosol",,Approved
WDR55,Q9H6Y2,1,Nucleoplasm,Nucleoli,Enhanced
WDR59,Q6PJI9,1,"Vesicles, Cytosol",,Approved
WDR5B,Q86VZ2,1,,,
WDR6,Q9NNW5,1,Cytosol,Plasma membrane,Supported
WDR61,Q9GZS3,1,"Nucleoplasm, Cytosol",,Enhanced
WDR62,O43379,1,Cytosol,Centriolar satellite,Enhanced
WDR64,B1ANS9,1,,,
WDR7,Q9Y4E6,1,Nucleoplasm,Cytosol,Approved
WDR70,Q9NW82,1,"Mitochondria, Cytosol",,Approved
WDR72,Q3MJ13,1,Vesicles,,Approved
WDR73,Q6P4I2,1,,,
WDR74,Q6RFH5,1,"Nucleoplasm, Nucleoli",,Supported
WDR75,Q8IWA0,1,,,
WDR76,Q9H967,1,Nuclear bodies,Nucleoli fibrillar center,Approved
WDR77,Q9BQA1,1,"Nucleoplasm, Cytosol",Golgi apparatus,Supported
WDR81,Q562E7,1,Nucleoplasm,"Vesicles, Cytosol",Approved
WDR82,Q6UXN9,1,Nucleoli rim,,Supported
WDR83,Q9BRX9,1,Vesicles,"Nucleoplasm, Centriolar satellite",Approved
WDR83OS,Q9Y284,1,Endoplasmic reticulum,,Approved
WDR86,Q86TI4,1,,,
WDR87,Q6ZQQ6,1,,,
WDR88,Q6ZMY6,1,"Nucleoplasm, Golgi apparatus",,Approved
WDR89,Q96FK6,1,"Intermediate filaments, Cytosol",,Approved
WDR90,Q96KV7,1,Centrosome,,Supported
WDR91,A4D1P6,1,,,
WDR92,Q96MX6,1,Nucleoplasm,,Approved
WDR93,Q6P2C0,1,Actin filaments,,Approved
WDR97,A6NE52,1,,,
WDSUB1,Q8N9V3,1,Nucleoli,"Nucleoplasm, Cytosol",Approved
WDTC1,Q8N5D0,1,Vesicles,Golgi apparatus,Supported
WEE1,P30291,1,Nucleoli,,Approved
WEE2,P0C1S8,1,Nucleoplasm,,Supported
WFDC1,Q9HC57,1,,,
WFDC10A,Q9H1F0,1,,,
WFDC10B,Q8IUB3,1,,,
WFDC11,Q8NEX6,1,,,
WFDC12,Q8WWY7,1,,,
WFDC13,Q8IUB5,1,,,
WFDC2,Q14508,1,,,
WFDC3,Q8IUB2,1,,,
WFDC5,Q8TCV5,1,,,
WFDC6,Q9BQY6,1,,,
WFDC8,Q8IUA0,1,,,
WFDC9,Q8NEX5,1,,,
WFIKKN1,Q96NZ8,1,,,
WFIKKN2,Q8TEU8,1,,,
WFS1,O76024,1,,,
WHAMM,Q8TF30,1,Cytosol,,Supported
WHRN,Q9P202,1,,,
WIF1,Q9Y5W5,1,,,
WIPF1,O43516,1,Cytosol,Plasma membrane,Approved
WIPF2,Q8TF74,1,,,
WIPF3,A6NGB9,1,Mitochondria,,Uncertain
WIPI1,Q5MNZ9,1,Golgi apparatus,"Nucleoplasm, Cytosol",Supported
WIPI2,Q9Y4P8,1,Cytosol,Nucleoplasm,Approved
WIZ,O95785,1,Nucleoplasm,,Enhanced
WLS,Q5T9L3,1,"Endoplasmic reticulum, Cytosol",,Supported
WNK1,Q9H4A3,1,Cytosol,,Supported
WNK2,Q9Y3S1,1,Cytosol,,Approved
WNK3,Q9BYP7,1,Vesicles,,Approved
WNK4,Q96J92,1,,,
WNT1,P04628,1,,,
WNT10A,Q9GZT5,1,,,
WNT10B,O00744,1,,,
WNT11,O96014,1,,,
WNT16,Q9UBV4,1,,,
WNT2,P09544,1,Vesicles,,Approved
WNT2B,Q93097,1,Vesicles,Nucleoplasm,Approved
WNT3,P56703,1,Vesicles,,Approved
WNT3A,P56704,1,Vesicles,,Approved
WNT4,P56705,1,Vesicles,,Approved
WNT5A,P41221,1,,,
WNT5B,Q9H1J7,1,Vesicles,,Approved
WNT6,Q9Y6F9,1,,,
WNT7A,O00755,1,,,
WNT7B,P56706,1,,,
WNT8A,Q9H1J5,1,,,
WNT8B,Q93098,1,,,
WNT9A,O14904,1,,,
WNT9B,O14905,1,Vesicles,,Approved
WRAP53,Q9BUR4,1,Nuclear bodies,"Nucleoplasm, Cytosol",Enhanced
WRAP73,Q9P2S5,1,,,
WRN,Q14191,1,Nuclear speckles,,Enhanced
WRNIP1,Q96S55,1,Nucleoplasm,,Approved
WSB1,Q9Y6I7,1,Mitochondria,,Approved
WSB2,Q9NYS7,1,,,
WSCD1,Q658N2,1,Nucleoplasm,Golgi apparatus,Approved
WSCD2,Q2TBF2,1,Nucleoplasm,,Uncertain
WT1,P19544,1,Nucleoplasm,Cytosol,Enhanced
WTAP,Q15007,1,Nuclear speckles,,Enhanced
WTIP,A6NIX2,1,,,
WWC1,Q8IX03,1,Golgi apparatus,,Approved
WWC2,Q6AWC2,1,Microtubules,,Approved
WWC3,Q9ULE0,1,Cytosol,Actin filaments,Approved
WWOX,Q9NZC7,1,Golgi apparatus,Cytosol,Supported
WWP1,Q9H0M0,1,Cytosol,"Golgi apparatus, Plasma membrane",Approved
WWP2,O00308,1,,,
WWTR1,Q9GZV5,1,"Nucleoplasm, Nuclear bodies",Cytosol,Supported
XAB2,Q9HCS7,1,Nucleoplasm,Vesicles,Supported
XAF1,Q6GPH4,1,"Nucleoplasm, Mitochondria",,Supported
XAGE1A,Q9HD64,1,Nucleoplasm,,Approved
XAGE1B,Q9HD64,1,Nucleoplasm,,Approved
XAGE2,Q96GT9,1,Vesicles,Plasma membrane,Approved
XAGE3,Q8WTP9,1,Vesicles,Plasma membrane,Approved
XAGE5,Q8WWM1,1,"Nucleoplasm, Vesicles",,Approved
XBP1,P17861,1,,,
XCL1,P47992,1,,,
XCL2,Q9UBD3,1,,,
XCR1,P46094,1,,,
XDH,P47989,1,Nucleoplasm,Nucleoli,Uncertain
XG,P55808,1,,,
XIAP,P98170,1,"Nucleoplasm, Cytosol",Plasma membrane,Supported
XIRP1,Q702N8,1,Actin filaments,Nucleoplasm,Approved
XIRP2,A4UGR9,1,Plasma membrane,Nucleoplasm,Approved
XK,P51811,1,Mitochondria,"Nucleoplasm, Vesicles",Approved
XKR3,Q5GH77,1,,,
XKR4,Q5GH76,1,Vesicles,,Approved
XKR5,Q6UX68,1,,,
XKR6,Q5GH73,1,Actin filaments,,Approved
XKR7,Q5GH72,1,,,
XKR8,Q9H6D3,1,Golgi apparatus,,Approved
XKR9,Q5GH70,1,Mitochondria,,Approved
XKRX,Q6PP77,1,,,
XPA,P23025,1,Nucleoplasm,Cytokinetic bridge,Approved
XPC,Q01831,1,Nucleoplasm,Plasma membrane,Enhanced
XPNPEP1,Q9NQW7,1,Cytosol,,Enhanced
XPNPEP2,O43895,1,"Plasma membrane, Cytosol",,Approved
XPNPEP3,Q9NQH7,1,Mitochondria,Cytosol,Supported
XPO1,O14980,1,"Nucleoplasm, Nuclear membrane","Vesicles, Cytosol",Enhanced
XPO4,Q9C0E2,1,"Nucleoplasm, Cytosol",,Supported
XPO5,Q9HAV4,1,Nucleoplasm,Cytosol,Enhanced
XPO6,Q96QU8,1,"Nucleoplasm, Nucleoli","Plasma membrane, Cytosol",Approved
XPO7,Q9UIA9,1,,,
XPOT,O43592,1,Nucleoplasm,Cytosol,Enhanced
XPR1,Q9UBH6,1,,,
XRCC1,P18887,1,Nucleoplasm,,Enhanced
XRCC2,O43543,1,"Nucleoplasm, Vesicles",,Approved
XRCC3,O43542,1,Nucleoplasm,,Enhanced
XRCC4,Q13426,1,Nucleoplasm,,Enhanced
XRCC5,P13010,1,Nucleoplasm,,Enhanced
XRCC6,P12956,1,Nucleoplasm,,Enhanced
XRN1,Q8IZH2,1,"Plasma membrane, Cytosol",,Supported
XRN2,Q9H0D6,1,Nucleoli,Nucleoplasm,Enhanced
XRRA1,Q6P2D8,1,Nucleoplasm,Nuclear bodies,Supported
XXYLT1,Q8NBI6,1,,,
XYLB,O75191,1,Nuclear speckles,,Approved
XYLT1,Q86Y38,1,Plasma membrane,Endoplasmic reticulum,Approved
XYLT2,Q9H1B5,1,,,
YAE1,Q9NRH1,1,Cytosol,,Approved
YAF2,Q8IY57,1,Nucleoplasm,,Supported
YAP1,P46937,1,Nucleoplasm,"Nucleoli, Cell Junctions",Supported
YARS1,P54577,1,Cytosol,,Enhanced
YARS2,Q9Y2Z4,1,Mitochondria,Nuclear bodies,Supported
YBEY,P58557,1,Nucleoplasm,,Approved
YBX1,P67809,1,Cytosol,"Endoplasmic reticulum, Vesicles, Plasma membrane",Supported
YBX2,Q9Y2T7,1,,,
YBX3,P16989,1,Cytosol,,Supported
YDJC,A8MPS7,1,"Golgi apparatus, Vesicles",Cytosol,Approved
YEATS2,Q9ULM3,1,Nucleoplasm,,Approved
YEATS4,O95619,1,Nucleoplasm,Nuclear membrane,Approved
YES1,P07947,1,"Plasma membrane, Cytosol",,Supported
YIF1A,O95070,1,"Golgi apparatus, Vesicles",,Supported
YIF1B,Q5BJH7,1,Vesicles,Golgi apparatus,Approved
YIPF1,Q9Y548,1,Golgi apparatus,"Nucleoplasm, Plasma membrane",Supported
YIPF2,Q9BWQ6,1,"Golgi apparatus, Mitochondria",,Approved
YIPF3,Q9GZM5,1,Golgi apparatus,Nucleoplasm,Enhanced
YIPF4,Q9BSR8,1,Golgi apparatus,"Vesicles, Plasma membrane",Supported
YIPF5,Q969M3,1,"Endoplasmic reticulum, Golgi apparatus, Vesicles",Nucleoplasm,Supported
YIPF6,Q96EC8,1,Vesicles,,Approved
YIPF7,Q8N8F6,1,,,
YJEFN3,A6XGL0,1,Mitochondria,,Approved
YJU2,Q9BW85,1,Nucleoplasm,,Supported
YKT6,O15498,1,Cytosol,Mitochondria,Approved
YLPM1,P49750,1,"Nucleoplasm, Nuclear speckles",,Supported
YME1L1,Q96TA2,1,Mitochondria,Nuclear bodies,Supported
YOD1,Q5VVQ6,1,"Nucleoplasm, Plasma membrane, Cytosol",,Supported
YPEL1,O60688,1,,,
YPEL2,Q96QA6,1,,,
YPEL3,P61236,1,,,
YPEL4,Q96NS1,1,,,
YPEL5,P62699,1,Cytosol,Nucleoplasm,Approved
YRDC,Q86U90,1,Mitochondria,,Approved
YTHDC1,Q96MU7,1,Nucleoplasm,Plasma membrane,Approved
YTHDC2,Q9H6S0,1,Nucleoplasm,"Nuclear bodies, Cytoplasmic bodies",Approved
YTHDF1,Q9BYJ9,1,,,
YTHDF2,Q9Y5A9,1,Cytosol,Cytoplasmic bodies,Enhanced
YTHDF3,Q7Z739,1,,,
YWHAB,P31946,1,Cytosol,,Supported
YWHAE,P62258,1,Cytosol,,Supported
YWHAG,P61981,1,Cytosol,,Approved
YWHAH,Q04917,1,,,
YWHAQ,P27348,1,Cytosol,Nucleoplasm,Supported
YWHAZ,P63104,1,,,
YY1,P25490,1,Nucleoplasm,"Nucleoli fibrillar center, Nuclear bodies",Supported
YY1AP1,Q9H869,1,Nucleoli fibrillar center,,Approved
YY2,O15391,1,"Nucleoplasm, Nuclear bodies",,Approved
Z82190.2,,0,,,
Z82206.1,,0,"Nucleoli, Nucleoli rim","Nucleoplasm, Nuclear bodies",Approved
Z83844.2,,0,Cytosol,,Approved
Z84488.1,,0,,,
Z84492.1,,0,,,
ZACN,Q401N2,1,,,
ZADH2,Q8N4Q0,1,Vesicles,"Nucleoplasm, Golgi apparatus",Approved
ZAN,Q9Y493,1,,,
ZAP70,P43403,1,,,
ZAR1,Q86SH2,1,,,
ZAR1L,A6NP61,1,Nucleoplasm,Nuclear speckles,Approved
ZBBX,A8MT70,1,Golgi apparatus,,Approved
ZBED1,O96006,1,"Nucleoplasm, Centrosome",Nuclear membrane,Approved
ZBED2,Q9BTP6,1,"Mitochondria, Cytosol",Nuclear bodies,Approved
ZBED3,Q96IU2,1,Plasma membrane,Nucleoplasm,Approved
ZBED4,O75132,1,Nucleoplasm,,Supported
ZBED5,Q49AG3,1,Golgi apparatus,"Nucleoplasm, Nucleoli fibrillar center",Approved
ZBED6,P86452,1,Nucleoplasm,Centriolar satellite,Supported
ZBED6CL,Q96FA7,1,Nuclear membrane,Vesicles,Approved
ZBED8,Q8IZ13,1,Nucleoplasm,,Enhanced
ZBED9,Q6R2W3,1,Nucleoli,"Nucleoplasm, Golgi apparatus",Approved
ZBP1,Q9H171,1,,,
ZBTB1,Q9Y2K1,1,Nucleoplasm,Nuclear membrane,Supported
ZBTB10,Q96DT7,1,Nucleoplasm,,Enhanced
ZBTB11,O95625,1,Nucleoplasm,,Enhanced
ZBTB12,Q9Y330,1,Nucleoplasm,,Enhanced
ZBTB14,O43829,1,Nucleoplasm,"Nucleoli, Cytosol",Supported
ZBTB16,Q05516,1,,,
ZBTB17,Q13105,1,,,
ZBTB18,Q99592,1,"Nucleoplasm, Nuclear speckles",,Supported
ZBTB2,Q8N680,1,"Nucleoplasm, Cytosol",,Approved
ZBTB20,Q9HC78,1,"Nucleoplasm, Nuclear bodies",,Enhanced
ZBTB21,Q9ULJ3,1,Nucleoplasm,,Enhanced
ZBTB22,O15209,1,Nucleoplasm,,Approved
ZBTB24,O43167,1,Nucleoplasm,"Cytokinetic bridge, Centrosome",Approved
ZBTB25,P24278,1,Nucleoplasm,,Enhanced
ZBTB26,Q9HCK0,1,,,
ZBTB3,Q9H5J0,1,Mitochondria,,Approved
ZBTB32,Q9Y2Y4,1,,,
ZBTB33,Q86T24,1,"Nucleoplasm, Plasma membrane, Cytosol",,Enhanced
ZBTB34,Q8NCN2,1,Nucleoplasm,,Supported
ZBTB37,Q5TC79,1,"Nucleoplasm, Nucleoli fibrillar center",Cytosol,Approved
ZBTB38,Q8NAP3,1,Nucleoplasm,,Enhanced
ZBTB39,O15060,1,Vesicles,,Approved
ZBTB4,Q9P1Z0,1,Nuclear bodies,"Nucleoplasm, Cytosol",Supported
ZBTB40,Q9NUA8,1,Nucleoplasm,,Approved
ZBTB41,Q5SVQ8,1,"Nuclear membrane, Cytosol",Nucleoplasm,Approved
ZBTB42,B2RXF5,1,Nucleoplasm,,Supported
ZBTB43,O43298,1,"Nucleoplasm, Nucleoli",,Approved
ZBTB44,Q8NCP5,1,Nucleoplasm,,Approved
ZBTB45,Q96K62,1,Cytosol,Nuclear bodies,Approved
ZBTB46,Q86UZ6,1,Nucleoplasm,,Approved
ZBTB47,Q9UFB7,1,Nucleoplasm,,Approved
ZBTB48,P10074,1,Nucleoplasm,Cytosol,Supported
ZBTB49,Q6ZSB9,1,Nucleoplasm,"Microtubules, Cytosol",Approved
ZBTB5,O15062,1,"Nucleoplasm, Nuclear bodies",Golgi apparatus,Approved
ZBTB6,Q15916,1,Nucleoplasm,Mitochondria,Approved
ZBTB7A,O95365,1,Nucleoplasm,,Approved
ZBTB7B,O15156,1,Nucleoplasm,,Enhanced
ZBTB7C,A1YPR0,1,,,
ZBTB8A,Q96BR9,1,"Nuclear speckles, Focal adhesion sites",,Approved
ZBTB8B,Q8NAP8,1,Nucleoplasm,Cytosol,Approved
ZBTB8OS,Q8IWT0,1,Plasma membrane,,Approved
ZBTB9,Q96C00,1,Nucleoplasm,"Nuclear membrane, Cytosol",Approved
ZC2HC1A,Q96GY0,1,Cytosol,Actin filaments,Approved
ZC2HC1B,Q5TFG8,1,,,
ZC2HC1C,Q53FD0,1,Nuclear speckles,Mitochondria,Approved
ZC3H10,Q96K80,1,Vesicles,,Approved
ZC3H11A,O75152,1,Nuclear speckles,,Approved
ZC3H11B,A0A1B0GTU1,1,Nuclear speckles,,Approved
ZC3H12A,Q5D1E8,1,Cytoplasmic bodies,Nucleoplasm,Supported
ZC3H12B,Q5HYM0,1,Nucleoli fibrillar center,"Endoplasmic reticulum, Golgi apparatus",Approved
ZC3H12C,Q9C0D7,1,"Nuclear membrane, Golgi apparatus",,Approved
ZC3H12D,A2A288,1,"Nucleoplasm, Cytoplasmic bodies",,Supported
ZC3H13,Q5T200,1,Nucleoplasm,,Supported
ZC3H14,Q6PJT7,1,Nuclear speckles,"Nucleoli, Nucleoli rim",Enhanced
ZC3H15,Q8WU90,1,Cytosol,,Enhanced
ZC3H18,Q86VM9,1,Nuclear speckles,,Enhanced
ZC3H3,Q8IXZ2,1,Nucleoplasm,,Approved
ZC3H4,Q9UPT8,1,Nucleoplasm,Cytosol,Enhanced
ZC3H6,P61129,1,"Nucleoplasm, Golgi apparatus",,Approved
ZC3H7A,Q8IWR0,1,Cytosol,,Supported
ZC3H7B,Q9UGR2,1,,,
ZC3H8,Q8N5P1,1,Nucleoplasm,Nuclear bodies,Supported
ZC3HAV1,Q7Z2W4,1,Cytosol,Golgi apparatus,Supported
ZC3HAV1L,Q96H79,1,Cytosol,,Enhanced
ZC3HC1,Q86WB0,1,"Nucleoplasm, Nuclear membrane",,Supported
ZC4H2,Q9NQZ6,1,"Vesicles, Microtubules",,Approved
ZCCHC10,Q8TBK6,1,Nucleoli rim,Nucleoplasm,Approved
ZCCHC12,Q6PEW1,1,Nuclear bodies,,Approved
ZCCHC13,Q8WW36,1,,,
ZCCHC14,Q8WYQ9,1,Nuclear membrane,,Uncertain
ZCCHC17,Q9NP64,1,,,
ZCCHC18,P0CG32,1,Vesicles,,Approved
ZCCHC2,Q9C0B9,1,Nucleoli,"Nucleoplasm, Nucleoli rim, Cytosol",Approved
ZCCHC24,Q8N2G6,1,Mitochondria,Nucleoplasm,Approved
ZCCHC3,Q9NUD5,1,Vesicles,,Approved
ZCCHC4,Q9H5U6,1,"Nuclear speckles, Golgi apparatus",,Approved
ZCCHC7,Q8N3Z6,1,"Nucleoli, Cytosol",,Enhanced
ZCCHC8,Q6NZY4,1,Nucleoplasm,,Enhanced
ZCCHC9,Q8N567,1,Nucleoplasm,Nucleoli,Supported
ZCRB1,Q8TBF4,1,,,
ZCWPW1,Q9H0M4,1,Golgi apparatus,,Approved
ZCWPW2,Q504Y3,1,Nuclear speckles,,Approved
ZDBF2,Q9HCK1,1,Nucleoplasm,Cytosol,Approved
ZDHHC1,Q8WTX9,1,Cytosol,,Approved
ZDHHC11,Q9H8X9,1,Golgi apparatus,,Uncertain
ZDHHC11B,P0C7U3,1,Golgi apparatus,,Uncertain
ZDHHC12,Q96GR4,1,Nucleoplasm,Intermediate filaments,Approved
ZDHHC13,Q8IUH4,1,Vesicles,Golgi apparatus,Approved
ZDHHC14,Q8IZN3,1,Vesicles,,Uncertain
ZDHHC15,Q96MV8,1,Nuclear speckles,Cytosol,Approved
ZDHHC16,Q969W1,1,Nucleoplasm,"Nuclear membrane, Cytosol",Supported
ZDHHC17,Q8IUH5,1,Golgi apparatus,Vesicles,Supported
ZDHHC18,Q9NUE0,1,Microtubules,,Approved
ZDHHC19,Q8WVZ1,1,,,
ZDHHC2,Q9UIJ5,1,Plasma membrane,,Approved
ZDHHC20,Q5W0Z9,1,"Vesicles, Plasma membrane",,Supported
ZDHHC21,Q8IVQ6,1,"Golgi apparatus, Cytosol",,Approved
ZDHHC22,Q8N966,1,Plasma membrane,,Enhanced
ZDHHC23,Q8IYP9,1,Nucleoplasm,,Approved
ZDHHC24,Q6UX98,1,"Vesicles, Cytosol",,Approved
ZDHHC3,Q9NYG2,1,Golgi apparatus,,Approved
ZDHHC4,Q9NPG8,1,,,
ZDHHC5,Q9C0B5,1,Plasma membrane,Nucleoplasm,Supported
ZDHHC6,Q9H6R6,1,,,
ZDHHC7,Q9NXF8,1,Golgi apparatus,,Supported
ZDHHC8,Q9ULC8,1,Cytosol,Nucleoplasm,Approved
ZDHHC9,Q9Y397,1,"Endoplasmic reticulum, Golgi apparatus",Cytosol,Supported
ZEB1,P37275,1,Nucleoplasm,Nucleoli,Supported
ZEB2,O60315,1,Nucleoli,"Nucleoplasm, Cytosol",Supported
ZER1,Q7Z7L7,1,Cytosol,,Approved
ZFAND1,Q8TCF1,1,"Centrosome, Cytosol",,Approved
ZFAND2A,Q8N6M9,1,,,
ZFAND2B,Q8WV99,1,"Nucleoli, Nucleoli rim","Nucleoplasm, Cytosol",Approved
ZFAND3,Q9H8U3,1,"Nucleoplasm, Vesicles",,Approved
ZFAND4,Q86XD8,1,Golgi apparatus,,Approved
ZFAND5,O76080,1,Nucleoplasm,"Nuclear bodies, Cytosol",Approved
ZFAND6,Q6FIF0,1,Nucleoplasm,,Approved
ZFAT,Q9P243,1,Nuclear bodies,Nucleoplasm,Approved
ZFC3H1,O60293,1,Nucleoplasm,Intermediate filaments,Approved
ZFHX2,Q9C0A1,1,Nucleoli fibrillar center,Nucleoplasm,Approved
ZFHX3,Q15911,1,Nucleoplasm,,Supported
ZFHX4,Q86UP3,1,"Nucleoplasm, Nucleoli fibrillar center",,Approved
ZFP1,Q6P2D0,1,Nucleoplasm,,Approved
ZFP14,Q9HCL3,1,Nuclear speckles,,Approved
ZFP2,Q6ZN57,1,,,
ZFP28,Q8NHY6,1,Nucleoplasm,Cytosol,Approved
ZFP3,Q96NJ6,1,"Nucleoplasm, Cytosol",,Approved
ZFP30,Q9Y2G7,1,Cytosol,,Approved
ZFP36,P26651,1,Intermediate filaments,,Approved
ZFP36L1,Q07352,1,,,
ZFP36L2,P47974,1,,,
ZFP37,Q9Y6Q3,1,"Nucleoplasm, Vesicles",,Approved
ZFP41,Q8N8Y5,1,"Nucleoli, Nucleoli rim","Nucleoplasm, Plasma membrane",Approved
ZFP42,Q96MM3,1,,,
ZFP57,Q9NU63,1,,,
ZFP62,Q8NB50,1,"Nucleoplasm, Actin filaments",,Approved
ZFP64,Q9NTW7,1,Nucleoplasm,,Approved
ZFP69,Q49AA0,1,Nucleoplasm,,Approved
ZFP69B,Q9UJL9,1,Nucleoplasm,Cytosol,Approved
ZFP82,Q8N141,1,"Nucleoplasm, Cytosol",Nuclear membrane,Approved
ZFP90,Q8TF47,1,"Vesicles, Plasma membrane, Centrosome",,Supported
ZFP91,Q96JP5,1,"Nucleoplasm, Nucleoli",,Supported
ZFP92,A6NM28,1,,,
ZFPL1,O95159,1,Golgi apparatus,,Enhanced
ZFPM1,Q8IX07,1,Nucleoplasm,"Vesicles, Cytosol",Approved
ZFPM2,Q8WW38,1,Nucleoplasm,,Supported
ZFR,Q96KR1,1,Nucleoplasm,,Approved
ZFR2,Q9UPR6,1,Nucleoplasm,,Approved
ZFX,P17010,1,Nucleoplasm,Nucleoli,Approved
ZFY,P08048,1,Nucleoplasm,Nucleoli,Approved
ZFYVE1,Q9HBF4,1,Endoplasmic reticulum,,Supported
ZFYVE16,Q7Z3T8,1,"Vesicles, Cytosol",,Enhanced
ZFYVE19,Q96K21,1,,,
ZFYVE21,Q9BQ24,1,,,
ZFYVE26,Q68DK2,1,,,
ZFYVE27,Q5T4F4,1,"Nucleoplasm, Vesicles",Cytosol,Approved
ZFYVE28,Q9HCC9,1,"Plasma membrane, Cytosol",Nucleoplasm,Approved
ZFYVE9,O95405,1,"Vesicles, Cytosol",,Enhanced
ZG16,O60844,1,,,
ZG16B,Q96DA0,1,Vesicles,Nucleoplasm,Approved
ZGLP1,P0C6A0,1,"Nucleoplasm, Vesicles",,Approved
ZGPAT,Q8N5A5,1,"Nucleoplasm, Plasma membrane",,Supported
ZGRF1,Q86YA3,1,Cytosol,,Approved
ZHX1,Q9UKY1,1,Nucleoplasm,,Supported
ZHX1-C8orf76,Q96EF9,1,Nucleoplasm,Cytosol,Uncertain
ZHX2,Q9Y6X8,1,Nucleoplasm,,Enhanced
ZHX3,Q9H4I2,1,Nucleoplasm,,Supported
ZIC1,Q15915,1,Nucleoplasm,,Supported
ZIC2,O95409,1,Nuclear bodies,,Supported
ZIC3,O60481,1,Nucleoplasm,,Supported
ZIC4,Q8N9L1,1,Nucleoplasm,Cytosol,Approved
ZIC5,Q96T25,1,"Nucleoplasm, Vesicles",,Uncertain
ZIK1,Q3SY52,1,Intermediate filaments,,Approved
ZIM2,Q9NZV7,1,Nuclear speckles,Cytosol,Approved
ZIM3,Q96PE6,1,,,
ZKSCAN1,P17029,1,Nuclear bodies,"Nucleoplasm, Mitochondria",Approved
ZKSCAN2,Q63HK3,1,Nucleoplasm,"Nucleoli fibrillar center, Golgi apparatus",Approved
ZKSCAN3,Q9BRR0,1,Nucleoplasm,,Supported
ZKSCAN4,Q969J2,1,Nucleoplasm,,Supported
ZKSCAN5,Q9Y2L8,1,Intermediate filaments,,Approved
ZKSCAN7,Q9P0L1,1,Cytosol,Nuclear speckles,Supported
ZKSCAN8,Q15776,1,Nucleoplasm,Cytosol,Approved
ZMAT1,Q5H9K5,1,Nucleoplasm,,Approved
ZMAT2,Q96NC0,1,"Nucleoplasm, Mitochondria",,Approved
ZMAT3,Q9HA38,1,Nucleoplasm,,Supported
ZMAT4,Q9H898,1,"Nucleoplasm, Nucleoli",,Approved
ZMAT5,Q9UDW3,1,Nucleoplasm,,Supported
ZMIZ1,Q9ULJ6,1,Nucleoplasm,Cytosol,Supported
ZMIZ2,Q8NF64,1,Nucleoplasm,Mitochondria,Supported
ZMPSTE24,O75844,1,,,
ZMYM1,Q5SVZ6,1,Centriolar satellite,Nucleoplasm,Approved
ZMYM2,Q9UBW7,1,"Nucleoplasm, Endoplasmic reticulum",,Approved
ZMYM3,Q14202,1,Nucleoplasm,,Enhanced
ZMYM4,Q5VZL5,1,Nucleoplasm,"Nucleoli, Cytosol",Approved
ZMYM5,Q9UJ78,1,Nucleoplasm,Golgi apparatus,Approved
ZMYM6,O95789,1,Nucleoplasm,,Approved
ZMYND10,O75800,1,Plasma membrane,Cytosol,Approved
ZMYND11,Q15326,1,Nucleoplasm,,Supported
ZMYND12,Q9H0C1,1,,,
ZMYND15,Q9H091,1,Nuclear speckles,Cytosol,Approved
ZMYND19,Q96E35,1,"Golgi apparatus, Vesicles",,Approved
ZMYND8,Q9ULU4,1,Nucleoli,Nucleoplasm,Supported
ZNF10,P21506,1,"Vesicles, Plasma membrane",Nucleoplasm,Approved
ZNF100,Q8IYN0,1,,,
ZNF101,Q8IZC7,1,,,
ZNF106,Q9H2Y7,1,Nucleoli,"Nucleoplasm, Cytosol",Approved
ZNF107,Q9UII5,1,,,
ZNF112,Q9UJU3,1,Centrosome,,Approved
ZNF114,Q8NC26,1,"Nucleoplasm, Cytosol",,Approved
ZNF117,Q03924,1,"Nucleoli fibrillar center, Cytosol",,Approved
ZNF12,P17014,1,Nucleoplasm,Centrosome,Supported
ZNF121,P58317,1,"Nucleoplasm, Centrosome",Nucleoli,Approved
ZNF124,Q15973,1,"Nucleoplasm, Nuclear membrane",,Approved
ZNF131,P52739,1,Nucleoplasm,Intermediate filaments,Enhanced
ZNF132,P52740,1,Vesicles,Intermediate filaments,Approved
ZNF133,P52736,1,"Nucleoplasm, Vesicles",,Approved
ZNF134,P52741,1,Nucleoplasm,,Approved
ZNF135,P52742,1,Cytosol,,Approved
ZNF136,P52737,1,Nucleoli,,Approved
ZNF138,P52744,1,,,
ZNF14,P17017,1,"Nucleoplasm, Cytosol",,Approved
ZNF140,P52738,1,Nucleoplasm,,Approved
ZNF141,Q15928,1,,,
ZNF142,P52746,1,Nucleoli fibrillar center,Nucleoplasm,Approved
ZNF143,P52747,1,Nucleoplasm,"Nuclear bodies, Golgi apparatus, Vesicles",Supported
ZNF146,Q15072,1,Nucleoli,,Supported
ZNF148,Q9UQR1,1,Nucleoplasm,Golgi apparatus,Supported
ZNF154,Q13106,1,"Nucleoplasm, Nucleoli fibrillar center",,Approved
ZNF155,Q12901,1,"Nucleoplasm, Cytosol",,Approved
ZNF157,P51786,1,,,
ZNF16,P17020,1,Nucleoli,Nucleoplasm,Supported
ZNF160,Q9HCG1,1,Nuclear speckles,Cytosol,Approved
ZNF165,P49910,1,"Nuclear speckles, Microtubules",,Approved
ZNF169,Q14929,1,"Nucleoplasm, Nuclear speckles","Vesicles, Cytosol",Approved
ZNF17,P17021,1,,,
ZNF174,Q15697,1,Nucleoli fibrillar center,Nuclear bodies,Supported
ZNF175,Q9Y473,1,Nucleoli,Cytosol,Supported
ZNF177,Q13360,1,,,
ZNF18,P17022,1,"Nucleoplasm, Golgi apparatus","Plasma membrane, Cytosol",Approved
ZNF180,Q9UJW8,1,Nucleoplasm,,Approved
ZNF181,Q2M3W8,1,Nucleoplasm,,Approved
ZNF182,P17025,1,Nucleoplasm,,Approved
ZNF184,Q99676,1,Nucleoplasm,,Supported
ZNF185,O15231,1,"Plasma membrane, Cytosol","Actin filaments, Focal adhesion sites",Supported
ZNF189,O75820,1,Intermediate filaments,,Approved
ZNF19,P17023,1,Mitochondria,,Approved
ZNF195,O14628,1,Nucleoplasm,Cytosol,Approved
ZNF197,O14709,1,Nucleoplasm,,Approved
ZNF2,Q9BSG1,1,"Plasma membrane, Cytosol",Nucleoplasm,Approved
ZNF20,P17024,1,Nuclear membrane,"Nucleoplasm, Nuclear bodies",Approved
ZNF200,P98182,1,Mitochondria,,Approved
ZNF202,O95125,1,"Nucleoli rim, Mitotic chromosome",Nuclear bodies,Approved
ZNF205,O95201,1,Nucleoplasm,,Approved
ZNF207,O43670,1,Nucleoplasm,,Enhanced
ZNF208,O43345,1,Golgi apparatus,Cytosol,Uncertain
ZNF211,Q13398,1,Mitochondria,Rods & Rings,Approved
ZNF212,Q9UDV6,1,Nucleoplasm,,Supported
ZNF213,O14771,1,"Nucleoplasm, Nuclear membrane","Vesicles, Cytosol",Approved
ZNF214,Q9UL59,1,Nucleoplasm,Midbody,Approved
ZNF215,Q9UL58,1,"Nucleoplasm, Vesicles",,Approved
ZNF217,O75362,1,Nuclear speckles,,Enhanced
ZNF219,Q9P2Y4,1,Nucleoplasm,,Supported
ZNF22,P17026,1,Nucleoplasm,,Enhanced
ZNF221,Q9UK13,1,Nuclear bodies,,Approved
ZNF222,Q9UK12,1,Nucleoplasm,Nuclear bodies,Approved
ZNF223,Q9UK11,1,Nucleoplasm,Mitochondria,Approved
ZNF224,Q9NZL3,1,Nuclear membrane,Nucleoplasm,Supported
ZNF225,Q9UK10,1,Nucleoplasm,,Approved
ZNF226,Q9NYT6,1,Nuclear bodies,,Approved
ZNF227,Q86WZ6,1,Plasma membrane,,Approved
ZNF229,Q9UJW7,1,Vesicles,Plasma membrane,Approved
ZNF23,P17027,1,Cytosol,,Approved
ZNF230,Q9UIE0,1,Mitochondria,,Approved
ZNF232,Q9UNY5,1,Nucleoplasm,"Vesicles, Cytosol",Supported
ZNF233,A6NK53,1,Nucleoplasm,,Approved
ZNF234,Q14588,1,Nuclear bodies,,Approved
ZNF235,Q14590,1,Nucleoplasm,,Approved
ZNF236,Q9UL36,1,"Nucleoplasm, Cell Junctions",Cytosol,Approved
ZNF239,Q16600,1,"Nucleoplasm, Nuclear bodies",,Approved
ZNF24,P17028,1,Nucleoplasm,,Supported
ZNF248,Q8NDW4,1,Nucleoplasm,,Approved
ZNF25,P17030,1,"Nucleoplasm, Golgi apparatus",,Approved
ZNF250,P15622,1,Nuclear speckles,Cytosol,Approved
ZNF251,Q9BRH9,1,Nucleoplasm,,Approved
ZNF253,O75346,1,,,
ZNF254,O75437,1,,,
ZNF256,Q9Y2P7,1,Nucleoplasm,,Supported
ZNF257,Q9Y2Q1,1,,,
ZNF26,P17031,1,Mitochondria,Nuclear bodies,Approved
ZNF260,Q3ZCT1,1,"Nucleoplasm, Cytosol",,Supported
ZNF263,O14978,1,Cytosol,"Nucleoplasm, Mitotic spindle",Supported
ZNF264,O43296,1,Nucleoplasm,,Approved
ZNF266,Q14584,1,Vesicles,"Nucleoplasm, Rods & Rings",Supported
ZNF267,Q14586,1,Nucleoplasm,,Approved
ZNF268,Q14587,1,Cytosol,,Approved
ZNF273,Q14593,1,Nucleoplasm,,Approved
ZNF274,Q96GC6,1,Nucleoplasm,Centrosome,Approved
ZNF275,Q9NSD4,1,Nucleoli,,Approved
ZNF276,Q8N554,1,"Nucleoplasm, Cytosol","Nucleoli, Plasma membrane",Approved
ZNF277,Q9NRM2,1,Nucleoplasm,Plasma membrane,Approved
ZNF28,P17035,1,,,
ZNF280A,P59817,1,Nucleoplasm,,Approved
ZNF280B,Q86YH2,1,Nucleoplasm,,Approved
ZNF280C,Q8ND82,1,"Nucleoplasm, Nucleoli fibrillar center",,Approved
ZNF280D,Q6N043,1,"Nucleoplasm, Cytosol","Golgi apparatus, Centrosome",Approved
ZNF281,Q9Y2X9,1,Nucleoplasm,,Enhanced
ZNF282,Q9UDV7,1,Nucleoplasm,Cytosol,Approved
ZNF283,Q8N7M2,1,Nucleoplasm,,Approved
ZNF284,Q2VY69,1,,,
ZNF285,Q96NJ3,1,,,
ZNF286A,Q9HBT8,1,Nucleoli,,Approved
ZNF287,Q9HBT7,1,Golgi apparatus,,Approved
ZNF292,O60281,1,"Nucleoplasm, Nuclear membrane",,Approved
ZNF296,Q8WUU4,1,Nucleoplasm,Centrosome,Approved
ZNF3,P17036,1,Nucleoplasm,,Approved
ZNF30,P17039,1,Nucleoplasm,Cytosol,Approved
ZNF300,Q96RE9,1,Nucleoplasm,"Nucleoli, Nucleoli rim, Nuclear bodies",Enhanced
ZNF302,Q9NR11,1,Nucleoplasm,Cytosol,Approved
ZNF304,Q9HCX3,1,Nuclear speckles,Cytosol,Approved
ZNF311,Q5JNZ3,1,,,
ZNF316,A6NFI3,1,,,
ZNF317,Q96PQ6,1,Nucleoplasm,,Enhanced
ZNF318,Q5VUA4,1,Nucleoplasm,Cytosol,Supported
ZNF319,Q9P2F9,1,Nucleoplasm,,Approved
ZNF32,P17041,1,"Nucleoplasm, Nuclear bodies",Cytosol,Approved
ZNF320,A2RRD8,1,Nucleoplasm,Cytoplasmic bodies,Uncertain
ZNF322,Q6U7Q0,1,Nucleoplasm,"Centrosome, Cytosol",Supported
ZNF324,O75467,1,"Nucleoplasm, Nuclear membrane, Cytosol",,Approved
ZNF324B,Q6AW86,1,Nucleoli,Cytosol,Approved
ZNF326,Q5BKZ1,1,Nucleoplasm,"Golgi apparatus, Vesicles",Approved
ZNF329,Q86UD4,1,Nucleoplasm,,Approved
ZNF330,Q9Y3S2,1,Nucleoli,Nucleoplasm,Supported
ZNF331,Q9NQX6,1,Nucleoplasm,,Approved
ZNF333,Q96JL9,1,Nucleoplasm,,Supported
ZNF334,Q9HCZ1,1,Nucleoplasm,Cytosol,Approved
ZNF335,Q9H4Z2,1,Nucleoplasm,,Enhanced
ZNF337,Q9Y3M9,1,Plasma membrane,Nuclear speckles,Approved
ZNF33A,Q06730,1,"Nucleoli fibrillar center, Endoplasmic reticulum",Vesicles,Approved
ZNF33B,Q06732,1,"Nucleoli fibrillar center, Endoplasmic reticulum",Vesicles,Approved
ZNF34,Q8IZ26,1,Nucleoplasm,Cytosol,Enhanced
ZNF341,Q9BYN7,1,"Nucleoplasm, Vesicles",Nuclear bodies,Approved
ZNF343,Q6P1L6,1,Nucleoplasm,,Approved
ZNF345,Q14585,1,,,
ZNF346,Q9UL40,1,Nucleoplasm,,Supported
ZNF347,Q96SE7,1,Microtubules,,Approved
ZNF35,P13682,1,Nucleoplasm,,Approved
ZNF350,Q9GZX5,1,Nucleoplasm,Nuclear bodies,Supported
ZNF354A,O60765,1,"Nucleoplasm, Nucleoli",Cytosol,Supported
ZNF354B,Q96LW1,1,Nucleoplasm,,Approved
ZNF354C,Q86Y25,1,Nucleoplasm,,Supported
ZNF358,Q9NW07,1,Nucleoplasm,,Approved
ZNF362,Q5T0B9,1,Nucleoplasm,Nucleoli,Approved
ZNF365,Q70YC5,1,"Centriolar satellite, Centrosome",Vesicles,Approved
ZNF366,Q8N895,1,Nucleoplasm,Plasma membrane,Supported
ZNF367,Q7RTV3,1,Nucleoplasm,,Supported
ZNF37A,P17032,1,Vesicles,,Approved
ZNF382,Q96SR6,1,Nuclear speckles,,Approved
ZNF383,Q8NA42,1,"Nucleoplasm, Nuclear membrane",,Supported
ZNF384,Q8TF68,1,Nucleoplasm,,Approved
ZNF385A,Q96PM9,1,Cytosol,Nucleoplasm,Supported
ZNF385B,Q569K4,1,Nucleoli fibrillar center,,Supported
ZNF385C,Q66K41,1,,,
ZNF385D,Q9H6B1,1,,,
ZNF391,Q9UJN7,1,,,
ZNF394,Q53GI3,1,Nucleoplasm,Cytosol,Enhanced
ZNF395,Q9H8N7,1,Nucleoplasm,Cytosol,Supported
ZNF396,Q96N95,1,,,
ZNF397,Q8NF99,1,"Nucleoli, Plasma membrane, Cytosol",Microtubules,Approved
ZNF398,Q8TD17,1,"Nucleoplasm, Nuclear membrane",,Approved
ZNF404,Q494X3,1,"Nucleoli, Nucleoli rim",Intermediate filaments,Supported
ZNF407,Q9C0G0,1,"Nucleoplasm, Plasma membrane",,Approved
ZNF408,Q9H9D4,1,"Centriolar satellite, Cytosol",,Approved
ZNF41,P51814,1,Nucleoplasm,,Approved
ZNF410,Q86VK4,1,Nuclear bodies,,Approved
ZNF414,Q96IQ9,1,Nucleoplasm,,Approved
ZNF415,Q09FC8,1,"Nucleoli fibrillar center, Microtubules",,Approved
ZNF416,Q9BWM5,1,Cytosol,Nuclear bodies,Approved
ZNF417,Q8TAU3,1,Nucleoplasm,Nucleoli,Approved
ZNF418,Q8TF45,1,Nucleoplasm,,Uncertain
ZNF419,Q96HQ0,1,Nucleoplasm,Nucleoli fibrillar center,Approved
ZNF420,Q8TAQ5,1,Nucleoplasm,,Approved
ZNF423,Q2M1K9,1,Nucleoplasm,,Enhanced
ZNF425,Q6IV72,1,Nucleoplasm,,Supported
ZNF426,Q9BUY5,1,Nucleoplasm,,Approved
ZNF428,Q96B54,1,Mitochondria,Nucleoli,Approved
ZNF429,Q86V71,1,Nucleoplasm,,Approved
ZNF43,P17038,1,,,
ZNF430,Q9H8G1,1,,,
ZNF431,Q8TF32,1,,,
ZNF432,O94892,1,Nucleoplasm,,Enhanced
ZNF433,Q8N7K0,1,Nuclear bodies,,Approved
ZNF436,Q9C0F3,1,"Nucleoplasm, Cytosol",,Supported
ZNF438,Q7Z4V0,1,Nucleoplasm,Cytosol,Supported
ZNF439,Q8NDP4,1,Nucleoplasm,,Uncertain
ZNF44,P15621,1,Nucleoplasm,"Microtubules, Cytosol",Approved
ZNF440,Q8IYI8,1,Nucleoplasm,,Approved
ZNF441,Q8N8Z8,1,Nuclear speckles,,Approved
ZNF442,Q9H7R0,1,Nuclear membrane,Vesicles,Approved
ZNF443,Q9Y2A4,1,Nucleoplasm,Centriolar satellite,Approved
ZNF444,Q8N0Y2,1,Nucleoplasm,Nucleoli,Enhanced
ZNF445,P59923,1,Nucleoplasm,"Mitochondria, Cytosol",Approved
ZNF446,Q9NWS9,1,Nuclear speckles,,Approved
ZNF449,Q6P9G9,1,"Nucleoplasm, Cytosol",,Approved
ZNF45,Q02386,1,Nucleoplasm,,Supported
ZNF451,Q9Y4E5,1,Nucleoplasm,,Approved
ZNF454,Q8N9F8,1,,,
ZNF460,Q14592,1,Nucleoplasm,,Approved
ZNF461,Q8TAF7,1,Golgi apparatus,"Nucleoplasm, Nucleoli",Approved
ZNF462,Q96JM2,1,Nucleoplasm,,Supported
ZNF467,Q7Z7K2,1,Mitochondria,,Approved
ZNF468,Q5VIY5,1,,,
ZNF469,Q96JG9,1,Nucleoplasm,Cell Junctions,Approved
ZNF470,Q6ECI4,1,"Nucleoplasm, Nuclear bodies",,Supported
ZNF471,Q9BX82,1,Nucleoplasm,,Supported
ZNF473,Q8WTR7,1,Nucleoplasm,,Supported
ZNF474,Q6S9Z5,1,Nuclear membrane,Plasma membrane,Approved
ZNF479,Q96JC4,1,,,
ZNF48,Q96MX3,1,Mitochondria,,Approved
ZNF480,Q8WV37,1,Nucleoplasm,Cytosol,Supported
ZNF483,Q8TF39,1,Nucleoli,,Approved
ZNF484,Q5JVG2,1,Nucleoplasm,"Nuclear membrane, Cytosol",Approved
ZNF485,Q8NCK3,1,,,
ZNF486,Q96H40,1,,,
ZNF487,,0,Nuclear membrane,"Nucleoplasm, Cytosol",Approved
ZNF488,Q96MN9,1,"Nucleoplasm, Cytosol",,Supported
ZNF490,Q9ULM2,1,,,
ZNF491,Q8N8L2,1,,,
ZNF492,Q9P255,1,,,
ZNF493,Q6ZR52,1,,,
ZNF496,Q96IT1,1,Nucleoplasm,Cytosol,Approved
ZNF497,Q6ZNH5,1,Nucleoplasm,Cell Junctions,Approved
ZNF500,O60304,1,Nucleoplasm,Cytosol,Enhanced
ZNF501,Q96CX3,1,Endoplasmic reticulum,,Approved
ZNF502,Q8TBZ5,1,,,
ZNF503,Q96F45,1,"Plasma membrane, Cytosol",Nucleoplasm,Approved
ZNF506,Q5JVG8,1,,,
ZNF507,Q8TCN5,1,Nucleoli,Cytosol,Supported
ZNF510,Q9Y2H8,1,Nucleoplasm,"Vesicles, Plasma membrane",Approved
ZNF511,Q8NB15,1,Nuclear bodies,"Nucleoplasm, Vesicles",Approved
ZNF511-PRAP1,,0,Nuclear bodies,"Nucleoplasm, Vesicles",Uncertain
ZNF512,Q96ME7,1,Nucleoplasm,,Approved
ZNF512B,Q96KM6,1,Nucleoplasm,,Enhanced
ZNF513,Q8N8E2,1,,,
ZNF514,Q96K75,1,Nuclear bodies,Nucleoplasm,Approved
ZNF516,Q92618,1,Nucleoplasm,Cytosol,Approved
ZNF517,Q6ZMY9,1,Nucleoplasm,,Supported
ZNF518A,Q6AHZ1,1,Nucleoplasm,,Approved
ZNF518B,Q9C0D4,1,Nucleoplasm,,Approved
ZNF519,Q8TB69,1,Nucleoli,,Approved
ZNF521,Q96K83,1,Nucleoplasm,,Enhanced
ZNF524,Q96C55,1,Nucleoplasm,,Approved
ZNF525,,0,,,
ZNF526,Q8TF50,1,"Nucleoplasm, Golgi apparatus, Vesicles",,Approved
ZNF527,Q8NB42,1,Nuclear speckles,Golgi apparatus,Approved
ZNF528,Q3MIS6,1,Nuclear speckles,Cytosol,Approved
ZNF529,Q6P280,1,Nucleoplasm,,Approved
ZNF530,Q6P9A1,1,Vesicles,,Approved
ZNF532,Q9HCE3,1,Nucleoplasm,Golgi apparatus,Approved
ZNF534,Q76KX8,1,,,
ZNF536,O15090,1,"Nucleoplasm, Cell Junctions",,Approved
ZNF540,Q8NDQ6,1,Nucleoplasm,"Vesicles, Cytosol",Supported
ZNF541,Q9H0D2,1,Nucleoplasm,Cytosol,Approved
ZNF543,Q08ER8,1,Nucleoplasm,,Approved
ZNF544,Q6NX49,1,Nucleoplasm,,Approved
ZNF546,Q86UE3,1,Nucleoplasm,Cytosol,Approved
ZNF547,Q8IVP9,1,,,
ZNF548,Q8NEK5,1,Nucleoplasm,Cytosol,Approved
ZNF549,Q6P9A3,1,Nucleoplasm,Cytosol,Approved
ZNF550,Q7Z398,1,Vesicles,Microtubules,Approved
ZNF551,Q7Z340,1,"Nucleoplasm, Nuclear speckles",,Approved
ZNF552,Q9H707,1,Nucleoplasm,,Uncertain
ZNF554,Q86TJ5,1,Nucleoplasm,Nucleoli,Enhanced
ZNF555,Q8NEP9,1,,,
ZNF556,Q9HAH1,1,Nucleoplasm,,Approved
ZNF557,Q8N988,1,"Nucleoplasm, Intermediate filaments",,Approved
ZNF558,Q96NG5,1,,,
ZNF559,Q9BR84,1,Nucleoplasm,Cytosol,Supported
ZNF559-ZNF177,,0,,,
ZNF560,Q96MR9,1,Nucleoplasm,Nuclear speckles,Enhanced
ZNF561,Q8N587,1,Nucleoplasm,,Approved
ZNF562,Q6V9R5,1,Nucleoplasm,,Approved
ZNF563,Q8TA94,1,Vesicles,,Approved
ZNF564,Q8TBZ8,1,Golgi apparatus,,Approved
ZNF565,Q8N9K5,1,"Nucleoplasm, Nuclear bodies",,Approved
ZNF566,Q969W8,1,Nucleoplasm,,Approved
ZNF567,Q8N184,1,Nucleoplasm,Cytosol,Approved
ZNF568,Q3ZCX4,1,Nucleoplasm,,Approved
ZNF569,Q5MCW4,1,"Nucleoplasm, Golgi apparatus, Vesicles",,Approved
ZNF57,Q68EA5,1,Nucleoli,,Approved
ZNF570,Q96NI8,1,Nucleoplasm,,Approved
ZNF571,Q7Z3V5,1,"Nucleoplasm, Nucleoli",Plasma membrane,Approved
ZNF572,Q7Z3I7,1,Nuclear speckles,,Approved
ZNF573,Q86YE8,1,Intermediate filaments,Cytosol,Approved
ZNF574,Q6ZN55,1,Nucleoplasm,Vesicles,Approved
ZNF575,Q86XF7,1,Nucleoplasm,"Nucleoli fibrillar center, Cytosol",Approved
ZNF576,Q9H609,1,"Nucleoplasm, Golgi apparatus",,Approved
ZNF577,Q9BSK1,1,"Nucleoplasm, Nucleoli",,Supported
ZNF578,Q96N58,1,,,
ZNF579,Q8NAF0,1,Nucleoplasm,,Approved
ZNF580,Q9UK33,1,Nucleoplasm,,Approved
ZNF581,Q9P0T4,1,"Nucleoplasm, Vesicles",Cytosol,Approved
ZNF582,Q96NG8,1,Cytosol,Nucleoplasm,Approved
ZNF583,Q96ND8,1,Nucleoli,Cytosol,Approved
ZNF584,Q8IVC4,1,Nuclear speckles,,Approved
ZNF585A,Q6P3V2,1,,,
ZNF585B,Q52M93,1,"Nucleoplasm, Cytoplasmic bodies",,Approved
ZNF586,Q9NXT0,1,Nucleoli fibrillar center,Vesicles,Approved
ZNF587,Q96SQ5,1,Nucleoplasm,Nucleoli,Approved
ZNF587B,E7ETH6,1,Nucleoplasm,,Uncertain
ZNF589,Q86UQ0,1,Nucleoplasm,,Supported
ZNF592,Q92610,1,Nucleoplasm,,Approved
ZNF593,O00488,1,Nucleoli,Nucleoplasm,Enhanced
ZNF594,Q96JF6,1,Nucleoplasm,,Enhanced
ZNF595,Q8IYB9,1,,,
ZNF596,Q8TC21,1,"Nucleoli, Mitochondria",,Approved
ZNF597,Q96LX8,1,"Nucleoplasm, Nucleoli",,Approved
ZNF598,,0,"Plasma membrane, Cytosol",,Approved
ZNF599,Q96NL3,1,,,
ZNF600,Q6ZNG1,1,,,
ZNF605,Q86T29,1,Nucleoplasm,Vesicles,Approved
ZNF606,Q8WXB4,1,Nucleoplasm,,Supported
ZNF607,Q96SK3,1,Nucleoplasm,,Approved
ZNF608,Q9ULD9,1,Nucleoplasm,Mitochondria,Approved
ZNF609,O15014,1,Nucleoplasm,Cytosol,Enhanced
ZNF610,Q8N9Z0,1,Nucleoplasm,,Approved
ZNF611,Q8N823,1,,,
ZNF613,Q6PF04,1,Nucleoplasm,Vesicles,Approved
ZNF614,Q8N883,1,Nucleoplasm,"Vesicles, Cytosol",Approved
ZNF615,Q8N8J6,1,Mitochondria,Nucleoli,Approved
ZNF616,Q08AN1,1,Centrosome,,Approved
ZNF618,Q5T7W0,1,Nucleoplasm,,Approved
ZNF619,Q8N2I2,1,Nucleoplasm,Intermediate filaments,Approved
ZNF620,Q6ZNG0,1,Centrosome,,Approved
ZNF621,Q6ZSS3,1,Nuclear speckles,,Enhanced
ZNF622,Q969S3,1,Cytosol,"Nucleoplasm, Nucleoli, Golgi apparatus",Supported
ZNF623,O75123,1,Nucleoplasm,,Approved
ZNF624,Q9P2J8,1,Vesicles,,Approved
ZNF625,Q96I27,1,Mitochondria,Nucleoplasm,Approved
ZNF626,Q68DY1,1,"Nuclear membrane, Vesicles",Nucleoplasm,Approved
ZNF627,Q7L945,1,Nucleoplasm,Nucleoli,Approved
ZNF628,Q5EBL2,1,Nucleoplasm,,Approved
ZNF629,Q9UEG4,1,Nucleoplasm,Golgi apparatus,Supported
ZNF630,Q2M218,1,Nucleoplasm,Cytosol,Approved
ZNF638,Q14966,1,Nucleoplasm,Vesicles,Enhanced
ZNF639,Q9UID6,1,Nucleoplasm,,Supported
ZNF641,Q96N77,1,Nucleoplasm,,Supported
ZNF644,Q9H582,1,Vesicles,,Uncertain
ZNF646,O15015,1,"Nucleoplasm, Plasma membrane, Cytosol",,Approved
ZNF648,Q5T619,1,,,
ZNF649,Q9BS31,1,,,
ZNF652,Q9Y2D9,1,Nucleoplasm,,Approved
ZNF653,Q96CK0,1,Nucleoplasm,,Supported
ZNF654,,0,Microtubules,"Nucleoplasm, Cytokinetic bridge, Mitotic spindle",Approved
ZNF655,Q8N720,1,Nucleoplasm,Plasma membrane,Supported
ZNF658,Q5TYW1,1,Nucleoplasm,,Approved
ZNF66,Q6ZN08,1,,,
ZNF660,Q6AZW8,1,"Nucleoli fibrillar center, Cytosol",,Uncertain
ZNF662,Q6ZS27,1,"Nuclear bodies, Cytosol",,Approved
ZNF664,Q8N3J9,1,Nucleoplasm,,Approved
ZNF665,Q9H7R5,1,Nuclear membrane,,Approved
ZNF667,Q5HYK9,1,Nucleoplasm,,Approved
ZNF668,Q96K58,1,"Nucleoli, Nucleoli rim",Nucleoplasm,Approved
ZNF669,Q96BR6,1,,,
ZNF670,Q9BS34,1,Nucleoplasm,Cytosol,Approved
ZNF671,Q8TAW3,1,Nucleoplasm,,Supported
ZNF672,Q499Z4,1,Nucleoplasm,,Enhanced
ZNF674,Q2M3X9,1,Nucleoplasm,,Approved
ZNF675,Q8TD23,1,,,
ZNF676,Q8N7Q3,1,,,
ZNF677,Q86XU0,1,Nucleoplasm,Centrosome,Approved
ZNF678,Q5SXM1,1,Nucleoli,"Nucleoplasm, Cytosol",Approved
ZNF679,Q8IYX0,1,,,
ZNF680,Q8NEM1,1,Nucleoplasm,,Approved
ZNF681,Q96N22,1,,,
ZNF682,O95780,1,Golgi apparatus,,Uncertain
ZNF683,Q8IZ20,1,,,
ZNF684,Q5T5D7,1,Cytosol,Nucleoplasm,Approved
ZNF687,Q8N1G0,1,Nucleoplasm,,Enhanced
ZNF688,P0C7X2,1,Nucleoplasm,"Plasma membrane, Cell Junctions",Approved
ZNF689,Q96CS4,1,"Nucleoplasm, Nucleoli fibrillar center",,Approved
ZNF69,Q9UC07,1,Nucleoplasm,,Uncertain
ZNF691,Q5VV52,1,Nucleoplasm,"Nucleoli, Vesicles",Approved
ZNF692,Q9BU19,1,"Nucleoplasm, Nucleoli",,Enhanced
ZNF695,Q8IW36,1,Nuclear speckles,,Approved
ZNF696,Q9H7X3,1,Nucleoplasm,Nucleoli,Approved
ZNF697,Q5TEC3,1,Nucleoplasm,,Approved
ZNF699,Q32M78,1,,,
ZNF7,P17097,1,Mitochondria,,Approved
ZNF70,Q9UC06,1,Cytosol,,Approved
ZNF700,Q9H0M5,1,Nucleoplasm,,Uncertain
ZNF701,Q9NV72,1,Nucleoplasm,Centriolar satellite,Approved
ZNF703,Q9H7S9,1,,,
ZNF704,Q6ZNC4,1,Nucleoplasm,,Approved
ZNF705A,Q6ZN79,1,,,
ZNF705B,P0CI00,1,,,
ZNF705D,P0CH99,1,,,
ZNF705E,A8MWA4,1,,,
ZNF705G,A8MUZ8,1,,,
ZNF706,Q9Y5V0,1,Plasma membrane,,Approved
ZNF707,Q96C28,1,Nucleoplasm,,Approved
ZNF708,P17019,1,,,
ZNF709,Q8N972,1,Nucleoplasm,,Approved
ZNF71,Q9NQZ8,1,Nucleoli,Nucleoplasm,Approved
ZNF710,Q8N1W2,1,Mitochondria,Nucleoplasm,Approved
ZNF711,Q9Y462,1,Nucleoplasm,,Approved
ZNF713,Q8N859,1,Nucleoli,,Approved
ZNF714,,0,,,
ZNF716,A6NP11,1,,,
ZNF717,,0,"Nucleoplasm, Nuclear bodies",Plasma membrane,Approved
ZNF718,Q3SXZ3,1,,,
ZNF720,Q7Z2F6,1,Cytosol,"Nucleoplasm, Plasma membrane",Approved
ZNF721,Q8TF20,1,Cytosol,Centriolar satellite,Approved
ZNF722P,,0,,,
ZNF723,P0DPD5,1,,,
ZNF724,A8MTY0,1,,,
ZNF726,A6NNF4,1,,,
ZNF727,A8MUV8,1,Nucleoplasm,,Uncertain
ZNF728,P0DKX0,1,,,
ZNF729,A6NN14,1,,,
ZNF730,Q6ZMV8,1,,,
ZNF732,B4DXR9,1,,,
ZNF735,P0CB33,1,,,
ZNF736,B4DX44,1,Nucleoplasm,,Uncertain
ZNF737,O75373,1,,,
ZNF738,Q8NE65,1,,,
ZNF74,Q16587,1,Nucleoplasm,Actin filaments,Supported
ZNF740,Q8NDX6,1,Nucleoplasm,,Approved
ZNF746,Q6NUN9,1,"Nucleoplasm, Cytosol",,Supported
ZNF747,Q9BV97,1,"Centrosome, Cytosol",,Approved
ZNF749,O43361,1,"Nucleoplasm, Nuclear membrane",,Approved
ZNF750,Q32MQ0,1,,,
ZNF75A,Q96N20,1,Nucleoplasm,Nucleoli fibrillar center,Approved
ZNF75D,P51815,1,"Nucleoplasm, Golgi apparatus",,Approved
ZNF76,P36508,1,Nucleoplasm,Cytosol,Approved
ZNF761,Q86XN6,1,,,
ZNF763,Q0D2J5,1,Nucleoplasm,,Uncertain
ZNF764,Q96H86,1,Cytosol,,Approved
ZNF765,Q7L2R6,1,,,
ZNF766,Q5HY98,1,Centrosome,,Supported
ZNF768,Q9H5H4,1,Nucleoplasm,Vesicles,Approved
ZNF77,Q15935,1,"Nucleoplasm, Nucleoli",,Approved
ZNF770,Q6IQ21,1,,,
ZNF771,Q7L3S4,1,"Nucleoplasm, Nucleoli",,Enhanced
ZNF772,Q68DY9,1,Cytosol,,Approved
ZNF773,Q6PK81,1,Nucleoplasm,Nucleoli fibrillar center,Approved
ZNF774,Q6NX45,1,Intermediate filaments,Cytosol,Supported
ZNF775,Q96BV0,1,,,
ZNF776,Q68DI1,1,Nucleoplasm,Cytosol,Approved
ZNF777,Q9ULD5,1,Nucleoplasm,,Approved
ZNF778,Q96MU6,1,Nuclear bodies,Nucleoplasm,Supported
ZNF780A,O75290,1,Nucleoplasm,Centrosome,Approved
ZNF780B,Q9Y6R6,1,Nucleoplasm,Centrosome,Approved
ZNF781,Q8N8C0,1,Nucleoplasm,,Approved
ZNF782,Q6ZMW2,1,"Nucleoplasm, Mitochondria",,Approved
ZNF783,Q6ZMS7,1,"Plasma membrane, Cytosol",,Approved
ZNF784,Q8NCA9,1,Nucleoplasm,,Approved
ZNF785,A8K8V0,1,Cytosol,,Approved
ZNF786,Q8N393,1,"Nucleoplasm, Nuclear speckles",Nuclear bodies,Approved
ZNF787,Q6DD87,1,Nucleoplasm,"Nucleoli, Mitochondria",Approved
ZNF789,Q5FWF6,1,Nucleoplasm,,Enhanced
ZNF79,Q15937,1,Cytosol,"Nucleoplasm, Plasma membrane",Approved
ZNF790,Q6PG37,1,Nucleoli,,Approved
ZNF791,Q3KP31,1,Nucleoplasm,,Approved
ZNF792,Q3KQV3,1,"Nucleoplasm, Nuclear bodies",,Approved
ZNF793,Q6ZN11,1,Nucleoplasm,"Nucleoli, Cytosol",Approved
ZNF799,Q96GE5,1,Nucleoplasm,Centriolar satellite,Approved
ZNF8,P17098,1,"Nucleoplasm, Nuclear bodies",,Approved
ZNF80,P51504,1,,,
ZNF800,Q2TB10,1,"Nucleoli, Nucleoli rim",Cytosol,Supported
ZNF804A,Q7Z570,1,Endoplasmic reticulum,,Approved
ZNF804B,A4D1E1,1,,,
ZNF805,Q5CZA5,1,Nucleoplasm,,Approved
ZNF808,Q8N4W9,1,,,
ZNF81,P51508,1,,,
ZNF813,Q6ZN06,1,Vesicles,,Approved
ZNF814,B7Z6K7,1,Nucleoplasm,,Uncertain
ZNF816,Q0VGE8,1,Nucleoli rim,,Approved
ZNF816-ZNF321P,,0,Nucleoplasm,,Uncertain
ZNF821,O75541,1,"Nucleoplasm, Nuclear speckles",,Supported
ZNF823,P16415,1,,,
ZNF827,Q17R98,1,Nucleoplasm,,Approved
ZNF829,Q3KNS6,1,Nucleoplasm,Nuclear bodies,Approved
ZNF83,P51522,1,Nucleoplasm,,Approved
ZNF830,Q96NB3,1,Nucleoplasm,,Enhanced
ZNF831,Q5JPB2,1,,,
ZNF835,Q9Y2P0,1,Microtubules,,Approved
ZNF836,Q6ZNA1,1,,,
ZNF837,Q96EG3,1,Nucleoli,,Approved
ZNF839,A8K0R7,1,Plasma membrane,Nucleoplasm,Approved
ZNF84,P51523,1,Nucleoplasm,,Approved
ZNF841,Q6ZN19,1,,,
ZNF843,Q8N446,1,Nucleoplasm,Nuclear speckles,Approved
ZNF844,Q08AG5,1,,,
ZNF845,Q96IR2,1,,,
ZNF846,Q147U1,1,Actin filaments,,Approved
ZNF85,Q03923,1,Nucleoplasm,,Supported
ZNF850,A8MQ14,1,Nucleoplasm,,Approved
ZNF852,Q6ZMS4,1,Cytosol,,Approved
ZNF853,P0CG23,1,Nucleoli,,Approved
ZNF860,A6NHJ4,1,"Nucleoli, Nucleoli rim",Nucleoplasm,Approved
ZNF862,O60290,1,Mitochondria,,Approved
ZNF865,P0CJ78,1,Nucleoli,Nucleoplasm,Approved
ZNF875,P10072,1,"Nucleoplasm, Mitochondria",,Approved
ZNF878,C9JN71,1,Nucleoplasm,Nucleoli,Approved
ZNF879,B4DU55,1,Nucleoplasm,,Approved
ZNF880,Q6PDB4,1,Nucleoli fibrillar center,"Nucleoplasm, Intermediate filaments",Approved
ZNF883,P0CG24,1,,,
ZNF888,P0CJ79,1,,,
ZNF891,A8MT65,1,Nucleoplasm,Vesicles,Approved
ZNF90,Q03938,1,Nucleoplasm,Golgi apparatus,Approved
ZNF91,Q05481,1,,,
ZNF92,Q03936,1,Nucleoplasm,,Approved
ZNF93,P35789,1,,,
ZNF98,A6NK75,1,,,
ZNF99,A8MXY4,1,,,
ZNFX1,Q9P2E3,1,Mitochondria,,Approved
ZNHIT1,O43257,1,Nucleoplasm,,Approved
ZNHIT2,Q9UHR6,1,,,
ZNHIT3,Q15649,1,Mitochondria,,Approved
ZNHIT6,Q9NWK9,1,"Nuclear speckles, Vesicles",,Approved
ZNRD2,O60232,1,Cytosol,,Approved
ZNRF1,Q8ND25,1,,,
ZNRF2,Q8NHG8,1,"Nucleoplasm, Vesicles",Nucleoli fibrillar center,Uncertain
ZNRF3,Q9ULT6,1,Golgi apparatus,,Uncertain
ZNRF4,Q8WWF5,1,,,
ZP1,P60852,1,,,
ZP2,Q05996,1,,,
ZP3,P21754,1,,,
ZP4,Q12836,1,,,
ZPBP,Q9BS86,1,,,
ZPBP2,Q6X784,1,,,
ZPLD1,Q8TCW7,1,Nucleoplasm,,Approved
ZPR1,O75312,1,Vesicles,,Approved
ZRANB1,Q9UGI0,1,Nucleoplasm,Cytosol,Supported
ZRANB2,O95218,1,Nucleoplasm,,Enhanced
ZRANB3,Q5FWF4,1,Nucleoplasm,,Supported
ZRSR2,Q15696,1,,,
ZSCAN1,Q8NBB4,1,Nucleoli,,Uncertain
ZSCAN10,Q96SZ4,1,Nucleoplasm,Centrosome,Approved
ZSCAN12,O43309,1,Nucleoplasm,"Nuclear bodies, Cytosol",Approved
ZSCAN16,Q9H4T2,1,Nucleoplasm,,Approved
ZSCAN18,Q8TBC5,1,Nucleoplasm,,Approved
ZSCAN2,Q7Z7L9,1,Nucleoplasm,Cytosol,Approved
ZSCAN20,P17040,1,Nucleoplasm,,Approved
ZSCAN21,Q9Y5A6,1,Endoplasmic reticulum,,Approved
ZSCAN22,P10073,1,"Plasma membrane, Cytosol",Actin filaments,Uncertain
ZSCAN23,Q3MJ62,1,,,
ZSCAN25,Q6NSZ9,1,Nucleoli fibrillar center,Nucleoplasm,Approved
ZSCAN26,Q16670,1,"Nucleoplasm, Nucleoli",,Enhanced
ZSCAN29,Q8IWY8,1,Nucleoplasm,"Plasma membrane, Actin filaments",Approved
ZSCAN30,Q86W11,1,Nucleoplasm,Cytosol,Approved
ZSCAN31,Q96LW9,1,Nucleoplasm,Cytosol,Approved
ZSCAN32,Q9NX65,1,Nucleoplasm,Cytosol,Approved
ZSCAN4,Q8NAM6,1,,,
ZSCAN5A,Q9BUG6,1,Nuclear speckles,,Uncertain
ZSCAN5B,A6NJL1,1,Nuclear speckles,,Uncertain
ZSCAN5C,A6NGD5,1,Nuclear speckles,,Uncertain
ZSCAN9,O15535,1,Nucleoplasm,Cytosol,Approved
ZSWIM1,Q9BR11,1,"Plasma membrane, Cytosol",,Approved
ZSWIM2,Q8NEG5,1,,,
ZSWIM3,Q96MP5,1,Vesicles,"Nucleoli fibrillar center, Cytosol",Approved
ZSWIM4,Q9H7M6,1,,,
ZSWIM5,Q9P217,1,Nuclear speckles,,Approved
ZSWIM6,Q9HCJ5,1,Cytosol,,Approved
ZSWIM7,Q19AV6,1,Cytosol,,Uncertain
ZSWIM8,A7E2V4,1,"Plasma membrane, Cytosol",,Approved
ZSWIM9,Q86XI8,1,Nucleoplasm,,Approved
ZUP1,Q96AP4,1,Nucleoplasm,Cytosol,Supported
ZW10,O43264,1,"Endoplasmic reticulum, Cytosol",,Supported
ZWILCH,Q9H900,1,,,
ZWINT,O95229,1,"Nucleoplasm, Nuclear bodies",Cytosol,Enhanced
ZXDA,P98168,1,Nucleoplasm,,Approved
ZXDB,P98169,1,Nucleoplasm,,Approved
ZXDC,Q2QGD7,1,Nucleoli,,Approved
ZYG11A,Q6WRX3,1,Nucleoplasm,,Approved
ZYG11B,Q9C0D3,1,"Golgi apparatus, Intermediate filaments",,Approved
ZYX,Q15942,1,Focal adhesion sites,"Plasma membrane, Actin filaments",Supported
ZZEF1,O43149,1,Nucleoplasm,Mitochondria,Approved
ZZZ3,Q8IYH5,1,"Nucleoplasm, Nucleoli, Nucleoli rim",,Enhanced
